Symbol,Name,Industry,Latest,%Change,"1M #Hi",Trend,Opinion,"Wtd Alpha","52W %Chg","100D MA","50D MA","150D MA","20D MA","14D RSI","1Y vs IDX","YTD vs IDX","200D Avg Vol",Direction,Strength,"14D Stoch %K","50D RelVol","BB Lower","BB Upper",BB%
SYRE,"Spyre Therapeutics Inc","Medical - Biomedical",94.93,-3.46%,6,Buy,"88% Buy",+390.31,+483.83%,74.16,88.12,61.25,98.46,49.58,461.99,178.74,1026371,Weakening,Maximum,46.27%,0.66,93.02,103.9,18%
STX,"Seagate Technology Holdings","Computer - Integrated Systems",831.06,-2.93%,2,Sell,"40% Buy",+380.14,+436.83%,726.93,891.97,607.47,841.18,47.85,414.99,190.75,4373552,Weakest,Average,62.02%,1.11,739.94,942.42,45%
RLAY,"Relay Therapeutics Inc","Medical - Drugs",18.78,-0.27%,3,Buy,"88% Buy",+376.99,+458.93%,14.9,17.12,12.79,19.22,52.6,437.09,110.96,2999165,Average,Maximum,48.88%,0.41,18.02,20.42,32%
DNTH,"Dianthus Therapeutics Inc","Medical - Biomedical",106.02,-0.84%,8,Buy,"100% Buy",+340.88,+414.91%,89.41,93.01,76.25,102.31,56.92,393.07,146.24,892694,Strengthening,Strong,76.63%,0.73,94.06,110.55,73%
TWST,"Twist Bioscience Corp","Medical - Biomedical",101.06,+10.39%,1,Buy,"100% Buy",+295.09,+200.06%,68.45,84.46,60.2,91.5,62.46,178.22,207.57,1515142,Strongest,Maximum,70.69%,1.62,84.78,98.22,121%
HUT,"Hut 8 Corp","Finance - Misc Services",112.08,+4.13%,4,Sell,"72% Buy",+259.66,+466.63%,91.29,111.77,79.14,103.22,53.77,444.79,132.94,5608899,Strengthening,Good,70.19%,0.81,88.66,117.79,80%
STTK,"Shattuck Labs Inc","Medical - Biomedical",7.29,+3.11%,3,Buy,"88% Buy",+215.79,+895.90%,6.39,6.08,5.67,6.98,57.11,874.06,88.7,731964,Strengthening,Good,64.63%,0.69,6.37,7.59,75%
NBTX,"Nanobiotix S.A. ADR","Medical - Biomedical",38.89,+1.32%,1,Buy,"88% Buy",+210.49,+471.91%,36.75,37.91,32.69,39.04,50.69,450.07,57.18,70757,Average,Average,57.52%,1.57,36.5,41.57,47%
ANRO,"Alto Neuroscience Inc","Medical - Biomedical",27.27,+0.74%,5,Buy,"100% Buy",+199.91,+794.10%,23.78,24.14,21.71,27.16,54.04,772.26,42.17,481363,Strongest,Strong,62.86%,0.77,25.71,28.61,54%
BUUU,"BuUU Group Limited Class A Ordinary Share","Internet - Software",21.9,-2.97%,6,Buy,"100% Buy",+197.41,N/A,17.87,19.68,15.38,21.05,52.58,N/A,230.09,41408,Weakening,Strong,50.37%,2.32,17.57,24.53,62%
GLBS,"Globus Maritime Limi","Transportation - Ship",3.22,+12.20%,2,Buy,"100% Buy",+192.70,+209.62%,2.33,2.65,2.14,2.88,61.33,187.78,72.97,124952,Strongest,Maximum,64.85%,2.08,2.61,3.15,113%
RVMD,"Revolution Medicines Inc","Medical - Biomedical",182.45,-2.71%,3,Buy,"88% Buy",+191.16,+398.09%,147.83,172.25,132.13,185.83,50.84,376.25,118.03,2951713,Weakening,Strong,61.33%,0.66,178.51,193.16,27%
SLGL,"Sol-Gel Technologies Ltd","Medical - Generic Drugs",81.99,-0.32%,7,Buy,"100% Buy",+187.36,+530.69%,75.53,76.33,72.99,80.14,53.89,508.85,83.54,31432,Strengthening,Average,48.47%,2.08,72.03,88.25,61%
TER,"Teradyne Inc","Electronics Products - Misc",365.8,-0.51%,1,Sell,"40% Buy",+172.73,+251.19%,360.15,380.87,328.88,348.64,50.72,229.35,77.96,3724873,Weakest,Soft,76.77%,0.6,312.4,384.89,74%
VSAT,"Viasat Inc","Wireless Equipment",81.29,+5.67%,1,Buy,"100% Buy",+171.16,+390.29%,65.33,72.35,58.01,73.16,59.92,368.45,124.87,2076144,Strengthening,Strong,88.70%,1.23,66.73,79.59,113%
HPE,"Hewlett Packard Enterprise","Computer - Integrated Systems",50.24,+4.89%,5,Buy,"100% Buy",+168.86,+153.61%,36.47,46.29,31.7,46.96,59.53,131.77,98.13,24186609,"Top 1%",Strong,72.00%,0.6,43.33,50.59,95%
EVC,"Entravision Communications Corp","Broadcast - Radio & TV",11.04,-1.60%,1,Hold,"80% Buy",+166.39,+397.30%,7.47,10.58,6,11.14,50.99,375.46,265.76,1244831,Weakening,Strong,69.02%,0.67,10.21,12.08,44%
NGL,"Ngl Energy Partners LP","Oil Refining & Marketing MLP",16,-2.38%,10,Hold,"80% Buy",+159.40,+289.29%,15,15.95,13.69,15.55,53.32,267.45,48.97,316732,Weakening,Average,88.18%,0.9,14.67,16.43,75%
SEPN,"Septerna Inc","Medical - Biomedical",34.98,+1.54%,3,Hold,"96% Buy",+156.22,+186.49%,29.15,33.44,28.42,34.31,54.23,164.65,14.44,338353,Strongest,Strong,80.95%,0.49,31.49,37.13,62%
ATI,"Ati Inc","Aerospace - Defense Equipment",193.12,+3.03%,6,Hold,"96% Buy",+151.98,+151.72%,170.53,187.73,158.8,188.97,53.64,129.88,57.25,1763030,Strongest,Strong,43.06%,0.58,177.65,200.29,68%
INNV,"Innovage Holding Corp","Medical Services",11.23,-1.14%,2,Buy,"88% Buy",+144.90,+258.79%,8.97,9.96,8.34,11.54,51.87,236.95,105.35,277472,Weakening,Strong,27.78%,0.94,11.09,11.98,16%
DHC,"Diversified Healthcare Trust","REIT - Equity Trust Other",8.81,-1.01%,3,Buy,"72% Buy",+143.96,+169.42%,8.22,8.96,7.49,9.09,43.86,147.58,70.62,1575031,Weakest,Strong,18.21%,1.33,8.64,9.55,19%
TVTX,"Travere Therapeutics Inc","Medical - Biomedical",54.98,-1.63%,4,Hold,"80% Buy",+141.96,+251.76%,44.67,53.31,40.2,56.6,47.69,229.92,32.86,2041121,Weakening,Strong,43.57%,1.03,54.74,58.46,7%
ATRO,"Astronics Corp","Aerospace - Defense Equipment",71.12,+2.35%,3,Sell,"56% Buy",+141.45,+149.11%,66.86,73.17,64.75,69.78,50.36,127.27,46.32,760559,Weakening,Average,56.76%,0.63,65.62,73.94,66%
FIX,"Comfort Systems USA","Building Prdcts - Air Heating",1770.96,+2.39%,2,Sell,"40% Buy",+138.09,+154.70%,1732.5,1816.37,1557.1,1721.05,51.04,132.86,78.72,500042,Weakening,Soft,62.15%,0.76,1588.89,1853.22,69%
ACRS,"Aclaris Therapts","Medical - Drugs",5.53,+6.35%,4,Buy,"100% Buy",+136.45,+261.44%,4.56,4.99,4.13,5.47,55.81,239.6,72.69,1766496,Strengthening,Maximum,39.08%,1.12,5.14,5.81,59%
HYMC,"Hycroft Mining Holding Corp","Mining - Misc",20.62,+5.58%,1,Sell,"72% Sell",+134.71,+494.24%,30.98,24.49,33.49,20.41,45.55,472.4,-24.28,3110075,Weakening,Soft,47.23%,0.61,18.41,22.4,55%
SION,"Sionna Therapeutics Inc","Medical - Biomedical",49.26,+4.52%,6,Buy,"100% Buy",+132.33,+191.13%,40.72,41.86,40.12,45.62,61.71,169.29,8.71,370240,"Top 1%",Good,61.12%,1.06,42.29,48.95,105%
TRVI,"Trevi Therapeutics Inc","Medical - Biomedical",17.9,-1.92%,3,Buy,"88% Buy",+132.19,+144.20%,14.82,16.5,13.66,17.98,52.02,122.36,31.94,1772453,Weakening,Maximum,46.78%,0.57,16.58,19.38,47%
RZLT,"Rezolute Inc","Medical - Biomedical",4.91,+4.03%,4,Buy,"72% Buy",+131.74,-16.35%,3.84,4.53,3.57,4.85,52.93,-38.19,97.02,3555433,Strengthening,Weak,55.51%,0.74,4.41,5.29,57%
GHRS,"Gh Research Plc","Medical - Biomedical",28.19,+0.43%,4,Buy,"100% Buy",+128.79,+105.17%,21.4,25.05,19.42,27.6,58.25,83.33,110.94,304960,Strengthening,Maximum,48.84%,0.88,25.85,29.35,67%
TYRA,"Tyra Biosciences Inc","Medical - Biomedical",32.04,+0.50%,7,Buy,"24% Buy",+127.68,+208.97%,33.33,30.6,32.38,31.84,53.43,187.13,10.84,787521,Weakest,Minimum,65.34%,0.61,30.22,33.47,56%
ESTA,"Establishment Labs Holdings Inc","Medical Services",92.8,+0.28%,5,Buy,"100% Buy",+124.70,+124.48%,74.7,84.72,73.41,91.35,59.38,102.64,16.3,541308,Strengthening,Strong,65.91%,1.38,86.74,95.95,66%
LXRX,"Lexicon Pharmaceutcl","Medical - Biomedical",2.33,+0.87%,2,Buy,"100% Buy",+123.12,+117.76%,1.98,2.18,1.78,2.28,54.36,95.92,91.58,2680842,Average,Strong,75.44%,0.62,2.14,2.42,67%
NVRI,"Enviri Corporation","Waste Removal Svcs",23.15,+4.37%,4,Buy,"100% Buy",+123.11,+169.19%,20.32,21.54,19.74,22.55,59.35,147.35,18.16,1404319,Strongest,Strong,49.19%,0.27,21.73,23.37,87%
TWIN,"Twin Disc Inc","Machinery - General Industrial",23.14,+1.45%,5,Buy,"100% Buy",+120.68,+161.17%,18.84,21.09,18.37,22.67,56.94,139.33,27.7,67120,Strongest,Strong,44.50%,0.55,21.6,23.73,72%
XMAX,"Xmax Inc",Furniture,8.78,+1.86%,1,Sell,"88% Buy",+120.07,+273.62%,7.98,8.55,7.33,8.58,56.29,251.78,35.3,1031328,Average,Average,69.35%,0.44,8.33,8.83,90%
MOV,"Movado Group Inc","Retail - Jewelry",38.94,+1.99%,6,Hold,"96% Buy",+120.02,+157.88%,31.66,37.25,28.9,37.95,57.73,136.04,77.82,174135,Strongest,Strong,70.81%,0.93,36.28,39.63,79%
CGON,"Cg Oncology Inc","Medical - Biomedical",69.15,-2.87%,3,Buy,"72% Buy",+119.92,+162.83%,66.69,66.11,62.05,71.32,48.57,140.99,55.52,1087761,Weakest,Average,52.19%,0.58,67.78,74.87,19%
IMVT,"Immunovant Inc","Medical - Biomedical",38.51,-0.28%,3,Buy,"88% Buy",+119.21,+145.13%,31.6,36.62,29.84,39.46,50.68,123.29,40.46,1629394,Weakening,Strong,39.06%,0.48,38.09,40.83,15%
TIGO,"Millicom International Cellular S.A.","Wireless Non-US",94.3,-1.24%,6,Buy,"88% Buy",+118.73,+133.71%,85.2,91.06,77.58,95.79,50.71,111.87,59.06,1347433,Weakening,Strong,41.26%,0.98,92.64,98.94,26%
ELVN,"Enliven Therapeutics Inc","Medical - Drugs",58.04,+5.89%,9,Buy,"100% Buy",+113.09,+209.88%,43.17,46.85,37.26,52.78,70.18,188.04,265.85,1107616,"Top 1%",Maximum,79.29%,1.88,49.4,56.17,128%
GTX,"Garrett Motion Inc","Auto - Truck Original Parts",30.6,-1.77%,1,Sell,"40% Buy",+112.51,+137.39%,27.18,32.61,24.4,31.41,44.9,115.55,64.53,2702984,Weakest,Good,57.00%,0.76,29.68,33.14,27%
ACHV,"Achieve Life Sciences Inc","Medical - Drugs",6.32,-1.56%,1,Buy,"100% Buy",+111.84,+147.84%,4.94,5.77,4.86,6.26,55.7,126,16.13,1304107,Strengthening,Strong,67.05%,0.48,5.98,6.53,62%
NBR,"Nabors Industries","Oil & Gas - Drilling",84.24,-1.67%,8,Sell,"8% Buy",+111.53,+166.08%,88.8,88.11,81.9,82.16,50.98,144.24,44.11,351849,Weakest,Weak,69.59%,0.94,77.03,87.28,70%
OSCR,"Oscar Health Inc Cl A","Insurance - Multi Line",30.74,-1.54%,1,Hold,"96% Buy",+109.60,+126.36%,22.23,28.1,19.69,30.27,55.22,104.52,102.89,8801831,Average,Maximum,75.05%,0.56,28.15,32.39,61%
LCUT,"Lifetime Brands Inc","Consumer Prdts - Misc Discr",8.53,+1.91%,5,Hold,"64% Buy",+106.45,+99.77%,7.42,8.62,6.14,8.45,50.92,77.93,104.92,148973,Average,Strong,29.84%,0.56,7.88,9.01,57%
WHWK,"Whitehawk Therapeutics Inc","Medical - Biomedical",3.96,+2.86%,2,Sell,"24% Buy",+105.85,+127.59%,4.03,4.14,3.66,3.86,51.01,105.75,52.61,779956,Weakest,Weak,73.75%,0.68,3.63,4.09,72%
PRAX,"Praxis Precision Medicines Inc","Medical - Biomedical",305.51,-0.75%,5,Hold,Hold,+105.20,+464.82%,313.62,306.86,312.79,315.21,47.67,442.98,-7.38,665246,Falling,,45.27%,0.62,292.95,337.46,28%
MOG.A,"Moog Inc Cl A","Aerospace - Defense Equipment",395.88,+1.55%,2,Buy,"88% Buy",+105.06,+106.93%,349.65,393.14,334.19,401.99,48.32,85.09,51.52,269166,Strengthening,Strong,58.79%,1.09,381.58,422.4,35%
DYN,"Dyne Therapeutics Inc","Medical - Drugs",25.24,+0.24%,7,Buy,"100% Buy",+104.98,+151.14%,19.77,21.23,18.9,24.24,61.97,129.3,18.01,2342332,Strengthening,Strong,82.40%,0.93,22.47,26.02,78%
BHE,"Benchmark Electronics","Electronic Manufacturing",80.96,+1.49%,1,Sell,"40% Buy",+104.88,+114.69%,76.64,85.79,68.59,80.99,47.62,92.85,78.31,385964,Weakening,Average,60.97%,0.71,75.39,86.59,50%
TDAY,"USA Today CO Inc","Media Conglomerates",8.99,+3.45%,4,Buy,"100% Buy",+104.32,+123.63%,7.64,8.23,7.07,8.56,63.75,101.79,63.53,1752308,Strongest,Maximum,74.28%,1.58,8.24,8.88,117%
HYLN,"Hyliion Hldg Corp Cl A","Auto - Truck Original Parts",3.77,+5.90%,1,Sell,"40% Buy",+104.14,+169.29%,3.76,5.31,3.19,3.83,44.19,147.45,93.86,2321567,Weakening,Soft,33.62%,0.32,3.34,4.32,44%
SILC,"Silicom Ltd","Computer - Networks",41.21,+3.46%,2,Sell,"40% Buy",+103.67,+133.75%,36.14,42.84,30.02,41.5,49.65,111.91,169.31,89590,Weakening,Average,41.71%,0.64,36.03,46.96,47%
LION,"Lionsgate Studios Corp","Media Conglomerates",13.24,-0.30%,1,Sell,"40% Buy",+102.86,+118.48%,12.59,14.13,11.44,13.49,42.86,96.64,33.99,2941944,Weakest,Average,25.60%,1.51,12.98,14,25%
CMDB,"Costamare Bulkers Holdings Limited","Transportation - Services",20.14,+2.97%,7,Buy,"100% Buy",+101.95,+118.91%,17.48,18.01,17.34,19.11,66.67,97.07,19.66,53979,"Top 1%",Strong,63.89%,1.42,18.04,20.17,98%
ORMP,"Oramed Pharma","Medical Products",4.39,+7.86%,1,Buy,"100% Buy",+101.23,+107.08%,3.94,4.09,3.74,4.11,58.17,85.24,43.01,221719,Strengthening,Strong,67.39%,0.88,3.88,4.33,113%
ALNT,"Allient Inc","Electronics - Misc Components",90.13,+3.05%,1,Sell,"72% Buy",+100.38,+137.06%,77.4,87.82,72.4,87.11,53.72,115.22,56.65,213096,Strengthening,Strong,74.40%,0.56,81.65,92.57,78%
PKE,"Park Electrochemical Corp","Aerospace - Defense Equipment",35.59,+4.99%,2,Hold,"80% Buy",+99.84,+99.16%,32.73,34.25,30.06,34.24,55.13,77.32,55.75,248145,Average,Strong,36.08%,0.77,31.57,36.92,75%
RLYB,"Rallybio Corporaton","Medical - Biomedical",15.95,+0.13%,6,Hold,"80% Buy",+99.33,+272.66%,13.03,15.91,10.71,16.13,48.86,250.82,179.56,130415,Weakest,Strong,18.63%,0.37,15.46,16.81,37%
GRC,"Gorman-Rupp Company","Machinery - General Industrial",82.8,+1.98%,1,Hold,"80% Buy",+98.65,+102.69%,74.86,81.2,69.15,80.11,53.98,80.85,62.37,143296,Strengthening,Strong,63.94%,0.94,77.68,82.54,105%
FRO,"Frontline Plc","Transportation - Ship",39.91,+1.37%,7,Hold,"96% Buy",+98.21,+112.29%,36.44,37.49,34.01,38.2,59.14,90.45,71.88,3233589,Strengthening,Good,90.40%,0.78,36.27,40.13,94%
BELFB,"BEL Fuse Inc Cl B","Electronics Products - Misc",274.83,+1.05%,2,Sell,"56% Buy",+97.90,+115.55%,260.66,279.75,242.72,267.89,50.8,93.71,50.99,219407,Weakening,Average,55.64%,0.98,245.35,290.43,65%
KOD,"Kodiak Sciences Inc","Medical - Biomedical",39.83,-4.21%,6,Buy,"88% Buy",+96.79,+498.95%,37.51,37.59,33.6,41.24,49.14,477.11,31.42,897260,Weakening,Average,47.69%,0.79,38.94,43.54,19%
RAPP,"Rapport Therapeutics Inc","Medical - Biomedical",40.79,-0.46%,6,Buy,"88% Buy",+96.25,+188.27%,36.46,39.37,33.73,41.3,50.48,166.43,23.41,362476,Average,Strong,51.18%,0.85,39.5,43.1,36%
TKR,"Timken Company","Electronics Products - Misc",141.75,+3.05%,2,Hold,"96% Buy",+96.14,+92.86%,121.33,136.56,113.7,138.47,56.14,71.02,57.46,822843,Strongest,Strong,60.62%,1.16,133.71,143.22,85%
MSGE,"Madison Square Garden Entmt Corp","Media Conglomerates",76.97,-0.38%,1,Buy,"100% Buy",+95.91,+108.70%,68.36,74.84,65.36,75.9,53.58,86.86,31.8,378901,Average,Strong,78.31%,0.69,73.02,78.79,68%
PLXS,"Plexus Corp","Electronic Manufacturing",260.77,+3.75%,1,Sell,"56% Buy",+95.57,+108.35%,251.16,272.2,228.84,255.97,50.06,86.51,66.36,296411,Weakening,Average,57.29%,1.11,240.79,271.14,66%
NRIX,"Nurix Therapeutics Inc","Medical - Biomedical",23.22,+0.04%,3,Buy,"88% Buy",+95.16,+110.33%,18.25,20.52,17.91,23.51,55.69,88.49,11.37,1598588,Average,Strong,46.26%,0.6,22.44,24.59,36%
FLXS,"Flexsteel Inds",Furniture,77.72,+4.98%,7,Buy,"100% Buy",+95.07,+132.42%,58.46,67.38,54.36,73.62,67.11,110.58,85.78,44291,Strongest,Maximum,57.72%,0.94,69.11,78.12,96%
ADPT,"Adaptive Biotechnologies Corp","Medical - Biomedical",23.11,+2.39%,7,Buy,"88% Buy",+95.04,+123.72%,16.59,19.39,16.64,22.13,59.01,101.88,31.27,2341779,Strengthening,Maximum,67.51%,0.83,20.34,23.92,77%
FSLY,"Fastly Inc","Internet - Software",23.03,+1.63%,10,Buy,"56% Buy",+94.71,+262.11%,22.08,19.02,19.03,20.52,67.74,240.27,115.2,8381890,Strengthening,Weak,91.99%,1.04,18.54,22.49,114%
DDOG,"Datadog Cl A","Internet - Software",273.6,+2.10%,6,Buy,"100% Buy",+94.69,+101.77%,193.67,246.1,170.54,259.65,64.3,79.93,90.16,5217545,Strongest,Maximum,80.11%,1.02,243.02,276.28,92%
AIR,"AAR Corp","Aerospace - Defense Equipment",143.06,+2.16%,1,Buy,"100% Buy",+94.55,+96.00%,120.66,129.48,115.71,135.55,59.06,74.16,61.77,447246,Strongest,Maximum,87.00%,0.77,127.39,143.71,96%
ROMA,"Roma Green Finance Limited","Finance - Misc Services",9.32,-5.57%,5,Buy,"100% Buy",+93.55,+180.72%,7.17,8.2,5.53,9.2,53.66,158.88,440.45,225701,Average,Strong,56.32%,0.18,8.24,10.16,56%
CTNM,"Contineum Therapeutics Inc","Medical - Biomedical",15.93,+2.84%,4,Buy,"100% Buy",+91.65,+167.28%,13.47,13.71,13.45,14.65,61.97,145.44,28.34,264493,Strongest,Good,87.02%,0.93,13.29,16.02,97%
BLTE,"Belite Bio Inc ADR","Medical - Biomedical",154.79,-2.41%,5,Buy,"24% Buy",+90.99,+135.53%,153.99,148.1,159.48,153.87,51.88,113.69,-14.26,194118,Weakest,Minimum,72.32%,0.88,145.65,162.08,56%
CSTM,"Constellium Se","Metal Products - Distribution",28.42,+2.30%,1,Sell,"8% Buy",+90.86,+114.98%,30.34,31.69,27.98,28.89,43.43,93.14,39.74,1891565,Weakest,Minimum,36.19%,1.05,27.52,30.25,33%
GRDN,"Guardian Pharmacy Services Inc Cl A","Medical - Drugs",40.81,+3.24%,2,Hold,"80% Buy",+89.51,+100.74%,38.62,40.6,36.34,40.47,51.18,78.9,24.6,370753,Weakening,Strong,55.84%,0.61,39.15,41.79,63%
MSGS,"Madison Square Garden Sports Corp","Leisure & Recreation Services",384.88,-2.24%,2,Hold,"80% Buy",+89.11,+92.87%,357.02,384.67,334.71,392.86,45.27,71.03,37.77,224156,Weakest,Strong,47.89%,0.83,381.08,404.64,16%
KN,"Knowles Corp","Communications Components",37.48,+2.43%,2,Sell,"56% Buy",+88.70,+88.82%,33.71,37.98,30.82,36.34,51.92,66.98,63.87,843508,Weakening,Good,50.03%,0.7,34.16,38.51,76%
ICCC,"Immucell Corp","Medical Products",11.04,-1.52%,6,Buy,"88% Buy",+88.14,+84.00%,8.96,10.37,8.1,11.06,54.35,62.16,68.48,24563,Weakening,Maximum,32.59%,0.58,10.5,11.62,48%
TEN,"Tsakos Energy Navigation Ltd","Transportation - Ship",39.61,-1.27%,7,Sell,"72% Buy",+87.66,+103.65%,39.15,38.65,35.48,39.27,53.29,81.81,65.64,346905,Weakening,Average,66.38%,0.64,38.05,40.49,64%
PGC,"Peapack Gladstone FI","Banks - Northeast",46.32,+0.74%,2,Buy,"100% Buy",+86.38,+87.15%,42.03,45.57,38.58,46.3,51.33,65.31,55.29,149874,Strengthening,Strong,65.54%,1.36,45.15,47.44,51%
CCO,"Clear Channel Outdoor Holdings","Advertising Marketing Services",2.42,0.00%,16,Buy,"96% Buy",+83.14,+137.25%,2.4,2.41,2.34,2.41,55.33,115.41,-1.53,6085278,Strengthening,Soft,50.00%,2.28,2.4,2.42,90%
FRD,"Friedman Industries Inc","Metal Production & Fabrication",34.06,+2.44%,7,Hold,"80% Buy",+81.42,+127.98%,25.16,31.23,23.26,34.26,52.42,106.14,55.2,37729,Strengthening,Strong,35.16%,0.59,31.92,36.59,46%
LNTH,"Lantheus Holdings","Medical Products",101.19,+1.56%,1,Hold,"64% Buy",+81.38,+43.39%,93.45,103.63,85.53,104.23,45.53,21.55,41.02,1054223,Weakening,Strong,16.84%,7.18,99.35,109.11,19%
VNCE,"Vince Holding Corp","Textile - Apparel",6.66,+5.21%,1,Buy,"100% Buy",+81.19,+338.16%,4.66,5.9,4.11,6.33,58.35,316.32,52.21,163650,Strongest,Strong,62.67%,0.44,5.92,6.73,91%
CMBT,"Cmb.Tech NV","Transportation - Ship",16.25,+0.56%,8,Buy,"100% Buy",+80.88,+80.96%,14.36,15.28,13.68,15.53,61.3,59.12,57.36,1808228,Strongest,Strong,91.32%,0.63,14.85,16.22,103%
PSMT,"Pricesmart Inc","Retail - Discount",197.13,+1.66%,1,Buy,"100% Buy",+80.61,+80.52%,169.22,184.02,160.83,189.83,63.67,58.68,49.67,237303,Strongest,Maximum,79.17%,0.6,181.9,197.76,96%
BKD,"Brookdale Senior Living Inc","Medical - Nursing Homes",14.37,-1.58%,1,Buy,"88% Buy",+79.55,+88.83%,13.97,14.18,13.9,14.85,45.48,66.99,22.15,4209099,Weakening,Soft,33.13%,1.14,14.05,15.66,20%
UFCS,"United Fire Group","Insurance - Proprty & Casualty",52.09,+1.42%,2,Buy,"100% Buy",+79.43,+99.50%,44.96,49.39,42.25,51.39,55.8,77.66,32.27,128836,Average,Maximum,73.69%,1.3,49.27,53.5,67%
PACS,"Pacs Group Inc","Medical Services",44.5,-3.28%,5,Buy,"88% Buy",+79.29,+319.02%,37.7,40.98,37.77,45.23,51.85,297.18,4.89,1119750,Weakening,Average,54.12%,1.32,42.77,47.7,35%
SNX,"Synnex Corp","IT Services",253.82,-0.74%,5,Sell,"56% Buy",+79.15,+80.21%,230.01,259.66,205.73,247.86,51.8,58.37,57.92,771901,Average,Good,80.06%,0.65,237.62,258.09,79%
GEO,"Geo Group Inc","Government Services",31.34,+1.46%,1,Buy,"100% Buy",+77.90,+25.36%,23.46,28.37,20.91,30.39,63.57,3.52,83.39,2068903,Strongest,Maximum,65.34%,0.54,29.05,31.73,86%
VTVT,"Vtv Theraptcs Cl A","Medical - Biomedical",32.39,+0.12%,2,Sell,"56% Sell",+77.74,+122.23%,34.52,33.34,35.14,32.37,48.26,100.39,-30.03,42332,Average,Weak,66.23%,2.48,30.36,34.38,51%
KEYS,"Keysight Technologies","Electronics - Measuring Inst",321.89,+0.88%,4,Sell,"24% Buy",+77.70,+102.85%,327.3,332.82,297.13,317.57,49.73,81.01,47.39,1406486,Weakest,Weak,62.04%,0.54,302.26,332.87,64%
ZURA,"Zura Bio Ltd","Medical - Biomedical",5.52,+1.66%,7,Buy,"56% Buy",+77.44,+268.00%,5.08,4.69,5.38,5.35,56.17,246.16,-5.69,746572,Average,Weak,70.78%,0.38,5.02,5.69,75%
NVT,"Nvent Electric Plc","Electronics - Misc Components",159.41,+3.63%,4,Sell,"56% Buy",+77.18,+77.36%,149.75,161.86,137.04,154.09,53,55.52,45.3,2265790,Average,Average,59.67%,1.4,140.19,167.98,69%
CMPR,"Cimpress N.V. Ord","Consumer Services - Misc",99.24,+0.55%,6,Buy,"88% Buy",+76.71,+86.58%,88.68,96.24,83.82,99.38,52.84,64.74,38,170746,Strengthening,Strong,63.26%,1.02,94.37,104.39,49%
TALK,"Talkspace Inc","Medical Information Systems",5.21,-0.19%,2,Buy,"80% Buy",+76.34,+125.54%,5.19,5.21,4.84,5.22,49.01,103.7,32.5,2384753,Weakening,Average,27.78%,0.72,5.2,5.23,27%
PBI,"Pitney Bowes Inc","Office Automation & Equipment",18.07,+3.08%,8,Buy,"100% Buy",+75.52,+60.62%,15.16,17.31,13.61,17.98,54.23,38.78,59.93,2800610,Strongest,Strong,40.64%,1.24,17.19,18.77,56%
NSYS,"Nortech Systems IN","Electronics - Misc Components",14.09,+4.06%,1,Sell,"56% Buy",+74.70,+71.93%,13.86,15.15,12.08,14.07,46.91,50.09,78.73,16415,Weakening,Average,24.46%,0.81,13.28,14.85,52%
BELFA,"BEL Fuse Cl A","Electronics Products - Misc",219.47,-1.64%,1,Sell,"8% Buy",+73.78,+96.66%,231.8,242.78,217.48,225.04,44.55,74.82,33.55,85674,Weakest,Weak,45.71%,1.01,205.61,244.47,36%
TRVG,"Trivago NV ADR","Internet - Services",5.33,+0.95%,5,Buy,"88% Buy",+73.54,+35.28%,3.85,4.82,3.53,5.4,54.12,13.44,72.76,62720,Average,Maximum,44.58%,0.56,5.2,5.6,33%
AGCC,"Agencia Comercial Spirits Ltd Cl A","Beverages - Alcohol",15,-1.32%,3,Sell,N/A,+72.82,N/A,16.22,15.45,14.68,15.17,47.44,N/A,42.66,N/A,N/A,N/A,41.52%,1.72,14.46,15.87,38%
AMN,"Amn Healthcare Services Inc","Business Services",33,-1.87%,1,Buy,"88% Buy",+71.80,+84.87%,26.54,31.84,23.97,33.48,49.62,63.03,98.36,1099787,Weakening,Strong,44.01%,1.05,31.55,35.41,38%
USEA,"United Maritime Corp","Transportation - Ship",2.63,0.00%,1,Hold,"88% Buy",+71.11,+68.01%,2.36,2.59,2.19,2.6,53.37,46.17,43.68,66156,Average,Strong,60.55%,1.13,2.47,2.73,63%
VAC,"Marriot Vacations Worldwide Cor","Leisure & Recreation Services",97.4,-0.11%,5,Buy,"88% Buy",+69.83,+32.50%,82.49,94.41,74.93,98.21,50.52,10.66,57.8,588929,Weakening,Strong,38.58%,0.63,93.38,103.03,42%
COGT,"Cogent Biosciences Inc","Medical - Biomedical",38.86,-0.18%,6,Buy,"88% Buy",+69.82,+240.88%,36.07,36.62,36.51,39.45,50.59,219.04,-1.63,2559544,Weakening,Weak,52.67%,0.54,37.54,41.35,35%
LOCO,"El Pollo Loco","Retail - Restaurants",16.55,+0.55%,3,Hold,"96% Buy",+69.57,+58.37%,14.67,15.68,13.37,16.34,57.02,36.53,47.19,291900,Strengthening,Strong,73.09%,0.72,15.73,16.95,68%
SRZN,"Consonance-Hfw Acq Corp","Medical - Drugs",21.78,-1.94%,1,Sell,"56% Sell",+69.05,+98.00%,26.07,23.24,25.07,21.64,48.17,76.16,-14.66,123091,Average,Soft,65.12%,1.24,19.07,24.2,53%
DVA,"Davita Healthcare Partners","Medical - Outpatient & Hm Care",233.68,-2.67%,5,Buy,"88% Buy",+68.06,+68.75%,189.47,217.6,169.29,235.02,55.35,46.91,94.66,920268,Weakening,Maximum,62.08%,1.77,228.82,241.22,39%
AMCX,"AMC Global Media Inc","Media Conglomerates",10.9,-2.68%,4,Buy,"100% Buy",+67.51,+93.61%,8.89,9.98,8.66,10.24,58.86,71.77,3.47,479049,Strongest,Maximum,62.97%,2.32,9.42,11.06,90%
LITB,"Lightinthebox Holding Ltd ADR","Internet Services - Delivery",3.28,+1.61%,7,Sell,"72% Buy",+67.19,+166.67%,2.76,3.19,2.72,3.14,55.18,144.83,35.4,13766,Strongest,Average,62.50%,0.32,2.86,3.42,75%
KVHI,"K V H Inds Inc","Communications Components",9.17,-0.97%,2,Sell,"24% Buy",+66.65,+74.67%,9.25,9.15,8.37,9.08,50.81,52.83,20.53,153633,Weakest,Weak,72.22%,0.35,8.73,9.43,63%
SVM,"Silvercorp Metals Inc","Mining - Misc",9.56,+2.14%,1,Sell,"56% Sell",+65.90,+121.30%,11.21,10.55,11.14,9.39,46.92,99.46,3.6,4983703,Weakening,Weak,60.36%,0.56,8.81,9.97,65%
AVAL,"Grupo Aval Acciones Y Valores S ADR","Finance - Investment Mgmt",5.24,-0.76%,2,Buy,"88% Buy",+65.88,+87.14%,4.7,5.03,4.59,4.99,58.93,65.3,18.35,185227,Strengthening,Good,92.57%,0.56,4.73,5.24,100%
CMTV,"Community Bancorp Inc VT","Banks - Northeast",39.96,-1.21%,5,Buy,"100% Buy",+65.29,+78.47%,38.5,39.21,35.44,39.77,51.16,56.63,49.52,22656,Average,Good,36.51%,0.96,38.27,41.27,56%
TBBB,"BBB Foods Inc Cl A","Consumer Prdts - Misc Staple",42.85,+3.68%,2,Hold,"96% Buy",+65.15,+68.04%,38.13,40.34,37.18,40.78,61.66,46.2,17.3,639792,Strengthening,Strong,69.39%,0.64,39.02,42.55,109%
KRNY,"Kearny Financial","Finance - Savings & Loan",9.7,+1.15%,5,Buy,"100% Buy",+64.30,+65.81%,8.37,8.96,8.19,9.46,61.58,43.97,19.87,409424,Strongest,Maximum,86.78%,1.1,9.14,9.78,87%
RRBI,"Red River Bancshares Inc","Banks - Southwest",101.77,+1.21%,7,Buy,"100% Buy",+64.20,+71.76%,92.65,94.11,89.19,98.34,62.73,49.92,31.45,63443,Strongest,Strong,63.79%,0.95,94.35,102.34,93%
SHIM,"Shimmick Corp","Engineering & R&D Services",4.09,+8.20%,3,Buy,"32% Buy",+64.03,+144.91%,4.09,3.8,3.94,3.79,56.72,123.07,29.04,106853,Weakening,Weak,58.52%,0.58,3.56,4.03,112%
DIN,"Dineequity Inc","Retail - Restaurants",36.08,+0.39%,2,Buy,"88% Buy",+63.88,+65.73%,30.8,33.75,31.86,35.38,56.58,43.89,1.23,418983,Average,Good,68.57%,0.8,33.82,36.94,72%
CVGI,"Commercial Vehicle G","Auto - Truck Original Parts",4.59,+1.32%,4,Sell,"40% Buy",+63.34,+173.21%,4.48,4.87,3.53,4.68,47.83,151.37,207.72,596113,Weakening,Average,28.05%,1.28,4.29,5.07,39%
LQDT,"Liquidity Services","Auction Valuation Services",39.3,+0.82%,6,Hold,"96% Buy",+63.15,+67.38%,35.27,37.92,34.05,38.78,55.48,45.54,18.63,177680,Strongest,Maximum,37.64%,0.99,37.22,40.35,66%
GCBC,"Greene County Bncp","Finance - Savings & Loan",34.2,+2.21%,2,Buy,"100% Buy",+63.03,+48.24%,26.94,30.56,25.55,33.03,63.53,26.4,42.82,20889,Strongest,Maximum,75.72%,0.97,31.59,34.46,91%
WTI,"W&T Offshore","Oil - US Exploration & Product",3.51,-2.23%,5,Sell,"24% Buy",+62.69,+106.47%,3.57,3.58,3.11,3.5,50.25,84.63,104.31,4756327,Weakest,Weak,45.74%,1.18,3.19,3.81,52%
SXI,"Standex International Corp","Machinery - General Industrial",311.96,+5.21%,1,Sell,"72% Buy",+62.54,+72.20%,282.51,303.78,270.79,303.71,53.56,50.36,32.55,172085,Strengthening,Strong,58.19%,1.03,284.75,322.67,72%
FNRN,"First Northern Community Bancorp","Banks - West",18.37,-0.16%,8,Buy,"100% Buy",+62.24,+68.38%,16.86,17.88,15.84,18.2,54.86,46.54,26.47,65873,Average,Strong,47.51%,0.49,17.57,18.83,64%
ESE,"Esco Technologies Inc","Technology Services",318.13,+0.90%,1,Sell,"56% Buy",+62.13,+66.09%,309.48,320.69,286.99,323.22,47.33,44.25,51.79,248686,Weakening,Average,44.19%,0.53,306.89,339.55,34%
PNTG,"The Pennant Group Inc","Medical - Outpatient & Hm Care",40.18,-0.35%,8,Buy,"88% Buy",+61.89,+82.06%,34.33,36.67,33.04,40.67,54.6,60.22,31.71,280194,Weakening,Maximum,45.81%,0.89,39.08,42.26,35%
DHX,"Dice Holdings","Internet - Content",4.04,-4.04%,5,Buy,"100% Buy",+61.59,+54.20%,3.35,3.79,2.92,4,53.8,32.36,149.62,342201,Average,Maximum,61.95%,2.25,3.77,4.23,59%
ILPT,"Industrial Logistics Properties Trust","REIT - Equity Trust Other",8.75,+1.63%,4,Hold,"64% Buy",+61.35,+62.94%,7.74,8.81,7.08,8.87,48.6,41.1,46.91,384128,Weakening,Strong,50.30%,0.84,8.42,9.32,37%
APYX,"Apyx Medical Corp","Medical Products",4.18,+1.95%,1,Sell,"56% Buy",+61.29,+138.86%,3.98,4.23,3.89,4.13,51.59,117.02,8.4,131471,Average,Weak,54.85%,1.29,3.74,4.52,56%
CADL,"Candel Therapeutics Inc","Medical - Biomedical",10.07,+0.60%,3,Buy,"100% Buy",+61.04,+60.10%,7.68,9.21,7,9.81,55.92,38.26,67.2,1348416,Strongest,Maximum,57.54%,0.51,9.34,10.28,78%
IFS,"Intercorp Financial Services Inc","Finance - Misc Services",59.8,+2.56%,4,Buy,"100% Buy",+61.03,+66.02%,51.39,55.65,49.99,59.09,58.01,44.18,30.14,259491,Strongest,Maximum,53.15%,0.74,57.06,61.11,68%
UNH,"Unitedhealth Group","Medical - HMO",415.36,+0.23%,5,Hold,"80% Buy",+60.80,+74.69%,368.64,410.8,348.16,424.2,47.6,52.85,14.79,8007147,Weakening,Strong,11.50%,0.51,413.14,435.27,10%
HLIO,"Helios Technologies Inc","Machinery - General Industrial",80.21,+2.95%,1,Sell,"56% Buy",+60.70,+126.39%,75.78,82.89,72.71,79.66,49.18,104.55,38.92,351672,Weakening,Average,42.46%,0.69,76.34,82.98,58%
GNK,"Genco Shipping & Trading Ltd","Transportation - Ship",26.24,+2.74%,4,Buy,"100% Buy",+60.67,+65.87%,24.07,24.55,23.06,25.37,57.58,44.03,31.35,411391,Strongest,Strong,69.66%,1.31,24.25,26.49,89%
FDX,"Fedex Corp","Transportation - Air Freight",309.24,+0.60%,3,Sell,"40% Buy",+60.60,+78.05%,308.28,320.12,296.41,312.52,45.03,56.21,22.79,2154230,Weakest,Soft,28.21%,0.47,305.35,319.69,27%
MUSA,"Murphy USA Inc","Retail - Convenience Stores",592.77,-2.47%,9,Buy,"88% Buy",+60.23,+63.66%,545.7,572.51,501.49,606.2,49.03,41.82,35.87,323964,Weakening,Strong,37.23%,1.09,580.74,631.65,24%
SIFY,"Sify Techs Ltd ADR","Internet - Services",15.31,+4.58%,2,Sell,"40% Buy",+60.09,+129.88%,14.98,15.46,14.8,14.64,54.16,108.04,14.56,88461,Weakening,Weak,63.45%,1.05,13.66,15.63,84%
CON,"Concentra Group Holdings Parent Inc",N/A,31.7,+0.16%,4,Buy,"100% Buy",+59.95,+62.73%,25.97,29.12,24.69,31.54,59.35,40.89,50.05,904841,Strengthening,Maximum,57.93%,0.65,30.75,32.33,60%
BAP,"Credicorp Ltd","Banks - Foreign",395.79,-1.20%,4,Buy,"100% Buy",+59.61,+67.35%,351.33,372.85,345.35,391.43,56.3,45.51,26.88,411265,Average,Strong,70.63%,0.59,380.36,402.49,70%
OBT,"Orange County Bancor","Banks - Northeast",38.27,+0.05%,4,Buy,"100% Buy",+59.53,+60.39%,34.94,36.37,33.84,37.5,57.98,38.55,23.02,53562,Average,Strong,63.91%,0.7,36.1,38.9,77%
STNG,"Scorpio Tankers Inc","Transportation - Ship",77.77,-0.12%,5,Hold,"80% Buy",+59.34,+65.29%,76.86,76.99,72.77,77.88,50.71,43.45,41.97,1017426,Weakening,Average,45.56%,0.96,75.17,80.58,48%
HWM,"Howmet Aerospace Inc","Aerospace - Defense",286.34,+1.45%,5,Buy,"100% Buy",+59.21,+55.40%,258.49,269.84,249.01,278.16,58.75,33.56,28.63,2485422,Strongest,Strong,54.89%,0.54,265.71,290.61,83%
ST,"Sensata Technologies Holding N.V.","Industrial Controls",46.82,+1.14%,3,Sell,"56% Buy",+59.02,+56.43%,43.72,47.83,40.96,45.5,51.97,34.59,29.61,1850720,Weakening,Average,51.63%,0.85,43.42,47.59,82%
FCEL,"Fuelcell Energy Inc","Other Alt Energy",21.34,-1.25%,1,Sell,"56% Buy",+58.87,+352.12%,16.21,22.15,13.48,21.16,49.49,330.28,180.9,5950812,Weakest,Good,63.61%,0.83,17.11,25.22,52%
UVSP,"Univest Corp of Penn","Banks - Northeast",44.5,+0.59%,4,Buy,"100% Buy",+58.54,+58.25%,39.44,42.63,37.59,44.13,56.61,36.41,24.89,185105,Strengthening,Maximum,68.77%,1.29,43.13,45.14,68%
CRI,"Carter's Inc","Shoes and Related Apparel",39.89,+3.42%,2,Sell,"72% Buy",+58.18,+68.67%,37.62,39.72,37.25,38.68,53.53,46.83,11.97,1135092,Strengthening,Average,56.52%,2.91,37.14,40.23,89%
CMI,"Cummins Inc","Engines - Internal Combustion",648.85,+2.31%,2,Sell,"40% Buy",+58.15,+82.34%,640.65,668.32,616.99,654.84,47.53,60.5,16.08,953124,Weakening,Soft,48.25%,1.24,620.74,688.94,41%
UNFI,"United Nat Foods","Food - Misc & Diversified",47.37,-6.81%,12,Sell,"24% Buy",+57.60,+75.38%,48.19,49.7,44.41,49.12,43.39,53.54,29.66,766459,Weakest,Weak,43.00%,1.41,46.97,51.27,9%
SOTK,"Sono-Tek Corp","Electronics - Semiconductors",5.3,+2.51%,2,Buy,"80% Buy",+57.50,+60.12%,4.85,5.3,4.62,5.33,50.31,38.28,17.3,33379,Average,Strong,31.89%,1.13,4.97,5.68,46%
BWA,"Borgwarner Inc","Auto - Truck Original Parts",63.31,-0.67%,2,Sell,"40% Buy",+57.38,+68.74%,61.93,67.79,58.61,63.68,44.7,46.9,29.47,2920103,Weakest,Average,71.32%,0.65,61.98,65.38,39%
FSTR,"Foster L B Company","Steel - Producers",41.49,+0.88%,1,Sell,"40% Buy",+57.11,+85.89%,37.02,42.06,34.62,41.94,47.24,64.05,42.92,61090,Weakening,Good,36.83%,0.41,40.68,43.21,32%
FSBC,"Five Star Bancorp","Banks - West",47.31,+0.25%,2,Hold,"80% Buy",+57.09,+60.70%,42.76,46.07,41.4,48,49.79,38.86,21.19,101029,Average,Strong,45.56%,0.62,46.42,49.59,28%
INDV,"Indivior Pharmaceuticals Inc","Medical - Drugs",37.37,-6.60%,5,Hold,"64% Buy",+56.83,+77.53%,36.29,39.11,35.56,40.29,35.22,55.69,-6.88,2289767,Weakest,Soft,35.91%,3.66,38.68,41.9,-40%
SNDA,"Sonida Senior Living Inc","Medical Services",40.22,-0.35%,2,Buy,"88% Buy",+56.71,+68.14%,36.57,38.27,35.54,40.7,50.62,46.3,12.31,378919,Weakening,Strong,23.44%,0.52,38.87,42.53,37%
KMT,"Kennametal Inc","Machinery - Tools & Related",34.9,+2.74%,6,Sell,"8% Sell",+56.41,+43.27%,35.93,34.42,35.89,34.24,52.46,21.43,11.81,1217191,Weakest,Minimum,46.48%,1.7,32.63,35.85,70%
ACA,"Arcosa Inc","Building & Construction - Misc",145.32,+0.08%,3,Buy,"100% Buy",+56.17,+73.70%,126.11,137.47,122.71,145.04,66.79,51.86,25.65,390542,Average,Maximum,59.92%,0.66,144.64,145.44,85%
OPLN,"Openlane Inc","Auto - Truck Original Parts",41.17,+3.55%,2,Hold,"96% Buy",+55.97,+69.21%,35.02,38.98,33.15,40.06,57.97,47.37,27.22,934591,Strongest,Strong,56.25%,1.38,38.62,41.49,89%
HZO,"Marinemax Inc","Retail - Misc & Diversified",35.12,+1.89%,6,Hold,"80% Buy",+55.86,+57.56%,31.8,34.75,30.53,34.66,52.1,35.72,33.91,359377,Average,Strong,68.19%,0.73,32.89,36.43,63%
CNO,"Cno Financial Group","Insurance - Multi Line",55.26,+0.31%,5,Buy,"100% Buy",+55.85,+55.71%,47.04,50.97,45.48,53.14,70.04,33.87,19.09,700321,Strongest,"Top 1%",64.86%,0.97,51.51,54.77,115%
BPOP,"Popular Inc","Banks - Southeast",173.65,-0.89%,11,Buy,"100% Buy",+55.81,+53.41%,152.57,163.36,146.46,171.56,59.94,31.57,28.43,554039,Strengthening,Maximum,73.81%,0.74,166.84,176.28,72%
MPWR,"Monolithic Power Sys","Semi Analog & Mixed",1344.37,-5.73%,4,Sell,"24% Buy",+54.77,+71.12%,1397.8,1440.26,1293.92,1337.56,48.42,49.28,37.3,737237,Weakest,Weak,45.51%,1.2,1247.53,1427.59,54%
PLGO,"Pelagos Insurance Capital Ltd","Insurance - Multi Line",25.31,+0.08%,4,Buy,"100% Buy",+54.30,+70.21%,22.13,23.97,21.16,25.28,55.06,48.37,18.3,443233,Average,Maximum,47.91%,0.82,24.57,26,52%
RAL,"Ralliant Corporation","Technology Services",65.15,-0.34%,2,Hold,"64% Buy",+54.26,+46.80%,56.65,66.96,54.04,68.35,40.46,24.96,16.94,1622077,Weakest,Strong,33.15%,1.48,65.04,71.67,2%
CENX,"Century Aluminum C","Metal Production & Fabrication",45.2,+0.96%,2,Sell,"56% Sell",+54.13,+120.81%,55.48,51.77,53.14,44.56,46.25,98.97,4.33,2181013,Weakening,Soft,65.53%,0.61,42.04,47.08,63%
SKE,"Skeena Resources Ltd","Mining - Misc",27.1,+1.96%,1,Sell,"56% Sell",+53.92,+88.46%,29.11,27.52,29.66,26.66,50.4,66.62,3.17,842940,Weakening,Weak,59.25%,0.25,25,28.32,63%
FRAF,"Franklin Finl Svcs Corp","Banks - Northeast",63.01,-0.24%,3,Buy,"100% Buy",+53.12,+61.52%,57.71,61.2,55.32,62.59,53.22,39.68,14.49,39963,Average,Strong,66.85%,0.74,60.88,64.3,62%
NET,"Cloudflare Inc Cl A","Internet - Software",282.74,+1.35%,8,Buy,"100% Buy",+52.88,+41.29%,229.29,250.61,214.51,272.21,63.55,19.45,32.38,3853148,Strongest,Maximum,73.70%,0.89,259.78,284.64,92%
TLYS,"Tilly's Inc","Retail - Apparel & Shoes",3.97,+4.20%,1,Sell,"16% Buy",+52.81,+133.53%,4.24,4.34,3.35,3.97,47.93,111.69,88.47,576384,Weakest,Weak,36.17%,0.22,3.58,4.35,50%
ARMK,"Aramark Holdings Corp","Retail - Restaurants",56.74,-0.40%,6,Buy,"88% Buy",+52.60,+33.54%,49.72,55.28,46.26,57.11,53.64,11.7,42.9,2753935,Weakening,Strong,53.21%,0.85,55.91,58.3,35%
SFST,"Southern First Bancs","Banks - Southeast",63.45,+1.68%,4,Buy,"100% Buy",+52.26,+56.71%,57.81,60.15,57.12,61.55,60.6,34.87,12.13,93461,Strongest,Strong,71.40%,0.89,59.61,63.48,99%
SABS,"Sab Biotherapeutics Inc","Medical - Biomedical",3.79,+6.16%,1,Hold,"16% Sell",+52.09,+69.96%,3.75,3.66,3.82,3.64,57.26,48.12,-9.69,573057,Weakest,Minimum,59.63%,0.91,3.35,3.92,77%
DCOM,"Dime Commercial Bancshares Inc","Banks - Southeast",41.21,+1.10%,2,Buy,"100% Buy",+52.09,+51.90%,37.19,39.33,35.71,40.12,61.07,30.06,25.93,294537,Strongest,Maximum,86.63%,0.82,38.85,41.39,93%
TRMD,"Torm Plc Cl A","Transportation - Ship",30.18,-0.43%,8,Buy,"88% Buy",+51.87,+63.93%,29.46,29.03,27.87,29.49,56.22,42.09,43.11,715904,Average,Average,81.88%,0.57,28.18,30.8,76%
CBK,"Commercial Bancgroup Inc","Banks - Southeast",34.7,+1.34%,3,Buy,"100% Buy",+51.21,N/A,29.65,31.85,28.32,33.51,65.77,N/A,30.26,64735,Strongest,"Top 1%",62.08%,1.28,32.22,34.81,96%
OGN,"Organon & Co.","Medical Services",13.56,+0.07%,3,Buy,"100% Buy",+51.12,+39.08%,11.45,13.47,10.27,13.52,63.5,17.24,78.09,6119316,Average,Strong,70.37%,0.72,13.47,13.57,92%
CCSI,"Consensus Cloud Solutions","Internet - Software",37.52,+3.08%,3,Buy,"100% Buy",+50.74,+90.84%,31.11,35.25,29.08,36.73,56.93,69,60.92,176038,Strongest,Maximum,49.00%,0.6,34.71,38.74,70%
TACT,"Transact Tech Inc","Computers - Peripheral Equpt",5.47,+5.60%,6,Buy,"100% Buy",+50.32,+42.45%,4.19,5,4.03,5.14,61.85,20.61,25.72,52213,Strongest,Strong,50.36%,0.62,4.83,5.44,105%
BOF,"Branchout Food Inc","Food - Misc & Diversified",4.11,+5.12%,1,Hold,"96% Buy",+50.09,+85.14%,3.86,3.98,3.7,4.1,51.36,63.3,18.22,441949,Strongest,Average,34.35%,0.38,3.78,4.42,52%
FRST,"Primis Financial Corp","Finance - Misc Services",16.34,+2.00%,3,Hold,"96% Buy",+49.92,+47.34%,14.64,15.52,14.28,15.86,59.85,25.5,6.44,156932,Strongest,Strong,88.24%,0.98,15.35,16.37,97%
VOYA,"VOYA Financial Inc","Insurance - Life",100.07,+0.64%,7,Buy,"100% Buy",+49.80,+48.67%,83.14,92.18,80.16,98.56,63.42,26.83,23.31,1037551,Strongest,Maximum,49.91%,0.89,96,101.11,80%
CGNX,"Cognex Corp","Electronic Test Equipment",67.44,+3.37%,1,Hold,"80% Buy",+49.66,+66.64%,59.82,64.75,54.89,63.49,57.93,44.8,76.41,2102451,Average,Strong,81.60%,0.65,59.25,67.73,97%
LB,"Landbridge Company Llc Cl A","Oil - US Integrated",75.06,-3.17%,5,Buy,"88% Buy",+49.55,+35.51%,71.01,72.64,67.31,76.89,50.43,13.67,42.18,419048,Weakening,Good,36.06%,0.62,74.5,79.28,12%
HL,"Hecla Mining Company","Mining - Silver",14.43,+2.20%,1,Sell,"100% Sell",+49.40,+153.60%,17.17,15.66,19.26,15.02,43.89,131.76,-35.83,23308457,Strengthening,Average,29.41%,0.63,13.92,16.12,23%
MAKO,"Mako Mining Corp","Mining - Gold",7.22,+1.69%,1,Sell,"8% Sell",+49.39,+95.14%,7.43,7.63,7.32,7.26,47.66,73.3,13.45,107174,Weakest,Minimum,62.19%,0.78,6.75,7.76,46%
PEBK,"Peoples Bancorp NC","Banks - Southeast",43.4,+0.93%,2,Sell,"72% Buy",+49.36,+55.78%,41.28,42.82,39.99,42.66,55.6,33.94,8.86,24521,Average,Good,65.53%,1.27,41.58,43.74,84%
ARIS,"Aris Mining Corp","Mining - Gold",14.39,+7.71%,1,Sell,"72% Sell",+49.35,+102.68%,17.14,15.48,17.78,14.36,47.4,80.84,-22.37,1650281,Average,Average,36.92%,0.91,13.45,15.26,52%
ARKO,"Arko Corp","Consumer Prdts - Misc Staple",7.59,-5.01%,5,Hold,"64% Buy",+49.32,+90.23%,6.97,7.85,6.51,7.93,43.98,68.39,56.15,696500,Weakest,Strong,44.76%,0.66,7.61,8.24,-3%
EXEL,"Exelixis Inc","Medical - Biomedical",55.06,+3.83%,2,Hold,"80% Buy",+48.58,+47.77%,49.24,53.67,47.34,55.76,50.87,25.93,14.59,2721004,Average,Strong,44.33%,1.68,54.08,57.43,29%
CPF,"Central Pacific Financial Company","Banks - West",39.68,+0.71%,7,Buy,"100% Buy",+48.55,+51.74%,35.14,37.17,34.27,38.85,63.17,29.9,16.31,156617,Strongest,"Top 1%",68.42%,1.05,37.64,40.06,84%
IAG,"Iamgold Corp","Mining - Gold",14.75,+3.95%,1,Sell,"80% Sell",+48.41,+115.01%,17.02,15.83,18.02,14.73,47.09,93.17,-21.58,7729010,Average,Average,43.70%,0.61,13.73,15.74,51%
OKUR,"Onkure Therapeutics Inc","Medical - Biomedical",4.02,+5.24%,1,Sell,"8% Buy",+48.21,+82.73%,4.23,4.24,3.75,4.16,45.12,60.89,27.59,231571,Weakest,Weak,29.83%,0.48,3.82,4.49,29%
KTCC,"Key Tronic Corp","Electronics Products - Misc",3.94,0.00%,1,Sell,"72% Buy",+48.09,+33.56%,3.36,3.84,3.19,3.96,51.07,11.72,30.19,20006,Average,Strong,53.95%,0.61,3.7,4.21,47%
GSBC,"Great Southern Bncp","Finance - Savings & Loan",81.36,+1.31%,5,Buy,"100% Buy",+47.92,+45.31%,71.08,76.24,68.3,78.7,64.94,23.47,21.13,78160,Strongest,"Top 1%",78.17%,1.42,75.9,81.5,97%
CYD,"China Yuchai International","Auto - Truck Original Parts",46.49,-1.42%,7,Sell,"40% Buy",+47.63,+108.01%,46.1,49.5,45.82,45.86,49.52,86.17,19.93,184714,Weakest,Weak,78.10%,0.39,43.53,48.19,64%
NCSM,"Ncs Multistage Holdings Inc","Oil - Field Services",47.13,+0.28%,4,Sell,"48% Sell",+47.62,+48.96%,54.49,47.18,49.8,45.01,53.65,27.12,8.32,21268,Weakest,Weak,63.11%,0.43,42.37,47.66,90%
GWW,"W.W. Grainger","Industrial Services",1371.25,-0.79%,6,Buy,"88% Buy",+47.47,+47.06%,1239.24,1334.39,1191.04,1374.03,52.53,25.22,24.87,286980,Strengthening,Maximum,38.38%,1.1,1342.08,1405.98,46%
RUSHB,"Rush Enterprises  Cl B","Retail - Wsale Auto & Trucks",78.47,+0.95%,4,Buy,"100% Buy",+47.26,+49.87%,70,72.57,67.05,76.25,61.58,28.03,28.45,61668,Strengthening,Maximum,61.90%,0.75,73.54,78.96,91%
FNLC,"First Bancorp Inc","Banks - Northeast",35.66,+1.60%,4,Buy,"100% Buy",+47.12,+43.91%,30.48,32.51,29.56,34.4,63.99,22.07,23.84,23542,Strongest,Maximum,80.13%,0.66,32.91,35.89,92%
CGEN,"Compugen Ltd","Medical - Biomedical",2.38,+1.28%,4,Buy,"56% Buy",+47.07,+60.81%,2.41,2.28,2.22,2.36,53.83,38.97,44.53,401439,Average,Weak,47.22%,1.72,2.23,2.48,59%
PDLB,"Ponce Financial Group Inc","Finance - Misc Services",20.51,+1.64%,4,Buy,"100% Buy",+46.99,+47.45%,18.43,19.6,17.78,20.08,59.58,25.61,14.41,74071,Strongest,Maximum,61.51%,1.13,19.6,20.56,95%
BIIB,"Biogen Inc","Medical - Biomedical",201.82,-0.56%,2,Hold,"80% Buy",+46.91,+52.95%,193.18,200.8,189.93,202.43,49.12,31.11,3.65,1484691,Weakest,Average,55.91%,0.74,193.51,211.35,47%
TSBK,"Timberland Bancorp","Finance - Savings & Loan",45.47,+1.43%,6,Buy,"100% Buy",+46.86,+46.82%,41.57,43.04,40.28,43.96,64.53,24.98,15.98,26553,Strongest,Maximum,84.94%,1.61,42.57,45.36,104%
CPAC,"Cementos Pacasmayo S.A.A ADR","Building - CMT & CNT & AG",11.91,+0.93%,4,Buy,"100% Buy",+46.84,+87.37%,10.95,11.42,10.85,11.83,54.83,65.53,3.27,56595,Strengthening,Average,44.22%,1.06,11.46,12.2,61%
OSPN,"Onespan Inc","Internet - Software",15.87,+2.52%,6,Buy,"100% Buy",+46.44,+11.13%,12.92,14.59,12.52,15.3,63.6,-10.71,12.57,572478,Strongest,Strong,63.55%,0.83,14.71,15.89,98%
APH,"Amphenol Corp","Electronics - Connectors",163.34,+1.64%,1,Sell,"88% Buy",+46.26,+56.59%,144.96,154.73,144.61,155.85,57.48,34.75,9.84,9212963,Strongest,Good,85.25%,0.8,146.24,165.47,89%
RBB,"Rbb Bancorp","Banks - West",26.53,+0.61%,3,Buy,"88% Buy",+46.02,+47.88%,24.17,25.77,23.29,26.7,51.9,26.04,17.51,102261,Strengthening,Strong,32.85%,1.21,25.87,27.53,40%
ELAN,"Elanco Animal Health Inc","Medical - Outpatient & Hm Care",25.72,-2.46%,8,Buy,"100% Buy",+45.82,+86.51%,23.78,24.5,23.99,25.42,55.26,64.67,2.62,5364811,Average,Average,70.09%,1.02,24.28,26.55,63%
INGM,"Ingram Micro Holding Corp","Technology Services",27.9,-1.10%,11,Hold,"64% Buy",+45.16,+43.59%,27.34,28.6,25.42,29.01,43.89,21.75,19.71,981679,Average,Average,41.77%,1.25,27.31,30.71,17%
PHIN,"Borgwarner Inc","Auto - Truck Original Parts",78.05,+6.06%,4,Sell,"40% Buy",+45.05,+57.61%,75.29,79.36,73.71,78.34,49.07,35.77,13.47,392260,Weakest,Average,47.20%,1.52,74.12,82.56,47%
ROK,"Rockwell Automation Inc","Electronics Products - Misc",480.98,+0.19%,2,Buy,"100% Buy",+44.93,+39.62%,431.11,464.54,422.59,466.4,57.68,17.78,12.59,880459,Strongest,Strong,83.85%,2.1,453.64,479.15,107%
PLAB,"Photronics Inc","Semi-Eqpt PhotoMask",31.36,+3.53%,5,Sell,"72% Sell",+44.87,+58.46%,38.64,32.35,37.61,29.57,52.54,36.62,-13.03,1241423,Weakening,Average,69.54%,0.56,27.39,31.74,91%
BDSX,"Biodesix Inc","Medical Services",22.03,+3.92%,2,Buy,"100% Buy",+44.64,+203.28%,16.5,18.9,14.62,21.13,57.51,181.44,212.94,520778,Strongest,Maximum,49.32%,1.18,19.6,22.66,79%
EBMT,"Eagle Bancorp [Mt]","Banks - Midwest",23.57,+0.60%,4,Buy,"100% Buy",+44.48,+49.56%,22.4,23.2,22.07,23.42,52.26,27.72,7.41,51727,Average,Good,52.16%,0.35,22.83,24.02,62%
JRSH,"Jerash Holdings Inc","Textile - Apparel",4.7,+2.73%,2,Buy,"100% Buy",+44.18,+43.29%,3.69,4.2,3.51,4.58,58.36,21.45,43.07,310260,Strongest,Maximum,56.89%,0.1,4.41,4.74,87%
ATNI,"Atn International","Wireless National",24.64,+3.49%,2,Sell,"40% Sell",+43.98,+45.07%,26.33,25.6,25.87,23.74,52.11,23.23,-2.96,67159,Weakening,Weak,64.75%,0.96,22.84,24.64,100%
RIG,"Transocean Inc","Oil & Gas - Drilling",5.15,-3.20%,4,Sell,"72% Sell",+43.68,+82.62%,6.04,5.53,5.77,5.19,46.36,60.78,13.67,40818043,Average,Soft,50.52%,0.77,4.94,5.44,43%
PBFS,"Pioneer Bancorp Inc","Banks - Northeast",17.45,+1.34%,11,Hold,"96% Buy",+43.64,+41.87%,15.46,16.75,14.98,17.28,54.73,20.03,18.42,15286,Strengthening,Maximum,39.52%,0.43,16.53,18.04,61%
CLS,"Celestica Inc","Electronic Manufacturing",341.91,+3.16%,3,Sell,"24% Buy",+43.48,+75.57%,351.67,360.42,332.74,334.79,50.12,53.73,4.63,2556942,Weakest,Minimum,68.02%,1.03,298.26,371.33,60%
LEE,"Lee Enterprises Inc","Publishing - Newspapers",7.88,+1.94%,2,Sell,"8% Sell",+43.38,+69.83%,8.77,9.06,7.96,8,44.01,47.99,53.48,68854,Weakest,Minimum,53.57%,0.76,7.14,8.87,43%
BVN,"Compania Mina Buenaventura S.A. ADR","Mining - Silver",30.47,+0.63%,3,Sell,"80% Sell",+42.70,+78.81%,33.13,31.66,34.12,30.47,47.91,56.97,-1.54,1491333,Weakening,Weak,46.91%,0.61,28.63,32.3,50%
TBPH,"Theravance Bio Ord","Medical - Drugs",16.87,+0.06%,2,Buy,"8% Sell",+42.66,+54.77%,16.34,16.7,17.13,16.9,51.1,32.93,-20.86,549602,Weakest,Minimum,30.30%,0.67,16.78,17.01,39%
YOU,"Clear Secure Inc Cl A","Internet - Software",55.15,-0.16%,3,Buy,"100% Buy",+42.61,+91.23%,53.88,54.81,48.15,54.84,51.13,69.39,46.18,1562905,Weakening,Good,48.76%,0.65,51.39,58.3,54%
FTAI,"Ftai Aviation Ltd","Aerospace - Defense Equipment",225.15,+9.30%,1,Sell,"56% Sell",+42.38,+63.96%,241.95,237.75,249.99,212.9,51.61,42.12,3.35,1440924,Weakening,Weak,58.22%,1.66,193.89,231.91,82%
OCC,"Optical Cable Corp","Fiber Optics",14.35,-3.43%,2,Sell,"40% Buy",+42.23,+202.74%,13.33,16.76,10.63,15.13,45.35,180.9,211.44,321956,Weakening,Average,40.46%,0.24,13.11,17.16,31%
FMX,"Fomento Economico Mexicano S.A.B. DE C.V. ADR","Beverages - Soft",125.75,-1.75%,4,Hold,"64% Buy",+42.10,+41.34%,120.31,126.17,116.02,128.42,47.33,19.5,13.39,456437,Weakest,Strong,29.33%,1.04,123.45,133.38,23%
AIZ,"Assurant Inc","Insurance - Multi Line",282.39,+1.15%,3,Buy,"100% Buy",+42.04,+51.43%,247.36,266.72,242.43,277.97,63.13,29.59,6.22,376418,Strengthening,Maximum,77.84%,1.1,272.22,283.73,88%
LXFR,"Luxfer Holdings Plc","Machinery - General Industrial",17.14,+0.65%,3,Sell,"56% Buy",+41.98,+44.76%,15.39,17.38,15.09,16.95,50.67,22.92,15.65,180202,Average,Good,63.84%,3.45,16.43,17.47,68%
PLX,"Protalix Biotherapeutics","Medical - Biomedical",2.32,-2.11%,6,Buy,"48% Buy",+41.84,+60.00%,2.21,2.22,2.29,2.36,51.1,38.16,17.86,882028,Average,Weak,41.42%,1.6,2.27,2.44,29%
SLAB,"Silicon Labs Inc","Semi Analog & Mixed",218,+0.23%,3,Sell,"56% Buy",+41.71,+69.29%,214.99,218.2,200.88,217.66,53.23,47.45,55.76,481549,Weakening,Average,46.25%,0.42,216.33,218.99,63%
WEYS,"Weyco Gp Inc","Shoes and Related Apparel",40.42,+3.64%,4,Buy,"100% Buy",+41.59,+41.82%,35.52,37.53,34.15,38.78,63.26,19.98,21.1,15844,Strongest,"Top 1%",74.11%,1.59,37.17,40.38,101%
FF,"Futurefuel Corp",Biofuels,4.9,-1.01%,6,Buy,"100% Buy",+41.47,+26.94%,4.33,4.49,4.12,4.74,59.42,5.1,42.58,331430,Strengthening,Strong,55.61%,0.52,4.47,5,82%
BLX,"Bladex Inc","Finance - Misc Services",59.83,+2.19%,5,Sell,"88% Buy",+41.43,+52.12%,55.69,58.57,52.94,58.64,54.44,30.28,23.12,159507,Strengthening,Strong,39.75%,0.59,56.68,60.59,81%
NTB,"Bank of Butterfield Ltd","Banks - Foreign",62.15,+1.40%,4,Buy,"100% Buy",+41.35,+38.98%,56.74,59.25,54.92,60.89,60.69,17.14,13.72,180237,Strongest,Maximum,76.98%,1.02,59.55,62.23,97%
DJCO,"Daily Journal Corp","Publishing - Newspapers",587.89,+0.13%,4,Buy,"100% Buy",+41.03,+52.80%,530.7,556.6,540.56,584.18,55.15,30.96,9.61,115387,Average,Average,52.98%,1.38,564.18,604.18,59%
FULT,"Fulton Financial Cor","Banks - Northeast",24.63,+1.23%,4,Buy,"100% Buy",+40.86,+39.78%,22.17,23.43,21.7,24.41,57.91,17.94,16.39,1932245,Strongest,Maximum,46.17%,1.03,23.8,25.02,68%
HASI,"Ha Sustainable Infrastructure Capital Inc","Finance - Misc Services",38.58,+1.87%,3,Sell,"8% Buy",+40.77,+50.18%,38.99,38.77,37.7,38.12,51.89,28.34,11.72,1040245,Weakest,Weak,39.70%,0.76,37.25,38.98,77%
NKTR,"Nektar Therapeutics","Medical - Drugs",70.59,-0.11%,2,Buy,"56% Buy",+40.68,+207.45%,72.24,65.8,65.25,69.88,54.27,185.61,55.93,1017000,Weakest,Weak,68.41%,0.6,65.48,74.29,58%
BSRR,"Sierra Bancorp","Banks - West",40.39,-0.91%,5,Buy,"88% Buy",+40.67,+41.27%,37.84,40.24,37.01,41.26,44.91,19.43,12.56,59210,Weakening,Strong,46.29%,1.15,40,42.52,16%
CMP,"Compass Minerals Intl Inc","Chemical - Diversified",28.76,-1.98%,3,Sell,"40% Buy",+40.63,+45.40%,27.78,30.23,26.33,29.52,42.16,23.56,35.41,534276,Weakest,Average,40.78%,0.79,28.77,30.27,-1%
HELE,"Helen of Troy Ltd","Cosmetics & Toiletries",29.03,+5.07%,5,Hold,"96% Buy",+40.38,+34.59%,23.35,27.4,21.72,27.77,56.14,12.75,25.58,719408,Strongest,Strong,63.61%,0.87,26.02,29.51,86%
QXL,"Quantum X Labs Inc","Technology Services",4.5,+2.04%,2,Sell,"40% Buy",+40.35,-8.91%,3.77,5.01,3.09,4.85,42.82,-30.75,183.09,84402,Weakening,Average,28.13%,0.42,4.26,5.44,20%
BOKF,"Bok Financial Corp","Banks - Southwest",143.78,+1.76%,6,Buy,"100% Buy",+40.09,+45.87%,133.07,135.8,131.62,140.45,62.58,24.03,10.34,316677,Strongest,Strong,71.76%,0.67,136.54,144.36,93%
RAMP,"Liveramp Holdings Inc","Technology Services",37.89,+0.05%,5,Hold,"96% Buy",+39.98,+18.41%,33.16,37.67,30.85,37.79,60.52,-3.43,17.98,969859,Average,Strong,38.10%,0.35,37.57,38.02,72%
Q,"Qnity Electronics Inc","Electronics - Semiconductors",133.3,+1.62%,1,Sell,N/A,+39.74,N/A,139.96,147.8,127.42,136.49,43.69,N/A,52.23,N/A,N/A,N/A,36.94%,1.3,125.85,147.12,35%
BOLD,"Boundless Bio Inc","Medical - Biomedical",2.57,+2.80%,2,Buy,"100% Buy",+39.46,+121.55%,1.7,2.05,1.53,2.49,67.71,99.71,103.14,516662,Strongest,Maximum,54.13%,0.21,2.41,2.56,103%
BCAL,"California Bancorp","Banks - Southwest",21.45,+0.70%,5,Buy,"100% Buy",+39.42,+46.92%,19.27,20.28,19.04,21.04,60,25.08,3.86,212942,Strongest,Maximum,56.46%,1.14,20.34,21.75,79%
PINE,"Alpine Income Property Trust Inc","REIT - Equity Trust Other",20.29,+0.55%,6,Buy,"88% Buy",+39.30,+43.60%,19.56,20.13,19.18,20.6,47.73,21.76,10.32,171622,Weakening,Average,22.62%,0.89,19.77,21.43,31%
AVBH,"Avidbank Holdings Inc","Banks - West",32.73,+0.37%,2,Buy,"100% Buy",+39.27,+52.30%,30.48,31.96,29.77,32.3,57.67,30.46,12.2,86214,Strengthening,Strong,66.11%,0.72,31.69,32.91,85%
BH.A,"Biglari Holdings Inc Cl A","Retail - Restaurants",1960.85,-1.19%,1,Hold,"64% Buy",+38.64,+35.05%,1720.06,1814.04,1822.73,1946.83,54.3,13.21,1.66,17382,Weakening,Soft,81.27%,1.56,1822.89,2070.78,56%
NGVT,"Ingevity Corp","Chemical - Specialty",73.41,+0.41%,4,Hold,"96% Buy",+38.61,+81.71%,71.61,71.62,70.39,73.37,51.3,59.87,13.02,295757,Strongest,Average,47.04%,1.11,70.2,76.54,51%
HAFC,"Hanmi Financial Corp","Banks - West",32.01,+0.41%,2,Hold,"80% Buy",+38.54,+42.71%,29.76,31.53,28.94,32.05,51.55,20.87,7.39,272245,Strengthening,Strong,53.49%,1.24,31.19,32.91,48%
BSAC,"Banco Santander Chile ADR","Banks - Foreign",34.71,+0.29%,5,Buy,"88% Buy",+38.39,+50.06%,32.56,32.69,33.11,33.83,59.41,28.22,0.54,369873,Strongest,Soft,77.92%,0.61,32.66,35.01,87%
BVFL,"Bv Financial Inc MD","Banks - Northeast",21.57,+5.01%,7,Buy,"100% Buy",+38.35,+42.00%,20.08,20.66,19.71,21.1,56.11,20.16,7.88,21643,Strongest,Strong,61.10%,0.5,20.28,21.93,78%
ESP,"Espey Mfg. & Electronics","Electronics - Military",60.41,+2.10%,1,Sell,"24% Buy",+38.21,+30.08%,61.28,59.78,58.75,58.34,52.96,8.24,17.15,30220,Weakest,Weak,64.13%,0.95,55.35,61.33,85%
AZZ,"Azz Inc","Machinery - Electrical",149.18,+3.08%,2,Sell,"88% Buy",+37.90,+40.31%,140.66,146.85,135.68,147.35,52.01,18.47,28.16,228885,Strengthening,Good,42.01%,0.83,140.83,153.87,64%
MUX,"Mcewen Inc","Mining - Misc",17.83,+3.12%,1,Sell,"88% Sell",+37.90,+77.77%,20.55,18.67,21.79,17.43,50.02,55.93,-14.7,1231704,Average,Average,58.14%,0.49,16.39,18.47,69%
RBC,"RBC Bearings Inc","Machinery - General Industrial",570.27,+3.44%,1,Sell,"8% Buy",+37.83,+42.64%,585.31,595.34,563.81,581.74,44.11,20.8,16.14,221049,Weakest,Weak,21.12%,1.13,552.92,610.56,30%
BCH,"Banco DE Chile ADR","Banks - Foreign",41.55,+0.48%,9,Buy,"72% Buy",+37.57,+50.60%,38.64,39.52,39.7,40.72,56.73,28.76,-1.69,350420,Strengthening,Soft,80.65%,1.44,39.43,42,83%
BH,"Biglari Holdings Inc","Retail - Restaurants",391.75,-1.44%,1,Buy,"88% Buy",+37.54,+31.03%,330.53,356.27,350.52,387.96,55.17,9.19,6.81,89978,Average,Average,80.73%,2.51,367.46,408.45,59%
IMPP,"Imperial Petroleum Inc","Transportation - Ship",4.73,+0.64%,4,Sell,"24% Buy",+37.38,+57.67%,4.8,4.97,4.47,4.8,45.79,35.83,19.63,649128,Weakening,Minimum,40.35%,1.04,4.57,5.03,34%
JCI,"Johnson Controls Intl","Building Products - Wood",146.39,-0.18%,4,Hold,"96% Buy",+37.35,+37.48%,140.16,142.31,135.97,142.4,57.47,15.64,11.22,4558706,Strengthening,Average,80.83%,0.74,138.18,146.63,97%
UMBF,"UMB Financial Corp","Banks - Midwest",147.04,+0.90%,5,Buy,"100% Buy",+37.29,+35.66%,129.49,138.75,127.31,144.18,58.94,13.82,16.79,596010,Strengthening,Maximum,69.52%,0.59,139.37,148.99,80%
RRX,"Regal Rexnord Corp","Machinery - General Industrial",211.21,+2.91%,1,Sell,"56% Buy",+37.20,+41.57%,206.03,212.38,198.04,208.78,50.83,19.73,39.49,1018862,Average,Soft,64.23%,1,196.61,220.96,60%
CMT,"Core Molding Technologies Inc","Rubber & Plastics",24,+1.87%,7,Hold,"64% Buy",+37.16,+45.45%,23.88,23.83,22.39,24.02,50.29,23.61,8.67,27174,Average,Soft,31.17%,0.8,22.84,25.21,49%
LTRX,"Lantronix Inc","Computer - Networks",5.66,+5.20%,3,Sell,"24% Sell",+37.02,+92.52%,6.1,6.13,6.13,5.42,51.11,70.68,-14.44,846188,Weakest,Weak,50.08%,0.32,5.07,5.78,84%
TXMD,"Therapeuticsmd Inc","Medical - Drugs",2.04,+0.49%,4,Buy,"8% Sell",+36.90,+83.78%,2.08,2.05,2.12,2.03,49.42,61.94,14.12,110821,Weakest,Minimum,58.01%,0.36,1.94,2.11,59%
ISTR,"Investar Holding","Banks - Southeast",30.15,+0.10%,5,Buy,"100% Buy",+36.89,+41.75%,28.57,29.38,28.44,29.65,56.54,19.91,1.81,125912,Strongest,Good,67.87%,0.77,28.8,30.5,80%
FUNC,"First United Corp","Banks - Northeast",44.57,+0.97%,5,Hold,"96% Buy",+36.80,+39.19%,39.91,42.6,39.1,44.51,53.92,17.35,8.01,19540,Strongest,Strong,38.55%,0.62,43.31,45.71,52%
IRON,"Disc Medicine Inc","Medical - Biomedical",76.31,-0.90%,2,Buy,"72% Buy",+36.69,+29.40%,69.19,72.66,70.39,76.08,53.64,7.56,-14.93,603052,Average,Weak,76.06%,0.52,72.17,80,53%
DAN,"Dana Inc","Auto - Truck Original Parts",27.63,+2.60%,6,Sell,"56% Sell",+36.68,+76.66%,32.19,29.82,31.57,26.98,49.04,54.82,5.26,1618348,Weakest,Soft,60.97%,0.86,25.65,28.3,75%
FDBC,"Fidelity D & D Bancorp Inc","Banks - Northeast",53.94,+2.55%,4,Buy,"100% Buy",+36.65,+34.92%,47.37,50.05,46.49,51.72,64.42,13.08,12.88,8281,Strongest,"Top 1%",81.36%,0.7,49.79,53.65,107%
LAMR,"Lamar Advertis A","REIT - Equity Trust Other",157.61,-1.47%,6,Buy,"88% Buy",+36.48,+30.35%,145.72,155.69,140.9,160.01,48.02,8.51,13.48,570937,Weakest,Strong,36.42%,2.12,155.68,164.33,22%
HWBK,"Hawthorn Bancshares","Banks - Northeast",39.34,+0.90%,4,Hold,"96% Buy",+36.31,+39.40%,36.04,37.85,35.24,38.51,56.62,17.56,1.76,9858,Strongest,Maximum,72.13%,1.33,37.09,39.93,79%
AIN,"Albany International Corp","Textile - Products",75.12,+0.82%,5,Hold,"96% Buy",+36.15,+34.43%,63.79,71.23,61.45,74.23,57.04,12.59,37.14,305871,Strongest,Strong,51.32%,0.97,71.64,76.83,67%
SBFG,"Sb Financial Group","Banks - Northeast",26.65,+1.41%,4,Buy,"100% Buy",+36.15,+40.48%,22.88,24.37,22.42,26.49,56.78,18.64,8.64,19479,Strongest,Maximum,62.88%,0.62,25.47,27.51,58%
RVTY,"Revvity Inc","Medical Services",115.22,+2.40%,5,Buy,"88% Buy",+35.94,+30.59%,98.35,106.43,99.78,111.38,60.49,8.75,8.06,1393488,Strongest,Strong,82.85%,1.7,107.5,115.25,100%
RBKB,"Rhinebeck Bancorp Inc","Banks - Northeast",11.89,-0.92%,4,Hold,"64% Buy",+35.78,+34.24%,11.62,12.02,10.95,12.22,43.22,12.4,27.46,36867,Weakest,Average,66.27%,1.88,11.81,12.62,10%
KOPN,"Kopin Corp","Electronics Products - Misc",3.74,+6.25%,2,Sell,"8% Buy",+35.75,+114.94%,3.89,4.48,3.43,3.75,47.57,93.1,48.8,5152580,Weakest,Weak,36.32%,0.48,3.3,4.21,49%
DY,"Dycom Industries","Building - Heavy Construction",414.98,+3.47%,1,Sell,"8% Buy",+35.72,+57.61%,420.07,449.63,407.08,416.97,47.08,35.77,11.78,468984,Weakest,Weak,51.06%,0.75,387.8,446.15,47%
LSBK,"Lake Shore Bancorp","Finance - Savings & Loan",17.24,+0.41%,5,Buy,"100% Buy",+35.67,+41.78%,16.09,16.63,15.82,17.09,58.14,19.94,6.57,11978,Strongest,Strong,76.49%,1.7,16.92,17.27,92%
PNRG,"Primeenergy Corp","Oil - US Exploration & Product",185.64,+0.84%,8,Buy,"56% Sell",+35.48,+17.71%,206.5,186.41,198.52,184.95,50.62,-4.13,-2.47,64973,Weakening,Weak,25.98%,1.44,176.87,193.04,54%
PDM,"Piedmont Realty Trust Inc","REIT - Equity Trust Other",9.88,+1.96%,5,Buy,"100% Buy",+35.39,+34.97%,8.32,9.2,8.27,9.65,58.96,13.13,7.44,961395,Strengthening,Maximum,63.17%,0.96,9.28,10.03,80%
WSBK,"Winchester Bancorp Inc","Banks - Northeast",13.04,+0.31%,1,Buy,"96% Buy",+35.26,+37.99%,12.89,12.94,12.49,13.04,52.24,16.15,13.75,8417,Average,Average,90.77%,0.71,12.97,13.11,51%
WTS,"Watts Water Technologies","Machinery - General Industrial",350.52,+1.37%,1,Hold,"96% Buy",+35.14,+35.33%,318.2,338.97,314.03,346.6,54.14,13.49,15.96,250585,Strongest,Strong,50.75%,0.49,337.1,356.1,71%
PNC,"PNC Bank","Finance - Investment Brokers",251.72,+0.74%,5,Buy,"100% Buy",+35.14,+35.42%,227.14,239.99,225.25,251.18,57.59,13.58,9.57,2286982,Strongest,Maximum,35.32%,0.93,247.02,255.34,56%
ICLR,"Icon Plc","Medical Services",158.41,-3.15%,5,Hold,"64% Buy",+35.09,-4.82%,132.96,155.83,138.95,168.38,44.08,-26.66,-24.1,1289074,Weakening,Soft,10.62%,1.15,159.21,177.56,-4%
AER,"Aercap Holdings N.V.","Transportation - Equip & Lease",153.65,+1.82%,3,Buy,"100% Buy",+35.03,+41.78%,142.76,145.12,143.67,150.04,57.62,19.94,-4.15,1300294,Strongest,Good,68.54%,1.44,145.8,154.28,93%
ELPC,"Companhia Paranaense DE Energia [Copel] ADR","Utility - Electric Power",11.72,-0.09%,3,Buy,"56% Buy",+34.62,+47.14%,11.97,11.59,11.41,11.68,51.22,25.3,12.21,259520,Weakest,Weak,66.64%,1.43,11.31,12.05,55%
PH,"Parker-Hannifin Corp","Machinery - General Industrial",997.52,+2.15%,4,Buy,"88% Buy",+34.58,+40.08%,925.28,932.46,935.22,965.39,61.2,18.24,2.46,696187,Strongest,Average,67.18%,0.74,932.96,997.81,100%
MCBS,"Metrocity Bankshares Inc","Banks - Southeast",35.6,+0.62%,3,Hold,"80% Buy",+34.28,+32.34%,32.71,34.82,31.16,35.78,50.99,10.5,23.11,78861,Strengthening,Strong,53.27%,0.84,34.67,36.9,42%
PTHS,"Pelthos Therapeutics Inc","Medical - Biomedical",26.84,-6.35%,6,Sell,"40% Buy",+34.20,+28.70%,25.48,27.07,25.13,26.83,49.49,6.86,-24.45,25962,Average,Minimum,56.57%,7.44,24.88,28.78,50%
ITRN,"Ituran Location","Protection - Safety",55.86,+1.27%,1,Sell,"24% Buy",+34.05,+44.30%,57.27,60.14,53.45,55.55,44.92,22.46,18.85,121779,Weakest,Weak,36.31%,1.09,54.19,56.91,61%
AUB,"Atlantic Union Bancshares Corp","Banks - Northeast",42.77,+0.80%,4,Buy,"100% Buy",+34.03,+36.65%,38.59,40.53,38.53,42.24,57.73,14.81,10.13,1133375,Strongest,Maximum,57.28%,0.71,41.12,43.37,73%
SBH,"Sally Beauty Holdings","Retail - Misc & Diversified",16.13,+7.75%,7,Buy,"56% Buy",+33.82,+67.15%,13.87,13.96,14.43,14.92,66.58,45.31,2.08,1642192,Strongest,Average,61.06%,2.04,14.04,15.8,119%
BFC,"Bank First National Corp [Wisconsin]","Banks - Northeast",155.29,+1.67%,4,Buy,"100% Buy",+33.57,+32.55%,142.84,145.7,140.62,148.82,64.14,10.71,16.44,86482,Strongest,Strong,88.19%,0.78,143.07,154.57,106%
ECBK,"ECB Bancorp Inc","Banks - Northeast",20.6,+0.24%,3,Buy,"100% Buy",+33.30,+34.03%,18.58,19.55,18.24,20.19,59.73,12.19,7.43,11168,Strongest,Maximum,80.69%,1.37,19.72,20.67,92%
XPER,"Xperi Inc","Technology Services",7.81,+1.30%,1,Sell,"72% Buy",+33.15,+34.66%,7.12,7.78,6.69,7.66,53.83,12.82,22.25,428707,Average,Good,62.59%,0.81,7.26,8.05,69%
NNBR,"NN Inc","Metal Production & Fabrication",3.62,+9.37%,1,Hold,"96% Buy",+33.13,+81.00%,2.55,3.16,2.2,3.4,57.57,59.16,171.78,1324404,Strongest,Maximum,60.16%,0.28,3.1,3.7,87%
MGM,"MGM Resorts International",Gaming,44.5,-0.16%,4,Sell,"40% Buy",+32.94,+24.48%,41.89,46.22,39.74,46.07,38.66,2.64,10.92,4549241,Weakest,Good,19.82%,0.79,44.56,47.58,-2%
AVIR,"Atea Pharmaceuticals Inc","Medical - Biomedical",4.61,-1.91%,1,Hold,Hold,+32.92,+32.85%,5.04,4.59,4.75,4.77,46.49,11.01,18.1,422629,Falling,,73.87%,0.64,4.55,4.99,14%
MRBK,"Meridian Bank","Banks - Northeast",19.83,+0.97%,8,Hold,"80% Buy",+32.88,+37.61%,19.16,19.42,19.09,19.98,49.57,15.77,1.77,100489,Average,Average,34.24%,0.89,19.36,20.6,38%
BKTI,"Bk Technologies Inc","Wireless Equipment",80.16,+0.20%,2,Sell,"40% Sell",+32.68,+113.08%,84.18,81.83,83.34,80.54,47.99,91.24,-3.56,47415,Weakening,Minimum,59.65%,0.69,76.28,84.79,46%
CENT,"Central Garden","Consumer Prdts - Misc Discr",43.45,+0.93%,4,Hold,"96% Buy",+32.61,+11.67%,39.79,42.31,38.28,43.34,51.89,-10.17,24.12,78465,Strengthening,Strong,38.13%,0.92,42.2,44.48,55%
ASB,"Associated Banc-Corp","Banks - Midwest",31.4,+1.68%,4,Buy,"100% Buy",+32.52,+30.34%,28.29,29.75,27.88,30.81,59.81,8.5,10.86,2122073,Strongest,Maximum,57.39%,0.58,30,31.62,87%
IMDX,"Insight Molecular Diagnostics Inc","Medical Information Systems",5.03,+8.17%,1,Sell,"40% Sell",+32.26,+96.48%,4.81,5.37,5.33,4.77,51.85,74.64,-43.96,189841,Weakening,Weak,50.89%,1.27,4.4,5.15,84%
ENIC,"Enersis Chile S.A. ADR","Utility - Electric Power",4.51,+1.58%,6,Buy,"100% Buy",+32.04,+41.82%,4.33,4.39,4.29,4.41,55.89,19.98,1.16,590758,Strengthening,Good,63.11%,0.66,4.3,4.53,93%
NECB,"Northeast Community Bancorp","Banks - Northeast",26.85,+0.56%,1,Buy,"100% Buy",+31.80,+33.05%,25.07,26.06,24.58,26.62,53.17,11.21,7.72,45071,Strongest,Strong,47.11%,1,25.88,27.35,66%
PAYS,"Paysign Inc","Financial Transaction Services",9.25,+3.24%,7,Buy,"100% Buy",+31.79,+29.55%,6.75,7.94,5.87,8.85,61.95,7.71,68.58,594052,Strengthening,Maximum,70.19%,1.01,8.33,9.37,88%
FUSB,"First US Bancshares Inc","Banks - Southeast",16.76,+1.58%,3,Buy,"100% Buy",+31.67,+29.32%,15.97,16.38,15.51,16.58,55.79,7.48,8.94,6339,Strengthening,Strong,76.13%,0.32,16.26,16.91,77%
ONB,"Old National Bncp","Banks - Midwest",26.85,+0.79%,3,Buy,"100% Buy",+31.55,+31.62%,24.21,25.43,24.08,26.46,59.09,9.78,9.32,3474867,Strongest,Maximum,56.95%,0.88,25.8,27.11,80%
SLP,"Simulations Plus Inc","Computer - Software",18.31,+0.44%,1,Buy,"88% Buy",+31.38,+43.05%,15.51,17.56,15.64,18.27,62.2,21.21,-10.59,396640,Average,Average,45.00%,0.43,18.18,18.37,69%
BMRC,"Bank of Marin Bancrp","Banks - West",29.3,+0.48%,7,Buy,"100% Buy",+31.33,+31.86%,26.46,27.33,26.44,28.73,57.85,10.02,1.62,109486,Strongest,Strong,38.91%,1.2,27.7,29.76,78%
EQIX,"Equinix Inc","REIT - Equity Trust Retail",1031.44,+1.19%,7,Hold,"32% Buy",+31.11,+33.65%,1045.53,1053.6,981.99,1030.97,48.41,11.81,23.59,591239,Weakening,Soft,34.96%,0.94,997.03,1064.91,51%
ABEV,"Ambev S.A. ADR","Beverages - Alcohol",3.05,-1.93%,5,Sell,"16% Buy",+31.10,+39.91%,3.07,3.13,2.99,3.07,44.8,18.07,12.45,29214406,Weakening,Weak,61.67%,1.54,3,3.15,35%
UNM,"Unumprovident Corp","Insurance - Accident & Health",90.11,+4.65%,1,Sell,"72% Buy",+31.03,+29.23%,82.68,88,80.23,87.85,56.37,7.39,5.24,1492056,Strengthening,Strong,64.47%,1.4,84.82,90.88,87%
BEP,"Brookfield Renewable","Utility - Electric Power",33.68,+2.50%,2,Sell,"24% Buy",+30.93,+30.39%,33.74,34.33,32.35,32.46,55.43,8.55,13.85,811763,Weakest,Weak,59.92%,0.53,31.32,33.61,103%
INDB,"Independent Bk Corp","Banks - Northeast",85,+1.40%,4,Buy,"100% Buy",+30.81,+36.96%,79.84,82.62,79.62,84.61,53.91,15.12,5.28,346637,Strongest,Strong,58.49%,0.85,82.56,86.66,59%
BC,"Brunswick Corp","Leisure & Recreational Prdcts",79.39,+0.49%,5,Sell,"40% Buy",+30.68,+40.17%,78.69,81.16,80.13,79.35,47.5,18.33,-4.09,837231,Weakest,Weak,37.82%,0.89,75.84,82.86,51%
UTMD,"Utah Medical Prod","Medical Products",72.75,+3.16%,2,Buy,"100% Buy",+30.66,+32.39%,66.77,68.42,65.28,69.34,58.35,10.55,18.97,15326,Strongest,Maximum,69.58%,0.69,65.79,72.89,98%
AFRI,"Forafric Global Plc","Agriculture Operations",10.56,-1.40%,5,Buy,"100% Buy",+30.57,+36.79%,10.02,10.22,10.05,10.53,54.52,14.95,-15.29,15038,Strongest,Average,46.00%,0.61,10.19,10.88,54%
SII,"Sprott Inc","Finance - Investment Mgmt",104.06,+1.02%,1,Sell,"88% Sell",+30.46,+56.27%,127.28,115.25,127.62,106.37,42.41,34.43,-4.76,203529,Strengthening,Average,28.73%,1.22,100.89,111.85,29%
RMCO,"Royalty Management Holding Corp","Finance - Investment Mgmt",2.3,+1.77%,1,Sell,"88% Sell",+30.30,+70.37%,2.7,2.44,3.09,2.29,46.94,48.53,-36.6,43918,Average,Average,50.59%,0.25,2.13,2.44,54%
FBNC,"First Bancorp [Nc]","Banks - Southeast",63.92,+1.67%,3,Buy,"100% Buy",+30.22,+32.18%,59.51,61.94,58.8,63.63,54.13,10.34,14.82,233789,Strongest,Strong,46.26%,0.73,61.82,65.44,58%
TEX,"Terex Corp","Machinery - Construct & Mining",64.41,+2.50%,3,Sell,"56% Buy",+29.65,+31.56%,62.84,65.02,62.62,65.77,46.53,9.72,9.63,1499220,Average,Soft,24.56%,0.92,61.61,69.92,34%
SMC,"Summit Midstream Corporation","Oil Gas Prod Pipeline MLP",31.19,+1.20%,5,Buy,"88% Buy",+29.56,+28.25%,30.13,29.75,29.55,30.36,58.71,6.41,5.87,61085,Strengthening,Average,61.22%,0.54,29.33,31.4,90%
KTB,"Kontoor Brands Inc","Textile - Apparel",84.66,+1.10%,3,Buy,"88% Buy",+29.09,+54.40%,75.03,79.81,71.49,85.11,52.81,32.56,27.55,764711,Strengthening,Strong,25.93%,0.69,82.1,88.12,43%
MNKD,"Mannkind Corp","Medical - Biomedical",3.8,-2.81%,1,Hold,"32% Sell",+28.97,+1.33%,3.32,3.87,3.93,4.01,45.51,-20.51,-44.01,5034188,Weakening,Weak,43.80%,1.02,3.76,4.26,8%
CENTA,"Central Garden & Pet","Consumer Prdts - Misc Discr",38.19,+0.74%,4,Buy,"100% Buy",+28.93,+8.37%,35.22,37.18,34.01,38.02,52.37,-13.47,19.8,321590,Strengthening,Strong,43.64%,0.81,36.93,39.1,58%
CZR,"Caesars Entertainment Inc","Leisure & Recreation Services",29.73,-0.07%,2,Hold,"80% Buy",+28.85,+15.77%,28.42,29.59,26.55,29.88,49.17,-6.07,16.08,6495313,Average,Good,21.46%,0.36,29.55,30.2,27%
NOVT,"Novanta Inc","Electronics - Misc Components",148.34,+4.06%,1,Sell,"56% Buy",+28.70,+23.51%,141.43,154.05,139.07,145.79,51.18,1.67,13.64,514091,Weakening,Average,43.66%,0.74,136.77,154.81,64%
WAT,"Waters Corp","Medical Instruments",374.74,-0.68%,4,Hold,"80% Buy",+28.57,+29.08%,342.09,368.68,347.86,374.41,51.53,7.24,-12.37,907864,Weakening,Average,69.10%,1.26,362.76,386.06,51%
DDI,"Doubledown Interactive ADR",Gaming,11.67,+0.78%,4,Buy,"88% Buy",+28.54,+26.71%,10.59,11.53,10,11.44,62.72,4.87,24.2,88919,Strengthening,Strong,68.73%,0.87,11.2,11.67,99%
MSGM,"Motorsport Games Inc Cl A",Gaming,4.73,+9.24%,2,Buy,"100% Buy",+28.47,+58.19%,4.28,4.3,4.06,4.5,57.49,36.35,38.18,729799,Strengthening,Good,55.24%,0.75,4.17,4.82,86%
EIG,"Employers Holdings Inc","Insurance - Accident & Health",50.65,+0.20%,3,Buy,"100% Buy",+28.26,+29.44%,44.76,48.09,44.2,50.3,56.35,7.6,6.3,258380,Strengthening,Maximum,62.78%,0.72,48.81,51.78,62%
DOW,"Dow Inc","Chemical - Diversified",29.89,-1.32%,8,Sell,"56% Sell",+27.98,+37.17%,34.99,31.31,33.04,29.8,47.68,15.33,16.81,12947726,Strengthening,Weak,41.33%,0.78,28.25,31.34,53%
AIRG,"Airgain Inc","Communications Components",5.69,-1.73%,1,Sell,"8% Buy",+27.93,+29.02%,6.19,6.4,5.61,5.9,38.28,7.18,29.12,72960,Weakest,Weak,29.41%,0.65,5.59,6.2,17%
VABK,"Virginia Natl Bnk","Banks - Northeast",46.6,+1.76%,6,Buy,"100% Buy",+27.82,+27.32%,42.55,44.37,41.79,45.39,59.65,5.48,5.91,8444,"Top 1%",Maximum,50.18%,1.59,43.58,47.2,83%
GASS,"Stealthgas Inc","Transportation - Ship",8.86,-0.67%,7,Sell,"8% Buy",+27.81,+34.45%,9.21,8.89,8.84,8.78,51.93,12.61,15.18,132988,Weakest,Minimum,68.14%,0.64,8.51,9.06,64%
LYTS,"L S I Industries","Building Products - Ltg FX",24.12,+3.12%,1,Sell,"56% Buy",+27.66,+34.07%,22.75,24.49,22.13,23.83,50.78,12.23,20.63,291397,Average,Average,54.22%,0.61,22.75,24.91,63%
FNB,"F.N.B. Corp","Banks - Southeast",19.19,+1.53%,3,Buy,"100% Buy",+27.64,+29.14%,17.83,18.51,17.76,18.96,56.06,7.3,1.19,6768111,Strongest,Strong,48.08%,0.99,18.53,19.39,77%
SNA,"Snap-On Inc","Tools - Hand Held",409.41,-0.24%,4,Buy,"100% Buy",+27.55,+28.83%,382.51,393.74,378.66,406.69,54.64,6.99,7.78,355612,Average,Maximum,60.38%,0.96,395.49,417.9,62%
SRTA,"Strata Critical Medical Inc","Medical Services",5.55,+10.56%,1,Hold,"80% Buy",+27.55,+46.83%,5.11,5.52,5.05,5.15,58.57,24.99,4.35,930498,Average,Average,51.85%,1.29,4.86,5.43,120%
RFL,"Rafael Holdings Inc","Medical - Drugs",2,+3.09%,1,Sell,"56% Buy",+27.48,+14.29%,1.73,2.17,1.57,2.2,43.15,-7.55,58.46,129432,Weakening,Average,11.92%,0.37,1.91,2.49,15%
MTX,"Minerals Technologies Inc","Chemical - Specialty",75.21,-1.35%,4,Sell,"40% Buy",+27.41,+33.16%,74.09,75.58,72.14,73.72,51.93,11.32,12.37,212118,Weakest,Soft,45.19%,2.04,71.23,76.21,80%
GLRE,"Greenlight Cap. Re.","Insurance - Proprty & Casualty",16.64,-0.06%,7,Buy,"40% Buy",+27.40,+30.41%,16.97,16.34,15.98,16.76,49.21,8.57,3.1,170652,Weakest,Weak,38.92%,0.81,15.98,17.53,42%
XFOR,"X4 Pharmaceuticals Inc","Medical - Biomedical",4.09,+2.76%,3,Hold,"48% Buy",+27.32,+155.63%,4.06,4,3.94,3.94,54.42,133.79,-8.78,698595,Average,Weak,63.21%,0.49,3.62,4.25,74%
OSS,"One Stop Systems Inc","Computer - Micro",13.06,+6.79%,1,Sell,"24% Buy",+27.23,+164.91%,13.11,15.58,11.79,12.94,47.1,143.07,70.86,1547322,Weakest,Soft,48.47%,0.64,11.14,14.73,53%
OSW,"Onespaworld Holdings Ltd","Leisure & Recreation Services",26.36,+2.33%,1,Buy,"88% Buy",+27.21,+20.97%,24.71,26.02,23.51,26.41,49.79,-0.87,16.07,879473,Strengthening,Strong,32.34%,1.53,25.42,27.4,48%
WRN,"Western Copper Corp","Mining - Misc",2.1,+2.94%,1,Sell,"100% Sell",+26.85,+75.00%,2.55,2.36,2.79,2.14,44.08,53.16,-32.38,1759106,Strengthening,Average,26.88%,0.43,2.02,2.26,33%
STHO,"Star Holdings","Real Estate Operations",9.24,-1.39%,2,Buy,"96% Buy",+26.78,+26.75%,8.65,9.08,8.55,9.24,51.59,4.91,1.24,33509,Weakening,Strong,47.33%,0.64,8.94,9.53,50%
PENN,"Penn Entertainment Inc",Gaming,19.98,-2.68%,1,Sell,"56% Buy",+26.74,+12.25%,18.04,20.48,16.65,20.71,43.7,-9.59,24.43,3887722,Weakening,Good,26.20%,0.87,19.89,21.53,5%
AG,"First Majestic Silver","Mining - Silver",15.7,+4.46%,1,Sell,"88% Sell",+26.66,+100.51%,19.21,17.45,20.52,16.23,44.17,78.67,-16.79,18197574,Average,Average,37.45%,0.77,14.97,17.49,29%
TTC,"Toro Company","Tools - Hand Held",95.18,+3.60%,1,Hold,"64% Buy",+26.60,+30.44%,93.43,92.81,93.29,93.62,54.42,8.6,9.88,855857,Average,Weak,37.96%,0.8,91.17,96.07,82%
KLC,"Kindercare Learning Companies Inc",Schools,5.41,+1.12%,9,Buy,"88% Buy",+26.31,-42.93%,3.8,4.5,3.96,5.15,66.07,-64.77,14.2,1011448,Strengthening,Average,74.44%,0.57,4.8,5.49,88%
VLGEA,"Village Super Mkt","Retail - Supermarket",43.9,-0.09%,7,Buy,"88% Buy",+26.31,+29.35%,42.84,42.74,40.94,43.4,55.43,7.51,13,49515,Weakening,Average,62.80%,1.03,41.93,44.86,67%
RL,"Ralph Lauren Corp","Textile - Apparel",380.17,-0.04%,1,Sell,"40% Buy",+26.29,+29.41%,369.52,386.04,366.61,380.78,48.41,7.57,-3.52,644167,Weakening,Soft,57.60%,0.88,366.66,394.9,48%
BNED,"Barnes & Noble Education Inc C","Consumer Prdts - Misc Discr",12.9,+3.70%,4,Buy,"100% Buy",+26.03,+53.94%,10.64,11.61,9.98,12.34,57.54,32.1,29.34,321462,Strongest,Maximum,60.91%,0.53,11.37,13.31,79%
RNST,"Renasant Corp","Banks - Southeast",43.93,+0.83%,3,Buy,"100% Buy",+25.95,+23.68%,40.32,42.32,39.57,43.16,58.34,1.84,13.7,670867,Strongest,Maximum,78.79%,0.72,41.82,44.5,79%
KZIA,"Kazia Therapeutics Ltd ADR","Medical - Biomedical",12.41,-1.66%,9,Sell,"56% Buy",+25.87,+51.71%,11.69,13.06,10.05,13.07,44.67,29.87,69.09,374203,Weakest,Average,35.47%,1.03,11.78,14.36,24%
GFF,"Griffon Corp","Conglomerates - Div Operations",89.41,+3.76%,2,Sell,"40% Buy",+25.75,+10.70%,85.64,90.42,84.91,90.36,48.02,-11.14,10.37,338536,Average,Good,16.54%,1.32,86.43,94.3,38%
CQP,"Cheniere Energy Partners LP","Other Alt Energy",67,+1.67%,6,Buy,"88% Buy",+25.74,+17.87%,63.51,62.69,61.51,64.24,60.67,-3.97,14.25,121372,Strongest,Good,79.73%,1.3,61.67,66.82,104%
AKO.B,"Embotell Andna Sa Cl B ADR","Beverages - Soft",29.92,-0.43%,7,Buy,"100% Buy",+25.72,+28.97%,28.56,29.37,28.94,29.8,52.34,7.13,-3.79,15863,Average,Average,33.52%,0.61,28.88,30.71,57%
EFSC,"Enterprises Finl Svc","Banks - Midwest",66.8,+0.74%,3,Buy,"100% Buy",+25.64,+24.14%,60.52,64.16,59.37,66.05,56.92,2.3,12.67,226956,Strongest,Maximum,73.94%,0.78,64.16,67.94,70%
HSLV,"Highlander Silver Corp",Unclassified,4.34,+1.64%,1,Sell,"88% Sell",+25.58,+84.68%,5.32,4.7,5.37,4.43,46.44,62.84,0.8,232615,Strengthening,Soft,46.74%,0.23,3.98,4.87,40%
AVGO,"Broadcom Ltd","Electronics - Semiconductors",392.23,+0.76%,3,Sell,"56% Buy",+25.34,+35.89%,384.41,394.8,367.64,385.65,52.68,14.05,2.3,26538449,Strengthening,Weak,76.46%,0.62,367.34,403.95,68%
SIGI,"Selective Ins Group","Insurance - Proprty & Casualty",95.42,+0.66%,1,Buy,"88% Buy",+25.01,+23.17%,87.03,93.48,86.02,96.01,50.7,1.33,3.01,560599,Strengthening,Strong,45.35%,0.86,93.08,98.94,40%
TDY,"Teledyne Technologies","Aerospace - Defense Equipment",670.56,+2.29%,2,Buy,"88% Buy",+25.01,+23.11%,632.41,631.17,626.6,641.2,62.91,1.27,20.26,360454,Strongest,Average,78.12%,0.83,615.71,666.69,108%
NJR,"Newjersey Resources Corp","Utility - Gas Distribution",58.08,+0.33%,7,Buy,"88% Buy",+24.88,+26.92%,56.27,56.87,54.34,58.69,49.56,5.08,14.9,595372,Average,Strong,21.73%,1.11,57.22,60.16,29%
AMX,"America Movil S.A.B. DE C.V. ADR","Wireless Non-US",24.96,-1.54%,4,Sell,"24% Buy",+24.85,+38.98%,25.86,25.96,24.66,25.87,36.7,17.14,9.72,1914937,Weakest,Weak,28.97%,1.36,25.04,26.7,-5%
SIBN,"Si-Bone Inc","Medical Instruments",18.45,+3.89%,7,Buy,"88% Buy",+24.83,+6.10%,14.8,16.24,15.47,17.39,62.58,-15.74,-17.47,600442,Strengthening,Good,72.39%,1.46,16.29,18.5,98%
LEVI,"Levi Strauss & Company Cl A","Retail - Apparel & Shoes",24.62,+0.41%,4,Buy,"100% Buy",+24.57,+27.96%,22.36,23.9,21.96,24.48,52.69,6.12,7.68,2579624,Strengthening,Strong,45.54%,0.55,23.55,25.41,58%
CVBF,"Cvb Financial Corp","Banks - West",22.86,+2.19%,2,Buy,"100% Buy",+24.53,+24.44%,20.79,21.73,20.46,22.58,58.15,2.6,11.87,1494830,Strongest,Maximum,58.55%,1.1,22.07,23.08,78%
SLSR,"Solaris Res Inc","Mining - Misc",7.64,+1.46%,1,Sell,"72% Sell",+24.12,+57.85%,9.03,8.57,9.15,7.63,45.79,36.01,-15.17,136145,Average,Average,60.16%,0.31,7.07,8.18,51%
LUMN,"Lumen Technologies Inc","Diversified Comm Services",6.45,+1.10%,4,Sell,"100% Sell",+24.03,+73.85%,7.93,7.86,7.9,6.46,41.26,52.01,-28.02,14770024,Strengthening,Average,58.11%,0.91,6.11,6.81,49%
LYV,"Live Nation Entertainment","Movie & TV Production & Dist",181.69,+4.34%,1,Hold,"96% Buy",+23.79,+24.33%,166.67,174.82,161.15,180.29,54.31,2.49,16.47,2823635,Strengthening,Strong,55.91%,1.33,174.92,185.66,63%
CC,"Chemours Company","Chemical - Diversified",17.11,+3.01%,2,Sell,"56% Sell",+23.66,+48.78%,21.2,19.8,19.59,17.6,41.64,26.94,34.09,2916610,Weakening,Soft,24.32%,1.06,16.28,18.92,32%
NODK,"Ni Holdings Inc","Insurance - Proprty & Casualty",15.54,+2.57%,4,Sell,"72% Buy",+23.57,+24.22%,14.24,15.38,13.94,15.72,48.74,2.38,5.81,17404,Strengthening,Strong,16.07%,1.02,15.31,16.14,28%
ACNT,"Ascent Industries Co.","Machinery - General Industrial",15.53,+0.39%,2,Buy,"56% Buy",+23.56,+22.67%,14.08,14.54,14.86,15.26,63.53,0.83,-15.11,88704,Average,Weak,90.35%,1.09,14.96,15.56,96%
HCI,"HCI Group","Insurance - Proprty & Casualty",179.28,+2.44%,3,Buy,"72% Buy",+23.44,+29.11%,162.49,169.88,164.33,178.97,53.83,7.27,-17.5,170398,Weakening,Average,51.91%,1.57,173.65,184.29,53%
MCFT,"Mastercraft Boat Holdings Inc","Leisure & Recreational Prdcts",24.04,+0.50%,5,Buy,"88% Buy",+23.43,+26.39%,23.09,23.9,22.67,24.38,47.52,4.55,16.1,147262,Weakening,Good,33.91%,1.15,23.45,25.31,32%
TRNS,"Transcat Inc","Industrial Controls",89.58,+4.93%,2,Sell,"72% Buy",+23.24,+20.16%,81.71,87.77,77.37,87.25,54.62,-1.68,46.88,143643,Strengthening,Strong,52.57%,0.63,82.53,91.98,75%
TFX,"Teleflex Inc","Medical Instruments",139.7,+2.19%,7,Buy,"100% Buy",+23.10,+20.55%,126.6,131.15,121.51,133.88,61.67,-1.29,3.44,759675,Strongest,Strong,61.65%,1.96,129.21,138.54,112%
HVT,"Haverty Furniture Companies","Retail - Home Furniture",25.82,+4.79%,4,Buy,"88% Buy",+22.74,+26.57%,23.07,24.45,23.79,25.32,56.37,4.73,-0.5,104100,Strengthening,Good,43.84%,1,24.39,26.25,77%
COFS,"Choiceone Financial","Finance - Misc Services",34.21,+0.53%,4,Hold,"96% Buy",+22.49,+19.16%,31.15,32.83,30.46,33.63,55.85,-2.68,4.86,103663,Strengthening,Maximum,79.41%,0.54,32.36,34.9,73%
SGC,"Superior Uniform Group","Textile - Apparel",12.92,+9.03%,7,Sell,"56% Buy",+22.38,+35.29%,11.92,12.93,11.29,12.84,51.52,13.45,22.44,46048,Average,Strong,24.20%,2.09,12.08,13.59,55%
CODA,"Coda Octopus Group","Electronics - Semiconductors",10.28,+1.38%,8,Sell,"72% Sell",+22.06,+43.18%,11.34,10.53,11.52,9.95,53.95,21.34,-0.49,163846,Weakening,Weak,63.52%,0.23,9.46,10.44,84%
CVCO,"Cavco Inds Inc","Building - Mobile Homes & RV",545.64,-0.25%,1,Sell,"8% Sell",+21.94,+29.05%,533.02,570.48,553.77,566.98,40.79,7.21,-18.66,157313,Weakest,Minimum,22.67%,1.57,545.2,588.77,1%
ARTV,"Artiva Biotherapeutics Inc","Medical - Biomedical",10.76,+6.53%,6,Buy,"100% Buy",+21.78,+280.21%,8.77,9,7.39,9.82,59.49,258.37,139.79,1235060,Strongest,Good,65.88%,1.06,8.82,10.82,97%
ZD,"Ziff Davis Inc","Internet - Software",54.01,+1.75%,5,Buy,"100% Buy",+21.74,+83.15%,46.49,49.32,42.69,52.77,60.58,61.31,42.63,756409,Strongest,Maximum,56.97%,0.92,51.05,54.49,86%
CRBP,"Corbus Pharmaceuticals Hldgs Inc","Medical - Drugs",8.92,-0.56%,4,Buy,"56% Sell",+21.71,-4.19%,9.33,8.68,8.95,9.12,48.59,-26.03,-1.45,375122,Average,Weak,45.35%,0.25,8.61,9.63,30%
DLO,"Dlocal Ltd Cl A","Financial Transaction Services",15.31,+1.53%,2,Buy,"72% Buy",+21.66,+52.95%,13.09,13.34,13.19,14.75,63.36,31.11,-2.76,1980249,Strengthening,Strong,80.73%,0.72,14.15,15.35,97%
TWO,"Two Harbors Invt Corp","REIT - Mortgage Trusts",12.05,-0.33%,5,Sell,"40% Buy",+21.60,+23.21%,11.76,12.25,11.64,12.09,36.99,1.37,3.73,2780040,Weakest,Soft,59.52%,3.67,12.06,12.12,-15%
FLNG,"Flex Lng Ltd","Transportation - Ship",30.83,-1.22%,4,Hold,"80% Buy",+21.59,+23.37%,30.67,30.41,29.37,30.74,51.57,1.53,12.54,464904,Weakening,Average,58.74%,0.61,29.73,31.75,55%
AU,"Anglogold Ashanti Ltd ADR","Mining - Gold",81.61,+2.89%,1,Sell,"88% Sell",+21.55,+67.37%,91.09,84.32,95.55,79.57,50.76,45.53,-15.33,2985663,Average,Average,80.24%,1.17,75.57,83.58,75%
FSEA,"First Seacoast Bancorp Inc","Banks - Northeast",17.01,+0.24%,6,Buy,"100% Buy",+21.26,+46.76%,15.11,16.85,14.34,16.91,67.77,24.92,17.83,15057,Strengthening,Strong,77.05%,0.91,16.82,17,105%
HMN,"Horace Mann Educators Corp","Insurance - Multi Line",51.81,-0.58%,2,Buy,"88% Buy",+21.20,+25.54%,47.17,50.11,46.02,52.18,52.51,3.7,1.16,248792,Average,Strong,52.64%,0.75,50.83,53.53,36%
TNC,"Tennant Company","Machinery - General Industrial",85.82,+2.13%,2,Sell,"40% Buy",+20.89,+5.81%,81.04,86.49,79.04,85.96,49.3,-16.03,5.42,189854,Weakening,Average,50.59%,0.64,83.3,88.61,47%
CRD.A,"Crawford Company Cl A","Business Services",11.32,+3.76%,1,Hold,"80% Buy",+20.79,+21.07%,10.58,11.01,10.66,11.03,55.75,-0.77,-10.41,60433,Strengthening,Average,61.11%,0.52,10.69,11.36,94%
NXE,"Nexgen Energy Ltd","Mining - Misc",9.57,+4.59%,1,Sell,"72% Sell",+20.78,+47.69%,10.92,9.93,11.22,9.2,51.67,25.85,-7.01,7581700,Weakening,Average,71.70%,0.62,8.71,9.69,88%
NEM,"Newmont Mining Corp","Mining - Gold",95.37,+1.77%,1,Sell,"72% Sell",+20.72,+52.37%,104.85,98.56,109,93.42,50.52,30.53,-15.52,9449083,Average,Average,69.21%,0.62,89.5,97.35,75%
FHN,"First Horizon Corp","Banks - Southwest",25.8,+0.62%,3,Buy,"100% Buy",+20.61,+20.90%,24.34,25.1,24.38,25.6,55.03,-0.94,-3.08,6340259,Strongest,Strong,68.51%,0.67,25.13,26.07,71%
TORO,"Toro Corp","Transportation - Ship",5.35,+3.08%,3,Buy,"88% Buy",+20.54,+82.59%,4.91,5.06,4.7,5.02,66.36,60.75,-9.7,281146,Strongest,Soft,81.02%,0.96,4.81,5.24,127%
GNLX,"Genelux Corp","Medical - Biomedical",2.98,+1.36%,1,Hold,"16% Buy",+20.41,-15.10%,2.81,2.95,2.85,2.93,52.53,-36.94,-42.68,218003,Weakening,Minimum,70.49%,1.27,2.82,3.05,70%
OVLY,"Oak Valley Bancp CA","Banks - West",33.6,-0.80%,3,Buy,"72% Buy",+20.33,+27.32%,33.36,33.64,32.9,33.43,50.64,5.48,0.75,27699,Weakest,Soft,71.01%,0.82,32.43,34.43,59%
ALGN,"Align Technology","Medical - Dental Suppliers",172.89,+2.21%,2,Hold,Hold,+20.27,+26.64%,174.23,173.94,174.29,175.62,48.38,4.8,-0.31,1189084,Bearish,,30.48%,0.95,166.02,185.23,36%
VREX,"Varex Imaging Corp","Medical Products",11.92,+6.52%,7,Buy,"24% Buy",+20.23,+66.02%,10.81,10.58,11.63,10.88,71.05,44.18,-8.71,353747,Average,Minimum,83.27%,1.14,10.28,11.48,137%
VTOL,"Bristow Group Inc","Transportation - Airline",45.67,+0.77%,7,Buy,"56% Buy",+20.13,+37.85%,44.62,43.15,44.12,44.51,62.06,16.01,13.68,211653,Strengthening,Weak,61.85%,1.04,42.67,46.35,82%
HCC,"Warrior Met Coal Inc",Coal,80.5,+1.37%,3,Sell,"56% Sell",+20.07,+56.34%,88.03,87.46,88.65,80.17,46.2,34.5,-19.73,855003,Weakening,Soft,42.48%,0.65,77.17,83.17,55%
PFBC,"Preferred Bank LA","Banks - West",106.1,+1.59%,3,Hold,"96% Buy",+20.00,+19.12%,97.19,102.01,95.33,105.28,56.29,-2.72,1.33,103433,Strongest,Strong,51.35%,1.07,101.91,108.65,62%
NC,"Nacco Industries",Coal,48.11,+1.50%,4,Sell,"72% Sell",+19.68,+31.74%,49.76,49.42,50.35,47.38,50.24,9.9,-12.93,11743,Average,Weak,36.85%,0.74,46.18,48.58,80%
EPD,"Enterprise Products Partners LP","Oil Gas Prod Pipeline MLP",37.87,-0.47%,12,Buy,"72% Buy",+19.68,+23.19%,37.81,37.62,36.66,38.15,48.85,1.35,7.09,4082827,Weakening,Average,37.04%,0.92,37.15,39.15,36%
GROW,"U S Global Inv Inc","Finance - Investment Mgmt",2.98,+4.20%,1,Sell,"88% Buy",+19.45,+25.47%,2.81,2.91,2.86,2.94,53.22,3.63,12.62,40598,Strengthening,Soft,34.41%,1.85,2.86,3.02,74%
GDOT,"Green Dot Corp","Financial Transaction Services",13.31,+1.53%,6,Hold,"96% Buy",+19.30,+34.72%,12.49,13.11,12.37,13.3,52.83,12.88,-7.13,620705,Strongest,Average,29.51%,0.93,13.08,13.53,52%
TEO,"Telecom Argentina Stet France Telecom ADR","Wireline Non-US",13.89,-0.79%,7,Buy,"88% Buy",+19.30,+52.81%,12.63,13.56,12.32,13.55,55.3,30.97,8.61,352484,Strengthening,Average,84.42%,0.27,12.87,14.23,75%
TMCI,"Treace Medical Concepts Inc","Medical Instruments",4.68,+8.58%,4,Buy,"88% Buy",+19.24,-12.36%,2.89,4,2.67,4.29,62.03,-34.2,79.99,792073,Strongest,Good,67.41%,0.5,3.87,4.71,96%
CR,"Crane Company","Machinery - General Industrial",219.32,+2.75%,5,Hold,"96% Buy",+19.17,+13.35%,192.95,207.94,194.43,218.08,53.98,-8.49,7.89,456505,Strongest,Strong,41.49%,0.93,209.12,227.04,57%
SGHT,"Sight Sciences Inc","Medical Instruments",5.53,+5.13%,2,Hold,"16% Buy",+19.16,+69.11%,4.61,5.11,5.12,5.18,59.86,47.27,-41.29,265864,Weakest,Minimum,78.54%,1.04,4.79,5.57,95%
VTMX,"Corp Inmobiliaria Vesta S.A.B DE C.V. ADR","Real Estate Operations",34.38,-0.32%,2,Buy,"72% Buy",+19.10,+22.79%,34.32,34.22,33.79,34.3,51.05,0.95,1.73,86771,Weakest,Soft,57.39%,0.34,33.52,35.09,55%
FLR,"Fluor Corp","Engineering & R&D Services",50.17,0.00%,5,Hold,"80% Buy",+18.89,+21.13%,48.75,50.1,47.97,50.27,49.33,-0.71,15.57,2863615,Average,Good,50.63%,0.9,47.51,53.02,48%
BSVN,"Bank7 Corp","Banks - Southeast",50.31,+0.06%,5,Hold,"96% Buy",+18.71,+17.00%,44.83,47.73,44.22,50.27,55.28,-4.84,11.74,15390,Strengthening,Strong,49.07%,1.34,48.67,51.88,51%
WHG,"Westwood Holdings Group Inc","Finance - Investment Mgmt",19.05,-0.63%,2,Buy,"88% Buy",+18.60,+12.52%,17.28,18.44,17.34,19.47,48.48,-9.32,-0.34,14943,Average,Strong,17.87%,0.96,18.81,20.13,18%
ISOU,"Isoenergy Ltd","Mining - Misc",9.53,+2.58%,1,Sell,"72% Sell",+18.58,+51.03%,10.78,10.34,10.83,9.71,46.4,29.19,-6.3,115080,Strengthening,Soft,41.76%,0.24,8.95,10.46,38%
RRR,"Red Rock Resorts Inc",Gaming,65.61,+1.82%,2,Buy,"88% Buy",+18.54,+8.37%,58.74,62.19,59.91,64.71,56.36,-13.47,-5.12,841185,Strengthening,Strong,52.01%,1.09,62.69,66.72,72%
BLCO,"Bausch & Lomb Corp","Medical Services",16.77,-0.83%,2,Buy,"40% Buy",+18.51,+24.22%,16.06,15.94,16.47,16.4,57.06,2.38,-12.84,431826,Weakest,Weak,89.46%,0.97,15.66,17.14,75%
KIDS,"Orthopediatrics Corp","Medical Instruments",20.87,+3.37%,3,Buy,"100% Buy",+18.49,+2.35%,17.82,18.98,17.8,19.81,62.07,-19.49,6.48,167889,Strongest,Strong,74.30%,2.41,18.69,20.92,98%
PSA,"Public Storage","REIT - Equity Trust Other",325.9,+0.53%,4,Buy,"100% Buy",+18.25,+16.86%,305.27,317.31,299.27,320.67,54.72,-4.98,14.56,1134411,Strongest,Maximum,53.40%,0.76,309.5,331.83,73%
EFSI,"Eagle Financial Services Inc","Banks - Southeast",40.19,-0.89%,3,Sell,"56% Buy",+18.23,+21.71%,38.74,41.11,38.61,41.13,43.15,-0.13,-10.04,26414,Weakening,Average,29.51%,0.79,39.61,42.65,19%
JLHL,"Julong Holding Limited Cl A","Building & Construction - Misc",6.21,-0.32%,3,Sell,"40% Sell",+18.14,+51.84%,13.72,16.76,10.73,7.48,41.6,30,43.06,741641,Weakening,Minimum,14.06%,0.03,2.85,12.11,36%
RAVE,"Rave Restaurant Group","Retail - Restaurants",3.28,+4.13%,2,Sell,"72% Buy",+18.14,+15.49%,2.89,3.17,2.97,3.22,55.93,-6.35,-11.64,54243,Strengthening,Good,39.26%,0.78,3.03,3.4,67%
OVBC,"Ohio Valley Banc Corp","Banks - Midwest",42.66,+1.43%,5,Sell,"8% Sell",+18.02,+34.96%,44.81,45.28,43.77,42.71,45.5,13.12,-4.33,20697,Weakest,Minimum,25.40%,0.54,41.04,44.37,49%
VNO,"Vornado Realty Trust","REIT - Equity Trust Other",39.93,+1.37%,3,Buy,"88% Buy",+18.02,+6.08%,33.02,37.78,32.36,39.45,55.6,-15.76,8.95,1797690,Average,Strong,49.34%,0.84,37.83,41.07,65%
CDRO,"Codere Online Luxembourg S.A.",Gaming,9.27,+0.98%,4,Sell,"40% Buy",+17.53,+12.23%,9.1,9.5,8.71,9.35,46.84,-9.61,4.41,28573,Weakest,Average,42.29%,1.37,9.02,9.67,38%
TRIN,"Trinity Capital Inc","Finance - SBIC & Commercial",17.83,+1.60%,3,Buy,"100% Buy",+17.47,+19.58%,16.46,17.26,16.2,17.59,57.72,-2.26,10.68,1115098,Strongest,Maximum,45.83%,0.98,17.23,17.96,83%
LGCY,"Legacy Education Inc",Schools,12.2,+3.48%,5,Buy,"56% Buy",+17.44,+14.13%,11.99,11.49,11.75,11.86,57.15,-7.71,8.7,57231,Average,Weak,57.96%,0.88,11.34,12.39,82%
HIFS,"Hingham Inst For Svg","Banks - Northeast",294.27,+3.19%,1,Sell,"40% Buy",+17.29,+22.71%,286.52,290.79,290.06,288.83,53.86,0.87,-7.4,53405,Average,Weak,38.34%,1.3,277.21,300.45,73%
ARCO,"Arcos Dorados Holdings Inc","Retail - Restaurants",8.29,+1.47%,3,Sell,"8% Sell",+17.28,+26.76%,8.45,8.39,8.33,8.27,49.81,4.92,1.91,1255144,Weakest,Minimum,26.43%,0.76,8.1,8.44,56%
TOL,"Toll Brothers Inc","Building - Residential & Comm",150.46,+3.13%,1,Hold,"96% Buy",+17.28,+23.42%,143.36,148.5,145.28,149.88,50.4,1.58,0.24,1164046,Strengthening,Average,28.73%,0.57,144.35,155.4,55%
NTST,"Netstreit Corp","REIT - Equity Trust Other",21.39,-0.28%,4,Buy,"88% Buy",+17.26,+16.82%,20.47,20.89,20.01,21.76,48.72,-5.02,10.23,1509281,Weakening,Strong,24.75%,0.45,21.21,22.31,16%
SEG,"Seaport Entertainment Group Inc","Real Estate Operations",26.06,-0.65%,1,Buy,"88% Buy",+17.08,+15.93%,23.79,25.48,22.76,26.16,50.98,-5.91,20.79,71576,Weakening,Strong,49.40%,0.98,25.6,26.73,41%
FELE,"Franklin Electric Company","Machinery - Electrical",106.96,+2.14%,4,Buy,"100% Buy",+17.08,+14.83%,100.13,103.24,100.07,104.73,55.34,-7.01,0.93,310190,Strongest,Strong,20.82%,0.74,100.9,108.55,79%
NSTS,"Nsts Bancorp Inc","Banks - Northeast",13.8,+0.07%,8,Buy,"96% Buy",+17.04,+13.11%,13.08,13.77,12.86,13.8,57.19,-8.73,-4.47,8715,Weakening,Strong,58.33%,0.1,13.77,13.82,58%
FLOC,"Flowco Holdings Inc Cl A","Oil - International Integrated",20.23,-1.08%,2,Sell,"56% Sell",+16.92,+17.68%,22.78,21.93,22.26,20.16,46.26,-4.16,-3.08,546617,Weakening,Soft,57.79%,0.5,19.11,21.21,53%
ITT,"ITT Inc","Conglomerates - Div Operations",198.44,+1.26%,8,Hold,"48% Buy",+16.92,+20.97%,197.87,193.21,195.26,193.56,55.91,-0.87,3.34,886216,Average,Weak,64.12%,0.8,186.34,200.78,84%
DEA,"Easterly Government Properties","REIT - Equity Trust Other",25.29,+3.82%,3,Hold,"96% Buy",+16.91,+15.90%,23.59,24.49,23.39,25.05,56.05,-5.94,8.32,452669,Strengthening,Maximum,25.82%,1.27,24.45,25.65,70%
BCBP,"Bcb Bancorp Inc","Banks - Northeast",9.79,-2.00%,7,Sell,"24% Buy",+16.29,+20.86%,9.95,10.55,9.33,10.23,39.47,-0.98,10.28,114349,Weakening,Soft,36.73%,2.25,9.78,10.68,1%
LEGH,"Legacy Housing Corp","Real Estate Operations",26.26,0.00%,4,Buy,"88% Buy",+15.97,+15.43%,23.16,25.33,22.48,26.31,53.15,-6.41,23.5,105215,Average,Strong,41.47%,1.36,25.55,27.08,47%
W,"Wayfair Inc","Internet Commerce",89.31,+5.19%,2,Buy,"56% Buy",+15.95,+36.94%,77.54,83.44,83.65,88.64,52.49,15.1,-22.08,3647432,Average,Weak,47.53%,2.04,81.92,95.37,55%
NTWK,"Netsol Tech Inc","Computer - Software",4.25,-1.39%,1,Sell,"40% Buy",+15.92,+11.55%,4.04,4.46,3.78,4.37,42.56,-10.29,29.23,42138,Weakest,Average,26.78%,1.5,4.22,4.53,9%
PBHC,"Pathfinder Bcp MD","Finance - Savings & Loan",16.12,-1.41%,2,Buy,"88% Buy",+15.65,+10.18%,14.45,15.41,14.35,16.1,54.3,-11.66,3.22,6824,Average,Strong,50.42%,0.41,15.74,16.46,53%
BOC,"Boston Omaha Corp Cl A","Real Estate Operations",14.46,+1.97%,1,Buy,"100% Buy",+15.57,+10.05%,12.9,13.74,12.74,14.19,58.71,-11.79,5.87,170502,Strongest,Strong,34.17%,0.6,13.93,14.46,100%
CSIQ,"Canadian Solar Inc",Solar,15.52,+2.92%,3,Sell,"72% Sell",+15.49,+37.10%,15.66,16.08,17.28,14.75,53.58,15.26,-45.74,3501976,Weakening,Weak,58.81%,0.73,13.45,16.06,79%
MHO,"M/I Homes","Building - Residential & Comm",148.38,+1.54%,2,Hold,"80% Buy",+15.36,+20.99%,136.05,145.91,136.46,148.87,49.46,-0.85,4.94,241104,Average,Good,30.11%,1.4,144.13,153.6,45%
LZB,"La-Z-Boy Inc",Furniture,41,+4.11%,4,Buy,"100% Buy",+15.34,+15.79%,36.44,38.9,36.72,39.69,57.46,-6.05,-1.02,487380,Strongest,Strong,52.97%,0.65,38.07,41.31,91%
SBUX,"Starbucks Corp","Retail - Restaurants",103.37,-1.79%,8,Buy,"88% Buy",+15.31,+19.01%,100.61,102.28,98.41,104.87,47.96,-2.83,11.72,8734495,Weakening,Good,39.63%,1.1,101.99,107.76,24%
SKY,"Champion Homes Inc","Building - Mobile Homes & RV",80.83,+1.53%,3,Buy,"8% Buy",+15.29,+24.66%,77.68,80.07,81.54,81.74,48.42,2.82,-15.37,715630,Weakest,Minimum,22.30%,1.26,78.51,84.98,36%
NCI,"Neo-Concept International Group Holdings Limited","Retail - Apparel & Shoes",12.39,0.00%,5,Buy,"40% Sell",+15.28,-21.78%,15.64,11.2,18.63,11.97,64.41,-43.62,26.03,354664,Weakest,Weak,81.10%,1,11.55,12.39,100%
VAL,"Valaris Ltd","Oil & Gas - Drilling",76.82,-2.99%,4,Sell,"40% Sell",+15.13,+69.66%,89.79,82.28,83.25,77.16,46.46,47.82,41.39,1181457,Weakest,Weak,52.05%,0.66,73.72,80.6,45%
BMA,"Banco Macro S.A. ADR","Banks - Foreign",92.76,+0.94%,4,Hold,"80% Buy",+14.95,+37.00%,82.54,91.07,85,92.09,51.68,15.16,-8.15,373657,Strengthening,Average,55.56%,0.81,87.78,96.4,58%
GATX,"GATX Corp","Transportation - Equip & Lease",180.39,+0.85%,8,Buy,"56% Buy",+14.91,+20.88%,179.32,176.29,180.44,179.75,51.36,-0.96,-4.67,208643,Average,Weak,35.16%,1.12,173.31,186.2,55%
RMBI,"Richmond Mutual Bancorp Inc","Banks - Northeast",15.71,+0.38%,6,Buy,"100% Buy",+14.89,+16.28%,14.65,15.09,14.45,15.38,58.54,-5.56,0.86,31630,"Top 1%",Maximum,50.85%,0.41,14.77,15.98,77%
PCG,"Pacific Gas & Electric Company","Utility - Electric Power",17.43,+0.29%,7,Buy,"72% Buy",+14.84,+23.44%,17.1,17.02,16.97,17.49,50.96,1.6,-2.57,21474594,Average,Weak,29.54%,2.06,16.98,18,44%
LAKE,"Lakeland Inds Inc","Protection - Safety",11.88,+4.21%,1,Buy,"72% Buy",+14.69,-11.01%,10.08,10.8,9.8,11.18,62.56,-32.85,23.36,157283,Strengthening,Soft,73.82%,0.28,10.5,11.86,102%
TRS,"Trimas Corp","Metal Production & Fabrication",40.44,+1.28%,1,Sell,"56% Buy",+14.69,+15.81%,39.34,41.16,38.21,40.34,49.15,-6.03,3.05,528228,Average,Soft,68.22%,1.42,38.91,41.78,53%
EMN,"Eastman Chemical Company","Chemical - Diversified",71.98,+2.90%,6,Hold,"16% Buy",+14.60,+22.44%,71.62,70.79,71.74,68.45,60.71,0.6,1.74,1688211,Weakening,Minimum,79.75%,1.27,65.96,70.94,121%
PCRX,"Pacira Pharm Inc","Medical - Biomedical",26.92,+1.93%,4,Buy,"100% Buy",+14.55,+21.98%,24.02,24.51,23.46,25.9,64.29,0.14,-7.01,705711,Strongest,Strong,84.58%,2.32,24.79,27.01,96%
SAIC,"Science Applications International","IT Services",120.12,+2.55%,6,Buy,"100% Buy",+14.47,+8.48%,103.43,111.54,102.02,115.62,60.48,-13.36,8.3,595255,Strongest,Maximum,59.26%,0.67,110.45,120.79,94%
LMAT,"Lemaitre Vascular","Medical Products",103.61,+2.26%,3,Buy,"56% Buy",+14.40,+27.85%,103.17,97.29,98.86,101.07,57.6,6.01,16.73,231941,Weakening,Soft,70.13%,0.99,96.34,105.8,77%
NP,"Neptune Insurance Holdings Inc Cl A","Insurance - Multi Line",31.63,-0.25%,3,Buy,"100% Buy",+14.15,N/A,27.46,29.54,26.29,31.57,52.5,N/A,-2.56,542548,Average,Maximum,49.88%,0.76,29.16,33.97,51%
VOXR,"Vox Royalty Corp","Mining - Misc",4.45,+2.30%,1,Sell,"72% Sell",+13.99,+42.17%,5.21,4.9,5.26,4.36,47.1,20.33,-17.15,569132,Weakening,Good,59.98%,0.68,4.13,4.6,69%
KMI,"Kinder Morgan Inc","Oil - Production & Pipeline",31.4,-1.51%,8,Sell,"8% Sell",+13.92,+11.74%,32.41,32.08,31.7,32.24,42.11,-10.1,3.19,12685782,Weakening,Minimum,24.71%,0.91,31.46,33.02,-4%
AVNT,"Avient Corp","Chemical - Diversified",37.39,+2.95%,2,Buy,"88% Buy",+13.72,+10.65%,36.08,36.34,36.53,36.63,53.39,-11.19,8.66,790398,Strengthening,Soft,49.63%,0.71,35.11,38.16,75%
NATR,"Nature S Sunshine","Medical - Drugs",21.14,+4.91%,2,Sell,"40% Sell",+13.53,+33.80%,22.89,20.85,23.51,20.86,53.03,11.96,-13.07,122036,Weakest,Weak,33.93%,1.26,20.01,21.71,66%
NEE,"Nextera Energy","Utility - Electric Power",86.55,-0.43%,8,Hold,"48% Sell",+13.52,+22.94%,90.14,87.34,89.23,88.45,40.97,1.1,-3.22,10248783,Average,Weak,14.42%,1.02,86.57,90.33,-1%
SD,"Sandridge Energy Inc","Oil - US Integrated",13.63,-2.08%,6,Sell,"88% Sell",+13.30,+36.30%,14.89,14.11,15.22,13.66,47.44,14.46,-16.57,349279,Average,Average,45.63%,0.92,13.22,14.1,47%
AVTX,"Avalo Therapeutics Inc","Medical - Drugs",18.05,-1.10%,2,Buy,"72% Buy",+12.79,+128.77%,16.33,17.04,16.26,18.79,48.55,106.93,-11.64,979551,Weakening,Weak,41.43%,0.38,17.57,20.02,20%
IBOC,"Intl Bancshares","Banks - Southwest",76.22,-0.42%,4,Buy,"100% Buy",+12.78,+13.02%,72.61,75.07,71.66,76.13,51.46,-8.82,3.69,330952,Average,Maximum,54.58%,0.97,74.57,77.68,53%
ISBA,"Isabella Bank Corp","Banks - Northeast",40.24,+1.33%,2,Sell,"88% Sell",+12.70,+24.01%,42.38,40.45,44.85,39.41,52.51,2.17,-30.55,35403,Weakening,Average,74.19%,0.9,37.66,41.16,74%
CRD.B,"Crawford Company Cl B","Building & Construction - Misc",10.38,+3.08%,1,Sell,"40% Buy",+12.62,+11.37%,10.07,10.32,10.19,10.18,52.82,-10.47,-14.2,11170,Weakening,Weak,46.00%,0.77,9.88,10.49,82%
RCMT,"R C M Tech Inc",Staffing,28.47,+0.64%,3,Buy,"100% Buy",+12.55,+21.20%,25.92,26.25,23.82,27.87,60.85,-0.64,28.22,55222,Strengthening,Strong,61.11%,1.38,27.04,28.7,86%
WFC,"Wells Fargo & Company","Finance - Investment Brokers",87.89,+1.67%,5,Hold,"48% Buy",+12.44,+13.00%,81.34,83.68,83.95,86.68,57.27,-8.84,-16.73,16217205,Strengthening,Weak,47.37%,0.7,84.63,88.73,79%
RGR,"Sturm Ruger & Company","Leisure & Recreational Prdcts",38.55,+3.71%,10,Hold,"16% Sell",+12.43,+21.42%,39.7,38.68,38.79,38.32,50.78,-0.42,7.04,200358,Weakest,Minimum,33.98%,1.05,37.44,39.2,63%
PAAS,"Pan Amer Silver Corp","Mining - Silver",43.73,+1.44%,1,Sell,"72% Sell",+12.41,+61.84%,51.2,47.04,53.7,43.45,46.44,40,-26.63,6339124,Average,Average,51.87%,0.49,41.66,45.24,58%
CRON,"Cronos Group Inc","Medical - Drugs",2.83,0.00%,3,Buy,"100% Buy",+12.27,+45.13%,2.68,2.77,2.67,2.79,54.61,23.29,-3.43,1584794,Average,Average,71.43%,0.9,2.7,2.88,70%
CATO,"Cato Corp","Retail - Apparel & Shoes",3.47,+1.46%,4,Buy,"88% Buy",+12.19,+24.37%,3.08,3.26,3.1,3.31,58.18,2.53,1.27,69786,Strongest,Average,76.59%,0.53,3.13,3.49,96%
CHD,"Church & Dwight Company","Consumer Prdts - Misc Staple",100.01,+1.21%,5,Buy,"100% Buy",+11.91,+6.38%,96.07,97.16,95.83,97.68,56.79,-15.46,8.24,2221851,Strongest,Average,58.87%,0.99,94.8,100.56,91%
EPRX,"Eupraxia Pharmaceuticals Inc","Medical - Biomedical",6.51,+1.72%,4,Sell,"72% Sell",+11.82,+23.76%,6.84,6.48,7.31,6.4,52.07,1.92,-24.8,232144,Weakening,Soft,66.10%,0.25,5.85,6.96,60%
OESX,"Orion Energy Systems Inc","Building Products - Ltg FX",10.24,+1.39%,1,Hold,"16% Sell",+11.80,+73.62%,9.78,10.14,11.32,10.34,49.43,51.78,-44.45,50243,Weakest,Weak,28.02%,0.58,9.75,10.93,42%
SEB,"Seaboard Corp","Food - Misc & Diversified",4393.46,-0.45%,7,Sell,"72% Sell",+11.71,+38.66%,5069,4798.22,5018.02,4571.96,36.5,16.82,-12.19,12394,Strengthening,Average,15.70%,1.08,4398.05,4745.87,-1%
FSM,"Fortuna Mines","Mining - Misc",8.67,+2.85%,1,Sell,"88% Sell",+11.38,+35.68%,9.42,8.8,9.98,8.43,51.76,13.84,-22.65,7432628,Average,Average,75.10%,0.58,8.08,8.79,83%
TAYD,"Taylor Devices Inc","Machinery - General Industrial",52.5,+2.28%,2,Sell,"100% Sell",+11.35,+18.30%,57.28,54.96,63.72,54.91,42.45,-3.54,-21.23,34136,Strengthening,Soft,10.55%,0.96,51.87,57.95,10%
KE,"Kimball Electrnc","Electronics Products - Misc",25.73,+4.04%,1,Sell,"56% Sell",+11.05,+40.91%,25.19,25.12,25.91,24.67,56.72,19.07,-18.54,171862,Weakest,Weak,70.83%,0.85,23.69,25.65,104%
COLM,"Columbia Sprtswr","Textile - Apparel",58.65,-1.23%,6,Sell,"8% Buy",+11.00,+18.97%,61.08,64,60.09,62.76,36.48,-2.87,-4.57,633907,Weakening,Minimum,21.71%,1.59,59.83,65.69,-20%
AUR,"Aurora Innovation Inc Cl A","Technology Services",6.79,+5.27%,1,Hold,"80% Buy",+10.87,+20.18%,5.87,6.46,5.4,6.21,58.69,-1.66,65.79,21759285,Average,Good,71.29%,1,5.77,6.64,117%
RSKD,"Riskified Ltd Cl A","Internet - Software",5.22,+0.58%,4,Buy,"96% Buy",+10.84,+5.88%,4.7,5.02,4.66,5.19,54.25,-15.96,-6.,738591,Average,Strong,51.21%,1.23,4.99,5.39,57%
TV,"Grupo Televisa S.A. ADR","Media Conglomerates",2.8,0.00%,9,Buy,"48% Sell",+10.63,+2.94%,2.84,2.76,2.93,2.76,52.22,-18.9,-14.81,1636938,Weakening,Weak,71.72%,1.06,2.66,2.86,69%
AFG,"American Financial Group","Insurance - Proprty & Casualty",141.92,+0.14%,3,Buy,"88% Buy",+10.63,+15.93%,133.94,137.53,133.06,141.93,53.8,-5.91,-7.2,520703,Strengthening,Strong,49.17%,0.69,138.88,144.97,50%
FGBI,"First Gurty Banc","Banks - Southeast",9.74,+1.56%,5,Sell,"56% Buy",+10.63,+20.99%,9.44,9.87,9.03,9.67,50.77,-0.85,70.35,27830,Average,Average,41.83%,0.23,9.08,10.26,56%
IPI,"Intrepid Potash Inc",Fertilizers,33.29,-1.97%,3,Sell,"56% Sell",+10.48,+2.46%,37.93,35.3,36.38,34.64,40.17,-19.38,9.02,236782,Strengthening,Weak,34.97%,0.96,33.4,35.89,-4%
CBSH,"Commerce Bancshares","Banks - Midwest",59.67,+0.67%,4,Buy,"100% Buy",+10.41,+4.56%,53.28,56.35,53.23,58.87,61.33,-17.28,2.97,1257005,Strongest,Maximum,53.65%,0.86,57.52,60.23,79%
OLP,"One Liberty Properties","REIT - Equity Trust Other",24.34,+0.12%,4,Hold,"64% Buy",+10.33,+10.09%,23.58,24.42,23.05,24.88,44.18,-11.75,8.93,83123,Weakening,Good,18.09%,2.18,24.18,25.58,12%
TROX,"Tronox Inc","Chemical - Diversified",5.7,-2.40%,8,Sell,"72% Sell",+10.33,+67.65%,7.85,6.85,7.38,6.11,36.56,45.81,25.66,3590842,Strongest,Average,27.00%,1.79,5.66,6.55,4%
QSR,"Restaurant Brands International","Retail - Restaurants",72.94,-1.46%,6,Hold,Hold,+10.26,+7.23%,75.3,73.88,73.24,74.35,45.13,-14.61,-4.13,3135436,Falling,,31.24%,0.76,72.15,76.55,18%
ISSC,"Innovative Solutions and Support","Aerospace - Defense Equipment",19.47,+6.45%,4,Buy,"8% Buy",+10.24,+25.53%,20.27,17.87,20.8,18.64,57.63,3.69,-8.23,506940,Weakening,Minimum,45.78%,0.89,17.54,19.73,88%
MHH,"Mastech Holdings Inc","IT Services",7.95,+2.45%,1,Buy,"88% Buy",+10.23,+8.18%,6.89,7.36,6.86,7.69,58.89,-13.66,2.87,20021,Average,Strong,86.56%,0.56,7.31,8.06,85%
CDE,"Coeur Mining Inc","Mining - Non Ferrous",15.56,+4.36%,1,Sell,"88% Sell",+10.20,+79.26%,17.71,16.53,19.26,15.32,49.15,57.42,-23.76,26055715,Average,Average,53.12%,1.05,14.21,16.42,61%
OSK,"Oshkosh Truck Corp","Auto - Domestic",148.36,+4.18%,10,Buy,"56% Buy",+10.11,+13.65%,142.79,140.7,147.41,146.33,53.91,-8.19,7.06,771855,Strengthening,Weak,27.41%,1.63,137.71,154.95,62%
FE,"Firstenergy Corp","Utility - Electric Power",48.43,+0.25%,7,Buy,"56% Buy",+10.03,+12.13%,48.16,47.56,48,48.76,49.72,-9.71,-2.85,4786906,Weakening,Weak,19.46%,1.33,47.58,49.94,36%
SCZM,"Santacruz Silver Mining Ltd","Mining - Silver",6.73,+4.18%,1,Sell,"88% Sell",+9.98,+97.25%,7.67,6.85,8.94,6.39,52.45,75.41,-41.36,458918,Average,Average,80.51%,0.61,5.92,6.87,86%
GRBK,"Green Brick Partners","Building - Residential & Comm",71.94,+1.71%,1,Sell,"40% Buy",+9.96,+12.86%,69.18,72.44,70.05,72.28,48.23,-8.98,3.78,231346,Average,Soft,23.53%,1.17,69.54,75.03,44%
HEI.A,"Heico Corp Cl A","Aerospace - Defense Equipment",261.82,+1.76%,1,Buy,"88% Buy",+9.90,+1.76%,232.6,249.34,240.4,253.3,60.51,-20.08,-7.31,299791,Strongest,Good,84.94%,0.69,243.48,263.12,93%
CNL,"Collective Mng Ltd","Mining - Gold",12.63,+2.52%,1,Sell,"72% Sell",+9.47,+36.84%,15.61,13.61,16.03,12.59,47.35,15,-24.46,64823,Average,Good,55.86%,0.35,11.79,13.38,53%
OC,"Owens Corning Inc","Building & Construction - Misc",143.21,+3.10%,1,Buy,"100% Buy",+9.47,+4.87%,123.98,133.5,123.54,141.25,55.71,-16.97,16.94,1376443,Strongest,Strong,46.95%,0.77,136.67,145.82,71%
ACEL,"Accel Entertainment Inc",Gaming,12.03,+0.08%,2,Sell,"40% Buy",+9.46,-3.61%,12.01,12.43,11.79,12.27,42.87,-25.45,-5.6,357552,Weakest,Average,20.18%,1.12,11.83,12.71,23%
UHT,"Universal Health Realty Income Trust","REIT - Equity Trust Other",42.62,-1.84%,1,Buy,"88% Buy",+9.35,+10.41%,41.77,42.22,41.61,43.63,45.72,-11.43,-2.33,101076,Weakening,Average,26.27%,0.57,42.3,44.96,12%
AVNW,"Aviat Networks Inc","Wireless Equipment",20.45,-0.15%,1,Hold,"48% Sell",+9.26,-1.97%,20.63,19.93,21.57,20.7,49.79,-23.81,-15.38,149227,Weakening,Weak,53.63%,0.92,19.79,21.6,36%
HUBB,"Hubbell Inc B","Machinery - Elect Utilities",476.04,+0.74%,2,Sell,"56% Sell",+9.23,+11.55%,496.42,488.12,494.51,481.42,46.13,-10.29,-3.84,583629,Weakening,Weak,42.44%,1.22,466.15,496.68,32%
MSEX,"Middlesex Water Company","Utility - Water Supply",56.85,-0.79%,5,Buy,"88% Buy",+9.21,+8.51%,53.27,54.5,53.13,56.16,55.13,-13.33,1.72,151219,Average,Strong,48.89%,0.98,54.27,58.06,68%
NLY,"Annaly Capital Management Inc","REIT - Mortgage Trusts",22.78,+0.26%,5,Buy,"40% Buy",+9.09,+11.07%,22.16,22.3,22.49,22.79,51.76,-10.77,-9.15,7593087,Weakest,Weak,57.39%,0.95,22.22,23.37,49%
CAAS,"China Automotive Sys","Auto - Truck Original Parts",4.49,-0.44%,4,Hold,"64% Buy",+9.08,+9.11%,4.42,4.46,4.43,4.4,55.85,-12.73,-5.63,29691,Weakening,Weak,63.52%,0.9,4.28,4.51,90%
AYI,"Acuity Inc","Technology Services",334.49,+1.86%,1,Buy,"88% Buy",+9.03,+9.73%,301.72,322.63,307.44,332.71,51.76,-12.11,-18.13,376767,Strengthening,Soft,45.21%,0.85,322.62,342.8,59%
CIG,"Comp En DE MN Cemig ADR","Utility - Electric Power",2.18,-0.46%,5,Buy,"24% Sell",+8.96,+19.78%,2.28,2.13,2.24,2.15,53.72,-2.06,-2.03,5327885,Weakest,Weak,68.42%,1.01,2.09,2.22,71%
BSBK,"Bogota Financial Corp","Banks - Northeast",9.08,+0.33%,6,Sell,"88% Buy",+8.87,+8.74%,8.69,8.95,8.62,9.01,54.99,-13.1,-3.57,8460,Strongest,Good,62.61%,0.81,8.9,9.12,83%
FSBW,"FS Bancorp Inc","Banks - West",42.26,-1.51%,6,Hold,"64% Buy",+8.87,+11.68%,41.2,42.45,41.25,43.33,44.27,-10.16,-8.38,14318,Weakening,Strong,26.97%,1.83,42.04,44.63,9%
NCMI,"National Cinemedia","Advertising Marketing Services",4.18,+4.24%,4,Buy,"72% Buy",+8.86,-10.49%,3.5,3.67,3.54,3.91,64.86,-32.33,-3.57,417434,Strongest,Strong,84.70%,1.43,3.7,4.13,113%
MMI,"Marcus & Millichap","Real Estate Developers",30.71,-0.13%,2,Buy,"88% Buy",+8.83,+0.07%,28.79,30.24,28.04,30.87,50,-21.77,1.5,254209,Weakening,Strong,47.72%,0.69,29.75,31.99,43%
PRKS,"United Parks & Resorts Inc","Leisure & Recreation Services",45.51,+1.97%,1,Hold,"80% Buy",+8.79,-2.40%,39.4,44.52,38.3,45.88,50.43,-24.24,14.34,1051659,Average,Average,37.89%,1.48,43.89,47.88,41%
ELS,"Equity Lifestyle Properties","REIT - Equity Trust Resident",65.67,+0.92%,5,Buy,"88% Buy",+8.74,+8.98%,63.91,63.97,64.09,65.16,53.06,-12.86,-2.68,1722974,Strengthening,Average,47.97%,1.19,63.11,67.22,62%
SBGI,"Sinclair Inc","Media Conglomerates",13.92,+1.31%,2,Hold,"88% Sell",+8.47,-1.28%,14.2,14.01,14.44,14.02,48.99,-23.12,-20.05,467022,Average,Average,37.13%,0.73,13.29,14.74,43%
MKDW,"Mkdwell Tech Inc","Electronics Products - Misc",11.16,-1.27%,4,Buy,"88% Buy",+8.43,+81.59%,8.15,10.2,6.58,11.6,50.51,59.75,122.13,100555,Weakening,Strong,24.88%,0.07,11.1,12.11,6%
KRNT,"Kornit Digital Ord","Printing - Commercial",15.85,+4.14%,2,Sell,"56% Buy",+8.16,-15.01%,15.51,15.69,15.23,15.36,55.36,-36.85,-0.81,340647,Strengthening,Weak,62.83%,1.07,14.66,16.05,86%
VVV,"Valvoline Inc","Oil - Refining and Marketing",38.79,+0.99%,5,Hold,"80% Buy",+8.00,+10.77%,35.59,37.67,35.2,39.02,50.69,-11.07,22.45,2127923,Strengthening,Strong,22.90%,0.92,37.63,40.42,42%
AURA,"Aura Biosciences Inc","Medical - Biomedical",7.04,+0.43%,1,Hold,"80% Buy",+7.84,+4.45%,7.01,6.95,6.52,7.03,50.65,-17.39,18.14,376348,Average,Average,59.56%,0.77,6.82,7.23,54%
ASIX,"Advansix Inc","Chemical - Specialty",20.09,+0.15%,6,Sell,"24% Sell",+7.72,+4.69%,21.98,21.01,20.61,20.69,44.21,-17.15,5.1,400183,Weakening,Minimum,24.12%,0.76,19.67,21.7,21%
UI,"Ubiquiti Networks","Wireless Equipment",548.66,-1.41%,5,Sell,"72% Sell",+7.68,+28.45%,708.94,556.79,685.41,538.4,49.92,6.61,-11.88,120645,Weakening,Average,60.99%,0.72,519.93,556.87,78%
SSD,"Simpson Manufacturing Company","Building & Construction - Misc",192.17,+2.36%,2,Sell,"56% Buy",+7.67,+7.26%,185.96,192.7,185.99,189.63,50.71,-14.58,7.98,291582,Average,Soft,22.65%,0.6,183.08,196.18,69%
BMRN,"Biomarin Pharmaceuticals","Medical - Biomedical",59.99,-0.04%,5,Buy,"88% Buy",+7.63,+3.19%,56.08,57.47,57.08,59.74,54.97,-18.65,-10.08,2308618,Average,Good,49.35%,0.91,57.97,61.51,57%
MFIN,"Medallion Fin Corp","Finance - SBIC & Commercial",10.6,+6.64%,3,Buy,"88% Buy",+7.43,+4.54%,9.48,9.85,9.71,9.94,66.33,-17.3,-8.02,58425,Strongest,Average,76.13%,0.93,9.52,10.36,128%
DAKT,"Daktronics Inc","Electronics Products - Misc",20.71,+4.75%,2,Buy,"8% Sell",+7.38,+28.71%,19.9,19.94,21.02,19.8,59.92,6.87,-6.28,477669,Weakening,Minimum,60.80%,0.87,18.99,20.6,107%
CSWC,"Capital Southwest","Finance - Investment Mgmt",23.94,+1.48%,5,Buy,"100% Buy",+7.31,+6.45%,23.24,23.5,23.11,23.76,55.43,-15.39,-2.95,637198,Strengthening,Strong,44.62%,1.02,23.27,24.24,69%
CL,"Colgate-Palmolive Company","Consumer Prdts - Misc Staple",89.88,-1.56%,2,Hold,"64% Buy",+7.16,+7.63%,88.45,90.87,88.67,92,44.8,-14.21,2.71,6125473,Weakest,Soft,25.10%,1.13,89.36,94.63,10%
KRC,"Kilroy Realty Corp","REIT - Equity Trust Other",39,+0.46%,4,Buy,"72% Buy",+7.08,+6.70%,34.39,37.79,34.42,39.16,52.27,-15.14,-6.67,1750999,Weakening,Average,61.12%,0.62,37.92,40.4,44%
INVH,"Invitation Homes Inc","REIT - Equity Trust Resident",30.49,+2.59%,3,Buy,"100% Buy",+7.06,+0.49%,28.16,29.65,27.67,29.89,58.46,-21.35,-1.31,5867996,Strongest,Strong,44.42%,1,29.26,30.52,97%
MOB,"Mobilicom Limited ADR","Protection - Safety",5.15,+7.07%,2,Sell,"88% Sell",+7.05,+60.94%,5.62,5.54,5.96,4.97,51.31,39.1,-26.6,280853,Weakest,Soft,46.78%,0.31,4.48,5.45,69%
RVSB,"Riverview Bancorp","Finance - Savings & Loan",5.39,+1.60%,2,Sell,Hold,+7.04,+11.72%,5.45,5.49,5.38,5.3,52.07,-10.12,-3.76,64671,Bearish,,32.34%,0.37,5.23,5.37,107%
KSPI,"Joint Stock Company Kaspi.Kz ADR","Financial Transaction Services",92,+3.63%,5,Buy,"100% Buy",+6.90,+20.80%,83.79,86.95,81.38,88.1,63.61,-1.04,6.72,500668,Strongest,Strong,64.99%,2.1,85.09,91.12,115%
PPG,"PPG Industries","Chemical - Specialty",114.01,+3.16%,2,Sell,"40% Buy",+6.84,+9.16%,111.31,116.24,112.79,115.57,46.9,-12.68,0.24,2098415,Average,Soft,18.61%,1.01,110.61,120.54,34%
UEIC,"Universal Elect IN","Electronics Products - Misc",4.72,+3.06%,3,Buy,"100% Buy",+6.70,-24.84%,4.27,4.35,4.13,4.63,61.18,-46.68,19.72,65672,Strongest,Average,49.59%,0.79,4.48,4.78,80%
ELE,"Elemental Royalty Corp","Mining - Misc",16.06,+2.49%,1,Sell,"88% Sell",+6.27,+7.82%,17.46,16.1,18.43,15.6,51.78,-14.02,-16.39,287461,Average,Average,63.46%,0.37,14.53,16.67,72%
BROS,"Dutch Bros Inc Cl A","Retail - Restaurants",64.98,-1.29%,1,Buy,"88% Buy",+6.17,+14.58%,58.3,63.9,57.78,65.45,49.06,-7.26,-4.89,4035777,Average,Good,35.83%,0.99,63.14,67.77,40%
ORIC,"Oric Pharmaceuticals Inc","Medical - Biomedical",10.6,-4.25%,3,Buy,"24% Buy",+5.99,+4.74%,9.93,9.7,10.28,11.03,48.62,-17.1,18.55,1653219,Weakest,Weak,34.47%,1.39,10.05,12.02,28%
ACOG,"Alpha Cognition Inc","Medical - Biomedical",8.43,+1.81%,5,Buy,"100% Buy",+5.97,-6.85%,6.62,7.17,6.33,8.33,57.45,-28.69,18.66,73914,Strengthening,Strong,56.16%,1.05,7.83,8.83,60%
EXK,"Endeavour Silver Corp","Mining - Silver",7.73,+2.79%,1,Sell,"100% Sell",+5.86,+55.85%,9,8.37,9.92,7.84,45.89,34.01,-28.8,10929812,Strengthening,Average,33.90%,0.66,7.32,8.37,39%
COO,"Cooper Companies","Medical - Dental Suppliers",74.23,+2.64%,3,Buy,"40% Buy",+5.84,+4.74%,67.63,68.3,72.36,71.34,63.34,-17.1,-20.46,2532490,Average,Weak,79.26%,0.94,68.71,73.96,105%
CTW,"Ctw Cl A",Gaming,2.38,-4.03%,1,Hold,"40% Buy",+5.84,N/A,2.42,2.42,2.17,2.45,47.01,N/A,26.54,63383,Weakest,Soft,53.90%,1.66,2.26,2.64,31%
TISI,"Team Inc","Building - Maint & Service",17,-2.30%,2,Buy,"96% Buy",+5.84,-1.96%,16.43,16.78,15.69,16.79,51.23,-23.8,9.28,11917,Weakening,Average,56.55%,1.26,15.89,17.69,62%
GEG,"Great Elm Group Inc","Conglomerates - Div Operations",2.36,+9.77%,2,Buy,"40% Buy",+5.81,+11.32%,2.13,2.23,2.16,2.19,60.98,-10.52,-18.48,26178,Average,Weak,58.52%,0.84,2.09,2.28,139%
ADSE,"Ads-Tec Energy Plc","Electronic Misc Services",11.91,-7.53%,3,Buy,"88% Buy",+5.78,-2.38%,11.58,11.81,11.61,12.09,47.77,-24.22,-17.1,21951,Weakening,Soft,79.11%,2.34,11.65,12.53,30%
MDRR,"Medalist Diversified Inc","REIT - Equity Trust Other",11.73,+2.94%,5,Buy,"24% Sell",+5.69,+3.85%,11.53,11.37,12.03,11.47,54.25,-17.99,-15.62,3105,Weakest,Weak,42.06%,0.53,11.01,11.92,80%
AMH,"American Homes 4 Rent","REIT - Equity Trust Resident",34.51,+3.26%,3,Buy,"100% Buy",+5.63,-1.93%,31.54,33.1,31.38,33.59,61.24,-23.77,-3.52,3310833,Strongest,Strong,47.82%,1.25,32.78,34.41,106%
API,"Agora Inc Ads","Technology Services",4.07,+1.75%,4,Sell,"24% Buy",+5.55,+10.90%,3.96,4.18,4.11,4.02,51.8,-10.94,-11.03,409802,Weakening,Minimum,58.31%,0.53,3.78,4.26,60%
PAL,"Proficient Auto Logistics Inc","Transportation - Services",6.81,-0.44%,8,Buy,"24% Sell",+5.42,+3.50%,6.69,6.84,7.44,6.96,47.04,-18.34,-40.39,283457,Weakest,Weak,21.54%,0.54,6.37,7.54,37%
CRWS,"Crown Crafts Inc","Textile - Home Furnishings",2.95,0.00%,4,Buy,"72% Buy",+5.41,+5.73%,2.81,2.88,2.84,2.98,50.88,-16.11,-4.53,46105,Average,Average,29.55%,3.07,2.93,3.03,23%
PAYO,"Payoneer Global Inc","Financial Transaction Services",7.11,-0.84%,6,Buy,"88% Buy",+5.39,+13.22%,5.73,6.58,5.65,7.12,64.25,-8.62,15.48,4717494,Average,Strong,66.67%,1.51,7.07,7.16,42%
KRP,"Kimbell Royalty Partners","Oil - US Royalty Trusts",14.77,-1.34%,8,Sell,"24% Buy",+5.37,+0.27%,14.83,14.91,14.31,14.86,48.2,-21.57,14.57,708917,Weakest,Soft,40.58%,1.23,14.51,15.21,37%
GSIT,"Gsi Technology Inc","Computer - Storage Devices",6.07,+8.20%,1,Sell,"64% Sell",+5.36,+61.87%,7.34,7.36,7.35,5.97,47.42,40.03,-13.28,2705333,Weakening,Weak,54.43%,0.41,5.12,6.82,56%
MGRC,"Mcgrath Rentcorp","Finance - Leasing Companies",119.66,+3.92%,4,Buy,"100% Buy",+5.12,-0.29%,113.48,115.53,112.98,117.26,55.96,-22.13,3.01,171385,Strongest,Average,42.46%,1.59,112.97,121.55,78%
DLTH,"Duluth Holdings Cl B","Textile - Apparel",4.17,+2.21%,1,Hold,"80% Buy",+5.09,+97.63%,3.62,4.13,3.18,4.2,49.56,75.79,89.45,175746,Strengthening,Strong,16.82%,0.25,3.96,4.43,44%
LGL,"LGL Group","Electronics - Misc Components",7.15,+3.62%,4,Buy,"48% Buy",+5.06,+2.73%,7.01,6.92,6.92,6.87,61.95,-19.11,13.32,11554,Average,Soft,82.86%,1.19,6.67,7.07,119%
ANSC,"Agriculture & Natural Solutions Acquisition Cl A",Unclassified,11.45,-0.09%,10,Buy,"100% Buy",+4.93,+5.24%,11.32,11.38,11.26,11.44,59.33,-16.6,-8.71,97460,Average,Maximum,76.47%,7.13,11.4,11.47,69%
KPRX,"Kiora Pharmaceuticals Inc.","Medical - Drugs",2.59,+1.17%,1,Sell,"64% Buy",+4.77,+1.97%,2.45,2.59,2.34,2.54,53.9,-19.87,20.44,183085,Strengthening,Average,82.38%,0.27,2.46,2.62,79%
ASM,"Avino Silver & Gold","Mining - Silver",5.53,+3.75%,1,Sell,"100% Sell",+4.45,+71.21%,6.47,6.18,7.11,5.74,44.83,49.37,-21.98,5105054,Strengthening,Soft,22.95%,0.63,5.18,6.29,31%
WAL,"Western Alliance Bancorp","Banks - West",82.82,+2.89%,4,Buy,"56% Buy",+4.40,+8.50%,78.04,81.01,81.33,81.64,53.75,-13.34,-12.52,1180722,Strengthening,Weak,45.91%,0.77,78.84,84.43,71%
GDRX,"Goodrx Holdings Inc Cl A","Medical Services",3.16,+2.93%,6,Buy,"88% Buy",+4.29,-30.24%,2.59,2.89,2.54,3.05,58.68,-52.08,5.58,2219476,Strengthening,Average,63.86%,0.61,2.86,3.23,80%
APD,"Air Products and Chemicals","Chemical - Diversified",292.94,-0.66%,1,Buy,"72% Buy",+4.28,+3.97%,291.97,289.51,284.71,296.75,48.39,-17.87,7.56,1420089,Weakest,Average,27.58%,1.17,290.45,303.06,20%
JL,"J-Long Group Limited","Textile - Apparel",5.85,+3.72%,4,Sell,"8% Sell",+4.15,-3.63%,6.17,6.08,5.67,5.93,47.05,-25.47,-15.38,39788,Weakest,Minimum,22.65%,0.02,5.53,6.34,40%
DRD,"Drdgold Ltd ADR","Mining - Gold",20.92,+2.45%,1,Sell,"88% Sell",+4.10,+50.83%,25.85,22.59,28.72,20.71,47.26,28.99,-43.57,386008,Weakening,Strong,52.50%,0.6,19.72,21.71,60%
MPAA,"Motorcar Parts Amer","Auto - Truck Replacement Parts",13.57,+1.27%,1,Sell,"40% Buy",+4.06,+33.69%,12.32,13.61,12.16,13.96,45.37,11.85,-1.06,129421,Weakening,Soft,16.51%,0.66,13.42,14.5,14%
PCYO,"Pure Cycle Corp","Utility - Water Supply",10.7,+1.81%,4,Hold,"48% Sell",+4.04,+9.74%,10.76,10.66,10.86,10.69,49.78,-12.1,-13.67,56134,Weakest,Weak,41.94%,1.24,10.5,10.87,54%
ARTNA,"Artesian Res Corp A","Utility - Water Supply",34.11,-0.70%,4,Buy,"88% Buy",+3.99,+3.93%,32.68,33.39,32.8,34.17,51.96,-17.91,-3.12,42328,Weakening,Strong,46.70%,1.28,33.4,34.93,46%
TAVI,"Tavia Acquisition Corp",Unclassified,10.7,0.00%,5,Buy,"100% Buy",+3.92,+4.19%,10.57,10.64,10.48,10.68,53.23,-17.65,-8.44,31713,Strengthening,Maximum,3.99%,0.15,10.58,10.77,61%
LWLG,"Lightwave Logic Inc","Chemical - Plastics",6.82,+5.57%,1,Sell,"40% Sell",+3.90,+227.88%,9.85,8.63,7.87,6.45,47.42,206.04,99.46,4384063,Weakest,Weak,54.11%,0.59,5.56,7.34,71%
GLP,"Global Partners LP","Oil Refining & Marketing MLP",49.75,+0.57%,7,Buy,"100% Buy",+3.70,-3.55%,47.32,47.74,46.87,48.61,59.52,-25.39,7.85,65314,Strongest,Average,85.24%,1.03,47.57,49.65,105%
ED,"Consolidated Edison Company","Utility - Electric Power",107.95,-0.83%,2,Sell,"8% Buy",+3.53,+3.36%,109.87,109.25,108.72,111.31,40.74,-18.48,-2.34,2206521,Weakest,Minimum,10.78%,0.84,108.56,114.07,-11%
USAC,"USA Compression Partners LP","Oil Field Machinery & Equip",25.7,-1.76%,4,Sell,"40% Sell",+3.42,+10.87%,27.33,26.85,26.82,26.43,43.89,-10.97,0.71,237607,Average,Weak,31.93%,1.71,25.44,27.41,13%
AHRT,"Ah Realty Trust Inc","REIT - Equity Trust Other",6.94,-0.29%,3,Buy,"72% Buy",+3.36,+3.74%,6.44,6.93,6.51,7.04,46.6,-18.1,-6.2,1081256,Weakest,Average,23.27%,0.88,6.94,7.15,0%
ADAG,"Adagene Inc ADR","Medical - Biomedical",3.63,-3.20%,1,Sell,"8% Sell",+3.27,+89.06%,3.77,3.76,3.36,3.67,47.54,67.22,81.03,202709,Average,Weak,60.89%,0.27,3.32,4.01,45%
CRC,"California Resources Corp","Oil - US Exploration & Product",52.14,-0.91%,8,Sell,"72% Sell",+3.12,+11.36%,59.92,55.19,57.64,52.27,46.5,-10.48,5.59,889853,Weakening,Average,41.56%,0.65,49.92,54.61,47%
XEL,"XCEL Energy Inc","Utility - Electric Power",77.69,-0.65%,2,Hold,"16% Sell",+3.06,+5.74%,79.73,79.51,79.09,79.6,40.38,-16.1,-5.84,5177309,Average,Minimum,9.30%,0.9,77.53,81.66,4%
SZZL,"Sizzle Acquisition Corp. II Cl A",Unclassified,10.38,-0.10%,5,Hold,"88% Buy",+2.82,+2.88%,10.32,10.36,10.29,10.38,50.18,-18.96,-8.91,50168,Average,Strong,55.56%,0.66,10.37,10.39,29%
SPH,"Suburban Propane Partners LP","Oil Refining & Marketing MLP",18.82,+0.86%,10,Buy,"56% Sell",+2.81,-0.21%,19.1,18.34,19.31,18.31,57.53,-22.05,-9.52,156754,Weakest,Average,78.28%,1.33,17.76,18.87,96%
HOV,"Hovnanian Enterprises Inc","Building - Residential & Comm",130.38,+5.23%,3,Hold,"80% Buy",+2.81,+5.15%,117,125.22,117.25,129.78,51.09,-16.69,22.64,115866,Strengthening,Average,26.02%,0.81,122.12,137.43,54%
CCEC,"Capital Clean Energy Carriers Corp","Transportation - Ship",22.91,+2.81%,9,Buy,"88% Buy",+2.80,+2.44%,21.06,21.99,21.25,22.61,56.75,-19.4,-1.28,9686,Strongest,Strong,38.57%,2.49,21.86,23.36,70%
ARVN,"Arvinas Inc","Medical - Biomedical",8.06,+0.37%,2,Sell,"88% Sell",+2.79,+8.63%,9.36,8.11,10.47,8.22,45.68,-13.21,-43.07,1139629,Strengthening,Strong,46.47%,0.99,7.87,8.57,27%
BYD,"Boyd Gaming Corp",Gaming,84.83,-0.27%,5,Sell,"24% Buy",+2.74,+1.41%,85.2,86.63,85.03,87.5,42.08,-20.43,-11.51,958729,Weakest,Weak,19.39%,0.98,84.1,90.89,11%
KGC,"Kinross Gold Corp","Mining - Gold",23.43,+1.43%,1,Sell,"100% Sell",+2.74,+44.54%,28.07,25.28,29.86,23.52,45.18,22.7,-27.83,9616023,Strengthening,Strong,45.57%,0.62,22.54,24.49,46%
CGNT,"Cognyte Software Ltd","Internet - Software",9.17,+2.57%,2,Hold,"32% Buy",+2.73,+1.55%,9.15,9.08,8.88,8.81,57.21,-20.29,-13.48,485878,Weakest,Weak,70.39%,0.69,8.27,9.36,83%
ZDGE,"Zedge Inc Cl B","Internet - Content",2.98,+1.02%,2,Sell,"72% Sell",+2.60,-22.60%,3.06,3.08,3.15,3.01,47.06,-44.44,-20.18,365892,Weakening,Weak,20.49%,0.6,2.9,3.12,38%
EFC,"Ellington Financial Llc","REIT - Mortgage Trusts",13.33,+0.38%,4,Sell,"24% Buy",+2.43,+4.96%,13.07,13.52,13.08,13.47,44.84,-16.88,-12.87,1597387,Weakest,Weak,25.26%,1.3,13.24,13.71,19%
SPCB,"Supercom Ltd","Protection - Safety",10.85,+1.31%,2,Hold,"48% Buy",+2.38,+25.00%,10.01,10.98,9.57,10.87,49.93,3.16,8.86,77117,Weakening,Good,39.09%,1.06,9.92,11.82,49%
SBR,"Sabine Royalty Trust","Oil - US Royalty Trusts",72.89,-0.18%,3,Sell,"40% Sell",+2.17,+10.46%,74.82,74.15,73.25,73.42,45.6,-11.38,-4.73,38794,Weakening,Minimum,31.95%,1.72,72.3,74.54,26%
INGN,"Inogen Inc","Medical Instruments",6.71,+4.03%,4,Buy,"16% Buy",+2.07,+8.05%,6.53,6.46,6.42,6.46,57.8,-13.79,-11.18,259090,Average,Minimum,59.95%,0.96,6.21,6.71,101%
QMCO,"Quantum Corp","Computer - Storage Devices",10.56,-0.75%,8,Sell,"40% Buy",+2.00,+40.24%,9.18,11.6,8.23,10.67,46.32,18.4,52.69,770575,Weakest,Average,46.77%,0.58,9.49,11.85,46%
INFU,"Infusystems Holdings","Medical Products",9.22,+0.88%,1,Hold,Hold,+1.98,+61.75%,9.47,9.29,9.15,9.3,48.33,39.91,-8.24,162141,Bearish,,37.65%,1.17,8.66,9.94,44%
RILY,"Brc Group Holdings Inc","Finance - Misc Services",7.49,+4.61%,1,Sell,"8% Buy",+1.80,+46.86%,7.99,8.16,7.77,7.04,52.37,25.02,49.36,1126351,Weakest,Minimum,78.63%,0.82,6.57,7.51,98%
CPS,"Cooper Std Holdings Inc","Auto - Truck Original Parts",30.32,+2.88%,6,Buy,"40% Sell",+1.74,+15.11%,29.17,28.75,30.99,28.45,59.83,-6.73,-18.68,194865,Weakest,Weak,57.64%,1.19,26.6,30.29,101%
AMRZ,"Amrize Ltd","Building & Construction - Misc",51.08,+4.44%,1,Sell,"88% Sell",+1.60,+0.14%,53.44,51.93,54.88,49.8,51.77,-21.7,-16.58,3444638,Average,Good,46.22%,0.91,48.16,51.44,89%
BRT,"BRT Realty Trust","REIT - Equity Trust Resident",14.99,+0.54%,4,Buy,"80% Buy",+1.59,+3.24%,14.51,14.88,14.58,14.99,50.4,-18.6,-9.06,50263,Average,Average,52.22%,2.04,14.76,15.22,50%
AIG,"American International Group","Insurance - Multi Line",78.79,+0.27%,2,Buy,"56% Buy",+1.50,+2.32%,76.62,76.99,76.97,79.26,51.23,-19.52,-18.93,4402973,Weakening,Soft,48.37%,0.67,77.22,81.3,39%
EQX,"Equinox Gold Corp","Mining - Gold",9.18,+2.57%,1,Sell,"100% Sell",+1.46,+51.24%,12.19,10.26,13.36,9.26,44.61,29.4,-45.65,10977332,Strengthening,Strong,51.38%,0.93,8.59,9.94,44%
MOLN,"Molecular Partners Ag ADR","Medical - Biomedical",4.12,+4.83%,6,Hold,"48% Sell",+1.41,+16.71%,4.15,3.94,4.23,3.99,54.97,-5.13,-16.5,5286,Weakest,Soft,61.05%,0.89,3.82,4.15,90%
WMT,"Walmart Inc","Retail - Supermarket",110.71,-0.44%,7,Sell,"88% Sell",+1.30,+12.41%,121.18,115.23,121.39,112.14,43.29,-9.43,-11.66,23666764,Strongest,Good,37.29%,0.98,108.46,115.82,31%
ALK,"Alaska Air Group","Transportation - Airline",50.21,+5.82%,1,Sell,"72% Buy",+1.30,-2.26%,43.16,47.15,45.92,47.22,58.47,-24.1,-11.21,3768396,Strengthening,Soft,78.74%,0.71,43.95,50.5,96%
WPM,"Wheaton Precious Metals","Mining - Misc",111.86,+2.60%,1,Sell,"72% Sell",+1.28,+21.45%,125.31,115.9,130.37,109.25,50.02,-0.39,-15.85,2196010,Weakening,Average,78.60%,0.57,103.92,114.58,74%
MTH,"Meritage Corp","Building - Residential & Comm",72.3,+2.99%,1,Sell,"40% Buy",+1.23,+1.64%,68.72,73.33,70.16,73.44,46.61,-20.2,-1.15,939576,Average,Soft,20.58%,1.34,69.28,77.6,36%
AWX,"Avalon Holdings Corp","Pollution Controls",2.565,+0.39%,6,Buy,"24% Sell",+1.19,-0.58%,2.54,2.54,2.58,2.57,51.75,-22.42,-15.68,22603,Weakest,Weak,39.54%,0.94,2.49,2.65,46%
PJT,"Pjt Partners Inc Cl A","Finance - Misc Services",170.54,+1.32%,4,Buy,"72% Buy",+1.13,-4.74%,153.6,159.65,157.57,165.34,57.87,-26.58,-9.03,349510,Strengthening,Average,56.74%,1.26,156.06,174.62,78%
TKNO,"Alpha Teknova Inc","Medical - Biomedical",5.3,+6.00%,1,Sell,"88% Buy",+1.03,+25.00%,4.1,5.04,3.7,5.23,54.31,3.16,28.44,182684,Strongest,Strong,39.86%,0.69,4.87,5.58,61%
CLMB,"Climb Global Solutions Inc","Technology Services",27.22,+1.53%,7,Buy,"56% Buy",+1.01,-2.13%,22.22,23.94,24.05,26.05,61.13,-23.97,-5.11,230333,Strengthening,Soft,64.67%,1.6,24.06,28.05,79%
MC,Moelis,"Finance - Investment Brokers",68.56,+2.21%,2,Hold,"64% Buy",+0.89,-0.03%,64.22,67.19,65.73,66.99,53.42,-21.87,-11.29,1040387,Strengthening,Weak,63.12%,1.09,63.32,70.67,71%
RNW,"Renew Energy Global Plc Cl A","Other Alt Energy",6.29,+1.13%,6,Sell,"56% Buy",+0.88,-17.24%,5.65,6.2,5.58,6.18,55.38,-39.08,0.3,1192036,Strengthening,Weak,70.67%,0.61,6,6.35,82%
HBIO,"Harvard Bioscience","Industrial Scientific",6.31,+3.44%,2,Hold,"80% Buy",+0.82,+44.69%,5.88,6.09,5.87,6.13,56.52,22.85,-16.68,229130,Strengthening,Weak,58.70%,0.76,5.81,6.44,79%
BBUC,"Brookfield Business Corp","Business Services",31.09,+4.93%,4,Sell,"88% Sell",+0.69,+5.78%,32.28,31.72,33.35,30.82,49.59,-16.06,-24.38,246348,Strengthening,Average,55.07%,0.61,29.45,32.19,60%
AYTU,"Aytu Biopharma Inc","Medical - Biomedical",2.25,+0.90%,2,Hold,"64% Sell",+0.50,-6.25%,2.36,2.18,2.42,2.18,56.41,-28.09,-24.49,60107,Weakest,Average,77.82%,0.86,2.08,2.28,87%
UNCY,"Unicycive Therapeutics Inc","Medical - Drugs",5.05,+0.90%,1,Sell,"88% Sell",+0.45,+20.36%,6.79,6.36,6.68,5.24,42.07,-1.48,-23.42,815207,Strengthening,Strong,35.49%,0.34,4.78,5.7,30%
FBIN,"Fortune Brands Innovations Inc","Building Prdcts - Air Heating",52.17,+5.91%,2,Buy,"56% Buy",+0.40,-6.56%,42.63,45.92,46.85,50.53,60.09,-28.4,-6.73,2441569,Strengthening,Average,35.88%,1.06,48.41,52.65,89%
BNT,"Brookfield Wealth Solutions Ltd","Finance - Misc Services",44.05,+1.99%,4,Sell,"40% Sell",+0.38,+1.14%,43.93,43.97,44.71,43.22,55.62,-20.7,-15.16,25685,Weakest,Weak,47.23%,0.36,41.87,44.56,81%
LGIH,"LGI Homes Inc","Building - Residential & Comm",56.1,+2.80%,4,Hold,"64% Buy",+0.37,+2.97%,48.95,55.83,49.72,58.3,46.28,-18.87,19.56,411531,Average,Good,15.19%,1.62,54.95,61.65,17%
TR,"Tootsie Roll Industries","Food - Confectionery",39.42,+1.03%,1,Buy,"24% Sell",+0.34,+4.98%,40.29,38.44,39.92,38.71,54.37,-16.86,-3.41,168354,Weakest,Weak,66.14%,0.55,37.51,39.9,80%
OGS,"One Gas Inc","Utility - Gas Distribution",78.4,+0.97%,8,Buy,"56% Sell",+0.33,+8.12%,82.61,78.43,82.25,79.23,47.21,-13.72,-9.54,525560,Weakening,Average,11.06%,0.84,77.35,81.11,28%
CRNT,"Ceragon Networks Ltd","Wireless Non-US",2.2,+1.38%,1,Sell,"40% Sell",-0.17,+1.85%,2.47,2.54,2.4,2.23,43.55,-19.99,-6.27,609182,Weakest,Weak,36.24%,0.37,2.05,2.4,42%
DTI,"Drilling Tools International Corp","Oil - Field Services",2.4,+2.13%,9,Hold,"72% Sell",-0.18,+16.50%,2.92,2.4,3.11,2.26,59.09,-5.34,-13.07,263849,Weakening,Good,78.68%,0.6,2.12,2.4,101%
EXC,"Exelon Corp","Utility - Electric Power",45.63,-0.41%,2,Hold,"32% Sell",-0.26,+2.15%,46.71,46.26,46.36,46.64,43.41,-19.69,-6.35,8406923,Weakening,Minimum,25.11%,0.71,45.33,47.94,12%
SR,"Spire Inc","Utility - Gas Distribution",80.09,+0.29%,6,Hold,"80% Sell",-0.27,+7.89%,85.53,80.83,85.83,81.28,45.62,-13.95,-14.19,445349,Strengthening,Good,17.36%,0.68,79.3,83.26,20%
WTRG,"Essential Utilities Inc","Utility - Water Supply",38.78,-2.69%,5,Buy,"8% Sell",-0.42,+1.57%,38.77,38.19,38.83,39.3,47.09,-20.27,-9.94,2202972,Weakest,Minimum,52.86%,1.38,37.85,40.75,32%
SELF,"Global Self Storage","REIT - Equity Trust Other",5.16,+1.18%,3,Sell,"16% Sell",-0.50,0.00%,5.2,5.14,5.16,5.12,53.45,-21.84,-9.85,29306,Weakest,Minimum,55.45%,3.31,5.02,5.22,71%
LCII,"Lci Industries","Auto - Truck Original Parts",103.5,+1.11%,4,Buy,"56% Sell",-0.60,+9.60%,110.53,101.59,120.33,104.38,49.91,-12.24,-25.73,380203,Weakening,Average,23.88%,0.76,99.78,108.98,40%
MWA,"Mueller Water Products","Machinery - General Industrial",25.79,+2.18%,4,Hold,"48% Sell",-0.62,+6.39%,26.51,25.42,26.83,25.11,55,-15.45,-2.76,1262965,Weakest,Weak,48.68%,0.76,24.35,25.86,95%
EHC,"Encompass Health Corp","Medical - Outpatient & Hm Care",112.47,+1.26%,7,Buy,"72% Buy",-0.65,+3.63%,104.5,106.01,104.36,111.66,57.61,-18.21,-5.07,1026068,Strongest,Average,47.23%,1.18,108.37,114.96,62%
TGS,"Transportadora DE Gas Sa Ord B ADR","Oil - Production & Pipeline",31.1,-2.29%,10,Hold,"48% Buy",-0.77,+9.89%,31.08,30.5,30.77,30.5,53.38,-11.95,-11.,307382,Weakening,Weak,77.05%,0.56,28.89,32.12,68%
DUK,"Duke Energy Corp","Utility - Electric Power",124.28,-0.92%,4,Hold,"24% Sell",-0.94,+1.11%,126.93,125.56,125.57,126.85,42.76,-20.73,-5.,3761823,Average,Minimum,16.51%,1.39,123.31,130.39,14%
HEPS,"D-Market Electronic Services & Trading ADR","Internet Commerce",2.94,-0.34%,3,Buy,"100% Buy",-1.06,+12.21%,2.79,2.84,2.77,2.9,54.96,-9.63,7.52,287738,Strengthening,Good,68.21%,1.02,2.79,3.02,65%
IRT,"Independence Realty Trust Inc","REIT - Equity Trust Resident",16.76,+0.78%,2,Buy,"88% Buy",-1.17,0.00%,16.2,16.61,16.41,16.68,52.41,-21.84,-15.15,2780784,Strengthening,Soft,51.02%,1.04,16.22,17.14,59%
XLO,"Xilio Therapeutics Inc","Medical - Biomedical",9.05,-0.66%,1,Hold,"64% Buy",-1.24,-0.55%,8.43,8.72,8.41,8.97,53.73,-22.39,-10.06,43368,Weakening,Weak,75.37%,0.48,8.43,9.52,57%
GRVY,"Gravity Ltd ADR","Internet - Content",61.78,-0.27%,1,Hold,"16% Sell",-1.28,+0.24%,62.34,62.56,62.9,62.29,46.35,-21.6,-4.27,32410,Average,Minimum,43.36%,0.34,60.45,64.12,36%
PERI,"Perion Network Ltd","Internet - Content",9.72,+1.89%,8,Buy,"40% Buy",-1.31,-8.04%,9.5,8.95,9.33,9.45,59.85,-29.88,-9.57,376089,Average,Minimum,77.54%,0.55,9.13,9.76,93%
YORW,"York Water Company","Utility - Water Supply",30.81,-0.52%,5,Buy,"8% Sell",-1.33,+1.18%,30.33,30.42,31.15,30.94,49.57,-20.66,-14.26,125410,Weakest,Weak,34.52%,0.76,30.05,31.82,43%
SO,"Southern Company","Utility - Electric Power",92.94,-1.69%,2,Hold,"16% Buy",-1.58,-2.16%,94.81,94.51,93.54,95.6,40.89,-24.,-4.45,5821278,Weakest,Weak,15.79%,1.53,93.31,97.88,-8%
OPFI,"Oppfi Inc","Financial Transaction Services",9.92,+5.87%,1,Buy,"56% Buy",-1.62,-4.62%,8.74,8.95,9.03,9.34,61.35,-26.46,-16.19,603459,Strengthening,Average,73.85%,0.64,8.9,9.79,115%
UTSI,"Utstarcom Holdings C","Communications Components",2.47,-0.20%,5,Sell,"24% Sell",-1.63,+0.61%,2.53,2.57,2.5,2.45,50.13,-21.23,-13.59,104025,Weakest,Minimum,68.96%,0,2.33,2.57,60%
ALTG,"Alta Equipment Group Inc","Machinery - General Industrial",6.98,+6.08%,4,Sell,"56% Buy",-1.76,-6.43%,6.48,6.54,6.46,6.4,58.67,-28.27,40.71,233355,Strengthening,Weak,57.30%,0.7,5.91,6.9,109%
GBTG,"Global Business Travel Group Inc","Internet - Software",9.43,-0.11%,14,Buy,"100% Buy",-1.83,+54.84%,8.01,9.39,7.52,9.41,69.95,33,12.24,2369723,Average,Strong,73.33%,0.43,9.39,9.43,93%
OMAB,"Grupo Aeroportuario ADR","Transportation - Services",106.73,-0.16%,1,Hold,"48% Sell",-2.07,+1.26%,108.16,105.83,111.38,106.37,49.99,-20.58,-12.91,82242,Average,Weak,64.49%,1.02,103.26,109.47,56%
CKX,"Ckx Lands","Real Estate Operations",11.075,+2.55%,1,Hold,"96% Buy",-2.19,-7.32%,10.79,10.88,10.49,10.95,51.34,-29.16,10.01,5676,Strongest,Soft,48.44%,0.73,10.37,11.52,61%
KMDA,"Kamada Ltd","Medical - Biomedical",7.23,+1.26%,1,Sell,"72% Sell",-2.37,+0.14%,7.81,7.32,7.97,7.12,51.8,-21.7,-8.62,64877,Weakening,Average,63.49%,0.67,6.89,7.34,75%
DOLE,"Dole Plc","Agriculture Operations",14.29,+1.06%,5,Buy,"40% Sell",-2.38,+1.78%,14.45,14.14,14.75,14.2,52.21,-20.06,-15.7,909686,Weakening,Weak,41.20%,0.97,13.9,14.5,65%
WLKP,"Westlake Chemical Partners LP","Chemical - Specialty",21.27,-1.71%,2,Sell,"32% Sell",-2.56,-2.52%,22.52,22.48,22.02,21.95,27.42,-24.36,0.92,48785,Strengthening,Weak,25.42%,2.89,21.51,22.4,-27%
ITRG,"Integra Resources Corp","Mining - Misc",2.14,+2.39%,1,Sell,"96% Sell",-2.77,+44.59%,2.61,2.35,3.06,2.14,45.5,22.75,-57.66,2704793,Average,Good,45.16%,0.29,2.03,2.26,48%
VEON,"Veon Ltd ADR","Diversified Comm Services",53.12,+1.59%,2,Sell,"56% Buy",-2.81,+5.08%,51.64,52.61,52.37,52.3,54.54,-16.76,-9.98,97240,Average,Weak,61.79%,1.32,50.59,54.02,74%
KGEI,"Kolibri Global Energy Inc","Oil - US Exploration & Product",5.34,+2.89%,6,Hold,"64% Buy",-2.82,-9.34%,5.26,5.14,4.81,5.15,55.41,-31.18,24.85,161865,Strengthening,Soft,53.60%,0.97,4.85,5.45,82%
SRI,"Stoneridge Inc","Electronics - Misc Components",7.45,+7.81%,5,Sell,"72% Buy",-2.84,+1.09%,6.74,7.29,6.88,7.2,54.74,-20.75,17.64,211140,Strengthening,Average,36.95%,0.55,6.86,7.53,88%
MGEE,"Mge Energy Inc","Utility - Electric Power",80,+0.59%,2,Buy,"56% Buy",-2.90,-4.72%,78.11,78.9,78.66,81.43,47.17,-26.56,-9.02,204952,Average,Weak,21.07%,0.55,79.37,83.48,15%
IDR,"Idaho Strategic Resources","Mining - Gold",29.15,+3.85%,1,Sell,"100% Sell",-2.91,+69.18%,35.6,32.82,37.56,29.37,45,47.34,-38.7,401698,Strengthening,Good,37.17%,0.67,27.22,31.53,45%
GTLB,"Gitlab Inc Cl A","Internet - Software",35.58,+3.12%,5,Buy,"72% Buy",-2.92,-14.91%,26.56,30.61,28.4,32.89,64.2,-36.75,-16.21,5496787,Strongest,Average,83.64%,0.66,30.46,35.32,105%
KVUE,"Kenvue Inc","Consumer Prdts - Misc Staple",19.01,-1.20%,2,Buy,"88% Buy",-2.96,-11.95%,17.98,18.56,17.94,19.22,49.16,-33.79,-0.83,32084002,Weakening,Soft,41.38%,1.7,18.6,19.83,33%
TEL,"Te Connectivity Ltd","Electronics - Misc Components",204.97,-0.35%,8,Hold,"80% Sell",-3.00,+1.51%,209.01,205.89,215.02,203,50.44,-20.33,-20.94,2370278,Average,Soft,62.51%,0.97,194.33,211.66,61%
VEL,"Velocity Financial Inc","Finance - Mortgage & Rel Svs",17.64,+0.57%,2,Sell,"72% Sell",-3.01,+7.89%,17.98,17.58,18.43,17.46,51.2,-13.95,-26.06,96237,Weakening,Good,55.16%,0.78,17.04,17.88,71%
FUL,"H. B. Fuller Company","Chemical - Specialty",57.01,+3.09%,2,Sell,"72% Sell",-3.10,+2.54%,59.38,59.42,60.59,56.19,48.87,-19.3,-15.15,572750,Average,Average,39.43%,0.67,54.42,57.96,73%
AOMR,"Angel Oak Mortgage REIT Inc","REIT - Mortgage Trusts",8.78,-0.79%,4,Buy,"40% Buy",-3.22,-4.46%,8.64,8.68,8.7,8.94,46.45,-26.3,-9.06,109297,Weakest,Weak,24.44%,1.06,8.72,9.16,14%
IVA,"Inventiva S.A. ADR","Medical - Biomedical",4.25,-5.13%,3,Buy,"56% Sell",-3.29,+31.99%,4.89,4.23,5.26,4.48,46.18,10.15,-19.63,568162,Average,Average,63.03%,0.88,4.26,4.7,-3%
COLL,"Collegium Pharma","Medical - Drugs",35.58,+0.54%,2,Buy,"8% Sell",-3.56,+18.32%,34.58,34.82,38.12,35.69,50.42,-3.52,-34.18,480408,Weakest,Weak,44.59%,0.93,34.65,36.73,45%
STVN,"Stevanato Group S.P.A.","Medical - Drugs",20.59,+3.73%,6,Buy,"72% Buy",-3.71,-18.03%,17.16,18.62,17.27,19.69,63.08,-39.87,-8.69,474987,Strongest,Average,65.48%,2.34,18.8,20.57,101%
ATS,"Ats Corp Cda","Machinery - General Industrial",27.77,+1.95%,1,Sell,"72% Sell",-3.96,-6.97%,29.77,28.26,29.88,27.14,52.92,-28.81,-10.19,148072,Average,Average,68.67%,0.32,26.18,28.1,83%
BANF,"Bancfirst Corp","Banks - Southwest",114,+1.05%,5,Hold,"80% Buy",-4.08,-6.79%,111.89,113.26,112,115.06,48.88,-28.63,-3.5,143891,Strongest,Weak,13.84%,1.03,111.49,118.64,35%
VINP,"Vinci Compass Investments Ltd","Finance - Misc Services",9.92,+0.61%,2,Sell,"72% Sell",-4.08,+4.64%,10.24,9.83,11,9.78,53.82,-17.2,-34.96,65468,Weakest,Average,57.36%,0.54,9.49,10.08,73%
HRL,"Hormel Foods Corp","Food - Meat Products",25.23,+0.88%,6,Buy,"88% Buy",-4.11,-10.28%,22.96,24.43,23.4,25.14,52.51,-32.12,-4.57,4951115,Strengthening,Average,39.13%,0.6,24.25,26.02,55%
USNA,"Usana Health Sciences Inc","Medical - Drugs",22.84,+3.30%,5,Buy,"88% Buy",-4.13,-20.86%,19.32,20.43,19.75,22.1,58.51,-42.7,5.32,155846,Strongest,Average,60.63%,1.05,20.99,23.22,83%
XP,"XP Inc Cl A","Finance - Misc Services",17.03,-0.18%,4,Buy,"40% Sell",-4.19,+4.13%,17.69,16.32,18.22,16.69,54.78,-17.71,-7.,6178774,Weakening,Average,75.00%,0.52,15.86,17.52,70%
AFYA,"Afya Ltd Cl A",Schools,14.2,-0.49%,2,Hold,"96% Sell",-4.40,+3.80%,14.47,14.32,14.49,14.22,48.19,-18.04,-18.88,102327,Strongest,Weak,56.29%,0.7,13.62,14.83,48%
ELTK,"Eltek Ltd","Electronics - Misc Components",8.7,+2.71%,7,Sell,"56% Sell",-4.40,-17.33%,8.76,9.01,8.78,8.77,47.94,-39.17,-10.39,12262,Weakest,Weak,30.98%,0.18,8.21,9.33,44%
TRT,"Trio-Tech International","Electronics - Measuring Inst",10.15,+1.70%,4,Sell,"24% Buy",-4.65,+271.12%,10.31,11.43,8.84,10.07,48.05,249.28,42.29,550377,Weakening,Weak,28.99%,0.38,9.05,11.09,54%
TXO,"Txo Partners L.P.","E&P MLP",13.17,-1.94%,7,Hold,"96% Buy",-4.73,-12.02%,12.75,13,12.42,13.07,53.84,-33.86,12.4,215549,Average,Soft,76.41%,0.84,12.76,13.38,67%
PPL,"PPL Corp","Utility - Electric Power",35.2,-0.03%,2,Hold,"72% Sell",-4.76,-1.29%,36.83,35.87,36.72,35.87,41.9,-23.13,-10.52,8167314,Strengthening,Average,14.63%,0.66,35.14,36.6,4%
CSR,Centerspace,"REIT - Equity Trust Resident",55.47,+1.15%,2,Sell,"100% Sell",-4.79,+2.34%,60.83,58.13,61.98,55.77,43.29,-19.5,-27.89,150664,Strongest,Maximum,22.90%,0.86,54.75,56.79,35%
PRIM,"Primoris Services Corp","Building - Heavy Construction",87.84,+4.06%,2,Sell,"88% Sell",-4.80,-3.62%,122.54,99.08,130.58,86.46,47.78,-25.46,-40.27,1345109,Weakening,Strong,64.92%,0.55,79.04,93.88,59%
UMH,"Umh Properties","REIT - Equity Trust Resident",15.27,+1.06%,4,Hold,"16% Sell",-4.92,-5.91%,15.21,15.31,15.41,15.45,46.74,-27.75,-15.05,611929,Weakening,Minimum,15.04%,1.08,15.05,15.84,28%
NFG,"National Fuel Gas Company","Oil - US Integrated",82.76,+0.55%,7,Buy,"24% Sell",-4.99,-4.49%,83.96,78.95,84.24,81.03,59.86,-26.33,-7.66,741200,Weakest,Weak,73.12%,1.22,78.61,83.44,86%
ADV,"Advantage Solutions Inc","Consumer Prdts - Misc Discr",39.65,+1.04%,3,Hold,"80% Buy",-5.07,+22.00%,34.08,39.35,29.05,38.98,51.11,0.16,69.2,71644,Weakening,Good,61.13%,0.37,34.96,43,58%
JRVR,"James River Group Hldgs Inc","Insurance - Multi Line",4.6,+2.45%,7,Buy,"40% Sell",-5.14,-15.44%,5.04,4.29,5.57,4.57,53.57,-37.28,-38.7,308850,Weakest,Average,34.73%,0.73,4.38,4.77,57%
VC,"Visteon Corp","Auto - Truck Original Parts",105.48,+0.90%,2,Sell,"40% Buy",-5.20,-4.58%,104.93,110.33,102.21,104.73,49.02,-26.42,-0.12,546188,Weakening,Weak,71.89%,0.65,101.28,108.18,61%
VISN,"Vistance Networks Inc","Communication Network Software",12.05,+2.64%,2,Sell,"100% Sell",-5.34,+54.69%,14.21,12.29,15.59,12.06,48.63,32.85,-44.57,5283493,Average,Good,35.90%,1.17,11.51,12.62,49%
KBH,"KB Home","Building - Residential & Comm",56.28,+2.38%,1,Buy,"8% Buy",-5.61,-1.59%,53.24,55.09,55.66,56.38,49.98,-23.43,-11.26,1185255,Weakest,Minimum,33.94%,1.03,54.3,58.45,48%
JACK,"Jack IN The Box Inc","Retail - Restaurants",17,+3.85%,2,Buy,"40% Buy",-5.77,-11.60%,12.92,13.92,15.19,15.35,62.83,-33.44,-21.32,893347,Average,Weak,81.87%,1.27,13.68,17.03,99%
CHH,"Choice Hotels International","Hotels & Motels",108.47,-2.71%,7,Buy,"40% Buy",-5.79,-13.86%,108.79,110.61,107.47,110.28,45.5,-35.7,2.84,663229,Weakest,Weak,51.01%,0.88,105.69,114.87,30%
PG,"Procter & Gamble Company","Consumer Prdts - Misc Staple",144.97,+0.33%,3,Sell,"56% Sell",-5.81,-3.77%,146.28,147.38,148.36,147.84,43.8,-25.61,-9.87,9886152,Weakening,Weak,30.26%,0.98,143.57,152.11,16%
TG,"Tredegar Corp","Chemical - Plastics",7.65,+0.79%,2,Sell,"72% Sell",-6.11,-8.93%,8.16,7.76,8.26,7.53,49.77,-30.77,-4.48,167104,Weakening,Average,47.28%,0.75,7.26,7.8,73%
ALKT,"Alkami Technology Inc","Internet - Software",18.8,+3.47%,3,Buy,"40% Buy",-6.15,-8.25%,16.86,16.98,17.67,17.69,60.68,-30.09,-29.54,1728923,Average,Weak,79.05%,1.19,16.42,18.95,94%
FPH,"Five Point Holdings Llc Cl A","Real Estate Developers",5.13,-1.16%,7,Buy,"24% Sell",-6.33,-3.39%,5.05,5.14,5.2,5.2,47.13,-25.23,-19.26,170947,Weakest,Weak,50.51%,2.09,4.97,5.42,36%
OFLX,"Omega Flex Inc","Steel - Pipe & Tube",30.17,+2.41%,1,Hold,"80% Sell",-6.66,-3.27%,30.56,30.32,31.59,29.8,51.16,-25.11,-8.55,42662,Weakening,Weak,31.48%,1.32,28.69,30.9,67%
EL,"Estee Lauder Companies","Cosmetics & Toiletries",84.68,+0.93%,3,Sell,"24% Sell",-6.77,-6.99%,81.13,83.98,90.48,82.73,54.81,-28.83,-30.17,3890579,Weakest,Weak,74.74%,0.58,79.84,85.62,84%
FCN,"Fti Consulting",Consulting,158.4,-0.61%,8,Buy,"56% Sell",-6.84,-4.30%,163.35,155.71,166.07,160.32,49.13,-26.14,-18.31,420207,Weakening,Average,32.52%,1.02,152.53,168.12,38%
CWCO,"Cons Water Inc","Utility - Water Supply",29.55,+1.20%,5,Hold,"64% Sell",-6.93,+3.94%,31.06,29.52,32.98,29.22,51.47,-17.9,-27.3,109711,Weakest,Good,41.10%,0.87,28.49,29.96,72%
WTF,"Waton Financial Limited","Finance - Misc Services",2.99,+0.34%,6,Sell,"56% Sell",-7.05,-34.72%,3.26,2.91,3.43,2.93,52.27,-56.56,-20.42,76773,Weakest,Soft,50.54%,0.03,2.71,3.15,63%
WCN,"Waste Connections Inc","Waste Removal Svcs",167.81,+0.26%,4,Buy,"40% Buy",-7.41,-10.06%,161.55,162.55,163.96,170.02,50.66,-31.9,-15.34,1501428,Average,Soft,19.95%,0.85,165.96,174.08,23%
AWK,"American Water Works","Utility - Water Supply",131.3,-2.14%,4,Hold,"16% Buy",-7.50,-9.90%,130.92,129.38,130.83,133.54,46.48,-31.74,-10.42,1968496,Weakest,Minimum,41.82%,1.08,128.73,138.34,27%
OSIS,"O S I Systems Inc","Electronics - Misc Components",225.57,+1.89%,2,Buy,"56% Sell",-7.51,+2.73%,243.07,216.7,253.94,216.06,58.88,-19.11,-22.59,268513,Weakest,Good,85.17%,0.88,207.97,224.15,109%
CHSCP,"CHS Inc","Agriculture Operations",26.69,0.00%,1,Sell,"88% Sell",-7.55,-5.76%,27.46,27.11,27.67,26.68,42.29,-27.6,-14.68,15934,Average,Strong,68.06%,0.31,26.55,26.8,56%
CHNR,"China Natural Res","Mining - Misc",3.69,+1.93%,2,Sell,"88% Sell",-7.60,+8.53%,4.02,3.94,3.91,3.76,46.03,-13.31,-8.39,268581,Average,Weak,18.46%,0.02,3.53,4,35%
NMRK,"Newmark Group Inc Cl A","Real Estate Operations",15.3,+2.03%,3,Hold,"32% Sell",-7.60,+1.19%,15.19,15.05,15.56,15.39,49.84,-20.65,-22.79,1404522,Weakest,Minimum,27.30%,1.47,14.66,16.12,44%
CHCI,"Comstock Hlds Cos","Building - Residential & Comm",14.44,+2.41%,1,Sell,"24% Sell",-7.62,+15.98%,16.1,15.43,14.57,15.29,40.62,-5.86,13.24,25049,Weakening,Minimum,10.86%,0.95,14.24,16.35,10%
LOMA,"Loma Negra Comp Indu Argentina Sociedad ADR","Building - Residential & Comm",11.41,-0.61%,2,Hold,"32% Buy",-7.64,-1.89%,11.26,11.61,11.35,11.47,48.11,-23.73,-22.92,464884,Weakest,Minimum,39.92%,0.49,10.91,12.02,45%
IRS,"Irsa Inversiones Y Representaciones S.A. ADR","Real Estate Developers",15.23,+0.26%,2,Hold,"32% Sell",-7.74,+3.25%,15.22,15.48,15.54,15.29,47.77,-18.59,-18.95,186070,Weakening,Minimum,50.15%,0.6,14.93,15.64,42%
KNF,"Knife River Holding CO","Building & Construction - Misc",78.84,+7.75%,1,Sell,"40% Sell",-7.88,-5.43%,81.87,79.97,81.06,78.93,48.99,-27.27,1.04,593833,Weakest,Weak,21.24%,1.56,73.78,84.09,49%
CBIO,"Crescent Biopharma Inc","Medical - Biomedical",14.87,+2.76%,3,Sell,"40% Sell",-7.89,+23.92%,17.65,17.39,15.52,15.89,41.83,2.08,14.35,241391,Weakening,Minimum,18.29%,0.64,14.07,17.71,22%
BBWI,"Bath & Body Works Inc","Retail - Misc & Diversified",20.97,+4.22%,1,Buy,"40% Buy",-8.04,-25.56%,19.43,20.06,20.38,20.26,54.92,-47.4,-6.6,6275291,Average,Minimum,45.76%,0.84,19.31,21.2,88%
NOA,"North American Construction Group Ltd","Oil Field Machinery & Equip",13.48,-0.88%,5,Sell,"100% Sell",-8.10,-9.77%,13.9,13.62,14.48,13.54,48.19,-31.61,-17.22,121096,Average,Average,33.59%,0.17,13.03,14.06,44%
GBDC,"Golub Capital Bdc","Finance - SBIC & Commercial",13.19,+2.81%,4,Buy,"16% Buy",-8.34,-10.39%,12.91,12.9,12.95,12.93,59.21,-32.23,-13.83,1869931,Average,Minimum,42.03%,1.29,12.6,13.26,89%
GFI,"Gold Fields Ltd ADR","Mining - Gold",33.96,+4.75%,1,Sell,"88% Sell",-8.40,+32.71%,40.01,35.2,43.93,32.92,51.21,10.87,-33.25,3493145,Weakening,Strong,70.78%,0.63,31.39,34.45,84%
PHUN,"Phunware Inc","Internet - Software",2.17,+2.84%,5,Buy,"88% Buy",-8.45,-19.03%,2.01,2.04,1.95,2.13,56.37,-40.87,6.27,154895,Strongest,Soft,43.89%,0.8,2.02,2.24,68%
GEL,"Genesis Energy LP","Oil Refining & Marketing MLP",15.44,+0.85%,6,Buy,"48% Sell",-8.57,-9.28%,16.03,14.88,16.36,14.88,61.66,-31.12,-12.06,294107,Weakest,Average,89.09%,0.82,14.36,15.4,104%
PIPR,"Piper Jaffray Companies","Finance - Misc Services",75.94,+0.18%,5,Sell,"88% Sell",-8.67,-2.51%,78.54,76.77,80.68,75.36,49.82,-24.35,-21.61,645760,Average,Average,71.81%,1.07,71.55,79.16,58%
WKEY,"Wisekey International Holding Ltd ADR","Protection - Safety",6.52,+6.19%,1,Sell,"80% Sell",-8.67,+23.72%,7.35,7.49,7.5,6.54,46.89,1.88,-27.97,341146,Average,Weak,42.93%,0.17,5.95,7.13,48%
BTG,"B2Gold Corp","Mining - Gold",3.85,+2.67%,1,Sell,"88% Sell",-8.74,+11.92%,4.4,4.08,4.65,3.81,47.9,-9.92,-25.66,33734305,Average,Good,53.62%,0.7,3.65,3.97,63%
HTFL,"Heartflow Inc","Medical Information Systems",26.76,+6.06%,1,Sell,"56% Sell",-8.74,N/A,28.28,28.91,28.26,25.72,49.7,N/A,-19.23,1216875,Weakest,Average,48.88%,0.57,23.7,27.74,76%
CEPU,"Central Puerto S.A. ADR","Other Alt Energy",14.95,-2.03%,4,Sell,"88% Sell",-8.82,+23.66%,15.09,15,15.42,14.85,50.45,1.82,-25.6,349997,Strengthening,Weak,68.03%,0.65,14.14,15.56,57%
CNH,"CNH Industrial N.V.","Machinery - Farm",10.8,+5.37%,5,Hold,Hold,-8.85,-13.39%,10.63,10.59,10.85,10.59,52.14,-35.23,6.11,13757567,Bearish,,18.48%,3.21,9.96,11.22,66%
BOOT,"Boot Barn Holdings Inc","Retail - Apparel & Shoes",158.6,+6.45%,4,Sell,"72% Sell",-8.98,-7.19%,159.8,162.33,169.33,154.31,52.02,-29.03,-21.16,668658,Weakening,Average,45.46%,1.38,145.46,163.17,74%
LINK,"Interlink Electronics Inc","Electronic Misc Services",4.57,+10.53%,6,Hold,"56% Buy",-9.50,-2.60%,3.87,4.56,3.75,4.42,52.93,-24.44,6.62,64921,Strengthening,Soft,34.11%,1.28,3.79,5.04,62%
MRP,"Millrose Properties Inc","Real Estate Operations",28.65,+2.39%,3,Hold,"80% Sell",-9.71,-4.31%,28.84,28.68,29.4,28.49,50.45,-26.15,-15.11,1776891,Weakening,Weak,26.30%,0.97,27.7,29.29,60%
NERV,"Minerva Neuroscie","Medical - Drugs",3.97,-0.25%,1,Sell,"88% Sell",-9.91,+107.58%,5.43,4.6,5.36,4.31,39.27,85.74,-12.27,1039375,Strengthening,Average,13.64%,0.35,3.81,4.81,16%
NOC,"Northrop Grumman Corp","Aerospace - Defense",548.47,+1.10%,3,Sell,"72% Sell",-9.92,-6.47%,586.63,535.47,617.01,534.84,56.8,-28.31,-14.84,889700,Weakest,Good,72.82%,0.66,513.2,556.49,81%
GNE,"Genie Energy Ltd Cl B","Utility - Electric Power",14.13,+1.58%,3,Buy,"16% Buy",-9.94,-30.01%,14.04,14.13,14.1,14.16,48.79,-51.85,-8.49,82046,Weakening,Minimum,20.44%,0.74,13.79,14.54,45%
GNTX,"Gentex Corp","Auto - Truck Original Parts",23.45,+0.39%,2,Sell,"8% Sell",-10.07,-10.77%,23.37,24.47,23.5,23.83,44.08,-32.61,-10.26,2452612,Weakest,Minimum,47.79%,0.74,22.9,24.75,30%
NL,"Nli Holdings Inc","Electronics - Misc Components",5.92,+3.14%,1,Sell,"24% Sell",-10.20,+4.59%,6.04,6.11,6.04,5.91,49.66,-17.25,-2.8,50021,Weakest,Minimum,48.36%,0.28,5.65,6.16,52%
KBDC,"Kayne Anderson Bdc Inc","Finance - SBIC & Commercial",13.67,+2.78%,5,Sell,"88% Sell",-10.22,-10.54%,14.14,13.96,14.17,13.61,49.69,-32.38,-15.57,331896,Average,Average,33.76%,1.1,13.29,13.93,60%
GRNT,"Granite Ridge Resources Inc","Oil - US Exploration & Product",4.79,+0.84%,6,Buy,"40% Sell",-10.33,-1.84%,5.14,4.74,5.05,4.67,54.09,-23.68,-9.12,796625,Weakest,Average,45.89%,0.75,4.43,4.9,77%
IBP,"Installed Building Products","Building & Construction - Misc",228.45,+2.47%,7,Buy,"40% Sell",-10.50,+10.63%,243.38,218.45,263.9,225.94,52.18,-11.21,-22.96,382385,Weakest,Average,48.29%,0.67,215.32,236.56,62%
TUSK,"Mammoth Energy Services Inc","Oil - Field Services",2.7,+1.89%,1,Sell,"8% Buy",-10.77,+6.30%,2.81,3.04,2.62,2.78,44.13,-15.54,34.92,282940,Weakest,Weak,36.88%,0.77,2.52,3.04,34%
SNY,"Sanofi-Aventis S.A. ADR","Large Cap Pharma",42.95,-0.30%,7,Buy,"72% Sell",-11.04,-8.13%,44.49,43.48,45.4,43.72,46.03,-29.97,-22.4,3305181,Average,Strong,36.59%,0.73,42.33,45.11,22%
HD,"Home Depot","Retail - Home Furniture",340.02,+2.43%,1,Hold,Hold,-11.23,-9.00%,329.64,331.56,343.94,337.23,52.91,-30.84,-12.22,4364184,Falling,,38.99%,0.62,326.24,348.22,63%
AENT,"Alliance Entertainment Holding Corp","Media Conglomerates",5.46,+0.92%,1,Sell,"88% Sell",-11.24,+10.75%,6.41,5.79,6.56,5.86,38.2,-11.09,-43.46,49383,Strongest,Average,26.25%,1.03,5.49,6.23,-3%
CING,"Cingulate Inc","Medical - Biomedical",4.83,+0.84%,1,Hold,"48% Sell",-11.27,-5.29%,5.4,4.76,5.53,4.72,51.68,-27.13,0.26,390918,Weakest,Weak,77.20%,0.27,4.38,5.06,67%
SLVM,"Sylvamo Corp","Paper & Related Products",38.27,+2.30%,6,Sell,"88% Sell",-11.39,-15.43%,40.03,38.76,42.95,38.17,49.65,-37.27,-31.55,364862,Weakening,Average,34.30%,0.84,36.84,39.49,54%
PPIH,"Perma-Pipe International Holdings Inc","Steel - Pipe & Tube",24.66,+2.11%,2,Sell,"100% Sell",-11.61,+16.87%,29.28,27.27,29.99,25,43.72,-4.97,-29.8,99728,Strengthening,Strong,40.48%,0.59,23.81,26.19,36%
ARCC,"Ares Capital Corp","Finance - SBIC & Commercial",19.17,+2.19%,5,Buy,"24% Buy",-11.64,-14.38%,18.6,18.7,19.01,18.82,58.71,-36.22,-16.27,5911749,Average,Minimum,53.41%,0.94,18.35,19.28,88%
AGI,"Alamos Gold Inc","Mining - Gold",28.7,+3.13%,1,Sell,"100% Sell",-11.66,+15.40%,38.34,32.86,40.21,29.1,41.44,-6.44,-36.64,3823702,Average,Strong,28.35%,0.58,27.64,30.57,36%
DEI,"Douglas Emmett","REIT - Equity Trust Other",11.9,+0.68%,3,Buy,"56% Buy",-11.90,-20.19%,11.21,12.01,11,12.16,46.35,-42.03,-2.75,2403819,Weakening,Soft,13.42%,0.62,11.65,12.66,24%
NRP,"Natural Resource Partners LP",Coal,96.45,-1.64%,3,Sell,"100% Sell",-11.95,-6.07%,108.79,100.79,111.35,98.08,38.14,-27.91,-18.64,38224,Strongest,Strong,42.51%,0.51,95.83,100.34,14%
VZLA,"Vizsla Silver Corp","Mining - Silver",3.26,+3.82%,2,Sell,"88% Sell",-12.08,+12.41%,3.39,3.38,3.94,3.18,50.39,-9.43,-51.43,7691586,Weakening,Average,46.88%,0.5,2.96,3.39,69%
WYNN,"Wynn Resorts Ltd",Gaming,98.36,-0.96%,7,Sell,"88% Sell",-12.13,-8.87%,101.43,100.39,105.31,97.61,49.13,-30.71,-29.29,1548634,Average,Average,80.86%,1,94.2,101.02,61%
FC,"Franklin Covey Company",Consulting,21.59,+0.65%,1,Sell,"40% Buy",-12.41,+15.95%,21.01,22.67,19.82,20.94,49.6,-5.89,17.64,140206,Weakening,Soft,73.51%,0.82,19.71,22.16,77%
VHI,"Valhi Inc","Chemical - Diversified",13.44,0.00%,1,Sell,"72% Sell",-12.57,-12.90%,13.99,13.91,14.01,13.7,41.88,-34.74,0.51,17412,Strengthening,Weak,46.83%,0.44,13.32,14.09,16%
AUNA,"Auna Sa Cl A","Medical Services",5.25,+3.55%,1,Hold,"32% Buy",-12.60,-14.91%,5.14,4.92,5.08,5.12,56.8,-36.75,-4.32,294611,Average,Minimum,65.32%,0.62,4.95,5.3,87%
LSE,"Leishen Energy Holding Co. Ltd","Oil Field Machinery & Equip",4.62,+8.45%,5,Buy,"32% Sell",-12.66,-16.76%,4.62,4.35,4.64,4.53,52.48,-38.6,-5.31,12335,Weakest,Weak,28.10%,0.28,4.03,5.03,59%
FRHC,"The Awareness Group","Finance - Misc Services",152.76,+0.98%,2,Buy,"88% Buy",-12.82,-16.14%,146.91,148.01,139.46,155.38,50.77,-37.98,14.51,121213,Strengthening,Average,45.97%,0.24,146.38,164.38,35%
AMPY,"Amplify Energy Corp","Oil - US Exploration & Product",4.01,+2.56%,4,Sell,"88% Sell",-12.94,+10.47%,5.04,4.19,5.06,3.96,49.65,-11.37,-23.28,848333,Average,Strong,42.51%,0.94,3.7,4.22,59%
INR,"Infinity Natural Resources Inc Cl A","Oil - US Exploration & Product",12.97,-1.44%,7,Hold,"80% Sell",-13.12,-8.66%,14.88,13.08,15.16,12.98,49.24,-30.5,-22.98,340070,Average,Good,48.11%,0.75,12.31,13.65,49%
NEPH,"Nephros Inc","Medical Products",3.51,+3.54%,6,Hold,"16% Sell",-13.16,+2.63%,3.3,3.49,3.64,3.55,50.12,-19.21,-39.1,40982,Weakening,Minimum,41.03%,4.5,3.26,3.84,43%
HLMN,"Hillman Solutions Corp","Building & Construction - Misc",8.31,+5.59%,3,Buy,"24% Sell",-13.24,+7.23%,7.98,7.83,8.42,7.97,58.37,-14.61,-15.07,1372453,Weakest,Weak,36.40%,1.08,7.59,8.35,94%
DIS,"Walt Disney Company","Media Conglomerates",98.14,+2.03%,2,Sell,"88% Sell",-13.37,-15.82%,100.11,99.03,103,96.65,51.81,-37.66,-24.77,10649022,Average,Good,59.01%,1.08,93.7,99.6,75%
CCEL,"Cryo-Cell Intl Inc","Medical Services",3.48,+1.75%,7,Hold,"16% Sell",-13.69,-29.84%,3.47,3.49,3.44,3.46,50.91,-51.68,-9.86,10055,Weakest,Minimum,34.78%,0.68,3.31,3.6,58%
WYHG,"Wing Yip Food Holdings Group ADR","Food - Meat Products",3.45,-5.22%,2,Sell,"40% Buy",-13.77,-23.78%,3.18,4.05,2.79,3.86,43.65,-45.62,45.79,112511,Weakest,Weak,18.78%,0.13,3.11,4.62,22%
TIPT,"Tiptree Financial Cl A","Insurance - Brokers",17.67,-0.56%,3,Buy,"56% Buy",-13.85,-12.78%,17.29,17.77,17.34,17.9,47.11,-34.62,-14.31,241348,Weakening,Weak,20.76%,0.67,17.41,18.39,26%
MELI,"Mercadolibre Inc","Internet Commerce",1898.79,+1.11%,6,Buy,"40% Buy",-14.06,-20.08%,1730.59,1732.22,1824.8,1840.06,67.09,-41.92,-16.76,534066,Strengthening,Weak,82.40%,1.01,1777.82,1902.3,97%
LADR,"Ladder Capital Corp","REIT - Mortgage Trusts",9.66,+1.05%,3,Sell,"100% Sell",-14.12,-11.13%,10.04,10.01,10.27,9.79,43.97,-32.97,-23.13,852221,Strongest,Strong,23.60%,1.04,9.51,10.07,27%
VSNT,"Versant Media Group Inc","Media Conglomerates",36.82,+2.31%,1,Sell,N/A,-14.12,N/A,38.74,38.19,37.09,36.07,50.86,N/A,-29.21,N/A,N/A,N/A,53.01%,0.74,34.82,37.31,80%
GGAL,"Grupo Fin Galicia ADR","Banks - Foreign",50.51,+1.49%,4,Hold,"48% Buy",-14.12,+3.27%,47.37,50.56,48.44,50.66,50.19,-18.57,-17.39,1450131,Weakening,Weak,47.61%,0.42,48.11,53.22,47%
RYN,"Rayonier Inc REIT","Building Products - Wood",21.54,-1.10%,5,Buy,"8% Buy",-14.20,-8.03%,20.98,21.29,21.5,21.58,50.15,-29.87,-11.54,2454024,Weakest,Minimum,38.61%,1.07,20.88,22.27,47%
IDXX,"Idexx Laboratories","Medical Instruments",567.84,+1.57%,4,Buy,"24% Sell",-14.26,+6.03%,562.44,557.39,596.45,558.98,54.43,-15.81,-27.1,575046,Weakest,Weak,58.50%,1.87,538.67,579.3,72%
LUXE,"Luxexperience B.V. ADR","Textile - Apparel",8.25,+1.23%,7,Buy,Hold,-14.45,+8.84%,8.01,7.65,8.25,8.03,56.66,-13.,-12.23,261487,Falling,,59.27%,0.5,7.58,8.47,75%
PMN,"Promis Neurosciences Inc","Medical - Biomedical",14.14,+3.06%,6,Buy,"56% Buy",-14.45,-26.21%,12.47,11.97,12.85,13.81,54.76,-48.05,96.15,91818,Average,Weak,50.17%,0.18,12.02,15.61,59%
TARA,"Artara Therapeutics Inc","Medical - Drugs",3.97,+1.28%,2,Sell,"100% Sell",-14.64,+29.74%,4.67,4.15,5.14,4.07,45.7,7.9,-36.55,833055,Average,Good,41.21%,0.35,3.85,4.3,27%
GDS,"Gds Holdings Ltd ADR","Technology Services",32.7,-0.12%,8,Sell,"88% Sell",-14.65,-4.16%,37.67,32.71,39.22,32.09,52.11,-26.,-17.33,2011903,Average,Good,67.40%,0.77,30.15,34.03,66%
FPI,"Farmland Partners Inc","REIT - Equity Trust Other",9.57,+2.35%,5,Sell,"100% Sell",-14.68,-9.80%,10.52,9.84,10.8,9.59,46.37,-31.64,-12.27,491084,Average,Strong,33.45%,1.3,9.39,9.8,45%
TBCH,"Turtle Beach Corp","Computers - Peripheral Equpt",12.81,+4.57%,5,Sell,"8% Buy",-14.71,-8.50%,12.01,12.69,12.26,12.64,53.16,-30.34,-19.73,273518,Weakening,Minimum,38.85%,0.84,11.93,13.34,62%
APT,"Alpha Pro Tech","Protection - Safety",4.93,0.00%,2,Sell,"24% Sell",-14.80,+2.07%,5.12,5.31,5.06,5.04,42.62,-19.77,0.01,52818,Weakening,Minimum,10.71%,0.34,4.79,5.28,28%
BCSF,"Bain Capital Specialty Finance Inc","Finance - SBIC & Commercial",12.7,+2.25%,7,Sell,"88% Sell",-15.00,-13.72%,12.84,12.72,13.03,12.67,51.38,-35.56,-19.73,426769,Weakening,Soft,32.79%,0.61,12.35,12.98,55%
SPPL,"Simpple Ltd","Technology Services",3.61,+4.03%,2,Sell,"24% Buy",-15.09,+28.48%,2.88,3.47,3.06,3.38,57.75,6.64,-26.09,457754,Average,Weak,73.04%,0.04,3.07,3.68,89%
GEOS,"Geospace Technologie","Electronics - Measuring Inst",7.52,+2.87%,3,Hold,"64% Sell",-15.20,-52.59%,8.73,7.34,10.78,7.04,57.53,-74.43,-66.56,220074,Weakest,Average,75.33%,0.4,6.52,7.56,96%
NCLH,"Norwegian Cruise Ord","Leisure & Recreation Services",19.76,+6.64%,5,Sell,"8% Sell",-15.38,-19.35%,18.99,19.36,20.19,19.5,51.25,-41.19,-22.5,20040262,Weakest,Weak,22.35%,1.07,18.17,20.82,60%
LNN,"Lindsay Corp","Machinery - Farm",113.19,+2.14%,1,Sell,"72% Sell",-15.53,-15.16%,113.59,114.94,118.51,113.71,47.05,-37.,-15.,155151,Weakening,Soft,16.85%,0.58,109.85,117.56,43%
ENR,"Energizer Holdings Inc","Consumer Prdts - Misc Staple",21.12,+0.72%,3,Buy,"88% Buy",-15.76,-4.61%,19.14,20.32,19.83,20.69,54.28,-26.45,-4.85,1208971,Strengthening,Weak,58.43%,1.2,19.8,21.58,74%
BNTX,"Biontech Se ADR","Medical - Biomedical",92.25,+1.84%,1,Hold,"48% Sell",-15.80,-14.06%,92.95,91.38,97.38,91.88,51.21,-35.9,-14.13,1034229,Weakening,Average,58.38%,1.21,89.55,94.22,58%
INDO,"Indonesia Energy Corp Ltd","Oil - International Integrated",2.77,-3.82%,8,Hold,"80% Sell",-15.99,-7.67%,3.18,2.82,3.5,2.9,45.07,-29.51,-16.49,1317996,Strengthening,Average,33.90%,0.39,2.68,3.12,21%
MARA,"Mara Holdings Inc","Finance - Misc Services",11.75,+3.80%,2,Sell,"16% Buy",-16.16,-24.19%,11.82,13.1,10.94,11.9,47.35,-46.03,19.82,45013266,Weakest,Minimum,51.20%,0.61,10.51,13.28,45%
BDN,"Brandywine Realty Trust","REIT - Equity Trust Other",3.14,+3.29%,2,Sell,"48% Buy",-16.33,-17.59%,3,3.13,3.01,3.1,52.49,-39.43,-3.5,2955030,Average,Weak,47.86%,1.62,2.96,3.23,67%
WGS,"Genedx Holdings Corp","Medical Services",67.86,+4.22%,3,Buy,"8% Sell",-16.38,-33.21%,60.66,60.45,73.96,63.95,56.74,-55.05,-58.85,864203,Weakening,Weak,76.61%,1.78,58.49,69.42,86%
ONON,"On Holding Ag Cl A","Retail - Apparel & Shoes",37.95,+4.72%,3,Sell,"24% Sell",-16.46,-19.31%,36.74,37.58,39.8,37.16,53.92,-41.15,-29.38,6097421,Weakest,Weak,57.04%,1.07,35.41,38.91,73%
FLWS,1-800-Flowers.com,"Retail - Mail Order",4.2,+7.69%,7,Buy,"72% Buy",-16.60,-21.93%,3.82,4.03,3.86,3.95,59.15,-43.77,-4.16,971407,Strengthening,Weak,51.25%,0.74,3.62,4.27,90%
MINE,"Mayfair Gold Corp","Mining - Gold",2.35,-4.08%,1,Sell,"100% Sell",-16.77,-2.89%,2.82,2.55,3.19,2.37,45.48,-24.73,-43.98,58068,Strongest,Strong,47.06%,0.65,2.26,2.49,40%
NIO,"Nio Inc ADR","Auto - Foreign",4.81,-1.43%,4,Sell,"80% Sell",-16.88,-3.99%,5.58,5.08,5.34,4.81,46.89,-25.83,-16.72,41319328,Average,Average,50.45%,0.74,4.54,5.08,50%
CLFD,"Clearfield Inc","Wireless Equipment",32.11,+6.11%,1,Sell,"24% Sell",-17.10,-21.32%,34.41,37.41,33.28,31.64,46.72,-43.16,-0.88,180917,Weakest,Minimum,49.15%,0.67,29.23,34.05,60%
SCOR,"Comscore Inc","Business Services",7.16,+2.29%,4,Hold,"32% Sell",-17.39,+29.71%,7.27,7.34,7.38,7.34,47.37,7.87,-0.88,21764,Weakest,Minimum,37.69%,0.09,6.86,7.81,32%
SDHC,"Smith Douglas Homes Corp Cl A","Building - Residential & Comm",14.81,-0.13%,4,Buy,"8% Sell",-17.60,-23.78%,13.58,14.15,14.96,15.15,49.8,-45.62,-22.72,97749,Weakest,Minimum,36.76%,0.53,14.36,15.94,28%
CNNE,"Cannae Holdings Inc","Finance - Investment Mgmt",14.9,+2.41%,5,Buy,"72% Buy",-17.70,-28.05%,13.5,14.47,13.76,14.76,54.53,-49.89,-16.31,587638,Strengthening,Weak,41.67%,0.79,14.23,15.29,63%
DNUT,"Krispy Kreme Inc","Consumer Prdts - Misc Staple",3.06,-3.77%,2,Sell,"100% Sell",-17.76,-11.05%,3.49,3.47,3.5,3.28,36.29,-32.89,-34.91,3901473,Strongest,Average,18.56%,1.39,3.04,3.51,3%
ARDX,"Ardelyx Inc","Medical - Drugs",4.98,+0.61%,2,Sell,"100% Sell",-17.82,+15.01%,5.82,5.51,6.16,5.15,37.9,-6.83,-25.61,3916122,Strongest,Good,22.30%,0.82,4.87,5.42,19%
TDS,"Telephone and Data Systems","Wireline National",34.41,+2.47%,1,Sell,"88% Sell",-17.88,-9.52%,40.44,36.97,41.66,34.09,43.6,-31.36,-27.1,963279,Average,Maximum,42.30%,1.13,33.17,35.01,67%
LAZ,"Lazard Inc","Finance - Misc Services",43.19,+3.13%,4,Sell,"88% Sell",-17.95,-13.95%,44.26,43.88,46.66,42.62,51.2,-35.79,-22.09,1463512,Weakening,Average,48.20%,0.56,40.33,44.9,63%
CHMI,"Cherry Hill Mortgage Investmen","REIT - Mortgage Trusts",2.32,+2.65%,4,Sell,"88% Sell",-18.09,-14.39%,2.48,2.35,2.53,2.29,51.72,-36.23,-20.05,213335,Weakening,Average,35.42%,1.14,2.21,2.37,68%
IZEA,"Izea Inc","Internet - Software",3.45,-0.29%,1,Sell,"100% Sell",-18.19,-7.01%,3.76,3.58,3.79,3.47,47.06,-28.85,-32.26,81876,Average,Average,34.85%,1.03,3.3,3.65,44%
UEC,"Uranium Energy","Mining - Misc",9.97,+3.85%,1,Sell,"88% Sell",-18.44,+14.99%,12.59,11.11,13.65,9.77,47.97,-6.85,-25.67,10453419,Average,Good,52.41%,0.92,9.02,10.52,63%
COOK,"Traeger Inc","Consumer Prdts - Misc Discr",66.81,+4.15%,3,Sell,"56% Buy",-18.47,-13.23%,52.04,67.59,50.38,66.43,51.48,-35.07,12.69,25442,Average,Average,46.10%,0.43,58.67,74.19,52%
LPX,"Louisiana-Pacific Corp","Building Products - Wood",73.76,+1.84%,1,Sell,"72% Sell",-18.59,-18.48%,73.89,74.68,78.33,73.4,49.23,-40.32,-19.7,1078410,Weakening,Average,39.22%,1.61,70.12,76.67,56%
VICI,"Vici Properties Inc","REIT - Equity Trust Other",26.54,+0.72%,4,Sell,"100% Sell",-18.62,-19.84%,27.64,27.13,28.05,26.55,47.09,-41.68,-16.65,10213558,Strengthening,Good,30.56%,2,25.85,27.26,49%
INKT,"Mink Therapeutics Inc","Medical - Biomedical",10.69,+1.81%,1,Sell,"72% Sell",-19.14,-27.38%,11.19,11.41,11.33,10.78,46.73,-49.22,-15.16,109275,Weakening,Weak,27.75%,0.22,10.11,11.45,43%
HITI,"High Tide Inc","Medical Products",2.15,+1.42%,1,Sell,"100% Sell",-19.26,-0.92%,2.33,2.26,2.39,2.16,46.48,-22.76,-29.9,523552,Average,Average,44.87%,0.27,2.06,2.26,44%
TMQ,"Trilogy Metals Inc","Mining - Misc",3.2,+2.24%,1,Sell,"88% Sell",-19.33,+101.26%,3.81,3.59,4.16,3.12,47.94,79.42,-36.78,4365253,Weakening,Soft,71.20%,0.48,2.92,3.32,71%
CLX,"Clorox Company","Consumer Prdts - Misc Staple",98.26,+2.86%,4,Buy,"24% Sell",-19.37,-20.18%,97.7,95.52,103.24,96.39,54.21,-42.02,-13.58,2450002,Weakest,Weak,46.39%,1.59,92.7,100.07,75%
CHDN,"Churchill Downs IN",Gaming,83.47,-0.98%,2,Sell,"100% Sell",-19.42,-21.54%,88.19,86.61,91.86,85.06,44.43,-43.38,-37.67,918149,Strongest,Strong,38.55%,1.31,81.19,88.92,29%
OTIS,"Otis Worldwide Corp","Machinery - General Industrial",72.19,+0.33%,4,Hold,"64% Sell",-19.71,-15.00%,74.99,72.01,79.92,72.59,48.69,-36.84,-28.39,3442498,Weakest,Good,40.35%,0.84,70.49,74.69,41%
RSSS,"Research Solutions Inc","Printing - Commercial",2.22,+0.91%,1,Sell,"100% Sell",-19.75,-16.23%,2.34,2.25,2.44,2.24,46.41,-38.07,-35.52,67024,Strengthening,Good,46.26%,0.74,2.14,2.33,41%
BENF,"Beneficient Cl A","Finance - Misc Services",3.24,+1.25%,2,Sell,"100% Sell",-19.75,+25.82%,3.46,3.45,3.88,3.28,47.49,3.98,-64.94,608074,Average,Average,41.63%,0.65,2.87,3.69,45%
RICK,"RCI Hospitality Hold","Retail - Restaurants",25.16,+0.28%,1,Sell,"56% Buy",-19.84,-28.71%,25.15,26.21,24.72,26.22,38.68,-50.55,-5.49,74614,Weakening,Minimum,12.35%,0.89,25.3,27.14,-8%
GSBD,"Goldman Sachs Bdc Inc","Finance - SBIC & Commercial",8.82,+2.44%,1,Sell,"88% Sell",-19.87,-20.11%,9.17,9.03,9.21,8.79,47.86,-41.95,-15.99,1296007,Average,Average,35.06%,0.74,8.51,9.07,55%
VIRC,"Virco MFG Corp",Furniture,6.15,+1.65%,1,Buy,"24% Sell",-20.03,-21.25%,6.09,6.11,6.19,6.08,52.25,-43.09,-14.79,56036,Weakest,Minimum,63.61%,0.19,5.91,6.24,72%
PTLO,"Portillo's Inc","Retail - Restaurants",4.54,-0.66%,1,Buy,"56% Sell",-20.09,-52.26%,4.88,4.41,5.05,4.59,49.11,-74.1,-11.03,1968316,Average,Weak,49.86%,0.75,4.35,4.83,39%
ALT,"Altimmune Inc","Medical - Drugs",3,+5.63%,2,Hold,"48% Sell",-20.09,-16.90%,3.04,2.89,3.51,2.93,54.14,-38.74,-27.93,4157700,Weakest,Average,33.93%,1.12,2.73,3.13,67%
BXSL,"Blackstone Secured Lending Fund","Finance - SBIC & Commercial",23.55,+1.95%,3,Sell,"88% Sell",-20.15,-24.50%,23.78,23.56,24.3,23.35,52.16,-46.34,-21.59,2144502,Weakening,Soft,33.94%,0.96,22.79,23.91,68%
OBDC,"Blue Owl Capital Corp","Finance - Misc Services",11,+2.33%,5,Sell,"72% Sell",-20.19,-21.88%,11.11,10.97,11.4,10.89,53.07,-43.72,-22.53,5085479,Weakest,Soft,33.45%,1.38,10.63,11.15,72%
BRID,"Bridgford Foods Corp","Food - Misc & Diversified",6.33,-0.31%,1,Sell,"100% Sell",-20.32,-18.43%,7.19,6.87,7.4,6.46,40.45,-40.27,-29.88,3691,Strongest,Maximum,8.64%,0.36,6.28,6.64,15%
ZH,"Zhihu Inc ADR","Internet - Content",3.31,+1.22%,6,Buy,"8% Buy",-20.49,-20.43%,3.17,3.15,3.28,3.22,59.13,-42.27,-10.12,298536,Weakening,Minimum,69.01%,0.76,3.1,3.35,85%
AMR,"Alpha Metallurgical Resources Inc","Mining - Misc",138.4,+0.90%,1,Sell,"100% Sell",-20.55,+20.26%,182.31,170.18,189.19,145.56,35.55,-1.58,-41.79,275530,Strongest,Strong,22.49%,1.57,136.41,154.71,11%
TRLV,"Trulieve Cannabis Corp","Medical Products",8.6,-0.58%,1,Sell,"40% Buy",-20.63,+82.98%,8.25,9.22,7.95,8.65,47.48,61.14,-12.07,714162,Weakening,Weak,53.28%,0.47,8.14,9.17,45%
CNM,"Core & Main Inc Cl A","Machinery - Tools & Related",45.75,+4.05%,3,Sell,"88% Sell",-20.77,-27.01%,48.18,47,50.58,44.45,53.06,-48.85,-23.,2410829,Weakening,Strong,55.65%,1.08,42.39,46.5,82%
PBH,"Prestige Brand Holdings","Medical Products",51.92,+3.39%,6,Buy,"40% Sell",-20.97,-29.57%,52.44,48.36,56.9,49.72,58.94,-51.41,-26.87,526062,Weakest,Soft,66.35%,1.32,47.18,52.27,93%
PXLW,"Pixelworks Inc","Technology Services",6.17,+2.66%,2,Sell,"8% Sell",-21.04,-42.76%,5.98,6.27,6.1,5.95,54.19,-64.6,-14.02,111421,Weakest,Minimum,47.30%,0.24,5.6,6.29,83%
MMLP,"Martin Midstrm LP","Transportation - Ship",2.45,+0.44%,7,Sell,"72% Sell",-21.11,-16.07%,2.53,2.42,2.63,2.37,53.29,-37.91,-17.13,24021,Weakest,Average,73.64%,0.07,2.19,2.54,74%
WHF,"Whitehorse Finance","Finance - SBIC & Commercial",6.51,+1.96%,1,Sell,"80% Sell",-21.13,-25.17%,6.99,6.56,6.92,6.45,49.99,-47.01,-17.36,122639,Average,Average,22.79%,0.4,6.34,6.56,79%
SLRC,"Slr Investment Corp","Finance - SBIC & Commercial",13,+3.34%,9,Hold,"48% Sell",-21.16,-18.19%,13.71,12.82,14.16,12.95,52.48,-40.03,-26.94,357072,Weakest,Good,29.30%,1.14,12.56,13.34,57%
VFS,"Vinfast Auto Ltd","Auto - Domestic",3.16,+1.61%,2,Sell,"64% Sell",-21.23,-6.78%,3.51,3.16,3.45,3.07,53.84,-28.62,-16.42,548052,Weakest,Average,67.82%,0.77,2.91,3.23,78%
TPG,"Tpg Inc Cl A","Finance - Investment Mgmt",46.32,+6.09%,6,Buy,"8% Buy",-21.51,-17.05%,41.96,42.2,46.53,43.07,65.37,-38.89,-38.47,2671070,Average,Minimum,62.18%,2.08,40.97,45.17,127%
ALG,"Alamo Group","Machinery - Farm",163.93,+3.05%,1,Hold,"32% Sell",-21.55,-23.97%,163.01,159.19,173.18,162.55,53.45,-45.81,-13.38,145867,Weakest,Soft,33.22%,0.79,157.6,167.49,64%
OLMA,"Olema Pharmaceuticals Inc","Medical - Biomedical",11.28,-1.48%,2,Buy,"72% Sell",-21.90,+111.63%,13.21,11.48,17.08,11.72,45.46,89.79,-65.91,2197473,Strengthening,Soft,44.32%,0.51,10.96,12.48,21%
PAX,"Patria Investments Ltd Cl A","Finance - Investment Mgmt",11.17,+3.23%,3,Sell,"72% Sell",-21.98,-16.27%,11.66,11.16,12.76,11,52.83,-38.11,-40.73,828070,Weakest,Good,51.03%,1.78,10.73,11.27,82%
LIF,"Life360 Inc","Protection - Safety",56.31,+4.18%,1,Buy,"40% Buy",-21.99,-24.31%,46.18,50.26,49.52,53.99,57.26,-46.15,-23.24,1000628,Average,Weak,74.09%,0.76,49.95,58.03,79%
ESAB,"Esab Corp","Metal Production & Fabrication",91.04,+5.21%,1,Sell,"88% Sell",-21.99,-30.19%,94.8,91.41,103.61,87.4,52.96,-52.03,-29.54,585828,Weakening,Strong,55.25%,0.84,81.9,92.89,83%
KR,"Kroger Company","Retail - Supermarket",58.22,+0.83%,4,Sell,"100% Sell",-22.06,-18.41%,64.83,60.08,65.08,58.37,47.97,-40.25,-17.85,6824195,Strengthening,Strong,51.56%,0.81,56.08,60.67,47%
APTV,"Aptiv Plc","Technology Services",57.23,+1.35%,4,Sell,"88% Sell",-22.13,-12.83%,61.84,61.9,67.62,58.18,44.16,-34.67,-35.82,2689086,Average,Good,34.96%,1.47,55.89,60.47,29%
STZ,"Constellation Brands","Beverages - Alcohol",131.36,+0.87%,3,Sell,"100% Sell",-22.19,-20.95%,145.22,137.72,148.25,131.83,44.52,-42.79,-15.81,2306368,Strengthening,Good,22.78%,0.88,128.43,135.23,43%
NYC,"American Strategic Investment CO","Real Estate Operations",8.93,-0.89%,2,Buy,"24% Buy",-22.32,-31.88%,8.54,8.61,8.72,8.59,53.37,-53.72,-3.29,16506,Weakest,Minimum,62.20%,1.5,7.79,9.39,71%
WEN,"Wendys Company","Retail - Restaurants",7.53,+2.31%,1,Buy,"24% Buy",-22.37,-24.40%,7.24,7.39,7.48,7.51,50.77,-46.24,-20.63,10886019,Weakest,Minimum,42.34%,0.28,7.08,7.94,52%
KBR,"KBR Inc","Engineering & R&D Services",37.09,+1.31%,2,Hold,"16% Sell",-22.39,-20.22%,35.45,35.05,37.71,35.94,56.73,-42.06,-18.77,1582524,Weakening,Weak,69.06%,0.87,34.23,37.65,84%
BBOT,"Bridgebio Oncology Therapeutics Inc","Medical - Biomedical",8.25,+1.98%,3,Buy,"40% Sell",-22.70,-20.93%,8.49,8.2,9.45,8.57,47.83,-42.77,-45.14,310740,Weakest,Average,24.21%,0.5,8.02,9.11,21%
FINW,"Finwise Bancorp","Banks - Southwest",14.29,+3.85%,1,Sell,"72% Sell",-22.78,-19.04%,14.78,14.18,15.68,13.85,55.05,-40.88,-31.38,21270,Weakest,Good,52.83%,0.93,13.41,14.3,99%
TW,"Tradeweb Markets Inc","Finance - Investment Brokers",101,+0.50%,3,Buy,"40% Sell",-23.01,-26.30%,108.7,100.04,109.68,100.27,50.52,-48.14,-17.11,1529621,Weakest,Soft,37.86%,1.27,95.39,105.15,57%
KEQU,"Kewaunee Scientifi","Industrial Scientific",37.37,+4.62%,5,Sell,"40% Sell",-23.13,-31.78%,36.81,37.22,37.7,36.59,54.07,-53.62,-11.14,6557,Weakest,Weak,39.78%,0.48,35.17,38.01,78%
EARN,"Ellington Credit Company","REIT - Mortgage Trusts",4.36,+0.93%,8,Sell,"100% Sell",-23.16,-22.97%,4.57,4.52,4.8,4.39,44.42,-44.81,-28.3,412078,Strengthening,Strong,43.33%,1.39,4.31,4.48,31%
SUNS,"Sunrise Realty Trust","Real Estate Operations",7.78,-0.77%,5,Sell,"88% Sell",-23.25,-21.18%,8.1,8.3,8.52,8.05,41.05,-43.02,-28.53,95294,Strongest,Average,12.31%,0.73,7.67,8.42,15%
STEP,"Stepstone Group Inc Cl A","Finance - Misc Services",46.59,+6.22%,4,Hold,"64% Sell",-23.34,-17.98%,47.55,44.55,52.29,43.29,59.38,-39.82,-38.43,1089245,Weakening,Average,70.70%,1.3,40.75,45.83,115%
SRTS,"Sensus Healthcare Inc","Medical Instruments",2.92,+0.34%,2,Sell,"88% Sell",-23.51,-47.67%,3.46,2.95,3.82,3,45.02,-69.51,-37.66,79184,Weakening,Strong,24.10%,0.45,2.85,3.15,23%
VYX,"NCR Voyix Corporation","Computer - Integrated Systems",8.64,+4.47%,2,Buy,"24% Buy",-23.60,-33.23%,7.24,7.67,8.03,8.14,60.18,-55.07,-26.32,2190805,Weakening,Weak,69.11%,0.62,7.55,8.72,93%
ANGH,"Anghami Inc","Broadcast - Radio & TV",3.29,-3.01%,1,Sell,"8% Sell",-23.69,+6.27%,3.68,3.86,3.43,3.4,41.34,-15.57,-23.76,260894,Average,Minimum,31.25%,1.96,3.17,3.64,26%
MKC.V,"Mccormick & Company Inc","Food - Misc & Diversified",52.85,+3.73%,3,Buy,"8% Sell",-23.72,-24.80%,50.67,49.57,56.04,51.66,58.36,-46.64,-33.32,5364,Weakening,Weak,39.82%,0.64,49.91,53.4,84%
RUM,"Rum Group Inc","Internet - Content",6.19,+5.99%,1,Sell,"24% Sell",-23.74,-23.20%,6.57,6.94,6.37,6,49.73,-45.04,-13.09,2816833,Weakest,Minimum,60.11%,0.76,5.6,6.39,74%
SSTI,"Soundthinking Inc","Protection - Safety",7.85,+1.29%,2,Hold,"48% Buy",-23.77,-28.60%,7.38,8.06,7.45,8.39,41.28,-50.44,-13.27,150807,Weakening,Weak,20.64%,0.64,7.82,8.95,2%
MFIC,"Midcap Financial Investment Corp","Finance - Misc Services",9.72,+1.67%,2,Sell,"96% Sell",-23.98,-21.30%,10.67,10.06,10.83,9.72,46.76,-43.14,-26.06,764773,Average,Strong,43.81%,0.86,9.41,10.02,51%
CCM,"Concord Medical Services ADR","Medical - Nursing Homes",4.5,+1.69%,5,Sell,"40% Buy",-24.10,-25.00%,4.4,4.65,4.31,4.48,49.77,-46.84,5.55,26101,Weakening,Weak,37.76%,2.22,3.96,4.99,52%
AERT,"Aeries Technology Inc","Technology Services",6.56,+4.96%,2,Hold,"80% Buy",-24.11,-3.53%,5.35,6.51,4.82,6.64,50.04,-25.37,48.04,52479,Strengthening,Strong,34.62%,0.15,6,7.27,44%
FND,"Floor & Decor Holdings Inc","Retail - Home Furniture",57.08,-0.85%,3,Buy,"8% Buy",-24.28,-27.11%,52.27,53.75,57.61,55.61,55.22,-48.95,-17.29,2695301,Weakening,Minimum,58.65%,1.2,52.62,58.6,75%
JJSF,"J J Snack Foods","Food - Misc & Diversified",79.02,+3.29%,5,Buy,"24% Sell",-24.29,-30.74%,77.76,76.17,81.56,77.05,56.65,-52.58,-23.59,256771,Weakest,Weak,39.87%,1.03,74.72,79.37,92%
GDEV,"Gdev Inc",Gaming,12.5,+2.38%,1,Sell,"88% Sell",-24.31,-13.19%,14.38,13.24,15.44,12.2,50.34,-35.03,-27.7,6302,Weakening,Good,21.33%,0.64,11.42,12.97,70%
LMB,"Limbach Holdings Inc","Building & Construction - Misc",73.25,+2.16%,2,Sell,"100% Sell",-24.45,-45.12%,80.4,77.22,82.13,74.11,46.93,-66.96,-16.94,210225,Average,Soft,42.76%,0.94,68.99,79.24,42%
PATK,"Patrick Inds Inc","Auto - Truck Original Parts",83.56,+1.22%,4,Sell,"100% Sell",-24.51,-14.77%,95.52,87.28,105.75,85.21,43.73,-36.61,-33.97,447010,Strengthening,Strong,20.85%,0.85,81.5,88.93,28%
CCAP,"Crescent Capital Bdc Inc","Finance - SBIC & Commercial",11.23,+2.74%,5,Sell,"72% Sell",-24.60,-20.41%,12.01,11.16,12.68,11.01,53.9,-42.25,-31.1,219766,Weakest,Strong,55.90%,0.78,10.77,11.25,95%
WLTH,"Wealthfront Corp","Mining - Gold",9.66,+1.79%,2,Hold,N/A,-24.68,N/A,9.85,9.61,9.81,9.29,55.88,N/A,-39.95,N/A,N/A,N/A,86.02%,0.51,8.88,9.69,96%
TLF,"Tandy Leather Fctry","Retail - Apparel & Shoes",2.37,0.00%,7,Buy,"8% Sell",-24.78,-32.71%,2.35,2.36,2.5,2.38,49.01,-54.55,-24.53,33859,Weakest,Weak,46.55%,2.88,2.33,2.44,36%
ERII,"Energy Recovery Inc","Pollution Controls",8.91,+3.01%,1,Hold,"48% Sell",-24.82,-30.34%,9.39,8.58,10.94,8.59,56.67,-52.18,-44.98,773411,Weakest,Average,72.82%,1.39,8.23,8.96,94%
HCM,"Hutchmed China Ltd ADR","Medical - Biomedical",11.55,+3.77%,1,Buy,"40% Sell",-25.38,-33.12%,12.54,11.04,13.25,11.17,56.13,-54.96,-24.38,39429,Weakest,Good,45.30%,1.44,10.73,11.62,92%
KRMN,"Karman Holdings Inc","Aerospace - Defense Equipment",50.44,+4.76%,1,Sell,"88% Sell",-25.44,+0.44%,65.83,50.81,75.48,48.13,52.35,-21.4,-42.09,2396702,Weakening,Strong,65.08%,0.71,44.2,52.06,79%
MBC,"Masterbrand Inc",Furniture,8.92,+8.12%,1,Sell,"24% Sell",-25.55,-19.28%,8.55,8.85,9.58,8.7,52.45,-41.12,-30.23,2390761,Weakest,Weak,36.64%,0.61,8.11,9.28,69%
UPWK,"Upwork Inc","Internet - Services",9.54,+4.15%,6,Buy,"40% Sell",-25.60,-18.81%,9.69,8.78,12.25,9.13,56.82,-40.65,-62.9,3742969,Weakest,Average,55.12%,0.9,8.48,9.77,82%
COHN,"Cohen & Company Inc","Finance - Misc Services",14.47,+9.21%,4,Buy,"40% Sell",-25.62,+26.60%,14.86,12.59,16.08,13.59,61.87,4.76,-49.64,30986,Weakest,Weak,54.29%,4.38,12.73,14.46,101%
MDWD,"Mediwound Ltd Ord Sh","Medical - Drugs",14.22,+0.71%,1,Sell,"100% Sell",-25.70,-23.26%,15.66,14.51,16.35,14.41,45.14,-45.1,-34.,88147,Strengthening,Strong,22.16%,0.64,13.96,14.86,29%
SERA,"Sera Prognostics Inc Cl A","Medical Services",2.1,+2.94%,6,Buy,"8% Buy",-25.79,-22.22%,2,2.02,2.27,2.07,52.99,-44.06,-39.84,52077,Weakening,Weak,43.93%,0.29,1.91,2.23,59%
SSYS,"Stratasys Ltd","Printing - Commercial",8.13,+3.96%,2,Sell,"88% Sell",-25.94,-23.23%,8.5,8.67,9.09,8.17,47.97,-45.07,-17.37,909297,Weakening,Average,44.90%,0.46,7.71,8.63,46%
ZNTL,"Zentalis Pharmaceuticals Inc","Medical - Biomedical",4.65,-1.90%,4,Buy,"88% Buy",-26.05,+247.01%,3.94,4.25,3.46,4.72,52.14,225.17,233.41,1416038,Weakening,Good,44.09%,0.7,4.33,5.12,41%
CGBD,"Carlyle Secured Lending Inc","Finance - SBIC & Commercial",10.26,+2.70%,1,Sell,"100% Sell",-26.06,-25.11%,10.95,10.61,11.34,10.33,46.15,-46.95,-28.88,625663,Average,Strong,19.31%,0.58,9.95,10.71,41%
CTGO,"Contango Silver & Gold Inc","Mining - Misc",15.97,+3.70%,1,Sell,"100% Sell",-26.07,-14.42%,19.45,16.88,22.47,16.11,47.52,-36.26,-50.56,371742,Strengthening,Strong,32.22%,0.52,15.15,17.08,43%
MKC,"Mccormick & Company","Food - Misc & Diversified",51.52,+1.22%,4,Buy,"24% Sell",-26.26,-26.69%,50.54,49.67,55.96,51.71,52.36,-48.53,-35.39,3777295,Weakest,Soft,32.58%,0.81,49.86,53.56,45%
ACR,"Acres Commercial Realty Corp","REIT - Mortgage Trusts",15.85,-9.43%,3,Sell,"100% Sell",-26.58,-17.83%,19.03,18.05,19.17,17.54,30.98,-39.67,-36.76,29385,"Top 1%",Maximum,19.70%,1.91,16.63,18.46,-42%
STNE,"Stoneco Ltd Cl A","Internet - Software",11.35,-0.22%,7,Buy,"40% Sell",-26.65,-9.71%,11.99,11.02,13.25,11.1,55.24,-31.55,-34.29,5587496,Weakest,Average,86.64%,0.66,10.62,11.59,75%
CCI,"Crown Castle","REIT - Equity Trust Other",76.74,+0.58%,4,Sell,"100% Sell",-26.76,-28.20%,84.64,83.06,85.51,77.33,44.93,-50.04,-24.68,3502888,Strengthening,Strong,41.28%,0.84,73.9,80.76,41%
FLX,"Bingex Limited ADR","Transportation - Services",2.21,-0.45%,1,Sell,"80% Sell",-26.81,-26.09%,2.4,2.21,2.6,2.15,53.63,-47.93,-41.53,187786,Weakening,Average,72.22%,0.58,2.07,2.22,95%
ARHS,"Arhaus Inc Cl A","Retail - Misc & Diversified",7.9,+6.61%,1,Hold,Hold,-26.98,-8.99%,7.14,7.39,8.07,7.72,54.55,-30.83,-40.56,1329467,Falling,,40.33%,1.95,7.23,8.21,69%
NAVI,"Navient Corp","Finance - Consumer Loans",8.83,+5.24%,6,Buy,"8% Sell",-27.37,-30.25%,8.38,8.31,9.15,8.49,58.18,-52.09,-43.11,997844,Weakening,Weak,53.11%,0.79,8.06,8.92,90%
HIVE,"Hive Digital Technologies Ltd","Finance - Misc Services",2.89,+2.12%,3,Sell,"24% Sell",-27.48,+42.36%,3.02,3.65,2.88,3.06,43.48,20.52,0.99,18728240,Weakest,Minimum,45.46%,0.4,2.65,3.47,30%
JBGS,"Jbg Smith Properties","REIT - Equity Trust Other",14.23,+1.28%,1,Hold,"96% Sell",-27.49,-31.95%,14.76,14.6,15.3,14.52,44.3,-53.79,-27.37,593476,Average,Average,8.80%,1,14,15.05,22%
AZO,Autozone,"Retail - Wholesale Auto Parts",2990.27,-0.86%,3,Sell,"100% Sell",-27.52,-22.51%,3272.8,3073.72,3389.98,3031.41,45.31,-44.35,-22.86,222236,Strongest,Strong,37.86%,0.48,2922.45,3140.36,31%
FWRG,"First Watch Restaurant Group Inc","Retail - Restaurants",12.5,-2.72%,3,Buy,Hold,-27.54,-25.51%,11.91,11.99,13.06,12.5,50.56,-47.35,-28.14,1399347,Bearish,,58.38%,1.92,11.74,13.27,50%
OZ,"Belpointe Prep Llc Cl A Units","Real Estate Developers",45.46,+1.02%,4,Sell,"88% Sell",-27.66,-28.97%,48.95,46.13,50.24,45.23,48.97,-50.81,-41.12,12726,Weakest,Strong,36.36%,1.55,44.66,45.79,71%
TPVG,"Triplepoint Venture Growth Bdc","Finance - SBIC & Commercial",4.66,+3.10%,2,Sell,"88% Sell",-27.87,-31.37%,5.14,4.98,5.42,4.62,47.79,-53.21,-39.78,385207,Average,Strong,35.97%,0.62,4.41,4.83,60%
BBGI,"Beasley Broadcast Group","Broadcast - Radio & TV",21.61,+3.45%,1,Sell,"72% Buy",-28.06,+430.96%,16.51,21.28,12.59,21.75,50.38,409.12,320.31,678925,Strengthening,Strong,47.62%,0.64,19.35,24.15,47%
HTCO,"High-Trend International Group","Technology Services",3.61,+4.64%,1,Sell,"88% Sell",-28.21,-56.26%,6.42,3.71,7.44,3.23,51.13,-78.1,-68.26,412435,Weakening,Average,68.54%,0.33,2.76,3.7,90%
CAR,"Avis Budget Group","Transportation - Services",138.88,+1.05%,2,Sell,"56% Sell",-28.60,-15.35%,189.74,166.73,164.84,156.79,34.55,-37.19,-2.8,1359393,Strengthening,Minimum,15.72%,0.7,142.43,171.15,-12%
ZIP,"Ziprecruiter Inc Cl A","Business Services",4.2,+6.60%,6,Buy,"88% Buy",-28.61,+6.06%,3.18,3.68,3,4.01,59.09,-15.78,-3.34,1002472,Strongest,Average,38.33%,1.32,3.75,4.27,87%
LEN.B,"Lennar Corp Cl B","Building - Residential & Comm",83.39,+3.33%,2,Sell,"88% Sell",-28.97,-25.17%,86.38,85.89,92.33,82.46,49.36,-47.01,-23.36,66867,Weakening,Good,45.80%,0.94,79.43,85.5,65%
GSM,"Ferroglobe Plc Os","Mining - Misc",3.25,+2.20%,3,Sell,"100% Sell",-29.11,-18.14%,3.96,3.65,4.3,3.32,42.09,-39.98,-40.99,1442006,Average,Maximum,31.75%,1.06,3.17,3.48,27%
CPB,"The Campbell's Company","Food - Misc & Diversified",22.37,+1.77%,2,Buy,"8% Buy",-29.14,-30.81%,21.43,21.9,23.33,22.17,52.03,-52.65,-30.76,7841084,Weakening,Weak,39.97%,0.57,21.35,22.99,62%
IIIV,"I3 Verticals Inc Cl A","Internet - Software",21.37,+1.47%,1,Buy,"24% Sell",-29.25,-23.68%,21.14,20.52,21.98,20.85,56.2,-45.52,-26.19,347332,Weakest,Weak,69.12%,0.5,19.85,21.85,76%
NMFC,"New Mountain Finance Corp","Finance - SBIC & Commercial",7.23,+4.93%,3,Sell,"88% Sell",-29.40,-30.61%,7.72,7.36,8.01,7,54.9,-52.45,-32.53,844535,Weakening,Strong,50.91%,1.25,6.77,7.23,100%
CSPI,"C S P Inc","Computer - Integrated Systems",8.17,+3.29%,3,Sell,"88% Sell",-29.52,-19.43%,8.8,8.62,9.4,8.15,48.81,-41.27,-45.67,24860,Weakening,Average,42.04%,0.45,7.61,8.68,52%
CSAN,"Cosan Sa Spon ADR WI","Other Alt Energy",3.23,+0.31%,7,Buy,"40% Sell",-29.58,-22.36%,3.51,2.97,3.82,3.08,60.28,-44.2,-29.26,2098532,Weakest,Average,89.68%,0.45,2.93,3.23,101%
TGLS,"Tecnoglass Inc","Building Prds Retail - Wsale",46.76,+7.64%,3,Buy,"24% Buy",-29.97,-38.07%,43.61,44.36,45.75,44.85,56.3,-59.91,-18.1,380879,Average,Minimum,36.58%,0.75,42.2,47.51,86%
JBI,"Janus International Group Inc","Building & Construction - Misc",5.42,+5.65%,4,Hold,"16% Sell",-30.19,-36.61%,5.26,5.28,5.79,5.27,55.6,-58.45,-28.16,1597748,Weakening,Weak,34.11%,0.79,5.06,5.49,84%
HUYA,"Huya Inc ADR","Internet Software Services",2.49,+1.63%,3,Hold,"64% Sell",-30.41,-27.62%,2.79,2.43,3.12,2.42,56.33,-49.46,-24.57,1307940,Weakening,Good,76.49%,0.48,2.33,2.5,93%
CPSH,"Cps Technologies","Electronics - Misc Components",4.08,+4.08%,1,Sell,"40% Sell",-30.47,+40.69%,5.25,6.07,5,4.4,40.99,18.85,21.01,796076,Weakening,Minimum,34.41%,0.12,3.65,5.15,29%
SUPV,"Grupo Supervielle S.A. ADR","Banks - Foreign",9.35,-1.16%,2,Hold,"48% Sell",-30.51,-6.03%,9.25,9.76,9.8,9.69,46.1,-27.87,-31.93,1201615,Average,Weak,33.33%,0.83,9.17,10.21,17%
KOSS,"Koss Corp","Audio & Video Products",3.73,+1.36%,1,Sell,"100% Sell",-30.84,-30.80%,3.96,3.92,4.09,3.8,45.15,-52.64,-20.93,31909,Average,Average,16.67%,2.15,3.6,3.99,33%
LEN,"Lennar Corp","Building - Residential & Comm",85.2,+3.46%,2,Sell,"88% Sell",-31.20,-26.54%,88.77,87.74,96.65,84.16,49.45,-48.38,-28.15,3799266,Weakening,Good,46.18%,0.79,81.06,87.27,67%
SMSI,"Smith Micro Software","Computer - Software",2.64,+1.93%,2,Sell,"72% Sell",-31.23,-24.46%,3.5,3.08,3.25,2.57,46.67,-46.3,-13.29,101826,Weakening,Good,62.84%,0.17,2.45,2.7,76%
OTF,"Blue Owl Technology Finance Corp","Finance - SBIC & Commercial",10.31,+3.72%,2,Sell,"88% Sell",-31.24,-31.77%,11.08,10.54,11.73,10.12,52.21,-53.61,-40.12,1902821,Weakening,Strong,33.87%,2.07,9.82,10.42,82%
BETA,"Beta Technologies Inc Cl A","Aerospace - Defense",19.39,+2.43%,3,Buy,N/A,-31.62,N/A,16.82,17.39,18.76,18.06,58.76,N/A,-42.3,N/A,N/A,N/A,59.19%,0.81,16.39,19.74,90%
SMID,"Smith-Midland Corp","Building - CMT & CNT & AG",27.55,+1.53%,4,Sell,"100% Sell",-31.75,-22.20%,30.72,29.84,32.36,29.27,39.74,-44.04,-35.22,10013,Strongest,Strong,13.44%,1.72,27.5,31.03,1%
CVRX,"Cvrx Inc","Medical Instruments",5.5,+6.28%,2,Sell,"72% Sell",-31.91,-27.25%,6.48,5.3,6.63,5.15,55.41,-49.09,-33.57,293983,Weakest,Strong,56.48%,0.48,4.63,5.68,83%
SYM,"Symbotic Inc","Technology Services",45.85,+6.50%,3,Hold,"64% Sell",-31.96,-9.83%,49.03,43.68,52.44,42.23,58.78,-31.67,-33.97,2137011,Weakest,Average,74.38%,0.8,39.58,44.88,118%
SNAP,"Snap Inc","Internet - Software",5.04,+7.46%,4,Hold,"64% Sell",-32.01,-44.31%,5.13,4.99,5.58,4.64,60.76,-66.15,-48.58,47191512,Weakest,Average,76.11%,2.23,4.35,4.93,119%
BBBY,"Bed Bath & Beyond Inc","Internet Commerce",5.32,+5.35%,1,Sell,"48% Sell",-32.05,-34.80%,5.32,5.69,5.5,5.18,49.88,-56.64,-13.59,2382038,Weakest,Weak,46.12%,0.82,4.82,5.55,69%
LUCK,"Lucky Strike Entertainment Corp","Leisure & Recreation Services",6.74,+0.60%,2,Sell,"100% Sell",-32.27,-29.50%,7.91,7.71,8.07,7.1,35.97,-51.34,-31.46,189690,Strongest,Strong,13.89%,0.62,6.72,7.48,2%
PFLT,"Pennantpark Fltng Rt","Finance - Investment Mgmt",7.15,+3.03%,1,Sell,"88% Sell",-32.40,-31.25%,8.01,7.53,8.35,7.09,47.46,-53.09,-33.9,1119282,Average,Maximum,35.36%,1.23,6.85,7.33,63%
BOLT,"Bolt Biotherapeutics Inc","Medical - Biomedical",3.98,-0.25%,4,Sell,"100% Sell",-32.43,-28.03%,4.49,4.33,4.82,4.02,46.75,-49.87,-38.24,29536,Average,Good,24.07%,0.86,3.65,4.39,44%
WLDN,"Willdan Group Inc","Business Services",73.59,+7.38%,1,Sell,"72% Sell",-32.80,-12.40%,81.47,82.86,92.34,72.52,46.86,-34.24,-40.04,315181,Weakening,Average,39.82%,1.29,68.22,76.83,62%
CLPR,"Clipper Realty Inc","REIT - Equity Trust Other",2.75,-1.79%,5,Sell,"100% Sell",-32.83,-20.06%,3.07,3,3.21,2.86,35.21,-41.9,-39.04,79313,Strongest,Strong,25.57%,0.33,2.78,2.95,-15%
GROY,"Gold Royalty Corp","Mining - Gold",2.6,0.00%,1,Sell,"96% Sell",-32.96,-2.99%,3.18,2.8,3.61,2.6,44.42,-24.83,-46.67,2849667,Average,Strong,67.92%,0.86,2.51,2.68,52%
BLRX,"Biolinerx Ltd ADR","Medical - Drugs",2.66,-5.78%,1,Sell,"40% Sell",-33.45,-31.34%,2.85,3.11,2.87,2.9,36.4,-53.18,-15.11,29487,Average,Weak,15.61%,0.2,2.64,3.17,4%
JVA,"Coffee Holding Company","Beverages - Soft",3.39,-0.73%,2,Sell,"88% Sell",-33.79,-18.31%,4.03,3.71,3.83,3.46,42.54,-40.15,-23.66,72815,Average,Average,49.99%,1.54,3.31,3.61,27%
SENS,"Senseonics Holdings Inc","Medical Information Systems",5.22,+3.88%,1,Sell,"88% Sell",-33.97,-46.55%,6.11,5.93,6.46,5.1,47.33,-68.39,-16.37,602194,Weakening,Average,53.00%,0.83,4.76,5.44,69%
PASG,"Passage Bio Inc","Medical - Biomedical",4.49,+0.45%,2,Sell,"100% Sell",-33.99,-21.78%,6.05,5.13,7.81,4.71,39.99,-43.62,-72.98,69338,Weakening,Good,28.02%,0.08,4.33,5.1,21%
RAND,"Rand Capital Corp","Finance - SBIC & Commercial",10.38,+3.70%,5,Hold,"80% Sell",-34.04,-43.05%,10.85,10.4,11.19,10.14,55.72,-64.89,-19.62,4775,Weakening,Average,35.24%,0.52,9.92,10.37,103%
FSK,"FS KKR Capital Corp","Finance - SBIC & Commercial",11.09,+4.92%,7,Buy,"8% Buy",-34.19,-45.90%,10.66,10.7,11.57,10.78,57.89,-67.74,-36.15,3191758,Average,Weak,44.16%,1.46,10.41,11.16,91%
INTR,"Inter Cl A","Finance - Misc Services",5.63,+0.54%,3,Sell,"88% Sell",-34.65,-13.25%,6.66,5.68,7.39,5.58,50.72,-35.09,-44.64,3938872,Weakening,Strong,69.31%,0.83,5.34,5.82,60%
GLIBK,"Gci Liberty Inc Series C Gci","Wireline National",23.68,+2.20%,4,Buy,"40% Sell",-35.54,-27.27%,28.07,22,31.4,22.48,59.73,-49.11,-47.39,610846,Weakest,Good,81.14%,0.47,21.31,23.65,101%
MDXG,"Mimedx Group Inc","Medical - Biomedical",4.27,+3.39%,8,Buy,"8% Buy",-35.88,-40.36%,3.86,3.93,4.38,4.23,56.17,-62.2,-47.96,1214018,Weakening,Minimum,65.65%,1.33,4.06,4.41,60%
INSP,"Inspire Medical Systems Inc","Medical Information Systems",52.22,+4.00%,7,Buy,"8% Sell",-36.20,-58.59%,49.15,46.11,58.3,50.92,58.95,-80.43,-54.41,1284835,Weakening,Weak,49.28%,0.98,48.74,53.1,80%
DOYU,"Douyu International Holdings Ltd ADR",Gaming,4.7,+1.73%,1,Sell,"88% Sell",-36.33,-40.17%,4.8,4.74,5.22,4.61,52.42,-62.01,-41.91,33518,Weakening,Average,61.49%,0.89,4.42,4.8,74%
AZ,"A2Z Cust2Mate Solutions Corp","Internet - Software",5.91,-3.90%,1,Hold,"64% Sell",-36.35,-41.37%,6.46,5.93,6.47,5.67,52.79,-63.21,-20.25,428411,Average,Weak,71.31%,1.43,5.22,6.12,76%
LULU,"Lululemon Athletica","Textile - Apparel",123.67,+4.04%,5,Hold,"64% Sell",-36.51,-36.03%,133.5,118.67,151.69,117.27,59.84,-57.87,-51.52,3441938,Weakest,Average,83.95%,0.66,111.52,123.02,106%
CIGI,"Colliers Intl Grp IN","Real Estate Operations",99.37,+0.83%,4,Buy,"40% Sell",-36.52,-34.12%,100.97,96.74,111.57,99.16,51.88,-55.96,-43.44,259109,Weakest,Average,51.44%,0.77,94.34,103.98,52%
YALA,"Yalla Group Ltd ADR","Internet - Software",5.53,+2.60%,1,Hold,"64% Sell",-36.83,-26.75%,6.03,5.47,6.36,5.38,55.38,-48.59,-31.35,315185,Weakening,Strong,77.69%,1.08,5.23,5.52,104%
ZS,"Zscaler Inc",Security,154.46,+2.16%,3,Buy,"8% Sell",-37.67,-44.89%,142.5,141.62,158.43,147.37,58.76,-66.73,-42.36,2996727,Weakening,Weak,69.29%,0.56,138.55,156.2,90%
CINT,"CI&T Inc Cl A","Internet - Software",3.44,+2.69%,1,Sell,"88% Sell",-37.68,-35.34%,4.03,3.52,4.29,3.27,53.52,-57.18,-26.51,149053,Weakening,Strong,54.76%,0.69,3.07,3.47,93%
SAMG,"Silvercrest Ast Cm A","Finance - Investment Mgmt",10.47,+1.85%,4,Sell,"88% Sell",-37.84,-34.03%,11.95,10.65,13.04,10.24,51.68,-55.87,-42.1,40286,Weakening,Strong,53.03%,0.62,9.67,10.82,70%
NAII,"Natural Alternativ","Medical - Drugs",2.27,-0.87%,3,Hold,"96% Sell",-37.98,-37.12%,2.55,2.41,2.88,2.29,45.78,-58.96,-47.62,23326,Strengthening,Strong,52.42%,0.36,2.14,2.43,45%
VTS,"Vitesse Energy Inc","Oil - US Exploration & Product",15.52,-0.51%,5,Sell,"100% Sell",-38.02,-32.93%,17.44,16.31,18.41,15.64,45.75,-54.77,-30.45,476117,Strengthening,Maximum,29.65%,0.81,15.11,16.17,39%
ELTX,"Elicio Therapeutics Inc","Medical - Biomedical",2.86,+2.14%,2,Sell,"100% Sell",-38.48,-71.34%,8.64,6.27,8.78,3.09,35.33,-93.18,-75.1,608948,Average,Maximum,16.85%,0.14,2.67,3.51,22%
XGN,"Exagen Inc","Medical Products",4.68,+3.31%,7,Buy,"24% Buy",-38.56,-45.77%,3.82,4.56,3.99,4.53,53.41,-67.61,-34.06,380135,Average,Minimum,54.14%,0.74,4.04,5.02,65%
THRY,"Thryv Holdings Inc","Internet - Software",4.26,+5.19%,2,Buy,"40% Buy",-38.77,-64.88%,3.55,3.92,3.85,4.04,58.65,-86.72,-40.62,971128,Average,Weak,72.73%,0.77,3.71,4.38,82%
VUZI,"Vuzix Corp","Computers - Peripheral Equpt",2.4,+3.00%,1,Sell,"40% Sell",-39.17,+23.71%,2.85,3.08,2.88,2.35,45.1,1.87,-47.54,1653030,Weakest,Weak,56.78%,0.37,2.18,2.52,65%
JKS,"Jinkosolar Holding Company ADR",Solar,15.74,+3.96%,4,Sell,"88% Sell",-39.20,-26.86%,20.93,17.93,22.9,15.61,45.72,-48.7,-50.05,710800,Average,Maximum,24.73%,1.7,14.43,16.78,56%
SCWO,"374Water Inc","Waste Removal Svcs",2.32,+6.42%,4,Hold,"64% Sell",-39.30,+23.40%,2.49,2.22,2.55,2.11,58.38,1.56,2.7,152747,Weakest,Average,61.63%,0.95,1.9,2.31,103%
XRTX,"Xortx Therapeutics Inc","Medical - Drugs",2.13,+0.47%,1,Sell,"88% Sell",-39.34,-41.28%,2.26,2.14,2.33,2.06,53.24,-63.12,-35.23,523549,Weakening,Soft,63.64%,0.24,1.96,2.15,88%
LVO,"Liveone Inc","Audio & Video Products",4.42,-1.34%,1,Sell,"40% Sell",-39.43,-31.80%,5.44,5.75,5.2,4.97,35.71,-53.64,-17.39,84472,Average,Soft,17.48%,0.93,4.32,5.62,8%
TOUR,"Tuniu Corporatio ADR","Internet - Content",4.95,-0.20%,2,Buy,"88% Sell",-39.70,-36.21%,5.99,5.14,6.23,5.06,44.47,-58.05,-31.19,18762,Strengthening,Strong,21.18%,0.11,4.85,5.27,24%
MZTI,"The Marzetti Company","Food - Misc & Diversified",110.75,+3.63%,1,Sell,"72% Sell",-39.76,-37.38%,121.41,110.44,135.73,109.56,51.46,-59.22,-43.67,256194,Weakest,Strong,37.34%,1.4,104.18,114.94,61%
RBBN,"Ribbon Communications Inc","Communication Network Software",2.12,-0.93%,6,Sell,"96% Sell",-40.19,-41.11%,2.46,2.46,2.48,2.17,44.24,-62.95,-37.42,861872,Strengthening,Average,35.09%,0.61,1.98,2.35,38%
CHPT,"Chargepoint Hldgs Inc","Auto - Truck Original Parts",5.52,+1.10%,2,Sell,"72% Sell",-40.30,-41.77%,6.15,6.45,6.24,5.65,45.29,-63.61,-27.9,555505,Weakening,Soft,27.80%,0.45,5.07,6.22,39%
EP,"Empire Petroleum Corp","Oil - US Integrated",2.52,+1.20%,3,Sell,"100% Sell",-40.57,-42.86%,2.77,2.67,2.88,2.59,44.95,-64.7,-28.14,71519,Strengthening,Average,35.03%,0.35,2.41,2.77,31%
FULC,"Fulcrum Therapeutics Inc","Medical - Biomedical",3.71,+3.63%,1,Sell,"88% Sell",-40.78,-45.68%,5.68,4.05,7.16,3.65,46.64,-67.52,-78.23,1590782,Weakening,Strong,61.94%,0.75,3.48,3.82,68%
WVVI,"Willamette Valley","Beverages - Alcohol",2.54,0.00%,2,Hold,"64% Sell",-40.91,-47.14%,2.68,2.68,2.72,2.7,42.84,-68.98,-27.75,7886,Average,Weak,15.67%,0.36,2.52,2.88,7%
BCIC,"Bcp Investment Corporation","Finance - Misc Services",7.38,+2.50%,2,Sell,"72% Sell",-41.50,-39.71%,7.58,7.32,8.99,7.23,55.85,-61.55,-48.65,81594,Weakest,Average,66.62%,0.67,6.97,7.49,79%
PDYN,"Palladyne AI Corp","Technology Services",5.62,+7.46%,1,Sell,"88% Sell",-41.76,-29.04%,6.29,6.17,6.42,5.21,52.59,-50.88,20.89,2460542,Weakening,Average,75.42%,0.4,4.75,5.66,96%
AMBO,"Ambow Education Holding Ltd ADR",Schools,2.02,+2.02%,5,Sell,"88% Sell",-41.97,-30.34%,2.29,2.35,2.35,2.22,34.6,-52.18,-37.84,94417,Strengthening,Average,22.65%,0.01,2.03,2.4,-4%
HTOO,"Fusion Fuel Green Plc","Industrial Services",2.59,-2.26%,3,Sell,"100% Sell",-42.02,-51.41%,2.91,2.83,3.17,2.62,44.03,-73.25,-33.25,202164,Average,Soft,22.26%,0.29,2.53,2.7,36%
IMA,"Imagenebio Inc","Medical - Biomedical",5.64,+1.81%,4,Sell,"56% Sell",-42.05,-67.36%,5.68,5.76,6.04,5.78,47.44,-89.2,-29.29,138181,Weakest,Weak,43.59%,0.3,5.34,6.22,34%
SFHG,"Samfine Creation Holdings Group","Printing - Commercial",2.46,-2.10%,4,Buy,"24% Sell",-42.26,-39.45%,2.45,2.44,2.77,2.49,50.49,-61.29,-43.95,28377,Weakest,Weak,24.54%,0.57,2.39,2.58,39%
PRGO,"Perrigo Company","Medical Products",10.68,+5.64%,2,Hold,"64% Sell",-42.50,-59.91%,10.69,10.55,11.79,10.41,54.13,-81.75,-34.31,3355794,Weakest,Weak,35.43%,0.93,9.74,11.07,71%
NKE,"Nike Inc","Shoes and Related Apparel",42.64,+2.23%,4,Sell,"100% Sell",-42.62,-42.86%,45.15,43.51,51.07,42.87,48.86,-64.7,-44.1,20004582,Average,Good,35.51%,0.91,41.14,44.6,43%
BHM,"Bluerock Homes Trust Inc","REIT - Equity Trust Resident",8.46,-1.63%,1,Sell,"88% Sell",-42.90,-39.50%,10.16,9.31,10.13,8.66,40.6,-61.34,-31.74,8153,Strongest,Good,32.94%,0.67,8.16,9.15,30%
ACCS,"Access Newswire Inc","Media Conglomerates",6.64,+0.76%,6,Buy,"56% Sell",-43.09,-45.57%,7.19,6.55,7.58,6.85,48.02,-67.41,-39.63,16510,Weakening,Average,48.65%,1.2,6.26,7.44,32%
BVC,"Bitventures Limited","Technology Services",10.46,-6.44%,4,Sell,"40% Buy",-43.21,+49.15%,9.94,10.52,9.87,10.54,48.9,27.31,-19.28,49160,Weakening,Minimum,35.54%,2.22,9.02,12.06,47%
SPCE,"Virgin Galactic Holdings Inc","Aerospace - Defense",2.82,+10.59%,3,Sell,"40% Sell",-43.30,-23.37%,2.99,3.33,2.94,2.59,51.64,-45.21,-23.18,13173927,Weakest,Weak,50.51%,0.31,2.39,2.78,109%
PPC,"Pilgrim's Pride","Food - Meat Products",27.92,+2.05%,4,Sell,"96% Sell",-43.52,-41.75%,31.08,28.57,34.55,28.57,45.11,-63.59,-39.42,1272008,Strengthening,Strong,27.63%,0.99,27.11,30.03,28%
OLED,"Universal Display","Electronics - Misc Components",79.78,-0.47%,2,Sell,"100% Sell",-43.60,-44.97%,89.86,85.52,98.61,80.25,42.89,-66.81,-42.71,744765,Strengthening,Strong,48.73%,0.91,78.02,82.48,39%
USGO,"U.S. Goldmining Inc","Mining - Gold",7.48,-2.09%,1,Sell,"100% Sell",-43.74,-3.61%,10.42,8.44,10.92,7.75,39.18,-25.45,-26.22,76372,Strengthening,Strong,29.50%,0.85,7.26,8.24,22%
PIII,"P3 Health Partners Inc","Medical Information Systems",10.02,+1.93%,1,Sell,"40% Buy",-43.80,+36.33%,7.42,11.37,5.82,10.22,47.07,14.49,176.08,431320,Weakest,Average,39.82%,0.16,9.37,11.07,38%
ZTS,"Zoetis Inc Cl A","Medical - Drugs",77.1,-0.25%,5,Sell,"88% Sell",-43.97,-47.69%,93.29,77.13,104.17,75.9,51.19,-69.53,-49.75,5468022,Weakening,Strong,54.02%,0.77,73.66,78.13,77%
XPEV,"Xpeng Inc ADR","Auto - Foreign",12.37,-4.85%,4,Sell,"100% Sell",-44.20,-31.47%,15.64,14.06,16.66,13.07,39.07,-53.31,-50.03,8217584,Strongest,Maximum,22.25%,1.35,12.26,13.89,7%
YHGJ,"Yunhong Green Cti Ltd","Consumer Prdts - Misc Staple",3.09,+6.96%,5,Sell,"56% Sell",-44.22,-55.72%,3.08,3.23,3.25,3.01,51.2,-77.56,-25.91,51742,Weakest,Weak,39.76%,0.37,2.78,3.24,68%
YB,"Yuanbao Inc ADR","Insurance - Multi Line",14.29,+6.32%,1,Sell,"88% Sell",-44.29,-45.21%,15.83,14.48,17.23,13.91,51.97,-67.05,-40.5,46187,Weakening,Strong,47.19%,0.22,12.96,14.86,70%
COUR,"Coursera Inc","Technology Services",5.9,+11.11%,2,Buy,"24% Sell",-45.06,-51.52%,5.7,5.54,5.95,5.61,55.61,-73.36,-30.87,5391725,Weakest,Weak,32.84%,1.82,5.15,6.06,83%
LFVN,"Lifevantage Corp","Medical - Dental Suppliers",6.58,+2.33%,3,Sell,"40% Buy",-45.09,-47.69%,5.9,6.99,5.76,6.31,53.59,-69.53,-4.21,265406,Strengthening,Weak,75.02%,0.13,6.08,6.54,110%
MOGU,"Mogu Inc ADR","Retail - Apparel & Shoes",2.01,-0.50%,3,Hold,"64% Sell",-45.26,-9.98%,2.14,1.99,2.2,1.98,51.59,-31.82,-16.66,15193,Weakening,Average,81.88%,0.19,1.82,2.14,60%
KTOS,"Kratos Defense & Security Inc","Aerospace - Defense Equipment",49.21,+5.60%,1,Sell,"88% Sell",-45.35,-13.23%,61.19,52.66,73.53,48.03,49.86,-35.07,-46.2,3999284,Weakening,Strong,38.07%,0.68,44.58,51.47,67%
PODD,"Insulet Corp","Medical Products",169.7,+2.63%,4,Buy,"40% Sell",-45.64,-40.44%,174.25,155.59,203.69,163.15,59.42,-62.28,-51.33,1094898,Weakest,Average,67.50%,0.95,155.57,170.74,93%
AHT,"Ashford Hospitality Trust Inc","REIT - Equity Trust Other",3.25,+0.62%,9,Buy,"8% Buy",-46.34,-48.25%,3.04,3.14,3.27,3.22,58.86,-70.09,-34.74,83572,Average,Minimum,79.49%,0.54,3.16,3.28,76%
TIGR,"Up Fintech Holding Ltd ADR","Finance - Investment Brokers",4.86,-0.82%,9,Hold,"64% Sell",-46.79,-48.30%,5.72,4.76,6.69,4.74,52.16,-70.14,-60.19,3513889,Weakening,Strong,68.18%,0.41,4.48,5.01,72%
TSCO,"Tractor Supply Company","Retail - Misc & Diversified",32.11,+4.35%,4,Buy,"56% Sell",-47.23,-44.28%,35.46,30.62,41.07,30.55,58.09,-66.12,-46.82,8629863,Weakest,Good,60.17%,0.86,29.18,31.92,107%
FIRY,"Firy Inc","Conglomerates - Div Operations",9.23,-2.64%,2,Hold,"80% Buy",-47.26,+37.76%,6.79,8.97,5.81,8.79,53.74,15.92,103.12,567276,Weakening,Strong,25.38%,0.58,7.6,9.97,69%
EFOI,"Energy Focus Inc","Building Products - Ltg FX",3.05,0.00%,4,Sell,"24% Buy",-47.69,+51.74%,3.1,3.18,2.76,2.92,52.67,29.9,21,910669,Weakest,Weak,82.13%,0.91,2.72,3.12,83%
ASST,"Strive Inc","Finance - Investment Mgmt",11.8,+6.21%,2,Sell,"72% Sell",-47.81,-80.46%,13.48,13.77,13.45,12.1,46.06,-102.3,-31.08,4758899,Average,Weak,27.10%,0.52,11.08,13.13,35%
FKWL,"Franklin Wireless Co.","Computer - Networks",2.3,+0.88%,1,Sell,"100% Sell",-47.97,-40.87%,3.09,2.59,3.43,2.35,32.19,-62.71,-58.4,18420,Average,Maximum,20.75%,0.68,2.27,2.42,17%
PLAY,"Dave & Buster's Entertainment","Retail - Restaurants",11.57,+6.73%,2,Hold,"64% Sell",-48.23,-58.83%,11.6,11.27,13.45,10.37,58.42,-80.67,-39.65,1548851,Weakest,Soft,90.69%,1.21,9.5,11.24,119%
ENHA,"Enhanced Group Inc Cl A","Leisure & Recreational Prdcts",2.74,-1.44%,7,Sell,"100% Sell",-48.34,N/A,6.3,3.17,7.56,2.81,43.37,N/A,-83.77,439597,Average,Strong,25.95%,0.3,2.41,3.2,42%
BMBL,"Bumble Inc","Internet - Software",3.09,+8.42%,1,Sell,"72% Sell",-48.39,-59.29%,3.34,2.99,3.32,2.97,54.9,-81.13,-24.48,3374331,Weakening,Weak,52.27%,0.95,2.76,3.17,80%
GECC,"Great Elm Capital Corp","Finance - Investment Mgmt",5.17,+0.58%,4,Sell,"88% Sell",-48.52,-52.89%,5.47,5.57,5.88,5.24,41.1,-74.73,-37.64,92673,Weakening,Soft,31.97%,0.49,5.05,5.43,31%
CHA,"Chagee Holdings Limited ADR","Beverages - Soft",11.15,-0.89%,4,Hold,"16% Sell",-48.54,-47.50%,10.92,11.41,11.1,11.32,46.74,-69.34,-15.16,691573,Weakest,Minimum,22.78%,0.54,10.87,11.76,31%
CLRB,"Cellectar Biosciences Inc","Medical Products",2.66,+3.50%,2,Sell,"72% Sell",-48.58,-43.64%,2.79,2.64,2.94,2.58,55.05,-65.48,-20.86,399388,Weakening,Weak,52.13%,0.38,2.36,2.8,69%
COE,"51Talk Online Education Group","Consumer Services - Misc",19.37,+9.68%,5,Hold,"64% Sell",-48.58,-36.49%,21.21,18.88,23.47,16.68,64.66,-58.33,-50.37,10715,Weakening,Average,91.21%,1.77,15.01,18.36,130%
AD,"Array Digital Infrastructure Inc","Wireless National",35,+0.46%,1,Sell,"88% Sell",-48.68,-52.38%,44.52,40.32,46.7,34.69,39.52,-74.22,-45.76,272659,Weakening,Strong,61.20%,0.63,34.02,35.36,73%
MTEX,"Mannatech Inc","Medical - Drugs",4.95,+3.34%,3,Sell,"88% Sell",-48.99,-39.63%,5.34,5.09,6.11,4.74,51.72,-61.47,-51.03,24639,Weakening,Good,59.57%,1.46,4.19,5.3,69%
SSII,"Ss Innovations International Inc","Technology Services",3.95,-0.75%,6,Buy,"40% Sell",-49.23,-36.29%,4.11,3.7,4.35,3.72,56.7,-58.13,-41.49,79441,Weakest,Soft,78.01%,0.24,3.39,4.05,85%
BAK,"Braskem S.A. ADR","Chemical - Specialty",2.32,-0.43%,5,Sell,"88% Sell",-49.23,-23.68%,3.53,3.07,3.55,2.45,37.5,-45.52,-32.39,2020327,Strengthening,Strong,26.79%,0.36,2.22,2.67,22%
NEOV,"Neovolta Inc","Other Alt Energy",2.47,+17.06%,1,Buy,"48% Sell",-49.31,-50.70%,2.66,2.24,3.06,2.24,56.04,-72.54,-29.78,1164969,Weakest,Average,56.86%,0.39,1.96,2.53,90%
PHR,"Phreesia Inc","Medical Information Systems",11.3,+5.31%,2,Buy,"8% Buy",-49.39,-57.10%,9.89,10.05,11.31,10.69,60.85,-78.94,-44.25,1476764,Average,Minimum,74.32%,0.86,10.01,11.38,94%
SEAT,"Vivid Seats Inc Cl A","Internet - Software",7.96,+3.38%,5,Hold,"32% Buy",-49.97,-72.55%,7.3,7.63,7.12,7.35,56.85,-94.39,-0.63,121141,Average,Minimum,63.18%,0.55,6.45,8.24,84%
NUS,"NU Skin Enterprises","Cosmetics & Toiletries",5.16,-0.58%,6,Sell,"100% Sell",-50.06,-37.07%,6.24,5.3,7.38,5.19,46.31,-58.91,-57.39,552998,Strengthening,Strong,50.89%,0.53,5,5.38,41%
GTN.A,"Gray Television Inc Cl A","Broadcast - Radio & TV",6.8,0.00%,3,Sell,"100% Sell",-50.44,-36.15%,9.76,8.1,10.06,7.14,44.04,-57.99,-54.36,6813,Strengthening,Strong,13.33%,0.7,6.24,8.05,31%
DMRC,"Digimarc Corporation","Internet - Software",7.2,+9.76%,1,Sell,"24% Sell",-50.53,-36.56%,8.16,9.32,7.34,6.47,50.56,-58.4,-1.27,217783,Weakest,Minimum,66.85%,0.42,5.73,7.21,100%
BUR,"Burford Capital Ltd","Finance - Misc Services",4.25,+3.16%,1,Sell,"88% Sell",-50.71,-65.81%,4.88,4.29,6.33,4.17,51.56,-87.65,-63.38,2752889,Weakest,Average,55.99%,0.91,3.97,4.36,71%
VTSI,"Virtra Systems Inc","Electronics - Military",3.06,-0.97%,3,Sell,"96% Sell",-51.34,-55.97%,3.71,3.22,3.98,3.06,46.2,-77.81,-38.17,52479,Average,Strong,60.36%,0.62,2.94,3.18,48%
TAOX,"Tao Synergies Inc","Finance - Misc Services",3.66,+11.25%,3,Sell,"88% Sell",-51.55,-38.90%,4.59,3.77,4.53,3.56,51.28,-60.74,-11.57,201635,Weakening,Average,26.09%,0.69,3.22,3.9,64%
NKLR,"Terra Innovatum Global N.V.","Electrical Power",5.13,-0.19%,8,Hold,"64% Sell",-51.66,N/A,5.34,5.24,5.21,5.01,50.91,N/A,0.01,778865,Weakening,Soft,57.55%,1.18,4.49,5.53,62%
BANL,"Cbl International Limited","Transportation - Services",4.53,-0.15%,5,Sell,"88% Sell",-51.82,-49.06%,6.14,5,5.86,4.93,43.67,-70.9,-32.72,51486,Average,Average,50.66%,0.67,4.15,5.71,24%
NPT,"Texxon Holding Limited","Chemical - Specialty",3.22,+5.05%,2,Buy,N/A,-52.07,N/A,4.13,2.34,5.14,2.74,66.64,N/A,-46.01,N/A,N/A,N/A,94.93%,0.01,2.36,3.12,114%
NSRX,"Nasus Pharma Ltd","Medical - Drugs",3.19,+5.28%,1,Sell,"24% Sell",-53.43,N/A,2.98,3.13,4.03,3.07,53.15,N/A,-76.17,74951,Weakest,Soft,69.27%,0.29,2.91,3.22,91%
WW,"Ww International Inc","Consumer Prdts - Misc Discr",16.08,+11.98%,1,Sell,"24% Sell",-53.54,-62.60%,14.39,15.93,17.66,14.64,57.44,-84.44,-55.99,301722,Weakest,Weak,61.96%,0.8,12.97,16.31,93%
PAR,"Par Technology Corp","Financial Transaction Services",17.34,+2.30%,2,Hold,Hold,-53.67,-70.41%,14.96,15.92,19.09,16.63,57.02,-92.25,-63.24,1284287,Falling,,66.05%,0.56,15.2,18.07,75%
NXB,"Nextboat Inc","Technology Services",2.12,+7.61%,3,Sell,N/A,-53.75,N/A,2.41,2.18,2.44,2.04,53.02,N/A,-9.59,N/A,N/A,N/A,58.05%,4.62,1.83,2.24,70%
FMC,"FMC Corp","Agriculture Operations",10.36,-3.27%,3,Sell,"100% Sell",-53.97,-72.74%,13.43,11.61,13.92,11.09,42.49,-94.58,-36.34,4396244,Strengthening,Soft,46.41%,1.37,10.18,11.99,10%
SPAI,"Safe Pro Group Inc","Technology Services",4.03,+1.51%,1,Sell,"72% Sell",-54.15,+23.62%,4.39,4.46,4.56,3.81,51.02,1.78,-14.15,318958,Weakest,Soft,78.39%,0.34,3.63,4,108%
PNNT,"Pennantpark Investme","Finance - SBIC & Commercial",3.41,+3.65%,1,Sell,"88% Sell",-54.22,-52.24%,4.04,3.55,4.55,3.35,49.62,-74.08,-53.82,734430,Weakest,Strong,51.84%,0.67,3.23,3.47,74%
AXIL,"Axil Brands Inc","Consumer Prdts - Misc Staple",5.79,-3.34%,2,Sell,"88% Sell",-54.44,-34.50%,6.52,6.27,6.62,5.96,43.27,-56.34,-27.48,201010,Strongest,Average,59.31%,0.68,5.48,6.44,33%
SKK,"Skk Holdings Limited","Engineering & R&D Services",4.94,+6.70%,7,Buy,"100% Buy",-54.97,-5.07%,3.84,4.6,3.56,4.82,54.99,-26.91,67.5,259367,Strongest,Average,17.63%,0.2,4.46,5.17,67%
FGI,"Fgi Industries Ltd","Retail - Home Furniture",4.3,+0.47%,2,Sell,"100% Sell",-55.17,+8.86%,5.13,4.88,5.34,4.39,45.67,-12.98,-35.59,172898,Average,Average,20.69%,0.62,3.82,4.96,42%
WHR,"Whirlpool Corp","Appliances - Household",39.21,+4.56%,4,Sell,"88% Sell",-55.73,-52.57%,46.02,39.43,56.97,38.02,52.76,-74.41,-56.68,2321223,Weakest,Strong,54.43%,1.59,35.74,40.3,76%
COIN,"Coinbase Global Cl A","Finance - Misc Services",146.5,+0.16%,2,Sell,"100% Sell",-55.76,-53.45%,177.4,163.45,185.59,160.89,40.47,-75.29,-46.25,10086203,Strongest,Good,24.12%,1.12,147.73,174.04,-5%
BARK,"Bark Inc","Consumer Services - Misc",9.83,+8.50%,1,Hold,"64% Sell",-55.85,-41.79%,10.05,9.43,11.88,9.24,57.37,-63.63,-29.45,72224,Weakest,Soft,53.33%,0.78,8.43,10.04,87%
MLGO,"Microalgo Inc","Technology Services",4.06,-0.25%,3,Sell,"72% Sell",-55.90,-55.43%,4.23,4.6,4.34,4.07,45.66,-77.27,-19.17,243234,Weakening,Weak,48.92%,0.45,3.89,4.25,47%
HURA,"Tuhura Biosciences Inc","Medical - Biomedical",2.14,-1.38%,2,Sell,"8% Buy",-56.52,-10.83%,2.25,2.28,1.83,2.23,44.73,-32.67,171.78,919195,Weakest,Weak,31.14%,0.41,2.04,2.41,26%
AVAV,"Aerovironment Inc","Aerospace - Defense Equipment",159.18,+6.57%,1,Sell,"88% Sell",-56.65,-38.79%,176.54,164.54,211.24,149.46,52.87,-60.63,-45.22,1469056,Weakening,Good,54.34%,0.55,136.48,162.43,87%
YSG,"Yatsen Holding Ltd ADR","Consumer Prdts - Misc Staple",3.27,-4.66%,4,Buy,"24% Sell",-56.68,-62.37%,3.21,3.29,3.53,3.48,44.81,-84.21,-26.97,165229,Weakening,Weak,35.10%,0.5,3.25,3.7,4%
CRCL,"Circle Internet Group Cl A","Finance - Misc Services",60.35,-3.61%,2,Sell,"88% Sell",-56.77,-64.10%,92.03,76.59,86.66,63.86,40.86,-85.94,-34.93,14583086,Strengthening,Strong,28.28%,1.18,58.9,68.81,15%
XTLB,"Xtl Biopharma ADR","Medical - Drugs",2.86,+1.45%,1,Buy,"16% Sell",-56.91,-48.55%,2.63,2.63,2.87,2.9,52.16,-70.39,12.28,674964,Weakest,Minimum,68.36%,0.05,2.81,2.99,28%
ABR,"Arbor Realty Trust","REIT - Mortgage Trusts",5.16,+2.99%,2,Sell,"88% Sell",-56.94,-53.93%,6.34,5.21,6.84,5.03,51.23,-75.77,-44.54,3991062,Weakest,Strong,38.09%,1.77,4.84,5.21,86%
EVEX,"Eve Holding Inc","Aerospace - Defense",2.4,+3.45%,1,Sell,"88% Sell",-57.32,-62.03%,2.73,2.67,3.06,2.38,47.6,-83.87,-50.88,1235333,Average,Good,54.95%,0.67,2.19,2.57,55%
DRIO,"Dario Health Corp","Medical Instruments",7.1,-2.34%,5,Hold,"96% Sell",-58.14,-35.44%,7.5,7.15,8.69,7.13,48.93,-57.28,-48.64,18473,Average,Good,53.90%,0.69,6.42,7.84,48%
NAGE,"Niagen Bioscience Inc","Medical - Biomedical",3.53,+3.82%,2,Hold,"64% Sell",-58.30,-60.95%,3.98,3.45,4.56,3.36,55.57,-82.79,-55.53,956808,Weakest,Average,68.72%,1.65,3.16,3.57,91%
KRKR,"36Kr Holdings Inc ADR","Business Information",2.82,-2.15%,4,Hold,"80% Sell",-58.38,-43.86%,3.37,3,3.65,2.76,49.25,-65.7,-51.83,15394,Weakening,Good,42.14%,0.12,2.55,2.97,64%
CMCM,"Cheetah Mobile Inc ADR","Internet - Software",2.8819,+3.29%,1,Sell,"100% Sell",-58.75,-43.49%,4.64,3.49,5.23,2.97,38.01,-65.33,-63.,25106,Average,Maximum,33.17%,0.11,2.75,3.19,29%
SOUN,"Soundhound AI Inc Cl A","IT Services",6.1,-0.49%,1,Sell,"100% Sell",-58.96,-39.66%,7.31,6.96,7.97,6.37,42.68,-61.5,-49.85,28630904,Average,Average,39.69%,0.82,5.86,6.89,24%
VITL,"Vital Farms Inc","Food - Misc & Diversified",12.79,+0.47%,5,Buy,"24% Sell",-59.16,-63.74%,12.15,11.63,17.08,13.11,51.45,-85.58,-70.99,2336663,Weakest,Weak,21.90%,0.56,12.3,13.91,30%
NVNO,"Envveno Medical Corp","Medical Instruments",10.7,+0.94%,1,Sell,"64% Sell",-59.43,-93.72%,10.81,10.67,10.88,10.67,51.33,-115.56,-15.73,16508,Weakest,Weak,50.91%,0.24,9.97,11.38,52%
NEXM,"Nexmetals Mining Corp","Mining - Misc",2.19,+0.92%,1,Sell,"100% Sell",-59.56,-60.18%,2.51,2.4,2.95,2.21,45.62,-82.02,-55.02,66257,Average,Average,34.57%,0.55,2.06,2.37,42%
DUKR,"Duke Robotics Corp","Aerospace - Defense",5.3,+1.34%,2,Sell,"88% Sell",-59.81,-22.63%,7.52,5.94,7.59,5.36,44.84,-44.47,-24.53,13972,Weakening,Strong,31.54%,0.13,5.07,5.66,39%
LUD,"Luda Technology Group Limited","Steel - Specialty",4.03,-9.23%,3,Sell,"100% Sell",-60.48,-19.27%,4.84,4.68,5.59,4.25,40.81,-41.11,-48.26,82020,Strongest,Average,30.68%,0.15,3.92,4.59,17%
RGC,"Regencell Bioscience Holdings Ltd","Medical - Biomedical",6.13,-0.81%,2,Sell,"88% Sell",-60.97,-52.74%,19.94,12.28,22.92,5.71,37.9,-74.58,-81.84,289397,Average,Strong,80.27%,0.88,4.81,6.61,73%
NTRB,"Nutriband Inc","Medical - Drugs",2.81,-1.40%,1,Sell,"100% Sell",-61.22,-61.98%,3.51,3.2,3.82,2.99,34.57,-83.82,-49.14,21275,Strengthening,Good,11.33%,0.46,2.82,3.17,-2%
GITS,"Global Interactive Technologies Inc","Computer - Software",2,-7.83%,4,Buy,"16% Buy",-61.73,-15.61%,2.01,2.01,2.04,2.11,46.98,-37.45,171.66,1041435,Weakest,Minimum,39.28%,0.04,1.95,2.27,16%
SSM,"Sono Group N.V.","Auto - Foreign",3.65,-2.41%,5,Sell,"100% Sell",-61.84,-39.17%,5.06,3.99,5.71,3.96,39.39,-61.01,-58.89,18534,Strongest,Strong,20.95%,0.41,3.62,4.31,5%
BRCB,"Black Rock Coffee Bar Cl A","Beverages - Soft",7.89,-2.11%,4,Buy,"56% Sell",-62.16,N/A,10.28,7.66,12.56,8.01,47.72,N/A,-75.57,499303,Weakening,Strong,37.80%,0.77,7.63,8.38,34%
WXM,"Wf International Limited","Machinery - Electrical",3.31,+3.12%,1,Sell,"88% Sell",-62.32,-87.51%,4.47,4.01,4.64,3.21,44.55,-109.35,-46.13,45909,Weakening,Weak,47.50%,0.08,2.72,3.71,60%
CRMT,"America's Car-Mart","Retail - Wsale Auto & Trucks",3.5,+9.72%,7,Sell,"100% Sell",-63.00,-91.82%,8.69,4.81,13.83,3.51,46.39,-113.66,-97.17,634403,Average,Good,20.45%,0.17,2.73,4.28,50%
SER,"Serina Therapeutics Inc","Medical - Biomedical",2.06,+3.00%,3,Buy,"8% Buy",-63.17,-61.06%,1.95,1.96,2.05,2.08,51.64,-82.9,-3.35,1453542,Weakening,Minimum,29.42%,0.21,1.95,2.22,42%
ATXG,"Addentax Group Corp","Conglomerates - Div Operations",2.95,-16.43%,2,Sell,"100% Sell",-63.37,-51.51%,4.63,4.12,4.96,3.61,33.78,-73.35,-60.89,61897,Strongest,Good,36.46%,1.15,3.16,4.06,-24%
NOMA,"Nomadar Corp. Cl A","Leisure & Recreation Services",2.97,-1.33%,1,Sell,N/A,-63.47,N/A,3.64,3.36,3.91,3.1,44.47,N/A,-44.74,N/A,N/A,N/A,33.33%,0.4,2.82,3.38,26%
PDC,"Perpetuals.com Ltd ADR","Technology Services",3.3,-1.20%,1,Sell,"88% Sell",-64.21,-39.56%,5.58,4.95,5.5,3.79,37.86,-61.4,-60.06,250745,Strongest,Strong,29.36%,0.13,2.84,4.74,24%
UONE,"Urban One Inc","Broadcast - Radio & TV",5.04,0.00%,2,Sell,"88% Sell",-67.16,-67.48%,5.93,5.5,7.71,5,44.95,-89.32,-62.1,50622,Weakening,Average,47.37%,0.15,4.74,5.25,59%
CSGP,"Costar Group Inc","IT Services",30.03,+4.42%,5,Sell,"88% Sell",-67.16,-68.26%,34.38,30.63,41.64,29.01,52.27,-90.1,-66.37,6459824,Weakest,Good,63.98%,0.8,27.15,30.87,78%
BTGO,"Bitgo Holdings Inc Cl A","Finance - Misc Services",5.06,+4.12%,4,Sell,N/A,-67.25,N/A,7.71,5.39,0,5.06,47.26,N/A,N/A,N/A,N/A,N/A,31.00%,0.5,4.64,5.48,50%
AMCI,"AMC Robotics Corporation",Unclassified,4.74,+11.01%,1,Hold,"80% Sell",-67.91,-60.17%,5.62,4.86,5.99,5.03,47.87,-82.01,-51.11,1424303,Weakening,Soft,28.46%,0.32,4.41,5.65,27%
BLSH,"Bullish Ord Shs","Internet - Software",22.93,+5.23%,2,Sell,"100% Sell",-68.11,N/A,32.66,26.23,33.36,23.64,44.57,N/A,-50.48,1791373,Average,Strong,29.97%,0.92,21.27,26.01,35%
AIRO,"Airo Group Holdings Inc","Aerospace - Defense",7.14,+5.93%,1,Sell,"88% Sell",-68.68,-64.51%,7.86,7.42,8.73,6.73,52.29,-86.35,-23.74,615148,Weakest,Soft,47.90%,0.65,6.12,7.34,84%
CENN,"Cenntro Inc","Auto - Domestic",3.43,+7.19%,1,Sell,"88% Sell",-68.77,-88.36%,4.5,3.77,5.74,3.37,47.57,-110.2,-69.03,54710,Weakest,Weak,47.61%,0.67,3.15,3.59,63%
ARQQ,"Arqit Quantum Inc","Internet - Software",18.45,+7.71%,1,Sell,"8% Sell",-69.06,-42.97%,16.47,18.95,17.87,18.02,49.64,-64.81,-26.71,540031,Weakest,Minimum,57.02%,0.27,15.62,20.42,59%
ANPA,"Rich Sparkle Holdings Limited","Business Services",4.03,-2.54%,3,Sell,"100% Sell",-69.34,-87.16%,6.36,4.85,19.98,4.14,42.23,-109.,-92.86,97204,Average,Good,20.50%,0.2,3.75,4.53,35%
ATOS,"Atossa Therapeutics Inc","Medical - Biomedical",2.17,+4.83%,3,Sell,"100% Sell",-69.47,-82.42%,4.13,2.96,5.07,2.36,38.82,-104.26,-86.51,113884,Weakening,Good,9.28%,0.14,2.14,2.58,7%
FOXX,"Foxx Development Holdings Inc","Consumer Prdts - Misc Discr",2.55,-3.77%,1,Sell,"100% Sell",-71.00,-66.88%,3.98,3.14,4.18,2.75,40.92,-88.72,-56.07,803973,Strongest,Strong,35.84%,0,2.36,3.14,24%
YI,"111 Inc ADR","Medical Information Systems",3.62,-6.05%,2,Sell,"88% Sell",-71.08,-47.73%,5.42,4.41,5.59,3.88,41.39,-69.57,30.26,25620,Strengthening,Good,32.42%,0.06,3.53,4.23,12%
FABC,"Fabric.Ai Inc","Technology Services",2.73,+9.20%,1,Sell,"24% Sell",-71.19,-61.92%,3.21,3.53,3.05,2.61,47.21,-83.76,0.4,836078,Weakest,Weak,47.20%,0.42,2.4,2.82,79%
ZOOZ,"Zooz Strategy Ltd","Other Alt Energy",5.05,-3.26%,1,Sell,"100% Sell",-71.44,-82.94%,5.94,5.46,6.86,5.21,44.53,-104.78,-53.38,28576,Average,Soft,52.57%,0.16,4.88,5.55,26%
RAY,"Raytech Holding Limited","Retail - Consumer Electronics",3,+8.69%,1,Sell,"88% Sell",-71.86,-93.21%,3.28,3.08,3.4,2.89,51.8,-115.05,41.25,85922,Weakest,Weak,49.66%,0.34,2.5,3.28,64%
AIFU,"Aifu Inc","Insurance - Multi Line",35.9,+3.46%,1,Sell,"56% Sell",-72.14,-74.39%,36.67,41.95,39.03,34.92,47.2,-96.23,-44.05,3469,Weakest,Weak,65.40%,1.4,31.94,37.91,66%
QNRX,"Quoin Pharmaceuticals Ltd ADR","Medical - Drugs",4.45,0.00%,1,Sell,"88% Sell",-72.49,-34.75%,5.53,4.49,6.96,4.37,50.88,-56.59,-80.19,230020,Weakest,Average,86.93%,0.06,4.02,4.72,61%
EH,"Ehang Holdings Ltd ADR","Aerospace - Defense Equipment",5.42,+5.65%,2,Sell,"88% Sell",-72.61,-67.93%,8.64,6.81,10.04,5.31,44.15,-89.77,-69.91,882529,Weakening,Maximum,39.59%,0.5,4.87,5.75,62%
MSTR,"Strategy Inc","Finance - Misc Services",94.86,+1.69%,1,Sell,"100% Sell",-72.72,-74.13%,132.56,111.26,137.01,95.74,44.67,-95.97,-48.6,19957705,Average,Average,38.98%,0.65,90.42,101.06,42%
TONX,"Ton Strategy Company","Finance - Misc Services",3.06,+2.68%,4,Sell,"40% Buy",-72.99,-67.82%,3.02,3.31,2.8,3.29,45.89,-89.66,42.74,492677,Weakening,Minimum,14.48%,0.69,2.97,3.62,14%
LFS,"Leifras Co. Ltd ADR","Leisure & Recreation Services",2.55,+7.14%,3,Buy,"8% Sell",-74.21,N/A,2.25,2.3,2.39,2.19,65.33,N/A,-18.97,1372063,Weakening,Weak,28.16%,0.33,1.96,2.42,127%
AQMS,"Aqua Metals Inc","Waste Removal Svcs",2.48,-1.98%,1,Sell,"100% Sell",-74.75,-36.36%,3.77,3.12,4.21,2.71,35.33,-58.2,-59.36,323111,Strengthening,Good,33.47%,0.31,2.52,2.89,-10%
NNNN,"Anbio Biotechnology Cl A","Medical - Biomedical",10.65,+7.58%,2,Sell,"88% Sell",-74.78,-75.12%,21.34,16.61,23.4,10.14,41.82,-96.96,-75.61,41861,Average,Strong,40.85%,2.76,8.57,11.71,66%
INTJ,"Intelligent Group Limited","Finance - Misc Services",3,-5.03%,2,Sell,"100% Sell",-75.40,-86.84%,6.82,4.98,7.63,3.41,34.1,-108.68,-86.03,19398,Strongest,Strong,16.33%,0.15,2.93,3.9,8%
DOMO,"Domo Inc Cl B","Internet - Software",3.91,+5.96%,4,Buy,"8% Sell",-76.18,-75.73%,3.45,3.36,4.22,3.55,59.4,-97.57,-64.65,1602412,Weakening,Minimum,53.08%,0.66,3.15,3.94,96%
BMGL,"Basel Medical Group Ltd","Medical Services",5.9,+4.98%,2,Sell,"100% Sell",-76.25,-75.66%,7.1,6.68,7.39,6.05,46.7,-97.5,-10.69,22635,Strengthening,Soft,28.78%,0.02,4.88,7.22,44%
SMR,"Nuscale Power Corp","Electrical Power",9.01,+7.01%,1,Sell,"88% Sell",-76.40,-79.72%,10.71,9.94,12.56,8.45,50.73,-101.56,-47.44,28834945,Weakening,Soft,80.06%,0.83,7.56,9.35,81%
VRM,"Vroom Inc","Auto - Domestic",7.15,-4.54%,1,Sell,"100% Sell",-76.46,-73.76%,11.14,8.64,13.41,7.27,43.62,-95.6,-75.06,12425,Average,Strong,24.84%,0.31,6.8,7.73,38%
CGTL,"Creative Global Technology Ltd","Consumer Prdts - Misc Discr",4.2,+4.74%,2,Sell,"100% Sell",-76.69,-70.06%,10.87,5.38,20.7,4.46,38.59,-91.9,-87.5,206178,Average,Average,7.88%,0.01,4.09,4.84,15%
BKKT,"Bakkt Inc","Finance - Misc Services",7.35,+2.51%,2,Sell,"100% Sell",-76.73,-21.22%,8.66,8.64,10,7.81,43.64,-43.06,-37.82,1509168,Average,Average,30.00%,0.44,6.89,8.73,25%
CANF,"Can-Fite Biopharma Ltd ADR","Medical - Drugs",3.17,+0.63%,1,Buy,"48% Sell",-77.36,-75.86%,3.22,3.22,3.59,3.26,47.15,-97.7,-31.78,962601,Weakening,Weak,17.53%,0.02,3.09,3.43,23%
CDLX,"Cardlytics Inc","Technology Services",4.07,+8.82%,1,Sell,"88% Sell",-77.74,-78.35%,6.83,4.98,7.99,4.01,44.49,-100.19,-75.64,95681,Weakening,Strong,36.28%,0.49,3.6,4.42,57%
WNW,"Meiwu Technology Ltd","Technology Services",2.62,+4.80%,1,Sell,"100% Sell",-77.82,-98.53%,12.17,3.31,59.23,3.01,38.29,-120.37,-109.15,694202,Weakening,Average,12.56%,0.04,2.05,3.97,30%
ASBP,"Aspire Biopharma Holdings Inc","Medical - Biomedical",7.23,+10.89%,4,Hold,"48% Sell",-78.63,-98.33%,11.99,6.13,30.78,6.53,54.96,-120.17,-106.46,276756,Weakest,Weak,59.19%,0.07,5.23,7.83,77%
UK,"Ucommune Intl Ltd","Real Estate Operations",2.15,+2.67%,4,Sell,"88% Sell",-78.76,-78.92%,3.2,2.3,4.21,2.06,50.74,-100.76,-76.9,124598,Weakest,Strong,46.50%,0.02,1.93,2.18,86%
ARBK,"Argo Blockchain Plc ADR","Finance - Misc Services",2.91,+1.75%,3,Sell,"88% Sell",-78.83,-95.41%,3.33,3.41,3.42,3.08,37.97,-117.25,-25.69,55346,Weakening,Soft,24.69%,0.56,2.78,3.38,21%
FWDI,"Forward Industries Inc","Medical Services",4.07,+0.99%,1,Sell,"100% Sell",-79.58,-66.47%,4.46,4.27,5,4.15,47.79,-88.31,-49.46,996896,Average,Soft,32.79%,0.62,3.82,4.49,38%
NEGG,"Newegg Commerce Inc","Internet Commerce",13.51,+1.73%,3,Sell,"100% Sell",-79.61,-74.76%,25.97,16.24,33.9,13.96,40.46,-96.6,-84.41,204822,Weakening,Strong,19.72%,0.93,12.49,15.44,35%
EDHL,"Everbright Digital Holding Limited","Advertising Marketing Services",4.19,-1.41%,3,Buy,"24% Buy",-79.98,-57.55%,3.49,4.17,3.63,4.09,51.48,-79.39,-41.22,896654,Weakening,Minimum,34.78%,0.08,3.32,4.85,57%
ZEPP,"Zepp Health Corp ADR","Medical Information Systems",4.43,-2.21%,3,Sell,"100% Sell",-80.17,-65.92%,9.89,5.6,14.16,5.03,35.17,-87.76,-94.59,151350,Weakening,Average,23.08%,0.59,4.3,5.76,9%
YXT,"Yxt.com Group ADR","Internet - Software",2.6,-12.75%,2,Sell,"100% Sell",-80.30,-68.86%,4.45,3.84,5.32,3.27,35.55,-90.7,-78.53,106154,Strongest,Strong,15.56%,0.08,2.68,3.87,-7%
EHGO,"Eshallgo Inc Cl A","Business Office Products",2.05,+1.49%,3,Hold,"80% Sell",-80.34,-83.80%,2.34,2.08,2.72,1.98,49.27,-105.64,-51.63,2398342,Weakening,Weak,10.91%,0.01,1.51,2.44,58%
SKYQ,"Sky Quarry Inc","Oil - US Integrated",4.5,-3.23%,6,Buy,"56% Buy",-80.45,+12.50%,3.99,2.9,3.65,4.03,55.49,-9.34,140.65,6020890,Average,Minimum,35.04%,0.16,2.79,5.27,69%
STI,"Solidion Technology Inc","Electronics Products - Misc",6.57,+4.29%,2,Sell,"56% Sell",-80.79,+88.25%,8.3,11.14,7.69,6.91,40.95,66.41,-18.36,1001150,Weakest,Minimum,29.00%,0.02,5.52,8.29,38%
LNZA,"Lanzatech Global Inc","Waste Removal Svcs",5.8,+5.07%,1,Sell,"88% Sell",-81.52,-86.82%,13.74,6.17,12.99,5.65,45.35,-108.66,-68.88,64931,Weakening,Good,49.46%,0.59,5.28,6.01,71%
APUS,"Apimeds Pharmaceuticals US Inc","Medical - Biomedical",4.85,-5.83%,3,Sell,"100% Sell",-82.24,-72.13%,12.56,9.75,14.65,6.54,34.09,-93.97,-81.46,17786,Strongest,Maximum,13.07%,1.01,4.8,8.28,1%
EXOD,"Exodus Movement Inc","Internet - Software",5.3,-1.30%,4,Sell,"88% Sell",-82.60,-81.32%,6.68,5.8,8.79,5.16,48.26,-103.16,-75.19,92237,Weakening,Average,63.36%,0.6,4.7,5.62,66%
AIOS,"Aios Tech Inc","Technology Services",12.21,+3.04%,1,Sell,"88% Sell",-82.82,-84.35%,13.34,13.62,15.17,12.94,46.39,-106.19,-53.97,96973,Average,Soft,47.48%,1.6,10.72,15.16,34%
CRIS,"Curis Inc","Medical - Biomedical",5.15,+2.59%,1,Sell,"88% Sell",-82.95,-84.20%,9.83,7.19,13.15,4.86,44.21,-106.04,-84.94,69475,Weakest,Strong,55.11%,0.39,4.49,5.23,89%
DXST,"Decent Holding Inc","Waste Removal Svcs",2.26,-1.31%,6,Buy,"88% Sell",-83.49,-92.78%,2.73,2.45,9.84,2.32,48.03,-114.62,-104.53,1312416,Weakening,Average,22.50%,1.57,1.95,2.69,42%
MSAI,"Multisensor AI Holdings Inc","Internet - Software",5.08,+6.97%,3,Sell,"100% Sell",-83.74,-83.70%,6.53,5.37,8.56,5.11,48.61,-105.54,-66.93,203957,Weakening,Average,32.54%,0.03,4.58,5.65,47%
GEMI,"Gemini Space Station Inc Cl A","Finance - Misc Services",3.99,+2.31%,3,Sell,"100% Sell",-84.04,N/A,4.81,4.51,6.08,4.32,42.41,N/A,-70.81,1888812,Weakening,Average,15.45%,1.27,3.88,4.75,12%
MI,"Nft Limited Class A Ordinary Share","Internet Commerce",7.84,-7.22%,4,Sell,"100% Sell",-84.23,-96.87%,25.06,11.98,135.12,9.1,35.65,-118.71,-108.59,9234,Average,Good,20.86%,0.67,7.69,10.51,5%
YDES,"Yd Bio Limited","Medical - Biomedical",2.3,+5.99%,1,Sell,"88% Sell",-84.58,N/A,4.36,2.7,6.44,2.22,46.67,N/A,-92.16,75580,Weakest,Strong,42.93%,0.88,1.97,2.47,67%
UPLD,"Upland Software Inc","Internet - Software",4.45,+2.06%,2,Sell,"100% Sell",-84.87,-80.22%,6.29,5.85,8.26,4.78,42.73,-102.06,-79.91,25833,Average,Average,27.79%,1.18,4,5.55,29%
NCT,"Intercont [Cayman] Limited","Transportation - Ship",3.51,+3.85%,3,Buy,"8% Buy",-85.94,-96.12%,2.78,3.07,3.57,3.09,63.44,-117.96,-37.64,409427,Average,Minimum,59.06%,1.05,2.57,3.6,91%
GMM,"Global Mofy AI Limited","Technology Services",2.87,-0.35%,2,Sell,"100% Sell",-86.98,-97.93%,35.75,4.81,45.06,2.89,36.16,-119.77,-106.17,1466037,Strengthening,Strong,23.27%,0.02,1.7,4.09,49%
EEIQ,"Epicquest Education Group Intl Ltd",Schools,2.13,+3.40%,2,Sell,"100% Sell",-87.39,-78.70%,3.49,2.85,3.53,2.37,35.64,-100.54,-50.68,788892,Average,Average,6.44%,0.06,1.92,2.83,23%
CIIT,"Tianci International Inc","Transportation - Ship",3.53,-1.67%,1,Sell,"100% Sell",-87.49,-95.20%,11.77,7.7,18.85,3.91,37.53,-117.04,-95.86,265584,Average,Soft,47.86%,0.03,2.64,5.18,35%
MLEC,"Moolec Science Sa","Agriculture Operations",6.97,+3.57%,2,Sell,"88% Sell",-88.03,-85.48%,7.93,7.46,7.83,7.26,45.26,-107.32,71.48,505052,Strengthening,Weak,13.55%,0.39,6.44,8.08,32%
ICCM,"Icecure Medical Ltd Ord","Medical Services",2.78,-3.81%,1,Sell,"100% Sell",-88.32,-90.83%,7.85,4.45,11.47,3.37,35.74,-112.67,-95.84,1041958,Average,Strong,13.59%,0.02,2.52,4.21,15%
AMOD,"Alpha Modus Holdings Inc",Unclassified,4.01,+1.78%,1,Sell,"88% Sell",-88.33,-90.72%,9.17,5.34,15.07,3.93,42.14,-112.56,-89.24,36379,Weakest,Strong,54.58%,0.34,3.57,4.28,62%
PBM,"Psyence Biomedical Ltd","Medical - Biomedical",3.15,-0.63%,4,Hold,"80% Sell",-88.33,-78.64%,3.89,3.3,3.84,3.02,50.23,-100.48,-44.13,952276,Average,Weak,49.17%,0.39,2.75,3.29,74%
CMCT,"Creative Media & Community Trust Corp","REIT - Equity Trust Other",4,+14.29%,2,Buy,"56% Sell",-88.52,-99.32%,8.52,3.53,103.97,3,61.48,-121.16,-109.95,135378,Weakest,Soft,89.49%,2.7,2.12,3.88,107%
SLE,"Super League Enterprise Inc",Gaming,2.75,+3.38%,1,Sell,"100% Sell",-89.13,-94.48%,3.66,3.16,4.35,2.83,43.05,-116.32,-73.49,301968,Average,Weak,18.70%,0.38,2.62,3.03,31%
NAMI,"Jinxin Technology Holding ADR","Technology Services",2.76,0.00%,1,Sell,"100% Sell",-90.06,-87.60%,8.97,5.08,11.02,3.16,31.36,-109.44,-96.59,15654,Average,Strong,24.56%,0.26,2.51,3.8,19%
SHPH,"Shuttle Pharmaceuticals Holdings Inc","Medical - Drugs",3.37,-11.32%,2,Sell,"88% Sell",-91.53,-90.37%,6.12,3.95,9.19,3.23,48.7,-112.21,-92.31,782748,Weakening,Soft,37.45%,0.07,2.51,3.94,60%
PMI,"Picard Medical Inc","Medical Information Systems",5.13,+16.74%,1,Sell,"100% Sell",-91.67,N/A,26.5,8.7,46.76,7.37,35.56,N/A,-105.17,262664,Average,Average,7.45%,0.34,5.1,9.64,1%
ASTC,"Astrotech Corp","Aerospace - Defense Equipment",6.78,+3.67%,1,Sell,"8% Sell",-91.82,+29.06%,8.93,14.84,7.02,7.74,39.25,7.22,84.92,1976671,Weakest,Weak,17.60%,0.01,5.68,9.81,27%
MEDS,"Datameds AI Inc","Medical Information Systems",3.24,+7.28%,4,Buy,"72% Sell",-92.55,-92.29%,4.76,3.38,8.6,3.06,50.21,-114.13,-94.81,341249,Weakest,Weak,46.96%,0.1,2.53,3.59,67%
TDIC,"Dreamland Limited Cl A","Advertising Marketing Services",2.48,+3.33%,1,Sell,"100% Sell",-93.10,-99.43%,19.57,6.08,20.7,3.11,44.75,-121.27,-100.34,532941,Weakening,Weak,10.19%,0.02,1.97,4.24,22%
PCLA,"Picocela Inc ADR","Diversified Comm Services",5.04,+2.65%,3,Hold,Hold,-93.36,-60.41%,3.89,5.7,4.59,4.97,49.86,-82.25,-55.4,742966,Bearish,,30.30%,0.02,4.41,5.53,56%
JZ,"Jianzhi Education Technology Group ADR","Technology Services",2.34,+6.85%,2,Sell,"100% Sell",-93.88,-96.96%,29.41,13.25,35.24,2.82,39.28,-118.8,-106.49,44003,Average,Good,19.15%,0.17,1.65,3.98,30%
INLF,"Inlif Limited","Medical Products",3.73,-12.24%,1,Sell,"88% Sell",-93.92,-99.89%,576.06,291.11,882.09,3.56,21.66,-121.73,-110.79,645697,Average,Good,37.40%,0.07,1.71,5.42,55%
HKIT,"Hitek Global Inc Ordinary Share","Technology Services",2.75,-9.24%,1,Sell,"100% Sell",-94.01,-99.95%,366.41,14.03,2618.34,3.54,32.85,-121.79,-111.,229221,Average,Average,16.58%,0.31,2.64,4.44,6%
QNTM,"Quantum Biopharma Ltd","Medical - Biomedical",3.05,+5.54%,1,Sell,"100% Sell",-94.32,-87.13%,4.14,4.08,4.48,3.13,41.67,-108.97,-69.25,243342,Average,Soft,27.47%,0.19,2.67,3.6,41%
VSA,"Visionsys AI Inc ADR","Technology Services",3.01,+0.67%,1,Sell,"100% Sell",-95.18,-99.57%,5.49,4,10.36,3.34,38.52,-121.41,-98.64,484902,Weakening,Weak,20.13%,0.05,2.75,3.93,22%
OLOX,"Olenox Industries Inc","Conglomerates - Div Operations",5,+4.38%,5,Sell,"100% Sell",-95.22,-96.82%,6.71,5.89,9,5.25,44.68,-118.66,-84.43,477529,Weakening,Weak,19.57%,0.08,4.59,5.9,31%
PAVS,"Paranovus Entertainment Technology Ltd","Conglomerates - Div Operations",4.92,+2.93%,2,Sell,"100% Sell",-95.29,-100.00%,174.13,34.47,747.13,4.94,25.29,-121.84,-110.79,223983,Weakening,Weak,19.17%,0.04,3.59,6.29,49%
NTCL,"Netclass Technology Inc Cl A","Internet - Software",2.81,+4.46%,1,Sell,"72% Sell",-95.54,-96.99%,22.12,24.24,21.04,3.66,36.39,-118.83,-94.76,60311,Weakest,Soft,12.47%,0.29,2.49,4.83,14%
DRCT,"Direct Digital Holdings Inc Cl A","Advertising Marketing Services",2.7,+5.88%,1,Sell,"88% Sell",-95.73,-97.56%,3.1,2.8,4.71,2.59,51.72,-119.4,-91.97,300642,Weakest,Weak,66.08%,0.49,2.41,2.76,83%
TRNR,"Interactive Strength Inc","Leisure & Recreation Services",3.2,+5.96%,2,Sell,"88% Sell",-96.15,-98.92%,6.16,4.09,17.38,3.06,44.05,-120.76,-105.7,117447,Weakest,Weak,49.42%,0.08,2.64,3.49,66%
WOK,"Work Medical Technology Group Ltd","Medical Instruments",2.06,+4.57%,2,Sell,"88% Sell",-96.16,-100.00%,68.66,5,104.67,1.97,40.07,-121.84,-110.09,362406,Weakest,Weak,57.58%,0.06,1.77,2.18,71%
CETX,"Cemtrex Inc","Conglomerates - Div Operations",2.66,+7.69%,2,Sell,"100% Sell",-96.95,-98.47%,6.68,4.31,10.32,2.7,38.32,-120.31,-100.76,478361,Weakening,Weak,15.23%,0.07,2.39,3.01,43%
IPST,"Ip Strategy Holdings Inc","Finance - Misc Services",2.27,+5.09%,3,Sell,"100% Sell",-97.85,-98.91%,5.1,3.06,11,2.38,38.57,-120.75,-103.75,77534,Weakening,Soft,12.49%,3.35,2.16,2.61,25%
ZNB,"Zeta Network Group","Media Conglomerates",2.48,+4.20%,2,Sell,"100% Sell",-98.22,-99.98%,12.89,6.62,142.75,3.03,31.91,-121.82,-110.49,96741,Weakening,Weak,43.22%,0.76,1.89,4.17,26%
BIYA,"Baiya International Group Inc","Internet - Software",3.1,-8.82%,2,Hold,"96% Sell",-98.39,-98.22%,9.24,5.97,17.29,3.88,44.14,-120.06,-103.02,1843459,Strengthening,Weak,18.29%,0.09,1.75,6.02,32%
XXII,"22nd Century Group Inc",Tobacco,4.2,+5.00%,4,Sell,"100% Sell",-98.46,-99.43%,23.38,6.14,71.86,4.21,37.86,-121.27,-109.21,27219,Weakening,Weak,38.63%,0.22,3.8,4.63,48%
SMX,"Smx [Security Matters] Plc Cl A","Technology Services",16.53,+3.77%,2,Sell,"72% Sell",-98.53,-99.98%,137.45,15.93,785.02,16.84,42.64,-121.82,-109.96,52347,Weakest,Weak,21.40%,0.3,14.25,19.44,44%
NEXR,"Nexera Technologies Ltd","Technology Services",3.02,-14.45%,1,Sell,"100% Sell",-99.21,-99.69%,16.73,7.82,39.91,4.42,35.63,-121.53,-108.64,338912,Average,Weak,37.88%,1.89,2.52,6.33,13%
EDBL,"Edible Garden Ag Inc","Agriculture Operations",2.28,-2.15%,3,Sell,"100% Sell",-99.32,-99.79%,25.75,7.19,88.64,3.4,25.92,-121.63,-110.2,467547,Weakening,Average,1.89%,13.26,1.72,5.08,17%
CDT,"Cdt Equity Inc","Medical - Drugs",2.87,-2.22%,2,Sell,"100% Sell",-99.49,-99.92%,30.57,6.33,112.96,3.4,33.56,-121.76,-110.13,226069,Weakening,Weak,21.53%,0.06,2.35,4.44,25%
RUBI,"Rubico Inc","Transportation - Ship",2.34,+4.93%,2,Sell,"100% Sell",-99.82,N/A,57.04,8.21,428.75,3.13,20.43,N/A,-110.92,343577,Weakening,Weak,5.77%,4.22,1.06,5.2,31%
LABT,"Lakewood-Amedex Biotherapeutics Inc","Medical - Biomedical",2.16,+6.93%,2,N/A,N/A,N/A,N/A,0,4.34,0,2.35,30.23,N/A,N/A,N/A,N/A,N/A,7.26%,0.13,1.52,3.19,38%
LIFE,"Ethos Technologies Inc Cl A","Insurance - Life",22.83,+11.80%,4,Buy,N/A,N/A,N/A,17.3,18.45,0,19.38,68.65,N/A,N/A,N/A,N/A,N/A,83.45%,4.28,17.37,21.38,136%
NHP,"National Healthcare Properties Inc Cl A","REIT - Equity Trust Resident",15.24,-0.33%,11,N/A,N/A,N/A,N/A,0,14.89,0,15.54,48.62,N/A,N/A,N/A,N/A,N/A,34.23%,0.32,14.7,16.38,32%
NINE,"Nine Energy Service Inc","Oil - Field Services",11.1,-2.20%,3,N/A,N/A,N/A,N/A,0,11.31,0,11.52,46.07,N/A,N/A,N/A,N/A,N/A,61.95%,0.92,10.67,12.37,25%
PAYP,"Paypay Corporation ADR","Financial Transaction Services",16.27,+7.53%,3,N/A,N/A,N/A,N/A,0,15.61,0,15.49,55.08,N/A,N/A,N/A,N/A,N/A,63.93%,1.17,14.69,16.28,99%
PLYX,"Polaryx Therapeutics Inc","Medical - Biomedical",2.19,-5.19%,1,Sell,N/A,N/A,N/A,3.88,2.46,0,2.24,45.03,N/A,N/A,N/A,N/A,N/A,58.47%,0.5,1.91,2.57,42%
PS,"Pershing Square Inc","Finance - Investment Mgmt",35.06,+5.35%,3,N/A,N/A,N/A,N/A,0,34.45,0,34.3,54.38,N/A,N/A,N/A,N/A,N/A,33.99%,0.44,32.42,36.18,70%
SBMT,"Silver Bow Mining Corp","Mining - Misc",6.55,+0.92%,1,N/A,N/A,N/A,N/A,0,7.54,0,6.55,45.09,N/A,N/A,N/A,N/A,N/A,37.14%,0.23,6.02,7.08,50%
SGP,"Spyglass Pharma Inc","Medical - Biomedical",22.68,+0.67%,5,Buy,N/A,N/A,N/A,22.06,19.99,0,20.9,61.74,N/A,N/A,N/A,N/A,N/A,75.35%,0.82,18.86,22.94,94%
SPTX,"Seaport Therapeutics Inc","Medical - Drugs",20.65,+0.93%,5,N/A,N/A,N/A,N/A,0,19.28,0,20.52,52.39,N/A,N/A,N/A,N/A,N/A,40.83%,0.77,18.94,22.1,54%
SWMR,"Swarmer Inc","Computer - Software",37.43,+1.79%,5,N/A,N/A,N/A,N/A,0,45.49,0,39.67,45.11,N/A,N/A,N/A,N/A,N/A,31.07%,0.36,34.45,44.89,29%
TMCR,"The Metals Royalty Company Inc","Mining - Misc",5.4,-7.69%,1,N/A,N/A,N/A,N/A,0,8.36,0,5.86,34.46,N/A,N/A,N/A,N/A,N/A,46.67%,1.12,5.14,6.58,18%
VGNT,"Versigent Plc","Utility - Electric Power",42.04,+1.67%,3,N/A,N/A,N/A,N/A,0,43.21,0,41.14,50.84,N/A,N/A,N/A,N/A,N/A,53.25%,0.83,38.99,43.29,71%
AGBK,"Agi Inc Cl A","Technology Services",7.17,+0.99%,2,Hold,N/A,N/A,N/A,7.33,7,0,7.01,54.68,N/A,N/A,N/A,N/A,N/A,71.08%,0.66,6.6,7.43,69%
AGMB,"Agomab Therapeutics NV Adrs","Medical - Biomedical",13.52,+5.05%,2,Buy,N/A,N/A,N/A,11.75,11.99,0,12.54,58.37,N/A,N/A,N/A,N/A,N/A,81.63%,1.32,11.53,13.54,99%
ALMR,"Alamar Biosciences Inc Cl A","Medical - Biomedical",27.07,+6.74%,4,N/A,N/A,N/A,N/A,0,23.64,0,25.69,59.29,N/A,N/A,N/A,N/A,N/A,51.46%,0.61,23.47,27.91,81%
AVLN,"Avalyn Pharma Inc","Medical - Biomedical",28.5,-1.01%,3,N/A,N/A,N/A,N/A,0,28.69,0,28.3,49.37,N/A,N/A,N/A,N/A,N/A,71.47%,0.3,26.64,29.96,56%
AYA,"Aya Gold & Silver Inc","Mining - Misc",20.34,+3.51%,2,N/A,N/A,N/A,N/A,0,19.22,0,19.62,53.9,N/A,N/A,N/A,N/A,N/A,75.28%,0.81,18.27,20.97,77%
AZUL,"Azul S.A. ADR","Transportation - Airline",8.75,-2.78%,3,N/A,N/A,N/A,N/A,0,8.8,0,8.65,8.3,N/A,N/A,N/A,N/A,N/A,45.94%,7.86,8.21,9.09,61%
BRAI,"Braiin Limited","IT Services",5.67,+2.35%,2,Sell,N/A,N/A,N/A,7.21,7.12,0,5.71,45.75,N/A,N/A,N/A,N/A,N/A,13.80%,0.12,5.11,6.31,47%
ELMT,"The Elmet Group Co.","Aerospace - Defense",14.36,+3.24%,1,N/A,N/A,N/A,N/A,0,16.84,0,14.75,43.49,N/A,N/A,N/A,N/A,N/A,39.47%,0.32,13.11,16.39,38%
GLND,"Greenland Energy Company","Oil - Field Services",2.27,0.00%,5,N/A,N/A,N/A,N/A,0,2.49,0,2.14,49.69,N/A,N/A,N/A,N/A,N/A,54.17%,0.94,1.84,2.43,73%
HMH,"Hmh Holding Inc","Oil Field Machinery & Equip",20.49,-1.44%,8,N/A,N/A,N/A,N/A,0,20.18,0,19.84,53.54,N/A,N/A,N/A,N/A,N/A,50.83%,0.47,18.23,21.45,70%
XNDU,"Xanadu Quantum Technologies Cl B","Computer - Integrated Systems",11.31,+5.11%,1,N/A,N/A,N/A,N/A,0,12.43,0,10.72,50.63,N/A,N/A,N/A,N/A,N/A,78.99%,0.3,9.76,11.68,80%
YSWY,"Yesway Inc Cl A","Retail - Supermarket",21.01,+0.43%,3,N/A,N/A,N/A,N/A,0,21.1,0,20.2,53.95,N/A,N/A,N/A,N/A,N/A,78.88%,1.04,19.11,21.3,87%
XE,"X-Energy Inc Cl A","Other Alt Energy",17.39,+6.62%,1,N/A,N/A,N/A,N/A,0,19.7,0,15.81,51.16,N/A,N/A,N/A,N/A,N/A,75.80%,1.1,13.88,17.73,91%
"Downloaded from Barchart.com as of 08-03-2026 09:40pm CDT"
