Symbol,Name,Industry,Latest,%Change,"1M #Hi",Trend,Opinion,"Wtd Alpha","52W %Chg","100D MA","50D MA","150D MA","20D MA","14D RSI","1Y vs IDX","YTD vs IDX","200D Avg Vol",Direction,Strength,"14D Stoch %K","50D RelVol","BB Lower","BB Upper",BB%
MU,"Micron Technology","Computer - Integrated Systems",975.26,-0.22%,6,Buy,"100% Buy",+337.91,+547.71%,885.09,928.61,725.97,962.81,52.99,531.47,229.85,40917969,Weakening,Good,68.40%,0.59,900.39,1025.22,60%
LITE,"Lumentum Holdings","Communications Components",927.03,-0.93%,4,Buy,"88% Buy",+270.11,+462.25%,863.35,826.44,812.7,903.05,53.87,446.01,139.66,5357928,Weakening,Average,68.55%,0.75,809.48,996.62,63%
ATEX,"Anterix Inc.","Communications Infrastructure",82.18,-0.74%,3,Sell,"40% Buy",+258.26,+280.64%,79.8,94.93,65.56,88.99,36.33,264.4,264.6,366525,Weakest,Average,8.69%,1.23,81.57,96.41,4%
GLBS,"Globus Maritime Limi","Transportation - Ship",3.72,+6.29%,3,Hold,"96% Buy",+222.52,+244.44%,2.79,3.28,2.5,3.68,57.08,228.2,100.72,144578,Strengthening,Maximum,44.43%,1.55,3.47,3.88,61%
WDC,"Western Digital Corp","Computer - Storage Devices",447.18,-2.98%,4,Sell,"8% Sell",+219.08,+365.09%,510.67,494.82,438.71,466.73,43.89,348.85,147.73,8431285,Average,Minimum,57.83%,0.71,419.65,513.81,29%
DRTS,"Alpha Tau Medical Ltd Cl A","Medical Instruments",14.43,-0.07%,5,Buy,"88% Buy",+195.40,+276.76%,11.54,13.51,10.12,14.51,54.12,260.52,179.67,549941,Weakening,Maximum,48.03%,0.64,13.91,15.11,43%
LBRX,"Lb Pharmaceuticals Inc","Medical - Biomedical",44.63,-3.50%,7,Hold,"80% Buy",+166.88,+157.98%,35.87,41.69,32.22,47.8,46.01,141.74,88.64,288553,Weakening,Strong,18.32%,0.65,45.46,50.14,-18%
EWTX,"Edgewise Therapeutics Inc","Medical - Biomedical",44.4,+3.50%,3,Buy,"100% Buy",+163.34,+202.66%,38.68,42.49,36.07,43.6,55.96,186.42,67.07,1260375,Strengthening,Strong,51.47%,1.22,41.38,45.82,68%
LFST,"Lifestance Health Group Inc","Medical - Outpatient & Hm Care",12.97,-0.23%,8,Buy,"100% Buy",+150.76,+142.88%,9.88,11.64,8.83,12.56,64.48,126.64,72.38,3355770,Strengthening,Maximum,71.58%,1.76,12.04,13.09,89%
SIF,"Sifco Industries","Aerospace - Defense Equipment",21.55,+3.06%,6,Sell,"56% Buy",+140.78,+197.24%,21.2,23.13,18.56,21.41,47.29,181,274.35,90618,Average,Average,25.76%,0.38,20.03,22.79,55%
TVTX,"Travere Therapeutics Inc","Medical - Biomedical",66.17,-1.98%,12,Buy,"100% Buy",+138.76,+164.68%,54.02,60.98,46.09,65.76,57.21,148.44,61.32,1969723,Average,Maximum,62.60%,0.8,63.05,68.48,58%
ANAB,"Anaptysbio Inc","Medical - Biomedical",53.87,-2.34%,5,Sell,"8% Sell",+138.56,+248.30%,58.56,57.36,52.43,57.15,40.47,232.06,54.83,698633,Average,Weak,13.60%,0.58,54.19,60.11,-5%
DSGN,"Design Therapeutics Inc","Medical - Biomedical",14.63,-1.15%,4,Buy,"88% Buy",+137.31,+145.47%,13.33,14.13,12.51,15.21,48.47,129.23,44.12,569266,Weakest,Strong,27.64%,1.2,14.58,15.83,4%
GH,"Guardant Health Inc","Medical - Biomedical",157.38,-1.04%,4,Hold,"64% Buy",+137.25,+177.10%,137.59,159.85,122.53,162.95,45.64,160.86,42.23,2204024,Weakest,Strong,29.89%,0.34,155.19,170.72,14%
MAAS,"Maase Inc ADR","Finance - Misc Services",15.79,+0.77%,1,Sell,"40% Buy",+125.93,+305.91%,14.36,16.83,11.61,16.01,46.97,289.67,180.56,119600,Weakening,Average,49.44%,0.87,14.65,17.36,42%
MRX,"Marex Group Ltd","Finance - Misc Services",73,-1.47%,5,Buy,"100% Buy",+125.35,+114.77%,62.36,67.98,55.6,72.75,54.13,98.53,78.45,843414,Average,Maximum,51.55%,0.86,68.3,77.21,53%
MATX,"Matson Inc","Transportation - Services",230.18,+0.96%,12,Buy,"100% Buy",+123.12,+117.34%,199.91,214.26,187.82,222.27,65.89,101.1,74.46,289752,Strongest,Maximum,92.07%,0.87,215.08,229.45,105%
AP,"Ampco-Pittsburgh Corp","Metal Production & Fabrication",8.11,-1.58%,1,Hold,"16% Sell",+122.90,+202.61%,9.54,8.49,9.08,8.73,41.81,186.37,40.31,209982,Average,Minimum,15.07%,0.38,8.05,9.42,5%
GSAT,Globalstar,"Satellite Communication",82.48,+0.62%,1,Buy,"88% Buy",+119.88,+172.30%,81.53,81.41,75.78,82.1,55.52,156.06,23.27,1071090,Average,Soft,61.57%,0.41,81.24,82.95,72%
PBT,"Permian Basin Royalty Trust","Oil - US Royalty Trusts",35.45,-0.28%,5,Buy,"100% Buy",+107.04,+96.73%,28.73,31.21,26.02,34.17,68.63,80.49,96.93,120094,Strengthening,Maximum,90.65%,0.79,32.66,35.67,93%
TWLO,Twilio,"Internet - Software",227.35,-1.64%,1,Buy,"88% Buy",+103.58,+121.68%,203.81,217.67,176.97,229.81,50.73,105.44,47.99,2376711,Weakening,Strong,42.59%,0.61,217.63,241.99,40%
ANIK,"Anika Therapeutics","Medical - Biomedical",20.86,-0.62%,3,Buy,"88% Buy",+102.87,+141.71%,16.8,18.85,15.71,21.22,54.24,125.47,105.22,121469,Weakening,Maximum,32.57%,0.7,20.62,21.82,20%
NOK,"Nokia Corp ADR","Wireless Equipment",11.13,+4.80%,5,Buy,"24% Buy",+102.69,+140.91%,12.03,10.35,10.79,10.34,60.92,124.67,60.17,72456945,Weakening,Weak,79.99%,1.06,9.63,11.05,105%
PBYI,"Puma Biotechnology","Medical - Biomedical",9.12,-0.55%,5,Buy,"88% Buy",+100.76,+102.67%,7.97,8.61,7.54,9.22,52.24,86.43,41.43,348049,Average,Maximum,34.90%,0.93,8.8,9.65,38%
BTSG,"Brightspring Health Services Inc","Medical Services",58.73,+1.47%,5,Sell,"8% Buy",+100.01,+109.82%,61.42,64.37,54.99,59.93,44.05,93.58,44.97,2803883,Weakening,Weak,46.25%,0.75,57.13,62.72,29%
KNSA,"Kiniksa Pharmaceuticals International Plc","Medical - Biomedical",76.27,-0.27%,3,Hold,"80% Buy",+99.99,+106.08%,63.23,73.07,57.49,78.72,48.52,89.84,73.05,653791,Weakening,Strong,32.62%,0.95,76.17,81.27,2%
ZBIO,"Zenas Biopharma Inc","Medical - Biomedical",31.12,+0.06%,3,Buy,"72% Buy",+99.76,+54.29%,25.35,31.04,24.68,32.01,47.23,38.05,-26.14,760940,Weakening,Average,40.66%,0.58,30,34.02,28%
NBR,"Nabors Industries","Oil & Gas - Drilling",90.6,0.00%,5,Buy,"40% Buy",+96.58,+113.18%,91.09,86.42,87.05,91.89,51.05,96.94,55,327181,Weakest,Weak,47.69%,0.67,87.29,96.5,36%
PESI,"Perma-Fix Envir","Pollution Controls",18.77,+2.85%,1,Buy,"100% Buy",+93.43,+129.18%,13.94,16.87,13.6,17.95,57.65,112.94,37.24,250495,Strongest,Maximum,73.52%,0.35,16.51,19.4,78%
NRXS,"Neuraxis Inc","Medical Information Systems",5.74,+0.88%,2,Sell,"56% Sell",+91.97,+137.19%,6.96,6.49,6.75,6.03,36.17,120.95,14.58,204143,Average,Weak,15.30%,0.6,5.64,6.42,13%
PACS,"Pacs Group Inc","Medical Services",44.76,-0.20%,1,Sell,"56% Buy",+91.33,+366.25%,40.71,44.78,39.01,43.76,54.57,350.01,4.74,968458,Weakest,Weak,75.83%,0.78,42.13,45.4,81%
MSBI,"Midland Sts BNC","Banks - Northeast",33.45,+0.42%,2,Buy,"100% Buy",+91.27,+83.79%,30.18,32.49,27.64,33.02,56.22,67.55,46.16,168781,Strengthening,Strong,64.88%,0.65,32.3,33.74,80%
CNC,"Centene Corp","Medical - HMO",66.42,+1.56%,4,Buy,"88% Buy",+91.27,+94.89%,61.76,65.49,53.94,65.48,53.49,78.65,49.56,5844337,Strengthening,Strong,49.62%,0.82,63.2,67.76,71%
CXW,"Corecivic Inc","REIT - Equity Trust Other",34.93,+1.51%,4,Buy,"100% Buy",+90.80,+63.07%,27.86,32.22,24.89,33.63,61.44,46.83,70.93,1211545,Strengthening,Maximum,79.55%,1.88,31.98,35.27,90%
RLYB,"Rallybio Corporaton","Medical - Biomedical",16.88,+0.75%,2,Buy,"100% Buy",+89.73,+256.55%,15.28,16.44,12.83,16.84,54.52,240.31,195.59,128346,Strengthening,Good,48.03%,0.25,16.6,17.07,58%
VSH,"Vishay Intertechnology","Semi Discretes",33.21,+6.14%,2,Sell,"8% Sell",+88.53,+114.26%,40.71,35.43,33.57,31.74,50.9,98.02,117.34,4112505,Weakest,Minimum,70.97%,0.7,28.74,34.75,74%
OSCR,"Oscar Health Inc Cl A","Insurance - Multi Line",32.77,+0.58%,6,Buy,"100% Buy",+87.84,+68.66%,27.1,30.61,22.54,31.54,58.43,52.42,116.19,7475304,Strengthening,Strong,69.96%,1.39,29.59,33.48,82%
MNPR,"Monopar Therapeutics Inc","Medical - Biomedical",110.26,+0.27%,3,Hold,"64% Buy",+86.97,+131.32%,87.59,111.12,77.2,114.08,46.71,115.08,57,218500,Weakest,Strong,37.23%,0.39,106.48,121.68,25%
TWIN,"Twin Disc Inc","Machinery - General Industrial",24.54,+0.82%,4,Hold,"96% Buy",+83.71,+86.12%,21.04,23.31,19.58,23.76,57.9,69.88,35.27,75253,Average,Strong,80.40%,0.52,22.14,25.37,74%
QXL,"Quantum X Labs Inc","Technology Services",4.44,-3.69%,6,Sell,"24% Buy",+83.40,+66.29%,4.51,4.75,3.62,4.64,45.02,50.05,178.35,80704,Weakest,Weak,34.66%,1.1,4.31,4.96,20%
MGNX,Macrogenics,"Medical Products",4,+0.76%,4,Buy,"40% Buy",+82.17,+142.42%,4.03,4.15,3.56,4.13,46.09,126.18,136.6,1102065,Weakest,Soft,22.78%,0.6,3.89,4.36,23%
LNTH,"Lantheus Holdings","Medical Products",100.25,-0.14%,5,Sell,"40% Buy",+81.72,+82.31%,99.56,102.36,91.85,100.65,43.35,66.07,38.79,1092563,Weakest,Average,30.67%,0.86,100.05,101.24,17%
FTRE,"Fortrea Holdings Inc","Medical - Biomedical",17.2,+1.06%,1,Sell,"40% Buy",+81.72,+68.13%,16.41,18.25,14.32,17.97,43.24,51.89,-12.14,1470917,Weakening,Soft,22.32%,1.07,16.76,19.18,18%
CHEF,"The Chefs Warehouse","Food - Misc & Diversified",110.45,+0.62%,7,Hold,"80% Buy",+80.30,+67.37%,93.7,105.83,83.89,111.33,51.52,51.13,65.35,515877,Strengthening,Strong,25.44%,0.63,106.64,116.02,41%
SGHT,"Sight Sciences Inc","Medical Instruments",8.14,+1.69%,3,Buy,"72% Buy",+79.75,+124.86%,5.8,6.76,5.32,8.28,59.32,108.62,-9.2,267000,Average,Strong,30.63%,0.8,7.98,8.59,27%
STLN,"Starling Oncology Institute Inc","Medical - Biomedical",6.17,-0.48%,4,Buy,"88% Buy",+78.99,+94.64%,5.14,5.81,4.42,6.26,52.73,78.4,61.46,1807346,Weakest,Strong,46.58%,0.49,5.83,6.69,40%
NUTX,"Nutex Health Inc","Medical Services",200.24,+2.58%,8,Buy,"100% Buy",+78.90,+117.65%,155.3,176.75,137.15,191.3,61.59,101.41,9.79,173231,Strongest,Maximum,86.98%,0.93,183.13,199.48,105%
BOTJ,"Bank of The Jame Fnl","Banks - Southeast",27.47,-1.54%,3,Buy,"100% Buy",+77.80,+84.98%,25.25,26.92,23.79,27.3,54.16,68.74,36,15586,Weakening,Strong,72.37%,1.14,26.45,28.15,60%
UFCS,"United Fire Group","Insurance - Proprty & Casualty",55.38,+1.13%,4,Buy,"100% Buy",+77.34,+72.63%,49.51,53,45.67,54.17,58.25,56.39,40.5,133548,Strengthening,Strong,52.59%,0.73,52.4,55.95,84%
ARCB,"Arcbest Corp","Transportation - Truck",134.86,-0.08%,2,Sell,"8% Buy",+77.06,+83.91%,139.6,143.27,126.56,137.67,44.54,67.67,69.93,364464,Weakening,Weak,38.30%,0.65,131.44,143.91,27%
INNV,"Innovage Holding Corp","Medical Services",10.75,+1.42%,7,Sell,"40% Buy",+76.87,+132.68%,9.72,11.16,9.29,10.84,48.17,116.44,95.28,285820,Weakest,Good,28.60%,0.74,10.51,11.16,37%
ANL,"Adlai Nortye Group Ltd ADR","Medical - Biomedical",15.21,+0.80%,7,Buy,"100% Buy",+75.18,+745.00%,12.52,12.89,11.5,14.28,60.01,728.76,959.28,460681,Strongest,Good,62.36%,1.13,12.99,15.57,86%
TEVA,"Teva Pharmaceutical Industries ADR","Medical - Generic Drugs",37.09,+2.04%,5,Buy,"100% Buy",+75.07,+86.48%,34.4,34.88,33.46,36.91,55.87,70.24,6.99,7235873,Strengthening,Average,45.54%,0.54,35.78,38.04,58%
ASRV,"Ameriserv Financial","Banks - Northeast",4.89,-1.21%,4,Hold,"80% Buy",+74.09,+71.58%,4.18,4.54,4.03,4.93,52.39,55.34,41.44,15957,Strengthening,Strong,58.33%,0.33,4.66,5.21,42%
AMWL,"American Well Corp Cl A","Medical Information Systems",13,+1.64%,4,Buy,"100% Buy",+74.03,+92.59%,9.83,11.69,8.37,12.34,57.72,76.35,152.92,102749,Strongest,Maximum,62.15%,0.58,11.32,13.36,82%
CLBK,"Columbia Financial Inc","Finance - Misc Services",11.53,-0.09%,3,Buy,"88% Buy",+74.03,+64.93%,10,11,9.39,11.66,54.65,48.69,51.38,1979988,Average,Maximum,31.95%,0.61,11.46,11.86,17%
IRWD,"Ironwood Pharmaceuti","Medical - Drugs",4.08,+2.77%,1,Hold,"64% Buy",+72.54,+229.03%,4.01,4.17,3.93,4.24,46.78,212.79,9.22,2971636,Average,Weak,14.44%,0.61,4.01,4.47,16%
ROMA,"Roma Green Finance Limited","Finance - Misc Services",9.44,+5.14%,4,Hold,"80% Buy",+72.31,+196.86%,8.07,8.99,6.72,8.96,57.66,180.62,446.73,222657,Strengthening,Good,73.55%,0.46,8.51,9.41,103%
PHVS,"Pharvaris N.V.","Medical - Biomedical",38.02,+1.36%,5,Buy,"100% Buy",+71.01,+61.79%,32.95,35.06,31.05,36.3,62.23,45.55,25.16,400267,Strongest,Maximum,41.87%,2.01,34.18,38.43,90%
INVX,"Innovex International Inc","Oil Field Machinery & Equip",30.13,+1.48%,3,Buy,"100% Buy",+70.91,+79.03%,27.84,28.18,27.08,29.9,54.45,62.79,25.92,525583,Strongest,Good,54.28%,1.18,28.29,31.5,57%
UVE,"Universal Insurance Holdings Inc","Insurance - Proprty & Casualty",44.33,+0.25%,8,Buy,"100% Buy",+70.51,+72.83%,40.6,42.58,38.29,43.43,57.56,56.59,19.3,196848,Strongest,Strong,64.10%,0.64,42.06,44.81,83%
CHMG,"Chemung Financial Corp","Banks - Southeast",85.1,+0.34%,6,Buy,"100% Buy",+70.27,+59.10%,74.86,80.35,68.85,82.95,62.38,42.86,40.66,29867,Strongest,Maximum,84.60%,1.02,80.01,85.89,87%
HNGE,"Hinge Health Inc Cl A","Medical Information Systems",88.59,+0.37%,7,Buy,"88% Buy",+69.88,+47.70%,72.4,86.02,61.88,89.8,50.85,31.46,78.87,1517974,Weakening,Strong,42.30%,0.98,85.83,93.77,35%
SFL,"Ship Finance International","Transportation - Ship",13.18,+3.94%,11,Buy,"100% Buy",+69.68,+59.18%,11.7,11.96,11.33,12.49,68.01,42.94,56.91,1440317,Strongest,Strong,81.45%,1.52,12.02,12.97,123%
LGND,"Ligand Pharm","Medical - Biomedical",284.47,-1.65%,4,Sell,"40% Buy",+69.66,+70.28%,269.18,295.62,246.97,286.72,45.93,54.04,38.61,262519,Weakest,Average,67.47%,0.98,279.53,293.91,34%
GEO,"Geo Group Inc","Government Services",31.49,+0.35%,4,Hold,"80% Buy",+69.17,+36.91%,27.51,30.96,23.66,31.62,51.44,20.67,83.5,2082525,Weakening,Strong,46.73%,1.51,30.25,33,45%
ICCC,"Immucell Corp","Medical Products",9.85,-0.66%,2,Sell,"8% Buy",+68.28,+60.69%,9.94,10.56,8.83,9.93,40.69,44.45,48.31,25342,Weakening,Weak,26.14%,0.3,9.7,10.16,33%
NEOG,"Neogen Corp","Medical Products",11.78,+0.08%,5,Buy,"100% Buy",+68.25,+105.23%,10,10.93,9.99,11.76,56.24,88.99,56.68,2814019,Average,Good,45.79%,0.84,11.47,12.05,53%
STGW,"Stagwell Inc","Advertising Marketing Services",8.6,+0.35%,2,Buy,"88% Buy",+68.07,+54.40%,7.5,8.35,6.92,8.73,49.59,38.16,64.02,1575608,Strengthening,Strong,22.42%,0.85,8.43,9.02,28%
PVLA,"Palvella Therapeutics Inc","Medical - Biomedical",150.13,-0.17%,3,Buy,"88% Buy",+66.09,+156.85%,134.58,148.58,128.51,150.81,49.95,140.61,31.58,268149,Weakest,Good,66.58%,0.81,143.06,158.56,46%
CMTV,"Community Bancorp Inc VT","Banks - Northeast",40.49,-0.05%,2,Hold,"80% Buy",+64.87,+83.21%,39.72,40.22,37.88,40.82,49.54,66.97,50.83,27928,Weakest,Average,50.72%,1.56,39.68,41.97,36%
PYPD,"Polypid Ltd","Medical - Drugs",5.15,-0.19%,9,Buy,"100% Buy",+64.07,+49.28%,4.77,4.87,4.63,5.1,54.54,33.04,6.81,121573,Average,Strong,34.71%,0.45,4.74,5.47,56%
GCBC,"Greene County Bncp","Finance - Savings & Loan",35.71,+1.36%,2,Buy,"100% Buy",+63.56,+46.77%,30.31,34.09,27.83,34.85,60.86,30.53,48.79,23157,Strengthening,Maximum,71.06%,0.46,33.99,35.7,100%
DJCO,"Daily Journal Corp","Publishing - Newspapers",661.9,+2.19%,8,Buy,"100% Buy",+63.44,+47.51%,558.77,597.71,544.18,620.64,72.03,31.27,23.97,63622,Strongest,Strong,86.40%,0.94,586.46,654.82,110%
IMOS,"Chipmos Tech ADR","Semi-Eqpt Material Services",55.33,-1.18%,2,Sell,"8% Buy",+63.20,+212.07%,57.32,58.34,51.06,55.94,47.56,195.83,74.89,73951,Weakening,Weak,66.62%,0.63,52.69,59.19,41%
GCT,"Gigacloud Technology Inc Cl A","Technology Services",51.87,+0.14%,4,Buy,"100% Buy",+63.08,+78.43%,41.3,45.03,41.54,50.95,58.4,62.19,20.2,653328,Average,Strong,75.84%,0.61,48.12,53.77,66%
AMN,"Amn Healthcare Services Inc","Business Services",33.34,+0.88%,4,Buy,"72% Buy",+62.78,+75.84%,30.78,33.86,26.92,34.17,46.89,59.6,99.7,1046983,Weakest,Strong,45.29%,0.67,32.96,35.38,16%
PCVX,"Vaxcyte Inc","Medical - Biomedical",59.47,+0.97%,5,Hold,"80% Buy",+62.38,+79.89%,55.51,58.38,56.35,60.7,49.34,63.65,17.04,1369125,Average,Average,15.83%,1.64,58.3,63.11,24%
MBIN,"Merchants Bancorp","Banks - Northeast",53.15,+0.32%,4,Hold,"80% Buy",+62.31,+65.63%,49.82,51.93,47.96,53.38,51.81,49.39,44.2,217686,Average,Good,38.89%,0.91,51.72,55.04,43%
KOP,"Koppers Holdings Inc","Chemical - Diversified",46.35,0.00%,6,Sell,"56% Buy",+61.99,+60.38%,44.91,47.91,42.14,46.31,46.87,44.14,59.31,182087,Weakest,Average,54.04%,0.65,44.88,47.74,51%
CARE,"Carter Bankshares Inc","Banks - Northeast",31.23,-1.17%,3,Sell,"40% Buy",+61.35,+56.23%,30.28,32.56,27.48,31.5,44.01,39.99,47,267719,Weakest,Average,61.57%,0.66,30.62,32.37,35%
DHX,"Dice Holdings","Internet - Content",4.53,+1.34%,6,Buy,"100% Buy",+60.96,+54.08%,3.76,4.12,3.39,4.32,57.6,37.84,180.41,350699,Strongest,Strong,67.81%,1.15,3.95,4.7,77%
CSCO,"Cisco Systems Inc","Computer - Networks",112.13,+4.37%,1,Sell,"24% Buy",+60.59,+65.65%,112.14,113.73,101.49,110.44,50.94,49.41,33.72,22318336,Weakest,Soft,40.32%,0.73,107.67,113.21,81%
ACU,"Acme United Corp","Consumer Prdts - Misc Discr",60.72,-1.03%,7,Buy,"88% Buy",+60.33,+38.92%,49.89,56.27,48.07,62.06,52.19,22.68,38.78,18909,Weakening,Maximum,32.77%,0.96,60.24,63.89,13%
CVLG,"Covenant Logistics Group Inc","Transportation - Truck",35.63,+1.02%,5,Sell,"24% Buy",+60.21,+50.40%,38.92,39.19,35.24,34.92,47.76,34.16,49.81,179074,Weakest,Minimum,78.09%,1.14,33.77,36.08,81%
BWFG,"Bankwell Financial","Banks - Northeast",68.57,+1.36%,2,Buy,"100% Buy",+59.74,+53.43%,58.93,64.39,55.54,66.59,64.51,37.19,37.8,53083,Strongest,Maximum,93.81%,0.85,64.81,68.36,106%
PNRG,"Primeenergy Corp","Oil - US Exploration & Product",211.11,-1.59%,2,Buy,"40% Buy",+59.66,+27.52%,202.82,196.33,204.12,212.05,55.86,11.28,11.61,65936,Weakest,Weak,59.94%,0.59,204.1,220,44%
QUAD,"Quad Graphics Inc","Advertising Marketing Services",10.1,-0.10%,7,Hold,"80% Buy",+59.02,+51.88%,8.56,9.51,7.98,10.18,52.86,35.64,49.23,238016,Average,Strong,19.79%,0.56,9.85,10.5,39%
JRSH,"Jerash Holdings Inc","Textile - Apparel",5.3,+0.57%,3,Hold,"80% Buy",+58.90,+54.52%,4.35,5.02,3.94,5.47,50.15,38.28,61.92,304804,Weakening,Strong,24.88%,0.57,5.24,5.7,14%
WEYS,"Weyco Gp Inc","Shoes and Related Apparel",44.59,-0.04%,1,Buy,"88% Buy",+58.90,+45.01%,38.8,42.28,36.75,44.99,53.22,28.77,33.92,17184,Average,Maximum,49.18%,0.95,44.08,45.91,28%
PGC,"Peapack Gladstone FI","Banks - Northeast",45.8,-0.52%,3,Hold,"64% Buy",+58.80,+55.47%,44.76,46.02,41.57,45.59,50.95,39.23,52.6,145561,Weakest,Average,63.86%,0.56,44.38,46.81,58%
EXPD,"Expeditors Intl","Transportation - Services",192.6,+1.73%,8,Buy,"100% Buy",+58.22,+56.14%,168.83,180.37,161.34,188.27,65.31,39.9,17.4,1281049,Strongest,Maximum,69.02%,0.82,184.57,191.96,109%
VTRS,"Viatris Inc","Medical Services",16.51,+0.79%,10,Hold,"48% Buy",+57.99,+62.34%,16.37,16.79,15.71,16.54,47.5,46.1,20.76,9968200,Weakest,Soft,34.80%,1.31,15.98,17.09,48%
RRBI,"Red River Bancshares Inc","Banks - Southwest",103.48,+0.30%,5,Buy,"100% Buy",+57.81,+58.69%,95.59,100.14,93.83,101.78,59.43,42.45,33.02,64937,Strongest,Strong,64.83%,0.69,99.46,104.1,87%
SNEX,"Stonex Group Inc","Finance - Misc Services",70.37,+0.86%,5,Sell,"8% Buy",+57.28,+60.79%,75.01,71.79,68.43,68.35,52.36,44.55,54.59,1056170,Weakest,Minimum,77.89%,0.58,65.88,70.83,91%
ATLO,"Ames Natl Corp","Banks - Midwest",32.49,+0.46%,6,Buy,"100% Buy",+57.27,+56.96%,29.92,30.84,29.17,31.81,61.86,40.72,29.66,49863,Strengthening,Strong,81.45%,0.57,31.08,32.55,96%
PHOE,"Phoenix Asia Holdings Limited","Building - Heavy Construction",19.47,+2.58%,4,Sell,"24% Buy",+57.26,+116.57%,19.59,21.86,18.17,21.18,44.08,100.33,9.84,51508,Weakest,Weak,8.86%,0.05,18.68,23.68,16%
PEB,"Pebblebrook Hotel Trust","REIT - Equity Trust Other",17.84,-1.33%,5,Sell,"40% Buy",+57.13,+51.06%,17.24,18.5,15.75,18.16,44.81,34.82,45.75,2327023,Weakest,Average,38.18%,1.27,17.62,18.69,20%
BNY,"Bank of New York Mellon","Banks - Major Regional",162.66,+0.04%,4,Buy,"100% Buy",+56.24,+54.03%,148.92,158.83,139.51,162.21,55.13,37.79,28.27,3598021,Average,Strong,58.79%,0.73,158.42,166,56%
SUN,"Sunoco LP","Oil Refining & Marketing MLP",77.67,+1.74%,4,Buy,"100% Buy",+55.87,+53.80%,70.59,74.23,68.24,75.97,57.34,37.56,36.35,463225,Strongest,Maximum,84.09%,0.83,73.94,78.01,92%
SPB,"Spectrum Brands Holdings Inc","Consumer Prdts - Misc Discr",86.22,+0.70%,3,Sell,"56% Buy",+55.68,+57.05%,84.55,87.63,81.91,87.73,44.94,40.81,34.09,354434,Weakening,Average,20.12%,0.54,85.15,90.31,21%
OBK,"Origin Bancorp Inc","Banks - Southeast",54.43,+0.31%,3,Buy,"100% Buy",+55.39,+53.93%,50.56,53.19,47.91,53.52,58.28,37.69,32.87,178651,Strengthening,Strong,71.02%,0.84,52.26,54.77,86%
IKT,"Inhibikase Therapeutics Inc","Medical - Drugs",2.34,+0.43%,5,Buy,"88% Buy",+55.30,+39.29%,2.05,2.3,1.97,2.42,46.61,23.05,2.3,1076277,Average,Strong,26.47%,0.44,2.3,2.55,17%
PKBK,"Parke Bancorp Inc","Banks - Northeast",34.72,+0.38%,3,Buy,"100% Buy",+55.16,+53.56%,32.47,33.79,31.1,34.19,58.01,37.32,26.81,73038,Strengthening,Strong,69.87%,0.8,33.25,35.13,78%
ASC,"Ardmore Shipping Corp","Transportation - Ship",18.67,+1.14%,7,Buy,"88% Buy",+54.64,+51.30%,17.12,16.97,16.44,17.98,62.71,35.06,64.45,655516,Strongest,Good,80.02%,0.97,17.16,18.8,92%
ANET,"Arista Networks Inc","Internet - Software",199.59,+5.61%,1,Buy,"100% Buy",+54.27,+30.42%,172.68,185.3,160.77,193.16,57.06,14.18,40.47,7940821,Strongest,Maximum,50.55%,0.67,182.41,203.91,80%
SGMT,"Sagimet Biosciences Inc Series A","Medical - Biomedical",10.88,-1.63%,6,Buy,"100% Buy",+53.96,+54.55%,8.02,8.94,7.15,10.62,63.38,38.31,71.93,1086296,Strengthening,Maximum,68.34%,0.57,10.06,11.17,74%
PNTG,"The Pennant Group Inc","Medical - Outpatient & Hm Care",39.2,-0.25%,6,Sell,"56% Buy",+53.88,+52.47%,36.39,39.47,34.85,38.58,54.01,36.23,27.4,273388,Weakest,Good,79.10%,1.1,36.99,40.17,70%
ZVRA,"Zevra Therapeutics Inc","Medical - Drugs",12.01,-0.41%,9,Buy,"100% Buy",+53.76,+51.07%,11.7,11.9,10.91,11.95,51.58,34.83,22.19,1254131,Average,Average,42.83%,0.48,11.27,12.63,54%
ESCA,"Escalade Inc","Leisure & Recreational Prdcts",19.51,-1.01%,2,Hold,"64% Buy",+52.88,+55.71%,19.31,20,18.31,20.31,41,39.47,32.78,34504,Weakest,Average,14.49%,0.61,19.51,21.11,0%
ALRS,"Alerus Financial Corp","Finance - Misc Services",33.27,+1.03%,2,Buy,"100% Buy",+52.76,+45.86%,30.5,32.75,28.49,33.13,53.2,29.62,35.89,164249,Strengthening,Strong,47.25%,0.63,32.43,33.82,60%
RIG,"Transocean Inc","Oil & Gas - Drilling",5.67,-1.73%,7,Buy,Hold,+52.68,+73.93%,5.83,5.48,6,5.83,48.22,57.69,25.44,38984086,Bearish,,20.89%,0.84,5.56,6.1,20%
CBNA,"Chain Bridge Bancorp Inc Cl A","Banks - Northeast",46.32,-0.75%,2,Buy,"96% Buy",+52.53,+46.91%,41.14,45.02,39.25,46.32,52.28,30.67,21.87,9878,Weakening,Strong,63.17%,0.77,45.01,47.63,50%
ACA,"Arcosa Inc","Building & Construction - Misc",145,-0.17%,10,Hold,"64% Buy",+52.50,+47.70%,136.61,145.15,128.78,145.32,49.95,31.46,24.53,441375,Weakest,Good,60.92%,0.95,144.96,145.67,6%
BVN,"Compania Mina Buenaventura S.A. ADR","Mining - Silver",34.04,+0.56%,5,Buy,"8% Buy",+52.10,+68.68%,32.84,32.6,34.21,34.56,50.18,52.44,10.46,1433087,Weakest,Minimum,31.70%,0.85,32.77,36.36,35%
SMHI,"Seacor Marine Holdings Inc","Transportation - Ship",9.53,-1.35%,5,Buy,"88% Buy",+51.92,+48.21%,8.18,8.96,7.94,9.7,51.91,31.97,46.46,116716,Weakening,Maximum,47.14%,0.68,9.4,9.99,22%
TRST,"Trustco Bank Corp NY","Banks - Northeast",58.45,+0.05%,10,Buy,"100% Buy",+51.79,+45.94%,53.55,56.38,50.57,57.26,61.33,29.7,29.57,119718,Strengthening,Maximum,84.14%,1.22,56.16,58.36,104%
AVAL,"Grupo Aval Acciones Y Valores S ADR","Finance - Investment Mgmt",5.35,-0.74%,4,Buy,"88% Buy",+51.08,+58.28%,4.98,5.19,4.75,5.38,52.88,42.04,20.25,187891,Average,Good,48.97%,0.47,5.19,5.56,43%
KNX,"Knight-Swift Transporation","Transportation - Truck",67.97,-1.54%,3,Sell,"8% Buy",+51.02,+58.25%,71.5,71.54,67.25,69.54,44.46,42.01,18.16,3567437,Weakening,Minimum,43.94%,1.46,66.2,72.88,27%
FISI,"Financial Institut","Banks - Northeast",40.92,-0.41%,2,Buy,"88% Buy",+50.68,+50.22%,38.33,40.61,36.39,41.01,50.05,33.98,19.43,146838,Weakening,Strong,54.24%,0.68,40.19,41.82,45%
HRTG,"Heritage Insurance Holdings","Insurance - Proprty & Casualty",34.58,+0.14%,6,Buy,"100% Buy",+50.57,+44.81%,27.8,31.07,27.38,34.1,60.66,28.57,6.33,354392,Strengthening,Maximum,52.89%,1.38,33.3,34.9,80%
FATE,"Fate Therapeutics","Medical - Biomedical",2.31,-0.86%,2,Sell,"24% Buy",+50.54,+126.47%,2.32,2.62,1.97,2.47,40.5,110.23,123.24,2350008,Weakening,Soft,32.05%,0.37,2.29,2.66,6%
KRNY,"Kearny Financial","Finance - Savings & Loan",9.78,-0.51%,9,Hold,"80% Buy",+50.40,+45.97%,8.98,9.63,8.56,9.84,50.39,29.73,20.13,449168,Weakening,Strong,38.51%,0.58,9.56,10.12,39%
GNK,"Genco Shipping & Trading Ltd","Transportation - Ship",26.83,+0.30%,6,Buy,"100% Buy",+50.13,+51.07%,25.02,25.82,24.29,26.55,54.53,34.83,33.73,438363,Strengthening,Strong,62.02%,0.63,25.46,27.63,63%
AMTB,"Mercantil Bank Holding Cl A","Banks - Southeast",29.32,+0.21%,3,Buy,"100% Buy",+49.65,+37.72%,25.68,28.1,24.53,28.94,57.52,21.48,38.43,295561,Strengthening,Strong,64.02%,0.74,28.26,29.61,78%
AGCC,"Agencia Comercial Spirits Ltd Cl A","Beverages - Alcohol",13.7,+0.44%,3,Sell,"56% Sell",+49.37,N/A,15.93,14.84,15.46,14.4,38.72,N/A,28.52,106777,Average,Weak,27.87%,0.13,13.7,15.09,0%
MD,"Pediatrix Medical Group Inc","Medical Services",26.77,+0.15%,6,Buy,"100% Buy",+49.35,+57.38%,24.73,26.42,23.38,26.67,53.04,41.14,13.3,820128,Average,Good,72.54%,0.67,26.13,27.21,59%
BCAX,"Bicara Therapeutics Inc","Medical - Biomedical",22.81,-1.26%,3,Sell,"8% Buy",+49.33,+90.40%,24.24,26,22.4,23.97,39.28,74.16,23.68,607094,Weakening,Weak,27.70%,0.79,22.39,25.54,13%
KEX,"Kirby Corp","Transportation - Ship",139.42,+0.60%,8,Buy,"40% Buy",+49.28,+58.43%,141.32,139.17,138.12,139.73,50.63,42.19,14.69,656406,Average,Weak,41.71%,0.8,136.91,142.56,44%
ACNB,"Acnb Corp","Banks - Southwest",65.19,+0.26%,6,Hold,"96% Buy",+49.07,+44.26%,58.82,63.23,55.72,64.64,55.91,28.02,22.98,55528,Strengthening,Strong,42.42%,0.89,63.37,65.92,71%
CVEO,"Civeo Corp","Hotels & Motels",34.05,+1.04%,6,Hold,"80% Buy",+49.02,+46.77%,33.17,33.14,31.51,33.75,54.9,30.53,37.03,88481,Average,Average,57.15%,0.38,32.96,34.54,69%
NTRS,"Northern Trust Corp","Banks - Major Regional",189.19,+1.07%,2,Buy,"100% Buy",+48.93,+46.12%,176.58,184.78,165.83,186.59,57.92,29.88,26.66,1068399,Strengthening,Strong,73.78%,0.69,181.54,191.63,76%
BOLD,"Boundless Bio Inc","Medical - Biomedical",2.83,-0.35%,6,Buy,"88% Buy",+48.08,+143.97%,2.15,2.69,1.83,2.87,54.07,127.73,123.98,526279,Weakening,Strong,19.82%,0.33,2.78,2.97,26%
SMBK,"Smartfinancial Inc","Banks - Northeast",52.24,+1.34%,3,Buy,"100% Buy",+47.95,+39.64%,46.63,50.41,44.47,51.23,59.29,23.4,29.38,91499,Strongest,Maximum,67.79%,0.58,49.89,52.57,88%
FA,"First Advantage Corp","Internet - Software",21.22,+3.92%,3,Buy,"88% Buy",+47.94,+30.34%,18.11,20.9,15.77,20.8,53.29,14.1,34.19,1381802,Strengthening,Strong,53.87%,0.53,19.98,21.62,75%
COKE,"Coca-Cola Consolidated Inc","Beverages - Soft",192.61,+2.02%,9,Buy,"88% Buy",+47.91,+55.14%,185.53,187.16,187.73,191.66,53.01,38.9,13.79,520908,Strengthening,Weak,36.79%,1.41,184.26,199.05,56%
ATKR,"Atkore Inc","Wire & Cable Products",94.15,-0.01%,4,Buy,"100% Buy",+47.66,+51.34%,81.25,84.85,75.25,93.71,72.02,35.1,37,530497,Average,Maximum,79.91%,0.5,93.26,94.16,99%
NRC,"Nrc Health","Business Information",21.12,-0.66%,5,Sell,"56% Buy",+47.51,+30.37%,20.09,21.22,18.61,21.47,49.53,14.13,0.67,109436,Weakest,Average,45.40%,0.87,20.32,22.62,35%
LOCO,"El Pollo Loco","Retail - Restaurants",15.18,+0.80%,4,Sell,"40% Buy",+47.29,+45.54%,15.16,15.85,14.26,15.36,45.55,29.3,33.27,282508,Weakening,Soft,16.43%,0.82,14.81,15.91,34%
AMG,"Affiliated Managers Group","Finance - Investment Mgmt",355.61,+0.30%,5,Hold,"48% Buy",+47.21,+50.71%,340.16,363.55,324.11,362.89,44.8,34.47,11.51,354089,Weakest,Average,17.08%,0.7,349.24,376.53,23%
FMAO,"Farmers & Merch Banc","Banks - Northeast",35.47,+0.17%,4,Buy,"100% Buy",+46.38,+33.85%,30.53,33.1,29.13,34.47,63.63,17.61,31.64,59554,Strongest,Maximum,89.58%,0.45,33.19,35.75,89%
SMC,"Summit Midstream Corporation","Oil Gas Prod Pipeline MLP",34.05,-0.53%,1,Buy,"88% Buy",+46.30,+45.58%,31.1,32.24,30.77,34.37,55.24,29.34,15.77,59266,Weakening,Strong,59.56%,1.1,33.61,35.13,29%
MSLE,"Satellos Bioscience Inc","Medical - Biomedical",9.75,-2.99%,4,Hold,"80% Buy",+46.17,+59.31%,8.16,9.42,8.46,9.53,54.22,43.07,53.97,50528,Weakening,Average,69.97%,0.59,8.67,10.39,63%
TBN,"Tamboran Resources Corp","Oil - International Integrated",39.13,-0.51%,8,Buy,"100% Buy",+46.12,+78.03%,35.04,35.1,34.54,38.27,59.82,61.79,31.85,142646,Strengthening,Average,47.80%,1.46,36.34,40.21,72%
NTCT,"Netscout Systems","Computer - Networks",38.05,+1.63%,2,Sell,"8% Buy",+46.08,+47.48%,39.44,39.87,36.52,38.22,46.03,31.24,28.76,589932,Weakest,Weak,34.60%,0.85,36.69,39.74,45%
IVZ,"Invesco Limited","Finance - Investment Mgmt",32.28,+1.10%,9,Buy,"88% Buy",+46.03,+43.15%,29.02,30.89,27.59,32.42,53.27,26.91,11.03,5297887,Strengthening,Strong,29.27%,0.75,31.47,33.36,43%
OBT,"Orange County Bancor","Banks - Northeast",38.28,0.00%,3,Buy,"100% Buy",+45.74,+43.69%,36.46,37.97,35.42,38.18,52.05,27.45,22.23,56993,Average,Strong,79.94%,1.02,37.35,39,56%
PFIS,"Peoples Finl Svcs Company","Banks - Northeast",71.98,+0.39%,3,Buy,"100% Buy",+45.67,+34.87%,64.89,69.71,61.49,70.49,60.38,18.63,35.92,48398,Strengthening,Maximum,80.10%,0.81,68.58,72.4,89%
PLBC,"Plumas Bancorp","Banks - West",62.72,+0.38%,3,Buy,"100% Buy",+45.60,+37.60%,57.38,61.19,55.1,61.93,57.05,21.36,28.49,45224,Strengthening,Maximum,72.63%,0.89,60.52,63.34,78%
SDRL,"Seadrill 2021 Ltd","Oil & Gas - Drilling",47.9,-1.16%,7,Buy,"56% Buy",+45.51,+42.31%,45.63,44.92,45.22,47.97,53.41,26.07,26.59,796142,Weakest,Soft,43.41%,0.98,45.71,50.22,49%
CAC,"Camden Natl Corp","Banks - Northeast",57.94,+0.31%,3,Buy,"100% Buy",+45.50,+42.43%,53.38,56.49,51.59,57.21,56.87,26.19,21.71,97748,Strengthening,Maximum,73.70%,0.69,55.72,58.7,75%
WKC,"World Kinect Corp","Oil - Refining and Marketing",35.21,-0.40%,2,Sell,"40% Buy",+45.36,+35.95%,32.73,36.38,29.92,35.64,42.87,19.71,38.43,960498,Weakest,Good,33.36%,1.52,34.89,36.38,21%
TMP,Tompkinstrustco,"Banks - Northeast",98.83,+0.54%,2,Buy,"100% Buy",+44.89,+40.38%,92.13,97.19,87.99,98.16,53.58,24.14,24.43,76405,Strengthening,Strong,56.31%,0.77,95.54,100.78,63%
NKSH,"Natl Bankshares Inc","Banks - Southeast",42.84,+0.85%,3,Buy,"100% Buy",+44.80,+43.23%,37.78,39.73,37.62,41.6,63.27,26.99,15.92,32412,Strongest,Strong,94.51%,1.24,40.02,43.18,89%
WSBF,"Waterstone Financial","Finance - Savings & Loan",21.37,+0.05%,6,Buy,"100% Buy",+44.79,+44.69%,19.67,20.59,19.13,21.15,59.53,28.45,17.27,63362,Strengthening,Maximum,72.68%,2.43,20.83,21.48,83%
CFBK,"Central Fed Corp","Banks - Northeast",35.18,-0.76%,2,Buy,"100% Buy",+44.49,+40.30%,31.75,34.38,31.04,35.09,53.5,24.06,29.15,55220,Weakening,Strong,68.24%,0.63,34.05,36.13,54%
NE,"Noble Corp Plc","Oil & Gas - Drilling",45.28,-1.01%,6,Buy,"40% Buy",+44.40,+48.31%,45.24,43.13,45.69,45.96,50.99,32.07,48.49,1704014,Weakest,Weak,27.13%,0.93,44.52,47.41,26%
ATLC,"Atlanticus Holdings Corp","Finance - Misc Services",94.46,+1.18%,4,Sell,"40% Buy",+44.27,+39.01%,92.16,98.11,80.25,94.64,48.14,22.77,29.24,105017,Weakening,Average,58.12%,0.31,88.25,101.04,49%
PALI,"Palisade Bio Inc","Medical - Biomedical",2.06,+2.49%,3,Buy,"88% Buy",+44.17,+253.95%,1.99,2.03,1.95,2.07,50.61,237.71,-24.19,3806623,Strengthening,Weak,39.06%,1.08,1.93,2.2,48%
OSBC,"Old Second Bancorp","Banks - Midwest",25.58,+0.20%,3,Buy,"100% Buy",+44.06,+39.10%,23.11,24.76,22.18,25.41,57.15,22.86,19.33,381344,Strongest,Maximum,62.41%,0.91,24.9,25.93,66%
ALAB,"Astera Labs Inc","Internet - Software",291.22,+2.35%,2,Sell,"8% Buy",+43.85,+25.04%,309.15,318.52,250.04,293.16,47.43,8.8,63.2,5302542,Weakest,Weak,50.08%,0.55,267.31,319,46%
BZH,"Beazer Homes USA","Building - Residential & Comm",33.25,0.00%,2,Buy,"100% Buy",+43.21,+27.49%,28.5,32.64,26.55,33.19,59.79,11.25,52.19,560690,Average,Strong,70.04%,1.63,33.09,33.29,81%
PARK,"Park Dental Partners Inc","Medical Services",20.59,-3.29%,2,Buy,N/A,+43.04,N/A,19.41,20.41,18.9,21.12,48.91,N/A,27.65,N/A,N/A,N/A,54.06%,0.59,19.62,22.63,32%
RBKB,"Rhinebeck Bancorp Inc","Banks - Northeast",12.82,-1.91%,7,Buy,"100% Buy",+42.50,+36.18%,12.07,12.47,11.71,12.75,54.18,19.94,37.47,52149,Weakening,Good,53.88%,0.35,12.47,13.02,63%
CBK,"Commercial Bancgroup Inc","Banks - Southeast",33.87,-0.09%,2,Buy,"72% Buy",+42.42,N/A,31.88,34.02,30.04,34.15,47.65,N/A,26.06,65393,Weakest,Strong,32.57%,0.33,33.21,35.1,35%
CBC,"Central Bancompany Inc Cl A","Banks - Northeast",32.41,+0.90%,2,Sell,"88% Buy",+42.31,N/A,30.05,32.22,28.15,32.3,51.45,N/A,22.52,583059,Average,Strong,55.28%,1.9,31.56,33.04,58%
EPC,"Edgewell Personal Care","Consumer Prdts - Misc Staple",26.93,+0.19%,2,Sell,"56% Buy",+42.30,+22.30%,24.61,27.95,23.51,28.23,41.43,6.06,46.1,755880,Weakest,Good,18.60%,0.7,26.93,29.52,0%
AVBP,"Arrivent Biopharma Inc","Medical - Biomedical",29,+1.05%,2,Sell,"8% Buy",+42.16,+52.47%,30.59,30.93,28.44,29.96,42.03,36.23,32.29,503869,Weakening,Weak,29.97%,2.38,28.24,31.69,22%
WBI,"Waterbridge Infrastructure Llc Cl A","Real Estate Operations",32.29,-1.31%,6,Sell,"56% Buy",+42.09,N/A,31.52,33.02,29.51,32.12,49.18,N/A,49.52,844034,Weakest,Average,70.24%,0.88,31.19,33.05,59%
NSP,"Insperity Inc",Staffing,49.69,-0.26%,4,Hold,"64% Buy",+41.88,-8.19%,42.34,50.39,36.73,51.6,45.35,-24.43,16.48,904846,Weakening,Good,26.19%,0.58,49.34,53.86,8%
FVCB,"Fvcbankcorp Inc","Banks - Southeast",18.47,+0.22%,3,Buy,"100% Buy",+41.79,+36.92%,17.18,18.23,16.56,18.45,52.29,20.68,20.93,111861,Strengthening,Strong,60.43%,0.7,18.04,18.85,53%
SRCE,"1st Source Corp","Banks - Midwest",87.16,+0.54%,2,Hold,"96% Buy",+41.78,+35.49%,80.62,86,76.98,86.49,54.66,19.25,27.63,126077,Strengthening,Strong,73.02%,0.72,84.79,88.19,70%
HG,"Hamilton Insurance Group Ltd Cl B","Insurance - Multi Line",34.85,-0.14%,6,Hold,"48% Buy",+41.55,+43.59%,33.32,35.15,32.26,35.14,47.55,27.35,13.06,482572,Weakest,Good,25.70%,0.74,34.33,35.95,32%
PSMT,"Pricesmart Inc","Retail - Discount",170.81,+0.77%,3,Sell,"8% Buy",+41.46,+44.63%,175.93,181.87,167.95,173.52,41.77,28.39,27.39,243760,Weakest,Weak,24.08%,0.68,167.14,179.91,29%
SNDR,"Schneider National Inc","Transportation - Services",34.15,+0.68%,3,Sell,"8% Buy",+41.45,+39.10%,34.81,35.75,32.23,34.78,44.53,22.86,16.87,967851,Weakest,Weak,31.58%,0.77,33.23,36.33,30%
DDI,"Doubledown Interactive ADR",Gaming,12.68,-1.32%,5,Buy,"88% Buy",+41.43,+36.20%,11.68,12.08,10.71,12.77,54.63,19.96,35.08,100931,Weakening,Strong,22.06%,3.76,12.55,12.98,30%
SNDA,"Sonida Senior Living Inc","Medical Services",39.52,-0.65%,5,Hold,"64% Buy",+41.01,+51.71%,38.25,39.93,36.9,39.05,52.15,35.47,9.34,439931,Weakening,Average,56.85%,0.86,36.96,41.14,61%
CTBI,"Community TR Bancp","Banks - Southeast",77.67,+0.39%,3,Buy,"100% Buy",+40.77,+35.91%,71.82,76.28,68.52,76.96,55.96,19.67,25.62,93110,Strengthening,Strong,66.77%,0.76,75.26,78.66,71%
TEO,"Telecom Argentina Stet France Telecom ADR","Wireline Non-US",13.25,-2.14%,4,Sell,"56% Buy",+40.69,+78.57%,13.11,13.41,12.59,13.22,49,62.33,2.28,340947,Average,Weak,45.93%,3.27,12.87,13.57,54%
CPAY,"Corpay Inc","Financial Transaction Services",408.22,-0.06%,3,Buy,"88% Buy",+40.27,+30.17%,363.88,390.18,348.86,410.22,53.66,13.93,23.8,600310,Average,Maximum,23.41%,0.81,400.47,419.97,40%
XENE,"Xenon Pharmaceuticals Inc","Medical - Biomedical",58.65,-0.26%,2,Sell,"24% Buy",+40.23,+57.58%,59.21,63.45,56.59,60.7,38.41,41.34,19.01,1161544,Weakest,Soft,10.72%,0.53,57.83,63.56,14%
SHBI,"Shore Bancshares Inc","Banks - Northeast",23.44,+0.17%,1,Sell,"72% Buy",+40.22,+36.28%,22.03,23.41,20.98,23.27,52.14,20.04,20.73,217679,Average,Strong,76.57%,0.72,22.71,23.83,65%
INTG,"Intergroup Corp","Real Estate Developers",37.74,-2.47%,5,Buy,"40% Buy",+39.88,+97.59%,37.11,35.57,36.02,35.22,60.72,81.35,21.08,50585,Weakening,Weak,87.77%,0.5,31.65,38.79,85%
TRV,"The Travelers Companies","Insurance - Proprty & Casualty",375.2,+2.08%,1,Hold,"96% Buy",+39.85,+34.27%,335.55,366.17,323.66,367.93,57.71,18.03,17.5,1645484,Strongest,Strong,60.97%,0.91,361.11,374.75,103%
PDLB,"Ponce Financial Group Inc","Finance - Misc Services",20.54,+0.54%,4,Buy,"100% Buy",+39.81,+37.58%,19.4,20.26,18.52,20.39,54.05,21.34,13.78,75378,Strengthening,Strong,62.93%,1.34,19.96,20.83,67%
BAP,"Credicorp Ltd","Banks - Foreign",377.9,-0.41%,3,Sell,"56% Buy",+39.70,+41.75%,363.47,384.38,355.38,376.68,49.2,25.51,19.82,420368,Weakening,Soft,60.46%,0.84,365.09,388.28,55%
AGIO,"Agios Pharmaceuticals","Medical - Biomedical",33.6,-0.12%,4,Sell,"40% Buy",+39.54,-7.95%,32.48,35.35,31.64,33.76,48.29,-24.19,11.59,1128587,Weakest,Soft,54.90%,0.71,32.61,34.91,43%
GM,"General Motors Company","Auto - Domestic",85.62,-0.58%,1,Hold,"80% Buy",+39.50,+45.84%,81.48,83.98,80.07,85.93,49.91,29.6,-6.56,7764744,Average,Average,36.99%,1.18,83.66,88.2,43%
PEBK,"Peoples Bancorp NC","Banks - Southeast",44.34,+1.09%,3,Buy,"100% Buy",+39.30,+39.39%,42.5,43.35,41.38,43.92,55.27,23.15,10.64,28323,Strengthening,Good,45.88%,0.64,42.85,44.99,70%
WASH,"Washington TR Bncorp","Banks - Northeast",39.99,+0.35%,4,Buy,"100% Buy",+38.90,+34.10%,35.81,38.58,35.3,39.66,56.38,17.86,23.48,161835,Strongest,Strong,61.03%,0.77,38.84,40.49,70%
DAN,"Dana Inc","Auto - Truck Original Parts",31.08,+1.34%,5,Buy,"8% Buy",+38.72,+46.26%,31.17,28.72,32.04,30.68,55.99,30.02,18.96,1532927,Weakest,Minimum,51.65%,0.78,29.38,31.98,65%
SFST,"Southern First Bancs","Banks - Southeast",63.12,-0.47%,2,Sell,"88% Buy",+38.60,+39.15%,60.12,62.39,58.75,62.77,52.89,22.91,10.67,103211,Average,Average,66.23%,0.73,60.98,64.57,60%
RBB,"Rbb Bancorp","Banks - West",26.55,-0.49%,3,Hold,"48% Buy",+38.59,+35.32%,25.6,26.72,24.31,26.59,49.67,19.08,16.78,108546,Weakest,Good,61.37%,0.46,25.75,27.44,47%
AVBC,"Avidia Bancorp Inc","Banks - Northeast",21.77,+0.09%,6,Buy,"88% Buy",+38.45,+38.75%,20.68,21.48,20.25,21.99,49.26,22.51,17.66,98637,Average,Strong,19.70%,1.26,21.63,22.36,19%
SCL,"Stepan Company","Chemical - Diversified",61.57,-0.15%,2,Sell,"72% Buy",+38.36,+24.36%,56.84,61.34,55.46,62.81,45.39,8.12,18.15,158710,Average,Good,27.93%,1.39,60.79,64.82,19%
BPRN,"Princeton Bancorp Inc","Banks - Northeast",43.35,-0.55%,5,Buy,"100% Buy",+38.35,+32.25%,38.56,41.18,37.24,42.78,60.9,16.01,13.11,15366,Strengthening,Maximum,75.05%,0.98,41.72,43.84,77%
XPRO,"Expro Group Holdings N.V.","Oil - Production & Pipeline",17.58,+0.06%,5,Buy,"88% Buy",+38.32,+40.42%,16.38,16.87,16.56,18.07,49.33,24.18,19.84,1098538,Weakening,Average,40.28%,0.53,17.26,18.89,20%
LIVN,"Livanova Plc OR Sh","Medical Instruments",78.18,0.00%,4,Hold,"48% Buy",+38.24,+36.34%,76.47,80.38,72.59,80.04,43.7,20.1,15.21,730917,Weakest,Average,19.01%,0.88,77.38,82.7,15%
TECH,"Bio-Techne Corp","Medical - Biomedical",72.12,+0.06%,3,Buy,"88% Buy",+38.21,+35.54%,62.84,71.95,60.55,72.32,55.94,19.3,10.78,3127667,Weakening,Strong,23.88%,0.82,72.11,72.54,3%
FUSB,"First US Bancshares Inc","Banks - Southeast",16.99,+3.22%,3,Hold,"80% Buy",+38.19,+45.09%,16.33,16.54,15.98,16.5,61.56,28.85,9.77,9724,Average,Average,81.65%,0.43,16.19,16.81,129%
CZFS,"Citizens Fincl Svcs","Banks - Northeast",82.21,-1.09%,5,Buy,"100% Buy",+38.08,+28.39%,72.13,78.18,68.97,81.73,55.68,12.15,32.33,14668,Average,Maximum,64.33%,1.13,79.47,83.99,61%
USCB,"Uscb Financial Hldgs Inc","Banks - Southeast",23.16,+0.74%,4,Buy,"100% Buy",+37.93,+32.87%,20.37,21.83,19.94,22.64,62.33,16.63,13.88,54322,Strongest,Maximum,58.45%,1.76,21.93,23.35,86%
LITB,"Lightinthebox Holding Ltd ADR","Internet Services - Delivery",3.15,+1.61%,2,Sell,"72% Buy",+37.89,+68.45%,2.97,3.11,2.81,3.07,52.54,52.21,28.78,10875,Average,Average,57.64%,1.1,2.89,3.26,71%
ITRN,"Ituran Location","Protection - Safety",52.67,+1.78%,1,Sell,"40% Sell",+37.84,+49.84%,57.42,53.78,54.95,51.55,51.38,33.6,10.61,129077,Weakening,Weak,69.71%,0.38,50.04,53.06,87%
NGNE,"Neurogene Inc","Medical - Biomedical",35.48,-1.77%,5,Sell,"56% Buy",+37.66,+76.69%,32.87,36.77,28.81,37.71,44.09,60.45,60.38,189307,Weakest,Good,18.27%,0.79,34.95,40.46,10%
ASH,"Ashland Inc","Chemical - Specialty",70.91,+0.30%,3,Hold,"64% Buy",+37.38,+29.66%,64.9,71.02,62.23,73.25,42.96,13.42,9.01,822230,Weakening,Strong,18.74%,1.08,70.93,75.56,0%
WAT,"Waters Corp","Medical Instruments",408.34,+1.67%,4,Buy,"88% Buy",+37.29,+35.01%,370.98,394.13,351.78,410.05,52.88,18.77,-4.34,922823,Strengthening,Strong,33.84%,0.64,399.64,420.46,42%
GFR,"Greenfire Resources Ltd","Other Alt Energy",6.52,+4.32%,1,Buy,"100% Buy",+37.26,+37.26%,6.07,6.24,6.1,6.3,56.26,21.02,25.12,300390,Strongest,Average,69.31%,3.4,5.92,6.69,78%
ANTX,"An2 Therapeutics Inc","Medical - Biomedical",5.41,-4.92%,1,Hold,"80% Buy",+37.16,+325.98%,4.97,5.37,4.25,5.75,43.73,309.74,362.71,586650,Weakest,Good,26.25%,0.48,5.39,6.11,2%
FNRN,"First Northern Community Bancorp","Banks - West",17.26,-0.06%,3,Sell,"16% Buy",+37.13,+42.29%,17.52,17.7,16.57,17.26,47.61,26.05,17.34,78682,Weakest,Weak,50.51%,0.78,16.71,17.81,50%
WELL,"Welltower Inc","REIT - Equity Trust Other",235.62,-0.04%,7,Sell,"56% Buy",+37.03,+39.86%,225.39,237.75,218.7,237.8,47.4,23.62,15.09,3228212,Weakest,Good,23.35%,0.74,233.47,242.13,25%
MSM,"Msc Industrial Direct Company","Industrial Services",120.51,+0.69%,4,Sell,"56% Buy",+36.92,+30.56%,115.9,122.11,108.06,120.13,50.28,14.32,31.44,691798,Weakening,Average,57.85%,0.92,115.93,124.32,55%
HTLD,"Heartland Express","Transportation - Truck",12.34,+1.23%,3,Sell,"24% Sell",+36.74,+42.33%,13.75,13.26,12.74,12.41,45.61,26.09,24.81,591919,Weakest,Weak,40.92%,0.78,11.92,12.91,42%
SNOW,"Snowflake Cl A","Internet - Software",328.99,-0.22%,2,Buy,"100% Buy",+36.71,+46.52%,249.87,303.51,221.19,327.61,53.72,30.28,38.13,6640391,Average,Maximum,32.44%,0.88,307.95,347.26,54%
BY,"Byline Bancorp Inc","Banks - Northeast",38.67,+0.76%,3,Sell,"88% Buy",+36.61,+33.39%,36.13,38.37,34.75,38.41,53.73,17.15,20.81,240792,Average,Strong,57.72%,0.74,37.59,39.24,66%
ELV,"Elevance Health Inc","Medical Services",418.72,+0.52%,7,Buy,"100% Buy",+36.57,+32.97%,392.13,397.25,364.49,401.97,61.2,16.73,7.6,1640993,Strongest,Strong,61.63%,1.12,387.18,416.77,107%
RAMP,"Liveramp Holdings Inc","Technology Services",37.6,-0.40%,3,Sell,"40% Buy",+36.37,+39.10%,36.14,37.75,33,37.7,44.15,22.86,16.17,1032325,Weakest,Average,46.72%,1.56,37.52,37.89,22%
MS,"Morgan Stanley","Finance - Investment Brokers",214.38,+0.81%,2,Sell,"40% Buy",+36.32,+37.00%,209.61,215.87,196.25,214.66,49.37,20.76,8.91,6066020,Weakest,Average,55.96%,0.81,209.54,219.79,47%
PROF,"Profound Medical Corp","Medical - Drugs",5.97,+0.17%,5,Sell,"40% Sell",+36.20,+50.76%,6.92,7.05,6.73,6.74,30.06,34.52,-35.99,151525,Strengthening,Soft,19.80%,3.02,6.16,7.33,-16%
PRSU,"Pursuit Attractions and Hospitality Inc","Leisure & Recreation Services",48.55,+0.89%,7,Sell,"56% Buy",+35.88,+29.43%,47.8,50.21,44.36,48.4,49.11,13.19,32.3,241598,Average,Average,34.11%,0.95,47.04,49.76,56%
RBCAA,"Republic Bancorp Inc","Banks - Southeast",96.27,-1.00%,1,Buy,"100% Buy",+35.82,+24.91%,87.87,94.77,82.23,95.43,52.98,8.67,27.69,75556,Weakening,Strong,72.86%,0.79,92.87,97.98,67%
CMPR,"Cimpress N.V. Ord","Consumer Services - Misc",84.77,+0.83%,2,Sell,"8% Sell",+35.73,+38.58%,93.34,94.54,86.8,88.31,36.32,22.34,15.45,172433,Weakening,Minimum,11.17%,0.8,83.46,93.17,13%
CCNE,"Cnb Financial Corp","Banks - Northeast",34.48,+0.03%,5,Hold,"80% Buy",+35.60,+32.36%,32.83,34.34,31.56,34.2,52.75,16.12,19.9,154762,Weakening,Strong,63.36%,0.65,33.35,35.05,66%
LXP,"Lxp Industrial Trust","REIT - Equity Trust Resident",60.84,+0.03%,7,Buy,"100% Buy",+35.59,+31.55%,55.92,59.7,53.43,60.81,61.91,15.31,10.86,618432,Average,Strong,30.53%,0.99,60.52,61.11,55%
FRAF,"Franklin Finl Svcs Corp","Banks - Northeast",63.54,+0.41%,3,Hold,"80% Buy",+35.54,+33.46%,60.64,62.78,57.63,62.69,55.35,17.22,14.72,41016,Average,Good,68.98%,0.99,61.01,64.36,76%
KNTK,"Kinetik Holdings Inc","Oil - Field Services",54.75,+1.01%,7,Buy,"100% Buy",+35.23,+26.59%,49.88,51.68,48.43,54.4,58.64,10.35,40.02,1146921,Strongest,Strong,36.52%,1.08,53.38,55.42,67%
DCOM,"Dime Commercial Bancshares Inc","Banks - Southeast",40.71,+0.49%,2,Buy,"100% Buy",+35.20,+31.41%,39.02,40.41,37.34,40.5,52.43,15.17,23.44,298130,Average,Strong,55.66%,1.11,39.75,41.24,64%
PRM,"Perimeter Solutions Inc","Chemical - Specialty",31.56,+3.34%,1,Sell,"24% Buy",+35.14,+42.16%,32.83,33.04,30.1,31.4,47.93,25.92,2.79,1251682,Weakest,Weak,49.91%,0.83,29.7,33.1,55%
BKD,"Brookdale Senior Living Inc","Medical - Nursing Homes",12.14,-0.49%,2,Sell,"48% Sell",+35.12,+62.95%,13.57,13.57,13.92,12.05,41.62,46.71,0.66,4440685,Average,Weak,55.27%,1.11,11.62,12.48,60%
HPK,"Highpeak Energy Inc","Oil - US Exploration & Product",8.47,-1.28%,4,Buy,"100% Buy",+35.00,+16.83%,7.31,7.56,6.84,8.1,60.06,0.59,66.84,793580,Strongest,Strong,76.47%,0.73,7.6,8.6,87%
AGL,"Agilon Health Inc","Medical Services",89.77,-3.06%,5,Sell,"40% Buy",+34.97,+232.48%,89.17,100.28,64.32,92.48,45.01,216.24,409.54,337221,Weakest,Average,55.52%,0.59,85.73,99.22,30%
SLAB,"Silicon Labs Inc","Semi Analog & Mixed",220.33,+0.54%,5,Buy,"100% Buy",+34.88,+62.58%,218.07,218.43,214.25,219.17,60.01,46.34,56.73,481505,Strengthening,Average,49.08%,0.44,217.53,220.82,85%
KINS,"Kingstone Cos Inc","Insurance - Proprty & Casualty",19.22,-0.16%,3,Sell,"40% Buy",+34.83,+37.58%,18.03,19.86,17.25,19.78,42.75,21.34,2.35,125659,Weakest,Good,12.81%,0.99,19.22,20.34,0%
BSRR,"Sierra Bancorp","Banks - West",40.73,-0.34%,3,Hold,"80% Buy",+34.79,+33.10%,39.52,40.71,38.07,40.2,54,16.86,12.78,59973,Weakening,Average,73.90%,0.92,39.06,41.33,74%
AIZ,"Assurant Inc","Insurance - Multi Line",282.46,+0.53%,2,Buy,"88% Buy",+34.67,+32.42%,265.73,281.66,251.1,283.27,49.93,16.18,5.43,382117,Strengthening,Strong,34.47%,0.78,277.65,288.9,43%
FNLC,"First Bancorp Inc","Banks - Northeast",34.95,-0.26%,2,Sell,"88% Buy",+34.67,+27.98%,32.36,34.75,31.03,34.82,52.2,11.74,20.34,24378,Weakening,Strong,70.90%,0.79,33.99,35.65,58%
FBLA,"Fb Bancorp Inc","Banks - Southeast",15.98,-0.06%,6,Buy,"100% Buy",+34.52,+31.74%,14.9,15.55,14.43,15.78,60.59,15.5,12.51,112939,Average,Maximum,85.91%,1.06,15.49,16.06,85%
ECBK,"ECB Bancorp Inc","Banks - Northeast",21.21,+1.87%,6,Buy,"100% Buy",+34.36,+30.68%,19.58,20.48,18.85,20.77,57.78,14.44,10.12,11269,Strengthening,Maximum,42.89%,3.51,20.26,21.28,93%
SAIC,"Science Applications International","IT Services",129.9,+0.89%,6,Buy,"100% Buy",+34.12,+22.12%,112.01,121.56,105.89,127.22,61.86,5.88,17.2,591836,Strongest,Maximum,27.99%,0.6,124.71,129.73,103%
EGBN,"Eagle Bancorp Inc","Banks - Northeast",27.6,-0.47%,2,Sell,"56% Buy",+33.98,+34.37%,27.26,27.68,26.75,27.81,48.13,18.13,17,325807,Weakest,Weak,51.93%,0.74,26.91,28.72,38%
MBWM,"Mercantile Bank Corp","Banks - Midwest",61.74,+0.72%,4,Buy,"100% Buy",+33.86,+27.72%,56.26,59.67,54.82,60.54,58.16,11.48,16.51,114804,Strengthening,Maximum,68.03%,0.94,58.87,62.22,86%
POWW,"Outdoor Holding Company","Aerospace - Defense Equipment",2.13,+0.47%,1,Hold,"32% Buy",+33.75,+33.13%,2.15,2.24,2.11,2.19,44.42,16.89,12.71,595456,Weakest,Weak,20.32%,0.61,2.1,2.29,18%
OKE,"Oneok Inc","Oil Gas Prod Pipeline MLP",96.62,+0.94%,6,Buy,"100% Buy",+33.69,+31.81%,90.46,92.39,89.14,95.25,58.95,15.57,19.61,4235871,Strongest,Strong,56.47%,0.8,92.59,97.91,76%
FMBH,"First Mid Ill Bncshr","Banks - Northeast",51.02,+0.33%,2,Buy,"100% Buy",+33.67,+27.17%,47.46,50.44,45.59,50.67,54.09,10.93,18.97,120343,Strengthening,Strong,71.56%,0.63,49.42,51.92,64%
ISTR,"Investar Holding","Banks - Southeast",30.87,+0.65%,2,Buy,"100% Buy",+33.38,+34.39%,29.37,30.07,28.96,30.45,57.26,18.15,3.68,134770,Strengthening,Average,67.99%,1.04,29.71,31.19,79%
LXFR,"Luxfer Holdings Plc","Machinery - General Industrial",17.3,+0.12%,12,Buy,"100% Buy",+33.27,+25.45%,16.73,17.07,15.54,17.18,59.69,9.21,16.01,211319,Strengthening,Good,66.67%,1.58,17.05,17.31,98%
FCAP,"First Capital Inc","Finance - Savings & Loan",62.65,-1.03%,1,Buy,"56% Buy",+33.12,+42.87%,61.01,62.91,57.69,62.89,47.78,26.63,-6.02,10026,Weakest,Soft,61.15%,0.7,60.92,64.85,44%
CZNC,"Citizens Nrthn Corp","Banks - Northeast",25.97,+0.15%,2,Buy,"100% Buy",+33.08,+28.44%,23.33,24.85,23.15,25.76,59.91,12.2,16.91,56703,Strongest,Maximum,70.40%,0.81,25.28,26.24,72%
FXNC,"First Natl Corp Strasburg VA","Banks - Northeast",31.06,+0.49%,2,Buy,"96% Buy",+33.05,+32.23%,29.53,30.68,28.78,31.06,51.19,15.99,11.21,56991,Strengthening,Strong,36.65%,0.93,30.2,31.93,50%
VTVT,"Vtv Theraptcs Cl A","Medical - Biomedical",31.97,+0.35%,5,Sell,"100% Sell",+33.05,+59.37%,33.24,32.73,34.38,32.64,45.03,43.13,-31.91,50075,Strongest,Weak,30.48%,0.18,30.72,34.56,33%
LILA,"Liberty Latin America Cl A","Wireless National",8.81,+1.26%,1,Buy,"88% Buy",+33.03,+15.47%,7.89,8.15,7.95,8.56,59.41,-0.77,7.37,466112,Strongest,Average,83.50%,0.61,8.23,8.88,89%
ASTH,"Astrana Health Inc","Medical - Outpatient & Hm Care",37.98,-0.13%,4,Sell,"8% Buy",+32.93,+25.02%,39.23,40.19,34.15,38.58,46.99,8.78,41.23,526378,Weakest,Weak,43.57%,0.4,37.07,40.1,30%
ABX,"Abacus Global Management Inc","Finance - Misc Services",9.51,-0.21%,7,Sell,"8% Buy",+32.81,+47.44%,9.73,10.11,9.44,9.52,46.93,31.2,-0.62,606959,Weakest,Minimum,52.90%,0.52,9,10.03,49%
GSBC,"Great Southern Bncp","Finance - Savings & Loan",80.16,+0.30%,2,Sell,"72% Buy",+32.64,+26.00%,75.51,79.31,71.54,79.3,55.32,9.76,18.36,84399,Average,Strong,68.11%,0.96,77.56,81.04,75%
BCH,"Banco DE Chile ADR","Banks - Foreign",41.72,-0.33%,4,Buy,"72% Buy",+32.57,+34.71%,39.55,41.2,39.69,41.83,50.51,18.47,-2.06,345113,Average,Soft,45.95%,1.19,40.55,43.12,46%
TSBK,"Timberland Bancorp","Finance - Savings & Loan",46.47,-0.17%,5,Buy,"100% Buy",+32.37,+28.58%,43.26,45.09,41.98,46.14,56.73,12.34,17.95,30105,Weakening,Maximum,67.67%,0.67,45.34,46.93,71%
MVBF,"Mvb Financial Corp","Banks - Northeast",31.33,+0.03%,4,Buy,"100% Buy",+32.32,+29.62%,28.39,29.99,27.7,30.57,61.69,13.38,9.44,49881,Strongest,Strong,82.34%,0.54,29.76,31.39,96%
CENX,"Century Aluminum C","Metal Production & Fabrication",44.05,-0.70%,1,Hold,"80% Sell",+32.15,+79.65%,52.17,45.69,53.32,45.64,42.18,63.41,0.58,2091189,Strengthening,Average,34.78%,0.64,42.55,48.74,24%
MYFW,"First Western Financial Inc","Banks - Midwest",30.99,-0.03%,6,Sell,"40% Buy",+32.05,+31.87%,30.47,31.8,28.73,31.09,47.37,15.63,3.74,41137,Weakest,Average,29.67%,1.13,30.31,31.88,43%
HIMX,"Himax Technologies ADR","Electronics - Semiconductors",14.73,+6.89%,2,Buy,"56% Buy",+32.00,+76.83%,15.44,13.81,13.13,13.97,58.03,60.59,68,2590815,Weakening,Weak,66.12%,0.98,12.88,15.06,85%
PCB,"Pcb Bancorp","Banks - Southwest",27.88,+0.04%,5,Sell,"56% Buy",+31.96,+27.83%,26.74,28.27,25.42,27.79,50.45,11.59,16.93,29387,Weakening,Average,52.59%,0.75,27.11,28.47,57%
BSAC,"Banco Santander Chile ADR","Banks - Foreign",35.19,-0.23%,5,Buy,"88% Buy",+31.95,+33.09%,33.11,34.52,33.34,35.2,51.88,16.85,1.26,366019,Average,Average,41.66%,0.58,34.19,36.21,50%
NWFL,"Norwood Financial Corp","Banks - Northeast",34.52,+0.29%,4,Buy,"100% Buy",+31.86,+28.66%,31.89,33.27,31.26,34.19,58.87,12.42,11.22,31491,Strongest,Maximum,54.34%,1.04,33.52,34.86,75%
CACC,"Credit Acceptance","Finance - Consumer Loans",604.24,-0.20%,9,Sell,"72% Buy",+31.82,+15.09%,575.99,598.4,542.32,595.28,54.95,-1.15,24.41,162236,Average,Average,48.92%,0.48,574.76,615.81,72%
LARK,"Landmark Bancorp Inc","Finance - Savings & Loan",32.5,+0.06%,3,Buy,"100% Buy",+31.71,+28.31%,30,31.58,28.8,32.08,61.37,12.07,12.24,9120,Average,Maximum,83.33%,0.86,31.51,32.65,87%
BOF,"Branchout Food Inc","Food - Misc & Diversified",3.89,+0.26%,2,Sell,"24% Buy",+31.64,+63.45%,3.91,4.08,3.87,3.94,45.98,47.21,10.48,69416,Weakest,Weak,40.35%,0.41,3.77,4.12,35%
RES,"RPC Inc","Oil - Field Services",6.45,-0.15%,8,Buy,"8% Buy",+31.58,+38.71%,6.51,6.03,6.49,6.41,55.84,22.47,6.72,1971035,Weakest,Minimum,69.30%,1.18,6.15,6.68,57%
ACT,"Enact Holdings Inc","Insurance - Multi Line",49.43,-0.14%,4,Buy,"100% Buy",+31.52,+26.00%,45.43,47.86,44.18,49.31,57.69,9.76,12.85,320198,Average,Maximum,66.17%,0.93,48.39,50.24,56%
PAG,"Penske Automotive Group","Retail - Wsale Auto & Trucks",215.91,-0.32%,6,Hold,"80% Buy",+31.42,+16.45%,190.86,211.09,179.14,217.69,50.71,0.21,24.55,312857,Weakening,Strong,27.68%,1.05,215.27,220.12,13%
BOW,"Bowhead Specialty Holdings Inc","Insurance - Proprty & Casualty",33.67,+0.15%,4,Buy,"100% Buy",+31.33,+16.51%,29.6,32.5,27.63,33.59,61.75,0.27,6.12,237615,Average,Strong,35.39%,0.67,33.44,33.74,75%
LILAK,"Liberty Latin America Cl C","Wireless National",8.73,+0.58%,6,Buy,"88% Buy",+31.17,+12.65%,7.9,8.08,7.99,8.49,59.92,-3.59,5.17,1101880,Strongest,Average,87.58%,0.77,8.19,8.79,90%
ACTG,"Acacia Res-Acacia","Business Services",4.57,0.00%,3,Sell,Hold,+31.08,+40.18%,4.65,4.55,4.63,4.54,51.22,23.94,10.34,255480,Bearish,,65.50%,0.8,4.42,4.67,61%
SEZL,"Sezzle Inc","Financial Transaction Services",118.87,+0.39%,3,Sell,"8% Buy",+30.94,+35.57%,130.98,145.79,110.01,120.61,41.63,19.33,75.42,744705,Weakest,Weak,29.40%,0.38,113.76,127.46,37%
THG,"The Hanover Insurance Group","Insurance - Proprty & Casualty",225.84,+1.25%,7,Buy,"100% Buy",+30.90,+24.02%,207.73,222.52,196.85,225.53,52.12,7.78,11.72,311319,Strengthening,Strong,31.22%,1.13,219.92,231.13,53%
BHB,"Bar Harbor Bankshares","Banks - Northeast",40.56,+0.40%,3,Buy,"100% Buy",+30.88,+23.51%,37.34,39.23,35.98,39.82,60.03,7.27,18.78,107337,Strengthening,Maximum,76.33%,0.6,38.77,40.87,85%
SMBC,"Southern MO Bancorp","Finance - Savings & Loan",73.26,+0.04%,2,Sell,"40% Buy",+30.72,+29.48%,72.88,75.79,69.91,74.1,40.93,13.24,12.07,81956,Weakest,Average,30.54%,0.87,71.96,76.24,30%
WES,"Western Midstream Partners LP","Oil Refining & Marketing MLP",49.03,+1.74%,4,Hold,"96% Buy",+30.55,+27.78%,45.49,47.34,44.15,48.76,55.77,11.54,12.28,1230760,Strengthening,Maximum,53.65%,0.83,47.69,49.83,63%
SIRI,"Siriusxm Holdings Inc","Broadcast - Radio & TV",29.15,+0.95%,5,Sell,"56% Buy",+30.49,+22.43%,28.65,29.66,26.61,28.72,51.43,6.19,33.94,4688668,Average,Average,50.95%,0.79,27.77,29.66,73%
CIVB,"Civista Bncshrs","Banks - Midwest",27.44,+0.33%,2,Sell,"40% Buy",+30.26,+30.29%,26.98,28.1,25.76,27.55,45.55,14.05,11.64,112037,Weakening,Average,60.37%,0.81,26.76,28.35,43%
GS,"Goldman Sachs Group","Finance - Investment Brokers",1029.1801,+0.92%,3,Sell,"40% Buy",+30.02,+31.15%,1020.56,1044.57,970.6,1031.41,48.74,14.91,5.24,2169856,Weakest,Soft,43.49%,0.62,1001.81,1061.02,46%
AFRI,"Forafric Global Plc","Agriculture Operations",11.07,-1.25%,4,Buy,"100% Buy",+29.84,+31.47%,10.36,10.7,10.15,10.91,53.95,15.23,-11.49,17054,Strongest,Average,38.30%,2.67,10.45,11.38,67%
MOH,"Molina Healthcare Inc","Medical - HMO",204.23,+1.97%,3,Sell,"56% Buy",+29.82,+8.38%,199.93,208.29,180.86,201,53.18,-7.86,5.83,1399416,Average,Soft,57.11%,0.5,193.64,208.35,72%
OIS,"Oil States International","Oil Field Machinery & Equip",8.69,+1.16%,3,Buy,"56% Sell",+29.82,+51.13%,8.76,8.49,9.69,8.73,51.19,34.89,16.51,855312,Weakening,Weak,60.40%,0.68,8.29,9.16,46%
STBA,"S&T Bancorp Inc","Banks - Northeast",49.99,-0.28%,2,Sell,"40% Buy",+29.82,+26.88%,48,50.46,46.15,50.12,47.59,10.64,15.19,243463,Weakest,Good,54.65%,0.97,49.17,51.06,43%
CQP,"Cheniere Energy Partners LP","Other Alt Energy",67.74,-1.54%,7,Buy,"88% Buy",+29.79,+27.16%,64.47,66.29,63.88,68.77,49.11,10.92,14.81,115582,Weakening,Good,40.58%,0.66,66.89,70.66,23%
GOOGL,"Alphabet Cl A","Internet - Services",338.5,+1.77%,4,Sell,"24% Sell",+29.71,+40.82%,358.8,347.18,341.86,341.06,46.79,24.58,-3.7,31798045,Weakest,Minimum,25.69%,0.92,331.65,350.46,36%
HSIC,"Henry Schein Inc","Medical - Dental Suppliers",88.36,+1.21%,3,Hold,"80% Buy",+29.67,+27.05%,82.23,87.74,80.5,89.3,48.81,10.81,5.06,1314151,Average,Strong,13.12%,0.6,87.54,91.06,23%
ALL,"Allstate Corp","Insurance - Proprty & Casualty",253.71,+0.76%,3,Sell,"56% Buy",+29.55,+25.31%,238.43,257.72,228.57,257.84,45.74,9.07,10.04,1656243,Weakening,Good,16.68%,0.81,251.4,264.28,18%
UNIT,"Uniti Group Inc","Wireless National",10.07,+2.03%,6,Sell,"8% Sell",+29.50,+41.63%,10.87,10.26,10.16,10.02,49.96,25.39,31.8,2339377,Weakest,Minimum,53.19%,0.72,9.73,10.32,58%
SRBK,"Sr Bancorp Inc","Banks - Northeast",19.49,-0.76%,3,Hold,"64% Buy",+29.31,+30.54%,19.16,19.59,18.48,19.7,45.64,14.3,11.97,38241,Weakest,Good,47.64%,0.91,19.15,20.25,31%
DBX,"Dropbox Inc","Internet - Services",35.56,+1.46%,4,Hold,"96% Buy",+29.12,+15.04%,29.54,32.7,27.83,34.68,58.27,-1.2,16.06,3910547,Strongest,Maximum,54.74%,1.03,33.33,36.04,82%
IFS,"Intercorp Financial Services Inc","Finance - Misc Services",54.73,+0.11%,1,Sell,"40% Buy",+29.12,+30.40%,53.36,57.12,51.77,54.78,43.55,14.16,17.35,264491,Weakest,Average,35.64%,1.38,53.62,55.94,48%
BFST,"Business First Bancshares Inc","Banks - Northeast",31.42,-0.10%,2,Hold,"96% Buy",+28.86,+26.59%,29.78,31.25,29.1,31.37,51.38,10.35,8.35,193301,Average,Strong,58.11%,0.78,30.63,32.1,54%
BCAL,"California Bancorp","Banks - Southwest",21.81,-0.05%,3,Buy,"100% Buy",+28.83,+26.14%,20.28,21.28,19.59,21.47,57.93,9.9,4.97,212884,Strengthening,Strong,72.85%,0.91,21,21.95,85%
GASS,"Stealthgas Inc","Transportation - Ship",9.42,+1.62%,5,Buy,"56% Buy",+28.79,+29.04%,9.21,9.03,9.15,9.46,54.44,12.8,22.34,140299,Strengthening,Weak,30.29%,0.87,9.16,9.75,44%
WERN,"Werner Enterprise","Transportation - Truck",37.28,-3.39%,6,Sell,"8% Buy",+28.55,+29.90%,39.76,40.18,37.01,38.52,41.94,13.66,12.38,1103933,Weakening,Weak,40.90%,1.07,37.12,39.92,6%
GLNG,"Golar Lng Ltd","Oil - International Integrated",52.89,+0.38%,2,Buy,"88% Buy",+28.53,+30.08%,51.69,50.8,50.7,52,58.53,13.84,30.29,1511251,Strengthening,Average,69.70%,1.36,50.74,53.26,85%
AGM,"Federal Agricultural Mortgage Corp","Finance - Mortgage & Rel Svs",225.51,+0.41%,2,Hold,"96% Buy",+28.22,+14.01%,199.32,218.79,185.66,224.01,54.87,-2.23,16.59,113143,Strengthening,Strong,62.79%,0.62,215.8,232.22,59%
RSI,"Rush Street Interactive Inc",Gaming,26.43,+0.27%,9,Sell,"24% Buy",+28.12,+22.59%,27.99,28.46,25.45,26.09,47.74,6.35,24.18,2185792,Weakest,Weak,62.48%,0.87,24.97,27.21,65%
GOOG,"Alphabet Cl C","Internet - Services",335.45,+1.53%,4,Sell,"40% Sell",+28.10,+39.32%,356.45,345.18,340.02,338.04,46.13,23.08,-4.95,21043939,Weakening,Weak,25.73%,0.88,328.98,347.1,36%
SOBO,"South Bow Corp","Oil - Production & Pipeline",35.99,-1.10%,8,Sell,"40% Buy",+27.89,+30.07%,36.39,36.98,35.08,37.3,40.51,13.83,19.17,888388,Weakest,Weak,14.40%,1.41,36.2,38.4,-10%
ZD,"Ziff Davis Inc","Internet - Software",56.22,+1.68%,8,Buy,"100% Buy",+27.69,+49.24%,49.81,54.1,46.15,55.59,57.7,33,48.09,745284,Strengthening,Maximum,31.91%,0.98,54.59,56.59,81%
OFG,"OFG Bancorp","Banks - Northeast",52.66,+0.19%,4,Buy,"100% Buy",+27.49,+19.28%,49.06,51.94,46.36,52.51,53.39,3.04,16.65,312586,Strengthening,Strong,56.21%,0.97,51.37,53.64,57%
MET,"Metlife Inc","Insurance - Multi Line",97.14,+0.37%,5,Buy,"100% Buy",+27.43,+20.91%,88.77,95.16,83.61,96.17,54.4,4.67,11.21,3625721,Strongest,Strong,51.23%,0.78,93.61,98.72,69%
ET,"Energy Transfer LP","Oil Gas Prod Pipeline MLP",21.55,-0.83%,6,Buy,"100% Buy",+27.43,+23.21%,20.06,20.66,19.65,21.35,60.55,6.97,18.84,12924405,Strengthening,Maximum,81.14%,0.94,20.92,21.79,73%
ESP,"Espey Mfg. & Electronics","Electronics - Military",63.69,+1.10%,2,Buy,"88% Buy",+27.39,+27.87%,62.64,61.25,61.04,63.16,55.17,11.63,23.29,31751,Strengthening,Soft,39.08%,0.31,61.31,65.01,64%
CURB,"Curbline Properties Corp","REIT - Equity Trust Retail",29.32,-0.27%,2,Sell,"24% Buy",+27.37,+28.26%,29.58,30.23,28.65,29.72,40.82,12.02,14.47,1007683,Weakening,Weak,39.66%,0.78,29.13,30.31,16%
GCO,"Genesco Inc","Retail - Apparel & Shoes",35.12,+5.43%,2,Sell,"8% Buy",+27.36,+3.78%,35.69,35.52,33.24,34.28,51.24,-12.46,29.93,229486,Weakest,Weak,42.87%,1.27,32.56,35.99,75%
BUSE,"First Busey Corp","Banks - Midwest",30.44,+0.20%,2,Sell,"88% Buy",+27.35,+23.59%,28.82,30.27,27.8,30.41,51.18,7.35,16.1,663560,Average,Strong,50.91%,0.66,29.72,31.09,52%
NWBI,"Northwest Bancshares","Finance - Savings & Loan",15.49,0.00%,2,Sell,"72% Buy",+27.22,+21.97%,14.79,15.45,14.12,15.43,51.85,5.73,17.23,1111157,Weakening,Strong,58.14%,0.92,15.12,15.73,60%
TFSL,"Tfs Financial Corp","Finance - Savings & Loan",17.01,-0.41%,8,Sell,"40% Buy",+27.08,+26.37%,16.83,17.77,15.98,17.49,36.5,10.13,15.28,814163,Weakest,Average,8.64%,0.65,17,17.98,1%
HTO,"H2O America","Waste Removal Svcs",62.66,-0.59%,8,Hold,"64% Buy",+27.01,+25.85%,60.46,63.12,59.21,63.73,45.3,9.61,16.05,479530,Weakest,Good,39.55%,1.02,62.61,64.85,2%
NECB,"Northeast Community Bancorp","Banks - Northeast",26.8,-0.56%,2,Buy,"88% Buy",+26.73,+24.88%,25.8,26.7,25.22,26.62,52.42,8.64,6.68,43681,Weakening,Good,72.78%,0.59,26.05,27.18,66%
CMP,"Compass Minerals Intl Inc","Chemical - Diversified",24.8,-1.08%,1,Sell,"56% Sell",+26.70,+34.05%,28.38,27.46,26.83,25.15,42.02,17.81,14.42,554719,Strengthening,Weak,44.49%,0.98,24.03,26.27,34%
CTRM,"Castor Maritime Inc","Transportation - Ship",2.42,+0.41%,8,Buy,"100% Buy",+26.63,+20.40%,2.12,2.19,2.09,2.38,56.01,4.16,5.06,59299,Strengthening,Strong,51.11%,1.76,2.22,2.55,60%
MCBS,"Metrocity Bankshares Inc","Banks - Southeast",35.5,+0.37%,2,Sell,"56% Buy",+26.61,+21.12%,34.4,35.68,32.67,35.42,50.94,4.88,21.91,81818,Weakening,Good,57.62%,0.69,34.62,36.22,55%
GWW,"W.W. Grainger","Industrial Services",1280,+0.67%,6,Sell,"24% Buy",+26.51,+26.15%,1295.65,1333.72,1236.71,1306.03,42.3,9.91,15,280301,Weakest,Weak,14.46%,0.99,1272.39,1339.68,11%
JOYY,"Joyy Inc ADR","Internet - Services",77.26,+3.25%,2,Buy,"100% Buy",+26.47,+25.28%,67.9,73.14,65.5,74.41,66.46,9.04,7.45,339001,"Top 1%",Maximum,30.36%,1.08,72.67,76.16,131%
IBRX,"Immunitybio Inc","Medical - Biomedical",7.91,+2.46%,5,Buy,"72% Buy",+26.43,+205.41%,7.73,7.82,7.83,7.97,50.34,189.17,287.64,20360875,Weakening,Weak,33.59%,1.4,7.52,8.42,43%
HWBK,"Hawthorn Bancshares","Banks - Northeast",39.83,-0.08%,1,Buy,"100% Buy",+26.41,+22.37%,37.71,39.09,36.43,39.4,56.73,6.13,2.34,10500,Strengthening,Strong,77.72%,1.35,38.65,40.14,79%
SPNT,"Siriuspoint Ltd","Insurance - Multi Line",24.2,-0.66%,9,Hold,"72% Buy",+26.41,+26.30%,23.58,24.2,22.83,24.04,52,10.06,-1.3,704656,Weakening,Average,51.85%,1.27,23.29,24.78,61%
HURC,"Hurco Cos Inc","Machinery - Tools & Related",21.79,-3.54%,6,Hold,"64% Buy",+26.16,+24.94%,20.37,22.09,18.97,22.42,46.45,8.7,29.19,28833,Weakest,Strong,41.17%,0.19,21.26,23.58,23%
IDT,"IDT Corp","Diversified Comm Services",70.51,+1.57%,11,Buy,"100% Buy",+26.07,+7.68%,59.69,65.67,56.29,68.25,68.51,-8.56,25.84,173128,Strongest,Maximum,77.62%,1.23,66.02,70.47,101%
SLP,"Simulations Plus Inc","Computer - Software",18.42,0.00%,14,Buy,"100% Buy",+26.05,+28.27%,17.15,18.34,15.59,18.4,62.31,12.03,-10.81,362294,Average,Average,53.70%,0.43,18.35,18.45,70%
DSP,"Viant Technology Inc","Technology Services",12.58,-1.26%,3,Buy,"88% Buy",+26.01,+25.99%,11.96,12.5,11.5,12.81,47.97,9.75,-7.36,241206,Weakest,Average,38.72%,0.98,12.02,13.6,35%
SVRA,"Savara Inc","Medical - Drugs",5.3,-0.38%,1,Sell,"56% Sell",+25.86,+47.63%,5.44,5.6,5.47,5.44,43.84,31.39,-23.96,1885515,Strengthening,Weak,26.47%,0.66,5.23,5.65,17%
ALTO,"Alto Ingredients Inc","Consumer Prdts - Misc Discr",3.9,-1.52%,3,Sell,"40% Sell",+25.80,+236.21%,4.93,4.65,4.57,4.1,37.71,219.97,23.57,1883803,Strengthening,Weak,21.21%,0.41,3.87,4.32,6%
SKWD,"Skyward Specialty Insurance Group Inc","Insurance - Proprty & Casualty",56.74,+0.78%,2,Sell,"40% Buy",+25.73,+18.90%,53.6,59.3,50.81,57.34,45.16,2.66,-0.83,475150,Weakening,Average,36.29%,0.62,55.49,59.19,34%
MIRM,"Mirum Pharmaceuticals Inc","Medical - Biomedical",98.22,-2.38%,5,Sell,"8% Sell",+25.72,+29.25%,104.59,107.31,101.5,99.09,43.79,13.01,12.49,832799,Weakening,Minimum,55.46%,0.71,95.94,102.25,36%
MCY,"Mercury General Corp","Insurance - Proprty & Casualty",102.34,-0.30%,2,Sell,"24% Buy",+25.44,+29.50%,103.22,106.17,98.93,103.93,44.68,13.26,-3.05,261653,Weakest,Weak,30.33%,0.88,100.5,107.36,27%
MRBK,"Meridian Bank","Banks - Northeast",19.61,-0.15%,3,Sell,"48% Buy",+25.43,+26.35%,19.24,19.79,19.35,19.61,49.32,10.11,-0.3,105257,Weakest,Weak,34.96%,1.26,19.09,20.13,50%
GABC,"German Amer Bncp Inc","Banks - Midwest",49.75,+0.10%,4,Hold,"80% Buy",+25.43,+21.40%,46.78,49.41,45.23,49.86,50.88,5.16,15.13,148986,Average,Strong,49.74%,0.67,48.69,51.04,45%
OVBC,"Ohio Valley Banc Corp","Banks - Midwest",46.69,+0.15%,5,Buy,"72% Buy",+25.34,+26.53%,45.3,44.09,44.63,45.66,61.84,10.29,4.93,24496,Average,Soft,74.56%,1.28,44.07,47.26,82%
NBN,"Northeast Bncp","Finance - Savings & Loan",132.64,+1.08%,4,Sell,"72% Buy",+25.22,+19.52%,127.76,130.89,123.47,130.32,54.24,3.28,15.77,118244,Average,Average,71.18%,1.06,125.08,135.56,72%
FLNG,"Flex Lng Ltd","Transportation - Ship",31.7,+0.28%,6,Buy,"88% Buy",+25.22,+24.46%,30.97,30.91,30.32,31.47,54.43,8.22,15.2,470548,Strongest,Average,49.73%,1.3,30.5,32.44,62%
HVT,"Haverty Furniture Companies","Retail - Home Furniture",27.6,+1.06%,2,Buy,"88% Buy",+25.18,+15.14%,24.84,26.81,24.25,27.72,51.66,-1.1,6.3,107349,Strengthening,Strong,41.99%,0.68,26.74,28.7,44%
WRLD,"World Acceptance Corp","Finance - Consumer Loans",190.75,+0.39%,2,Sell,"56% Buy",+25.16,+12.54%,178.77,190.95,164.51,189.15,51.93,-3.7,24.02,125019,Weakening,Average,62.04%,0.48,182.3,196,62%
HBCP,"Home Bancorp Inc","Banks - Southeast",69.22,-0.36%,3,Sell,"40% Buy",+25.07,+22.82%,67.51,69.99,65.37,69.7,46.66,6.58,7.91,79354,Weakest,Good,52.19%,0.44,67.7,71.7,38%
VTR,"Ventas Inc","REIT - Equity Trust Other",89.99,-0.50%,9,Sell,"40% Buy",+25.06,+29.58%,89.23,92.9,87.78,91.72,42.96,13.34,4.45,3525076,Weakest,Soft,23.31%,1.17,89.2,94.24,16%
CPF,"Central Pacific Financial Company","Banks - West",37.83,+0.21%,3,Sell,"56% Buy",+24.92,+22.35%,36.78,38.42,35.4,37.72,48.89,6.11,9.56,158103,Weakening,Average,57.79%,1.01,36.89,38.55,56%
FDBC,"Fidelity D & D Bancorp Inc","Banks - Northeast",54.75,-0.29%,3,Buy,"100% Buy",+24.76,+15.68%,50.2,53.14,48.35,54.16,55.65,-0.56,13.93,9158,Strengthening,Maximum,71.36%,0.78,52.7,55.62,70%
EBMT,"Eagle Bancorp [Mt]","Banks - Midwest",22.4,-0.40%,2,Sell,"8% Sell",+24.66,+27.56%,22.93,23.19,22.49,22.74,41.68,11.32,0.71,54395,Weakening,Minimum,38.96%,0.45,22.04,23.43,26%
CCEL,"Cryo-Cell Intl Inc","Medical Services",4.4,+6.80%,4,Buy,"100% Buy",+24.60,-5.78%,3.66,3.77,3.55,4.17,61.01,-22.02,16.06,14858,"Top 1%",Strong,31.22%,0.78,3.8,4.54,81%
CTKB,"Cytek Biosciences Inc","Medical - Biomedical",4.61,+1.77%,3,Buy,"56% Buy",+24.50,+11.62%,4.38,4.56,4.39,4.66,50.04,-4.62,-20.56,1025760,Weakening,Weak,60.61%,1.09,4.49,4.83,36%
INBK,"First Internet Bcp","Banks - Northeast",28,-3.71%,4,Buy,"88% Buy",+24.45,+17.01%,26.34,27.96,24.55,28.49,47.42,0.77,22.31,54598,Weakest,Strong,49.68%,1.37,27.16,29.82,32%
HNVR,"Hanover Bancorp Inc","Banks - Northeast",26.78,-2.69%,5,Hold,"80% Buy",+24.37,+18.47%,24.64,26.09,23.67,27.12,49.39,2.23,4.03,32707,Average,Strong,56.40%,1.08,26.55,27.69,20%
FCCO,"First Community Corp","Banks - Southeast",34.1,-0.15%,5,Buy,"100% Buy",+24.04,+21.27%,32.19,33.61,31.28,33.88,53.41,5.03,3.16,68965,Strengthening,Strong,66.91%,0.72,32.99,34.78,62%
BVFL,"Bv Financial Inc MD","Banks - Northeast",20.92,-3.59%,3,Sell,"56% Buy",+24.03,+25.49%,20.66,21.27,20.21,21.4,44.08,9.25,3.48,17494,Weakest,Average,61.16%,2.13,20.85,21.94,6%
AIRG,"Airgain Inc","Communications Components",5.39,+0.37%,4,Sell,"56% Sell",+23.98,+29.88%,6.22,5.61,5.82,5.3,49.59,13.64,20.91,74513,Weakening,Weak,58.10%,0.84,5.05,5.56,67%
FUNC,"First United Corp","Banks - Northeast",44.45,+0.11%,2,Sell,"72% Buy",+23.98,+20.99%,41.91,44.28,40.23,43.7,54.24,4.75,6.87,18826,Average,Good,85.13%,0.8,42.05,45.35,73%
TACT,"Transact Tech Inc","Computers - Peripheral Equpt",5.16,-2.46%,1,Sell,"56% Buy",+23.61,+11.69%,4.71,5.17,4.29,5.07,50.09,-4.55,17.15,49186,Weakest,Good,81.42%,0.65,4.74,5.4,64%
CWBC,"Community West Bank","Finance - Misc Services",26.19,-0.38%,7,Hold,"80% Buy",+23.59,+23.31%,25.35,26.16,24.74,26.08,52.39,7.07,4.55,234501,Weakening,Good,53.38%,0.49,25.66,26.5,63%
CZR,"Caesars Entertainment Inc","Leisure & Recreation Services",29.67,+0.07%,2,Sell,"48% Buy",+23.57,+14.56%,29.19,29.82,27.79,29.67,47.41,-1.68,15,5619894,Weakest,Average,36.14%,0.58,29.59,29.75,48%
ITIC,"Investors Title Company","Insurance - Proprty & Casualty",297.53,-1.26%,9,Buy,"100% Buy",+23.49,+15.77%,267.36,288.73,255.25,295.76,54.24,-0.47,7.33,33569,Strengthening,Maximum,58.68%,1.01,284.89,306.62,58%
CBAN,"Colony Bankcorp Inc","Banks - Southeast",21.46,0.00%,2,Sell,"80% Buy",+23.33,+22.70%,20.71,21.35,20.52,21.46,50.39,6.46,8.58,208958,Average,Average,67.63%,0.44,20.82,22.11,50%
LCNB,"Lcnb Corp","Banks - Northeast",19.11,-0.47%,4,Sell,"56% Buy",+23.32,+17.64%,17.99,19.3,17.55,19.4,46.93,1.4,4.75,30292,Average,Good,31.15%,0.51,18.72,20.08,29%
CDRO,"Codere Online Luxembourg S.A.",Gaming,9.32,+0.11%,6,Buy,"56% Buy",+23.23,+15.49%,9.28,9.17,8.93,9.04,60.03,-0.75,4.21,24315,Average,Soft,94.31%,0.31,8.7,9.38,91%
ORRF,"Orrstown Finl Svcs","Banks - Northeast",42.34,-0.31%,2,Hold,"96% Buy",+22.96,+19.67%,39.9,42.08,38.8,42.27,51.07,3.43,7.69,182222,Average,Strong,55.01%,0.82,41.23,43.32,53%
WABC,"Westamerica Bancorp","Banks - West",59.09,-0.03%,3,Sell,"56% Buy",+22.65,+18.99%,57.65,59.31,55.7,58.64,52.53,2.75,11.69,175503,Weakening,Good,80.25%,1.24,57.51,59.76,70%
TBPH,"Theravance Bio Ord","Medical - Drugs",17.01,-0.06%,9,Buy,"24% Buy",+22.59,+24.16%,16.77,16.95,16.66,17.02,52.1,7.92,-20.94,556164,Weakest,Minimum,23.48%,0.77,16.93,17.11,44%
BFC,"Bank First National Corp [Wisconsin]","Banks - Northeast",154.41,-0.53%,3,Buy,"100% Buy",+22.59,+20.40%,147.73,152.03,144.87,153.81,52.66,4.16,14.9,86345,Weakening,Strong,68.57%,0.65,149.78,157.85,57%
ESEA,"Euroseas Ltd","Transportation - Ship",74.56,+1.24%,4,Buy,"88% Buy",+22.45,+18.16%,71.46,74.23,69.26,75.5,47.96,1.92,24.71,57191,Strengthening,Good,21.23%,0.45,72.72,78.28,33%
MGNI,"Magnite Inc","Internet - Software",23.77,+0.93%,5,Buy,"88% Buy",+22.31,-1.53%,18.43,21.96,16.43,23.83,55.24,-17.77,34.61,2519859,Strengthening,Maximum,35.59%,0.49,22.81,24.86,47%
VMI,"Valmont Industries","Steel - Pipe & Tube",483.44,+1.34%,2,Sell,"8% Sell",+22.22,+25.02%,512.65,498.63,485.23,480.62,49.09,8.78,8.31,189122,Weakest,Minimum,63.77%,0.59,462.19,499.05,58%
EIG,"Employers Holdings Inc","Insurance - Accident & Health",49.66,+1.00%,8,Sell,"56% Buy",+22.21,+17.26%,47.06,49.67,45.12,48.94,55.06,1.02,3.18,250516,Average,Good,53.76%,0.87,47.86,50.02,83%
PTRN,"Pattern Group Inc Series A","Internet Commerce",20.05,+0.96%,3,Sell,"8% Buy",+21.91,N/A,20.81,23.4,17.77,20.63,41,N/A,61.89,1363359,Weakest,Weak,20.00%,0.48,19.37,21.89,27%
EPD,"Enterprise Products Partners LP","Oil Gas Prod Pipeline MLP",38.9,-1.09%,11,Buy,"100% Buy",+21.79,+21.83%,38.05,38.32,37.73,38.83,52.66,5.59,9.48,3840354,Strengthening,Average,72.35%,0.54,38.02,39.63,55%
IMTX,"Immatics NV","Medical - Biomedical",8.79,+0.46%,2,Sell,"100% Sell",+21.78,+48.48%,9.94,9.35,9.99,9.21,40.5,32.24,-28.14,485008,Strongest,Average,26.92%,1.04,8.6,9.82,15%
TROO,"Troops Inc","Conglomerates - Div Operations",2.09,-0.95%,6,Buy,"48% Sell",+21.70,+81.74%,2.69,2.03,2.75,2.09,49.63,65.5,-46.54,354158,Average,Weak,52.15%,0.84,1.82,2.36,49%
VOC,"Voc Energy Trust","Oil - US Exploration & Product",3.36,+0.60%,3,Buy,"100% Buy",+21.70,+23.53%,3.14,3.21,3.2,3.33,55.46,7.29,12.59,104754,Strongest,Average,52.89%,0.29,3.2,3.46,62%
NATL,"NCR Atleos Corporation","Internet - Software",46.62,+0.80%,2,Sell,"72% Buy",+21.43,+19.14%,45.35,46.39,44.75,46.21,54.57,2.9,10.48,757382,Average,Average,63.51%,1.37,45.49,46.93,79%
RMCO,"Royalty Management Holding Corp","Finance - Investment Mgmt",2.68,+0.75%,2,Buy,"24% Sell",+21.34,+41.05%,2.62,2.61,2.92,2.86,44.97,24.81,-25.12,32671,Weakening,Minimum,16.60%,0.31,2.65,3.06,8%
TKNO,"Alpha Teknova Inc","Medical - Biomedical",6.71,-2.89%,2,Buy,"88% Buy",+21.02,+50.11%,5.25,6.22,4.36,7.13,48.03,33.87,64.73,190477,Weakening,Maximum,15.77%,0.52,6.71,7.55,0%
PBA,"Pembina Pipeline Cor","Oil - Production & Pipeline",47.81,-1.10%,5,Sell,"24% Buy",+21.00,+22.53%,47.94,48.96,46.69,48.67,43.13,6.29,13.77,1270169,Weakest,Weak,37.52%,0.69,47.82,49.53,-1%
MNSB,"Mainstreet Bank","Banks - Northeast",25.26,-0.51%,6,Buy,"100% Buy",+20.98,+16.41%,24.02,24.41,23.48,25.11,55.58,0.17,12.22,46357,Weakening,Strong,66.70%,0.51,24.56,25.66,64%
FMX,"Fomento Economico Mexicano S.A.B. DE C.V. ADR","Beverages - Soft",116.95,-0.53%,6,Sell,"8% Sell",+20.88,+29.40%,122.88,123.81,119.02,119.77,37.4,13.16,3.86,459283,Weakening,Minimum,7.49%,0.54,116.04,123.5,12%
PI,"Impinj Inc","Electronics - Semiconductors",176.82,+2.93%,3,Buy,"100% Buy",+20.87,-3.60%,147.35,157.51,134.11,168.88,58.3,-19.84,-10.24,553583,Strongest,Good,58.90%,1.15,158.73,179.03,89%
MDGL,"Madrigal Pharmaceuticals Inc","Medical - Drugs",534.49,+0.26%,4,Sell,"88% Buy",+20.67,+21.63%,519.71,530.74,504.66,531.55,51.33,5.39,-20.07,333560,Strengthening,Weak,69.45%,0.61,507.45,555.66,56%
AVBH,"Avidbank Holdings Inc","Banks - West",31.57,-0.09%,2,Sell,"40% Buy",+20.62,+21.94%,31.51,32.22,30.64,31.89,42.92,5.7,7.01,92009,Weakest,Soft,24.37%,0.36,31.02,32.76,32%
CBZ,"Cbiz Inc",Consulting,54.54,-0.16%,4,Buy,"88% Buy",+20.55,-5.87%,40.64,49.48,36.56,54.66,69.22,-22.11,-3.74,1089468,Weakening,Strong,27.89%,1.18,54.34,54.98,31%
RYAM,"Rayonier Advanced Materials Inc","Paper & Related Products",8.5,+1.80%,2,Buy,Hold,+20.45,+38.44%,8.59,8.35,8.99,8.5,49.85,22.2,32.46,953503,Bearish,,35.39%,0.69,8.26,8.73,51%
IOSP,"Innospec Inc","Chemical - Diversified",93.23,+0.16%,6,Buy,"88% Buy",+20.34,+11.45%,84.73,89.15,81.7,93.88,54.59,-4.79,9.96,213260,Average,Maximum,28.54%,0.79,92.25,95.51,30%
CMCO,"Columbus Mckinnon","Machinery - Material Handling",17.74,+3.02%,1,Hold,"64% Buy",+20.29,+19.14%,15.96,17.09,16.29,17.98,49.08,2.9,-9.01,475440,Strengthening,Soft,28.58%,0.44,16.84,19.12,39%
EBAY,"Ebay Inc","Internet Commerce",107.75,+2.59%,6,Sell,"16% Buy",+20.19,+16.54%,108.91,108.91,102.94,104.41,53.74,0.3,11.86,4840850,Weakening,Weak,56.94%,0.77,100.98,107.85,99%
EQBK,"Equity Bncsrs Cm A","Banks - Northeast",50.05,+0.30%,3,Hold,"48% Buy",+20.15,+19.51%,48.25,50.13,47.21,50.1,49.52,3.27,0.24,108412,Weakening,Average,36.61%,0.67,48.69,51.51,48%
CCBG,"Capital City Bank Gr","Banks - Southeast",50.7,-0.04%,2,Sell,"56% Buy",+20.09,+15.99%,48.82,51.11,47.06,51.2,46.28,-0.25,7.25,87551,Weakest,Good,31.65%,0.9,50.06,52.34,28%
SD,"Sandridge Energy Inc","Oil - US Integrated",14.63,-0.27%,7,Buy,"24% Sell",+19.95,+26.67%,14.37,13.92,15.09,14.28,59.89,10.43,-10.46,348746,Weakest,Minimum,76.31%,0.69,13.79,14.77,85%
JPM,"JP Morgan Chase & Company","Finance - Investment Brokers",356.23,+0.76%,2,Buy,"88% Buy",+19.91,+16.58%,331.96,351.74,321.14,356.74,51.85,0.34,-1.3,9282806,Strongest,Strong,43.35%,0.75,350.11,363.36,46%
COSO,"Coastalsouth Bancshares Inc","Banks - Southeast",27.48,-0.33%,2,Buy,"88% Buy",+19.88,+18.70%,26.61,27.25,26,27.5,50.58,2.46,6.34,95723,Weakening,Strong,51.05%,1.25,27.02,27.97,48%
KMT,"Kennametal Inc","Machinery - Tools & Related",29.44,+1.06%,4,Sell,"100% Sell",+19.72,+39.66%,34.1,32.25,35.51,29.98,41.82,23.42,-8.22,1320973,Strongest,Average,27.52%,0.96,28.48,31.47,32%
VAL,"Valaris Ltd","Oil & Gas - Drilling",83.73,-2.31%,5,Buy,"8% Buy",+19.59,+58.52%,86.81,81.58,88.97,86.65,46.8,42.28,54.28,1187973,Weakest,Minimum,16.39%,1.46,82.64,90.65,14%
NREF,"Nexpoint Real Estate Finance Inc","REIT - Mortgage Trusts",17.29,-0.17%,3,Buy,"88% Buy",+19.42,+13.30%,16.08,16.98,15.41,17.33,51.16,-2.94,10.95,56547,Average,Strong,32.89%,2.1,16.9,17.76,45%
HYNE,"Hoyne Bancorp Inc","Banks - Northeast",16.46,-0.54%,4,Buy,N/A,+19.28,N/A,16.27,16.5,15.76,16.54,47.77,N/A,1.75,N/A,N/A,N/A,49.32%,0.34,16.41,16.68,19%
BH,"Biglari Holdings Inc","Retail - Restaurants",372.67,+2.36%,6,Sell,"24% Buy",+19.19,+17.42%,348.75,386.95,346.94,381.4,45.53,1.18,0.25,105930,Weakening,Soft,26.25%,0.6,362.06,400.74,27%
UNTY,"Unity Bancorp Inc","Banks - Northeast",60.13,+1.76%,3,Hold,"96% Buy",+19.19,+13.24%,56.65,58.66,55.37,59.22,57.28,-3.,4.41,52410,Strengthening,Strong,56.95%,0.94,57.32,61.12,74%
ACNT,"Ascent Industries Co.","Machinery - General Industrial",15,+1.49%,4,Sell,"24% Buy",+19.11,+22.35%,14.66,15.22,14.64,15.15,47.22,6.11,-19.2,80559,Weakest,Minimum,26.13%,1.37,14.67,15.64,34%
CHCO,"City Holding Company","Banks - Southeast",143.96,+0.22%,3,Buy,"88% Buy",+18.98,+13.74%,133.8,141.74,129.98,144.38,51.74,-2.5,8.92,112573,Average,Strong,45.30%,1.19,142.04,146.71,41%
AMP,"Ameriprise Financial Services","Finance - Investment Mgmt",557.61,+0.74%,3,Buy,"100% Buy",+18.95,+11.31%,502.07,543.06,488.01,557.27,54.01,-4.93,1.87,634027,Strongest,Maximum,50.14%,0.65,545.26,569.28,51%
NWL,"Newell Rubbermaid Inc","Consumer Prdts - Misc Staple",5.85,-0.34%,3,Buy,"88% Buy",+18.94,-3.94%,5.04,5.72,4.73,6.03,47.79,-20.18,45.41,7922716,Weakest,Strong,22.55%,0.64,5.75,6.32,18%
OVLY,"Oak Valley Bancp CA","Banks - West",34.54,-0.32%,5,Buy,"100% Buy",+18.82,+18.49%,33.7,33.79,33.44,34.26,54.86,2.25,3.05,29900,Strengthening,Average,60.37%,0.59,33.58,34.93,71%
ROK,"Rockwell Automation Inc","Electronics Products - Misc",428.39,+1.67%,2,Sell,"8% Buy",+18.78,+22.21%,448.19,449.17,426.62,430.93,44.95,5.97,-1.74,857659,Weakest,Minimum,45.08%,1.13,416.93,444.92,41%
CB,"Chubb Ltd","Insurance - Proprty & Casualty",338.25,+0.18%,3,Sell,"40% Buy",+18.53,+19.57%,336.69,347.41,334.21,341.16,44.78,3.33,-3.48,1735018,Weakest,Weak,29.56%,0.65,335.13,347.2,26%
TCBX,"Third Coast Bancshares Inc","Banks - Southeast",45,-0.24%,4,Buy,"88% Buy",+18.43,+12.92%,41.01,43.43,40.6,45.17,52.99,-3.32,6.54,91930,Average,Strong,56.41%,1.01,44.1,46.24,42%
PM,"Philip Morris International",Tobacco,191.06,+0.68%,4,Sell,"88% Buy",+18.01,+13.79%,182.89,188.51,179.11,188.82,54.54,-2.45,7.26,5156563,Strengthening,Strong,50.07%,1.14,182.67,194.97,68%
AA,"Alcoa Corp","Metal Products - Distribution",48.26,-0.08%,1,Buy,"72% Sell",+17.98,+49.46%,57.05,48.58,59.34,50.47,44.14,33.22,-21.03,6024284,Strengthening,Average,19.12%,0.62,48.44,52.51,-5%
BSM,"Black Stone Minerals LP","E&P MLP",14.99,+0.40%,8,Buy,"88% Buy",+17.71,+19.16%,14.2,14.54,14.43,14.79,58.56,2.92,0.94,397966,Strongest,Average,72.88%,1.25,14.46,15.13,79%
ERIC,"Ericsson ADR","Wireless Equipment",10.31,+3.00%,2,Hold,"48% Sell",+17.66,+28.07%,11.14,10.16,11.24,10.13,55.56,11.83,-5.01,10174286,Weakest,Average,46.26%,1.12,9.92,10.33,96%
JMSB,"John Marshall Bk Fal","Banks - Southeast",23.05,-0.60%,4,Buy,"100% Buy",+17.59,+11.08%,22.06,22.8,21.42,23.02,51.05,-5.16,3.46,37127,Average,Strong,41.48%,1.77,22.55,23.48,54%
BHRB,"Burke Herbert Financial Services Corp","Finance - Misc Services",71.53,+0.04%,2,Sell,"40% Buy",+17.51,+14.63%,68.36,71.88,67.12,71.76,48.15,-1.61,2.95,122295,Weakest,Good,31.24%,0.53,70.47,73.06,41%
DV,"Doubleverify Holdings Inc","Internet - Software",13.41,+0.30%,6,Buy,"100% Buy",+17.43,-3.87%,11.36,12.38,10.89,13.33,69.14,-20.11,5.37,2969667,Strengthening,Strong,61.90%,0.86,13.26,13.41,100%
GIC,"Global Industrial Co.","Industrial Services",38.99,+0.85%,4,Buy,"88% Buy",+17.37,+1.64%,34.28,37.07,33.54,39.21,53.93,-14.6,21.59,107175,Average,Strong,37.89%,0.6,38.44,39.99,36%
SABR,"Sabre Corp","Internet Software Services",2.17,+1.88%,4,Buy,"100% Buy",+17.33,+15.43%,1.9,2,1.74,2.15,53.85,-0.81,47.71,6760143,Strengthening,Strong,51.37%,2.95,2.02,2.28,58%
AM,"Antero Midstream Corp","Oil - US Integrated",22.06,-0.94%,7,Buy,"72% Buy",+17.30,+19.31%,21.99,22.29,22.05,22.41,45.35,3.07,12.15,2562253,Weakest,Weak,46.51%,0.84,21.91,22.91,15%
CRD.B,"Crawford Company Cl B","Building & Construction - Misc",11.81,+1.46%,4,Buy,"88% Buy",+17.15,+16.01%,10.65,11.22,10.46,12.03,51,-0.23,-1.68,12432,Strengthening,Strong,32.06%,1.42,11.47,12.58,30%
IBTA,"Ibotta Inc Cl A","Technology Services",41.14,+2.44%,7,Buy,"100% Buy",+17.14,+50.86%,33.78,34.05,31.35,37.94,66.39,34.62,69.14,276660,Strongest,Strong,88.99%,0.91,35.47,40.41,115%
MPLX,"Mplx LP","Oil - Production & Pipeline",59.84,+0.35%,3,Buy,"100% Buy",+17.10,+17.70%,57.16,58.49,57.21,59.22,56.95,1.46,0.27,1665305,Strengthening,Strong,80.77%,0.49,58.21,60.22,81%
MGYR,"Magyar Bancorp Inc","Banks - Northeast",19.45,-1.92%,5,Buy,"88% Buy",+16.66,+12.69%,18.12,18.75,17.96,19.48,52.73,-3.55,0.71,4150,Strengthening,Maximum,56.65%,0.37,19.14,19.82,46%
COFS,"Choiceone Financial","Finance - Misc Services",34.05,+0.35%,2,Hold,"80% Buy",+16.54,+11.82%,32.62,33.73,31.35,33.63,54.7,-4.42,3.5,93943,Average,Strong,68.55%,0.75,32.79,34.47,75%
LAMR,"Lamar Advertis A","REIT - Equity Trust Other",149.08,+0.93%,3,Sell,"8% Buy",+16.43,+15.73%,151.99,155.87,145.45,151.11,40.16,-0.51,5.93,575284,Weakest,Weak,15.56%,0.65,147.62,154.61,21%
CBNK,"Capital Bancorp Inc","Banks - Northeast",36.25,-0.30%,2,Sell,"56% Buy",+16.17,+7.57%,34.38,36.49,33.05,36.57,46.7,-8.67,16.83,59793,Weakest,Good,40.22%,1.11,35.63,37.51,33%
FSTR,"Foster L B Company","Steel - Producers",37.59,+0.53%,1,Sell,"8% Buy",+16.06,+37.14%,39.73,40.02,36.39,37.72,42.62,20.9,27.63,66607,Weakest,Weak,46.55%,0.44,36.78,38.67,43%
F,"Ford Motor Company","Auto - Domestic",13.97,+0.65%,5,Hold,"40% Buy",+15.87,+18.79%,13.97,14.11,13.52,14.06,48.67,2.55,-5.37,56385543,Weakening,Weak,44.57%,0.82,13.52,14.59,42%
MCB,"Metropolitan Bank Holding Corp","Banks - Northeast",90.79,+0.15%,2,Sell,"8% Buy",+15.79,+15.01%,92.63,93.65,90.51,91.55,44.74,-1.23,7.05,144083,Weakest,Minimum,35.50%,0.62,89.38,93.72,32%
ACDC,"Profrac Holding Corp. Cl A","Oil - Field Services",5.21,+0.39%,3,Buy,"24% Sell",+15.77,+33.59%,5.85,4.81,5.85,5.04,53.87,17.35,22.08,1396785,Weakening,Weak,70.02%,0.47,4.49,5.59,66%
HFWA,"Heritage Financial","Finance - Savings & Loan",28.41,0.00%,3,Sell,"24% Buy",+15.75,+14.14%,28.6,29.5,27.91,28.93,38.17,-2.1,8.28,307182,Weakest,Soft,14.32%,1.37,28.15,29.71,17%
STRW,"Strawberry Fields REIT Inc","REIT - Equity Trust Other",13.82,-0.72%,5,Sell,"56% Buy",+15.75,+15.46%,13.45,13.87,13.19,13.74,50.89,-0.78,-6.35,31462,Weakest,Average,75.01%,0.59,13.47,14.01,65%
XYZ,"Block Inc","Internet - Software",79.21,+0.18%,4,Hold,"64% Buy",+15.73,+6.71%,76.21,80.51,70.78,81.38,45.78,-9.53,9.84,6467252,Weakest,Good,22.76%,0.47,77.72,85.03,20%
HGTY,"Hagerty Inc","Insurance - Proprty & Casualty",13.55,+0.44%,6,Buy,"88% Buy",+15.70,+8.40%,11.64,12.62,11.42,13.23,61.38,-7.84,-11.03,185135,Strongest,Strong,67.31%,1.92,12.75,13.72,82%
CMRE,"Costamare Inc","Transportation - Ship",15.28,+1.13%,8,Buy,"40% Sell",+15.62,+24.84%,15.61,15.1,16.07,15.24,51.57,8.6,-15.08,446302,Weakest,Weak,37.57%,0.91,14.68,15.81,53%
IRS,"Irsa Inversiones Y Representaciones S.A. ADR","Real Estate Developers",15.54,-0.19%,10,Buy,"8% Buy",+15.48,+23.73%,15.04,15.12,15.2,14.99,59.46,7.49,-17.9,167765,Weakening,Minimum,71.21%,1.36,14.35,15.63,93%
ARLP,"Alliance Resource Pt",Coal,26.53,-1.27%,12,Buy,"72% Buy",+15.45,+17.70%,25.28,25.47,25.79,26.3,57.54,1.46,2.36,357023,Average,Soft,77.89%,0.71,25.62,26.99,66%
NWE,"Northwestern Energy Group Inc","Utility - Electric Power",69.24,-1.10%,3,Sell,"32% Sell",+15.45,+21.26%,70.97,70.96,70.21,70.5,42.85,5.02,-4.57,509586,Strengthening,Weak,30.55%,0.8,69.01,71.99,8%
ZDGE,"Zedge Inc Cl B","Internet - Content",3.1,+0.98%,8,Buy,"8% Sell",+15.40,+1.31%,3.06,2.99,3.06,2.96,57.12,-14.93,-17.34,366165,Weakest,Minimum,65.50%,0.37,2.82,3.1,99%
NSYS,"Nortech Systems IN","Electronics - Misc Components",11.19,-2.10%,1,Sell,"40% Sell",+15.27,+19.04%,14.05,13.24,12.94,11.79,37.01,2.8,38.86,17274,Strengthening,Weak,16.77%,1.05,11.14,12.45,4%
ELAN,"Elanco Animal Health Inc","Medical - Outpatient & Hm Care",23.17,+1.36%,7,Sell,"8% Sell",+15.20,+23.38%,23.81,24.55,23.99,24.06,42.37,7.14,-9.46,5615379,Weakest,Weak,18.80%,0.77,22.9,25.21,12%
LAD,"Lithia Motors","Retail - Wsale Auto & Trucks",358.02,-2.22%,5,Hold,"80% Buy",+15.02,+4.08%,322.83,357.59,306.51,370.2,43.92,-12.16,-4.12,298612,Average,Strong,16.65%,0.72,357.65,382.76,1%
SHO,"Sunstone Hotel Investors","REIT - Equity Trust Other",10.98,+0.09%,10,Sell,"24% Buy",+14.99,+16.56%,11.05,11.3,10.46,11.1,43.73,0.32,10.97,2161916,Weakest,Weak,29.93%,0.48,10.79,11.41,30%
PDM,"Piedmont Realty Trust Inc","REIT - Equity Trust Other",9.57,+1.70%,6,Hold,"56% Buy",+14.88,+9.00%,9.08,9.61,8.49,9.61,49.36,-7.24,2.9,998180,Weakening,Strong,18.59%,0.83,9.32,9.91,43%
PLOW,"Douglas Dynamics","Auto - Truck Replacement Parts",40.24,-0.69%,2,Sell,"72% Sell",+14.59,+21.24%,44.91,43.25,44.36,41.5,38.35,5,11.4,231033,Strongest,Soft,17.88%,0.43,40.37,42.63,-6%
EGP,"Eastgroup Properties","REIT - Equity Trust Other",198.12,+0.72%,2,Sell,"8% Sell",+14.59,+18.16%,204.26,206.41,199.7,200.31,40.43,1.92,-0.63,378479,Weakest,Minimum,20.74%,0.72,196.42,204.21,22%
IMMR,"Immersion Corp","Computers - Peripheral Equpt",7.4,+0.54%,5,Hold,"80% Buy",+14.19,+8.66%,6.85,7.26,6.58,7.57,47.55,-7.58,-3.03,522867,Average,Strong,18.42%,0.52,7.34,7.79,14%
ENIC,"Enersis Chile S.A. ADR","Utility - Electric Power",4.38,-1.79%,3,Buy,"56% Buy",+14.16,+17.11%,4.42,4.44,4.33,4.46,45.86,0.87,-2.89,610633,Weakest,Weak,53.45%,0.75,4.3,4.61,26%
ARDT,"Ardent Health Inc","Medical Services",10.98,+0.73%,4,Buy,"100% Buy",+14.15,-17.26%,10.15,10.77,9.84,10.93,52.07,-33.5,12.5,464170,Strengthening,Average,52.73%,0.76,10.54,11.32,56%
NPCE,"Neuropace Inc","Medical Instruments",14.04,+1.23%,3,Sell,"88% Sell",+14.15,+40.26%,15.66,14.96,15.24,14.45,43.85,24.02,-20.92,201012,Strongest,Soft,22.81%,0.6,13.74,15.16,21%
BORR,"Borr Drilling Ltd","Oil & Gas - Drilling",4.27,-2.29%,5,Buy,"72% Sell",+13.88,+39.09%,4.78,4.29,5.06,4.47,45.64,22.85,-5.89,6671585,Average,Soft,11.11%,0.96,4.24,4.7,7%
AMZN,"Amazon.com Inc","Internet Commerce",256.78,+1.94%,1,Buy,"72% Buy",+13.77,+11.67%,255.41,255.25,241.86,258.96,48.91,-4.57,-0.6,46200063,Average,Average,21.08%,0.67,251.45,266.47,35%
GRCE,"Grace Therapeutics Inc","Medical - Biomedical",2.22,-1.77%,6,Hold,"80% Sell",+13.73,-31.06%,2.31,2.24,2.92,2.16,54.67,-47.3,-47.69,361624,Weakening,Good,56.53%,3.58,2.08,2.24,89%
NODK,"Ni Holdings Inc","Insurance - Proprty & Casualty",15.05,-0.13%,4,Sell,"40% Buy",+13.71,+10.82%,14.88,15.48,14.29,15.19,43.02,-5.42,1.31,19336,Weakest,Average,28.22%,1.44,14.97,15.42,18%
SIGI,"Selective Ins Group","Insurance - Proprty & Casualty",90.34,-0.24%,2,Sell,"24% Buy",+13.69,+13.35%,91.3,94.31,87.7,91.68,40.57,-2.89,-3.88,528966,Weakest,Soft,25.43%,0.67,89.51,93.85,19%
LEGH,"Legacy Housing Corp","Real Estate Operations",27.67,+0.65%,5,Hold,"80% Buy",+13.55,-0.14%,25.41,27.44,23.85,28.26,47.75,-16.38,29.9,103543,Average,Strong,22.09%,0.88,27.15,29.36,23%
UTMD,"Utah Medical Prod","Medical Products",69.71,+0.10%,2,Hold,"64% Buy",+13.51,+11.46%,68.53,70.48,67.38,71.05,45,-4.78,12.72,18589,Weakening,Good,25.20%,0.61,69.19,72.9,14%
RMBI,"Richmond Mutual Bancorp Inc","Banks - Northeast",15.9,+1.53%,2,Sell,"88% Buy",+13.33,+9.28%,15.27,15.65,14.79,15.89,52.64,-6.96,1.4,38104,Average,Strong,42.34%,4.12,15.64,16.13,52%
BLCO,"Bausch & Lomb Corp","Medical Services",17.25,-1.71%,7,Hold,"64% Buy",+13.31,+12.60%,16.32,16.91,16.51,17.45,48.85,-3.64,-10.85,414266,Average,Average,38.69%,1.11,16.74,18.15,36%
HSTM,"Healthstream Inc","Internet - Services",29.11,+0.80%,7,Buy,"100% Buy",+13.31,-0.38%,26.41,28.58,24.55,28.95,53.24,-16.62,14.33,258097,Strengthening,Strong,34.48%,0.78,28.09,29.8,60%
BKH,"Black Hills Corp","Utility - Electric Power",71.3,-1.36%,4,Sell,"40% Sell",+13.25,+19.99%,73.51,73.42,73.15,72.89,41.12,3.75,-9.14,952176,Strengthening,Weak,26.22%,1.32,71.31,74.47,0%
INFU,"Infusystems Holdings","Medical Products",12.15,+0.25%,3,Buy,"100% Buy",+13.24,+19.94%,10.17,10.94,9.83,12.13,58.42,3.7,23.6,156549,Strengthening,Strong,53.92%,0.97,11.93,12.32,56%
FR,"First Industrial Realty Trust","REIT - Equity Trust Other",61.38,+0.99%,2,Sell,"8% Sell",+13.21,+16.60%,63.14,64.07,62.21,62.25,38.82,0.36,-4.67,1019508,Weakest,Minimum,12.27%,0.58,60.77,63.72,21%
MTG,"Mgic Investment Corp","Insurance - Multi Line",30.74,-0.32%,6,Hold,"80% Buy",+13.09,+6.29%,28.31,30.1,27.75,30.98,51.44,-9.95,-6.65,1939453,Average,Strong,28.72%,1,30.54,31.42,23%
ACOG,"Alpha Cognition Inc","Medical - Biomedical",8.9,0.00%,5,Hold,"80% Buy",+12.93,-9.00%,7.5,8.76,6.95,9.26,47.31,-25.24,25.07,78201,Weakening,Strong,12.82%,0.69,8.56,9.95,24%
CRD.A,"Crawford Company Cl A","Business Services",12.48,+0.08%,3,Buy,"88% Buy",+12.91,+14.81%,11.43,12.18,11.05,13.04,44.94,-1.43,-0.92,62303,Average,Strong,23.58%,0.93,12.49,13.59,-1%
VLGEA,"Village Super Mkt","Retail - Supermarket",43.23,+0.23%,3,Buy,"72% Buy",+12.66,+9.89%,43.14,43.24,42.38,43.33,50.06,-6.35,10.29,52036,Strengthening,Soft,40.05%,0.64,42.4,44.27,45%
GAIN,"Gladstone Investment","Finance - SBIC & Commercial",15.9,-0.93%,4,Sell,"24% Buy",+12.63,+11.19%,16.11,16.34,15.48,16.32,36.91,-5.05,1.97,255873,Weakest,Soft,5.04%,1.15,16.01,16.63,-18%
LSE,"Leishen Energy Holding Co. Ltd","Oil Field Machinery & Equip",5.52,+7.94%,4,Buy,"88% Buy",+12.51,+3.87%,4.71,4.86,4.73,5.32,58.31,-12.37,14.37,12087,Strongest,Good,32.50%,0.51,4.92,5.72,74%
UTL,"Unitil Corp","Utility - Electric Power",53.09,-0.08%,3,Sell,"40% Buy",+12.48,+14.22%,52.63,53.86,52.6,53.69,42.95,-2.02,-2.25,127008,Weakest,Soft,40.16%,1.09,52.94,54.44,10%
ALCO,"Alico Inc","Agriculture Operations",39.56,-0.33%,1,Buy,"24% Sell",+12.15,+15.84%,40.47,39.94,40.62,40.04,46.61,-0.4,-3.11,25048,Average,Minimum,19.16%,0.72,38.98,41.1,27%
IPAR,"Interparfums Inc","Consumer Prdts - Misc Discr",112.01,+1.38%,1,Sell,"40% Buy",+12.13,+3.21%,107.02,119.06,103.13,115.06,41.39,-13.03,20.19,269470,Weakest,Average,17.95%,0.65,110.59,119.52,16%
ARTNA,"Artesian Res Corp A","Utility - Water Supply",35.85,-0.14%,8,Buy,"100% Buy",+12.07,+7.90%,33.62,34.89,33.32,35.75,54.85,-8.34,1.56,43463,Strengthening,Maximum,57.05%,1.17,34.91,36.59,56%
PFBC,"Preferred Bank LA","Banks - West",102.98,-0.89%,3,Sell,"40% Buy",+12.01,+8.90%,100.94,105,97.55,103.92,46.03,-7.34,-2.8,104513,Weakest,Average,38.24%,2.16,100.69,107.16,35%
HTH,"Hilltop Holdings Inc","Banks - Southeast",38.68,-0.57%,3,Sell,"48% Buy",+11.88,+10.55%,38.26,38.8,37.85,38.68,49.4,-5.69,2.12,326058,Weakest,Weak,59.39%,1,37.87,39.49,50%
DLX,"Deluxe Corp","Business Office Products",23.62,-0.08%,3,Sell,"100% Sell",+11.86,+19.23%,25.04,24.76,25.88,23.71,45.48,2.99,-6.07,437224,Average,Average,52.38%,0.87,22.94,24.48,44%
GLRE,"Greenlight Cap. Re.","Insurance - Proprty & Casualty",14.97,-0.33%,4,Sell,"72% Sell",+11.85,+17.97%,16.46,15.99,16.26,15.32,37.45,1.73,-9.18,171424,Strengthening,Weak,24.48%,0.95,14.91,15.73,7%
CPSS,"Consumer Portfol","Finance - Misc Services",9.43,+0.64%,4,Sell,"32% Buy",+11.78,+6.80%,9.43,9.32,9,9.27,52.81,-9.44,-10.78,21524,Weakening,Weak,80.93%,1.23,8.96,9.58,76%
SGC,"Superior Uniform Group","Textile - Apparel",12.53,+1.95%,2,Sell,"24% Buy",+11.78,+2.29%,12.58,12.81,11.84,12.49,48.95,-13.95,17.59,46702,Weakest,Soft,50.25%,0.75,11.98,13,54%
WNEB,"Western New England Bancorp Inc","Banks - Foreign",13.77,+0.66%,2,Sell,"24% Buy",+11.75,+12.59%,13.8,13.93,13.63,13.76,49.87,-3.65,-2.74,56228,Weakest,Minimum,47.62%,0.78,13.54,13.98,53%
UBCP,"United Bncp Inc","Banks - Midwest",15.72,+0.35%,3,Hold,"40% Buy",+11.73,+9.09%,15.72,15.68,15.52,15.66,50.59,-7.15,-2.3,8203,Weakest,Weak,45.16%,1.02,15.2,16.11,57%
AES,"The Aes Corp","Utility - Electric Power",14.79,-0.07%,10,Buy,"100% Buy",+11.71,+15.10%,14.66,14.75,14.73,14.76,54.4,-1.14,-8.71,9851746,Average,Weak,67.14%,0.97,14.7,14.83,70%
CBFV,"Cb Financial Svc","Banks - Northeast",37.26,-0.11%,3,Buy,"88% Buy",+11.68,+11.39%,36.44,37.17,35.96,37.42,48.68,-4.85,-4.97,5683,Weakest,Average,33.33%,1.21,37.07,37.77,27%
ETR,"Entergy Corp","Utility - Electric Power",105.33,-0.38%,3,Sell,"40% Sell",+11.62,+17.22%,110.89,109.65,109.64,106.89,41.11,0.98,2.11,2945790,Strengthening,Weak,37.28%,1.68,104.76,109.01,13%
GTY,"Getty Realty Corp","REIT - Equity Trust Other",32.27,-0.62%,4,Sell,"8% Sell",+11.55,+13.27%,33.44,33.77,33.22,32.87,37.13,-2.97,6.05,493731,Average,Minimum,25.17%,0.98,32.13,33.61,9%
TCBI,"Texas Capital Bncsh","Banks - Southwest",99.09,+0.19%,2,Sell,"24% Sell",+11.54,+13.44%,100.26,100.24,99.46,98.38,51.61,-2.8,-2.41,472813,Weakest,Minimum,76.93%,1.1,95.89,100.87,64%
NRXP,"Nrx Pharmaceuticals Inc","Medical - Drugs",3.4,0.00%,4,Sell,"8% Buy",+11.42,+18.06%,3.6,3.64,3.07,3.46,46.37,1.82,13.61,1017384,Weakest,Weak,18.12%,0.39,3.28,3.64,33%
ADUS,"Addus Homecare Corp","Medical - Outpatient & Hm Care",117.09,-1.21%,4,Hold,"64% Buy",+11.31,+4.19%,105.13,115.37,103.94,118.28,49.8,-12.05,-2.82,228774,Weakening,Strong,46.88%,0.6,114.05,122.51,36%
ACCO,"Acco Brands Corp","Consumer Prdts - Misc Discr",4.24,+0.95%,4,Hold,"80% Buy",+11.28,+2.66%,4.02,4.2,3.85,4.27,48.49,-13.58,1.82,869139,Weakening,Good,40.95%,0.66,4.15,4.39,36%
NBIX,"Neurocrine Bioscienc","Medical - Drugs",156.22,-0.22%,2,Sell,"24% Buy",+11.21,+8.79%,159.05,164.83,149.58,155.05,45.82,-7.45,-1.7,1164083,Weakening,Weak,48.60%,0.73,151.75,158.36,68%
FRT,"Federal Realty Investment Trust","REIT - Equity Trust Retail",114.36,-0.42%,3,Sell,"8% Sell",+11.17,+12.34%,119.32,120.24,115.22,116.94,31.47,-3.9,1.6,834106,Average,Minimum,6.50%,0.72,114.85,119.03,-12%
KRG,"Kite Realty Group Trust","REIT - Equity Trust Retail",25.89,-0.23%,2,Sell,"8% Sell",+11.13,+13.90%,27.37,27.46,26.7,26.17,35.47,-2.34,-3.84,2105620,Weakening,Minimum,40.72%,0.62,25.76,26.58,16%
UNCY,"Unicycive Therapeutics Inc","Medical - Drugs",5.29,-0.38%,3,Sell,"80% Sell",+11.11,+29.34%,6.38,5.29,6.49,5.35,49.14,13.1,-20.17,852357,Weakening,Strong,32.80%,1.21,4.98,5.72,42%
KRP,"Kimbell Royalty Partners","Oil - US Royalty Trusts",14.9,-1.32%,4,Buy,"40% Buy",+11.03,+8.84%,14.97,14.93,14.78,15.07,46.55,-7.4,14.85,793901,Weakest,Soft,35.12%,1.61,14.74,15.39,24%
RNW,"Renew Energy Global Plc Cl A","Other Alt Energy",6.83,-0.29%,4,Buy,"100% Buy",+10.98,-10.25%,6.15,6.47,5.81,6.82,63.01,-26.49,9.03,1448005,Average,Good,63.33%,0.73,6.78,6.86,59%
DSGR,"Distribution Solutions Group Inc","Industrial Services",34.75,0.00%,4,Buy,"88% Buy",+10.96,+10.11%,30.37,33.36,29.29,34.77,67.87,-6.13,15.02,137098,Average,Strong,50.00%,0.79,34.63,34.91,42%
ESNT,"Essent Group Ltd","Insurance - Proprty & Casualty",68.18,-0.23%,4,Buy,"88% Buy",+10.86,+6.10%,63.87,67.16,62.62,68.82,50.31,-10.14,-6.97,706878,Weakening,Strong,50.17%,1.04,67.64,70,23%
WYHG,"Wing Yip Food Holdings Group ADR","Food - Meat Products",4.55,+0.66%,1,Buy,"72% Buy",+10.81,-18.17%,4.09,4.6,3.34,4.88,48.36,-34.41,94.97,656078,Weakening,Soft,30.10%,0.06,3.86,5.9,34%
DNOW,"Dnow Inc","Machinery - General Industrial",15.65,+1.16%,1,Buy,"88% Buy",+10.80,-0.45%,14.04,14.88,13.61,15.89,50.52,-16.69,6.26,2848400,Average,Strong,36.13%,0.9,15.36,16.42,27%
BSET,"Bassett Furniture",Furniture,17.69,-2.27%,2,Sell,"40% Buy",+10.75,+3.81%,17.33,19.6,16.43,18.71,34.37,-12.43,-6.3,36507,Weakest,Average,11.13%,0.65,17.95,19.46,-17%
UNH,"Unitedhealth Group","Medical - HMO",379.09,-2.37%,2,Sell,"8% Buy",+10.63,+7.21%,399.02,409.17,361.82,394.2,35.46,-9.03,2.99,7436804,Weakening,Weak,32.97%,1.51,382.45,405.94,-14%
VMET,"Versamet Royalties Corp","Mining - Misc",9.65,-1.43%,6,Hold,"64% Sell",+10.54,+63.93%,10.98,9.85,10.82,10.27,42.38,47.69,-2.32,168879,Strengthening,Average,14.15%,0.71,9.69,10.85,-4%
ADSE,"Ads-Tec Energy Plc","Electronic Misc Services",11.58,+2.39%,3,Sell,"16% Sell",+10.53,+26.14%,11.72,11.84,11.52,11.58,48.45,9.9,-20.53,14755,Weakening,Minimum,47.24%,0.65,11.15,12.01,50%
SGU,"Star Gas Partners LP","Electronics Products - Misc",12.88,+0.78%,6,Buy,"72% Buy",+10.44,+10.27%,12.76,12.78,12.74,12.7,56.77,-5.97,-3.07,25153,Strengthening,Weak,84.13%,1,12.45,12.95,87%
GDYN,"Grid Dynamics Holdings Inc","IT Services",7.98,+1.92%,4,Buy,"72% Buy",+10.27,+2.84%,6.68,7.03,6.53,7.88,59.51,-13.4,-23.48,1687337,Strengthening,Average,48.95%,0.38,7.59,8.17,67%
SFBC,"Sound Financial","Banks - West",48,-0.72%,7,Buy,"100% Buy",+10.23,+3.16%,44.38,46.35,44.03,47.36,59.1,-13.08,-1.83,8853,Strengthening,Maximum,76.89%,0.19,46.29,48.42,80%
TPL,"Texas Pacific Land Trust","Other Alt Energy",369.1,+0.82%,5,Sell,"100% Sell",+10.12,+17.92%,392.23,384.37,420.65,369.62,48,1.68,16.66,446385,Strongest,Soft,32.24%,0.8,357.35,381.9,48%
OPRT,"Oportun Financial Corp","Finance - Misc Services",7.87,+2.74%,6,Buy,"100% Buy",+10.07,+24.53%,6.08,6.72,5.71,7.55,61.63,8.29,36.92,490650,Strengthening,Maximum,63.89%,0.79,7.13,7.96,89%
TRP,"TC Energy Corp","Other Alt Energy",60.88,-1.66%,2,Sell,"56% Sell",+10.02,+16.83%,66.22,65.34,65.11,62.64,35.95,0.59,-1.18,2399688,Strongest,Soft,40.04%,1.96,61.08,64.19,-7%
ACIW,"Aci Worldwide Inc","Computer - Software",52.09,+0.23%,5,Sell,"40% Buy",+9.89,+2.88%,49.39,54.7,46.58,52.49,44.76,-13.36,-2.9,860172,Weakest,Average,36.57%,0.62,50.99,54,37%
VKTX,"Viking Thera","Medical - Biomedical",31.98,-0.47%,2,Sell,"24% Sell",+9.87,+24.24%,33.37,34.95,33.26,33.58,41.5,8,-20.95,2472197,Average,Minimum,15.33%,1.13,31.69,35.46,8%
OPBK,"Open Bank","Banks - Southwest",15.36,+0.66%,3,Sell,"72% Buy",+9.75,+4.85%,14.8,15.29,14.39,15.28,52.12,-11.39,-3.07,42158,Average,Strong,58.07%,1.34,14.93,15.63,61%
FAF,"First American Corp","Insurance - Proprty & Casualty",71.78,+0.84%,6,Sell,"56% Buy",+9.67,+5.51%,70.32,72.87,68.31,73.04,45.4,-10.73,4.98,897599,Average,Good,15.80%,0.65,70.45,75.64,26%
WTM,"White Mountains Insurance Group","Insurance - Proprty & Casualty",2053.1499,-1.10%,3,Sell,"72% Sell",+9.60,+15.70%,2122.65,2138.93,2152.15,2108.85,37.46,-0.54,-13.05,19406,Average,Soft,17.96%,0.99,2050.86,2166.83,2%
SBH,"Sally Beauty Holdings","Retail - Misc & Diversified",15.96,+1.01%,3,Hold,"64% Buy",+9.55,+4.66%,14.55,15.72,14.61,16.37,47.05,-11.58,0.07,1526307,Weakening,Average,21.08%,0.74,15.89,16.86,8%
FSUN,"Firstsun Capital Bancorp","Banks - Midwest",40.16,+0.07%,3,Buy,"72% Buy",+9.52,+4.34%,37.54,38.66,37.46,40.29,53.56,-11.9,-5.14,221540,Average,Strong,45.23%,1.24,39.46,41.12,42%
CCEC,"Capital Clean Energy Carriers Corp","Transportation - Ship",22.32,-0.89%,5,Sell,"56% Buy",+9.33,+4.49%,21.88,22.56,21.52,22.64,44.1,-11.75,-4.9,9387,Weakening,Average,37.79%,0.24,22.38,22.91,-11%
NJR,"Newjersey Resources Corp","Utility - Gas Distribution",53.16,-0.34%,3,Sell,"24% Sell",+9.21,+12.15%,56.05,56.21,55.54,54.06,38.89,-4.09,3.41,596967,Strengthening,Weak,17.32%,1.12,52.58,55.53,20%
RDWR,"Radware Ltd","Internet - Software",27.9,-0.36%,3,Sell,"8% Buy",+9.09,+6.20%,28.48,28.76,27.44,28.18,47.01,-10.04,3.97,252311,Weakening,Weak,29.59%,0.61,26.9,29.46,39%
DTI,"Drilling Tools International Corp","Oil - Field Services",2.63,+1.15%,6,Buy,"24% Sell",+8.94,+32.83%,2.6,2.39,2.96,2.57,59.4,16.59,-4.5,284375,Weakest,Weak,74.49%,0.31,2.46,2.68,78%
OHI,"Omega Healthcare Investors","REIT - Equity Trust Other",46.99,+0.09%,6,Sell,"8% Buy",+8.81,+10.56%,47.38,48.21,47.05,46.68,48.55,-5.68,-5.87,2035847,Weakest,Minimum,74.38%,1.69,45.94,47.43,71%
CTRE,"Caretrust REIT Inc","REIT - Equity Trust Other",38.62,-0.52%,4,Sell,"24% Sell",+8.57,+12.92%,39.99,40.57,39.73,39.36,39.1,-3.32,-5.05,2437499,Average,Weak,24.13%,0.64,38.55,40.17,4%
NCI,"Neo-Concept International Group Holdings Limited","Retail - Apparel & Shoes",12.97,+2.21%,2,Buy,"8% Buy",+8.54,-20.91%,10.91,12.31,19.24,12.9,52.93,-37.15,31.62,474025,Weakest,Minimum,31.20%,0.81,11.61,14.19,53%
TAL,"Tal Education Group ADR",Schools,11.81,+2.70%,4,Hold,"80% Buy",+8.52,+9.86%,10.76,11.3,10.92,11.79,51.95,-6.38,-3.6,3995988,Strengthening,Average,29.86%,0.89,11.22,12.36,52%
ISBA,"Isabella Bank Corp","Banks - Northeast",39.36,+1.16%,2,Sell,"100% Sell",+8.21,+22.24%,40.63,39.73,42.99,39.56,48.37,6,-33.13,43604,Strengthening,Average,35.81%,0.43,37.86,41.27,44%
SBRA,"Sabra REIT","REIT - Equity Trust Other",20.52,-1.49%,7,Hold,"48% Buy",+7.92,+7.27%,20.21,20.69,20.2,20.64,46.77,-8.97,-3.51,2708351,Weakening,Average,49.28%,0.73,20.2,21.09,36%
TDC,"Teradata Corp","Computer - Storage Devices",27.84,+1.75%,7,Sell,"88% Sell",+7.89,+29.19%,30.63,29.61,29.79,27.98,46.26,12.95,-20.39,2271211,Average,Soft,34.18%,0.66,26.9,29.07,43%
HCI,"HCI Group","Insurance - Proprty & Casualty",185.73,-0.46%,7,Buy,"100% Buy",+7.80,+1.80%,170.69,182.47,166.93,185.68,52.61,-14.44,-14.96,163615,Weakening,Strong,38.77%,0.98,181.78,189.57,51%
PAYO,"Payoneer Global Inc","Financial Transaction Services",7.12,0.00%,4,Hold,"72% Buy",+7.59,+7.23%,6.38,7.12,5.91,7.12,53.35,-9.01,14.84,4799642,Weakening,Strong,36.67%,0.68,7.08,7.16,49%
APYX,"Apyx Medical Corp","Medical Products",2.9,+0.35%,5,Sell,"88% Sell",+7.54,+45.00%,3.82,3.63,3.78,3.05,31,28.76,-28.99,133018,Strengthening,Good,29.50%,1.49,2.93,3.17,-11%
NMAX,"Newsmax Inc Cl B","Broadcast - Radio & TV",11.39,+3.73%,5,Buy,"100% Buy",+7.48,-8.59%,8.4,9.32,7.69,10.79,65.1,-24.83,35.5,1286324,"Top 1%",Strong,56.62%,2.38,10.24,11.34,105%
APEI,"American Public Education",Schools,44.94,+0.18%,3,Sell,"72% Sell",+7.25,+27.20%,51.64,49.19,51.54,45.39,38.01,10.96,7.04,293645,Average,Soft,30.58%,0.43,44.21,46.56,31%
BWMX,"Betterware DE Mexico Sapi DE Cv","Consumer Prdts - Misc Discr",15.54,+0.78%,3,Sell,"88% Sell",+7.25,+14.18%,17.1,16.83,17.32,15.86,39.21,-2.06,-2.49,83720,Average,Soft,25.43%,0.39,15.25,16.48,24%
IGIC,"International General Insurance Hldg Inc","Insurance - Multi Line",25.99,-0.12%,3,Sell,"24% Buy",+7.19,+7.04%,26.35,27.27,25.84,26.53,41.32,-9.2,-8.26,67065,Weakest,Weak,19.05%,0.3,25.84,27.22,11%
NEPH,"Nephros Inc","Medical Products",4.47,-1.11%,6,Buy,"88% Buy",+7.03,+6.18%,3.65,3.95,3.57,4.35,55.81,-10.06,-20.25,35833,Average,Good,69.48%,1.82,3.95,4.75,65%
JCTC,"Jewett-Cameron Trading Company Ltd","Building Prds Retail - Wsale",2.93,-0.11%,4,Buy,"88% Buy",+6.94,-17.79%,2.43,2.8,2.21,2.97,51.86,-34.03,18.23,25096,Weakening,Strong,43.69%,0.31,2.8,3.14,37%
MSEX,"Middlesex Water Company","Utility - Water Supply",56.69,-0.86%,4,Sell,"56% Buy",+6.92,+5.20%,54.96,57.33,54.27,58.26,41.12,-11.04,0.59,146264,Weakest,Good,17.68%,0.51,57.06,59.45,-15%
CINF,"Cincinnati Financial","Insurance - Proprty & Casualty",169.8,+0.12%,2,Sell,"8% Buy",+6.84,+8.32%,171.58,176.02,168.66,170.78,43.44,-7.92,-7.88,712066,Weakest,Weak,29.55%,0.62,167.41,174.15,35%
BBAR,"Bbva Banco Frances S.A.","Banks - Foreign",14.89,-2.93%,1,Sell,"24% Sell",+6.80,+55.27%,17.18,17.33,16.6,14.86,40.36,39.03,-29.45,698599,Average,Soft,60.25%,0.46,14.12,15.6,52%
RJF,"Raymond James Financial","Finance - Investment Brokers",173.46,-0.04%,2,Buy,"72% Buy",+6.59,+1.39%,163.5,174.12,159.38,176.73,45.87,-14.85,-3.84,1346048,Weakening,Strong,41.89%,0.91,171.79,181.68,17%
HOG,"Harley-Davidson Inc","Auto - Domestic",27.87,+3.38%,6,Buy,"100% Buy",+6.56,-9.22%,25.55,26.6,23.65,27.62,54.91,-25.46,24.17,2948716,Strongest,Strong,31.21%,0.69,26.72,28.51,64%
FSBW,"FS Bancorp Inc","Banks - West",43.3,-0.25%,3,Buy,"88% Buy",+6.50,+2.53%,42.24,43.21,41.51,42.97,52.13,-13.71,-6.68,15235,Weakening,Strong,72.11%,1.11,42.12,43.83,69%
TCBS,"Texas Community Bancshares Inc","Banks - Southeast",17.38,-0.17%,4,Sell,"40% Buy",+6.44,+6.76%,17.31,17.56,17.17,17.42,47.83,-9.48,-15.13,2751,Weakest,Average,38.79%,1.56,17.23,17.62,39%
VALU,"Value Line Inc","Finance - Investment Mgmt",39.29,+4.05%,4,Buy,"72% Buy",+6.44,+1.63%,36.17,37.78,36.18,37.49,56.93,-14.61,-9.61,2714,Strengthening,Good,35.49%,0.34,35.68,39.3,100%
SIFY,"Sify Techs Ltd ADR","Internet - Services",13.78,-2.89%,1,Sell,"56% Sell",+6.30,+17.68%,15.33,14.8,14.96,14.55,37.43,1.44,1.19,62017,Strongest,Soft,22.47%,2.37,13.69,15.41,5%
HESM,"Hess Midstream Partners LP","E&P MLP",39.97,-0.57%,2,Buy,"100% Buy",+6.15,+0.65%,39.14,39.88,38.93,39.89,50.07,-15.59,4.01,1528059,Average,Average,60.48%,0.95,38.86,40.91,54%
ED,"Consolidated Edison Company","Utility - Electric Power",106.46,-0.25%,3,Sell,"40% Sell",+6.11,+8.97%,108.56,109.4,109.67,107.7,42.99,-7.27,-4.66,2222959,Strengthening,Weak,39.90%,0.65,106.06,109.34,12%
CIFR,"Cipher Digital Inc","Technology Services",16.85,+5.71%,2,Sell,"56% Sell",+6.03,+69.01%,20.62,18.85,18.87,16.48,48.32,52.77,2.31,29019158,Average,Soft,44.88%,1.07,14.28,18.67,59%
CODA,"Coda Octopus Group","Electronics - Semiconductors",10.02,+2.04%,3,Hold,"80% Sell",+5.98,+28.79%,10.69,10.07,11.47,10.12,47.5,12.55,-4.11,163153,Average,Soft,18.71%,2.25,9.77,10.47,36%
TOWN,"Towne Bank","Banks - Southeast",37,-0.24%,3,Sell,"56% Buy",+5.80,+2.21%,36.01,37.15,35.53,37.36,46.46,-14.03,-0.97,531498,Weakest,Good,35.60%,0.57,36.67,38.06,24%
CWT,"California Water Service Group Holding","Utility - Water Supply",48.22,-1.31%,3,Sell,"40% Buy",+5.61,+3.99%,47.59,50.17,46.83,49.92,36.71,-12.25,-0.56,485273,Weakest,Average,9.50%,0.69,48.74,51.1,-22%
IOT,"Samsara Inc Cl A","Internet - Software",38.38,-0.16%,5,Hold,"80% Buy",+5.50,-0.80%,34.81,38.15,33.13,39.51,47.93,-17.04,-3.58,6904721,Weakening,Good,21.58%,1.1,37.31,41.7,24%
HIW,"Highwoods Properties","REIT - Equity Trust Other",30.93,+1.61%,3,Sell,"40% Buy",+5.47,-4.30%,29.37,31.88,27.07,31.05,47.41,-20.54,7.94,1470177,Weakening,Average,32.71%,1.08,30.13,31.98,43%
EHC,"Encompass Health Corp","Medical - Outpatient & Hm Care",121.71,+0.55%,2,Buy,"100% Buy",+4.99,-4.01%,110,116.86,108.15,121.27,56.37,-20.25,2.82,1035097,Strongest,Strong,52.52%,0.71,119.41,123.13,62%
ELLO,"Ellomay Capital Ltd","Utility - Electric Power",20.89,+1.70%,5,Buy,"40% Sell",+4.96,+16.97%,21.61,19.65,23.21,20.44,52.27,0.73,-25.88,6843,Weakest,Weak,46.92%,0.46,18.86,22.02,64%
NTNX,"Nutanix Inc","IT Services",65.92,+0.76%,5,Buy,"88% Buy",+4.93,-18.74%,54.2,61.37,49.31,66.95,52.94,-34.98,15.68,4158170,Average,Strong,13.44%,0.54,64.45,69.45,29%
GRND,"Grindr Inc","Internet - Software",15.28,-0.65%,2,Sell,"40% Buy",+4.88,-4.56%,14.51,15.89,13.61,15.56,45.07,-20.8,1,1541376,Weakest,Soft,35.48%,0.49,15.07,16.05,21%
CREX,"Creative Realities Inc","Internet - Software",2.83,-2.41%,3,Sell,"88% Sell",+4.86,+24.12%,3.49,3.15,3.49,2.84,46.79,7.88,-3.42,45934,Strengthening,Strong,39.15%,0.25,2.55,3.13,48%
MTX,"Minerals Technologies Inc","Chemical - Specialty",68.81,-0.88%,1,Sell,"56% Sell",+4.86,+5.86%,74.68,72.86,73.3,71.18,34.26,-10.38,1.05,211639,Strongest,Weak,12.64%,0.76,69.03,73.32,-5%
SYY,"Sysco Corp","Food - Misc & Diversified",83.21,+1.09%,2,Sell,"72% Buy",+4.85,+2.68%,79.65,82.97,80.6,82.22,54.7,-13.56,1.07,3859608,Average,Average,50.14%,1.12,79.98,84.46,72%
AMX,"America Movil S.A.B. DE C.V. ADR","Wireless Non-US",22.83,+0.04%,3,Sell,"72% Sell",+4.80,+12.85%,25.4,24.51,25.16,23.31,32.59,-3.39,-1.4,2094145,Strengthening,Average,16.90%,0.86,22.64,23.98,14%
BRK.B,"Berkshire Hathaway Cl B","Insurance - Proprty & Casualty",510.37,+0.66%,1,Sell,"72% Buy",+4.75,+2.71%,492.9,503.85,491.14,503.77,57.47,-13.53,-10.31,4737764,Strengthening,Strong,84.57%,0.87,496.58,510.96,96%
CTAS,"Cintas Corp","Textile - Apparel",201.5,+1.54%,4,Sell,"56% Buy",+4.57,-1.47%,185.97,199.58,186.47,201.8,51.37,-17.71,-4.71,2117250,Strengthening,Good,26.45%,0.74,196.58,207.01,47%
SMCI,"Super Micro Computer","Computer - Storage Devices",40.1,+7.28%,2,Buy,"88% Buy",+4.51,-8.76%,33,32.52,31.5,37.88,60.5,-25.,25.15,41583938,Strengthening,Average,63.35%,1,35.25,40.5,92%
EPR,"Entertainment Properties Trust","REIT - Equity Trust Retail",59.18,-0.25%,2,Sell,"24% Buy",+4.45,+4.56%,59.23,60.83,57.95,60.03,41.6,-11.68,6.75,764302,Weakest,Soft,29.82%,1.19,58.73,61.33,17%
GATX,"GATX Corp","Transportation - Equip & Lease",178.53,+0.94%,3,Sell,"72% Sell",+4.29,+4.17%,179.39,178.54,180.29,177.51,52.37,-12.07,-6.58,206566,Weakening,Weak,57.31%,0.92,174.11,180.91,65%
SNFCA,"Security National Financial Corp","Insurance - Life",8.79,0.00%,1,Sell,"40% Sell",+4.19,+6.33%,9.19,9.25,9.07,8.81,44.22,-9.91,-9.41,35020,Weakening,Soft,33.70%,0.58,8.5,9.11,47%
AUBN,"Auburn Natl Bncp","Banks - Southeast",26.54,-1.08%,1,Buy,"88% Buy",+4.15,+4.08%,25.51,26.5,25.16,26.43,52.06,-12.16,-13.37,2681,Average,Average,65.00%,0.81,25.99,26.87,62%
ORN,"Orion Group Holdings Inc","Building - Heavy Construction",9.36,+3.31%,1,Sell,"72% Sell",+4.08,+21.87%,12.69,10.94,12.49,9.34,42.66,5.63,-17.69,399970,Average,Strong,29.80%,0.86,8.83,9.85,52%
NAAS,"Nass Technology Inc ADR","Electrical Power",3.25,-0.91%,3,Sell,"56% Buy",+3.93,+1.06%,3.02,3.27,2.79,3.23,51.25,-15.18,-15.7,16386,Weakening,Weak,50.94%,0.78,3.03,3.43,55%
SBSI,"Southside Bancshares","Banks - Southwest",32.07,-0.06%,2,Sell,"56% Sell",+3.93,+4.09%,33.17,33.03,32.69,32.15,45.96,-12.15,-6.32,119912,Average,Weak,40.45%,0.64,31.36,32.94,45%
APC,"Arko Petroleum Corp. Cl A","Oil - Refining and Marketing",18.92,+0.96%,4,Sell,N/A,+3.82,N/A,19.37,19.4,0,18.7,50.1,N/A,N/A,N/A,N/A,N/A,79.76%,0.9,18.01,19.4,66%
ALLT,"Allot Communications","Internet - Software",7.52,+0.67%,1,Sell,"72% Sell",+3.66,-19.91%,7.73,7.87,7.67,7.64,45.88,-36.15,-35.35,406866,Average,Soft,28.43%,0.75,7.36,7.91,29%
SNDX,"Syndax Pharma","Medical - Biomedical",18.18,-3.40%,4,Sell,"88% Sell",+3.52,+11.06%,20.32,20.76,21.16,19.86,35.22,-5.18,-25.32,1590203,Strongest,Average,21.17%,0.82,18.63,21.09,-18%
MIAX,"Miami International Holdings Inc","Technology Services",41.47,-2.52%,4,Sell,"72% Sell",+3.42,+10.91%,44.17,43.16,43.07,42.61,44.02,-5.33,-18.41,1447099,Strengthening,Weak,51.71%,1.07,40.54,44.68,22%
BOC,"Boston Omaha Corp Cl A","Real Estate Operations",13.57,+0.44%,3,Sell,"40% Buy",+3.37,-1.17%,13.39,14.09,13.03,13.78,42.13,-17.41,-2.15,163929,Weakest,Average,20.02%,1.61,13.36,14.21,25%
AEBI,"Aebi Schmidt Holding Ag","Auto - Domestic",12.06,+0.58%,2,Sell,"56% Sell",+3.25,-3.44%,12.3,12.58,12.45,12.37,44.44,-19.68,-16.51,290265,Strengthening,Weak,29.90%,0.51,11.83,12.9,21%
NXPI,"Nxp Semiconductors","Semi Analog & Mixed",236.62,+4.48%,1,Sell,"56% Sell",+3.17,+6.01%,269.99,246.17,250.59,226.45,53.86,-10.23,-2.84,3481403,Weakening,Weak,66.40%,0.83,218.56,234.34,114%
AVO,"Mission Produce Inc","Agriculture Operations",13.01,-1.74%,7,Buy,"72% Buy",+2.99,+6.73%,12.56,12.96,12.99,12.97,51.97,-9.51,0.31,961047,Average,Weak,47.27%,0.98,12.48,13.45,54%
NTIC,"Northern Technologies Intl Corp","Chemical - Diversified",8.12,+2.78%,10,Sell,"56% Sell",+2.98,+2.92%,8.1,8.13,8.24,8.01,52.9,-13.32,-8.15,14154,Weakening,Weak,53.57%,11.72,7.77,8.25,73%
TACO,"Berto Acquisition Corp",Unclassified,10.48,0.00%,7,Buy,"96% Buy",+2.78,+2.79%,10.44,10.48,10.36,10.48,53.8,-13.45,-8.45,80806,Average,Strong,47.22%,0.21,10.45,10.51,64%
DGICA,"Donegal Group Cl A","Insurance - Proprty & Casualty",19.36,+0.52%,5,Buy,"88% Buy",+2.77,-1.83%,18.2,18.99,17.97,19.01,57.32,-18.07,-14.95,123815,Strongest,Good,62.10%,0.76,18.41,19.61,79%
GPC,"Genuine Parts Company","Retail - Wholesale Auto Parts",133.68,-0.36%,6,Hold,"64% Buy",+2.77,-6.37%,117.13,130.66,116.25,135.43,50.05,-22.61,-3.13,1574276,Weakening,Good,32.51%,0.49,131.41,139.46,28%
GDOT,"Green Dot Corp","Financial Transaction Services",13.26,-0.08%,2,Sell,"56% Buy",+2.74,-2.57%,13.04,13.32,12.54,13.34,48.56,-18.81,-8.34,580652,Weakest,Average,36.36%,0.64,13.09,13.58,34%
KPRX,"Kiora Pharmaceuticals Inc.","Medical - Drugs",2.65,+2.71%,5,Hold,"96% Buy",+2.63,-1.85%,2.56,2.57,2.42,2.59,55.77,-18.09,22.67,177790,Strengthening,Average,37.09%,0.59,2.47,2.71,75%
HIG,"The Hartford Insurance Group","Insurance - Proprty & Casualty",136.36,-0.32%,4,Sell,"8% Buy",+2.59,+2.36%,135.98,139.34,136.67,137.67,44.92,-13.88,-12.89,1590358,Weakest,Weak,37.80%,0.79,135.33,140,22%
IRMD,"Iradimed Corp","Medical Instruments",82.22,+0.43%,1,Sell,"88% Sell",+2.58,+10.70%,90.72,91.07,93.43,86.1,30.18,-5.54,-27.33,105821,Strongest,Average,7.78%,2.31,82.38,89.82,-2%
HR,"Healthcare Realty Trust Inc.","REIT - Equity Trust Other",18.9,+0.11%,6,Sell,"8% Sell",+2.55,+3.22%,19.99,20.1,19.28,19.18,33.74,-13.02,-0.35,3658433,Weakest,Minimum,18.52%,0.7,18.84,19.52,9%
INMD,"Inmode Ltd","Medical Products",14.9,+0.88%,2,Sell,"40% Buy",+2.50,-2.87%,14.51,15.07,14.31,14.94,47.85,-19.11,-10.42,811380,Weakening,Average,31.55%,0.84,14.74,15.15,39%
INVA,"Innoviva Inc","Large Cap Pharma",20.66,+0.19%,4,Sell,"88% Sell",+2.43,+6.33%,21.99,21.31,22.28,21.1,41,-9.91,-8.5,779161,Strengthening,Average,26.11%,1.02,20.64,21.55,2%
EQT,"Eqt Corp","Oil - US Exploration & Product",54.07,-1.62%,4,Buy,"40% Sell",+2.24,+6.10%,54.08,52.83,56.38,54.44,49.32,-10.14,-10.97,8202033,Weakening,Soft,50.21%,0.81,52.89,55.99,38%
REG,"Regency Centers Corp","REIT - Equity Trust Retail",74.62,-0.92%,3,Sell,"56% Sell",+2.19,+3.29%,78.44,78.32,78.05,75.9,36.04,-12.95,-3.75,1374768,Strengthening,Soft,21.41%,1.27,74.68,77.13,-2%
ABVX,"Abivax Sa ADR","Medical - Biomedical",118.64,+2.32%,1,Sell,"24% Sell",+2.17,+38.02%,118.54,125.42,118.66,116.44,50.35,21.78,-23.87,1471460,Weakening,Minimum,69.43%,0.87,110.84,122.05,70%
WMK,"Weis Markets","Retail - Supermarket",72.16,+1.38%,2,Sell,"8% Sell",+2.00,+1.15%,74.32,74.43,72.53,70.81,50.8,-15.09,0.74,148184,Weakest,Minimum,60.55%,1.02,69.59,72.02,106%
AWK,"American Water Works","Utility - Water Supply",137.69,-1.54%,7,Buy,"72% Buy",+1.90,-1.39%,131.29,135.7,132.27,138.15,50.36,-17.63,-6.34,2006004,Average,Strong,58.27%,0.64,134.53,141.78,44%
FE,"Firstenergy Corp","Utility - Electric Power",46.13,-0.26%,4,Sell,"72% Sell",+1.80,+5.83%,47.11,47.63,48.14,46.58,41.37,-10.41,-8.81,4666230,Strengthening,Weak,41.42%,0.89,45.57,47.6,28%
SKYH,"Sky Harbour Group Corp","Real Estate Developers",10.01,-2.53%,1,Sell,"24% Buy",+1.61,-1.28%,10.03,10.44,9.85,10.39,37.64,-17.52,-0.26,147609,Weakest,Soft,13.27%,0.57,10.07,10.71,-9%
TMCI,"Treace Medical Concepts Inc","Medical Instruments",4.51,+3.68%,3,Hold,"80% Buy",+1.59,-39.38%,3.76,4.48,3.06,4.6,48.81,-55.62,72.23,723107,Weakening,Average,28.07%,0.39,4.28,4.91,36%
GOOD,"Gladstone Comml","REIT - Equity Trust Other",12.71,-0.55%,3,Hold,"64% Buy",+1.52,-2.98%,12.69,12.85,12.47,12.98,42.36,-19.22,7.27,473758,Weakest,Soft,7.50%,0.77,12.75,13.2,-9%
MHH,"Mastech Holdings Inc","IT Services",7.47,+0.13%,4,Sell,"40% Buy",+1.49,+0.54%,7.29,7.64,6.96,7.48,48.02,-15.7,-4.83,18913,Weakening,Average,60.95%,0.55,7.2,7.77,48%
BSBK,"Bogota Financial Corp","Banks - Northeast",9.05,-0.98%,6,Buy,"72% Buy",+1.39,-1.74%,8.89,9.08,8.74,9.19,46.2,-17.98,-4.75,9175,Weakest,Good,31.39%,0.21,8.99,9.38,15%
IIPR,"Innovative Industrial Properties","REIT - Equity Trust Other",56.25,+1.17%,2,Sell,"8% Buy",+1.35,-1.47%,58.52,59.38,56.03,56.53,42.75,-17.71,6.92,356887,Weakening,Minimum,32.27%,0.59,55.34,57.73,38%
USPH,"U.S. Physical Therapy","Medical - Outpatient & Hm Care",78.72,+1.30%,2,Hold,"80% Buy",+1.20,-4.01%,71.39,76.9,74.09,78.44,53.48,-20.25,-11.04,203984,Strengthening,Soft,42.49%,0.87,76.74,80.14,58%
RDN,"Radian Group Inc","Insurance - Multi Line",35.62,-1.66%,5,Sell,"8% Sell",+1.16,+0.31%,36.65,37.48,35.66,36.5,38.63,-15.93,-12.88,1218809,Average,Weak,28.22%,1.21,35.67,37.32,-3%
HLF,"Herbalife Ltd","Retail - Drug Stores",12.02,-2.12%,8,Sell,"100% Sell",+1.06,+28.56%,12.83,12.33,13.97,12.26,47.41,12.32,-18.6,1669271,Strongest,Average,68.84%,0.76,11.45,13.07,35%
BCML,"Bay Commercial Bk CA","Banks - West",30.1,-0.43%,5,Sell,"40% Sell",+0.90,-0.23%,31.19,31.43,30.65,30.28,44.13,-16.47,-9.47,45248,Weakening,Minimum,25.31%,0.66,29.56,31,37%
RGR,"Sturm Ruger & Company","Leisure & Recreational Prdcts",37.72,+0.35%,6,Hold,"48% Sell",+0.88,+1.51%,38.95,38.07,39.09,37.96,47.74,-14.73,3.68,185363,Average,Weak,34.60%,0.73,37.08,38.85,36%
BANX,"Arrowmark Financial Corp","Finance - Investment Mgmt",20.97,+0.05%,5,Buy,"88% Buy",+0.62,-1.48%,20.01,20.39,19.83,20.79,58.48,-17.72,-15.77,43284,Strengthening,Average,68.79%,0.54,20.43,21.15,74%
SVCO,"Silvaco Group Inc","Electronics - Semiconductors",6.71,+3.07%,1,Sell,"72% Sell",+0.55,+30.29%,9.54,7.96,8.15,6.78,43.7,14.05,53.83,418747,Average,Soft,39.20%,1.3,6.23,7.32,44%
IBM,"Intl Business Machines","Computer - Integrated Systems",243.29,+3.96%,6,Buy,"56% Sell",+0.48,-5.34%,246.12,236.9,247.09,234.41,57.11,-21.58,-29.72,7191827,Weakest,Average,74.38%,0.56,227.65,241.17,116%
RSG,"Republic Services","Waste Removal Svcs",222.74,+0.75%,5,Buy,"88% Buy",+0.45,-4.08%,212.86,218.13,215.56,220.91,56.11,-20.32,-6.75,1542253,Strongest,Average,48.34%,0.95,215.74,226.09,68%
III,"Information Svcs Group",Consulting,5.19,+2.37%,2,Buy,"72% Buy",+0.44,-0.95%,4.4,4.59,4.37,5.05,63.2,-17.19,-22.06,264466,Strengthening,Average,68.14%,0.76,4.87,5.22,91%
CKX,"Ckx Lands","Real Estate Operations",10.9008,+1.40%,4,Buy,"72% Buy",+0.15,-2.91%,10.81,10.99,10.63,10.83,50.26,-19.15,7.28,5915,Average,Weak,36.96%,0.14,10.35,11.32,57%
WLKP,"Westlake Chemical Partners LP","Chemical - Specialty",21.52,+0.23%,2,Hold,"48% Sell",+0.04,-1.56%,22.34,21.8,22.23,21.69,43.38,-17.8,1.41,39359,Strengthening,Weak,24.63%,0.33,21.38,21.99,23%
AERT,"Aeries Technology Inc","Technology Services",6.85,+1.03%,5,Hold,"80% Buy",+0.03,+36.72%,6.34,6.83,5.32,6.96,47.83,20.48,54.25,42968,Average,Good,22.32%,0.78,6.6,7.32,35%
RCI,"Rogers Communication","Diversified Comm Services",36.21,+0.33%,10,Buy,"8% Sell",-0.01,+0.64%,35.76,34.92,36.37,36.58,50.52,-15.6,-15.88,1181854,Weakest,Minimum,23.87%,0.66,35.63,37.53,31%
STRA,"Strategic Education",Schools,81.66,+0.78%,8,Buy,"56% Buy",-0.15,-3.21%,80.01,81.73,80.2,82.84,47.66,-19.45,-10.03,268915,Average,Average,22.80%,1.13,79.81,85.86,31%
TRS,"Trimas Corp","Metal Production & Fabrication",38.34,+0.31%,3,Sell,"24% Sell",-0.20,-2.19%,40.13,39.81,39.02,39.03,41.02,-18.43,-3.7,481217,Weakening,Minimum,12.77%,0.73,37.99,40.08,17%
TRT,"Trio-Tech International","Electronics - Measuring Inst",10.1,+0.70%,4,Sell,"8% Buy",-0.22,+284.76%,11.56,10.46,9.64,10.61,44.76,268.52,40.72,569130,Weakening,Weak,36.87%,0.3,9.53,11.69,27%
SR,"Spire Inc","Utility - Gas Distribution",80.2,-0.55%,4,Hold,"80% Sell",-0.31,+5.21%,82.84,81.73,85.6,82.52,40.57,-11.03,-14.87,449967,Strengthening,Average,26.31%,1.07,80.74,84.31,-15%
NNI,"Nelnet Inc","Finance - Consumer Loans",126.69,+0.72%,6,Sell,"88% Sell",-0.48,+1.54%,131.36,130.52,131.25,126.67,45.41,-14.7,-16.57,134288,Average,Average,40.09%,1.4,124.62,128.72,51%
KEEL,"Keel Infrastructure Corp","Technology Services",3.57,+3.78%,2,Sell,"16% Sell",-0.52,+75.00%,4.33,3.84,3.62,3.39,50.09,58.76,40.06,40413141,Weakening,Minimum,64.10%,0.79,2.99,3.79,72%
EFOR,"Everforth Inc","Technology Services",31.47,+3.55%,2,Buy,"8% Buy",-0.56,-40.80%,23.7,26.74,29.21,31.53,56.07,-57.04,-46.52,946885,Weakest,Minimum,27.59%,0.48,30.08,32.98,48%
VOR,"Vor Biopharma Inc","Medical - Biomedical",22.3,-0.18%,8,Hold,"80% Buy",-0.68,-38.57%,18.28,21.62,17.08,23.4,46.93,-54.81,58.64,1269354,Weakening,Average,17.68%,0.84,21.73,25.07,17%
BILL,"Bill Holdings Inc","Internet - Software",47.25,-0.80%,2,Hold,"64% Buy",-0.83,-8.64%,41.44,46.27,41.49,48.48,48.22,-24.88,-25.22,2513990,Weakening,Average,29.99%,0.6,46.5,50.45,19%
BVC,"Bitventures Limited","Technology Services",16.08,+2.16%,8,Buy,"100% Buy",-0.89,-24.15%,11.45,12.42,10.45,14.54,61.09,-40.39,29.2,55648,Strongest,"Top 1%",63.56%,0.4,12.18,16.89,83%
NOA,"North American Construction Group Ltd","Oil Field Machinery & Equip",13.49,-0.07%,2,Hold,"96% Sell",-0.89,0.00%,13.89,13.67,14.25,13.51,47.67,-16.24,-17.97,123357,Strongest,Average,50.86%,1.05,13.06,13.97,48%
PPLI,"People Incorporated","Media Conglomerates",37.51,-0.08%,2,Sell,"56% Sell",-1.03,+2.07%,42.39,41.77,41.1,38.72,34.28,-14.17,-15.92,1074672,Average,Average,10.86%,0.96,37.24,40.19,9%
MDT,"Medtronic Inc","Medical Products",90.96,-0.72%,6,Hold,"48% Buy",-1.17,-3.49%,83.36,87.69,86.09,92,51.57,-19.73,-17.16,8490645,Weakening,Soft,28.34%,0.72,89.79,94.21,26%
BOSC,"Bos Better Online","Computer - Networks",4.66,0.00%,7,Buy,"48% Buy",-1.24,-4.80%,4.48,4.48,4.58,4.63,54.73,-21.04,-9.66,55861,Weakening,Weak,46.54%,0.58,4.51,4.75,62%
SAH,"Sonic Automotive","Retail - Wsale Auto & Trucks",75.9,-0.81%,2,Sell,"8% Sell",-1.37,-8.52%,83.11,86.77,76.62,78.07,39.16,-24.76,10.85,265694,Weakening,Minimum,22.88%,0.56,74.83,81.3,17%
SSP,"E.W. Scripps Company","Broadcast - Radio & TV",3.16,+1.94%,3,Hold,"64% Sell",-1.60,+8.59%,3.4,3.15,3.56,3.26,47.34,-7.65,-32.65,729612,Weakening,Soft,16.38%,1.64,3.08,3.45,21%
DLNG,"Dynagas Lng Partners LP","Transportation - Services",3.78,0.00%,6,Buy,"24% Sell",-1.71,-1.05%,3.74,3.7,3.84,3.79,50.93,-17.29,-11.58,75435,Weakening,Weak,56.86%,0.93,3.68,3.9,44%
ALV,"Autoliv Inc","Auto - Truck Original Parts",121.13,-0.03%,5,Buy,"56% Buy",-1.83,-5.11%,121.16,121.36,118.27,122.09,48.36,-21.35,-9.8,713390,Average,Weak,28.82%,0.69,118.47,125.7,37%
CPHC,"Canterbury Park Hl",Gaming,15.84,-0.94%,4,Buy,"88% Buy",-1.90,-5.04%,15.77,15.74,15.7,15.8,52.06,-21.28,-8.99,1757,Average,Weak,72.99%,0.6,15.55,16.06,58%
CWST,"Casella Waste Sys","Waste Removal Svcs",89.91,-0.03%,4,Hold,"16% Buy",-2.00,-3.04%,89.37,92.78,89.36,92.37,43,-19.28,-20.05,789206,Weakest,Minimum,16.27%,0.92,88.94,95.8,14%
TUSK,"Mammoth Energy Services Inc","Oil - Field Services",3.1,-0.32%,2,Buy,"72% Buy",-2.13,+30.25%,3.02,3,2.8,3.15,49.79,14.01,55.72,294178,Weakest,Average,48.21%,0.31,3,3.29,33%
OGS,"One Gas Inc","Utility - Gas Distribution",77.34,-1.05%,4,Sell,"88% Sell",-2.17,+1.83%,80.51,79.48,82.54,80,39.64,-14.41,-11.73,528740,Strengthening,Average,12.68%,1.09,77.9,82.09,-13%
ACFN,"Acorn Energy Inc","Electronics Products - Misc",21.61,+3.08%,8,Buy,"100% Buy",-2.22,-28.90%,18.18,19.14,18.37,19.75,62.74,-45.14,31.3,31174,"Top 1%",Good,72.45%,2.11,18.07,21.42,106%
XRN,"Chiron Real Estate Inc","REIT - Equity Trust Other",35.99,-1.72%,4,Hold,"48% Buy",-2.55,-5.79%,36.2,36.72,35.82,36.86,42.64,-22.03,-5.18,120215,Weakest,Weak,29.83%,1.43,36.05,37.67,-4%
BCO,"Brink's Company","Financial Transaction Services",111.98,+2.46%,3,Sell,"8% Sell",-2.57,-4.71%,107.83,112.36,110.04,110.04,53.03,-20.95,-15.92,437051,Weakest,Minimum,60.16%,0.91,105.66,114.41,72%
UG,"United Guardian Inc","Medical Products",7.17,-0.28%,2,Sell,"40% Buy",-2.81,-12.56%,7.15,7.27,6.96,7.14,49.68,-28.8,4.55,8231,Weakening,Weak,23.84%,0.45,7.03,7.26,62%
GRNT,"Granite Ridge Resources Inc","Oil - US Exploration & Product",5.11,+0.20%,4,Buy,"24% Buy",-2.87,-5.55%,5.01,4.87,5.12,5.1,56.41,-21.79,-3.13,901169,Weakening,Minimum,62.46%,1.05,4.97,5.23,52%
UHT,"Universal Health Realty Income Trust","REIT - Equity Trust Other",40.4,-1.75%,4,Sell,"40% Sell",-3.15,-3.81%,41.62,42.4,41.91,41.17,39.81,-20.05,-8.82,104151,Strengthening,Weak,15.97%,0.88,40.18,42.16,11%
WFG,"West Fraser Timber L","Building Products - Wood",69.04,+2.39%,1,Sell,"88% Buy",-3.36,-10.02%,66.74,68.34,66.61,68.43,52.37,-26.26,1.13,218902,Strengthening,Soft,56.03%,0.67,66.08,70.79,63%
AXS,"Axis Capital Holdings","Insurance - Proprty & Casualty",98.24,-0.66%,2,Sell,"40% Sell",-3.36,-1.07%,102.99,105.72,102.66,99.5,39.03,-17.31,-20.11,640564,Average,Weak,25.43%,1.32,97.58,101.41,17%
BCE,"BCE Inc","Diversified Comm Services",23.39,+0.60%,9,Buy,"24% Sell",-3.38,-3.74%,23.23,22.53,23.93,23.53,53.05,-19.98,-13.66,3458775,Weakest,Weak,26.97%,0.72,23.19,23.88,29%
NTWK,"Netsol Tech Inc","Computer - Software",4,0.00%,1,Sell,"8% Buy",-3.58,-14.16%,4.22,4.24,3.96,4.05,40.02,-30.4,20.16,31738,Weakest,Weak,37.06%,0.75,3.98,4.13,15%
WRB,"W.R. Berkley Corp","Insurance - Proprty & Casualty",69.9,-0.21%,4,Sell,"56% Buy",-3.62,-5.26%,69.13,71,68.87,69.16,51.23,-21.5,-12.16,2329584,Weakening,Weak,75.35%,1.37,67.48,70.83,72%
ECVT,"Pq Group Holdings Inc","Chemical - Specialty",9.92,-1.49%,4,Sell,"88% Sell",-3.71,+7.48%,12.34,11.18,12.3,10.22,34.86,-8.76,-9.9,1706168,Strongest,Strong,37.68%,0.54,9.94,10.5,-4%
PRDO,"Perdoceo Education Corp",Schools,33.02,+0.55%,9,Sell,"8% Buy",-3.81,-5.03%,33.34,32.92,33.74,33,50.97,-21.27,0.73,655724,Weakest,Minimum,39.62%,0.62,32.11,33.89,51%
POCI,"Precision Optics Corp Inc","Medical Instruments",4.36,-0.68%,5,Sell,"88% Sell",-3.86,+0.46%,4.73,4.43,4.63,4.38,48.58,-15.78,-7.67,35336,Strengthening,Soft,19.48%,1.24,4.22,4.53,44%
BCBP,"Bcb Bancorp Inc","Banks - Northeast",8.58,-1.27%,4,Sell,"72% Sell",-3.98,-3.16%,9.91,9.4,9.48,8.69,38,-19.4,-5.53,124056,Strengthening,Average,51.84%,0.56,8.44,8.94,28%
SRL,"Scully Royalty Ltd","Conglomerates - Div Operations",5.63,-0.18%,1,Sell,"72% Sell",-4.08,+2.37%,6.64,5.61,7.18,5.77,45.65,-13.87,-46.,21285,Weakening,Average,33.59%,0.05,5.53,6.02,20%
AXR,"Amrep Corp","Real Estate Developers",22.94,-0.13%,7,Sell,"88% Sell",-4.33,+3.10%,24.89,23.65,25.3,22.98,46.1,-13.14,10.17,9129,Strengthening,Average,33.18%,1.5,22.65,23.3,44%
VEL,"Velocity Financial Inc","Finance - Mortgage & Rel Svs",17.97,-0.83%,5,Buy,"24% Sell",-4.50,-5.32%,17.93,17.87,18.16,18.12,47.95,-21.56,-25.29,103389,Weakening,Weak,32.86%,0.92,17.74,18.5,30%
UTSI,"Utstarcom Holdings C","Communications Components",2.32,+0.87%,1,Sell,"88% Sell",-4.51,-7.24%,2.52,2.42,2.49,2.36,46.34,-23.48,-20.51,104294,Average,Average,56.99%,0.15,2.24,2.47,34%
CI,"The Cigna Group","Medical - HMO",280.76,-0.05%,5,Sell,"24% Sell",-4.57,-8.21%,284.01,283.48,281.39,279.47,50.26,-24.45,-9.84,1667006,Weakest,Minimum,52.57%,0.81,273.51,285.43,61%
ICFI,"Icf International","Government Services",85.95,+0.23%,3,Hold,"64% Buy",-4.65,-13.06%,76.64,84.16,75.31,88.35,46.79,-29.3,-11.09,255115,Weakening,Good,30.38%,0.67,85.66,91.03,5%
EXE,"Expand Energy Corporation","Other Alt Energy",94.83,-2.11%,6,Buy,"24% Sell",-4.68,-1.05%,93.57,93.43,97.34,96.86,45.37,-17.29,-25.92,3500940,Weakest,Weak,33.30%,1.1,93.61,100.12,19%
FSLR,"First Solar Inc",Solar,209.03,+0.90%,1,Sell,"88% Sell",-4.68,+2.81%,230.57,216.91,221.82,209.92,47.06,-13.43,-31.83,2302706,Strengthening,Soft,36.95%,0.94,195.88,223.95,47%
RGCO,"Rgc Resources Inc","Oil - Refining and Marketing",21.32,-1.48%,5,Sell,"72% Sell",-4.69,-4.76%,22.83,22.48,22.54,21.71,41.93,-21.,-11.76,12566,Strengthening,Average,22.89%,0.89,21.2,22.21,12%
NPB,"Northpointe Bancshares Inc","Finance - Savings & Loan",17.22,+1.29%,4,Sell,"80% Sell",-4.95,-6.67%,17.64,17.56,17.68,17.12,50.26,-22.91,-9.23,238770,Average,Soft,54.58%,0.9,16.71,17.52,63%
AIG,"American International Group","Insurance - Multi Line",75.33,+0.40%,3,Sell,"56% Sell",-4.96,-4.31%,76.78,77.85,76.96,76.1,42.65,-20.55,-23.8,4304525,Weakening,Weak,30.65%,1.97,74.7,77.49,22%
FDUS,"Fidus Investment Cor","Finance - SBIC & Commercial",19.57,+0.41%,1,Sell,"40% Buy",-4.96,-9.02%,19.27,19.84,18.89,19.65,46.22,-25.26,-10.45,316922,Weakening,Soft,20.74%,1.08,19.45,19.86,30%
USLM,"U S Lime & Mineral","Building - CMT & CNT & AG",117.82,+1.67%,4,Buy,"40% Buy",-4.97,-8.08%,111.91,113.02,115.18,117.84,54.19,-24.32,-13.45,146564,Average,Weak,33.04%,0.55,114.49,121.19,50%
TLF,"Tandy Leather Fctry","Retail - Apparel & Shoes",2.62,+0.77%,1,Buy,"72% Buy",-5.12,-14.38%,2.42,2.48,2.45,2.61,57.63,-30.62,-16.23,35415,Average,Soft,65.02%,0.17,2.55,2.66,63%
LRN,"Stride Inc",Schools,82,+0.68%,8,Sell,"56% Sell",-5.26,-49.09%,88.56,85.4,88.14,84.37,42.79,-65.33,14.44,986904,Weakening,Weak,10.79%,0.63,81.08,87.66,14%
HIPO,"Hippo Holdings Inc","Insurance - Multi Line",32,-0.19%,5,Hold,"80% Buy",-5.30,-13.61%,28.96,31.33,28.31,32.98,46.3,-29.85,-5.47,147201,Weakening,Strong,13.30%,0.55,31.81,34.14,8%
CE,"Celanese Corp","Chemical - Specialty",46.09,+0.81%,6,Sell,"72% Sell",-5.33,-1.66%,50.75,45.55,53.23,45.33,53.49,-17.9,-2.84,2108297,Weakest,Average,39.29%,1.16,43.68,46.98,73%
BTI,"British American Tobacco ADR",Tobacco,55.24,+0.69%,3,Sell,"88% Sell",-5.43,-3.61%,59.76,58.53,59.64,55.96,41.45,-19.85,-14.29,4395565,Average,Good,14.45%,2.1,54.49,57.43,26%
PRTH,"Priority Techno Holdings Inc","Technology Services",5.94,+3.04%,8,Hold,"16% Buy",-5.61,-22.15%,6.06,6.09,5.77,5.53,57.44,-38.39,-2.86,369113,Weakening,Minimum,64.18%,1.57,5.2,5.85,113%
MSCI,"MSCI Inc","Finance - Investment Mgmt",554.61,+1.28%,2,Sell,"56% Sell",-5.78,-5.27%,584.63,577.6,572.59,563.49,43.82,-21.51,-15.18,643138,Weakening,Weak,22.35%,0.68,547.95,579.03,21%
MAGN,"Magnera Corporation","Engineering & R&D Services",11.7,+1.21%,4,Sell,"40% Sell",-5.85,+0.69%,12,12.79,11.81,12.23,39.8,-15.55,-34.57,507859,Weakening,Weak,14.32%,1.03,11.57,12.89,10%
NU,"NU Holdings Ltd Cl A","Banks - Foreign",14.62,-2.66%,3,Buy,"24% Buy",-5.95,-6.40%,13.74,14.36,14.23,14.87,49.01,-22.64,-24.51,58825785,Weakest,Minimum,41.81%,0.79,14.06,15.68,35%
ATO,"Atmos Energy Corp","Utility - Gas Distribution",163.19,-0.98%,4,Sell,"100% Sell",-6.07,-1.92%,174.4,172.21,177.57,167.93,32.76,-18.16,-14.5,1219048,"Top 1%",Strong,9.32%,0.98,164,171.86,-10%
GBTG,"Global Business Travel Group Inc","Internet - Software",9.46,-0.21%,6,Buy,"88% Buy",-6.09,+13.70%,9.1,9.44,7.91,9.47,51.9,-2.54,11.81,2426981,Weakening,Good,27.78%,0.7,9.44,9.49,38%
HY,"Hyster-Yale Inc","Machinery - Construct & Mining",33.61,-1.26%,4,Hold,"64% Sell",-6.14,-9.09%,35.19,33.91,35.21,34.2,46.15,-25.33,1.28,105193,Strengthening,Weak,47.24%,0.78,32.59,35.8,32%
IMDX,"Insight Molecular Diagnostics Inc","Medical Information Systems",4.2,+5.53%,3,Sell,"96% Sell",-6.16,+32.08%,4.95,4.56,4.86,4.2,47.34,15.84,-55.85,201514,Average,Average,46.18%,0.89,3.88,4.51,50%
MNR,"Mach Natural Resources LP","Oil - US Exploration & Product",12.57,0.00%,1,Sell,"72% Sell",-6.23,-7.84%,13.18,12.93,13.22,12.62,42.65,-24.08,2.01,466764,Strengthening,Weak,50.23%,1.01,12.39,12.85,39%
PPHC,"Public Policy Holding Company Inc","Conglomerates - Div Operations",11.49,+1.95%,3,Buy,N/A,-6.24,N/A,10.66,10.11,11.39,10.88,57.02,N/A,N/A,N/A,N/A,N/A,77.79%,1.45,9.96,11.8,83%
SRE,Sempra,"Other Alt Energy",83.34,-0.79%,6,Sell,"100% Sell",-6.34,-0.16%,90,88.08,91.56,84.73,42.57,-16.4,-17.46,3762912,"Top 1%",Strong,55.42%,0.49,82.03,87.42,24%
CLMB,"Climb Global Solutions Inc","Technology Services",27.5,+2.34%,6,Buy,"72% Buy",-6.38,-15.77%,24.21,27,23.83,28.01,49.41,-32.01,-4.84,226269,Strengthening,Average,25.23%,0.77,26.83,29.18,28%
AMT,"American Tower Corp","REIT - Equity Trust Other",177.85,+2.82%,8,Buy,"8% Buy",-6.60,-9.51%,176.03,171.68,177.73,175.47,55.89,-25.75,-10.55,3089048,Weakening,Minimum,39.91%,0.74,171.84,179.11,83%
CXT,"Crane Nxt CO","Technology Services",51.99,+3.22%,2,Sell,"56% Buy",-6.74,-16.05%,46.87,51.14,46.67,49.97,57.85,-32.29,-1.4,750221,Average,Soft,83.82%,0.89,48.13,51.8,105%
ARCC,"Ares Capital Corp","Finance - SBIC & Commercial",19.74,+0.30%,3,Buy,"72% Buy",-6.82,-11.87%,19.06,19.39,18.92,19.86,50.62,-28.11,-14.27,5790332,Strengthening,Soft,24.11%,1.02,19.58,20.14,28%
PG,"Procter & Gamble","Consumer Prdts - Misc Staple",145.27,+1.61%,5,Sell,"72% Sell",-6.84,-8.42%,146.19,146.42,148.06,144.79,49.89,-24.66,-10.48,9942950,Weakening,Weak,25.86%,1.31,141.9,147.69,58%
UNB,"Union Bankshares Inc","Banks - Northeast",23.75,-0.63%,4,Sell,"40% Sell",-6.86,-8.65%,24.1,24.18,24.05,23.87,46.76,-24.89,-11.77,12549,Strengthening,Weak,56.22%,0.3,23.3,24.45,39%
TRC,"Tejon Ranch Company","Real Estate Operations",16.21,+0.56%,3,Sell,"88% Sell",-6.92,-3.80%,18.17,17.04,18.22,16.28,42.51,-20.04,-9.06,110522,Strengthening,Strong,45.52%,0.84,15.91,16.65,41%
AB,"Alliancebernstein Holding LP","Finance - Investment Mgmt",36.09,-0.80%,6,Sell,"100% Sell",-7.05,-5.92%,37.26,36.92,37.7,36.54,40.57,-22.16,-18.06,325463,Strongest,Strong,20.93%,0.99,35.88,37.2,16%
OPCH,"Option Care Health Inc","Medical - Outpatient & Hm Care",23.48,-0.63%,3,Hold,"16% Sell",-7.19,-20.05%,22.44,22.98,25.12,23.73,48.79,-36.29,-38.15,2369053,Weakest,Weak,37.01%,0.81,23.16,24.3,28%
SRI,"Stoneridge Inc","Electronics - Misc Components",7.27,+1.25%,5,Sell,"64% Buy",-7.35,-12.09%,7.17,7.18,7.04,7.17,52.15,-28.33,13.71,201667,Average,Weak,61.35%,0.51,6.95,7.4,72%
NATH,"Nathan's Famous IN","Retail - Restaurants",97.97,+0.16%,7,Sell,"72% Sell",-7.38,-11.30%,99.83,98.48,100.15,97.85,48.68,-27.54,-7.15,35500,Average,Weak,54.95%,0.73,96.98,98.72,57%
REXR,"Rexford Industrial Realty Inc","REIT - Equity Trust Other",38.04,+2.81%,4,Buy,"72% Buy",-7.59,-12.61%,35.88,36.71,35.79,37.09,60.44,-28.85,-13.61,2497051,Strongest,Soft,56.06%,1.26,36.15,38.04,100%
NFG,"National Fuel Gas Company","Oil - US Integrated",81,-1.62%,5,Hold,"32% Sell",-7.60,-7.99%,80.97,81.69,84.4,82.88,41.96,-24.23,-10.68,723821,Weakening,Weak,16.77%,0.89,81.35,84.41,-11%
CRNT,"Ceragon Networks Ltd","Wireless Non-US",2.07,+1.97%,2,Sell,"88% Sell",-7.64,+3.50%,2.43,2.18,2.38,2.09,44.85,-12.74,-13.28,548117,Average,Good,22.22%,0.49,2,2.17,40%
LSAK,"Lesaka Technologies Inc","Technology Services",4.27,-4.90%,2,Sell,"88% Sell",-7.68,+0.47%,4.76,4.67,4.77,4.56,36.77,-15.77,-22.33,105967,Strongest,Good,39.32%,1.34,4.34,4.78,-15%
EVTC,"Evertec Inc","Financial Transaction Services",29.27,+0.41%,2,Buy,"40% Buy",-7.81,-14.44%,28.01,30.03,28.03,29.83,46.34,-30.68,-11.23,506300,Weakening,Soft,33.98%,0.83,28.69,30.96,26%
DFIN,"Donnelly Financial Solutions Inc","Internet Software Services",47.95,-0.87%,5,Hold,"48% Buy",-8.13,-14.22%,45.1,48.11,46.04,48.45,48.15,-30.46,-9.15,277666,Weakest,Weak,34.46%,0.6,46.85,50.04,34%
WAL,"Western Alliance Bancorp","Banks - West",79.29,+0.01%,2,Sell,"72% Sell",-8.40,-11.54%,80.38,80.93,79.82,79.68,46.32,-27.78,-17.54,1124071,Strengthening,Weak,54.48%,0.59,77.25,82.1,42%
XLO,"Xilio Therapeutics Inc","Medical - Biomedical",8.93,0.00%,3,Sell,"56% Buy",-9.30,-12.59%,8.69,9.06,8.45,9.09,45.29,-28.83,-12.22,36557,Weakening,Weak,46.82%,0.19,8.7,9.47,29%
VATE,"Innovate Corp","Conglomerates - Div Operations",7.16,+1.13%,4,Sell,"88% Sell",-9.32,+42.91%,11.68,8.52,9.75,7.5,42.63,26.67,46.56,151226,Average,Soft,26.08%,0.21,6.87,8.13,23%
UHS,"Universal Health Services","Medical - Hospitals",174.83,+1.22%,6,Buy,"24% Buy",-9.39,-8.37%,161.37,165.35,173.76,172.69,57.36,-24.61,-31.66,841221,Average,Minimum,59.31%,0.64,166.93,178.45,69%
SBAC,"SBA Communications","REIT - Equity Trust Other",185.47,+2.23%,8,Buy,"40% Sell",-9.67,-7.00%,193.72,183.62,194.07,185.95,49.65,-23.24,-15.97,1000299,Weakening,Soft,33.39%,0.92,179.43,192.47,46%
CRNC,"Cerence Inc","IT Services",8.51,+4.55%,3,Sell,"72% Sell",-9.75,-13.43%,9.61,8.88,8.91,8.31,50.06,-29.67,-32.24,914457,Weakening,Soft,63.20%,1.94,7.72,8.9,67%
STC,"Stewart Information Services Corp","Insurance - Proprty & Casualty",66.24,-0.48%,8,Sell,"8% Sell",-9.77,-11.56%,67.84,68.37,67.01,68.48,40.21,-27.8,-17.57,231729,Weakest,Minimum,15.78%,0.79,66.21,70.75,1%
CVGI,"Commercial Vehicle G","Auto - Truck Original Parts",3.17,+2.59%,2,Sell,"40% Sell",-9.94,+62.56%,4.38,3.87,3.84,3.15,41.86,46.32,108.29,633904,Weakest,Weak,32.26%,0.67,2.98,3.32,56%
APT,"Alpha Pro Tech","Protection - Safety",5.19,-0.57%,2,Buy,"40% Buy",-10.11,+6.13%,5.3,5.2,5.16,5.31,45.83,-10.11,5.04,54842,Weakest,Weak,15.65%,0.63,5.14,5.49,15%
AMRN,"Amarin Corp ADR","Medical - Biomedical",13.8,-1.71%,4,Buy,"88% Sell",-10.23,-7.82%,14.53,14.23,14.64,14.02,44.58,-24.06,-12.96,79263,Strongest,Soft,43.15%,0.7,13.58,14.46,25%
ZKH,"Zkh Group Limited ADR","Internet - Services",2.92,+0.69%,4,Hold,"16% Sell",-10.23,-2.34%,2.84,2.88,2.99,2.93,50.45,-18.58,-32.5,178629,Weakest,Weak,79.37%,3.96,2.86,3.01,42%
JLHL,"Julong Holding Limited Cl A","Building & Construction - Misc",6.09,+1.00%,2,Sell,"88% Sell",-10.31,+46.75%,13.96,7.09,11.25,6.49,43.01,30.51,39.27,979705,Strengthening,Soft,24.71%,0.02,5.45,7.53,31%
BRT,"BRT Realty Trust","REIT - Equity Trust Resident",14.19,-0.35%,8,Sell,"40% Sell",-10.39,-13.63%,14.64,14.67,14.52,14.48,42.85,-29.87,-15.32,47895,Weakening,Weak,11.93%,1,14.03,14.93,18%
CNNE,"Cannae Holdings Inc","Finance - Investment Mgmt",15.41,+1.52%,4,Hold,"96% Buy",-10.54,-20.11%,14.47,15.04,13.72,15.4,51.81,-36.35,-13.88,573089,Strengthening,Average,31.47%,0.89,14.76,16.04,51%
BNTC,"Benitec Biopharma Ltd ADR","Medical - Biomedical",12.19,-0.25%,2,Hold,"48% Buy",-10.58,-12.80%,12.23,12.65,11.96,12.71,44.55,-29.04,-21.35,149521,Weakest,Weak,26.57%,0.69,11.98,13.43,14%
MLP,"Maui Land & Pineapple Company","Real Estate Operations",16.29,+1.31%,4,Sell,"56% Sell",-10.90,-13.03%,16.63,16.55,16.5,15.97,50.78,-29.27,-15.69,19928,Weakening,Weak,53.19%,0.57,15.42,16.52,79%
PXLW,"Pixelworks Inc","Technology Services",7.14,+3.78%,2,Buy,"100% Buy",-10.90,-42.72%,6.33,6.42,6.14,6.9,59.18,-58.96,0.41,67592,Strongest,Average,60.62%,0.83,6.59,7.21,89%
CHSCP,"CHS Inc","Agriculture Operations",26.63,+0.30%,5,Hold,"96% Sell",-10.91,-11.79%,27.13,26.68,27.43,26.67,46.6,-28.03,-15.71,16401,Average,Strong,32.55%,1.63,26.56,26.78,33%
ULH,"Universal Logis Holdings","Transportation - Services",18.51,-0.80%,4,Buy,"40% Buy",-10.92,-26.49%,16.94,17.14,17.44,18.94,51.06,-42.73,10.01,58863,Weakest,Weak,22.20%,0.79,18.02,19.86,27%
PIPR,"Piper Jaffray Companies","Finance - Misc Services",76.43,+0.42%,2,Hold,"48% Sell",-11.21,-11.82%,77.76,75.34,78.14,75.5,52.77,-28.06,-21.86,623125,Weakening,Soft,64.64%,1.01,73.15,77.84,70%
DGXX,"Digi Power X Inc","Technology Services",3.81,+2.97%,2,Sell,"56% Sell",-11.22,+37.55%,5.07,3.95,4.21,3.79,48.5,21.31,37.56,5482108,Average,Weak,46.24%,0.28,3.41,4.18,52%
TBCH,"Turtle Beach Corp","Computers - Peripheral Equpt",12.81,+8.19%,3,Sell,"40% Buy",-11.35,-15.45%,12.41,12.65,12.16,12.48,53.09,-31.69,-20.55,295823,Weakening,Weak,28.30%,1.19,11.87,13.08,78%
BXSL,"Blackstone Secured Lending Fund","Finance - SBIC & Commercial",24.41,+0.62%,5,Buy,"24% Buy",-11.36,-15.21%,23.95,24.01,24.01,24.64,49.48,-31.45,-19.14,2091209,Weakest,Minimum,13.51%,0.8,24.2,25.08,24%
ELTK,"Eltek Ltd","Electronics - Misc Components",8.15,+0.62%,3,Sell,"88% Sell",-11.40,-19.31%,8.67,8.56,8.68,8.13,47.94,-35.55,-17.63,12905,Strengthening,Average,53.21%,0.9,7.52,8.74,51%
FRPH,"Frp Holdings Inc","Real Estate Operations",22.15,-0.45%,1,Sell,"72% Sell",-11.41,-12.76%,22.84,22.86,22.83,22.25,45.74,-29.,-14.66,73785,Average,Soft,31.06%,1.35,21.73,22.77,41%
NKTR,"Nektar Therapeutics","Medical - Drugs",69.76,-1.26%,3,Hold,"32% Buy",-11.48,+47.80%,71.62,72.18,71.75,73.45,42.03,31.56,53.15,986313,Weakest,Weak,22.06%,1.13,70.11,76.8,-5%
YOU,"Clear Secure Inc Cl A","Internet - Software",42.23,-1.19%,1,Sell,"72% Sell",-11.48,+13.25%,52.78,49.84,50.29,43.85,33.09,-2.99,8.53,1600810,Strongest,Average,8.00%,0.85,42.3,45.4,-2%
MKL,"Markel Corp","Insurance - Multi Line",1784.1801,+0.14%,2,Sell,"88% Sell",-11.54,-9.16%,1865.3,1882.14,1905.04,1806.5,38.98,-25.4,-28.85,60000,Average,Strong,18.13%,0.74,1770.1,1842.91,19%
PODC,"Podcastone Inc","Internet - Content",2.45,-3.16%,2,Sell,"56% Sell",-11.66,+46.71%,3.64,3.33,3.23,2.7,31.43,30.47,-12.66,110243,Strengthening,Soft,29.27%,1.5,2.41,2.98,7%
SPH,"Suburban Propane Partners LP","Oil Refining & Marketing MLP",17.07,-1.84%,4,Sell,"100% Sell",-11.70,-8.37%,18.43,17.89,19,17.56,33.39,-24.61,-19.78,168215,Strongest,Strong,10.43%,2.08,17.24,17.88,-27%
MC,Moelis,"Finance - Investment Brokers",64.03,-0.34%,2,Sell,"8% Buy",-11.98,-15.36%,66.85,67.37,64.62,67.46,39.82,-31.6,-18.7,1017939,Weakening,Minimum,3.52%,1.34,64.55,70.37,-9%
VTEX,"Vtex Cl A","Internet - Software",3.6,+1.41%,2,Sell,"32% Sell",-11.99,-12.62%,3.84,3.92,3.79,3.6,42.15,-28.86,-16.11,1172005,Weakest,Weak,38.84%,0.68,3.49,3.72,48%
AKA,"A.K.A. Brands Holding Corp","Retail - Apparel & Shoes",10.87,-0.46%,2,Sell,"24% Buy",-12.05,+3.82%,10.47,10.92,10.41,10.72,51.86,-12.42,-10.26,4893,Weakening,Weak,32.99%,0.57,10.31,11.13,68%
GLAD,"Gladstone Cap Corp","Finance - SBIC & Commercial",19.48,+0.52%,4,Hold,"48% Buy",-12.10,-17.46%,19.35,19.58,18.96,19.79,44.83,-33.7,-17.56,186872,Weakest,Weak,13.82%,0.54,19.34,20.23,16%
ATHE,"Alterity Therapeutics Ltd ADR","Medical - Biomedical",4.05,-1.46%,1,Sell,"8% Sell",-12.35,-17.98%,4.61,4.73,4.26,4.53,34.79,-34.22,19.64,25517,Average,Minimum,28.05%,1.47,4.17,4.89,-16%
TTAM,"Titan America Sa","Building & Construction - Misc",14.6,-0.54%,2,Sell,"100% Sell",-12.39,-9.09%,16.35,16.08,16.43,15.12,37.46,-25.33,-23.26,292468,Strongest,Strong,16.22%,1.18,14.44,15.8,12%
NC,"Nacco Industries",Coal,39.7,-0.35%,5,Sell,"100% Sell",-12.54,-3.48%,47.33,44.43,49.1,41.56,33.64,-19.72,-30.9,12588,Strongest,Maximum,1.06%,0.57,39.55,43.56,4%
ABG,"Asbury Automotive Group Inc","Retail - Wsale Auto & Trucks",208.5,-0.15%,9,Sell,"8% Sell",-12.62,-17.54%,205.71,215.81,206.1,211.7,44.08,-33.78,-22.18,235167,Weakest,Minimum,17.28%,0.66,205.55,217.84,24%
ACET,"Adicet Bio Inc","Medical - Biomedical",9.52,-0.10%,9,Buy,"100% Buy",-12.63,-32.54%,8.43,8.8,7.99,9.19,59.35,-48.78,1.21,132575,Strengthening,Average,67.41%,1.28,8.51,9.87,74%
CHCT,"Community Healthcare Trust Inc","REIT - Equity Trust Other",14.61,-0.14%,2,Sell,"88% Sell",-12.67,-7.12%,17.01,16.52,16.94,14.86,34.1,-23.36,-22.87,257725,Strengthening,Strong,18.57%,0.75,14.52,15.19,13%
VINP,"Vinci Compass Investments Ltd","Finance - Misc Services",9.44,-1.15%,7,Sell,"100% Sell",-12.68,-5.98%,9.99,9.7,10.39,9.55,45.03,-22.22,-39.46,63559,Strengthening,Good,27.03%,0.87,9.18,9.93,35%
CYH,"Community Health Systems","Medical - Hospitals",2.92,+1.04%,6,Sell,"80% Sell",-12.81,-2.67%,2.99,3.06,3.06,2.94,48.09,-18.91,-18.26,1650370,Average,Soft,50.00%,0.51,2.85,3.02,40%
INKT,"Mink Therapeutics Inc","Medical - Biomedical",12,-1.07%,6,Buy,"40% Buy",-12.86,-18.09%,11.36,11.19,11.23,11.56,56.52,-34.33,-4.23,107669,Average,Weak,69.74%,3.81,10.84,12.28,80%
ABEO,"Abeona Therapeutics","Medical - Biomedical",5.41,-1.19%,1,Sell,"24% Sell",-12.92,-19.78%,6.01,6.4,5.65,5.94,32.36,-36.02,-9.1,1256823,Strengthening,Minimum,13.91%,1.13,5.55,6.32,-18%
WHF,"Whitehorse Finance","Finance - SBIC & Commercial",7.04,+0.86%,2,Buy,"24% Buy",-12.92,-19.91%,6.89,6.76,6.95,7.07,54.11,-36.15,-10.56,109840,Weakening,Weak,32.54%,1.27,6.95,7.19,37%
FCN,"Fti Consulting",Consulting,148.07,-1.49%,5,Sell,"100% Sell",-13.23,-11.20%,157.19,155.53,161.44,151.91,39.39,-27.44,-25.17,414512,Strongest,Strong,21.39%,0.64,148.21,155.62,-2%
MKC.V,"Mccormick & Company Inc","Food - Misc & Diversified",56.53,-2.70%,8,Buy,"24% Buy",-13.38,-18.95%,50.74,53.08,53.9,54.74,60.2,-35.19,-28.73,6292,Average,Weak,70.13%,4.82,52.02,57.47,83%
LBTYA,"Liberty Global Ltd Ord A","Diversified Comm Services",10.47,-1.41%,8,Sell,"88% Sell",-13.47,-12.38%,11.19,10.56,11.54,10.62,45.72,-28.62,-17.86,2300709,Strengthening,Strong,24.22%,1.14,10.39,10.85,17%
IDR,"Idaho Strategic Resources","Mining - Gold",30.91,+1.05%,1,Buy,"72% Sell",-13.61,+5.21%,35.03,31.13,35.54,31.78,46.34,-11.03,-35.15,346625,Average,Average,14.47%,0.68,29.81,33.75,28%
RHLD,"Resolute Holdings Management","Finance - Misc Services",130.14,+1.43%,2,Hold,"48% Sell",-13.89,+88.83%,128.79,133.6,140.92,132.51,47.45,72.59,-48.81,167990,Weakening,Weak,34.09%,0.89,121.04,143.97,40%
ADV,"Advantage Solutions Inc","Consumer Prdts - Misc Discr",33.32,+2.11%,5,Sell,"8% Buy",-14.02,-29.85%,36.65,35.36,30.98,32.84,49.97,-46.09,39.6,82096,Weakest,Weak,46.43%,0.39,30.66,35.03,61%
FPH,"Five Point Holdings Llc Cl A","Real Estate Developers",5.05,+1.00%,1,Sell,"56% Sell",-14.18,-15.55%,5.09,5.16,5.12,5.1,44.5,-31.79,-21.51,170153,Average,Weak,23.03%,0.89,5.02,5.19,20%
AUNA,"Auna Sa Cl A","Medical Services",5.17,-0.19%,4,Buy,"56% Buy",-14.27,-18.84%,5.04,5.2,5.14,5.25,47.18,-35.08,-6.77,308740,Weakest,Weak,19.82%,0.38,5.07,5.43,27%
RAVE,"Rave Restaurant Group","Retail - Restaurants",2.9,-2.19%,4,Sell,"8% Sell",-14.81,-9.66%,3.05,3.15,2.95,3.05,34.31,-25.9,-23.97,50113,Weakening,Minimum,32.84%,0.23,2.91,3.2,-3%
MATV,"Mativ Holdings Inc","Chemical - Specialty",11.94,-3.16%,1,Buy,"56% Buy",-14.84,-4.02%,9.42,10.32,9.68,12.26,53.79,-20.26,-13.58,443021,Weakest,Average,48.96%,0.77,11.84,12.68,12%
VFS,"Vinfast Auto Ltd","Auto - Domestic",3.21,+6.64%,5,Hold,"56% Sell",-14.93,-1.83%,3.37,3.11,3.4,3.11,56.7,-18.07,-15.74,508778,Weakest,Soft,31.24%,1.84,3.02,3.19,110%
KBDC,"Kayne Anderson Bdc Inc","Finance - SBIC & Commercial",12.96,0.00%,1,Sell,"100% Sell",-15.20,-14.29%,14,13.54,13.98,13.36,33.37,-30.53,-21.35,339087,Strongest,Maximum,8.53%,0.51,13,13.72,-5%
DMAC,"Diamedica Therapeutics Inc","Medical - Biomedical",6.47,0.00%,1,Sell,"56% Sell",-15.40,-11.13%,6.48,6.86,6.78,6.59,45.6,-27.37,-30.57,230587,Strengthening,Weak,38.45%,0.74,6.33,6.85,27%
DORM,"Dorman Products Inc","Auto - Truck Replacement Parts",126.66,+0.02%,3,Sell,"24% Buy",-15.41,-22.60%,128.17,134.49,123.01,130.16,41.31,-38.84,-9.03,248579,Weakest,Weak,24.12%,0.5,124.88,135.44,17%
GXO,"Gxo Logistics Inc","Transportation - Air Freight",45.84,+0.90%,3,Sell,"100% Sell",-15.53,-11.09%,50.02,49.31,52.4,46.9,41.92,-27.33,-24.77,1320136,Strongest,Strong,18.49%,1.23,45.02,48.77,22%
KR,"Kroger Company","Retail - Supermarket",58.49,+2.70%,6,Sell,"72% Sell",-15.54,-13.00%,60.86,57.77,64.09,57.51,54.43,-29.24,-18.24,6840035,Weakest,Strong,42.70%,1.82,55.65,59.37,76%
PRVA,"Privia Health Group Inc","Medical Information Systems",20.42,+0.25%,2,Sell,"40% Sell",-15.66,-10.87%,23.42,23.49,23.02,20.95,29.27,-27.11,-25.73,960039,Weakening,Average,17.07%,0.78,20.09,21.8,19%
AGMB,"Agomab Therapeutics NV Adrs","Medical - Biomedical",13.06,-6.31%,3,Buy,N/A,-15.71,N/A,12.38,13.38,0,13.85,44.74,N/A,N/A,N/A,N/A,N/A,35.22%,1.68,12.37,15.33,23%
AMC,"AMC Entertainment Holdings","Leisure & Recreation Services",2.46,+4.24%,6,Hold,"80% Buy",-15.74,-12.14%,2.1,2.4,1.81,2.55,47.59,-28.38,45.84,34583914,Average,Good,45.22%,0.48,2.36,2.74,27%
HUN,"Huntsman Corp","Chemical - Diversified",9.54,+0.10%,1,Sell,"88% Sell",-15.76,-14.44%,12.23,10.64,12.38,9.75,41.03,-30.68,-16.45,5412630,Average,Strong,29.85%,0.52,9.17,10.33,32%
KRC,"Kilroy Realty Corp","REIT - Equity Trust Other",34.9,+0.14%,6,Sell,"8% Sell",-15.81,-18.74%,36.55,37.77,34.38,36.33,34.07,-34.98,-18.46,1719472,Weakening,Minimum,7.81%,0.9,35.03,37.63,-5%
TDOC,"Teladoc Health Inc","Medical Services",6.16,+1.15%,2,Sell,"40% Sell",-15.97,-20.72%,7.3,7.57,6.6,6.37,37.81,-36.96,-23.85,5144536,Weakening,Weak,17.73%,0.56,6.01,6.73,21%
NSSC,"Napco Sec Tech Inc","Protection - Safety",36.26,+2.11%,2,Sell,"100% Sell",-15.98,-12.61%,38.04,37.2,39.68,36.71,46.12,-28.85,-24.9,476573,Strengthening,Average,11.10%,0.86,34.63,38.79,39%
CC,"Chemours Company","Chemical - Diversified",15.03,-0.27%,3,Sell,"88% Sell",-16.08,-10.32%,19.7,16.46,19.75,15.54,41.38,-26.56,15.63,2846496,Strengthening,Good,6.13%,0.49,14.94,16.13,7%
DRVN,"Driven Brands Holdings Inc","Retail - Wholesale Auto Parts",12.15,-1.22%,7,Sell,"72% Sell",-16.11,-34.57%,13.54,13.77,13.35,12.89,37.96,-50.81,-29.87,1378559,Strongest,Soft,17.12%,0.96,12.13,13.65,1%
LONA,"Leonabio Inc","Medical - Biomedical",6.92,+0.87%,5,Sell,"56% Sell",-16.16,+81.10%,8.51,7.86,8.22,7.69,37.97,64.86,-20.44,364366,Strengthening,Weak,24.43%,0.88,6.99,8.38,-5%
SHEN,"Shenandoah Telecom","Diversified Comm Services",11.91,-0.58%,1,Sell,"88% Sell",-16.21,-13.07%,14.13,12.43,14.22,12.34,40.63,-29.31,-8.82,368954,Strongest,Good,26.02%,1.46,11.74,12.94,14%
LBTYK,"Liberty Global Ltd Ord C","Broadcast - Radio & TV",10.15,-2.40%,8,Sell,"88% Sell",-16.27,-16.18%,10.87,10.29,11.23,10.37,42.68,-32.42,-19.91,1232546,Strengthening,Strong,36.81%,1.21,10.14,10.6,3%
LADR,"Ladder Capital Corp","REIT - Mortgage Trusts",9.61,-0.62%,3,Sell,"88% Sell",-16.54,-18.14%,9.99,9.81,10.05,9.85,40.12,-34.38,-24.41,894477,Strongest,Good,17.08%,0.9,9.62,10.09,-1%
WKEY,"Wisekey International Holding Ltd ADR","Protection - Safety",6.36,+0.95%,1,Sell,"100% Sell",-16.80,+12.47%,7.29,6.55,7.16,6.45,47.06,-3.77,-30.83,124004,Strengthening,Average,35.35%,0.77,6.15,6.75,35%
GTN,"Gray Media Inc","Broadcast - Radio & TV",4.85,-0.41%,3,Buy,"40% Buy",-16.94,-17.38%,4.45,4.48,4.62,4.91,52.99,-33.62,-11.64,1304546,Weakening,Weak,36.84%,0.8,4.69,5.12,37%
RILY,"Brc Group Holdings Inc","Finance - Misc Services",6.6,+0.30%,3,Sell,"88% Sell",-17.01,+6.11%,7.95,7.12,7.69,7.01,38.01,-10.13,29.48,1122542,Strongest,Soft,10.71%,0.98,6.6,7.43,0%
NGVC,"Natural Grocers By Vitamin Cottage Inc","Food Items - Wholesale",28.56,+1.96%,6,Sell,"8% Buy",-17.07,-24.82%,29.64,29.93,28.42,27.67,51.78,-41.06,2.16,176222,Weakening,Minimum,58.70%,1.62,26.86,28.47,105%
SNAP,"Snap Inc","Internet - Software",5.68,+2.90%,6,Buy,"8% Buy",-17.14,-22.09%,5.29,5.08,5.18,5.43,57.23,-38.33,-41.47,45144590,Average,Minimum,42.56%,0.79,5.04,5.82,82%
ATHM,"Autohome Inc ADR","Internet - Services",21.68,+0.05%,1,Sell,"40% Buy",-17.39,-26.56%,19.94,21.8,19.63,22.06,46.83,-42.8,-14.46,698560,Weakening,Soft,26.79%,0.6,21.3,22.82,25%
TARA,"Artara Therapeutics Inc","Medical - Drugs",3.82,+0.79%,2,Sell,"100% Sell",-17.68,+19.37%,4.32,4,4.77,3.91,42.59,3.13,-40.18,807989,Average,Average,29.35%,1.28,3.78,4.03,15%
LMRI,"Lumexa Imaging Holdings Inc","Medical Products",11.49,+2.68%,2,Buy,N/A,-17.70,N/A,10.32,11.53,10.93,11.78,48.57,N/A,-49.74,N/A,N/A,N/A,15.89%,1.23,11.2,12.35,25%
ROCK,"Gibraltar Ind Inc","Building & Construction - Misc",46.16,+3.68%,1,Hold,"80% Buy",-17.72,-26.14%,42.4,45.62,42.97,46.06,50.66,-42.38,-18.48,336840,Strengthening,Weak,56.68%,0.77,43.59,48.53,52%
ANGH,"Anghami Inc","Broadcast - Radio & TV",3.38,+3.53%,1,Hold,"32% Sell",-17.86,+6.11%,3.7,3.44,3.48,3.42,47.28,-10.13,-22.33,265407,Weakening,Weak,10.14%,0.15,3.21,3.63,39%
BBWI,"Bath & Body Works Inc","Retail - Misc & Diversified",18.57,+6.42%,4,Sell,"88% Sell",-18.14,-33.37%,19.51,19.69,19.87,18.9,47.08,-49.61,-19.37,6050412,Strengthening,Soft,23.23%,1.09,17.54,20.27,38%
LGCY,"Legacy Education Inc",Schools,10.15,-0.59%,5,Sell,"100% Sell",-18.49,-18.28%,11.34,11.26,11.87,10.59,34.02,-34.52,-12.24,52711,Strongest,Average,2.77%,0.92,10.09,11.08,6%
ATEC,"Alphatec Holdings","Medical Instruments",10.58,+19.68%,5,Buy,"24% Buy",-18.51,-32.31%,8.93,9.29,10.08,9.42,65.57,-48.55,-61.56,2854250,Average,Minimum,45.86%,2.98,8.73,10.11,134%
EQ,"Equillium Inc","Medical - Biomedical",2.11,-12.81%,6,Hold,"16% Sell",-18.51,+6.03%,2.48,2.43,2.28,2.32,42.45,-10.21,24.28,638084,Weakening,Minimum,73.42%,0.9,2.09,2.54,4%
INSM,"Insmed Inc","Medical - Biomedical",129.41,+1.67%,1,Buy,"24% Buy",-18.61,-11.23%,114.78,117.46,126.38,125.38,60.31,-27.47,-37.49,3077058,Average,Minimum,82.94%,0.67,119.37,131.38,84%
PHUN,"Phunware Inc","Internet - Software",2.03,+0.50%,6,Sell,"16% Buy",-18.68,-24.54%,2.07,2.11,1.99,2.07,42.01,-40.78,-2.12,139107,Weakest,Minimum,9.92%,1.73,2.01,2.13,15%
LMAT,"Lemaitre Vascular","Medical Products",80.59,+2.27%,3,Sell,"88% Sell",-18.69,-14.48%,95.09,90.38,98.31,80.79,41.67,-30.72,-12.48,267595,Average,Strong,27.37%,0.79,78.17,83.41,46%
HNRG,"Hallador Energy Company","Other Alt Energy",15.34,-1.67%,8,Buy,"72% Sell",-19.16,-10.34%,16.72,15.85,17.02,16.16,43.13,-26.58,-31.28,764316,Strengthening,Average,40.08%,0.68,15.31,17.01,2%
JL,"J-Long Group Limited","Textile - Apparel",4.74,-4.25%,1,Sell,"80% Sell",-19.32,-18.97%,5.83,5.35,5.65,4.74,42.59,-35.21,-34.34,37249,Strengthening,Average,75.26%,0.27,4.36,5.11,51%
GNLX,"Genelux Corp","Medical - Biomedical",2.49,+0.40%,5,Sell,"88% Sell",-19.41,-31.78%,2.83,2.77,2.76,2.63,40.37,-48.02,-54.74,224275,Strengthening,Soft,19.05%,0.53,2.41,2.86,18%
JRVR,"James River Group Hldgs Inc","Insurance - Multi Line",3.95,+2.60%,2,Sell,"100% Sell",-19.44,-26.99%,4.46,4.36,5.14,4.06,39.96,-43.23,-49.74,313211,Strengthening,Strong,16.69%,1.6,3.89,4.23,17%
LWAY,"Lifeway Foods Inc","Food - Dairy Products",24.61,-0.89%,1,Sell,"24% Sell",-19.63,-24.90%,27.2,28.51,25.32,25.62,34.36,-41.14,-10.28,111149,Average,Minimum,8.53%,0.71,24.4,26.83,9%
RM,"Regional Managment Corp","Finance - Consumer Loans",32.99,+0.73%,5,Sell,"56% Sell",-19.67,-23.23%,36.65,36.48,35.69,33.17,44.38,-39.47,-26.71,67438,Weakest,Average,36.92%,0.46,31.85,34.49,43%
STEP,"Stepstone Group Inc Cl A","Finance - Misc Services",48.92,-0.85%,3,Buy,"8% Sell",-19.70,-22.92%,47.99,46.8,48.45,49.92,49.22,-39.16,-35.61,1172780,Weakest,Weak,20.69%,0.6,48.08,51.75,23%
MITT,"Tpg Mortgage Investment Trust Inc","REIT - Mortgage Trusts",6.56,-0.61%,4,Sell,"100% Sell",-19.93,-15.68%,7.44,7.06,7.59,6.7,36.61,-31.92,-34.85,233376,Strongest,Maximum,26.82%,1.53,6.58,6.82,-8%
GEG,"Great Elm Group Inc","Conglomerates - Div Operations",2.2,-0.90%,6,Buy,Hold,-19.96,-22.54%,2.19,2.18,2.13,2.18,52.57,-38.78,-25.58,25645,Bearish,,62.96%,0.82,2.12,2.23,74%
NCDL,"Nuveen Churchill Direct Lending Corp","Finance - SBIC & Commercial",12.15,+0.66%,2,Sell,"100% Sell",-20.21,-21.16%,12.85,12.48,13.06,12.35,41.9,-37.4,-20.77,233837,Strongest,Strong,11.67%,0.65,12.07,12.63,13%
ASTE,"Astec Inds Inc","Machinery - Construct & Mining",41.42,-0.72%,7,Sell,"100% Sell",-20.31,-12.93%,51.47,48.51,53.37,42.75,36.59,-29.17,-16.24,219041,Strongest,Strong,30.75%,0.91,40.82,44.68,15%
PLUG,"Plug Power Inc","Electronics Products - Misc",2.1,-0.47%,2,Sell,"88% Sell",-20.41,+39.07%,2.72,2.2,2.57,2.19,44.46,22.83,-5.25,77588297,Strongest,Average,23.99%,0.59,2.05,2.33,18%
TSQ,"Townsquare Media Llc","Broadcast - Radio & TV",5.22,-0.76%,3,Sell,"88% Sell",-20.79,-25.43%,6.32,6.09,6.36,5.66,32.1,-41.67,-10.29,112084,Strongest,Good,12.12%,0.58,5.25,6.08,-3%
RDY,"Dr. Reddy's Laboratories Ltd ADR","Medical - Generic Drugs",11.9,+1.62%,2,Sell,"100% Sell",-20.82,-19.21%,12.98,12.39,13.3,12.09,40.54,-35.45,-27.09,2251920,Strengthening,Strong,22.01%,1.15,11.79,12.4,18%
NAVI,"Navient Corp","Finance - Consumer Loans",9.42,+2.95%,7,Buy,"40% Buy",-20.85,-28.58%,8.66,8.92,8.65,9.35,54.22,-44.82,-39.39,1076298,Average,Weak,27.35%,0.72,9.02,9.68,60%
ACIC,"American Coastal Insurance Corp","Insurance - Proprty & Casualty",9.34,-0.11%,2,Sell,"100% Sell",-20.93,-15.55%,10.53,10.14,10.8,9.42,39.69,-31.79,-37.9,239305,Strengthening,Maximum,37.24%,0.83,9.14,9.71,36%
TCI,"Transcontinental Realty Investors","Real Estate Developers",39.1,-0.18%,4,Sell,"56% Sell",-21.06,-16.74%,39.29,40.43,39.52,37.77,52.4,-32.98,-45.15,17180,Weakest,Weak,68.75%,0.81,35.23,40.31,76%
CRTO,"Criteo S.A. ADR","Internet Software Services",17.44,+0.40%,3,Sell,"56% Sell",-21.18,-20.37%,18.7,19.65,18.54,17.63,43.78,-36.61,-27.23,457680,Weakening,Weak,34.36%,0.3,16.73,18.53,39%
SMSI,"Smith Micro Software","Computer - Software",2.9,+3.20%,2,Buy,"32% Sell",-21.27,-20.93%,3.26,2.76,3.26,2.9,53.59,-37.17,-4.48,78162,Weakest,Soft,19.03%,0.86,2.78,3.01,51%
SGRY,"Surgery Partners CS","Medical Services",14.38,+1.84%,2,Sell,"8% Sell",-21.30,-34.96%,14.77,15.19,14.36,14.14,49.09,-51.2,-18.78,1675091,Weakest,Minimum,54.04%,0.64,13.5,14.78,69%
EVR,"Evercore Partners Inc","Finance - Investment Brokers",281.21,-0.85%,3,Sell,"100% Sell",-21.30,-18.10%,329,314.1,323.32,292.22,34.52,-34.34,-29.2,496372,"Top 1%",Strong,19.72%,0.56,279.31,305.14,7%
BV,"Brightview Holdings Inc","Agriculture Products",11.19,+1.73%,4,Sell,"100% Sell",-21.53,-20.97%,12.64,12.54,12.62,11.24,42.62,-37.21,-23.53,736232,Strengthening,Strong,44.99%,1.24,10.86,11.62,43%
CLB,"Core Laboratories Inc","Oil - Field Services",12.5,-0.24%,5,Buy,"40% Sell",-21.55,-1.34%,12.69,11.76,14.12,12.41,56.66,-17.58,-33.87,546769,Weakest,Average,73.24%,0.52,12.04,12.79,61%
WU,"Western Union Company","Financial Transaction Services",6.93,+0.58%,2,Sell,"100% Sell",-21.62,-18.37%,7.87,7.54,8.37,7.19,39.25,-34.61,-37.41,8840383,Strengthening,Strong,14.29%,0.47,6.89,7.48,6%
CCI,"Crown Castle","REIT - Equity Trust Other",75.62,+2.37%,8,Sell,"88% Sell",-21.85,-20.88%,82.12,76.15,83.39,75.52,49.05,-37.12,-26.76,3481766,Weakening,Strong,28.71%,0.78,73.91,77.14,53%
JYNT,"The Joint Corp","Medical - HMO",7.85,-2.24%,2,Sell,"100% Sell",-22.00,-23.04%,8.67,8.53,8.7,8.32,31.71,-39.28,-21.83,82731,"Top 1%",Average,6.83%,1.26,7.97,8.66,-18%
TMUS,"T-Mobile US","Wireless National",182.33,+2.92%,8,Hold,"64% Sell",-22.02,-24.47%,184.43,181.84,192.68,181.65,51.52,-40.71,-22.05,5519435,Weakest,Soft,25.06%,0.81,176.34,186.96,56%
CEPL,"Capstone Energy Plus Inc","Other Alt Energy",5.89,+9.48%,1,Sell,"56% Sell",-22.05,+116.54%,9.04,7.92,7.89,6.09,42.35,100.3,5.02,290031,Weakening,Soft,33.26%,1.12,5.23,6.96,38%
UPBD,"Upbound Group Inc","Finance - Leasing Companies",18.31,+0.60%,3,Sell,"40% Sell",-22.41,-28.25%,19.34,19.91,19.35,18.89,41.33,-44.49,-7.58,863871,Weakening,Weak,19.00%,0.68,17.94,19.84,20%
CLFD,"Clearfield Inc","Wireless Equipment",30.02,+6.15%,2,Sell,"72% Sell",-22.56,-11.73%,34.66,30.27,32.98,28.69,53.35,-27.97,-8.87,196448,Weakening,Soft,53.15%,0.92,27.06,30.32,91%
WSO,"Watsco Inc","Machinery - General Industrial",314.22,+1.07%,2,Sell,"88% Sell",-22.57,-20.94%,370.09,338.46,378.7,312.55,45.22,-37.18,-18.6,439214,Average,Strong,65.42%,0.67,305.65,319.45,62%
PSBD,"Palmer Square Capital Bdc Inc","Finance - SBIC & Commercial",10.16,-0.68%,2,Buy,"56% Sell",-22.78,-25.51%,10.46,10.15,10.53,10.3,44.42,-41.75,-28.5,113171,Strengthening,Soft,15.00%,0.46,10.16,10.44,1%
JBTM,"Jbt Marel Corporation","Technology Services",114.38,+1.76%,1,Sell,"100% Sell",-22.79,-18.38%,128.59,127.32,133.24,116.64,38.73,-34.62,-35.94,547765,Strengthening,Strong,23.05%,2.19,112.77,120.5,21%
OMSE,"Oms Energy Technologies Inc","Oil Field Machinery & Equip",4.5,+1.58%,4,Hold,Hold,-23.08,-20.77%,4.46,4.41,4.47,4.59,47.77,-37.01,-9.58,19651,Bearish,,27.18%,1.69,4.27,4.91,36%
VNDA,"Vanda Pharmaceuticals","Medical - Biomedical",5.09,+0.99%,6,Sell,"100% Sell",-23.13,+10.65%,5.89,5.44,6.45,5.34,42.03,-5.59,-54.14,1659874,Strongest,Good,9.61%,0.79,5.09,5.6,1%
XRAY,"Dentsply Sirona Inc","Medical - Dental Suppliers",10.46,-0.38%,2,Sell,"56% Sell",-23.14,-24.96%,11.39,12.13,11.72,11.01,35.53,-41.2,-20.34,4692868,Strengthening,Average,10.40%,0.72,10.45,11.58,1%
LOAN,"Manhattan Bridge","Finance - Consumer Loans",4.05,-0.74%,1,Sell,"100% Sell",-23.27,-24.02%,4.25,4.17,4.31,4.07,45.05,-40.26,-24.75,29187,Strongest,Average,45.63%,0.3,4.01,4.14,33%
OZ,"Belpointe Prep Llc Cl A Units","Real Estate Developers",47.525,-0.83%,1,Buy,"24% Sell",-23.29,-25.94%,47.51,46.67,48.97,47.94,49.15,-42.18,-38.77,13238,Weakest,Weak,10.96%,1.58,47.25,48.62,20%
LEDS,"Semileds Corp","Electronics - Semiconductors",2.15,+1.90%,1,Sell,"72% Buy",-23.45,+9.14%,1.99,2.07,1.79,2.04,54.51,-7.1,31.48,310096,Strengthening,Average,83.45%,0.01,1.79,2.29,72%
SLVM,"Sylvamo Corp","Paper & Related Products",35.29,+0.74%,1,Sell,"100% Sell",-23.51,-19.58%,38.82,37.6,40.61,36.24,40.99,-35.82,-38.56,331025,Average,Strong,31.55%,0.82,34.49,37.99,23%
ADNT,"Adient Plc","Auto - Truck Original Parts",19.24,+2.01%,3,Sell,"96% Sell",-23.55,-21.92%,20.58,19.68,21.13,19.24,49.22,-38.16,-11.48,1025089,Weakening,Average,35.77%,0.99,18.09,20.39,50%
PAC,"Grupo Aeroportuario Del Pacifico ADR","Transportation - Services",203.46,-0.54%,2,Sell,"100% Sell",-23.61,-20.83%,231.47,217.27,238.97,207.62,40.07,-37.07,-34.67,116250,Strongest,Strong,26.09%,0.44,201.07,214.18,18%
INFQ,"Infleqtion Inc","Computer - Integrated Systems",13.12,+1.23%,5,Buy,"8% Sell",-23.80,+27.63%,12.81,11.65,12.52,13.14,53.33,11.39,-27.75,8575288,Weakest,Minimum,41.83%,0.67,12.13,14.15,49%
EVAX,"Evaxion A/S ADR","Medical Information Systems",3.13,+0.97%,4,Buy,"56% Sell",-23.86,+8.68%,3.49,3.1,3.54,3.17,49.71,-7.56,-46.23,98382,Weakening,Weak,39.62%,0.12,2.93,3.41,41%
LOPE,"Grand Canyon Educati",Schools,151.2,-0.01%,11,Buy,"40% Sell",-23.97,-27.83%,151.63,147.86,156.25,148.91,54.87,-44.07,-20.94,317566,Weakest,Weak,85.91%,0.71,143.45,154.37,71%
DAKT,"Daktronics Inc","Electronics Products - Misc",17.89,-5.59%,2,Sell,"100% Sell",-24.01,-19.45%,19.86,19.85,20.73,19.33,31.38,-35.69,-21.36,509570,"Top 1%",Average,4.00%,1.33,18.39,20.27,-27%
GDDY,"Godaddy Inc","Internet Services - Delivery",98.07,+1.76%,6,Hold,"64% Buy",-24.25,-34.00%,89.59,94.24,88.39,97.59,52.56,-50.24,-32.81,2144345,Strengthening,Weak,30.65%,0.76,91.69,103.5,54%
TLK,"P.T. Telekomunikasi Indonesia Tbk ADR","Diversified Comm Services",14.94,-0.33%,9,Buy,"40% Sell",-24.93,-21.57%,15.36,14.63,16.71,14.82,53.75,-37.81,-40.88,750033,Weakening,Average,65.48%,0.76,14.47,15.18,66%
NVR,"NVR Inc","Building - Residential & Comm",6160.7598,+1.19%,2,Sell,"88% Sell",-24.94,-27.80%,6307.54,6365.52,6540.27,6301.88,43.45,-44.04,-27.37,28187,Strengthening,Average,18.90%,1.13,6110.43,6493.34,13%
ASIX,"Advansix Inc","Chemical - Specialty",16.6,-1.43%,7,Sell,"88% Sell",-25.35,-23.92%,20.4,18.68,20.58,16.88,40.94,-40.16,-15.9,390479,Strongest,Good,36.27%,1.37,16.19,17.56,30%
PASG,"Passage Bio Inc","Medical - Biomedical",5,+0.30%,5,Buy,"40% Sell",-25.40,-28.26%,4.98,4.64,6.18,4.62,61.38,-44.5,-69.48,66215,Weakest,Soft,63.68%,0.27,4.23,5.01,98%
AI,"C3.Ai Inc Cl A","IT Services",10.54,+0.67%,5,Buy,"24% Buy",-25.50,-35.73%,9.66,9.65,9.52,10.29,55.83,-51.97,-33.66,6008446,Average,Minimum,61.27%,1,9.63,10.96,68%
LAZ,"Lazard Inc","Finance - Misc Services",41.1,-1.84%,5,Sell,"88% Sell",-25.94,-27.50%,44.4,43.14,45.08,43.48,40.5,-43.74,-27.21,1515032,Strengthening,Average,6.09%,0.63,41.45,45.51,-9%
PHAR,"Pharming Group N.V. ADR","Medical - Biomedical",11.21,+3.75%,2,Sell,"100% Sell",-26.01,-24.26%,12.96,12.13,14.06,11.52,45.34,-40.5,-48.41,19757,Strengthening,Strong,26.04%,2.37,10.87,12.17,26%
TE,"T1 Energy Inc",Solar,4.61,+0.66%,1,Sell,"88% Sell",-26.06,+145.21%,6.58,5.35,6.48,4.63,45.64,128.97,-42.84,26364877,Strongest,Average,51.44%,0.43,4.13,5.12,48%
GLIBK,"Gci Liberty Inc Series C Gci","Wireline National",25.78,+0.27%,2,Buy,"24% Sell",-26.32,-29.21%,24.97,24.23,29.18,25.96,54.72,-45.45,-42.57,599484,Weakest,Weak,32.92%,0.46,25.32,26.6,36%
GLIBA,"Gci Liberty Inc Series A Gci","Wireless National",26.05,-0.19%,4,Buy,"24% Sell",-26.38,-29.69%,25.29,24.61,29.4,26.45,52.76,-45.93,-41.2,61932,Weakest,Weak,27.47%,0.48,25.79,27.1,20%
NTSK,"Netskope Inc Cl A","Internet - Software",14.7,-2.65%,3,Buy,"88% Buy",-26.42,N/A,12.08,13.71,11.43,14.58,53.54,N/A,-28.04,4436742,Strengthening,Average,64.53%,1.28,13.37,15.8,55%
TIC,"Tic Solutions Inc","Technology Services",9.56,+3.13%,1,Buy,"56% Buy",-26.43,-16.65%,8.6,8.53,8.51,9.46,56.55,-32.89,-17.29,2388259,Average,Weak,38.55%,0.47,9.01,9.91,61%
YALA,"Yalla Group Ltd ADR","Internet - Software",5.5,+1.10%,4,Buy,"56% Sell",-26.57,-26.67%,5.75,5.44,6.08,5.51,51.5,-42.91,-32.6,305793,Weakest,Average,30.86%,1.59,5.37,5.64,48%
DSWL,"Deswell Inds Inc","Electronics - Misc Components",3.01,-2.90%,1,Sell,"100% Sell",-26.63,-27.82%,3.35,3.27,3.35,3.08,40.87,-44.06,-24.86,11316,Strongest,Strong,55.28%,0.79,2.96,3.21,21%
JG,"Aurora Mobile Ltd ADR","Internet - Software",6.5,0.00%,7,Buy,"24% Buy",-26.90,-35.96%,5.58,5.26,6.17,6.23,59.84,-52.2,-7.85,5821,Weakening,Minimum,69.05%,0.36,5.59,6.88,71%
PUSA,"Aureus Greenway Holdings Inc","Leisure & Recreation Services",3.66,-0.27%,4,Buy,"56% Sell",-27.50,-13.27%,3.94,3.52,4.01,3.69,50.66,-29.51,4.34,854219,Average,Weak,37.23%,0.48,3.36,4.02,46%
AMTX,"Aemetis Inc",Biofuels,2.01,-0.99%,7,Buy,"8% Sell",-27.56,-6.94%,2.06,1.73,2.08,1.88,60.52,-23.18,32.75,1216234,Weakest,Minimum,63.58%,1.09,1.72,2.04,92%
MRDN,"Meridian Holdings Inc",Gaming,13.71,0.00%,4,Sell,"72% Buy",-27.96,+10.92%,12.56,13.66,10.93,13.84,50.48,-5.32,30.82,46583,Average,Average,35.05%,1.07,13.25,14.43,39%
CSBR,"Champions Oncolog","Medical - Drugs",5.1,+0.09%,4,Sell,"88% Sell",-28.04,-21.05%,5.73,5.41,5.81,5.05,47.14,-37.29,-38.04,9945,Weakening,Strong,33.85%,1.02,4.86,5.24,63%
LMND,"Lemonade Inc","Insurance - Multi Line",49.4,-0.42%,5,Sell,"100% Sell",-28.08,-2.02%,57.7,57.64,58.73,52.04,39.52,-18.26,-42.45,1916516,Strongest,Average,16.24%,0.58,48.45,55.63,13%
DAIO,"Data I O Corp","Electronics - Misc Components",2.77,+2.21%,2,Sell,"56% Sell",-28.13,-19.71%,3.22,3.09,3.03,2.9,38.45,-35.95,-24.47,46378,Average,Weak,8.68%,0.12,2.68,3.11,20%
LPL,"Lg Display Company Ltd ADR","Computers - Peripheral Equpt",3.31,+5.08%,2,Sell,"100% Sell",-28.90,-24.08%,3.97,3.33,4.08,3.32,49.32,-40.32,-33.23,1857004,Average,Strong,27.05%,0.76,3.15,3.49,47%
PMT,"Pennymac Mortgage Investment Trust","REIT - Mortgage Trusts",9.17,0.00%,4,Sell,"100% Sell",-28.98,-25.81%,10.22,9.66,10.79,9.4,39.39,-42.05,-38.78,1245463,Strongest,Strong,43.38%,0.82,9.1,9.7,12%
LSF,"Laird Superfood Inc","Food - Misc & Diversified",3.92,-1.51%,2,Sell,"40% Buy",-29.07,-32.53%,3.91,4.24,3.46,4.07,45.52,-48.77,64.73,76188,Weakest,Weak,34.36%,0.16,3.62,4.53,33%
CION,"Cion Investment Corp","Finance - SBIC & Commercial",7.18,+1.41%,2,Buy,"8% Sell",-29.37,-28.06%,6.87,6.81,7.12,7.35,49.89,-44.3,-37.6,540240,Weakest,Minimum,12.77%,0.47,7.16,7.53,6%
KAZR,"Skyline Builders Group Holding Limited Cl A","Engineering & R&D Services",2.18,-7.02%,2,Hold,"80% Sell",-29.56,-12.60%,2.77,2.24,2.89,2.11,50.41,-28.84,-37.53,195440,Strengthening,Average,75.21%,2.99,1.92,2.31,68%
MMLP,"Martin Midstrm LP","Transportation - Ship",2.18,-0.46%,2,Sell,"100% Sell",-29.84,-30.13%,2.43,2.35,2.54,2.29,40.83,-46.37,-28.33,21615,Strongest,Strong,41.28%,1.25,2.14,2.45,13%
ASR,"Grupo Aeroportuario Del Sureste ADR","Transportation - Services",251.77,+0.24%,2,Sell,"100% Sell",-30.29,-27.33%,286.48,270.33,306.21,258.06,34.82,-43.57,-34.,63700,Strongest,Maximum,14.17%,0.54,249.72,266.4,12%
SYM,"Symbotic Inc","Technology Services",42.13,+2.51%,4,Hold,"64% Sell",-30.30,-13.86%,45.66,41.89,48.53,41.22,51.96,-30.1,-41.04,2086499,Weakening,Average,64.40%,0.95,38.65,43.78,68%
KD,"Kyndryl Holdings","Technology Services",13.15,+3.71%,3,Hold,"32% Buy",-30.37,-59.82%,12.54,12.85,12.66,12.91,52.05,-76.06,-62.34,4180642,Average,Minimum,47.19%,0.71,12.24,13.58,68%
EAF,"Graftech International Ltd","Metal Production & Fabrication",6.58,+6.82%,1,Sell,"100% Sell",-30.65,-33.20%,7.77,6.88,7.41,6.81,45.76,-49.44,-69.43,319109,Average,Average,27.86%,0.93,5.92,7.7,37%
LUXE,"Luxexperience B.V. ADR","Textile - Apparel",7.39,-0.40%,4,Sell,"88% Sell",-31.22,-20.88%,7.86,7.87,8.17,7.64,41.17,-37.12,-23.35,234428,Average,Good,11.68%,1.09,7.29,7.99,14%
CHKP,"Check Point Software",Security,131.64,+0.87%,5,Buy,"24% Sell",-31.28,-33.02%,129.79,132.36,137.6,132.74,48.56,-49.26,-40.91,1296785,Weakest,Weak,37.95%,1.34,126.33,139.14,41%
FINW,"Finwise Bancorp","Banks - Southwest",13.33,-0.89%,4,Sell,"100% Sell",-31.29,-32.13%,14.18,13.92,14.94,13.89,35.82,-48.37,-37.55,23201,Strongest,Good,10.36%,0.75,13.45,14.34,-13%
IPWR,"Ideal Power Inc","Machinery - Electrical",4.79,-0.62%,4,Buy,"40% Buy",-31.39,-8.24%,5.06,4.5,4.45,4.87,51.36,-24.48,43.17,312411,Weakest,Weak,51.46%,0.59,4.53,5.21,38%
KROS,"Keros Therapeutics Inc","Medical - Biomedical",11.08,-0.81%,4,Buy,"8% Sell",-31.64,-29.70%,10.9,10.83,11.6,11.03,51.56,-45.94,-57.43,388877,Weakest,Weak,49.25%,0.72,10.38,11.69,54%
BRAI,"Braiin Limited","IT Services",5.68,+2.90%,3,Hold,N/A,-31.65,N/A,6.72,5.63,0,5.53,51.43,N/A,N/A,N/A,N/A,N/A,63.25%,0.05,5.24,5.81,78%
ARI,"Apollo Commercial Real Estate","REIT - Mortgage Trusts",6.63,-0.75%,2,Sell,"100% Sell",-31.75,-39.73%,9.17,7.44,9.65,6.84,31.09,-55.97,-43.36,2272876,Strongest,Maximum,5.60%,0.49,6.68,6.99,-18%
PPSI,"Pioneer Power Solutions","Machinery - Electrical",3.06,+3.03%,3,Hold,"80% Sell",-31.76,-32.60%,3.65,3.1,3.58,2.93,52.26,-48.84,-47.16,148705,Average,Good,58.04%,0.78,2.78,3.07,95%
SERA,"Sera Prognostics Inc Cl A","Medical Services",2.03,-0.98%,5,Hold,"40% Sell",-31.77,-33.88%,1.99,2.05,2.06,2.05,49.11,-50.12,-43.04,50622,Weakest,Weak,23.48%,0.81,1.9,2.19,44%
ACI,"Albertsons Companies Inc Cl A","Consumer Prdts - Misc Staple",12.08,+3.25%,4,Sell,"100% Sell",-31.79,-35.47%,14.22,12.77,15.29,12.28,45,-51.71,-41.49,7833373,Weakening,Strong,18.90%,0.73,11.8,12.77,29%
LPA,"Logistic Properties of The Americas","Real Estate Operations",3.38,+11.55%,2,Hold,"64% Buy",-31.93,-48.94%,3.23,3.15,3.12,3.15,60.89,-65.18,11.96,148613,Average,Weak,36.67%,6.58,2.9,3.41,95%
MSB,"Mesabi Trust","Mining - Iron",22.73,+1.11%,4,Hold,"96% Sell",-32.12,-28.86%,25.04,23.6,27.29,23.48,42.86,-45.1,-52.84,48187,Average,Strong,15.06%,0.79,22.27,24.68,19%
KRMD,"Koru Medical Systems Inc","Medical Information Systems",3.16,+0.32%,1,Sell,"100% Sell",-32.17,-21.39%,3.89,3.71,4.09,3.25,32.49,-37.63,-57.46,179986,Average,Good,12.17%,0.65,3.11,3.39,19%
STFS,"Star Fashion Culture Holdings Limited Cl A","Advertising Marketing Services",3.95,-4.13%,2,Sell,"56% Sell",-32.74,-46.91%,7.59,6.59,6.4,4.22,38.88,-63.15,-13.4,291743,Average,Weak,11.80%,0.05,3.83,4.61,15%
ONEW,"Onewater Marine Inc Cl A","Leisure & Recreational Prdcts",10.73,-2.28%,1,Sell,"8% Sell",-33.29,-35.17%,11.49,12.04,11.16,11.7,36.8,-51.41,-12.68,141527,Weakening,Minimum,6.06%,0.85,10.86,12.54,-8%
CSPI,"C S P Inc","Computer - Integrated Systems",7.76,+0.13%,1,Sell,"100% Sell",-33.46,-33.10%,8.62,8.03,8.71,7.81,45.14,-49.34,-49.77,24050,Strengthening,Good,43.61%,1.16,7.32,8.3,45%
IZEA,"Izea Inc","Internet - Software",2.89,-2.36%,1,Sell,"100% Sell",-33.52,-18.59%,3.58,3.29,3.61,3.01,34.24,-34.83,-45.87,61743,Strongest,Strong,17.65%,0.48,2.89,3.14,0%
ENPH,"Enphase Energy Inc",Solar,36.35,-1.38%,1,Sell,"88% Sell",-33.94,-2.60%,44.18,39.5,43.15,37.57,43.44,-18.84,1.57,6471110,Strongest,Soft,41.52%,0.71,34.91,40.23,27%
RSSS,"Research Solutions Inc","Printing - Commercial",2.14,+0.47%,4,Sell,"100% Sell",-34.21,-35.35%,2.29,2.22,2.32,2.21,41.9,-51.59,-39.06,59625,Strengthening,Average,18.77%,1.18,2.12,2.31,13%
LAW,"CS Disco Inc","Internet - Software",4.07,+0.25%,2,Hold,Hold,-34.51,-29.95%,4.01,4.13,3.96,4.26,45.11,-46.19,-59.4,317202,Bearish,,12.70%,0.55,4.01,4.5,12%
DNA,"Ginkgo Bioworks Holdings","Medical - Biomedical",6.75,-0.44%,3,Sell,"100% Sell",-34.59,-35.34%,8.28,7.85,8.03,7,41.94,-51.58,-30.62,1142898,Strongest,Average,18.53%,0.87,6.43,7.57,28%
GPGI,"Gpgi Inc","Conglomerates - Div Operations",13.3,+3.10%,1,Sell,"72% Sell",-35.30,-30.80%,13.9,14.06,15.84,13.27,47.27,-47.04,-42.87,2586741,Average,Average,35.72%,1.45,12.41,14.13,52%
AIOT,"Powerfleet Inc","Internet - Software",3,+1.69%,2,Sell,"72% Sell",-35.38,-42.75%,3.61,3.6,3.53,3,41.42,-58.99,-55.46,1590547,Weakening,Average,28.06%,0.48,2.9,3.1,51%
OFRM,"Once Upon A Farm Pbc","Food - Misc & Diversified",16.18,+1.83%,3,Sell,N/A,-35.38,N/A,16.94,17.27,0,17.17,41.3,N/A,N/A,N/A,N/A,N/A,20.58%,0.85,16.12,18.23,3%
PHAT,"Phathom Pharmaceuticals Inc","Medical - Biomedical",8.36,-0.12%,4,Sell,"100% Sell",-35.67,-30.68%,10.53,9.89,10.89,9.04,38.43,-46.92,-61.46,1188333,Strongest,Strong,14.45%,1.02,8.29,9.8,5%
FIRY,"Firy Inc","Conglomerates - Div Operations",9.95,+3.97%,3,Buy,"100% Buy",-36.01,+38.19%,8.74,9.43,6.88,9.82,52.88,21.95,119.01,578914,Strengthening,Strong,47.90%,0.11,9.32,10.31,64%
MMS,"Maximus Inc","Government Services",56.92,+0.69%,8,Sell,"100% Sell",-36.12,-36.82%,59.6,58.09,63.41,57.52,46.26,-53.06,-45.91,691455,Weakening,Good,22.06%,0.77,54.86,60.19,39%
BHM,"Bluerock Homes Trust Inc","REIT - Equity Trust Resident",8.4999,+1.43%,3,Sell,"100% Sell",-36.13,-31.51%,9.49,8.64,9.87,8.6,48.17,-47.75,-32.19,7937,Average,Good,32.79%,0.17,8.2,9,38%
GECC,"Great Elm Capital Corp","Finance - Investment Mgmt",5.98,+0.17%,6,Buy,"8% Buy",-36.28,-46.99%,5.68,5.59,5.67,5.95,56.61,-63.23,-26.97,84184,Weakening,Minimum,33.59%,1.19,5.75,6.16,56%
OEC,"Orion S.A.","Chemical - Specialty",5.8,+0.17%,1,Sell,"72% Sell",-36.43,-43.91%,6.83,6.37,6.55,6.08,40.32,-60.15,-2.,612456,Strengthening,Soft,15.02%,0.65,5.72,6.43,11%
RDCM,"Radcom Ltd","Computer - Networks",9.91,-0.50%,2,Sell,"88% Sell",-36.56,-31.04%,12.97,11.52,12.57,10.16,34.36,-47.28,-36.09,139658,Strengthening,Strong,23.40%,0.66,9.83,10.5,12%
DTST,"Data Storage Corp","Internet - Services",3.04,+1.69%,2,Sell,"88% Sell",-36.58,-33.33%,3.47,3.19,3.67,3.02,47.5,-49.57,-52.47,37730,Strengthening,Strong,57.27%,0.85,2.93,3.11,61%
XNET,"Xunlei Ltd ADR","Internet - Services",4.9,+0.20%,3,Sell,"100% Sell",-36.64,-34.75%,5.49,5.29,5.64,4.96,43.99,-50.99,-42.74,285186,Average,Average,39.78%,0.63,4.75,5.17,36%
ALHC,"Alignment Healthcare Inc","Medical Services",12.61,-1.18%,4,Sell,"100% Sell",-36.84,-22.87%,17.66,16.37,18.2,13.36,31.32,-39.11,-48.,4341261,Strongest,Maximum,11.99%,1.19,12.63,14.08,-2%
PSN,"Parsons Corp","Technology Services",45.75,-0.28%,4,Sell,"100% Sell",-36.94,-39.88%,52,50.56,54.39,47.3,42.04,-56.12,-37.82,1392792,Strengthening,Good,19.30%,1.03,44.75,49.84,20%
CPSH,"Cps Technologies","Electronics - Misc Components",4.08,+3.55%,1,Sell,"72% Sell",-37.27,+21.79%,5.2,4.24,4.91,3.94,50.57,5.55,20.19,754179,Average,Soft,69.18%,0.45,3.59,4.29,70%
SITE,"Siteone Landscape Supply","Industrial Services",92.82,-2.07%,4,Sell,"100% Sell",-37.48,-34.63%,108.47,100.2,118.67,96.78,38.29,-50.87,-37.33,750003,Strongest,Maximum,20.09%,2,93.04,100.52,-3%
ODYS,"Odysight.Ai Inc","Technology Services",3.45,-0.29%,1,Sell,"100% Sell",-37.79,-13.54%,4.31,4.14,4.86,3.65,37.92,-29.78,-7.3,241245,Strongest,Good,26.39%,0.18,3.31,4,20%
FISV,"Fiserv Inc","Financial Transaction Services",51.58,+5.42%,2,Sell,"100% Sell",-38.02,-61.99%,53.64,52.2,55.5,52.03,48.65,-78.23,-35.06,8109075,Average,Weak,22.58%,0.76,49.39,54.68,41%
MPAA,"Motorcar Parts Amer","Auto - Truck Replacement Parts",10.81,-1.41%,2,Sell,"40% Sell",-38.39,-32.61%,12.65,12.91,12.01,11.66,30,-48.85,-24.25,119451,Strengthening,Soft,17.82%,0.76,10.97,12.35,-12%
WRD,"Weride Inc ADR","Auto - Truck Original Parts",5.75,+0.97%,2,Buy,"72% Sell",-38.43,-41.92%,6.46,5.88,6.73,5.95,45.62,-58.16,-45.61,3446551,Average,Good,16.39%,0.99,5.59,6.3,22%
SWRD,"Stewards Inc",N/A,2.96,+32.74%,2,Sell,"64% Sell",-38.46,+18.40%,3.52,3.65,4.22,3.65,44.12,2.16,-53.81,152805,Strengthening,Soft,46.05%,45.99,2.75,4.54,12%
BZUN,"Baozun Inc ADR","IT Services",2.73,-0.36%,5,Hold,"48% Buy",-38.64,-38.79%,2.75,2.8,2.68,2.82,44.42,-55.03,-9.22,275306,Weakest,Weak,2.59%,0.3,2.66,2.97,21%
KOSS,"Koss Corp","Audio & Video Products",3.41,+0.29%,2,Sell,"100% Sell",-38.67,-40.38%,3.88,3.68,3.93,3.51,39.22,-56.62,-29.48,27340,Strongest,Strong,30.34%,1.53,3.33,3.69,22%
FULC,"Fulcrum Therapeutics Inc","Medical - Biomedical",3.8,0.00%,5,Buy,"56% Sell",-39.37,-45.64%,4.66,3.75,5.9,3.84,47.18,-61.88,-78.25,1706731,Weakest,Average,24.69%,0.5,3.77,3.91,19%
TCPC,"TCP Capital Corp","Finance - SBIC & Commercial",4.07,+1.50%,2,Buy,"8% Sell",-39.64,-43.63%,3.77,3.68,3.87,4.08,58.36,-59.87,-37.44,961329,Weakest,Minimum,19.65%,0.81,4,4.17,42%
AMSC,"Amer Superconductor","Electronics - Misc Components",29.53,+3.04%,1,Sell,"88% Sell",-39.89,-46.03%,39.59,31.69,37.39,29.75,45.66,-62.27,-9.24,1020960,Strengthening,Average,46.72%,0.55,27.6,31.9,45%
SAMG,"Silvercrest Ast Cm A","Finance - Investment Mgmt",9.95,-0.50%,5,Sell,"100% Sell",-39.95,-38.96%,10.99,10.16,12.07,10.06,45.45,-55.2,-46.35,45901,Strengthening,Strong,55.71%,2.64,9.82,10.3,26%
NEUP,"Neuphoria Therapeutics Inc","Medical - Biomedical",3.73,0.00%,5,Hold,"56% Sell",-40.18,-73.34%,4.29,3.73,4.33,3.82,42.45,-89.58,-15.72,97641,Average,Weak,10.00%,0.11,3.66,3.99,21%
AXIL,"Axil Brands Inc","Consumer Prdts - Misc Staple",6.165,+2.58%,5,Buy,"56% Sell",-40.18,-11.93%,6.37,6.06,6.42,6.29,49.45,-28.17,-22.89,204499,Weakest,Weak,9.51%,0.69,5.74,6.84,39%
HTT,"High Templar Tech Ltd WT","Technology Services",2.5,-1.57%,6,Buy,"80% Sell",-40.18,-41.86%,2.59,2.55,2.6,2.55,44.93,-58.1,-41.43,216028,Strengthening,Weak,33.32%,0.34,2.44,2.66,26%
LFVN,"Lifevantage Corp","Medical - Dental Suppliers",6.17,-3.14%,5,Sell,"8% Buy",-40.53,-47.35%,6.46,6.41,5.86,6.44,41.96,-63.59,-11.69,248735,Weakening,Minimum,47.12%,0.87,6.02,6.86,18%
HIVE,"Hive Digital Technologies Ltd","Finance - Misc Services",3.03,+1.34%,5,Hold,"32% Buy",-40.54,-10.36%,3.24,2.97,2.87,2.93,52.04,-26.6,5.59,18413434,Weakest,Minimum,63.84%,0.5,2.62,3.25,65%
LVO,"Liveone Inc","Audio & Video Products",3.98,+1.14%,1,Sell,"72% Sell",-40.83,-25.12%,5.16,4.41,5.12,3.78,50.02,-41.36,-27.42,81094,Average,Strong,76.69%,0.78,3.36,4.2,74%
TTGT,"Techtarget Inc.","Technology Services",3.87,+1.71%,8,Buy,"72% Sell",-41.13,-35.50%,4.3,3.91,4.24,3.86,48.65,-51.74,-40.18,433809,Average,Soft,40.28%,0.56,3.71,4.01,53%
EBON,"Ebang International Holdings Cl A","Machinery - Tools & Related",2.13,-1.39%,5,Buy,"40% Sell",-41.22,-50.35%,2.18,2.1,2.22,2.19,48.41,-66.59,-42.24,8565,Weakening,Weak,37.64%,0.94,1.99,2.38,36%
ACR,"Acres Commercial Realty Corp","REIT - Mortgage Trusts",13.56,-0.73%,4,Sell,"100% Sell",-41.30,-35.92%,17.65,15.77,18.1,14.27,29.55,-52.16,-48.31,28944,Strongest,Maximum,9.27%,1.25,13.47,15.07,6%
ARRY,"Array Technologies Inc",Solar,4.62,+1.54%,1,Sell,"100% Sell",-41.33,-41.15%,6.73,5.35,7.23,4.65,42.43,-57.39,-61.74,6080452,Strengthening,Maximum,38.71%,0.9,4.31,5,45%
RMTI,"Rockwell Medical IN","Medical Products",7.96,-1.00%,5,Buy,"8% Sell",-41.47,-52.90%,7.28,7.07,8.04,7.89,56.68,-69.14,-16.35,42212,Weakest,Minimum,57.79%,1.34,7.4,8.38,57%
BLRX,"Biolinerx Ltd ADR","Medical - Drugs",2.51,-2.32%,2,Sell,"88% Sell",-41.84,-37.41%,2.94,2.82,2.83,2.73,39.56,-53.65,-21.24,29094,Strongest,Average,4.64%,0.46,2.48,2.98,7%
OLMA,"Olema Pharmaceuticals Inc","Medical - Biomedical",10.22,-4.40%,4,Sell,"100% Sell",-41.90,+27.75%,11.99,11.28,14.21,10.69,41.94,11.51,-70.97,1555783,Strengthening,Average,29.45%,1.03,10.18,11.2,4%
SPCE,"Virgin Galactic Holdings Inc","Aerospace - Defense",2.92,+0.34%,2,Buy,"40% Sell",-41.93,-10.43%,3.1,2.85,2.94,3.03,47.05,-26.67,-20.88,13624854,Weakening,Weak,23.79%,0.42,2.79,3.26,27%
CIA,"Citizens Inc","Insurance - Life",3.58,+2.29%,4,Sell,"100% Sell",-42.48,-34.19%,4.98,4.51,5.09,3.82,33.26,-50.43,-37.73,114171,Strengthening,Maximum,12.77%,1.18,3.57,4.08,3%
YB,"Yuanbao Inc ADR","Insurance - Multi Line",13.91,+1.98%,3,Sell,"72% Sell",-42.70,-45.49%,14.52,13.83,16.04,13.68,52.97,-61.73,-43.19,44573,Weakening,Average,54.34%,2.8,13.2,14.15,75%
AMPG,"Amplitech Group","Communications Components",3.46,+0.29%,2,Sell,"40% Sell",-42.78,-9.42%,4.88,4.94,4.07,3.5,38.84,-25.66,3.87,2111237,Weakening,Minimum,39.06%,0.3,3.17,3.83,44%
ARQ,"Arq Inc","Chemical - Specialty",2.2,-1.35%,2,Hold,"64% Sell",-42.79,-68.84%,2.35,2.16,2.48,2.21,50.18,-85.08,-44.57,483218,Weakening,Weak,54.02%,0.54,2.08,2.35,46%
TGLS,"Tecnoglass Inc","Building & Construction - Misc",38.32,+0.03%,1,Sell,"100% Sell",-42.84,-47.92%,42.87,42.76,43.88,39.99,38.82,-64.16,-35.7,357130,Strongest,Average,33.41%,1.69,37.88,42.09,10%
EGG,"Enigmatig Limited Cl A","Business Services",2.86,+4.00%,3,Sell,"88% Sell",-43.08,-52.33%,5.99,4.37,5.92,2.93,38.55,-68.57,-57.37,170798,Average,Strong,26.85%,0.01,2.61,3.25,39%
MYSE,"Myseum.Ai Inc","IT Services",2.67,0.00%,8,Buy,"88% Buy",-43.79,+29.61%,2.34,2.58,2.16,2.74,49.96,13.37,44.29,1634695,Average,Strong,26.13%,0.18,2.61,2.87,25%
OLLI,"Ollies Bargain CS","Consumer Prdts - Misc Staple",73.56,+2.28%,3,Buy,"56% Sell",-43.87,-44.09%,76.37,72.29,84.89,74.68,48.44,-60.33,-44.74,1597023,Weakest,Average,29.99%,0.72,70.73,78.63,36%
ROC,"Rank One Computing Corp","Internet - Software",4.25,-1.16%,3,Sell,N/A,-43.95,N/A,4.92,4.55,0,4.23,46.82,N/A,N/A,N/A,N/A,N/A,46.55%,1.03,4.02,4.44,55%
AVD,"American Vanguard Corp","Chemical - Specialty",2.26,+1.35%,3,Sell,"88% Sell",-44.37,-59.64%,2.6,2.44,2.97,2.24,47.26,-75.88,-52.69,298521,Weakening,Average,31.45%,0.92,2.12,2.37,57%
PSFE,"Paysafe Ltd","Financial Transaction Services",6.34,+1.44%,2,Sell,"88% Sell",-44.38,-55.97%,7.65,7.44,7.45,6.6,41.55,-72.21,-33.48,404162,Strengthening,Average,14.96%,0.68,6.19,7,18%
DRIO,"Dario Health Corp","Medical Instruments",6.93,+5.32%,4,Sell,"100% Sell",-44.46,-2.26%,7.31,7.18,7.91,7.12,47.31,-18.5,-50.95,18260,Average,Average,22.95%,1.87,6.61,7.63,32%
PICS,"Pics N.V.","Finance - Misc Services",10.21,-2.81%,3,Sell,N/A,-44.53,N/A,11.27,11.45,12.09,10.69,41.45,N/A,N/A,N/A,N/A,N/A,20.11%,0.96,9.77,11.62,24%
VTSI,"Virtra Systems Inc","Electronics - Military",2.98,+1.02%,3,Sell,"100% Sell",-44.55,-47.07%,3.39,3.07,3.68,3.05,45.1,-63.31,-40.9,50948,Average,Strong,15.83%,0.1,2.91,3.2,25%
KMPR,"Kemper Corp","Insurance - Multi Line",27.25,+0.85%,8,Sell,"100% Sell",-44.72,-49.15%,28.26,28.15,29.33,27.46,47.18,-65.39,-44.63,991488,Weakening,Soft,42.72%,1.1,26.11,28.81,42%
PRCT,"Procept Biorobotics Corp","Medical Instruments",20.38,+1.54%,3,Buy,"56% Sell",-45.01,-47.26%,22.69,20.21,23.78,21.22,46.78,-63.5,-47.07,1523051,Strengthening,Soft,17.24%,1.07,20.03,22.42,15%
BUR,"Burford Capital Ltd","Finance - Misc Services",4.35,-0.68%,3,Buy,"40% Sell",-45.04,-66.54%,4.41,4.26,5.37,4.32,51.56,-82.78,-63.08,2565069,Weakening,Weak,78.44%,1.06,4.14,4.5,59%
NVNO,"Envveno Medical Corp","Medical Instruments",10.49,-5.67%,4,Buy,"24% Sell",-45.07,-61.87%,10.79,10.84,10.75,11,44.9,-78.11,-18.42,17332,Average,Minimum,44.65%,2.49,10.15,11.86,20%
HCKT,"Hackett Grp Inc",Consulting,10.98,+0.37%,3,Buy,"56% Sell",-45.31,-48.38%,11.01,10.75,11.9,10.99,49.79,-64.62,-55.92,333380,Weakest,Soft,34.50%,0.62,10.51,11.47,49%
FKWL,"Franklin Wireless Co.","Computer - Networks",2.38,-0.88%,9,Buy,"72% Sell",-45.87,-41.40%,2.74,2.39,3.1,2.45,43.33,-57.64,-57.41,17892,Average,Strong,17.17%,0.28,2.36,2.54,9%
XYF,"X Financial ADR","Finance - Misc Services",5.16,-0.39%,5,Hold,"32% Buy",-46.41,-63.66%,5,5.15,4.9,5.44,43.52,-79.9,-19.71,142189,Weakest,Minimum,31.46%,0.52,5.17,5.7,-2%
PRT,"Permrock Royalty Trust Trust Units","Oil - US Integrated",2.07,-3.27%,3,Sell,"100% Sell",-46.42,-46.37%,2.3,2.21,2.64,2.19,33.23,-62.61,-37.66,55699,Strengthening,Good,12.14%,1.13,2.1,2.27,-21%
DUKR,"Duke Robotics Corp","Aerospace - Defense",5.39,+0.37%,3,Hold,"80% Sell",-46.84,-43.87%,6.7,5.44,7.2,5.53,45.95,-60.11,-23.89,15714,Weakening,Good,30.11%,0.49,5.23,5.84,27%
SCYX,"Scynexis Inc","Medical - Drugs",4.84,+2.98%,6,Hold,"64% Sell",-46.91,-48.73%,5.24,4.79,5.81,5.19,45.06,-64.97,-16.18,85532,Weakening,Average,7.75%,0.2,4.77,5.61,9%
FAC,"Factorial Energy Inc","Technology Services",5.31,+0.95%,2,Hold,"80% Sell",-46.96,-47.11%,8.88,5.87,9.34,5.04,47.66,-63.35,-60.27,304544,Average,Strong,51.42%,0.53,4.49,5.6,74%
PDCC,"Pearl Diver Credit Company Inc","Finance - Misc Services",8.96,+0.11%,4,Sell,"88% Sell",-47.02,-48.95%,9.75,9.16,10.32,8.89,48.67,-65.19,-47.53,6900,Average,Average,74.58%,1.3,8.69,9.09,68%
PW,"Power REIT","REIT - Equity Trust Other",7.165,+6.15%,6,Sell,"80% Sell",-47.09,-29.75%,8.17,8.27,8.27,7.55,41.05,-45.99,-29.99,29658,Average,Soft,31.94%,1.03,6.85,8.24,23%
ACCS,"Access Newswire Inc","Media Conglomerates",5.2,+3.59%,2,Sell,"88% Sell",-47.26,-51.45%,6.49,6.06,6.86,5.16,43.37,-67.69,-55.94,19003,Weakening,Strong,20.14%,1.84,4.74,5.58,55%
AUC,"Atif Holdings Ltd",Consulting,7,-3.71%,4,Sell,"56% Sell",-47.48,-9.09%,7.37,7.15,7.05,6.71,50.99,-25.33,11.61,7299,Weakening,Weak,85.53%,0.89,6.05,7.38,72%
AMBO,"Ambow Education Holding Ltd ADR",Schools,2.09,+0.57%,2,Sell,"88% Sell",-47.77,-42.27%,2.27,2.13,2.22,2.07,50.99,-58.51,-36.13,93741,Weakening,Soft,50.46%,0.12,1.99,2.15,63%
ZNTL,"Zentalis Pharmaceuticals Inc","Medical - Biomedical",3.51,-2.23%,2,Sell,"8% Sell",-47.83,+125.00%,4.13,4.31,3.73,3.8,37.1,108.76,148.15,1459490,Average,Minimum,17.30%,0.72,3.5,4.09,1%
FLL,"Full House Rsts",Gaming,2.01,-1.71%,1,Sell,"100% Sell",-47.88,-42.07%,2.48,2.29,2.46,2.08,40.85,-58.31,-34.84,153197,Strongest,Good,21.00%,1.46,1.94,2.21,25%
PTLE,"Ptl Ltd","Transportation - Services",7.2,+2.93%,1,Sell,"32% Sell",-48.36,-57.11%,7.2,8.71,7.44,7.44,44.1,-73.35,-21.88,89733,Weakest,Weak,19.68%,0.95,6.64,8.24,35%
ASPS,"Altisource Portfolio","REIT - Mortgage Trusts",5.82,-0.60%,3,Hold,"80% Sell",-49.15,-48.49%,6.28,5.93,6.36,5.59,54.56,-64.73,-28.18,24031,Average,Weak,72.66%,0.37,5.34,5.83,97%
PDC,"Perpetuals.com Ltd ADR","Technology Services",3.2,+7.74%,5,Sell,"88% Sell",-50.04,+35.88%,4.98,3.45,4.99,3.06,50.39,19.64,-62.43,86794,Weakening,Strong,44.11%,0.17,2.78,3.34,75%
VRCA,"Verrica Pharmaceuticals Inc","Medical - Drugs",4.91,-0.81%,4,Hold,"96% Sell",-50.17,-0.61%,5.85,5.37,5.79,5.08,42.52,-16.85,-52.76,132632,Strongest,Average,29.07%,0.63,4.58,5.58,33%
GIBO,"Gibo Holdings Limited Cl A","Media Conglomerates",33.54,+0.42%,4,Buy,"8% Sell",-50.31,-54.52%,31.66,30.07,33.38,31.4,59.35,-70.76,-46.25,12158,Weakest,Minimum,56.40%,4.84,28.3,34.49,85%
NIU,"Niu Technologies ADR","Auto - Truck Original Parts",2.03,-1.93%,3,Sell,"88% Sell",-50.45,-50.73%,2.39,2.22,2.69,2,46.27,-66.97,-44.85,431791,Average,Strong,54.17%,0.58,1.9,2.1,66%
LAC,"Lithium Americas Corp","Mining - Misc",2.91,-3.64%,3,Sell,"100% Sell",-50.50,+2.46%,3.99,3.12,4.14,3.08,41.67,-13.78,-45.11,11315251,Strongest,Strong,38.94%,1.14,2.84,3.31,14%
TRAK,"Repositrak Inc","Internet - Software",8,+1.39%,3,Sell,"100% Sell",-50.56,-53.49%,8.99,8.44,8.79,8.01,45.45,-69.73,-47.18,104614,Strengthening,Average,54.67%,0.98,7.69,8.34,48%
LFMD,"Lifemd Inc","Medical Services",3.05,+0.66%,3,Sell,"88% Sell",-51.97,-48.22%,4.14,3.7,3.92,3.18,38.3,-64.46,-22.41,1073542,Average,Soft,22.71%,1.5,2.92,3.44,26%
GEOS,"Geospace Technologie","Electronics - Measuring Inst",5.1,+0.20%,5,Sell,"100% Sell",-52.13,-69.21%,7.2,6.21,8.3,5.36,37.62,-85.45,-81.69,200305,Average,Good,9.27%,0.41,4.9,5.82,21%
SRAD,"Sportradar Group Ag Cl A","Internet - Software",12.91,+1.65%,4,Sell,"88% Sell",-52.19,-56.97%,13.9,13.8,15.16,12.9,47.18,-73.21,-57.54,2742975,Weakening,Average,52.02%,0.63,12.31,13.49,51%
BRCC,"Brc Inc Cl A","Consumer Prdts - Misc Staple",8.56,+2.88%,3,Sell,"72% Sell",-52.69,-48.43%,11.65,9.89,10.4,8.5,44.56,-64.67,-34.73,105414,Weakening,Average,24.67%,0.48,7.91,9.08,55%
DOCS,"Doximity Inc Cl A","Medical Information Systems",25.58,+3.52%,6,Hold,"32% Buy",-53.17,-63.59%,22.75,23.6,23.33,25.51,53.61,-79.83,-54.08,3914794,Average,Minimum,25.90%,0.56,23.81,27.2,52%
APP,"Applovin Corp Cl A","Technology Services",323.96,+3.01%,4,Sell,"88% Sell",-53.34,-43.30%,438.57,377.58,436.32,312.01,46.13,-59.54,-63.77,5359313,Weakening,Strong,44.80%,0.63,300.71,323.31,103%
UAMY,"United States Antimony Corp","Mining - Non Ferrous",4.87,-1.22%,4,Sell,"100% Sell",-53.39,+6.10%,7.31,5.65,7.88,5.2,42.94,-10.14,-14.84,10689031,Strongest,Strong,41.96%,0.64,4.66,5.73,20%
ASTI,"Ascent Solar Technologies",Solar,2.86,+1.24%,1,Sell,"100% Sell",-53.45,+50.53%,4.44,3.29,4.76,3.03,40.03,34.29,-42.26,1745880,Strengthening,Good,26.30%,1.69,2.75,3.31,20%
ATTT,"Atlas Trinity Tech Limited",N/A,2.96,-8.07%,2,Hold,"64% Sell",-53.65,-66.42%,2.99,2.85,3.34,2.77,54.77,-82.66,38.4,76744,Weakening,Weak,46.95%,2.07,2.49,3.05,84%
OCCI,"Ofs Credit Company","Finance - Investment Mgmt",2.62,0.00%,4,Buy,"40% Sell",-53.71,-57.26%,2.81,2.53,2.91,2.59,53.95,-73.5,-57.72,297611,Weakest,Weak,41.11%,0.33,2.48,2.7,64%
WFF,"Wf Holding Limited","Containers - Paper Products",2.03,+9.14%,2,Sell,"24% Sell",-53.77,-64.70%,2.09,2.15,2.02,1.97,50.14,-80.94,-23.59,889006,Weakest,Minimum,23.59%,0.18,1.63,2.31,59%
WVVI,"Willamette Valley","Beverages - Alcohol",2.1,-3.52%,3,Sell,"100% Sell",-53.96,-56.18%,2.59,2.46,2.6,2.21,37.34,-72.42,-42.89,9262,Strongest,Average,29.34%,0.38,2.1,2.32,-1%
CCOI,"Cogent Comm Hlds","Wireless National",9.33,+2.64%,2,Sell,"100% Sell",-54.52,-74.05%,14.42,11.21,16.71,9.82,41.45,-90.29,-68.58,1353219,Average,Average,32.16%,1.2,8.71,10.94,28%
WXM,"Wf International Limited","Machinery - Electrical",4,-4.08%,2,Buy,"40% Sell",-54.90,-88.95%,4.35,3.97,4.5,4.48,45.94,-105.19,-33.42,268540,Strengthening,Minimum,21.67%,0.17,3.89,5.06,10%
PLBL,"Polibeli Group Ltd Cl A",Unclassified,5.67,+0.18%,3,Sell,"100% Sell",-54.95,-40.19%,6.88,6.65,7.48,5.87,44.74,-56.43,-60.12,103624,Strengthening,Strong,36.13%,0.35,5.03,6.71,38%
HTCO,"High-Trend International Group","Technology Services",2.48,-2.36%,1,Sell,"100% Sell",-55.09,-69.68%,4.66,3.04,6.16,2.7,36.88,-85.92,-82.47,416472,Average,Average,41.58%,0.25,2.34,3.06,19%
ADVB,"Advanced Biomed Inc","Medical - Biomedical",8.19,-7.46%,5,Hold,"64% Buy",-55.48,-16.02%,6.66,8.46,6.04,8.96,45.82,-32.26,28.49,751727,Weakening,Soft,34.87%,0.04,7.66,10.26,20%
XBP,"Xbp Global Holdings Inc","Internet - Software",2.83,+0.35%,3,Buy,"24% Sell",-55.80,-69.47%,2.7,2.86,3.58,2.87,47.97,-85.71,-70.29,19851,Weakest,Weak,64.55%,2.28,2.63,3.11,41%
KRKR,"36Kr Holdings Inc ADR","Business Information",3.14,-0.32%,4,Buy,"40% Sell",-55.82,-61.70%,3.16,2.96,3.38,3.12,53.94,-77.94,-45.88,15809,Weakest,Weak,65.13%,0.18,3,3.25,57%
EFOI,"Energy Focus Inc","Building Products - Ltg FX",2.81,-1.06%,2,Sell,"24% Sell",-55.92,+13.31%,3.3,2.92,2.88,2.86,45.26,-2.93,9.8,910498,Average,Minimum,43.13%,0.49,2.69,3.02,36%
CWH,"Camping World Holdings Inc","Auto - Truck Original Parts",6.04,-0.82%,5,Hold,"80% Sell",-56.21,-65.53%,6.85,6.38,7.33,6.47,41.08,-81.77,-49.77,2606434,Strengthening,Soft,5.24%,0.87,6.01,6.93,3%
BXBL,"Boxabl Inc","Real Estate Developers",3.94,-2.96%,2,Sell,"100% Sell",-56.56,-60.44%,8.05,5.77,8.73,4.22,37.49,-76.68,-72.61,163792,Strongest,Maximum,40.05%,0.48,3.82,4.62,15%
PCSA,"Processa Pharmaceuticals Inc","Medical - Drugs",2.08,+12.43%,1,Sell,"100% Sell",-57.10,-56.64%,2.36,2.23,2.44,2.1,47.5,-72.88,-39.63,342009,Average,Soft,22.13%,0.14,1.9,2.31,44%
ATXG,"Addentax Group Corp","Conglomerates - Div Operations",3.85,+11.92%,1,Hold,"64% Sell",-57.56,-62.80%,4.31,3.72,4.58,3.71,53,-79.04,-46.41,60624,Weakening,Soft,44.72%,0.6,3.29,4.12,67%
NMAD,"Nomad Power Solutions Inc","IT Services",3.54,-4.58%,7,Sell,"56% Sell",-58.30,-32.83%,5.19,4.62,4.45,4.03,37.78,-49.07,-21.77,184738,Strengthening,Soft,14.09%,0.85,3.53,4.54,1%
NUS,"NU Skin Enterprises","Cosmetics & Toiletries",4.85,-0.61%,1,Sell,"88% Sell",-58.42,-58.55%,5.53,5.01,6.33,4.77,49.11,-74.79,-61.43,574102,Weakening,Good,76.90%,0.73,4.61,4.93,74%
WING,"Wingstop Inc","Retail - Restaurants",117.1,+5.95%,3,Sell,"88% Sell",-58.81,-57.37%,140.47,128.3,163.54,113.59,50.18,-73.61,-62.75,1112634,Weakening,Good,50.28%,1.15,105.21,121.97,71%
FLUT,"Flutter Entertainment Plc",Gaming,100.56,+1.91%,7,Sell,"72% Sell",-59.40,-65.58%,102.23,102.25,106.1,99.62,50.6,-81.82,-65.09,3168676,Weakest,Soft,46.19%,0.6,94.43,104.81,59%
FATN,"Fatpipe Inc","Internet - Software",5.61,+0.45%,1,Buy,"72% Buy",-59.43,-11.65%,5.24,5.71,4.12,5.97,42.62,-27.89,165.87,818826,Weakening,Average,16.12%,1.26,5.54,6.4,8%
GSIW,"Garden Stage Limited","Finance - Misc Services",14.35,-2.38%,1,Sell,"100% Sell",-59.77,-48.38%,24.79,20.81,24.19,16.11,35.25,-64.62,-56.32,23939,Strengthening,Good,30.17%,2.43,13.84,18.37,11%
ROLR,"High Roller Technologies Inc",Gaming,6.15,-0.16%,8,Sell,"8% Buy",-60.08,+92.88%,6.46,6.22,5.78,6.05,50.42,76.64,186.69,1476250,Weakest,Minimum,58.75%,0.34,5.58,6.53,60%
FUBO,"Fubo TV","Broadcast - Radio & TV",11.53,+1.05%,7,Buy,"8% Buy",-60.28,-76.90%,10.13,9.95,11.26,10.69,61.06,-93.14,-73.72,1467787,Average,Minimum,52.56%,0.69,9.68,11.7,92%
CLRO,"Clearone Inc","Communications Components",4.99,+2.46%,1,Hold,"24% Buy",-60.40,+5.50%,4.74,6.2,4.83,5.31,45.2,-10.74,-13.81,1424375,Weakening,Soft,6.86%,0,4.52,6.09,30%
CNTN,"Canton Strategic Holdings Inc","Finance - Misc Services",2.11,-1.86%,9,Buy,"72% Sell",-60.41,-32.59%,2.63,2.15,3.09,2.18,46.39,-48.83,-42.21,768933,Strengthening,Average,32.86%,1.1,1.99,2.38,31%
ATHR,"Aether Holdings Inc","Technology Services",3.46,+9.49%,2,Sell,"56% Sell",-60.43,-36.22%,3.7,3.8,3.59,3.3,52.12,-52.46,-56.04,13903,Weakening,Weak,36.64%,1.17,2.7,3.9,63%
FVRR,"Fiverr International Ltd","Internet Commerce",9.03,+1.12%,7,Sell,"100% Sell",-60.47,-62.01%,10.27,9.86,10.58,9.2,43.34,-78.25,-66.15,984945,Weakening,Average,15.69%,0.57,8.74,9.67,31%
FOXX,"Foxx Development Holdings Inc","Consumer Prdts - Misc Discr",2.6,-3.70%,9,Buy,"80% Sell",-61.00,-53.57%,3.45,2.74,3.88,2.73,45.18,-69.81,-55.82,803133,Strengthening,Strong,35.13%,0.52,2.41,3.06,29%
CNSP,"Cns Pharmaceuticals Inc","Medical - Biomedical",5.84,+1.57%,6,Buy,"100% Buy",-61.11,-22.34%,5.06,5.44,4.32,5.77,54.05,-38.58,-0.61,462766,Strongest,Soft,46.67%,2.24,5.4,6.15,59%
QTI,"Qt Imaging Holdings Inc","Medical Instruments",2.64,+1.54%,2,Sell,"100% Sell",-61.11,+10.00%,4.12,3.03,4.82,2.88,39.99,-6.24,-68.57,38775,Strengthening,Good,3.77%,0.75,2.47,3.28,21%
BGDE,"Big Digital Energy Inc","IT Services",6.79,+9.34%,5,Buy,"72% Buy",-61.12,-15.44%,6.73,6.44,5.56,6.85,51.64,-31.68,49.43,691231,Average,Weak,24.90%,0.42,6.05,7.66,46%
VRM,"Vroom Inc","Auto - Domestic",10.04,-2.14%,5,Buy,"40% Sell",-61.51,-62.01%,10.06,8.66,11.59,9.86,54.94,-78.25,-61.35,19558,Weakening,Soft,45.29%,1.49,8.72,11,58%
HUHU,"Huhutech International Group Inc","Machinery - General Industrial",4.05,-0.49%,2,Sell,"100% Sell",-61.95,-41.77%,7.38,5.23,7.49,4.43,32.58,-58.01,-71.75,39208,Strongest,Strong,4.26%,0.09,3.89,4.97,15%
KULR,"Kulr Technology Group Inc","Electronics - Semiconductors",2.38,+1.28%,2,Sell,"88% Sell",-62.04,-46.52%,3.18,2.76,3,2.55,37.92,-62.76,-31.44,1755533,Strengthening,Soft,10.29%,0.71,2.34,2.76,9%
NAGE,"Niagen Bioscience Inc","Medical - Biomedical",3.04,+0.16%,6,Sell,"100% Sell",-63.32,-68.40%,3.57,3.24,3.98,3.14,42.04,-84.64,-64.05,887516,Weakening,Average,9.65%,0.53,2.97,3.31,20%
SONM,"Dna X Inc","Wireless Equipment",3.16,-0.32%,2,Sell,"100% Sell",-63.74,-71.62%,4.12,3.49,4.19,3.31,41.96,-87.86,-11.53,40574,Average,Weak,27.68%,0.69,3.03,3.59,24%
MLCI,"Mount Logan Capital Inc","Finance - Investment Mgmt",3.2,-0.47%,4,Hold,"88% Sell",-64.04,N/A,3.36,3.21,3.84,3.21,50.68,N/A,-73.06,61505,Weakening,Average,57.61%,0.98,3.1,3.32,45%
CCG,"Cheche Group Inc Cl A","Auto - Truck Original Parts",15.96,+20.93%,5,Sell,"56% Sell",-64.38,-56.97%,17.35,14.91,20.77,15.73,53.82,-73.21,-56.9,7581,Weakest,Average,30.93%,1.88,13.42,18.04,55%
UONE,"Urban One Inc","Broadcast - Radio & TV",4.64,-0.50%,2,Sell,"100% Sell",-64.48,-67.12%,5.55,4.97,6.55,4.85,37.36,-83.36,-66.84,51018,Strengthening,Average,14.46%,2.01,4.61,5.08,5%
LUD,"Luda Technology Group Limited","Steel - Specialty",4.28,+0.82%,4,Sell,"96% Sell",-64.63,-77.46%,4.81,4.29,4.89,4.29,48.78,-93.68,-44.23,79086,Weakening,Average,42.93%,0.84,4.2,4.39,44%
GURE,"Gulf Resources Inc","Chemical - Diversified",3.65,+14.06%,4,Hold,"64% Sell",-65.35,-46.57%,3.78,3.41,4.27,3.4,53.88,-62.81,-13.2,73974,Weakest,Soft,48.53%,0.48,2.93,3.86,77%
HTZ,"Hertz Global Holdings Inc","Transportation - Services",2.04,-0.49%,2,Buy,"56% Sell",-65.38,-67.15%,3.6,2.03,4.06,2.17,44.34,-83.39,-72.16,15731777,Weakening,Strong,10.32%,0.33,1.99,2.35,13%
ANGI,"Angi Inc","Internet - Content",4.72,+1.51%,8,Sell,"100% Sell",-65.49,-73.73%,5.62,5.35,6.4,4.77,45.62,-89.97,-75.35,1084238,Weakening,Average,24.77%,0.87,4.47,5.06,42%
YI,"111 Inc ADR","Medical Information Systems",3.59,+4.05%,2,Sell,"88% Sell",-65.51,-38.00%,4.62,3.74,5.46,3.5,50.55,-54.24,28.38,25996,Weakening,Good,50.89%,2.36,3.14,3.85,63%
SQNS,"Sequans Communications S A ADR","Electronics - Semiconductors",2.86,-2.72%,6,Buy,"72% Sell",-66.42,-70.76%,3.21,2.87,3.11,2.92,48.56,-87.,-48.15,152137,Average,Weak,48.98%,0.66,2.73,3.12,33%
GLOO,"Gloo Holdings Inc","Internet - Software",3.33,+10.82%,1,Sell,"88% Sell",-67.45,N/A,4.49,3.34,4.92,3.25,51.28,N/A,-53.33,154771,Weakening,Strong,38.29%,1.53,2.98,3.53,64%
SORA,Asiastrategy,"Leisure & Recreational Prdcts",2.24,+0.90%,2,Hold,"32% Sell",-67.75,-60.00%,2.29,2.08,2.18,2.18,51.6,-76.24,-38.41,78459,Weakest,Minimum,66.98%,0.04,1.72,2.63,57%
CTSO,"Cytosorbents Cor","Medical Products",6.41,+0.63%,4,Sell,"100% Sell",-67.79,-66.38%,8.71,7.31,10.24,7,41.77,-82.62,-61.71,7687,Average,Strong,8.82%,0.99,6.08,7.91,18%
SVRE,"Saverone 2014 Ltd ADR","Technology Services",2.42,+0.41%,2,Sell,"100% Sell",-68.47,-88.21%,3.65,3.07,3.46,2.74,33.56,-104.45,-67.69,259251,Strengthening,Weak,4.21%,0.3,2.39,3.08,4%
ASPI,"Asp Isotopes Inc","Chemical - Diversified",3.31,-7.80%,2,Sell,"100% Sell",-68.49,-61.73%,5.19,4.19,5.16,3.94,34.41,-77.97,-49.98,4869642,"Top 1%",Strong,5.32%,1.44,3.52,4.36,-25%
LNZA,"Lanzatech Global Inc","Waste Removal Svcs",6.11,+3.91%,6,Hold,"64% Sell",-68.59,-68.83%,9.32,5.99,11.7,6.23,48.15,-85.07,-67.45,71245,Weakest,Average,15.87%,0.7,5.89,6.57,32%
LBGJ,"Li Bang International Corporation Inc","Steel - Specialty",2.25,+15.98%,2,Sell,"100% Sell",-68.67,-99.99%,139.46,70.58,1945.05,2.83,31.71,-116.23,-111.83,228874,Weakening,Average,7.98%,7.51,1.92,3.74,18%
TANH,"Tantech Holdings Ltd","Chemical - Diversified",20.45,-13.86%,3,Buy,"56% Sell",-69.21,-79.95%,20.5,20.12,25.64,18.72,51.96,-96.19,-70.95,20047,Weakest,Weak,69.94%,1.58,14.14,23.3,69%
CDIO,"Cardio Diagnostics Hldgs Inc","Medical - Biomedical",2.03,+2.53%,2,Buy,"8% Sell",-69.54,-46.91%,1.85,1.83,2.16,1.95,56.99,-63.15,-36.94,1280525,Weakest,Minimum,54.86%,0.4,1.76,2.14,72%
NCEL,"Newcelx Ltd","Medical - Biomedical",3.3,-2.23%,3,Sell,"8% Buy",-69.92,-84.63%,3.51,3.55,3.2,3.33,47.04,-100.87,62.07,59178,Weakest,Minimum,36.27%,0.21,3.18,3.48,41%
CGTL,"Creative Global Technology Ltd","Consumer Prdts - Misc Discr",3.86,-4.22%,2,Sell,"88% Sell",-69.98,-62.95%,7.16,4.38,13.77,4.43,35.6,-79.19,-90.23,291464,Average,Average,7.24%,0.02,3.89,4.97,-3%
SERV,"Serve Robotics Inc","IT Services",4.48,+1.36%,2,Sell,"100% Sell",-70.20,-60.70%,6.67,5.13,7.56,4.79,39.76,-76.94,-68.69,5020929,Strengthening,Strong,7.95%,0.69,4.46,5.12,3%
GOGO,"Gogo Inc","Wireless National",2.62,+1.16%,1,Sell,"100% Sell",-70.31,-74.71%,3.62,3.28,3.9,2.67,40.77,-90.95,-55.63,2159317,Average,Average,34.10%,0.65,2.47,2.86,38%
PLYX,"Polaryx Therapeutics Inc","Medical - Biomedical",2.01,+1.01%,3,Hold,N/A,-70.32,N/A,2.75,2.19,3.5,2.07,45.17,N/A,N/A,N/A,N/A,N/A,54.16%,0.15,1.79,2.35,39%
KG,"Kestrel Group Ltd","Insurance - Multi Line",6.57,+4.04%,1,Sell,"100% Sell",-70.43,-74.99%,9.76,8.56,10.54,7.48,36.03,-91.23,-47.74,20865,Strongest,Average,24.65%,2.23,6.62,8.35,-3%
CLGN,"Collplant Biotechnologies Ltd ADR","Medical - Biomedical",3.5,-1.13%,4,Buy,"40% Sell",-71.22,-87.08%,3.58,3.32,4.27,3.33,53.42,-103.32,-86.85,112863,Weakest,Weak,12.15%,0.3,2.8,3.86,66%
ICU,"Seastar Medical Hldg Corp","Medical Services",3.03,-3.19%,1,Sell,"56% Sell",-71.36,-65.74%,3.67,3.6,3.43,3.13,42.81,-81.98,14.4,133267,Strengthening,Weak,38.89%,0.62,2.85,3.4,33%
WKHS,"Workhorse Grp","Auto - Truck Original Parts",3.01,-0.99%,6,Buy,"48% Sell",-72.11,-78.92%,3.09,3.01,3.15,3.17,45.77,-95.16,-52.71,164790,Weakening,Weak,8.49%,0.55,2.89,3.45,21%
TGEN,"Tecogen Inc","Building Prdcts - Air Heating",3.05,+0.66%,2,Sell,"88% Sell",-72.17,-56.98%,4.48,3.54,4.06,3.2,40.07,-73.22,-50.11,434039,Strengthening,Average,44.29%,0.4,2.82,3.59,30%
EDHL,"Everbright Digital Holding Limited","Advertising Marketing Services",4.42,+7.28%,5,Buy,"24% Buy",-72.27,-71.66%,3.76,4.04,3.49,4.02,61.59,-87.9,-38.2,874097,Average,Minimum,45.45%,7.04,3.73,4.3,121%
PN,"Pn Smart Energy Limited","Other Alt Energy",2.4,-1.23%,1,Sell,"88% Sell",-72.49,-88.00%,4.42,4.92,5.96,2.6,41.5,-104.24,-95.32,757599,Weakening,Soft,14.22%,0.02,2.29,2.92,18%
EOCN,"Eocene Ltd",N/A,3.84,-4.71%,3,Hold,"96% Sell",-72.68,-69.03%,4.62,4.35,4.73,4.19,43.32,-85.27,-47.89,157758,Strongest,Soft,43.05%,0.6,3.67,4.72,16%
CUPR,"Cuprina Holdings [Cayman] Limited","Medical - Biomedical",3.15,+5.00%,5,Sell,"40% Sell",-73.05,-69.94%,3.28,3.48,3.2,2.96,51.42,-86.18,-13.44,1064668,Weakest,Weak,53.10%,0.44,2.73,3.18,92%
ARBK,"Argo Blockchain Plc ADR","Finance - Misc Services",2.93,+1.21%,5,Sell,"100% Sell",-73.20,-95.16%,3.33,3,3.2,2.94,47.7,-111.4,-25.93,55777,Average,Weak,17.87%,0.58,2.84,3.03,47%
BKYI,"Bio-Key International Inc","Electronics Products - Misc",2.65,-3.60%,1,Sell,"100% Sell",-73.23,-64.89%,4.26,3.86,4.88,2.96,29.69,-81.13,-62.67,135611,Strongest,Maximum,19.52%,0.15,2.64,3.28,1%
KDK,"Kodiak AI Inc","Technology Services",3.74,-1.58%,1,Sell,"100% Sell",-73.65,-67.28%,5.73,4.24,6.58,3.86,41.2,-83.52,-77.6,892377,Strongest,Strong,45.57%,3.24,3.54,4.18,31%
ANTA,"Antalpha Platform Holding Company","Finance - Misc Services",3.72,-4.24%,3,Sell,"100% Sell",-73.72,-68.91%,5.95,3.97,6.7,3.8,47.44,-85.15,-69.95,5595,Average,Strong,44.65%,0.49,3.44,4.17,39%
AIFA,"All IN Futuretech Alliance Inc",Gaming,3.1,0.00%,4,Buy,"88% Buy",-75.22,-43.29%,2.58,2.41,2.37,3.01,60.46,-59.53,20.02,965880,Strongest,Soft,55.24%,0.33,2.79,3.23,70%
DOMO,"Domo Inc Cl B","Internet - Software",3.83,+1.32%,3,Buy,"40% Buy",-75.23,-77.28%,3.57,3.7,3.64,3.79,53.39,-93.52,-66.42,1676205,Average,Minimum,44.86%,0.76,3.67,3.92,65%
MB,"Masterbeef Group","Retail - Restaurants",4.33,-1.14%,3,Hold,"96% Sell",-75.26,-57.63%,5.69,4.74,5.63,4.62,45.63,-73.87,-51.12,188391,Strengthening,Average,40.40%,0,3.68,5.55,35%
STG,"Sunlands Online Education Group ADR","Internet - Services",2.96,0.00%,3,Sell,"100% Sell",-75.38,-65.78%,3.37,3.36,3.68,2.97,42.61,-82.02,-61.85,145866,Average,Average,39.10%,0.1,2.78,3.17,46%
MFI,"Mf International Limited","Internet - Software",9.35,+0.76%,6,Buy,"40% Sell",-76.01,-73.81%,9.36,8.74,10.46,9.08,55.66,-90.05,-61.53,32091,Weakest,Weak,25.54%,0.54,8.06,10.1,63%
STI,"Solidion Technology Inc","Electronics Products - Misc",7.23,+1.83%,2,Sell,"72% Sell",-76.23,+29.57%,8.73,7.25,7.59,7.5,45.57,13.33,-9.88,958941,Weakening,Weak,12.72%,0.53,7.04,7.96,21%
LFS,"Leifras Co. Ltd ADR","Leisure & Recreation Services",2.19,+0.92%,2,Hold,"48% Sell",-76.50,N/A,2.23,2.24,2.29,2.25,46.94,N/A,-32.79,1074376,Weakest,Weak,22.54%,0.1,2.1,2.41,30%
SSTK,"Shutterstock Inc","Internet - Content",5.04,-0.20%,4,Sell,"100% Sell",-76.67,-76.17%,10.8,6.34,12.8,5.47,34.02,-92.41,-85.46,586268,Average,Strong,11.76%,0.59,4.96,5.98,8%
OKLO,"Oklo Inc","Other Alt Energy",36.22,-9.18%,1,Sell,"100% Sell",-76.74,-54.71%,53.65,43.16,55.68,41.31,38.66,-70.95,-61.38,11195005,Strongest,Good,27.44%,2.37,37.29,45.34,-13%
CD,"Chaince Digital Holdings Inc","Financial Transaction Services",2.94,-0.68%,1,Hold,"80% Sell",-77.36,-60.22%,4.73,3.3,4.76,3.39,43.54,-76.46,-52.7,204939,Average,Average,7.12%,0.62,2.78,3.99,13%
EMAT,"Evolution Metals & Technologies Corp","Machinery - Construct & Mining",3.08,0.00%,5,Sell,N/A,-78.03,N/A,5.93,3.99,6.7,3.34,43.31,N/A,N/A,N/A,N/A,N/A,12.62%,0.98,2.58,4.09,33%
JDZG,"Jiade Limited",Schools,3.5,-0.85%,6,Sell,"100% Sell",-78.32,-99.35%,18,15.81,108.58,3.71,37.41,-115.59,-110.12,106139,Weakening,Average,41.25%,2.93,2.72,4.69,39%
ATPC,"Agape Atp Corp","Medical Products",2.38,+0.42%,2,Sell,"100% Sell",-78.49,-96.45%,2.72,2.54,2.68,2.4,46.23,-112.69,-67.16,2138462,Average,Weak,34.62%,0,2.28,2.52,41%
UK,"Ucommune Intl Ltd","Real Estate Operations",2.04,-0.17%,1,Hold,"80% Sell",-78.53,-80.75%,2.44,2.1,3.27,2.1,46.74,-96.99,-79.47,130183,Average,Average,60.80%,0.72,1.92,2.29,33%
TVGN,"Tevogen Inc","Medical Services",7.36,+0.96%,12,Buy,"24% Sell",-79.02,-83.34%,7.31,6.14,7.72,6.93,62.9,-99.58,-67.39,23620,Weakest,Minimum,86.18%,6.32,6.26,7.59,82%
MLEC,"Moolec Science Sa","Agriculture Operations",7.03,-4.87%,2,Hold,"80% Sell",-79.56,-66.04%,7.6,7.19,8.17,7.06,49.44,-82.28,72.23,505793,Average,Weak,44.70%,7.45,6.3,7.83,48%
IOTR,"Iothree Limited","Transportation - Ship",2.37,+2.90%,1,Sell,"40% Sell",-79.88,-47.22%,2.79,2.86,2.63,2.52,39.2,-63.46,-15.06,894430,Weakening,Weak,33.74%,0.03,2.3,2.75,14%
MRLN,"Merlin Inc",Unclassified,2.98,-1.32%,2,Sell,"100% Sell",-80.14,-71.33%,5.79,3.74,7.25,3.27,38.84,-87.57,-84.05,1336438,Strengthening,Strong,33.66%,0.55,2.81,3.73,18%
CURX,"Curanex Pharmaceuticals Inc","Medical - Drugs",4.55,+5.57%,4,Buy,"56% Sell",-80.59,-97.22%,5.52,4.35,6.43,4.64,49.95,-113.46,-43.04,74583,Weakest,Weak,14.77%,0.43,4,5.29,43%
CRVO,"Cervomed Inc","Medical - Biomedical",2.57,+3.63%,2,Sell,"100% Sell",-81.07,-72.07%,3.12,2.83,3.51,2.6,44.66,-88.31,-79.32,1827192,Average,Average,32.28%,0.61,2.48,2.72,37%
DXST,"Decent Holding Inc","Waste Removal Svcs",2.5,-1.57%,3,Hold,"16% Sell",-81.50,-92.75%,2.39,2.48,3.02,2.6,46.62,-108.99,-104.66,1446233,Weakest,Weak,9.75%,0.01,2.41,2.79,23%
WNW,"Meiwu Technology Ltd","Technology Services",2.31,0.00%,2,Sell,"100% Sell",-81.98,-99.06%,3.17,2.78,30.96,2.5,41.9,-115.3,-110.19,851117,Weakening,Average,2.86%,0.06,2.06,2.94,28%
EUDA,"Euda Health Holdings Ltd","Medical Information Systems",13.45,+2.52%,5,Sell,"72% Sell",-83.14,-42.52%,14.2,14.56,14.31,13.95,44.96,-58.76,-82.74,48292,Weakening,Soft,17.93%,9.86,12.69,15.21,30%
JEM,"707 Cayman Holdings Limited","Textile - Apparel",4.01,+1.78%,4,Sell,"100% Sell",-83.43,-96.66%,13.41,6.11,17.12,4.42,41.51,-112.9,-102.4,493128,Average,Weak,7.27%,0.02,3.1,5.75,34%
NNNN,"Anbio Biotechnology Cl A","Medical - Biomedical",6.34,-2.61%,4,Sell,"100% Sell",-84.11,-85.45%,16.67,9.11,19.32,7.33,28.65,-101.69,-90.77,64965,Strengthening,Strong,10.88%,2.05,5.89,8.77,16%
SPHL,"Springview Holdings Ltd","Building & Construction - Misc",2.31,-3.35%,1,Sell,"100% Sell",-84.60,-51.19%,2.74,2.65,2.83,2.51,34.73,-67.43,-0.79,975883,Strongest,Soft,26.63%,0.02,2.32,2.7,-2%
SOWG,"Sow Good Inc","Consumer Prdts - Misc Discr",3.34,-2.34%,5,Buy,"24% Sell",-85.61,-72.85%,2.69,3.35,3.91,3.26,52.08,-89.09,-47.14,150415,Weakest,Weak,27.91%,0.38,2.92,3.61,61%
YMAT,"J-Star Holding Co. Ltd","Chemical - Specialty",2.07,-0.96%,4,Hold,"48% Sell",-85.66,-72.03%,2.69,2.02,2.4,1.89,52.81,-88.27,-23.01,1139425,Average,Weak,87.68%,0.23,1.53,2.24,76%
SNAL,"Snail Inc Cl A",Gaming,2.58,+0.78%,1,Sell,"40% Sell",-85.83,-41.52%,3.73,3.78,3.54,2.83,33.14,-57.76,-53.81,1459774,Weakening,Soft,26.34%,0.06,2.49,3.18,14%
ERNA,"Ernexa Therapeutics Inc","Medical - Drugs",4.16,+3.61%,4,Sell,"100% Sell",-85.88,-87.93%,6.17,4.72,6.33,4.46,42.74,-104.17,-97.97,676166,Weakening,Soft,9.05%,0.03,3.86,5.07,25%
SKYQ,"Sky Quarry Inc","Oil - US Integrated",3.11,-2.51%,3,Sell,"72% Sell",-86.16,-30.58%,3.36,3.38,3.65,2.73,52.91,-46.82,62.09,6301890,Weakening,Weak,43.93%,0.46,2.42,3.04,112%
YXT,"Yxt.com Group ADR","Internet - Software",2.38,-1.24%,2,Hold,"96% Sell",-86.41,-73.26%,4.31,3.84,4.68,2.83,44.1,-89.5,-82.1,484302,Strengthening,Good,12.91%,0.01,2.17,3.49,16%
VRAX,"Virax Biolabs Group Limited","Medical - Biomedical",2.67,-6.32%,4,Sell,"100% Sell",-86.70,-81.59%,3.74,3.13,4.07,2.84,44.23,-97.83,-80.97,1015781,Strengthening,Soft,24.82%,0.02,2.38,3.29,32%
NIPG,"Nip Group Inc ADR",Gaming,14.35,+5.44%,6,Buy,"8% Sell",-86.86,-75.09%,12.73,10.9,16.43,14.02,54.3,-91.33,-63.86,13451,Weakening,Weak,21.12%,0.82,11.07,16.97,56%
GMM,"Global Mofy AI Limited","Technology Services",2.13,+1.42%,1,Sell,"100% Sell",-87.48,-98.05%,17.72,2.69,33.12,2.43,32.11,-114.29,-108.24,1474372,Weakening,Strong,15.49%,0,1.94,2.93,19%
SLMT,"Brera Holdings Plc Cl B",Gaming,3.55,0.00%,6,Sell,"100% Sell",-88.13,-94.61%,5.19,4.38,6.72,4.01,37.64,-110.85,-92.87,99433,Average,Weak,4.90%,0.67,3.52,4.49,4%
AMIX,"Autonomix Medical Inc","Medical Instruments",4.37,-0.34%,2,Hold,"96% Sell",-88.56,-82.06%,6.82,5.96,7.38,5.35,41.9,-98.3,-74.01,1479826,Strengthening,Soft,2.36%,0.01,3.66,7.05,21%
OPAD,"Offerpad Solutions Inc","Real Estate Operations",3.8,+0.80%,1,Sell,"100% Sell",-88.80,-92.40%,5.46,4.51,6.2,4.19,36.69,-108.64,-80.45,162893,Weakening,Soft,12.81%,0.45,3.76,4.63,5%
SHPH,"Shuttle Pharmaceuticals Holdings Inc","Medical - Drugs",3.53,0.00%,2,Buy,"72% Sell",-89.59,-89.86%,4.81,3.57,6.39,3.64,47.13,-106.1,-92.24,792289,Weakest,Weak,28.34%,0.01,3.23,4.05,36%
QNTM,"Quantum Biopharma Ltd","Medical - Biomedical",3.2,-2.74%,3,Buy,"72% Sell",-89.90,-80.02%,4.12,3.23,3.91,3.29,48.26,-96.26,-68.01,272453,Strengthening,Weak,53.89%,1.06,2.85,3.73,39%
CIIT,"Tianci International Inc","Transportation - Ship",2.75,-1.08%,1,Sell,"100% Sell",-90.23,-94.61%,7.9,3.64,13.77,3.16,33.2,-110.85,-100.03,288175,Weakening,Average,9.44%,0.06,2.56,3.75,16%
LNAI,"Lunai Bioworks Inc","Medical Information Systems",2.38,-2.26%,4,Buy,"72% Sell",-90.54,-85.17%,2.6,2.46,2.89,2.31,49.7,-101.41,-78.11,1190732,Average,Weak,45.24%,0.13,2.04,2.59,62%
BIRD,"Smartbird Inc","Shoes and Related Apparel",2.44,+0.41%,2,Hold,"96% Sell",-90.55,-60.07%,3.82,2.63,3.79,2.46,45.26,-76.31,-52.34,2462738,Average,Average,19.71%,0.27,2.29,2.64,43%
ASTC,"Astrotech Corp","Aerospace - Defense Equipment",7.12,-1.25%,1,Sell,"24% Sell",-90.66,+43.12%,10.26,7.9,7.82,7.42,42.1,26.88,93.93,2006085,Average,Minimum,39.12%,0.15,6.62,8.22,31%
CSAI,"Cloudastructure Inc Cl A","Internet - Software",4.06,-10.96%,5,Sell,"100% Sell",-90.71,-91.49%,10.41,6.97,13.29,5.06,32.29,-107.73,-95.04,26200,Strongest,Average,10.34%,0.58,4.31,5.81,-16%
ATGL,"Alpha Technology Group Limited","Technology Services",5.3,-11.67%,1,Sell,"100% Sell",-91.46,-81.94%,11.61,8.5,14.31,6.63,28.85,-98.18,-86.53,18506,Strongest,Maximum,5.04%,0.14,5.53,7.72,-11%
NCRA,"Nocera Inc","Food - Misc & Diversified",2.23,+19.89%,3,Buy,"40% Sell",-91.51,-95.14%,3.67,1.89,5.49,2,53.89,-111.38,-103.09,1335663,Weakest,Weak,15.10%,0.13,1.48,2.52,72%
TNMG,"Tnl Mediagene","Advertising Marketing Services",3.36,-4.00%,2,Buy,"72% Sell",-91.52,-94.33%,4.74,3.49,9.29,3.58,44.94,-110.57,-96.47,589325,Weakening,Weak,12.31%,0.02,2.68,4.48,38%
HAO,"Haoxi Health Technology Limited Class A Ord Shar","Advertising Marketing Services",2.86,-0.52%,4,Sell,"100% Sell",-91.70,-99.92%,336.41,5.4,1205.27,3.39,20.86,-116.16,-111.75,129657,Weakening,Good,23.35%,0.09,2.52,4.25,20%
OMH,"Ohmyhome Limited","Technology Services",2.16,-4.00%,3,Sell,"100% Sell",-91.79,-96.46%,25.04,9.55,37.38,3.72,33.6,-112.7,-106.5,224419,Average,Maximum,1.17%,0.08,1.8,5.64,9%
PCLA,"Picocela Inc ADR","Diversified Comm Services",10.11,+4.01%,4,Buy,"88% Buy",-92.28,-31.84%,5.25,6.19,4.56,7.27,70.46,-48.08,-0.26,863030,Strongest,Average,47.56%,9.84,5.2,9.34,119%
SXTC,"China Sxt Pharmaceuticals Inc","Medical - Drugs",2.56,+32.64%,4,Sell,"100% Sell",-92.47,-99.99%,106.1,58.66,125.49,3.17,24.79,-116.23,-111.84,399890,Weakening,Soft,14.87%,8.89,1.34,5,33%
SEGG,"Sports Entertainment Gaming Global Corp",Gaming,3.56,+17.11%,9,Hold,"80% Sell",-92.77,-90.97%,6.55,3.65,6.43,2.72,59.27,-107.21,-42.18,652853,Weakening,Weak,66.93%,1.22,2.2,3.23,132%
TDIC,"Dreamland Limited Cl A","Advertising Marketing Services",2.25,+0.45%,2,Sell,"100% Sell",-92.81,-99.53%,15.34,2.84,16.65,2.49,42.87,-115.77,-102.15,551874,Weakening,Weak,14.93%,0.03,2.1,2.87,20%
GAUZ,"Gauzy Ltd","Electronics Products - Misc",7.8,+13.21%,3,Buy,"56% Sell",-93.04,-92.84%,10.18,7.62,11.18,7.84,50.09,-109.08,-81.62,85223,Weakest,Weak,33.60%,0.51,6.37,9.31,49%
RAYA,"Erayak Power Solution Group Inc Cl A","Electronics Products - Misc",2.15,-1.83%,2,Sell,"100% Sell",-93.06,-97.56%,2.94,2.47,4.33,2.29,38,-113.8,-106.19,295231,Strengthening,Weak,29.60%,0.15,2.15,2.43,1%
VEEE,"Twin Vee Powercats Co.","Leisure & Recreational Prdcts",9.6,-1.54%,1,Sell,"56% Sell",-93.21,-89.66%,9.81,13.28,12.48,10.08,44.53,-105.9,-96.94,803865,Weakest,Weak,31.95%,0,8.9,11.26,30%
INLF,"Inlif Limited","Medical Products",3.28,-2.09%,3,Sell,"88% Sell",-93.45,-99.89%,313.89,4.09,575.29,4.14,23.59,-116.13,-111.64,994012,Weakening,Good,4.45%,0.01,3.13,5.15,8%
DSY,"Big Tree Cloud Holdings Limited","Consumer Prdts - Misc Staple",3.77,-1.05%,1,Hold,Hold,-94.16,-89.53%,3.22,3.83,3.19,3.97,46.83,-105.77,-42.68,1062368,Bearish,,10.06%,0,3.62,4.31,21%
HKIT,"Hitek Global Inc Ordinary Share","Technology Services",2.44,-3.56%,5,Sell,"100% Sell",-94.30,-99.97%,20.87,3.24,1186.22,2.89,33.18,-116.21,-111.82,248907,Average,Average,13.07%,0.21,2.51,3.27,-9%
MNTS,"Momentus Inc","Aerospace - Defense",4.04,+0.50%,2,Sell,"100% Sell",-94.32,-80.49%,6.78,4.72,6.08,4.23,39.92,-96.73,-28.89,3243183,Strengthening,Soft,12.90%,0.31,3.84,4.63,25%
FXHO,"Utime Ltd","Wireless Equipment",12.32,-8.13%,1,Hold,"48% Sell",-94.39,-99.81%,11.83,12.46,17.51,11.33,53.03,-116.05,-87.69,153124,Weakening,Weak,86.75%,0.32,8.97,13.68,71%
VBIO,"Valion Bio Inc","Medical - Biomedical",2.26,+2.73%,1,Sell,"100% Sell",-94.40,-97.06%,13.68,6.77,16.76,3.28,28.73,-113.3,-105.62,137809,Average,Good,4.31%,0.33,1.83,4.73,15%
PAVS,"Paranovus Entertainment Technology Ltd","Conglomerates - Div Operations",4.5,-2.17%,1,Sell,"100% Sell",-94.59,-100.00%,45.89,5.34,341.36,5.18,32.71,-116.24,-111.63,409798,Weakening,Weak,17.77%,0.01,3.95,6.41,22%
TRNR,"Interactive Strength Inc","Leisure & Recreation Services",3.04,-0.65%,2,Sell,"100% Sell",-95.08,-98.78%,4.5,3.19,7.43,3.07,46.1,-115.02,-106.78,119709,Weakening,Weak,66.01%,0.03,2.71,3.42,46%
ARTL,"Artelo Biosciences Inc","Medical - Biomedical",5.43,-3.55%,3,Sell,"100% Sell",-95.71,-95.91%,12.8,7.56,23.71,6.24,31.88,-112.15,-95.37,174041,Strengthening,Weak,47.06%,0.75,5.53,6.94,-7%
VSA,"Visionsys AI Inc ADR","Technology Services",2.9,-3.33%,1,Sell,"100% Sell",-95.99,-99.83%,4.3,3.36,6.51,3.29,35.51,-116.07,-99.92,506189,Average,Weak,9.30%,0.02,2.94,3.64,-6%
RBNE,"Robin Energy Ltd","Transportation - Ship",2.66,-0.37%,4,Sell,"100% Sell",-96.03,-97.52%,10.73,3.75,20.37,2.7,37.44,-113.76,-105.8,159439,Weakening,Soft,40.19%,0.39,2.43,2.96,43%
SMX,"Smx [Security Matters] Plc Cl A","Technology Services",17.12,-2.84%,5,Hold,"48% Sell",-96.39,-99.85%,27.3,16.65,324.79,16.66,49.59,-116.09,-110.74,53754,Weakest,Weak,42.40%,0.45,14.52,18.81,61%
ELPW,"Elong Power Holding Cl A","Electronics Products - Misc",2.74,-3.18%,1,Sell,"100% Sell",-96.49,-99.99%,52.89,9.51,259.28,3.57,31.26,-116.23,-111.81,221862,Weakening,Weak,6.41%,0.04,2.59,4.54,7%
BYAH,"Park Ha Biological Technology Co. Ltd","Consumer Prdts - Misc Staple",2.38,-1.24%,2,Sell,"100% Sell",-97.53,-98.72%,6.62,3.34,8.89,2.75,35.34,-114.96,-108.11,300525,Weakening,Weak,15.67%,0.06,2.25,3.25,13%
NXTT,"Next Technology Holding Inc","Internet - Software",5.33,+10.35%,3,Sell,"100% Sell",-97.99,-99.92%,94.95,40.98,146.55,6.12,20.36,-116.16,-110.97,51481,Weakening,Weak,8.07%,0.46,4.23,8,29%
YMT,"Yimutian Inc ADR","Agriculture Products",2.24,+1.82%,2,Sell,"100% Sell",-98.21,-99.58%,14.25,5.03,51.22,2.79,30.01,-115.82,-111.26,93917,Weakening,Average,11.21%,0.1,1.71,3.87,25%
BIYA,"Baiya International Group Inc","Internet - Software",2.22,-2.20%,1,Sell,"100% Sell",-98.56,-98.59%,6.14,3.15,9.6,2.34,39.87,-114.83,-106.11,1861304,Weakening,Weak,37.60%,0,2.08,2.59,27%
LGHL,"Lion Group Holding Ltd ADR","Finance - Misc Services",8.3,+6.14%,3,Sell,"100% Sell",-98.71,-99.79%,78.7,23.09,119.04,10.74,26.41,-116.03,-110.06,76617,Weakening,Weak,9.60%,0.53,6.08,15.4,24%
VMAR,"Vision Marine Technologies Inc","Leisure & Recreational Prdcts",7.2,0.00%,6,Sell,"100% Sell",-99.09,-99.88%,37.87,8.57,101.52,7.65,40.57,-116.12,-110.95,159103,Weakening,Weak,27.08%,0.08,6.07,9.23,36%
KIDZ,"Kidz AI Inc",Schools,3.38,-4.39%,5,Sell,"100% Sell",-99.67,-99.97%,38.61,6.65,218.79,4.22,30.21,-116.21,-111.6,355797,Weakening,Weak,8.63%,0.04,3.22,5.23,8%
LABT,"Lakewood-Amedex Biotherapeutics Inc","Medical - Biomedical",2.22,+8.29%,4,N/A,N/A,N/A,N/A,0,2.32,0,2.25,44.93,N/A,N/A,N/A,N/A,N/A,33.67%,0.06,1.85,2.65,47%
LFTO,"Liftoff Mobile Inc","Advertising Marketing Services",18.35,+4.56%,1,N/A,N/A,N/A,N/A,0,21.59,0,18.9,40.18,N/A,N/A,N/A,N/A,N/A,25.00%,0.71,17.35,20.45,32%
MOBI,"Mobia Medical Inc","Medical Instruments",10.01,-2.34%,1,N/A,N/A,N/A,N/A,0,11.62,0,11.18,37.94,N/A,N/A,N/A,N/A,N/A,36.54%,1.03,10.08,12.27,-3%
NHP,"National Healthcare Properties Inc Cl A","REIT - Equity Trust Resident",15.74,-1.87%,6,N/A,N/A,N/A,N/A,0,15.98,0,16.39,41.92,N/A,N/A,N/A,N/A,N/A,17.43%,0.56,15.69,17.09,4%
NINE,"Nine Energy Service Inc","Oil - Field Services",10.51,+2.54%,6,Sell,N/A,N/A,N/A,10.78,10.99,0,10.52,49.01,N/A,N/A,N/A,N/A,N/A,16.97%,1.09,9.77,11.28,49%
OPTH,"Optimi Health Corp","Medical - Drugs",4.42,-1.78%,4,N/A,N/A,N/A,N/A,0,4.77,0,4.79,39.07,N/A,N/A,N/A,N/A,N/A,26.51%,0.88,4.44,5.14,-2%
QH,"Quhuo Limited ADR","Technology Services",3.91,-2.74%,1,N/A,N/A,N/A,N/A,0,4.95,0,4.21,39.14,N/A,N/A,N/A,N/A,N/A,16.15%,0.05,3.82,4.6,11%
SLBT,"SL Science Holding Limited","Medical - Biomedical",2.06,-1.90%,3,N/A,N/A,N/A,N/A,0,3.21,0,2.69,35.59,N/A,N/A,N/A,N/A,N/A,7.35%,0.43,2.15,3.22,-9%
SPCX,"SpaceX Corp","Wireless National",151.21,+2.04%,4,N/A,N/A,N/A,N/A,0,135.07,0,142.99,59.09,N/A,N/A,N/A,N/A,N/A,74.58%,0.87,132.44,153.54,89%
VGNT,"Versigent Plc","Utility - Electric Power",46.89,+1.06%,7,Buy,N/A,N/A,N/A,43.25,44.22,0,47.34,51.7,N/A,N/A,N/A,N/A,N/A,26.73%,0.42,45.18,49.49,40%
VIDA,"Vida Global Inc Cl A","Technology Services",2.13,+2.40%,8,N/A,N/A,N/A,N/A,0,2.45,0,2.42,41.7,N/A,N/A,N/A,N/A,N/A,28.31%,0.53,2.01,2.83,15%
AIIR,"Air Global Plc",Tobacco,7.25,-5.60%,5,N/A,N/A,N/A,N/A,0,6.83,0,7.41,50.55,N/A,N/A,N/A,N/A,N/A,35.60%,0.38,6.8,8.03,37%
AZUL,"Azul S.A. ADR","Transportation - Airline",6.85,-2.97%,1,N/A,N/A,N/A,N/A,0,8.17,0,7.48,17.45,N/A,N/A,N/A,N/A,N/A,4.87%,0.69,6.86,8.09,-1%
BOT,"Robostrategy Inc","Finance - Investment Mgmt",26.85,-2.36%,3,N/A,N/A,N/A,N/A,0,28.99,0,27.71,45.83,N/A,N/A,N/A,N/A,N/A,52.82%,0.41,24.34,31.07,37%
BXDC,"Blackstone Digital Infrastructure Trust Inc","REIT - Equity Trust Other",19.9,+1.12%,6,N/A,N/A,N/A,N/A,0,20.45,0,20.35,44.71,N/A,N/A,N/A,N/A,N/A,13.09%,1.35,19.6,21.1,20%
CLBR,"Colombier Acquisition Corp III Cl A",Unclassified,10.23,+0.10%,1,N/A,N/A,N/A,N/A,10.2,10.27,0,10.25,45.63,N/A,N/A,N/A,N/A,N/A,23.61%,18.36,10.22,10.28,21%
EROK,"Eaglerock Land Cl A","Real Estate Operations",25.3,-0.55%,4,N/A,N/A,N/A,N/A,0,23.42,0,25.54,53.65,N/A,N/A,N/A,N/A,N/A,45.86%,0.69,24.46,26.62,39%
FRBT,"Forbright Inc Cl A","Banks - West",18.42,-0.65%,2,N/A,N/A,N/A,N/A,0,19.17,0,18.71,42.7,N/A,N/A,N/A,N/A,N/A,43.94%,0.75,18.01,19.42,29%
HMH,"Hmh Holding Inc","Oil Field Machinery & Equip",20.23,+0.10%,6,Buy,N/A,N/A,N/A,20.38,19.85,0,19.92,52.72,N/A,N/A,N/A,N/A,N/A,69.40%,0.61,18.45,21.39,60%
HONA,"Honeywell Aerospace Inc","Aerospace - Defense Equipment",158.26,+2.93%,2,N/A,N/A,N/A,N/A,0,186.32,0,159.91,43.6,N/A,N/A,N/A,N/A,N/A,25.40%,0.65,150.07,169.75,42%
JAN,"Janus Living Inc Class A-1","REIT - Equity Trust Resident",30.92,+0.51%,7,Buy,N/A,N/A,N/A,28.37,30.34,0,30.8,53.29,N/A,N/A,N/A,N/A,N/A,55.46%,0.76,29.98,31.62,57%
"Downloaded from Barchart.com as of 09-12-2026 12:04am CDT"
