Symbol,Name,Industry,Latest,%Change,"1M #Hi",Trend,Opinion,"Wtd Alpha","52W %Chg","100D MA","50D MA","150D MA","20D MA","14D RSI","1Y vs IDX","YTD vs IDX","200D Avg Vol",Direction,Strength,"14D Stoch %K","50D RelVol","BB Lower","BB Upper",BB%
DELL,"Dell Technologies","Computer - Micro",586.06,+2.00%,6,Buy,"100% Buy",+254.68,+275.80%,450.62,505.65,364.52,558.08,61.69,259.82,351.46,8123097,Strongest,Strong,80.42%,0.71,524,592.16,91%
FET,"Forum Energy Technologies Inc","Oil Field Machinery & Equip",84.61,+0.28%,5,Buy,"100% Buy",+215.72,+222.94%,66.34,80.49,63.73,82.63,57.6,206.96,114.88,195350,Strengthening,Strong,46.90%,0.7,79.36,85.89,80%
CORT,"Corcept Therapeutics","Medical - Drugs",121.19,+2.24%,8,Buy,"100% Buy",+209.74,+37.15%,98.9,115.18,80.36,115.76,59.24,21.17,234.14,1591367,Strongest,Strong,77.41%,0.51,109.13,122.38,91%
SLS,"Sellas Life Sciences Group Inc","Medical - Biomedical",11.65,+3.46%,1,Sell,"56% Buy",+178.47,+514.78%,11.41,12.4,9.31,11.59,47.32,498.8,194.91,8126089,Weakening,Average,32.96%,0.66,11.07,12.12,55%
ETON,"Eton Pharmaceutcials Inc","Medical - Biomedical",55.21,+0.84%,3,Sell,"56% Buy",+170.35,+172.24%,45.62,55.54,38.69,55.95,48.56,156.26,212.38,440935,Weakening,Good,52.13%,0.61,51.85,60.06,41%
PLSE,"Pulse Biosciences CS","Medical Instruments",53.81,+7.66%,1,Buy,"100% Buy",+165.27,+179.53%,37.99,48.6,32.49,51.45,59.33,163.55,277.81,383582,Strongest,Maximum,38.24%,0.69,47.63,55.26,81%
ANDG,"Andersen Group Inc Cl A","Finance - Misc Services",56.82,+1.03%,5,Buy,"100% Buy",+149.83,N/A,46.17,52.87,41.05,55.11,57.61,N/A,105.02,375600,Strengthening,Maximum,70.21%,0.35,52.29,57.93,80%
TOP,"Zhong Yang Financial Group Ltd","Finance - Investment Brokers",14.92,-4.73%,2,Hold,"80% Buy",+149.81,+118.61%,10.98,14.08,8.71,15.19,50.14,102.63,182.81,88458,Weakening,Strong,49.27%,1.02,14.72,15.65,21%
VSTS,"Vestis Corporation","Uniform & Related",14.13,+0.93%,6,Buy,"88% Buy",+142.87,+183.17%,13.66,13.47,12.08,13.79,59.19,167.19,97.73,1613975,Strengthening,Average,61.41%,0.57,13.1,14.47,75%
CHRN,"Chronoscale Holdings Corp","Internet - Software",18.59,-2.31%,8,Sell,"8% Buy",+135.82,+248.13%,20.44,20.47,17.51,19.71,43.53,232.15,101.05,810305,Weakening,Weak,19.79%,0.75,17.66,21.75,23%
RLAY,"Relay Therapeutics Inc","Medical - Drugs",17.88,+2.70%,4,Sell,"24% Buy",+135.75,+163.72%,17.96,19.06,16.17,18.43,44.78,147.74,97.24,3149949,Weakest,Soft,31.89%,0.61,17.19,19.67,28%
FTRE,"Fortrea Holdings Inc","Medical - Biomedical",20.84,+2.31%,8,Buy,"100% Buy",+134.56,+93.86%,17.87,18.91,15.51,20,60.12,77.88,6.7,1488108,Strongest,Strong,34.53%,0.63,18.54,21.46,79%
IRDM,"Iridium Comm Inc","Satellite Communication",47.47,-0.19%,8,Buy,"24% Buy",+134.43,+140.72%,47.98,48.1,43.48,47.97,46.13,124.74,159.02,2054022,Weakening,Weak,33.53%,0.87,46.47,49.48,33%
DHX,"Dice Holdings","Internet - Content",5.1,+2.62%,5,Buy,"100% Buy",+127.89,+121.74%,4.12,4.46,3.69,4.82,64.39,105.76,214.92,349176,Strongest,Maximum,86.53%,1.04,4.57,5.06,107%
MRX,"Marex Group Ltd","Finance - Misc Services",71.92,+1.05%,3,Buy,"88% Buy",+127.82,+128.17%,66.07,70.88,59.75,72.23,49.66,112.19,73.38,851101,Weakening,Strong,42.25%,0.83,68.78,75.67,46%
BE,"Bloom Energy Corp Cl A","Other Alt Energy",280.5,+2.82%,5,Buy,"88% Buy",+127.43,+223.72%,254.15,246.48,236.8,276.88,53.97,207.74,208.71,12724542,Average,Average,59.22%,0.58,254.99,298.77,58%
TBBB,"BBB Foods Inc Cl A","Consumer Prdts - Misc Staple",55.59,+4.75%,7,Buy,"100% Buy",+124.86,+130.09%,44.75,49.37,41.77,52.51,67.96,114.11,52.38,651859,Strongest,Maximum,73.22%,1.53,49.99,55.03,111%
HNGE,"Hinge Health Inc Cl A","Medical Information Systems",102.9,+5.00%,12,Buy,"100% Buy",+124.10,+104.33%,81.62,90.95,69.25,95.75,69.34,88.35,107.42,1570138,"Top 1%",Maximum,83.80%,0.9,90.37,101.13,117%
ECPG,"Encore Capital Group","Finance - Consumer Loans",99.77,-0.29%,3,Sell,"72% Buy",+123.15,+131.59%,92.24,98.26,86.92,97.94,55.92,115.61,69.46,305262,Weakening,Good,73.23%,0.48,93.95,101.92,73%
OPHC,"Optimumbank Hlds","Banks - Southeast",8.7,-3.55%,3,Sell,"40% Buy",+119.55,+111.68%,7.46,9.07,6.76,8.99,46.02,95.7,90.6,61353,Weakest,Good,57.19%,0.29,8.57,9.41,16%
REPL,"Replimune Group Inc","Medical - Biomedical",13.42,+2.91%,1,Sell,"56% Buy",+114.38,+189.85%,11.45,13.78,9.35,13.03,51.61,173.87,23.96,4343488,Average,Good,65.34%,0.54,12.47,13.6,84%
AAMI,"Acadian Asset Management Inc","Finance - Misc Services",93.71,+0.44%,8,Buy,"100% Buy",+113.78,+109.92%,84.54,92.18,76.66,92.35,53.77,93.94,85.27,381337,Strengthening,Strong,49.36%,0.69,88.21,96.49,66%
OABI,"Omniab Inc","Medical - Drugs",4.79,+2.79%,9,Hold,"96% Buy",+111.76,+163.19%,3.23,4.13,2.7,4.67,56.47,147.21,144.81,835589,Strongest,Maximum,52.00%,0.58,4.25,5.08,65%
XNCR,"Xencor Inc","Medical - Drugs",24.63,+0.53%,9,Hold,"64% Buy",+111.46,+88.59%,19.61,24.64,17.16,24.6,49.73,72.61,46.77,962600,Average,Strong,45.72%,0.83,23.51,25.69,51%
PBYI,"Puma Biotechnology","Medical - Biomedical",10.29,+3.21%,10,Buy,"100% Buy",+108.56,+97.50%,8.44,9.23,7.93,9.66,64.16,81.52,58.83,341098,"Top 1%","Top 1%",85.30%,0.94,9.13,10.2,108%
NMM,"Navios Maritime Partners LP","Transportation - Ship",93.06,+1.16%,5,Buy,"100% Buy",+108.25,+111.79%,80.57,87.74,76.71,91.41,59.28,95.81,63.38,146615,Strongest,Maximum,65.07%,1.12,88.38,94.45,77%
RLYB,"Rallybio Corporaton","Medical - Biomedical",17.02,+0.18%,5,Buy,"100% Buy",+107.80,+284.44%,16.31,16.78,14.21,16.97,52.49,268.46,195.98,126909,Weakening,Average,62.32%,0.51,16.56,17.38,56%
ATI,"Ati Inc","Aerospace - Defense Equipment",191.84,+1.97%,1,Sell,"24% Buy",+106.25,+133.16%,194.5,202.79,180.85,188.54,48.29,117.18,53.06,1800752,Weakest,Weak,64.27%,0.48,181.74,195.34,74%
FSLY,"Fastly Inc","Internet - Software",29.3,+15.86%,8,Buy,"100% Buy",+103.15,+242.69%,21.81,24.85,23,25.78,63.6,226.71,173.71,8964628,"Top 1%",Good,39.93%,2.18,22.72,28.83,108%
KNSA,"Kiniksa Pharmaceuticals International Plc","Medical - Biomedical",79.78,+1.31%,4,Hold,"80% Buy",+102.80,+109.34%,67.94,77.5,61.69,76.79,61.3,93.36,79.3,664891,Average,Strong,84.12%,0.84,73.86,79.73,101%
CHEF,"The Chefs Warehouse","Food - Misc & Diversified",114.32,+2.62%,5,Hold,"96% Buy",+102.38,+103.71%,100.86,111.09,89.68,111.1,57.53,87.73,69.3,532091,Strengthening,Strong,41.87%,0.54,107,115.2,89%
GCT,"Gigacloud Technology Inc Cl A","Technology Services",57.26,+1.49%,9,Buy,"100% Buy",+100.10,+101.27%,43.49,51.69,43.5,53.52,68.14,85.29,31.66,668192,"Top 1%",Maximum,92.29%,1.13,50.28,56.76,108%
VIR,"Vir Biotechnology Inc","Medical - Biomedical",11.7,+5.22%,8,Buy,"100% Buy",+96.29,+93.71%,9.86,10.41,9.78,11.03,59.5,77.73,79.92,2394408,Strongest,Strong,69.38%,0.97,10.2,11.86,90%
JILL,"J. Jill Inc","Retail - Apparel & Shoes",24.51,+0.16%,8,Buy,"100% Buy",+95.34,+61.04%,18.27,21.55,16.61,24.3,65.55,45.06,64.53,99786,Strengthening,Maximum,71.65%,0.76,23.64,24.95,66%
ANL,"Adlai Nortye Group Ltd ADR","Medical - Biomedical",15.62,+0.71%,7,Sell,"88% Buy",+94.83,+818.82%,12.8,14.53,12.32,15.47,54.55,802.84,985.89,476358,Strengthening,Average,37.77%,1.68,14.39,16.55,57%
TEVA,"Teva Pharmaceutical Industries ADR","Medical - Generic Drugs",41.1,+4.71%,8,Buy,"100% Buy",+94.61,+105.09%,35.45,37.62,34.22,39.41,65.32,89.11,17.58,6785561,"Top 1%",Strong,50.10%,2.77,38.28,40.54,125%
CIX,"Compx International Inc","Office Supply & Forms",39.26,-0.56%,2,Buy,"100% Buy",+94.16,+74.18%,29.99,34.37,27.77,37.88,61.5,58.2,54.61,8351,Strengthening,"Top 1%",86.93%,0.43,35.74,40.02,82%
CVU,"CPI Aerostructures","Aerospace - Defense Equipment",5.14,+0.78%,5,Hold,"64% Buy",+90.49,+108.10%,5.08,5.22,4.67,5.11,49.76,92.12,15.69,91329,Weakening,Average,34.27%,0.21,4.99,5.23,64%
WTTR,"Select Water Solutions Inc","Waste Removal Svcs",19.76,+0.82%,5,Sell,"40% Buy",+89.56,+90.18%,19.56,20.07,18.3,19.99,48.22,74.2,73.72,1662360,Weakest,Soft,26.27%,0.76,19.13,20.84,37%
OBIO,"Orchestra Biomed Hldgs Inc","Medical - Biomedical",5.95,+3.84%,6,Hold,"80% Buy",+89.06,+107.32%,4.65,5.35,4.52,5.99,54.6,91.34,29.26,271953,Strengthening,Strong,23.00%,0.7,5.65,6.34,44%
GEO,"Geo Group Inc","Government Services",31.13,+0.55%,5,Sell,"56% Buy",+88.44,+70.58%,29.65,31.25,25.83,31,50.48,54.6,79,2173618,Weakening,Average,42.26%,0.69,29.61,32.39,55%
BJRI,"Bj's Restaurants Inc","Retail - Restaurants",59.87,+0.55%,4,Sell,"40% Buy",+87.45,+92.45%,59.48,63.23,52.18,60.38,46.01,76.47,37.84,420033,Weakening,Soft,41.54%,0.85,57.97,62.79,39%
SND,"Smart Sand Inc","Chemical - Diversified",5.28,-0.38%,5,Buy,"100% Buy",+87.14,+147.89%,4.95,5.02,4.91,5.22,54.49,131.91,17.89,349389,Strengthening,Soft,57.33%,0.35,5.01,5.42,66%
NEXA,"Nexa Resources S.A.","Mining - Misc",13.2,+5.52%,1,Sell,"24% Sell",+86.59,+147.65%,13.51,13.46,13.26,12.56,54.04,131.67,35.04,890419,Weakest,Minimum,64.86%,0.68,11.83,13.29,94%
NHC,"National Healthcare Corp","Medical - Nursing Homes",227.11,+0.86%,3,Hold,"96% Buy",+86.21,+91.03%,214.53,223.92,199.45,224.97,53.12,75.05,51.55,109424,Average,Strong,39.35%,0.58,219.62,230.33,70%
NUTX,"Nutex Health Inc","Medical Services",206.29,+0.62%,6,Buy,"88% Buy",+84.95,+98.97%,172.92,194.39,151.47,212.03,50.13,82.99,11.2,169105,Average,Strong,35.32%,1.04,199.85,224.21,26%
HZO,"Marinemax Inc","Retail - Misc & Diversified",52.37,-0.11%,4,Buy,"88% Buy",+84.94,+109.15%,42.45,50.24,37.84,52.38,70.41,93.17,102.03,492775,Weakening,Strong,59.51%,1.63,52.22,52.54,47%
MYE,"Myers Industries","Rubber & Plastics",30.63,-0.16%,7,Sell,"40% Buy",+84.34,+89.07%,30.17,32.2,27.23,31.13,42.81,73.09,49.51,327318,Weakest,Average,27.16%,0.43,29.93,32.32,29%
DFTX,"Definium Therapeutics Inc","Medical - Drugs",36.9,+7.96%,3,Sell,"8% Buy",+84.21,+195.20%,37.62,40.4,31.95,37.51,46.11,179.22,161.47,2252109,Weakest,Weak,27.77%,1.22,34.39,40.64,40%
NSIT,"Insight Enterpr","Retail - Mail Order",163.6,+1.39%,4,Buy,"100% Buy",+84.08,+51.00%,133.44,154.12,114.01,159.06,61.78,35.02,86.71,435845,Strongest,Maximum,75.53%,0.65,153.34,164.77,90%
MITK,"Mitek Systems Inc","Computer - Optical",17.7,+3.69%,5,Sell,"40% Buy",+83.53,+89.51%,17.67,17.86,16.54,17.48,51,73.53,53.66,856151,Weakening,Weak,47.66%,0.65,16.68,18.28,64%
MSGE,"Madison Square Garden Entmt Corp","Media Conglomerates",80.84,-1.00%,8,Buy,"100% Buy",+82.25,+93.03%,77.08,79.64,71.87,80.15,53.73,77.05,35.9,410721,Average,Strong,72.92%,0.57,77.76,82.53,65%
VAC,"Marriot Vacations Worldwide Cor","Leisure & Recreation Services",105.34,+1.08%,5,Sell,"56% Buy",+79.49,+62.44%,100.18,106.98,90.25,102.88,52.97,46.46,68.49,525096,Average,Average,67.24%,0.49,99.65,106.11,88%
LQDT,"Liquidity Services","Auction Valuation Services",43.13,+2.37%,8,Hold,"96% Buy",+78.63,+82.45%,39.92,42.12,37.46,42.94,54.56,66.47,28.19,190447,Strongest,Strong,31.55%,0.82,41.72,44.16,58%
VSAT,"Viasat Inc","Wireless Equipment",72.01,+6.82%,3,Sell,"8% Buy",+78.63,+102.73%,73.46,74.82,68.06,72.12,49.55,86.75,94.86,2017344,Weakest,Weak,32.18%,1.59,67.54,76.7,49%
OII,"Oceaneering International","Oil - Field Services",44.81,+0.52%,2,Sell,"40% Buy",+77.68,+90.84%,44.69,48.72,41.97,45.53,42.83,74.86,72.37,1096216,Weakest,Average,28.22%,0.38,43.34,47.73,34%
RCMT,"R C M Tech Inc",Staffing,41.38,-1.12%,7,Buy,"100% Buy",+77.41,+73.21%,32.14,38.28,29.92,40.74,57.75,57.23,88.29,66131,Average,Maximum,51.46%,0.38,39.05,42.43,69%
DCO,"Ducommun Inc","Aerospace - Defense Equipment",170.56,+1.34%,5,Sell,"24% Buy",+77.13,+75.96%,172.21,179.21,159.76,170.04,48.02,59.98,65.18,217270,Weakest,Weak,32.95%,0.41,163.47,176.61,54%
MSGS,"Madison Square Garden Sports Corp","Leisure & Recreation Services",402.3,-1.20%,7,Buy,"100% Buy",+77.07,+84.05%,390.73,398.24,369.77,401.6,51.3,68.07,41.43,247273,Weakening,Good,60.58%,1.15,389.36,413.84,53%
UFCS,"United Fire Group","Insurance - Proprty & Casualty",55.14,-2.23%,2,Hold,"96% Buy",+76.05,+79.20%,51.67,54.08,47.8,54.27,55.7,63.22,37.58,132846,Weakening,Strong,87.46%,0.51,52.48,56.06,74%
CBLL,"Ceribell Inc","Medical Products",23.63,+2.07%,4,Sell,"72% Buy",+75.97,+84.32%,20.88,23.25,20.31,24.17,48.57,68.34,-6.36,344916,Strengthening,Average,24.08%,0.86,23.09,25.25,25%
PNRG,"Primeenergy Corp","Oil - US Exploration & Product",214.87,+1.59%,3,Sell,"56% Buy",+75.14,+33.51%,197.46,205.69,206.46,207.27,58.74,17.53,11.54,69470,Strengthening,Weak,82.23%,0.62,196.55,217.99,85%
NVCT,"Nuvectis Pharma Inc","Medical - Biomedical",21.12,+4.92%,2,Sell,"40% Buy",+74.88,+251.41%,18.86,21.77,15.55,21.32,48.46,235.43,165.63,169785,Weakening,Average,26.57%,0.74,19.55,23.1,44%
LNTH,"Lantheus Holdings","Medical Products",100.15,+0.03%,2,Sell,"8% Buy",+74.63,+91.16%,101.93,100.47,95.54,100.08,48.21,75.18,36.38,1066257,Weakest,Weak,59.63%,0.67,99.34,100.82,55%
TGT,"Target Corp","Retail - Discount",153.64,-0.72%,3,Sell,"40% Buy",+72.82,+72.44%,144.52,156.78,137.15,156.16,45.44,56.46,43.07,5208359,Weakest,Good,24.94%,0.87,151.77,160.56,21%
PTGX,"Protagonist Therapeutics Inc","Medical - Biomedical",143.73,+2.73%,3,Sell,"56% Buy",+72.79,+114.39%,132.12,145.46,121.73,141.8,52.63,98.41,50.45,708547,Weakening,Good,54.52%,1.2,136.79,146.82,69%
FCX,"Freeport-Mcmoran Inc","Mining - Non Ferrous",73.69,+3.58%,4,Hold,"80% Buy",+72.00,+70.15%,67.54,71.56,65.44,71.49,56.14,54.17,30.98,16111781,Strengthening,Average,60.15%,0.55,68.62,74.35,88%
ATLC,"Atlanticus Holdings Corp","Finance - Misc Services",93.73,+2.16%,3,Sell,"24% Buy",+69.32,+62.13%,94.93,95.2,85.21,91.82,52.56,46.15,25.89,109921,Weakest,Weak,82.12%,0.8,87.2,96.44,71%
ACU,"Acme United Corp","Consumer Prdts - Misc Discr",62.15,+0.34%,6,Buy,"88% Buy",+69.23,+60.55%,54,61.3,50.5,62.58,50.02,44.57,40.07,23236,Average,Strong,24.45%,0.58,60.73,64.42,38%
RDVT,"Red Violet Inc","Internet Software Services",79.78,-0.10%,7,Buy,"100% Buy",+68.70,+52.08%,66.64,73.75,57.77,77.88,59.82,36.1,25.98,168921,Strongest,Maximum,71.87%,0.55,74.33,81.44,77%
PYPD,"Polypid Ltd","Medical - Drugs",5.07,+3.47%,4,Sell,"72% Buy",+67.65,+52.48%,4.91,5.05,4.74,5.2,47.31,36.5,2.71,121782,Average,Average,22.15%,0.51,4.93,5.48,25%
PLPC,"Preformed Line Prd","Electronics Products - Misc",397.25,-0.01%,5,Sell,"40% Buy",+67.24,+92.91%,389.24,419.84,361.73,412.52,43.12,76.93,78.07,115246,Weakest,Average,13.04%,0.58,391.74,433.3,13%
NWPX,"Nwpx Infrastructure Inc","Steel - Specialty",101.32,+0.59%,3,Sell,"24% Sell",+67.17,+101.55%,119.7,109.17,108.86,102.82,38.52,85.57,48.03,143743,Average,Weak,26.48%,0.35,99.7,105.94,26%
HBIO,"Harvard Bioscience","Industrial Scientific",8.24,+1.35%,7,Buy,"100% Buy",+66.65,+86.47%,6.81,7.57,6.43,8.11,57.57,70.49,9.1,34694,Strengthening,Maximum,46.32%,0.62,7.71,8.51,66%
KRYS,"Krystal Biotech Inc","Medical - Biomedical",331.61,+1.32%,2,Sell,"8% Buy",+66.38,+75.68%,338.05,339.7,315.2,335.17,46.25,59.7,20.4,325680,Weakest,Weak,24.05%,0.7,320.51,349.84,38%
RLJ,"Rlj Lodging Trust","REIT - Equity Trust Other",11.21,+0.09%,6,Sell,"48% Buy",+64.77,+65.83%,11.18,11.21,10.13,11.05,54.21,49.85,36.36,1991853,Weakening,Average,55.68%,0.69,10.79,11.3,82%
BOTJ,"Bank of The Jame Fnl","Banks - Southeast",26.94,-0.81%,3,Sell,"40% Buy",+64.48,+70.29%,26.04,27.2,24.69,27.09,46.34,54.31,30.88,19243,Weakest,Average,52.06%,0.33,26.55,27.63,36%
KALU,"Kaiser Aluminum","Metal Production & Fabrication",151.51,+1.18%,1,Sell,"56% Sell",+64.02,+95.32%,167.81,160.87,160.32,151.64,46.23,79.34,17.8,243218,Strengthening,Weak,60.12%,0.41,146.46,156.83,49%
OPY,"Oppenheimer Holdings","Finance - Investment Brokers",113.94,-2.15%,1,Sell,"56% Buy",+64.00,+65.47%,111.33,117.28,106.59,117.72,41.76,49.49,43.51,88729,Weakest,Average,35.69%,0.76,112.51,122.94,14%
ARCB,"Arcbest Corp","Transportation - Truck",129.36,-0.46%,2,Sell,"24% Sell",+63.95,+74.48%,141.35,134.99,130.08,129.72,46.04,58.5,60.25,341162,Weakening,Minimum,37.15%,1.02,124.64,134.8,46%
SEPN,"Septerna Inc","Medical - Biomedical",38.37,+3.98%,5,Sell,"56% Buy",+63.69,+65.82%,36.27,39.39,32.48,38.34,50.79,49.84,23.52,360141,Average,Average,35.36%,0.84,36.05,40.64,51%
AMAL,"Amalgamated Financial Corp","Finance - SBIC & Commercial",46.58,-1.27%,2,Sell,"24% Buy",+63.60,+73.61%,46.72,48.45,44.53,47.3,42.33,57.63,31.32,177431,Weakest,Weak,20.83%,0.77,46.34,48.27,12%
MGNI,"Magnite Inc","Internet - Software",25.4,-0.20%,4,Buy,"100% Buy",+63.42,+36.93%,20.73,23.97,18.07,24.74,58.1,20.95,42.39,2486791,Strengthening,Maximum,68.68%,0.61,23.3,26.17,73%
EZPW,"Ezcorp Inc","Finance - Consumer Loans",31.96,+2.53%,1,Sell,"40% Buy",+62.91,+69.73%,31.58,30.95,30.81,30.7,56.55,53.75,50.46,894251,Weakening,Weak,74.62%,1.01,29.41,32,99%
PANL,"Pangaea Logistics So","Transportation - Ship",8.32,-3.26%,5,Buy,"88% Buy",+62.70,+72.26%,7.71,8.04,7.63,8.31,52.09,56.28,6.82,548497,Weakening,Soft,69.26%,0.8,7.96,8.66,52%
WEST,"Westrock Coffee Company","Beverages - Soft",8.18,-0.12%,8,Buy,"56% Buy",+62.39,+81.37%,8.08,8.06,7.17,8.03,55.01,65.39,86.87,487908,Weakening,Soft,70.95%,0.43,7.68,8.38,71%
CBNA,"Chain Bridge Bancorp Inc Cl A","Banks - Northeast",49.25,-0.71%,5,Buy,"100% Buy",+62.19,+53.91%,43.34,47.09,40.87,47.62,60.85,37.93,28.07,11083,Strengthening,Maximum,73.07%,0.55,45.25,49.99,84%
SBFG,"Sb Financial Group","Banks - Northeast",29.21,-0.80%,8,Hold,"80% Buy",+61.16,+56.87%,26.26,28.35,24.62,29.5,51.09,40.89,17.05,20005,Weakening,Strong,43.65%,0.43,28.54,30.47,35%
DRH,"Diamondrock Hospitality Company","REIT - Equity Trust Other",12.62,+0.16%,5,Hold,"80% Buy",+61.14,+64.75%,12.2,12.47,11.46,12.41,56.98,48.77,26.74,2441997,Strengthening,Good,51.94%,1.33,12.15,12.66,92%
SKE,"Skeena Resources Ltd","Mining - Misc",32.59,+3.76%,3,Sell,"56% Buy",+60.99,+81.36%,29.72,31.83,30.11,30.99,56.72,65.38,23.23,792622,Strengthening,Weak,50.61%,0.99,29.01,32.96,91%
KFRC,"Kforce Inc",Staffing,51.28,-2.04%,5,Sell,"8% Buy",+60.41,+77.01%,52.47,54.77,46,51.94,43.25,61.03,51.74,248933,Weakest,Weak,40.34%,0.7,50.58,53.29,26%
RUSHB,"Rush Enterprises  Cl B","Retail - Wsale Auto & Trucks",57.34,+2.16%,7,Buy,"100% Buy",+60.37,+55.93%,50.57,53.11,48.65,55.1,62.58,39.95,38.77,116103,Strongest,Maximum,74.45%,0.95,52.63,57.56,95%
BZH,"Beazer Homes USA","Building - Residential & Comm",33.41,0.00%,10,Buy,"100% Buy",+60.20,+48.42%,30.87,33.25,27.57,33.36,62.54,32.44,50.71,594853,Weakening,Strong,65.53%,0.78,33.28,33.44,79%
LTH,"Life Time Group Holdings Inc","Leisure & Recreation Services",40.62,+0.84%,2,Sell,"56% Buy",+59.90,+57.50%,40.2,42.42,36.16,40.28,47.74,41.52,38.71,2909055,Weakening,Average,77.54%,0.94,38.85,41.72,62%
GTX,"Garrett Motion Inc","Auto - Truck Original Parts",26.24,+1.90%,2,Sell,"8% Sell",+59.56,+101.54%,29.97,27.35,27.07,26.07,47.06,85.56,36.44,2568023,Weakest,Minimum,37.43%,0.48,25.28,26.86,61%
NOK,"Nokia Corp ADR","Wireless Equipment",10.36,+2.17%,2,Buy,"8% Buy",+59.55,+100.00%,11.6,10.22,11.17,10.4,49.43,84.02,46.01,78714680,Weakest,Minimum,41.39%,0.67,9.73,11.07,47%
PSNL,"Personalis Inc","Medical - Generic Drugs",16,-0.37%,4,Hold,"80% Buy",+58.87,+85.83%,13.78,15.81,11.36,16.25,47.26,69.85,86.9,2577699,Weakening,Strong,31.19%,0.64,15.94,16.56,10%
TECK,"Teck Resources Ltd","Mining - Misc",68.05,+4.98%,4,Hold,"80% Buy",+58.46,+55.08%,63.95,66.62,61.22,66.18,54.67,39.1,27.99,3561469,Strengthening,Average,38.79%,0.98,63.55,68.82,85%
PNTG,"The Pennant Group Inc","Medical - Outpatient & Hm Care",39.73,-1.59%,3,Buy,"88% Buy",+58.42,+58.67%,37.85,39.23,35.88,39.95,50.65,42.69,27.03,291885,Weakening,Good,52.41%,0.95,38.33,41.57,43%
LION,"Lionsgate Studios Corp","Media Conglomerates",11.13,-1.33%,3,Sell,"72% Sell",+58.41,+81.57%,12.83,11.57,12.21,11.2,45.16,65.59,7.8,3063553,Strengthening,Soft,63.35%,0.77,10.8,11.6,41%
EXEL,"Exelixis Inc","Medical - Biomedical",59.86,+1.42%,4,Buy,"100% Buy",+58.02,+55.20%,54.81,56.14,51.38,58.06,62.24,39.22,22.46,2581224,Strongest,Strong,58.33%,1.11,56.34,59.79,102%
XMAX,"Xmax Inc",Furniture,8.74,-0.91%,5,Sell,"56% Buy",+57.70,+63.67%,8.67,8.82,8.23,8.73,50.51,47.69,31.56,957034,Weakest,Soft,67.51%,1.18,8.55,8.91,53%
AMTB,"Mercantil Bank Holding Cl A","Banks - Southeast",28.77,-0.90%,5,Hold,"64% Buy",+57.23,+51.42%,26.93,29.14,25.47,29.26,46.31,35.44,33.35,307016,Weakest,Strong,31.72%,0.93,28.56,29.97,15%
EPC,"Edgewell Personal Care","Consumer Prdts - Misc Staple",27.8,+0.25%,5,Sell,"56% Buy",+56.60,+37.69%,25.85,27.84,24.24,27.24,53.65,21.71,48.94,743578,Average,Average,65.65%,0.52,26.31,28.18,80%
PMTS,"CPI Card Group","Finance - Misc Services",25.54,+2.16%,1,Sell,"56% Buy",+56.58,+58.14%,22.49,26.26,20.36,24.63,52.69,42.16,59.87,81050,Strengthening,Good,92.11%,0.6,23.82,25.44,106%
SENEA,"Seneca Foods Corp A","Food - Misc & Diversified",178.34,+0.74%,2,Sell,"40% Buy",+56.49,+57.75%,173.03,185.31,163.71,180.18,45.86,41.77,47.09,104348,Weakening,Average,34.05%,0.96,171.94,188.43,39%
CARE,"Carter Bankshares Inc","Banks - Northeast",30.16,-1.02%,2,Sell,"8% Buy",+56.41,+56.11%,31.24,31.49,28.68,30.4,43.58,40.13,39.3,284391,Weakening,Weak,56.21%,0.52,29.64,31.17,34%
QUAD,"Quad Graphics Inc","Advertising Marketing Services",9.34,-1.58%,3,Sell,"40% Buy",+56.05,+63.86%,8.94,9.88,8.34,9.46,43.86,47.88,34.85,248614,Weakest,Average,48.38%,0.47,9.03,9.88,36%
ANF,"Abercrombie & Fitch Company","Retail - Apparel & Shoes",142.58,+0.83%,1,Buy,"100% Buy",+55.08,+85.39%,108.38,129.19,101.22,137.31,60.17,69.41,-0.83,1471561,Strongest,Maximum,75.54%,0.6,131.3,143.33,94%
E,"Eni S.P.A. ADR","Oil - International Integrated",56,+0.68%,2,Hold,"80% Buy",+54.99,+58.15%,52.9,54.92,53.38,54.89,56.96,42.17,33.49,428541,Strengthening,Soft,67.60%,1.19,53.38,56.4,87%
ITGR,"Integer Holdings Corp","Medical Instruments",126.61,-0.03%,9,Buy,"100% Buy",+54.93,+22.45%,109.43,125.68,101.7,126.36,74.83,6.47,47.32,763930,Average,Strong,85.56%,1.22,126.08,126.65,92%
TS,"Tenaris S.A. ADR","Steel - Pipe & Tube",57.34,+1.33%,2,Buy,"40% Buy",+54.73,+61.29%,56.96,55.4,57.72,56.11,55.89,45.31,35.02,1533657,Weakening,Minimum,49.74%,0.77,54.51,57.71,88%
AVIR,"Atea Pharmaceuticals Inc","Medical - Biomedical",5.15,-0.10%,5,Sell,"40% Buy",+54.41,+64.54%,4.91,5.25,5.13,5.22,47.13,48.56,30.15,390987,Weakening,Weak,25.38%,0.58,4.95,5.49,38%
RBKB,"Rhinebeck Bancorp Inc","Banks - Northeast",12.86,-0.69%,6,Buy,"88% Buy",+54.08,+54.81%,12.36,12.74,11.98,12.93,49.22,38.83,35.67,65246,Weakest,Average,43.57%,0.5,12.63,13.23,39%
GSL,"Global Ship Lease Inc","Transportation - Ship",44.58,-1.98%,3,Buy,"88% Buy",+53.69,+57.25%,41.93,44.34,40.99,45.07,48.15,41.27,13.12,333546,Weakest,Strong,55.37%,0.48,43.63,46.51,33%
OSPN,"Onespan Inc","Internet - Software",18.22,+1.17%,9,Buy,"100% Buy",+53.35,+15.76%,15.66,16.86,14.16,17.89,60.54,-0.22,27.79,540315,Strongest,Maximum,52.21%,1.1,17.35,18.42,82%
BWFG,"Bankwell Financial","Banks - Northeast",64.72,-1.43%,3,Sell,"40% Buy",+53.22,+51.07%,61.88,66.58,57.93,66.12,42.12,35.09,27.14,54075,Weakest,Good,36.85%,0.6,64.44,67.79,8%
KOP,"Koppers Holdings Inc","Chemical - Diversified",43.41,-1.88%,4,Sell,"8% Sell",+53.20,+63.81%,45.85,46.69,43.53,45.69,36.26,47.83,46.19,184019,Average,Minimum,9.03%,0.72,43.92,47.47,-14%
KFFB,"Kentucky First Fed","Finance - Savings & Loan",5.75,-4.01%,4,Buy,"96% Buy",+52.89,+47.81%,5.23,5.68,5.01,5.75,50.51,31.83,9.55,5458,Average,Strong,29.81%,1.81,5.48,6.01,51%
RRBI,"Red River Bancshares Inc","Banks - Southwest",100.27,-1.55%,3,Hold,"48% Buy",+52.53,+57.41%,97.6,101.58,95.44,101.43,45.59,41.43,26.27,68661,Weakest,Average,44.20%,0.73,99.12,103.74,25%
BHP,"Bhp Billiton Ltd ADR","Mining - Misc",86.74,+2.25%,2,Sell,"24% Buy",+52.31,+54.78%,86.81,88.9,83.42,85.55,49.73,38.8,29.57,3165642,Weakest,Weak,49.57%,0.99,83.55,87.55,80%
WKC,"World Kinect Corp","Oil - Refining and Marketing",36.41,-2.23%,6,Buy,"88% Buy",+52.10,+44.60%,34.57,36.17,31.26,35.89,54.18,28.62,41.29,978911,Weakening,Good,82.59%,0.64,34.82,36.96,74%
CSTM,"Constellium Se","Metal Products - Distribution",25.81,+0.82%,2,Sell,"72% Sell",+51.22,+72.07%,29.3,26.77,29.12,25.2,51.05,56.09,22.81,1936301,Weakening,Average,79.65%,0.84,24.13,26.26,79%
ATLO,"Ames Natl Corp","Banks - Midwest",31.46,-1.63%,3,Hold,"64% Buy",+51.01,+57.14%,30.67,31.76,29.77,31.94,45.6,41.16,22.91,49264,Weakest,Average,48.62%,0.41,31.17,32.72,19%
PACS,"Pacs Group Inc","Medical Services",43.3,-0.98%,2,Sell,"56% Buy",+50.89,+230.53%,42.15,43.65,39.54,42.37,52.91,214.55,-1.32,900435,Weakening,Weak,84.16%,0.97,40.55,44.19,76%
MD,"Pediatrix Medical Group Inc","Medical Services",26.64,+1.52%,1,Sell,"72% Buy",+50.75,+64.24%,25.38,26.34,24.15,26.07,56.16,48.26,10.43,785744,Average,Average,62.13%,0.66,25.35,26.78,90%
BIIB,"Biogen Inc","Medical - Biomedical",225.71,+3.33%,6,Hold,"96% Buy",+50.70,+50.87%,208.66,217.05,200.95,222.36,56.46,34.89,14.14,1188245,Strongest,Strong,46.44%,0.88,213.86,230.86,70%
VRNS,"Varonis Systems Inc",Security,50.12,+2.54%,8,Buy,"100% Buy",+50.63,-20.70%,41.95,45.2,36.14,47.9,64.55,-36.68,38.69,2387846,Strongest,Strong,89.22%,0.96,46.17,49.64,114%
RPRX,"Royalty Pharma Plc Cl A","Medical - Biomedical",56.93,+1.28%,1,Sell,"24% Buy",+50.38,+57.53%,57.58,59.16,54.57,57.86,40.33,41.55,33.22,3384426,Weakest,Weak,32.76%,0.96,56.18,59.54,22%
NKSH,"Natl Bankshares Inc","Banks - Southeast",42.56,-0.98%,7,Buy,"88% Buy",+49.47,+48.60%,39.08,41.98,38.23,42.57,52.84,32.62,12.82,34109,Weakening,Strong,60.88%,0.58,41.75,43.4,49%
FMAO,"Farmers & Merch Banc","Banks - Northeast",34.55,-2.15%,6,Hold,"64% Buy",+49.05,+40.91%,32.17,34.77,30.19,35.21,45.49,24.93,25.66,61973,Weakest,Strong,53.77%,0.38,34.39,36.02,10%
SNOW,"Snowflake Cl A","Internet - Software",368.89,+7.42%,6,Buy,"100% Buy",+48.76,+47.16%,287.67,330.25,243.06,336.95,68.9,31.18,54.06,6401530,Strongest,Maximum,77.51%,1.65,319.35,354.55,141%
ICCC,"Immucell Corp","Medical Products",9.8,+0.51%,2,Sell,"8% Sell",+48.50,+45.83%,10.21,10.1,9.28,9.84,46.79,29.85,45.24,25091,Weakest,Weak,33.35%,0.09,9.54,10.14,44%
HBM,"Hudbay Minerals Inc","Mining - Misc",26.12,+2.88%,5,Sell,"40% Buy",+48.15,+52.84%,25.89,27.11,24.87,26.46,46.4,36.86,17.48,5415982,Weakening,Weak,24.20%,1.13,25.1,27.83,37%
AVTR,"Avantor Inc","Medical Services",15.67,+1.82%,7,Buy,"100% Buy",+47.84,+15.73%,12.34,14.64,10.88,15.33,60.06,-0.25,22.63,10052089,Strongest,Maximum,49.86%,0.53,14.78,15.88,81%
ESCA,"Escalade Inc","Leisure & Recreational Prdcts",18.64,-0.75%,1,Sell,"8% Sell",+47.80,+58.91%,19.41,20.1,18.96,19.23,35.57,42.93,24.07,34784,Average,Minimum,21.87%,0.35,18.59,19.86,4%
AIRT,"Air T Inc","Transportation - Air Freight",30.55,+0.13%,4,Sell,"72% Buy",+47.61,+35.84%,27.27,30.38,25.65,29.84,52.95,19.86,45.84,11601,Weakening,Strong,56.84%,0.98,27.78,31.91,67%
HBT,"Hbt Financial Inc","Banks - Northeast",34.95,-1.63%,3,Sell,"40% Buy",+47.33,+44.66%,33.56,36.02,31.51,35.87,39.85,28.68,21.09,104915,Weakest,Average,29.71%,0.81,34.95,36.78,0%
IESC,"Ies Holdings Inc","Electronic Misc Services",297.52,-0.97%,3,Sell,"8% Sell",+47.28,+50.31%,336.74,337.79,315.46,321.39,38.27,34.33,38.85,407691,Weakening,Minimum,10.99%,0.67,299.15,343.63,-4%
PK,"Park Hotels & Resorts Inc","REIT - Equity Trust Other",15.17,-0.26%,3,Buy,"64% Buy",+47.05,+41.12%,14.62,15.26,13.38,15.26,46.81,25.14,30.92,4244290,Weakest,Good,29.20%,0.88,14.87,15.66,38%
STRO,"Sutro Biopharma Inc","Medical - Biomedical",14.27,-6.85%,2,Sell,"88% Sell",+46.88,+66.90%,23.54,19.28,25.67,15.66,29.41,50.92,9.23,259490,Strengthening,Good,27.92%,0.88,14.33,16.99,-2%
COKE,"Coca-Cola Consolidated Inc","Beverages - Soft",196.24,+2.28%,5,Hold,"96% Buy",+46.88,+59.29%,186.4,191,189.05,192.76,55.62,43.31,13.9,518804,Strongest,Weak,53.07%,1.18,184.82,200.7,72%
TKR,"Timken Company","Electronics Products - Misc",116.12,+1.56%,3,Sell,"24% Sell",+46.08,+56.24%,129.1,122.69,121.27,117.16,43.14,40.26,23.91,895291,Weakening,Weak,14.31%,0.85,113.44,120.88,36%
OBT,"Orange County Bancor","Banks - Northeast",36.93,-0.86%,4,Sell,"24% Buy",+45.93,+51.54%,37.12,38.05,35.88,37.64,40.87,35.56,15.24,60137,Weakening,Weak,43.10%,1.62,36.61,38.66,16%
ATKR,"Atkore Inc","Wire & Cable Products",94.84,0.00%,11,Buy,"100% Buy",+45.91,+49.54%,85.22,93.65,79.13,94.6,70.96,33.56,35.83,561286,Average,Strong,89.93%,0.34,94.22,94.98,82%
JOYY,"Joyy Inc ADR","Internet - Services",81.05,+0.25%,12,Buy,"100% Buy",+45.71,+41.05%,72.15,76.52,67.91,79.83,64.91,25.07,11.04,336109,Strengthening,Maximum,82.63%,1.35,77.52,82.13,76%
VGNT,"Versigent Plc","Utility - Electric Power",44.19,+0.07%,6,Sell,N/A,+45.70,N/A,44.71,46.17,0,45.97,42.66,N/A,N/A,N/A,N/A,N/A,16.11%,0.69,44,47.93,5%
FORR,"Forrester Resrch","Computer - Services",11.39,-2.23%,1,Sell,"40% Buy",+45.69,+26.70%,9.95,11.7,8.64,11.47,48.18,10.72,26.16,123869,Weakening,Good,48.02%,0.63,10.98,11.97,42%
SKM,"Sk Telecom Corp ADR","Wireless Non-US",34.24,+0.74%,2,Sell,"8% Sell",+45.58,+59.78%,35.95,36.57,35.32,35.7,40.05,43.8,52.67,1987931,Weakening,Minimum,20.41%,0.51,34.33,37.07,-3%
THC,"Tenet Healthcare Corp","Medical - Hospitals",263.78,+1.23%,1,Sell,"72% Buy",+45.37,+35.38%,226.7,262.79,216.91,259.48,55.7,19.4,18.63,1129984,Average,Strong,73.87%,0.7,252.14,266.82,79%
TMP,Tompkinstrustco,"Banks - Northeast",95.73,-0.85%,3,Sell,"40% Buy",+45.03,+48.86%,94.87,98.36,90.21,97.76,42.21,32.88,17.89,81132,Weakest,Average,33.28%,0.53,95.67,99.86,2%
PLBC,"Plumas Bancorp","Banks - West",60.96,-1.31%,3,Sell,"56% Buy",+44.78,+46.93%,59.48,61.91,56.44,61.93,43.55,30.95,22.3,48143,Weakest,Average,46.48%,0.83,60.82,63.05,6%
ASH,"Ashland Inc","Chemical - Specialty",70.57,-0.17%,3,Sell,"56% Buy",+44.50,+45.51%,67.79,71.79,63.28,69.47,52.14,29.53,6.17,781347,Weakest,Average,71.72%,0.63,67.7,71.24,81%
CAC,"Camden Natl Corp","Banks - Northeast",55.49,-1.58%,1,Sell,"40% Buy",+44.21,+47.86%,55.02,57.36,52.74,56.9,41.56,31.88,13.81,98335,Weakest,Average,37.72%,0.72,55.3,58.5,6%
EXFY,"Expensify Inc Cl A","Financial Transaction Services",2.4,+4.35%,3,Sell,"72% Buy",+44.17,+38.73%,1.92,2.32,1.58,2.29,55.78,22.75,44.83,944081,Strengthening,Strong,73.93%,0.54,2.17,2.41,96%
ASRV,"Ameriserv Financial","Banks - Northeast",4.39,-1.35%,3,Sell,"40% Buy",+44.15,+43.93%,4.34,4.78,4.15,4.62,41.61,27.95,23.51,15618,Weakest,Average,17.24%,0.3,4.33,4.92,11%
KELYA,"Kelly Svcs Cl A",Staffing,15.59,-3.59%,7,Sell,"48% Buy",+44.11,+22.27%,14.49,16.19,12.72,16.2,42.05,6.29,63.05,414443,Weakest,Good,34.11%,0.68,15.57,16.82,1%
MOV,"Movado Group Inc","Retail - Jewelry",31.57,-1.31%,8,Sell,"24% Sell",+44.01,+72.89%,35.66,34.54,32.41,33.14,31.53,56.91,38.99,188880,Average,Minimum,5.12%,1.01,31.97,34.32,-17%
AVBC,"Avidia Bancorp Inc","Banks - Northeast",21.89,-0.59%,4,Sell,"56% Buy",+43.90,+47.91%,21.04,21.9,20.65,21.93,50.03,31.93,16.11,104611,Weakest,Average,54.02%,0.63,21.38,22.48,46%
HTFL,"Heartflow Inc","Medical Information Systems",49.74,+4.43%,6,Hold,"96% Buy",+43.75,+51.23%,36.75,44.54,33.66,49.48,54.93,35.25,56.52,1570297,Strengthening,Maximum,30.04%,0.41,47.3,51.66,56%
VREX,"Varex Imaging Corp","Medical Products",18.46,-0.05%,3,Buy,"88% Buy",+43.47,+63.51%,14.11,17.71,13.11,18.47,71.68,47.53,44.34,519224,Average,Strong,39.39%,0.25,18.43,18.51,39%
ACOG,"Alpha Cognition Inc","Medical - Biomedical",9.04,0.00%,2,Sell,"72% Buy",+43.30,+19.42%,8.03,8.98,7.38,8.83,52.8,3.44,24.97,79235,Weakening,Strong,65.49%,0.16,8.42,9.25,75%
ATRO,"Astronics Corp","Aerospace - Defense Equipment",64.22,-0.36%,2,Sell,"24% Sell",+43.24,+67.42%,73.42,73.74,69.03,67.52,34.1,51.44,27.97,723522,Average,Weak,16.60%,0.58,63.73,71.3,6%
PEBK,"Peoples Bancorp NC","Banks - Southeast",43.78,-1.06%,4,Hold,"72% Buy",+43.18,+44.49%,43.25,43.78,42.04,43.73,50.58,28.51,6.83,29260,Weakest,Average,71.07%,0.5,42.65,44.81,52%
BAP,"Credicorp Ltd","Banks - Foreign",381.21,+0.22%,5,Hold,"80% Buy",+43.12,+45.92%,375.34,380.78,360.31,381.8,50.39,29.94,18.72,415656,Average,Average,36.22%,0.83,371.63,391.98,47%
NDLS,"Noodles & Company","Retail - Restaurants",14.22,+2.97%,1,Sell,"40% Buy",+42.62,+176.22%,14.02,14.86,12.45,13.46,53.91,160.24,137.66,58717,Weakening,Soft,76.65%,3.41,12.67,14.24,99%
ACNB,"Acnb Corp","Banks - Southwest",62.29,-1.42%,2,Sell,"40% Buy",+42.56,+42.67%,61.2,64.23,57.38,63.62,39.71,26.69,14.72,58995,Weakest,Average,46.15%,0.5,62.01,65.23,9%
CZFS,"Citizens Fincl Svcs","Banks - Northeast",78.05,-1.77%,2,Sell,"40% Buy",+42.32,+38.71%,75.29,80.93,71.32,80.13,41.79,22.73,22.77,17891,Weakest,Average,35.54%,0.59,77.5,82.76,10%
CPAY,"Corpay Inc","Financial Transaction Services",397.92,-1.03%,2,Sell,"40% Buy",+42.13,+36.81%,379.5,403.55,357.01,399.06,48.04,20.83,18.12,590563,Weakest,Good,68.48%,0.97,387.15,410.96,45%
JBL,"Jabil Circuit","Electronic Manufacturing",306.28,+2.38%,3,Sell,"24% Sell",+42.05,+49.62%,332.44,316.7,322.65,304.01,49.41,33.64,20.21,1215455,Weakest,Weak,36.55%,1.06,287.79,320.24,57%
FCBC,"First Community Bksh","Banks - Southeast",47.34,-0.57%,3,Sell,"40% Buy",+42.03,+42.08%,46.2,48.12,44.77,47.37,46.55,26.1,26.24,82781,Weakest,Average,55.84%,1.59,46.65,48.08,48%
LIVN,"Livanova Plc OR Sh","Medical Instruments",76.39,+0.63%,3,Sell,"8% Buy",+41.65,+46.59%,78.7,78.75,73.88,77.02,46.06,30.61,10.04,731042,Weakest,Weak,32.35%,0.51,73.98,80.05,40%
CFBK,"Central Fed Corp","Banks - Northeast",33.84,-2.05%,3,Sell,"40% Buy",+41.38,+41.47%,33,34.95,31.48,34.42,41.47,25.49,21.52,51384,Weakest,Average,49.33%,0.49,33.59,35.26,15%
WLY,"John Wiley Sons Cl A","Publishing - Books",49.64,+0.49%,6,Sell,"40% Buy",+40.85,+37.13%,48.64,50.26,45.47,48.37,54.17,21.15,47.95,512544,Average,Soft,84.89%,0.52,46.77,49.96,90%
OSBC,"Old Second Bancorp","Banks - Midwest",24.61,-1.01%,3,Sell,"40% Buy",+40.56,+43.25%,23.93,25.24,22.79,24.87,43.86,27.27,12.1,408137,Weakest,Average,54.14%,0.84,24.33,25.4,26%
BPRN,"Princeton Bancorp Inc","Banks - Northeast",42.82,-1.79%,3,Buy,"72% Buy",+40.25,+39.34%,40.18,42.91,38.36,43.31,47.53,23.36,9.33,17393,Weakest,Strong,38.03%,0.95,42.65,43.96,13%
CBC,"Central Bancompany Inc Cl A","Banks - Northeast",32.42,+0.15%,3,Sell,"72% Buy",+39.93,N/A,31.08,32.31,29.14,31.87,55.64,N/A,20.3,715151,Average,Good,87.02%,0.52,31.2,32.54,91%
UFI,"Unifi Inc","Textile - Products",6.09,-1.46%,1,Sell,"40% Buy",+39.78,+31.25%,5.92,6.91,5.19,6.55,31.97,15.27,59.89,71818,Weakest,Average,7.85%,0.58,6.22,6.88,-20%
SRCE,"1st Source Corp","Banks - Midwest",83.9,-1.31%,3,Sell,"40% Buy",+39.75,+39.65%,83.13,86.66,79.17,85.62,40.5,23.67,20.15,127643,Weakest,Average,32.78%,0.65,83.82,87.42,2%
CRSR,"Corsair Gaming Inc",Gaming,13.63,+4.13%,7,Buy,"100% Buy",+39.60,+71.66%,11,12.65,9.4,13.49,56.86,55.68,115.35,2015463,Strengthening,Strong,32.86%,0.57,13.09,13.9,67%
IA,"Innovative Solutions and Support","Aerospace - Defense Equipment",19.41,+1.09%,2,Sell,"40% Sell",+39.41,+61.88%,18.73,19.71,20.23,18.75,54.05,45.9,-11.63,468956,Weakening,Weak,75.78%,0.71,17.84,19.66,86%
SXT,"Sensient Technologies Corp","Chemical - Specialty",130.37,-1.26%,4,Sell,"56% Buy",+39.39,+40.93%,124.24,131.14,116.18,129.44,50.31,24.95,24.66,389086,Weakest,Good,50.39%,0.59,126.23,132.66,64%
LSBK,"Lake Shore Bancorp","Finance - Savings & Loan",18.25,+1.16%,2,Buy,"100% Buy",+39.29,+41.36%,17.11,17.65,16.59,18.08,55.82,25.38,10.38,12090,Strongest,Strong,56.58%,1.11,17.69,18.47,71%
CASS,"Cass Information Sys","Computer - Services",53.4,-1.02%,1,Sell,"40% Buy",+38.67,+41.46%,53.05,55.8,50.65,54.35,39.01,25.48,14.5,80291,Weakest,Soft,30.19%,0.96,52.89,55.81,18%
NPK,"National Presto Industries","Conglomerates - Div Operations",151.59,-0.28%,3,Hold,"96% Buy",+38.48,+34.89%,136.85,146.73,137.58,149.69,56.13,18.91,27.88,98738,Strengthening,Strong,70.31%,0.75,143.66,155.72,66%
GEF,"Greif Bros Corp","Containers - Paper Products",81.82,-0.07%,4,Sell,"40% Buy",+38.31,+40.13%,77.77,84.63,74.14,82.27,45.74,24.15,6.75,253447,Weakest,Average,51.16%,0.92,80.02,84.52,40%
AAPL,"Apple Inc","Computer - Micro",336.64,-1.11%,6,Buy,"100% Buy",+38.17,+32.51%,315.84,322.39,299.56,335.39,56.12,16.53,9.72,48019410,Average,Strong,61.96%,0.87,328.79,341.99,59%
LXP,"Lxp Industrial Trust","REIT - Equity Trust Resident",61,-0.02%,3,Buy,"100% Buy",+38.10,+36.01%,57.87,60.81,55,60.9,64.34,20.03,8.92,635515,Average,Strong,79.23%,0.91,60.79,61.02,93%
PARK,"Park Dental Partners Inc","Medical Services",20.25,-1.70%,2,Sell,"40% Buy",+38.08,N/A,19.91,20.69,19.1,20.38,48.09,N/A,23.09,34214,Weakest,Average,63.35%,0.15,19.55,21.21,42%
BOW,"Bowhead Specialty Holdings Inc","Insurance - Proprty & Casualty",34.03,-0.21%,11,Buy,"100% Buy",+37.97,+31.04%,31.27,33.62,28.83,33.82,65.86,15.06,5.13,247085,Average,Strong,73.61%,0.36,33.6,34.04,99%
IFF,"International Flavors & Fragrances","Chemical - Specialty",84.55,-0.12%,6,Sell,"72% Buy",+37.77,+40.57%,80.59,84.53,77.82,84.35,51.55,24.59,11.35,1791369,Average,Strong,56.41%,0.76,82.26,86.44,55%
TSBK,"Timberland Bancorp","Finance - Savings & Loan",44.82,-1.23%,2,Sell,"40% Buy",+37.77,+40.15%,44.28,45.72,42.87,45.47,44.66,24.17,11.09,31158,Weakest,Average,53.94%,0.4,44.09,46.85,27%
ECBK,"ECB Bancorp Inc","Banks - Northeast",21.12,+1.44%,4,Hold,"96% Buy",+37.63,+38.86%,20.09,20.73,19.25,20.78,54.99,22.88,7.34,10582,Strengthening,Strong,71.05%,0.66,20.14,21.41,77%
BEN,"Franklin Resources","Finance - Investment Mgmt",32,-1.23%,2,Sell,"8% Buy",+36.88,+35.42%,33.06,33.61,30.95,32.78,38.31,19.44,19.84,4726735,Weakening,Weak,33.04%,1.05,31.96,33.6,2%
GOOGL,"Alphabet Cl A","Internet - Services",351.66,+0.97%,5,Buy,"24% Buy",+36.76,+45.60%,352.81,346.25,346.78,345.92,56.35,29.62,-1.76,30280145,Average,Minimum,51.08%,0.67,337.03,354.81,82%
LLY,"Eli Lilly and Company","Large Cap Pharma",1179.27,+0.83%,8,Sell,"72% Buy",+36.51,+37.87%,1159.37,1173.97,1086.29,1161.32,54.21,21.89,-4.38,2920831,Strengthening,Average,56.86%,0.55,1126.53,1196.1,76%
SXC,"Suncoke Energy Inc",Coal,9.94,+1.95%,1,Sell,"88% Buy",+36.47,+15.85%,9.17,9.68,8.31,9.69,54.42,-0.13,23.95,1506146,Strengthening,Strong,69.61%,0.58,9.3,10.09,81%
PCB,"Pcb Bancorp","Banks - Southwest",27.73,-0.57%,3,Hold,"48% Buy",+36.38,+37.28%,27.47,27.82,26.08,27.75,49.08,21.3,13.97,30848,Weakest,Average,46.86%,0.85,27.27,28.23,48%
LXFR,"Luxfer Holdings Plc","Machinery - General Industrial",17.24,+0.06%,3,Buy,"40% Buy",+36.37,+31.20%,17.25,17.19,15.92,17.25,51.37,15.22,13.31,238251,Weakest,Soft,14.47%,2.78,17.2,17.3,45%
EGBN,"Eagle Bancorp Inc","Banks - Northeast",28.22,-0.28%,5,Hold,"96% Buy",+36.36,+34.64%,27.71,28.03,27.03,28.19,52.13,18.66,17.64,310568,Average,Soft,59.26%,1.39,27.82,28.56,54%
FRAF,"Franklin Finl Svcs Corp","Banks - Northeast",62.6,-1.14%,5,Hold,"64% Buy",+36.35,+37.58%,61.92,62.88,59.25,62.92,48.02,21.6,10.59,38861,Weakest,Average,72.64%,0.72,61.55,64.3,38%
PDLB,"Ponce Financial Group Inc","Finance - Misc Services",20.05,-0.69%,4,Sell,"40% Buy",+36.33,+38.09%,19.92,20.34,19.01,20.25,45.16,22.11,8.52,73165,Weakest,Average,41.90%,0.61,19.94,20.56,18%
KNX,"Knight-Swift Transporation","Transportation - Truck",64.47,-0.89%,2,Sell,"40% Sell",+36.15,+44.03%,71.77,68.1,67.96,65.63,43.25,28.05,9.21,3595136,Average,Weak,21.11%,0.94,62.59,68.67,31%
TNGX,"Tango Therapeutics Inc","Medical - Biomedical",23.81,+5.49%,5,Sell,"8% Sell",+35.82,+225.27%,25.89,24.52,24.51,23.67,50.27,209.29,154.63,3360359,Weakest,Minimum,33.26%,1.14,21.46,25.88,53%
SIBN,"Si-Bone Inc","Medical Instruments",19.37,+2.70%,5,Buy,"88% Buy",+35.80,+23.22%,17.46,18.81,16.08,18.74,55.96,7.24,-15.88,601676,Strengthening,Strong,58.56%,0.99,17.82,19.66,84%
WAT,"Waters Corp","Medical Instruments",433.77,+1.08%,11,Buy,"100% Buy",+35.76,+31.27%,391.52,415.9,365.72,429.15,56.07,15.29,0.09,942597,Strongest,Maximum,40.95%,1.44,411.39,446.9,63%
CTBI,"Community TR Bancp","Banks - Southeast",74.16,-1.63%,2,Sell,"40% Buy",+35.76,+34.79%,73.87,76.7,70.26,75.55,41.1,18.81,17.15,99702,Weakest,Average,45.05%,0.71,73.63,77.46,14%
JXN,"Jackson Financial Inc Cl A","Insurance - Life",129.71,-2.52%,2,Sell,"40% Buy",+35.67,+29.72%,122.15,132.83,117.46,132.19,45.28,13.74,7.51,629037,Weakest,Good,51.90%,0.67,126.53,137.86,28%
HST,"Host Marriott Financial Trust","REIT - Equity Trust Other",22.65,+0.49%,4,Sell,"8% Buy",+35.40,+39.90%,23.32,22.67,22.29,22.31,54.6,23.92,13.64,8775094,Weakest,Minimum,61.64%,0.57,21.82,22.81,84%
INDV,"Indivior Pharmaceuticals Inc","Medical - Drugs",35.83,+1.07%,7,Hold,"16% Sell",+35.16,+48.36%,37.71,36.37,36.24,35.64,49.45,32.38,-14.25,2151296,Weakest,Minimum,45.66%,2.09,34.28,37,57%
CCNE,"Cnb Financial Corp","Banks - Northeast",33.28,-1.07%,2,Sell,"24% Buy",+35.09,+36.51%,33.5,34.23,32.2,33.86,41.96,20.53,13.06,155132,Weakest,Weak,38.27%,0.56,33.1,34.62,12%
HCC,"Warrior Met Coal Inc",Coal,93.07,+3.64%,1,Sell,"40% Buy",+35.00,+42.03%,91.69,95.72,90.59,90.61,50.72,26.05,-8.55,802013,Average,Weak,56.95%,0.91,86.59,94.63,81%
GOOG,"Alphabet Cl C","Internet - Services",347.86,+0.87%,5,Buy,"24% Buy",+34.71,+43.62%,350.33,343.39,344.45,342.45,55.93,27.64,-3.26,20075350,Average,Minimum,51.40%,0.66,333.98,350.91,82%
CPAC,"Cementos Pacasmayo S.A.A ADR","Building - CMT & CNT & AG",12.27,+0.16%,1,Sell,"72% Buy",+34.69,+72.09%,11.78,12.19,11.34,12.29,50.66,56.11,3.64,44031,Average,Soft,57.51%,0.37,11.99,12.59,46%
GPRE,"Green Plains Inc","Chemical - Specialty",14.34,-4.78%,1,Sell,"56% Sell",+34.69,+51.11%,15.59,15.27,15.83,14.98,38.93,35.13,32.22,1491728,Strengthening,Weak,49.03%,1.23,14.52,15.43,-20%
CCSI,"Consensus Cloud Solutions","Internet - Software",36.71,+0.25%,4,Sell,"56% Buy",+34.65,+38.84%,35.82,36.76,32.91,35.9,53.7,22.86,54.13,172256,Weakening,Average,83.80%,0.6,34.18,37.61,74%
ST,"Sensata Technologies Holding N.V.","Industrial Controls",42.29,+0.14%,5,Hold,"16% Sell",+34.56,+34.34%,45.54,43.23,43.38,42.15,48.39,18.36,12.93,1820427,Weakening,Minimum,47.08%,0.58,40.78,43.52,55%
ODC,"Oil-Dri Corp of America","Chemical - Diversified",85.98,+1.91%,9,Sell,"8% Sell",+34.48,+43.56%,91.55,90.17,84.24,88.74,41.22,27.58,61.57,94170,Weakening,Weak,26.84%,2.06,84.66,92.82,16%
FCFS,"Firstcash Holdings Inc","Financial Transaction Services",213.7,+1.04%,2,Sell,"8% Sell",+34.27,+38.40%,217.05,216.23,213.27,215.04,47.9,22.42,19.97,372178,Weakest,Minimum,31.39%,0.49,207.32,222.77,41%
NXDR,"Nextdoor Holdings Inc.","Internet - Software",2.57,+2.39%,9,Buy,"100% Buy",+34.05,+22.38%,2.31,2.41,2.07,2.47,59.44,6.4,8.27,3041266,Strongest,Strong,57.29%,0.54,2.35,2.59,92%
RHP,"Ryman Hospitality Properties REIT","REIT - Equity Trust Other",120.28,+0.28%,2,Sell,"8% Buy",+34.04,+35.36%,123.8,123.95,115.61,121.01,43.8,19.38,13.01,597922,Weakest,Weak,33.60%,0.56,119.26,122.76,29%
FCAP,"First Capital Inc","Finance - Savings & Loan",62.7,-2.20%,7,Hold,"48% Buy",+34.01,+43.31%,62.48,63.01,59.03,62.26,50.06,27.33,-8.2,10193,Weakest,Soft,78.84%,0.6,59.89,64.62,59%
AII,"American Integrity Insurance Group Inc","Insurance - Proprty & Casualty",26.77,-0.74%,7,Buy,"100% Buy",+33.83,+13.62%,21.41,24.92,20.61,25.9,60.86,-2.36,14.41,141501,Strongest,Maximum,87.78%,0.52,24.65,27.15,85%
PSMT,"Pricesmart Inc","Retail - Discount",168.88,+0.99%,6,Sell,"24% Sell",+33.79,+42.48%,178.39,174.02,170.19,170.24,44.34,26.5,23.56,245632,Weakening,Minimum,23.92%,0.94,165.8,174.69,35%
APPN,"Appian Corp Cl A","Internet - Software",40.1,+3.72%,6,Buy,"100% Buy",+33.75,+34.38%,30.19,36.61,27.76,37.43,60.35,18.4,-0.9,938789,"Top 1%",Maximum,84.23%,0.89,34.96,39.89,104%
CLH,"Clean Harbors","Waste Removal Svcs",316.93,-0.13%,3,Buy,"100% Buy",+33.68,+36.48%,305.3,315.59,302.38,315.72,51.95,20.5,21.05,480498,Weakening,Average,43.28%,0.58,308.88,322.57,59%
BVFL,"Bv Financial Inc MD","Banks - Northeast",21.24,-1.53%,3,Hold,"64% Buy",+33.59,+38.01%,20.94,21.28,20.45,21.18,49.64,22.03,2.98,17153,Weakest,Average,76.08%,0.96,20.57,21.79,55%
ITRN,"Ituran Location","Protection - Safety",52.22,+0.85%,5,Sell,"72% Sell",+33.29,+46.89%,56.23,52.25,55.52,51.94,51.24,30.91,7.3,127621,Average,Weak,65.80%,0.62,50.95,52.93,64%
KIDS,"Orthopediatrics Corp","Medical Instruments",21.65,-0.51%,5,Sell,"40% Buy",+33.28,+20.61%,20.96,23.01,19.52,22.4,42.32,4.63,7.79,173872,Weakest,Average,33.15%,0.6,21.47,23.32,10%
HVT,"Haverty Furniture Companies","Retail - Home Furniture",27.26,-0.91%,5,Hold,"48% Buy",+33.18,+34.35%,26.02,27.73,24.58,27.6,45.78,18.37,2.59,107787,Weakest,Good,22.22%,0.55,27.05,28.15,19%
CZR,"Caesars Entertainment Inc","Leisure & Recreation Services",29.5,-0.07%,5,Sell,"24% Buy",+33.10,+28.26%,29.6,29.7,28.79,29.62,36.53,12.28,12.01,5502190,Weakening,Weak,25.93%,1.1,29.51,29.72,-5%
PBFS,"Pioneer Bancorp Inc","Banks - Northeast",17.4,-1.25%,1,Sell,"56% Buy",+33.10,+32.62%,17.14,17.63,16.14,17.76,43.93,16.64,14.97,14627,Weakest,Average,48.67%,0.61,17.21,18.31,17%
W,"Wayfair Inc","Internet Commerce",105.74,+0.58%,6,Buy,"100% Buy",+33.03,+34.07%,92.15,101.91,85.5,102.85,57.57,18.09,-8.8,3418681,Strongest,Good,75.28%,0.33,97.44,108.25,77%
FDBC,"Fidelity D & D Bancorp Inc","Banks - Northeast",54.73,-3.37%,5,Buy,"88% Buy",+32.98,+27.04%,52.14,54.56,49.63,55.17,49.19,11.06,11.62,9391,Weakening,Strong,71.02%,0.65,53.57,56.76,36%
RAMP,"Liveramp Holdings Inc","Technology Services",37.56,-0.03%,4,Sell,"8% Buy",+32.46,+36.63%,37.68,37.7,34.56,37.63,45.84,20.65,13.78,1105995,Weakening,Soft,32.56%,1.03,37.41,37.85,35%
MUSA,"Murphy USA Inc","Retail - Convenience Stores",529.14,+2.11%,3,Sell,"24% Sell",+32.29,+44.07%,552.8,534.6,539.81,515.57,54.3,28.09,17.02,314645,Weakest,Minimum,60.13%,0.92,500.73,530.42,96%
VLGEA,"Village Super Mkt","Retail - Supermarket",44.03,+0.20%,11,Hold,"80% Buy",+32.21,+41.39%,43.36,43.87,43.14,44.83,46.62,25.41,10.29,51756,Strengthening,Average,29.31%,0.67,43.3,46.36,24%
SEIC,"Sei Investments Company","Finance - Investment Mgmt",104.7,+1.40%,2,Sell,"56% Buy",+31.98,+24.48%,99.43,106.21,94,104.18,50.35,8.5,13.54,779107,Weakening,Good,63.14%,1.31,101.93,106.44,62%
BSRR,"Sierra Bancorp","Banks - West",38.9,-2.05%,4,Sell,"8% Sell",+31.91,+37.28%,40.13,40.11,38.51,39.79,39.63,21.3,4.94,59794,Average,Minimum,43.60%,0.78,38.63,40.95,12%
TBI,"Trueblue Inc",Staffing,8.87,-3.17%,3,Sell,"40% Buy",+31.74,+52.67%,8.36,9.63,7.04,9.26,42.62,36.69,80.84,310192,Weakest,Average,20.83%,0.62,8.66,9.86,17%
NECB,"Northeast Community Bancorp","Banks - Northeast",27,-1.50%,6,Hold,"96% Buy",+31.68,+30.81%,26.34,26.75,25.58,26.83,53.34,14.83,5.31,42600,Weakening,Good,82.10%,1.62,26.06,27.6,61%
LITB,"Lightinthebox Holding Ltd ADR","Internet Services - Delivery",2.99,-1.32%,2,Sell,"8% Buy",+31.68,+53.33%,3.09,3.05,2.85,2.98,50.23,37.35,19.37,10797,Weakest,Weak,55.39%,2.21,2.78,3.17,54%
BSVN,"Bank7 Corp","Banks - Southeast",54.79,-1.40%,3,Buy,"88% Buy",+31.65,+20.26%,50.37,53.31,47.52,55.07,51.61,4.28,19.59,24002,Weakening,Strong,52.14%,0.77,53.93,56.21,38%
DV,"Doubleverify Holdings Inc","Internet - Software",13.49,-0.07%,3,Buy,"100% Buy",+31.51,+18.75%,11.95,13.21,11.38,13.46,63.81,2.77,3.81,3098471,Average,Strong,91.53%,0.2,13.37,13.55,69%
GWW,"W.W. Grainger","Industrial Services",1289.79,+1.66%,3,Sell,"8% Buy",+31.46,+33.17%,1310.71,1292.32,1253.39,1268.53,53.51,17.19,13.71,275234,Weakest,Weak,59.17%,0.7,1242.7,1294.36,91%
MLR,"Miller Industries","Auto - Truck Original Parts",52.46,-0.64%,4,Sell,"40% Buy",+31.37,+31.41%,51.93,54.64,50.1,53.89,38.84,15.43,26.27,82082,Weakest,Average,32.82%,0.28,52.42,55.37,1%
QCRH,"Qcr Holdings Inc","Banks - Midwest",97.21,-1.35%,3,Sell,"24% Buy",+31.36,+34.90%,98.61,101.55,94.96,99.81,39.17,18.92,2.59,110362,Weakest,Weak,21.29%,0.98,96.92,102.69,5%
SWK,"Stanley Black & Decker","Machinery - Tools & Related",88.57,-0.67%,6,Sell,"8% Buy",+31.02,+27.04%,90.21,94.9,84.65,89.61,42.09,11.06,5.13,1826568,Weakest,Weak,44.29%,0.74,87.32,91.89,27%
TILE,"Interface Inc","Textile - Home Furnishings",34.73,-0.29%,7,Sell,"40% Buy",+31.01,+30.27%,34.14,36.17,31.77,34.76,44.69,14.29,10.28,515017,Weakest,Average,52.42%,0.53,34.1,35.41,48%
LEGH,"Legacy Housing Corp","Real Estate Operations",27.81,-1.97%,6,Hold,"64% Buy",+30.97,+26.41%,26.76,28.33,24.8,28.54,41.96,10.43,28.36,98558,Weakest,Good,30.19%,0.49,27.19,29.88,23%
MFIN,"Medallion Fin Corp","Finance - SBIC & Commercial",11.88,-1.41%,2,Hold,"80% Buy",+30.95,+22.98%,10.74,11.65,10.19,11.92,51.56,7,1.34,66697,Strengthening,Strong,67.10%,0.72,11.65,12.19,42%
IDYA,"Ideaya Biosciences Inc","Medical - Biomedical",36.11,+0.14%,4,Sell,"40% Buy",+30.87,+34.79%,35.71,38.06,34.2,37.63,40.19,18.81,-9.66,1016242,Weakest,Weak,18.47%,0.91,35.72,39.55,10%
SAFT,"Safety Ins Group Inc","Insurance - Proprty & Casualty",103.82,-0.12%,8,Buy,"100% Buy",+30.79,+50.03%,89.7,103.53,84.36,103.66,68.88,34.05,19.15,130179,Weakening,Strong,77.59%,0.69,103.29,104.02,72%
MEDP,"Medpace Holdings Inc","Medical Services",612.05,+1.55%,9,Buy,"88% Buy",+30.59,+18.00%,551.83,602.49,521.22,613.65,52.44,2.02,-5.14,323215,Strongest,Good,34.29%,0.71,594.32,632.98,46%
PLX,"Protalix Biotherapeutics","Medical - Biomedical",2.78,+2.96%,5,Buy,"100% Buy",+30.53,+8.59%,2.39,2.58,2.34,2.73,59.15,-7.39,40.33,904635,Strongest,Good,52.10%,1.46,2.64,2.82,80%
PLUS,"Eplus Inc","Business Software Services",93.3,+1.86%,6,Buy,"100% Buy",+30.44,+29.10%,87.51,90.22,85.33,91.93,57.19,13.12,-7.72,207046,Strongest,Good,71.42%,0.7,89.43,94.42,77%
KRSA,"Korsana Biosciences Inc","Medical - Biomedical",33.92,+1.22%,6,Buy,"100% Buy",+30.37,+96.18%,26.4,29.39,23.92,32.62,55.84,80.2,267.44,282378,"Top 1%",Strong,48.53%,1.12,29.17,36.07,69%
SMBC,"Southern MO Bancorp","Finance - Savings & Loan",69.93,-2.15%,2,Sell,"8% Sell",+30.30,+33.10%,73.65,73.92,70.97,71.83,34.68,17.12,4.17,84810,Average,Minimum,29.08%,1.11,70.15,73.51,-7%
PAYC,"Paycom Software Inc","Internet - Software",232.22,+1.01%,6,Buy,"100% Buy",+29.94,+14.63%,179.43,220.14,161.89,224.13,61.42,-1.35,31.61,1189515,Strongest,Strong,78.80%,0.51,216.71,231.54,105%
TPC,"Tutor Perini Corp","Building - Heavy Construction",83.36,-1.04%,3,Sell,"40% Buy",+29.78,+35.00%,82.96,88.3,82.14,84.98,43.75,19.02,10.27,600500,Weakest,Weak,38.87%,0.49,82.02,87.93,23%
CENT,"Central Garden","Consumer Prdts - Misc Discr",40.58,+0.07%,6,Sell,"8% Buy",+29.77,+34.37%,42.02,41.93,40.42,39.9,50.97,18.39,12.11,82700,Weakest,Minimum,72.32%,0.34,38.95,40.86,85%
CVLT,"Commvault Systems","Computer - Software",157.25,+4.14%,11,Buy,"100% Buy",+29.69,-10.92%,135.85,140.52,120.37,148.44,63.74,-26.9,11.33,850873,"Top 1%",Strong,68.43%,0.82,140.54,156.34,106%
EFSI,"Eagle Financial Services Inc","Banks - Southeast",45.53,-0.58%,4,Buy,"88% Buy",+29.47,+22.89%,42.38,43.78,40.33,45.73,55.85,6.91,0.3,34447,Weakening,Strong,36.92%,0.43,45.09,46.37,35%
KODK,"Eastman Kodak","Electronics Products - Misc",9.21,-3.96%,9,Hold,Hold,+29.39,+38.70%,9.26,9.51,9.75,9.6,41.73,22.72,-5.24,1005201,Bearish,,26.84%,0.84,9.15,10.06,7%
WTS,"Watts Water Technologies","Machinery - General Industrial",352.72,+1.61%,6,Sell,"40% Buy",+29.38,+28.88%,350.08,363.21,332.67,354.62,45.68,12.9,13.68,256128,Weakest,Average,28.83%,0.98,344.95,364.3,40%
VABK,"Virginia Natl Bnk","Banks - Northeast",48.5,-1.28%,4,Buy,"100% Buy",+29.36,+24.45%,45.79,47.34,44.05,47.95,55.22,8.47,7.6,7578,Strengthening,Maximum,68.20%,0.32,46.58,49.32,70%
NWL,"Newell Rubbermaid Inc","Consumer Prdts - Misc Staple",5.64,-1.57%,1,Sell,"56% Buy",+29.34,+13.25%,5.31,5.85,4.86,5.56,50.14,-2.73,37.5,7672947,Weakest,Average,78.40%,0.4,5.25,5.86,64%
NTB,"Bank of Butterfield Ltd","Banks - Foreign",57.5,-0.61%,3,Sell,"8% Sell",+29.29,+36.51%,59.49,59.96,57.66,58.65,38.94,20.53,1.31,173617,Average,Minimum,31.82%,0.43,57.34,59.95,6%
MGA,"Magna International","Auto - Truck Original Parts",63.99,+0.27%,2,Sell,"8% Buy",+29.24,+43.67%,66.09,66.63,63.53,64.15,45.78,27.69,5.95,1493728,Weakest,Minimum,64.48%,0.55,62.51,65.79,45%
SGC,"Superior Uniform Group","Textile - Apparel",13.05,-0.53%,11,Buy,"56% Buy",+29.24,+26.82%,12.82,12.75,12.17,12.73,57.4,10.84,20.7,43613,Weakest,Average,76.77%,0.33,12.2,13.25,81%
LGN,"Legence Corp. Cl A","Engineering & R&D Services",51.53,-0.04%,2,Sell,"88% Sell",+29.23,+65.85%,67.81,57.39,68.53,53.47,41.67,49.87,5.62,1351520,Strongest,Average,33.68%,0.54,50.99,55.96,11%
MET,"Metlife Inc","Insurance - Multi Line",98.33,-0.14%,4,Buy,"100% Buy",+29.20,+19.94%,92.35,96.53,86.38,96.64,57.69,3.96,10.45,3586205,Strengthening,Strong,77.62%,0.72,94.06,99.23,83%
MYFW,"First Western Financial Inc","Banks - Midwest",29.83,-0.90%,1,Sell,"8% Sell",+29.01,+27.70%,30.92,30.9,29.39,30.34,40.03,11.72,-2.85,41724,Average,Minimum,34.30%,0.8,29.65,31.03,13%
M,"Macy's Inc","Retail - Regional Dept Stores",22.67,-0.53%,6,Sell,"8% Buy",+28.97,+31.19%,23.14,23,21.65,22.5,50.52,15.21,-11.3,6401224,Weakest,Minimum,59.63%,0.89,21.69,23.31,61%
GENC,"Gencor Industries IN","Machinery - Thermal Processing",18.05,-0.17%,1,Hold,"80% Buy",+28.96,+26.67%,16.28,17.62,15.8,17.45,55.41,10.69,25.16,38805,Average,Strong,72.38%,0.74,16.75,18.15,93%
PI,"Impinj Inc","Electronics - Semiconductors",189.63,+3.37%,7,Buy,"100% Buy",+28.68,-7.79%,155.95,174.18,142.71,181.17,60.14,-23.77,-5.13,526561,Strongest,Strong,77.25%,0.57,171.15,191.19,92%
R,"Ryder System","Transportation - Equip & Lease",238.55,+1.43%,1,Sell,"8% Sell",+28.63,+29.46%,254.7,246.33,242.72,236.01,49.45,13.48,10.53,356637,Weakest,Minimum,66.89%,1.52,229.34,242.68,69%
HGTY,"Hagerty Inc","Insurance - Proprty & Casualty",14.21,+0.07%,7,Buy,"100% Buy",+28.57,+18.32%,12.31,13.34,11.71,13.76,68.95,2.34,-8.38,216658,Strongest,Maximum,89.65%,0.53,13.31,14.21,100%
GSBC,"Great Southern Bncp","Finance - Savings & Loan",76.75,-2.06%,3,Sell,"24% Buy",+28.22,+27.36%,77.57,79.37,73.59,78.63,39.04,11.38,10.56,87671,Weakening,Weak,37.01%,0.83,76.76,80.5,-1%
EBAY,"Ebay Inc","Internet Commerce",112.19,+0.19%,5,Buy,"72% Buy",+28.15,+24.48%,109.25,106.86,105.87,108.51,62.66,8.5,14.7,4848449,Strengthening,Average,71.88%,0.55,104.19,112.82,93%
BFST,"Business First Bancshares Inc","Banks - Northeast",30.49,-0.72%,2,Sell,"40% Buy",+27.89,+29.97%,30.43,31.22,29.41,30.73,44.57,13.99,2.53,202566,Weakest,Average,64.39%,1.03,30.07,31.39,32%
CZWI,"Citizens Community","Finance - Savings & Loan",21.1,-1.45%,2,Hold,Hold,+27.87,+33.04%,21.63,21.32,21.12,21.39,43.58,17.06,4.3,55945,Steady,,47.54%,0.85,20.94,21.85,18%
BDX,"Becton Dickinson and Company","Medical - Dental Suppliers",183.75,+0.55%,4,Sell,"72% Buy",+27.81,+23.61%,166.61,181.94,162.33,181.48,55.6,7.63,6.33,2454798,Strengthening,Strong,55.45%,0.89,177.17,185.79,76%
SHO,"Sunstone Hotel Investors","REIT - Equity Trust Other",11.31,-0.35%,7,Buy,"72% Buy",+27.58,+25.53%,11.29,11.16,10.7,11.18,55.88,9.55,12.4,2133313,Average,Average,63.77%,0.73,10.92,11.44,76%
ABBV,"Abbvie Inc","Large Cap Pharma",276.47,+1.49%,10,Buy,"100% Buy",+27.56,+19.84%,248.11,258.89,235.19,265.31,71.23,3.86,6.89,6307818,Strongest,Maximum,86.18%,0.93,257.58,273.03,122%
CZNC,"Citizens Nrthn Corp","Banks - Northeast",24.94,-1.31%,4,Sell,"40% Buy",+27.37,+28.09%,24.04,25.62,23.47,25.54,40.02,12.11,9.54,54346,Weakest,Average,57.91%,0.96,24.86,26.21,6%
BCAL,"California Bancorp","Banks - Southwest",21.23,-1.58%,4,Hold,"64% Buy",+27.29,+28.67%,20.86,21.53,19.98,21.62,42.81,12.69,-0.4,213012,Weakest,Good,45.87%,0.81,21.2,22.05,4%
MCBS,"Metrocity Bankshares Inc","Banks - Southeast",34.2,-1.38%,3,Sell,"8% Buy",+27.19,+29.35%,34.98,35.27,33.47,34.86,40.16,13.37,14.75,85289,Weakening,Weak,40.49%,0.84,34.14,35.57,4%
FUSB,"First US Bancshares Inc","Banks - Southeast",16.4,-0.73%,2,Sell,"24% Buy",+27.11,+33.06%,16.41,16.47,16.12,16.42,49.39,17.08,3.28,9356,Weakest,Weak,70.62%,1.43,16.06,16.78,47%
HSIC,"Henry Schein Inc","Medical - Dental Suppliers",84.01,-0.73%,3,Sell,"24% Buy",+26.86,+30.11%,84.57,87.6,81.22,85.44,41.64,14.13,-2.96,1316672,Weakest,Soft,40.89%,0.92,82.8,88.08,23%
RNR,"Renaissancere Holdings Ltd","Insurance - Proprty & Casualty",331.38,+0.01%,6,Sell,"88% Buy",+26.80,+27.74%,316.13,325.32,310.99,326.52,57.46,11.76,3.75,347544,Strengthening,Good,63.90%,1.4,319.97,333.07,87%
GHM,"Graham Corp","Machinery - General Industrial",82.37,+1.01%,4,Sell,"72% Sell",+26.69,+42.36%,99.68,93.38,96.27,86.04,38.29,26.38,14.13,183021,Strengthening,Average,14.54%,0.74,81.09,90.98,13%
IVZ,"Invesco Limited","Finance - Investment Mgmt",29.51,-1.93%,2,Sell,"24% Buy",+26.69,+23.47%,29.81,31.48,28.18,30.54,35.91,7.49,-1.78,5205610,Weakest,Weak,24.67%,1.18,29.67,31.41,-9%
MAC,"Macerich Company","REIT - Equity Trust Retail",22.25,+0.23%,3,Sell,"24% Sell",+26.65,+30.42%,23.99,23.55,22.83,22.58,38.96,14.44,6.42,2891581,Weakening,Minimum,19.83%,0.75,22.11,23.06,15%
MNSB,"Mainstreet Bank","Banks - Northeast",24.63,-1.16%,1,Hold,"64% Buy",+26.63,+25.15%,24.32,24.81,23.8,24.89,44.21,9.17,6.86,44565,Weakening,Average,43.84%,0.54,24.5,25.29,16%
MPB,"Mid Penn Bancorp Inc","Banks - Northeast",35.7,-1.30%,3,Sell,"40% Buy",+26.54,+27.77%,35.64,36.98,34.6,36.32,41.85,11.79,0.98,141540,Weakest,Average,47.21%,1.14,35.33,37.31,19%
JOE,"St. Joe Company","Real Estate Developers",64.86,-0.60%,3,Sell,"24% Sell",+26.40,+36.89%,64.65,66.13,65.26,65.17,46.21,20.91,-4.86,236367,Weakening,Minimum,38.11%,1.18,63.69,66.64,40%
ADEA,"Adeia Inc","Technology Services",23.89,-0.93%,2,Sell,"72% Sell",+26.24,+45.49%,27.66,26.36,27.49,25.02,38.97,29.51,24.38,1371536,Strongest,Soft,18.70%,0.67,23.9,26.14,-1%
LNG,"Cheniere Energy","Oil - US Exploration & Product",278.18,+0.11%,2,Sell,"72% Buy",+26.21,+20.23%,259.77,273.77,261.24,272.22,55.39,4.25,28.99,2300510,Average,Average,77.15%,0.49,265.63,278.8,95%
TECH,"Bio-Techne Corp","Medical - Biomedical",72.46,+0.01%,6,Hold,"96% Buy",+26.04,+20.97%,67.07,72.33,62.32,72.45,55.09,4.99,9.1,3267244,Weakening,Strong,44.08%,0.77,72.27,72.63,52%
GABC,"German Amer Bncp Inc","Banks - Midwest",48.16,-1.35%,3,Sell,"40% Buy",+25.95,+25.22%,47.97,49.72,46.1,49.05,40.38,9.24,8.81,149702,Weakest,Average,37.84%,0.88,48.17,49.94,-1%
WABC,"Westamerica Bancorp","Banks - West",58.66,-1.56%,6,Hold,"64% Buy",+25.88,+25.83%,58.63,59.15,56.71,59.41,46.92,9.85,8.53,188126,Weakening,Average,41.52%,0.87,57.99,60.83,24%
CTO,"Cto Realty Growth Inc","REIT - Equity Trust Other",20.49,-0.34%,1,Sell,"16% Sell",+25.69,+32.62%,21.2,21.2,20.62,20.5,44.76,16.64,-2.81,328643,Weakening,Minimum,44.83%,0.42,20.16,20.83,49%
TDC,"Teradata Corp","Computer - Storage Devices",30.59,+0.99%,7,Buy,"8% Buy",+25.66,+40.84%,30.64,28.7,29.61,29.41,61.04,24.86,-13.62,2281388,Weakening,Minimum,78.38%,0.64,28.36,30.46,106%
MLKN,"Millerknoll Inc",Furniture,20.88,+0.53%,1,Sell,"56% Buy",+25.65,+25.48%,20.2,22.05,18.97,20.48,49.63,9.5,0.11,733777,Average,Average,65.11%,0.62,19.61,21.35,73%
ZYME,"Zymeworks Inc","Medical - Biomedical",25.79,+2.10%,5,Sell,"48% Buy",+25.57,+52.42%,25.39,26.49,25.49,26.49,46.09,36.44,-16.16,701802,Average,Minimum,26.16%,0.62,25.11,27.87,25%
IHS,"IHS Holding Ltd","Communications Infrastructure",8.43,-0.12%,2,Sell,"88% Buy",+25.54,+25.63%,8.31,8.38,8.28,8.42,54.1,9.65,-1.11,1402399,Weakening,Weak,83.33%,0.58,8.34,8.49,60%
ICLR,"Icon Plc","Medical Services",164.17,-0.20%,4,Hold,"64% Buy",+25.14,-12.54%,160.28,166.6,143.47,167.92,47.18,-28.52,-24.02,1243448,Weakening,Soft,33.88%,0.92,159.33,176.52,28%
VRT,"Vertiv Holdings","IT Services",242.78,-0.39%,1,Sell,"88% Sell",+25.12,+43.76%,283.48,259.6,288.52,246.29,43.71,27.78,35.74,6252576,Strongest,Average,30.47%,0.69,235.22,257.35,34%
SOLV,"Solventum Corporation","Medical Services",87.29,+1.02%,4,Sell,"40% Buy",+25.05,+21.57%,83.29,88.42,78.21,88.32,45.86,5.59,-3.95,1289922,Weakening,Good,27.20%,1.04,86.14,90.5,26%
SMTI,"Sanara Medtech Inc","Medical Products",35.07,+0.06%,4,Hold,"96% Buy",+24.97,+10.96%,29.26,34.69,25.8,35.06,63.75,-5.02,36.08,129402,Average,Strong,60.09%,0.46,34.87,35.25,52%
NBBK,"Nb Bancorp Inc","Banks - Northeast",22.12,-1.91%,3,Sell,"40% Buy",+24.90,+27.49%,21.7,22.61,21.41,22.53,42.71,11.51,-2.51,300512,Weakest,Soft,46.63%,0.62,22.07,22.98,6%
RDWR,"Radware Ltd","Internet - Software",30.98,+5.41%,7,Buy,"88% Buy",+24.75,+15.04%,29.07,28.9,28.12,29.92,59.46,-0.94,14.49,264238,Strongest,Good,52.65%,1.75,28.83,31.02,98%
REX,"Rex American Resources Corp","Chemical - Specialty",42.09,-6.13%,7,Buy,"8% Sell",+24.64,+37.68%,44.37,43.06,44.56,43.23,43.03,21.7,16.12,198916,Weakening,Minimum,56.03%,1.02,41.67,44.79,14%
MANU,"Manchester United Ltd","Leisure & Recreation Services",20.51,+0.94%,4,Sell,"8% Buy",+24.59,+30.47%,21.8,21.53,20.39,20.35,46.79,14.49,14.72,345406,Weakest,Minimum,49.81%,0.74,19.69,21.01,62%
LCNB,"Lcnb Corp","Banks - Northeast",18.52,-2.22%,4,Sell,"24% Buy",+24.59,+23.80%,18.53,19.27,17.76,18.86,42.72,7.82,-1.11,30650,Weakest,Soft,53.33%,0.39,18.31,19.4,19%
CBZ,"Cbiz Inc",Consulting,54.82,+0.04%,10,Buy,"100% Buy",+24.36,-1.19%,45.45,54.69,39.86,54.69,71.61,-17.17,-5.45,1108867,Strengthening,Strong,71.15%,0.5,54.58,54.81,106%
CCEL,"Cryo-Cell Intl Inc","Medical Services",4.36,+4.56%,4,Sell,"88% Buy",+24.23,-1.36%,3.77,4.03,3.65,4.11,56.44,-17.34,12.64,15865,Strongest,Good,57.06%,0.19,3.65,4.58,77%
XPRO,"Expro Group Holdings N.V.","Oil - Production & Pipeline",16.17,-0.25%,1,Sell,"24% Sell",+24.10,+27.22%,16.29,17.23,16.48,16.39,44.97,11.24,7.01,1064508,Weakest,Minimum,36.34%,0.77,15.57,17.22,36%
LTC,"Ltc Properties","REIT - Equity Trust Other",42.46,+0.98%,3,Buy,"88% Buy",+24.09,+23.65%,40,41.34,39.48,42.76,51.96,7.67,9.39,487302,Average,Strong,35.38%,0.54,41.9,43.63,32%
CWBC,"Community West Bank","Finance - Misc Services",25.71,-1.38%,4,Buy,"56% Buy",+24.06,+25.48%,25.82,25.99,25.02,26.14,43.03,9.5,0.16,237664,Weakest,Soft,45.10%,0.79,25.53,26.75,15%
CIVB,"Civista Bncshrs","Banks - Midwest",26.41,-1.97%,3,Sell,"8% Buy",+24.03,+27.34%,27.41,27.53,26.17,26.91,40.03,11.36,4.75,111761,Weakening,Minimum,47.00%,0.41,26.24,27.58,13%
EQIX,"Equinix Inc","REIT - Equity Trust Retail",1026.06,+1.47%,3,Sell,"24% Sell",+23.75,+26.94%,1048.53,1042.19,1043.42,1024.1,48.85,10.96,19.81,579536,Average,Minimum,39.57%,0.62,991.79,1056.4,53%
LBRT,"Liberty Energy Inc","Oil - Field Services",19,+0.80%,1,Sell,"88% Sell",+23.73,+51.27%,22.99,19.71,25.46,18.97,46.9,35.29,-11.18,4181571,Strengthening,Good,56.33%,0.62,17.89,20.05,51%
VRTX,"Vertex Pharmaceutic","Medical - Biomedical",510.08,+1.36%,5,Sell,"40% Buy",+23.41,+22.95%,493.96,520.46,477.38,513.81,45.61,6.97,-1.6,1348429,Average,Average,30.15%,1.34,497.58,530.04,39%
EPSN,"Epsilon Energy","Oil - US Integrated",5.95,-1.98%,3,Hold,"80% Buy",+23.33,+19.24%,5.76,5.91,5.86,5.97,49.46,3.26,14.12,184253,Weakening,Soft,60.50%,0.41,5.73,6.22,45%
HWBK,"Hawthorn Bancshares","Banks - Northeast",37.82,-1.15%,2,Sell,"24% Buy",+23.31,+26.49%,38.39,39.09,36.98,38.43,40.6,10.51,-5.68,11231,Weakening,Weak,58.17%,0.64,37.67,39.2,10%
NEU,"Newmarket Corp","Chemical - Specialty",893.36,-1.14%,9,Buy,"56% Buy",+23.30,+14.65%,843.23,905.06,778.34,900.29,46.4,-1.33,15.88,128831,Weakest,Good,42.65%,0.86,872.15,928.43,38%
LSTR,"Landstar System","Transportation - Truck",169.11,-0.21%,2,Sell,"64% Sell",+23.28,+30.88%,191.35,175.83,183.32,169.11,44.73,14.9,3.57,481799,Strengthening,Weak,47.63%,0.47,164.18,174.05,50%
CENTA,"Central Garden & Pet","Consumer Prdts - Misc Discr",35,-0.06%,3,Sell,"24% Sell",+23.26,+27.88%,36.68,36.32,35.51,34.44,50,11.9,5.79,307312,Weakest,Minimum,88.01%,0.92,33.61,35.26,84%
HBNC,"Horizon Bancorp","Banks - Northeast",19.26,-1.23%,2,Sell,"8% Buy",+23.12,+23.78%,19.6,19.72,18.81,19.3,46.82,7.8,-0.55,481740,Weakest,Weak,65.39%,1.15,18.79,19.81,46%
ORRF,"Orrstown Finl Svcs","Banks - Northeast",40.9,-1.16%,2,Sell,"32% Buy",+23.10,+21.91%,40.9,42.14,39.38,41.53,43.39,5.93,1.36,158573,Weakest,Soft,41.35%,0.82,40.45,42.61,21%
CMRE,"Costamare Inc","Transportation - Ship",15.12,-1.11%,3,Buy,"56% Sell",+23.02,+35.12%,15.25,15.06,15.82,15.04,50.7,19.14,-18.35,429332,Weakest,Weak,65.09%,0.94,14.48,15.6,57%
FUNC,"First United Corp","Banks - Northeast",43.15,-0.80%,6,Sell,"40% Buy",+22.60,+19.13%,43.12,43.91,41.13,43.59,46.19,3.15,1.14,19541,Weakest,Average,39.38%,3.31,42.61,44.57,27%
ITIC,"Investors Title Company","Insurance - Proprty & Casualty",296.95,-0.56%,3,Sell,"72% Buy",+22.58,+15.93%,278.21,292.91,262.06,292.62,55.07,-0.05,4.84,36750,Weakening,Strong,83.86%,0.64,281.99,303.26,70%
RPD,"Rapid7 Inc","Internet - Software",13.74,+6.02%,5,Buy,"100% Buy",+22.51,-28.99%,10.39,12.02,8.94,12.44,64.05,-44.97,-23.72,2059678,"Top 1%",Good,82.99%,0.7,11.44,13.44,115%
CMT,"Core Molding Technologies Inc","Rubber & Plastics",23.27,+1.13%,5,Sell,"8% Buy",+22.46,+27.09%,24.03,24.25,23.94,23.25,46.81,11.11,1.95,29522,Weakest,Minimum,31.55%,1.02,22.41,24.08,52%
DOCU,"Docusign Inc","Internet - Software",71.08,-0.49%,4,Buy,"100% Buy",+22.25,-0.38%,56.61,64.72,53.37,69.13,60.36,-16.36,-10.19,3926207,Strongest,Strong,84.57%,0.71,66.14,72.12,83%
OVBC,"Ohio Valley Banc Corp","Banks - Midwest",44.74,-1.89%,2,Sell,"24% Sell",+21.94,+26.63%,45.2,44.97,44.86,44.92,47.23,10.65,-2.2,25310,Weakening,Minimum,82.19%,0.28,43.44,46.4,44%
NBIS,"Nebius Group N.V. Cl A","Internet Software Services",221.07,+0.62%,5,Hold,"48% Buy",+21.91,+66.67%,224.13,224.42,197.03,229.37,46.74,50.69,150,17297523,Weakening,Soft,24.72%,0.5,206.46,252.28,32%
RSVR,"Reservoir Media Inc","Media Conglomerates",9.6,+2.13%,7,Sell,"24% Sell",+21.87,+24.84%,9.97,9.67,9.94,9.5,51.12,8.86,12.71,76134,Weakest,Minimum,70.42%,1.04,9.31,9.7,74%
FMX,"Fomento Economico Mexicano S.A.B. DE C.V. ADR","Beverages - Soft",119.24,+0.43%,3,Sell,"24% Sell",+21.74,+25.28%,122.93,119.91,119.94,118.94,50.89,9.3,3.87,454137,Weakest,Minimum,56.42%,1.27,115.24,122.64,54%
BOF,"Branchout Food Inc","Food - Misc & Diversified",3.46,-2.26%,4,Sell,"48% Sell",+21.65,+64.76%,3.93,3.91,3.87,3.75,38.24,48.78,-5.3,66582,Strengthening,Weak,15.41%,6.65,3.48,4.02,-3%
KDP,"Keurig Dr Pepper Inc","Beverages - Soft",31.76,+1.60%,1,Sell,"72% Buy",+21.48,+22.86%,31.1,31.28,29.87,31.17,54.18,6.88,-0.72,11609927,Average,Average,54.17%,0.79,30.2,32.15,80%
EWBC,"East West Bancorp","Banks - West",125.53,-0.57%,2,Sell,"8% Buy",+21.47,+19.61%,128.91,129.22,124.2,126.32,44.6,3.63,-2.42,945823,Weakening,Minimum,62.29%,0.89,123.61,129.04,35%
SIG,"Signet Jewelers Ltd","Retail - Jewelry",105.22,-0.63%,7,Buy,"100% Buy",+21.46,+9.12%,90.48,94.15,89.3,101.98,62.44,-6.86,12.84,876384,Strongest,Maximum,76.09%,0.69,98.17,105.79,93%
VCEL,"Vericel Corporation","Medical - Biomedical",40.1,+0.12%,9,Sell,"24% Buy",+21.41,+22.37%,41.47,41.55,38.88,39.99,48.03,6.39,-2.75,575563,Weakest,Weak,64.40%,1,38.98,40.99,56%
HOFT,"Hooker Furnishings Corp",Furniture,12.43,-1.82%,4,Sell,"64% Sell",+21.14,+35.70%,14.07,13.65,13.65,13.12,36.13,19.72,-4.01,48960,Strongest,Soft,12.90%,0.58,12.51,13.73,-7%
HURC,"Hurco Cos Inc","Machinery - Tools & Related",21,-0.28%,3,Sell,"24% Buy",+21.08,+19.18%,21.43,22.11,19.59,21.94,39.7,3.2,21.81,27212,Weakening,Weak,14.94%,1.58,20.91,22.97,5%
COSO,"Coastalsouth Bancshares Inc","Banks - Southeast",26.67,-0.86%,2,Sell,"8% Buy",+20.98,+24.05%,26.87,27.25,26.24,26.81,45.25,8.07,0.6,105676,Weakening,Weak,39.66%,0.54,26.04,27.57,41%
JMSB,"John Marshall Bk Fal","Banks - Southeast",22.8,-0.65%,4,Hold,"48% Buy",+20.98,+20.95%,22.44,23.09,21.82,23.02,45.77,4.97,-0.05,43694,Weakest,Good,29.97%,1.94,22.65,23.4,20%
DG,"Dollar General Corp","Retail - Discount",127.23,+2.38%,3,Hold,"32% Buy",+20.87,+28.94%,119.45,124.16,119.82,122.87,57.84,12.96,-18.28,2998884,Average,Minimum,77.49%,0.76,117.65,128.09,92%
MRBK,"Meridian Bank","Banks - Northeast",18.64,-0.32%,2,Sell,"40% Sell",+20.85,+26.03%,19.38,19.44,19.24,19.09,35.93,10.05,-8.08,102241,Average,Weak,13.57%,0.48,18.43,19.75,16%
OVLY,"Oak Valley Bancp CA","Banks - West",33.37,-2.63%,4,Sell,"24% Buy",+20.83,+25.07%,33.85,34.08,33.59,34.17,41.29,9.09,-3.1,30035,Weakest,Minimum,38.51%,0.46,33.48,34.85,-8%
KWR,"Quaker Chemical Corp","Chemical - Specialty",155.95,-1.37%,4,Sell,"40% Buy",+20.71,+21.75%,155.45,162.26,147.36,157.89,43.09,5.77,-0.53,159374,Weakest,Soft,32.99%,0.49,152.56,163.23,32%
CRD.B,"Crawford Company Cl B","Building & Construction - Misc",12.02,-0.66%,3,Buy,"100% Buy",+20.66,+21.05%,11.11,11.93,10.69,11.99,51.16,5.07,-1.98,16152,Average,Strong,56.44%,0.27,11.3,12.68,52%
DSGR,"Distribution Solutions Group Inc","Industrial Services",35.03,-0.11%,13,Buy,"100% Buy",+20.43,+24.00%,31.9,34.84,30.01,34.94,67.68,8.02,13.78,152168,Weakening,Strong,60.67%,0.71,34.77,35.11,76%
PAMT,"Pamt Corp","Transportation - Truck",12.78,+1.95%,3,Sell,"24% Buy",+20.34,+18.33%,13.47,12.72,12.07,12.09,55.16,2.35,-8.32,20777,Weakening,Weak,91.28%,2.73,11.24,12.95,90%
NATL,"NCR Atleos Corporation","Internet - Software",45.79,+0.37%,3,Sell,"56% Buy",+19.74,+15.28%,45.58,46.14,45.13,45.74,49.99,-0.7,6.04,798530,Weakening,Weak,52.68%,0.61,45.07,46.42,53%
NSYS,"Nortech Systems IN","Electronics - Misc Components",11.35,+0.49%,2,Sell,"56% Sell",+19.74,+22.04%,13.6,12.12,13.22,11.31,47.33,6.06,38.75,17812,Weakening,Weak,38.67%,0.19,10.9,11.73,54%
LAMR,"Lamar Advertis A","REIT - Equity Trust Other",146.47,+0.53%,2,Sell,"8% Sell",+19.53,+23.73%,152.72,150.08,146.87,145.43,49.21,7.75,1.6,581882,Weakest,Minimum,62.27%,0.66,142.05,148.8,65%
VTVT,"Vtv Theraptcs Cl A","Medical - Biomedical",31.18,+3.66%,1,Sell,"88% Sell",+19.47,+36.22%,32.75,32,33.72,30.79,49.95,20.24,-36.14,52668,Average,Weak,42.65%,0.22,29.69,31.9,67%
CPSS,"Consumer Portfol","Finance - Misc Services",9.38,-0.42%,5,Sell,"40% Buy",+19.21,+19.19%,9.41,9.33,9.13,9.34,51.77,3.21,-13.57,22249,Weakest,Weak,68.00%,0.69,8.91,9.78,54%
GHC,"Graham Holdings Company",Schools,1173.16,-0.97%,6,Hold,"64% Buy",+19.12,+15.53%,1153.99,1158.48,1135.53,1151.34,57.3,-0.45,-7.32,22362,Average,Soft,79.92%,0.57,1123.02,1179.65,89%
ALEC,"Alector Inc","Medical - Biomedical",2.08,+2.97%,2,Sell,"40% Buy",+19.11,-33.76%,1.91,2.06,2.04,1.94,53.67,-49.74,19.22,1479130,Average,Minimum,27.67%,0.87,1.75,2.14,85%
OIS,"Oil States International","Oil Field Machinery & Equip",8.17,-0.37%,1,Sell,"88% Sell",+19.07,+33.28%,8.4,8.5,9.28,8.28,44.98,17.3,6.57,856767,Strengthening,Soft,33.12%,1.19,7.97,8.58,32%
GCMG,"Gcm Grosvenor Inc","Finance - Investment Mgmt",13.2,+1.77%,6,Sell,"56% Buy",+18.46,+13.99%,12.62,13.27,11.91,12.97,53.25,-1.99,2.5,536055,Average,Average,58.72%,0.7,12.58,13.36,79%
BWB,"Bridgewater Bancshares Inc","Banks - Northeast",20.25,-0.64%,3,Sell,"8% Buy",+18.45,+17.80%,20.71,21.13,19.83,20.63,40.15,1.82,1.41,116525,Weakest,Weak,32.07%,0.35,19.98,21.29,21%
CHE,"Chemed Inc","Medical - Outpatient & Hm Care",499.82,+0.32%,1,Sell,"40% Buy",+18.34,+15.86%,493.03,521.54,461.54,505.27,41.64,-0.12,2.71,202301,Weakest,Average,29.32%,0.86,493.49,517.04,27%
WWD,"Woodward Inc","Aerospace - Defense Equipment",335.51,+3.73%,2,Sell,"72% Sell",+18.19,+33.28%,367.09,341.59,368.48,326.92,51.87,17.3,-3.13,700264,Average,Average,39.82%,1.1,316.82,337.03,92%
EML,"Eastern Company","Protection - Safety",24.59,-2.19%,3,Sell,"40% Buy",+18.13,+9.92%,24.47,25.27,23.37,24.82,46.55,-6.06,10.78,20104,Weakest,Soft,48.99%,0.28,23.66,25.98,40%
VOC,"Voc Energy Trust","Oil - US Exploration & Product",3.42,+0.29%,8,Buy,"88% Buy",+18.11,+14.38%,3.16,3.31,3.24,3.41,56.4,-1.6,12.56,104286,Strengthening,Average,71.79%,0.63,3.37,3.45,67%
AVBH,"Avidbank Holdings Inc","Banks - West",31.05,-0.96%,2,Sell,"8% Sell",+17.99,+20.82%,31.83,31.82,30.87,31.33,42.73,4.84,2.8,91240,Average,Minimum,45.68%,0.49,30.87,31.78,19%
BLCO,"Bausch & Lomb Corp","Medical Services",17.3,+0.87%,2,Sell,"56% Buy",+17.81,+19.97%,16.54,17.16,16.43,17.08,53.55,3.99,-12.82,411816,Average,Soft,75.66%,0.64,16.66,17.5,76%
CRD.A,"Crawford Company Cl A","Business Services",12.8,0.00%,3,Hold,"72% Buy",+17.74,+20.53%,11.89,12.8,11.3,12.61,53.89,4.55,-0.33,60557,Average,Strong,77.82%,0.37,12.27,12.94,79%
EQH,"Axa Equitable Holdings Inc","Insurance - Multi Line",52.92,-1.05%,7,Buy,"88% Buy",+17.64,+6.05%,48.32,51.78,45.49,53.14,51.9,-9.93,-3.05,3468386,Weakening,Strong,62.65%,0.75,51.38,54.9,44%
BLX,"Bladex Inc","Finance - Misc Services",54,-1.42%,3,Sell,"40% Sell",+17.59,+20.56%,56.83,55.29,55.41,54.73,43.34,4.58,6.97,166499,Strengthening,Weak,32.23%,0.67,53.63,55.83,17%
SFNC,"Simmons First Natl","Banks - Southeast",22.18,-0.89%,2,Sell,"24% Buy",+17.55,+16.37%,22.7,23.08,21.88,22.75,39.47,0.39,3.56,1292939,Weakest,Weak,15.17%,1.05,22.15,23.35,3%
COFS,"Choiceone Financial","Finance - Misc Services",32.48,-1.64%,3,Sell,"8% Buy",+17.24,+16.21%,33.11,33.52,31.86,33.05,39.94,0.23,-4.08,84039,Weakening,Weak,58.88%,1.01,32.21,33.89,16%
PLOW,"Douglas Dynamics","Auto - Truck Replacement Parts",39.19,-0.51%,2,Sell,"88% Sell",+17.07,+29.38%,43.76,41.22,43.88,39.79,39.11,13.4,5.92,235690,Strongest,Average,35.93%,0.62,38.94,40.64,15%
ABM,"ABM Industries Inc","Business Services",49.63,-0.52%,1,Buy,"100% Buy",+17.01,+10.34%,46.27,48.45,43.99,49.28,56.13,-5.64,3.22,546750,Strengthening,Strong,62.40%,0.61,48.04,50.52,64%
NEXN,"Nexxen International Ltd ADR","Advertising Marketing Services",8.95,-1.21%,3,Sell,"24% Buy",+16.88,+6.55%,9.36,9.63,8.64,8.92,45.88,-9.43,22.74,381559,Weakest,Weak,71.57%,0.51,8.54,9.29,54%
CRBG,"Corebridge Financial Inc","Insurance - Multi Line",34.09,-1.04%,6,Buy,"88% Buy",+16.81,+5.94%,31.4,33.62,29.42,34.36,50.56,-10.04,-1.12,4884496,Weakening,Strong,61.80%,0.97,33.25,35.47,38%
PROV,"Provident Financial","Finance - Savings & Loan",18.26,-1.19%,3,Sell,"56% Buy",+16.76,+15.79%,17.71,18.28,17.36,18.41,47.3,-0.19,0.66,9436,Weakest,Strong,43.07%,0.63,18.07,18.75,28%
DNOW,"Dnow Inc","Machinery - General Industrial",15.57,-0.51%,2,Sell,"40% Buy",+16.73,+5.99%,14.58,15.75,13.83,15.72,48.25,-9.99,3.4,2873964,Weakest,Good,45.37%,0.95,15.27,16.16,34%
NXPL,"Nextplat Corp","Internet Commerce",9,-1.64%,3,Hold,"80% Buy",+16.42,+1.69%,7.48,8.52,6.83,9.07,51.65,-14.29,54.43,62154,Weakening,Strong,64.31%,0.17,8.6,9.54,42%
YEXT,"Yext Inc","Technology Services",6.93,+1.61%,7,Buy,"96% Buy",+16.41,-17.79%,5.41,6.3,4.99,6.5,67.04,-33.77,-28.13,1881199,Strongest,Good,86.44%,0.46,6.16,6.83,114%
WHG,"Westwood Holdings Group Inc","Finance - Investment Mgmt",18.92,-1.46%,7,Buy,"56% Buy",+16.33,+13.50%,18.73,19.14,17.85,18.94,47.87,-2.48,-4.17,16797,Weakest,Average,56.16%,0.18,18.36,19.51,48%
FSBW,"FS Bancorp Inc","Banks - West",44.1,-0.50%,6,Buy,"100% Buy",+16.26,+13.95%,42.9,43.45,41.91,44.07,52.62,-2.03,-6.99,16837,Average,Strong,63.99%,0.64,43.38,44.76,52%
HURN,"Huron Consulting",Consulting,167.05,+1.05%,9,Buy,"88% Buy",+16.14,+13.25%,132.26,156.28,130.01,159.03,61.7,-2.73,-17.5,279012,Strongest,Strong,57.39%,0.62,151.42,166.64,103%
CECO,"Ceco Environmental Corp","Pollution Controls",65.82,+0.41%,2,Sell,"72% Sell",+16.08,+31.61%,78.21,72.44,74.3,71.27,38.93,15.63,-4.14,722610,Strengthening,Soft,19.46%,1.08,65.74,76.8,1%
PAYO,"Payoneer Global Inc","Financial Transaction Services",7.14,-0.28%,9,Buy,"96% Buy",+16.05,+17.82%,6.81,7.13,6.17,7.14,51.51,1.84,12.94,4789472,Weakening,Good,55.56%,0.34,7.11,7.17,49%
BHRB,"Burke Herbert Financial Services Corp","Finance - Misc Services",68.88,-0.10%,3,Sell,"8% Buy",+15.98,+15.59%,69.58,71.25,67.46,69.54,41.45,-0.39,-3.57,128120,Weakest,Weak,33.37%,1.65,67.8,71.28,31%
CSW,"Csw Industrials Inc","Chemical - Specialty",287.59,+0.34%,6,Sell,"24% Sell",+15.92,+19.93%,295.38,312.69,288.29,293.04,41.5,3.95,-16.13,144093,Weakening,Minimum,22.64%,0.6,282.35,303.73,25%
PEN,"Penumbra Inc","Medical Instruments",319.4,+0.59%,2,Sell,"72% Sell",+15.92,+22.19%,320.3,321.4,323.63,318.44,51.76,6.21,-11.38,590607,Weakest,Weak,36.37%,1.7,316.52,320.35,75%
MMSI,"Merit Medical Sys","Medical - Dental Suppliers",87.21,+2.30%,4,Sell,"56% Buy",+15.89,+5.73%,78.63,88.04,74.79,86.36,53.06,-10.25,-15.17,780307,Average,Good,37.54%,0.62,84.56,88.16,74%
MPTI,"M-Tron Industries Inc","Engineering & R&D Services",70.63,-3.30%,2,Sell,"40% Sell",+15.84,+26.44%,83.54,78.89,78.35,75.09,34.69,10.46,18.6,110027,Strengthening,Weak,17.69%,0.62,71.69,78.49,-16%
BKR,"Baker Hughes Company","Oil - Field Services",56.7,+0.71%,1,Sell,"56% Sell",+15.83,+18.40%,60.13,60.38,60.97,56.72,44.45,2.42,10.4,8629173,Weakening,Weak,43.68%,0.4,55.07,58.37,49%
FCNCA,"First Citizens Bancs","Banks - Southeast",2068.39,+0.12%,3,Sell,"8% Buy",+15.83,+16.43%,2115.88,2156.2,2052.21,2090.32,42.19,0.45,-17.73,82012,Weakest,Weak,46.85%,0.93,2024.25,2156.39,33%
TRIN,"Trinity Capital Inc","Finance - SBIC & Commercial",17.1,-0.35%,3,Sell,"8% Buy",+15.80,+16.64%,17.58,17.94,16.91,17.56,36.39,0.66,2.61,1150066,Weakening,Weak,19.46%,0.81,17.09,18.03,2%
WNEB,"Western New England Bancorp Inc","Banks - Foreign",13.51,-1.39%,5,Sell,"16% Sell",+15.56,+18.72%,13.82,13.77,13.67,13.81,41.66,2.74,-7.06,55727,Weakening,Minimum,19.80%,0.45,13.56,14.06,-11%
HNI,"Hon Industries Inc","Business Office Products",46.86,-0.11%,3,Sell,"56% Buy",+15.55,+5.80%,42.11,47.74,39.94,46.64,50.05,-10.18,-2.64,660554,Weakening,Average,54.93%,0.77,45.61,47.67,61%
FAST,"Fastenal Company","Industrial Services",50.75,+0.51%,5,Buy,"88% Buy",+15.19,+8.65%,48.13,50.19,47.17,50.07,55.82,-7.33,12.35,7672797,Strongest,Strong,61.55%,0.77,48.81,51.34,77%
ONC,"Beone Medicines Ltd","Medical - Drugs",354.47,+1.24%,6,Hold,"64% Buy",+15.17,+5.56%,325.33,356.54,316.89,359.02,47.16,-10.42,2.56,303042,Average,Strong,40.26%,0.82,345.87,372.17,33%
HASI,"Ha Sustainable Infrastructure Capital Inc","Finance - Misc Services",36.49,+0.39%,1,Sell,"56% Sell",+15.03,+19.21%,38.66,38.48,38.79,36.43,43.49,3.23,1.99,1005725,Weakening,Soft,45.43%,0.59,35.62,37.24,54%
NL,"Nli Holdings Inc","Electronics - Misc Components",6.94,-0.43%,3,Buy,"88% Buy",+14.78,+16.44%,6.43,6.69,6.26,6.98,52.57,0.46,12.76,51167,Weakening,Strong,55.94%,0.22,6.86,7.11,33%
EOLS,"Evolus Inc","Medical Products",7.73,-0.90%,2,Sell,"40% Buy",+14.45,+24.08%,7.24,8.01,6.52,7.83,46.94,8.1,2.13,997769,Weakest,Average,52.84%,0.45,7.33,8.33,40%
IMMR,"Immersion Corp","Computers - Peripheral Equpt",7.43,+4.06%,5,Sell,"56% Buy",+14.32,+5.24%,7.05,7.45,6.73,7.28,53.55,-10.74,-4.85,496490,Average,Good,40.34%,1.67,7.07,7.49,86%
INVA,"Innoviva Inc","Large Cap Pharma",21.21,+1.63%,4,Sell,"72% Sell",+14.24,+21.55%,21.57,20.95,22.02,20.9,54.31,5.57,-8.01,779828,Weakest,Soft,66.94%,0.62,20.36,21.44,79%
AVNW,"Aviat Networks Inc","Wireless Equipment",20.77,+1.71%,4,Sell,"8% Sell",+14.23,-6.99%,20.12,20.49,20.65,20.25,54.74,-22.97,-16.96,159180,Weakest,Minimum,65.47%,0.31,19.46,21.05,83%
EBC,"Eastern Bankshares Inc","Banks - Northeast",21.03,-0.24%,4,Sell,"8% Sell",+14.04,+13.13%,21.75,22.11,21.09,21.31,40.52,-2.85,0,2464911,Weakening,Minimum,44.95%,1.66,20.74,21.87,25%
PKE,"Park Electrochemical Corp","Aerospace - Defense Equipment",26.38,-11.06%,2,Sell,"56% Sell",+14.04,+26.77%,33.4,32.6,32.59,29.9,25.71,10.79,9.51,287496,Strongest,Average,19.16%,3.66,28,31.79,-43%
GFF,"Griffon Corp","Conglomerates - Div Operations",90.59,-1.69%,4,Sell,"24% Buy",+13.73,+20.66%,93.87,97.56,89.45,94.3,36.1,4.68,8.89,345343,Weakening,Weak,20.70%,0.95,90.59,98.02,0%
HFWA,"Heritage Financial","Finance - Savings & Loan",27.16,-1.49%,2,Sell,"40% Sell",+13.61,+15.33%,28.77,28.72,28,27.98,36.18,-0.65,0.73,324842,Strengthening,Weak,19.79%,0.53,27.22,28.73,-4%
SAIL,"Sailpoint Inc","Internet - Software",20.77,+3.75%,6,Buy,"100% Buy",+13.59,-10.86%,17.32,19.33,15.75,20.46,56.64,-26.84,-11.44,3763662,"Top 1%",Strong,25.39%,0.66,19.28,21.65,63%
IBTA,"Ibotta Inc Cl A","Technology Services",43.07,-0.49%,4,Buy,"100% Buy",+13.52,+40.38%,35.11,38.54,33.88,41.28,64.26,24.4,75.38,252187,Strongest,Maximum,88.40%,1.03,39.21,43.35,93%
CBFV,"Cb Financial Svc","Banks - Northeast",37.2,-0.96%,3,Sell,"48% Buy",+13.51,+13.59%,36.82,37.32,36.18,37.2,49.54,-2.39,-7.4,5153,Weakest,Weak,67.06%,0.58,36.64,37.76,50%
FRBA,"First Bank","Banks - Southwest",17.48,-1.24%,2,Sell,"32% Buy",+13.49,+13.14%,17.48,18.07,16.92,17.67,43.39,-2.84,-7.91,82297,Weakest,Soft,55.66%,0.5,17.32,18.02,23%
GO,"Grocery Outlet Holding Corp","Consumer Prdts - Misc Staple",11.96,+0.25%,4,Buy,"100% Buy",+12.95,-22.64%,10.24,11.24,9.22,11.45,59.13,-38.62,4.31,2992848,Strengthening,Average,80.37%,0.59,10.87,12.04,94%
ARDT,"Ardent Health Inc","Medical Services",11.3,+2.08%,3,Buy,"88% Buy",+12.81,-21.20%,10.3,10.85,10,10.66,63.02,-37.18,13.86,452566,Strengthening,Average,89.40%,1.36,10.15,11.18,111%
COCO,"The Vita Coco Company Inc","Beverages - Soft",58.39,+4.31%,8,Sell,"72% Sell",+12.81,+36.52%,67.03,59.42,63.7,56.55,52.93,20.54,-3.96,1194088,Weakening,Soft,41.97%,1.17,52.73,60.38,74%
PRTS,"U.S. Auto Parts Netw","Auto - Truck Original Parts",8.64,+0.58%,1,Buy,"88% Buy",+12.68,+23.16%,6.77,7.6,7.28,8.54,56.3,7.18,58.69,61907,Average,Good,78.99%,0.29,8.07,9.02,60%
VMI,"Valmont Industries","Steel - Pipe & Tube",467.81,-0.19%,2,Hold,"64% Sell",+12.60,+17.10%,506.25,479.15,486.64,470.93,45.66,1.12,2.17,192581,Strengthening,Weak,28.79%,0.78,459.94,481.91,36%
NODK,"Ni Holdings Inc","Insurance - Proprty & Casualty",14.79,-0.67%,4,Sell,"8% Sell",+12.49,+11.04%,15.23,15.14,14.5,14.93,41.69,-4.94,-2.91,20823,Weakest,Weak,17.10%,0.73,14.64,15.23,26%
AIN,"Albany International Corp","Textile - Products",61.8,+3.99%,7,Hold,"32% Sell",+12.48,+12.49%,65.83,61.01,62.62,60.05,55.96,-3.49,7.78,272922,Weakest,Weak,53.33%,0.83,58.65,61.45,112%
CV,"Capsovision Inc","Medical Information Systems",6.59,-0.45%,5,Buy,"24% Buy",+12.47,+41.87%,6.57,6.38,6.56,6.43,53.51,25.89,-52.46,241583,Weakening,Minimum,63.94%,0.33,5.96,6.9,67%
BFC,"Bank First National Corp [Wisconsin]","Banks - Northeast",145.41,-1.74%,2,Sell,"8% Buy",+12.30,+12.61%,149.03,152.79,145.92,150.46,36.73,-3.37,5.25,86029,Weakening,Weak,11.69%,0.56,146.4,154.53,-12%
AROC,"Archrock Inc","Oil - Field Services",30.28,-0.20%,2,Sell,"88% Sell",+12.11,+21.07%,34.49,31.99,35.16,30.56,42.61,5.09,2.26,1730998,Strengthening,Average,27.75%,0.55,29.79,31.33,32%
OPBK,"Open Bank","Banks - Southwest",14.89,-1.19%,4,Sell,"24% Buy",+12.10,+10.05%,14.99,15.34,14.59,15.23,40.8,-5.93,-8.66,41995,Weakening,Soft,29.65%,0.54,14.88,15.58,2%
ESE,"Esco Technologies Inc","Technology Services",257.83,+1.48%,2,Sell,"88% Sell",+12.08,+24.52%,300.1,280.35,299.15,264.29,38.55,8.54,17.85,256393,Strengthening,Average,17.03%,0.81,253.93,274.66,19%
MANH,"Manhattan Assoc","Computer - Software",204.89,-0.91%,3,Sell,"56% Buy",+12.06,+0.68%,177.42,205.72,163.61,206.45,49.8,-15.3,4.11,735978,Weakening,Strong,47.25%,0.64,198.54,214.36,40%
TITN,"Titan Machinery Inc","Retail - Wsale Auto & Trucks",22.63,-4.35%,5,Buy,"88% Buy",+11.90,+42.87%,20.79,21.56,20.15,23.94,45.87,26.89,36.36,199184,Weakening,Strong,32.62%,1.43,22.54,25.35,3%
LYV,"Live Nation Entertainment","Movie & TV Production & Dist",170.33,-0.59%,3,Sell,"24% Buy",+11.79,+11.51%,175.24,176.23,169.69,170.06,45.76,-4.47,5.42,2520335,Weakest,Weak,64.65%,0.81,167.19,172.92,55%
BCPC,"Balchem Corp","Chemical - Specialty",167.83,-0.47%,5,Sell,"24% Sell",+11.63,+19.62%,167.79,172.22,168.03,166.87,48.94,3.64,-4.67,201359,Weakest,Minimum,67.65%,1.62,164.21,169.53,68%
DDS,Dillard's,"Retail - Regional Dept Stores",642.24,-1.01%,6,Hold,"64% Buy",+11.47,+7.62%,600.66,634.91,592.94,654.27,48.2,-8.36,-8.19,139835,Weakening,Average,33.51%,1,623.23,685.32,31%
IRM,"Iron Mountain Inc","Business Information",114.51,+1.36%,4,Sell,"24% Sell",+11.38,+9.11%,121.63,117.93,118.86,113.51,49.28,-6.87,23.94,1724731,Weakening,Weak,57.34%,0.65,109.36,117.66,62%
GOOD,"Gladstone Comml","REIT - Equity Trust Other",12.68,-0.24%,4,Hold,"32% Buy",+11.36,+11.23%,12.71,12.81,12.54,12.67,47.84,-4.75,4.73,468094,Weakest,Minimum,46.52%,0.6,12.46,12.89,52%
ARX,"Accelerant Holdings Cl A","Insurance - Brokers",19.8,+0.25%,2,Buy,"100% Buy",+11.27,+35.25%,16.2,18.4,15.17,19.76,71.34,19.27,6.99,2108349,Strengthening,Strong,83.78%,0.37,19.67,19.85,74%
OTTR,"Otter Tail Corp","Utility - Electric Power",87.46,-0.98%,1,Sell,"24% Sell",+11.20,+14.54%,89.64,90.14,89.1,88.52,42.79,-1.44,-5.88,252613,Average,Weak,29.99%,0.54,87.17,89.88,11%
ASTL,"Algoma Steel Group Inc","Steel - Producers",4.3,+2.87%,5,Hold,"64% Sell",+11.13,+13.46%,4.36,4.28,4.4,4.28,50.66,-2.52,-9.23,1217330,Weakening,Weak,46.82%,0.39,4.09,4.46,56%
AVNT,"Avient Corp","Chemical - Diversified",37.79,-7.78%,3,Sell,"8% Sell",+10.99,+19.51%,39.21,42.22,38.12,40.78,29.11,3.53,6.86,811186,Weakening,Weak,48.38%,3.22,39.23,42.32,-47%
CLAR,"Clarus Corp","Leisure & Recreational Prdcts",3.49,+2.19%,2,Sell,"48% Buy",+10.87,+3.40%,3.36,3.59,3.16,3.49,48.7,-12.58,-9.78,203725,Average,Average,48.44%,1.22,3.36,3.63,50%
MCB,"Metropolitan Bank Holding Corp","Banks - Northeast",86.62,-0.99%,4,Sell,"56% Sell",+10.73,+15.60%,92.58,90.72,90.31,88.59,38.28,-0.38,-0.67,148240,Strongest,Weak,38.74%,0.83,86.25,90.92,8%
EW,"Edwards Lifesciences Corp","Medical Instruments",85.21,+1.15%,3,Sell,"8% Sell",+10.53,+13.33%,88.07,88.62,85.9,86.68,43.48,-2.65,-14.16,4426066,Weakening,Minimum,29.53%,1.18,83.91,89.44,23%
AAT,"American Assets Trust","REIT - Equity Trust Retail",21.52,-0.42%,3,Sell,"24% Sell",+10.38,+8.74%,23.2,22.19,22.07,21.61,43.13,-7.24,-0.43,431457,Weakening,Weak,43.10%,0.6,21.14,22.08,40%
LLYVA,"Liberty Live Holdings Inc Series A","Conglomerates - Div Operations",95.33,-0.33%,4,Sell,"8% Sell",+10.17,+10.98%,97.6,97.87,96.15,95.4,47.1,-5.,2.86,202436,Weakest,Minimum,48.83%,0.53,93.45,97.35,48%
ULCC,"Frontier Group Holdings Inc","Transportation - Airline",5.86,-1.18%,6,Hold,Hold,+10.17,+41.55%,6.3,6.19,5.52,5.96,45.92,25.57,10.31,4152403,Bearish,,44.81%,0.98,5.56,6.36,37%
LLYVK,"Liberty Live Holdings Inc Series C","Conglomerates - Div Operations",98.2,-0.23%,2,Sell,"8% Sell",+10.03,+11.06%,101,101.3,99.22,98.38,46.25,-4.92,3.98,358711,Weakening,Minimum,54.19%,0.52,96.42,100.33,46%
UNH,"Unitedhealth Group","Medical - HMO",379.3,+2.25%,1,Sell,"8% Buy",+9.95,+3.16%,399.42,389.18,373.74,374.92,49.41,-12.82,0.79,7261811,Weakest,Minimum,57.03%,1.58,366.78,383.06,77%
FDS,"Factset Research Systems","Business Information",287.18,+0.23%,5,Sell,"72% Buy",+9.63,+1.45%,263.92,283.52,248.62,275.68,55.41,-14.53,-15.15,923872,Strengthening,Average,77.46%,0.79,262.22,289.14,93%
JCTC,"Jewett-Cameron Trading Company Ltd","Building Prds Retail - Wsale",2.91,0.00%,3,Hold,"56% Buy",+9.57,-16.38%,2.62,2.93,2.36,2.93,48.19,-32.36,15.22,23191,Weakest,Average,57.89%,0.77,2.88,2.98,32%
CMI,"Cummins Inc","Engines - Internal Combustion",523.39,+0.57%,2,Sell,"88% Sell",+9.54,+22.66%,619.12,568.99,615.6,525.77,41.54,6.68,-11.57,967159,Strengthening,Strong,39.56%,0.86,511.68,539.85,42%
GDYN,"Grid Dynamics Holdings Inc","IT Services",7.95,-0.75%,4,Buy,"96% Buy",+9.48,-3.75%,7.02,7.8,6.68,7.87,52.94,-19.73,-26.07,1672036,Strongest,Average,33.60%,0.5,7.44,8.31,59%
SGU,"Star Gas Partners LP","Electronics Products - Misc",12.99,0.00%,8,Buy,"88% Buy",+9.46,+9.99%,12.77,12.75,12.72,12.82,59.76,-5.99,-4.4,23601,Strengthening,Soft,83.93%,0.7,12.62,13.03,91%
GLRE,"Greenlight Cap. Re.","Insurance - Proprty & Casualty",14.76,-1.40%,4,Sell,"88% Sell",+9.42,+17.61%,15.82,15.25,16.37,14.89,42.73,1.63,-12.88,165607,Strengthening,Average,58.17%,0.96,14.53,15.24,32%
WPP,"Wpp Plc ADR","Advertising Marketing Services",25.38,+1.62%,4,Hold,"96% Buy",+9.37,+7.91%,21.79,25.31,20.19,25.37,52.21,-8.07,-1.11,519456,Strengthening,Strong,51.85%,0.6,24.58,26.17,50%
COLM,"Columbia Sprtswr","Textile - Apparel",57.04,+0.49%,8,Hold,"80% Sell",+9.14,+10.99%,60.8,57.58,59.88,57.29,47.27,-4.99,-10.57,642975,Average,Average,31.34%,0.83,56.07,58.51,40%
EHC,"Encompass Health Corp","Medical - Outpatient & Hm Care",123.33,+0.64%,5,Hold,"96% Buy",+9.09,+0.14%,113.55,121.35,110.06,122.36,54.88,-15.84,2.09,1031495,Strengthening,Strong,61.36%,0.65,119.66,125.06,68%
FENC,"Fennec Pharmaceuticals Inc","Medical - Biomedical",10.71,+0.75%,1,Sell,"56% Buy",+9.05,+14.79%,10.57,11.19,9.36,10.63,48.13,-1.19,24.98,208411,Average,Average,42.82%,0.45,10.22,11.04,60%
HWM,"Howmet Aerospace Inc","Aerospace - Defense",225.26,+1.21%,3,Sell,"72% Sell",+9.04,+19.29%,260.65,252.55,256.11,227.76,39.76,3.31,-4.24,2674782,Average,Good,22.72%,0.9,222.25,233.26,27%
CTW,"Ctw Cl A",Gaming,2.3,0.00%,2,Sell,"32% Sell",+9.00,-3.36%,2.42,2.4,2.4,2.16,53.78,-19.34,18.84,33289,Weakest,Minimum,64.58%,0.97,1.9,2.43,76%
TREX,"Trex Company","Building Products - Wood",44.78,+0.77%,5,Sell,"24% Buy",+8.93,-14.69%,44.94,45.59,42.84,43.82,52.38,-30.67,13.54,1897158,Weakest,Minimum,66.13%,0.82,42.59,45.05,89%
ELAN,"Elanco Animal Health Inc","Medical - Outpatient & Hm Care",22.92,+1.69%,2,Sell,"72% Sell",+8.60,+14.20%,23.85,23.44,23.63,22.55,50.84,-1.78,-12.83,5575688,Weakening,Soft,55.90%,0.38,21.92,23.17,80%
BRC,"Brady Corp","Protection - Safety",85.35,+1.41%,2,Sell,"24% Sell",+8.58,+17.72%,89.07,89.56,86.69,84.49,46.33,1.74,-5.2,261302,Weakest,Weak,65.00%,0.87,82.78,86.2,75%
BCML,"Bay Commercial Bk CA","Banks - West",30.53,-1.01%,5,Buy,"24% Buy",+8.57,+9.07%,31.31,30.45,30.71,30.48,49.16,-6.91,-10.27,48985,Weakest,Minimum,48.99%,1.15,29.59,31.37,53%
RNW,"Renew Energy Global Plc Cl A","Other Alt Energy",6.88,-0.29%,5,Buy,"100% Buy",+8.49,-15.06%,6.46,6.75,6.01,6.85,62.51,-31.04,7.66,1375165,Average,Good,85.71%,1.18,6.81,6.89,85%
GROW,"U S Global Inv Inc","Finance - Investment Mgmt",2.93,+0.69%,3,Sell,"8% Buy",+8.45,+8.12%,2.98,3.06,2.9,2.94,45.6,-7.86,7.47,35610,Weakest,Minimum,34.63%,0.33,2.84,3.04,44%
ALCO,"Alico Inc","Agriculture Operations",38.35,-0.90%,3,Sell,"100% Sell",+8.27,+14.48%,40,39.4,40.34,38.88,41.88,-1.5,-8.69,23699,Strengthening,Average,24.59%,1,37.88,39.87,24%
AERT,"Aeries Technology Inc","Technology Services",6.9,-1.99%,5,Hold,"64% Buy",+8.16,+24.76%,6.73,6.98,5.84,7.08,47.33,8.78,53.2,42007,Weakest,Average,16.80%,0.24,6.57,7.59,32%
CNMD,"C O N M E D Corp","Medical - Dental Suppliers",44.42,-1.53%,4,Sell,"40% Buy",+8.13,-2.18%,42.61,48.01,40.71,45.82,40.86,-18.16,-4.7,507913,Weakest,Average,14.41%,1.09,44.03,47.61,11%
GRCE,"Grace Therapeutics Inc","Medical - Biomedical",2.08,+1.96%,2,Sell,"100% Sell",+7.97,-31.13%,2.24,2.13,2.68,2.12,46.02,-47.11,-53.99,365206,Average,Good,46.67%,0.26,2,2.24,33%
DIBS,"1stdibs.com Inc","Internet Commerce",3.78,-4.06%,2,Sell,"100% Sell",+7.79,+41.57%,4.44,4.41,4.72,4.07,36.43,25.59,-51.,182970,Strongest,Average,19.99%,0.61,3.74,4.41,7%
FRHC,"The Awareness Group","Finance - Misc Services",169.65,+1.77%,6,Buy,"88% Buy",+7.43,-0.69%,155.89,163.97,152.34,170.16,50.95,-16.67,25.31,125104,Strengthening,Strong,52.26%,0.51,161.64,178.68,47%
HCA,"Hca Holdings Inc","Medical Services",451.09,+1.37%,8,Buy,"40% Buy",+7.19,+7.69%,403.91,420.71,427.11,431.98,65.86,-8.29,-17.49,1320344,Strengthening,Weak,87.72%,0.75,417.54,446.42,116%
UAL,"United Airlines Holdings","Transportation - Airline",107.46,+0.01%,4,Sell,"40% Sell",+6.92,+6.03%,116.17,114.68,108.57,110.52,42.25,-9.95,-18.01,5637659,Average,Weak,21.69%,1.27,105.49,115.55,20%
UNFI,"United Nat Foods","Food - Misc & Diversified",44.51,+1.00%,6,Sell,"56% Sell",+6.92,+4.78%,47.93,46.1,47.35,45.23,45.7,-11.2,18.08,682233,Weakening,Weak,22.07%,0.79,43.41,47.06,30%
WMK,"Weis Markets","Retail - Supermarket",72.99,+0.63%,6,Buy,"40% Buy",+6.86,+7.09%,74.86,72.37,72.84,72.8,51.9,-8.89,-0.22,156161,Weakening,Weak,38.79%,0.48,71.76,73.84,59%
H,"Hyatt Hotels Corp","Hotels & Motels",161.94,+1.57%,2,Sell,"72% Sell",+6.85,+11.07%,178.36,167.36,171.08,158.9,50.1,-4.91,-13.1,834027,Weakening,Soft,50.95%,0.71,154.41,163.39,84%
MSA,"Msa Safety Inc","Protection - Safety",180.71,+1.47%,5,Sell,"40% Buy",+6.68,+5.94%,176.88,185.82,174.95,180.3,47.77,-10.04,-1.26,262602,Weakening,Weak,46.02%,0.72,176.77,183.84,56%
ALGT,"Allegiant Travel Com","Transportation - Airline",76.43,+0.02%,6,Sell,"88% Sell",+6.53,+25.83%,89.79,81.65,86.78,77.61,44.95,9.85,-24.48,543172,Average,Average,20.20%,0.6,74.37,80.85,32%
WEAV,"Weave Communications Inc","Internet - Software",7.38,-0.14%,16,Buy,"100% Buy",+6.27,+4.38%,6.56,6.98,6.07,7.35,61.76,-11.6,-16.88,1958210,Average,Strong,68.41%,1.03,7.3,7.4,77%
TDY,"Teledyne Technologies","Aerospace - Defense Equipment",613.66,+1.46%,7,Sell,"40% Sell",+6.21,+6.46%,629.71,630.36,631.62,609.44,49.39,-9.52,6.04,335461,Weakening,Weak,32.30%,0.67,595.05,623.83,65%
SPSC,"Sps Commerce Inc","Business Services",84.59,+1.52%,2,Hold,"96% Buy",+6.07,-21.55%,69.25,80.09,64.92,81.84,60.32,-37.53,-19.2,648571,Strongest,Average,64.48%,0.69,79.35,84.32,105%
VSTM,"Verastem Inc","Medical - Biomedical",8.38,+3.33%,4,Buy,"88% Buy",+6.01,-9.31%,6.01,7.37,5.86,7.85,60.48,-25.29,-5.56,2223750,Strongest,Strong,68.66%,1.32,7.23,8.48,92%
ULTA,"Ulta Beauty Inc","Retail - Misc & Diversified",570.37,+1.09%,8,Buy,"56% Buy",+5.78,+1.64%,509.39,540.31,518.91,547.62,63.26,-14.34,-19.84,664515,Strongest,Weak,74.87%,0.66,530.48,564.76,116%
CGNT,"Cognyte Software Ltd","Internet - Software",8.81,+0.97%,7,Sell,"56% Sell",+5.43,+5.07%,8.92,8.72,9,8.62,56.49,-10.91,-20.33,564727,Weakest,Weak,71.71%,1.03,8.34,8.9,85%
DOV,"Dover Corp","Machinery - General Industrial",188.83,-0.07%,7,Sell,"100% Sell",+5.37,+16.35%,205.41,196.34,208.71,188.99,44.26,0.37,-17.39,1136449,Strengthening,Strong,38.64%,0.62,185.74,192.24,48%
ACHC,"Acadia Healthcr Company","Medical - Hospitals",29.25,+2.70%,1,Sell,"56% Buy",+5.34,+16.16%,28.46,28.97,27.44,28.31,54.56,0.18,92.02,2891694,Weakening,Soft,74.07%,0.87,27.03,29.58,87%
USPH,"U.S. Physical Therapy","Medical - Outpatient & Hm Care",84.67,+1.38%,9,Buy,"88% Buy",+5.21,-4.72%,74.43,80.7,73.99,83.56,59.87,-20.7,-5.68,205415,Strongest,Good,35.96%,0.74,80.78,86.33,70%
ZDGE,"Zedge Inc Cl B","Internet - Content",2.93,0.00%,2,Hold,"80% Sell",+5.16,-10.12%,3.03,2.98,3.03,3,45.65,-26.1,-24.78,96689,Strengthening,Soft,28.51%,0.32,2.89,3.11,20%
ESS,"Essex Property Trust","REIT - Equity Trust Resident",271.57,+1.11%,3,Sell,"24% Sell",+5.15,+4.83%,282.48,278.73,273.13,271.7,46.05,-11.15,-10.33,501754,Weakest,Minimum,31.87%,0.82,267.2,276.2,49%
TRS,"Trimas Corp","Metal Production & Fabrication",38.15,-0.75%,5,Sell,"56% Sell",+5.12,+4.43%,40.1,39.11,39.23,38.74,42.46,-11.55,-6.49,443280,Strengthening,Weak,16.86%,0.58,37.82,39.66,18%
CUZ,"Cousins Properties Inc","REIT - Equity Trust Other",27.62,-0.36%,5,Sell,"8% Sell",+4.81,+1.66%,29.14,28.9,27.4,28.02,41.68,-14.32,-6.97,1836840,Weakest,Minimum,29.15%,0.83,27.17,28.88,26%
POCI,"Precision Optics Corp Inc","Medical Instruments",4.58,-1.82%,8,Buy,"24% Sell",+4.55,+5.53%,4.73,4.38,4.6,4.46,54.99,-10.45,-4.67,40805,Weakest,Weak,65.27%,0.26,4.1,4.81,67%
HLIT,"Harmonic Inc","Communications Components",10.99,-0.72%,2,Sell,"72% Sell",+4.52,+6.80%,12.81,11.7,12.01,11.05,44.11,-9.18,-2.99,1801823,Strongest,Weak,66.02%,0.82,10.51,11.59,44%
ENTA,"Enanta Pharmaceutica","Medical - Biomedical",12.5,+3.31%,3,Sell,"88% Sell",+4.47,+9.08%,13.09,13.06,13.26,12.46,47.68,-6.9,-34.85,214443,Weakening,Weak,37.75%,0.72,11.72,13.2,53%
CMCO,"Columbus Mckinnon","Machinery - Material Handling",15.99,+0.06%,2,Sell,"24% Sell",+4.35,+8.55%,16.13,17.7,15.8,16.25,43.53,-7.43,-21.41,495311,Weakening,Minimum,34.84%,0.62,15.45,17.05,34%
WTM,"White Mountains Insurance Group","Insurance - Proprty & Casualty",2060.6299,+0.04%,2,Sell,"88% Sell",+4.28,+7.29%,2094.42,2083,2131.37,2038.55,52.83,-8.69,-14.95,19180,Average,Soft,68.56%,0.98,2001.53,2075.56,80%
CAPL,"Crossamerica Partners LP","Oil Refining & Marketing MLP",21.4,-0.83%,2,Sell,"40% Sell",+4.11,+7.65%,22.34,22.46,22.06,21.79,36.39,-8.33,-10.23,42957,Strengthening,Weak,23.70%,0.86,21.09,22.49,22%
NRP,"Natural Resource Partners LP",Coal,111.11,-0.18%,3,Hold,"32% Buy",+4.03,+3.36%,104.46,107.93,108.8,109.41,56.92,-12.62,-7.68,41132,Weakening,Minimum,84.18%,0.31,107.02,111.8,85%
LAND,"Gladstone Land Corp","REIT - Equity Trust Other",9.48,-0.52%,4,Buy,"8% Buy",+3.68,+3.95%,8.97,9.07,9.42,9.52,52.57,-12.03,-10.5,663297,Weakest,Minimum,45.03%,0.56,9.33,9.71,40%
CSTE,"Caesarstone Sdot-Yam","Building & Construction - Misc",2.85,+2.89%,2,Sell,"40% Buy",+3.66,+83.87%,2.48,2.94,2.08,2.87,48.44,67.89,39.12,418618,Average,Good,25.00%,0.26,2.68,3.06,45%
DLR,"Digital Realty Trust","REIT - Equity Trust Other",178.76,+1.53%,1,Sell,"56% Sell",+3.53,+2.03%,185.96,186.77,186.88,180.15,45.45,-13.95,1.44,2296196,Strengthening,Weak,37.98%,1.01,173.91,186.39,39%
BSBK,"Bogota Financial Corp","Banks - Northeast",9.08,+0.11%,2,Buy,"56% Buy",+3.39,+1.00%,9.02,9.12,8.82,9.1,48.47,-14.98,-6.65,8605,Weakening,Average,46.00%,0.15,8.97,9.23,41%
MOD,"Modine Manufacturing Company","Auto - Truck Original Parts",181.56,-0.18%,4,Sell,"88% Sell",+3.37,+21.80%,223.95,190.31,227.99,186.83,45.32,5.82,21.88,1357689,Strongest,Good,37.23%,0.54,173.38,200.28,30%
COPR,"Idaho Copper Corp","Mining - Misc",3.37,-0.59%,3,Buy,"40% Sell",+3.35,-61.70%,4.15,3.05,5.4,3.23,57.86,-77.68,-18.1,30763,Weakest,Average,72.72%,1.4,2.96,3.49,77%
TROW,"T Rowe Price Group","Finance - Investment Mgmt",105.16,+0.89%,2,Sell,"8% Buy",+3.26,-0.80%,109.86,108.6,105,104.32,46.82,-16.78,-11.39,2035735,Weakest,Minimum,46.85%,0.93,102.65,105.99,75%
CMC,"Commercial Metals Company","Steel - Producers",63.89,+1.25%,1,Sell,"100% Sell",+3.17,+8.29%,68.86,67.61,67.81,64.34,45.47,-7.69,-21.81,1178602,Strongest,Average,44.68%,1.12,61.82,66.86,41%
FELE,"Franklin Electric Company","Machinery - Electrical",97.72,+0.88%,3,Sell,"40% Sell",+3.16,+4.86%,101.8,100.74,100.19,96.85,47.99,-11.12,-11.82,309191,Weakening,Soft,49.72%,1.14,94.62,99.07,70%
CBT,"Cabot Corp","Chemical - Diversified",74.91,-0.93%,3,Sell,"56% Sell",+3.10,+5.15%,84.44,81.58,81.35,77.63,32.6,-10.83,-1.09,456388,Strengthening,Average,13.96%,0.67,74.76,80.5,3%
SCZM,"Santacruz Silver Mining Ltd","Mining - Silver",9.11,+7.43%,2,Sell,"40% Buy",+2.91,+31.65%,7.97,9.02,8.17,8.92,51.74,15.67,-19.8,516432,Average,Weak,28.79%,0.52,8.28,9.57,64%
MAS,"Masco Corp","Building & Construction - Misc",68.75,-1.08%,6,Sell,"40% Sell",+2.90,+2.00%,73.05,71.36,70.48,68.56,46.64,-13.98,-5.77,2561382,Average,Weak,68.34%,0.6,67.13,69.98,57%
SLNG,"Stabilis Solutions Inc","Other Alt Energy",5.44,+2.24%,2,Sell,"72% Buy",+2.84,+6.67%,4.82,5.39,4.51,5.17,54.63,-9.31,5.45,37235,Strengthening,Good,63.20%,1.06,4.73,5.61,81%
TXNM,"Txnm Energy Inc","Other Alt Energy",58.61,+0.05%,5,Buy,"40% Buy",+2.81,+3.10%,57.89,57.93,58.22,58.42,58.69,-12.88,-14.57,1334530,Strengthening,Weak,59.58%,0.46,57.99,58.85,72%
PHOE,"Phoenix Asia Holdings Limited","Building - Heavy Construction",17.51,-2.99%,2,Sell,"24% Sell",+2.75,+14.18%,19.52,20.48,18.71,19.3,39.91,-1.8,-4.67,51578,Average,Minimum,31.69%,0.09,17.29,21.3,5%
GDRX,"Goodrx Holdings Inc Cl A","Medical Services",3.43,+2.08%,3,Sell,"56% Buy",+2.57,-26.08%,3.16,3.45,2.87,3.36,54.3,-42.06,12.46,1913245,Average,Average,56.94%,0.46,3.19,3.52,73%
PG,"Procter & Gamble","Consumer Prdts - Misc Staple",151.23,+0.42%,11,Buy,"24% Buy",+2.44,+0.43%,146.59,145.91,146.31,147.14,62.13,-15.55,-8.58,9569681,Strengthening,Weak,87.85%,0.73,143.59,150.69,108%
ACGL,"Arch Capital Grp Ltd","Insurance - Proprty & Casualty",95.57,-0.53%,3,Sell,"24% Sell",+2.33,+3.62%,96.87,97.32,96.32,95.33,48.94,-12.36,-14.47,2321032,Weakest,Minimum,58.87%,0.58,92.73,97.92,55%
AVY,"Avery Dennison Corp","Containers - Paper Products",167.82,+0.12%,4,Sell,"8% Sell",+2.30,+4.36%,167.03,173.94,167.11,170.13,42.2,-11.62,-21.84,743945,Weakest,Minimum,26.96%,0.56,166.76,173.5,16%
BWIN,"The Baldwin Insurance Group Inc","Insurance - Life",31.87,+0.06%,4,Buy,"88% Buy",+2.26,+9.71%,27.08,30.86,25.41,31.9,57.69,-6.27,18.52,1928556,Average,Strong,52.68%,1.17,31.59,32.21,45%
PCYO,"Pure Cycle Corp","Utility - Water Supply",11.11,+1.00%,3,Sell,"48% Buy",+2.26,+1.09%,10.88,11.11,10.87,11,53.87,-14.89,-13.02,63861,Average,Weak,58.60%,0.54,10.82,11.19,79%
MTN,"Vail Resorts","Leisure & Recreation Services",146.03,-0.04%,7,Buy,"72% Buy",+2.21,-2.72%,141.25,142.75,137.04,140.38,58.29,-18.7,-4.15,836388,Strengthening,Average,87.22%,0.95,134.63,146.14,99%
TSAT,"Telesat Corp Cl A","Satellite Communication",45.96,+2.91%,5,Sell,"24% Buy",+2.11,+33.22%,46.38,47.79,45.72,47.78,47.39,17.24,43.83,204281,Weakest,Weak,24.83%,0.51,44.32,51.23,24%
AMCR,"Amcor Plc","Containers - Paper Products",41.72,-0.38%,2,Sell,"40% Sell",+2.11,+6.70%,43.06,44.6,41.97,42.15,39.93,-9.28,-14.06,4547173,Weakening,Minimum,30.87%,0.77,41.24,43.05,26%
ALX,"Alexander's Inc","REIT - Equity Trust Other",240.99,-0.20%,1,Sell,"56% Sell",+2.02,+0.93%,262,258.87,255.34,245.9,30.71,-15.05,-3.53,54229,Strengthening,Average,14.59%,1.17,240.85,250.96,1%
VATE,"Innovate Corp","Conglomerates - Div Operations",7.22,+0.28%,4,Sell,"88% Sell",+1.96,+76.10%,10.79,7.62,10.08,7.54,43.54,60.12,45.62,157150,Average,Soft,17.69%,0.09,6.87,8.2,26%
IDCC,"Interdigital Inc","Wireless Equipment",331.31,+0.92%,2,Hold,"48% Buy",+1.73,-4.88%,301.69,334.51,309.8,330.49,50.03,-20.86,-10.05,321698,Weakening,Soft,32.39%,0.56,319.26,341.73,54%
GMED,"Globus Medical Inc","Medical Instruments",74.65,+1.80%,5,Sell,"100% Sell",+1.68,+25.23%,79.42,79.1,82.19,74.82,44.53,9.25,-28.61,1462657,Average,Average,23.17%,0.73,73.13,76.5,45%
GPC,"Genuine Parts Company","Retail - Wholesale Auto Parts",127.02,-0.90%,2,Sell,"40% Buy",+1.51,-3.42%,121.97,131.95,116.41,128.24,44.76,-19.4,-10.81,1544234,Weakest,Soft,39.41%,0.64,124.1,132.38,35%
WLKP,"Westlake Chemical Partners LP","Chemical - Specialty",21.19,-1.03%,2,Sell,"88% Sell",+1.29,+0.52%,22.03,21.54,22.2,21.38,41.24,-15.46,-2.58,35296,Strongest,Average,45.37%,0.53,21.13,21.63,11%
TACO,"Berto Acquisition Corp",Unclassified,10.46,0.00%,1,Hold,"40% Buy",+0.93,+0.29%,10.46,10.46,10.4,10.46,48.32,-15.69,-10.95,83141,Weakest,Soft,66.44%,2.71,10.44,10.47,59%
ACDC,"Profrac Holding Corp. Cl A","Oil - Field Services",4.64,-1.38%,1,Sell,"100% Sell",+0.54,+15.59%,5.35,4.82,5.77,4.7,46.75,-0.39,5.04,1403994,Strongest,Average,59.28%,0.61,4.24,5.17,43%
SUNB,"Sunbelt Rentals Holdings Inc","Electronic Misc Services",75.17,+0.43%,7,Buy,N/A,+0.45,N/A,75.83,75.28,74.17,74.51,51.45,N/A,N/A,N/A,N/A,N/A,42.45%,0.53,71.1,77.92,60%
ICE,"Intercontinental Exchange","Securities Exchanges",156.19,+0.54%,3,Sell,"40% Buy",+0.41,-1.95%,147.92,155.55,151.53,154.1,54.55,-17.93,-17.67,3724734,Average,Weak,68.15%,0.83,150,158.2,76%
FSUN,"Firstsun Capital Bancorp","Banks - Midwest",38.49,-1.05%,2,Sell,"40% Buy",+0.12,-5.01%,38.07,39.77,37.57,39.19,42.87,-20.99,-11.84,246782,Weakest,Average,40.24%,0.51,38.17,40.2,16%
LASR,"Nlight Inc","Electronics - Semiconductors",38.48,+0.44%,4,Sell,"100% Sell",-0.04,+27.04%,57.47,46.02,61.06,39.54,38.52,11.06,-11.52,1349955,Strongest,Strong,26.83%,0.52,37.64,41.43,22%
RVLV,"Revolve Group Inc","Textile - Apparel",21.69,+0.28%,4,Sell,"72% Sell",-0.10,+2.31%,22.26,22.35,22.61,21.07,52.85,-13.67,-42.27,1008735,Weakening,Soft,67.70%,0.55,20.38,21.76,95%
ARL,"American Realty Investors","Real Estate Operations",16.45,+5.45%,5,Buy,"40% Buy",-0.17,+3.13%,16.08,15.56,15.6,15.95,54.76,-12.85,-11.68,7056,Average,Minimum,58.98%,0.2,14.94,16.96,75%
BF.A,"Brown Forman Inc Cl A","Beverages - Alcohol",26.91,-0.59%,4,Sell,"40% Sell",-0.30,-1.54%,27.25,27.59,27.11,26.7,49.41,-17.52,-11.83,193020,Weakest,Minimum,55.25%,0.98,26.31,27.09,77%
ENR,"Energizer Holdings Inc","Consumer Prdts - Misc Staple",21.33,-0.51%,8,Hold,"48% Buy",-0.39,-12.58%,20.86,21.59,19.92,21.54,48.29,-28.56,-6.87,1125535,Weakest,Weak,24.94%,0.53,20.42,22.65,41%
TCMD,"Tactile Systems Technology Inc","Medical Instruments",22.44,+1.45%,6,Sell,"88% Sell",-0.44,+53.91%,25.53,23.73,25.43,22.41,46.85,37.93,-36.73,310060,Weakening,Average,34.52%,0.43,21.81,23.02,52%
PPG,"PPG Industries","Chemical - Specialty",103.96,-1.42%,3,Sell,"88% Sell",-0.47,+4.38%,112.98,110.1,110.83,105.61,38.89,-11.6,-12.65,1957588,Strongest,Average,49.85%,0.72,103.48,107.75,11%
HNNA,"Hennessy Advisors","Finance - Investment Mgmt",10.19,-0.20%,6,Buy,"88% Buy",-0.48,-2.49%,10.07,10.12,10,10.26,48.87,-18.47,-7.96,10666,Weakening,Soft,33.34%,1.26,10.02,10.5,35%
MH,"McGraw Hill Inc",Schools,13.37,0.00%,7,Buy,"80% Buy",-0.53,+7.30%,11.76,12.78,12.2,13.11,56.21,-8.68,-33.08,619253,Strongest,Soft,55.27%,0.57,12.42,13.8,69%
MAGN,"Magnera Corporation","Engineering & R&D Services",11.5,-1.29%,5,Sell,"72% Sell",-0.62,+10.58%,12.23,12.16,11.58,11.68,42.71,-5.4,-38.15,435573,Strengthening,Weak,41.40%,0.92,11.27,12.1,28%
ZWS,"Zurn Elkay Water Solutions Corp","Waste Removal Svcs",46.57,+0.71%,10,Sell,"72% Sell",-0.66,-0.41%,48.3,48.25,48.18,46.65,44.94,-16.39,-13.94,985519,Weakening,Soft,28.71%,0.87,45.44,47.87,47%
SAIA,"Saia Inc","Transportation - Truck",336.75,-1.32%,2,Sell,"88% Sell",-0.80,+6.78%,395.95,350.76,395.1,341.32,44.7,-9.2,-10.98,464991,Strengthening,Strong,43.65%,0.54,326.4,356.24,35%
JOUT,"Johnson Outdoors","Leisure & Recreational Prdcts",42.76,-3.69%,3,Sell,"88% Sell",-0.84,+1.16%,45.51,45.71,46.37,44.25,37.84,-14.82,-13.38,61860,Strongest,Average,51.65%,0.52,43.28,45.23,-27%
TRC,"Tejon Ranch Company","Real Estate Operations",16.35,-0.30%,1,Sell,"72% Sell",-0.88,+4.67%,17.49,16.33,18.09,16.25,50.45,-11.31,-10.43,113560,Weakening,Good,46.88%,0.32,15.9,16.6,64%
SSBI,"Summit State Bank","Banks - West",12.22,-3.48%,5,Sell,"88% Sell",-0.94,+1.76%,13.16,12.75,13.24,12.41,44.89,-14.22,-9.04,6016,Strongest,Average,34.22%,0.63,11.89,12.94,32%
BBDC,"Barings Bdc Inc","Finance - SBIC & Commercial",8.52,-0.12%,4,Sell,"56% Sell",-1.02,+0.83%,8.68,8.94,8.64,8.67,38.85,-15.15,-21.3,711570,Weakening,Minimum,22.14%,0.78,8.44,8.89,17%
VLTO,"Veralto Corporation","Waste Removal Svcs",96.93,+0.47%,4,Sell,"56% Buy",-1.05,-5.77%,92.5,96.63,91.23,95.8,54.68,-21.75,-16.97,1949260,Strengthening,Average,70.35%,0.56,94.18,97.43,85%
SKYW,"Skywest Inc","Transportation - Airline",96.52,-0.22%,5,Sell,"8% Buy",-1.07,-3.74%,97.39,101.03,94.85,98.01,44.9,-19.72,-17.98,360548,Weakest,Minimum,16.45%,0.58,94.07,101.95,31%
FDUS,"Fidus Investment Cor","Finance - SBIC & Commercial",19.06,-0.16%,3,Sell,"8% Buy",-1.23,-2.36%,19.35,19.56,18.98,19.21,43.89,-18.34,-15.35,310698,Weakest,Minimum,41.18%,0.58,18.83,19.6,30%
OMSE,"Oms Energy Technologies Inc","Oil Field Machinery & Equip",4.42,+2.31%,1,Sell,"40% Sell",-1.30,+10.78%,4.4,4.46,4.46,4.39,49.51,-5.2,-13.66,18185,Weakening,Minimum,46.19%,0.37,4.21,4.57,59%
BCC,"Boise Cascade L.L.C.","Building Products - Wood",73.57,-0.88%,6,Sell,"56% Sell",-1.57,-0.43%,75.95,78.68,75.73,75.54,41.08,-16.41,-14.15,398396,Strengthening,Weak,19.40%,0.73,72.81,78.27,14%
HMH,"Hmh Holding Inc","Oil Field Machinery & Equip",19.07,+1.76%,1,Sell,N/A,-1.68,N/A,19.89,19.5,0,18.74,51.11,N/A,N/A,N/A,N/A,N/A,63.14%,0.66,17.4,20.08,62%
WWW,"Wolverine World Wide","Shoes and Related Apparel",19.43,+2.26%,3,Hold,"64% Buy",-1.79,-24.37%,18.53,19.56,17.92,19.23,51.39,-40.35,-7.06,1091943,Average,Weak,29.44%,0.94,18.76,19.69,72%
TOL,"Toll Brothers Inc","Building - Residential & Comm",133.13,-1.07%,4,Sell,"88% Sell",-1.90,+3.42%,144.68,141.58,142.74,135.27,41.21,-12.56,-15.66,1115189,Strongest,Average,27.27%,0.69,132.29,138.25,14%
BLK,"Blackrock Inc","Finance - Investment Mgmt",1082.39,+1.60%,3,Sell,"40% Buy",-1.92,-7.28%,1070.65,1109.05,1051.8,1067.38,50.8,-23.26,-12.98,724865,Average,Weak,55.53%,0.69,1044.21,1090.54,82%
FOR,"Forestar Group Inc","Real Estate Developers",25.65,-1.00%,4,Sell,"56% Sell",-2.07,+0.27%,28.27,27.61,27.53,26.23,40.51,-15.71,-9.97,150915,Strengthening,Average,26.41%,1.04,25.28,27.18,20%
DFIN,"Donnelly Financial Solutions Inc","Internet Software Services",48.46,-3.47%,7,Buy,"72% Buy",-2.09,-6.81%,45.54,48.37,46.15,48.34,50.24,-22.79,-10.32,271295,Weakening,Soft,74.38%,0.89,46.51,50.18,53%
GFL,"Gfl Environmental Inc","Waste Removal Svcs",42.78,+1.06%,4,Hold,"80% Buy",-2.12,-5.31%,39.59,41.9,39.84,42.12,54.59,-21.29,-14.51,2413479,Strengthening,Average,79.28%,0.95,40.9,43.35,77%
SSD,"Simpson Manufacturing Company","Building & Construction - Misc",171.12,-0.48%,4,Sell,"88% Sell",-2.38,+0.97%,187.03,181.7,184.45,173.2,41.01,-15.01,-8.13,285147,Strongest,Good,31.32%,0.86,169.8,176.6,19%
MATV,"Mativ Holdings Inc","Chemical - Specialty",11.6,-2.19%,3,Sell,"40% Buy",-2.52,+11.22%,9.98,11.92,9.63,11.97,43.9,-4.76,-18.64,457936,Weakest,Average,41.07%,0.47,11.49,12.45,12%
BF.B,"Brown Forman Cl B","Beverages - Alcohol",26.39,-0.57%,3,Sell,"40% Sell",-2.53,-3.62%,26.73,27.08,26.6,26.19,49.35,-19.6,-12.84,4019976,Weakest,Minimum,51.49%,0.96,25.77,26.62,73%
CAL,"Caleres Inc","Shoes and Related Apparel",12.09,-2.74%,3,Sell,"56% Sell",-2.55,-8.89%,12.83,12.81,12.48,12.31,44.42,-24.87,-14.77,600753,Strengthening,Weak,54.55%,0.48,11.82,12.79,28%
UG,"United Guardian Inc","Medical Products",7,-1.49%,1,Sell,"24% Sell",-2.58,-7.28%,7.18,7.15,7.02,7.14,43.15,-23.26,-0.47,7753,Strengthening,Minimum,18.93%,1.09,7.01,7.28,-2%
FSS,"Federal Signal Corp","Auto - Domestic",113.57,+0.85%,6,Sell,"40% Sell",-2.75,-3.62%,117.65,118.98,116.03,114.23,45.81,-19.6,-9.52,466671,Average,Weak,42.59%,0.64,110.94,117.53,40%
TIPT,"Tiptree Financial Cl A","Insurance - Brokers",17.25,-0.58%,3,Sell,"40% Sell",-3.12,-6.61%,17.77,17.81,17.44,17.33,43.02,-22.59,-19.69,240116,Weakening,Weak,60.39%,1.18,16.94,17.72,39%
AHCO,"Adapthealth Corp Cl. A","Medical Products",6.06,-0.08%,3,Hold,"64% Sell",-3.14,-32.37%,8.15,6.01,9.3,5.76,54.01,-48.35,-53.27,1850580,Weakening,Strong,84.30%,0.42,5.49,6.03,105%
NNI,"Nelnet Inc","Finance - Consumer Loans",125.26,-0.56%,5,Sell,"100% Sell",-3.19,-2.58%,129.37,127.14,130.47,125.27,47.96,-18.56,-19.9,132079,Strengthening,Good,52.20%,0.59,122.66,127.88,50%
SELF,"Global Self Storage","REIT - Equity Trust Other",4.9,-0.20%,1,Sell,"64% Sell",-3.28,0.00%,5.15,5.17,5.19,4.97,38.6,-15.98,-18.03,29535,Average,Good,32.29%,0.58,4.8,5.13,31%
GLAD,"Gladstone Cap Corp","Finance - SBIC & Commercial",18.81,-0.95%,4,Sell,"32% Sell",-3.64,-4.61%,19.38,19.49,19.05,19.23,38.99,-20.59,-23.06,188826,Weakening,Weak,31.50%,0.6,18.77,19.69,4%
GIII,"G-III Apparel Gp","Textile - Apparel",27.07,+1.12%,3,Sell,"88% Sell",-3.83,+3.36%,32.24,30.59,31.22,27.35,36.78,-12.62,-20.64,558654,Average,Strong,18.08%,0.71,26.5,28.2,33%
JBSS,"John B Sanfilippo","Food - Misc & Diversified",67,-2.03%,2,Sell,"100% Sell",-3.88,+8.12%,77.47,74.07,77.88,67.64,36.57,-7.86,-19.21,103501,Strongest,Strong,59.44%,0.93,66.18,69.1,28%
GGG,"Graco Inc","Machinery - General Industrial",78.21,-0.20%,8,Sell,"40% Sell",-4.26,-4.42%,77.28,79.08,79.33,77.54,51.42,-20.4,-18.7,1379673,Weakening,Weak,52.59%,0.84,75.89,79.19,70%
FWONA,"Liberty Media Formula One Sr A","Media Conglomerates",86.67,-1.03%,1,Sell,"24% Buy",-4.38,-9.08%,88.03,89.87,85.39,86.41,46.94,-25.06,-17.14,160590,Weakest,Weak,76.45%,0.9,83.76,89.07,55%
ENSG,"The Ensign Group IN","Medical - Nursing Homes",171.8,+0.18%,4,Sell,"56% Sell",-4.46,-2.35%,171.13,175.95,178.82,173.59,46.29,-18.33,-15.49,507525,Weakening,Weak,24.00%,0.61,169.13,178.05,30%
DRVN,"Driven Brands Holdings Inc","Retail - Wholesale Auto Parts",11.72,-0.42%,4,Sell,"100% Sell",-4.70,-18.21%,13.31,12.65,13,12,40.13,-34.19,-35.03,1371857,Strongest,Average,30.23%,0.81,11.41,12.58,27%
CKX,"Ckx Lands","Real Estate Operations",10.425,+0.24%,3,Hold,"40% Sell",-4.85,-4.88%,10.82,10.79,10.79,10.68,45.25,-20.86,-0.18,6049,Strengthening,Minimum,16.99%,0.9,10.24,11.13,21%
CULP,"Culp Inc","Textile - Home Furnishings",3.67,+1.10%,1,Buy,"96% Buy",-4.85,-14.45%,3.4,3.53,3.29,3.67,52.09,-30.43,-11.02,50701,Strengthening,Average,38.38%,0.29,3.48,3.86,50%
DSGX,"Descartes Sys Group","Computer - Software",82.82,+1.81%,7,Buy,"100% Buy",-4.91,-14.72%,75.28,78.54,73.89,79.85,60.02,-30.7,-19.63,606119,"Top 1%",Average,70.16%,0.66,77.5,82.19,113%
BTG,"B2Gold Corp","Mining - Gold",5.25,+2.54%,3,Sell,"56% Buy",-5.41,+3.55%,4.66,5.2,4.68,5.28,50.37,-12.43,2.3,29908846,Average,Average,24.01%,0.63,5,5.55,45%
MRCY,"Mercury Sys Inc","Aerospace - Defense Equipment",79.49,+1.24%,4,Sell,"88% Sell",-5.41,-1.82%,99.2,91,93.36,83.13,37.72,-17.8,-5.23,665747,Strengthening,Average,15.43%,0.42,78.28,87.98,13%
FWONK,"Liberty Media Formula One Sr C","Media Conglomerates",94.04,-1.08%,1,Sell,"8% Buy",-5.62,-10.34%,95.81,98,92.99,94.34,45.17,-26.32,-18.65,2052832,Weakening,Minimum,66.34%,1.06,91.66,97.01,44%
CPK,"Chesapeake Utilities Corp","Utility - Gas Distribution",127.75,-0.32%,3,Sell,"24% Sell",-5.70,-7.89%,129.07,131.6,128.49,128.67,45.04,-23.87,-11.71,159560,Average,Minimum,40.86%,0.41,125.15,132.19,37%
EBS,"Emergent Biosolutions","Medical - Biomedical",7.06,+3.67%,6,Buy,"40% Sell",-5.78,-29.68%,7.09,6.1,7.5,6.75,57.55,-45.66,-56.99,961747,Weakest,Weak,52.50%,0.65,6.25,7.26,80%
SHW,"Sherwin-Williams Company","Chemical - Specialty",319.36,-0.52%,9,Sell,"56% Sell",-5.79,-4.16%,329.79,337.15,327.22,322.91,43.39,-20.14,-15.55,1921912,Average,Weak,28.89%,0.53,314.26,331.57,29%
CNNE,"Cannae Holdings Inc","Finance - Investment Mgmt",15.5,-2.52%,5,Buy,"96% Buy",-5.83,-16.17%,14.88,15.34,14.08,15.5,50.36,-32.15,-15.57,541431,Weakening,Average,63.08%,0.58,15.07,15.92,50%
STRR,"Star Equity Holdings Inc","Conglomerates - Div Operations",10.32,+5.09%,3,Sell,"72% Sell",-5.88,-8.35%,10.68,10.35,10.36,10.04,54.5,-24.33,-22.38,6723,Weakening,Soft,56.26%,2.31,9.58,10.5,81%
CCC,"CCC Intelligent Solutions Hldgs Inc","Internet - Software",7.02,+6.85%,4,Sell,"56% Buy",-5.91,-24.68%,6.03,6.88,5.84,6.64,58.57,-40.66,-25.81,11310523,Strengthening,Average,42.89%,1.92,6.34,6.93,115%
MDU,"Mdu Res Group Inc","Utility - Gas Distribution",18.74,-0.37%,1,Sell,"88% Sell",-6.02,+0.11%,20.34,19.51,20.75,18.65,43.29,-15.87,-18.11,1774993,Strongest,Strong,74.07%,0.63,18.38,18.92,66%
SMP,"Standard Motor Products","Auto - Truck Replacement Parts",36.67,-1.13%,1,Sell,"88% Sell",-6.23,-5.27%,38.45,38.22,37.98,37.37,40.66,-21.25,-14.6,138643,Strongest,Soft,26.09%,0.54,36.65,38.09,1%
CSL,"Carlisle Companies Inc","Conglomerates - Div Operations",320.36,-0.28%,2,Sell,"100% Sell",-6.37,-0.61%,346.42,346.39,346.57,323.04,42.71,-16.59,-13.95,471320,Strongest,Good,36.36%,0.62,313.58,332.51,36%
ISBA,"Isabella Bank Corp","Banks - Northeast",37.29,-3.04%,3,Sell,"100% Sell",-6.47,+0.95%,39.86,39.19,41.39,38.14,41.48,-15.03,-39.53,44584,Strongest,Average,53.82%,0.32,36.97,39.3,14%
WDAY,"Workday Inc","Internet - Software",186.59,-0.65%,4,Hold,"64% Buy",-6.56,-21.67%,162.4,189.2,150.54,189.7,48.05,-37.65,-27.24,4638284,Average,Average,29.76%,0.53,182.97,196.44,27%
AQST,"Aquestive Therapeutics Inc","Medical - Drugs",4.78,+0.42%,1,Sell,"88% Buy",-6.71,-28.55%,4.39,4.65,4.31,4.7,52.77,-44.53,-40.12,2949091,Strongest,Soft,43.38%,0.59,4.46,4.95,66%
LYTS,"L S I Industries","Building Products - Ltg FX",20.65,+1.03%,10,Sell,"80% Sell",-6.75,-5.79%,22.99,21.53,22.29,20.65,46.97,-21.77,-1.39,349922,Strengthening,Average,46.19%,0.71,19.97,21.33,50%
ATEC,"Alphatec Holdings","Medical Instruments",10.67,+3.09%,3,Buy,"40% Buy",-7.00,-22.46%,9.19,9.82,9.67,10.31,58.78,-38.44,-63.4,2855847,Strengthening,Minimum,59.98%,0.71,9.78,10.85,83%
NOW,"Servicenow Inc","IT Services",140.86,+0.79%,3,Hold,"96% Buy",-7.02,-23.27%,118.83,132.22,112.33,137.35,57.64,-39.25,-22.16,21338504,Strongest,Average,81.49%,0.42,130.99,143.7,78%
BDC,"Belden Inc","Communications Components",109.15,+1.12%,2,Sell,"56% Sell",-7.07,-4.30%,114.34,119.09,115.96,110.99,43.73,-20.28,-20.46,429690,Average,Weak,29.93%,0.44,107.28,114.71,25%
IT,"Gartner Inc",Consulting,191.15,-2.18%,5,Buy,"88% Buy",-7.08,-21.82%,165.77,185.9,161.88,187.32,54.52,-37.8,-38.34,1450617,Strongest,Average,52.17%,0.58,176.87,197.77,68%
HY,"Hyster-Yale Inc","Machinery - Construct & Mining",32.34,-0.46%,3,Sell,"88% Sell",-7.22,-8.51%,34.08,33.73,34.44,32.32,47.95,-24.49,-5.26,101652,Strongest,Average,77.10%,0.95,30.44,34.19,51%
AWX,"Avalon Holdings Corp","Pollution Controls",2.47,-4.26%,4,Sell,"56% Sell",-7.33,-6.08%,2.58,2.63,2.57,2.56,40.6,-22.06,-22.29,19196,Strengthening,Soft,41.30%,0.12,2.45,2.66,9%
SONY,"Sony Group Corp ADR","Audio & Video Products",24.12,+0.71%,3,Hold,"80% Buy",-7.45,-19.17%,22.48,23.72,21.96,23.63,56.36,-35.15,-19.89,5558301,Strongest,Average,78.56%,0.78,22.98,24.29,87%
SNDX,"Syndax Pharma","Medical - Biomedical",16.99,+0.53%,1,Sell,"100% Sell",-7.51,+4.88%,19.71,19,20.74,17.8,37.45,-11.1,-33.24,1589210,Strongest,Strong,17.38%,0.92,16.82,18.78,9%
CARR,"Carrier Global Corp","Building Prdcts - Air Heating",55.56,-0.48%,2,Sell,"72% Sell",-7.52,-4.37%,63.39,58.6,62.51,55.31,44.36,-20.35,-8.96,6682855,Strengthening,Good,58.63%,0.72,53.8,56.83,58%
CRNT,"Ceragon Networks Ltd","Wireless Non-US",2.16,+3.85%,6,Hold,"56% Sell",-7.57,-11.11%,2.34,2.12,2.36,2.1,54.7,-27.09,-11.25,529590,Weakest,Average,56.67%,1.41,2,2.2,80%
BFS,"Saul Centers","REIT - Equity Trust Retail",30,+0.94%,1,Sell,"88% Sell",-7.60,-1.93%,34.11,32.16,33.96,30.11,37.53,-17.91,-18.96,86464,Average,Strong,32.25%,2.12,29.39,30.83,42%
BEAM,"Beam Therapeutics Inc","Medical - Biomedical",25.7,+4.47%,6,Sell,"72% Sell",-7.61,-7.79%,28.63,26.52,28.33,24.63,51.52,-23.77,-21.4,2021178,Weakening,Average,49.29%,0.99,23.23,26.04,88%
ZLAB,"Zai Lab Ltd ADR","Medical - Biomedical",24.99,+0.73%,5,Hold,"80% Buy",-7.65,-23.58%,21.75,24.87,21.29,25.46,48.28,-39.56,27.56,850836,Average,Average,39.34%,1.02,24.19,26.73,32%
IIIN,"Insteel Industries","Steel - Specialty",29.5,0.00%,2,Sell,"72% Sell",-7.70,-22.53%,29.97,30.65,30.03,29.62,45.04,-38.51,-20.96,220480,Strengthening,Weak,46.83%,0.67,28.9,30.34,42%
CING,"Cingulate Inc","Medical - Biomedical",4.89,+0.20%,2,Sell,"72% Sell",-7.76,+12.41%,4.93,5.11,5.34,4.97,45.4,-3.57,-1.44,377969,Weakening,Weak,34.50%,0.23,4.66,5.29,37%
NDRA,"Endra Life Sciences Inc","Medical Instruments",5.46,-7.93%,3,Buy,"88% Buy",-7.85,-19.82%,5.18,5.33,5,5.9,44.74,-35.8,6.42,55767,Average,Average,37.59%,0.63,5.28,6.53,14%
XBIT,"Xbiotech Inc","Medical - Biomedical",2.29,+4.09%,6,Hold,"56% Sell",-8.09,-11.92%,2.29,2.23,2.33,2.18,64.36,-27.9,-18.29,37549,Weakest,Weak,76.67%,2.19,2.13,2.24,144%
COGT,"Cogent Biosciences Inc","Medical - Biomedical",31,+3.06%,2,Sell,"100% Sell",-8.27,+91.48%,35.69,35.04,35.7,31.69,39.47,75.5,-26.84,2155104,Average,Average,33.59%,1.3,29.84,33.53,31%
UHS,"Universal Health Services","Medical - Hospitals",177.35,+0.93%,5,Buy,"40% Buy",-8.36,-12.03%,162.58,173.97,168.14,176.96,54.22,-28.01,-32.76,840591,Strengthening,Weak,19.52%,0.57,172.44,181.47,54%
REYN,"Reynolds Consumer Products Inc","Consumer Prdts - Misc Discr",22.01,+0.14%,5,Sell,"56% Sell",-8.42,-8.29%,24,23.57,23.12,22.05,42.95,-24.27,-18.08,1187349,Weakening,Soft,40.71%,0.68,21.52,22.58,46%
VNO,"Vornado Realty Trust","REIT - Equity Trust Other",33.63,-0.53%,3,Sell,"24% Sell",-8.49,-14.86%,37,36.56,34.03,34.27,37.8,-30.84,-13.06,1752153,Weakening,Minimum,21.74%,0.58,32.98,35.55,25%
CVGI,"Commercial Vehicle G","Auto - Truck Original Parts",2.87,-0.35%,2,Sell,"88% Sell",-8.51,+71.86%,4.04,3.19,4.01,2.97,36.25,55.88,85.2,648610,Strengthening,Average,28.29%,0.44,2.85,3.1,8%
BLZE,"Backblaze Inc Cl A","Internet - Software",12.69,-2.31%,6,Sell,"24% Buy",-8.57,+27.03%,13.22,15.1,10.32,13.55,39.43,11.05,158.21,2041005,Weakest,Soft,21.20%,0.39,12.58,14.52,5%
ATAT,"Atour Lifestyle Holdings ADR","Leisure & Recreation Services",33.07,+4.62%,1,Sell,"72% Sell",-8.68,-7.50%,33.42,33.69,34.64,32.34,52.73,-23.48,-30.18,1065409,Weakest,Average,37.18%,0.83,31.4,33.29,89%
FOXF,"Fox Factory Corp","Auto - Domestic",18.05,-2.43%,2,Sell,"24% Sell",-8.68,-22.03%,18.83,19.86,18.19,18.8,38.09,-38.01,-8.62,592031,Average,Weak,34.62%,0.46,17.99,19.61,4%
SAP,"SAP Ag ADR","Computer - Software",214.78,+1.12%,3,Buy,"88% Buy",-8.93,-22.12%,188.25,210.06,183.7,211.2,58.14,-38.1,-25.69,2915911,Strongest,Average,77.66%,1.02,205.94,216.47,84%
BWMN,"Bowman Consulting Group Ltd","Business Services",42.7,-0.19%,8,Buy,"100% Buy",-9.19,-0.09%,35.05,40.69,33.58,42.59,75.81,-16.07,15.21,211945,Average,Strong,72.50%,1.84,42.36,42.83,73%
TLF,"Tandy Leather Fctry","Retail - Apparel & Shoes",2.49,+0.20%,3,Sell,"24% Buy",-9.43,-17.28%,2.46,2.55,2.42,2.57,42.9,-33.26,-23.23,35074,Weakest,Minimum,37.51%,0.05,2.43,2.7,22%
GOLF,"Acushnet Holdings Corp","Leisure & Recreational Prdcts",79.18,+0.05%,2,Sell,"88% Sell",-9.53,-1.86%,94.96,87.01,94.56,82.35,29,-17.84,-14.91,354455,Strongest,Strong,12.67%,1.06,79.48,85.22,-5%
BNTX,"Biontech Se ADR","Medical - Biomedical",96.96,+5.32%,3,Sell,"8% Sell",-9.64,-7.20%,95.09,98.9,94.96,97.43,48.26,-23.18,-12.26,1085635,Weakest,Minimum,23.40%,1.03,93.73,101.13,44%
SVV,"Savers Value Village Inc","Textile - Apparel",9.23,-0.54%,1,Sell,"24% Sell",-9.73,-28.39%,9.79,10.11,9.2,9.26,41.84,-44.37,-15.29,1183592,Weakening,Minimum,55.26%,0.7,8.93,9.59,45%
CXDO,"Crexendo Inc","Internet - Services",5.88,-0.68%,7,Sell,"72% Sell",-9.77,-6.37%,7.05,6.15,7.07,5.85,45.19,-22.35,-23.23,357183,Strengthening,Average,54.76%,0.46,5.6,6.09,57%
BWEN,"Broadwind Energy Inc","Machinery - General Industrial",3.87,+0.26%,5,Sell,"8% Buy",-9.79,+74.32%,4.35,4.37,3.71,4.15,38.33,58.34,22.64,490428,Weakest,Weak,11.75%,0.13,3.84,4.46,6%
ALLE,"Allegion Plc","Protection - Safety",150.48,+0.33%,5,Sell,"24% Buy",-9.84,-14.23%,147.24,157.67,145.29,153.27,42.6,-30.21,-19.6,1073641,Weakest,Weak,48.77%,0.67,149.35,157.19,14%
MCFT,"Mastercraft Boat Holdings Inc","Leisure & Recreational Prdcts",19.36,-0.72%,1,Sell,"88% Sell",-9.86,-4.63%,23.11,22.38,22.79,19.83,37.01,-20.61,-11.73,167152,Strengthening,Strong,19.92%,0.58,19.07,20.58,19%
RMD,"Resmed Inc","Medical Products",230.05,+1.46%,4,Hold,"32% Buy",-10.11,-17.21%,212.17,225.19,215.31,223.91,60.44,-33.19,-18.6,1275278,Average,Weak,81.83%,0.74,217.71,230.12,99%
UMAC,"Unusual Machines Inc","Wireless Equipment",20.83,-2.62%,2,Sell,"8% Buy",-10.15,+36.59%,23.12,24.57,20.49,22.98,40.35,20.61,49.39,4581214,Weakening,Weak,15.66%,0.69,20.71,25.24,3%
GTN,"Gray Media Inc","Broadcast - Radio & TV",4.54,-6.00%,3,Sell,"8% Sell",-10.19,-11.50%,4.35,4.74,4.57,4.63,44.89,-27.48,-20.31,1283840,Weakening,Minimum,66.10%,0.89,4.39,4.87,31%
NTLA,"Intellia Thera CS","Medical - Biomedical",13.07,+3.73%,6,Buy,"8% Sell",-10.23,-48.66%,12.94,12.18,13.17,12.13,58.13,-64.64,31.27,5121001,Weakening,Minimum,59.01%,1.88,11.26,13.01,103%
EPAC,"Actuant Corp","Machinery - Tools & Related",34.93,+0.06%,4,Sell,"72% Sell",-10.28,-10.41%,35.57,36.29,35.59,35.37,42.17,-26.39,-22.77,432741,Strengthening,Soft,33.33%,0.85,34.44,36.3,26%
CRNC,"Cerence Inc","IT Services",8.43,+1.08%,3,Hold,"48% Sell",-10.59,-27.76%,9.32,8.32,8.93,8.05,55.99,-43.74,-35.25,864584,Weakest,Weak,92.85%,1.14,7.64,8.47,96%
STE,"Steris Corp","Medical Instruments",214.4,+1.73%,2,Sell,"56% Sell",-10.59,-10.45%,217.79,222.49,218.08,209.72,51.5,-26.43,-29.54,754102,Weakest,Soft,76.04%,0.88,205.71,213.74,108%
ARKO,"Arko Corp","Consumer Prdts - Misc Staple",4.11,-0.24%,3,Sell,"88% Sell",-11.11,+7.59%,6.31,4.79,6.22,4.24,34.18,-8.39,-23.58,831196,Strengthening,Strong,45.61%,0.9,4.01,4.47,21%
BANF,"Bancfirst Corp","Banks - Southwest",106.18,-0.67%,3,Sell,"88% Sell",-11.30,-14.52%,111.88,110.64,111.41,107.85,40.89,-30.5,-13.96,144182,Strengthening,Average,36.28%,0.72,104.64,111.07,24%
FEDU,"Four Seasons Education Cayman Inc ADR",Schools,11.1879,+7.47%,5,Buy,"8% Buy",-11.32,-16.20%,9.78,9.45,10.74,9.8,61.96,-32.18,-20.49,6279,Average,Minimum,43.92%,6.34,8.63,10.97,109%
FUTU,"Futu Holdings Ltd ADR","Finance - Misc Services",113.71,+4.55%,2,Sell,"24% Sell",-11.34,-34.65%,106.3,112.62,120.4,110.6,53.1,-50.63,-44.86,2064830,Weakest,Weak,60.30%,1.13,105.03,116.16,78%
XLO,"Xilio Therapeutics Inc","Medical - Biomedical",9.05,+0.44%,3,Sell,"56% Buy",-11.48,-22.89%,8.88,9.07,8.63,9.01,51.79,-38.87,-13.14,33856,Strengthening,Weak,29.78%,0.51,8.91,9.12,66%
MTZ,"Mastec Inc","Building - Heavy Construction",212.65,-1.85%,2,Sell,"88% Sell",-11.50,+1.22%,305.4,242.4,322.93,217.15,40.43,-14.76,-16.28,1170188,Strongest,Strong,47.54%,1.14,204.17,230.13,33%
UTSI,"Utstarcom Holdings C","Communications Components",2.26,0.00%,3,Hold,"80% Sell",-11.50,-7.76%,2.47,2.35,2.47,2.28,46.75,-23.74,-25.13,105941,Strengthening,Good,51.22%,0.46,2.13,2.42,44%
GEG,"Great Elm Group Inc","Conglomerates - Div Operations",2.16,+0.47%,2,Hold,"24% Sell",-11.62,-12.55%,2.2,2.17,2.14,2.16,48.8,-28.53,-29.4,22549,Weakest,Minimum,23.81%,0.2,2.14,2.18,55%
HRZN,"Horizon Technology F","Finance - SBIC & Commercial",4.59,+0.11%,3,Sell,"24% Sell",-11.63,-23.71%,4.58,4.72,4.48,4.62,46.21,-39.69,-43.02,838570,Weakest,Minimum,44.15%,0.41,4.46,4.79,39%
NGVC,"Natural Grocers By Vitamin Cottage Inc","Food Items - Wholesale",29.68,-1.33%,5,Buy,"40% Buy",-11.68,-23.84%,30.06,29.07,28.95,30.02,50.02,-39.82,4.37,154417,Weakest,Weak,23.02%,0.56,28.89,31.16,35%
TWI,"Titan International","Auto - Truck Original Parts",6.95,+1.91%,1,Hold,"96% Sell",-11.79,-8.19%,7.33,7.13,7.46,7.04,46.32,-24.17,-25.35,715250,Strengthening,Average,30.84%,1.04,6.69,7.4,37%
TASK,"Taskus Inc Cl A","IT Services",8.14,+1.62%,5,Hold,"48% Buy",-11.83,-44.59%,6.69,7.78,6.98,8.17,53.04,-60.57,-45.07,606049,Strengthening,Weak,38.06%,0.37,7.75,8.59,47%
KRC,"Kilroy Realty Corp","REIT - Equity Trust Other",34.25,+0.18%,2,Sell,"40% Sell",-11.90,-15.39%,36.65,35.73,34.7,34.09,45.43,-31.37,-22.46,1735727,Weakest,Weak,63.11%,0.81,33.18,34.99,59%
NAAS,"Nass Technology Inc ADR","Electrical Power",3.05,+0.61%,3,Sell,"8% Buy",-11.96,-23.25%,3.19,3.23,2.91,3.18,43.2,-39.23,-23.73,14620,Weakest,Minimum,16.99%,0.81,2.93,3.42,25%
TR,"Tootsie Roll Industries","Food - Confectionery",37.48,-0.29%,3,Sell,"88% Sell",-12.08,-13.04%,38.81,39.13,39.94,37.73,42.88,-29.02,-11.79,165837,Strengthening,Average,30.25%,0.7,36.98,38.48,34%
STRT,"Strattec Security","Auto - Truck Original Parts",63.73,-0.89%,1,Sell,"100% Sell",-12.46,-5.82%,76.92,74.06,76.43,66.65,29.7,-21.8,-30.41,80269,Strongest,Strong,14.33%,0.52,63.33,69.97,6%
PRTA,"Prothena Corp","Medical - Biomedical",8.84,+2.67%,2,Sell,"88% Sell",-12.71,-14.17%,8.97,8.87,9.33,8.51,53.01,-30.15,-21.54,510260,Weakening,Average,61.54%,2.02,8.03,8.99,84%
SPCB,"Supercom Ltd","Protection - Safety",9.11,+2.82%,2,Sell,"56% Sell",-12.89,-18.52%,10.56,10.14,10.02,9.44,38.9,-34.5,-13.45,77642,Average,Weak,25.84%,0.57,8.81,10.07,23%
DORM,"Dorman Products Inc","Auto - Truck Replacement Parts",120.4,-1.04%,2,Sell,"56% Sell",-12.93,-15.78%,129.73,128.55,122.92,123.13,37.73,-31.76,-16.37,253295,Strengthening,Weak,38.50%,0.9,119.68,126.59,10%
ATMU,"Atmus Filtration Technologies Inc","Auto - Truck Original Parts",42.81,+0.45%,4,Sell,"100% Sell",-13.00,-3.41%,48.86,47.47,52.02,44.44,36.12,-19.39,-31.64,896292,Strongest,Strong,29.30%,0.77,42.64,46.25,5%
GXO,"Gxo Logistics Inc","Transportation - Air Freight",46.56,+0.43%,4,Sell,"88% Sell",-13.02,-13.34%,48.6,46.79,50.21,45.79,52.29,-29.32,-25.66,1344060,Weakening,Good,76.73%,0.41,44.23,47.34,75%
KAI,"Kadant Inc","Engineering & R&D Services",260.43,-0.05%,1,Sell,"100% Sell",-13.08,-9.05%,300.37,294.5,304.58,267.03,35.38,-25.03,-22.74,154508,Strengthening,Maximum,19.77%,0.95,256.98,277.08,17%
WMS,"Advanced Drainage Systems Inc","Building & Construction - Misc",125.79,-0.33%,4,Sell,"100% Sell",-13.08,-8.70%,138.82,135.47,140.37,127.91,40.35,-24.68,-27.26,810057,Strongest,Strong,24.73%,1,123.75,132.06,25%
TNC,"Tennant Company","Machinery - General Industrial",65.93,-0.02%,1,Sell,"88% Sell",-13.25,-17.28%,78.19,70.02,77.07,67.12,39.37,-33.26,-24.65,211405,Strengthening,Strong,24.63%,0.47,65.22,69.01,19%
OFLX,"Omega Flex Inc","Steel - Pipe & Tube",26.32,+0.27%,6,Sell,"88% Sell",-13.30,-10.78%,28.7,27.17,29.42,25.93,50.46,-26.76,-24.71,42300,Average,Strong,63.38%,1.17,25.1,26.76,74%
LMAT,"Lemaitre Vascular","Medical Products",80.69,+1.32%,7,Sell,"88% Sell",-13.46,-7.59%,89.68,82.11,96.25,80.47,48.5,-23.57,-14.62,272428,Weakening,Strong,32.08%,0.37,78.13,82.81,55%
DHI,"D.R. Horton","Building - Residential & Comm",134.88,-0.69%,6,Sell,"100% Sell",-13.63,-10.91%,146.81,142.87,146.01,138.16,42.74,-26.89,-20.46,2666124,Strongest,Strong,20.01%,0.91,132.68,143.64,20%
RPM,"RPM International Inc","Chemical - Specialty",97.73,-1.71%,6,Sell,"88% Sell",-13.70,-11.84%,105.49,104.96,104.18,99.22,41.82,-27.82,-20.14,1065981,Strongest,Good,48.79%,1.1,96.67,101.76,21%
LNN,"Lindsay Corp","Machinery - Farm",112.02,-2.25%,2,Sell,"72% Sell",-13.84,-17.86%,115.17,115.54,114.46,114.75,41.24,-33.84,-19.07,151456,Strengthening,Weak,44.54%,1.09,110.73,118.78,16%
ORLY,"O'Reilly Automotive","Retail - Wholesale Auto Parts",86.45,+0.51%,2,Sell,"88% Sell",-14.30,-13.31%,88.17,87.96,89.53,85.33,51.86,-29.29,-19.33,6399130,Weakening,Good,61.61%,0.55,83.26,87.4,77%
APLM,"Apollomics Inc Cl A","Medical - Biomedical",21.5,-1.29%,4,Sell,"56% Buy",-14.46,+16.64%,19.69,22.58,18.64,23.11,41.91,0.66,0.89,16043,Weakening,Soft,13.12%,0.49,21.24,24.99,7%
VNT,"Vontier Corp","Technology Services",32.24,+0.12%,4,Hold,"16% Sell",-14.54,-18.61%,30.99,32.49,32.35,31.71,52.97,-34.59,-27.4,1427964,Weakest,Weak,72.97%,0.62,30.74,32.68,77%
AYI,"Acuity Inc","Technology Services",298.34,-0.70%,2,Sell,"40% Sell",-14.61,-17.28%,323.63,326.86,309.33,305,39.3,-33.26,-31.25,392749,Average,Weak,24.75%,1,294.22,315.79,19%
NSSC,"Napco Sec Tech Inc","Protection - Safety",36.14,+2.79%,4,Sell,"72% Sell",-15.16,-15.74%,36.77,36.92,38.57,35.86,50.63,-31.72,-27.44,469332,Weakening,Soft,43.60%,0.58,35.07,36.65,68%
WAY,"Waystar Holding Corp","Internet - Software",26.68,+0.76%,3,Buy,"88% Buy",-15.18,-28.72%,22.83,24.96,22.95,25.69,58.84,-44.7,-32.64,2532744,Strongest,Soft,80.15%,0.56,24.27,27.12,85%
WTF,"Waton Financial Ltd","Finance - Misc Services",2.67,+13.62%,4,Sell,"88% Sell",-15.32,-55.05%,2.87,2.7,3.18,2.48,54.62,-71.03,-33.2,47654,Weakening,Average,38.74%,4.99,2.27,2.69,96%
SUPN,"Supernus Pharm","Medical - Generic Drugs",42.67,+1.26%,6,Sell,"100% Sell",-15.46,-13.82%,45.39,44.33,47.01,42.73,46.53,-29.8,-28.25,736232,Strengthening,Strong,37.89%,0.8,41.06,44.39,48%
HOV,"Hovnanian Enterprises Inc","Building - Residential & Comm",105.8,-3.82%,7,Sell,"56% Sell",-15.55,-13.33%,122.96,121.95,118.41,114.08,36.21,-29.31,-5.64,117230,Strengthening,Soft,18.13%,0.79,107.98,120.17,-18%
FGBI,"First Gurty Banc","Banks - Southeast",8.34,-1.65%,8,Sell,"72% Sell",-15.57,-10.52%,9.18,8.53,9.12,8.32,49.27,-26.5,41.2,27943,Strengthening,Soft,57.00%,0.55,7.8,8.85,52%
AWI,"Armstrong World Industries Inc","Building & Construction - Misc",161.87,-0.75%,1,Sell,"72% Sell",-15.70,-16.85%,164.41,171.02,165.69,162.18,42.71,-32.83,-29.41,466268,Strengthening,Weak,43.27%,0.82,158.63,165.73,46%
ATHM,"Autohome Inc ADR","Internet - Services",20.67,+1.47%,1,Sell,"40% Buy",-15.87,-25.70%,20.45,21.85,19.73,21.07,40.26,-41.68,-21.25,688351,Weakest,Weak,31.89%,0.61,20.36,21.77,22%
AIRI,"Air Industries Group Inc","Aerospace - Defense",2.7,+3.85%,4,Hold,"48% Sell",-15.96,-16.67%,2.76,2.6,2.89,2.62,54.9,-32.65,-26.16,83406,Weakest,Good,62.47%,0.1,2.5,2.75,81%
DAIO,"Data I O Corp","Electronics - Misc Components",2.91,+2.11%,4,Hold,"56% Sell",-16.03,-12.61%,3.24,2.91,3.03,2.87,51.04,-28.59,-22.31,45916,Weakening,Weak,32.61%,0.96,2.75,2.99,65%
RMCO,"Royalty Management Holding Corp","Finance - Investment Mgmt",2.51,+0.40%,1,Sell,"88% Sell",-16.09,-21.07%,2.57,2.71,2.73,2.56,41.61,-37.05,-32.88,26480,Average,Soft,13.54%,0.9,2.45,2.66,28%
AUNA,"Auna Sa Cl A","Medical Services",5.12,+0.39%,4,Sell,"16% Buy",-16.20,-22.19%,5.04,5.19,5.15,5.1,50.1,-38.17,-10.04,305828,Weakest,Minimum,44.44%,0.61,4.97,5.23,57%
TDG,"Transdigm Group Inc","Aerospace - Defense Equipment",1107.99,+1.72%,2,Sell,"88% Sell",-16.55,-13.13%,1212.08,1162.06,1207.29,1097.8,46.32,-29.11,-30.79,387798,Average,Strong,40.66%,0.68,1074.43,1121.17,72%
ADAG,"Adagene Inc ADR","Medical - Biomedical",2.76,-0.72%,2,Sell,"72% Sell",-16.70,+41.54%,3.62,3.49,3.67,3.04,35.69,25.56,31.92,238160,Strongest,Average,15.50%,5.84,2.66,3.43,13%
ALH,"Alliance Laundry Holdings Inc","Retail - Home Furniture",21.27,+0.14%,5,Sell,"88% Sell",-16.80,-14.30%,24.4,23.2,23.93,21.42,40.38,-30.28,-9.59,981916,Strengthening,Strong,35.43%,1.17,20.95,21.9,34%
BMI,"Badger Meter","Industrial Controls",131.38,+2.91%,4,Sell,"72% Sell",-17.18,-24.33%,132.81,131.22,134.37,128.1,54.67,-40.31,-38.78,468116,Weakest,Weak,44.75%,1.45,122.22,133.97,78%
LBTYB,"Liberty Global Ltd Ord B","Cable TV",12.19,-1.53%,5,Buy,"72% Sell",-17.39,+8.94%,13.45,12.51,13.3,12.45,45.56,-7.04,-10.94,22913,Strengthening,Weak,46.29%,0.74,11.94,12.97,24%
MKTX,"Marketaxess Holdings","Finance - Investment Brokers",164.58,+0.16%,12,Buy,"88% Buy",-17.44,-4.44%,141.96,163.1,149.53,163.82,79.5,-20.42,-23.31,738589,Strengthening,Average,89.66%,0.43,163.03,164.61,98%
RPAY,"Repay Holdings Corp Cl A","Financial Transaction Services",3.87,0.00%,7,Sell,"88% Buy",-17.44,-20.21%,3.76,3.8,3.58,3.82,53.41,-36.19,-8.08,973583,Strengthening,Soft,62.10%,0.37,3.64,4,63%
SRTS,"Sensus Healthcare Inc","Medical Instruments",2.95,-0.67%,3,Sell,"88% Sell",-17.44,-13.24%,3.03,3.1,3.36,3.01,43.58,-29.22,-39.99,60437,Average,Average,23.33%,0.42,2.88,3.15,27%
NUCL,"Eagle Nuclear Energy Corp","Other Alt Energy",5.73,-5.29%,1,Sell,N/A,-17.72,N/A,7.66,6.72,8,6.18,35.31,N/A,N/A,N/A,N/A,N/A,28.01%,0.7,5.88,6.47,-26%
BUDA,"Buda Juice Inc","Beverages - Soft",7.6,+1.47%,2,Sell,N/A,-17.82,N/A,8.45,8.06,8.87,7.69,46.84,N/A,N/A,N/A,N/A,N/A,22.50%,0.38,7.06,8.32,43%
AS,"Amer Sports Inc","Leisure & Recreational Prdcts",28.14,+2.51%,2,Sell,"88% Sell",-17.95,-13.26%,32.61,30.22,33.16,27.26,49.63,-29.24,-38.77,4976066,Weakening,Maximum,64.18%,0.59,26.38,28.14,100%
OEC,"Orion S.A.","Chemical - Specialty",5.77,-0.86%,4,Sell,"88% Sell",-18.09,-16.13%,6.51,6.12,6.52,5.83,45.11,-32.11,-4.83,591815,Average,Soft,46.59%,0.7,5.6,6.06,38%
AERO,"Grupo Aeromexico S.A.B. ADR","Aerospace - Defense",15.57,-1.33%,6,Buy,"56% Sell",-18.10,N/A,15.93,15.38,15.58,15.62,49.76,N/A,-43.21,363039,Weakening,Soft,58.47%,1.78,14.58,16.66,48%
LEVI,"Levi Strauss & Company Cl A","Retail - Apparel & Shoes",18.7,-1.84%,3,Sell,"88% Sell",-18.21,-23.80%,22.45,21.14,21.87,19.77,30.65,-39.78,-23.95,2770467,Strongest,Strong,20.04%,2.93,19,20.54,-20%
RDDT,"Reddit Cl A","Internet - Software",159.91,+2.20%,3,Hold,"48% Sell",-18.49,-24.46%,164.78,154.04,159.18,152.45,56.71,-40.44,-44.54,5312055,Weakest,Weak,72.11%,0.81,141.56,163.33,84%
AI,"C3.Ai Inc Cl A","IT Services",11.53,+1.68%,6,Buy,"88% Buy",-18.70,-39.06%,10.03,10.48,9.63,10.9,64.84,-55.04,-28.58,5868182,Strongest,Average,85.56%,0.93,10.28,11.53,100%
DRS,"Leonardo Drs Inc","Aerospace - Defense Equipment",36.24,+1.03%,6,Sell,"88% Sell",-18.81,-18.03%,42.51,39.44,43,36.81,38.32,-34.01,-7.8,1057734,Average,Strong,19.71%,1.32,35.72,37.91,24%
IDXX,"Idexx Laboratories","Medical Instruments",518,+0.95%,8,Sell,"88% Sell",-18.96,-17.61%,548.14,539.43,555.32,517.23,46.88,-33.59,-37.54,562753,Weakening,Average,32.05%,0.84,503.21,531.25,53%
UTZ,"Utz Brands Inc","Food - Misc & Diversified",14.3,-0.14%,5,Buy,"100% Buy",-19.18,+17.31%,11.35,14.21,10.1,14.26,71.53,1.33,23.65,2371496,Weakening,Strong,84.43%,2.73,14.21,14.31,91%
AOS,"Smith A.O. Corp","Machinery - Electrical",56.38,-0.32%,7,Sell,"88% Sell",-19.21,-19.15%,59.46,59.61,60.9,57.15,41.6,-35.13,-29.81,1544473,Strengthening,Good,35.12%,1.56,55.61,58.68,25%
AMBA,"Ambarella Inc","Electronics - Semiconductors",67.43,+7.22%,5,Sell,"40% Sell",-19.32,-19.99%,72.26,71.77,68.46,67.4,48.39,-35.97,-18.92,1315026,Weakening,Minimum,25.23%,1.22,62.42,72.38,50%
ALK,"Alaska Air Group","Transportation - Airline",39.36,-0.40%,4,Sell,"100% Sell",-19.44,-19.92%,44.66,42.59,42.89,40.01,42.7,-35.9,-35.86,3523704,Strongest,Average,23.12%,1.31,38.41,41.62,30%
FUL,"H. B. Fuller Company","Chemical - Specialty",49.56,-1.74%,3,Sell,"100% Sell",-19.50,-14.83%,57.02,54.55,57.8,50.17,37.09,-30.81,-30.76,673250,Strongest,Maximum,47.74%,0.58,49.11,51.23,21%
PODC,"Podcastone Inc","Internet - Content",2.15,-1.83%,2,Sell,"88% Sell",-19.80,+28.74%,3.41,2.65,3.18,2.23,39.18,12.76,-27.07,112762,Strengthening,Good,33.57%,0.87,2.04,2.43,28%
LZB,"La-Z-Boy Inc",Furniture,29.22,-1.12%,1,Sell,"88% Sell",-20.02,-9.68%,36.15,33.61,35.41,29.86,32.57,-25.66,-35.71,529854,Strongest,Maximum,33.01%,0.66,29.05,30.67,11%
MDXG,"Mimedx Group Inc","Medical - Biomedical",4.67,+1.08%,7,Hold,"64% Buy",-20.28,-32.51%,4.21,4.5,4.08,4.69,54.42,-48.49,-45.13,1256818,Strengthening,Weak,39.55%,0.34,4.52,4.86,45%
CHNR,"China Natural Res","Mining - Misc",3.99,+0.63%,4,Buy,"16% Buy",-20.30,-29.00%,3.96,3.95,3.99,3.88,52.97,-44.98,-3.12,262448,Weakening,Minimum,57.90%,1.59,3.67,4.09,75%
BEEP,"Mobile Infrastructure Corp","Real Estate Operations",2.73,-1.80%,3,Sell,"56% Buy",-20.34,-18.75%,2.28,2.72,2.25,2.81,47.38,-34.73,-7.05,51093,Weakest,Average,46.30%,0.23,2.65,2.97,25%
EPM,"Evolution Petroleum Corp","Oil - US Exploration & Product",3.67,+0.82%,4,Hold,"64% Sell",-20.43,-25.56%,3.81,3.63,4.06,3.62,53.06,-41.54,-10.44,435596,Weakest,Average,62.16%,0.46,3.44,3.79,66%
DSWL,"Deswell Inds Inc","Electronics - Misc Components",3.03,-2.10%,7,Sell,"100% Sell",-20.44,-22.11%,3.29,3.12,3.29,3.09,44.85,-38.09,-26.54,11152,Strengthening,Strong,14.22%,0.17,2.98,3.2,23%
USNA,"Usana Health Sciences Inc","Medical - Drugs",14.66,0.00%,2,Sell,"88% Sell",-20.44,-44.13%,17.54,14.83,17.76,14.61,47.95,-60.11,-39.43,143476,Average,Good,62.58%,0.71,14.05,15.18,54%
LOAR,"Loar Holdings Inc","Aerospace - Defense Equipment",62.07,+0.73%,2,Sell,"56% Sell",-20.60,-21.83%,69.01,68.45,66.37,63.25,38.96,-37.81,-22.83,838195,Weakening,Soft,27.44%,1.49,60.48,66.03,29%
CRWS,"Crown Crafts Inc","Textile - Home Furnishings",2.39,-1.65%,1,Sell,"100% Sell",-20.76,-17.01%,2.8,2.73,2.78,2.51,26.6,-32.99,-27.83,52249,"Top 1%",Maximum,15.02%,0.12,2.4,2.61,-7%
AZ,"A2Z Cust2Mate Solutions Corp","Internet - Software",5.77,-1.03%,4,Sell,"72% Sell",-20.94,-21.28%,6.07,6.21,6.37,5.76,46.72,-37.26,-25.48,438836,Strengthening,Soft,54.64%,1.1,5.31,6.2,51%
RBA,"Rb Global Inc","Financial Transaction Services",85.84,+2.15%,4,Hold,"80% Sell",-21.63,-17.25%,97.81,86.27,99.02,82.86,56.71,-33.23,-30.66,1420457,Average,Strong,70.55%,1.14,79.76,85.96,98%
SIFY,"Sify Techs Ltd ADR","Internet - Services",12.85,+0.94%,2,Sell,"88% Sell",-21.68,-17.47%,14.9,14.29,14.74,13.4,35.26,-33.45,-8.7,60875,Strengthening,Good,9.66%,1.58,12.71,14.09,10%
YALA,"Yalla Group Ltd ADR","Internet - Software",5.51,+2.42%,6,Sell,"56% Sell",-21.69,-25.24%,5.49,5.47,5.86,5.44,54.89,-41.22,-34.72,300686,Weakest,Average,40.23%,0.89,5.31,5.57,76%
VMC,"Vulcan Materials Company","Building - CMT & CNT & AG",244.58,-0.68%,2,Sell,"100% Sell",-21.86,-19.25%,274.04,261.61,276.09,245.23,41.99,-35.23,-28.36,1147198,Strongest,Maximum,50.80%,1,240.42,250.03,43%
EDIT,"Editas Medicine","Medical - Biomedical",2.9,+2.11%,4,Sell,"24% Buy",-22.31,-28.92%,2.89,2.85,2.86,2.7,55.58,-44.9,27.35,2226768,Average,Weak,56.94%,1.1,2.47,2.93,93%
KROS,"Keros Therapeutics Inc","Medical - Biomedical",11.95,+2.66%,8,Buy,"40% Buy",-22.34,-25.87%,10.89,11.07,11.06,11.38,60.19,-41.85,-55.42,311585,Strengthening,Minimum,59.27%,0.98,10.84,11.91,104%
CMCL,"Caledonia Mining Corp","Mining - Gold",23.75,-2.70%,2,Hold,Hold,-22.54,-31.73%,21.9,23.89,22.59,24.15,46.37,-47.71,-23.36,273257,Bearish,,67.75%,2.19,23.16,25.14,30%
FBIN,"Fortune Brands Innovations Inc","Building Prdcts - Air Heating",39.01,-0.76%,4,Sell,"88% Sell",-22.54,-22.31%,44.3,43.35,42.8,39.12,42.37,-38.29,-36.12,2596942,Strengthening,Average,49.79%,0.54,37.69,40.55,46%
HPP,"Hudson Pacific Properties","REIT - Equity Trust Other",11.97,+0.76%,2,Sell,"8% Buy",-22.77,-34.98%,13.58,12.84,11.64,11.65,48.87,-50.96,-3.58,1092641,Weakest,Minimum,61.18%,0.69,11.18,12.13,84%
PTON,"Peloton Interactive Inc","Leisure & Recreational Prdcts",5.12,+4.07%,2,Sell,"72% Sell",-22.77,-30.34%,5.6,5.28,5.3,4.92,52.97,-46.32,-30.99,11648508,Weakening,Weak,46.33%,0.79,4.75,5.1,107%
LUNR,"Intuitive Machines Inc","Aerospace - Defense",13.19,-3.72%,3,Sell,"100% Sell",-23.11,+3.53%,19.46,15.44,20.94,14.61,39.04,-12.45,-32.84,11933910,Strongest,Average,13.17%,0.85,13.02,16.2,5%
ETD,"Ethan Allen Interiors Inc","Retail - Home Furniture",20.34,-2.49%,3,Sell,"56% Sell",-23.23,-26.38%,21.97,22.31,21.86,21.18,33.44,-42.36,-25.06,487697,Strengthening,Average,18.96%,0.75,20.41,21.94,-5%
SAM,"Boston Beer Company","Beverages - Alcohol",170.51,-0.39%,2,Sell,"88% Sell",-23.33,-24.73%,176.77,175.62,193.28,168.35,50.55,-40.71,-26.73,235630,Average,Good,62.27%,0.69,162.59,174.11,69%
CNM,"Core & Main Inc Cl A","Machinery - Tools & Related",40.35,-0.05%,4,Sell,"100% Sell",-23.39,-20.90%,45.23,43.42,46.66,41.85,36.42,-36.88,-36.47,2350956,Strengthening,Maximum,23.86%,0.55,40.09,43.6,7%
ASIX,"Advansix Inc","Chemical - Specialty",16.24,-2.75%,1,Sell,"100% Sell",-23.74,-21.39%,18.99,16.93,20.28,16.32,44.89,-37.37,-20.24,340533,Strongest,Strong,73.67%,0.85,15.63,17,44%
ASTE,"Astec Inds Inc","Machinery - Construct & Mining",38.71,-0.18%,4,Sell,"100% Sell",-23.86,-16.03%,48.4,42.64,50.9,40.84,33.52,-32.01,-24.75,223071,Strongest,Maximum,12.92%,0.7,38.95,42.72,-6%
MWH,"Solv Energy Inc Cl A","Electrical Construction",26.21,+2.02%,4,Sell,N/A,-23.88,N/A,29.63,26.96,31.23,25.47,52.33,N/A,N/A,N/A,N/A,N/A,62.35%,0.74,23.81,27.13,72%
LEDS,"Semileds Corp","Electronics - Semiconductors",2.23,-2.62%,9,Buy,"88% Buy",-25.06,-8.23%,2.07,2.16,1.89,2.28,49.07,-24.21,34.56,308838,Average,Good,44.44%,0.64,2.11,2.46,34%
OSIS,"O S I Systems Inc","Electronics - Misc Components",194.91,+0.80%,3,Sell,"100% Sell",-25.43,-21.90%,212.84,209.51,232.64,197.85,40.61,-37.88,-37.69,266969,Strengthening,Strong,26.19%,0.54,191.29,204.41,28%
NVTS,"Navitas Semiconductor Corp","Electronics - Semiconductors",10.78,-1.37%,6,Sell,"88% Sell",-26.22,+34.75%,15.6,12.11,14.74,11.61,39.61,18.77,36.87,22930850,Strongest,Weak,9.64%,0.96,10.43,12.79,15%
AZO,Autozone,"Retail - Wholesale Auto Parts",2939.8501,+1.01%,4,Sell,"88% Sell",-26.46,-25.90%,3017.31,2945.71,3173.05,2864.15,54.62,-41.88,-27.43,259594,Weakening,Good,62.62%,0.49,2775.08,2953.21,93%
RHLD,"Resolute Holdings Management","Finance - Misc Services",118.17,+1.70%,2,Sell,"100% Sell",-26.71,+49.22%,127.61,127.33,132.36,120.25,42.57,33.24,-56.87,173074,Average,Soft,23.47%,0.66,112.12,128.38,37%
LPX,"Louisiana-Pacific Corp","Building Products - Wood",65.69,+0.97%,2,Sell,"100% Sell",-26.82,-27.09%,72.03,69.56,72.51,65.79,45.38,-43.07,-32.77,1125154,Strengthening,Strong,45.69%,0.76,63.75,67.83,48%
LAW,"CS Disco Inc","Internet - Software",4.42,+1.38%,5,Hold,"32% Buy",-26.85,-28.13%,4.03,4.24,4.04,4.23,59.75,-44.11,-57.15,309060,Average,Minimum,86.85%,0.77,4.07,4.4,106%
SYK,"Stryker Corp","Medical Products",277.33,+0.13%,3,Sell,"88% Sell",-26.87,-25.09%,310.92,304.8,316.06,276.96,42.72,-41.07,-35.2,2404027,Weakening,Strong,45.27%,0.55,269.02,284.9,52%
CION,"Cion Investment Corp","Finance - SBIC & Commercial",6.94,-0.29%,2,Sell,"32% Sell",-27.04,-24.81%,6.81,7.16,6.94,7.08,42.9,-40.79,-42.34,532194,Weakest,Minimum,35.29%,0.49,6.88,7.28,16%
CREX,"Creative Realities Inc","Internet - Software",2.38,+0.42%,2,Sell,"100% Sell",-27.10,-13.45%,3.24,2.76,3.38,2.54,34.7,-29.43,-22.92,45820,Strongest,Maximum,13.49%,1.41,2.34,2.74,11%
MTEX,"Mannatech Inc","Medical - Drugs",7.86,0.00%,3,Hold,"80% Buy",-27.10,-8.28%,5.97,6.9,5.92,7.62,55.12,-24.26,-18.84,25111,Strengthening,Good,75.36%,1.88,6.86,8.37,66%
ACIU,"AC Immune S.A.","Medical - Biomedical",2.5,-1.96%,4,Sell,"56% Sell",-27.11,-28.16%,2.54,2.62,2.68,2.65,42.81,-44.14,-34.49,271792,Average,Weak,26.90%,1.31,2.47,2.82,8%
TCPC,"TCP Capital Corp","Finance - SBIC & Commercial",4.01,-0.50%,5,Sell,"24% Buy",-27.18,-27.36%,3.72,3.99,3.8,4.01,51.25,-43.34,-40.8,954674,Weakening,Minimum,47.53%,0.6,3.91,4.1,53%
JBTM,"Jbt Marel Corporation","Technology Services",107.08,+1.63%,2,Sell,"100% Sell",-27.30,-24.08%,124.85,115.68,126.46,109.53,40.6,-40.06,-43.04,552968,Strengthening,Strong,18.21%,0.62,104.58,114.47,25%
PXED,"Phoenix Education Partners Inc",Schools,26.01,-0.54%,1,Sell,"88% Sell",-27.45,-31.82%,29.21,27.35,29.18,25.94,45.58,-47.8,-28.27,102231,Average,Strong,55.42%,1.14,24.6,27.28,53%
BOLT,"Bolt Biotherapeutics Inc","Medical - Biomedical",4.11,+12.60%,5,Hold,"48% Sell",-27.57,-30.57%,4.03,3.7,4.23,3.64,63.18,-46.55,-38.95,26758,Weakest,Average,62.00%,2.82,3.26,4.02,112%
CPRI,"Capri Holdings Ltd","Retail - Apparel & Shoes",14.95,+1.84%,7,Buy,"40% Sell",-27.79,-27.11%,16.35,14.45,17.18,14.68,55.49,-43.09,-52.84,3512698,Weakest,Good,35.75%,0.41,13.94,15.42,68%
WAVE,"Eco Wave Power Global Ab ADR","Other Alt Energy",5.86,+1.38%,3,Sell,"88% Sell",-27.79,-29.23%,7.47,6.36,7.27,5.92,45.33,-45.21,-13.76,32175,Weakening,Average,15.88%,0.3,5.57,6.28,41%
HLMN,"Hillman Solutions Corp","Building & Construction - Misc",6.97,-0.57%,5,Sell,"100% Sell",-28.00,-24.49%,7.78,7.77,7.92,7.09,39.46,-40.47,-33.63,1539991,Strengthening,Strong,48.97%,0.95,6.87,7.31,23%
GNLX,"Genelux Corp","Medical - Biomedical",2.56,+2.40%,1,Sell,"88% Sell",-28.14,-54.85%,2.77,2.6,2.74,2.51,50.84,-70.83,-55.39,232160,Weakening,Weak,46.67%,0.5,2.39,2.63,70%
MLM,"Martin Marietta Materials","Building - CMT & CNT & AG",478.35,-0.67%,2,Sell,"100% Sell",-28.29,-24.53%,544.27,513.54,562.17,488.4,38.43,-40.51,-37.29,582364,Strongest,Maximum,23.27%,0.63,471.21,505.59,21%
LMB,"Limbach Holdings Inc","Building & Construction - Misc",51.26,+0.61%,6,Buy,"40% Sell",-28.47,-46.76%,63.31,49.33,70.18,50.65,53.26,-62.74,-48.27,269082,Weakest,Good,56.83%,0.57,48.16,53.13,62%
SERA,"Sera Prognostics Inc Cl A","Medical Services",2.04,+0.99%,7,Buy,"16% Buy",-28.62,-36.25%,2.02,2.04,2.01,2.05,49.22,-52.23,-44.96,46382,Weakest,Minimum,21.19%,0.26,1.97,2.13,42%
CLBT,"Cellebrite Di Ltd","Internet - Software",11.26,-0.71%,4,Sell,"100% Sell",-28.70,-40.89%,13.19,12.13,13.28,11.33,45.66,-56.87,-51.66,2257715,Strengthening,Strong,56.79%,0.41,10.81,11.84,43%
SWIM,"Latham Group Inc","Building & Construction - Misc",6.04,-0.33%,4,Sell,"8% Buy",-28.72,-19.03%,6.19,6.67,6.03,6.29,37.67,-35.01,-18.99,859195,Weakest,Weak,33.67%,1.4,6.02,6.55,3%
ADNT,"Adient Plc","Auto - Truck Original Parts",17.42,-1.14%,2,Sell,"100% Sell",-28.78,-25.52%,19.79,18.73,20.18,17.66,44.57,-41.5,-23.24,1012704,Strongest,Strong,51.78%,0.85,16.63,18.68,39%
WYHG,"Wing Yip Food Holdings Group ADR","Food - Meat Products",3.08,-11.75%,2,Sell,"24% Sell",-29.08,-44.20%,4.31,4.58,3.62,3.91,36.41,-60.18,25.89,663846,Average,Weak,36.88%,0.01,3.22,4.6,-10%
OFRM,"Once Upon A Farm Pbc","Food - Misc & Diversified",16.94,+3.74%,3,Sell,N/A,-29.09,N/A,17.16,16.85,16.88,16.4,54.92,N/A,N/A,N/A,N/A,N/A,78.97%,0.45,15.77,17.04,92%
SGI,"Somnigroup International Inc","Retail - Home Furniture",62.19,-0.24%,3,Sell,"100% Sell",-29.20,-25.90%,68.41,64.85,70.64,63.3,43.27,-41.88,-44.45,2725539,Strengthening,Strong,40.99%,0.35,60.25,66.35,32%
CURR,"Currenc Group Inc",Unclassified,2.72,-1.81%,1,Sell,"24% Sell",-29.41,+57.23%,3.19,3.32,3.16,3.06,35.95,41.25,37.85,225115,Average,Weak,19.81%,0.09,2.7,3.42,2%
FBGL,"Fbs Global Limited","Building & Construction - Misc",3.48,-2.79%,2,Sell,"100% Sell",-29.54,-52.30%,4.86,4.05,5.28,3.82,41.71,-68.28,-78.22,140747,Strongest,Strong,10.11%,0.02,3.28,4.36,19%
GALT,"Galectin Therapeutic","Medical - Drugs",3.94,+8.24%,3,Hold,"96% Buy",-29.66,-17.05%,3.58,3.75,3.23,3.85,53.02,-33.03,-19.4,436017,Strongest,Average,28.05%,0.49,3.58,4.12,67%
CSBR,"Champions Oncolog","Medical - Drugs",4.84,-2.81%,2,Sell,"100% Sell",-29.80,-26.22%,5.53,5.06,5.67,4.98,43.78,-42.2,-44.07,9059,Strongest,Maximum,18.91%,0.16,4.69,5.27,25%
RDCM,"Radcom Ltd","Computer - Networks",10.29,+0.29%,6,Hold,"64% Sell",-30.06,-29.62%,11.93,10.21,12.38,10.3,48.48,-45.6,-35.44,138059,Weakening,Strong,43.45%,0.33,10.02,10.57,49%
LPA,"Logistic Properties of The Americas","Real Estate Operations",2.86,-2.72%,2,Sell,"72% Sell",-30.22,-35.15%,3.14,3.07,3.18,3.01,42.99,-51.13,-9.35,169066,Strongest,Weak,42.11%,0.45,2.75,3.28,20%
ELVA,"Electrovaya Inc","Electronics Products - Misc",5.75,-0.69%,2,Sell,"100% Sell",-30.23,-12.08%,8.43,7.02,8.59,6.37,35.43,-28.06,-41.33,647333,Strongest,Strong,17.65%,1.1,5.86,6.88,-10%
CINT,"CI&T Inc Cl A","Internet - Software",3.09,+0.98%,5,Sell,"96% Sell",-30.64,-30.41%,3.43,3.34,3.82,3.09,45.59,-46.39,-38.19,131637,Strengthening,Strong,42.86%,1.16,2.93,3.26,50%
OPXS,"Optex Systems Hlds","Aerospace - Defense Equipment",10.11,+1.10%,5,Sell,"100% Sell",-31.02,-34.56%,11.5,10.69,11.65,10.4,40.71,-50.54,-42.81,41867,Strengthening,Good,10.21%,0.16,10.07,10.74,6%
LFVN,"Lifevantage Corp","Medical - Dental Suppliers",6,+0.17%,2,Sell,"24% Sell",-31.61,-36.03%,6.66,6.37,6.04,6.18,38.39,-52.01,-16.71,235823,Weakening,Minimum,14.31%,0.5,5.95,6.4,10%
LE,"Lands' End Inc","Retail - Catalog Shopping",10.5,+1.06%,4,Sell,"88% Sell",-31.80,-29.58%,11.51,11.36,11.71,10.39,46.32,-45.56,-41.8,287939,Average,Average,57.57%,1.57,10.07,10.71,67%
BHM,"Bluerock Homes Trust Inc","REIT - Equity Trust Resident",8.195,+2.31%,1,Sell,"88% Sell",-32.72,-27.48%,8.94,8.4,9.65,8.17,49.18,-43.46,-37.31,7743,Weakening,Strong,26.88%,0.45,7.74,8.59,53%
TOYO,"Toyo Co. Ltd",Solar,4.37,+0.23%,3,Sell,"88% Sell",-32.74,-38.36%,7.26,4.69,8.34,4.35,46.04,-54.34,-39.54,451621,Weakening,Strong,42.66%,0.26,4.19,4.51,56%
AXIL,"Axil Brands Inc","Consumer Prdts - Misc Staple",5.71,-0.26%,6,Sell,"100% Sell",-32.82,+0.78%,6.21,6.1,6.38,6.07,39.14,-15.2,-31.71,54571,Strengthening,Good,47.56%,0.43,5.7,6.45,1%
DUOL,"Duolingo Inc Cl A","Technology Services",149.92,-0.86%,4,Sell,"88% Buy",-33.09,-55.54%,133.09,144.03,122.51,146.74,54.22,-71.52,-28.69,1807324,Average,Weak,86.89%,0.52,138.14,155.35,68%
BRCC,"Brc Inc Cl A","Consumer Prdts - Misc Staple",9.69,+1.36%,6,Buy,"24% Sell",-33.38,-29.27%,11.02,9.01,10.68,9.28,58.57,-45.25,-26.81,109797,Weakest,Weak,85.23%,0.28,8.69,9.86,85%
SITE,"Siteone Landscape Supply","Industrial Services",87.16,-0.66%,2,Sell,"100% Sell",-33.62,-26.64%,100.82,94.5,111.02,89.87,39.13,-42.62,-44.14,802784,Strongest,Strong,38.51%,0.86,85.76,93.99,17%
CUVL,"Clinuvel Pharmaceuticals Ltd ADR","Medical - Biomedical",5.59,-0.18%,1,Sell,"100% Sell",-33.89,-30.60%,6.61,6.32,6.82,5.8,40.69,-46.58,-48.19,5925,Strongest,Maximum,24.57%,0.11,5.56,6.03,6%
FND,"Floor & Decor Holdings Inc","Retail - Home Furniture",45.5,-2.15%,4,Sell,"100% Sell",-34.00,-34.20%,52.4,51.51,52.05,46.71,40.32,-50.18,-39.39,2652493,Strongest,Good,31.93%,0.8,44.93,48.49,16%
HNRG,"Hallador Energy Company","Other Alt Energy",13.92,-4.00%,1,Sell,"100% Sell",-34.08,-30.16%,16.14,15.25,16.38,14.39,43.55,-46.14,-41.,793472,Strongest,Strong,37.82%,2.35,13.36,15.42,27%
BKSY,"Blacksky Technology Inc","Technology Services",20.92,-1.13%,6,Sell,"100% Sell",-34.17,-30.15%,27.62,24.11,29.18,22.02,41.96,-46.13,-2.54,1593824,Strengthening,Average,24.44%,0.62,20.38,23.65,16%
TTGT,"Techtarget Inc.","Technology Services",3.94,-3.90%,5,Buy,"48% Sell",-34.47,-34.22%,3.94,3.89,4.17,3.81,54.83,-50.2,-41.15,436217,Weakening,Weak,85.51%,0.66,3.56,4.06,76%
ROAD,"Construction Partners Inc Cl A","Building & Construction - Misc",86.81,-1.72%,2,Sell,"100% Sell",-34.53,-28.44%,106.56,102.71,110.6,92.35,35.17,-44.42,-34.14,663797,"Top 1%",Maximum,18.15%,0.75,86.77,97.94,0%
XBP,"Xbp Global Holdings Inc","Internet - Software",3.21,0.00%,3,Buy,"24% Buy",-34.88,-52.58%,2.79,3.02,3.03,3.19,54.23,-68.56,-66.97,18512,Weakening,Minimum,24.88%,0.11,2.93,3.45,54%
LII,"Lennox International","Building Prdcts - Air Heating",356.44,-1.41%,2,Sell,"100% Sell",-34.91,-33.29%,457.66,388.54,469.18,362.99,38.3,-49.27,-40.7,470615,Strongest,Maximum,30.01%,0.75,352.3,373.68,19%
UUU,"Universal Safety Products Inc","Building & Construction - Misc",5.2,-0.38%,1,Hold,Hold,-35.02,+13.54%,4.95,4.85,5.29,5.01,54.35,-2.44,-13.33,65170,Bearish,,67.05%,0.55,4.7,5.32,80%
JWEL,"Jowell Global Ltd","Internet Commerce",2.44,-2.96%,6,Buy,"72% Buy",-35.12,+39.43%,2.32,2.42,2.35,2.39,51.74,23.45,-7.81,452663,Strengthening,Weak,60.18%,0,2.13,2.66,60%
KWY,"Kingsway Corporation","Insurance - Proprty & Casualty",9.4,-0.95%,5,Sell,"100% Sell",-35.75,-37.54%,9.84,9.71,10.23,9.45,46.59,-53.52,-44.22,71321,Strengthening,Average,46.36%,0.95,8.98,9.92,44%
EYE,"National Vision Holdings Inc","Consumer Prdts - Misc Staple",16.68,-0.36%,2,Sell,"88% Sell",-35.79,-39.08%,18.27,18.1,20.34,16.55,45.27,-55.06,-49.51,1858780,Strengthening,Average,64.86%,0.44,15.9,17.21,60%
AGPU,"Axe Compute Inc","IT Services",11.68,+2.37%,6,Hold,"80% Buy",-35.80,-18.15%,8.84,10.57,7.23,11.89,51.7,-34.13,49.25,1291858,Average,Strong,27.64%,0.41,10.63,13.15,42%
WINA,"Winmark Corp","Retail - Misc & Diversified",291.86,-1.11%,2,Sell,"100% Sell",-35.87,-35.25%,353.27,322.68,370.32,295.55,36.15,-51.23,-42.04,69492,Strongest,Maximum,44.05%,0.54,286,305.1,31%
SHOE,"Shoe Station Group Inc","Shoes and Related Apparel",12.75,-2.37%,7,Sell,"100% Sell",-36.01,-36.09%,14.94,13.99,15.79,13,43.27,-52.07,-38.58,642075,Strongest,Maximum,45.47%,1.35,12.58,13.42,21%
HDSN,"Hudson Tech Inc","Industrial Services",5.14,-0.58%,2,Sell,"100% Sell",-36.34,-43.20%,5.59,5.44,5.7,5.19,43.18,-59.18,-39.07,429941,Strongest,Average,27.88%,0.52,5.08,5.31,26%
LEXX,"Lexaria Bioscience Corp","Medical - Biomedical",3.32,+3.75%,1,Sell,"88% Sell",-36.58,-75.17%,7.7,6.59,9.12,3.22,38.25,-91.15,-78.24,35376,Average,Maximum,51.12%,2.46,2.87,3.57,64%
CDZI,"Cadiz Inc","Utility - Water Supply",3.42,-2.84%,1,Sell,"100% Sell",-36.68,-36.90%,3.79,3.64,4.13,3.62,43.04,-52.88,-53.15,895496,Strongest,Average,35.32%,1.85,3.35,3.9,13%
MPAA,"Motorcar Parts Amer","Auto - Truck Replacement Parts",10.42,-1.23%,1,Sell,"88% Sell",-36.87,-31.67%,12.51,11.53,12.01,10.61,36.89,-47.65,-29.67,117734,Strongest,Average,48.19%,0.39,10.32,10.89,17%
CSPI,"C S P Inc","Computer - Integrated Systems",7.36,-0.94%,3,Sell,"100% Sell",-36.95,-36.39%,8.24,7.82,8.48,7.62,40.46,-52.37,-55.23,22518,Strengthening,Average,27.60%,0.32,7.33,7.91,5%
CCLD,"Carecloud Inc","Medical Information Systems",2,+3.09%,4,Sell,"96% Sell",-37.54,-42.03%,2.28,2.28,2.53,2.07,40.27,-58.01,-45.62,410966,Strengthening,Good,14.78%,0.65,1.94,2.19,22%
GFUZ,"General Fusion Group Ltd","Machinery - General Industrial",8.66,-0.57%,4,Buy,"56% Sell",-37.87,-14.68%,8.94,8,9.4,7.9,60,-30.66,-28.79,324732,Weakest,Good,56.88%,3.65,7.05,8.74,95%
XNET,"Xunlei Ltd ADR","Internet - Services",5.01,+4.16%,5,Sell,"72% Sell",-37.91,-50.00%,5.22,4.97,5.52,4.88,55.77,-65.98,-43.45,262134,Weakening,Average,59.77%,0.97,4.65,5.11,77%
APPS,"Digital Turbine","Internet - Software",10.43,-3.25%,4,Hold,"48% Buy",-38.18,+54.06%,10.22,11.34,7.97,11.18,43.7,38.08,94.49,3853877,Weakest,Average,16.92%,0.56,10.22,12.14,11%
QNCX,"Quince Therapeutics Inc","Medical - Biomedical",31.73,+8.07%,5,Sell,"8% Buy",-38.63,-92.22%,24.95,30.41,24.47,29.42,56.9,-108.2,-109.37,188640,Weakening,Minimum,32.89%,5.08,26.25,32.58,87%
ENOV,"Enovis Corp","Medical Information Systems",17.69,+1.49%,3,Sell,"100% Sell",-38.77,-43.61%,23.03,21.94,23.34,18.12,38.38,-59.59,-47.71,1202243,Strengthening,Strong,27.85%,0.71,17.46,18.78,18%
IRTC,"Irhythm Holdings Inc","Medical Information Systems",106.7,+4.00%,1,Sell,"72% Sell",-38.83,-39.57%,115.62,117.41,116.87,110.29,40.15,-55.55,-53.98,590258,Weakening,Average,16.91%,0.88,104.39,116.19,20%
DUKR,"Duke Robotics Corp","Aerospace - Defense",4.84,-3.01%,3,Sell,"100% Sell",-39.89,-39.20%,5.72,5.42,6.85,5.29,32.49,-55.18,-35.12,16814,Strongest,Good,11.26%,0.63,4.99,5.59,-25%
SYM,"Symbotic Inc","Technology Services",42.63,+1.36%,6,Buy,"40% Sell",-40.08,-36.51%,43.05,42.26,46.85,43.06,49.79,-52.49,-42.46,1800240,Weakest,Soft,31.52%,0.68,41.09,45.03,39%
ONEW,"Onewater Marine Inc Cl A","Leisure & Recreational Prdcts",9.35,-2.81%,2,Sell,"72% Sell",-40.13,-36.82%,11.27,11.06,10.87,9.75,35.03,-52.8,-27.7,131367,Strongest,Average,33.39%,0.85,9.13,10.37,17%
CRWV,"Coreweave Cl A","Internet - Software",82.08,+0.61%,3,Sell,"100% Sell",-40.26,-42.63%,91.37,88.43,94.18,85.64,43.71,-58.61,0.51,28010916,Strengthening,Soft,28.40%,0.7,79.05,92.23,23%
NSRX,"Nasus Pharma Ltd","Medical - Drugs",3.51,-3.31%,6,Hold,"16% Sell",-40.92,-54.71%,3.38,3.64,3.22,3.63,44.09,-70.69,-75.75,78002,Weakest,Minimum,38.44%,0.97,3.35,3.91,29%
SDHC,"Smith Douglas Homes Corp Cl A","Building - Residential & Comm",10.15,-0.59%,4,Sell,"100% Sell",-41.11,-35.88%,12.9,11.81,12.98,10.25,38.7,-51.86,-53.59,88395,Strengthening,Strong,29.20%,1.07,9.79,10.7,40%
CURI,"Curiositystream Inc","Movie & TV Production & Dist",2.8,-4.76%,9,Hold,"32% Sell",-41.20,-45.74%,2.75,2.84,2.89,2.9,45.83,-61.72,-40.43,654141,Weakest,Weak,34.87%,0.4,2.71,3.08,24%
CATO,"Cato Corp","Retail - Apparel & Shoes",2.47,+3.78%,3,Sell,"88% Sell",-41.47,-43.86%,3.01,2.76,2.97,2.41,46.2,-59.84,-34.17,84300,Weakening,Strong,37.55%,0.78,2.33,2.5,83%
UPWK,"Upwork Inc","Internet - Services",8.6,+0.35%,3,Sell,"88% Sell",-41.59,-50.65%,8.71,8.66,9.4,8.34,54.59,-66.63,-70.72,3559247,Weakest,Average,88.11%,0.53,7.95,8.74,82%
MZTI,"The Marzetti Company","Food - Misc & Diversified",99.3,-2.83%,3,Sell,"100% Sell",-41.65,-39.18%,108.94,107.28,117.39,100.96,39.83,-55.16,-53.72,319261,Strengthening,Strong,48.08%,0.89,98.31,103.61,19%
STFS,"Star Fashion Culture Holdings Limited Cl A","Advertising Marketing Services",3.8,+2.43%,1,Sell,"72% Sell",-41.69,-60.25%,7.04,3.89,6.34,3.58,48.57,-76.23,-19.39,332803,Average,Weak,64.95%,2.29,3.15,4.01,76%
XYF,"X Financial ADR","Finance - Misc Services",5.15,+1.58%,2,Sell,"40% Buy",-41.81,-63.81%,5.05,5.26,4.91,5.1,49.61,-79.79,-22.15,128335,Weakening,Minimum,50.59%,0.38,4.82,5.37,60%
CIA,"Citizens Inc","Insurance - Life",3.47,-1.70%,1,Sell,"100% Sell",-41.94,-36.79%,4.61,3.8,4.8,3.55,40.04,-52.77,-42.27,114976,Strengthening,Maximum,31.43%,0.62,3.42,3.68,19%
MP,"MP Materials Corp","Mining - Misc",46.14,0.00%,1,Sell,"100% Sell",-41.96,-36.17%,53.25,51.59,55.25,47.99,40.95,-52.15,-22.78,6361549,Strengthening,Strong,24.93%,0.7,44.7,51.27,22%
ARKR,"Ark Restaurants Corp","Retail - Restaurants",4.47,-1.82%,2,Sell,"100% Sell",-42.43,-38.38%,5.75,5.12,6.11,4.58,39.53,-54.36,-47.49,7139,Strongest,Maximum,36.61%,0.14,4.37,4.79,24%
PW,"Power REIT","REIT - Equity Trust Other",6.95,-0.14%,3,Sell,"96% Sell",-42.60,-26.85%,8.15,7.38,8.05,6.95,46.1,-42.83,-34.71,10599,Strengthening,Average,44.54%,0.7,6.7,7.2,50%
CAMP,"Camp4 Therapeutics Corp","Medical - Biomedical",3.77,+1.89%,2,Sell,"88% Sell",-42.70,-0.53%,4.12,4.18,4.29,3.96,43.11,-16.51,-52.61,206221,Strengthening,Weak,28.68%,0.24,3.64,4.29,20%
SEDG,"Solaredge Tech",Solar,32.21,-0.80%,2,Sell,"88% Sell",-42.82,-16.58%,45.33,33.78,44.92,33.54,44.52,-32.56,-2.46,3352462,Strongest,Average,39.81%,0.36,30.33,36.74,29%
WW,"Ww International Inc","Consumer Prdts - Misc Discr",14.86,-0.67%,8,Sell,"88% Sell",-43.02,-44.61%,15.67,15.63,14.89,15.28,47.25,-60.59,-63.25,284872,Strengthening,Weak,27.67%,0.2,13.65,16.91,37%
YB,"Yuanbao Inc ADR","Insurance - Multi Line",12.1,-1.10%,2,Sell,"100% Sell",-43.15,-45.15%,13.84,13.18,15.03,12.39,40.24,-61.13,-54.36,41673,Strongest,Strong,29.80%,0.83,11.78,13.01,27%
TRAK,"Repositrak Inc","Internet - Software",7.86,+0.64%,4,Sell,"100% Sell",-43.56,-47.88%,8.77,8.19,8.64,8.17,40.27,-63.86,-50.57,105201,Average,Soft,22.53%,0.85,7.82,8.51,6%
BODI,"The Beachbody Company Inc","Consumer Services - Misc",4.71,+2.39%,1,Sell,"100% Sell",-43.57,-18.23%,8.22,6.17,9.52,4.85,34.83,-34.21,-68.65,51153,Strongest,Maximum,34.69%,0.13,4.55,5.15,26%
COLL,"Collegium Pharma","Medical - Drugs",22.09,-0.09%,3,Sell,"100% Sell",-43.61,-33.48%,30.07,25.38,31.53,22.29,33.83,-49.46,-66.4,568304,Average,Maximum,27.14%,0.51,21.53,23.05,37%
CELH,"Celsius Holdings Inc","Food - Misc & Diversified",28.58,+4.31%,5,Sell,"88% Sell",-43.73,-55.52%,29.48,29.27,31.55,27.93,51.49,-71.5,-51.63,7788264,Weakest,Average,32.17%,0.53,26.59,29.27,74%
ARQ,"Arq Inc","Chemical - Specialty",2.03,-3.56%,2,Sell,"88% Sell",-44.30,-70.15%,2.26,2.12,2.28,2.02,47.84,-86.13,-52.03,461064,Strengthening,Soft,67.21%,1.17,1.89,2.15,52%
XHG,"Xchange Tec Inc ADR","Technology Services",2.28,-0.87%,2,Sell,"48% Buy",-44.48,+83.87%,1.81,2.65,1.52,2.28,46.7,67.89,153.43,761610,Weakening,Average,15.58%,0.04,1.73,2.84,50%
CAPR,"Capricor Therap","Medical Products",7.83,-2.25%,4,Buy,"56% Sell",-44.56,+2.76%,15.84,7.64,21.22,8.62,41.99,-13.22,-86.98,3069070,Weakening,Good,18.18%,0.24,7.6,9.64,11%
OLED,"Universal Display","Electronics - Misc Components",74.96,+2.83%,2,Sell,"100% Sell",-44.88,-47.26%,84.02,82.16,87.53,77.05,42.15,-63.24,-49.92,784047,Strengthening,Good,34.45%,1,73.34,80.76,22%
EDHL,"Everbright Digital Holding Ltd","Advertising Marketing Services",5.21,+1.76%,8,Buy,"100% Buy",-45.57,-36.40%,4.27,4.45,3.8,5.08,58.52,-52.38,-27.3,917960,Strengthening,Weak,49.71%,2.24,4.62,5.55,64%
EVAX,"Evaxion A/S ADR","Medical Information Systems",3.07,+0.66%,7,Hold,"80% Sell",-46.01,-52.26%,3.27,3.14,3.53,3.19,42.82,-68.24,-49.75,91426,Average,Soft,15.03%,0.11,3,3.37,18%
BTLN,"Brightline Interactive Inc","IT Services",5.38,+2.08%,1,Sell,"24% Sell",-46.15,-57.70%,6.53,6.58,5.88,5.34,44.09,-73.68,-41.49,31279,Weakening,Weak,52.04%,0.1,4.58,6.1,53%
PTLE,"Ptl Ltd","Transportation - Services",6.9,-3.77%,3,Sell,"56% Sell",-46.31,-56.37%,7.47,7.77,7.18,7.15,44.37,-72.35,-27.95,91530,Strengthening,Weak,38.48%,0.11,6.72,7.59,21%
FTLF,"Fitlife Brands Inc","Medical Products",9.21,+5.86%,4,Sell,"100% Sell",-47.32,-54.88%,10.17,9.68,10.47,9.23,47.09,-70.86,-57.5,22322,Weakening,Average,44.86%,1.3,8.9,9.56,47%
FULC,"Fulcrum Therapeutics Inc","Medical - Biomedical",3.77,+0.53%,3,Sell,"88% Sell",-47.49,-60.81%,3.96,3.78,5.11,3.75,51.99,-76.79,-80.78,1597752,Weakest,Average,38.10%,1.11,3.65,3.84,62%
POET,"Poet Technologies Inc","Electronics - Semiconductors",6.97,-0.99%,3,Sell,"88% Sell",-47.50,-20.98%,9.25,7.93,8.97,7.61,38.9,-36.96,-4.,19946459,Strengthening,Weak,11.55%,0.8,6.94,8.28,2%
JDZG,"Jiade Limited",Schools,5.79,+2.84%,4,Buy,"40% Sell",-47.75,-98.77%,13.09,4.01,76.4,4.52,54.88,-114.75,-111.25,221053,Weakest,Weak,88.96%,1.2,3.27,5.78,100%
ARDX,"Ardelyx Inc","Medical - Drugs",3.28,+0.31%,1,Sell,"100% Sell",-48.08,-35.18%,4.67,3.78,5.15,3.4,31.78,-51.16,-57.85,4218397,Average,Maximum,17.33%,0.51,3.23,3.57,15%
PLBL,"Polibeli Group Ltd Cl A",Unclassified,5.64,0.00%,3,Sell,"100% Sell",-48.40,-31.22%,6.62,5.82,7.02,5.66,48.14,-47.2,-62.65,119502,Average,Strong,37.94%,0.85,5.21,6.11,47%
AMPX,"Amprius Technologies Inc","Technology Services",9.44,+0.53%,4,Sell,"100% Sell",-48.67,-26.31%,12.26,10.16,14.33,9.52,43.97,-42.29,5.54,7602941,Average,Good,22.71%,0.93,9.09,9.95,41%
APTV,"Aptiv Plc","Technology Services",43.8,-0.93%,2,Sell,"100% Sell",-48.92,-47.04%,54.03,46.3,56.87,43.96,43.75,-63.02,-56.55,3247479,Strengthening,Strong,53.86%,0.46,42.82,45.1,43%
ORCL,"Oracle Corp","Computer - Software",141.4,+4.59%,2,Sell,"100% Sell",-49.36,-52.38%,155.85,145.75,158.78,142.07,48.18,-68.36,-41.56,28908949,Strongest,Average,39.22%,0.87,132.66,151.48,46%
EMPD,"Empery Digital Inc","Finance - Misc Services",3.05,-3.17%,6,Buy,"56% Sell",-49.73,-61.64%,3.39,3,3.84,3.06,48.68,-77.62,-47.3,577230,Average,Soft,58.42%,0.16,2.87,3.25,47%
IPWR,"Ideal Power Inc","Machinery - Electrical",3.61,-2.17%,1,Sell,"72% Sell",-50.11,-27.51%,4.93,4.38,4.53,3.99,33.37,-43.49,2.72,326397,Strengthening,Weak,5.66%,1.19,3.64,4.34,-5%
HIND,"Vyome Holdings Inc","Medical - Drugs",2.09,+2.96%,4,Sell,"88% Sell",-50.63,-62.00%,2.15,2.11,2.16,2,54.29,-77.98,-53.35,279572,Weakening,Weak,78.56%,0.54,1.88,2.12,87%
RXT,"Rackspace Technology Inc","Technology Services",3.9,+7.73%,6,Buy,"56% Buy",-50.91,+167.12%,4.53,3.8,3.73,3.86,51.86,151.14,287.58,18053973,Average,Weak,29.25%,0.68,3.41,4.31,55%
PDC,"Perpetuals.com Ltd ADR","Technology Services",3.25,-1.52%,4,Buy,"56% Sell",-51.60,+7.97%,4.13,3.16,4.8,3.31,48.66,-8.01,-63.92,88314,Weakening,Good,28.90%,0.07,2.71,3.9,45%
ONDS,"Ondas Inc","Wireless National",6.73,-1.75%,4,Sell,"100% Sell",-51.62,-35.84%,8.41,7.95,8.91,7.33,34.87,-51.82,-45.16,80070523,Strongest,Average,10.24%,0.57,6.84,7.82,-12%
REZI,"Resideo Technologies Inc","Protection - Safety",17.07,-0.76%,2,Sell,"100% Sell",-51.93,-59.48%,26.4,20.66,29.76,18.35,29.22,-75.46,-65.51,1633417,Strongest,Maximum,15.35%,0.65,17.24,19.46,-8%
LUCK,"Lucky Strike Entertainment Corp","Leisure & Recreation Services",5.01,-1.18%,3,Sell,"100% Sell",-52.36,-49.55%,6.89,6.01,7.3,5.31,29.77,-65.53,-54.96,130555,Strongest,Maximum,8.84%,0.36,5.03,5.6,-3%
ASTS,"Ast Spacemobile Inc","Wireless Equipment",50.97,-10.48%,3,Sell,"100% Sell",-52.54,-41.28%,72.49,62.85,76.21,59.63,35.7,-57.26,-43.94,16693826,Strongest,Strong,28.68%,4.6,54.19,65.07,-30%
ACCS,"Access Newswire Inc","Media Conglomerates",4.59,-0.22%,3,Sell,"100% Sell",-52.63,-55.44%,5.89,5.24,6.55,4.82,38.28,-71.42,-64.76,18848,Strongest,Strong,22.73%,0.23,4.52,5.12,11%
NXB,"Nextboat Inc","Technology Services",2,-0.50%,2,Sell,"100% Sell",-52.67,N/A,2.15,2.1,2.31,2.07,45.57,N/A,-18.42,56706,Strengthening,Good,28.67%,0.27,1.86,2.27,34%
NUS,"NU Skin Enterprises","Cosmetics & Toiletries",4.74,-0.63%,2,Sell,"88% Sell",-52.77,-57.07%,5.07,4.8,5.79,4.67,51.18,-73.05,-64.84,577591,Average,Average,74.71%,0.59,4.47,4.86,68%
ALGS,"Aligos Therapeutics Inc","Medical - Biomedical",5.34,+0.56%,4,Sell,"88% Sell",-52.90,-47.70%,5.66,5.89,6.09,5.39,42.49,-63.68,-56.81,137514,Weakening,Average,21.30%,0.11,4.99,5.8,43%
OWLS,"Obook Holdings Inc Cl A","Finance - Misc Services",5.36,-0.56%,6,Hold,"80% Sell",-53.46,N/A,5.55,5.44,5.67,5.49,44.1,N/A,-33.87,31026,Strengthening,Weak,14.70%,0.82,5.28,5.7,19%
QTI,"Qt Imaging Holdings Inc","Medical Instruments",2.68,+3.08%,2,Sell,"88% Sell",-54.15,+20.18%,3.31,2.74,4.4,2.58,51.86,4.2,-70.18,40880,Weakest,Good,44.18%,5.41,2.46,2.69,97%
HIMS,"Hims & Hers Health Inc","Medical Information Systems",30.92,+10.19%,4,Hold,"48% Buy",-55.00,-46.92%,30.03,29.45,28.12,29.03,57.09,-62.9,-18.88,22931229,Average,Weak,48.81%,1.44,27.37,30.69,107%
VRCA,"Verrica Pharmaceuticals Inc","Medical - Drugs",4.11,-1.67%,1,Sell,"100% Sell",-55.11,-4.42%,5.37,4.86,5.62,4.46,36.66,-20.4,-64.65,92999,Strongest,Good,9.12%,0.64,4.06,4.86,6%
MYPS,"Playstudios Inc",Gaming,4.11,-2.84%,8,Sell,"88% Sell",-55.18,-56.93%,5.55,5.2,5.23,4.65,32.06,-72.91,-51.02,52505,Strongest,Average,9.47%,2.02,4.18,5.12,-7%
NVNO,"Envveno Medical Corp","Medical Instruments",8.75,+7.03%,1,Sell,"88% Sell",-55.21,-72.75%,10.33,10.02,10.56,8.66,45.6,-88.73,-36.18,18405,Average,Weak,41.52%,1.59,7.74,9.59,55%
SLDP,"Solid Power Inc Cl A","Auto - Truck Original Parts",2.38,-1.45%,3,Hold,"56% Sell",-56.31,-60.45%,2.52,2.37,2.74,2.39,50.21,-76.43,-57.99,4991048,Weakening,Weak,53.30%,0.93,2.25,2.53,48%
SKIL,"Skillsoft Corp","Technology Services",6.11,-0.49%,5,Sell,"32% Sell",-56.58,-60.07%,6.83,6.83,6.44,5.9,49.78,-76.05,-48.41,144803,Weakening,Minimum,49.38%,0.24,5.29,6.51,67%
PODD,"Insulet Corp","Medical Products",135.28,+0.60%,3,Sell,"100% Sell",-56.73,-57.78%,148.6,142.08,164.49,136.07,44.71,-73.76,-66.52,1360807,Weakening,Average,47.56%,0.49,129.43,142.72,44%
GAME,"Gamesquare Holdings Inc",Gaming,3.11,-0.96%,2,Hold,"24% Buy",-57.21,-50.11%,3.15,3.17,3.12,3.17,48.4,-66.09,-13.14,420678,Weakest,Minimum,46.78%,0.36,2.88,3.47,39%
ATTT,"Atlas Trinity Tech Limited","Retail - Consumer Electronics",2.54,-3.42%,1,Sell,"100% Sell",-57.31,-68.25%,2.95,2.77,3.14,2.71,40.76,-84.23,14.82,73922,Strongest,Soft,28.80%,0.02,2.49,2.93,12%
FATN,"Fatpipe Inc","Internet - Software",5.19,+1.57%,2,Sell,"8% Buy",-57.42,-11.73%,5.71,5.88,4.62,5.43,42.41,-27.71,142.82,821484,Weakest,Weak,21.37%,0.17,4.99,5.88,23%
FOXX,"Foxx Development Holdings Inc","Consumer Prdts - Misc Discr",2.5,+0.40%,3,Sell,"100% Sell",-57.43,-40.48%,2.95,2.61,3.59,2.52,46.14,-56.46,-60.23,505486,Average,Strong,47.55%,0.22,2.35,2.69,44%
YSG,"Yatsen Holding Ltd ADR","Consumer Prdts - Misc Staple",2.58,+2.79%,4,Sell,"100% Sell",-57.79,-66.80%,3.05,2.85,3.09,2.6,45.91,-82.78,-47.79,124621,Average,Soft,33.97%,0.72,2.43,2.78,43%
ALMU,"Aeluma Inc","Electronics - Semiconductors",11.4,-4.44%,4,Sell,"100% Sell",-57.83,-30.91%,17.38,14.29,17.5,12.84,35.39,-46.89,-47.72,889033,Strongest,Strong,22.60%,0.98,11.57,14.1,-7%
MOVE,"Corvex Inc","Technology Services",9.84,+0.31%,1,Sell,"88% Sell",-58.04,+105.77%,14.8,11.33,14.33,11.03,38.68,89.79,46.59,560790,Strengthening,Average,7.90%,0.11,9.72,12.34,5%
INLX,"Intellinetics Inc","Internet - Content",4.78,-11.48%,4,Sell,"100% Sell",-58.07,-56.55%,6.07,5.39,6.68,5.22,41.62,-72.53,-54.19,4286,Strengthening,Strong,36.82%,1.96,4.75,5.69,3%
JFU,"9F Inc ADR","Finance - Misc Services",2.75,+0.37%,5,Sell,"56% Sell",-58.31,-34.52%,2.78,2.57,3.1,2.65,52.97,-50.5,-71.07,47272,Weakest,Soft,57.29%,0.01,2.4,2.9,70%
LIVE,"Live Ventures","Conglomerates - Div Operations",7.65,-1.03%,1,Sell,"100% Sell",-58.73,-56.41%,9.45,8.75,10.59,7.68,41.39,-72.39,-62.42,8182,Average,Strong,39.85%,0.26,7.37,8,45%
NA,"Nano Labs Ltd ADR","Electronics - Semiconductors",2.11,-1.40%,2,Hold,"24% Sell",-59.22,-62.72%,2.06,2.11,2.25,2.24,44.77,-78.7,-47.13,149673,Weakening,Minimum,10.45%,0.09,2.07,2.41,13%
WXM,"Wf International Ltd","Machinery - Electrical",3.42,+0.45%,2,Sell,"88% Sell",-59.56,-89.71%,4.13,4.18,4.4,3.79,39.11,-105.69,-47.14,269041,Strengthening,Weak,20.27%,0,3.34,4.24,9%
AARD,"Aardvark Therapeutics Inc","Medical - Biomedical",4.76,+1.06%,3,Sell,"72% Sell",-59.97,-71.31%,5.47,5.96,5.29,5.25,39.38,-87.29,-77.84,226455,Average,Soft,17.14%,1.08,4.69,5.81,6%
LAES,"Sealsq Corp","Electronics - Semiconductors",2.11,-6.22%,4,Sell,"100% Sell",-59.99,-65.35%,2.73,2.45,2.78,2.31,33.72,-81.33,-58.29,11159881,Strengthening,Good,20.67%,0.77,2.17,2.45,-21%
RTB,"Rtb Digital Inc","Internet - Software",8.15,-2.57%,3,Sell,"24% Sell",-60.15,-41.10%,11.34,11.81,9.53,8.82,38.07,-57.08,29.45,170259,Weakening,Minimum,23.32%,0.33,7.15,10.48,30%
VRM,"Vroom Inc","Auto - Domestic",9.31,+3.91%,2,Sell,"48% Sell",-60.22,-64.37%,9.2,9.56,10.72,9.56,47.85,-80.35,-67.28,20052,Weakest,Weak,30.36%,0.16,8.71,10.41,35%
CJMB,"Callan Jmb Inc","Transportation - Services",2.28,+0.88%,5,Buy,"100% Buy",-61.28,-49.33%,1.57,2.17,1.49,2.27,51.65,-65.31,91.3,1900088,Strengthening,Average,55.40%,0.13,2.07,2.48,51%
CURX,"Curanex Pharmaceuticals Inc","Medical - Drugs",5.31,+11.55%,9,Buy,"24% Sell",-61.86,-64.07%,4.97,4.56,6.14,4.7,61.46,-80.05,-33.8,75998,Weakening,Minimum,71.77%,0.68,4.12,5.29,102%
NNE,"Nano Nuclear Energy Inc","Other Alt Energy",15.34,+0.52%,1,Sell,"100% Sell",-61.87,-67.64%,19.7,17.47,20.96,16.16,40.96,-83.62,-50.22,2200723,Strengthening,Good,23.68%,0.84,14.86,17.46,18%
GWAV,"Greenwave Technology Solutions Inc","Metal Products - Distribution",2.5,+6.84%,1,Sell,"72% Sell",-62.10,-61.07%,3.41,3.6,3.51,2.51,42.05,-77.05,-66.4,88775,Weakening,Average,36.08%,0.23,2.09,2.92,49%
MGN,"Megan Holdings Limited","Agriculture Operations",3.67,+8.26%,1,Hold,"80% Sell",-62.50,-95.75%,3.89,3.7,14.07,3.85,48.33,-111.73,-106.17,623722,Weakest,Average,10.42%,0.14,3.09,4.6,38%
ASBP,"Aspire Biopharma Holdings Inc","Electronics Products - Misc",8.3,0.00%,2,Hold,"16% Sell",-63.12,-97.95%,7.16,8.24,11.13,8.52,47.88,-113.93,-108.87,277509,Weakest,Minimum,35.89%,1.08,7.97,9.07,30%
SQNS,"Sequans Communications S A ADR","Electronics - Semiconductors",2.71,-1.81%,6,Sell,"100% Sell",-63.40,-70.92%,3.08,2.85,3.08,2.84,41.25,-86.9,-53.75,141025,Strengthening,Weak,13.81%,1.92,2.64,3.03,17%
SORA,Asiastrategy,"Leisure & Recreational Prdcts",2.4,+6.67%,10,Hold,"32% Buy",-63.42,-60.59%,2.19,2.24,2.21,2.21,56.95,-76.57,-35.42,114274,Average,Minimum,69.33%,0.38,1.99,2.43,94%
PN,"Pn Smart Energy Limited","Other Alt Energy",2.46,+2.71%,7,Hold,"96% Sell",-63.91,-83.49%,4.11,3.34,5.03,2.61,43.31,-99.47,-97.13,776623,Weakening,Weak,16.88%,0.07,2.17,3.05,34%
AEVA,"Aeva Technologies Inc","Auto - Truck Original Parts",13.66,-0.22%,3,Sell,"88% Sell",-63.99,-15.52%,19.6,17.19,18.17,14.6,38.31,-31.5,-11.25,2118605,Strongest,Average,17.43%,0.65,13.46,15.75,9%
SPAI,"Safe Pro Group Inc","Technology Services",4.06,-4.81%,2,Sell,"56% Sell",-64.44,-45.58%,4.57,4.68,4.5,4.39,42.73,-61.56,-16.51,321401,Strengthening,Weak,49.00%,0.51,4.03,4.75,4%
MENS,"Jyong Biotech Ltd","Medical - Biomedical",2.1,0.00%,5,Hold,"56% Sell",-66.98,-96.12%,2.1,2.12,2.14,2.09,49.73,-112.1,-60.95,206437,Weakest,Weak,34.72%,0.88,1.93,2.26,52%
CGTL,"Creative Global Technology Ltd","Consumer Prdts - Misc Discr",3.45,+6.81%,2,Sell,"100% Sell",-67.21,-55.31%,4.76,4.08,8.82,3.79,37.99,-71.29,-94.78,282871,Average,Average,22.07%,0.12,3.35,4.23,11%
ZJYL,"Jin Medical International Ltd","Medical Products",2.06,-2.83%,2,Sell,"56% Sell",-67.28,-76.32%,2.28,2.33,2.26,2,48.08,-92.3,-67.29,332593,Weakening,Weak,68.97%,0.01,1.87,2.13,74%
NCTY,"The9 Ltd ADR","Internet - Content",3.54,+1.87%,2,Sell,"100% Sell",-67.94,-68.10%,4.43,4.19,4.84,3.61,43.99,-84.08,-58.62,96258,Average,Good,30.49%,0.28,3.1,4.12,43%
PLYX,"Polaryx Therapeutics Inc","Medical - Biomedical",2,0.00%,4,Sell,N/A,-67.98,N/A,2.3,2.11,3.32,2.07,43.46,N/A,N/A,N/A,N/A,N/A,45.66%,0.16,1.98,2.17,12%
NB,"Niocorp Developments Ltd","Mining - Misc",3.37,-1.17%,1,Sell,"100% Sell",-68.16,-65.75%,4.53,4.14,4.79,3.53,35.59,-81.73,-50.53,4037731,Strongest,Strong,13.98%,0.57,3.34,3.72,7%
ATHR,"Aether Holdings Inc","Technology Services",2.98,+2.71%,5,Sell,"100% Sell",-68.33,-46.21%,3.63,3.45,3.47,3.43,38.5,-62.19,-66.05,13977,Strengthening,Soft,4.94%,0.37,2.92,3.94,5%
WKHS,"Workhorse Grp","Auto - Truck Original Parts",2.95,+1.03%,2,Sell,"72% Sell",-68.56,-77.45%,3.06,3.09,3.05,2.96,46.99,-93.43,-56.15,133485,Weakest,Weak,36.90%,0.72,2.85,3.07,47%
LTBR,"Lightbridge Corp","Other Alt Energy",6.07,+1.00%,1,Sell,"100% Sell",-69.56,-74.52%,8.37,7.5,9.55,6.52,37.27,-90.5,-66.09,884107,Strongest,Strong,18.01%,0.58,6.02,7.03,5%
CLIR,"Clearsign Technologies Corp","Industrial Services",3.21,+3.22%,1,Sell,"100% Sell",-69.64,-65.10%,3.98,3.97,4.27,3.55,36.44,-81.08,-56.39,21828,Strongest,Good,7.88%,1.4,3.09,4.02,13%
LNZA,"Lanzatech Global Inc","Waste Removal Svcs",6.13,+1.49%,5,Sell,"72% Sell",-69.92,-79.14%,6.19,6.09,11.24,5.94,53.44,-95.12,-69.56,76800,Weakest,Average,58.62%,0.8,5.63,6.24,82%
MFI,"Mf International Limited","Internet - Software",9,-3.23%,3,Hold,"48% Sell",-70.55,-75.34%,9.02,8.95,9.82,9.39,42.99,-91.32,-65.67,14455,Weakening,Weak,14.96%,0.09,9.07,9.72,-10%
DRK,"Sphere 3D Corp","Technology Services",2.75,-1.43%,5,Buy,"72% Buy",-70.91,-70.11%,2.56,2.52,2.23,2.86,51.17,-86.09,-21.7,1335073,Weakening,Weak,37.78%,0.49,2.63,3.1,26%
FABC,"Fabric.Ai Inc","Technology Services",2.25,+0.45%,2,Sell,"88% Sell",-72.34,-60.25%,3.07,2.52,2.98,2.28,41.83,-76.23,-22.27,851046,Strengthening,Average,38.60%,0.34,2.15,2.41,38%
EOCN,"Eocene Ltd","Medical - Biomedical",3.54,-2.21%,1,Sell,"96% Sell",-72.50,-71.54%,4.35,4.02,4.55,3.54,45.49,-87.52,-55.15,156448,Strengthening,Average,61.67%,0.2,3.32,3.77,50%
MTNB,"Matinas Biopharma Hl","Medical - Drugs",2.87,+1.41%,2,Sell,"88% Sell",-72.78,-89.71%,6.01,3.06,6.94,2.64,50.23,-105.69,-81.46,134790,Weakening,Good,60.97%,0.38,2.27,3.02,80%
LFS,"Leifras Co. Ltd ADR","Leisure & Recreation Services",2.21,-0.90%,4,Buy,"72% Sell",-73.92,-28.94%,2.26,2.24,2.25,2.17,50.86,-44.92,-34.33,1079575,Strengthening,Weak,61.63%,0.05,2.01,2.33,63%
CLRO,"Clearone Inc","Communications Components",3.91,-4.87%,3,Sell,"40% Sell",-74.39,-34.40%,4.95,5.09,4.55,4.27,43.04,-50.38,-37.29,1584422,Strengthening,Weak,26.44%,0.01,3.36,5.19,30%
UPC,"Universe Pharmaceuticals Inc","Medical - Drugs",4.15,-0.72%,4,Sell,"24% Buy",-74.69,-42.52%,4.45,4.94,3.92,4.53,42.04,-58.5,-5.19,718745,Weakest,Soft,15.94%,0.01,4.08,4.99,8%
AIFU,"Aifu Inc","Insurance - Multi Line",12.02,+9.17%,1,Sell,"88% Sell",-75.09,-89.09%,30.8,19.33,30.91,10.61,46.02,-105.07,-91.68,13157,Average,Average,68.43%,0.26,8.52,12.7,84%
RVSN,"Rail Vision Ltd","Transportation - Rail",3.47,-1.88%,1,Sell,"100% Sell",-75.14,-82.21%,4.4,4.21,5.59,3.59,39.88,-98.19,-78.41,61756,Average,Average,37.56%,0.14,3.33,3.86,27%
CRE,"Cre8 Enterprise Limited Cl A","Business Services",2.86,-4.67%,4,Sell,"40% Sell",-75.71,-64.95%,2.91,2.93,2.84,2.8,50.34,-80.93,-11.07,864571,Weakest,Minimum,19.76%,0.03,2.49,3.11,60%
MSAI,"Multisensor AI Holdings Inc","Internet - Software",4.65,+4.78%,4,Sell,"100% Sell",-75.77,-79.52%,5.21,5.04,6.13,4.73,44.94,-95.5,-73.75,111399,Weakening,Soft,17.35%,1.02,4.49,4.97,34%
AMCI,"AMC Robotics Corporation",Unclassified,2.78,-0.71%,4,Sell,"100% Sell",-75.99,-72.26%,4.39,3.92,5.08,3.13,32.15,-88.24,-78.96,375574,Strongest,Strong,4.53%,0.07,2.79,3.47,-1%
ATPC,"Agape Atp Corp","Medical Products",2.22,+5.45%,3,Sell,"88% Sell",-76.06,-96.29%,2.69,2.34,2.69,2.19,50.4,-112.27,-72.33,1990156,Weakening,Weak,28.89%,0.45,1.98,2.39,59%
UK,"Ucommune Intl Ltd","Real Estate Operations",2.02,+9.16%,4,Sell,"88% Sell",-76.11,-81.64%,2.21,2.07,2.87,1.99,50.41,-97.62,-82.06,131800,Weakest,Soft,54.48%,0.35,1.87,2.12,61%
GOSS,"Gossamer Bio Inc","Medical - Biomedical",9.31,-5.77%,1,Sell,"100% Sell",-76.15,-95.45%,13.27,12.42,19.07,10.9,33.89,-111.43,-110.36,235940,Strengthening,Average,8.76%,1.06,9.62,12.17,-12%
MB,"Masterbeef Group","Retail - Restaurants",3.66,-3.68%,2,Sell,"100% Sell",-78.72,-61.35%,5.16,4.52,5.48,3.99,35.37,-77.33,-62.78,188799,Strongest,Good,14.86%,0.01,3.74,4.24,-16%
WNW,"Meiwu Technology Ltd","Technology Services",2.14,-2.73%,4,Sell,"100% Sell",-79.57,-98.96%,2.93,2.48,11.36,2.37,35.42,-114.94,-112.57,872585,Average,Soft,8.56%,0.05,2.2,2.54,-17%
JEM,"707 Cayman Holdings Ltd","Textile - Apparel",3.61,+4.34%,3,Sell,"100% Sell",-79.95,-95.83%,11.02,4.18,14.2,3.71,42.12,-111.81,-105.6,495621,Weakening,Weak,30.73%,0.04,3.41,4.01,34%
OKLO,"Oklo Inc","Other Alt Energy",34.7,+0.38%,1,Sell,"100% Sell",-80.24,-74.88%,47.04,40.23,51.85,37.26,39.45,-90.86,-65.75,11079296,Strengthening,Good,15.17%,0.74,33.94,40.57,12%
TRIB,"Trinity Bio ADR","Medical Products",6.86,+13.49%,2,Sell,"88% Sell",-80.27,-79.78%,11.97,9.04,14.43,6.81,44.51,-95.76,-85.22,54432,Average,Strong,62.29%,1.66,5.78,7.84,52%
ZSTK,"Zerostack Corp","Finance - Misc Services",4.62,-0.43%,1,Buy,"24% Buy",-81.64,-75.71%,3.7,4.01,4.59,4.52,52.95,-91.69,-40.31,190123,Weakest,Minimum,65.16%,0.02,3.87,5.18,57%
LCID,"Lucid Group Inc","Auto - Domestic",3.79,-0.79%,2,Sell,"100% Sell",-83.07,-82.53%,5.53,5.06,6.41,4.09,32.9,-98.51,-78.25,13168158,Strengthening,Average,13.78%,0.64,3.81,4.38,-3%
UPLD,"Upland Software Inc","Internet - Software",3.6,+1.41%,4,Sell,"88% Sell",-84.64,-85.37%,5.04,4.11,5.58,3.59,46.08,-101.35,-88.94,30793,Weakening,Soft,49.89%,0.44,3.18,4,51%
EDSA,"Edesa Biotech Inc","Medical - Biomedical",3.51,-4.10%,1,Sell,"88% Sell",-84.72,+34.74%,5.79,4.56,6.88,3.93,36.1,18.76,133.07,1519571,Strongest,Soft,27.29%,0.61,3.52,4.34,-1%
ZEPP,"Zepp Health Corp ADR","Medical Information Systems",3.72,-3.12%,2,Sell,"100% Sell",-86.38,-93.93%,5.2,4.63,8.33,4.09,32,-109.91,-100.3,96478,Average,Average,19.13%,0.24,3.64,4.54,9%
TNON,"Tenon Medical Inc","Medical Instruments",3.41,-0.87%,2,Sell,"100% Sell",-86.83,-91.81%,10.07,4.84,15.72,3.73,43.44,-107.79,-103.87,2122269,Average,Strong,32.91%,0.02,2.39,5.07,38%
XPON,"Expion Energy Inc","Other Alt Energy",4.16,+3.23%,1,Sell,"100% Sell",-87.35,-76.89%,4.96,4.75,5.97,4.55,43.73,-92.87,-62.97,834731,Average,Average,12.10%,0,3.82,5.27,23%
CIIT,"Tianci International Inc","Transportation - Ship",2.52,-12.20%,3,Sell,"100% Sell",-87.74,-94.01%,5.56,3.02,9.16,2.56,44.28,-109.99,-103.28,296101,Weakening,Soft,45.28%,1.07,2.27,2.85,43%
SNAL,"Snail Inc Cl A",Gaming,2.27,0.00%,4,Sell,"88% Sell",-87.91,-59.10%,3.56,2.94,3.44,2.45,33.61,-75.08,-63.04,1461291,Strengthening,Good,32.22%,0.11,2.17,2.74,18%
YXT,"Yxt.com Group ADR","Internet - Software",2.08,0.00%,3,Sell,"100% Sell",-88.34,-80.00%,3.67,3.39,4.16,2.29,41.35,-95.98,-88.11,485503,Average,Good,41.92%,0.01,2.09,2.5,-1%
ATGL,"Alpha Technology Group Ltd","Technology Services",4.51,-8.33%,2,Sell,"100% Sell",-88.95,-81.05%,9.81,6.48,12.21,5.19,35.3,-97.03,-92.56,19266,Strongest,Maximum,17.14%,0.25,4.3,6.08,12%
OMH,"Ohmyhome Limited","Technology Services",2.46,+4.01%,5,Sell,"88% Sell",-89.08,-96.21%,15.89,3.52,28.85,2.46,39.44,-112.19,-108.01,229665,Weakest,Strong,25.22%,0.04,2.24,2.68,52%
DSY,"Big Tree Cloud Holdings Ltd","Consumer Prdts - Misc Staple",3.48,+0.29%,1,Sell,"24% Sell",-90.13,-80.26%,3.49,3.82,3.16,3.55,42.92,-96.24,-50.26,1063231,Weakest,Minimum,18.43%,0.01,3.41,3.69,25%
LIMN,"Liminatus Pharma Inc Cl A","Medical - Drugs",3.76,+1.90%,4,Sell,"100% Sell",-90.38,-95.08%,5.59,4.49,7.11,3.8,44.78,-111.06,-101.78,334398,Weakening,Weak,28.30%,0.06,3.26,4.33,47%
XCH,"Xchg Limited Ads","Electronics Products - Misc",2.94,-1.67%,5,Sell,"100% Sell",-90.72,-87.75%,8.87,4.34,13.39,3.15,31.57,-103.73,-101.1,22443,Average,Strong,31.17%,2.06,2.96,3.34,-4%
SDOT,"Sadot Group Inc","Consumer Prdts - Misc Staple",9.08,-8.19%,1,Sell,"100% Sell",-90.83,-91.75%,15.07,12.29,18.95,11.04,37.08,-107.73,-76.59,1494079,Strongest,Weak,3.04%,0.05,9.41,12.67,-10%
LGCL,"Lucas Gc Limited","Technology Services",2.23,-9.35%,4,Sell,"100% Sell",-91.00,-99.62%,120.39,44.51,153.17,2.82,26.51,-115.6,-113.29,336210,Average,Soft,13.48%,0.12,2.2,3.44,3%
DBGI,"Digital Brands Group Inc","Retail - Apparel & Shoes",4.01,-10.89%,1,Sell,"100% Sell",-91.33,-98.64%,17.87,8.22,36.98,4.68,36.37,-114.62,-113.32,294067,Average,Average,15.44%,0.09,3.92,5.44,6%
IPDN,"Professional Diversity Network Inc",Outsourcing,3.53,-16.15%,2,Sell,"100% Sell",-91.66,-96.19%,11.37,5.59,17.58,3.76,43.31,-112.17,-103.79,692735,Strengthening,Average,22.46%,0.05,2.57,4.95,40%
AMIX,"Autonomix Medical Inc","Medical Instruments",3.11,-0.64%,2,Sell,"100% Sell",-91.89,-88.25%,6.1,5.56,6.79,3.86,32.01,-104.23,-87.18,1501211,Strengthening,Average,2.32%,0.01,3.15,4.56,-3%
HAO,"Haoxi Health Technology Limited Cl A Ord Shar","Advertising Marketing Services",2.4,-4.00%,4,Sell,"100% Sell",-91.91,-99.93%,10.1,3.09,802.01,2.76,25,-115.9,-114.02,140651,Average,Average,15.42%,0.22,2.4,3.12,1%
CTNT,"Cheetah Net Supply Chain Service Inc Cl A","Auto - Domestic",2.64,-6.38%,2,Sell,"100% Sell",-92.26,-100.00%,197.92,141.21,7914.88,5.47,11.31,-115.98,-114.1,180504,Average,Average,8.10%,0.2,-3.36,14.3,34%
PCLA,"Picocela Inc ADR","Diversified Comm Services",6.61,-0.52%,2,Hold,"56% Buy",-92.74,-50.45%,6.27,6.99,4.89,6.99,46.24,-66.43,-41.1,867257,Weakening,Weak,17.58%,0.03,6.14,7.84,28%
UCAR,"U Power Limited","Auto - Truck Original Parts",4.26,+8.95%,1,Sell,"88% Sell",-93.14,-98.96%,17.02,9.58,26.2,4.15,30.56,-114.94,-112.71,223833,Weakest,Soft,28.15%,0.48,3.62,4.68,61%
SPRC,"Scisparc Ltd","Medical - Drugs",4.47,+0.90%,4,Sell,"100% Sell",-93.15,-89.04%,6.16,5.68,5.79,4.69,40.73,-105.02,-77.59,453624,Strengthening,Weak,22.38%,0.1,4.15,5.24,29%
FXHO,"Utime Ltd","Wireless Equipment",10.87,-7.25%,2,Sell,"88% Sell",-93.87,-99.82%,11.04,10.99,14.75,10.83,49.76,-115.8,-92.8,157250,Strengthening,Weak,52.74%,0.37,8.77,12.9,51%
JUNS,"Jupiter Neurosciences Inc","Medical - Drugs",2.85,+2.89%,3,Sell,"88% Sell",-94.64,-97.64%,9.98,4.02,16.15,2.8,40.55,-113.62,-110.38,345874,Weakest,Average,39.82%,0.01,2.32,3.27,56%
INLF,"Inlif Limited","Medical Products",3.02,-6.21%,2,Sell,"100% Sell",-94.74,-99.87%,163.18,3.98,400.25,3.44,30.92,-115.85,-113.91,1302464,Weakening,Average,13.14%,0.01,1.92,4.97,36%
VBIO,"Valion Bio Inc","Medical - Biomedical",2.14,-3.17%,9,Sell,"100% Sell",-95.04,-97.11%,8.93,3.71,14.34,2.48,36.51,-113.09,-108.21,485241,Weakening,Average,4.05%,0.08,1.76,3.2,26%
CPOP,"Pop Culture Group Company Cl A","Advertising Marketing Services",2.84,-1.73%,4,Sell,"100% Sell",-95.43,-97.72%,16.4,4.62,26.81,3.83,35.45,-113.7,-109.6,179816,Average,Average,6.51%,0.02,2.14,5.52,21%
RBNE,"Robin Energy Ltd","Transportation - Ship",2.23,+2.76%,4,Sell,"100% Sell",-96.02,-97.73%,6.54,2.52,13.17,2.37,38.18,-113.71,-109.04,161787,Weakening,Soft,25.12%,0.53,2.01,2.72,31%
FCUV,"Focus Universal Inc","Internet - Services",4.17,-6.08%,2,Sell,"72% Sell",-96.15,-97.31%,5.19,7.33,7.04,4.72,40.49,-113.29,-101.24,1293632,Average,Weak,25.37%,0.02,3.94,5.5,15%
ELPW,"Elong Power Holding Cl A","Electronics Products - Misc",2.71,+3.44%,2,Sell,"100% Sell",-96.23,-99.99%,18.01,3.6,58.85,2.77,35.8,-115.97,-114.07,270377,Weakening,Weak,9.37%,0.05,2.35,3.19,43%
PAVS,"Paranovus Entertainment Technology Ltd","Conglomerates - Div Operations",3.64,0.00%,2,Sell,"100% Sell",-96.31,-100.00%,21.81,4.9,138.38,4.04,30.7,-115.98,-113.93,410888,Average,Weak,9.50%,0.02,3.55,4.52,9%
BYAH,"Park Ha Biological Technology Co. Ltd","Consumer Prdts - Misc Staple",2.53,+1.61%,4,Sell,"88% Sell",-96.54,-98.60%,5.21,2.71,6.5,2.49,48.05,-114.58,-110.14,335593,Weakest,Weak,44.76%,0.06,2.16,2.81,56%
CYCU,"Cycurion Inc","Protection - Safety",2.97,-1.00%,3,Sell,"100% Sell",-96.70,-95.74%,4.64,4.13,6.09,3.13,43.57,-111.72,-100.66,1081070,Average,Weak,19.30%,0.07,2.48,3.77,38%
CHGA,"Change Agents Corporation","IT Services",2.02,+0.50%,4,Sell,"100% Sell",-96.73,-95.79%,4.51,2.89,6.34,2.14,38.25,-111.77,-105.69,352777,Average,Average,14.03%,0.14,1.79,2.5,33%
INHD,"Inno Holdings Inc","Electronic Misc Services",3.75,-2.09%,2,Sell,"72% Sell",-96.95,-99.39%,5.22,5.52,11.23,3.35,48.29,-115.37,-97.66,1934669,Weakest,Weak,30.34%,1,2.87,3.83,92%
NXTT,"Next Technology Holding Inc","Internet - Software",5.3,+1.15%,5,Sell,"100% Sell",-97.06,-99.78%,64.91,7.68,104.23,5.53,31.48,-115.76,-113.23,55530,Weakening,Weak,11.99%,0.03,4.74,6.32,35%
SUGP,"Su Group Holdings Limited","Engineering & R&D Services",2.23,-7.08%,4,Sell,"100% Sell",-97.26,-99.29%,20.48,6.62,60.77,2.95,27.82,-115.27,-112.89,370065,Weakening,Good,12.80%,0.05,1.98,3.91,13%
IPST,"Ip Strategy Holdings Inc","Finance - Misc Services",3.01,0.00%,2,Sell,"88% Sell",-97.86,-98.97%,3.63,4.04,4.87,3.03,45.2,-114.95,-104.46,857791,Weakening,Weak,19.70%,0.01,2.55,3.51,48%
FGL,"Founder Group Limited",Solar,4.68,+7.34%,2,Sell,"88% Sell",-98.39,-99.88%,90.04,26.18,153.74,4.38,21.63,-115.86,-113.82,56823,Weakest,Weak,25.21%,0.5,3.94,4.82,84%
AIXI,"Xiao-I Corporation ADR","Technology Services",2.03,+5.18%,2,Sell,"88% Sell",-99.03,-98.77%,21.27,3.85,42.43,1.83,43.2,-114.75,-110.57,1539856,Weakest,Soft,28.02%,0.57,1.2,2.45,66%
VMAR,"Vision Marine Technologies Inc","Leisure & Recreational Prdcts",6.07,-3.65%,5,Sell,"100% Sell",-99.05,-99.90%,17.67,7.18,67.44,7.11,37.79,-115.88,-113.35,161661,Average,Weak,11.07%,0.05,5.8,8.42,10%
LGHL,"Lion Group Holding Ltd ADR","Finance - Misc Services",3.1,-5.78%,3,Sell,"100% Sell",-99.09,-99.90%,49.9,10.14,88.61,5.79,27.33,-115.88,-113.44,214036,Weakening,Weak,2.07%,0.08,2.18,9.39,13%
DFNS,"T3 Defense Inc","Aerospace - Defense",6.01,-3.38%,1,Sell,"100% Sell",-99.48,-99.46%,22.62,17.47,44.48,7.38,34.93,-115.44,-112.92,1188703,Weakening,Soft,9.72%,0.11,5.75,9.01,8%
VIVK,"Vivakor Inc","Technology Services",3.8,-5.24%,1,Sell,"100% Sell",-99.50,-99.97%,91.75,13.04,283.93,7.19,21.42,-115.95,-113.47,356997,Weakening,Weak,5.87%,34.67,2.83,11.54,11%
KIDZ,"Kidz AI Inc",Schools,2.1,+1.94%,1,Sell,"100% Sell",-99.70,-99.97%,14.84,3.95,102.37,2.62,26.23,-115.95,-113.95,438219,Weakening,Weak,7.07%,0.06,1.95,3.29,11%
AADX,"Applied Aerospace & Defense Inc","Aerospace - Defense Equipment",11.45,+2.69%,5,N/A,N/A,N/A,N/A,0,14.59,0,12.16,38.5,N/A,N/A,N/A,N/A,N/A,11.86%,0.64,11.05,13.27,18%
AIAI,"Aiai Holdings Corporation Cl A","Technology Services",3.18,0.00%,4,Sell,N/A,N/A,N/A,8.08,4.07,0,3.4,40.91,N/A,N/A,N/A,N/A,N/A,36.51%,0.43,3.08,3.72,16%
AIIR,"Air Global Plc",Tobacco,7.44,-0.80%,6,N/A,N/A,N/A,N/A,0,7.23,0,7.52,49.66,N/A,N/A,N/A,N/A,N/A,54.24%,1,7.1,7.94,40%
ARXS,"Arxis Inc Cl A","Electronics - Misc Components",47.89,+2.39%,2,Sell,N/A,N/A,N/A,47.49,52.74,0,49.54,42.21,N/A,N/A,N/A,N/A,N/A,13.94%,0.74,46.71,52.37,21%
BIII,"Black Spade Acquisition III CO Cl A",Unclassified,10.07,+0.20%,3,Buy,N/A,N/A,N/A,9.96,10.02,0,10.05,66.35,N/A,N/A,N/A,N/A,N/A,55.56%,3.28,10.04,10.07,111%
BOT,"Robostrategy Inc","Finance - Investment Mgmt",27.69,-2.05%,6,Buy,N/A,N/A,N/A,29.58,28.13,0,28.24,47.75,N/A,N/A,N/A,N/A,N/A,27.05%,0.65,25.05,31.43,41%
CLBR,"Colombier Acquisition Corp III Cl A",Unclassified,10.18,-0.20%,4,Sell,N/A,N/A,N/A,10.23,10.24,0,10.2,41.31,N/A,N/A,N/A,N/A,N/A,38.89%,2.09,10.17,10.23,14%
DPC,"Dpc Holdings Plc","Aerospace - Defense",38.73,-0.28%,2,N/A,N/A,N/A,N/A,0,44.35,0,40.81,37.98,N/A,N/A,N/A,N/A,N/A,19.24%,0.77,38.84,42.79,-3%
ELOX,"Eloxx Pharmaceuticals Inc","Medical - Biomedical",13.74,-9.49%,4,N/A,N/A,N/A,N/A,0,16.86,0,15.94,37.05,N/A,N/A,N/A,N/A,N/A,18.74%,0.85,13.67,18.21,1%
ENRD,"Einride Ab ADR","Technology Services",3.36,-1.18%,2,N/A,N/A,N/A,N/A,0,4.61,0,3.68,35.07,N/A,N/A,N/A,N/A,N/A,34.21%,0.1,3.17,4.19,19%
EROC,"Erock Inc Cl A","Other Alt Energy",11.95,-2.13%,5,N/A,N/A,N/A,N/A,0,12.58,0,12.41,46.22,N/A,N/A,N/A,N/A,N/A,27.44%,0.7,11.15,13.67,32%
FCBM,"First Carolina Financial Services Inc","Banks - Southeast",12.74,-0.47%,3,N/A,N/A,N/A,N/A,0,12.7,0,12.75,51.19,N/A,N/A,N/A,N/A,N/A,52.74%,0.57,12.47,13.02,48%
FRBT,"Forbright Inc Cl A","Banks - West",17.99,-0.50%,3,N/A,N/A,N/A,N/A,0,18.56,0,17.97,48.36,N/A,N/A,N/A,N/A,N/A,58.87%,0.38,16.94,19,51%
LIME,"Neutron Holdings Inc","Auto - Truck Replacement Parts",28.58,-2.56%,1,N/A,N/A,N/A,N/A,0,34.27,0,28.8,42.76,N/A,N/A,N/A,N/A,N/A,45.22%,0.91,26.51,31.09,45%
MAIR,"Madison Air Solutions Corporation Cl A","Electronics Products - Misc",24.22,+0.92%,2,Sell,N/A,N/A,N/A,32.23,26.65,0,24.42,41.37,N/A,N/A,N/A,N/A,N/A,36.28%,0.44,23.35,25.49,41%
MFP,"Midera Food Processing Inc","Food - Misc & Diversified",40.97,+1.46%,3,N/A,N/A,N/A,N/A,0,44.49,0,42.46,43.14,N/A,N/A,N/A,N/A,N/A,20.76%,0.3,39.31,45.6,26%
NHP,"National Healthcare Properties Inc Cl A","REIT - Equity Trust Resident",15.55,+2.34%,4,Sell,N/A,N/A,N/A,15.52,16.17,0,15.99,41.56,N/A,N/A,N/A,N/A,N/A,13.31%,0.62,15.39,16.59,13%
QH,"Quhuo Limited ADR","Technology Services",3.58,-2.85%,4,N/A,N/A,N/A,N/A,0,4.13,0,3.8,39.4,N/A,N/A,N/A,N/A,N/A,15.56%,0.16,3.45,4.16,18%
SIND,"Sinda Ltd","Mining - Silver",14.02,+3.09%,2,N/A,N/A,N/A,N/A,0,15.22,0,14.1,46.62,N/A,N/A,N/A,N/A,N/A,43.65%,0.28,12.97,15.22,47%
XE,"X-Energy Inc Cl A","Other Alt Energy",13.71,-0.44%,1,Sell,N/A,N/A,N/A,18.72,17.31,0,15.01,38.43,N/A,N/A,N/A,N/A,N/A,17.27%,0.56,13.21,16.81,14%
"Downloaded from Barchart.com as of 10-09-2026 09:06pm CDT"
