Symbol,Name,Industry,Latest,%Change,"1M #Hi",Trend,Opinion,"Wtd Alpha","52W %Chg","100D MA","50D MA","150D MA","20D MA","14D RSI","1Y vs IDX","YTD vs IDX","200D Avg Vol",Direction,Strength,"14D Stoch %K","50D RelVol","BB Lower","BB Upper",BB%
ERAS,"Erasca Inc","Medical - Biomedical",18.28,-0.54%,2,Buy,"88% Buy",+847.18,"+1,014.63%",15.8,17.27,14.63,18.5,51.24,994.55,378.26,5295789,Average,Average,47.97%,0.46,17.49,19.51,39%
SYRE,"Spyre Therapeutics Inc","Medical - Biomedical",104.6,+0.94%,6,Buy,"100% Buy",+389.04,+517.11%,80.34,94.28,66.1,101.82,57.36,497.03,206.15,998964,Strengthening,Maximum,69.52%,0.67,96.33,107.32,75%
RLAY,"Relay Therapeutics Inc","Medical - Drugs",20.67,+4.08%,3,Buy,"100% Buy",+376.95,+483.90%,15.88,18.23,13.58,19.38,65.58,463.82,131.19,2986423,Strongest,Maximum,80.49%,0.57,18.1,20.66,100%
CHRN,"Chronoscale Holdings Corp","Internet - Software",22.19,+6.02%,1,Hold,"96% Buy",+307.18,+606.69%,17.27,21.42,14.84,21.66,52.08,586.61,143.69,820451,Strengthening,Strong,50.78%,0.33,17.76,25.56,57%
DNTH,"Dianthus Therapeutics Inc","Medical - Biomedical",114.86,-0.95%,5,Buy,"100% Buy",+295.83,+453.81%,92.61,97.83,81.06,108.39,60.49,433.73,165.58,901635,Strongest,Strong,83.37%,0.5,100.27,116.51,90%
DFTX,"Definium Therapeutics Inc","Medical - Drugs",45.26,+6.17%,4,Hold,"96% Buy",+193.44,+370.97%,30.79,39.83,26.26,43.55,56.4,350.89,224.87,2234648,Strongest,Strong,38.11%,0.7,40.66,46.44,80%
STTK,"Shattuck Labs Inc","Medical - Biomedical",7.39,-0.40%,2,Buy,"88% Buy",+184.34,+639.00%,6.52,6.43,5.9,7.23,55.05,618.92,89.33,770641,Average,Good,58.26%,0.38,6.74,7.72,66%
NBTX,"Nanobiotix S.A. ADR","Medical - Biomedical",42.05,+9.76%,5,Buy,"100% Buy",+182.90,+431.61%,37.46,37.87,33.84,39.02,59.02,411.53,68.74,72951,Strongest,Average,54.91%,4.31,36.56,41.48,112%
STRO,"Sutro Biopharma Inc","Medical - Biomedical",22.28,+8.79%,6,Sell,"24% Sell",+167.94,+153.76%,28.94,26.63,25.37,23.71,41.26,133.68,79.43,226365,Weakest,Weak,37.47%,1.02,20.79,26.64,26%
MNPR,"Monopar Therapeutics Inc","Medical - Biomedical",116.49,+3.05%,5,Buy,"100% Buy",+165.73,+226.21%,77.1,96.31,71.61,113.29,59.57,206.13,65.25,218845,Strongest,Maximum,42.67%,0.74,105.09,121.5,69%
ENGS,"Energys Group Limited","Broadcast - Radio & TV",2.85,0.00%,6,Buy,"100% Buy",+157.10,-19.49%,1.91,2.5,1.59,2.73,57.1,-39.57,221.48,556579,Strengthening,Average,77.60%,1.8,2.51,2.95,77%
SLGL,"Sol-Gel Technologies Ltd","Medical - Generic Drugs",83.01,-1.98%,3,Sell,"72% Buy",+156.30,+437.63%,75.91,78.35,75.41,83.24,51.98,417.55,83.85,34243,Weakening,Soft,65.66%,2.42,75.46,91.01,49%
APGE,"Apogee Therapeutics Inc","Medical - Biomedical",134.59,+0.03%,6,Buy,"100% Buy",+151.45,+260.93%,104.08,124.38,93.16,134.36,76.4,240.85,65.17,1479531,Average,Strong,58.82%,0.62,133.92,134.8,76%
MAAS,"Maase Inc ADR","Finance - Misc Services",16.88,+1.32%,4,Hold,"80% Buy",+147.22,+341.88%,12.66,16.47,10.38,18.01,48.2,321.8,199.45,107523,Strengthening,Strong,15.26%,2.07,15.14,20.87,30%
GRAL,"Grail Inc","Medical - Biomedical",69.95,+3.06%,5,Buy,"40% Buy",+145.37,+115.70%,62.19,67.52,67.35,69.56,50.74,95.62,-31.41,953810,Average,Weak,50.55%,1.23,62.82,76.31,53%
TRVI,"Trevi Therapeutics Inc","Medical - Biomedical",18.48,+0.11%,1,Buy,"100% Buy",+135.15,+145.74%,15.55,17.34,14.08,18.11,55.02,125.66,34.46,1774367,Strongest,Maximum,49.23%,0.37,17.26,18.97,72%
GHRS,"Gh Research Plc","Medical - Biomedical",29.98,+1.66%,5,Buy,"100% Buy",+135.12,+134.40%,22.9,26.3,20.44,28.79,58.37,114.32,122.92,314918,Strengthening,Maximum,54.29%,0.59,26.89,30.7,81%
QTTB,"Q32 Bio Inc","Medical - Biomedical",15.95,+5.28%,4,Buy,"100% Buy",+133.88,+709.64%,10.53,14.29,8.59,15.52,55.29,689.56,367.28,1516146,Strengthening,Strong,42.82%,0.23,14.66,16.37,75%
RCUS,"Arcus Biosciences Inc","Medical - Biomedical",29.56,+0.27%,4,Hold,"96% Buy",+132.15,+184.50%,25.84,27.78,24.42,28.54,57.84,164.42,10.91,1425276,Strongest,Average,86.43%,1.61,26.77,30.3,79%
PHOE,"Phoenix Asia Holdings Limited","Building - Heavy Construction",24.36,+9.24%,1,Hold,"96% Buy",+126.26,+225.23%,18.58,20.24,18.25,21.46,56.93,205.15,39.11,50994,Strongest,Average,74.80%,0.19,16.94,25.98,82%
MGRT,"Mega Fortune Company Limited","Internet - Software",100,-0.08%,5,Buy,"88% Buy",+125.05,"+2,798.55%",88.73,84.97,61.45,95.82,60.52,2778.47,1218.42,83836,Strengthening,Average,77.55%,0.23,88.39,103.24,78%
NAT,"Nordic American Tanker Shipping Ltd","Transportation - Ship",6.82,+1.64%,7,Buy,"100% Buy",+122.78,+140.14%,5.86,6.08,5.5,6.44,63.25,120.06,85.12,3829845,"Top 1%",Strong,88.58%,0.56,6.11,6.77,107%
TWIN,"Twin Disc Inc","Machinery - General Industrial",25.16,+2.53%,5,Buy,"100% Buy",+120.43,+196.00%,19.75,22.5,18.86,23.59,64.98,175.92,37.7,69332,"Top 1%",Maximum,84.38%,0.76,22.18,24.99,106%
TOP,"Zhong Yang Financial Group Limited","Finance - Investment Brokers",11.37,+2.16%,1,Buy,"100% Buy",+115.95,+92.71%,6.81,9.36,6.2,10.98,56.36,72.63,113.13,70307,Strongest,Maximum,68.56%,0.91,10.11,11.84,73%
ZBIO,"Zenas Biopharma Inc","Medical - Biomedical",30.5,+3.35%,2,Hold,"64% Buy",+114.64,+81.33%,23.33,26.97,23.24,31.45,52.22,61.25,-29.14,731461,Strengthening,Soft,35.60%,0.57,29.54,33.37,25%
ALOT,"Astronova Inc","Technology Services",28.89,-0.07%,4,Buy,"100% Buy",+109.25,+156.34%,19.87,26.66,16.3,28.85,78.12,136.26,220.85,67276,Average,Strong,73.39%,0.34,28.69,29,64%
PRE,"Prenetics Global Limited Class A Ordinary Share","Medical - Biomedical",19.37,-1.92%,3,Hold,"80% Buy",+108.71,+154.87%,18.7,19.22,18.71,19.11,52.41,134.79,9.84,209932,Weakening,Weak,66.75%,1.13,16.96,21.26,56%
HSHP,"Himalaya Shipping Ltd","Transportation - Ship",16.34,+1.43%,6,Buy,"100% Buy",+107.29,+121.71%,14.64,14.96,13.72,15.6,59.15,101.63,66.42,294602,Strongest,Strong,85.12%,1.54,14.81,16.38,97%
LXRX,"Lexicon Pharmaceutcl","Medical - Biomedical",2.34,+0.86%,2,Buy,"88% Buy",+105.96,+88.71%,2.05,2.25,1.86,2.35,50.81,68.63,90.34,2749924,Average,Strong,66.67%,1,2.22,2.49,45%
MSGS,"Madison Square Garden Sports Corp","Leisure & Recreation Services",411.94,+1.17%,4,Buy,"100% Buy",+104.57,+108.46%,365.65,390.47,344.12,398.04,62.18,88.38,46.13,229329,Average,Maximum,49.83%,0.98,382.28,413.8,94%
HYLN,"Hyliion Hldg Corp Cl A","Auto - Truck Original Parts",4.09,+0.74%,5,Sell,"40% Buy",+104.28,+147.88%,3.97,4.8,3.33,3.85,50.39,127.8,109.14,2430228,Weakening,Soft,39.68%,0.59,3.41,4.29,77%
BHE,"Benchmark Electronics","Electronic Manufacturing",84.17,+2.96%,4,Sell,"56% Buy",+104.19,+115.60%,79.38,85.07,71.14,81.45,53.69,95.52,83.7,386242,Average,Average,71.33%,0.61,76.2,86.71,76%
NHC,"National Healthcare Corp","Medical - Nursing Homes",228.2,+2.06%,2,Buy,"100% Buy",+101.88,+112.28%,194.48,212.51,181.46,222.48,58.19,92.2,53.32,104858,Strongest,Maximum,70.62%,0.68,212.14,232.81,78%
FRO,"Frontline Plc","Transportation - Ship",42.18,+2.35%,12,Buy,"100% Buy",+100.24,+124.48%,37.16,38.31,35.16,39.29,64.51,104.4,80.17,3199094,"Top 1%",Strong,89.59%,0.72,37.21,41.37,120%
MANE,"Veradermics Incorporated","Medical - Biomedical",108.22,-3.98%,3,Hold,N/A,+99.31,N/A,98.47,109.34,0,109.46,48.09,N/A,N/A,N/A,N/A,N/A,75.06%,0.77,103.1,115.83,40%
TIGO,"Millicom International Cellular S.A.","Wireless Non-US",94.26,+0.39%,3,Buy,"88% Buy",+98.05,+111.01%,87.47,93.02,80.33,95.66,48.99,90.93,56.88,1386119,Weakening,Strong,25.05%,0.98,90.61,100.71,36%
QXL,"Quantum X Labs Inc","Technology Services",4.66,+5.67%,3,Sell,"56% Buy",+96.20,+31.27%,4.04,5.02,3.29,4.63,49.39,11.19,191.44,85710,Weakening,Average,48.15%,0.12,4.09,5.16,53%
BWAY,"Brainsway Ltd ADR","Medical Products",15.49,-5.09%,3,Buy,"80% Buy",+94.29,+138.67%,15.16,15.16,14.18,15.7,49.43,118.59,49.74,160021,Weakest,Average,59.92%,1.47,14.47,16.93,41%
TEN,"Tsakos Energy Navigation Ltd","Transportation - Ship",42.16,+1.71%,7,Buy,"88% Buy",+93.85,+106.36%,39.49,38.69,36.58,39.55,65.12,86.28,74.91,344729,Strongest,Good,87.40%,1.06,37.57,41.54,116%
RLYB,"Rallybio Corporaton","Medical - Biomedical",17,+0.06%,2,Buy,"100% Buy",+91.26,+251.82%,13.75,16.11,11.44,16.38,67.15,231.74,196.58,130561,Average,Strong,75.56%,0.44,15.66,17.1,93%
CSTM,"Constellium Se","Metal Products - Distribution",29.92,+1.08%,6,Sell,"8% Buy",+89.42,+107.20%,30.85,30.66,28.64,29.14,52.3,87.12,45.59,1888017,Weakening,Weak,69.31%,0.49,27.81,30.47,79%
BOTJ,"Bank of The Jame Fnl","Banks - Southeast",27.73,-0.14%,4,Buy,"100% Buy",+86.57,+95.83%,24.25,25.96,22.78,27.23,68.08,75.75,36.11,12967,Strengthening,Maximum,62.36%,2.4,26.42,28.04,81%
LGND,"Ligand Pharm","Medical - Biomedical",291.77,-0.96%,3,Hold,"80% Buy",+84.52,+93.12%,255.5,290.48,236.25,295.98,48.43,73.04,41.18,267215,Average,Strong,23.60%,0.36,285.09,306.87,31%
MAMA,"Mama's Creations Inc","Food - Misc & Diversified",17.27,+0.12%,6,Sell,"56% Buy",+84.13,+111.38%,16.09,17.57,15.88,17.84,44.09,91.3,14.88,485153,Weakening,Average,17.11%,0.63,16.74,18.94,24%
GRC,"Gorman-Rupp Company","Machinery - General Industrial",80.65,-0.20%,7,Hold,"48% Buy",+83.79,+95.75%,77.08,82.74,71.37,81.72,46.79,75.67,55.76,146424,Weakest,Average,28.66%,0.5,78,85.44,36%
MPTI,"M-Tron Industries Inc","Engineering & R&D Services",88.05,-0.55%,6,Sell,"56% Buy",+82.98,+113.61%,80.83,88.2,75.17,84.63,54.54,93.53,52.31,100571,Average,Average,72.99%,0.47,78.6,90.66,78%
KOD,"Kodiak Sciences Inc","Medical - Biomedical",40.98,-0.89%,3,Hold,"64% Buy",+81.25,+287.70%,39.5,39.05,34.65,42.07,48.8,267.62,33.43,864596,Weakening,Average,37.75%,0.87,38.93,45.21,33%
VIR,"Vir Biotechnology Inc","Medical - Biomedical",9.39,+1.62%,3,Sell,"24% Buy",+80.63,+107.74%,9.41,9.28,8.98,8.99,55.63,87.66,42.58,2314874,Weakest,Weak,58.41%,0.79,8.5,9.48,91%
CTOS,"Custom Truck One Source","Auto - Truck Original Parts",10.49,-0.38%,4,Sell,"40% Buy",+80.19,+78.10%,9.61,10.64,8.62,10.55,49.2,58.02,68.98,942049,Weakest,Good,31.82%,0.77,9.84,11.25,46%
ROMA,"Roma Green Finance Limited","Finance - Misc Services",9,-1.53%,4,Buy,"88% Buy",+76.20,+233.33%,7.49,8.53,5.98,9.23,49.96,213.25,419.4,223498,Weakening,Strong,31.19%,0.04,8.54,9.92,33%
USEA,"United Maritime Corp","Transportation - Ship",2.7,0.00%,8,Buy,"100% Buy",+74.40,+66.52%,2.43,2.63,2.25,2.65,56.52,46.44,45.68,67919,Strengthening,Strong,65.40%,2.51,2.51,2.78,70%
GEO,"Geo Group Inc","Government Services",31.15,-0.22%,7,Buy,"100% Buy",+73.67,+48.26%,24.98,29.91,21.89,30.96,55.24,28.18,80.1,2089189,Average,Maximum,54.24%,0.74,30.07,31.86,61%
VIST,"Vista Energy S.A.B. DE C.V. ADR","Oil - International Integrated",72.16,+5.64%,6,Buy,"72% Buy",+73.51,+73.88%,69.06,66.82,65.44,67.22,61.56,53.8,35.15,1205294,Strengthening,Average,64.58%,1.83,63.18,71.25,111%
CASY,"Casey's General Stor","Retail - Convenience Stores",870.01,+2.78%,5,Buy,"100% Buy",+70.81,+71.32%,813.61,837.41,760.57,854.58,56.85,51.24,44.27,460879,Strongest,Strong,61.31%,0.69,829.21,879.96,80%
FCEL,"Fuelcell Energy Inc","Other Alt Energy",22.36,-0.04%,5,Sell,"72% Buy",+70.57,+434.93%,17.63,21.66,14.35,21.23,52.65,414.85,192.74,6163163,Strengthening,Good,47.99%,0.51,18.51,23.95,71%
KFRC,"Kforce Inc",Staffing,57.06,-1.76%,3,Buy,"88% Buy",+70.55,+76.93%,45.42,53.52,40.38,57.87,51.66,56.85,71.4,260096,Weakening,Strong,58.46%,0.87,55.71,60.03,31%
MAZE,"Maze Therapeutics Inc","Medical - Biomedical",27.95,+2.83%,2,Hold,Hold,+70.48,+107.04%,27.27,27.7,33.54,27.82,50.24,86.96,-45.68,611385,Falling,,52.17%,0.54,26.62,29.02,55%
PGC,"Peapack Gladstone FI","Banks - Northeast",46.71,+0.06%,5,Hold,"96% Buy",+69.58,+76.00%,43.27,46.16,39.77,46.23,54.84,55.92,54.58,151005,Strengthening,Strong,56.31%,0.68,45.12,47.35,71%
FNKO,"Funko Inc Cl A","Toys & Game & Hobby",6.09,-0.81%,6,Buy,"100% Buy",+69.48,+119.06%,5.05,5.67,4.74,5.92,55.68,98.98,65.98,947000,Strengthening,Strong,48.95%,1.03,5.45,6.39,68%
MSLE,"Satellos Bioscience Inc","Medical - Biomedical",9.94,+3.43%,3,Buy,"72% Buy",+67.82,+93.49%,7.65,8.26,8.5,9.75,60.14,73.41,55.91,48639,Strengthening,Average,51.49%,0.18,9.05,10.46,63%
TRVG,"Trivago NV ADR","Internet - Services",5.01,-1.76%,2,Sell,"56% Buy",+67.51,+49.11%,4.09,5.13,3.69,5.33,42.35,29.03,59.62,66955,Weakest,Strong,18.77%,1.29,5.03,5.63,-3%
CMTV,"Community Bancorp Inc VT","Banks - Northeast",40.85,-2.58%,5,Buy,"100% Buy",+67.25,+77.84%,38.59,39.8,36.48,40.31,53.47,57.76,50.98,23978,Average,Good,49.85%,0.75,39.04,41.59,71%
RPRX,"Royalty Pharma Plc Cl A","Medical - Biomedical",59.45,+1.45%,5,Buy,"100% Buy",+66.66,+63.55%,53.74,56.91,50.46,58.42,59.08,43.47,40.72,3692385,Strengthening,Maximum,61.52%,0.74,56.78,60.05,82%
PACS,"Pacs Group Inc","Medical Services",44.32,-0.27%,4,Hold,"80% Buy",+66.27,+285.39%,38.84,42.65,38.17,45.92,47.27,265.31,2.31,1141159,Weakening,Average,52.64%,0.74,43.47,48.38,17%
HWM,"Howmet Aerospace Inc","Aerospace - Defense",289.12,-0.02%,7,Buy,"100% Buy",+65.58,+68.83%,263.13,275.84,253.99,284.39,58.72,48.75,27.88,2503964,Strongest,Strong,42.24%,0.69,274.94,293.83,75%
VNCE,"Vince Holding Corp","Textile - Apparel",6.19,-1.75%,4,Hold,"64% Buy",+65.53,+326.90%,5.06,6.31,4.27,6.33,47.96,306.82,38.58,160227,Average,Strong,34.70%,0.35,5.73,6.93,38%
CYRX,"Cryoport Inc","Medical Services",15.32,+0.46%,2,Sell,"56% Buy",+64.43,+77.93%,13.48,15.4,11.98,15.29,50.8,57.85,46.44,583028,Weakening,Good,70.11%,0.56,14.4,16.18,52%
NUVB,"Nuvation Bio Inc","Medical - Biomedical",6.48,+4.18%,3,Hold,"80% Buy",+62.40,+135.64%,5.29,5.9,5.31,6.44,55.08,115.56,-40.82,6251786,Strongest,Weak,39.03%,0.7,6.08,6.79,56%
DHX,"Dice Holdings","Internet - Content",4.25,+7.87%,4,Buy,"100% Buy",+62.23,+94.06%,3.5,3.86,3.07,4,58.45,73.98,161.05,346771,Strengthening,Maximum,63.24%,2.1,3.67,4.33,88%
NTCT,"Netscout Systems","Computer - Networks",39.14,-1.34%,2,Sell,"40% Buy",+61.53,+74.65%,38.44,40.92,35.28,39.96,43.73,54.57,31.5,590188,Weakest,Average,47.95%,0.9,37.97,41.95,29%
AGCC,"Agencia Comercial Spirits Ltd Cl A","Beverages - Alcohol",14.33,-1.85%,2,Sell,"24% Sell",+60.87,N/A,16.16,15.03,14.95,15.02,39.16,N/A,33.68,117252,Strengthening,Weak,13.13%,0.47,14.55,15.5,-23%
SOTK,"Sono-Tek Corp","Electronics - Semiconductors",5.4,+5.06%,1,Hold,"80% Buy",+59.63,+63.63%,4.97,5.31,4.69,5.24,54.18,43.55,17.61,32145,Strengthening,Strong,53.93%,1.22,4.98,5.5,81%
MPWR,"Monolithic Power Sys","Semi Analog & Mixed",1415.99,+1.00%,4,Sell,"24% Buy",+59.40,+71.33%,1428.93,1393.99,1322.91,1364.95,53.89,51.25,43.09,742177,Weakening,Weak,46.77%,0.54,1272.29,1457.61,78%
DNLI,"Denali Therapeutics Inc","Medical - Biomedical",24.35,-0.20%,8,Buy,"100% Buy",+58.98,+65.65%,21.79,23.94,21.3,24.13,51.22,45.57,34.35,1715902,Strengthening,Strong,60.91%,0.56,22.84,25.43,58%
AMN,"Amn Healthcare Services Inc","Business Services",34.54,+0.12%,4,Buy,"100% Buy",+58.83,+82.56%,28.05,32.9,25.18,33.85,53.55,62.48,106.02,1115938,Average,Strong,61.56%,0.55,31.34,36.37,64%
ASC,"Ardmore Shipping Corp","Transportation - Ship",18.07,+2.61%,8,Buy,"88% Buy",+58.58,+69.67%,16.66,16.35,15.74,16.82,63.52,49.59,57.49,654636,Strongest,Good,87.79%,0.98,15.78,17.87,110%
DHT,"Dht Holdings","Transportation - Ship",18.9,-3.18%,7,Buy,"100% Buy",+58.57,+68.75%,17.95,18.01,17.34,18.53,55.47,48.67,41.65,3292930,Strengthening,Average,78.49%,1.06,17.8,19.26,76%
LEE,"Lee Enterprises Inc","Publishing - Newspapers",8.24,-3.40%,4,Sell,"8% Buy",+58.26,+88.56%,8.72,8.61,8.2,7.98,50.8,68.48,58.89,69201,Weakest,Minimum,59.17%,0.63,7.48,8.47,77%
ALRS,"Alerus Financial Corp","Finance - Misc Services",33.49,-0.53%,8,Buy,"100% Buy",+57.96,+55.05%,28.97,31.69,27.44,33.27,59.5,34.97,35.57,159241,Average,Maximum,87.26%,0.48,32.11,34.44,59%
PHVS,"Pharvaris N.V.","Medical - Biomedical",35.32,+0.51%,4,Buy,"100% Buy",+57.88,+58.39%,31.44,33.71,29.9,34.1,55.02,38.31,14.14,331938,Strengthening,Maximum,61.32%,1.12,32.15,36.06,81%
STNG,"Scorpio Tankers Inc","Transportation - Ship",80.33,+1.16%,4,Buy,"88% Buy",+57.08,+78.67%,77.6,76.95,74.4,77.61,58.29,58.59,44.9,1029411,Strongest,Average,82.06%,1.44,74.02,81.2,88%
STRZ,"Starz Entertainment Corp","Media Conglomerates",25.43,-2.19%,3,Hold,"48% Buy",+56.84,+107.76%,22.91,27.07,18.97,25.75,47.24,87.68,104.21,157732,Weakest,Good,51.20%,1.16,23.68,27.83,42%
IX,"Orix Corp ADR","Finance - Misc Services",40.13,-0.07%,6,Buy,"88% Buy",+55.98,+55.06%,36.72,39.54,35.19,40.22,51.43,34.98,24.2,289224,Weakening,Strong,36.36%,0.92,39.17,41.26,46%
GNK,"Genco Shipping & Trading Ltd","Transportation - Ship",26.22,-0.46%,4,Buy,"100% Buy",+55.35,+60.66%,24.46,24.88,23.51,25.62,56.99,40.58,29.13,414969,Strengthening,Strong,77.32%,1.38,24.6,26.64,80%
LB,"Landbridge Company Llc Cl A","Oil - US Integrated",79.49,+1.02%,5,Buy,"100% Buy",+55.28,+54.32%,71.5,73.45,69.28,77.12,54.44,34.24,49.12,422065,Strongest,Strong,33.72%,0.62,72.1,82.13,74%
SPB,"Spectrum Brands Holdings Inc","Consumer Prdts - Misc Discr",87.85,-2.31%,7,Buy,"88% Buy",+54.71,+55.21%,82.78,86.31,79.19,89.04,49.31,35.13,35.56,360750,Weakening,Strong,27.77%,1.12,86.98,91.1,21%
TNGX,"Tango Therapeutics Inc","Medical - Biomedical",25.29,-1.21%,3,Sell,"24% Buy",+54.22,+273.56%,25.58,28.68,21.63,27.14,40.51,253.48,172.3,3371215,Weakest,Soft,10.56%,0.54,24.7,29.57,12%
PESI,"Perma-Fix Envir","Pollution Controls",17.63,+1.50%,6,Buy,"88% Buy",+54.13,+51.59%,12.8,14.44,13.22,17.14,56.95,31.51,26.89,246306,Strengthening,Strong,42.15%,0.66,15.35,18.93,64%
ANL,"Adlai Nortye Ltd ADR","Medical - Biomedical",13.34,+0.68%,7,Buy,"88% Buy",+54.08,+689.35%,11.85,11.5,10.33,12.99,58.48,669.27,826.3,446179,Strongest,Average,50.66%,1.46,12.19,13.79,72%
KRNY,"Kearny Financial","Finance - Savings & Loan",9.77,+1.56%,7,Buy,"100% Buy",+54.07,+61.75%,8.61,9.25,8.32,9.56,62.31,41.67,18.71,418802,Strongest,Maximum,65.71%,3.3,9.28,9.84,88%
DTIL,"Precision Biosciences Inc","Medical - Biomedical",7.4,-0.40%,1,Sell,"56% Buy",+53.84,+57.11%,7.23,7.43,6.33,7.3,48.54,37.03,64.74,306139,Weakening,Average,63.84%,0.46,6.92,7.69,62%
VIRT,"Virtu Financial Cm A","Finance - Misc Services",59.5,-0.87%,6,Sell,"72% Buy",+53.65,+42.41%,54.4,59.16,49.34,58.01,54.3,22.33,65.43,1178913,Strengthening,Strong,70.97%,1.07,54.99,61.03,75%
BBIO,"Bridgebio Pharma Inc","Medical - Generic Drugs",79.89,+0.04%,5,Buy,"88% Buy",+53.49,+55.67%,74.06,77.44,73.46,82.6,46.21,35.59,-8.69,2813303,Average,Average,16.50%,0.83,79.26,85.93,9%
LITB,"Lightinthebox Holding Ltd ADR","Internet Services - Delivery",2.95,-4.07%,1,Sell,"40% Buy",+53.20,+148.95%,2.83,3.17,2.76,3.11,43.74,128.87,18.56,11932,Weakest,Weak,34.35%,0.79,2.89,3.34,14%
SWBI,"Smith & Wesson Brands Inc","Leisure & Recreational Prdcts",14.15,-1.26%,2,Sell,"8% Sell",+52.68,+74.48%,14.94,14.92,14,14.56,40.63,54.4,30.22,609423,Average,Minimum,18.24%,0.46,13.98,15.14,15%
TRST,"Trustco Bank Corp NY","Banks - Northeast",56.8,-0.96%,6,Buy,"100% Buy",+52.61,+61.18%,51.37,55.13,48.93,56.58,55.16,41.1,24.29,116272,Average,Maximum,58.77%,1.07,54.95,58.22,57%
BPOP,"Popular Inc","Banks - Southeast",176.91,-0.54%,10,Buy,"100% Buy",+51.77,+49.92%,157.09,168.55,149.7,174.54,61.06,29.84,28.93,537623,Average,Maximum,78.04%,0.58,170.47,178.62,79%
VTVT,"Vtv Theraptcs Cl A","Medical - Biomedical",31.31,+3.95%,6,Sell,"88% Sell",+51.62,+102.78%,34.21,33.13,34.67,32.29,44.17,82.7,-34.85,46840,Strengthening,Weak,23.45%,0.48,29.48,35.1,33%
CLS,"Celestica Inc","Electronic Manufacturing",340.4,+1.60%,9,Sell,"8% Buy",+51.27,+74.14%,357.59,348.11,335.1,334.59,50.64,54.06,2.01,2546456,Weakest,Minimum,50.79%,0.88,300.38,368.79,59%
ACA,"Arcosa Inc","Building & Construction - Misc",145.01,-0.27%,4,Buy,"88% Buy",+50.42,+50.07%,130.1,141.65,125.14,145.07,59.87,29.99,23.25,412926,Average,Strong,33.07%,0.84,144.65,145.49,43%
ILPT,"Industrial Logistics Properties Trust","REIT - Equity Trust Other",8.67,-2.80%,3,Buy,"72% Buy",+50.11,+49.74%,8.01,8.82,7.28,8.88,46.3,29.66,43.36,390063,Weakest,Strong,73.24%,0.51,8.43,9.33,27%
CMI,"Cummins Inc","Engines - Internal Combustion",641.16,+1.57%,5,Sell,"8% Buy",+49.93,+60.52%,650.1,663.86,624.26,643.02,47.6,40.44,12.47,956005,Weakest,Weak,66.00%,0.65,614.45,671.59,47%
DIN,"Dineequity Inc","Retail - Restaurants",34.99,-0.91%,5,Buy,"72% Buy",+49.18,+63.66%,31.53,34.78,31.94,35.44,48.38,43.58,-4.27,414760,Weakening,Average,52.09%,0.61,34.02,36.86,34%
OBT,"Orange County Bancor","Banks - Northeast",38.72,-1.20%,9,Buy,"100% Buy",+48.62,+58.36%,35.69,37.31,34.5,38.34,56.44,38.28,22.48,55118,Average,Strong,64.48%,0.43,37.15,39.54,66%
PLBC,"Plumas Bancorp","Banks - West",62.48,-0.95%,5,Buy,"100% Buy",+48.55,+50.88%,55.31,59.26,53.54,61.73,60.25,30.8,26.67,41361,Average,Maximum,73.09%,1.54,60.17,63.29,74%
CFG,"Citizens Financial Group","Banks - Northeast",74.31,-0.56%,7,Buy,"100% Buy",+48.35,+53.91%,66.71,70.58,65.08,72.73,61.45,33.83,14.08,4680690,Strengthening,Strong,88.55%,0.68,70.7,74.77,89%
EGBN,"Eagle Bancorp Inc","Banks - Northeast",28.55,-0.87%,5,Buy,"100% Buy",+47.78,+58.35%,26.98,27.81,26.45,28.04,56.99,38.27,20.15,353263,Average,Good,78.46%,0.82,27.02,29.07,75%
XENE,"Xenon Pharmaceuticals Inc","Medical - Biomedical",62.36,+0.02%,1,Hold,"80% Buy",+47.27,+63.12%,58.65,61.35,54.29,64.23,45.7,43.04,25.99,1175536,Weakening,Good,33.21%,0.53,61.64,66.82,14%
CGEN,"Compugen Ltd","Medical - Biomedical",2.35,-2.49%,2,Buy,"24% Buy",+46.88,+64.34%,2.43,2.25,2.28,2.36,49.83,44.26,40.45,388794,Weakest,Weak,66.67%,0.72,2.23,2.5,45%
ANNX,"Annexon Inc","Medical - Biomedical",5.13,-3.02%,1,Hold,"48% Sell",+46.76,+110.25%,5.5,5.35,5.57,5.26,44.05,90.17,-10.95,2959411,Strengthening,Weak,49.65%,0.95,4.94,5.58,30%
BOF,"Branchout Food Inc","Food - Misc & Diversified",4.01,-3.61%,5,Hold,"48% Buy",+46.44,+83.94%,3.9,4.13,3.77,4.1,45.67,63.86,12.96,84993,Weakest,Soft,41.58%,0.7,3.8,4.39,35%
BIIB,"Biogen Inc","Medical - Biomedical",209.15,-0.32%,3,Hold,"96% Buy",+46.25,+50.90%,195.57,203.59,191.77,205.51,54.48,30.82,5.7,1461617,Average,Average,54.44%,0.5,198.29,212.73,75%
FLXS,"Flexsteel Inds",Furniture,70.86,-3.97%,6,Sell,"56% Buy",+46.12,+101.25%,61.45,70.87,56.7,75.31,39.96,81.17,66.3,43679,Weakening,Strong,20.31%,2.29,72.04,78.59,-18%
MD,"Pediatrix Medical Group Inc","Medical Services",26.34,-1.01%,7,Hold,"96% Buy",+45.85,+64.21%,23.82,25.47,22.77,26.26,52.46,44.13,10,868563,Average,Good,81.20%,0.76,25.27,27.24,54%
COKE,"Coca-Cola Consolidated Inc","Beverages - Soft",186.21,-1.53%,4,Hold,"64% Buy",+45.54,+64.71%,185.66,184.6,182.88,186.56,50.48,44.63,8.33,528386,Weakening,Weak,53.31%,0.78,178.02,195.11,48%
CTW,"Ctw Cl A",Gaming,2.66,-3.97%,4,Buy,"80% Buy",+45.36,+28.50%,2.48,2.45,2.21,2.47,58.25,8.42,40.62,62366,Strongest,Good,92.30%,0.97,2.23,2.71,89%
BZH,"Beazer Homes USA","Building - Residential & Comm",33.17,+0.21%,6,Buy,"100% Buy",+44.54,+29.27%,26.24,30.5,25.4,33.06,59.54,9.19,50.5,545436,Average,Maximum,51.77%,0.79,32.28,33.85,57%
FRAF,"Franklin Finl Svcs Corp","Banks - Northeast",63.84,-0.34%,6,Hold,"96% Buy",+44.50,+50.57%,59.13,62.35,56.18,63.22,55.6,30.49,14.03,40544,Weakening,Strong,77.47%,1.2,61.74,64.7,71%
TRMD,"Torm Plc Cl A","Transportation - Ship",30.61,+1.76%,5,Buy,"72% Buy",+44.28,+53.05%,29.81,29.07,28.46,29.69,59.18,32.97,43.19,715930,Strengthening,Average,74.23%,0.54,28.6,30.78,92%
FSBC,"Five Star Bancorp","Banks - West",46.86,+0.24%,2,Sell,"56% Buy",+44.16,+52.19%,43.75,46.95,42.09,47.16,48.4,32.11,17.83,104379,Weakening,Good,61.75%,0.84,45.71,48.6,40%
CMPR,"Cimpress N.V. Ord","Consumer Services - Misc",91.75,-2.87%,1,Sell,"56% Buy",+43.85,+55.35%,91.25,95.71,85.65,97.55,40.49,35.27,24.64,174814,Weakest,Average,56.89%,1.15,92.41,102.69,-6%
ZURA,"Zura Bio Ltd","Medical - Biomedical",5.68,+1.97%,5,Buy,"40% Buy",+43.77,+242.17%,5.04,4.99,5.42,5.56,55.13,222.09,-4.74,757390,Average,Weak,51.15%,0.53,5.21,5.91,67%
TXN,"Texas Instruments","Semi General",282.91,+1.19%,2,Sell,"56% Buy",+43.71,+45.40%,276.37,291.7,252.77,280.07,49.52,25.32,49.93,7878155,Average,Average,55.87%,0.69,268.22,291.92,62%
PDLB,"Ponce Financial Group Inc","Finance - Misc Services",20.75,-0.05%,7,Buy,"100% Buy",+42.70,+44.20%,18.83,19.94,18.06,20.32,60.86,24.12,13.77,75197,Average,Maximum,79.47%,1.3,19.76,20.88,88%
EPC,"Edgewell Personal Care","Consumer Prdts - Misc Staple",28.06,-1.27%,3,Buy,"100% Buy",+42.61,+22.37%,23.45,26.37,22.43,28.03,53.43,2.29,51.43,787715,Average,Strong,47.82%,0.5,26.88,29.18,51%
AVBP,"Arrivent Biopharma Inc","Medical - Biomedical",29.01,-1.69%,1,Sell,"24% Buy",+42.45,+48.54%,29.8,31.64,27.53,30.43,39.51,28.46,31.04,489845,Weakest,Soft,16.65%,0.84,28.63,32.22,10%
EBC,"Eastern Bankshares Inc","Banks - Northeast",23.65,+0.11%,5,Buy,"100% Buy",+42.26,+49.97%,21.1,22.23,20.77,23.13,63.16,29.89,15.18,2522710,Strongest,Maximum,85.67%,0.6,22.53,23.73,94%
CRI,"Carter's Inc","Shoes and Related Apparel",37.82,-2.32%,5,Sell,"24% Buy",+42.00,+45.07%,38.1,39.88,37.65,39.06,41.76,24.99,3.48,1106818,Weakest,Weak,53.67%,0.87,37.4,40.73,13%
IDYA,"Ideaya Biosciences Inc","Medical - Biomedical",36.54,+0.66%,2,Buy,"88% Buy",+42.00,+50.18%,32.63,35.11,32.9,36.2,53.51,30.1,-7.44,1044187,Average,Average,63.41%,0.37,35.07,37.32,65%
BDSX,"Biodesix Inc","Medical Services",23.25,-3.13%,6,Buy,"100% Buy",+41.89,+193.34%,17.18,20.5,15.77,22.53,56.14,173.26,228.77,499706,Strengthening,Maximum,68.00%,0.84,20.04,25.02,64%
IRM,"Iron Mountain Inc","Business Information",129.9,+0.36%,3,Hold,"96% Buy",+41.88,+41.98%,121.63,124.73,114.78,124.87,60.47,21.9,43.46,1883365,Strengthening,Strong,82.62%,0.65,119.65,130.09,98%
NSP,"Insperity Inc",Staffing,50.46,-3.33%,5,Buy,"88% Buy",+41.50,-1.29%,38,45.41,35.82,51.35,52.19,-21.37,17.18,978101,Average,Strong,47.27%,0.52,47.92,54.79,37%
NGNE,"Neurogene Inc","Medical - Biomedical",36.68,+1.49%,2,Buy,"100% Buy",+41.39,+78.84%,30.01,34.04,26.45,35.18,56.12,58.76,64.92,193264,Strengthening,Strong,75.10%,0.38,32.59,37.76,79%
PEBK,"Peoples Bancorp NC","Banks - Southeast",44.6,-0.54%,8,Buy,"100% Buy",+41.25,+54.59%,41.9,43.19,40.51,43.45,61.7,34.51,10.06,26565,Average,Strong,71.66%,0.73,42.01,44.89,90%
VOYA,"VOYA Financial Inc","Insurance - Life",100.14,-1.36%,10,Buy,"100% Buy",+41.12,+35.32%,86.47,95.87,81.75,99.71,55.61,15.24,21.29,1064619,Average,Maximum,73.91%,0.79,97.25,102.17,59%
CPAC,"Cementos Pacasmayo S.A.A ADR","Building - CMT & CNT & AG",11.8,-0.51%,5,Hold,"80% Buy",+40.80,+91.87%,11.13,11.68,10.96,11.91,49.07,71.79,0.1,58579,Weakening,Average,34.99%,0.69,11.7,12.11,24%
IMPP,"Imperial Petroleum Inc","Transportation - Ship",4.97,+3.76%,6,Hold,"64% Buy",+40.76,+67.34%,4.8,4.84,4.53,4.7,61.01,47.26,24.15,624070,Average,Weak,67.34%,1.78,4.49,4.92,113%
SVRA,"Savara Inc","Medical - Drugs",5.37,-0.19%,2,Sell,"24% Sell",+40.58,+76.64%,5.47,5.63,5.51,5.53,44.58,56.56,-24.09,1924286,Weakening,Minimum,22.14%,0.66,5.17,5.9,28%
ST,"Sensata Technologies Holding N.V.","Industrial Controls",45.92,-0.67%,4,Hold,"48% Buy",+40.39,+44.27%,44.93,47.02,41.76,46.45,47.83,24.19,24.8,1845932,Weakest,Average,16.91%,0.98,44.87,48.03,33%
CMT,"Core Molding Technologies Inc","Rubber & Plastics",26.28,+3.83%,5,Buy,"88% Buy",+39.81,+51.47%,24.39,24.15,22.75,24.73,61.57,31.39,17.93,27502,Strongest,Good,74.22%,0.84,23.06,26.4,96%
PRPO,"Precipio Inc","Medical Information Systems",23.9,+1.70%,4,Sell,"56% Sell",+39.64,+62.59%,25.23,23.41,25.09,22.9,54.25,42.51,-9.14,35873,Weakest,Weak,68.08%,0.63,21.37,24.42,83%
MYFW,"First Western Financial Inc","Banks - Midwest",31.62,-0.28%,1,Hold,"64% Buy",+39.47,+46.52%,29.52,31.65,28.13,31.72,48.72,26.44,4.8,39220,Weakening,Strong,59.38%,1.46,30.77,32.67,45%
TROO,"Troops Inc","Conglomerates - Div Operations",2,+0.50%,1,Sell,"72% Sell",+39.25,+135.57%,2.74,2.17,2.97,1.92,48.34,115.49,-50.64,325164,Average,Average,53.33%,0.61,1.66,2.17,66%
CYD,"China Yuchai International","Auto - Truck Original Parts",46.43,+2.63%,10,Sell,"8% Sell",+38.02,+60.82%,46.69,47.35,46.44,46.61,48.88,40.74,17.65,174126,Weakest,Minimum,26.19%,0.56,44.24,48.97,46%
FNLC,"First Bancorp Inc","Banks - Northeast",35.37,-0.70%,6,Buy,"100% Buy",+37.73,+36.93%,31.28,33.81,30.15,35.14,56.73,16.85,20.63,23785,Average,Maximum,67.72%,0.63,34.07,36.21,61%
USB,"U.S. Bancorp","Banks - Major Regional",64.87,-0.84%,8,Buy,"100% Buy",+37.60,+41.24%,58.25,61.79,57.26,64.06,60.8,21.16,8.43,9306044,Average,Maximum,82.94%,0.66,62.64,65.49,78%
CIVB,"Civista Bncshrs","Banks - Midwest",28.36,-0.53%,6,Buy,"88% Buy",+37.52,+41.73%,26.26,28.04,25.28,28.69,48.98,21.65,14.49,103081,Weakening,Strong,26.50%,0.97,27.99,29.38,26%
SBFG,"Sb Financial Group","Banks - Northeast",27.1,-0.51%,5,Buy,"100% Buy",+37.29,+30.23%,23.56,25.43,22.78,26.74,55.67,10.15,8.55,19891,Average,Maximum,58.00%,0.31,25.71,27.77,67%
MCY,"Mercury General Corp","Insurance - Proprty & Casualty",106.38,+0.95%,4,Buy,"88% Buy",+37.24,+43.35%,100.94,106.1,97.14,106.84,49.38,23.27,-0.04,259050,Strengthening,Strong,12.76%,0.69,103.48,110.19,43%
AZZ,"Azz Inc","Machinery - Electrical",153.24,+1.25%,8,Hold,"96% Buy",+36.84,+36.06%,143.56,149.62,138.35,149.87,56.6,15.98,29.83,223660,Strongest,Strong,68.25%,0.54,143.64,156.11,77%
LAUR,"Laureate Education Inc",Schools,37.71,+0.24%,6,Hold,"96% Buy",+36.62,+45.54%,35.18,37.31,34.83,37.44,52.23,25.46,-1.14,1372517,Strongest,Good,28.02%,0.68,36.06,38.82,60%
NMR,"Nomura Holdings Inc ADR","Finance - Investment Brokers",9.81,-0.10%,5,Buy,"100% Buy",+36.46,+32.93%,8.74,9.36,8.72,9.79,55.12,12.85,3.78,1409856,Average,Strong,82.00%,0.5,9.55,10.03,54%
TFIN,"Triumph Financial Inc","Finance - Misc Services",77.78,-0.56%,2,Hold,"96% Buy",+36.36,+44.65%,70.65,76.38,67.95,77.21,52.7,24.57,11.05,251201,Average,Strong,67.91%,0.64,73.65,80.78,58%
FTAI,"Ftai Aviation Ltd","Aerospace - Defense Equipment",227.43,+4.74%,7,Sell,"72% Sell",+36.11,+57.15%,240.15,231.64,250.45,216.46,53.53,37.07,2.39,1448612,Weakening,Weak,74.63%,0.91,199.6,233.33,83%
JOYY,"Joyy Inc ADR","Internet - Services",73.62,+0.82%,6,Hold,"80% Buy",+36.01,+46.16%,65.26,70.35,64.62,73.76,55.37,26.08,0.54,333332,Strengthening,Strong,30.16%,0.74,71.86,75.65,46%
BSAC,"Banco Santander Chile ADR","Banks - Foreign",34.57,+0.06%,8,Hold,"96% Buy",+35.99,+42.79%,32.89,33.39,33.31,34.56,53.13,22.71,-2.02,369299,Strongest,Soft,36.31%,0.53,33.41,35.72,50%
SMBC,"Southern MO Bancorp","Finance - Savings & Loan",76.35,-0.53%,6,Hold,"80% Buy",+35.92,+41.94%,71.37,75.47,68.52,77.5,47.59,21.86,16,79276,Weakening,Strong,20.29%,1.18,75.59,79.42,20%
CLST,"Catalyst Bancorp Inc","Banks - Southeast",17.61,+1.97%,5,Buy,"100% Buy",+35.89,+39.76%,16.4,16.66,16.27,17.01,62.79,19.68,-1.33,5527,Strongest,Strong,60.04%,3.24,16.5,17.52,109%
PANL,"Pangaea Logistics So","Transportation - Ship",7.67,+3.09%,4,Buy,"48% Buy",+35.70,+51.28%,7.45,7.26,7.67,7.46,56.63,31.2,-1.66,531264,Average,Weak,83.48%,0.92,7.11,7.8,81%
KTCC,"Key Tronic Corp","Electronics Products - Misc",3.81,-4.03%,9,Hold,"64% Buy",+35.59,+37.05%,3.48,3.94,3.28,3.94,44.97,16.97,23.42,19205,Weakest,Strong,29.93%,1.2,3.67,4.22,26%
ACTG,"Acacia Res-Acacia","Business Services",4.68,+1.96%,3,Hold,"48% Buy",+35.19,+40.12%,4.73,4.61,4.56,4.61,53.9,20.04,11.99,261821,Average,Weak,41.33%,1.15,4.43,4.8,68%
WSBK,"Winchester Bancorp Inc","Banks - Northeast",12.98,-0.15%,3,Hold,"64% Buy",+35.02,+37.79%,12.91,13,12.66,13.01,47.37,17.71,11.07,8858,Weakest,Soft,73.20%,1,12.96,13.06,21%
GSBC,"Great Southern Bncp","Finance - Savings & Loan",80.39,-1.47%,7,Buy,"100% Buy",+34.65,+35.86%,73.05,78.15,69.57,80.34,54.01,15.78,17.45,80402,Average,Maximum,58.78%,0.7,78.08,82.61,51%
ITRN,"Ituran Location","Protection - Safety",52.83,-1.05%,2,Sell,"8% Sell",+34.51,+29.71%,57.62,58.16,54.14,54.63,39,9.63,9.69,126010,Average,Minimum,29.71%,0.84,51.83,57.44,18%
RDNW,"Ridenow Group Inc","Auto - Domestic",6.13,-3.46%,8,Sell,"56% Sell",+34.44,+107.09%,6.91,6.6,6.62,6.46,42.46,87.01,-2.09,72780,Average,Weak,34.72%,0.54,5.98,6.94,15%
BCH,"Banco DE Chile ADR","Banks - Foreign",41.09,+0.98%,8,Hold,"64% Buy",+34.41,+40.24%,38.92,40.19,39.83,41.13,52.36,20.16,-5.01,350691,Strengthening,Weak,38.23%,0.68,39.99,42.27,48%
CTNM,"Contineum Therapeutics Inc","Medical - Biomedical",14.53,+2.40%,6,Hold,"80% Buy",+34.11,+96.88%,13.67,14.06,13.74,14.82,48.63,76.8,13.98,294914,Strengthening,Soft,36.28%,4.76,13.54,16.11,39%
BSRR,"Sierra Bancorp","Banks - West",40.81,-0.49%,2,Hold,"80% Buy",+33.77,+41.06%,38.62,40.72,37.5,40.92,50.36,20.98,11.74,59552,Weakest,Strong,56.90%,1.16,39.92,41.93,44%
LXFR,"Luxfer Holdings Plc","Machinery - General Industrial",17.12,+0.23%,5,Sell,"56% Buy",+33.66,+38.06%,15.91,17.41,15.3,17.05,50.88,17.98,13.39,185293,Weakening,Good,31.31%,0.59,16.9,17.21,72%
FFBC,"First Finl Bncp [Oh]","Banks - Midwest",34.17,-0.61%,1,Hold,"96% Buy",+33.53,+38.56%,31.64,33.59,30.48,34.06,52.66,18.48,23.43,890495,Average,Strong,63.77%,0.53,33.15,34.97,56%
EBMT,"Eagle Bancorp [Mt]","Banks - Midwest",23.3,-0.55%,5,Buy,"72% Buy",+33.44,+40.79%,22.69,23.47,22.33,23.53,46.8,20.71,3.95,52518,Weakest,Average,40.82%,0.54,22.93,24.12,31%
AOUT,"American Outdoor Brands Inc","Leisure & Recreational Prdcts",12.12,-5.39%,1,Sell,"56% Buy",+33.25,+25.60%,10.84,12.28,10.19,12.77,41.49,5.52,43.65,74060,Weakening,Good,39.98%,0.58,12.05,13.48,5%
KNOP,"Knot Offshore Partners LP","Transportation - Ship",10.56,-1.03%,5,Buy,"48% Buy",+33.11,+45.66%,10.56,10.47,10.52,10.5,50.94,25.58,-11.11,106545,Weakest,Weak,49.23%,0.82,10.17,10.82,59%
RAMP,"Liveramp Holdings Inc","Technology Services",37.68,-0.45%,1,Buy,"72% Buy",+32.94,+41.49%,34.19,37.71,31.46,37.79,49.27,21.41,15.15,992144,Weakest,Strong,60.30%,1.08,37.64,37.95,14%
UHA.B,"U-Haul Holding Series N Non-Voting","Transportation - Services",64.52,-1.03%,6,Buy,"100% Buy",+32.92,+21.60%,53.62,60.05,51.59,64.04,59.67,1.52,24.9,477439,Average,Maximum,61.00%,0.77,61.83,66.24,61%
KARO,"KaroOOOO Ltd","Internet - Software",62.21,-0.11%,5,Buy,"88% Buy",+32.65,+31.91%,52.97,56.77,51.12,63.6,52.53,11.83,23.59,73467,Average,Maximum,27.56%,0.68,61.44,65.76,18%
PBFS,"Pioneer Bancorp Inc","Banks - Northeast",17.1,-1.84%,6,Hold,"72% Buy",+32.52,+36.25%,15.82,17.1,15.24,17.39,47.41,16.17,13.71,14913,Weakest,Strong,21.65%,0.56,16.85,17.94,23%
BEAM,"Beam Therapeutics Inc","Medical - Biomedical",27.1,+1.31%,3,Sell,"24% Sell",+32.44,+52.08%,29.4,30.01,29.01,26.58,45.68,32,-15.38,2051747,Weakest,Weak,55.70%,0.67,24.97,28.19,66%
FBLA,"Fb Bancorp Inc","Banks - Southeast",15.53,-0.83%,6,Buy,"88% Buy",+32.42,+35.75%,14.55,15.13,14.09,15.59,53.03,15.67,7.72,114617,Weakening,Maximum,49.03%,1.2,15.33,15.84,39%
AVBH,"Avidbank Holdings Inc","Banks - West",32.65,-0.70%,2,Buy,"100% Buy",+32.35,+34.92%,31.02,32.38,30.17,32.52,53.34,14.84,9.79,88081,Weakening,Strong,37.76%,0.37,31.85,33.2,59%
OSUR,"Orasure Tech Inc","Medical Products",3.81,-0.78%,8,Sell,"40% Buy",+32.25,+38.04%,3.68,4.13,3.41,3.97,42.01,17.96,44.3,592352,Weakest,Average,36.36%,0.69,3.73,4.21,17%
FITB,"Fifth Third Bancorp","Banks - Major Regional",57.6,-0.79%,4,Buy,"100% Buy",+32.07,+35.59%,52.63,56.24,51.65,57.35,54.64,15.51,9.91,8417458,Average,Strong,72.93%,1.17,56.39,58.31,63%
CNOB,"Connectone Bancorp","Banks - Northeast",32.78,-0.74%,4,Hold,"80% Buy",+31.88,+37.56%,30.78,32.74,29.52,32.96,48.97,17.48,11.88,354567,Weakening,Strong,39.08%,0.7,32.01,33.9,41%
DJCO,"Daily Journal Corp","Publishing - Newspapers",595.97,-1.22%,3,Hold,"96% Buy",+31.70,+39.86%,539.58,571.69,543.42,584.16,56.43,19.78,9.16,102324,Average,Average,77.26%,1.57,554.69,613.64,70%
HAFN,"Hafnia Ltd","Transportation - Ship",7.86,+1.55%,7,Buy,"56% Buy",+31.68,+45.02%,7.84,7.37,7.46,7.56,60.51,24.94,34.33,1537783,Strengthening,Soft,86.86%,0.77,7.3,7.82,107%
HBCP,"Home Bancorp Inc","Banks - Southeast",71.85,-0.15%,12,Buy,"100% Buy",+31.68,+36.70%,66.3,69.23,64.31,71.18,57.51,16.62,11.17,75324,Strengthening,Maximum,51.94%,1.14,69.02,73.35,65%
MTB,"M&T Bank Corp","Banks - Major Regional",252.86,-0.48%,7,Buy,"100% Buy",+31.65,+33.04%,227.49,241.51,224,250.58,59.6,12.96,12.36,1097251,Average,Maximum,76.71%,0.81,245.84,255.32,74%
HBNC,"Horizon Bancorp","Banks - Northeast",20.36,-1.02%,4,Buy,"88% Buy",+31.61,+27.65%,18.9,19.99,18.35,20.46,51.64,7.57,6.91,438410,Weakening,Strong,42.91%,0.7,20.04,20.88,38%
TEX,"Terex Corp","Machinery - Construct & Mining",67.34,-0.85%,5,Sell,"88% Buy",+31.35,+33.98%,63.58,66.48,63.33,66.54,52.38,13.9,13.01,1511788,Strengthening,Average,71.61%,0.67,62.55,70.54,60%
LSBK,"Lake Shore Bancorp","Finance - Savings & Loan",17.17,+0.09%,3,Buy,"100% Buy",+31.17,+35.66%,16.31,16.92,15.98,17.13,54.63,15.58,4.02,11244,Average,Strong,52.08%,1.19,16.97,17.28,65%
CTO,"Cto Realty Growth Inc","REIT - Equity Trust Other",21.91,-0.41%,4,Hold,"80% Buy",+30.98,+32.79%,20.68,21.54,20.03,21.93,52.98,12.71,5.87,309499,Weakening,Strong,45.41%,0.71,21.47,22.4,47%
PLX,"Protalix Biotherapeutics","Medical - Biomedical",2.29,+3.15%,6,Sell,"16% Buy",+30.95,+54.73%,2.2,2.29,2.33,2.38,46.32,34.65,14.08,870315,Weakest,Minimum,21.15%,1.56,2.2,2.55,25%
PALI,"Palisade Bio Inc","Medical - Biomedical",2.15,+0.47%,3,Buy,"88% Buy",+30.91,+168.41%,1.98,1.95,1.91,2.03,56.9,148.33,-21.65,4054496,Strongest,Weak,86.43%,0.44,1.86,2.21,84%
PCB,"Pcb Bancorp","Banks - Southwest",28.08,-1.23%,2,Sell,"72% Buy",+30.89,+31.09%,25.97,27.97,24.78,28.24,48.9,11.01,16.56,29503,Weakening,Strong,69.35%,0.84,27.19,29.29,42%
WEST,"Westrock Coffee Company","Beverages - Soft",8.3,-1.54%,7,Hold,"80% Buy",+30.78,+29.89%,7.22,8.13,6.33,8.09,55.52,9.81,90.79,534839,Weakening,Good,87.58%,0.4,7.59,8.59,71%
FUSB,"First US Bancshares Inc","Banks - Southeast",16.49,+0.18%,2,Hold,"80% Buy",+30.72,+36.18%,16.13,16.48,15.71,16.53,49.49,16.1,4.9,6535,Weakening,Average,59.67%,0.83,16.24,16.82,43%
PNC,"PNC Bank","Finance - Investment Brokers",254.55,-0.94%,7,Buy,"100% Buy",+30.57,+33.08%,232.28,246.8,227.91,252.31,57.19,13,8.81,2195670,Average,Strong,76.26%,0.53,247.44,257.17,73%
HAFC,"Hanmi Financial Corp","Banks - West",32.2,-0.74%,2,Hold,"96% Buy",+30.09,+36.44%,30.42,31.93,29.25,32.01,52.16,16.36,5.99,272152,Weakening,Strong,74.54%,0.64,31.35,32.67,64%
TECH,"Bio-Techne Corp","Medical - Biomedical",72.39,-0.01%,7,Buy,"88% Buy",+30.08,+35.06%,59.75,67.31,59.95,72.03,72.3,14.98,9.95,3103258,Average,Strong,79.19%,0.55,71.56,72.49,89%
TXMD,"Therapeuticsmd Inc","Medical - Drugs",2.01,-2.90%,2,Hold,"16% Sell",+30.05,+71.81%,2.06,2.05,2.14,2.06,42.72,51.73,10.17,62169,Weakening,Minimum,35.62%,1.55,2.01,2.1,-4%
OFG,"OFG Bancorp","Banks - Northeast",53.52,-0.80%,9,Buy,"100% Buy",+29.41,+25.57%,47.15,50.3,44.9,52.81,62.53,5.49,17.46,321602,Strongest,Maximum,82.52%,0.54,51.81,53.82,85%
FULT,"Fulton Financial Cor","Banks - Northeast",24.47,-0.69%,3,Hold,"96% Buy",+29.38,+32.20%,22.65,24.01,22.02,24.46,53,12.12,13.45,1895755,Average,Strong,55.61%,0.76,24.07,24.85,51%
LARK,"Landmark Bancorp Inc","Finance - Savings & Loan",31.99,-0.62%,7,Buy,"100% Buy",+29.22,+29.04%,28.89,30.78,28.18,31.74,58.39,8.96,9.01,9210,Average,Maximum,79.40%,0.64,30.87,32.6,65%
BH.A,"Biglari Holdings Inc Cl A","Retail - Restaurants",1974.08,+3.56%,5,Hold,"80% Buy",+29.09,+24.97%,1748.34,1904.95,1825.08,1931.19,54.73,4.89,0.31,18127,Strongest,Soft,43.22%,0.58,1847.1,2015.29,76%
SLP,"Simulations Plus Inc","Computer - Software",18.36,+0.05%,6,Buy,"88% Buy",+29.02,+28.93%,16.14,17.98,15.62,18.32,62.03,8.85,-12.43,381202,Strengthening,Average,70.59%,0.4,18.24,18.39,80%
ACOG,"Alpha Cognition Inc","Medical - Biomedical",8.84,0.00%,4,Buy,"100% Buy",+28.84,+10.50%,6.93,7.74,6.5,8.57,57.16,-9.58,22.86,75400,Strengthening,Strong,65.24%,4.32,7.85,9.3,68%
MRBK,"Meridian Bank","Banks - Northeast",20.03,-0.25%,6,Sell,"88% Buy",+28.80,+34.97%,19.28,19.82,19.25,19.92,53.87,14.89,0.8,101936,Average,Average,55.83%,0.44,19.46,20.38,62%
BCAL,"California Bancorp","Banks - Southwest",21.41,-1.25%,3,Buy,"100% Buy",+28.52,+33.56%,19.67,20.78,19.23,21.35,54.07,13.48,1.54,214363,Average,Strong,74.80%,0.62,20.82,21.89,55%
SLSR,"Solaris Res Inc","Mining - Misc",8.02,+3.89%,5,Sell,"72% Sell",+28.32,+41.95%,8.98,8.14,9.14,7.81,51.51,21.87,-12.51,139100,Weakening,Average,55.11%,0.67,7.36,8.26,73%
CPF,"Central Pacific Financial Company","Banks - West",38.4,-0.78%,7,Hold,"80% Buy",+28.21,+36.90%,35.96,38.06,34.76,39.08,46.33,16.82,10.09,157881,Weakening,Strong,14.35%,1.04,38.17,39.99,13%
ENIC,"Enersis Chile S.A. ADR","Utility - Electric Power",4.56,+0.66%,5,Hold,"96% Buy",+28.16,+34.51%,4.38,4.43,4.32,4.45,57.13,14.43,0.29,592429,Strongest,Average,56.89%,0.42,4.3,4.61,85%
ORRF,"Orrstown Finl Svcs","Banks - Northeast",43.03,-0.72%,6,Buy,"100% Buy",+27.84,+29.18%,39.01,41.15,38.14,42.82,57.56,9.1,8.35,187805,Strengthening,Maximum,80.75%,0.64,41.51,44.14,58%
MCBS,"Metrocity Bankshares Inc","Banks - Southeast",36.16,-0.22%,2,Hold,"96% Buy",+27.75,+28.09%,33.48,35.45,31.78,35.82,54.62,8.01,23.11,80147,Weakening,Strong,84.80%,0.66,34.92,36.72,69%
BH,"Biglari Holdings Inc","Retail - Restaurants",391.3,+1.63%,4,Buy,"88% Buy",+27.34,+25.06%,338.58,376.78,352.05,387.2,53.99,4.98,4.57,99065,Strengthening,Average,57.93%,2.77,372.4,401.99,64%
BVFL,"Bv Financial Inc MD","Banks - Northeast",21.36,+0.75%,5,Buy,"100% Buy",+27.14,+31.45%,20.33,20.97,19.91,21.09,53.29,11.37,4.61,18498,Strengthening,Strong,65.78%,0.6,20.41,21.78,69%
FUNC,"First United Corp","Banks - Northeast",44.93,-0.99%,6,Buy,"100% Buy",+27.06,+30.23%,40.81,43.91,39.6,44.79,52.28,10.15,6.87,19071,Average,Strong,75.24%,0.64,43.56,46.02,56%
EQBK,"Equity Bncsrs Cm A","Banks - Northeast",51.37,-0.52%,10,Buy,"100% Buy",+26.18,+30.05%,47.39,49.38,46.81,50.91,59.36,9.97,1.91,106317,Average,Maximum,73.21%,0.63,49.78,52.04,70%
RGS,"Regis Corp","Retail - Misc & Diversified",27.1,-2.27%,1,Hold,"48% Buy",+26.12,+38.48%,27.24,27.71,25.84,27.77,44.84,18.4,-15.48,8917,Weakest,Weak,49.52%,0.95,26.43,29.1,25%
NEXN,"Nexxen International Ltd ADR","Advertising Marketing Services",10.53,+0.57%,7,Buy,"100% Buy",+25.95,+10.26%,8.57,9.63,7.85,10.4,56.85,-9.82,47.87,377763,Strengthening,Maximum,56.16%,1.34,9.7,11.11,59%
CCBG,"Capital City Bank Gr","Banks - Southeast",51.97,-0.99%,6,Buy,"88% Buy",+25.92,+28.73%,47.75,49.8,46.15,52.03,55.31,8.65,8.94,85940,Average,Maximum,56.94%,0.65,51,53.05,47%
ASND,"Ascendis Pharma ADR","Medical - Biomedical",247.4,-0.44%,1,Sell,"56% Buy",+25.36,+24.75%,240.75,248.65,235.89,250.69,45.13,4.67,2.88,679117,Weakening,Average,37.83%,0.86,242.23,259.15,31%
ECBK,"ECB Bancorp Inc","Banks - Northeast",20.64,-0.63%,6,Buy,"100% Buy",+25.06,+23.30%,18.98,20.02,18.46,20.43,55.73,3.22,5.55,11259,Average,Maximum,79.80%,0.47,19.83,21.03,68%
CENT,"Central Garden","Consumer Prdts - Misc Discr",43.35,-0.87%,6,Buy,"72% Buy",+24.92,+21.06%,40.59,43.43,39.08,43.96,47.57,0.98,21.7,81342,Weakening,Strong,56.19%,1.19,42.42,45.5,30%
TBPH,"Theravance Bio Ord","Medical - Drugs",16.92,-0.29%,3,Buy,"8% Buy",+24.85,+28.67%,16.62,16.86,17.01,16.89,53.04,8.59,-22.71,571525,Weakest,Minimum,68.89%,0.42,16.81,16.96,72%
CODA,"Coda Octopus Group","Electronics - Semiconductors",10.47,-1.04%,8,Buy,"24% Sell",+24.78,+35.45%,11.06,10.11,11.57,10.24,54.72,15.37,-0.56,161356,Weakest,Weak,64.17%,0.61,9.8,10.68,76%
HELE,"Helen of Troy Ltd","Cosmetics & Toiletries",28.15,-6.85%,7,Buy,"88% Buy",+24.65,+22.02%,24.72,28.01,22.28,28.69,47.86,1.94,19.33,693807,Weakening,Good,66.57%,0.9,26.86,30.51,35%
VCEL,"Vericel Corporation","Medical - Biomedical",43.59,-1.38%,4,Sell,"56% Buy",+24.62,+20.15%,39.01,43.89,37.88,45.3,42.96,0.07,7.91,602159,Weakening,Good,15.56%,0.48,43.27,47.33,8%
CRT,"Cross Timbers Royalty Trust","Oil - US Royalty Trusts",10.57,+1.93%,6,Buy,"56% Buy",+24.39,+21.63%,10.19,9.73,9.78,10.09,67.44,1.55,19.82,30765,Average,Soft,81.87%,0.93,9.68,10.49,109%
KMX,"Carmax Inc","Retail - Wholesale Auto Parts",58.53,-2.32%,6,Buy,"100% Buy",+24.37,+1.33%,47.72,54.67,46.55,58.36,56.3,-18.75,38.34,3855993,Average,Strong,66.53%,0.79,56.75,59.96,55%
BSET,"Bassett Furniture",Furniture,19,-0.63%,1,Hold,"80% Buy",+24.30,+15.50%,16.54,18.66,16.13,19.69,44.71,-4.58,0.23,37063,Weakening,Strong,23.15%,0.26,18.72,20.66,14%
ONB,"Old National Bncp","Banks - Midwest",27.07,-0.37%,6,Buy,"100% Buy",+24.13,+26.97%,24.75,26.04,24.35,26.71,58.75,6.89,8.2,3371020,Average,Maximum,76.78%,0.56,26.08,27.34,79%
OKUR,"Onkure Therapeutics Inc","Medical - Biomedical",4.11,+3.01%,4,Sell,"8% Buy",+23.79,+62.45%,4.24,4.22,3.83,4.06,50.42,42.37,28.58,229539,Weakest,Weak,36.36%,0.82,3.83,4.3,60%
AUB,"Atlantic Union Bancshares Corp","Banks - Northeast",42.54,-0.79%,5,Hold,"96% Buy",+23.76,+26.61%,39.4,41.53,38.94,42.49,53.31,6.53,7.37,1113911,Average,Strong,69.04%,0.65,41.66,43.33,53%
HFWA,"Heritage Financial","Finance - Savings & Loan",29.6,-0.47%,2,Hold,"80% Buy",+23.76,+27.75%,28.2,29.45,27.55,29.88,48.5,7.67,12.02,293260,Weakening,Strong,43.54%,0.7,29.27,30.49,27%
ACNT,"Ascent Industries Co.","Machinery - General Industrial",15.13,+0.53%,7,Hold,"64% Buy",+23.70,+26.51%,14.34,14.82,14.79,15.29,49.68,6.43,-19.69,87664,Strengthening,Weak,21.76%,0.6,14.82,15.77,33%
ABCB,"Ameris Bancorp","Banks - Southeast",89.04,-0.81%,1,Sell,"72% Buy",+23.32,+27.25%,86.04,88.87,84,88.45,51.6,7.17,6.75,507422,Weakening,Good,81.47%,0.54,86.33,90.57,64%
AER,"Aercap Holdings N.V.","Transportation - Equip & Lease",150.45,-1.31%,7,Hold,"80% Buy",+23.29,+33.05%,144.42,147.88,144.09,151.61,50.2,12.97,-8.49,1299619,Average,Average,29.32%,1.14,147.4,155.82,36%
BC,"Brunswick Corp","Leisure & Recreational Prdcts",82.3,-0.45%,6,Sell,"88% Buy",+23.26,+30.08%,79.75,81.07,80.28,81.09,53.86,10,-2.28,814241,Strengthening,Weak,66.71%,1.11,78.56,83.62,74%
KOS,"Kosmos Energy Ltd","International E&P",2.6,+2.36%,4,Buy,"56% Buy",+23.11,+52.94%,2.66,2.44,2.41,2.52,55.31,32.86,173.39,18663725,Average,Weak,63.16%,0.49,2.32,2.73,69%
INDB,"Independent Bk Corp","Banks - Northeast",86.04,+0.12%,6,Hold,"96% Buy",+22.87,+30.21%,80.87,83.9,80.31,85,58.12,10.13,4.59,343647,Strongest,Good,75.65%,0.73,83.53,86.47,86%
OSW,"Onespaworld Holdings Ltd","Leisure & Recreation Services",26.73,-0.72%,3,Buy,"88% Buy",+22.66,+22.37%,25.23,26.51,23.84,26.42,52.89,2.29,15.72,892654,Average,Strong,62.50%,1.07,25.41,27.43,65%
IMKTA,"Ingles Markets Inc","Retail - Supermarket",86.52,-0.56%,5,Sell,"8% Sell",+22.60,+34.83%,89.32,89.54,86.78,88.32,44.01,14.75,13.07,130874,Average,Minimum,33.65%,0.86,84.37,92.27,27%
KEY,Keycorp,"Banks - Major Regional",23.04,-1.16%,1,Sell,"72% Buy",+22.56,+27.72%,22.08,22.88,21.73,22.8,53.02,7.64,-1.51,14198513,Average,Average,78.63%,0.76,22.28,23.31,74%
FIBK,"First Interstate Ban","Banks - Midwest",38.89,-0.71%,3,Hold,"96% Buy",+22.55,+29.46%,36.34,38.02,36.19,38.22,56.23,9.38,-0.74,1242797,Strengthening,Good,86.64%,0.8,37.22,39.23,83%
LOB,"Live Oak Bancsh","Banks - Southeast",43.29,+0.05%,7,Buy,"100% Buy",+22.40,+25.37%,38.77,41.25,38.3,42.72,57.97,5.29,12.89,285162,Strengthening,Strong,59.67%,0.92,41.38,44.07,71%
SPCB,"Supercom Ltd","Protection - Safety",11.09,+3.16%,4,Hold,"80% Buy",+22.09,+10.07%,10.29,10.9,9.71,10.83,52.34,-10.01,9.4,78594,Strengthening,Good,48.04%,1.95,10.32,11.33,76%
ITIC,"Investors Title Company","Insurance - Proprty & Casualty",288.35,+0.22%,3,Hold,"96% Buy",+21.78,+21.33%,254.79,275.33,250.58,287.22,55.56,1.25,2.37,28890,Strongest,Strong,47.06%,2.59,277.61,296.83,56%
MCFT,"Mastercraft Boat Holdings Inc","Leisure & Recreational Prdcts",25.11,+0.52%,3,Buy,"100% Buy",+21.72,+24.99%,23.54,24.17,23,24.59,56.24,4.91,19.65,150679,Strongest,Strong,64.56%,0.87,23.79,25.39,82%
WTFC,"Wintrust Financial Corp","Banks - Midwest",160.96,-0.93%,1,Buy,"100% Buy",+21.51,+26.65%,153.23,159.72,150.74,160.3,51.3,6.57,1.98,506193,Average,Strong,61.41%,0.69,157.06,163.55,60%
WRLD,"World Acceptance Corp","Finance - Consumer Loans",190,-2.44%,2,Hold,"64% Buy",+21.44,+11.27%,169.97,190.49,157.53,189.03,50.28,-8.81,22.2,125601,Weakening,Strong,58.41%,0.49,178.05,200.01,54%
ENTA,"Enanta Pharmaceutica","Medical - Biomedical",12.83,-2.51%,1,Sell,"100% Sell",+21.39,+60.38%,13.39,13.18,13.42,13.12,43.32,40.29,-31.78,235768,Strongest,Weak,49.45%,1.54,12.36,13.88,31%
AWR,"American States Water Company","Utility - Water Supply",87.87,-1.24%,1,Buy,"100% Buy",+21.30,+17.25%,80.27,83.71,78.08,86.83,58.05,-2.83,8.09,304118,Average,Maximum,81.83%,0.61,84.45,89.21,72%
WABC,"Westamerica Bancorp","Banks - West",59.5,-0.63%,1,Hold,"80% Buy",+21.12,+22.18%,56.62,59.13,54.71,59.92,49.58,2.1,11.26,174357,Weakening,Strong,42.45%,0.56,58.81,61.03,31%
EPD,"Enterprise Products Partners LP","Oil Gas Prod Pipeline MLP",38.61,-0.75%,6,Buy,"88% Buy",+21.11,+22.57%,37.87,37.63,37.07,38.27,56.57,2.49,7.29,4052763,Average,Average,62.62%,0.92,37.48,39.06,72%
DOW,"Dow Inc","Chemical - Diversified",31.34,+0.87%,4,Hold,"32% Sell",+21.06,+34.16%,34.36,30.41,33.44,30.28,55.78,14.08,20.91,12640180,Weakest,Weak,82.02%,0.54,28.84,31.72,87%
AVTX,"Avalo Therapeutics Inc","Medical - Drugs",19.95,+1.84%,3,Buy,"100% Buy",+21.00,+121.18%,16.75,17.81,16.39,18.95,58.77,101.1,-3.28,988887,Strongest,Average,84.63%,0.48,17.68,20.22,89%
ALLT,"Allot Communications","Internet - Software",7.68,-1.92%,2,Sell,"56% Sell",+20.75,+6.67%,7.59,7.84,7.99,7.74,47.2,-13.41,-35.01,426431,Average,Weak,43.66%,0.61,7.33,8.15,43%
FNB,"F.N.B. Corp","Banks - Southeast",19.4,-0.41%,8,Buy,"100% Buy",+20.33,+23.41%,18.15,18.86,17.88,19.1,58.31,3.33,0.31,6036179,Strongest,Strong,83.38%,0.74,18.72,19.48,90%
VTOL,"Bristow Group Inc","Transportation - Airline",46.15,-0.82%,4,Buy,"72% Buy",+20.06,+21.80%,44.82,43.91,44.66,45.69,55.68,1.72,12.88,215684,Average,Soft,75.70%,0.56,44.12,47.25,65%
CVBF,"Cvb Financial Corp","Banks - West",23.15,-0.43%,6,Buy,"100% Buy",+19.90,+19.70%,21.19,22.25,20.72,22.74,59.55,-0.38,11.32,1507875,Strengthening,Maximum,85.54%,0.54,22.17,23.32,85%
TEO,"Telecom Argentina Stet France Telecom ADR","Wireline Non-US",13.32,-0.15%,6,Buy,"72% Buy",+19.89,+36.62%,12.84,13.61,12.47,13.71,45.29,16.54,1.59,338866,Weakest,Average,15.44%,0.48,13.21,14.21,11%
CNS,"Cohn & Steers Inc","Finance - Investment Mgmt",83.34,-1.65%,4,Buy,"100% Buy",+19.88,+11.22%,73.77,79.47,71.01,82.88,54.61,-8.86,19.61,345160,Average,Maximum,70.88%,0.71,79.55,86.21,57%
NECB,"Northeast Community Bancorp","Banks - Northeast",26.77,-0.96%,4,Buy,"88% Buy",+19.68,+24.40%,25.43,26.58,24.85,26.81,50.59,4.32,5.26,44542,Weakening,Strong,56.15%,0.66,26.29,27.34,46%
MNKD,"Mannkind Corp","Medical - Biomedical",3.9,+1.30%,4,Sell,"24% Sell",+19.63,+4.56%,3.45,3.95,3.81,3.93,49.25,-15.52,-44.36,5086446,Weakest,Minimum,36.92%,0.68,3.71,4.15,43%
OVLY,"Oak Valley Bancp CA","Banks - West",34.17,+0.29%,3,Buy,"72% Buy",+19.51,+23.58%,33.57,33.71,33.14,33.49,56.2,3.5,0.53,28375,Average,Average,67.89%,0.61,32.46,34.52,83%
NODK,"Ni Holdings Inc","Insurance - Proprty & Casualty",15.22,-0.52%,3,Sell,"40% Buy",+19.38,+22.35%,14.47,15.64,14.08,15.53,42.3,2.27,1.3,17971,Weakest,Good,17.75%,0.65,15.09,15.98,15%
CENTA,"Central Garden & Pet","Consumer Prdts - Misc Discr",37.64,-0.55%,3,Hold,"64% Buy",+19.02,+15.89%,35.88,38.04,34.63,38.47,45.71,-4.19,15.81,322660,Weakest,Strong,26.68%,0.99,37.21,39.72,17%
AUPH,"Aurinia Pharm Ord","Medical - Drugs",15.29,-1.16%,3,Sell,"24% Sell",+19.00,+24.61%,15.75,15.89,15.35,15.28,47.19,4.53,-17.28,1342553,Average,Minimum,42.68%,0.67,14.61,15.96,50%
GAIN,"Gladstone Investment","Finance - SBIC & Commercial",16.34,+0.18%,6,Buy,"88% Buy",+18.88,+14.03%,15.83,15.92,15.19,16.39,50.52,-6.05,3.82,251829,Weakening,Good,39.74%,1.58,15.92,16.86,45%
ZD,"Ziff Davis Inc","Internet - Software",54.31,-1.93%,5,Buy,"100% Buy",+18.86,+49.20%,47.72,51.14,43.97,53.43,54.43,29.12,41.37,770166,Average,Maximum,62.66%,1.02,50.74,56.12,66%
CZR,"Caesars Entertainment Inc","Leisure & Recreation Services",29.66,-0.30%,6,Hold,"64% Buy",+18.77,+17.09%,28.66,29.8,26.95,29.88,45.63,-2.99,13.67,6453625,Weakest,Good,22.49%,0.45,29.53,30.22,19%
PFBC,"Preferred Bank LA","Banks - West",107.47,-0.40%,2,Buy,"100% Buy",+18.41,+17.31%,98.98,104.33,95.98,105.54,58.66,-2.77,0.67,102876,Strengthening,Maximum,88.69%,0.48,102.38,108.7,81%
NSTS,"Nsts Bancorp Inc","Banks - Northeast",13.89,+0.22%,8,Buy,"100% Buy",+18.40,+16.30%,13.25,13.78,12.98,13.81,73.33,-3.78,-5.88,8775,Strengthening,Strong,93.33%,0.39,13.76,13.86,133%
JLHL,"Julong Holding Limited Cl A","Building & Construction - Misc",7.5,+4.31%,2,Sell,"40% Sell",+18.36,+104.92%,13.94,13.58,10.99,7.16,45.59,84.84,72.96,922297,Weakening,Minimum,20.63%,0.25,4.94,9.37,58%
CR,"Crane Company","Machinery - General Industrial",218.59,+0.11%,3,Hold,"80% Buy",+18.08,+15.54%,197.46,215.56,196.31,219.62,50.9,-4.54,5.38,456392,Average,Strong,56.10%,0.91,210.41,228.82,44%
VLGEA,"Village Super Mkt","Retail - Supermarket",42.8,-0.56%,2,Hold,"48% Buy",+17.77,+21.45%,42.99,42.49,41.47,43.14,48.46,1.37,7.78,49763,Weakest,Soft,45.45%,1.89,41.62,44.65,39%
FHN,"First Horizon Corp","Banks - Southwest",26.02,-0.76%,5,Buy,"100% Buy",+17.37,+19.08%,24.72,25.44,24.47,25.72,55.7,-1.,-4.27,5649727,Strengthening,Strong,73.07%,0.47,25.16,26.29,76%
CV,"Capsovision Inc","Medical Information Systems",6.45,-0.23%,5,Hold,"8% Buy",+17.19,+67.40%,6.74,6.76,6.32,6.74,44.89,47.32,-52.85,244928,Weakest,Minimum,32.78%,0.44,6.33,7.16,14%
HLT,"Hilton Inc","Hotels & Motels",326.12,-0.33%,4,Sell,"40% Buy",+17.03,+21.81%,326.01,330.8,318.87,321.19,52.44,1.73,0.39,1883122,Weakest,Weak,72.21%,1.21,311.26,331.11,75%
NRIM,"Northrim Bancorp Inc","Banks - West",26.89,-1.32%,1,Hold,"80% Buy",+17.03,+24.62%,25.46,26.72,25.23,26.92,50.33,4.54,-12.09,157376,Weakening,Average,56.70%,0.53,26.14,27.7,48%
COFS,"Choiceone Financial","Finance - Misc Services",34.17,-0.61%,5,Buy,"100% Buy",+16.08,+13.98%,31.83,33.4,30.8,34.09,53.28,-6.1,2.61,102065,Average,Maximum,70.56%,0.6,33.26,34.92,55%
AVNW,"Aviat Networks Inc","Wireless Equipment",22.04,-0.50%,8,Buy,"40% Buy",+15.87,+2.27%,20.24,20.66,21.56,20.94,61.44,-17.81,-10.05,150757,Weakening,Minimum,86.58%,1.01,19.63,22.25,92%
SWX,"Southwest Gas Corp","Utility - Gas Distribution",91.26,-1.45%,4,Hold,"80% Buy",+15.81,+17.77%,89.97,90.46,88.54,91.57,50.03,-2.31,0.91,532992,Weakening,Average,71.68%,0.74,89.2,93.95,43%
VTMX,"Corp Inmobiliaria Vesta S.A.B DE C.V. ADR","Real Estate Operations",33.8,-0.44%,3,Buy,"8% Buy",+15.62,+18.55%,34.5,34.12,34,34.15,45.13,-1.53,-2.28,80719,Weakening,Minimum,28.46%,0.53,33.4,34.9,27%
HMN,"Horace Mann Educators Corp","Insurance - Multi Line",51.3,-2.23%,3,Hold,"72% Buy",+15.62,+15.23%,48.18,51.3,46.47,52.08,46.61,-4.85,-2.05,252167,Weakening,Strong,22.98%,0.95,50.86,53.31,18%
PBHC,"Pathfinder Bcp MD","Finance - Savings & Loan",16.27,0.00%,4,Hold,"96% Buy",+15.59,+8.25%,14.73,15.92,14.46,16.16,54.34,-11.83,2.17,6805,Strengthening,Strong,45.33%,0.32,15.8,16.52,65%
TFC,"Truist Financial Corp","Banks - Major Regional",52.53,-1.07%,6,Buy,"100% Buy",+15.45,+18.26%,49.92,51.19,49.85,52.26,54.13,-1.82,-6.39,8822896,Average,Average,73.28%,0.73,51.2,53.32,63%
AFRI,"Forafric Global Plc","Agriculture Operations",10.58,-0.38%,4,Buy,"88% Buy",+15.17,+34.09%,10.13,10.36,10.05,10.61,50.6,14.01,-17.22,15398,Weakening,Soft,29.67%,0.39,10.28,10.93,46%
JOUT,"Johnson Outdoors","Leisure & Recreational Prdcts",47.74,-0.91%,7,Buy,"72% Buy",+15.08,+21.66%,47.09,46.23,47,47.42,53.87,1.58,-0.68,64010,Average,Weak,40.97%,0.78,45.76,49.07,60%
HTH,"Hilltop Holdings Inc","Banks - Southeast",39.33,-0.68%,3,Buy,"100% Buy",+14.93,+22.91%,37.91,38.7,37.62,39.2,52.53,2.83,2.74,338586,Strengthening,Good,60.76%,0.71,38.04,40.36,56%
STHO,"Star Holdings","Real Estate Operations",9.37,-4.39%,6,Buy,"88% Buy",+14.81,+15.25%,8.81,9.22,8.64,9.41,49.69,-4.83,0.71,32524,Weakening,Strong,71.36%,0.76,9.07,9.76,44%
VLRS,"Controladora Vuela Compaia DE ADR","Transportation - Airline",7.6,-3.55%,6,Sell,"40% Sell",+14.63,+30.14%,7.82,8.24,8.16,7.92,41.22,10.06,-27.55,649367,Average,Weak,24.85%,0.43,7.48,8.36,14%
EFSC,"Enterprises Finl Svc","Banks - Midwest",65.96,-0.71%,3,Buy,"88% Buy",+14.53,+15.92%,61.82,65.33,60.14,66.24,49.9,-4.16,9.01,227232,Weakening,Strong,52.40%,0.7,65.21,67.27,36%
RNST,"Renasant Corp","Banks - Southeast",43.11,-1.01%,5,Hold,"80% Buy",+14.38,+14.75%,41.12,42.88,40.07,43.46,49,-5.33,9.26,673037,Weakening,Strong,63.42%,0.57,42.61,44.31,30%
SVCO,"Silvaco Group Inc","Electronics - Semiconductors",7.35,+1.24%,4,Sell,"8% Sell",+14.18,+66.29%,9.69,9.95,7.88,7.81,39.76,46.21,68.34,404776,Weakest,Minimum,19.05%,0.43,6.79,8.84,27%
PCG,"Pacific Gas & Electric Company","Utility - Electric Power",17.5,-1.91%,4,Buy,"88% Buy",+14.08,+16.51%,17.04,17.2,17.06,17.51,51.9,-3.57,-4.24,21827699,Strengthening,Soft,52.59%,0.94,16.98,18.05,49%
SPFI,"South Plains Financial Inc","Banks - Southeast",45.35,-0.46%,1,Buy,"100% Buy",+13.81,+16.70%,42.53,43.4,42.2,44.89,57.94,-3.38,3.74,101934,Average,Maximum,75.62%,0.5,43.83,45.94,72%
TAYD,"Taylor Devices Inc","Machinery - General Industrial",55.35,-0.03%,2,Sell,"40% Sell",+13.79,+30.01%,55.19,55.21,63,53.86,53.74,9.93,-18.47,34748,Weakest,Weak,66.47%,0.58,51.03,56.69,76%
PTHS,"Pelthos Therapeutics Inc","Medical - Biomedical",25.9,-5.82%,4,Sell,"8% Buy",+13.45,+23.57%,25.97,27.42,25.17,27.62,43.52,3.49,-29.59,27764,Weakest,Minimum,42.33%,0.5,25.28,29.96,13%
NP,"Neptune Insurance Holdings Inc Cl A","Insurance - Multi Line",31.48,-0.73%,4,Buy,"88% Buy",+13.35,N/A,28.49,30.54,26.51,31.56,50.45,N/A,-5.18,552515,Average,Strong,27.31%,0.46,29.27,33.86,48%
RMBI,"Richmond Mutual Bancorp Inc","Banks - Northeast",15.86,-0.38%,5,Buy,"100% Buy",+12.84,+12.24%,14.9,15.37,14.57,15.7,56.83,-7.84,-0.18,33382,Average,Maximum,64.52%,0.45,15.21,16.19,67%
UNCY,"Unicycive Therapeutics Inc","Medical - Drugs",5.57,+1.09%,2,Sell,"72% Sell",+12.72,+18.51%,6.63,5.94,6.64,5.24,53.06,-1.57,-16.61,829238,Weakening,Good,86.85%,0.34,4.74,5.73,84%
NCI,"Neo-Concept International Group Holdings Limited","Retail - Apparel & Shoes",12.18,-0.25%,3,Buy,"8% Buy",+12.70,-14.94%,11.22,11.6,18.78,11.93,56.2,-35.02,21.59,391450,Weakest,Minimum,56.54%,0.21,11.41,12.45,74%
ALGN,"Align Technology","Medical - Dental Suppliers",171.16,-5.60%,4,Buy,"8% Buy",+12.63,+20.17%,174.32,175.44,175.08,173.35,46.75,0.09,-3.53,1175756,Weakest,Minimum,49.45%,0.93,165.79,180.9,36%
AKTS,"Aktis Oncology Inc","Medical - Drugs",24.72,-0.84%,1,Sell,N/A,+12.58,N/A,21.85,24.74,21.09,23.68,52.93,N/A,N/A,N/A,N/A,N/A,79.19%,0.4,21.89,25.47,79%
MTX,"Minerals Technologies Inc","Chemical - Specialty",72.37,-0.84%,5,Sell,"8% Sell",+12.55,+19.17%,74.73,75.04,72.9,74.23,42.82,-0.91,5.6,213180,Weakening,Minimum,21.42%,0.45,71.65,76.82,14%
EML,"Eastern Company","Protection - Safety",25.11,-1.18%,3,Buy,"100% Buy",+12.47,+16.68%,22.98,24.55,21.62,24.63,52.35,-3.4,14.39,20305,Average,Strong,52.28%,0.33,23.57,25.7,72%
BNED,"Barnes & Noble Education Inc C","Consumer Prdts - Misc Discr",11.87,-2.22%,3,Hold,"64% Buy",+12.28,+41.14%,11,12.07,10.23,12.44,43.63,21.06,16.02,321850,Weakest,Strong,21.62%,0.48,11.68,13.21,13%
WS,"Worthington Steel Inc","Steel - Specialty",37.87,-0.18%,7,Hold,"40% Buy",+11.98,+19.65%,37.03,37.06,38.01,37.02,55.55,-0.43,-3.75,273513,Weakening,Minimum,70.07%,0.53,34.89,39.16,70%
SFBS,"Servisfirst Bancs","Finance - Savings & Loan",90.53,-0.88%,8,Buy,"100% Buy",+11.05,+11.26%,81.64,86.19,81.23,89.32,59.01,-8.82,12.96,294915,Strengthening,Maximum,79.68%,0.55,86.63,92.02,72%
KSS,"Kohl's Corp","Retail - Regional Dept Stores",19.28,+0.36%,7,Buy,"88% Buy",+11.02,+40.01%,15.86,17.97,16.16,19.06,54.95,19.93,-18.68,4709892,Strengthening,Average,51.02%,0.74,17.87,20.25,59%
LUMN,"Lumen Technologies Inc","Diversified Comm Services",6.58,-2.08%,3,Sell,"88% Sell",+10.62,+48.53%,7.91,7.08,7.81,6.42,49.33,28.45,-28.46,14642293,Average,Average,72.67%,0.65,5.96,6.87,68%
CDRO,"Codere Online Luxembourg S.A.",Gaming,9.09,-0.87%,2,Sell,"8% Buy",+10.48,+12.64%,9.19,9.42,8.78,9.13,46.49,-7.44,0.06,27029,Weakest,Weak,44.61%,0.43,8.82,9.44,44%
OTTR,"Otter Tail Corp","Utility - Electric Power",92.63,-0.26%,5,Buy,"100% Buy",+10.33,+12.59%,89.26,90.52,88.51,92.1,53.21,-7.49,1.49,260158,Average,Strong,79.26%,0.84,89.18,95.02,59%
WFC,"Wells Fargo & Company","Finance - Investment Brokers",87.54,-1.44%,4,Buy,"88% Buy",+10.33,+13.54%,82.49,85.75,83.48,87.26,52.34,-6.54,-19.21,15949736,Average,Soft,68.83%,0.97,84.8,89.72,56%
WHG,"Westwood Holdings Group Inc","Finance - Investment Mgmt",19.41,-0.21%,4,Hold,"96% Buy",+10.33,+8.13%,17.66,19.03,17.46,19.32,52.85,-11.95,-0.36,15615,Strengthening,Strong,52.46%,0.67,18.87,19.77,60%
IMCR,"Immunocore Holdings Plc ADR","Medical - Biomedical",35.05,+2.46%,2,Buy,"72% Buy",+10.32,+6.60%,30.99,32.23,31.49,34.14,60.13,-13.48,-12.16,426186,Strengthening,Average,72.90%,0.48,32.6,35.67,80%
ABVX,"Abivax Sa ADR","Medical - Biomedical",120.73,+1.49%,1,Hold,"80% Buy",+10.11,+71.39%,118.67,120.45,118.79,125.91,43.9,51.31,-23.61,1510646,Average,Weak,15.41%,0.55,118.01,133.82,17%
USAC,"USA Compression Partners LP","Oil Field Machinery & Equip",26.91,+1.09%,4,Hold,Hold,+9.93,+11.11%,27.15,26.37,26.99,26.2,55.42,-8.97,3.86,241628,Bearish,,81.25%,1.38,25.29,27.11,89%
MSEX,"Middlesex Water Company","Utility - Water Supply",58.02,-1.21%,4,Buy,"100% Buy",+9.89,+9.51%,53.95,55.67,53.61,57.34,56.44,-10.57,1.93,151160,Average,Strong,80.54%,0.92,55.53,59.16,69%
TV,"Grupo Televisa S.A. ADR","Media Conglomerates",2.85,-1.72%,7,Buy,"24% Sell",+9.74,+15.38%,2.84,2.78,2.93,2.82,53.72,-4.7,-15.2,1497812,Weakest,Weak,71.40%,0.58,2.73,2.9,69%
PB,"Prosperity Bancshares","Banks - Southwest",74.48,-0.76%,8,Buy,"100% Buy",+9.52,+10.88%,70.64,72.82,70.56,74.02,55.72,-9.2,-5.37,1106307,Average,Strong,68.41%,0.58,72.4,75.64,64%
FRME,"First Merchants Corp","Banks - Midwest",43.52,-0.41%,1,Hold,"96% Buy",+9.29,+12.02%,41.39,42.77,40.67,43.18,54.11,-8.06,2.98,371573,Strengthening,Strong,68.84%,0.62,42.17,44.18,67%
RIOT,"Riot Platforms Inc","Finance - Misc Services",20.04,+5.39%,4,Sell,"8% Buy",+9.26,+76.88%,21.54,22.99,19.56,20.97,45.74,56.8,45.03,18895084,Weakest,Weak,22.61%,0.94,18.16,23.79,33%
CBU,"Community Financial System Inc","Finance - Misc Services",65.01,-1.26%,1,Sell,"40% Buy",+9.02,+15.23%,64.06,65.99,63.27,65.74,45.82,-4.85,0.04,257696,Weakest,Average,51.16%,0.63,63.65,67.83,33%
CPSS,"Consumer Portfol","Finance - Misc Services",9.19,-3.36%,7,Sell,"24% Buy",+8.99,+14.73%,9.22,9.42,8.92,9.4,45.81,-5.35,-14.64,21766,Weakest,Weak,53.27%,0.71,9.07,9.73,18%
MHO,"M/I Homes","Building - Residential & Comm",151.2,-0.60%,4,Hold,"96% Buy",+8.79,+6.20%,138.55,149.3,137.88,150.12,51.87,-13.88,5.03,235958,Average,Strong,52.52%,0.7,145.35,154.89,61%
OCFC,"Oceanfirst Financial Corp","Finance - Savings & Loan",19.64,-0.66%,3,Hold,"96% Buy",+8.75,+14.65%,18.87,19.15,18.77,19.56,53.76,-5.43,-3.72,750562,Strengthening,Average,58.05%,0.94,19.04,20.08,58%
NTWK,"Netsol Tech Inc","Computer - Software",4.05,-0.49%,4,Sell,"24% Buy",+8.74,-2.17%,4.1,4.39,3.86,4.28,35.11,-22.25,20.52,39817,Weakening,Weak,9.61%,0.48,4.06,4.49,-3%
AEBI,"Aebi Schmidt Holding Ag","Auto - Domestic",12.4,-2.44%,6,Buy,"8% Buy",+8.66,+5.08%,11.99,12.59,12.71,13.1,44.62,-15.,-15.12,275185,Weakest,Minimum,21.16%,0.76,12.47,13.72,-6%
CCEC,"Capital Clean Energy Carriers Corp","Transportation - Ship",22.69,+0.35%,6,Buy,"100% Buy",+8.36,+6.18%,21.29,22.01,21.38,22.68,53.69,-13.9,-4.42,9760,Strongest,Strong,47.63%,0.54,21.99,23.38,51%
SHIM,"Shimmick Corp","Engineering & R&D Services",3.69,-0.54%,8,Hold,"16% Sell",+8.26,+54.39%,4.19,3.86,4,3.94,43.13,34.31,13.23,111662,Weakening,Minimum,5.83%,1.02,3.5,4.38,22%
MHH,"Mastech Holdings Inc","IT Services",7.8,-1.02%,9,Buy,"96% Buy",+8.24,+1.17%,7.07,7.65,6.91,7.8,51.57,-18.91,-1.39,20126,Strengthening,Strong,64.71%,1.04,7.52,8.08,49%
CWT,"California Water Service Group Holding","Utility - Water Supply",49.66,-1.47%,3,Hold,"80% Buy",+8.23,+6.77%,46.8,48.94,46.21,50.4,48.57,-13.31,1.47,476319,Weakening,Strong,31.18%,0.64,48.9,51.9,25%
TFX,"Teleflex Inc","Medical Instruments",133.07,-2.99%,6,Buy,"88% Buy",+7.94,+10.27%,129.43,132.41,122.52,135.15,47.33,-9.81,-4.1,775570,Weakening,Strong,39.00%,1.32,129.89,140.4,30%
GHC,"Graham Holdings Company",Schools,1165.29,-2.18%,5,Hold,"64% Buy",+7.87,+9.41%,1139.9,1169.47,1127.99,1186.88,45.53,-10.67,-7.07,20370,Weakening,Average,28.88%,1.57,1134.94,1238.82,29%
GATX,"GATX Corp","Transportation - Equip & Lease",180.64,0.00%,5,Hold,"48% Buy",+7.53,+15.50%,180.43,178.15,180.82,180.56,52.97,-4.58,-6.63,207240,Average,Weak,34.43%,0.77,175.82,185.3,51%
CBSH,"Commerce Bancshares","Banks - Midwest",59.71,-0.93%,4,Buy,"100% Buy",+7.34,+2.46%,54.45,57.84,53.65,59.38,56.89,-17.62,0.94,1232196,Average,Maximum,63.94%,0.7,58.27,60.5,65%
ALLY,"Ally Financial","Finance - Consumer Loans",43.61,-2.89%,1,Sell,"40% Buy",+7.31,+12.25%,43.56,44.73,42.64,44.01,45.02,-7.83,-16.85,3363879,Weakest,Weak,64.44%,0.94,42.85,45.18,33%
ACEL,"Accel Entertainment Inc",Gaming,12.19,-1.85%,4,Sell,"48% Buy",+7.22,+9.03%,12.12,12.51,11.84,12.19,47.26,-11.05,-6.3,362909,Weakest,Average,51.08%,1.09,11.86,12.52,50%
VNO,"Vornado Realty Trust","REIT - Equity Trust Other",37.9,-2.82%,4,Hold,"64% Buy",+7.18,+1.85%,34.34,38.96,32.73,39.48,42.63,-18.23,0.74,1822648,Weakening,Good,19.99%,0.67,38.07,40.9,-6%
CABA,"Cabaletta Bio Inc","Medical - Biomedical",2.89,+5.09%,4,Sell,"32% Sell",+7.11,+69.01%,3.1,2.89,3.02,2.75,54.22,48.93,18.82,3668268,Weakest,Weak,55.80%,1.69,2.62,2.87,108%
CPK,"Chesapeake Utilities Corp","Utility - Gas Distribution",134.55,-0.41%,6,Buy,"88% Buy",+7.06,+7.99%,127.62,128.82,128.37,134.38,56.23,-12.09,-5.29,153783,Average,Good,49.80%,0.64,131.47,137.29,53%
WFCF,"Where Food Comes From Inc","Consumer Services - Misc",12.34,-0.08%,8,Buy,"24% Buy",+6.57,+9.68%,12.44,12.23,12.14,12.35,48.92,-10.4,-5.74,8738,Weakest,Minimum,16.39%,0.11,11.88,12.83,49%
SGU,"Star Gas Partners LP","Electronics Products - Misc",12.53,-0.87%,1,Sell,"8% Sell",+6.44,+8.39%,12.72,12.77,12.73,12.71,42.3,-11.69,-7.31,26821,Weakening,Minimum,29.44%,1.09,12.4,13.02,20%
ELS,"Equity Lifestyle Properties","REIT - Equity Trust Resident",64.89,-1.10%,4,Hold,"80% Buy",+6.40,+6.94%,63.79,64.51,64.38,65.26,49.93,-13.14,-6.08,1672746,Weakening,Soft,39.37%,0.77,63.69,66.84,38%
CL,"Colgate-Palmolive Company","Consumer Prdts - Misc Staple",90.21,-1.89%,4,Sell,"56% Buy",+6.34,+6.04%,88.96,91.56,89.57,91.94,43.32,-14.04,1.02,6036833,Weakest,Soft,41.62%,0.81,89.68,94.21,12%
UBCP,"United Bncp Inc","Banks - Midwest",15.28,-1.10%,9,Sell,"24% Sell",+6.17,+7.61%,15.77,15.72,15.34,15.61,45.26,-12.47,-6.66,8319,Average,Minimum,38.41%,0.38,15.12,16.09,17%
ACVA,"Acv Auctions Inc Cl A","Auction Valuation Services",7.62,-7.86%,6,Buy,"72% Buy",+6.12,-34.93%,6.22,7.14,6.32,7.76,51.09,-55.01,-18.13,3687577,Weakening,Soft,75.07%,1.43,7.19,8.34,38%
GLP,"Global Partners LP","Oil Refining & Marketing MLP",50.88,+0.10%,9,Buy,"100% Buy",+5.81,+1.76%,47.58,47.99,47.4,49.32,60.96,-18.32,8.44,69181,Strongest,Average,71.94%,0.76,47.55,51.1,94%
GILT,"Gilat Satellite Ntwk","Satellite Communication",11.24,-2.35%,5,Sell,"100% Sell",+5.80,+27.73%,14.76,12.2,15.5,11.26,44.82,7.65,-26.28,798195,Strongest,Strong,59.04%,0.88,10.54,11.98,49%
WDFC,"W D 40 Company","Consumer Prdts - Misc Staple",229.01,-0.10%,1,Sell,"40% Buy",+5.59,+4.10%,221.65,234.72,223.81,231.58,44.67,-15.98,3.17,161348,Weakest,Soft,48.10%,0.51,224.06,239.1,33%
ARMP,"Armata Pharmaceuticals Inc","Medical - Biomedical",4.48,-1.75%,3,Sell,"88% Sell",+5.25,+75.69%,7.71,5.56,7.99,4.75,43.38,55.61,-41.8,88130,Strengthening,Strong,38.04%,0.3,4.19,5.3,26%
GDOT,"Green Dot Corp","Financial Transaction Services",13.45,-0.59%,5,Buy,"100% Buy",+5.22,+1.28%,12.71,13.23,12.41,13.31,54.64,-18.8,-8.14,619560,Average,Average,91.03%,0.92,13.04,13.58,76%
MSGM,"Motorsport Games Inc Cl A",Gaming,3.88,-12.61%,2,Sell,"24% Buy",+5.21,+33.56%,4.29,4.29,4.14,4.34,41.71,13.48,9.26,733565,Weakest,Weak,63.99%,5.22,3.93,4.75,-6%
CARS,"Cars.com Inc","Internet Commerce",11.86,-4.20%,4,Buy,"72% Buy",+5.12,-6.10%,10.59,11.17,10.45,12.02,50.54,-26.18,-15.93,988799,Weakening,Average,60.85%,0.94,11.27,12.76,39%
SUPN,"Supernus Pharm","Medical - Generic Drugs",48.27,0.00%,2,Sell,"40% Sell",+5.04,+13.07%,47.89,46.48,48.95,46.79,55.4,-7.01,-16.02,793021,Weakest,Weak,53.38%,0.59,44.41,49.17,81%
EXR,"Extra Space Storage Inc","REIT - Equity Trust Other",146.89,-0.68%,5,Buy,"72% Buy",+4.55,+7.18%,143.79,147.39,143.48,148.31,47.43,-12.9,-0.34,1249286,Weakening,Average,20.64%,0.6,144.19,152.43,33%
RGR,"Sturm Ruger & Company","Leisure & Recreational Prdcts",37.44,-0.61%,6,Sell,"56% Sell",+4.42,+9.35%,39.56,38.36,39.03,38.03,45.23,-10.73,1.53,197575,Average,Weak,22.39%,1.19,36.77,39.29,27%
TATT,"T A T Tech Ltd","Aerospace - Defense Equipment",40.63,-2.54%,5,Sell,"88% Sell",+4.26,+9.63%,40.83,42.75,44.84,40.68,48.64,-10.45,-22.16,184831,Average,Soft,26.42%,0.52,37.93,43.44,49%
BSBK,"Bogota Financial Corp","Banks - Northeast",9.25,+1.87%,2,Hold,"80% Buy",+4.22,+1.76%,8.76,9.03,8.66,9.01,63.93,-18.32,-3.67,8942,Strengthening,Strong,43.63%,3.28,8.84,9.18,121%
LINE,"Lineage Inc","REIT - Equity Trust Other",40.8,-2.28%,2,Sell,"40% Buy",+4.15,+0.25%,40.15,42.8,39.3,42.09,43.5,-19.83,3.43,1288027,Weakest,Weak,32.18%,0.55,40.22,43.96,16%
PERI,"Perion Network Ltd","Internet - Content",9.68,-1.12%,7,Buy,"56% Buy",+3.99,+5.79%,9.56,9.2,9.34,9.6,54.15,-14.29,-12.1,383944,Weakening,Minimum,74.79%,0.71,9.26,9.94,61%
TOL,"Toll Brothers Inc","Building - Residential & Comm",145.45,-1.90%,5,Sell,"24% Buy",+3.94,+11.46%,144.64,151.11,146.19,150.21,43.55,-8.62,-5.57,1149830,Weakest,Weak,21.98%,1.03,144.55,155.88,8%
TRS,"Trimas Corp","Metal Production & Fabrication",39.14,+0.51%,5,Sell,"24% Buy",+3.91,+6.45%,39.8,41.07,38.49,39.86,42.33,-13.63,-2.73,529272,Weakest,Weak,52.36%,0.89,38.43,41.29,25%
ADSE,"Ads-Tec Energy Plc","Electronic Misc Services",12,+2.65%,5,Hold,"96% Buy",+3.85,+2.13%,11.69,11.84,11.58,11.97,51.78,-17.95,-18.5,18611,Strongest,Soft,44.32%,0.24,11.39,12.54,53%
INMD,"Inmode Ltd","Medical Products",15.02,-0.86%,3,Buy,"72% Buy",+3.72,+4.67%,14.33,14.69,14.3,15.22,48.26,-15.41,-10.89,827338,Weakening,Good,28.42%,0.84,14.99,15.45,7%
ZDGE,"Zedge Inc Cl B","Internet - Content",2.93,-0.34%,1,Sell,"56% Sell",+3.62,-13.06%,3.06,3.06,3.11,2.97,44.82,-33.14,-23.81,366450,Average,Weak,22.38%,0.61,2.9,3.05,21%
FSBW,"FS Bancorp Inc","Banks - West",42.87,-1.40%,4,Hold,"64% Buy",+3.60,+6.80%,41.68,42.98,41.38,43.31,47.45,-13.28,-9.01,14765,Weakening,Good,62.91%,0.59,42.38,44.24,26%
AIIA,"AI Infrastructure Acquisition Corp Cl A",Unclassified,10.24,+0.05%,5,Buy,N/A,+3.58,N/A,10.12,10.18,0,10.2,55.51,N/A,-10.12,N/A,N/A,N/A,75.67%,0.13,10.15,10.25,88%
ATRA,"Atara Biotherap","Medical - Biomedical",8.36,+3.34%,3,Sell,Hold,+3.55,-31.98%,8.09,9.33,7.09,8.36,46.1,-52.06,-66.93,605526,Bearish,,43.90%,0.9,7.62,9.1,50%
SYY,"Sysco Corp","Food - Misc & Diversified",81.85,-1.37%,5,Hold,"48% Buy",+3.42,+2.93%,78.34,82.11,80.33,83.73,43.52,-17.15,-2.07,3915877,Weakest,Average,38.32%,0.62,81.28,86.18,12%
ELLO,"Ellomay Capital Ltd","Utility - Electric Power",20.01,-1.91%,7,Hold,"64% Sell",+3.30,+12.42%,22.37,19.95,23.62,19.72,51.26,-7.66,-30.79,6800,Average,Average,56.73%,0.23,18.57,20.87,63%
NAAS,"Nass Technology Inc ADR","Electrical Power",3.38,+0.90%,4,Buy,"88% Buy",+3.28,+22.91%,2.88,3.21,2.77,3.29,54.79,2.83,-13.14,15914,Strengthening,Average,58.62%,0.71,3.06,3.52,69%
CUBE,Cubesmart,"REIT - Equity Trust Other",41.14,-0.82%,4,Buy,"88% Buy",+3.17,+4.15%,40.1,41.12,39.67,41.59,47.88,-15.93,0.98,2234486,Weakening,Good,35.33%,0.7,40.58,42.6,28%
DLNG,"Dynagas Lng Partners LP","Transportation - Services",3.81,-1.30%,5,Buy,"16% Sell",+3.10,+7.63%,3.79,3.63,3.85,3.71,54.53,-12.45,-12.08,73967,Weakest,Weak,72.12%,1.34,3.48,3.95,70%
MGRC,"Mcgrath Rentcorp","Finance - Leasing Companies",121.04,-1.01%,8,Buy,"100% Buy",+3.05,+1.24%,115,117.82,113.91,119.4,55.99,-18.84,2.21,172243,Strongest,Good,76.69%,0.61,115.31,123.48,70%
MMI,"Marcus & Millichap","Real Estate Developers",31.03,-1.74%,5,Buy,"96% Buy",+2.19,+0.81%,29.34,30.73,28.3,31.03,50.21,-19.27,0.56,254714,Average,Strong,59.61%,0.77,29.99,32.07,50%
PAYO,"Payoneer Global Inc","Financial Transaction Services",7.13,0.00%,5,Buy,"100% Buy",+2.12,+5.94%,5.98,6.98,5.76,7.12,63.14,-14.14,13.73,4885706,Average,Strong,70.83%,0.66,7.08,7.16,58%
ELTK,"Eltek Ltd","Electronics - Misc Components",9.05,+4.95%,4,Sell,"24% Buy",+2.00,-11.10%,8.73,8.97,8.79,8.79,54.53,-31.18,-8.52,12792,Weakening,Minimum,45.19%,1.25,8.19,9.39,71%
OZK,"Bank Ozk","Banks - Northeast",51.11,-2.63%,5,Buy,"88% Buy",+1.99,+3.63%,49.34,51.07,48.65,51.4,47.87,-16.45,-2.08,1213572,Weakening,Strong,62.50%,1.05,50.11,52.68,39%
TACO,"Berto Acquisition Corp",Unclassified,10.45,0.00%,1,Hold,"64% Buy",+1.82,+0.87%,10.4,10.45,10.33,10.46,47.91,-19.21,-10.08,122439,Weakening,Good,33.33%,1.04,10.42,10.49,40%
SR,"Spire Inc","Utility - Gas Distribution",82.29,-0.66%,4,Buy,"40% Sell",+1.81,+8.56%,84.6,80.44,85.76,81.62,54.09,-11.52,-13.64,448418,Weakening,Soft,72.53%,0.67,79.39,83.85,65%
AVO,"Mission Produce Inc","Agriculture Operations",12.95,-0.84%,1,Hold,Hold,+1.81,+3.77%,12.79,12.41,13.01,12.75,52.75,-16.31,-1.5,934833,Bearish,,80.69%,0.29,12.21,13.29,68%
INVA,"Innoviva Inc","Large Cap Pharma",20.96,-1.09%,3,Sell,"72% Sell",+1.72,+0.19%,22.41,21.92,22.15,21.07,45.59,-19.89,-8.29,803088,Strengthening,Soft,40.56%,0.77,20.34,21.81,42%
WTRG,"Essential Utilities Inc","Utility - Water Supply",39.8,-1.44%,4,Buy,"40% Buy",+1.66,+1.58%,38.71,38.79,38.93,39.84,52.3,-18.5,-9.39,2181679,Weakening,Soft,61.92%,0.96,38.84,40.85,48%
GRBK,"Green Brick Partners","Building - Residential & Comm",70.88,+0.60%,3,Sell,"40% Buy",+1.49,+2.38%,69.92,73.15,70.48,71.49,46.69,-17.7,-0.02,231363,Average,Weak,23.30%,0.69,69.46,73.51,35%
ATHE,"Alterity Therapeutics Ltd ADR","Medical - Biomedical",4.57,-4.59%,2,Sell,"40% Buy",+1.47,-12.95%,4.47,4.79,4.12,4.6,46.71,-33.03,35.24,25191,Weakest,Average,57.94%,0.62,4.27,4.92,46%
XLO,"Xilio Therapeutics Inc","Medical - Biomedical",9.49,+3.49%,7,Buy,"88% Buy",+1.46,-4.39%,8.59,8.89,8.39,9.02,62.92,-24.47,-7.26,42334,Strongest,Average,55.49%,1.23,8.48,9.57,93%
OGS,"One Gas Inc","Utility - Gas Distribution",79.98,-1.23%,4,Buy,"24% Sell",+1.42,+5.74%,81.97,78.52,82.41,79.56,52.32,-14.34,-9.61,532338,Weakening,Soft,73.23%,0.54,77.46,81.67,60%
DMRA,"Damora Therapeutics Inc","Medical - Biomedical",31.09,+0.16%,1,Buy,"100% Buy",+1.34,+819.82%,26.15,27.26,26.2,29.97,58.21,799.74,21.98,652105,Average,Average,77.23%,0.57,27.82,32.11,76%
HESM,"Hess Midstream Partners LP","E&P MLP",39.66,-2.15%,4,Buy,"88% Buy",+1.24,-3.67%,38.94,39.15,38.36,40.27,47.78,-23.75,1.82,1575094,Weakest,Average,29.01%,1.28,39.53,41,9%
KYIV,"Kyivstar Group Ltd","Wireline Non-US",13.12,-0.91%,2,Sell,"24% Buy",+0.62,+13.89%,13.26,14.17,12.81,13.48,40.59,-6.19,-12.06,693810,Weakest,Weak,19.90%,0.26,12.85,14.11,21%
BKTI,"Bk Technologies Inc","Wireless Equipment",76.22,+3.00%,1,Sell,"72% Sell",+0.59,+16.76%,83.99,80.63,83.38,78.12,43.5,-3.32,-10.95,47236,Strengthening,Soft,32.05%,0.99,74.53,81.72,24%
INVH,"Invitation Homes Inc","REIT - Equity Trust Resident",29.69,-1.98%,6,Hold,"64% Buy",+0.11,-2.78%,28.68,29.83,27.86,29.98,45.91,-22.86,-6.3,5842159,Weakest,Average,48.50%,0.62,29.3,30.67,28%
AAP,"Advance Auto Parts Inc","Retail - Wholesale Auto Parts",56.72,+0.30%,6,Sell,"56% Buy",-0.07,-0.21%,56.34,57.29,54.53,56.48,50.73,-20.29,31.19,1805971,Average,Weak,59.08%,1.03,52.87,60.08,53%
PJT,"Pjt Partners Inc Cl A","Finance - Misc Services",170.96,-1.95%,7,Buy,"88% Buy",-0.11,-4.91%,157.72,163.11,157.44,170.33,52.43,-24.99,-10.89,361449,Average,Average,76.75%,0.86,162.94,177.73,54%
SMP,"Standard Motor Products","Auto - Truck Replacement Parts",38.76,-0.46%,5,Buy,"40% Buy",-0.28,+1.49%,38.28,38.89,38.86,39.27,48.01,-18.59,-7.96,137712,Weakest,Weak,31.74%,0.64,37.61,40.94,35%
SBR,"Sabine Royalty Trust","Oil - US Royalty Trusts",72.69,-0.29%,5,Sell,"88% Sell",-0.31,+2.42%,74.58,73.32,73.51,72.74,48.51,-17.66,-7.13,38479,Strongest,Weak,66.21%,0.74,71.04,74.43,49%
PHM,Pultegroup,"Building - Residential & Comm",128.49,-1.30%,5,Buy,"72% Buy",-0.41,-0.16%,123.57,128.06,125.7,129.73,48.83,-20.24,-3.56,1830776,Average,Soft,35.39%,0.73,124.35,135.1,38%
UTSI,"Utstarcom Holdings C","Communications Components",2.42,-2.02%,3,Sell,"48% Sell",-0.50,+0.75%,2.53,2.53,2.5,2.44,46.92,-19.33,-17.86,104137,Weakening,Minimum,58.97%,0,2.34,2.54,41%
GLAS,"Glass House Brands Inc","Medical Products",9.69,+2.98%,2,Sell,Hold,-0.60,+35.15%,10.35,11.26,9.69,9.94,43.6,15.07,-3.65,272572,Falling,,38.78%,0.65,9.22,10.65,33%
WLKP,"Westlake Chemical Partners LP","Chemical - Specialty",21.66,-0.18%,3,Sell,"24% Sell",-0.65,-1.55%,22.45,22.22,22.17,21.72,45.47,-21.63,0.86,46873,Average,Minimum,56.51%,0.88,21.19,22.25,44%
COST,"Costco Wholesale","Retail - Discount",953.5,-0.79%,3,Hold,"48% Sell",-0.70,-1.91%,978.29,950.2,980,948.99,51.57,-21.99,-2.57,2313601,Average,Weak,47.61%,0.55,924.47,973.51,59%
FFIN,"First Finl Bkshs Inc","Banks - Southwest",34.86,-1.19%,5,Hold,"80% Buy",-0.73,-1.47%,33.02,34.46,32.61,34.93,50.55,-21.55,3.57,813278,Weakening,Good,57.05%,0.84,34.28,35.59,45%
HLF,"Herbalife Ltd","Retail - Drug Stores",11.99,-2.76%,5,Sell,"100% Sell",-0.92,+24.77%,13.37,12.26,14.51,12.17,47.16,4.69,-20.12,1706519,Strongest,Average,51.24%,0.85,11.41,12.93,38%
PRKS,"United Parks & Resorts Inc","Leisure & Recreation Services",44.45,-1.07%,5,Sell,"40% Buy",-1.19,-14.11%,40.7,45.67,38.87,45.14,46.57,-34.19,9.31,1050116,Weakest,Average,25.86%,0.61,43.47,46.81,29%
KRSP,"Rice Acquisition Corporation 3 Cl A",Unclassified,10.48,+0.24%,5,Hold,N/A,-1.28,N/A,10.41,10.47,10.39,10.48,50.72,N/A,-10.9,N/A,N/A,N/A,32.50%,0.62,10.42,10.54,50%
CRNT,"Ceragon Networks Ltd","Wireless Non-US",2.18,-0.91%,3,Sell,"64% Sell",-1.29,+13.54%,2.47,2.41,2.41,2.19,44.92,-6.54,-9.33,605918,Average,Soft,40.51%,0.68,2.09,2.3,45%
SBGI,"Sinclair Inc","Media Conglomerates",14.25,-3.98%,5,Buy,"48% Sell",-1.69,+0.42%,14.25,14.06,14.37,13.97,51.83,-19.66,-20.,483827,Weakening,Weak,39.86%,1.01,13.22,14.71,69%
CCEL,"Cryo-Cell Intl Inc","Medical Services",3.7,-6.57%,4,Buy,"56% Buy",-1.78,-17.41%,3.53,3.54,3.46,3.56,54.17,-37.49,-5.58,13730,Weakening,Weak,68.08%,0.5,3.2,3.91,70%
RHLD,"Resolute Holdings Management","Finance - Misc Services",136.86,+2.55%,3,Hold,"48% Sell",-1.88,+134.99%,132.85,132.19,149.52,130.83,55.52,114.91,-46.84,160338,Weakest,Weak,57.93%,1.56,124.04,137.63,94%
DLTH,"Duluth Holdings Cl B","Textile - Apparel",3.95,-1.99%,2,Sell,"40% Buy",-1.98,+84.28%,3.77,4.24,3.3,4.13,42.45,64.2,76.76,175822,Weakest,Average,25.11%,0.25,3.85,4.41,17%
WAVE,"Eco Wave Power Global Ab ADR","Other Alt Energy",6.97,-2.52%,1,Sell,"8% Sell",-2.06,-8.77%,7.84,8.13,7.03,7.42,38.4,-28.85,6.22,32305,Weakening,Minimum,38.80%,0.06,6.57,8.27,24%
SMA,"Smartstop Self Storage REIT Inc","REIT - Equity Trust Other",34.1,-0.15%,7,Buy,"72% Buy",-2.42,-2.88%,32.33,33.35,32.36,34.19,52.76,-22.96,-2.93,783026,Average,Average,42.11%,0.65,33.15,35.22,46%
RVSB,"Riverview Bancorp","Finance - Savings & Loan",5.14,-2.10%,6,Sell,"56% Sell",-2.53,+1.58%,5.46,5.44,5.4,5.31,36.32,-18.5,-10.75,64851,Strengthening,Soft,19.18%,0.78,5.17,5.46,-10%
BUDA,"Buda Juice Inc","Beverages - Soft",8.72,-2.35%,1,Hold,N/A,-2.53,N/A,9.17,8.71,9.16,8.35,51.03,N/A,N/A,N/A,N/A,N/A,61.01%,1.26,7.46,9.24,71%
PPL,"PPL Corp","Utility - Electric Power",35.95,-0.19%,4,Sell,"56% Sell",-2.82,-1.64%,36.59,35.85,36.75,35.58,53.76,-21.72,-10.48,8303693,Weakest,Soft,61.45%,0.71,34.63,36.52,70%
CYCN,"Cyclerion Therapeutics Inc","Medical - Biomedical",4.03,+6.33%,4,Buy,"100% Buy",-3.01,+71.13%,3.28,3.48,2.65,3.62,71.33,51.05,204.18,2016175,Strongest,Good,50.43%,0.61,3.29,3.94,114%
KPRX,"Kiora Pharmaceuticals Inc.","Medical - Drugs",2.59,+1.57%,5,Hold,"88% Buy",-3.10,-11.60%,2.5,2.56,2.37,2.56,51.82,-31.68,18.33,181485,Average,Average,68.12%,0.49,2.48,2.65,66%
WKEY,"Wisekey International Holding Ltd ADR","Protection - Safety",6.76,+1.96%,5,Sell,"88% Sell",-3.27,+28.27%,7.34,6.93,7.38,6.51,51.02,8.19,-27.03,233596,Strengthening,Soft,72.75%,0.88,5.99,7.04,73%
GNE,"Genie Energy Ltd Cl B","Utility - Electric Power",14.65,+0.76%,7,Buy,"88% Buy",-3.28,-5.24%,14.08,14.25,14.13,14.36,56.67,-25.32,-6.83,81294,Strongest,Weak,81.69%,0.86,13.87,14.84,80%
HOV,"Hovnanian Enterprises Inc","Building - Residential & Comm",130.69,-2.51%,6,Hold,"80% Buy",-3.46,-16.22%,119.81,129.94,119.46,133.18,48.2,-36.3,20.85,118059,Weakening,Good,58.41%,0.56,126.15,140.22,32%
DMAC,"Diamedica Therapeutics Inc","Medical - Biomedical",6.62,-0.90%,1,Hold,"32% Sell",-3.47,+9.78%,6.47,6.67,6.98,6.69,45.99,-10.3,-29.97,260029,Average,Weak,47.29%,0.58,6.33,7.05,41%
DERM,"Journey Medical Corp","Medical - Drugs",6.46,-3.87%,4,Sell,"56% Sell",-3.54,-7.05%,6.01,6.59,6.7,6.51,47.76,-27.13,-29.35,217589,Average,Weak,31.90%,1.09,5.96,7.05,46%
IVA,"Inventiva S.A. ADR","Medical - Biomedical",4.7,+2.17%,4,Buy,"40% Sell",-3.61,+7.80%,4.75,4.21,5.26,4.59,56.17,-12.28,-12.06,582509,Weakest,Weak,57.41%,0.5,4.34,4.84,72%
IRT,"Independence Realty Trust Inc","REIT - Equity Trust Resident",16.67,-2.11%,8,Buy,"56% Buy",-3.66,-4.36%,16.33,16.72,16.37,16.76,47.79,-24.44,-17.77,2842949,Weakest,Weak,55.67%,0.79,16.27,17.25,41%
LPCN,"Lipocine Inc","Medical - Drugs",2.05,-2.84%,3,Sell,"100% Sell",-3.73,-32.28%,2.6,2.24,4.72,2.12,38.65,-52.36,-87.61,190038,Strengthening,Average,21.49%,0.47,2.03,2.21,12%
INVE,"Identiv Inc","Computers - Peripheral Equpt",2.74,+3.40%,3,Sell,"72% Sell",-3.74,-22.60%,3.57,3,3.48,2.66,49.29,-42.68,-41.79,146293,Weakening,Strong,70.27%,1.99,2.51,2.8,78%
OPXS,"Optex Systems Hlds","Aerospace - Defense Equipment",11.22,-1.32%,2,Sell,"88% Sell",-3.90,-4.51%,11.95,12.39,12.58,11.54,43.23,-24.59,-34.01,44313,Strengthening,Soft,46.42%,0.45,10.71,12.36,31%
WAL,"Western Alliance Bancorp","Banks - West",81.72,-0.73%,4,Buy,"72% Buy",-3.94,-1.01%,79.43,81.6,81,82.1,49.72,-21.09,-15.94,1111255,Weakening,Weak,36.32%,0.62,79.86,84.35,42%
CHT,"Chunghwa Telecom Ltd ADR","Diversified Comm Services",42.49,-0.21%,5,Sell,"40% Sell",-4.28,-5.37%,43.37,43.47,43.12,42.56,46.88,-25.45,-11.27,177203,Weakest,Weak,42.24%,1.26,41.86,43.27,45%
BBOT,"Bridgebio Oncology Therapeutics Inc","Medical - Biomedical",9.04,-0.22%,5,Buy,"8% Sell",-4.33,-15.12%,8.49,8.32,9.24,8.84,54.67,-35.2,-40.94,315280,Weakest,Weak,68.52%,0.62,8.11,9.57,64%
LKFN,"Lakeland Finl Corp","Banks - Midwest",61.82,-1.07%,3,Buy,"88% Buy",-4.45,-0.67%,60.68,61.64,60.13,62.35,48.43,-20.75,-4.8,180398,Weakening,Good,46.69%,0.93,60.72,63.97,34%
CPHC,"Canterbury Park Hl",Gaming,15.63,-0.60%,2,Sell,"16% Sell",-4.47,-7.46%,15.72,15.75,15.63,15.53,50.28,-27.54,-11.65,1795,Average,Minimum,71.95%,3.34,15.11,15.96,61%
MDRR,"Medalist Diversified Inc","REIT - Equity Trust Other",11.74,+2.47%,2,Buy,"8% Sell",-4.47,+7.71%,11.49,11.41,11.99,11.53,52.67,-12.37,-17.69,3653,Weakest,Weak,27.07%,0.6,11.02,12.05,70%
MGEE,"Mge Energy Inc","Utility - Electric Power",81.03,-0.86%,3,Buy,"80% Buy",-4.64,-3.65%,78.74,80.09,78.83,81.03,51.46,-23.73,-9.81,208570,Average,Average,61.56%,0.6,79.12,82.94,50%
MCO,"Moody's Corp","Finance - Misc Services",477.17,-1.61%,1,Buy,"72% Buy",-4.75,-7.61%,460.69,474.42,464.12,481.16,47.53,-27.69,-19.73,1054250,Weakening,Weak,63.05%,0.74,470.17,492.15,32%
AWK,"American Water Works","Utility - Water Supply",134.35,-1.36%,5,Hold,"64% Buy",-4.76,-6.65%,130.75,131.75,131.21,134.96,50.73,-26.73,-10.19,2014939,Weakening,Soft,51.52%,0.9,131.56,138.35,41%
CKX,"Ckx Lands","Real Estate Operations",10.61,-0.84%,3,Hold,"16% Buy",-4.78,-10.08%,10.81,10.88,10.52,10.83,46.29,-30.16,2.82,5826,Weakest,Minimum,22.52%,0.25,10.29,11.37,29%
LGIH,"LGI Homes Inc","Building - Residential & Comm",58.62,-1.97%,5,Hold,"96% Buy",-4.84,-10.54%,50.96,58.01,50.69,58.55,50.75,-30.62,23.31,414092,Average,Strong,56.17%,0.55,54.75,62.35,51%
MC,Moelis,"Finance - Investment Brokers",66.73,-2.46%,4,Sell,"40% Buy",-4.98,-7.42%,65.63,67.23,65.37,67.3,48.84,-27.5,-16.06,1045396,Weakening,Weak,73.52%,0.65,64.24,70.36,41%
AOMR,"Angel Oak Mortgage REIT Inc","REIT - Mortgage Trusts",8.94,+0.11%,3,Buy,"88% Buy",-5.17,-8.59%,8.7,8.82,8.72,8.92,51.09,-28.67,-9.31,110479,Strengthening,Soft,58.93%,1.71,8.76,9.09,55%
KVUE,"Kenvue Inc","Consumer Prdts - Misc Staple",18.79,-2.14%,5,Hold,"64% Buy",-5.23,-11.37%,18.15,18.93,18.08,19.24,44.15,-31.45,-4.21,31469008,Weakest,Soft,30.29%,1.38,18.69,19.79,9%
YUM,"Yum! Brands","Retail - Restaurants",145.14,-2.01%,6,Sell,"100% Sell",-5.27,-2.05%,154.4,153.33,156.07,149.39,41.24,-22.13,-17.2,2144353,Strongest,Strong,21.73%,1.14,143.41,155.36,14%
TLIH,"Ten-League International Holdings Limited","Business Services",5.7,-0.61%,4,Buy,"88% Buy",-5.71,-5.86%,4.09,5.16,3.95,5.76,58.64,-25.94,40.87,242083,Average,Average,85.94%,0.16,5.66,5.85,20%
NFG,"National Fuel Gas Company","Oil - US Integrated",81.82,-0.12%,3,Hold,"48% Sell",-5.76,-6.33%,82.73,79.53,84.31,81.58,53.8,-26.41,-10.94,741104,Weakest,Soft,62.18%,0.65,79.74,83.42,57%
MTH,"Meritage Corp","Building - Residential & Comm",72.23,-1.16%,4,Sell,"24% Buy",-5.81,-6.19%,69.84,74.77,70.54,72.69,46.8,-26.27,-3.37,935051,Weakest,Weak,43.08%,0.5,70.26,75.13,40%
MSCI,"MSCI Inc","Finance - Investment Mgmt",550.68,-3.24%,1,Sell,"40% Sell",-5.95,-1.14%,581.47,585.89,576.09,567.42,38.25,-21.22,-17.16,659073,Strengthening,Weak,32.77%,0.88,549.8,585.03,2%
DBVT,"Dbv Technologies ADR","Medical - Biomedical",14.67,+4.64%,3,Sell,"88% Sell",-6.05,+46.85%,17.54,15.21,18.82,13.89,52.38,26.77,-36.61,336153,Average,Good,68.22%,0.55,13.27,14.51,113%
VRTS,"Virtus Investment Partners","Finance - Investment Mgmt",168.14,-0.53%,5,Buy,"88% Buy",-6.15,-13.37%,147.89,156.17,147.45,165.96,57.26,-33.45,-10.08,104874,Average,Good,83.42%,0.68,160.1,171.81,69%
CCU,"Compania Cervecerias Unidas S.A. ADR","Beverages - Alcohol",11.66,-1.10%,3,Buy,"24% Sell",-6.62,-7.75%,11.54,11.42,12.2,11.71,50.87,-27.83,-21.76,180077,Weakest,Soft,41.76%,0.45,11.32,12.1,43%
DGXX,"Digi Power X Inc","Technology Services",3.88,-2.27%,4,Sell,"56% Sell",-6.80,+73.21%,4.83,4.8,4.1,3.9,44.17,53.13,39.02,5877909,Strengthening,Minimum,66.98%,0.59,3.42,4.38,48%
CDNS,"Cadence Design Sys","Computer - Software",323.47,-0.42%,3,Sell,"24% Sell",-6.95,-7.55%,345.76,359.49,329.99,333.67,36.51,-27.63,-9.66,2282110,Weakening,Minimum,11.75%,0.85,319.98,347.36,13%
MAA,"Mid-America Apartment Communities","REIT - Equity Trust Resident",131.12,-1.78%,5,Sell,"24% Sell",-6.99,-6.94%,131.44,135.46,131.75,133.38,42.96,-27.02,-18.75,1021721,Average,Minimum,33.10%,0.73,130.48,136.28,11%
MXC,"Mexco Energy Corp","Oil - US Exploration & Product",9.01,-3.22%,4,Buy,"40% Sell",-7.27,+10.55%,9.03,8.62,9.72,9.14,49.64,-9.53,-22.22,18275,Weakening,Soft,42.27%,5.9,8.48,9.81,40%
JEF,"Jefferies Financial Group Inc","Finance - Misc Services",54.56,-1.05%,5,Sell,"24% Buy",-7.34,-9.43%,52.07,55.84,51.94,55.68,46.47,-29.51,-25.1,2340554,Weakest,Weak,60.35%,1.03,54.25,57.12,11%
RAVE,"Rave Restaurant Group","Retail - Restaurants",3,-1.32%,1,Sell,"24% Buy",-7.45,+6.76%,2.94,3.21,2.97,3.13,38.15,-13.32,-22.23,52499,Weakest,Weak,24.41%,0.96,2.98,3.29,8%
GBTG,"Global Business Travel Group Inc","Internet - Software",9.44,-0.21%,16,Buy,"100% Buy",-7.67,+20.72%,8.41,9.4,7.63,9.43,60.82,0.64,10.26,2385878,Weakening,Strong,74.75%,0.43,9.4,9.47,63%
DAIO,"Data I O Corp","Electronics - Misc Components",3.11,-1.58%,1,Sell,"16% Buy",-7.69,-6.04%,3.14,3.42,3.06,3.04,47.76,-26.12,-15.03,47012,Weakest,Weak,71.53%,0.64,2.82,3.25,67%
LCII,"Lci Industries","Auto - Truck Original Parts",104.12,-1.87%,3,Buy,"56% Sell",-7.80,+0.67%,108.93,101.22,119.08,105.53,47.92,-19.41,-27.33,381094,Average,Soft,59.15%,0.51,101.91,109.14,31%
HNNA,"Hennessy Advisors","Finance - Investment Mgmt",9.98,-0.45%,1,Sell,"32% Buy",-8.00,-6.47%,9.96,9.98,9.97,9.91,51.6,-26.55,-9.18,11281,Weakest,Minimum,69.29%,1.78,9.75,10.07,73%
TROX,"Tronox Inc","Chemical - Diversified",5.78,-3.02%,5,Sell,"88% Sell",-8.07,+61.45%,7.74,6.5,7.48,6.18,42.22,41.37,25.47,3584184,Strongest,Average,24.26%,0.68,5.57,6.79,17%
CHSCP,"CHS Inc","Agriculture Operations",26.64,-0.22%,7,Sell,"100% Sell",-8.14,-7.65%,27.31,26.91,27.59,26.65,43.79,-27.73,-16.97,16291,Strengthening,Strong,30.65%,1.16,26.56,26.75,44%
VC,"Visteon Corp","Auto - Truck Original Parts",107.8,-0.39%,6,Hold,"48% Buy",-8.15,-10.92%,106.75,107.82,102.65,105.15,54.94,-31.,0.21,537968,Weakening,Weak,78.42%,0.53,101.46,108.84,86%
WCN,"Waste Connections Inc","Waste Removal Svcs",165.01,-0.77%,2,Hold,"16% Buy",-8.24,-10.69%,161.69,165.33,163.45,167.31,45.61,-30.77,-19.04,1490864,Weakest,Weak,27.16%,0.58,163.49,171.13,20%
MLYS,"Mineralys Therapeutics Inc","Medical - Biomedical",26.05,+1.60%,4,Sell,"88% Sell",-8.32,+79.41%,27.22,26.43,27.86,26.67,43.67,59.33,-41.36,1359908,Average,Weak,30.84%,0.65,25.47,27.88,24%
CATO,"Cato Corp","Retail - Apparel & Shoes",3.27,-3.82%,4,Buy,"56% Buy",-8.49,+15.96%,3.12,3.29,3.12,3.33,47.8,-4.12,-7.31,66992,Weakening,Weak,53.97%,1.41,3.21,3.46,25%
AUNA,"Auna Sa Cl A","Medical Services",5.38,+2.67%,6,Buy,"80% Buy",-8.71,-14.74%,5.12,5.1,5.1,5.18,58.4,-34.82,-3.79,300900,Strongest,Weak,72.31%,1.37,4.95,5.42,92%
BANF,"Bancfirst Corp","Banks - Southwest",114.93,-0.68%,4,Hold,"96% Buy",-8.91,-6.63%,112.69,114.05,112.38,114.41,52.5,-26.71,-4.74,143531,Average,Soft,62.73%,0.57,111.87,116.95,60%
PG,"Procter & Gamble","Consumer Prdts - Misc Staple",143.12,-0.99%,3,Sell,"56% Sell",-9.37,-7.28%,146.03,147.89,148.59,146.19,40.23,-27.36,-13.27,9893015,Average,Weak,32.52%,1.11,142.65,149.73,7%
ONIT,"Onity Group Inc","Finance - Mortgage & Rel Svs",38.25,-2.47%,2,Hold,"80% Sell",-9.67,-4.21%,39.25,38.33,40.75,38.83,47.99,-24.29,-29.61,64874,Strengthening,Average,72.48%,0.8,36.67,40.99,37%
LONA,"Leonabio Inc","Medical - Biomedical",7.71,-3.20%,5,Sell,"8% Sell",-10.07,+92.41%,8.88,8.16,7.97,7.54,47.64,72.33,-11.29,360235,Weakening,Minimum,62.79%,7.24,6.94,8.13,65%
IRS,"Irsa Inversiones Y Representaciones S.A. ADR","Real Estate Developers",14.64,-0.41%,4,Sell,"64% Sell",-10.09,-5.30%,15.24,15.46,15.44,15.05,41.38,-25.38,-24.63,172260,Strengthening,Weak,20.00%,0.71,14.41,15.7,18%
FPH,"Five Point Holdings Llc Cl A","Real Estate Developers",5.12,-0.78%,4,Buy,"8% Sell",-10.25,-5.71%,5.06,5.18,5.17,5.21,45.78,-25.79,-21.55,174939,Weakening,Minimum,15.08%,0.68,5.01,5.41,28%
MFA,"MFA Financial Inc","REIT - Mortgage Trusts",9.11,-0.55%,1,Sell,"100% Sell",-10.28,-6.08%,9.55,9.33,9.68,9.16,44.4,-26.16,-15.29,1427179,Strongest,Strong,66.32%,0.58,9.01,9.3,34%
AB,"Alliancebernstein Holding LP","Finance - Investment Mgmt",36.19,-1.26%,2,Hold,"80% Sell",-10.62,-10.55%,37.51,36.76,38.2,37.02,38.18,-30.63,-19.09,315370,Strongest,Strong,33.56%,1.34,36.26,37.78,-5%
CWST,"Casella Waste Sys","Waste Removal Svcs",89.31,-1.55%,1,Hold,"32% Sell",-10.64,-10.10%,87.5,91.67,90.71,90.4,44.32,-30.18,-21.95,811213,Average,Minimum,61.22%,0.59,88.65,92.16,19%
ANGH,"Anghami Inc","Broadcast - Radio & TV",3.57,+1.42%,5,Sell,"24% Buy",-10.72,+9.17%,3.75,3.88,3.44,3.5,49.72,-10.91,-18.45,262458,Weakest,Minimum,50.59%,0.05,3.19,3.82,60%
FTH,"Faeth Therapeutics Inc","Medical - Biomedical",32.77,+1.33%,5,Buy,"88% Buy",-11.04,+277.53%,25.11,24.84,23.5,28.22,64.4,257.45,193.98,178687,Strongest,Average,76.85%,1.89,23.82,32.61,102%
COPR,"Idaho Copper Corp","Mining - Misc",2.54,-1.55%,2,Sell,"88% Sell",-11.26,-60.31%,5.69,4.08,6.5,2.52,39.47,-80.39,-40.78,11254,Average,Strong,55.19%,0.51,2.16,2.88,53%
GNTX,"Gentex Corp","Auto - Truck Original Parts",23.81,-0.25%,2,Sell,"56% Buy",-11.38,-12.88%,23.64,24.39,23.49,23.72,48.9,-32.96,-10.82,2327512,Weakening,Weak,57.16%,0.84,23.02,24.42,56%
HEPS,"D-Market Electronic Services & Trading ADR","Internet Commerce",2.74,-1.79%,7,Sell,"8% Buy",-11.63,-7.43%,2.8,2.86,2.78,2.86,41.9,-27.51,-2.66,286472,Weakest,Weak,15.90%,0.62,2.73,2.98,3%
CSR,Centerspace,"REIT - Equity Trust Resident",54.64,-2.15%,6,Sell,"100% Sell",-11.82,-1.26%,60.39,56.18,61.24,55.67,42.93,-21.34,-31.25,152634,Strongest,Strong,45.29%,0.51,54.37,56.96,10%
WTF,"Waton Financial Limited","Finance - Misc Services",3.01,+2.56%,2,Sell,"56% Sell",-11.88,-31.16%,3.22,2.85,3.41,2.94,53.15,-51.24,-22.08,71058,Weakest,Soft,69.92%,1.55,2.72,3.15,66%
DXR,"Daxor Corp","Medical - Outpatient & Hm Care",10.2,-1.89%,3,Hold,"48% Sell",-11.96,-3.75%,10.28,10.31,11.11,10.5,46.76,-23.83,-43.97,6380,Weakening,Soft,25.85%,0.95,10.04,10.95,18%
PIPR,"Piper Jaffray Companies","Finance - Misc Services",75.24,-1.65%,5,Hold,"96% Sell",-11.99,-7.64%,78.82,76.2,79.79,75.93,47.74,-27.72,-24.55,631500,Strengthening,Average,78.43%,0.72,73.88,77.98,33%
NXST,"Nexstar Media Group Inc","Media Conglomerates",184.8,-2.52%,5,Buy,"40% Sell",-12.10,-10.45%,187.4,180.33,201.02,188.71,47.96,-30.53,-22.13,372746,Weakening,Average,41.12%,0.94,179.41,198.02,29%
LIEN,"Chicago Atlantic Bdc Inc","Finance - SBIC & Commercial",9.48,-0.42%,1,Sell,"72% Sell",-12.42,-13.82%,9.63,9.75,9.82,9.46,46.35,-33.9,-21.37,64318,Strengthening,Average,41.21%,2.54,9.18,9.74,54%
KBH,"KB Home","Building - Residential & Comm",55.44,-1.11%,5,Hold,"16% Sell",-12.52,-11.83%,53.61,56.51,55.64,56.72,46.17,-31.91,-14.86,1174713,Weakest,Minimum,24.57%,0.71,54.55,58.9,20%
EXP,"Eagle Materials Inc","Building - CMT & CNT & AG",205.51,-1.44%,5,Sell,"40% Sell",-12.56,-11.98%,208.37,214.14,210.56,211.09,43.99,-32.06,-13.71,462306,Average,Weak,28.74%,0.53,201.16,221.02,22%
KMB,"Kimberly-Clark Corp","Consumer Prdts - Misc Staple",107.91,-2.25%,5,Hold,"64% Buy",-12.57,-18.83%,102.67,107.89,102.86,109.78,47.02,-38.91,-6.18,5357978,Weakening,Soft,42.25%,0.71,106.26,113.29,23%
NERV,"Minerva Neuroscie","Medical - Drugs",4.42,-3.49%,5,Sell,"72% Sell",-12.57,+96.44%,5.11,4.45,5.36,4.24,51.56,76.36,-3.19,180520,Weakening,Soft,49.53%,0.45,3.8,4.69,70%
FRHC,"The Awareness Group","Finance - Misc Services",150.47,+2.74%,3,Buy,"88% Buy",-12.66,-12.46%,148.13,148.22,140.83,151.91,49.87,-32.54,10.52,120085,Average,Average,18.51%,0.7,144.59,159.23,40%
CEG,"Constellation Energy","Other Alt Energy",278.2,-1.52%,9,Buy,"24% Sell",-12.71,-13.66%,275.81,261.37,283.75,270.25,58.43,-33.74,-34.39,3293281,Weakest,Soft,77.83%,0.66,255.8,284.7,78%
AMRN,"Amarin Corp ADR","Medical - Biomedical",14.01,-0.43%,5,Sell,"88% Sell",-12.86,-10.48%,14.64,14.76,14.78,14.06,42.7,-30.56,-12.75,81676,Average,Average,43.54%,0.76,13.58,14.54,45%
CE,"Celanese Corp","Chemical - Specialty",44.99,-1.47%,4,Sell,"72% Sell",-13.08,+5.91%,54.13,47.15,53.46,44.88,47.76,-14.17,-6.73,2223865,Average,Average,75.21%,0.63,42.21,47.55,52%
AENT,"Alliance Entertainment Holding Corp","Media Conglomerates",5.46,-3.53%,5,Sell,"96% Sell",-13.23,+9.42%,6.28,5.71,6.4,5.71,41,-10.66,-45.57,46704,Strongest,Good,48.91%,0.61,5.32,6.09,18%
CNNE,"Cannae Holdings Inc","Finance - Investment Mgmt",14.88,+1.71%,4,Buy,"88% Buy",-13.29,-16.45%,13.87,14.57,13.7,14.84,51.4,-36.53,-18.54,592637,Average,Soft,58.16%,1.09,14.37,15.31,55%
TARA,"Artara Therapeutics Inc","Medical - Drugs",3.98,+0.25%,1,Sell,"100% Sell",-13.41,+31.35%,4.54,4.02,5.04,4,47.11,11.27,-38.47,834534,Average,Good,47.62%,0.45,3.84,4.16,44%
ZKH,"Zkh Group Limited ADR","Internet - Services",2.88,-1.03%,4,Buy,"24% Sell",-13.63,-4.64%,2.87,2.75,3.05,2.91,52.27,-24.72,-34.88,137954,Weakening,Soft,72.28%,1.03,2.83,2.99,34%
HPP,"Hudson Pacific Properties","REIT - Equity Trust Other",13.8,-0.72%,2,Sell,"40% Buy",-13.81,-26.71%,11.98,14.79,10.5,14.23,46.27,-46.79,14.28,1209473,Weakest,Soft,45.44%,0.48,13.21,15.25,29%
SRI,"Stoneridge Inc","Electronics - Misc Components",7.06,-1.81%,5,Sell,"56% Buy",-14.60,-10.18%,6.88,7.22,6.97,7.22,47.53,-30.26,8.79,208436,Weakening,Weak,38.07%,0.33,6.79,7.66,31%
VINP,"Vinci Compass Investments Ltd","Finance - Misc Services",9.33,-2.10%,4,Sell,"100% Sell",-15.07,-8.17%,10.18,9.77,10.78,9.74,35.69,-28.25,-41.59,65114,Strongest,Strong,23.23%,1.39,9.34,10.14,-1%
GEG,"Great Elm Group Inc","Conglomerates - Div Operations",2.15,-0.46%,4,Buy,"8% Sell",-15.15,+1.42%,2.15,2.23,2.14,2.18,47.06,-18.66,-28.83,25742,Weakest,Minimum,15.65%,0.64,2.08,2.27,35%
CUVL,"Clinuvel Pharmaceuticals Ltd ADR","Medical - Biomedical",6.88,-0.36%,1,Sell,"96% Sell",-15.37,-19.40%,6.91,6.9,7.3,6.87,50.06,-39.48,-32.07,3079,Average,Average,37.48%,0.64,6.42,7.32,50%
MDBH,"Mdb Capital Holdings Cl A","Finance - Misc Services",2.94,-1.32%,3,Hold,"96% Sell",-15.56,-12.48%,3.27,3.11,3.27,3.07,41.77,-32.56,-22.52,8920,Strongest,Average,31.76%,0.51,2.9,3.24,13%
BNTX,"Biontech Se ADR","Medical - Biomedical",91.6,-1.60%,4,Hold,"64% Sell",-15.73,-19.31%,93.17,91.52,97.06,92.06,48,-39.39,-16.92,1059353,Average,Average,65.54%,0.47,90.11,94.01,38%
MBUU,"Malibu Boats Inc","Leisure & Recreational Prdcts",29.41,+0.27%,6,Buy,"56% Buy",-15.97,-19.07%,27,27.7,28.02,28.57,58.71,-39.15,-8.89,279231,Strengthening,Weak,78.81%,0.5,27.18,29.97,80%
POCI,"Precision Optics Corp Inc","Medical Instruments",4.18,-4.68%,2,Sell,"40% Sell",-16.71,-10.44%,4.71,4.83,4.69,4.27,40.78,-30.52,-13.26,34474,Average,Weak,35.62%,1.1,4.06,4.48,29%
RTB,"Rtb Digital Inc","Internet - Software",16.9,-2.82%,4,Buy,"100% Buy",-16.74,+67.54%,9.73,13.85,8.4,16.52,54.99,47.46,184.74,172692,Strengthening,Strong,52.73%,0.3,14.75,18.29,61%
RYN,"Rayonier Inc REIT","Building Products - Wood",21.41,-0.74%,4,Buy,Hold,-16.83,-18.66%,21.13,21.47,21.48,21.64,47.46,-38.74,-14.25,2546372,Bearish,,32.89%,1.03,21.14,22.15,27%
ASO,"Academy Sports and Outdoors Inc","Leisure & Recreational Prdcts",46.1,-3.93%,5,Sell,"100% Sell",-17.21,-14.66%,51.47,48.55,53.43,48.41,40.46,-34.74,-20.87,1535053,Strongest,Strong,24.97%,1.64,46.19,50.63,-2%
LNN,"Lindsay Corp","Machinery - Farm",114.04,-0.90%,8,Sell,"56% Sell",-17.24,-17.64%,113.14,115.79,118.13,114.14,47.89,-37.72,-16.39,148305,Average,Weak,55.86%,0.47,110.78,117.5,48%
TIPT,"Tiptree Financial Cl A","Insurance - Brokers",17.79,-1.44%,6,Buy,"56% Buy",-17.42,-18.32%,17.48,17.87,17.34,17.93,47.21,-38.4,-15.77,242350,Weakest,Weak,49.14%,0.88,17.51,18.34,33%
ARL,"American Realty Investors","Real Estate Operations",14.55,-3.00%,2,Sell,"56% Sell",-17.43,-0.61%,15.55,16.68,15.97,15.05,37.97,-20.69,-22.54,6572,Strengthening,Weak,33.09%,1.56,14.49,15.6,5%
WH,"Wyndham Hotels & Resorts Inc","Hotels & Motels",72.94,-0.94%,3,Sell,"72% Sell",-17.57,-17.03%,80.62,78.58,79.8,74.55,39.75,-37.11,-16.61,1320403,Strongest,Average,35.79%,0.78,71.92,77.18,19%
EAF,"Graftech International Ltd","Metal Production & Fabrication",7.36,-3.29%,5,Buy,"56% Sell",-17.66,-42.50%,7.84,7.17,8.63,7.42,49.69,-62.58,-65.69,300630,Average,Soft,63.38%,0.69,6.49,8.35,47%
VYGR,"Voyager Therapeut","Medical - Biomedical",3.23,-1.22%,4,Sell,"88% Sell",-18.10,-13.40%,3.62,3.35,3.72,3.13,50.24,-33.48,-30.95,599875,Weakening,Strong,77.22%,0.38,2.97,3.29,81%
PHUN,"Phunware Inc","Internet - Software",2.05,-1.91%,4,Hold,"64% Buy",-18.14,-23.22%,2.04,2.06,1.96,2.13,44.55,-43.3,-2.33,150761,Weakest,Weak,36.11%,0.84,2.04,2.23,7%
JYNT,"The Joint Corp","Medical - HMO",8.4,-0.59%,3,Sell,"100% Sell",-18.16,-22.87%,8.75,8.74,8.89,8.44,45.52,-42.95,-16.81,89402,Strongest,Soft,48.77%,0.85,8.11,8.78,43%
DEI,"Douglas Emmett","REIT - Equity Trust Other",11.6,-0.68%,3,Sell,"40% Buy",-18.72,-21.20%,11.41,12.02,11.03,11.89,44.08,-41.28,-7.59,2407441,Weakest,Weak,41.95%,0.72,11.38,12.39,22%
AKA,"A.K.A. Brands Holding Corp","Retail - Apparel & Shoes",10.51,-3.40%,4,Sell,"8% Sell",-18.74,-0.76%,10.32,10.38,10.51,11,44.27,-20.84,-14.92,6870,Weakest,Weak,29.65%,2.66,10.55,11.44,-5%
LBTYB,"Liberty Global Ltd Ord B","Cable TV",12.97,+9.08%,4,Sell,"24% Sell",-18.76,+4.68%,13.58,13.04,12.98,12.28,53.83,-15.4,-3.36,19696,Weakest,Minimum,43.09%,1.54,11.36,13.2,88%
AERO,"Grupo Aeromexico S.A.B. ADR","Aerospace - Defense",15.71,-0.25%,4,Sell,N/A,-19.42,N/A,15.88,16.38,16.66,15.57,47.54,N/A,-41.6,N/A,N/A,N/A,54.54%,2.84,14.83,16.3,60%
FLWS,1-800-Flowers.com,"Retail - Mail Order",4,-1.96%,2,Buy,"88% Buy",-19.65,-26.74%,3.91,3.96,3.86,4.02,49.75,-46.82,-11.36,721328,Weakening,Weak,70.59%,0.45,3.78,4.26,46%
BRID,"Bridgford Foods Corp","Food - Misc & Diversified",6.36,-0.93%,2,Sell,"96% Sell",-19.70,-15.31%,7.09,6.58,7.29,6.36,47.53,-35.39,-31.6,3696,Average,Strong,35.70%,1.49,6.15,6.57,50%
OFLX,"Omega Flex Inc","Steel - Pipe & Tube",28.45,-0.77%,6,Sell,"100% Sell",-20.09,-13.45%,30.67,30.3,31.59,29.83,38.33,-33.53,-16.5,43529,"Top 1%",Average,29.98%,0.89,28.35,31.31,3%
SRTS,"Sensus Healthcare Inc","Medical Instruments",2.9,+1.40%,3,Hold,"80% Sell",-20.14,-13.43%,3.37,2.94,3.74,2.99,43.52,-33.51,-40.28,76563,Average,Strong,31.89%,1,2.81,3.17,25%
LAZ,"Lazard Inc","Finance - Misc Services",43.75,-1.99%,7,Hold,"48% Sell",-20.34,-19.00%,44.6,43.01,46.23,43.35,51.36,-39.08,-23.05,1490833,Average,Average,81.05%,0.48,41.37,45.34,60%
SAM,"Boston Beer Company","Beverages - Alcohol",182.3,-1.87%,3,Hold,"64% Sell",-20.37,-17.25%,196.78,179.72,206.84,182.36,50.13,-37.33,-19.72,226688,Average,Good,62.20%,0.62,173.6,191.12,50%
ALT,"Altimmune Inc","Medical - Drugs",3,+2.04%,3,Buy,"24% Sell",-20.73,-17.36%,2.99,2.9,3.46,2.95,52.65,-37.44,-30.04,4268762,Weakening,Average,33.81%,0.9,2.77,3.13,65%
LEDS,"Semileds Corp","Electronics - Semiconductors",2.23,+0.45%,1,Hold,"80% Buy",-20.83,+22.53%,1.85,1.99,1.77,2.16,53.01,2.45,35.53,312458,Average,Average,63.50%,0.03,1.79,2.54,59%
AERT,"Aeries Technology Inc","Technology Services",6.85,-2.97%,2,Buy,"100% Buy",-20.91,-14.38%,5.77,6.68,5,6.7,52.4,-34.46,52.96,43367,Average,Strong,85.51%,0.37,6.1,7.29,63%
WGO,"Winnebago Industries","Building - Mobile Homes & RV",31.58,+0.10%,5,Buy,"8% Sell",-21.00,-7.93%,30.73,30.31,34.66,31.49,51.93,-28.01,-35.2,641520,Weakest,Weak,61.61%,0.63,29.95,33.02,53%
VICI,"Vici Properties Inc","REIT - Equity Trust Other",25.96,-1.52%,3,Sell,"100% Sell",-21.43,-20.12%,27.47,26.78,27.93,26.47,41.65,-40.2,-20.82,10279785,Strongest,Good,21.90%,0.67,25.84,27.11,10%
TAP,"Molson Coors Brewing","Beverages - Alcohol",40.74,-4.75%,5,Buy,"40% Sell",-21.45,-20.77%,41.55,40.71,43.72,41.8,45.93,-40.85,-25.86,3235133,Weakening,Average,31.31%,0.87,40.18,43.42,17%
BCSF,"Bain Capital Specialty Finance Inc","Finance - SBIC & Commercial",12.06,-3.90%,6,Hold,"80% Sell",-21.60,-19.87%,12.89,12.62,12.95,12.66,37.04,-39.95,-26.44,433048,Strongest,Good,29.10%,2.6,12.19,13.14,-13%
KR,"Kroger Company","Retail - Supermarket",56.07,-1.09%,3,Sell,"100% Sell",-22.05,-19.54%,63.14,58.7,64.76,57.31,41.97,-39.62,-23.4,6849132,Strongest,Strong,27.49%,0.72,55.26,59.35,20%
ALG,"Alamo Group","Machinery - Farm",161.87,-1.86%,5,Buy,"56% Sell",-22.13,-27.18%,162.86,162.26,172.45,164.46,46.03,-47.26,-16.71,150838,Weakening,Soft,39.73%,1.27,157.17,171.74,32%
NVR,"NVR Inc","Building - Residential & Comm",6298.8301,-0.14%,2,Sell,"88% Sell",-22.14,-23.51%,6379.79,6435.05,6706.61,6318.75,47.52,-43.59,-26.77,26852,Strengthening,Average,47.58%,0.79,6154.22,6483.27,44%
MELI,"Mercadolibre Inc","Internet Commerce",1787.57,-3.09%,6,Hold,"16% Sell",-22.15,-25.28%,1747.26,1767.42,1808.99,1847.24,45.37,-45.36,-24.39,537617,Weakest,Minimum,30.05%,1.2,1762.99,1931.49,15%
RSSS,"Research Solutions Inc","Printing - Commercial",2.31,-0.65%,5,Buy,"56% Sell",-22.38,-19.69%,2.33,2.25,2.4,2.21,59.66,-39.77,-34.74,65546,Weakest,Soft,84.40%,0.63,2.12,2.31,99%
DNUT,"Krispy Kreme Inc","Consumer Prdts - Misc Staple",3.2,-3.90%,4,Sell,"88% Sell",-22.41,-8.05%,3.46,3.43,3.43,3.2,46.96,-28.13,-33.54,2864050,Strengthening,Average,50.10%,0.94,3.03,3.36,51%
OTIS,"Otis Worldwide Corp","Machinery - General Industrial",70.56,-2.85%,3,Sell,"88% Sell",-22.47,-19.30%,74.16,72.42,78.88,72.59,40.46,-39.38,-32.36,3490152,Strengthening,Strong,32.34%,1.03,70.41,74.76,3%
SLVM,"Sylvamo Corp","Paper & Related Products",36.43,-5.11%,5,Sell,"100% Sell",-22.68,-15.92%,39.88,38.8,42.33,38.42,41.19,-36.,-37.48,365905,Strongest,Strong,37.34%,0.83,36.29,40.55,3%
ARBB,"Arb Iot Group Limited","Internet - Software",4.27,-4.90%,3,Sell,"72% Sell",-22.83,-7.58%,4.59,4.64,4.84,4.21,48.04,-27.66,-39.26,59140,Average,Average,76.26%,1.76,3.96,4.47,61%
NCDL,"Nuveen Churchill Direct Lending Corp","Finance - SBIC & Commercial",12.22,-1.77%,3,Sell,"100% Sell",-22.92,-23.96%,13.05,12.55,13.19,12.45,43.64,-44.04,-21.54,243061,Strongest,Strong,40.88%,1.07,12.04,12.86,22%
CCM,"Concord Medical Services ADR","Medical - Nursing Homes",4.66,-2.10%,6,Buy,"88% Buy",-23.20,-10.21%,4.51,4.63,4.35,4.56,50.62,-30.29,7.59,32151,Average,Weak,38.16%,3.67,4.04,5.09,59%
SLRC,"Slr Investment Corp","Finance - SBIC & Commercial",12.67,-1.71%,3,Buy,"72% Sell",-23.29,-22.27%,13.58,12.78,13.99,12.93,44.9,-42.35,-31.19,358707,Average,Strong,54.71%,0.76,12.6,13.26,11%
EARN,"Ellington Credit Company","REIT - Mortgage Trusts",4.41,+0.23%,5,Sell,"88% Sell",-23.33,-21.53%,4.56,4.44,4.74,4.38,50.94,-41.61,-29.46,416602,Weakening,Good,66.67%,0.92,4.28,4.48,65%
VNDA,"Vanda Pharmaceuticals","Medical - Biomedical",5.26,+0.77%,2,Sell,"88% Sell",-23.50,+20.64%,6.21,5.66,6.73,5.17,47.43,0.56,-53.5,1688572,Average,Good,75.06%,0.83,4.9,5.44,66%
GDEV,"Gdev Inc",Gaming,11.96,-1.60%,3,Hold,"96% Sell",-23.64,-18.69%,14.13,12.63,14.96,12.28,44.74,-38.77,-33.41,6746,Weakening,Good,18.09%,0.63,11.23,13.33,35%
XZO,"Exzeo Group Inc","Insurance - Proprty & Casualty",15.49,+2.11%,4,Hold,N/A,-23.91,N/A,15.23,15.57,16.01,15.81,47.16,N/A,-49.26,N/A,N/A,N/A,16.85%,1.09,14.94,16.68,32%
ARKR,"Ark Restaurants Corp","Retail - Restaurants",5.59,-0.18%,3,Sell,"100% Sell",-24.15,-26.64%,6.43,6.01,6.52,5.73,42.72,-46.72,-29.77,6115,Strengthening,Strong,42.80%,0.41,5.5,5.97,19%
ASR,"Grupo Aeroportuario Del Sureste ADR","Transportation - Services",263,-0.60%,2,Sell,"100% Sell",-24.36,-19.65%,301.37,284.57,316.05,272.39,34.14,-39.73,-31.82,64867,"Top 1%",Maximum,13.10%,0.65,263.81,280.97,-5%
LPX,"Louisiana-Pacific Corp","Building Products - Wood",72.29,-2.17%,6,Hold,"64% Sell",-25.30,-27.35%,73.97,75.02,77.78,74.22,44.82,-47.43,-23.63,1117326,Average,Soft,34.56%,1.11,70.2,78.25,26%
BAFN,"Bayfirst Financial Corp","Banks - Southeast",6.1,-4.84%,7,Buy,"56% Sell",-25.50,-34.05%,6.25,5.64,6.32,6.21,50.25,-54.13,-35.43,23599,Weakening,Weak,22.04%,1.17,5.67,6.74,40%
PMT,"Pennymac Mortgage Investment Trust","REIT - Mortgage Trusts",9.62,+1.80%,3,Sell,"88% Sell",-25.59,-20.89%,10.65,10,11.23,9.55,47.63,-40.97,-36.49,1205561,Weakening,Maximum,56.93%,0.83,9.24,9.87,61%
MMLP,"Martin Midstrm LP","Transportation - Ship",2.44,+1.67%,8,Hold,"48% Sell",-25.71,-28.45%,2.51,2.41,2.6,2.42,51.74,-48.53,-19.65,22098,Weakest,Soft,31.67%,0.07,2.3,2.55,57%
MFIC,"Midcap Financial Investment Corp","Finance - Misc Services",9.7,-0.51%,4,Sell,"88% Sell",-25.74,-24.63%,10.58,9.86,10.71,9.66,47.91,-44.71,-28.35,782965,Strengthening,Strong,73.74%,1.46,9.44,9.89,59%
VIRC,"Virco MFG Corp",Furniture,5.95,-1.65%,3,Sell,"88% Sell",-26.03,-26.27%,6.08,6.13,6.17,6.04,45.4,-46.35,-20.03,53717,Strengthening,Soft,64.29%,0.07,5.89,6.18,20%
FSV,"Firstsrvce Sub VT Sh","Real Estate Operations",139.87,-0.67%,1,Hold,"64% Sell",-26.05,-29.44%,140.05,141.79,144.52,141.53,45.89,-49.52,-23.21,220318,Strengthening,Weak,33.19%,0.81,135.66,147.41,36%
BBGI,"Beasley Broadcast Group","Broadcast - Radio & TV",22.34,-1.11%,6,Buy,"72% Buy",-26.33,+385.65%,18.46,22.58,13.8,22.07,50.04,365.57,332.77,681034,Weakening,Strong,50.82%,0.48,18.88,25.25,54%
SGRY,"Surgery Partners CS","Medical Services",14.36,-4.46%,5,Sell,"24% Sell",-26.62,-37.02%,14.52,15.53,14.5,15.46,41.06,-57.1,-20.2,1685724,Weakening,Weak,21.56%,1.54,14.48,16.44,-6%
RPC,"Ridgepost Capital Inc","Finance - Misc Services",8.53,-1.61%,6,Buy,"8% Buy",-26.79,-31.92%,8.08,8.31,8.42,8.71,48.74,-52.,-26.19,594946,Weakest,Minimum,38.76%,1.33,8.25,9.18,30%
AZO,Autozone,"Retail - Wholesale Auto Parts",3019.3,-0.19%,4,Sell,"100% Sell",-26.88,-24.65%,3233.08,3062.19,3370.03,3037.39,46.59,-44.73,-24.11,224542,Strengthening,Strong,36.55%,0.69,2929.33,3145.46,42%
MOMO,"Hello Group Inc ADR","Internet - Software",5.72,-0.52%,1,Sell,"88% Sell",-27.90,-30.83%,5.95,5.82,6.14,5.88,40.47,-50.91,-25.81,807625,Strengthening,Average,12.59%,0.62,5.71,6.05,4%
PPSI,"Pioneer Power Solutions","Machinery - Electrical",2.94,+1.03%,3,Sell,"100% Sell",-27.92,-32.41%,3.66,3.53,3.78,3.01,40.67,-52.49,-50.98,148484,Strongest,Good,37.35%,6.64,2.78,3.23,36%
PRME,"Prime Medicine Inc","Medical - Biomedical",3.17,+2.59%,2,Sell,"88% Sell",-27.99,-11.20%,3.33,3.25,3.5,3.06,50.05,-31.28,-21.79,3124101,Weakening,Soft,71.15%,0.45,2.85,3.27,77%
CPB,"The Campbell's Company","Food - Misc & Diversified",22.68,-2.11%,5,Buy,"8% Buy",-28.19,-30.24%,21.57,22.31,23.03,22.52,51.6,-50.32,-31.76,7836945,Weakest,Minimum,77.94%,0.52,21.55,23.48,58%
MDWD,"Mediwound Ltd Ord Sh","Medical - Drugs",13.39,-1.25%,3,Sell,"100% Sell",-28.29,-26.02%,15.36,14.31,16.03,14.12,33.67,-46.1,-40.6,87700,Strongest,Maximum,7.57%,0.97,13.48,14.76,-7%
SUNS,"Sunrise Realty Trust","Real Estate Operations",7.76,+0.13%,1,Sell,"88% Sell",-28.43,-26.58%,8.01,8.12,8.39,7.82,46.05,-46.66,-30.85,98641,Average,Average,43.14%,0.78,7.47,8.17,42%
SAR,"Saratoga Investment Corp","Finance - SBIC & Commercial",18.71,-1.01%,4,Sell,"100% Sell",-28.49,-26.05%,21.42,20.42,22,19.3,39.49,-46.13,-32.04,122822,Strongest,Maximum,29.96%,1.31,18.62,19.98,6%
FUTU,"Futu Holdings Ltd ADR","Finance - Misc Services",109.5,+4.06%,5,Buy,"40% Sell",-28.49,-37.16%,119.83,99.91,131.42,105.14,58.35,-57.24,-46.46,2100986,Weakest,Average,49.66%,0.74,98.95,111.33,85%
FC,"Franklin Covey Company",Consulting,19.08,-5.78%,6,Sell,"24% Sell",-28.60,-1.40%,21.88,22.12,20.05,21.09,33.95,-21.48,0.57,138481,Average,Minimum,12.82%,0.44,19.68,22.51,-21%
CCI,"Crown Castle","REIT - Equity Trust Other",74.44,-2.03%,2,Sell,"100% Sell",-28.76,-26.80%,83.64,79.82,84.69,75.55,43.36,-46.88,-29.38,3522592,Strongest,Strong,55.36%,0.53,72.65,78.46,31%
ZH,"Zhihu Inc ADR","Internet - Content",3.19,+0.31%,4,Buy,"32% Sell",-28.88,-23.68%,3.19,3.19,3.27,3.24,46.41,-43.76,-15.88,298760,Weakest,Weak,26.14%,0.97,3.11,3.36,32%
SDHC,"Smith Douglas Homes Corp Cl A","Building - Residential & Comm",13.99,+0.07%,1,Sell,"40% Sell",-28.91,-30.43%,13.79,14.54,14.75,14.63,43.21,-50.51,-29.72,93888,Weakening,Weak,28.43%,0.64,13.56,15.69,20%
JVA,"Coffee Holding Company","Beverages - Soft",3.52,-0.28%,4,Hold,"64% Sell",-28.96,-16.59%,3.99,3.53,3.81,3.46,51.95,-36.67,-22.42,72109,Average,Average,87.62%,0.46,3.31,3.6,73%
WLTH,"Wealthfront Corp","Mining - Gold",9.16,+0.22%,7,Buy,N/A,-29.26,N/A,9.99,9.13,9.55,9.39,44.5,N/A,-45.74,N/A,N/A,N/A,24.61%,0.77,8.89,9.9,27%
THO,"Thor Industries","Building - Mobile Homes & RV",77.64,-1.72%,6,Buy,"24% Sell",-29.57,-27.74%,77.02,76.33,85.85,77.94,49.97,-47.82,-37.52,680354,Weakest,Soft,57.35%,0.89,74.46,81.42,46%
KEQU,"Kewaunee Scientifi","Industrial Scientific",36.32,-0.51%,3,Hold,"88% Sell",-29.61,-32.82%,36.71,36.48,37.62,36.48,48.23,-52.9,-16.05,5931,Strengthening,Weak,51.48%,0.28,35.34,37.61,43%
FINW,"Finwise Bancorp","Banks - Southwest",13.71,-1.22%,2,Sell,"100% Sell",-29.63,-25.93%,14.6,14.14,15.43,13.87,44.57,-46.01,-36.72,22293,Strengthening,Good,38.55%,0.88,13.36,14.37,35%
PATK,"Patrick Inds Inc","Auto - Truck Original Parts",84.78,-1.49%,3,Sell,"100% Sell",-29.81,-24.39%,92.91,86.45,104.02,85.89,45.98,-44.47,-34.95,457526,Strongest,Strong,50.49%,0.8,82.84,88.94,32%
SVC,"Service Properties Trust","REIT - Equity Trust Other",8.09,-0.49%,1,Sell,"56% Sell",-29.81,-35.28%,8.08,8.36,8.92,8.24,45.32,-55.36,-25.21,1272109,Average,Weak,47.71%,0.61,7.74,8.74,35%
FIZZ,"Natl Beverage Corp","Beverages - Soft",31.03,-0.89%,6,Sell,"100% Sell",-30.13,-30.71%,33.73,32.84,34.18,31.47,43.51,-50.79,-15.84,357510,Strengthening,Average,32.31%,0.62,30.24,32.7,32%
NIO,"Nio Inc ADR","Auto - Foreign",4.6,+1.77%,1,Sell,"88% Sell",-30.34,-4.37%,5.47,4.88,5.32,4.68,43.47,-24.45,-22.94,40033445,Average,Average,18.37%,0.65,4.45,4.91,33%
FWRG,"First Watch Restaurant Group Inc","Retail - Restaurants",12.31,-3.22%,6,Hold,"16% Sell",-30.77,-31.00%,11.95,12.26,12.86,12.58,47.9,-51.08,-31.51,1427545,Weakest,Weak,54.91%,0.88,11.76,13.4,33%
OMSE,"Oms Energy Technologies Inc","Oil Field Machinery & Equip",4.43,-1.56%,4,Buy,"32% Sell",-30.77,-35.42%,4.43,4.26,4.48,4.31,54.84,-55.5,-12.46,22041,Weakest,Minimum,57.60%,1.37,4.09,4.53,77%
TLS,"Telos Corp","IT Services",4.39,-3.30%,4,Sell,"64% Sell",-31.00,-20.90%,4.48,4.56,4.56,4.51,46.54,-40.98,-27.06,800344,Average,Weak,62.44%,0.65,4.14,4.87,34%
MGPI,"MGP Ingredients Inc","Beverages - Alcohol",17.89,+0.96%,4,Buy,"40% Sell",-31.23,-37.84%,18.01,17.24,19.5,17.85,51.95,-57.92,-39.52,278796,Weakest,Soft,30.05%,0.91,17,18.7,52%
BCTX,"Briacell Therapeutics Corp","Medical - Biomedical",3.39,-1.45%,1,Buy,"56% Sell",-32.16,-54.19%,3.66,3.36,3.91,3.5,46.59,-74.27,-65.46,248712,Weakening,Weak,29.49%,0.42,3.27,3.73,26%
RAND,"Rand Capital Corp","Finance - SBIC & Commercial",10.12,-0.20%,6,Hold,"96% Sell",-32.34,-33.46%,10.69,10.24,10.92,10.14,47.47,-53.54,-24.02,4668,Strengthening,Average,40.35%,0.55,9.93,10.35,45%
MSB,"Mesabi Trust","Mining - Iron",23.13,+0.74%,2,Sell,"88% Sell",-32.40,-27.24%,26.44,24.03,28.84,22.81,46.38,-47.32,-53.09,48547,Weakening,Strong,46.25%,0.72,21.91,23.71,68%
YALA,"Yalla Group Ltd ADR","Internet - Software",5.34,-2.55%,7,Buy,"72% Sell",-32.57,-30.10%,5.93,5.38,6.25,5.39,45.53,-50.18,-36.19,316643,Average,Strong,44.73%,2.66,5.22,5.56,35%
COOK,"Traeger Inc","Consumer Prdts - Misc Discr",55.4,-5.48%,1,Sell,"40% Buy",-33.61,-16.06%,55.21,67.16,51.18,62.69,36.68,-36.14,-10.55,28260,Weakest,Weak,27.51%,1.37,54.99,70.38,3%
MOS,"Mosaic Company",Fertilizers,21.23,-1.76%,6,Hold,"80% Sell",-33.95,-34.62%,22.93,22.07,24.58,22.52,40.19,-54.7,-25.01,8509108,Strengthening,Average,11.85%,1.04,21.27,23.78,-2%
DPU,"Top Kingwin Ltd Cl A","Finance - Misc Services",2.3,+5.63%,4,Buy,"16% Sell",-34.73,-58.86%,2.07,2.04,2.17,2.03,61.82,-78.94,-5.16,106578,Weakening,Minimum,67.73%,0.28,1.75,2.3,100%
BLRX,"Biolinerx Ltd ADR","Medical - Drugs",2.64,-4.35%,1,Sell,"56% Sell",-35.38,-28.84%,2.86,2.99,2.86,2.76,40.11,-48.92,-17.83,28656,Strengthening,Weak,22.58%,1.2,2.62,2.9,6%
KYNB,"Kyntra Bio Inc","Medical - Biomedical",6.81,-3.40%,3,Sell,"88% Sell",-35.60,-28.28%,7.04,7.07,7.28,7,42.68,-48.36,-35.58,26022,Strengthening,Soft,42.91%,1.25,6.68,7.31,21%
LUCK,"Lucky Strike Entertainment Corp","Leisure & Recreation Services",6.7,-3.74%,2,Sell,"100% Sell",-37.07,-33.66%,7.79,7.37,7.93,6.85,41.5,-53.74,-34.04,183990,"Top 1%",Strong,45.10%,0.31,6.5,7.21,28%
MLCO,"Melco Resorts & Entertainment ADR",Gaming,5.47,-2.32%,8,Buy,"56% Sell",-37.13,-36.17%,5.55,5.48,5.69,5.56,47.53,-56.25,-40.88,2152619,Average,Weak,58.33%,0.6,5.37,5.75,25%
FLNC,"Fluence Energy Inc Cl A","Other Alt Energy",12.63,-3.88%,3,Sell,"88% Sell",-37.37,+58.87%,17.04,17.18,18.16,13.6,39.16,38.79,-49.29,7769978,Strongest,Average,28.92%,0.74,11.75,15.46,24%
FLX,"Bingex Limited ADR","Transportation - Services",2.03,+1.50%,3,Sell,"100% Sell",-37.71,-35.56%,2.36,2.16,2.52,2.1,42.83,-55.64,-49.3,191152,Average,Good,22.92%,0.66,1.98,2.23,21%
CPRI,"Capri Holdings Ltd","Retail - Apparel & Shoes",14.67,-4.37%,5,Sell,"100% Sell",-38.11,-29.94%,18.22,17.59,19.15,15.72,33.24,-50.02,-53.02,3110267,Strongest,Strong,22.73%,1.59,14.81,16.63,-8%
KOSS,"Koss Corp","Audio & Video Products",3.7,-1.33%,3,Sell,"100% Sell",-38.42,-34.97%,3.94,3.85,4.05,3.72,45.59,-55.05,-23.77,28430,Strengthening,Average,37.95%,0.44,3.62,3.83,40%
MDXG,"Mimedx Group Inc","Medical - Biomedical",4.19,-1.87%,6,Buy,"8% Sell",-38.47,-41.07%,3.85,4.05,4.23,4.24,49.85,-61.15,-51.25,1250025,Weakest,Weak,63.45%,0.66,4.11,4.37,31%
CSPI,"C S P Inc","Computer - Integrated Systems",7.9,-1.86%,5,Sell,"100% Sell",-38.68,-34.87%,8.76,8.33,9.15,8.08,42.94,-54.95,-49.94,24285,Strongest,Good,40.86%,0.12,7.73,8.43,24%
AD,"Array Digital Infrastructure Inc","Wireless National",35.36,-1.72%,7,Sell,"88% Sell",-38.89,-52.84%,43.33,37.13,45.48,35.05,45.97,-72.92,-47.19,274030,Strengthening,Strong,52.00%,0.36,34.11,35.98,67%
BHM,"Bluerock Homes Trust Inc","REIT - Equity Trust Resident",8.64,-2.37%,2,Sell,"72% Sell",-39.23,-33.97%,9.99,8.97,10,8.49,48.78,-54.05,-32.17,8198,Average,Average,72.73%,0.34,8.16,8.81,74%
FULC,"Fulcrum Therapeutics Inc","Medical - Biomedical",3.84,+2.67%,6,Buy,"40% Sell",-39.27,-43.70%,5.34,3.67,6.69,3.73,53.07,-63.78,-79.19,1667291,Weakest,Good,66.67%,3.45,3.6,3.86,91%
DOYU,"Douyu International Holdings Ltd ADR",Gaming,4.71,+0.21%,2,Sell,"72% Sell",-39.76,-34.81%,4.77,4.66,5.07,4.62,52.82,-54.89,-43.88,32590,Weakest,Soft,46.64%,1.58,4.42,4.82,73%
PASG,"Passage Bio Inc","Medical - Biomedical",4.54,-1.09%,3,Sell,"100% Sell",-39.78,-34.68%,5.76,4.9,7.13,4.6,45.29,-54.76,-74.67,67771,Strengthening,Good,56.56%,0.13,4.25,4.95,42%
SFHG,"Samfine Creation Holdings Group","Printing - Commercial",2.51,-4.20%,2,Buy,"32% Sell",-39.96,-29.10%,2.45,2.42,2.66,2.43,54.53,-49.18,-44.83,82466,Weakest,Weak,76.61%,0.4,2.27,2.59,76%
EBON,"Ebang International Holdings Cl A","Machinery - Tools & Related",2,-1.48%,4,Sell,"88% Sell",-40.67,-51.10%,2.13,2.09,2.35,1.99,48.82,-71.18,-47.78,8665,Weakening,Average,56.87%,0.26,1.85,2.13,54%
IMA,"Imagenebio Inc","Medical - Biomedical",5.58,-4.45%,3,Sell,"72% Sell",-40.76,-60.70%,5.67,5.78,5.97,5.73,45.69,-80.78,-32.27,133350,Average,Weak,61.57%,1.06,5.43,6.03,25%
SAMG,"Silvercrest Ast Cm A","Finance - Investment Mgmt",10.16,-0.20%,6,Sell,"88% Sell",-40.93,-37.97%,11.59,10.39,12.69,10.15,47.99,-58.05,-46.25,42529,Weakening,Strong,44.44%,0.9,9.77,10.52,52%
FTLF,"Fitlife Brands Inc","Medical Products",9.72,-10.00%,2,Sell,"88% Sell",-41.12,-41.48%,10.43,10.68,11.94,10.14,42.77,-61.56,-53.4,22719,Strengthening,Average,48.87%,0.41,9.41,10.88,21%
FBYD,"Falcon's Beyond Global Cl A","Conglomerates - Div Operations",10.16,+3.04%,1,Sell,"24% Sell",-41.19,+53.01%,13.29,13.32,10.93,10.09,41.66,32.93,-45.45,127911,Weakest,Weak,47.35%,0.58,9.41,10.77,55%
AXIL,"Axil Brands Inc","Consumer Prdts - Misc Staple",6.3,+3.53%,6,Buy,"40% Sell",-41.27,-21.45%,6.52,6.06,6.56,5.84,59.06,-41.53,-22.23,201143,Weakest,Weak,63.56%,1.21,5.45,6.23,109%
RBBN,"Ribbon Communications Inc","Communication Network Software",2.08,-1.42%,3,Sell,"100% Sell",-42.59,-46.25%,2.45,2.28,2.42,2.11,44.83,-66.33,-40.92,841713,Strongest,Average,36.71%,0.42,1.97,2.24,41%
XRTX,"Xortx Therapeutics Inc","Medical - Drugs",2.06,-4.41%,6,Hold,"96% Sell",-43.19,-49.88%,2.26,2.11,2.28,2.1,45.75,-69.96,-39.83,404247,Strengthening,Soft,48.06%,0.73,1.97,2.23,34%
ELTX,"Elicio Therapeutics Inc","Medical - Biomedical",3.02,-2.27%,4,Sell,"100% Sell",-43.50,-69.31%,7.8,4.64,8.45,3.04,39.58,-89.39,-75.2,616108,Strengthening,Strong,65.48%,0.12,2.82,3.27,45%
VTSI,"Virtra Systems Inc","Electronics - Military",3.11,-3.72%,7,Buy,"80% Sell",-43.86,-42.19%,3.58,3.17,3.89,3.11,48.28,-62.27,-39.09,53432,Average,Strong,55.45%,1.78,2.91,3.31,50%
LFVN,"Lifevantage Corp","Medical - Dental Suppliers",6.52,-0.76%,8,Buy,"72% Buy",-44.07,-51.67%,6.08,6.77,5.79,6.51,49.63,-71.75,-7.3,262407,Average,Weak,43.16%,0.14,6.21,6.81,51%
YB,"Yuanbao Inc ADR","Insurance - Multi Line",14.38,+6.76%,6,Sell,"88% Sell",-44.13,-45.39%,15.34,14.41,16.81,13.72,55.33,-65.47,-42.16,44987,Weakest,Good,57.16%,2.99,13.07,14.36,101%
LTRN,"Lantern Pharma Inc","Medical - Biomedical",2.6,-1.89%,1,Sell,"56% Sell",-44.18,-43.11%,2.88,3.28,2.87,2.73,37.88,-63.19,-27.33,273865,Strengthening,Weak,41.92%,0.74,2.5,2.95,22%
THH,"Tryhard Holdings Limited","Business Services",2.64,+2.33%,4,Hold,"80% Sell",-44.35,N/A,3.15,2.69,11.81,2.39,52.22,N/A,-111.71,154327,Weakest,Average,22.65%,0.52,1.86,2.92,74%
HTT,"High Templar Tech Ltd WT","Technology Services",2.51,-0.79%,4,Sell,"56% Sell",-45.17,-46.25%,2.56,2.67,2.65,2.49,46.8,-66.33,-42.44,233549,Average,Weak,70.21%,0.17,2.39,2.58,62%
PRT,"Permrock Royalty Trust Trust Units","Oil - US Integrated",2.195,+0.23%,2,Hold,"96% Sell",-45.22,-44.85%,2.48,2.21,2.77,2.21,47.49,-64.93,-34.47,56419,Average,Strong,56.47%,0.52,2.09,2.32,45%
AHT,"Ashford Hospitality Trust Inc","REIT - Equity Trust Other",3.21,0.00%,6,Sell,Hold,-45.47,-48.64%,3.05,3.17,3.2,3.21,52.3,-68.72,-37.79,83448,Falling,,68.23%,1.47,3.11,3.31,51%
HTCO,"High-Trend International Group","Technology Services",2.96,-0.34%,3,Sell,"100% Sell",-46.07,-52.64%,5.86,3.59,7.03,3.25,38.52,-72.72,-78.07,413644,Average,Average,6.07%,0.17,2.85,3.65,14%
ASST,"Strive Inc","Finance - Investment Mgmt",13.2,+7.19%,3,Hold,"48% Sell",-46.26,-84.58%,13.73,12.85,13.09,12.23,56.17,-104.66,-23.71,4415556,Weakest,Weak,80.64%,0.82,11.15,13.3,95%
LBGJ,"Li Bang International Corporation Inc","Steel - Specialty",3.24,+3.85%,1,Sell,"100% Sell",-46.52,-99.99%,177.49,154.78,3779.37,4.63,31.61,-120.07,-113.12,170747,Weakening,Average,6.31%,0.52,0.47,8.79,33%
NVNO,"Envveno Medical Corp","Medical Instruments",11.8,+7.37%,4,Buy,"16% Sell",-46.70,-93.13%,10.75,10.66,10.79,10.65,61.13,-113.21,-8.05,17196,Weakening,Minimum,69.81%,0.47,9.79,11.52,116%
LIVE,"Live Ventures","Conglomerates - Div Operations",10.06,-3.32%,1,Hold,"72% Sell",-46.76,-44.17%,11.24,10.06,13.23,9.97,49.13,-64.25,-45.17,8884,Average,Good,52.64%,0.65,9.13,10.81,55%
FLL,"Full House Rsts",Gaming,2.18,-2.24%,4,Sell,"56% Sell",-47.49,-38.59%,2.55,2.55,2.5,2.3,38.27,-58.67,-29.62,159646,Strengthening,Soft,22.12%,1.17,2.14,2.47,13%
DUKR,"Duke Robotics Corp","Aerospace - Defense",5.62,+1.63%,4,Sell,"72% Sell",-47.55,-43.91%,7.27,5.66,7.5,5.42,52.15,-63.99,-21.42,14633,Weakening,Good,61.42%,0.78,5.12,5.71,85%
HUHU,"Huhutech International Group Inc","Machinery - General Industrial",4.87,-0.81%,5,Sell,"96% Sell",-48.70,-27.31%,8.28,6.93,7.84,5.35,39.2,-47.39,-64.92,37025,Strongest,Strong,22.82%,1.51,4.54,6.17,20%
ZTS,"Zoetis Inc Cl A","Medical - Drugs",72.97,-1.11%,4,Sell,"100% Sell",-49.26,-52.65%,89.05,76.3,100.69,75.45,43.18,-72.73,-55.14,5776806,Strengthening,Strong,32.89%,0.96,72.38,78.51,10%
KRKR,"36Kr Holdings Inc ADR","Business Information",3.17,+5.89%,4,Buy,"40% Sell",-49.49,-32.45%,3.29,2.91,3.56,2.94,58.95,-52.53,-46.44,15547,Weakest,Soft,71.39%,0.68,2.61,3.27,85%
KXIN,"Kaixin Holdings","Auto - Foreign",5.41,+6.08%,2,Buy,"24% Sell",-50.16,-98.28%,5.39,5.01,20.98,5.35,55.02,-118.36,-106.19,119652,Weakest,Weak,68.33%,5.22,4.94,5.75,58%
TRAK,"Repositrak Inc","Internet - Software",8.11,-4.81%,4,Sell,"88% Sell",-50.78,-50.64%,8.92,8.96,9.13,8.5,39.2,-70.72,-47.58,101650,Strongest,Average,36.68%,1.16,8.02,8.99,10%
BUR,"Burford Capital Ltd","Finance - Misc Services",4.27,-2.29%,6,Buy,"40% Sell",-50.81,-68.13%,4.51,4.25,6.01,4.26,49.56,-88.21,-65.27,2742788,Weakening,Average,75.06%,0.57,4.07,4.46,52%
CLRB,"Cellectar Biosciences Inc","Medical Products",2.56,-1.54%,4,Sell,"80% Sell",-51.10,-41.01%,2.73,2.56,2.91,2.54,49.14,-61.09,-26.36,373717,Average,Weak,52.50%,0.54,2.4,2.67,59%
PLCE,"Children's Place Inc","Retail - Apparel & Shoes",2.23,-8.61%,1,Sell,"100% Sell",-51.27,-50.22%,3.16,2.92,3.46,2.52,31.66,-70.3,-57.11,443964,Strongest,Good,20.95%,2.44,2.27,2.78,-8%
WFF,"Wf Holding Limited","Containers - Paper Products",2.02,+40.28%,6,Sell,"24% Sell",-51.44,-58.35%,1.99,2.36,2.04,2.17,47.42,-78.43,-25.31,697384,Weakest,Weak,3.31%,33.19,1.54,2.79,38%
MLGO,"Microalgo Inc","Technology Services",4.23,-1.86%,3,Hold,"48% Sell",-51.59,-54.07%,4.27,4.29,4.27,4.13,52.38,-74.15,-17.44,235670,Weakening,Weak,77.42%,0.29,3.95,4.3,79%
CNXC,"Concentrix Corp","Business Services",23.33,-4.74%,4,Hold,"80% Sell",-51.66,-51.59%,25.51,24.66,28.83,24.74,42.93,-71.67,-57.03,1494927,Strengthening,Average,28.30%,0.67,22.34,27.15,21%
CUE,"Cue Biopharma Inc","Medical - Biomedical",27.64,-19.18%,3,Hold,"64% Buy",-51.74,+11.54%,24.43,29.49,19.39,29.64,46.45,-8.54,188.54,289389,Weakest,Good,63.49%,2.02,24.08,35.2,32%
SSII,"Ss Innovations International Inc","Technology Services",3.76,-3.34%,4,Buy,"56% Sell",-52.52,-43.80%,4,3.67,4.23,3.78,49.89,-63.88,-46.94,73526,Weakening,Average,47.34%,0.37,3.48,4.08,47%
NLOP,"Net Lease Office Properties","REIT - Equity Trust Other",11.42,-1.47%,4,Buy,"72% Sell",-53.82,-65.50%,11.95,11.55,13.53,11.68,44.62,-85.58,-68.86,204161,Average,Soft,27.58%,0.56,11.3,12.06,16%
LUD,"Luda Technology Group Limited","Steel - Specialty",4.4,+2.56%,3,Sell,"88% Sell",-54.01,-0.23%,4.9,4.52,5.39,4.21,52.12,-20.31,-44.6,81448,Weakest,Average,51.72%,0.1,3.97,4.45,89%
TIGR,"Up Fintech Holding Ltd ADR","Finance - Investment Brokers",4.84,+5.22%,4,Sell,"56% Sell",-54.23,-55.39%,5.49,4.71,6.35,4.8,52.49,-75.47,-62.51,3421597,Weakest,Good,42.68%,1.09,4.59,5.01,59%
MTR,"Mesa Royalty Trust","Oil - US Royalty Trusts",2.7599,-4.53%,1,Sell,"100% Sell",-54.34,-50.27%,3.8,3.13,4.17,2.88,28.49,-70.35,-49.25,12866,Strongest,Maximum,19.71%,1.42,2.79,2.97,-16%
PSNY,"Polestar Automotive Holding UK Cl A","Auto - Foreign",13.93,-2.25%,2,Sell,"88% Sell",-54.94,-57.01%,18.39,16.92,18.2,14.17,39.91,-77.09,-47.96,203524,Average,Average,52.34%,0.54,13.34,15.01,35%
DRIO,"Dario Health Corp","Medical Instruments",7.36,-2.97%,5,Buy,"40% Sell",-55.07,-17.86%,7.4,7.12,8.43,7.42,50.54,-37.94,-48.47,18542,Weakest,Soft,61.44%,1.13,6.88,7.97,44%
MSGY,"Masonglory Limited","Auto - Foreign",2.71,-1.45%,4,Hold,"80% Sell",-55.48,-97.05%,3.67,3.48,6.31,2.68,46.15,-117.13,-100.55,324218,Strengthening,Weak,23.19%,0.14,1.9,3.46,52%
QTI,"Qt Imaging Holdings Inc","Medical Instruments",2.7,-6.25%,1,Sell,"100% Sell",-56.02,+33.00%,4.8,3.39,5.16,2.8,36.04,12.92,-68.88,39946,Strongest,Strong,24.53%,0.41,2.54,3.05,31%
TIL,"Instil Bio Inc","Medical - Biomedical",7.36,-0.27%,3,Sell,"88% Sell",-56.17,-73.56%,7.86,7.53,7.92,7.28,48.14,-93.64,-46.23,60154,Average,Weak,65.82%,0.41,7.06,7.5,69%
VRCA,"Verrica Pharmaceuticals Inc","Medical - Drugs",4.89,-1.61%,3,Sell,"100% Sell",-56.26,-17.95%,5.93,5.69,6.07,5.24,38.35,-38.03,-54.3,130206,Strongest,Average,17.66%,4.12,4.81,5.66,9%
OWLS,"Obook Holdings Inc Cl A","Finance - Misc Services",5.43,+2.07%,2,Sell,"88% Sell",-56.39,N/A,5.71,5.56,5.81,5.39,48.38,N/A,-31.85,40139,Weakening,Average,47.71%,0.97,5.28,5.51,66%
XTLB,"Xtl Biopharma ADR","Medical - Drugs",2.6,-6.64%,5,Sell,"56% Sell",-57.23,-53.90%,2.67,2.71,2.88,2.85,40.39,-73.98,-1.07,673693,Average,Weak,47.87%,0.07,2.65,3.04,-13%
PLAY,"Dave & Buster's Entertainment","Retail - Restaurants",10.15,-0.39%,5,Sell,"100% Sell",-57.26,-60.32%,11.35,10.85,13.03,10.37,46.49,-80.4,-50.52,1557370,Strengthening,Average,25.38%,0.76,9.56,11.19,36%
AIV,"Apartment Investment and Management","REIT - Equity Trust Resident",2.62,-0.76%,1,Sell,"100% Sell",-57.70,-66.75%,3.47,2.79,4.07,2.64,35.07,-86.83,-69.03,2050463,Average,Strong,22.99%,0.67,2.58,2.7,33%
TAOX,"Tao Synergies Inc","Finance - Misc Services",3.38,-1.74%,3,Sell,"100% Sell",-57.92,-59.76%,4.36,3.61,4.46,3.48,44.55,-79.84,-21.29,171866,Strengthening,Good,34.99%,0.34,3.19,3.77,32%
HURA,"Tuhura Biosciences Inc","Medical - Biomedical",2.28,-7.69%,5,Hold,"40% Buy",-58.90,-25.49%,2.28,2.26,1.93,2.19,51.99,-45.57,188.17,926368,Weakest,Weak,60.68%,1.06,1.99,2.39,72%
CNF,"Cnfinance Holdings Ltd ADR","Finance - Mortgage & Rel Svs",2.29,+1.78%,1,Sell,"96% Sell",-59.72,-61.15%,2.93,2.63,3.71,2.29,45.87,-81.23,-75.29,10090,Average,Strong,67.45%,0.26,2.11,2.47,50%
YSG,"Yatsen Holding Ltd ADR","Consumer Prdts - Misc Staple",3.19,-6.18%,1,Hold,"32% Sell",-60.13,-66.17%,3.15,3.33,3.47,3.34,43.77,-86.25,-31.13,159183,Weakening,Weak,66.67%,0.92,3.11,3.57,18%
AMCI,"AMC Robotics Corporation",Unclassified,5.38,+13.03%,4,Buy,"32% Sell",-60.57,-55.05%,5.34,4.8,5.78,4.8,57.75,-75.13,-45.12,1408088,Weakening,Weak,46.25%,1.01,4.24,5.36,102%
PDC,"Perpetuals.com Ltd ADR","Technology Services",3.11,+1.97%,3,Sell,"88% Sell",-60.81,+7.61%,5.38,4.35,5.31,3.35,39.74,-12.47,-65.11,88148,Average,Strong,20.81%,0.12,2.67,4.02,32%
BGIN,"Bgin Blockchain Limited Cl A","Technology Services",2.18,+6.35%,6,Buy,"56% Sell",-60.85,N/A,2.63,2,2.75,1.86,61.36,N/A,-26.28,40320,Weakest,Strong,28.90%,0.73,1.58,2.15,106%
BRCB,"Black Rock Coffee Bar Cl A","Beverages - Soft",7.9,-3.54%,5,Sell,"72% Sell",-61.00,N/A,9.47,7.73,11.58,7.91,49.99,N/A,-77.63,512268,Average,Good,62.48%,0.96,7.15,8.67,49%
TC,"Token Cat Limited ADR","Internet Commerce",2.28,+5.07%,4,Sell,"88% Sell",-61.05,-80.34%,7.15,4.34,8.26,2.06,43.34,-100.42,-80.43,563903,Average,Strong,41.38%,0.08,1.73,2.4,83%
BMNR,"Bitmine Immersion Technologies","Technology Services",18.73,+3.60%,7,Buy,"24% Sell",-61.30,-67.60%,18.49,16.29,20,17.75,58.81,-87.68,-44.15,41532875,Weakening,Weak,68.13%,0.86,16.27,19.23,83%
KULR,"Kulr Technology Group Inc","Electronics - Semiconductors",2.62,-0.76%,4,Sell,"56% Sell",-61.34,-50.10%,3.14,3.21,3.14,2.74,41.77,-70.18,-24.63,1850259,Strengthening,Weak,50.61%,0.6,2.43,3.05,31%
NEXM,"Nexmetals Mining Corp","Mining - Misc",2.17,-1.81%,3,Sell,"100% Sell",-61.35,-59.89%,2.47,2.3,2.83,2.21,45.41,-79.97,-57.64,59329,Strengthening,Average,43.45%,0.42,2.06,2.35,38%
SBET,"Sharplink Inc","Finance - Misc Services",6.51,+3.99%,6,Buy,"24% Sell",-61.45,-67.20%,6.27,5.73,6.85,6.26,58.59,-87.28,-40.32,8272406,Weakening,Minimum,74.42%,0.74,5.94,6.58,90%
MOVE,"Corvex Inc","Technology Services",10.16,-13.31%,3,Sell,"56% Sell",-61.77,+139.80%,15.98,15.81,13.79,11.81,37.35,119.72,52.79,845266,Strengthening,Weak,6.56%,0.4,9.82,13.79,8%
NIKI,"Niki Biosolutions Inc","Medical - Drugs",8.26,-6.24%,1,Buy,"56% Sell",-63.30,-40.58%,8.8,8.67,8.79,9.06,45.24,-60.66,-35.22,30937,Average,Weak,22.87%,0.22,7.98,10.14,13%
CNSP,"Cns Pharmaceuticals Inc","Medical - Biomedical",5.4,-2.17%,4,Buy,"88% Buy",-63.46,+6.09%,4.45,4.98,4.35,5.33,52.83,-13.99,-10.28,463297,Strengthening,Soft,54.74%,0.34,4.79,5.86,57%
CGTL,"Creative Global Technology Ltd","Consumer Prdts - Misc Discr",4.79,+8.62%,4,Hold,"80% Sell",-63.60,-58.53%,9.52,4.98,19.53,4.24,54.78,-78.61,-86.31,301226,Weakening,Average,29.50%,0.36,3.53,4.95,89%
RGC,"Regencell Bioscience Holdings Ltd","Medical - Biomedical",5.35,-1.83%,4,Sell,"100% Sell",-64.49,-59.22%,18.01,8.52,21.22,5.66,36.42,-79.3,-87.66,292288,Average,Strong,23.73%,0.53,4.96,6.37,28%
INTJ,"Intelligent Group Limited","Finance - Misc Services",3.38,+0.90%,5,Sell,"88% Sell",-64.93,-72.01%,6.42,3.77,7.05,3.22,47.7,-92.09,-84.98,16970,Weakening,Strong,58.28%,0.09,2.67,3.76,65%
SUNE,"Sunation Energy Inc","Other Alt Energy",2.45,-4.30%,4,Hold,"64% Buy",-65.66,+47.59%,2.07,2.58,1.83,2.43,49.19,27.51,124.72,3727588,Weakest,Soft,55.88%,0.01,2.11,2.75,52%
KG,"Kestrel Group Ltd","Insurance - Multi Line",7.6,-3.68%,2,Sell,"100% Sell",-65.89,-72.33%,10.45,9.82,10.89,8.68,32.35,-92.41,-38.92,18469,Strongest,Average,6.99%,0.67,7.73,9.64,-7%
NOMA,"Nomadar Corp. Cl A","Leisure & Recreation Services",2.75,+2.23%,3,Sell,N/A,-66.23,N/A,3.48,3.23,3.81,2.97,43.67,N/A,-51.76,N/A,N/A,N/A,17.38%,38.02,2.58,3.36,22%
UONE,"Urban One Inc","Broadcast - Radio & TV",5.04,-0.23%,8,Sell,"100% Sell",-66.33,-69.27%,5.75,5.27,7.34,5.1,45.35,-89.35,-64.21,50777,Weakening,Average,23.02%,0.23,4.93,5.27,32%
MLCI,"Mount Logan Capital Inc","Finance - Investment Mgmt",3.12,-0.64%,2,Sell,"88% Sell",-66.93,N/A,3.47,3.15,4.43,3.07,50.62,N/A,-75.32,63191,Weakening,Good,67.63%,1.34,2.77,3.37,59%
ANPA,"Rich Sparkle Holdings Limited","Business Services",4.25,-0.93%,2,Buy,"72% Sell",-66.95,-88.36%,5.93,4.48,18.3,4.2,48.25,-108.44,-93.95,97406,Weakest,Average,25.54%,0.55,3.58,4.82,54%
ZOOZ,"Zooz Strategy Ltd","Other Alt Energy",5.35,-0.01%,6,Sell,"80% Sell",-67.17,-84.71%,5.75,5.35,6.62,5.23,51.43,-104.79,-52.07,27139,Weakest,Weak,49.75%,0.12,4.94,5.51,71%
MSTR,"Strategy Inc","Finance - Misc Services",97.68,+4.99%,3,Sell,"88% Sell",-68.50,-73.33%,128.23,100.81,132.89,96.51,49.18,-93.41,-48.86,20263914,Weakening,Soft,41.31%,0.96,91.27,101.76,61%
CENN,"Cenntro Inc","Auto - Domestic",3.47,-0.86%,1,Sell,"88% Sell",-68.51,-89.61%,4.16,3.58,5.38,3.41,50.43,-109.69,-70.65,31863,Weakening,Weak,84.87%,0.56,3.27,3.55,73%
MYSZ,"My Size Inc","Internet - Software",3.08,+3.70%,8,Sell,"100% Sell",-68.63,-67.65%,4.1,3.47,4.53,3.18,45.13,-87.73,-62.36,67436,Strengthening,Good,34.45%,40.07,2.89,3.48,32%
CNTN,"Canton Strategic Holdings Inc","Finance - Misc Services",2.03,+0.25%,1,Sell,"88% Sell",-68.70,+50.00%,2.83,2.43,3.26,1.97,45.06,29.92,-46.31,1055059,Weakening,Good,71.10%,0.5,1.8,2.13,68%
CRMT,"America's Car-Mart","Retail - Wsale Auto & Trucks",3.14,+1.62%,3,Sell,"100% Sell",-68.97,-92.98%,7.68,3.38,12.3,3.3,43.11,-113.06,-100.71,636679,Weakening,Good,20.35%,0.12,2.86,3.74,32%
PAVM,"Pavmed Inc","Medical Instruments",5.32,+2.40%,1,Sell,"72% Sell",-69.85,-60.54%,6.59,5.17,7.64,4.97,53.24,-80.62,-32.75,326757,Weakest,Average,68.58%,0.65,4.32,5.63,77%
AQMS,"Aqua Metals Inc","Waste Removal Svcs",2.69,-4.27%,3,Sell,"100% Sell",-70.13,-30.85%,3.6,2.86,4.04,2.71,46.47,-50.93,-57.1,212584,Strengthening,Good,69.30%,0.17,2.49,2.92,46%
YI,"111 Inc ADR","Medical Information Systems",3.61,-1.63%,3,Sell,"100% Sell",-70.47,-46.52%,5.14,4.07,5.65,3.78,42.71,-66.6,27.88,25389,Strongest,Strong,24.69%,0.08,3.53,4.04,16%
PLYX,"Polaryx Therapeutics Inc","Medical - Biomedical",2.1,-19.23%,4,Buy,N/A,-70.67,N/A,3.54,2.32,0,2.2,43.85,N/A,N/A,N/A,N/A,N/A,67.53%,2.45,1.89,2.51,34%
GLOO,"Gloo Holdings Inc","Internet - Software",3.2,-8.05%,5,Sell,N/A,-70.80,N/A,4.96,3.85,5.25,3.33,39.19,N/A,-56.9,N/A,N/A,N/A,54.36%,0.82,3.04,3.62,27%
CANF,"Can-Fite Biopharma Ltd ADR","Medical - Drugs",3.58,+5.29%,2,Buy,"24% Buy",-71.35,-72.95%,3.21,3.23,3.54,3.3,59.13,-93.03,-23.64,964176,Average,Minimum,70.21%,0.06,3.03,3.56,103%
KDK,"Kodiak AI Inc","Technology Services",4.15,-0.24%,4,Sell,"100% Sell",-71.37,-63.53%,6.48,4.95,7.24,4.28,40.64,-83.61,-75.14,842310,Average,Strong,22.40%,0.82,3.97,4.58,29%
FABC,"Fabric.Ai Inc","Technology Services",2.88,+1.77%,3,Sell,"72% Sell",-71.49,-57.40%,3.23,3,3.04,2.67,52.5,-77.48,4.41,844219,Weakening,Weak,70.42%,1.02,2.39,2.95,88%
INTS,"Intensity Therapeutics Inc","Medical - Biomedical",4.15,+4.80%,1,Sell,"88% Sell",-71.54,-43.67%,4.68,4.24,5.83,4.26,45.22,-63.75,-72.67,397998,Average,Soft,19.49%,0.57,3.93,4.59,34%
FOXX,"Foxx Development Holdings Inc","Consumer Prdts - Misc Discr",2.51,-2.49%,2,Sell,"100% Sell",-71.64,-60.78%,3.82,3.02,4.06,2.58,42.55,-80.86,-59.05,802675,Strongest,Strong,67.47%,0.01,2.36,2.79,35%
CNSY,"Cerenome Inc","Medical - Biomedical",3.2,-13.04%,3,Sell,"100% Sell",-71.73,-79.61%,4.92,4.13,5.61,3.75,30.8,-99.69,-88.15,283872,Strengthening,Good,34.67%,1.75,3.42,4.08,-33%
LNZA,"Lanzatech Global Inc","Waste Removal Svcs",6.3,-0.63%,4,Buy,"56% Sell",-72.01,-75.76%,12.66,6.07,12.49,5.89,52.38,-95.84,-67.36,67580,Weakest,Average,83.65%,0.27,5.12,6.66,77%
MCRB,"Seres Therapeutics Inc","Medical - Biomedical",4.51,-0.66%,4,Sell,"100% Sell",-72.17,-72.98%,6.98,5.87,8.5,4.88,35.26,-93.06,-82.83,98855,Weakening,Strong,5.50%,0.42,4.39,5.36,13%
FWDI,"Forward Industries Inc","Medical Services",4.28,+0.47%,4,Sell,"72% Sell",-72.53,-68.41%,4.39,4.22,4.8,4.17,51.69,-88.49,-48.39,1015591,Weakest,Weak,62.13%,0.84,3.87,4.48,68%
RAY,"Raytech Holding Limited","Retail - Consumer Electronics",2.7,-5.52%,5,Sell,"96% Sell",-72.71,-94.22%,3.15,2.95,3.46,2.87,43.96,-114.3,23.91,83849,Strongest,Weak,60.66%,0.34,2.55,3.19,23%
SMXT,"Solarmax Technology Inc",Solar,3.88,-5.60%,5,Sell,"100% Sell",-73.30,-68.30%,5.75,4.4,6.96,4.26,41,-88.38,-73.75,59351,Strongest,Strong,17.07%,0.24,3.82,4.71,7%
BKKT,"Bakkt Inc","Finance - Misc Services",7.12,-6.93%,3,Sell,"100% Sell",-73.37,-28.73%,8.49,7.97,9.63,7.48,43.05,-48.81,-42.22,1469219,Strengthening,Average,62.24%,1.42,6.87,8.09,21%
BHST,"Bioharvest Sciences Inc","Medical - Biomedical",2.17,+4.83%,2,Sell,"96% Sell",-73.90,-76.73%,3.38,2.64,3.82,2.17,42.39,-96.81,-71.33,47451,Weakening,Strong,11.93%,2.05,1.86,2.47,51%
SCLX,"Scilex Holding Co.","Medical - Biomedical",6.4,-5.33%,1,Sell,"88% Sell",-74.33,-64.60%,7.38,7.52,7.91,6.82,39.63,-84.68,-60.68,92757,Strongest,Soft,38.39%,0.35,6.17,7.47,18%
DKI,"Darkiris Inc Cl A",Gaming,4.04,-1.46%,2,Sell,"100% Sell",-74.87,-93.28%,5.67,4.67,6.13,4.11,44.35,-113.36,-33.23,275700,Strongest,Weak,33.52%,0.12,3.53,4.7,44%
EDSA,"Edesa Biotech Inc","Medical - Biomedical",5.65,+5.61%,3,Sell,"8% Sell",-74.89,+152.80%,7.86,6.21,6.21,5.36,47.92,132.72,284.75,1520209,Weakest,Minimum,61.50%,1.06,4.88,5.85,80%
UK,"Ucommune Intl Ltd","Real Estate Operations",2.3,+2.68%,5,Buy,"56% Sell",-75.24,-77.00%,2.9,2.15,3.84,2.13,56.58,-97.08,-76.63,129394,Weakest,Average,52.17%,0.07,1.91,2.34,90%
NCEL,"Newcelx Ltd","Medical - Biomedical",3.26,-2.54%,1,Sell,"24% Buy",-75.67,-87.01%,3.33,3.57,3.11,3.48,42.31,-107.09,58.44,96847,Weakest,Minimum,46.65%,0.24,3.12,3.84,20%
CDLX,"Cardlytics Inc","Technology Services",4.05,-4.26%,5,Sell,"88% Sell",-75.86,-66.53%,6.46,4.4,7.41,3.91,47.99,-86.61,-77.92,93348,Average,Strong,79.31%,1.15,3.5,4.32,67%
LFS,"Leifras Co. Ltd ADR","Leisure & Recreation Services",2.34,-3.31%,4,Buy,"8% Sell",-75.98,N/A,2.25,2.23,2.36,2.28,52.13,N/A,-28.66,1529280,Weakening,Soft,8.34%,0.26,2.01,2.54,62%
GURE,"Gulf Resources Inc","Chemical - Diversified",3,-0.34%,2,Sell,"100% Sell",-76.24,-55.88%,4.19,3.65,4.37,3.24,41.37,-75.96,-32.06,76510,Strongest,Average,47.09%,0.53,2.74,3.74,26%
ARBK,"Argo Blockchain Plc ADR","Finance - Misc Services",2.88,-0.17%,2,Sell,"100% Sell",-76.45,-95.59%,3.32,3.25,3.35,2.93,39.43,-115.67,-28.83,55369,Average,Weak,32.02%,0.52,2.71,3.14,38%
AIOS,"Aios Tech Inc","Technology Services",14.26,+18.34%,3,Hold,"48% Sell",-76.54,-81.04%,13.21,12.94,14.56,12.26,58.54,-101.12,-46.5,98007,Weakest,Weak,63.29%,1.87,10.74,13.79,116%
WNW,"Meiwu Technology Ltd","Technology Services",2.56,0.00%,1,Sell,"100% Sell",-77.10,-98.49%,3.72,3.14,49.58,2.6,41.08,-118.57,-111.3,700200,Weakening,Average,22.81%,0.07,2.39,2.81,41%
SOC,"Sable Offshore Corp","Oil - US Integrated",4.02,-3.13%,6,Sell,"88% Sell",-77.47,-85.41%,10.23,6.18,10.58,4.52,37.94,-105.49,-68.57,8035374,Strengthening,Average,14.11%,1.05,3.86,5.18,12%
EDHL,"Everbright Digital Holding Limited","Advertising Marketing Services",3.88,+0.52%,3,Hold,"16% Sell",-77.51,-51.40%,3.56,4.36,3.47,3.97,46.72,-71.48,-48.49,864885,Weakest,Minimum,49.04%,0,3.63,4.31,36%
MLEC,"Moolec Science Sa","Agriculture Operations",8.57,+19.03%,2,Hold,Hold,-77.94,-76.79%,7.72,7.42,8.04,7.27,64.2,-96.87,111.26,504843,Falling,,55.97%,7.73,6.38,8.16,123%
BMGL,"Basel Medical Group Ltd","Medical Services",5.25,-0.19%,3,Sell,"100% Sell",-78.09,-77.79%,6.89,6.33,7.27,5.54,44.99,-97.87,-23.85,22792,Average,Soft,39.70%,0.12,4.59,6.49,35%
BCAB,"Bioatla Inc","Medical - Biomedical",3.06,-0.97%,1,Sell,"100% Sell",-78.50,-83.36%,4.22,3.62,6.45,3.37,37.21,-103.44,-102.36,47279,Average,Average,31.42%,3.49,3.09,3.65,-5%
ATPC,"Agape Atp Corp","Medical Products",2.52,+1.20%,1,Sell,"72% Sell",-78.51,-96.00%,2.78,2.79,2.87,2.48,47.49,-116.08,-65.82,2136866,Weakening,Weak,55.95%,0.1,2.27,2.69,60%
CRE,"Cre8 Enterprise Limited Cl A","Business Services",2.78,+3.35%,1,Sell,"40% Sell",-78.56,-78.94%,2.71,2.92,2.87,2.66,50.51,-99.02,-12.98,510374,Weakest,Minimum,63.29%,0.04,2.38,2.95,71%
NCT,"Intercont [Cayman] Limited","Transportation - Ship",3.87,+6.03%,4,Buy,"24% Buy",-79.09,-93.83%,2.82,3.17,3.43,3.44,67.26,-113.91,-32.22,486293,Average,Minimum,80.56%,3.51,2.95,3.92,95%
CUPR,"Cuprina Holdings [Cayman] Limited","Medical - Biomedical",2.92,-2.99%,2,Sell,"56% Sell",-79.19,-69.33%,3.28,4.03,3.28,3.18,41.6,-89.41,-21.91,1061457,Average,Weak,15.60%,0.01,2.63,3.74,26%
ASBP,"Aspire Biopharma Holdings Inc","Medical - Biomedical",7.74,-1.40%,3,Buy,"40% Sell",-79.32,-98.20%,10.03,6.5,21.79,7.22,56.89,-118.28,-108.25,278207,Weakest,Minimum,84.80%,0.06,6.19,8.25,75%
DXST,"Decent Holding Inc","Waste Removal Svcs",2.64,-2.22%,5,Buy,"24% Sell",-79.42,-90.74%,2.46,2.47,7.68,2.45,55.44,-110.82,-105.54,1375891,Weakest,Weak,44.23%,0.03,2.09,2.82,76%
NNNN,"Anbio Biotechnology Cl A","Medical - Biomedical",8.48,-2.92%,5,Sell,"100% Sell",-80.51,-83.33%,20.12,12.28,21.9,10.02,34.26,-103.41,-84.92,49039,Strongest,Strong,20.02%,17.82,8.7,11.35,-8%
SPHL,"Springview Holdings Ltd","Building & Construction - Misc",2.68,-1.47%,3,Sell,"72% Sell",-81.09,-33.07%,2.75,2.93,3.18,2.65,47.83,-53.15,15.71,986746,Average,Weak,33.33%,0.01,2.45,2.86,56%
FGNX,"Fg Nexus Inc","Finance - Investment Mgmt",6.95,-2.25%,9,Buy,"24% Sell",-81.11,-92.66%,6.35,6.21,7.54,7.04,51.8,-112.74,-62.59,128352,Weakest,Minimum,61.08%,1.14,6.18,7.9,45%
SUPX,"Superx AI Technology Limited","Retail - Home Furniture",6.74,-3.58%,2,Sell,"100% Sell",-82.31,-75.49%,8.23,7.55,9.78,6.79,45.15,-95.57,-70.16,309426,Strengthening,Soft,64.49%,0.56,6.07,7.52,46%
CRVO,"Cervomed Inc","Medical - Biomedical",2.61,-4.40%,2,Sell,"100% Sell",-82.49,-74.21%,3.36,3.07,3.92,2.75,40.99,-94.29,-80.1,1813907,Strengthening,Good,42.42%,0.06,2.41,3.08,30%
AVX,"Avax One Technology Ltd","Finance - Misc Services",3.05,-3.33%,4,Sell,"100% Sell",-82.78,-92.11%,5.47,4.36,7.42,3.22,35.81,-112.19,-96.31,40045,Weakening,Weak,27.96%,0.54,2.82,3.62,29%
TNON,"Tenon Medical Inc","Medical Instruments",4.92,-4.65%,3,Sell,"100% Sell",-83.33,-89.89%,18.48,11.02,22.08,6.28,32.59,-109.97,-98.37,79463,Strongest,Maximum,29.22%,0.14,4.87,7.69,2%
MI,"Nft Limited Class A Ordinary Share","Internet Commerce",8.11,0.00%,3,Sell,"100% Sell",-83.67,-96.58%,15.49,10.25,114.25,8.45,41.6,-116.66,-110.61,11970,Weakening,Good,40.62%,0.57,6.96,9.94,39%
SOWG,"Sow Good Inc","Consumer Prdts - Misc Discr",3.44,+3.61%,2,Hold,"8% Sell",-84.48,-68.04%,3.14,3.14,4.75,3.18,54.81,-88.12,-46.49,149760,Weakening,Weak,77.66%,0.13,2.83,3.53,87%
HCAI,"Hauchen AI Parking Management Ltd","Technology Services",4.82,+5.70%,1,Sell,"88% Sell",-84.92,-70.79%,7.49,6.67,7.42,4.71,41.16,-90.87,-67.13,482049,Average,Soft,56.34%,0.33,4.03,5.39,58%
AEMD,"Aethlon Medical Inc","Medical - HMO",2.93,+3.71%,2,Sell,"100% Sell",-84.96,-94.85%,8.03,4.81,9.08,3.03,36.66,-114.93,-91.95,55517,Average,Weak,24.30%,1.18,2.62,3.44,38%
DBGI,"Digital Brands Group Inc","Retail - Apparel & Shoes",13.77,-8.44%,2,Sell,"100% Sell",-85.28,-96.09%,39.83,25.22,107.17,16.01,39.26,-116.17,-110.43,68037,Average,Good,21.76%,0.68,10.94,21.07,28%
GMM,"Global Mofy AI Limited","Technology Services",2.73,-4.55%,1,Sell,"100% Sell",-85.84,-97.57%,30.17,3,40.85,2.88,35.62,-117.65,-108.51,1470569,Average,Strong,19.02%,0.01,2.6,3.16,23%
ATGL,"Alpha Technology Group Limited","Technology Services",7,-2.10%,3,Sell,"100% Sell",-85.91,-63.82%,13.53,10.84,16.41,8.73,33.39,-83.9,-79.7,18162,Strongest,Maximum,2.41%,0.36,6.33,11.13,14%
EEIQ,"Epicquest Education Group Intl Ltd",Schools,2.39,+3.46%,3,Sell,"88% Sell",-85.98,-73.59%,3.49,2.71,3.4,2.29,47.85,-93.67,-45.43,788355,Strengthening,Average,50.44%,0.26,1.97,2.61,66%
RGNT,"Regentis Biomaterials Ltd","Medical - Biomedical",2.04,+2.00%,1,Sell,N/A,-86.01,N/A,2.73,2.87,3.48,1.93,45.6,N/A,-82.87,N/A,N/A,N/A,49.11%,0.01,1.72,2.14,77%
LHSW,"Lianhe Sowell International Group Ltd","Industrial Services",2.62,-10.88%,4,Buy,"56% Sell",-86.58,-93.09%,2.92,2.59,4.05,2.67,47.82,-113.17,-81.07,765296,Weakening,Weak,54.84%,0.06,2.15,3.2,45%
HAO,"Haoxi Health Technology Limited Class A Ord Shar","Advertising Marketing Services",4.08,+2.51%,2,Sell,"88% Sell",-86.67,-99.87%,841.66,11.76,1660.01,3.35,18.03,-119.95,-112.99,111027,Weakest,Strong,70.25%,4.96,2.66,4.05,102%
JEM,"707 Cayman Holdings Limited","Textile - Apparel",4.04,-6.48%,3,Sell,"100% Sell",-86.88,-99.55%,17.08,14.41,21.84,4.8,37.72,-119.63,-103.62,377174,Average,Soft,13.94%,0.02,3.26,6.34,25%
CIIT,"Tianci International Inc","Transportation - Ship",3.5,-3.85%,4,Sell,"100% Sell",-87.16,-94.45%,10.23,5.93,17.4,3.62,39.21,-114.53,-98.1,268971,Average,Soft,34.56%,0.03,3.39,3.84,24%
SUGP,"Su Group Holdings Limited","Engineering & R&D Services",2,+1.01%,3,Sell,"100% Sell",-87.24,-93.43%,11.84,3.37,17.32,2.23,32.8,-113.51,-106.56,519888,Weakening,Strong,53.96%,0.1,1.75,2.72,26%
ICCM,"Icecure Medical Ltd Ord","Medical Services",2.82,-6.62%,2,Sell,"100% Sell",-87.88,-89.54%,6.2,3.86,10.36,3.07,39.35,-109.62,-97.73,1045404,Average,Strong,26.60%,0.02,2.67,3.47,19%
VRAX,"Virax Biolabs Group Limited","Medical - Biomedical",2.81,-1.75%,1,Sell,"100% Sell",-88.90,-85.49%,3.95,3.56,4.59,2.99,43.04,-105.57,-80.64,919293,Average,Soft,46.64%,0.01,2.41,3.58,34%
NAMI,"Jinxin Technology Holding ADR","Technology Services",3.08,-2.84%,4,Hold,"88% Sell",-90.44,-88.27%,7.97,4.11,9.95,3.08,44.72,-108.35,-97.02,328072,Average,Average,11.91%,0.04,2.29,3.86,50%
AIIO,"Robo.Ai Inc","Technology Services",2.88,-3.03%,1,Hold,"16% Sell",-91.22,-87.69%,2.54,3.33,2.84,2.96,44.33,-107.77,-65.94,4502596,Weakest,Minimum,41.58%,0.25,2.71,3.22,34%
AKTX,"Akari Therapeutics ADR","Medical - Biomedical",7.52,-0.27%,1,Sell,"72% Sell",-91.41,-81.38%,8.81,10.64,9.05,8.02,41.21,-101.46,-48.09,267634,Average,Weak,32.28%,2.29,6.49,9.55,34%
INLF,"Inlif Limited","Medical Products",4.76,-4.23%,4,Sell,"88% Sell",-91.42,-99.87%,466.67,137.08,773.95,4.42,23.84,-119.95,-112.83,984152,Average,Average,27.47%,0.02,2.47,6.36,59%
TDIC,"Dreamland Limited Cl A","Advertising Marketing Services",2.79,0.00%,2,Sell,"88% Sell",-91.54,-99.44%,17.87,4.48,19.19,2.68,45.83,-119.52,-101.11,549063,Weakest,Weak,28.80%,0.04,2.35,3.01,66%
NAKA,"Nakamoto Inc","Finance - Misc Services",5.03,+2.03%,4,Buy,"40% Sell",-91.70,-99.08%,6.09,4.41,8.17,4.87,55.78,-119.16,-77.32,241040,Weakest,Minimum,71.47%,0.44,4.49,5.25,71%
HKIT,"Hitek Global Inc Ordinary Share","Technology Services",3.03,-2.57%,2,Sell,"100% Sell",-92.31,-99.95%,44.02,5.25,2099.38,3.16,34.48,-120.03,-113.1,237884,Weakening,Average,55.84%,0.01,2.69,3.64,36%
PAVS,"Paranovus Entertainment Technology Ltd","Conglomerates - Div Operations",6.36,-9.01%,3,Sell,"88% Sell",-92.84,-99.99%,81.22,14.25,582.12,5.57,34.82,-120.07,-112.83,407479,Weakening,Weak,41.87%,0.03,3.36,7.77,68%
LNAI,"Lunai Bioworks Inc","Medical Information Systems",2.25,+1.35%,3,Sell,"88% Sell",-93.15,-88.24%,2.72,2.74,3.42,2.33,42.21,-108.32,-81.24,1302520,Average,Weak,17.47%,0.03,1.96,2.71,39%
SDOT,"Sadot Group Inc","Consumer Prdts - Misc Staple",10.57,-9.97%,1,Sell,"88% Sell",-93.17,-94.22%,19.15,19.8,29.86,14.36,40.98,-114.3,-69.46,1202870,Average,Weak,10.86%,0.11,8.2,20.51,19%
RAYA,"Erayak Power Solution Group Inc Cl A","Electronics Products - Misc",2.32,-6.45%,5,Sell,"100% Sell",-93.72,-98.05%,3.41,2.76,6.63,2.46,41.03,-118.13,-107.03,294921,Average,Weak,35.08%,0.87,2.15,2.77,27%
FXHO,"Utime Ltd","Wireless Equipment",11.63,+3.93%,4,Hold,"48% Sell",-94.47,-99.77%,14.47,11.23,20.43,11.3,50.03,-119.85,-90.34,140429,Weakening,Weak,41.78%,0.31,7.87,14.72,55%
MNTS,"Momentus Inc","Aerospace - Defense",4.69,-3.10%,4,Sell,"72% Sell",-94.49,-81.63%,6.85,6.8,6.52,4.63,43.09,-101.71,-16.84,3192763,Strengthening,Weak,67.61%,0.42,4.07,5.19,55%
RPGL,"Republic Power Group Limited Cl A","Internet - Software",2.2,+13.40%,2,Sell,"72% Sell",-94.70,N/A,13.83,2,88.01,1.88,46.66,N/A,-112.65,309593,Weakest,Average,49.83%,4.33,1.65,2.12,118%
VSA,"Visionsys AI Inc ADR","Technology Services",3.32,0.00%,4,Hold,"88% Sell",-94.74,-99.58%,5.05,3.82,8.93,3.32,46.83,-119.67,-99.48,506603,Average,Weak,13.18%,0.08,2.73,3.92,50%
WOK,"Work Medical Technology Group Ltd","Medical Instruments",2.33,+4.95%,7,Sell,"88% Sell",-94.89,-100.00%,57.49,3.21,88.6,2.03,41.59,-120.08,-112.07,407290,Weakest,Weak,37.65%,3.13,1.76,2.31,103%
ELPW,"Elong Power Holding Cl A","Electronics Products - Misc",3.75,-6.25%,2,Sell,"100% Sell",-95.27,-100.00%,67.82,24.3,1147.12,6.91,32.31,-120.08,-113.08,212600,Weakening,Weak,5.79%,0.14,1.62,12.19,20%
NTCL,"Netclass Technology Inc Cl A","Internet - Software",2.49,-5.11%,1,Sell,"100% Sell",-95.40,-97.38%,20.87,14.92,19.61,2.94,36.74,-117.46,-98.73,63857,Strengthening,Soft,35.90%,2.45,2.39,3.5,9%
DRCT,"Direct Digital Holdings Inc Cl A","Advertising Marketing Services",2.66,+0.76%,9,Sell,"88% Sell",-95.56,-97.05%,3,2.71,4.08,2.63,49.43,-117.13,-94.37,301228,Weakening,Weak,70.83%,0.12,2.44,2.82,57%
CETX,"Cemtrex Inc","Conglomerates - Div Operations",3.02,0.00%,3,Sell,"88% Sell",-95.79,-98.41%,6.29,3.2,8.75,2.84,48.72,-118.49,-101.48,480083,Weakening,Weak,89.13%,0.06,2.47,3.21,75%
BYAH,"Park Ha Biological Technology Co. Ltd","Consumer Prdts - Misc Staple",2.96,-10.57%,3,Sell,"100% Sell",-97.38,-98.70%,7.66,6.2,14.84,3.13,38.69,-118.78,-108.49,296186,Average,Weak,14.38%,0.09,2.46,3.79,38%
ZNB,"Zeta Network Group","Media Conglomerates",2.12,+1.92%,1,Sell,"100% Sell",-97.84,-99.89%,9.3,4.43,107.17,2.52,32.62,-119.97,-112.68,114931,Weakening,Weak,22.56%,0.28,2,3.04,11%
XXII,"22nd Century Group Inc",Tobacco,4.12,-4.74%,3,Sell,"100% Sell",-98.05,-99.41%,16.51,4.78,54.71,4.23,39.47,-119.49,-111.36,27620,Weakening,Weak,60.21%,0.4,3.79,4.66,38%
SMX,"Smx [Security Matters] Plc Cl A","Technology Services",14.59,-10.27%,2,Sell,"88% Sell",-98.21,-99.96%,83.55,15.71,526.37,16.51,37.86,-120.04,-112.2,53196,Weakening,Weak,33.88%,0.62,14.16,18.86,9%
NEXR,"Nexera Technologies Ltd","Technology Services",2.6,-9.09%,1,Sell,"100% Sell",-99.18,-99.73%,12.77,5.66,32,3.21,35.62,-119.81,-111.09,367615,Weakening,Weak,13.96%,0.22,2.08,4.34,23%
CDT,"Cdt Equity Inc","Medical - Drugs",2.8,-3.98%,2,Sell,"100% Sell",-99.40,-99.91%,18.27,5.03,89.32,3.08,37.13,-119.99,-112.26,229992,Weakening,Weak,35.23%,0.04,2.48,3.68,27%
KIDZ,"Kidz AI Inc",Schools,4.07,+2.78%,2,Sell,"100% Sell",-99.67,-99.96%,105.06,12.85,383.36,6.86,27.95,-120.04,-112.84,330757,Weakening,Weak,3.03%,0.12,3,10.72,14%
AZUL,"Azul S.A. ADR","Transportation - Airline",7.98,-2.68%,3,N/A,N/A,N/A,N/A,0,8.7,0,8.5,9.04,N/A,N/A,N/A,N/A,N/A,18.64%,0.31,8.07,8.93,-10%
BOT,"Robostrategy Inc","Finance - Investment Mgmt",32.49,+2.59%,6,N/A,N/A,N/A,N/A,0,31.51,0,28.6,55.52,N/A,N/A,N/A,N/A,N/A,78.43%,0.72,24.24,32.97,95%
BRAI,"Braiin Limited","IT Services",5.46,-1.09%,6,Sell,N/A,N/A,N/A,7.02,6.19,0,5.68,42.91,N/A,N/A,N/A,N/A,N/A,14.45%,0.08,5.22,6.14,26%
BXDC,"Blackstone Digital Infrastructure Trust Inc","REIT - Equity Trust Other",20.33,-3.05%,5,N/A,N/A,N/A,N/A,0,20.97,0,20.4,48.29,N/A,N/A,N/A,N/A,N/A,54.31%,0.37,19.57,21.23,46%
CNXU,"Conexeu Sciences Inc","Medical - Biomedical",9.78,+9.89%,4,N/A,N/A,N/A,N/A,0,10.11,0,8.41,55.35,N/A,N/A,N/A,N/A,N/A,57.24%,3.87,6.9,9.92,95%
GMRS,"Gmr Solutions Inc Cl A","Medical Services",13.84,+3.98%,3,N/A,N/A,N/A,N/A,0,13.3,0,12.82,56.05,N/A,N/A,N/A,N/A,N/A,72.92%,0.67,11.86,13.79,103%
HMH,"Hmh Holding Inc","Oil Field Machinery & Equip",21.25,+3.91%,5,N/A,N/A,N/A,N/A,0,19.81,0,20.25,57.99,N/A,N/A,N/A,N/A,N/A,61.22%,0.54,18.82,21.68,85%
KLRA,"Kailera Therapeutics Inc","Medical - Biomedical",18.51,+3.18%,3,N/A,N/A,N/A,N/A,0,19.35,0,17.92,49.08,N/A,N/A,N/A,N/A,N/A,56.09%,0.87,16.53,19.31,71%
LABT,"Lakewood-Amedex Biotherapeutics Inc","Medical - Biomedical",2.16,-4.85%,2,N/A,N/A,N/A,N/A,0,3.41,0,2.32,31.84,N/A,N/A,N/A,N/A,N/A,56.72%,0.02,1.61,3.04,39%
NHP,"National Healthcare Properties Inc Cl A","REIT - Equity Trust Resident",16.57,+1.10%,9,N/A,N/A,N/A,N/A,0,15.25,0,16.06,60.85,N/A,N/A,N/A,N/A,N/A,61.12%,0.54,15.16,16.96,78%
OPTH,"Optimi Health Corp","Medical - Drugs",4.77,-0.42%,6,N/A,N/A,N/A,N/A,0,4.68,0,4.81,48.55,N/A,N/A,N/A,N/A,N/A,48.79%,0.22,4.52,5.09,43%
RMIX,"Suncrete Inc Cl A","Building - CMT & CNT & AG",17.68,-4.28%,2,N/A,N/A,N/A,N/A,0,19.71,0,18.18,43.33,N/A,N/A,N/A,N/A,N/A,50.76%,0.69,16.75,19.61,32%
ROC,"Rank One Computing Corp","Internet - Software",4.41,+1.61%,2,Sell,N/A,N/A,N/A,5.37,4.77,0,4.56,45.2,N/A,N/A,N/A,N/A,N/A,20.44%,0.12,4.03,5.08,36%
TMCR,"The Metals Royalty Company Inc","Mining - Misc",6.57,-14.56%,7,N/A,N/A,N/A,N/A,0,6.99,0,6.11,50.87,N/A,N/A,N/A,N/A,N/A,67.40%,2.83,5.19,7.04,75%
VIDA,"Vida Global Inc Cl A","Technology Services",2.43,+3.40%,4,N/A,N/A,N/A,N/A,0,2.94,0,2.52,46.49,N/A,N/A,N/A,N/A,N/A,20.55%,0.58,2.18,2.87,37%
XNDU,"Xanadu Quantum Technologies Cl B","Computer - Integrated Systems",11.25,-2.43%,6,N/A,N/A,N/A,N/A,0,11.41,0,10.78,51.41,N/A,N/A,N/A,N/A,N/A,69.97%,0.4,9.78,11.78,73%
"Downloaded from Barchart.com as of 08-17-2026 09:53pm CDT"
