Symbol,Name,Industry,Latest,%Change,"1M #Hi",Trend,Opinion,"Wtd Alpha","52W %Chg","100D MA","50D MA","150D MA","20D MA","14D RSI","1Y vs IDX","YTD vs IDX","200D Avg Vol",Direction,Strength,"14D Stoch %K","50D RelVol","BB Lower","BB Upper",BB%
MU,"Micron Technology","Computer - Integrated Systems",1027.77,+2.75%,7,Buy,"100% Buy",+371.11,+659.96%,874.59,933.29,718.03,958.23,60.61,642.71,248.55,41098617,Strongest,Good,87.68%,0.63,892.64,1023.82,103%
LITE,"Lumentum Holdings","Communications Components",988.98,+1.07%,5,Buy,"88% Buy",+303.73,+551.80%,862.61,822.37,806.75,900.56,60.06,534.55,156.76,5398086,Strongest,Good,75.49%,0.99,807.4,993.72,97%
ATEX,"Anterix Inc.","Communications Infrastructure",83.93,-1.77%,1,Sell,"40% Buy",+269.04,+286.95%,79,95.85,64.81,89.75,38.6,269.7,272.92,364715,Weakest,Average,15.02%,0.98,83.67,95.83,2%
WDC,"Western Digital Corp","Computer - Storage Devices",482.28,+1.04%,5,Sell,"8% Buy",+254.39,+410.13%,509.06,501.4,436.18,468.39,51.56,392.88,168.41,8495865,Weakening,Weak,67.36%,0.55,421.08,515.71,65%
GLBS,"Globus Maritime Limi","Transportation - Ship",3.55,-0.28%,5,Buy,"88% Buy",+202.17,+238.35%,2.76,3.26,2.47,3.68,50.96,221.1,91.31,142814,Weakening,Maximum,40.05%,0.54,3.49,3.87,15%
LBRX,"Lb Pharmaceuticals Inc","Medical - Biomedical",47.67,-3.48%,3,Buy,"88% Buy",+193.12,N/A,35.58,41.16,31.91,47.74,56.05,N/A,102.6,287118,Weakening,Maximum,65.47%,0.59,45.16,50.32,49%
DRTS,"Alpha Tau Medical Ltd Cl A","Medical Instruments",14.27,-3.84%,7,Buy,"88% Buy",+190.79,+265.90%,11.41,13.44,10.03,14.49,52.42,248.65,176.73,546313,Weakening,Maximum,69.96%,0.6,13.83,15.15,34%
RVMD,"Revolution Medicines Inc","Medical - Biomedical",207.68,+0.17%,5,Hold,"80% Buy",+165.57,+407.28%,174.85,197.59,150.58,210.14,52.94,390.03,149.19,2856425,Weakest,Strong,37.12%,0.65,201.34,218.94,36%
PARR,"Par Pacific Holdings Inc","Oil - Refining and Marketing",83.13,+1.28%,7,Buy,"100% Buy",+162.93,+129.64%,67.07,75.33,62.14,78.99,60.09,112.39,125.02,1174167,Strongest,Maximum,79.78%,0.64,73.02,84.96,85%
REPL,"Replimune Group Inc","Medical - Biomedical",14.45,-2.17%,8,Buy,"88% Buy",+157.35,+148.28%,9.27,12.49,8.57,15.16,52.09,131.03,37.11,4281421,Weakening,Strong,37.43%,0.22,14.15,16.17,15%
EWTX,"Edgewise Therapeutics Inc","Medical - Biomedical",43.39,-0.98%,3,Buy,"88% Buy",+155.13,+194.17%,38.49,42.34,35.86,43.57,52.12,176.92,63.3,1260132,Average,Strong,47.57%,0.62,41.4,45.75,46%
ANAB,"Anaptysbio Inc","Medical - Biomedical",55.7,-1.59%,5,Sell,"8% Sell",+150.03,+277.54%,58.43,57.84,52.13,57.35,45.85,260.29,60.79,710620,Average,Weak,30.96%,0.49,54.91,59.78,16%
GH,"Guardant Health Inc","Medical - Biomedical",162.78,+1.12%,2,Buy,"88% Buy",+148.64,+173.86%,136.24,159.94,121.79,163.37,51.78,156.61,47.82,2239622,Average,Strong,40.29%,0.5,156.05,170.68,46%
DSGN,"Design Therapeutics Inc","Medical - Biomedical",15.02,-1.38%,6,Buy,"88% Buy",+146.19,+126.20%,13.3,14.12,12.45,15.19,53.96,108.95,48.58,567281,Weakening,Strong,44.35%,1.33,14.5,15.88,38%
LFST,"Lifestance Health Group Inc","Medical - Outpatient & Hm Care",12.62,-1.41%,5,Buy,"100% Buy",+141.45,+130.08%,9.76,11.57,8.75,12.49,59.93,112.83,67.71,3317685,Average,Maximum,64.91%,3.2,12.01,12.96,64%
SIMO,"Silicon Motion Techn ADR","Computer - Integrated Systems",277.7,+2.09%,6,Hold,"64% Buy",+141.24,+230.95%,259.79,266.4,215.13,252.6,57.35,213.7,188.02,815115,Strengthening,Average,86.43%,0.71,228.15,277.04,101%
MRX,"Marex Group Ltd","Finance - Misc Services",75.72,-1.29%,6,Buy,"100% Buy",+137.31,+117.40%,61.91,67.56,55.16,72.57,61.52,100.15,85.84,841647,Strengthening,Maximum,80.29%,1.08,68.11,77.04,85%
AP,"Ampco-Pittsburgh Corp","Metal Production & Fabrication",8.45,-3.43%,3,Buy,"8% Sell",+136.21,+212.96%,9.57,8.5,9.06,8.84,45.76,195.71,46.99,210350,Average,Minimum,42.78%,0.47,8.21,9.46,19%
SIF,"Sifco Industries","Aerospace - Defense Equipment",21.12,-0.56%,3,Sell,"40% Buy",+134.15,+204.76%,21.07,23.24,18.36,21.24,44.13,187.51,266.94,89991,Weakest,Soft,25.10%,0.34,19.48,23.01,46%
ABSI,"Absci Corp","Medical - Biomedical",8.65,-2.92%,4,Buy,"56% Buy",+129.72,+240.55%,7.62,9.15,6.01,9.14,46.59,223.3,136.3,4252741,Weakest,Good,25.95%,0.62,8.42,9.85,16%
ARWR,"Arrowhead Pharma","Medical - Biomedical",82.63,-2.91%,2,Sell,"56% Buy",+123.90,+197.98%,79.95,84.18,73.94,86.47,43.06,180.73,12.91,2378888,Weakest,Soft,41.68%,2.1,82.3,90.63,4%
SLN,"Silence Therapeutics Plc ADR","Medical - Drugs",13.55,-1.02%,1,Buy,"88% Buy",+120.03,+160.33%,9.67,12.18,8.33,13.84,52.38,143.08,111.31,528189,Weakening,Maximum,41.12%,0.58,12.8,14.88,36%
KRT,"Karat Packaging Inc","Containers - Paper Products",46.87,-3.04%,3,Buy,"88% Buy",+119.24,+91.46%,35.6,42.52,32.53,48.14,53.47,74.21,96.12,102549,Weakening,Maximum,38.39%,0.64,46.61,49.66,9%
MATX,"Matson Inc","Transportation - Services",226.86,+1.60%,12,Buy,"100% Buy",+118.70,+119.42%,198.86,213.02,186.92,220.77,62.45,102.17,72.07,291900,Strongest,Strong,82.89%,0.94,213.68,227.86,93%
GSAT,Globalstar,"Satellite Communication",81.68,-0.66%,1,Buy,"72% Buy",+116.93,+121.30%,81.49,81.36,75.44,82.17,47.44,104.05,22.26,1077036,Weakest,Soft,52.92%,0.75,81.17,83.16,25%
BTSG,"Brightspring Health Services Inc","Medical Services",61.99,-0.91%,2,Sell,"40% Buy",+115.59,+136.24%,61.21,64.83,54.72,60.09,51.38,118.99,53.98,2798961,Weakening,Soft,79.43%,0.39,57.52,62.66,87%
MAAS,"Maase Inc ADR","Finance - Misc Services",15.02,-0.53%,2,Sell,"40% Buy",+110.46,+285.13%,14.25,16.78,11.48,16.04,42.48,267.88,166.6,118838,Weakest,Average,49.36%,0.79,14.68,17.4,12%
ZBIO,"Zenas Biopharma Inc","Medical - Biomedical",32.29,-2.30%,5,Buy,"88% Buy",+110.40,+47.85%,25.16,30.87,24.54,31.92,52.97,30.6,-22.62,758438,Average,Average,72.16%,0.5,29.6,34.24,58%
LCUT,"Lifetime Brands Inc","Consumer Prdts - Misc Discr",8.81,-1.01%,2,Buy,"72% Buy",+108.91,+117.53%,8.36,8.85,7.08,9.29,45.45,100.28,111.49,169258,Weakest,Good,14.91%,0.61,8.68,9.91,11%
KNSA,"Kiniksa Pharmaceuticals International Plc","Medical - Biomedical",78.52,+1.85%,5,Hold,"80% Buy",+108.23,+113.02%,62.58,72.55,57.05,78.88,55.02,95.77,78.8,651776,Strengthening,Strong,37.47%,0.94,76.78,80.98,41%
PBT,"Permian Basin Royalty Trust","Oil - US Royalty Trusts",35.27,+1.32%,6,Buy,"100% Buy",+105.60,+94.22%,28.46,30.79,25.8,33.96,68.38,76.97,96.16,119733,Strongest,Maximum,72.85%,0.67,32.7,35.23,102%
ANIK,"Anika Therapeutics","Medical - Biomedical",20.88,-0.76%,1,Buy,"88% Buy",+103.14,+139.18%,16.69,18.61,15.57,21.29,54.73,121.93,105.72,123649,Weakening,Maximum,32.57%,0.69,20.63,21.95,19%
RCUS,"Arcus Biosciences Inc","Medical - Biomedical",28.49,-1.96%,6,Hold,"64% Buy",+101.04,+151.68%,27.06,29.1,25.24,29.75,43.95,134.43,8.01,1359938,Weakest,Average,25.38%,1.62,28.32,31.18,6%
BVS,"Bioventus Inc Cl A","Medical - Drugs",13.63,-1.45%,7,Buy,"88% Buy",+100.70,+87.48%,11.31,13.04,10.49,14.05,49.13,70.23,71.65,505161,Weakening,Strong,27.81%,0.6,13.48,14.61,13%
STRO,"Sutro Biopharma Inc","Medical - Biomedical",18.35,-3.90%,1,Sell,"72% Sell",+100.28,+89.09%,28.11,24.06,26.03,20.81,30.07,71.84,47.09,234237,Strongest,Average,6.53%,0.52,18.97,22.65,-17%
PBYI,"Puma Biotechnology","Medical - Biomedical",9.05,-3.62%,6,Buy,"88% Buy",+98.59,+92.14%,7.94,8.57,7.51,9.19,51.13,74.89,40.55,349419,Weakening,Maximum,57.59%,1.36,8.69,9.69,36%
NBR,"Nabors Industries","Oil & Gas - Drilling",90.54,-1.45%,6,Buy,"40% Buy",+96.40,+124.94%,90.87,86.03,86.75,91.89,50.93,107.69,55.19,330021,Weakest,Weak,50.46%,0.73,87.24,96.53,36%
NOK,"Nokia Corp ADR","Wireless Equipment",10.76,+1.03%,5,Hold,"16% Buy",+93.70,+134.42%,12.02,10.44,10.73,10.3,57.1,117.17,54.76,72199086,Weakest,Minimum,66.82%,1.09,9.69,10.91,88%
WTI,"W&T Offshore","Oil - US Exploration & Product",4.06,+2.53%,3,Buy,"88% Buy",+93.70,+134.68%,3.73,3.58,3.44,3.78,61.65,117.43,137.53,5031324,Strongest,Average,66.42%,1.05,3.5,4.07,99%
MNPR,"Monopar Therapeutics Inc","Medical - Biomedical",112.38,-1.75%,2,Hold,"80% Buy",+92.08,+150.12%,86.49,110.46,76.5,114.34,49.36,132.87,60.55,218524,Weakening,Strong,53.24%,0.48,106.99,121.68,37%
NRXS,"Neuraxis Inc","Medical Information Systems",5.73,-3.05%,1,Sell,"56% Sell",+91.50,+133.88%,6.99,6.55,6.73,6.09,34.89,116.63,14.66,204604,Strongest,Weak,22.08%,0.45,5.74,6.44,-1%
RLYB,"Rallybio Corporaton","Medical - Biomedical",16.97,+2.17%,2,Buy,"100% Buy",+91.21,+264.04%,15.11,16.4,12.67,16.83,57.33,246.79,197.63,128659,Strengthening,Strong,44.08%,0.34,16.57,17.09,76%
PESI,"Perma-Fix Envir","Pollution Controls",18.59,-2.00%,3,Buy,"100% Buy",+90.86,+85.34%,13.83,16.73,13.55,17.97,57.05,68.09,36.11,250096,Strengthening,Maximum,79.54%,0.65,16.43,19.52,70%
PACS,"Pacs Group Inc","Medical Services",44.6,+2.13%,1,Sell,"56% Buy",+90.40,+452.66%,40.53,44.72,38.9,43.8,53.88,435.41,4.63,1046865,Weakening,Weak,47.57%,0.66,42.04,45.57,73%
MGNX,Macrogenics,"Medical Products",4.11,-4.86%,5,Buy,"56% Buy",+89.39,+137.57%,4.02,4.18,3.53,4.13,49.11,120.32,143.73,1105072,Weakest,Average,64.44%,0.92,3.91,4.36,45%
QXL,"Quantum X Labs Inc","Technology Services",4.52,+2.96%,7,Sell,"40% Buy",+88.00,+77.95%,4.47,4.8,3.59,4.63,46.58,60.7,183.87,80574,Weakening,Average,31.65%,0.19,4.26,5,35%
MSBI,"Midland Sts BNC","Banks - Northeast",32.89,-1.05%,3,Buy,"88% Buy",+86.82,+83.74%,29.99,32.4,27.51,33.04,49.95,66.49,43.81,168975,Weakest,Strong,68.83%,0.64,32.27,33.81,40%
CXW,"Corecivic Inc","REIT - Equity Trust Other",34.37,-1.94%,4,Buy,"100% Buy",+86.58,+68.23%,27.57,32.06,24.67,33.42,58.56,50.98,68.3,1196851,Average,Maximum,88.37%,1.52,31.72,35.12,78%
ELVN,"Enliven Therapeutics Inc","Medical - Drugs",57.45,-3.23%,4,Hold,"80% Buy",+86.09,+191.33%,49.1,55.98,43.59,59.22,47.03,174.08,261.5,1158786,Weakest,Strong,42.03%,1.34,57,61.44,10%
PMTS,"CPI Card Group","Finance - Misc Services",28.25,-2.82%,2,Buy,"88% Buy",+85.58,+91.92%,20.8,24.12,18.6,28.55,57.34,74.67,80.89,58758,Average,Maximum,59.74%,0.85,27.54,29.56,35%
LXRX,"Lexicon Pharmaceutcl","Medical - Biomedical",2.15,-3.59%,1,Sell,"32% Buy",+83.38,+90.27%,2.15,2.31,1.95,2.29,39.78,73.02,75.41,2751832,Weakening,Average,16.68%,0.8,2.15,2.43,0%
INNV,"Innovage Holding Corp","Medical Services",11.03,+4.85%,4,Sell,"56% Buy",+83.25,+158.31%,9.66,11.2,9.25,10.82,53.37,141.06,100.97,285159,Average,Good,23.92%,3.33,10.46,11.19,79%
LNTH,"Lantheus Holdings","Medical Products",100.7,+0.26%,5,Sell,"48% Buy",+82.86,+82.86%,99.23,102.75,91.39,100.7,46.43,65.61,39.76,1093785,Weakest,Average,50.23%,0.5,100.13,101.26,50%
CNC,"Centene Corp","Medical - HMO",64.06,-0.81%,4,Buy,"72% Buy",+81.82,+106.25%,61.21,65.5,53.6,65.54,45.65,89,44.12,5884228,Weakest,Good,40.14%,1,63.18,67.91,19%
TRDA,"Entrada Therapeutics Inc","Medical - Biomedical",7.11,-5.45%,5,Buy,"56% Sell",+81.25,+38.33%,7.88,7.05,9.33,7.33,48.68,21.08,-42.39,307580,Weakening,Average,48.18%,1.04,6.87,7.8,26%
BOTJ,"Bank of The Jame Fnl","Banks - Southeast",27.85,-1.07%,3,Buy,"100% Buy",+81.22,+79.73%,25.17,26.84,23.7,27.29,61.84,62.48,38.34,15339,Strengthening,Maximum,83.00%,1.05,26.46,28.13,84%
NWPX,"Nwpx Infrastructure Inc","Steel - Specialty",107,+0.49%,1,Sell,"8% Buy",+80.53,+111.38%,118.88,123.17,104.84,111.38,33.87,94.13,59.68,136876,Weakest,Minimum,15.77%,0.67,105.64,117.12,12%
HUM,"Humana Inc","Medical - HMO",400.02,-0.76%,5,Buy,"100% Buy",+80.37,+46.52%,345.87,388.95,291.1,390.13,57.72,29.27,44.63,1661648,Average,Strong,67.69%,0.77,373.49,406.77,80%
OSCR,"Oscar Health Inc Cl A","Insurance - Multi Line",31.76,-3.79%,6,Buy,"100% Buy",+79.87,+58.40%,26.77,30.52,22.27,31.29,54.34,41.15,109.47,7540575,Average,Strong,72.93%,1.01,29.32,33.26,62%
ARCB,"Arcbest Corp","Transportation - Truck",136.2,-1.37%,2,Sell,"8% Buy",+79.54,+90.44%,139.28,143.54,126.22,138.55,46.03,73.19,72.03,366166,Weakening,Weak,59.15%,0.72,131.42,145.69,34%
CHEF,"The Chefs Warehouse","Food - Misc & Diversified",109.29,+0.40%,9,Hold,"80% Buy",+77.64,+69.10%,92.82,105.25,83.27,111.48,49.17,51.85,63.79,516157,Weakening,Strong,43.68%,1.1,106.85,116.1,26%
HNGE,"Hinge Health Inc Cl A","Medical Information Systems",91.31,-1.49%,4,Buy,"100% Buy",+77.22,+59.33%,71.5,85.85,61.14,89.65,56.38,42.08,85.03,1521795,Weakening,Maximum,69.61%,0.87,85.35,93.94,69%
SGHT,"Sight Sciences Inc","Medical Instruments",8.05,-0.62%,5,Buy,"72% Buy",+76.97,+125.49%,5.73,6.65,5.3,8.31,57.72,108.24,-10.04,267333,Weakening,Strong,33.99%,0.75,8.04,8.57,2%
VSH,"Vishay Intertechnology","Semi Discretes",31.69,+0.70%,2,Sell,"24% Sell",+76.77,+107.80%,40.59,36.24,33.4,31.86,44.93,90.55,107.15,4100664,Weakest,Minimum,55.48%,0.54,28.76,34.97,47%
LAR,"Lithium Argentina Ag","Mining - Misc",6.76,+0.90%,1,Sell,"56% Sell",+76.73,+120.20%,8.17,6.7,7.81,6.67,50.9,102.95,9.6,2790106,Average,Soft,61.48%,1.17,6.17,7.17,59%
IMOS,"Chipmos Tech ADR","Semi-Eqpt Material Services",58.39,+2.33%,2,Sell,"40% Buy",+75.91,+227.44%,57.12,58.69,50.77,56.09,54.81,210.19,85.51,73518,Weakening,Soft,91.04%,0.32,52.75,59.42,85%
NUTX,"Nutex Health Inc","Medical Services",197.68,+3.68%,5,Buy,"100% Buy",+75.77,+130.13%,153.49,176.08,136.03,189.49,60.72,112.88,8.53,175823,Strongest,Maximum,73.82%,1.24,179.01,199.97,89%
FTRE,"Fortrea Holdings Inc","Medical - Biomedical",16.79,-1.58%,2,Sell,"40% Buy",+75.66,+66.73%,16.28,18.26,14.29,18.07,39.26,49.48,-14.22,1468455,Weakest,Soft,8.91%,0.93,16.99,19.14,-9%
JAZZ,"Jazz Pharma Plc","Medical - Biomedical",241.31,+0.52%,2,Sell,"40% Buy",+75.16,+87.75%,236.64,249.15,218.52,248.58,42.91,70.5,30.4,961266,Weakest,Average,14.61%,0.48,239.13,258.03,12%
TEVA,"Teva Pharmaceutical Industries ADR","Medical - Generic Drugs",36.85,+0.24%,7,Buy,"88% Buy",+73.51,+87.25%,34.31,34.76,33.44,36.9,54.82,70,6.52,7282258,Strengthening,Average,40.27%,0.75,35.79,38.01,48%
ARW,"Arrow Electronics","Electronics - Parts Distrib",214.73,-1.23%,5,Sell,"88% Buy",+73.31,+70.12%,208.88,209.46,189.11,209.62,54.45,52.87,83.34,603625,Weakening,Average,91.73%,0.72,199.64,219.59,76%
SNX,"Synnex Corp","IT Services",258.23,-0.14%,5,Hold,"96% Buy",+73.02,+73.00%,251.06,252.48,223.47,255.43,53,55.75,60.34,772057,Weakening,Average,69.99%,0.71,245.49,265.36,64%
CLBK,"Columbia Financial Inc","Finance - Misc Services",11.48,-1.29%,5,Buy,"88% Buy",+72.98,+64.64%,9.94,10.93,9.34,11.68,53.07,47.39,50.97,1945540,Average,Maximum,47.14%,0.61,11.49,11.86,-4%
LGND,"Ligand Pharm","Medical - Biomedical",288.05,-0.27%,1,Sell,"56% Buy",+72.62,+74.15%,268.08,296.71,245.75,287.14,49.59,56.9,40.8,262980,Weakest,Good,64.10%,1.08,279.51,294.76,56%
IRWD,"Ironwood Pharmaceuti","Medical - Drugs",4.07,-2.40%,3,Buy,"72% Buy",+71.95,+266.67%,4.02,4.17,3.94,4.25,45.73,249.42,9.22,2984200,Weakest,Weak,32.01%,0.71,4.06,4.45,4%
NEOG,"Neogen Corp","Medical Products",11.92,+0.29%,6,Buy,"100% Buy",+71.02,+108.03%,9.96,10.82,9.97,11.75,59.73,90.78,58.98,2830763,Strengthening,Good,53.18%,3.11,11.42,12.08,76%
GEO,"Geo Group Inc","Government Services",31.61,-1.34%,4,Hold,"96% Buy",+70.06,+46.55%,27.25,30.9,23.45,31.57,52.41,29.3,84.54,2081427,Weakening,Strong,56.81%,0.94,30.09,33.05,51%
UFCS,"United Fire Group","Insurance - Proprty & Casualty",53.67,-2.38%,5,Buy,"88% Buy",+69.72,+74.14%,49.21,52.91,45.44,54.01,49.48,56.89,36.1,133312,Weakest,Strong,60.61%,1.28,52.3,55.73,40%
AMN,"Amn Healthcare Services Inc","Business Services",34.36,+1.87%,1,Buy,"100% Buy",+69.71,+64.95%,30.53,33.84,26.75,34.2,52.64,47.7,106.47,1052120,Strengthening,Strong,52.45%,0.52,32.9,35.5,56%
PHVS,"Pharvaris N.V.","Medical - Biomedical",37.74,-0.26%,6,Buy,"100% Buy",+69.32,+57.64%,32.77,34.92,30.89,36.05,61.53,40.39,24.45,390904,Strongest,Maximum,39.31%,2.06,33.95,38.15,90%
AMRX,"Amneal Pharmaceuticals Inc","Medical - Drugs",17.25,+1.17%,3,Sell,"56% Buy",+69.19,+74.42%,15.8,17.76,14.96,17.78,43.69,57.17,25.35,2078119,Weakest,Good,13.75%,0.82,17.09,18.48,12%
CMTV,"Community Bancorp Inc VT","Banks - Northeast",41.17,+0.87%,4,Hold,"96% Buy",+68.69,+84.21%,39.65,40.17,37.77,40.79,53.32,66.96,53.86,27192,Average,Average,45.99%,2.33,39.54,42.04,65%
PVLA,"Palvella Therapeutics Inc","Medical - Biomedical",151.34,-0.62%,4,Buy,"88% Buy",+67.98,+166.87%,134.17,148.39,127.57,151.37,51.43,149.62,33.04,268958,Weakest,Good,81.02%,0.71,143.06,159.67,50%
ANL,"Adlai Nortye Group Ltd ADR","Medical - Biomedical",14.69,-5.25%,7,Buy,"100% Buy",+67.01,+754.36%,12.55,12.73,11.44,14.06,56.75,737.11,923.31,458027,Strengthening,Good,65.55%,0.82,12.7,15.42,73%
CHMG,"Chemung Financial Corp","Banks - Southeast",83.9,-0.63%,7,Buy,"100% Buy",+66.95,+58.24%,74.47,79.97,68.56,82.79,58.34,40.99,38.81,29307,Average,Maximum,84.77%,1.03,80.15,85.43,71%
MITK,"Mitek Systems Inc","Computer - Optical",17.26,-3.20%,4,Hold,"64% Buy",+66.71,+73.64%,17.04,18.32,15.9,18.4,43.07,56.39,52.05,891659,Weakest,Average,26.01%,0.66,17.33,19.48,-3%
UVE,"Universal Insurance Holdings Inc","Insurance - Proprty & Casualty",43.57,-0.75%,5,Buy,"100% Buy",+66.47,+75.54%,40.43,42.48,38.12,43.24,52.81,58.29,17.36,197363,Weakening,Strong,62.92%,0.46,41.84,44.63,62%
ACU,"Acme United Corp","Consumer Prdts - Misc Discr",61.84,+1.18%,8,Buy,"88% Buy",+64.49,+44.82%,49.59,55.76,47.84,61.98,57.48,27.57,41.86,18739,Strengthening,Maximum,49.05%,1.06,59.88,64.08,47%
PROF,"Profound Medical Corp","Medical - Drugs",6.8,-0.15%,2,Sell,"24% Sell",+64.09,+66.67%,6.94,7.08,6.74,6.83,45.59,49.42,-25.15,149276,Weakening,Minimum,34.97%,2.93,6.55,7.1,45%
PHOE,"Phoenix Asia Holdings Limited","Building - Heavy Construction",20.06,-1.81%,6,Sell,"40% Buy",+64.07,+150.75%,19.57,21.79,18.88,21.45,45.62,133.5,13.82,51491,Weakening,Soft,19.62%,0.08,19.3,23.61,18%
PNRG,"Primeenergy Corp","Oil - US Exploration & Product",214.89,-0.29%,4,Buy,"56% Buy",+63.67,+40.48%,202.56,194.56,203.82,210.54,62.53,23.23,14.12,65779,Weakening,Weak,69.58%,0.86,198.86,222.22,69%
FATE,"Fate Therapeutics","Medical - Biomedical",2.44,-2.40%,2,Sell,"40% Buy",+62.62,+149.01%,2.3,2.64,1.96,2.5,46.32,131.76,136.77,2353929,Weakest,Average,53.55%,0.24,2.32,2.69,33%
CARE,"Carter Bankshares Inc","Banks - Northeast",31.4,+0.13%,3,Sell,"40% Buy",+62.58,+58.03%,30.14,32.68,27.35,31.61,45.21,40.78,48.17,266885,Weakest,Average,65.12%,0.64,30.55,32.66,40%
PCVX,"Vaxcyte Inc","Medical - Biomedical",59.51,-1.41%,7,Buy,"88% Buy",+62.53,+81.88%,55.57,58.3,56.29,60.71,49.26,64.63,17.43,1370818,Average,Average,33.52%,1.14,58.32,63.11,25%
TSM,"Taiwan Semiconductor ADR","Semi Fab Foundries",435.36,-0.83%,4,Buy,"100% Buy",+62.22,+73.51%,417.31,420.15,396,421.63,59.1,56.26,31.71,13112854,Strengthening,Good,86.66%,0.61,405.15,438.1,92%
IKT,"Inhibikase Therapeutics Inc","Medical - Drugs",2.41,-0.82%,4,Buy,"88% Buy",+61.91,+44.31%,2.04,2.29,1.96,2.43,51.53,27.06,6.01,1090160,Weakening,Maximum,51.96%,0.45,2.32,2.54,41%
AMWL,"American Well Corp Cl A","Medical Information Systems",12.3,-7.80%,1,Buy,"88% Buy",+61.05,+79.04%,9.7,11.55,8.26,12.33,51.5,61.79,138.96,103082,Weakening,Strong,69.77%,0.59,11.33,13.33,49%
JRSH,"Jerash Holdings Inc","Textile - Apparel",5.35,-0.19%,4,Buy,"88% Buy",+61.01,+54.62%,4.31,5,3.91,5.48,51.94,37.37,63.86,304684,Weakening,Maximum,36.06%,0.48,5.27,5.68,20%
ESCA,"Escalade Inc","Leisure & Recreational Prdcts",20.2,-2.08%,1,Buy,"88% Buy",+60.58,+62.77%,19.29,19.98,18.25,20.43,48.13,45.52,38.19,34487,Weakest,Good,54.92%,0.55,19.74,21.11,33%
KOP,"Koppers Holdings Inc","Chemical - Diversified",46.06,-2.25%,1,Sell,"40% Buy",+60.57,+60.54%,44.74,47.84,41.94,46.25,45.21,43.29,58.54,182337,Weakest,Average,74.78%,0.78,44.77,47.74,43%
WEYS,"Weyco Gp Inc","Shoes and Related Apparel",44.9,+0.90%,1,Buy,"88% Buy",+60.44,+49.72%,38.61,42.08,36.59,45.16,55.31,32.47,35.23,17133,Strengthening,Maximum,56.50%,1.26,43.98,46.34,39%
BVN,"Compania Mina Buenaventura S.A. ADR","Mining - Silver",35.39,+3.60%,7,Buy,"40% Buy",+60.44,+80.56%,32.87,32.41,34.23,34.58,57.51,63.31,15.61,1438139,Average,Weak,35.70%,1.44,32.79,36.38,72%
QUAD,"Quad Graphics Inc","Advertising Marketing Services",10.15,-0.49%,7,Buy,"96% Buy",+60.13,+54.26%,8.51,9.45,7.93,10.15,54.12,37.01,50.33,237844,Average,Maximum,44.38%,0.78,9.76,10.54,50%
CVLG,"Covenant Logistics Group Inc","Transportation - Truck",35.53,+0.79%,5,Sell,"24% Buy",+59.59,+51.13%,38.82,39.55,35.15,34.82,46.83,33.88,49.66,177782,Weakening,Minimum,71.44%,1.83,33.67,35.96,81%
GCBC,"Greene County Bncp","Finance - Savings & Loan",35.06,+1.15%,4,Buy,"100% Buy",+59.44,+47.31%,30.07,34.03,27.69,34.81,55.65,30.06,46.16,23106,Average,Strong,64.39%,0.82,34.04,35.58,66%
SFL,"Ship Finance International","Transportation - Ship",12.53,+1.29%,10,Buy,"100% Buy",+58.20,+52.99%,11.66,11.85,11.27,12.4,56.52,35.74,48.89,1437750,Strengthening,Good,78.05%,0.76,11.94,12.85,65%
PGC,"Peapack Gladstone FI","Banks - Northeast",45.62,-0.70%,4,Hold,"48% Buy",+57.93,+57.69%,44.63,46.1,41.41,45.63,49.47,40.44,52.26,148652,Weakest,Average,69.60%,0.71,44.36,46.91,50%
ROMA,"Roma Green Finance Limited","Finance - Misc Services",8.85,-1.56%,2,Hold,"64% Buy",+57.78,+186.41%,7.99,8.92,6.63,8.93,48.84,169.16,412.12,222656,Weakening,Good,51.32%,0.16,8.52,9.34,40%
PEB,"Pebblebrook Hotel Trust","REIT - Equity Trust Other",17.84,+1.13%,4,Sell,"40% Buy",+57.13,+55.94%,17.16,18.54,15.67,18.18,44.31,38.69,46.05,2325042,Weakest,Average,31.17%,1.01,17.66,18.69,17%
BCAX,"Bicara Therapeutics Inc","Medical - Biomedical",23.64,-0.30%,1,Sell,"8% Buy",+56.90,+89.73%,24.25,26.26,22.3,24.08,43.89,72.48,28.91,609468,Weakest,Weak,27.65%,0.9,22.63,25.53,35%
SUN,"Sunoco LP","Oil Refining & Marketing MLP",77.79,+1.13%,6,Buy,"100% Buy",+56.20,+52.23%,70.32,73.85,67.99,75.77,58.83,34.98,36.88,465319,"Top 1%",Maximum,72.47%,1.01,73.79,77.75,101%
AGCC,"Agencia Comercial Spirits Ltd Cl A","Beverages - Alcohol",14.14,+3.44%,2,Sell,"40% Sell",+56.15,N/A,16.03,14.9,15.4,14.51,43.11,N/A,33.33,107376,Strengthening,Minimum,23.94%,0.08,13.96,15.07,16%
BNY,"Bank of New York Mellon","Banks - Major Regional",162.51,-0.21%,6,Buy,"100% Buy",+56.04,+55.11%,148.38,158.14,138.96,162.2,54.75,37.86,28.44,3607118,Average,Maximum,71.92%,0.98,158.41,166,54%
PNTG,"The Pennant Group Inc","Medical - Outpatient & Hm Care",39.6,+0.74%,2,Sell,"72% Buy",+56.03,+59.48%,36.21,39.39,34.72,38.5,57.31,42.23,29.12,272969,Average,Strong,70.90%,0.92,36.98,40.03,86%
SMHI,"Seacor Marine Holdings Inc","Transportation - Ship",9.7,+1.04%,6,Buy,"88% Buy",+55.71,+56.70%,8.13,8.88,7.91,9.71,57.54,39.45,49.58,117475,Average,Maximum,55.24%,0.42,9.42,9.99,49%
DJCO,"Daily Journal Corp","Publishing - Newspapers",637,-0.16%,7,Buy,"100% Buy",+55.09,+30.02%,556.58,595.66,543.08,613.08,64.44,12.77,19.16,67941,Strongest,Strong,74.10%,0.64,576.5,649.65,83%
ANGO,"Angiodynamics Inc","Medical Instruments",15.32,+0.66%,4,Hold,"80% Buy",+54.88,+39.15%,13.14,14.69,12.36,15.71,49.49,21.9,7.76,465371,Strengthening,Strong,27.55%,0.72,15.23,16.2,10%
SPB,"Spectrum Brands Holdings Inc","Consumer Prdts - Misc Discr",85.65,-2.09%,4,Sell,"56% Buy",+54.24,+53.03%,84.54,87.63,81.72,88.09,42.63,35.78,33.42,355323,Weakest,Average,36.22%,0.92,85.51,90.67,3%
RIG,"Transocean Inc","Oil & Gas - Drilling",5.71,-0.87%,8,Buy,"8% Sell",+54.19,+81.85%,5.83,5.45,5.99,5.83,49.59,64.6,26.71,39007082,Weakening,Minimum,28.96%,1.09,5.56,6.1,28%
SNEX,"Stonex Group Inc","Finance - Misc Services",69.34,+0.39%,5,Sell,"8% Buy",+54.11,+62.97%,75.02,72.22,68.18,68.15,49.04,45.72,52.45,1059011,Weakest,Minimum,72.00%,1.35,65.82,70.49,75%
RRBI,"Red River Bancshares Inc","Banks - Southwest",101.68,-1.15%,6,Buy,"88% Buy",+54.01,+57.64%,95.45,99.72,93.66,101.73,52.65,40.39,30.8,64761,Weakening,Good,65.76%,0.56,99.5,103.97,49%
BWFG,"Bankwell Financial","Banks - Northeast",66.71,+0.83%,4,Buy,"100% Buy",+53.78,+51.68%,58.63,64.04,55.31,66.57,55.86,34.43,34.04,52668,Strengthening,Maximum,77.59%,1.08,64.86,68.29,54%
EXPD,"Expeditors Intl","Transportation - Services",188.31,+1.26%,8,Buy,"100% Buy",+53.37,+55.68%,167.97,179.33,160.99,187.75,58.19,38.43,14.82,1285468,Strongest,Maximum,42.55%,0.66,184.32,191.18,58%
JILL,"J. Jill Inc","Retail - Apparel & Shoes",21.74,+9.58%,10,Buy,"100% Buy",+53.09,+22.41%,15.72,18.18,15.54,19.72,73.73,5.16,46.9,85153,"Top 1%",Maximum,61.81%,9.88,18.34,21.11,123%
ACA,"Arcosa Inc","Building & Construction - Misc",145.39,-0.18%,12,Buy,"100% Buy",+53.07,+52.13%,136,145.14,128.44,145.3,57.15,34.88,25.2,435702,Weakening,Strong,71.32%,1,144.92,145.69,61%
CBNA,"Chain Bridge Bancorp Inc Cl A","Banks - Northeast",46.38,-0.06%,4,Buy,"88% Buy",+52.80,+49.32%,40.93,44.88,39.12,46.49,53.07,32.07,22.34,9750,Average,Strong,74.23%,1.47,44.76,48.23,47%
ATLO,"Ames Natl Corp","Banks - Midwest",31.82,-1.49%,7,Buy,"100% Buy",+52.78,+57.21%,29.84,30.75,29.11,31.74,54.7,39.96,27.04,49745,Average,Strong,81.34%,1.07,31.13,32.36,56%
GNK,"Genco Shipping & Trading Ltd","Transportation - Ship",27.14,+1.23%,6,Buy,"100% Buy",+52.56,+51.11%,24.98,25.73,24.2,26.43,57.56,33.86,35.71,440547,Strengthening,Strong,74.26%,1.34,25.21,27.65,79%
OBK,"Origin Bancorp Inc","Banks - Southeast",53.63,-0.22%,5,Buy,"100% Buy",+52.22,+41.35%,50.39,53.08,47.79,53.52,51.97,24.1,31.05,178532,Weakening,Strong,68.18%,0.81,52.24,54.8,54%
MD,"Pediatrix Medical Group Inc","Medical Services",27.09,+0.56%,5,Buy,"100% Buy",+51.83,+59.63%,24.66,26.38,23.3,26.64,57.83,42.38,15.1,827354,Strongest,Good,87.52%,0.92,26.09,27.2,90%
BRKR,"Bruker Corp","Industrial Scientific",54.43,-6.75%,5,Sell,"40% Buy",+51.56,+74.57%,53.45,58.59,48.2,57.93,42.15,57.32,3.99,2312497,Weakest,Average,34.03%,1.37,55.27,60.58,-16%
NGNE,"Neurogene Inc","Medical - Biomedical",37.88,-0.66%,6,Hold,"96% Buy",+51.01,+96.78%,32.71,36.64,28.56,37.76,52.7,79.53,72.33,190063,Average,Strong,43.73%,0.81,35.1,40.42,52%
AVAL,"Grupo Aval Acciones Y Valores S ADR","Finance - Investment Mgmt",5.34,+0.19%,6,Buy,"88% Buy",+50.69,+57.99%,4.96,5.17,4.74,5.38,52.78,40.74,20.3,187714,Average,Good,44.21%,0.46,5.19,5.56,40%
ALAB,"Astera Labs Inc","Internet - Software",300.54,+4.05%,2,Sell,"24% Buy",+50.39,+40.12%,306.89,325.28,248.12,296.45,49.62,22.87,69.11,5360537,Weakest,Weak,63.31%,0.73,266.18,326.71,57%
FISI,"Financial Institut","Banks - Northeast",40.79,-0.90%,4,Buy,"88% Buy",+50.01,+49.25%,38.22,40.55,36.31,41.09,48.87,32,19.31,146829,Weakest,Strong,69.93%,0.81,40.13,42.06,34%
ALRS,"Alerus Financial Corp","Finance - Misc Services",32.8,-1.29%,3,Buy,"88% Buy",+49.75,+44.91%,30.35,32.68,28.39,33.2,47.18,27.66,34.1,163546,Weakest,Strong,65.98%,0.63,32.39,34.02,25%
STRZ,"Starz Entertainment Corp","Media Conglomerates",25.3,-2.32%,3,Buy,"64% Buy",+49.72,+104.53%,25.06,26.87,20.74,26.87,42.91,87.28,104.69,165064,Weakest,Average,17.31%,0.6,24.54,29.2,16%
BOLD,"Boundless Bio Inc","Medical - Biomedical",2.85,-0.35%,4,Buy,"88% Buy",+49.54,+147.83%,2.13,2.68,1.81,2.87,56.73,130.58,125.95,526931,Weakening,Strong,22.11%,0.23,2.76,2.98,41%
KRNY,"Kearny Financial","Finance - Savings & Loan",9.73,-2.70%,10,Hold,"80% Buy",+49.32,+48.10%,8.95,9.62,8.54,9.82,48.83,30.85,19.76,448954,Weakening,Strong,61.94%,0.69,9.49,10.14,37%
ANTX,"An2 Therapeutics Inc","Medical - Biomedical",5.73,-4.18%,3,Buy,"88% Buy",+48.80,+393.97%,4.93,5.33,4.19,5.81,51.59,376.72,391.08,585280,Weakest,Good,58.33%,0.82,5.41,6.21,40%
CVEO,"Civeo Corp","Hotels & Motels",33.97,-0.50%,8,Hold,"96% Buy",+48.54,+48.02%,33.11,33.16,31.41,33.7,54.49,30.77,36.99,88533,Average,Average,61.74%,0.59,32.88,34.52,67%
TRST,"Trustco Bank Corp NY","Banks - Northeast",57.44,-0.02%,10,Buy,"100% Buy",+48.16,+46.64%,53.31,56.26,50.4,57.09,54.99,29.39,27.43,119343,Weakening,Strong,79.77%,1.2,56.28,57.91,71%
KEX,"Kirby Corp","Transportation - Ship",138.57,+0.41%,10,Buy,"24% Buy",+48.01,+57.70%,141.39,138.95,137.87,139.51,48.42,40.45,14.22,660716,Weakest,Weak,44.84%,0.7,136.14,142.87,36%
ATKR,"Atkore Inc","Wire & Cable Products",94.21,+0.36%,5,Buy,"100% Buy",+47.79,+61.76%,80.75,84.05,74.89,93.67,72.65,44.51,37.4,539257,Strengthening,Maximum,79.01%,1.2,93.32,94.02,127%
AVBP,"Arrivent Biopharma Inc","Medical - Biomedical",29.79,-1.62%,4,Sell,"8% Buy",+47.67,+50.30%,30.63,31.16,28.34,30.15,45.63,33.05,36.51,497174,Weakening,Weak,61.64%,0.61,28.48,31.82,39%
CENX,"Century Aluminum C","Metal Production & Fabrication",47.69,-0.54%,2,Buy,"24% Sell",+47.65,+119.37%,52.52,45.7,53.36,45.95,54.79,102.12,10.17,2100820,Weakening,Weak,76.27%,0.68,42.83,49.07,78%
WKC,"World Kinect Corp","Oil - Refining and Marketing",35.58,+0.57%,2,Sell,"40% Buy",+47.48,+37.16%,32.5,36.3,29.81,35.81,46.5,19.91,40.31,956234,Weakening,Good,31.84%,0.68,34.74,36.89,39%
SMC,"Summit Midstream Corporation","Oil Gas Prod Pipeline MLP",34.24,-0.26%,3,Buy,"88% Buy",+47.43,+49.13%,31,32.04,30.68,34.43,57.75,31.88,16.79,59495,Weakening,Strong,62.77%,1.47,33.66,35.19,38%
HRTG,"Heritage Insurance Holdings","Insurance - Proprty & Casualty",34.05,-1.13%,7,Buy,"100% Buy",+47.40,+43.01%,27.66,30.75,27.27,33.96,57.72,25.76,4.82,358129,Strengthening,Strong,53.57%,0.76,33.02,34.89,55%
AMG,"Affiliated Managers Group","Finance - Investment Mgmt",355.85,-1.21%,4,Hold,"64% Buy",+47.35,+53.41%,339.01,362.86,323.46,363.86,44.72,36.16,11.89,355333,Weakest,Average,43.62%,0.92,351.15,376.56,19%
PARK,"Park Dental Partners Inc","Medical Services",20.98,+3.96%,2,Buy,N/A,+46.79,N/A,19.36,20.41,18.83,21.23,52.11,N/A,30.59,N/A,N/A,N/A,36.70%,7.66,19.52,22.93,43%
WBI,"Waterbridge Infrastructure Llc Cl A","Real Estate Operations",33.02,+0.82%,6,Sell,"56% Buy",+46.54,N/A,31.38,33.04,29.37,32.02,55.04,N/A,53.47,843922,Average,Average,79.81%,1.43,31.06,32.98,102%
AMTB,"Mercantil Bank Holding Cl A","Banks - Southeast",28.88,-1.13%,5,Buy,"88% Buy",+46.52,+36.87%,25.57,27.96,24.44,28.93,52.59,19.62,36.48,296353,Weakening,Strong,70.36%,0.56,28.26,29.6,46%
ACNB,"Acnb Corp","Banks - Southwest",64.3,-1.58%,8,Hold,"80% Buy",+46.24,+44.46%,58.55,63.04,55.56,64.6,50.65,27.21,21.44,55263,Weakening,Strong,53.05%,0.78,63.36,65.85,38%
SDRL,"Seadrill 2021 Ltd","Oil & Gas - Drilling",48.02,-0.39%,6,Buy,"72% Buy",+46.02,+50.49%,45.59,44.52,45.1,47.83,54.48,33.24,27.24,799709,Weakening,Average,49.36%,0.97,45.5,50.17,54%
TBN,"Tamboran Resources Corp","Oil - International Integrated",39.1,-2.74%,10,Buy,"88% Buy",+45.97,+79.60%,34.97,34.8,34.39,37.96,60.21,62.35,32.04,141286,Average,Average,55.21%,1.4,35.75,40.17,76%
LOCO,"El Pollo Loco","Retail - Restaurants",15.06,-0.73%,3,Sell,"24% Buy",+45.67,+44.25%,15.14,15.93,14.2,15.38,43.32,27,32.43,283214,Weakest,Soft,21.07%,0.77,14.85,15.91,20%
NRC,"Nrc Health","Business Information",20.93,-1.23%,3,Sell,"56% Buy",+45.66,+29.68%,20.03,21.25,18.53,21.45,47.85,12.43,-0.04,109669,Weakest,Average,44.68%,1.22,20.25,22.65,28%
AGIO,"Agios Pharmaceuticals","Medical - Biomedical",34.63,+3.22%,6,Sell,"56% Buy",+45.43,-4.20%,32.43,35.49,31.55,33.78,54.2,-21.45,15.67,1177746,Average,Average,42.02%,0.96,32.61,34.95,86%
INTG,"Intergroup Corp","Real Estate Developers",38.8,+6.80%,6,Hold,"48% Buy",+45.24,+104.10%,37.01,35.92,35.9,34.92,66.92,86.85,25.12,49993,Weakening,Weak,91.16%,0.76,31.96,37.87,116%
NE,"Noble Corp Plc","Oil & Gas - Drilling",45.46,-0.94%,7,Buy,"40% Buy",+45.19,+51.89%,45.26,42.8,45.59,45.83,52.11,34.64,49.43,1710474,Weakest,Weak,31.00%,0.92,44.04,47.62,40%
XPRO,"Expro Group Holdings N.V.","Oil - Production & Pipeline",18.19,+0.50%,7,Buy,"100% Buy",+45.02,+50.45%,16.35,16.74,16.54,18.17,55.87,33.2,24.7,1106047,Strongest,Good,49.93%,0.78,17.39,18.95,51%
IVZ,"Invesco Limited","Finance - Investment Mgmt",32.09,-0.77%,10,Buy,"88% Buy",+44.83,+44.35%,28.87,30.67,27.52,32.4,51.74,27.1,10.6,5316656,Weakening,Strong,52.94%,0.68,31.4,33.4,34%
CLOV,"Clover Health Investments Corp","Medical Information Systems",4.34,+1.17%,1,Sell,"56% Buy",+44.73,+50.17%,4.07,4.47,3.38,4.27,51.2,32.92,73.13,5878394,Average,Average,77.66%,0.99,4.01,4.54,63%
CELC,"Celcuity Inc","Medical - Biomedical",90.08,-3.16%,6,Sell,"100% Sell",+44.47,+48.23%,104.47,94.03,106.76,92.32,46.01,30.98,-21.24,1048319,Strongest,Average,53.98%,0.59,87.31,97.33,28%
NSP,"Insperity Inc",Staffing,50.27,+1.29%,4,Hold,"80% Buy",+44.22,-5.98%,41.95,50.11,36.61,51.83,47.25,-23.23,18.28,920128,Weakening,Strong,36.08%,0.71,49.64,54.02,14%
COKE,"Coca-Cola Consolidated Inc","Beverages - Soft",189.02,+0.39%,8,Buy,"80% Buy",+44.12,+54.18%,185.47,187.23,187.23,191.53,48.18,36.93,11.75,521347,Weakening,Weak,27.88%,1.02,184.12,198.95,33%
BEN,"Franklin Resources","Finance - Investment Mgmt",34.12,-1.53%,8,Buy,"88% Buy",+43.81,+38.93%,32.37,33.76,30.12,34.16,51.06,21.68,31.27,4711965,Weakening,Strong,65.36%,0.61,33.03,35.29,48%
WSBF,"Waterstone Financial","Finance - Savings & Loan",21.26,+0.38%,7,Buy,"100% Buy",+43.75,+44.92%,19.61,20.57,19.09,21.14,57.38,27.67,16.91,62369,Average,Maximum,74.37%,2.49,20.81,21.46,69%
OBT,"Orange County Bancor","Banks - Northeast",37.9,-0.71%,5,Buy,"72% Buy",+43.73,+45.16%,36.42,37.93,35.35,38.25,48,27.91,21.2,56820,Weakest,Good,76.09%,0.88,37.28,39.22,32%
FBIZ,"First Business Finan","Banks - Midwest",71.55,-0.96%,6,Buy,"100% Buy",+43.71,+38.18%,63.13,68.38,60.64,70.67,57.78,20.93,20.22,42032,Average,Maximum,83.82%,0.71,68.32,73.03,69%
EPC,"Edgewell Personal Care","Consumer Prdts - Misc Staple",27.09,-1.71%,4,Sell,"56% Buy",+43.51,+20.88%,24.54,27.96,23.42,28.39,42.27,3.63,47.34,757684,Weakest,Good,33.77%,1.06,27.43,29.36,-18%
ZURA,"Zura Bio Ltd","Medical - Biomedical",5.71,-6.85%,4,Buy,"72% Buy",+43.38,+159.55%,5.05,5.59,5.43,5.84,49.1,142.3,-2.58,865322,Weakening,Soft,37.92%,1.46,5.39,6.3,35%
BZH,"Beazer Homes USA","Building - Residential & Comm",33.25,0.00%,2,Buy,"100% Buy",+43.21,+31.89%,28.28,32.42,26.44,33.18,59.79,14.64,52.49,555258,Average,Strong,70.68%,0.81,33.09,33.27,87%
PALI,"Palisade Bio Inc","Medical - Biomedical",2.05,-6.82%,5,Buy,"88% Buy",+43.20,+266.07%,1.99,2.03,1.94,2.07,49.91,248.82,-24.32,3825856,Average,Weak,64.96%,1.21,1.92,2.21,44%
FMAO,"Farmers & Merch Banc","Banks - Northeast",34.91,+0.17%,5,Buy,"100% Buy",+43.18,+35.68%,30.36,32.92,29.03,34.45,59.31,18.43,29.67,59447,Average,Maximum,86.08%,0.55,33.23,35.67,69%
PLBC,"Plumas Bancorp","Banks - West",61.95,-0.78%,5,Buy,"88% Buy",+43.11,+37.67%,57.18,61.05,54.97,62,52.3,20.42,27.07,44967,Weakening,Strong,76.66%,0.97,60.39,63.62,48%
AGL,"Agilon Health Inc","Medical Services",93.59,+2.43%,1,Sell,"56% Buy",+42.88,+225.53%,87.93,101.01,63.33,92.12,49.8,208.28,432.02,343079,Average,Average,49.13%,0.47,84.78,99.45,60%
CAC,"Camden Natl Corp","Banks - Northeast",57.18,-0.21%,5,Buy,"88% Buy",+42.85,+42.49%,53.24,56.38,51.49,57.3,51.64,25.24,20.26,97583,Weakest,Strong,71.59%,1.02,55.57,59.04,47%
PFIS,"Peoples Finl Svcs Company","Banks - Northeast",70.89,-0.23%,4,Buy,"100% Buy",+42.62,+34.90%,64.62,69.52,61.28,70.45,54.96,17.65,33.98,48272,Weakening,Strong,81.89%,0.76,68.64,72.26,62%
SMBK,"Smartfinancial Inc","Banks - Northeast",50.87,-0.74%,5,Buy,"88% Buy",+42.59,+38.27%,46.45,50.23,44.34,51.29,49.47,21.02,25.97,91169,Weakening,Strong,56.54%,1.43,49.79,52.79,36%
DDI,"Doubledown Interactive ADR",Gaming,12.72,-0.24%,6,Buy,"88% Buy",+42.05,+33.33%,11.6,12.03,10.65,12.73,57.56,16.08,35.84,98397,Weakening,Strong,26.91%,0.97,12.4,13.05,49%
RBKB,"Rhinebeck Bancorp Inc","Banks - Northeast",12.79,-2.14%,9,Buy,"100% Buy",+42.04,+37.74%,12.03,12.44,11.65,12.73,55.35,20.49,37.42,51279,Weakening,Good,60.60%,0.55,12.5,12.95,64%
ATAI,"Ataibeckley Inc","Medical - Biomedical",7.29,+0.14%,7,Buy,"88% Buy",+41.66,+49.08%,5.54,6.81,4.94,7.33,58.52,31.83,66.69,7813881,Average,Strong,40.48%,0.97,7.21,7.45,33%
FA,"First Advantage Corp","Internet - Software",20.55,-0.39%,1,Buy,"72% Buy",+41.45,+29.25%,17.95,20.81,15.67,20.88,48.26,12,29.88,1384612,Weakest,Strong,54.41%,0.89,19.89,21.87,33%
SNDA,"Sonida Senior Living Inc","Medical Services",39.57,+1.31%,2,Hold,"64% Buy",+41.25,+53.19%,38.15,40,36.8,39,52.65,35.94,9.79,436431,Average,Average,39.11%,0.67,36.94,41.05,64%
PSMT,"Pricesmart Inc","Retail - Discount",170.61,-1.36%,4,Sell,"8% Buy",+41.23,+53.99%,175.74,182.88,167.68,174.4,40.56,36.74,27.53,243351,Weakening,Weak,41.70%,0.82,167.7,181.1,22%
VTVT,"Vtv Theraptcs Cl A","Medical - Biomedical",33.29,+1.52%,2,Sell,"72% Sell",+40.79,+77.36%,33.36,32.91,34.4,32.58,52.79,60.11,-28.3,49884,Average,Weak,55.81%,0.5,30.52,34.64,67%
ATLC,"Atlanticus Holdings Corp","Finance - Misc Services",92.6,-1.29%,1,Sell,"40% Buy",+40.35,+35.88%,91.72,98.48,79.7,94.97,44.67,18.63,26.76,105516,Weakest,Soft,48.70%,0.66,88.44,101.51,32%
CBC,"Central Bancompany Inc Cl A","Banks - Northeast",32.05,-1.48%,3,Sell,N/A,+40.12,N/A,29.92,32.16,28.05,32.41,47.35,N/A,21.33,N/A,N/A,N/A,67.22%,1.74,31.44,33.37,32%
LIVN,"Livanova Plc OR Sh","Medical Instruments",78.93,-2.19%,6,Hold,"48% Buy",+40.11,+34.42%,76.24,80.55,72.42,80.37,45.88,17.17,16.73,729899,Weakest,Average,51.87%,1.07,77.87,82.88,21%
ASH,"Ashland Inc","Chemical - Specialty",71.83,-1.09%,2,Hold,"80% Buy",+39.88,+34.71%,64.65,70.84,62.14,73.57,46.22,17.46,10.88,824868,Weakening,Strong,29.08%,0.98,71.84,75.3,0%
FVCB,"Fvcbankcorp Inc","Banks - Southeast",18.29,-0.54%,5,Buy,"88% Buy",+39.86,+37.62%,17.12,18.2,16.52,18.48,48.38,20.37,19.94,111555,Weakest,Strong,60.99%,0.66,18.03,18.93,29%
BPRN,"Princeton Bancorp Inc","Banks - Northeast",43.55,+1.59%,6,Buy,"100% Buy",+39.24,+32.81%,38.41,40.98,37.15,42.77,63.93,15.56,13.99,15235,Strengthening,Maximum,68.92%,1.21,41.74,43.79,88%
SRCE,"1st Source Corp","Banks - Midwest",85.92,-0.66%,4,Hold,"80% Buy",+38.98,+34.59%,80.38,85.82,76.75,86.66,47.44,17.34,25.94,126102,Weakest,Strong,63.56%,0.79,84.56,88.76,32%
CZFS,"Citizens Fincl Svcs","Banks - Northeast",82.55,+0.35%,7,Buy,"100% Buy",+38.87,+34.91%,71.85,77.81,68.77,81.7,58,17.66,33.22,14420,Strengthening,Maximum,66.94%,1.25,79.46,83.93,69%
HG,"Hamilton Insurance Group Ltd Cl B","Insurance - Multi Line",34.37,-1.43%,6,Hold,"64% Buy",+38.82,+44.72%,33.27,35.11,32.19,35.17,42.53,27.47,11.64,485716,Weakest,Good,45.20%,1,34.38,35.97,-1%
VMET,"Versamet Royalties Corp","Mining - Misc",10.34,+3.19%,5,Buy,"24% Sell",+38.81,+79.83%,11.03,9.96,10.82,10.31,52.66,62.58,5.82,166368,Weakest,Weak,27.70%,0.91,9.82,10.79,54%
TECH,"Bio-Techne Corp","Medical - Biomedical",72.25,-0.08%,3,Buy,"88% Buy",+38.55,+33.30%,62.6,71.9,60.48,72.33,59.75,16.05,11.3,3112641,Weakest,Strong,43.18%,0.53,72.15,72.51,27%
BAP,"Credicorp Ltd","Banks - Foreign",375.51,-0.46%,1,Sell,"40% Buy",+38.47,+42.28%,362.57,384.76,355.13,376.19,47.22,25.03,19.29,420263,Weakest,Soft,60.35%,1.65,364.52,387.85,47%
SNOW,"Snowflake Cl A","Internet - Software",331.48,-1.20%,3,Buy,"100% Buy",+38.16,+46.96%,246.22,300.65,218.94,328.15,54.86,29.71,39.56,6653215,Average,Maximum,38.22%,0.84,307.97,348.34,58%
AVBC,"Avidia Bancorp Inc","Banks - Northeast",21.72,-0.96%,8,Buy,"88% Buy",+38.00,+39.77%,20.67,21.46,20.22,22.03,48.33,22.52,17.66,97616,Weakening,Strong,36.23%,1.27,21.69,22.36,4%
SHBI,"Shore Bancshares Inc","Banks - Northeast",23.13,-0.26%,3,Sell,"40% Buy",+37.64,+36.86%,21.96,23.4,20.94,23.32,46.57,19.61,19.28,218898,Weakest,Good,75.69%,0.77,22.62,24.02,36%
PDLB,"Ponce Financial Group Inc","Finance - Misc Services",20.31,-0.10%,6,Buy,"88% Buy",+37.63,+37.88%,19.34,20.25,18.47,20.41,49.96,20.63,12.67,75318,Weakest,Strong,59.96%,0.84,19.94,20.89,39%
TEO,"Telecom Argentina Stet France Telecom ADR","Wireline Non-US",13.04,-0.31%,1,Sell,"24% Buy",+37.62,+79.86%,13.09,13.39,12.57,13.23,44.31,62.61,0.77,334730,Weakest,Weak,24.53%,1.24,12.88,13.57,23%
FNRN,"First Northern Community Bancorp","Banks - West",17.28,+0.35%,4,Sell,"24% Buy",+37.35,+43.16%,17.48,17.73,16.52,17.27,48.01,25.91,17.79,77896,Weakest,Weak,51.42%,1.01,16.71,17.83,51%
WELL,"Welltower Inc","REIT - Equity Trust Other",235.9,-0.57%,5,Sell,"48% Buy",+37.26,+39.71%,224.88,237.47,218.07,237.47,47.87,22.46,15.54,3253713,Weakest,Good,30.67%,0.64,231.99,242.95,36%
POWW,"Outdoor Holding Company","Aerospace - Defense Equipment",2.17,+2.84%,1,Hold,"48% Buy",+37.25,+50.69%,2.15,2.24,2.1,2.2,47.42,33.44,15.35,595940,Weakening,Soft,21.90%,0.93,2.11,2.3,32%
MS,"Morgan Stanley","Finance - Investment Brokers",215.35,-0.41%,3,Sell,"56% Buy",+37.18,+41.47%,209.13,215.74,195.78,215.11,50.73,24.22,9.75,6095037,Weakest,Average,80.15%,0.83,209.71,220.51,52%
RAMP,"Liveramp Holdings Inc","Technology Services",37.76,+0.05%,4,Hold,"80% Buy",+37.18,+38.47%,35.96,37.75,32.79,37.72,52.62,21.22,17.02,1024271,Weakening,Good,71.27%,1.29,37.52,37.93,59%
WERN,"Werner Enterprise","Transportation - Truck",38.89,-2.34%,6,Sell,"24% Buy",+36.46,+37.08%,39.67,40.41,37.01,38.55,49.62,19.83,18.04,1104799,Weakest,Weak,78.61%,0.73,37.23,39.86,63%
KINS,"Kingstone Cos Inc","Insurance - Proprty & Casualty",19.34,-1.48%,4,Sell,"40% Buy",+36.02,+46.40%,18.02,19.87,17.22,19.81,44.26,29.15,3.36,126548,Weakest,Good,30.62%,0.91,19.35,20.27,-1%
WASH,"Washington TR Bncorp","Banks - Northeast",39.36,-1.06%,6,Buy,"88% Buy",+35.86,+32.21%,35.73,38.44,35.25,39.65,51.16,14.96,21.65,161654,Weakening,Strong,64.25%,1.06,38.8,40.5,33%
RBCAA,"Republic Bancorp Inc","Banks - Southeast",96.26,-0.16%,3,Hold,"96% Buy",+35.80,+26.73%,87.44,94.57,81.93,95.5,53.76,9.48,27.98,74809,Weakening,Strong,75.85%,1.32,92.75,98.26,64%
SABS,"Sab Biotherapeutics Inc","Medical - Biomedical",3.48,-4.13%,4,Hold,"48% Sell",+35.66,+63.38%,3.7,3.72,3.78,3.74,37.62,46.13,-18.5,582503,Average,Weak,13.46%,0.49,3.55,3.93,-20%
WAT,"Waters Corp","Medical Instruments",404.81,+0.47%,6,Buy,"88% Buy",+35.64,+34.70%,369.52,392.99,351.45,411.03,50.15,17.45,-4.97,922317,Average,Strong,32.10%,0.96,401.05,421.02,19%
ODC,"Oil-Dri Corp of America","Chemical - Diversified",85.84,-0.16%,3,Sell,"24% Buy",+35.59,+31.72%,88.48,95.26,80.8,90.16,34.07,14.47,63.85,89925,Weakest,Weak,7.58%,1.06,86.2,94.12,-5%
CQP,"Cheniere Energy Partners LP","Other Alt Energy",69.91,+2.67%,9,Buy,"100% Buy",+35.58,+30.77%,64.34,65.99,63.74,68.76,57.23,13.52,19.17,115466,Strongest,Strong,43.42%,1.23,66.81,70.7,80%
TRV,"The Travelers Companies","Insurance - Proprty & Casualty",366.85,+0.33%,1,Hold,"80% Buy",+35.57,+34.11%,334.14,364.61,322.67,367.8,49.52,16.86,14.92,1646544,Average,Strong,47.52%,0.85,361.66,373.94,42%
USCB,"Uscb Financial Hldgs Inc","Banks - Southeast",22.87,-1.12%,6,Buy,"100% Buy",+35.53,+30.76%,20.3,21.73,19.9,22.59,58.4,13.51,12.61,53621,Average,Maximum,65.69%,1.17,21.93,23.24,72%
LXP,"Lxp Industrial Trust","REIT - Equity Trust Resident",60.78,+0.02%,8,Buy,"88% Buy",+35.40,+34.17%,55.74,59.43,53.3,60.8,60.61,16.92,11.04,621084,Average,Strong,30.09%,2.13,60.5,61.1,46%
PEBK,"Peoples Bancorp NC","Banks - Southeast",43.43,+0.39%,5,Buy,"88% Buy",+35.35,+37.87%,42.46,43.33,41.29,43.98,48.37,20.62,8.42,28215,Weakening,Average,31.19%,0.81,42.82,45.14,26%
RES,"RPC Inc","Oil - Field Services",6.58,+0.92%,9,Buy,"40% Buy",+35.27,+43.36%,6.51,6,6.47,6.39,62.36,26.11,9.41,1979225,Strengthening,Minimum,78.55%,1.07,6.12,6.67,84%
GM,"General Motors Company","Auto - Domestic",83.76,-2.37%,2,Hold,"80% Buy",+35.26,+44.39%,81.38,83.6,80.05,86,43.84,27.14,-8.55,7798367,Weakening,Soft,44.19%,1.23,83.7,88.3,1%
MSM,"Msc Industrial Direct Company","Industrial Services",119.43,-0.79%,3,Sell,"40% Buy",+35.22,+29.98%,115.44,122.16,107.72,120.15,47.54,12.73,30.46,692476,Weakest,Average,57.34%,0.85,115.93,124.38,41%
HTLD,"Heartland Express","Transportation - Truck",12.23,-0.73%,3,Sell,"24% Sell",+35.04,+40.74%,13.74,13.38,12.73,12.43,43.19,23.49,23.89,591117,Weakening,Minimum,47.15%,0.94,11.94,12.93,29%
FUSB,"First US Bancshares Inc","Banks - Southeast",16.7,+1.40%,2,Sell,"72% Buy",+34.96,+43.81%,16.31,16.54,15.95,16.47,56.86,26.56,7.99,9769,Average,Average,68.13%,0.16,16.26,16.69,102%
FCAP,"First Capital Inc","Finance - Savings & Loan",63.25,+0.41%,3,Buy,"100% Buy",+34.91,+46.55%,60.84,62.99,57.66,63.15,50.79,29.3,-4.71,9960,Weakening,Average,73.36%,1.19,60.59,65.71,52%
FNLC,"First Bancorp Inc","Banks - Northeast",34.99,+1.19%,3,Sell,"88% Buy",+34.88,+30.03%,32.25,34.76,30.96,34.88,52.78,12.78,20.79,24347,Weakening,Strong,55.95%,1.05,33.94,35.82,56%
LITB,"Lightinthebox Holding Ltd ADR","Internet Services - Delivery",3.1,-1.59%,4,Sell,"64% Buy",+34.83,+75.14%,2.96,3.1,2.8,3.07,50.18,57.89,26.84,10905,Weakest,Average,65.97%,0.35,2.89,3.25,58%
DAN,"Dana Inc","Auto - Truck Original Parts",30.45,-2.68%,6,Buy,"8% Sell",+34.78,+48.18%,31.3,28.55,32.03,30.6,52.31,30.93,16.61,1547625,Weakening,Minimum,67.90%,0.79,29.24,31.95,45%
LEE,"Lee Enterprises Inc","Publishing - Newspapers",7.57,-1.43%,3,Sell,"40% Sell",+34.74,+78.54%,8.65,8.14,8.5,8.14,39.33,61.29,46.49,65813,Strengthening,Minimum,22.12%,0.98,7.65,8.62,-8%
SOBO,"South Bow Corp","Oil - Production & Pipeline",37.25,-1.43%,8,Buy,"88% Buy",+34.16,+34.57%,36.3,36.93,34.99,37.34,50.28,17.32,24.05,889395,Average,Good,37.02%,1.31,36.41,38.28,45%
PRSU,"Pursuit Attractions and Hospitality Inc","Leisure & Recreation Services",48.06,+0.67%,9,Sell,"40% Buy",+33.99,+33.09%,47.65,50.51,44.19,48.25,45.66,15.84,31.15,243844,Weakening,Soft,25.00%,0.88,46.61,49.9,44%
VG,"Venture Global Inc Cl A","Oil - US Exploration & Product",15.29,+3.80%,7,Buy,"100% Buy",+33.90,+15.05%,12.97,13.5,12.78,14.32,61.36,-2.2,112.64,17552291,Strongest,Good,70.26%,1.3,13.44,15.19,105%
BKR,"Baker Hughes Company","Oil - Field Services",63.64,-0.44%,6,Buy,"72% Buy",+33.84,+40.02%,62,60.25,61.65,63.42,56.28,22.77,28.2,8605925,Weakening,Soft,60.81%,0.85,61.42,65.41,56%
CCNE,"Cnb Financial Corp","Banks - Northeast",34.15,-0.87%,6,Hold,"48% Buy",+33.79,+31.85%,32.76,34.32,31.48,34.24,48.84,14.6,18.94,155101,Weakest,Good,63.53%,0.96,33.31,35.18,45%
DCOM,"Dime Commercial Bancshares Inc","Banks - Southeast",40.39,-0.86%,4,Buy,"72% Buy",+33.72,+32.91%,38.95,40.42,37.28,40.54,49.06,15.66,22.68,296624,Weakest,Strong,67.60%,0.7,39.72,41.36,41%
PAG,"Penske Automotive Group","Retail - Wsale Auto & Trucks",218.31,+0.67%,8,Hold,"96% Buy",+33.46,+17.43%,189.78,209.56,178.44,217.9,56.97,0.18,26.37,312129,Strengthening,Strong,51.87%,0.79,215.65,220.15,59%
FBLA,"Fb Bancorp Inc","Banks - Southeast",15.88,-0.50%,7,Buy,"100% Buy",+33.36,+32.44%,14.86,15.52,14.4,15.75,57.63,15.19,12.03,113798,Average,Maximum,86.67%,0.91,15.49,16,76%
XPEL,"Xpel Technologies","Auto - Truck Original Parts",48.79,-2.26%,4,Buy,"72% Buy",+33.34,+31.05%,46.47,47.49,45.97,50.09,48.67,13.8,-13.79,249732,Weakening,Weak,54.87%,0.88,48.42,51.76,11%
AIZ,"Assurant Inc","Insurance - Multi Line",280.44,-0.20%,3,Buy,"72% Buy",+33.33,+32.85%,264.63,281.25,250.57,283.2,46.92,15.6,4.89,382336,Weakest,Strong,53.97%,0.73,277.51,288.9,26%
ASTH,"Astrana Health Inc","Medical - Outpatient & Hm Care",38.06,-0.10%,4,Sell,"8% Buy",+33.32,+25.78%,39.1,40.59,33.93,38.46,47.41,8.53,41.86,531148,Weakest,Weak,40.32%,0.37,36.51,40.41,40%
FRAF,"Franklin Finl Svcs Corp","Banks - Northeast",62.77,-0.55%,5,Hold,"72% Buy",+33.26,+32.15%,60.53,62.77,57.42,62.76,50.59,14.9,13.49,41165,Weakest,Good,73.60%,1.18,60.91,64.62,50%
BSRR,"Sierra Bancorp","Banks - West",40.37,-0.79%,4,Hold,"64% Buy",+33.13,+34.57%,39.45,40.73,38.03,40.2,50.51,17.32,11.98,59992,Weakest,Average,73.14%,0.78,39.05,41.36,57%
ITRN,"Ituran Location","Protection - Safety",51.32,-0.91%,2,Sell,"72% Sell",+32.98,+48.37%,57.49,54.13,54.85,51.72,41.81,31.12,7.77,128984,Strengthening,Soft,59.75%,0.59,49.69,53.74,40%
LXFR,"Luxfer Holdings Plc","Machinery - General Industrial",17.25,-0.29%,10,Buy,"100% Buy",+32.74,+30.09%,16.65,17.1,15.52,17.16,56.6,12.84,15.94,205917,Average,Good,74.85%,2.77,17.04,17.27,90%
CMP,"Compass Minerals Intl Inc","Chemical - Diversified",25.63,-0.62%,2,Sell,"24% Sell",+32.62,+39.29%,28.39,27.7,26.81,25.31,46.91,22.04,18.95,553445,Weakening,Weak,61.35%,1.13,23.96,26.66,62%
HURC,"Hurco Cos Inc","Machinery - Tools & Related",22.56,+0.76%,7,Hold,"96% Buy",+32.47,+28.91%,20.25,22.1,18.91,22.41,53.11,11.66,34.47,28954,Average,Strong,50.18%,0.75,21.28,23.55,56%
TSBK,"Timberland Bancorp","Finance - Savings & Loan",46.47,+0.85%,7,Buy,"100% Buy",+32.37,+34.04%,43.15,45.03,41.88,46.11,56.99,16.79,18.25,30012,Strengthening,Maximum,43.13%,0.97,45.34,46.88,74%
OKE,"Oneok Inc","Oil Gas Prod Pipeline MLP",95.82,-1.73%,8,Buy,"100% Buy",+32.17,+33.38%,90.2,91.99,88.93,94.89,56.57,16.13,18.82,4261792,Strengthening,Strong,58.77%,1.18,91.88,97.9,66%
IRON,"Disc Medicine Inc","Medical - Biomedical",76.51,-0.43%,5,Sell,"40% Buy",+32.01,+26.80%,73.37,77.81,70.7,79.83,41.87,9.55,-15.2,579989,Weakest,Weak,30.29%,1.58,76.68,82.98,-3%
ACT,"Enact Holdings Inc","Insurance - Multi Line",49.55,+0.51%,6,Buy,"100% Buy",+31.96,+28.94%,45.3,47.7,44.1,49.33,59.31,11.69,13.45,319272,Strengthening,Maximum,54.97%,0.88,48.39,50.27,62%
SXT,"Sensient Technologies Corp","Chemical - Specialty",133.07,-0.64%,9,Buy,"88% Buy",+31.95,+19.55%,120.65,126.27,111.26,134.08,53.36,2.3,30.09,387810,Weakening,Strong,38.68%,0.47,129.84,138.32,38%
FXNC,"First Natl Corp Strasburg VA","Banks - Northeast",30.87,+0.49%,4,Buy,"88% Buy",+31.91,+31.70%,29.5,30.66,28.74,31.17,49.02,14.45,10.76,56976,Weakening,Strong,39.73%,0.76,30.13,32.21,36%
FCBC,"First Community Bksh","Banks - Southeast",47.29,-1.81%,5,Sell,"56% Buy",+31.71,+27.09%,45.17,47.32,43.7,48.88,40.9,9.84,28.65,77611,Weakest,Good,32.10%,1.69,47.82,49.93,-25%
WSBK,"Winchester Bancorp Inc","Banks - Northeast",12.96,-0.27%,3,Sell,"40% Buy",+31.70,+36.71%,12.93,13.02,12.87,12.99,45.18,19.46,12.47,9440,Weakest,Weak,22.10%,0.59,12.95,13.03,8%
HTO,"H2O America","Waste Removal Svcs",64.29,-0.80%,10,Buy,"100% Buy",+31.64,+29.30%,60.39,63.04,59.08,63.74,55.79,12.05,19.68,479405,Average,Strong,76.58%,0.75,62.63,64.85,75%
TACT,"Transact Tech Inc","Computers - Peripheral Equpt",5.4,+3.05%,3,Sell,"72% Buy",+31.56,+14.89%,4.68,5.19,4.26,5.07,58.76,-2.36,23.45,49512,Average,Strong,82.18%,0.97,4.74,5.4,100%
WES,"Western Midstream Partners LP","Oil Refining & Marketing MLP",49.29,-0.28%,6,Buy,"100% Buy",+31.51,+29.44%,45.33,47.13,44.05,48.72,59.77,12.19,13.23,1232929,Average,Maximum,76.26%,0.71,47.64,49.8,76%
CZNC,"Citizens Nrthn Corp","Banks - Northeast",25.74,-0.27%,4,Buy,"88% Buy",+31.44,+28.57%,23.29,24.76,23.12,25.76,56.24,11.32,16.07,56566,Weakening,Strong,70.93%,0.51,25.27,26.25,48%
NWFL,"Norwood Financial Corp","Banks - Northeast",34.42,+0.06%,6,Buy,"100% Buy",+31.33,+29.20%,31.83,33.18,31.22,34.19,57.5,11.95,11.16,31697,Average,Maximum,57.55%,0.83,33.52,34.87,67%
ENTA,"Enanta Pharmaceutica","Medical - Biomedical",13.24,-1.93%,4,Buy,"24% Sell",+31.30,+46.46%,13.44,13.54,13.49,13.59,45.49,29.21,-27.59,223428,Average,Minimum,35.18%,0.97,12.84,14.35,27%
FVR,"Frontview REIT Inc","REIT - Equity Trust Other",18.65,-1.53%,4,Sell,"24% Buy",+31.27,+39.18%,19.29,20.26,18.26,19.52,30.95,21.93,14.81,161227,Weakening,Weak,7.78%,0.92,18.77,20.27,-8%
OIS,"Oil States International","Oil Field Machinery & Equip",8.76,+0.69%,5,Buy,"40% Sell",+31.27,+58.70%,8.79,8.46,9.69,8.74,53.07,41.45,17.84,858282,Weakening,Weak,61.69%,0.89,8.31,9.17,52%
ALTO,"Alto Ingredients Inc","Consumer Prdts - Misc Discr",4.02,-2.07%,1,Sell,"40% Sell",+31.24,+246.55%,4.95,4.72,4.55,4.12,41.04,229.3,28.03,1893898,Average,Weak,38.18%,0.75,3.92,4.32,26%
LARK,"Landmark Bancorp Inc","Finance - Savings & Loan",32.4,-0.23%,5,Buy,"100% Buy",+31.17,+26.87%,29.9,31.52,28.75,32.06,59.97,9.62,12.18,9132,Strengthening,Maximum,88.06%,0.73,31.54,32.58,84%
BOW,"Bowhead Specialty Holdings Inc","Insurance - Proprty & Casualty",33.64,0.00%,6,Buy,"100% Buy",+31.16,+11.76%,29.42,32.38,27.52,33.58,61.37,-5.49,6.32,235411,Average,Maximum,40.02%,0.48,33.43,33.73,69%
ISTR,"Investar Holding","Banks - Southeast",30.5,-0.46%,4,Buy,"100% Buy",+31.16,+32.61%,29.34,30.04,28.95,30.45,52.66,15.36,2.6,133718,Weakening,Average,72.27%,0.51,29.71,31.19,54%
RMCO,"Royalty Management Holding Corp","Finance - Investment Mgmt",2.83,-0.98%,3,Buy,"24% Sell",+31.09,+52.25%,2.62,2.61,2.93,2.9,52.14,35,-19.9,32790,Weakening,Minimum,31.38%,0.79,2.68,3.12,35%
PCB,"Pcb Bancorp","Banks - Southwest",27.74,-0.11%,7,Sell,"40% Buy",+31.04,+28.43%,26.67,28.31,25.37,27.83,48.16,11.18,16.58,29465,Weakest,Average,49.55%,0.6,27.07,28.59,44%
AROW,"Arrow Financial Corp","Banks - Northeast",38.67,-1.07%,5,Sell,"56% Buy",+30.84,+33.85%,38.55,39.75,37.09,38.6,47.52,16.6,11.6,87887,Weakest,Soft,72.38%,0.88,37.47,39.73,53%
ACTG,"Acacia Res-Acacia","Business Services",4.56,0.00%,1,Sell,Hold,+30.68,+42.50%,4.66,4.55,4.62,4.55,50.44,25.25,10.38,255850,Bearish,,53.11%,0.59,4.42,4.68,54%
MYFW,"First Western Financial Inc","Banks - Midwest",30.74,-0.58%,7,Sell,"40% Buy",+30.57,+31.76%,30.39,31.87,28.67,31.15,44.2,14.51,3.11,40597,Weakest,Average,40.71%,1.47,30.32,31.98,25%
GS,"Goldman Sachs Group","Finance - Investment Brokers",1028.78,-0.75%,4,Sell,"40% Buy",+29.95,+34.67%,1018.75,1044.21,968.96,1032.96,48.27,17.42,5.49,2178974,Weakest,Soft,56.60%,0.87,1003.45,1062.47,43%
IBRX,"Immunitybio Inc","Medical - Biomedical",8.06,-2.77%,6,Buy,"100% Buy",+29.78,+213.62%,7.74,7.86,7.8,7.96,52.96,196.37,295.52,20362826,Weakening,Soft,52.56%,1.05,7.49,8.43,61%
LILA,"Liberty Latin America Cl A","Wireless National",8.65,-0.46%,2,Buy,"88% Buy",+29.72,+11.90%,7.88,8.11,7.93,8.54,55.73,-5.35,5.5,466948,Average,Average,79.61%,0.56,8.24,8.84,68%
SVRA,"Savara Inc","Medical - Drugs",5.41,-2.08%,2,Sell,"40% Sell",+29.66,+41.75%,5.45,5.63,5.47,5.46,47.46,24.5,-21.75,1896891,Weakening,Weak,44.77%,0.68,5.22,5.7,41%
CACC,"Credit Acceptance","Finance - Consumer Loans",596.99,+0.54%,8,Sell,"56% Buy",+29.63,+15.08%,574.59,600.05,540.93,592.81,51.64,-2.17,23.07,162592,Weakening,Average,52.35%,0.75,571.46,614.15,60%
MBWM,"Mercantile Bank Corp","Banks - Midwest",60.33,-0.63%,5,Buy,"88% Buy",+29.61,+26.19%,56.1,59.53,54.73,60.53,50.71,8.94,13.88,114412,Weakest,Strong,67.10%,0.68,58.9,62.16,44%
GSBC,"Great Southern Bncp","Finance - Savings & Loan",78.8,-0.87%,4,Sell,"56% Buy",+29.52,+24.52%,75.26,79.3,71.32,79.39,46.88,7.27,16.46,84389,Weakest,Good,65.38%,0.58,77.39,81.4,35%
ALL,"Allstate Corp","Insurance - Proprty & Casualty",253.58,+0.05%,1,Hold,"64% Buy",+29.46,+26.71%,237.69,257.23,228.01,258.38,45.04,9.46,10.28,1652171,Weakest,Strong,24.55%,1,252.75,264.02,7%
DSP,"Viant Technology Inc","Technology Services",12.82,-4.90%,1,Buy,"96% Buy",+29.46,+26.18%,11.93,12.51,11.47,12.82,50.63,8.93,-5.07,242852,Weakening,Good,76.40%,0.9,12.02,13.62,50%
HPK,"Highpeak Energy Inc","Oil - US Exploration & Product",8.21,+0.74%,2,Buy,"100% Buy",+29.37,+15.63%,7.25,7.49,6.79,7.98,56.95,-1.62,61.66,793759,Strongest,Good,53.46%,0.68,7.38,8.58,69%
THG,"The Hanover Insurance Group","Insurance - Proprty & Casualty",223.9,-0.26%,5,Buy,"88% Buy",+29.34,+24.87%,206.85,222.14,196.21,225.3,48.5,7.62,10.95,310087,Weakest,Strong,52.74%,0.79,219.46,231.14,38%
ECBK,"ECB Bancorp Inc","Banks - Northeast",20.62,+1.03%,7,Hold,"80% Buy",+29.22,+22.08%,19.52,20.45,18.81,20.75,49.84,4.83,7.02,11217,Average,Strong,21.22%,1.41,20.28,21.22,36%
LILAK,"Liberty Latin America Cl C","Wireless National",8.63,-0.46%,6,Buy,"88% Buy",+29.11,+9.66%,7.9,8.04,7.98,8.47,57.54,-7.59,4.13,1100156,Strengthening,Average,81.78%,0.69,8.2,8.74,80%
CTKB,"Cytek Biosciences Inc","Medical - Biomedical",4.73,+2.38%,4,Buy,"72% Buy",+29.02,+20.36%,4.38,4.56,4.39,4.68,54.98,3.11,-17.89,1027628,Strengthening,Weak,65.82%,1.01,4.49,4.87,62%
UNIT,"Uniti Group Inc","Wireless National",10.04,-2.05%,7,Sell,"8% Sell",+28.96,+40.62%,10.91,10.32,10.13,9.99,48.91,23.37,31.67,2341718,Weakening,Minimum,67.55%,0.93,9.61,10.37,56%
SAIC,"Science Applications International","IT Services",126.2,-1.06%,6,Buy,"88% Buy",+28.88,+22.79%,111.33,120.7,105.46,126.94,53.63,5.54,13.82,593867,Weakening,Maximum,20.71%,0.82,124.87,129.01,32%
HSIC,"Henry Schein Inc","Medical - Dental Suppliers",87.97,-1.00%,5,Hold,"80% Buy",+28.87,+30.04%,82.05,87.59,80.34,89.56,46.24,12.79,4.84,1315203,Weakening,Strong,30.25%,0.64,88.01,91.11,-1%
ACCL,"Acco Group Holdings Limited",Consulting,3.1,+16.10%,3,Buy,"88% Buy",+28.82,N/A,1.97,2.43,1.8,2.87,66.11,N/A,2.84,429998,Strongest,Strong,43.38%,32.21,2.68,3.05,114%
INBK,"First Internet Bcp","Banks - Northeast",28.69,-0.14%,3,Buy,"100% Buy",+28.80,+18.90%,26.25,27.95,24.45,28.56,52.78,1.65,25.92,55195,Weakening,Strong,64.45%,1.26,27.2,29.93,55%
IFS,"Intercorp Financial Services Inc","Finance - Misc Services",54.63,-0.31%,1,Sell,"40% Buy",+28.79,+34.00%,53.25,57.23,51.71,54.79,42.7,16.75,17.42,264725,Weakest,Average,55.46%,0.81,53.62,55.95,43%
TNET,"Trinet Group Inc",Outsourcing,66.69,+1.18%,5,Hold,"80% Buy",+28.34,-2.30%,54.23,64.45,49.31,68.83,48.38,-19.55,1.24,438655,Average,Strong,32.74%,0.95,65.98,71.67,12%
MVBF,"Mvb Financial Corp","Banks - Northeast",30.64,+0.16%,5,Buy,"100% Buy",+28.29,+28.90%,28.29,29.91,27.67,30.5,54.34,11.65,7.07,50002,Average,Strong,74.85%,1.12,29.85,31.15,61%
SEZL,"Sezzle Inc","Financial Transaction Services",117.14,-1.02%,5,Sell,"8% Buy",+28.28,+26.30%,130.27,147.98,109.24,121.51,39.82,9.05,73,752010,Weakening,Weak,32.22%,0.78,113.52,129.5,23%
BVFL,"Bv Financial Inc MD","Banks - Northeast",21.43,0.00%,4,Hold,"96% Buy",+28.27,+29.25%,20.64,21.27,20.19,21.39,51.66,12,6.59,17543,Weakening,Good,67.71%,1.6,20.91,21.88,54%
IMTX,"Immatics NV","Medical - Biomedical",9.11,-3.50%,4,Sell,"100% Sell",+28.13,+57.34%,9.99,9.4,9.99,9.3,45.24,40.09,-24.79,483023,Strongest,Soft,65.10%,0.65,8.72,9.88,34%
BHB,"Bar Harbor Bankshares","Banks - Northeast",39.9,-0.37%,5,Buy,"100% Buy",+27.93,+25.91%,37.22,39.14,35.91,39.82,53.69,8.66,16.95,107409,Weakening,Maximum,66.40%,0.8,38.76,40.88,54%
AFRI,"Forafric Global Plc","Agriculture Operations",10.94,-2.23%,2,Buy,"100% Buy",+27.73,+31.97%,10.33,10.66,10.13,10.87,52.1,14.72,-12.37,16712,Strengthening,Average,37.05%,0.51,10.41,11.32,58%
HNVR,"Hanover Bancorp Inc","Banks - Northeast",27.26,+0.48%,3,Buy,"100% Buy",+27.49,+20.83%,24.55,25.94,23.62,27.14,57.48,3.58,6.41,32358,Strongest,Maximum,60.02%,0.45,26.6,27.68,61%
TFSL,"Tfs Financial Corp","Finance - Savings & Loan",17.04,-2.01%,8,Sell,"40% Buy",+27.40,+26.13%,16.79,17.8,15.95,17.54,36.6,8.88,15.8,813974,Weakest,Average,24.94%,0.82,17.15,17.93,-14%
CURB,"Curbline Properties Corp","REIT - Equity Trust Retail",29.31,-1.25%,4,Sell,"24% Buy",+27.31,+30.21%,29.55,30.26,28.59,29.79,40.17,12.96,14.73,1001948,Weakest,Weak,47.01%,0.96,29.22,30.36,8%
TKNO,"Alpha Teknova Inc","Medical - Biomedical",6.95,+1.09%,4,Buy,"88% Buy",+27.22,+63.65%,5.18,6.18,4.3,7.19,53.3,46.4,71.48,191874,Average,Maximum,20.36%,0.95,6.81,7.57,19%
ELV,"Elevance Health Inc","Medical Services",396.9,-1.25%,6,Buy,"88% Buy",+26.81,+25.96%,390.2,396.6,363.41,400.08,48.87,8.71,1.67,1636149,Weakening,Good,43.89%,0.98,389.57,410.59,35%
SIRI,"Siriusxm Holdings Inc","Broadcast - Radio & TV",28.54,-0.90%,3,Sell,"24% Buy",+26.71,+17.59%,28.6,29.69,26.51,28.64,46.2,0.34,31.19,4702461,Weakest,Soft,47.98%,0.92,27.67,29.61,45%
NECB,"Northeast Community Bancorp","Banks - Northeast",26.79,+0.19%,4,Buy,"88% Buy",+26.67,+24.60%,25.76,26.74,25.19,26.62,52.73,7.35,6.94,43981,Weakening,Strong,78.40%,0.88,26.04,27.21,64%
AA,"Alcoa Corp","Metal Products - Distribution",50.73,-1.95%,3,Buy,"40% Sell",+26.46,+62.23%,57.4,48.64,59.46,50.69,51.17,44.98,-16.09,6043803,Weakening,Average,45.01%,0.51,49.18,52.2,51%
GWW,"W.W. Grainger","Industrial Services",1278.83,-0.80%,8,Sell,"24% Buy",+26.35,+28.55%,1293.39,1336.66,1235.55,1309.77,41.19,11.3,15.19,281710,Weakening,Weak,37.39%,0.87,1282.4,1337.15,-7%
BCAL,"California Bancorp","Banks - Southwest",21.49,-1.10%,4,Buy,"100% Buy",+26.21,+24.72%,20.22,21.25,19.55,21.47,52.2,7.47,3.55,211650,Weakening,Strong,78.16%,0.77,21.01,21.93,52%
SLP,"Simulations Plus Inc","Computer - Software",18.42,0.00%,13,Buy,"100% Buy",+26.05,+30.08%,17.08,18.33,15.54,18.39,62.31,12.83,-10.51,368618,Weakening,Good,61.85%,0.56,18.32,18.46,72%
PBA,"Pembina Pipeline Cor","Oil - Production & Pipeline",49.21,+0.10%,7,Sell,"72% Buy",+25.93,+28.52%,47.83,48.88,46.62,48.76,54,11.27,17.75,1276535,Average,Average,54.70%,1.04,48.02,49.49,81%
MIRM,"Mirum Pharmaceuticals Inc","Medical - Biomedical",98.3,-1.24%,5,Sell,"8% Sell",+25.87,+26.53%,104.54,108.08,101.52,99.04,42.95,9.28,12.9,833345,Average,Minimum,51.73%,0.81,95.99,102.09,38%
TROO,"Troops Inc","Conglomerates - Div Operations",2.14,+1.90%,6,Buy,"40% Sell",+25.85,+109.80%,2.7,2.05,2.77,2.08,51.57,92.55,-44.67,352719,Weakening,Weak,60.07%,0.9,1.79,2.37,61%
OFG,"OFG Bancorp","Banks - Northeast",52.16,-0.74%,6,Buy,"88% Buy",+25.81,+18.79%,48.86,51.82,46.21,52.57,48.89,1.54,15.73,315345,Weakening,Strong,58.94%,0.77,51.34,53.8,33%
MRBK,"Meridian Bank","Banks - Northeast",19.64,-0.25%,5,Sell,"40% Buy",+25.69,+27.45%,19.25,19.81,19.36,19.65,50.1,10.2,0.17,104966,Weakest,Weak,39.73%,0.69,19.07,20.22,49%
TLYS,"Tilly's Inc","Retail - Apparel & Shoes",4.06,-2.64%,2,Buy,"40% Buy",+25.57,+100.99%,4.24,4,3.75,3.95,51.27,83.74,92.47,693435,Weakest,Weak,21.45%,0.86,3.56,4.34,65%
GOOGL,"Alphabet Cl A","Internet - Services",330.65,-2.28%,1,Sell,"40% Sell",+25.54,+37.98%,358.88,348.13,341.82,342,39.36,20.73,-5.91,32237531,Strengthening,Weak,23.71%,1.22,333.26,350.73,-15%
GLNG,"Golar Lng Ltd","Oil - International Integrated",51.94,+0.93%,3,Buy,"88% Buy",+25.35,+25.58%,51.68,50.67,50.54,51.83,53.33,8.33,28.04,1509396,Average,Average,47.76%,0.7,50.6,53.07,54%
OVBC,"Ohio Valley Banc Corp","Banks - Midwest",46.69,+0.27%,6,Buy,"72% Buy",+25.34,+27.53%,45.3,43.97,44.58,45.55,62.09,10.28,5.23,24169,Strengthening,Average,76.65%,0.71,44.02,47.08,87%
EBMT,"Eagle Bancorp [Mt]","Banks - Midwest",22.46,+0.49%,2,Sell,"8% Sell",+25.13,+28.86%,22.92,23.26,22.51,22.86,42.46,11.61,1.31,54445,Weakening,Minimum,43.15%,0.72,21.99,23.73,27%
HWBK,"Hawthorn Bancshares","Banks - Northeast",39.53,-0.10%,2,Buy,"100% Buy",+25.09,+25.45%,37.61,39.08,36.38,39.42,53.34,8.2,1.78,10429,Weakening,Strong,77.88%,1.03,38.6,40.25,56%
ZD,"Ziff Davis Inc","Internet - Software",55.32,-0.74%,5,Buy,"88% Buy",+24.87,+44.55%,49.64,53.96,45.85,55.56,52.65,27.3,45.83,748711,Weakest,Strong,31.03%,1.28,54.55,56.56,38%
MET,"Metlife Inc","Insurance - Multi Line",95.69,+0.20%,4,Buy,"88% Buy",+24.79,+20.68%,88.39,94.72,83.33,96.18,49.77,3.43,9.67,3638656,Average,Strong,49.32%,0.94,93.6,98.75,41%
MCBS,"Metrocity Bankshares Inc","Banks - Southeast",35.08,-0.85%,4,Sell,"40% Buy",+24.53,+20.01%,34.34,35.72,32.59,35.5,45.47,2.76,20.63,82005,Weakest,Average,53.24%,0.71,34.57,36.42,28%
SKWD,"Skyward Specialty Insurance Group Inc","Insurance - Proprty & Casualty",56.35,-0.32%,1,Sell,"40% Buy",+24.53,+15.83%,53.41,59.4,50.64,57.64,43.23,-1.42,-1.3,477168,Weakest,Average,52.33%,0.48,55.44,59.85,21%
MDGL,"Madrigal Pharmaceuticals Inc","Medical - Drugs",546.66,+2.34%,6,Sell,"72% Buy",+24.50,+21.82%,519.62,530.41,503.82,530.35,56.65,4.57,-17.68,335682,Strongest,Weak,75.00%,0.9,504,556.7,81%
GOOG,"Alphabet Cl C","Internet - Services",328.38,-2.09%,1,Sell,"40% Sell",+24.36,+36.86%,356.54,346.09,340.01,339.06,38.85,19.61,-6.9,21275100,Strengthening,Weak,25.57%,1.07,330.37,347.76,-11%
ACDC,"Profrac Holding Corp. Cl A","Oil - Field Services",5.48,+1.11%,4,Buy,"8% Sell",+24.05,+48.91%,5.87,4.83,5.85,5.04,60.08,31.66,29.32,1406776,Weakest,Weak,85.51%,0.54,4.49,5.59,90%
AWR,"American States Water Company","Utility - Water Supply",88.28,-0.45%,10,Hold,"80% Buy",+23.99,+19.95%,82.33,87.07,79.73,89.07,50.33,2.7,10.25,291488,Weakening,Strong,21.76%,0.62,87.52,90.62,25%
WRLD,"World Acceptance Corp","Finance - Consumer Loans",189.43,-1.34%,4,Sell,"56% Buy",+23.96,+10.04%,177.87,192.2,163.55,188.98,50.36,-7.21,23.38,125281,Weakest,Good,67.35%,0.5,182.15,195.81,53%
VTR,"Ventas Inc","REIT - Equity Trust Other",89.38,-0.55%,5,Sell,"40% Buy",+23.88,+30.94%,89.13,92.86,87.63,91.66,39.46,13.69,3.96,3525910,Weakest,Soft,7.60%,1.1,88.96,94.36,8%
CZR,"Caesars Entertainment Inc","Leisure & Recreation Services",29.67,+0.03%,1,Sell,"48% Buy",+23.57,+16.86%,29.15,29.85,27.68,29.67,47.18,-0.39,15.3,5681768,Weakest,Average,44.33%,0.53,29.59,29.75,49%
FCCO,"First Community Corp","Banks - Southeast",33.97,+0.03%,5,Buy,"100% Buy",+23.39,+21.58%,32.12,33.57,31.24,33.91,52.2,4.33,3.02,68855,Weakening,Strong,68.11%,1.14,32.96,34.85,53%
GCO,"Genesco Inc","Retail - Apparel & Shoes",34.33,-0.64%,1,Sell,"8% Sell",+23.36,+8.36%,35.73,35.5,33.15,34.39,47.03,-8.89,27.05,228031,Average,Weak,60.73%,1.07,32.65,36.12,48%
MCY,"Mercury General Corp","Insurance - Proprty & Casualty",101.06,-1.54%,1,Sell,"24% Buy",+23.24,+29.45%,103.08,106.38,98.8,104.2,40.72,12.2,-4.11,260123,Weakening,Minimum,34.91%,0.66,100.84,107.57,3%
NWL,"Newell Rubbermaid Inc","Consumer Prdts - Misc Staple",6,-5.36%,4,Buy,"88% Buy",+23.24,-3.54%,5.01,5.73,4.71,6.06,51.18,-20.79,49.74,7976475,Weakest,Strong,60.18%,0.85,5.79,6.34,38%
AM,"Antero Midstream Corp","Oil - US Integrated",22.84,-0.26%,9,Buy,"100% Buy",+23.10,+25.08%,21.97,22.31,22,22.41,58.67,7.83,16.84,2579826,Strengthening,Average,81.93%,1.1,21.91,22.91,93%
TBPH,"Theravance Bio Ord","Medical - Drugs",17.06,0.00%,10,Buy,"40% Buy",+23.09,+23.98%,16.76,16.95,16.7,17.01,60.95,6.73,-20.37,557830,Weakening,Minimum,39.43%,0.44,16.9,17.12,73%
ESP,"Espey Mfg. & Electronics","Electronics - Military",62.11,-1.55%,4,Buy,"56% Buy",+23.02,+26.19%,62.74,61.37,60.95,63.3,48.58,8.94,20.23,31637,Weakest,Weak,33.49%,0.83,61.22,65.37,21%
CPF,"Central Pacific Financial Company","Banks - West",37.38,-0.82%,4,Sell,"40% Buy",+22.86,+21.64%,36.72,38.45,35.35,37.83,43.72,4.39,8.41,158095,Weakest,Average,61.88%,0.74,36.76,38.89,29%
NTLA,"Intellia Thera CS","Medical - Biomedical",12.21,-4.16%,4,Buy,"48% Sell",+22.72,+2.78%,13.36,12.75,13.29,12.59,45.79,-14.47,24.27,4959368,Strengthening,Weak,33.50%,1.31,11.6,13.58,31%
CTW,"Ctw Cl A",Gaming,2.31,-4.15%,4,Sell,"16% Buy",+22.57,+17.86%,2.53,2.53,2.31,2.61,37.49,0.61,21.98,35456,Weakening,Weak,13.04%,1.02,2.29,2.93,3%
CWBC,"Community West Bank","Finance - Misc Services",26.01,-1.18%,9,Hold,"48% Buy",+22.41,+23.74%,25.31,26.2,24.72,26.05,49.82,6.49,4.05,234617,Weakest,Average,64.45%,0.64,25.63,26.46,46%
MNSB,"Mainstreet Bank","Banks - Northeast",25.44,-0.66%,8,Buy,"100% Buy",+22.18,+16.06%,24,24.39,23.44,25.08,58.63,-1.19,13.4,46461,Average,Strong,78.35%,0.7,24.54,25.62,84%
LCNB,"Lcnb Corp","Banks - Northeast",18.97,0.00%,6,Sell,"56% Buy",+22.06,+20.29%,17.95,19.25,17.53,19.47,44.75,3.04,4.19,30305,Weakest,Good,26.15%,0.52,18.76,20.18,15%
VAL,"Valaris Ltd","Oil & Gas - Drilling",84.96,-0.64%,6,Buy,"8% Buy",+22.06,+65.97%,86.88,81.09,88.64,86.69,49.57,48.72,57.02,1181943,Weakest,Minimum,25.62%,1.77,82.81,90.57,28%
ORRF,"Orrstown Finl Svcs","Banks - Northeast",42.05,-0.43%,4,Hold,"80% Buy",+21.78,+20.38%,39.83,42.04,38.75,42.37,48.55,3.13,7.17,184783,Weakest,Strong,63.83%,0.71,41.14,43.6,37%
PINE,"Alpine Income Property Trust Inc","REIT - Equity Trust Other",18.93,-2.57%,2,Sell,"24% Sell",+21.52,+24.62%,19.8,20.11,19.59,19.58,33.2,7.37,1.67,170952,Average,Minimum,27.62%,2.34,19.19,19.97,-34%
VMI,"Valmont Industries","Steel - Pipe & Tube",480.8,-0.57%,3,Sell,"24% Sell",+21.30,+29.24%,511.27,502.15,484.94,481.85,46.86,11.99,7.96,190105,Weakening,Minimum,63.44%,0.73,462.19,501.51,47%
WYHG,"Wing Yip Food Holdings Group ADR","Food - Meat Products",4.98,-15.31%,1,Buy,"88% Buy",+21.24,+4.62%,4.04,4.59,3.3,5.03,51,-12.63,114.81,654934,Strengthening,Average,35.57%,0.17,3.8,6.26,48%
MOH,"Molina Healthcare Inc","Medical - HMO",194.13,-1.11%,5,Sell,"24% Buy",+20.99,+6.94%,198.88,209.42,180.52,201.36,40.68,-10.31,0.31,1412219,Weakest,Weak,25.32%,0.72,193.55,209.17,4%
IOSP,"Innospec Inc","Chemical - Diversified",93.57,+0.21%,7,Buy,"88% Buy",+20.95,+11.99%,84.38,88.69,81.61,93.92,56.55,-5.26,10.7,214471,Average,Maximum,37.50%,0.8,92.32,95.51,39%
KMT,"Kennametal Inc","Machinery - Tools & Related",29.64,-2.72%,1,Sell,"100% Sell",+20.87,+40.81%,34.29,32.45,35.63,30.11,42.07,23.56,-7.22,1314411,Strongest,Average,63.43%,1.09,28.65,31.56,34%
CBZ,"Cbiz Inc",Consulting,54.61,-0.07%,6,Buy,"88% Buy",+20.76,-5.31%,40.16,48.62,36.33,54.66,70.75,-22.56,-3.3,1088106,Weakening,Strong,40.44%,1.7,54.35,54.98,42%
SD,"Sandridge Energy Inc","Oil - US Integrated",14.7,+0.68%,5,Buy,"24% Sell",+20.74,+29.17%,14.36,13.87,15.11,14.23,61.83,11.92,-9.68,349707,Weakest,Minimum,84.81%,1.01,13.78,14.68,103%
FENC,"Fennec Pharmaceuticals Inc","Medical - Biomedical",11.65,-6.43%,3,Buy,"88% Buy",+20.73,+26.36%,9.79,11.05,9.01,11.94,49.81,9.11,39.75,209454,Weakening,Strong,67.19%,1.65,11.22,12.67,30%
CDRO,"Codere Online Luxembourg S.A.",Gaming,9.18,0.00%,6,Sell,"16% Buy",+20.69,+12.64%,9.27,9.18,8.91,9.02,55.34,-4.61,2.77,24420,Weakest,Weak,81.14%,0.34,8.73,9.3,78%
INGM,"Ingram Micro Holding Corp","Technology Services",26.26,-7.47%,5,Sell,"16% Sell",+20.61,+28.47%,28.38,28.38,26.62,28.1,37.05,11.22,11.51,1093334,Weakening,Minimum,43.04%,6.96,26.62,29.58,-12%
AIRG,"Airgain Inc","Communications Components",5.28,-3.47%,3,Sell,"72% Sell",+20.51,+25.27%,6.24,5.65,5.82,5.29,45.81,8.02,18.5,74906,Average,Weak,57.44%,0.37,5.03,5.55,48%
VABK,"Virginia Natl Bnk","Banks - Northeast",47.53,+1.02%,2,Buy,"100% Buy",+20.37,+16.27%,44.56,46.09,42.93,46.74,61.18,-0.98,7.72,7741,Strongest,Maximum,70.57%,0.89,46,47.48,103%
ESEA,"Euroseas Ltd","Transportation - Ship",73.63,-1.31%,4,Buy,"72% Buy",+20.31,+18.43%,71.41,73.92,68.99,75.5,44.28,1.18,23.3,57361,Weakening,Good,31.56%,0.68,72.7,78.29,17%
HYNE,"Hoyne Bancorp Inc","Banks - Northeast",16.56,0.00%,6,Buy,N/A,+20.29,N/A,16.26,16.51,15.73,16.52,52.94,N/A,2.74,N/A,N/A,N/A,61.36%,0.98,16.29,16.74,59%
WABC,"Westamerica Bancorp","Banks - West",58.27,-0.31%,4,Sell,"40% Buy",+20.28,+19.21%,57.54,59.32,55.6,58.7,44.28,1.96,10.28,174607,Weakest,Average,71.98%,0.96,57.41,59.99,33%
RYAM,"Rayonier Advanced Materials Inc","Paper & Related Products",8.49,-0.59%,1,Buy,Hold,+20.25,+42.21%,8.62,8.32,8.99,8.49,49.33,24.96,32.59,950500,Falling,,47.35%,0.8,8.25,8.73,50%
TYRA,"Tyra Biosciences Inc","Medical - Biomedical",22.01,-17.66%,3,Sell,"88% Sell",+20.25,+86.21%,30.52,28.74,31.86,25.71,34.88,68.96,-27.83,860514,Strongest,Strong,53.78%,8.42,23.27,28.15,-26%
ACNT,"Ascent Industries Co.","Machinery - General Industrial",15.09,+0.60%,4,Hold,"32% Buy",+20.10,+21.60%,14.65,15.23,14.67,15.15,48.08,4.35,-18.34,80743,Weakest,Minimum,38.93%,0.55,14.64,15.65,45%
EIG,"Employers Holdings Inc","Insurance - Accident & Health",49.04,-0.24%,6,Sell,"56% Buy",+20.10,+16.65%,46.92,49.73,45.07,48.83,48.72,-0.6,2.05,252057,Weakest,Good,62.35%,0.79,47.74,49.92,60%
OVLY,"Oak Valley Bancp CA","Banks - West",34.78,+1.44%,6,Buy,"100% Buy",+19.97,+19.93%,33.71,33.77,33.42,34.19,57.91,2.68,4.15,29845,Strongest,Average,59.97%,0.91,33.52,34.87,93%
IDT,"IDT Corp","Diversified Comm Services",67.97,-0.57%,12,Buy,"100% Buy",+19.84,+3.91%,59.34,65.19,56.01,67.88,56.17,-13.34,21.18,172305,Average,Maximum,63.99%,1.25,65.67,70.09,52%
KFY,"Korn/Ferry International",Staffing,81.13,-1.11%,6,Sell,"72% Buy",+19.76,+11.24%,74.48,80.36,70.62,84.26,42.87,-6.01,11.34,510996,Weakening,Strong,33.32%,2.05,81.89,86.63,-16%
NVST,"Envista Holdings Corp","Medical Products",26.42,-1.45%,3,Sell,"56% Buy",+19.59,+26.96%,26.07,27.2,26.39,27.42,41.46,9.71,10.15,2776518,Weakest,Weak,14.23%,0.71,26.39,28.46,2%
GIC,"Global Industrial Co.","Industrial Services",39.51,-0.63%,2,Buy,"100% Buy",+19.56,+5.30%,34.18,36.85,33.45,39.23,60.62,-11.95,23.67,107247,Strengthening,Maximum,70.04%,1.34,38.5,39.97,69%
CCBG,"Capital City Bank Gr","Banks - Southeast",50.52,-0.30%,4,Sell,"56% Buy",+19.49,+17.73%,48.74,51.08,46.96,51.37,44.61,0.48,7.13,87600,Weakest,Good,43.49%,0.83,50.07,52.67,17%
LAD,"Lithia Motors","Retail - Wsale Auto & Trucks",367.72,-0.27%,4,Buy,"88% Buy",+19.47,+6.63%,321.31,354.72,306.17,371.85,49.96,-10.62,-0.9,299860,Average,Strong,49.22%,0.55,359.94,383.77,33%
NPCE,"Neuropace Inc","Medical Instruments",14.5,-1.76%,3,Sell,"88% Sell",+19.46,+45.44%,15.71,15.04,15.26,14.51,48.11,28.19,-17.64,202538,Strongest,Soft,58.15%,0.43,13.88,15.14,49%
COSO,"Coastalsouth Bancshares Inc","Banks - Southeast",27.4,-1.33%,1,Buy,"88% Buy",+19.40,+19.08%,26.58,27.24,25.97,27.53,49.27,1.83,6.3,94951,Weakest,Strong,64.69%,0.85,27,28.07,37%
HELE,"Helen of Troy Ltd","Cosmetics & Toiletries",27.32,-2.67%,4,Hold,"64% Buy",+19.26,+14.07%,26.77,28.39,23.38,28.77,42.86,-3.18,17.01,658929,Weakest,Average,23.67%,0.69,27.21,30.33,4%
CMCO,"Columbus Mckinnon","Machinery - Material Handling",17.62,-5.22%,1,Buy,"72% Buy",+19.13,+22.45%,15.93,16.99,16.34,18.15,47.78,5.2,-9.41,475199,Weakening,Weak,65.97%,0.68,16.87,19.42,29%
NATL,"NCR Atleos Corporation","Internet - Software",45.98,+1.10%,4,Sell,"40% Buy",+19.13,+16.55%,45.34,46.28,44.64,46.26,47.65,-0.7,9.1,755550,Weakening,Weak,31.99%,1.61,45.43,47.09,33%
NREF,"Nexpoint Real Estate Finance Inc","REIT - Mortgage Trusts",17.22,-1.82%,1,Buy,"88% Buy",+18.75,+12.70%,16.02,16.91,15.38,17.28,50.03,-4.55,10.75,56457,Average,Strong,53.06%,0.83,16.76,17.81,44%
NWE,"Northwestern Energy Group Inc","Utility - Electric Power",70.57,-1.69%,4,Sell,"8% Buy",+18.54,+24.57%,71.02,71.04,70.21,70.64,49.28,7.32,-2.21,511919,Weakening,Minimum,64.86%,0.66,69.23,72.05,48%
PTRN,"Pattern Group Inc Series A","Internet Commerce",19.65,-0.05%,4,Sell,"24% Buy",+18.53,N/A,20.68,23.64,17.67,20.9,37.38,N/A,58.73,1354494,Weakest,Weak,14.89%,0.8,19.24,22.55,12%
CRD.B,"Crawford Company Cl B","Building & Construction - Misc",11.91,+4.47%,2,Buy,"88% Buy",+18.53,+20.91%,10.62,11.17,10.45,12.07,52.43,3.66,-0.45,12375,Average,Maximum,37.29%,1.8,11.55,12.6,34%
JOYY,"Joyy Inc ADR","Internet - Services",73.71,-0.87%,3,Buy,"88% Buy",+18.51,+15.53%,67.63,72.75,65.31,74.13,49.33,-1.72,2.27,345091,Weakening,Strong,19.27%,0.6,72.68,75.57,36%
ARTV,"Artiva Biotherapeutics Inc","Medical - Biomedical",10.79,-0.83%,2,Hold,"80% Buy",+18.35,+288.13%,10.03,10.62,8.59,11.37,45.43,270.88,139.97,603720,Weakest,Good,29.14%,0.91,10.73,12.01,5%
CB,"Chubb Ltd","Insurance - Proprty & Casualty",337.62,+0.29%,1,Sell,"40% Buy",+18.23,+21.89%,336.53,347.72,334.1,341.71,43.92,4.64,-3.38,1741830,Weakest,Soft,21.99%,0.71,335.76,347.66,16%
MPLX,"Mplx LP","Oil - Production & Pipeline",60.23,+0.67%,5,Buy,"100% Buy",+18.16,+20.39%,57.08,58.34,57.16,59.18,61.68,3.14,1.3,1670340,Strongest,Strong,87.09%,0.82,58.16,60.2,102%
ENIC,"Enersis Chile S.A. ADR","Utility - Electric Power",4.49,-1.97%,5,Buy,"100% Buy",+18.15,+23.35%,4.43,4.44,4.33,4.45,52.69,6.1,0.14,610313,Strongest,Average,68.56%,0.9,4.29,4.61,62%
TCBX,"Third Coast Bancshares Inc","Banks - Southeast",44.9,-1.25%,6,Buy,"88% Buy",+18.06,+14.50%,40.95,43.25,40.58,45.24,52.46,-2.75,6.58,91738,Weakening,Strong,72.84%,0.59,44.11,46.37,35%
PLOW,"Douglas Dynamics","Auto - Truck Replacement Parts",41.03,-1.35%,1,Sell,"72% Sell",+17.77,+25.63%,45.03,43.76,44.35,41.68,42.11,8.38,14.12,231982,Strongest,Soft,57.85%,0.46,40.75,42.62,15%
SNDX,"Syndax Pharma","Medical - Biomedical",19.84,-0.50%,5,Sell,"88% Sell",+17.31,+24.54%,20.43,20.88,21.19,19.95,46.94,7.29,-17.12,1600729,Strongest,Weak,55.67%,0.81,19.05,20.85,44%
FSTR,"Foster L B Company","Steel - Producers",37.87,-0.37%,1,Sell,"24% Buy",+17.26,+41.84%,39.58,40.31,36.3,37.82,44,24.59,28.97,66524,Weakest,Weak,58.35%,0.72,36.8,38.85,52%
PLUS,"Eplus Inc","Business Software Services",88.29,-1.67%,3,Buy,"72% Buy",+17.23,+24.00%,86.07,88.38,83.91,87.79,49.67,6.75,-10.88,207697,Weakening,Weak,61.02%,0.65,84.6,90.97,58%
ACOG,"Alpha Cognition Inc","Medical - Biomedical",9.13,-4.10%,6,Buy,"88% Buy",+17.09,-6.65%,7.46,8.71,6.89,9.25,50.99,-23.9,28.91,77832,Average,Strong,47.71%,0.47,8.52,9.97,42%
NMIH,"Nmi Holdings Inc","Insurance - Proprty & Casualty",44.42,+0.09%,7,Hold,"80% Buy",+17.04,+12.51%,40.87,43.62,40.13,45.06,49.71,-4.74,-2.65,495315,Average,Strong,25.34%,1.05,44.12,46,16%
JMSB,"John Marshall Bk Fal","Banks - Southeast",22.96,-1.92%,3,Buy,"88% Buy",+16.95,+12.22%,22.03,22.76,21.39,23.03,49.8,-5.03,3.31,36522,Weakening,Strong,54.01%,3.7,22.55,23.51,43%
CRD.A,"Crawford Company Cl A","Business Services",12.79,+0.39%,2,Buy,"88% Buy",+16.89,+23.10%,11.39,12.13,11.03,13.12,49.93,5.85,2.14,62519,Average,Strong,42.89%,1.34,12.71,13.52,10%
STRW,"Strawberry Fields REIT Inc","REIT - Equity Trust Other",13.91,+1.46%,2,Sell,"72% Buy",+16.79,+18.89%,13.43,13.87,13.18,13.73,53.57,1.64,-5.37,31376,Strengthening,Average,68.44%,0.86,13.47,13.98,86%
BSM,"Black Stone Minerals LP","E&P MLP",14.9,+0.40%,10,Buy,"88% Buy",+16.74,+22.94%,14.18,14.5,14.43,14.74,56.19,5.69,0.56,398086,Strongest,Average,49.42%,0.71,14.36,15.13,71%
BKH,"Black Hills Corp","Utility - Electric Power",72.82,-1.85%,1,Sell,"24% Sell",+16.62,+24.16%,73.59,73.51,73.18,73.07,48.27,6.91,-6.65,956856,Average,Minimum,65.80%,0.87,71.64,74.49,41%
ARDT,"Ardent Health Inc","Medical Services",11.15,+3.72%,1,Buy,"100% Buy",+16.60,-17.28%,10.13,10.73,9.81,10.95,55.89,-34.53,14.72,466968,Strongest,Average,48.89%,1.21,10.55,11.34,76%
TRP,"TC Energy Corp","Other Alt Energy",63.44,-0.02%,4,Sell,"8% Sell",+16.50,+22.45%,66.2,65.52,65.09,62.84,48.44,5.2,3.77,2379140,Weakest,Minimum,64.14%,0.8,61.5,64.17,73%
DV,"Doubleverify Holdings Inc","Internet - Software",13.33,-0.15%,7,Buy,"100% Buy",+16.46,-9.87%,11.3,12.28,10.84,13.32,66.83,-27.12,4.97,2978239,Average,Strong,50.90%,0.72,13.26,13.39,54%
UNH,"Unitedhealth Group","Medical - HMO",393.06,-1.94%,1,Sell,"8% Buy",+16.39,+12.97%,397.83,410.66,360.34,396.06,44.02,-4.28,7.52,7456370,Weakening,Soft,62.63%,1.57,385.96,406.16,35%
LAMR,"Lamar Advertis A","REIT - Equity Trust Other",148.83,-0.74%,1,Sell,"24% Buy",+16.16,+16.33%,151.72,156.19,145.2,151.73,37.36,-0.92,6.03,574655,Weakening,Soft,29.83%,0.6,148.2,155.27,9%
XYZ,"Block Inc","Internet - Software",79.4,-0.87%,4,Hold,"64% Buy",+16.12,+5.15%,76.08,80.41,70.47,81.53,46.1,-12.1,10.43,6593327,Weakest,Strong,38.09%,0.87,77.82,85.24,21%
BHRB,"Burke Herbert Financial Services Corp","Finance - Misc Services",70.87,-1.02%,4,Sell,"56% Buy",+16.00,+13.25%,68.26,71.91,67.09,71.97,43.65,-4.,2.19,122115,Weakest,Good,45.23%,1.02,70.29,73.64,17%
CCEP,"Coca-Cola Europacific Partners Plc","Beverages - Soft",103.82,-2.56%,6,Hold,"64% Buy",+15.70,+13.53%,101.1,107.02,100.36,107.54,40.45,-3.72,2.92,1790417,Weakest,Good,8.97%,0.72,104.61,110.47,-13%
BH,"Biglari Holdings Inc","Retail - Restaurants",364.42,+1.63%,3,Sell,"24% Buy",+15.49,+16.81%,347.37,389.15,347.34,383.52,39.85,-0.44,-1.93,106387,Weakest,Soft,22.76%,1.78,365.96,401.08,-4%
APYX,"Apyx Medical Corp","Medical Products",3.05,0.00%,1,Sell,"88% Sell",+15.40,+48.06%,3.84,3.7,3.79,3.06,36.15,30.81,-24.41,134038,Average,Average,48.39%,0.65,2.99,3.14,42%
BH.A,"Biglari Holdings Inc Cl A","Retail - Restaurants",1808.74,+1.78%,3,Sell,"8% Buy",+15.33,+17.28%,1778.4,1954.99,1796.7,1932.68,37.73,0.03,-7.6,19001,Weakening,Weak,23.99%,0.78,1828.1,2037.27,-9%
SABR,"Sabre Corp","Internet Software Services",2.14,-5.31%,5,Buy,"88% Buy",+15.10,+20.90%,1.9,2,1.73,2.15,52.34,3.65,45.8,6753805,Strengthening,Good,61.20%,1.89,2.01,2.29,47%
IMMR,"Immersion Corp","Computers - Peripheral Equpt",7.44,-2.49%,2,Buy,"88% Buy",+15.06,+7.20%,6.83,7.24,6.57,7.57,48.53,-10.05,-2.14,525332,Weakening,Strong,45.94%,0.58,7.37,7.78,18%
BSET,"Bassett Furniture",Furniture,18.17,0.00%,1,Sell,"40% Buy",+15.05,+10.05%,17.26,19.62,16.41,18.89,39.26,-7.2,-3.14,36563,Weakest,Average,31.65%,0.44,18.15,19.63,2%
ARTNA,"Artesian Res Corp A","Utility - Water Supply",36.51,-0.49%,10,Buy,"100% Buy",+14.94,+10.20%,33.55,34.81,33.29,35.7,65.86,-7.05,3.95,43392,Strongest,"Top 1%",81.36%,0.91,34.81,36.58,96%
PDM,"Piedmont Realty Trust Inc","REIT - Equity Trust Other",9.57,+0.63%,7,Buy,"72% Buy",+14.88,+11.67%,9.05,9.6,8.48,9.62,48.74,-5.58,3.2,994458,Weakening,Strong,33.27%,1.24,9.34,9.9,41%
NODK,"Ni Holdings Inc","Insurance - Proprty & Casualty",15.16,+0.66%,1,Sell,"40% Buy",+14.87,+14.42%,14.84,15.51,14.28,15.22,46.04,-2.83,2.43,19240,Weakest,Average,24.27%,1.26,15,15.45,36%
GAIN,"Gladstone Investment","Finance - SBIC & Commercial",16.12,-0.74%,3,Hold,"64% Buy",+14.82,+13.76%,16.11,16.32,15.45,16.37,42.57,-3.49,3.84,254902,Weakest,Average,20.13%,1.3,16.16,16.59,-8%
MCB,"Metropolitan Bank Holding Corp","Banks - Northeast",90.21,-1.37%,4,Sell,"8% Sell",+14.76,+14.81%,92.62,94,90.57,91.93,42.13,-2.44,6.59,143295,Average,Minimum,58.74%,0.78,89.23,94.64,18%
IRS,"Irsa Inversiones Y Representaciones S.A. ADR","Real Estate Developers",15.46,+2.32%,8,Hold,Hold,+14.67,+23.68%,15.05,15.11,15.21,14.91,58.45,6.43,-18.08,167145,Falling,,69.32%,3.89,14.37,15.44,102%
MGYR,"Magyar Bancorp Inc","Banks - Northeast",19.19,-0.42%,6,Hold,"80% Buy",+14.48,+10.61%,18.08,18.68,17.93,19.44,49.4,-6.64,-0.5,4155,Weakening,Strong,49.33%,0.74,19.1,19.78,13%
UTL,"Unitil Corp","Utility - Electric Power",53.75,-0.44%,5,Sell,"40% Buy",+14.43,+19.47%,52.63,53.84,52.57,53.8,50.14,2.22,-0.59,126584,Weakest,Average,55.48%,0.88,53.09,54.51,47%
EGP,"Eastgroup Properties","REIT - Equity Trust Other",197.91,-1.16%,4,Sell,"8% Sell",+14.42,+20.00%,204.35,206.67,199.55,201,37.91,2.75,-0.45,379273,Weakening,Minimum,32.59%,1.09,196.97,205.02,12%
ETR,"Entergy Corp","Utility - Electric Power",107.17,-1.25%,4,Sell,"8% Sell",+14.34,+23.17%,111.07,109.98,109.53,107.07,47.41,5.92,4.4,2946497,Weakening,Minimum,64.92%,1.08,105.12,109.02,53%
COFS,"Choiceone Financial","Finance - Misc Services",33.58,-0.68%,4,Hold,"48% Buy",+14.31,+10.12%,32.56,33.74,31.3,33.67,48.88,-7.13,2.2,95022,Weakest,Good,71.00%,0.66,32.73,34.61,45%
GTY,"Getty Realty Corp","REIT - Equity Trust Other",32.76,+0.46%,4,Sell,"8% Sell",+13.90,+14.43%,33.48,33.82,33.2,32.93,43.87,-2.82,8.14,491335,Weakest,Minimum,34.00%,2.62,32.27,33.59,37%
INFU,"Infusystems Holdings","Medical Products",12.2,+2.61%,3,Buy,"100% Buy",+13.88,+17.08%,10.14,10.85,9.77,12.15,59.81,-0.17,24.46,156719,Strengthening,Strong,45.92%,1.23,11.9,12.4,60%
KRP,"Kimbell Royalty Partners","Oil - US Royalty Trusts",15.17,+0.40%,5,Buy,"88% Buy",+13.81,+11.38%,14.95,14.91,14.76,15.08,54.96,-5.87,17.45,788287,Strengthening,Average,34.76%,1.14,14.76,15.4,64%
MTG,"Mgic Investment Corp","Insurance - Multi Line",30.87,+0.68%,8,Hold,"80% Buy",+13.76,+9.27%,28.26,30,27.7,30.97,53.63,-7.98,-5.9,1933841,Strengthening,Strong,26.09%,0.77,30.52,31.43,39%
EBAY,"Ebay Inc","Internet Commerce",103.51,-1.03%,1,Sell,"8% Buy",+13.74,+11.96%,108.9,109.12,102.67,104.12,44.93,-5.29,7.29,4852509,Weakening,Minimum,38.66%,1.96,100.95,107.29,40%
ERIC,"Ericsson ADR","Wireless Equipment",10.06,-0.10%,4,Sell,"88% Sell",+13.74,+25.44%,11.16,10.2,11.25,10.13,46.77,8.19,-7.3,10238023,Strengthening,Average,36.05%,0.43,9.94,10.32,31%
UTMD,"Utah Medical Prod","Medical Products",69.72,+0.81%,4,Hold,"64% Buy",+13.54,+11.02%,68.54,70.49,67.28,71.29,44.95,-6.23,13.04,18487,Weakest,Good,25.49%,1.02,69.59,72.99,4%
PM,"Philip Morris International",Tobacco,185.71,+0.53%,4,Sell,"56% Buy",+13.51,+12.73%,182.23,188.06,178.99,188.53,46.16,-4.52,4.23,5160924,Weakening,Average,18.63%,0.83,182.4,194.67,27%
NP,"Neptune Insurance Holdings Inc Cl A","Insurance - Multi Line",31.62,-1.34%,7,Hold,"64% Buy",+13.49,N/A,29.79,32.22,27.31,32.76,43.77,N/A,-3.11,565852,Weakest,Strong,27.08%,0.58,30.74,34.78,22%
VKTX,"Viking Thera","Medical - Biomedical",32.7,-2.91%,3,Sell,"24% Sell",+13.42,+29.40%,33.44,35.2,33.2,33.72,44.37,12.15,-18.6,2485604,Average,Minimum,45.80%,1.02,32.08,35.35,19%
HNI,"Hon Industries Inc","Business Office Products",47.29,-1.95%,2,Buy,"72% Buy",+13.40,+3.68%,39.57,45.31,40.16,48.72,48.67,-13.57,0.94,727138,Weakening,Strong,60.67%,0.88,47.08,50.36,7%
CCEL,"Cryo-Cell Intl Inc","Medical Services",4.11,-3.52%,6,Buy,"88% Buy",+13.35,-8.44%,3.64,3.73,3.54,4.13,53.18,-25.69,7.93,14696,Strengthening,Good,34.40%,0.14,3.74,4.52,47%
SIGI,"Selective Ins Group","Insurance - Proprty & Casualty",90.12,-0.86%,1,Sell,"24% Buy",+13.31,+14.55%,91.14,94.59,87.69,92.02,39.15,-2.7,-3.84,530216,Weakening,Weak,47.36%,0.58,89.67,94.38,10%
STHO,"Star Holdings","Real Estate Operations",9.47,-0.42%,7,Hold,"80% Buy",+12.86,+7.49%,9.08,9.43,8.78,9.68,45.95,-9.76,3.52,30209,Weakest,Strong,51.44%,0.69,9.36,10,17%
UBCP,"United Bncp Inc","Banks - Midwest",15.81,+0.31%,1,Hold,"48% Buy",+12.61,+5.46%,15.73,15.69,15.5,15.68,51.98,-11.79,-1.38,8175,Weakening,Weak,58.13%,0.18,15.17,16.18,63%
CURR,"Currenc Group Inc",Unclassified,3.74,+3.60%,6,Hold,"96% Buy",+12.33,+121.30%,3.31,3.32,3,3.59,54.19,104.05,97.39,235579,Strongest,Good,29.66%,0.51,3.08,4.09,65%
HGTY,"Hagerty Inc","Insurance - Proprty & Casualty",13.26,-0.82%,3,Buy,"88% Buy",+12.27,+9.32%,11.58,12.56,11.41,13.17,56.07,-7.93,-12.89,146585,Average,Strong,56.07%,1.12,12.67,13.67,59%
FRT,"Federal Realty Investment Trust","REIT - Equity Trust Retail",115.16,-1.78%,3,Sell,"8% Buy",+12.25,+14.78%,119.27,120.53,115.08,117.29,34.2,-2.47,2.7,834232,Weakening,Minimum,30.04%,1.48,115.73,118.85,-18%
FR,"First Industrial Realty Trust","REIT - Equity Trust Other",60.97,-1.23%,4,Sell,"24% Sell",+12.15,+18.97%,63.2,64.09,62.18,62.47,32.77,1.72,-5.09,1022339,Strengthening,Minimum,23.96%,0.54,61.1,63.84,-5%
TPL,"Texas Pacific Land Trust","Other Alt Energy",374.06,-2.05%,4,Sell,"72% Sell",+12.15,+24.67%,393.45,386.72,420.36,367.35,50.16,7.42,18.68,447246,Weakening,Weak,38.95%,0.87,348.02,386.68,67%
ACCO,"Acco Brands Corp","Consumer Prdts - Misc Discr",4.26,-1.84%,5,Hold,"80% Buy",+12.02,+6.50%,4,4.2,3.85,4.28,49.5,-10.75,2.66,877063,Weakening,Strong,71.43%,1.27,4.17,4.4,40%
GLRE,"Greenlight Cap. Re.","Insurance - Proprty & Casualty",14.98,-0.66%,5,Sell,"72% Sell",+11.96,+18.98%,16.52,16.04,16.25,15.38,37.23,1.73,-8.81,171424,Strengthening,Weak,22.41%,1.12,15,15.76,-3%
KRG,"Kite Realty Group Trust","REIT - Equity Trust Retail",26.03,-0.19%,2,Sell,"8% Sell",+11.96,+14.47%,27.38,27.56,26.68,26.22,37.73,-2.78,-2.96,2102097,Weakening,Minimum,45.70%,1.06,25.82,26.61,26%
CBFV,"Cb Financial Svc","Banks - Northeast",37.31,-0.56%,2,Buy,"88% Buy",+11.89,+12.89%,36.39,37.2,35.96,37.46,49.51,-4.36,-4.52,5738,Weakest,Average,49.77%,0.83,37.08,37.83,31%
OSK,"Oshkosh Truck Corp","Auto - Domestic",152.04,-1.13%,2,Hold,"64% Buy",+11.83,+11.81%,144.56,150.34,148.89,153.79,48.9,-5.44,9.47,728956,Weakest,Weak,60.10%,0.49,148.13,159.46,35%
ESNT,"Essent Group Ltd","Insurance - Proprty & Casualty",68.57,+0.19%,4,Buy,"88% Buy",+11.74,+8.75%,63.75,67.01,62.58,68.87,52.83,-8.5,-6.07,709401,Average,Strong,58.08%,0.82,67.71,70.03,37%
IPAR,"Interparfums Inc","Consumer Prdts - Misc Discr",111.62,-1.23%,3,Sell,"40% Buy",+11.58,-3.74%,106.76,119.16,102.99,115.61,39.19,-20.99,20.03,272214,Weakest,Soft,34.09%,0.7,111.8,119.42,-2%
RNW,"Renew Energy Global Plc Cl A","Other Alt Energy",6.85,-0.15%,6,Buy,"100% Buy",+11.43,-10.46%,6.12,6.44,5.79,6.82,65.6,-27.71,9.69,1435520,Average,Good,80.00%,1.72,6.78,6.86,90%
JCTC,"Jewett-Cameron Trading Company Ltd","Building Prds Retail - Wsale",3.02,+3.08%,2,Buy,"100% Buy",+11.42,-17.62%,2.41,2.78,2.2,2.97,57.84,-34.87,22.45,25028,Strongest,Strong,30.20%,0.83,2.8,3.14,64%
CCEC,"Capital Clean Energy Carriers Corp","Transportation - Ship",22.6,+0.62%,6,Hold,"80% Buy",+11.24,+5.12%,21.83,22.51,21.51,22.65,50.14,-12.13,-3.26,9457,Average,Good,41.63%,0.42,22.4,22.9,40%
AMZN,"Amazon.com Inc","Internet Commerce",252.4,-1.78%,1,Buy,"40% Buy",+11.08,+5.94%,255.31,254.68,241.5,260.15,44.06,-11.31,-2.2,46533012,Weakest,Soft,28.23%,0.8,252.32,267.97,1%
DLX,"Deluxe Corp","Business Office Products",23.5,+0.21%,1,Sell,"88% Sell",+11.07,+22.14%,25.18,24.78,25.94,23.75,44.23,4.89,-6.31,437024,Strengthening,Soft,61.52%,1.04,22.95,24.55,35%
NWN,"Northwest Natural Gas Company","Utility - Gas Distribution",49.27,-1.38%,7,Sell,"56% Sell",+11.02,+19.38%,50.31,50.15,50.86,49.96,45.18,2.13,-6.14,273469,Average,Weak,27.99%,1.18,48.71,51.21,22%
DSGR,"Distribution Solutions Group Inc","Industrial Services",34.75,0.00%,2,Buy,"88% Buy",+10.96,+11.63%,30.22,33.06,29.22,34.78,67.87,-5.62,15.32,136122,Average,Strong,43.33%,0.46,34.63,34.93,40%
KMI,"Kinder Morgan Inc","Oil - Production & Pipeline",31.41,-1.78%,8,Hold,"32% Sell",+10.95,+17.91%,32.04,31.92,32.28,31.81,46.5,0.66,2.71,12056562,Average,Minimum,44.55%,1.21,30.76,32.87,31%
HSTM,"Healthstream Inc","Internet - Services",28.67,-0.17%,4,Buy,"88% Buy",+10.94,0.00%,26.26,28.53,24.44,28.92,48.73,-17.25,12.72,258533,Weakening,Strong,33.49%,1.15,28.02,29.81,36%
BNL,"Broadstone Net Lease Inc Cl A","REIT - Equity Trust Resident",20.71,-1.19%,6,Sell,"24% Buy",+10.93,+11.64%,20.89,21.46,20.33,21.08,41.37,-5.61,7.68,2163177,Weakest,Weak,28.25%,0.69,20.64,21.51,8%
MSA,"Msa Safety Inc","Protection - Safety",184.8,-2.08%,2,Hold,"64% Buy",+10.92,+9.49%,174.6,182.06,177.08,188.92,44.87,-7.76,3.85,264750,Weakening,Average,33.35%,1.13,185.74,192.11,-15%
SGU,"Star Gas Partners LP","Electronics Products - Misc",12.92,+0.78%,2,Buy,"72% Buy",+10.91,+11.57%,12.75,12.78,12.75,12.68,60.42,-5.68,-2.43,25231,Strengthening,Weak,78.84%,0.51,12.43,12.92,101%
ADSE,"Ads-Tec Energy Plc","Electronic Misc Services",11.6,+0.09%,3,Sell,"24% Sell",+10.79,+19.71%,11.72,11.89,11.51,11.62,47.82,2.46,-20.07,14868,Weakening,Minimum,56.11%,0.45,11.18,12.07,47%
DBRG,"Digitalbridge Group Inc","Finance - Investment Mgmt",15.92,0.00%,5,Buy,"88% Buy",+10.78,+41.76%,15.77,15.87,15.65,15.93,51.38,24.51,-7.77,4346922,Weakening,Weak,43.33%,0.55,15.89,15.98,37%
RMBI,"Richmond Mutual Bancorp Inc","Banks - Northeast",15.64,-2.31%,4,Sell,"56% Buy",+10.75,+5.82%,15.25,15.65,14.77,15.91,44.74,-11.43,-0.15,36894,Weakest,Strong,60.34%,1.3,15.68,16.15,-8%
VLGEA,"Village Super Mkt","Retail - Supermarket",42.66,-0.56%,3,Buy,"56% Buy",+10.60,+13.52%,43.13,43.21,42.32,43.28,44.49,-3.73,8.98,52146,Weakest,Weak,39.15%,0.81,42.25,44.32,20%
HTH,"Hilltop Holdings Inc","Banks - Southeast",38.34,-0.67%,5,Sell,"40% Buy",+10.51,+10.39%,38.24,38.81,37.86,38.76,45.53,-6.86,1.41,327570,Weakest,Weak,59.46%,1.19,37.78,39.74,29%
WHG,"Westwood Holdings Group Inc","Finance - Investment Mgmt",18.6,-0.37%,4,Sell,"40% Buy",+10.47,+7.39%,18.15,19.41,17.59,19.34,37.05,-9.86,-3.47,16625,Weakest,Average,27.45%,0.74,18.62,20.05,-2%
NVCR,"Novocure Ltd Ord Sh","Medical - Biomedical",15.63,-7.24%,4,Hold,"48% Buy",+10.39,+23.46%,16.43,16.83,14.87,17.44,39.23,6.21,9.33,1692969,Weakest,Soft,31.47%,0.66,16.31,18.57,-30%
SBH,"Sally Beauty Holdings","Retail - Misc & Diversified",16.04,-0.74%,2,Hold,"64% Buy",+10.32,+9.56%,14.52,15.66,14.62,16.44,47.76,-7.69,0.93,1531849,Weakening,Average,41.33%,0.85,16.08,16.8,-5%
CTRE,"Caretrust REIT Inc","REIT - Equity Trust Other",39.04,-0.71%,1,Sell,"8% Sell",+10.21,+15.16%,40,40.65,39.71,39.39,42.55,-2.09,-3.59,2443018,Weakening,Minimum,39.62%,1.14,38.65,40.13,26%
NBIX,"Neurocrine Bioscienc","Medical - Drugs",155.14,+0.01%,2,Sell,"24% Buy",+10.15,+7.61%,158.57,165.3,149.33,154.78,43.25,-9.64,-2.17,1163982,Weakest,Weak,40.82%,0.86,151.05,158.51,55%
TFX,"Teleflex Inc","Medical Instruments",135.72,-0.93%,10,Buy,"88% Buy",+10.07,+4.22%,132.55,135.49,126.16,137.73,46.63,-13.03,-0.34,758693,Weakening,Strong,38.80%,0.9,132.67,142.79,30%
NRXP,"Nrx Pharmaceuticals Inc","Medical - Drugs",3.37,-2.88%,4,Sell,"8% Buy",+10.05,+6.98%,3.58,3.66,3.05,3.46,45.12,-10.27,12.8,1017402,Weakening,Weak,34.55%,0.56,3.27,3.65,27%
SGC,"Superior Uniform Group","Textile - Apparel",12.39,+0.16%,1,Sell,"24% Buy",+10.04,+4.42%,12.57,12.84,11.8,12.58,46.19,-12.83,16.45,46965,Weakest,Weak,56.69%,0.84,11.9,13.25,36%
SBRA,"Sabra REIT","REIT - Equity Trust Other",20.79,-0.10%,3,Hold,"80% Buy",+9.90,+8.96%,20.21,20.65,20.17,20.59,52.19,-8.29,-1.78,2714225,Average,Average,57.89%,1.25,20.07,21.11,69%
F,"Ford Motor Company","Auto - Domestic",13.45,-3.93%,6,Hold,Hold,+9.79,+17.06%,13.95,14.1,13.52,14.05,40.84,-0.19,-9.03,56798180,Falling,,75.09%,1.43,13.5,14.6,-5%
MSEX,"Middlesex Water Company","Utility - Water Supply",57.77,-0.95%,6,Hold,"80% Buy",+9.77,+8.82%,54.87,57.3,54.2,58.42,48.67,-8.43,3.03,146680,Weakest,Strong,43.38%,0.61,57.6,59.24,10%
RDWR,"Radware Ltd","Internet - Software",28,+0.04%,4,Sell,"8% Buy",+9.64,+8.65%,28.43,28.87,27.4,28.33,47.72,-8.6,4.68,252015,Weakest,Weak,42.76%,0.74,26.86,29.79,39%
ACIW,"Aci Worldwide Inc","Computer - Software",51.96,-0.04%,5,Sell,"40% Buy",+9.51,+1.42%,49.25,54.68,46.43,52.61,43.93,-15.83,-2.87,860954,Weakest,Average,43.69%,0.85,51.06,54.16,29%
OHI,"Omega Healthcare Investors","REIT - Equity Trust Other",47.19,+0.34%,1,Sell,"24% Buy",+9.45,+10.18%,47.37,48.24,47.01,46.58,50.32,-7.07,-5.12,2027708,Weakening,Minimum,77.25%,1.32,45.75,47.42,86%
WTM,"White Mountains Insurance Group","Insurance - Proprty & Casualty",2050.8101,-0.08%,1,Sell,"56% Sell",+9.43,+14.27%,2127.3,2139.09,2152.7,2115.43,34.19,-2.98,-12.86,19421,Strengthening,Soft,15.27%,0.83,2064.57,2166.29,-14%
IBTA,"Ibotta Inc Cl A","Technology Services",39.13,+1.95%,4,Buy,"100% Buy",+9.41,+44.98%,33.67,33.82,31.07,37.58,60.84,27.73,60.6,278872,Strongest,Strong,72.43%,1.18,35.73,39.43,92%
CWT,"California Water Service Group Holding","Utility - Water Supply",49.43,-0.88%,4,Sell,"40% Buy",+9.34,+6.78%,47.54,50.18,46.78,50.08,44.93,-10.47,2.53,485179,Weakest,Good,33.15%,0.74,49.37,50.79,4%
WNEB,"Western New England Bancorp Inc","Banks - Foreign",13.55,-0.44%,4,Sell,"8% Sell",+9.27,+11.52%,13.81,13.96,13.63,13.79,43.83,-5.73,-4.18,56233,Average,Minimum,49.78%,0.93,13.51,14.07,7%
SFBC,"Sound Financial","Banks - West",47.67,-0.69%,5,Buy,"100% Buy",+9.18,+0.89%,44.29,46.18,43.97,47.2,57.91,-16.36,-2.29,8883,Strengthening,Maximum,74.45%,0.36,46.22,48.18,74%
FAF,"First American Corp","Insurance - Proprty & Casualty",71.47,+0.13%,6,Hold,"64% Buy",+9.01,+7.06%,70.21,72.8,68.24,73.21,43.75,-10.19,4.77,898351,Weakening,Good,15.72%,1.17,70.78,75.65,14%
FSUN,"Firstsun Capital Bancorp","Banks - Midwest",39.91,-1.87%,5,Buy,"88% Buy",+8.57,+3.85%,37.52,38.63,37.47,40.35,51.3,-13.4,-5.51,219529,Weakening,Strong,67.29%,1.14,39.47,41.23,25%
NL,"Nli Holdings Inc","Electronics - Misc Components",6.75,+2.58%,5,Buy,"96% Buy",+8.55,+11.57%,6.22,6.23,6.14,6.6,57.99,-5.68,11.85,51714,Strengthening,Average,57.78%,2.36,6.31,6.89,76%
MIAX,"Miami International Holdings Inc","Technology Services",42.89,-1.31%,1,Sell,"72% Sell",+8.37,+14.99%,44.23,43,43.06,42.78,49.69,-2.26,-14.91,1442769,Weakening,Weak,67.50%,0.86,40.69,44.87,53%
HESM,"Hess Midstream Partners LP","E&P MLP",40.57,-0.98%,3,Buy,"100% Buy",+8.36,-0.32%,39.09,39.78,38.87,39.87,56.26,-17.57,6.04,1540491,Strengthening,Good,73.82%,0.62,38.86,40.89,84%
OPRT,"Oportun Financial Corp","Finance - Misc Services",7.78,-2.63%,1,Buy,"100% Buy",+8.33,+16.82%,6.04,6.64,5.68,7.53,61.09,-0.43,35.52,490673,Strengthening,Maximum,83.02%,0.82,7.14,7.91,83%
HLF,"Herbalife Ltd","Retail - Drug Stores",12.63,+1.61%,8,Sell,"72% Sell",+8.25,+33.23%,12.92,12.37,14.04,12.24,54.37,15.98,-13.57,1707442,Weakest,Weak,76.56%,1.03,11.39,13.08,73%
GRCE,"Grace Therapeutics Inc","Medical - Biomedical",2.14,+0.94%,3,Sell,"96% Sell",+8.17,-34.36%,2.36,2.24,2.93,2.14,47.28,-51.61,-49.7,356824,Weakening,Good,38.07%,1.18,2.07,2.21,49%
OPBK,"Open Bank","Banks - Southwest",15.2,-0.13%,5,Sell,"56% Buy",+8.16,+4.04%,14.78,15.29,14.38,15.32,47.38,-13.21,-3.9,42233,Weakest,Good,53.42%,0.81,14.88,15.77,36%
BBDO,"Banco Bradesco S.A. ADR","Banks - Foreign",3.14,+0.96%,2,Sell,"72% Sell",+8.04,+13.77%,3.16,3.12,3.26,3.08,52.43,-3.48,-2.14,74015,Weakening,Soft,72.73%,0.97,2.94,3.22,71%
CPSS,"Consumer Portfol","Finance - Misc Services",9.2,+1.43%,5,Sell,"8% Sell",+8.00,+12.33%,9.42,9.32,8.99,9.29,48.33,-4.92,-12.94,21528,Weakest,Weak,75.64%,0.96,8.93,9.64,38%
TDC,"Teradata Corp","Computer - Storage Devices",27.86,+0.36%,8,Sell,"56% Sell",+8.00,+32.29%,30.62,29.89,29.79,27.94,45.65,15.04,-20.03,2273418,Weakening,Weak,41.61%,0.49,26.75,29.13,47%
IGIC,"International General Insurance Hldg Inc","Insurance - Multi Line",26.1,-0.34%,3,Sell,"24% Buy",+7.83,+8.80%,26.37,27.29,25.84,26.61,42.42,-8.45,-7.52,67383,Weakening,Weak,34.01%,0.38,26,27.22,8%
AKTS,"Aktis Oncology Inc","Medical - Drugs",24.06,-3.84%,8,Hold,N/A,+7.81,N/A,23.19,25.38,21.61,25.41,43,N/A,N/A,N/A,N/A,N/A,51.43%,1.05,23.3,27.53,18%
DTI,"Drilling Tools International Corp","Oil - Field Services",2.61,+0.77%,8,Buy,"32% Sell",+7.79,+33.85%,2.61,2.37,2.97,2.55,58.24,16.6,-5.02,284017,Weakest,Weak,74.84%,0.55,2.43,2.68,74%
GDYN,"Grid Dynamics Holdings Inc","IT Services",7.85,-0.51%,5,Buy,"56% Buy",+7.77,+0.90%,6.64,6.95,6.52,7.88,56.48,-16.35,-24.62,1688748,Weakening,Average,55.12%,0.62,7.59,8.17,45%
HCI,"HCI Group","Insurance - Proprty & Casualty",185.7,-0.21%,7,Buy,"100% Buy",+7.77,+6.26%,170.09,182.1,166.56,185.56,52.91,-10.99,-14.67,164788,Average,Strong,50.95%,0.75,181.57,189.55,52%
NTST,"Netstreit Corp","REIT - Equity Trust Other",20.04,-0.89%,5,Sell,"8% Sell",+7.74,+9.51%,20.72,21.08,20.44,20.47,38.6,-7.74,2.06,1578457,Weakening,Minimum,11.37%,0.54,20.09,20.86,-6%
APEI,"American Public Education",Schools,45.03,-0.73%,1,Sell,"72% Sell",+7.55,+31.86%,51.96,49.59,51.53,45.42,38.17,14.61,7.58,296475,Strengthening,Soft,47.08%,0.65,44.28,46.55,33%
ED,"Consolidated Edison Company","Utility - Electric Power",107.49,-0.72%,4,Sell,"24% Sell",+7.53,+10.84%,108.63,109.56,109.69,107.85,46.95,-6.41,-3.32,2241941,Weakening,Minimum,52.30%,0.77,106.37,109.33,38%
AVO,"Mission Produce Inc","Agriculture Operations",13.42,+4.27%,4,Buy,"72% Buy",+7.44,+2.60%,12.58,12.92,13,12.94,60.57,-14.65,4.14,956258,Strengthening,Weak,41.87%,2.08,12.46,13.42,100%
PAYO,"Payoneer Global Inc","Financial Transaction Services",7.11,-0.28%,5,Hold,"56% Buy",+7.38,+4.41%,6.35,7.12,5.89,7.12,51.53,-12.84,14.96,4800201,Weakest,Strong,56.67%,0.58,7.08,7.16,37%
FSBW,"FS Bancorp Inc","Banks - West",43.5,+0.97%,5,Buy,"88% Buy",+7.19,+4.17%,42.2,43.23,41.51,43.02,54.07,-13.08,-5.89,15192,Average,Strong,77.58%,1.35,42.04,44,74%
IVT,"Inventrust Pptys Corp","REIT - Equity Trust Other",32.33,-0.86%,4,Sell,"8% Sell",+6.99,+11.21%,33.7,34.3,32.8,32.88,34.04,-6.04,3.05,648805,Weakening,Minimum,23.01%,0.97,32.07,33.69,16%
PRTA,"Prothena Corp","Medical - Biomedical",9.3,-2.52%,7,Buy,"48% Sell",+6.98,+11.51%,9.4,9.05,9.4,9.3,51.09,-5.74,-14.17,533958,Average,Weak,72.85%,0.65,8.73,9.86,50%
BWMX,"Betterware DE Mexico Sapi DE Cv","Consumer Prdts - Misc Discr",15.51,+0.78%,3,Sell,"72% Sell",+6.96,+13.54%,17.16,16.92,17.35,15.95,37.56,-3.71,-2.4,83723,Average,Soft,29.70%,0.81,15.33,16.58,15%
AEBI,"Aebi Schmidt Holding Ag","Auto - Domestic",12.36,-0.72%,2,Sell,"40% Sell",+6.92,+5.01%,12.3,12.6,12.48,12.5,47.48,-12.24,-13.84,290125,Strengthening,Weak,67.62%,0.66,11.73,13.27,41%
ZDGE,"Zedge Inc Cl B","Internet - Content",2.93,-5.48%,5,Buy,"88% Sell",+6.77,-3.30%,3.06,2.99,3.06,2.95,47.2,-20.55,-22.22,366388,Strengthening,Weak,63.76%,1.69,2.83,3.06,42%
HMN,"Horace Mann Educators Corp","Insurance - Multi Line",49.44,-1.90%,2,Sell,"40% Buy",+6.72,+6.44%,49.33,51.87,47.26,51.11,38.1,-10.81,-4.49,248809,Weakest,Average,21.89%,1.3,49.79,52.43,-13%
IOT,"Samsara Inc Cl A","Internet - Software",38.65,-3.74%,6,Hold,"80% Buy",+6.54,+0.13%,34.65,37.94,32.94,39.69,48.81,-17.12,-2.52,6888842,Weakening,Good,35.50%,1.78,37.51,41.87,26%
AMX,"America Movil S.A.B. DE C.V. ADR","Wireless Non-US",23.1,+0.43%,3,Sell,"72% Sell",+6.53,+16.90%,25.47,24.63,25.14,23.35,36.42,-0.35,0.21,2093126,Weakening,Average,22.07%,1.31,22.76,23.94,29%
CIFR,"Cipher Digital Inc","Technology Services",16.9,-8.70%,4,Sell,"40% Sell",+6.47,+83.30%,20.68,19.14,18.83,16.56,48.02,66.05,2.95,29314438,Average,Weak,73.56%,1.35,14.31,18.82,57%
YHNA,"Yhn Acquisition I Limited",Unclassified,11.1,+0.45%,7,Buy,"100% Buy",+6.47,+6.02%,10.68,10.84,10.53,10.98,68.29,-11.23,-6.93,31015,Strongest,"Top 1%",28.64%,0.13,10.85,11.11,96%
ALRM,Alarm.com,"Protection - Safety",54.99,-1.82%,2,Hold,"80% Buy",+6.41,-2.26%,49.66,54.37,48.4,56.47,45.41,-19.51,-3.77,459995,Weakening,Strong,30.13%,0.84,54.7,58.23,8%
CINF,"Cincinnati Financial","Insurance - Proprty & Casualty",169.21,+0.04%,1,Sell,"8% Buy",+6.32,+10.10%,171.52,176.68,168.67,171.07,41.75,-7.15,-7.94,712938,Weakest,Weak,36.97%,0.63,167.63,174.51,23%
EQ,"Equillium Inc","Medical - Biomedical",2.56,+6.22%,7,Hold,"48% Buy",+6.01,+39.89%,2.47,2.46,2.27,2.3,59,22.64,53.61,639602,Average,Weak,61.76%,1.56,2.05,2.55,103%
CODA,"Coda Octopus Group","Electronics - Semiconductors",10.01,-0.99%,1,Buy,"72% Sell",+5.83,+26.07%,10.75,10.07,11.49,10.15,46.15,8.82,-3.92,161911,Strengthening,Weak,35.18%,1.2,9.82,10.48,28%
TCBS,"Texas Community Bancshares Inc","Banks - Southeast",17.3,-1.09%,5,Sell,"40% Buy",+5.76,+6.49%,17.29,17.56,17.15,17.41,44.97,-10.76,-15.28,2772,Weakest,Soft,56.86%,1.63,17.2,17.63,24%
MTX,"Minerals Technologies Inc","Chemical - Specialty",69.22,-1.84%,2,Sell,"56% Sell",+5.74,+9.87%,74.75,73.05,73.34,71.52,35.24,-7.38,2.02,211811,Strongest,Weak,25.05%,1.11,69.74,73.3,-14%
INVA,"Innoviva Inc","Large Cap Pharma",21.13,-0.98%,6,Sell,"72% Sell",+5.70,+4.71%,22.05,21.38,22.3,21.11,48.54,-12.54,-5.85,779028,Strengthening,Soft,61.04%,1.19,20.71,21.52,52%
EPR,"Entertainment Properties Trust","REIT - Equity Trust Retail",59.67,-0.38%,2,Sell,"40% Buy",+5.65,+7.92%,59.18,60.77,57.9,60.26,44.93,-9.33,8.03,759746,Weakest,Average,43.44%,1.47,58.79,61.73,30%
KIM,"Kimco Realty Corp","REIT - Equity Trust Retail",23.57,-0.80%,4,Sell,"8% Sell",+5.41,+5.41%,24.5,24.82,23.95,24.04,36.03,-11.84,4.73,5083925,Weakening,Minimum,15.54%,1.14,23.53,24.54,4%
VOR,"Vor Biopharma Inc","Medical - Biomedical",23.24,-7.43%,7,Hold,"80% Buy",+5.37,-42.20%,18.15,21.47,16.94,23.45,51.85,-59.45,66.09,1271009,Average,Average,68.98%,0.85,21.86,25.04,43%
TOWN,"Towne Bank","Banks - Southeast",36.86,-0.57%,5,Sell,"56% Buy",+5.24,+2.62%,36,37.13,35.53,37.44,44.43,-14.63,-1.09,531245,Weakest,Good,46.05%,0.7,36.74,38.14,9%
APC,"Arko Petroleum Corp. Cl A","Oil - Refining and Marketing",19.09,+1.81%,2,Sell,N/A,+5.11,N/A,19.36,19.39,0,18.71,52.17,N/A,N/A,N/A,N/A,N/A,86.06%,0.94,18,19.42,77%
WFCF,"Where Food Comes From Inc","Consumer Services - Misc",12.7,-3.53%,4,Hold,"64% Buy",+4.98,+2.01%,12.52,12.78,12.32,12.99,46.87,-15.24,-1.02,9038,Weakening,Average,19.18%,0.15,11.79,14.19,38%
IRMD,"Iradimed Corp","Medical Instruments",83.56,-1.00%,1,Sell,"88% Sell",+4.91,+16.23%,90.94,91.66,93.6,86.63,32.24,-1.02,-25.65,104522,Strongest,Average,10.00%,0.62,84.04,89.22,-9%
ES,"Eversource Energy","Utility - Electric Power",70.44,-1.47%,4,Sell,"8% Buy",+4.89,+10.27%,70.91,72.67,70.98,71.29,43.2,-6.98,-6.93,2482372,Weakening,Minimum,42.27%,1.22,69.89,72.69,20%
KEEL,"Keel Infrastructure Corp","Technology Services",3.71,-0.54%,2,Sell,Hold,+4.83,+133.33%,4.31,3.92,3.6,3.38,52.86,116.08,46.32,40928543,Bearish,,71.76%,0.93,2.98,3.79,91%
EHC,"Encompass Health Corp","Medical - Outpatient & Hm Care",121.52,+0.87%,2,Buy,"88% Buy",+4.76,-3.01%,109.7,116.06,107.83,121.55,56.09,-20.26,2.94,1035359,Average,Strong,52.80%,0.68,118.97,124.13,49%
NCI,"Neo-Concept International Group Holdings Limited","Retail - Apparel & Shoes",12.65,-5.88%,4,Buy,"8% Sell",+4.76,-17.64%,10.77,12.26,19.19,12.83,49.68,-34.89,28.38,463065,Weakest,Minimum,43.45%,1.84,11.47,14.2,43%
BOC,"Boston Omaha Corp Cl A","Real Estate Operations",13.7,-0.15%,1,Sell,"40% Buy",+4.75,+2.24%,13.36,14.12,13.02,13.86,44.45,-15.01,-0.8,164479,Weakest,Average,33.36%,0.97,13.35,14.38,34%
RVSB,"Riverview Bancorp","Finance - Savings & Loan",5.26,+0.19%,3,Hold,"64% Sell",+4.64,+5.41%,5.4,5.28,5.4,5.2,51.77,-11.84,-6.77,65271,Weakening,Average,84.44%,0.84,5.07,5.32,76%
AWK,"American Water Works","Utility - Water Supply",140.33,-0.04%,8,Buy,"88% Buy",+4.63,+0.17%,131.16,135.42,132.09,137.85,59.44,-17.08,-4.02,2017422,Strengthening,Strong,75.10%,0.96,134,141.7,82%
CLAR,"Clarus Corp","Leisure & Recreational Prdcts",3.65,-1.88%,2,Buy,"72% Buy",+4.53,-8.75%,3.2,3.49,3.13,3.72,50.34,-26.,-2.59,206814,Weakening,Strong,45.49%,0.67,3.59,3.85,24%
GPC,"Genuine Parts Company","Retail - Wholesale Auto Parts",135.24,+0.88%,4,Hold,"64% Buy",+4.46,-2.67%,116.71,130.01,116.43,135.51,53.57,-19.92,-1.56,1576224,Average,Good,60.95%,0.71,131.56,139.47,47%
NAAS,"Nass Technology Inc ADR","Electrical Power",3.26,+5.16%,1,Sell,"64% Buy",+4.36,+14.39%,3,3.26,2.78,3.25,51.89,-2.86,-15.1,16447,Strengthening,Soft,29.75%,0.57,3.02,3.47,53%
RDN,"Radian Group Inc","Insurance - Multi Line",36.35,+0.83%,5,Sell,"8% Buy",+4.06,+4.36%,36.64,37.55,35.63,36.57,45.14,-12.89,-10.55,1216557,Weakest,Weak,38.03%,0.7,35.85,37.29,35%
OLP,"One Liberty Properties","REIT - Equity Trust Other",23.49,-1.18%,5,Sell,"8% Buy",+4.01,+2.13%,24,24.46,23.59,24.11,38.17,-15.12,4.22,82406,Weakening,Minimum,13.30%,0.81,23.52,24.7,-3%
AVTX,"Avalo Therapeutics Inc","Medical - Drugs",18.21,-7.61%,5,Sell,"56% Buy",+3.96,+56.85%,17.53,19.11,16.79,19.58,42.54,39.6,-11.27,1023401,Weakest,Weak,23.55%,0.8,18.5,20.66,-14%
APD,"Air Products and Chemicals","Chemical - Diversified",295.24,-0.83%,3,Sell,"40% Buy",+3.92,+2.82%,295.41,301.05,292.17,304.21,41.4,-14.43,7.97,1360766,Weakest,Soft,10.02%,0.89,296.89,311.53,-11%
TROW,"T Rowe Price Group","Finance - Investment Mgmt",107.74,-1.54%,2,Sell,"24% Buy",+3.86,+0.55%,109.27,114.33,103.48,110.94,35.86,-16.7,-6.31,2066792,Weakening,Soft,13.39%,0.7,108.28,113.59,-10%
TAL,"Tal Education Group ADR",Schools,11.44,-3.21%,1,Hold,"64% Buy",+3.72,+7.62%,10.78,11.23,10.92,11.8,46.26,-9.63,-6.69,3972688,Weakening,Average,52.70%,0.68,11.23,12.36,18%
BRK.B,"Berkshire Hathaway Cl B","Insurance - Proprty & Casualty",506.72,+0.18%,1,Sell,"72% Buy",+3.72,+2.84%,492.19,503.5,491.07,503.75,52.72,-14.41,-10.74,4758501,Average,Good,78.10%,0.8,496.63,510.87,71%
EQT,"Eqt Corp","Oil - US Exploration & Product",54.63,-0.89%,6,Buy,"8% Sell",+3.72,+8.72%,54.14,52.77,56.39,54.4,54.38,-8.53,-9.63,8241563,Weakest,Weak,60.84%,0.92,52.86,55.93,58%
ALLT,"Allot Communications","Internet - Software",7.52,-2.46%,3,Sell,"72% Sell",+3.66,-13.86%,7.72,7.92,7.7,7.67,45.57,-31.11,-35.05,416033,Strengthening,Weak,43.32%,0.53,7.38,7.95,24%
CLSK,"Cleanspark Inc","Finance - Misc Services",13.28,-1.48%,7,Hold,"16% Buy",+3.64,+37.33%,13.98,12.96,12.58,12.18,54.47,20.08,19.68,24132854,Weakest,Minimum,83.36%,0.67,10.92,13.45,93%
REG,"Regency Centers Corp","REIT - Equity Trust Retail",75.34,-0.78%,1,Sell,"40% Sell",+3.56,+4.08%,78.57,78.5,78.05,76.03,40.11,-13.17,-2.41,1369257,Average,Weak,34.25%,1.05,74.93,77.14,19%
CTAS,"Cintas Corp","Textile - Apparel",200.04,-0.23%,3,Hold,"64% Buy",+3.52,-1.00%,185.55,198.47,186.38,202.01,47.89,-18.25,-5.19,2129500,Weakening,Good,28.52%,1.08,196.95,207.07,31%
ACGL,"Arch Capital Grp Ltd","Insurance - Proprty & Casualty",96.11,+0.42%,6,Sell,"8% Sell",+3.45,+7.26%,96.83,99.99,96.86,98.63,40.1,-9.99,-11.35,2160226,Weakening,Weak,9.56%,1.46,95.97,101.3,3%
AIIA,"AI Infrastructure Acquisition Corp Cl A",Unclassified,10.24,+0.10%,6,Buy,N/A,+3.44,N/A,10.15,10.2,10.09,10.22,54.77,N/A,-8.53,N/A,N/A,N/A,80.00%,0.35,10.19,10.26,72%
SVCO,"Silvaco Group Inc","Electronics - Semiconductors",6.85,+1.33%,1,Sell,"48% Sell",+3.43,+27.80%,9.59,8.23,8.11,6.85,44.51,10.55,57.59,416094,Weakening,Weak,41.33%,0.93,6.22,7.49,50%
BSBK,"Bogota Financial Corp","Banks - Northeast",9.17,-1.40%,5,Buy,"88% Buy",+3.26,-1.93%,8.88,9.08,8.73,9.19,51.5,-19.18,-3.03,9184,Average,Strong,35.87%,0.71,8.99,9.38,46%
GOOD,"Gladstone Comml","REIT - Equity Trust Other",12.86,-1.76%,4,Buy,"88% Buy",+3.20,-1.08%,12.69,12.83,12.45,13.01,47.11,-18.33,8.97,475927,Weakening,Average,44.86%,0.93,12.82,13.21,10%
SBSI,"Southside Bancshares","Banks - Southwest",31.91,-0.75%,4,Sell,"56% Sell",+3.20,+4.79%,33.2,33.16,32.71,32.24,43.74,-12.46,-6.55,120788,Strengthening,Weak,57.67%,0.93,31.32,33.15,32%
IIPR,"Innovative Industrial Properties","REIT - Equity Trust Other",56.97,-0.42%,1,Sell,"24% Buy",+3.16,+0.30%,58.46,59.64,55.93,56.71,45.51,-16.95,8.74,359341,Weakest,Weak,68.10%,0.69,55.44,57.97,61%
GATX,"GATX Corp","Transportation - Equip & Lease",177.08,+0.43%,4,Sell,"72% Sell",+3.12,+5.35%,179.82,178.41,180.41,177.68,48.21,-11.9,-7.14,206671,Average,Weak,53.82%,0.87,174.13,181.22,42%
CVNA,"Carvana Company Cl A","Internet Commerce",73.41,-1.75%,5,Buy,"40% Buy",+3.00,-2.12%,70.33,69.21,69,72.74,53.57,-19.37,-24.58,15362841,Weakest,Minimum,73.08%,0.67,67.92,77.57,57%
DEA,"Easterly Government Properties","REIT - Equity Trust Other",23.98,-1.44%,4,Sell,"24% Buy",+2.98,+5.18%,24.24,24.83,23.76,24.58,37.75,-12.07,1.62,428097,Weakest,Weak,22.28%,1.01,24.08,25.07,-10%
HIG,"The Hartford Insurance Group","Insurance - Proprty & Casualty",136.56,+0.66%,1,Sell,"8% Buy",+2.80,+4.37%,136.03,139.2,136.74,137.77,45.36,-12.88,-12.45,1594012,Weakest,Weak,30.60%,0.77,135.55,140,23%
TACO,"Berto Acquisition Corp",Unclassified,10.48,-0.05%,6,Buy,"96% Buy",+2.78,+2.29%,10.44,10.48,10.36,10.47,53.8,-14.96,-8.15,80676,Average,Strong,54.76%,0.97,10.44,10.51,68%
AGMB,"Agomab Therapeutics NV Adrs","Medical - Biomedical",14.96,+0.34%,5,Buy,N/A,+2.75,N/A,12.34,13.34,0,13.9,58.25,N/A,N/A,N/A,N/A,N/A,72.29%,0.61,12.46,15.35,87%
HR,"Healthcare Realty Trust Inc.","REIT - Equity Trust Other",18.91,-0.79%,1,Sell,"8% Sell",+2.63,+1.23%,19.98,20.15,19.25,19.21,33.51,-16.02,0.01,3659800,Weakening,Minimum,33.15%,1.08,18.93,19.49,-4%
HIW,"Highwoods Properties","REIT - Equity Trust Other",30.28,-0.72%,4,Sell,"40% Buy",+2.39,-4.75%,29.24,31.87,27.01,31.14,39.4,-22.,5.72,1471728,Weakest,Average,32.76%,0.84,30.2,32.08,4%
RGR,"Sturm Ruger & Company","Leisure & Recreational Prdcts",38.12,+0.08%,8,Hold,Hold,+2.38,+8.20%,39.04,38.07,39.09,37.95,50.79,-9.05,5.2,187206,Bearish,,52.46%,0.9,37.06,38.85,59%
BNED,"Barnes & Noble Education Inc C","Consumer Prdts - Misc Discr",10.83,-11.59%,1,Sell,"24% Buy",+2.30,+30.96%,11.43,12.29,10.56,12.1,35.04,13.71,6.3,330160,Weakening,Soft,46.58%,3.46,11.35,12.85,-35%
TMCI,"Treace Medical Concepts Inc","Medical Instruments",4.53,-2.16%,2,Buy,"88% Buy",+2.23,-38.78%,3.71,4.46,3.03,4.62,48.79,-56.03,73.35,731445,Weakest,Average,53.51%,0.28,4.32,4.92,35%
SR,"Spire Inc","Utility - Gas Distribution",81.62,-2.18%,6,Buy,"64% Sell",+2.16,+7.68%,83.06,81.62,85.65,82.72,46.52,-9.57,-12.86,448389,Average,Soft,56.50%,1.25,81.39,84.05,9%
LSAK,"Lesaka Technologies Inc","Technology Services",4.59,+1.55%,1,Sell,"72% Sell",+2.13,+0.22%,4.77,4.7,4.77,4.6,49.07,-17.03,-15.32,104480,Average,Weak,47.97%,1.2,4.38,4.82,47%
PTCT,"Ptc Therapeutics","Medical - Biomedical",67.57,-1.80%,2,Sell,"40% Sell",+2.12,+15.66%,73.82,75.23,72.05,71.2,36.65,-1.59,-22.6,1459879,Strengthening,Weak,14.42%,0.83,67.99,74.4,-7%
FE,"Firstenergy Corp","Utility - Electric Power",46.21,-0.52%,5,Sell,"72% Sell",+2.04,+6.57%,47.18,47.67,48.14,46.66,42.06,-10.68,-8.33,4682370,Strengthening,Weak,43.87%,1.31,45.66,47.66,28%
LAKE,"Lakeland Inds Inc","Protection - Safety",11.07,-3.82%,2,Hold,"64% Buy",+1.86,-23.34%,10.94,11.55,10.27,11.72,40.95,-40.59,13.68,151988,Weakest,Weak,41.13%,1.9,11.13,12.31,-5%
ATHE,"Alterity Therapeutics Ltd ADR","Medical - Biomedical",4.5,-0.22%,3,Sell,"8% Buy",+1.80,-10.32%,4.62,4.78,4.25,4.6,46.56,-27.57,34.55,25177,Weakening,Weak,28.05%,1.17,4.35,4.85,31%
GRND,"Grindr Inc","Internet - Software",14.93,-3.43%,1,Sell,"40% Buy",+1.56,-4.54%,14.46,15.88,13.54,15.61,38.89,-21.79,-1.28,1541650,Weakest,Soft,22.16%,1.23,15.12,16.09,-20%
INMD,"Inmode Ltd","Medical Products",14.79,-0.14%,3,Sell,"40% Buy",+1.45,-1.86%,14.51,15.06,14.31,14.98,42.46,-19.11,-10.87,813350,Weakest,Average,23.54%,1.15,14.74,15.23,11%
BANX,"Arrowmark Financial Corp","Finance - Investment Mgmt",21.07,+0.33%,7,Buy,"88% Buy",+1.31,-1.22%,19.98,20.34,19.83,20.76,62.13,-18.47,-14.99,43194,Strongest,Average,64.54%,0.57,20.41,21.11,94%
BILL,"Bill Holdings Inc","Internet - Software",47.94,+0.71%,3,Hold,"64% Buy",+1.21,-5.85%,41.27,45.87,41.35,48.74,50.6,-23.1,-23.65,2529106,Average,Average,43.35%,0.9,46.54,50.93,32%
XRN,"Chiron Real Estate Inc","REIT - Equity Trust Other",36.98,-0.51%,6,Buy,"100% Buy",+1.21,-2.04%,36.19,36.78,35.82,36.88,52.41,-19.29,-1.95,120455,Strengthening,Average,56.26%,1.81,36.12,37.63,57%
LSE,"Leishen Energy Holding Co. Ltd","Oil Field Machinery & Equip",5.11,+0.99%,5,Buy,"72% Buy",+1.14,-3.80%,4.7,4.82,4.72,5.28,49.41,-21.05,5.38,12082,Average,Average,34.79%,0.52,4.82,5.74,31%
WLKP,"Westlake Chemical Partners LP","Chemical - Specialty",21.67,-0.32%,3,Hold,"32% Sell",+1.01,-0.96%,22.35,21.83,22.23,21.72,46.95,-18.21,2.5,39787,Average,Weak,48.40%,0.16,21.41,22.04,42%
OGS,"One Gas Inc","Utility - Gas Distribution",79.12,-2.02%,4,Hold,"80% Sell",+0.99,+5.90%,80.73,79.43,82.59,80.29,46.33,-11.35,-9.13,527164,Strengthening,Soft,43.48%,1.44,78.81,81.77,11%
TUSK,"Mammoth Energy Services Inc","Oil - Field Services",3.17,-0.78%,2,Buy,"96% Buy",+0.94,+36.64%,3.01,3,2.79,3.16,53.52,19.39,59.8,294779,Strengthening,Average,57.88%,0.33,3.01,3.31,53%
RCI,"Rogers Communication","Diversified Comm Services",36.44,-1.17%,12,Buy,Hold,+0.89,+2.62%,35.71,34.77,36.38,36.58,52.52,-14.63,-14.97,1181035,Bearish,,50.89%,0.72,35.6,37.55,43%
ECVT,"Pq Group Holdings Inc","Chemical - Specialty",10.25,+1.28%,4,Sell,"72% Sell",+0.78,+14.27%,12.42,11.27,12.31,10.22,41.25,-2.98,-6.21,1710724,Weakening,Good,45.46%,0.79,9.95,10.5,55%
BCML,"Bay Commercial Bk CA","Banks - West",30.06,-0.13%,7,Sell,"40% Sell",+0.71,+0.99%,31.16,31.56,30.65,30.38,43.29,-16.26,-9.31,44975,Average,Minimum,33.19%,0.98,29.51,31.25,32%
CVR,"Chicago Rivet & Machine Company","Machinery - Elect Utilities",10,-1.96%,2,Sell,"88% Sell",+0.51,-5.30%,10.33,10.21,11.28,10.22,45.63,-22.55,-39.66,4375,Strongest,Average,31.62%,1.04,9.87,10.58,18%
SMCI,"Super Micro Computer","Computer - Storage Devices",38.93,-3.30%,3,Buy,"88% Buy",+0.31,-9.30%,32.8,32.11,31.41,37.84,59.1,-26.55,21.45,41548230,Strengthening,Average,76.21%,0.66,35.35,40.33,72%
MDT,"Medtronic Inc","Medical Products",91.89,-0.54%,8,Buy,"56% Buy",+0.25,-2.32%,83.24,87.18,86.24,91.94,55.21,-19.57,-15.89,8528541,Weakening,Soft,52.59%,1.01,89.63,94.25,49%
WPC,"W.P. Carey & Company Llc","REIT - Equity Trust Other",69.95,-0.86%,5,Sell,"72% Sell",+0.25,+3.25%,72.98,72.17,72.44,70.94,38.92,-14.,-2.86,1364906,Strengthening,Soft,26.67%,0.76,69.62,72.25,12%
HOG,"Harley-Davidson Inc","Auto - Domestic",26.67,-1.88%,7,Buy,"88% Buy",+0.17,-13.91%,25.48,26.48,23.56,27.57,46.34,-31.16,18.61,2980526,Average,Good,29.23%,0.58,26.45,28.68,10%
DGICA,"Donegal Group Cl A","Insurance - Proprty & Casualty",19,0.00%,4,Buy,"72% Buy",+0.11,-1.45%,18.17,18.98,17.96,18.95,49.57,-18.7,-16.45,124095,Average,Average,58.22%,1.15,18.36,19.54,54%
GDOT,"Green Dot Corp","Financial Transaction Services",13.01,-1.81%,4,Sell,"40% Buy",+0.05,-10.77%,13.02,13.33,12.53,13.36,37.9,-28.02,-9.99,588021,Weakest,Weak,32.33%,1.34,13.1,13.61,-18%
ORN,"Orion Group Holdings Inc","Building - Heavy Construction",9.09,-1.52%,1,Sell,"88% Sell",-0.06,+26.25%,12.74,11.22,12.54,9.4,36.75,9,-20.1,398824,Strengthening,Strong,29.51%,0.64,8.84,9.96,23%
CWST,"Casella Waste Sys","Waste Removal Svcs",91.16,-0.99%,6,Buy,"24% Buy",-0.08,-1.74%,89.18,93.03,89.55,92.45,46.19,-18.99,-18.47,792107,Weakest,Weak,37.17%,0.93,89.24,95.67,30%
STRA,"Strategic Education",Schools,81.68,+0.29%,4,Buy,"72% Buy",-0.12,-1.03%,80.05,81.59,80.19,82.81,47.31,-18.28,-9.7,267069,Strengthening,Average,24.45%,1.01,79.66,85.95,32%
DLNG,"Dynagas Lng Partners LP","Transportation - Services",3.82,-1.04%,3,Buy,"8% Sell",-0.28,+1.06%,3.74,3.69,3.84,3.79,53.22,-16.19,-10.22,75132,Weakest,Minimum,52.94%,0.89,3.68,3.91,62%
USPH,"U.S. Physical Therapy","Medical - Outpatient & Hm Care",77.87,-1.07%,3,Buy,"72% Buy",-0.31,-7.69%,71.35,76.57,74.16,78.85,49.7,-24.94,-11.83,204911,Weakening,Weak,53.19%,0.64,75.97,81.73,33%
TRS,"Trimas Corp","Metal Production & Fabrication",38.24,-1.27%,2,Sell,"24% Sell",-0.56,-0.10%,40.13,40.05,38.97,39.1,39.82,-17.35,-3.68,485113,Average,Minimum,31.83%,0.6,38.17,40.04,4%
SAH,"Sonic Automotive","Retail - Wsale Auto & Trucks",76.25,+0.33%,3,Sell,"8% Sell",-0.72,-8.45%,83.01,87.07,76.42,78.46,39.59,-25.7,11.71,265905,Weakening,Minimum,40.08%,0.66,75.22,81.69,16%
ENB,"Enbridge Inc","Oil - Production & Pipeline",50.15,-0.65%,2,Sell,"72% Sell",-0.98,+3.77%,54.02,52.94,53.74,50.52,40.07,-13.48,-6.7,4607779,Strengthening,Average,29.00%,1.64,49.59,51.45,30%
HY,"Hyster-Yale Inc","Machinery - Construct & Mining",34.88,-2.27%,1,Hold,"16% Sell",-1.11,-3.25%,35.28,33.93,35.22,34.25,52.33,-20.5,5.85,106138,Weakening,Minimum,81.98%,0.82,32.66,35.83,70%
PODC,"Podcastone Inc","Internet - Content",2.65,+2.32%,1,Sell,"56% Sell",-1.21,+40.96%,3.64,3.41,3.23,2.76,37.07,23.71,-4.26,109997,Strengthening,Weak,46.35%,0.15,2.41,3.11,34%
VALU,"Value Line Inc","Finance - Investment Mgmt",37.2,+0.92%,3,Hold,"32% Buy",-1.35,-2.44%,36.11,37.86,36.16,37.37,49.13,-19.69,-14.75,2714,Weakest,Soft,31.20%,0.98,35.65,39.09,45%
IBM,"Intl Business Machines","Computer - Integrated Systems",239.94,+3.38%,2,Hold,"64% Sell",-1.41,-7.40%,246.44,238.87,247.83,234.12,55.21,-24.65,-30.55,7194668,Weakening,Average,54.34%,0.72,228.55,239.69,102%
MNKD,"Mannkind Corp","Medical - Biomedical",3.94,-5.29%,3,Hold,"8% Sell",-1.50,-28.49%,3.7,4.04,3.64,4.03,47.23,-45.74,-42.06,4981191,Weakest,Minimum,32.18%,1.2,3.74,4.33,34%
BOSC,"Bos Better Online","Computer - Networks",4.65,-2.92%,7,Buy,"48% Buy",-1.53,-4.40%,4.48,4.47,4.58,4.62,54.14,-21.65,-9.58,57111,Average,Weak,38.51%,0.38,4.48,4.76,62%
CKX,"Ckx Lands","Real Estate Operations",10.75,+0.47%,2,Buy,"40% Buy",-1.79,-4.78%,10.81,10.98,10.62,10.84,48.32,-22.03,5.94,5912,Weakening,Weak,42.04%,0.64,10.34,11.34,41%
NNI,"Nelnet Inc","Finance - Consumer Loans",125.4,+0.21%,1,Sell,"100% Sell",-1.89,+0.40%,131.62,130.83,131.35,126.73,39.62,-16.85,-17.24,133779,Strongest,Good,38.82%,1.05,124.7,128.76,17%
UHT,"Universal Health Realty Income Trust","REIT - Equity Trust Other",40.75,-0.90%,2,Sell,"40% Sell",-1.98,-0.90%,41.67,42.54,41.92,41.22,41.6,-18.15,-7.62,104029,Average,Weak,23.77%,1.33,40.29,42.14,25%
EXE,"Expand Energy Corporation","Other Alt Energy",96.62,-1.60%,6,Buy,"24% Sell",-2.16,+2.00%,93.57,93.21,97.52,96.83,51.95,-15.25,-24.,3506443,Weakening,Weak,59.90%,0.63,93.54,100.11,47%
WMK,"Weis Markets","Retail - Supermarket",69.76,-1.57%,1,Sell,"40% Sell",-2.69,-2.01%,74.3,74.72,72.56,70.8,38.27,-19.26,-2.7,148089,Strengthening,Weak,61.87%,0.88,69.63,71.97,5%
SSP,"E.W. Scripps Company","Broadcast - Radio & TV",3.13,-2.34%,1,Buy,"64% Sell",-2.70,+6.63%,3.43,3.14,3.57,3.29,45.54,-10.62,-32.98,731408,Strengthening,Soft,32.47%,0.95,3.12,3.45,3%
AERT,"Aeries Technology Inc","Technology Services",6.71,-5.23%,4,Hold,"64% Buy",-2.85,+43.18%,6.29,6.85,5.28,6.98,43.12,25.93,51.16,43025,Weakest,Good,33.51%,3.58,6.63,7.33,11%
III,"Information Svcs Group",Consulting,5.06,-0.59%,1,Buy,"72% Buy",-3.04,-1.75%,4.39,4.55,4.37,5.05,57.9,-19.,-24.01,265323,Weakening,Average,72.65%,0.83,4.87,5.23,53%
GRNT,"Granite Ridge Resources Inc","Oil - US Exploration & Product",5.1,0.00%,4,Buy,"16% Buy",-3.14,-1.73%,5.01,4.84,5.12,5.1,55.75,-18.98,-3.04,896840,Weakening,Minimum,43.87%,1.81,4.97,5.23,50%
PRDO,"Perdoceo Education Corp",Schools,33.18,+0.27%,6,Sell,"8% Sell",-3.16,-0.51%,33.41,32.91,33.73,32.87,52.68,-17.76,1.58,661780,Weakest,Minimum,48.88%,0.72,31.63,34.1,63%
AXS,"Axis Capital Holdings","Insurance - Proprty & Casualty",98.38,-0.23%,1,Sell,"40% Sell",-3.17,+1.42%,103.06,106.11,102.77,99.61,38.75,-15.83,-19.68,638193,Strengthening,Weak,40.93%,0.67,97.8,101.42,16%
FCPT,"Four Corners Property Trust IN","REIT - Equity Trust Other",24.52,-1.21%,5,Sell,"24% Sell",-3.28,-5.73%,25.13,25.28,25.07,25.06,38.25,-22.98,-5.22,811723,Average,Weak,21.74%,0.72,24.58,25.55,-6%
ATO,"Atmos Energy Corp","Utility - Gas Distribution",166.59,-0.88%,3,Sell,"100% Sell",-3.33,+1.54%,174.85,172.56,177.67,168.51,40.49,-15.71,-12.17,1224033,Strongest,Good,32.77%,0.67,165.49,171.52,18%
KHC,"Kraft Heinz Company","Food - Misc & Diversified",24.61,-1.16%,6,Hold,"48% Buy",-3.33,-7.72%,24.3,25.46,23.99,25.3,42.85,-24.97,-10.07,14977963,Weakest,Average,24.51%,1.25,24.37,26.23,13%
VEL,"Velocity Financial Inc","Finance - Mortgage & Rel Svs",18.11,-0.06%,2,Buy,"24% Sell",-3.46,-3.00%,17.97,17.89,18.19,18.12,51.26,-20.25,-24.31,102662,Weakening,Weak,44.13%,0.89,17.75,18.5,48%
BCBP,"Bcb Bancorp Inc","Banks - Northeast",8.61,-1.03%,4,Sell,"56% Sell",-3.52,-0.92%,9.93,9.48,9.47,8.72,37.65,-18.17,-4.86,124294,Average,Soft,49.12%,1.15,8.43,9.01,31%
NTWK,"Netsol Tech Inc","Computer - Software",4,0.00%,1,Sell,"8% Buy",-3.58,-6.65%,4.21,4.26,3.95,4.07,40.02,-23.9,20.46,32241,Weakening,Weak,37.06%,0.74,3.98,4.15,11%
SHIM,"Shimmick Corp","Engineering & R&D Services",3.47,-6.97%,1,Sell,"72% Sell",-3.60,+9.46%,4.16,3.86,4,3.76,41.84,-7.79,7.29,124650,Strongest,Weak,40.14%,0.71,3.36,4.17,14%
WRB,"W.R. Berkley Corp","Insurance - Proprty & Casualty",69.91,+0.20%,2,Sell,"24% Buy",-3.60,-3.28%,69.06,71.03,68.88,69.17,51.42,-20.53,-11.85,2317207,Weakening,Weak,60.96%,1.75,67.45,70.88,72%
TLF,"Tandy Leather Fctry","Retail - Apparel & Shoes",2.65,+0.38%,2,Buy,"72% Buy",-3.61,-11.67%,2.41,2.47,2.46,2.59,63.53,-28.92,-14.83,35701,Strongest,Soft,69.05%,0.33,2.51,2.68,84%
ULS,"Ul Solutions Inc Cl A","Business Services",72.89,-0.41%,2,Sell,"88% Sell",-3.70,+11.10%,89.38,82.41,86.72,75.01,31.1,-6.15,-19.12,1052939,Strongest,Strong,13.50%,0.54,72.42,77.6,9%
BCE,"BCE Inc","Diversified Comm Services",23.33,-1.35%,9,Buy,"24% Sell",-3.72,-3.60%,23.24,22.45,23.97,23.52,51.9,-20.85,-13.61,3459013,Weakening,Weak,43.86%,0.97,23.15,23.9,24%
SRE,Sempra,"Other Alt Energy",85.01,-0.54%,8,Sell,"88% Sell",-3.73,+5.84%,90.2,88.42,91.6,84.98,47.59,-11.41,-15.27,3777560,Average,Strong,61.40%,0.83,82.25,87.7,51%
ALV,"Autoliv Inc","Auto - Truck Original Parts",119.19,-0.88%,4,Buy,"40% Buy",-4.03,-5.25%,121.14,121.11,118.32,122.08,43.86,-22.5,-11.14,716211,Weakest,Weak,42.68%,0.87,118.46,125.71,10%
POCI,"Precision Optics Corp Inc","Medical Instruments",4.35,-0.80%,7,Sell,"88% Sell",-4.16,-2.25%,4.73,4.46,4.65,4.36,48.11,-19.5,-7.61,35103,Strengthening,Soft,19.99%,0.41,4.16,4.56,48%
AXR,"Amrep Corp","Real Estate Developers",22.96,-0.22%,5,Sell,"72% Sell",-4.21,+9.96%,24.97,23.74,25.27,22.9,46.48,-7.29,10.58,9080,Strengthening,Soft,51.85%,0.37,22.34,23.46,55%
ICFI,"Icf International","Government Services",86.19,-1.21%,1,Hold,"64% Buy",-4.28,-10.43%,76.31,83.63,75.36,88.7,47.37,-27.68,-10.51,255523,Weakening,Good,35.93%,0.96,86.54,90.87,-8%
TG,"Tredegar Corp","Chemical - Plastics",7.73,+0.26%,1,Buy,"72% Sell",-4.40,+0.13%,8.11,7.74,8.24,7.83,47.63,-17.12,-3.89,165686,Average,Average,38.81%,1.06,7.57,8.1,31%
WFG,"West Fraser Timber L","Building Products - Wood",68.49,+0.25%,2,Sell,"72% Buy",-4.42,-7.65%,66.7,68.28,66.7,68.59,50.49,-24.9,0.53,220197,Average,Weak,51.59%,0.69,66.14,71.05,48%
EFOR,"Everforth Inc","Technology Services",30.6,-1.03%,2,Buy,"8% Buy",-4.42,-41.57%,23.88,26.21,29.51,31.74,52.13,-58.82,-48.02,950845,Weakest,Minimum,37.24%,0.65,30.11,33.38,15%
UG,"United Guardian Inc","Medical Products",7.08,-0.56%,2,Sell,"16% Buy",-4.50,-16.71%,7.14,7.27,6.96,7.15,44.73,-33.96,3.39,8401,Weakest,Minimum,18.15%,0.65,7.02,7.27,23%
PPG,"PPG Industries","Chemical - Specialty",107.16,-2.33%,1,Sell,"24% Sell",-4.51,-2.03%,113.59,115.24,113.55,112.6,36.29,-19.28,-6.96,1997388,Strengthening,Minimum,19.15%,0.97,108.75,116.45,-21%
RGCO,"Rgc Resources Inc","Oil - Refining and Marketing",21.34,-1.11%,6,Sell,"56% Sell",-4.56,-2.47%,22.84,22.58,22.55,21.72,41,-19.72,-11.36,12550,Strengthening,Average,35.13%,0.74,21.24,22.2,10%
NXPI,"Nxp Semiconductors","Semi Analog & Mixed",223.32,-0.25%,3,Sell,"72% Sell",-4.75,-0.17%,269.73,248.11,250.5,226.56,40.3,-17.42,-8.67,3484532,Strengthening,Soft,54.04%,1,219,234.12,29%
HIPO,"Hippo Holdings Inc","Insurance - Multi Line",32.12,-1.65%,6,Hold,"64% Buy",-4.80,-13.12%,28.9,31.2,28.27,33.07,47.17,-30.37,-4.77,149398,Weakening,Strong,33.05%,1.06,32.08,34.05,2%
BVC,"Bitventures Limited","Technology Services",15.61,-7.03%,10,Buy,"100% Buy",-4.85,-48.48%,11.34,12.2,10.37,14.35,59.17,-65.73,25.38,55468,Strongest,Maximum,68.57%,0.47,12.1,16.6,78%
GRBK,"Green Brick Partners","Building - Residential & Comm",68.83,-2.02%,6,Sell,"8% Sell",-4.89,-6.70%,70.88,72.38,70.5,71.34,38.55,-23.95,-1.7,244904,Weakening,Minimum,19.29%,1.91,68.69,74,3%
AMRN,"Amarin Corp ADR","Medical - Biomedical",14.39,+0.98%,3,Buy,"56% Sell",-4.94,-5.45%,14.54,14.32,14.64,14.04,56.34,-22.7,-8.43,79357,Weakest,Weak,38.78%,0.47,13.61,14.47,91%
FDUS,"Fidus Investment Cor","Finance - SBIC & Commercial",19.57,-0.25%,1,Hold,"48% Buy",-4.96,-8.68%,19.25,19.82,18.88,19.67,45.62,-25.93,-10.15,314965,Weakest,Soft,38.74%,0.84,19.48,19.87,23%
NKTR,"Nektar Therapeutics","Medical - Drugs",73.32,-2.81%,4,Buy,"72% Buy",-5.07,+50.96%,72.07,72.05,71.3,74.03,50.14,33.71,61.87,984583,Weakest,Weak,58.22%,1.29,71.18,76.88,38%
GEL,"Genesis Energy LP","Oil Refining & Marketing MLP",15.68,-0.76%,11,Buy,"24% Sell",-5.15,-6.61%,15.56,15.34,16.27,16.08,46.58,-23.86,-11.04,279293,Weakening,Weak,3.65%,2.12,15.6,16.56,8%
MNR,"Mach Natural Resources LP","Oil - US Exploration & Product",12.67,-0.31%,3,Sell,"56% Sell",-5.20,-6.63%,13.18,12.94,13.21,12.66,46.14,-23.88,3.21,471336,Weakening,Weak,59.42%,1.31,12.33,12.99,51%
NFG,"National Fuel Gas Company","Oil - US Integrated",82.45,-1.62%,5,Buy,"8% Sell",-5.28,-4.14%,81.08,81.52,84.43,82.88,49.56,-21.39,-8.56,723128,Weakest,Weak,45.39%,0.84,81.38,84.37,36%
TRC,"Tejon Ranch Company","Real Estate Operations",16.39,-1.09%,3,Sell,"72% Sell",-5.48,-1.44%,18.24,17.14,18.23,16.3,45.73,-18.69,-7.62,110006,Strengthening,Good,66.38%,0.79,15.93,16.67,62%
AIG,"American International Group","Insurance - Multi Line",75.03,+0.47%,1,Sell,"56% Sell",-5.49,-4.40%,76.85,77.86,76.98,76.19,40.51,-21.65,-23.85,4288055,Strengthening,Weak,23.55%,1.9,74.94,77.44,4%
DFIN,"Donnelly Financial Solutions Inc","Internet Software Services",48.86,-1.93%,6,Buy,"88% Buy",-5.66,-12.33%,45.18,47.91,46.04,48.5,52.6,-29.58,-6.9,278183,Average,Soft,67.57%,0.73,46.8,50.2,61%
LRN,"Stride Inc",Schools,81.71,-0.54%,8,Sell,"56% Sell",-5.73,-50.81%,88.9,85.63,88.21,84.31,41.46,-68.06,14.29,999978,Average,Weak,19.54%,1.23,80.47,88.15,16%
EVTC,"Evertec Inc","Financial Transaction Services",29.73,+2.41%,3,Buy,"56% Buy",-5.78,-12.89%,28.04,30,28.01,30.02,48.96,-30.14,-9.35,509006,Weakening,Soft,43.49%,1.85,28.62,31.43,40%
CI,"The Cigna Group","Medical - HMO",278.17,+0.85%,3,Sell,"56% Sell",-5.80,-7.89%,283.98,283.3,281.35,279.16,47.55,-25.14,-10.48,1672234,Average,Weak,40.24%,0.93,273.19,285.13,42%
MSCI,"MSCI Inc","Finance - Investment Mgmt",554.54,+0.57%,2,Sell,"56% Sell",-5.80,-2.57%,584.97,578.4,572.82,565.29,42.48,-19.82,-14.89,644295,Average,Weak,39.32%,0.79,551.51,579.07,11%
GBTG,"Global Business Travel Group Inc","Internet - Software",9.48,0.00%,7,Buy,"100% Buy",-5.82,+16.89%,9.03,9.43,7.86,9.46,60.86,-0.36,12.37,2427708,Weakening,Strong,38.89%,0.72,9.44,9.49,77%
KPRX,"Kiora Pharmaceuticals Inc.","Medical - Drugs",2.49,-0.80%,6,Hold,"48% Buy",-5.83,-5.32%,2.56,2.57,2.41,2.59,42.78,-22.57,14.85,177949,Weakest,Weak,16.76%,0.9,2.47,2.71,10%
AB,"Alliancebernstein Holding LP","Finance - Investment Mgmt",36.39,-0.90%,3,Sell,"100% Sell",-5.96,-4.29%,37.31,36.89,37.79,36.57,44.58,-21.54,-16.98,326247,Strongest,Strong,50.81%,1.07,35.94,37.19,36%
NTIC,"Northern Technologies Intl Corp","Chemical - Diversified",7.59,-3.92%,2,Sell,"88% Sell",-6.28,-6.18%,8.1,8.16,8.25,8.02,31.89,-23.43,-14.62,13795,Strongest,Average,33.33%,2.34,7.79,8.25,-42%
OPCH,"Option Care Health Inc","Medical - Outpatient & Hm Care",23.64,-0.42%,1,Buy,"8% Sell",-6.31,-19.18%,22.54,22.88,25.26,23.77,51.05,-36.43,-37.35,2371196,Weakest,Weak,57.63%,0.64,23.2,24.34,39%
NPB,"Northpointe Bancshares Inc","Finance - Savings & Loan",17.04,-1.22%,6,Sell,"72% Sell",-6.33,-5.44%,17.69,17.64,17.69,17.14,46.03,-22.69,-10.,237429,Strengthening,Average,63.85%,1.07,16.71,17.58,38%
INVE,"Identiv Inc","Computers - Peripheral Equpt",2.67,-0.37%,8,Buy,"64% Sell",-6.82,-29.37%,3.43,2.73,3.42,2.78,41.32,-46.62,-42.02,156386,Average,Good,13.29%,0.47,2.61,2.95,17%
MAGN,"Magnera Corporation","Engineering & R&D Services",11.61,-2.68%,2,Sell,"40% Sell",-6.88,-0.77%,11.99,12.79,11.85,12.3,37.76,-18.02,-34.87,567638,Strengthening,Weak,28.76%,0.84,11.77,12.83,-15%
BCO,"Brink's Company","Financial Transaction Services",108.19,+2.58%,4,Sell,"40% Sell",-7.09,-6.40%,107.9,111.81,110.28,110.4,45.67,-23.65,-18.87,434961,Weakest,Weak,30.36%,0.9,105.41,115.39,28%
SRL,"Scully Royalty Ltd","Conglomerates - Div Operations",5.5,-1.08%,1,Sell,"88% Sell",-7.16,+5.36%,6.7,5.65,7.19,5.8,39.69,-11.89,-47.22,21286,Strengthening,Average,24.05%,0.05,5.56,6.05,-13%
DXR,"Daxor Corp","Medical - Outpatient & Hm Care",10.85,+3.73%,5,Buy,"8% Buy",-7.28,-4.82%,10.25,10.38,10.75,10.3,57.07,-22.07,-37.99,7046,Average,Minimum,62.43%,2.63,9.71,10.89,97%
CLMB,"Climb Global Solutions Inc","Technology Services",27.31,-1.90%,7,Buy,"72% Buy",-7.29,-12.76%,24.11,26.87,23.86,28.13,47.8,-30.01,-5.28,226906,Weakening,Average,55.79%,0.78,27.09,29.16,11%
ARCC,"Ares Capital Corp","Finance - SBIC & Commercial",19.66,-0.20%,4,Buy,"72% Buy",-7.35,-11.60%,19.05,19.34,18.91,19.89,48.19,-28.85,-14.37,5795026,Weakening,Soft,30.82%,0.86,19.6,20.19,10%
NATH,"Nathan's Famous IN","Retail - Restaurants",98,-0.31%,5,Sell,"72% Sell",-7.35,-7.09%,99.9,98.62,100.2,97.74,48.77,-24.34,-6.82,36041,Strengthening,Weak,72.16%,1.17,96.68,98.8,62%
USLM,"U S Lime & Mineral","Building - CMT & CNT & AG",115.62,-1.34%,2,Buy,"24% Buy",-7.42,-6.19%,112.35,112.56,115.1,117.99,47.84,-23.44,-14.99,146408,Weakest,Minimum,28.73%,0.64,114.7,121.28,14%
PPHC,"Public Policy Holding Company Inc","Conglomerates - Div Operations",11.38,-0.61%,2,Buy,N/A,-7.45,N/A,10.7,9.96,11.41,10.84,56.24,N/A,N/A,N/A,N/A,N/A,68.23%,1.02,9.96,11.71,81%
JLHL,"Julong Holding Limited Cl A","Building & Construction - Misc",6.23,+1.80%,3,Sell,"88% Sell",-7.46,+54.59%,13.99,7.39,11.23,6.65,43.73,37.34,43.04,980063,Average,Soft,24.36%,0.04,5.44,7.85,33%
WCN,"Waste Connections Inc","Waste Removal Svcs",161.25,-1.17%,4,Sell,"24% Sell",-7.86,-9.21%,162.42,167.66,163.29,165.87,37.85,-26.46,-19.6,1463564,Average,Minimum,14.71%,0.73,161.93,169.81,-9%
BNTC,"Benitec Biopharma Ltd ADR","Medical - Biomedical",12.45,-2.16%,3,Hold,"64% Buy",-7.89,-11.01%,12.27,12.68,11.96,12.73,47.44,-28.26,-19.12,150331,Weakest,Soft,39.95%,0.54,12.06,13.41,29%
SRI,"Stoneridge Inc","Electronics - Misc Components",7.22,-0.82%,2,Sell,"56% Buy",-8.24,-11.95%,7.16,7.18,7.05,7.15,50.87,-29.2,13.15,202087,Weakening,Weak,76.33%,0.77,6.9,7.4,64%
STC,"Stewart Information Services Corp","Insurance - Proprty & Casualty",66.99,-0.07%,8,Sell,"8% Sell",-8.35,-8.37%,67.85,68.39,67.05,68.51,43.3,-25.62,-16.2,231631,Weakest,Minimum,22.97%,1.25,66.23,70.78,17%
AMT,"American Tower Corp","REIT - Equity Trust Other",175.43,-0.17%,10,Buy,"40% Sell",-8.35,-9.85%,176.16,171.25,177.71,175.16,51.98,-27.1,-11.63,3096590,Weakening,Weak,42.61%,0.76,171.18,179.15,53%
QGEN,"Qiagen N.V.","Medical - Biomedical",42.5,+0.28%,3,Buy,"40% Buy",-8.37,-14.17%,39.12,42.01,40.9,43.31,48,-31.42,-21.77,2313936,Weakest,Weak,33.17%,0.38,41.79,44.84,23%
APT,"Alpha Pro Tech","Protection - Safety",5.26,-0.38%,3,Buy,"56% Buy",-8.41,+8.45%,5.29,5.22,5.16,5.34,48.92,-8.8,6.92,54883,Weakest,Weak,30.56%,0.46,5.16,5.51,28%
ZKH,"Zkh Group Limited ADR","Internet - Services",2.96,0.00%,4,Buy,Hold,-8.52,+3.86%,2.85,2.85,3,2.93,54.85,-13.39,-31.12,174290,Bearish,,85.08%,2.36,2.86,3,69%
YOU,"Clear Secure Inc Cl A","Internet - Software",43.17,-0.99%,1,Sell,"56% Sell",-8.69,+17.73%,53.03,50.37,50.15,44.19,36.02,0.48,11.51,1601783,Strongest,Soft,32.35%,0.91,42.5,45.89,20%
UHS,"Universal Health Services","Medical - Hospitals",175.78,+2.26%,6,Buy,"24% Buy",-8.71,-5.71%,161.52,164.39,174.27,172.5,60.06,-22.96,-30.92,843752,Average,Minimum,44.49%,1.08,166.79,178.2,79%
XLO,"Xilio Therapeutics Inc","Medical - Biomedical",8.97,+0.67%,3,Sell,"56% Buy",-8.74,-14.57%,8.69,9.08,8.43,9.1,46.93,-31.82,-11.47,36887,Weakest,Weak,43.50%,0.33,8.73,9.47,33%
SBAC,"SBA Communications","REIT - Equity Trust Other",186.74,-1.03%,10,Buy,"24% Sell",-8.81,-2.47%,194.49,183.42,194.06,186.07,51.09,-19.72,-15.01,997744,Weakest,Weak,59.42%,1.26,179.74,192.4,55%
CRNT,"Ceragon Networks Ltd","Wireless Non-US",2.05,0.00%,2,Sell,"88% Sell",-8.88,+2.50%,2.44,2.2,2.38,2.1,41.68,-14.75,-13.93,553036,Strengthening,Good,32.59%,0.69,2,2.21,24%
CNNE,"Cannae Holdings Inc","Finance - Investment Mgmt",15.61,+0.39%,5,Buy,"100% Buy",-8.91,-17.54%,14.42,15.01,13.71,15.4,56.21,-34.79,-12.31,575534,Strengthening,Average,57.48%,1.2,14.74,16.06,66%
BGSF,"Bgsf Inc","Business Services",5.19,-2.81%,4,Sell,"64% Sell",-9.11,-18.78%,5.48,5.52,5.69,5.41,40.43,-36.03,0.55,24046,Strongest,Weak,35.47%,0.43,5.15,5.67,8%
SPH,"Suburban Propane Partners LP","Oil Refining & Marketing MLP",17.42,+0.29%,1,Sell,"100% Sell",-9.17,-5.12%,18.46,17.89,19.04,17.6,41.32,-22.37,-17.59,166617,Strengthening,Strong,16.10%,1.2,17.39,17.81,8%
PG,"Procter & Gamble","Consumer Prdts - Misc Staple",142.64,-2.02%,3,Sell,"88% Sell",-9.19,-10.55%,146.22,146.54,148.25,144.8,41.21,-27.8,-12.02,9935844,Strongest,Average,44.17%,1.06,142,147.59,11%
IMDX,"Insight Molecular Diagnostics Inc","Medical Information Systems",4.1,-3.98%,1,Sell,"100% Sell",-9.23,+53.56%,4.95,4.63,4.89,4.2,43.66,36.31,-56.88,200656,Strongest,Average,55.02%,0.97,3.8,4.59,38%
MC,Moelis,"Finance - Investment Brokers",65.39,-4.91%,4,Sell,"24% Buy",-9.31,-9.42%,66.93,67.44,64.71,67.88,43.12,-26.67,-16.42,1014685,Weakest,Minimum,49.13%,1.44,65.56,70.19,-4%
MATV,"Mativ Holdings Inc","Chemical - Specialty",12.44,-0.96%,1,Buy,"72% Buy",-9.78,+1.55%,9.37,10.13,9.7,12.28,64.39,-15.7,-9.16,442520,Weakening,Good,79.27%,0.81,11.86,12.69,70%
SAFE,"Safehold Inc","REIT - Equity Trust Resident",14.62,-0.48%,1,Sell,"24% Sell",-9.83,-10.64%,15.56,15.84,15.35,15.2,34.3,-27.89,-4.76,365853,Strengthening,Weak,23.47%,1.32,14.7,15.7,-8%
SMG,"Scotts Miracle-Gro Company","Agriculture Operations",56.9,-1.10%,4,Sell,"40% Sell",-9.91,-6.46%,63.05,64.42,63.76,60.23,32.8,-23.71,-14.03,918113,Strengthening,Average,11.54%,1.2,57.44,63.02,-10%
CE,"Celanese Corp","Chemical - Specialty",44.45,-0.18%,5,Sell,"88% Sell",-9.94,-0.51%,51.09,45.53,53.32,45.12,46.17,-17.76,-6.42,2108309,Strengthening,Average,16.50%,0.81,43.27,46.97,32%
CXT,"Crane Nxt CO","Technology Services",50.67,+2.16%,1,Sell,"40% Buy",-9.98,-16.55%,46.77,51.16,46.69,50.02,52.07,-33.8,-3.9,747918,Average,Weak,71.29%,1.07,48.08,51.96,67%
ZUMZ,"Zumiez Inc","Retail - Apparel & Shoes",17.55,-0.85%,1,Sell,"100% Sell",-10.25,-16.51%,20.38,18.58,21.51,18.13,41.43,-33.76,-44.18,210861,Strongest,Good,29.76%,0.73,17.32,18.94,14%
HNRG,"Hallador Energy Company","Other Alt Energy",16.52,-2.25%,8,Buy,"40% Sell",-10.26,-5.00%,16.72,15.91,17.06,16.18,53.97,-22.25,-24.79,764568,Weakest,Weak,80.69%,0.63,15.37,16.98,71%
ABG,"Asbury Automotive Group Inc","Retail - Wsale Auto & Trucks",212.38,-0.25%,6,Sell,"8% Buy",-10.34,-16.37%,205.78,215.44,206.36,211.83,48.5,-33.62,-20.22,235641,Weakest,Minimum,53.60%,0.73,205.89,217.77,55%
PIPR,"Piper Jaffray Companies","Finance - Misc Services",76.96,-0.49%,3,Hold,"48% Sell",-10.36,-7.84%,78.05,75.18,78.25,75.57,55.28,-25.09,-20.93,622506,Weakening,Soft,82.51%,1.17,72.93,78.2,76%
CHSCP,"CHS Inc","Agriculture Operations",26.72,-0.26%,6,Buy,"56% Sell",-10.50,-9.39%,27.15,26.69,27.46,26.67,51.48,-26.64,-15.09,16304,Weakening,Good,61.04%,1.16,26.57,26.77,75%
NC,"Nacco Industries",Coal,40.33,-0.17%,4,Sell,"100% Sell",-10.57,+1.56%,47.5,44.81,49.29,41.77,36.13,-15.69,-29.31,12568,Strongest,Strong,25.03%,0.69,40.16,43.39,5%
BRT,"BRT Realty Trust","REIT - Equity Trust Resident",14.16,-0.98%,6,Sell,"40% Sell",-10.66,-11.22%,14.65,14.71,14.53,14.48,41.83,-28.47,-15.22,48289,Average,Soft,11.68%,1.28,14.05,14.92,13%
REXR,"Rexford Industrial Realty Inc","REIT - Equity Trust Other",37.07,-0.96%,5,Buy,"72% Buy",-10.81,-13.23%,35.87,36.56,35.82,36.98,51.53,-30.48,-15.81,2493554,Strengthening,Weak,43.75%,1.05,36.06,37.91,55%
GLAD,"Gladstone Cap Corp","Finance - SBIC & Commercial",19.68,-1.11%,6,Buy,"72% Buy",-10.83,-16.79%,19.35,19.58,18.96,19.83,48.42,-34.04,-16.29,188245,Weakening,Weak,49.14%,0.89,19.44,20.22,31%
FCN,"Fti Consulting",Consulting,150.91,-0.07%,6,Sell,"100% Sell",-10.90,-9.73%,157.83,155.53,161.8,152.3,44.87,-26.98,-23.21,414505,Strengthening,Strong,31.44%,1.06,149.1,155.5,28%
BXSL,"Blackstone Secured Lending Fund","Finance - SBIC & Commercial",24.42,-0.29%,6,Buy,"8% Buy",-11.31,-15.76%,23.95,23.99,24.01,24.68,49.38,-33.01,-18.8,2096458,Weakest,Minimum,26.44%,0.87,24.25,25.11,20%
MKL,"Markel Corp","Insurance - Multi Line",1785.74,0.00%,1,Sell,"88% Sell",-11.43,-7.42%,1869.16,1888.21,1908.93,1812.18,38.96,-24.67,-28.48,59884,Strongest,Strong,28.99%,0.92,1774.52,1849.84,15%
FRPH,"Frp Holdings Inc","Real Estate Operations",22.14,-0.36%,3,Sell,"56% Sell",-11.47,-12.73%,22.84,22.97,22.85,22.24,45.39,-29.98,-14.4,73219,Average,Soft,41.41%,1.34,21.72,22.76,40%
DGXX,"Digi Power X Inc","Technology Services",3.8,-2.81%,3,Sell,"72% Sell",-11.54,+49.61%,5.06,4.01,4.19,3.83,47.88,32.36,37.47,5525653,Average,Weak,51.61%,0.35,3.39,4.27,46%
IDR,"Idaho Strategic Resources","Mining - Gold",31.44,+1.09%,3,Buy,"56% Sell",-11.54,+13.13%,35.32,31.21,35.61,32.03,48.18,-4.12,-33.54,348685,Weakening,Soft,21.71%,0.79,29.8,34.25,37%
CYH,"Community Health Systems","Medical - Hospitals",2.95,+3.87%,6,Sell,"56% Sell",-11.57,-1.67%,2.99,3.08,3.06,2.94,50.05,-18.92,-17.,1662512,Weakest,Weak,30.59%,0.89,2.86,3.03,55%
EPAC,"Actuant Corp","Machinery - Tools & Related",36.41,-1.67%,3,Buy,"8% Sell",-11.87,-11.48%,35.5,36.14,36.48,37.06,46.17,-28.73,-16.34,441774,Weakening,Minimum,38.34%,0.64,36.34,37.78,5%
RAVE,"Rave Restaurant Group","Retail - Restaurants",2.97,+2.77%,4,Sell,"8% Buy",-11.91,-11.61%,3.04,3.16,2.95,3.07,39.16,-28.86,-21.55,50643,Weakest,Minimum,23.08%,0.91,2.95,3.19,8%
ULH,"Universal Logis Holdings","Transportation - Services",18.26,-1.78%,5,Buy,"24% Buy",-12.61,-25.32%,17.04,17,17.44,19.05,49.33,-42.57,8.66,59042,Weakest,Weak,26.06%,1.5,18.07,20.02,10%
MLP,"Maui Land & Pineapple Company","Real Estate Operations",16.05,-1.35%,1,Sell,"40% Sell",-12.71,-5.53%,16.63,16.61,16.51,15.93,46.94,-22.78,-16.8,20159,Average,Weak,52.41%,0.67,15.38,16.48,61%
WHF,"Whitehorse Finance","Finance - SBIC & Commercial",7.04,0.00%,4,Buy,"24% Buy",-12.92,-19.36%,6.9,6.75,6.94,7.08,54.45,-36.61,-10.26,110511,Weakest,Weak,40.18%,0.5,6.97,7.19,33%
LBTYA,"Liberty Global Ltd Ord A","Diversified Comm Services",10.51,-1.87%,7,Sell,"88% Sell",-13.01,-9.08%,11.23,10.6,11.55,10.61,46.56,-26.33,-17.21,2297292,Strengthening,Strong,38.17%,0.9,10.37,10.85,29%
EVER,"Everquote Inc Cl A","Internet - Software",23.36,-6.34%,2,Hold,"48% Buy",-13.01,-3.91%,22.02,25.21,19.96,25.06,40.05,-21.16,-25.03,762973,Weakest,Average,25.08%,1.87,23.4,26.72,-1%
CRNC,"Cerence Inc","IT Services",8.28,+0.24%,1,Sell,"72% Sell",-13.13,-14.11%,9.62,9.01,8.92,8.34,45,-31.36,-34.09,976450,Strengthening,Soft,66.93%,0.96,7.73,8.95,45%
DMAC,"Diamedica Therapeutics Inc","Medical - Biomedical",6.59,+0.76%,2,Sell,"40% Sell",-13.19,-8.60%,6.48,6.9,6.8,6.62,48.58,-25.85,-28.76,235555,Weakening,Weak,55.96%,0.97,6.35,6.89,44%
CRAI,"Cra International",Consulting,165.52,-1.51%,5,Hold,"16% Buy",-13.37,-15.86%,158.42,169.17,160.72,171.27,41.69,-33.11,-29.08,151848,Weakest,Minimum,21.44%,0.59,164.73,177.8,6%
UI,"Ubiquiti Networks","Wireless Equipment",520.58,-10.33%,5,Hold,"80% Sell",-13.49,-13.05%,640.79,558.02,688.37,579.69,33.66,-30.3,-17.47,117564,Strengthening,Average,43.98%,3.03,543.6,615.77,-32%
RILY,"Brc Group Holdings Inc","Finance - Misc Services",6.79,-3.55%,4,Sell,"88% Sell",-13.61,+27.99%,7.97,7.19,7.7,7.11,41.49,10.74,33.85,1123967,Strongest,Soft,42.68%,0.74,6.69,7.53,12%
FPH,"Five Point Holdings Llc Cl A","Real Estate Developers",5.07,-0.39%,2,Hold,"48% Sell",-13.70,-14.93%,5.09,5.17,5.12,5.12,44.73,-32.18,-20.85,169490,Strengthening,Weak,41.27%,1.11,5.04,5.2,20%
PXLW,"Pixelworks Inc","Technology Services",6.97,-0.14%,3,Buy,"100% Buy",-13.83,-40.48%,6.3,6.39,6.13,6.89,55.98,-57.73,-1.96,68745,Strengthening,Average,69.98%,1.01,6.56,7.23,62%
INKT,"Mink Therapeutics Inc","Medical - Biomedical",11.9,+3.93%,7,Buy,"56% Buy",-13.86,-22.53%,11.39,11.17,11.22,11.47,56.04,-39.78,-4.82,107600,Strengthening,Weak,59.39%,1.64,10.8,12.15,82%
LBTYK,"Liberty Global Ltd Ord C","Broadcast - Radio & TV",10.35,-0.77%,5,Sell,"64% Sell",-13.91,-11.72%,10.91,10.32,11.24,10.36,49.37,-28.97,-17.75,1225047,Strengthening,Strong,54.23%,1.9,10.11,10.6,50%
LONA,"Leonabio Inc","Medical - Biomedical",7.04,-12.22%,6,Sell,"56% Sell",-14.08,+83.29%,8.55,7.94,8.19,7.78,38.84,66.04,-18.55,364249,Strengthening,Weak,25.44%,1.65,7.33,8.24,-31%
KBDC,"Kayne Anderson Bdc Inc","Finance - SBIC & Commercial",13.07,-0.91%,1,Sell,"100% Sell",-14.19,-14.41%,14.03,13.57,14,13.43,35.87,-31.66,-20.28,339860,"Top 1%",Strong,32.74%,0.67,13.13,13.73,-11%
AUNA,"Auna Sa Cl A","Medical Services",5.17,-1.34%,5,Buy,"56% Buy",-14.27,-18.71%,5.05,5.2,5.13,5.26,47.16,-35.96,-6.47,308888,Weakest,Weak,48.37%,0.48,5.08,5.44,24%
LADR,"Ladder Capital Corp","REIT - Mortgage Trusts",9.79,+0.10%,5,Hold,"80% Sell",-14.36,-16.54%,10.01,9.82,10.06,9.88,47.54,-33.79,-22.47,890107,Strengthening,Average,28.33%,0.9,9.68,10.09,27%
KRC,"Kilroy Realty Corp","REIT - Equity Trust Other",35.28,-2.41%,1,Sell,"8% Buy",-14.51,-16.00%,36.49,37.91,34.37,36.51,35.99,-33.25,-17.14,1720290,Weakening,Minimum,35.98%,1.25,35.61,37.41,-18%
GXO,"Gxo Logistics Inc","Transportation - Air Freight",46.19,-1.11%,3,Sell,"100% Sell",-14.62,-9.24%,50.28,49.52,52.56,47.15,42.5,-26.49,-23.8,1318428,Strongest,Strong,54.56%,1.4,45.34,48.96,24%
VTEX,"Vtex Cl A","Internet - Software",3.52,-0.56%,1,Sell,"40% Sell",-14.71,-13.51%,3.85,3.94,3.78,3.63,35.33,-30.76,-17.93,1180082,Strengthening,Weak,36.46%,1.37,3.45,3.81,19%
NRDS,"Nerdwallet Inc Cl A","Finance - Misc Services",9.37,-1.99%,4,Hold,"32% Sell",-14.81,-13.64%,9.32,9.54,9.67,9.85,42.92,-30.89,-42.4,853766,Weakest,Weak,17.57%,1.16,9.46,10.24,-12%
NVO,"Novo Nordisk A/S ADR","Large Cap Pharma",44.56,-1.33%,2,Sell,"24% Sell",-14.93,-17.94%,45.85,47.75,44,46.23,41.34,-35.19,-23.97,17461857,Average,Minimum,17.94%,0.78,44.31,48.16,7%
CVGI,"Commercial Vehicle G","Auto - Truck Original Parts",3.04,-4.10%,1,Sell,"56% Sell",-15.10,+65.22%,4.39,3.93,3.82,3.16,35.4,47.97,99.56,632157,Strengthening,Soft,44.23%,0.54,2.99,3.33,16%
IVA,"Inventiva S.A. ADR","Medical - Biomedical",4.45,-4.71%,5,Hold,"64% Sell",-15.23,-16.98%,4.61,4.54,5.08,4.71,41.46,-34.23,-15.85,615779,Average,Soft,32.24%,1.9,4.51,4.91,-14%
NOMD,"Nomad Foods Ltd","Food - Misc & Diversified",11.18,-2.44%,3,Hold,"32% Buy",-15.31,-20.99%,10.84,11.7,10.83,11.7,40.83,-38.24,-22.18,1634962,Weakest,Weak,14.03%,1.21,11.18,12.22,0%
DORM,"Dorman Products Inc","Auto - Truck Replacement Parts",126.6,-1.69%,1,Sell,"24% Buy",-15.47,-22.43%,127.86,134.87,123.03,130.83,41.18,-39.68,-8.78,249172,Weakest,Weak,37.78%,0.74,125.81,135.86,8%
MSDL,"MS Direct Lending Fund","Finance - SBIC & Commercial",14.77,-1.80%,3,Sell,"64% Sell",-15.49,-17.58%,15.28,15.28,15.15,15.29,35.49,-34.83,-21.93,694984,Strongest,Soft,14.27%,0.86,14.97,15.61,-31%
AMC,"AMC Entertainment Holdings","Leisure & Recreation Services",2.46,-3.91%,7,Buy,"88% Buy",-15.74,-12.46%,2.09,2.39,1.79,2.57,46.81,-29.71,46.14,34621746,Weakening,Strong,60.56%,0.6,2.4,2.73,19%
VATE,"Innovate Corp","Conglomerates - Div Operations",6.79,-3.41%,1,Sell,"72% Sell",-15.91,+41.16%,11.76,8.94,9.74,7.55,38.28,23.91,38.67,150546,Strengthening,Soft,16.06%,0.23,6.97,8.13,-15%
CC,"Chemours Company","Chemical - Diversified",15.04,-2.65%,4,Sell,"88% Sell",-16.01,-9.78%,19.87,16.67,19.78,15.56,41.38,-27.03,16.02,2858251,Strongest,Good,22.09%,0.71,15.02,16.09,2%
SHEN,"Shenandoah Telecom","Diversified Comm Services",11.92,-2.21%,3,Sell,"88% Sell",-16.11,-12.55%,14.22,12.54,14.22,12.47,40.47,-29.8,-8.44,365746,Strongest,Good,43.83%,1.6,11.72,13.22,14%
PRTH,"Priority Techno Holdings Inc","Technology Services",5.43,-1.18%,6,Sell,"40% Sell",-16.67,-30.09%,6.05,6.13,5.77,5.48,42.11,-47.34,-12.01,371093,Weakening,Weak,45.90%,0.66,5.2,5.75,40%
PLUG,"Plug Power Inc","Electronics Products - Misc",2.17,-3.98%,2,Sell,"88% Sell",-16.68,+53.90%,2.74,2.22,2.57,2.21,48.01,36.65,-1.4,78255969,Strengthening,Average,50.00%,0.83,2.07,2.35,36%
LGCY,"Legacy Education Inc",Schools,10.3,-1.53%,2,Sell,"100% Sell",-16.80,-19.22%,11.41,11.32,11.87,10.63,36.49,-36.47,-10.47,53454,Strongest,Average,14.24%,0.25,10.21,11.05,10%
KREF,"KKR Real Estate Finance Trust Inc","REIT - Mortgage Trusts",7.37,-1.21%,3,Buy,"56% Buy",-16.96,-24.57%,7.03,7.39,6.93,7.55,46.06,-41.82,-21.89,1160631,Weakest,Weak,40.76%,0.59,7.33,7.77,10%
DAKT,"Daktronics Inc","Electronics Products - Misc",19.05,-3.15%,3,Sell,"88% Sell",-16.96,+9.29%,19.88,19.9,20.8,19.54,41.78,-7.96,-15.19,505660,Strongest,Soft,15.64%,1.15,18.62,20.46,23%
AKA,"A.K.A. Brands Holding Corp","Retail - Apparel & Shoes",10.42,-2.89%,2,Sell,"32% Sell",-17.11,+0.57%,10.46,10.91,10.42,10.71,43.84,-16.68,-14.17,5069,Weakening,Minimum,30.10%,1.75,10.3,11.13,14%
NSSC,"Napco Sec Tech Inc","Protection - Safety",35.91,-3.17%,2,Sell,"100% Sell",-17.11,-10.45%,38.23,37.28,39.79,36.98,42.77,-27.7,-25.43,479120,Strongest,Average,15.44%,0.9,34.71,39.24,26%
STEP,"Stepstone Group Inc Cl A","Finance - Misc Services",49.94,-1.58%,5,Buy,"8% Sell",-17.35,-18.06%,48.11,46.48,48.62,50.01,53.11,-35.31,-33.73,1170533,Weakest,Minimum,54.19%,0.92,47.87,52.14,48%
TARA,"Artara Therapeutics Inc","Medical - Drugs",3.83,-1.54%,1,Sell,"100% Sell",-17.38,+23.15%,4.35,4,4.81,3.92,42.39,5.9,-39.69,816525,Strengthening,Good,44.78%,0.62,3.81,4.02,8%
ADT,"ADT Inc","Protection - Safety",7.05,-2.35%,2,Sell,"16% Sell",-17.71,-18.02%,7.05,7.22,7.06,7.38,37.83,-35.27,-24.19,9348782,Weakening,Minimum,41.73%,0.85,7.13,7.62,-17%
ASTE,"Astec Inds Inc","Machinery - Construct & Mining",42.32,-1.35%,3,Sell,"88% Sell",-17.85,-7.66%,51.82,49.28,53.54,42.87,39.5,-24.91,-13.86,218521,Strongest,Strong,60.97%,0.58,41.09,44.65,35%
MITT,"Tpg Mortgage Investment Trust Inc","REIT - Mortgage Trusts",6.68,-1.47%,4,Sell,"100% Sell",-17.87,-13.81%,7.47,7.12,7.62,6.71,41.5,-31.06,-33.15,231252,Strongest,Strong,72.56%,1.26,6.62,6.8,32%
JL,"J-Long Group Limited","Textile - Apparel",4.8,+1.69%,2,Sell,"72% Sell",-17.89,-16.23%,5.86,5.39,5.64,4.74,43.3,-33.48,-33.06,37294,Strengthening,Average,70.97%,0.21,4.37,5.11,58%
ACFN,"Acorn Energy Inc","Electronics Products - Misc",19,-2.59%,6,Hold,"80% Buy",-17.91,-34.95%,18.12,18.98,18.3,19.46,47.89,-52.2,14.24,30495,Strengthening,Weak,39.18%,0.84,17.98,20.94,34%
GNLX,"Genelux Corp","Medical - Biomedical",2.52,-0.79%,5,Sell,"88% Sell",-18.07,-31.34%,2.83,2.79,2.76,2.65,41.46,-48.59,-53.75,223176,Average,Soft,17.62%,0.42,2.45,2.85,18%
CULP,"Culp Inc","Textile - Home Furnishings",3.49,+2.05%,2,Sell,"56% Buy",-18.08,-23.30%,3.31,3.44,3.24,3.39,55.9,-40.55,-13.52,36794,Strengthening,Weak,67.52%,26.23,3.25,3.52,88%
WKEY,"Wisekey International Holding Ltd ADR","Protection - Safety",6.28,-1.57%,2,Sell,"100% Sell",-18.26,+20.31%,7.32,6.58,7.17,6.5,45.15,3.06,-31.55,129255,Strongest,Average,45.36%,0.37,6.12,6.88,21%
TBCH,"Turtle Beach Corp","Computers - Peripheral Equpt",12.08,-1.79%,1,Hold,"24% Sell",-18.28,-19.68%,12.4,12.66,12.16,12.53,44.1,-36.93,-25.45,296158,Average,Minimum,27.74%,0.67,11.98,13.08,9%
RPT,"Rithm Property Trust Inc","REIT - Equity Trust Resident",12.83,-0.31%,5,Hold,"64% Sell",-18.29,-22.52%,13.67,12.81,13.86,12.97,49.76,-39.77,-34.17,51453,Average,Good,62.83%,0.07,12.55,13.39,34%
RAIL,"Freightcar America","Transportation - Equip & Lease",6.74,-8.17%,1,Sell,"100% Sell",-18.45,-19.57%,8.05,7.77,8.94,7.15,38.11,-36.82,-50.66,195221,"Top 1%",Strong,53.55%,1.97,6.7,7.61,4%
EVAX,"Evaxion A/S ADR","Medical Information Systems",3.29,+3.79%,4,Buy,"40% Sell",-18.48,+17.50%,3.51,3.1,3.54,3.18,58.45,0.25,-42.58,99261,Weakest,Weak,43.49%,0.25,2.93,3.42,74%
JYNT,"The Joint Corp","Medical - HMO",8.09,-1.22%,2,Sell,"100% Sell",-18.62,-23.97%,8.69,8.56,8.72,8.38,38.02,-41.22,-18.77,85638,Strongest,Average,18.17%,1.18,8.11,8.65,-4%
GTN,"Gray Media Inc","Broadcast - Radio & TV",4.77,0.00%,1,Buy,"24% Buy",-18.85,-18.46%,4.48,4.44,4.61,4.91,50.63,-35.71,-13.,1308538,Weakest,Weak,31.01%,0.91,4.69,5.14,17%
ATHM,"Autohome Inc ADR","Internet - Services",21.4,-1.97%,1,Sell,"40% Buy",-18.88,-27.11%,19.88,21.7,19.61,22.17,43.5,-44.36,-15.41,695801,Weakest,Soft,40.02%,0.75,21.35,22.99,3%
WLDN,"Willdan Group Inc","Business Services",82.39,-5.57%,5,Buy,"40% Sell",-19.08,-13.10%,82.83,79.12,85.7,85.81,46.34,-30.35,-32.07,315615,Weakening,Weak,47.18%,0.87,82.64,88.98,-4%
PHUN,"Phunware Inc","Internet - Software",2.02,-0.98%,2,Sell,"16% Buy",-19.24,-24.63%,2.08,2.11,1.98,2.08,40.09,-41.88,-2.36,140426,Weakest,Minimum,31.47%,0.65,2.02,2.14,-4%
TE,"T1 Energy Inc",Solar,4.91,-2.96%,1,Sell,"72% Sell",-19.40,+153.09%,6.59,5.54,6.52,4.65,49.69,135.84,-38.05,26323002,Average,Average,66.52%,0.6,4.14,5.16,75%
TRTX,"Tpg Re Finance Trust Inc","Real Estate Operations",7.65,-0.91%,3,Sell,"100% Sell",-19.48,-19.56%,8.29,8.15,8.29,7.83,35.77,-36.81,-22.7,728037,"Top 1%",Strong,42.73%,0.76,7.62,8.03,6%
ATLX,"Atlas Lithium Corp","Mining - Misc",3.3,+1.54%,8,Buy,"40% Sell",-19.48,-35.42%,3.8,3.15,4.11,3.23,54.32,-52.67,-33.54,532664,Weakest,Good,63.94%,1.66,3.03,3.43,68%
KR,"Kroger Company","Retail - Supermarket",56.44,-1.33%,5,Sell,"100% Sell",-19.65,-16.55%,61.07,57.7,64.21,57.4,42.81,-33.8,-21.22,6810474,Strengthening,Strong,56.87%,1.07,55.5,59.3,25%
VNDA,"Vanda Pharmaceuticals","Medical - Biomedical",5.25,-1.50%,8,Sell,"100% Sell",-19.69,+16.41%,5.93,5.48,6.48,5.35,45.94,-0.84,-52.03,1661136,Strongest,Average,31.06%,0.81,5.1,5.59,30%
NCDL,"Nuveen Churchill Direct Lending Corp","Finance - SBIC & Commercial",12.2,-0.57%,3,Sell,"100% Sell",-19.75,-22.64%,12.9,12.5,13.07,12.39,42.19,-39.89,-20.1,234768,Strongest,Strong,26.51%,0.77,12.15,12.64,11%
LMRI,"Lumexa Imaging Holdings Inc","Medical Products",11.28,-2.25%,3,Buy,N/A,-19.83,N/A,10.28,11.53,10.92,11.84,44.89,N/A,-50.58,N/A,N/A,N/A,35.54%,0.55,11.32,12.36,-4%
GEG,"Great Elm Group Inc","Conglomerates - Div Operations",2.2,0.00%,7,Buy,"8% Sell",-19.96,-21.43%,2.19,2.18,2.13,2.17,53.26,-38.68,-25.28,25642,Weakest,Minimum,62.96%,0.92,2.12,2.22,79%
RM,"Regional Managment Corp","Finance - Consumer Loans",32.83,-0.58%,5,Sell,"40% Sell",-20.22,-21.72%,36.79,36.83,35.75,33.12,43.04,-38.97,-26.83,67835,Average,Average,45.76%,0.46,31.73,34.52,39%
LMAT,"Lemaitre Vascular","Medical Products",79.47,-0.15%,2,Sell,"88% Sell",-20.25,-16.89%,95.79,91.08,98.41,81.02,36.4,-34.14,-13.56,266482,Strengthening,Strong,28.27%,0.86,78.48,83.56,19%
VFS,"Vinfast Auto Ltd","Auto - Domestic",3.06,-1.29%,2,Buy,"72% Sell",-20.35,-7.27%,3.39,3.11,3.4,3.11,44.96,-24.52,-19.93,517282,Average,Average,16.57%,0.69,3.05,3.17,6%
BV,"Brightview Holdings Inc","Agriculture Products",11.31,+1.16%,5,Sell,"64% Sell",-20.35,-17.57%,12.67,12.67,12.64,11.29,43.23,-34.82,-22.28,742667,Weakening,Good,47.85%,0.92,10.88,11.7,53%
XRAY,"Dentsply Sirona Inc","Medical - Dental Suppliers",10.72,-2.46%,1,Sell,"56% Sell",-20.40,-22.93%,11.43,12.15,11.75,11.11,38.46,-40.18,-17.76,4701802,Strengthening,Soft,38.29%,0.71,10.6,11.63,11%
CLB,"Core Laboratories Inc","Oil - Field Services",12.62,+1.20%,7,Buy,"40% Sell",-20.51,-1.48%,12.76,11.72,14.21,12.41,59.87,-18.73,-32.82,550019,Weakest,Average,74.19%,0.51,12.04,12.77,79%
RDY,"Dr. Reddy's Laboratories Ltd ADR","Medical - Generic Drugs",11.88,0.00%,2,Sell,"100% Sell",-21.01,-18.52%,13.01,12.48,13.33,12.15,35.78,-35.77,-26.93,2229430,Strongest,Strong,23.10%,1.27,11.87,12.43,1%
ANGH,"Anghami Inc","Broadcast - Radio & TV",3.28,-5.20%,3,Hold,"32% Sell",-21.11,+5.11%,3.71,3.44,3.47,3.46,43.57,-12.14,-24.55,265356,Average,Weak,30.15%,0.56,3.19,3.72,16%
CRTO,"Criteo S.A. ADR","Internet Software Services",17.44,-1.69%,3,Sell,"56% Sell",-21.18,-24.60%,18.74,19.69,18.56,17.67,43.58,-41.85,-26.93,459059,Average,Weak,43.52%,0.77,16.74,18.6,38%
ADV,"Advantage Solutions Inc","Consumer Prdts - Misc Discr",31.26,+1.23%,7,Sell,"8% Sell",-21.23,-34.53%,36.63,35.79,30.79,32.75,42.26,-51.78,30.54,81884,Weakest,Minimum,16.65%,0.41,30.45,35.05,18%
PAC,"Grupo Aeroportuario Del Pacifico ADR","Transportation - Services",207.95,+1.25%,1,Sell,"100% Sell",-21.26,-17.22%,232.41,219.22,239.9,208.43,44.99,-34.47,-32.67,116604,Strengthening,Strong,38.45%,0.72,201.63,215.23,46%
TIPT,"Tiptree Financial Cl A","Insurance - Brokers",17.81,-0.89%,7,Hold,"64% Buy",-21.38,-22.40%,17.71,18.07,17.42,18.23,42.69,-39.65,-14.07,241559,Weakest,Weak,42.17%,0.86,17.7,18.76,10%
WU,"Western Union Company","Financial Transaction Services",6.94,-0.86%,4,Sell,"100% Sell",-21.46,-19.68%,7.93,7.57,8.41,7.23,38.82,-36.93,-37.01,8879956,Strongest,Strong,20.14%,0.85,6.97,7.49,-5%
NGVC,"Natural Grocers By Vitamin Cottage Inc","Food Items - Wholesale",27.37,+0.77%,3,Sell,"40% Sell",-21.81,-24.60%,29.63,30.06,28.4,27.61,42.83,-41.85,-2.29,179158,Weakest,Weak,34.30%,1.27,26.91,28.31,33%
LAZ,"Lazard Inc","Finance - Misc Services",42.67,-3.13%,6,Buy,"72% Sell",-21.88,-22.73%,44.54,43.15,45.26,43.78,46.21,-39.98,-23.68,1513926,Average,Average,46.48%,0.82,42.07,45.49,17%
PSBD,"Palmer Square Capital Bdc Inc","Finance - SBIC & Commercial",10.23,-0.29%,3,Buy,"56% Sell",-22.04,-25.33%,10.47,10.16,10.55,10.32,47.94,-42.58,-27.63,113162,Strengthening,Soft,36.18%,0.49,10.18,10.46,17%
TSQ,"Townsquare Media Llc","Broadcast - Radio & TV",5.16,-6.35%,1,Sell,"72% Sell",-22.09,-27.43%,6.35,6.16,6.38,5.71,28.5,-44.68,-11.16,112415,Strongest,Good,4.29%,1.17,5.4,6.02,-39%
CATX,"Perspective Therapeutics Inc","Medical - Drugs",2.99,-4.17%,7,Hold,"80% Sell",-22.34,-11.28%,3.39,3.13,3.86,3.18,42.57,-28.53,-2.82,2090359,Strengthening,Soft,14.38%,1.14,2.98,3.38,2%
CCI,"Crown Castle","REIT - Equity Trust Other",75.18,-1.04%,8,Sell,"100% Sell",-22.48,-20.44%,82.39,76.21,83.49,75.54,46.24,-37.69,-26.95,3480966,Strongest,Strong,42.53%,0.61,73.94,77.13,39%
NAVI,"Navient Corp","Finance - Consumer Loans",9.28,-2.01%,7,Buy,"24% Buy",-22.49,-30.90%,8.65,8.89,8.66,9.33,51.46,-48.15,-40.17,1078394,Weakest,Minimum,55.03%,1.14,8.93,9.72,44%
OZ,"Belpointe Prep Llc Cl A Units","Real Estate Developers",47.8201,-0.69%,3,Buy,"24% Sell",-22.63,-24.69%,47.57,46.55,49.02,47.91,52.83,-41.94,-38.01,13163,Weakest,Weak,41.06%,0.95,47.13,48.7,44%
INFQ,"Infleqtion Inc","Computer - Integrated Systems",13.26,-2.93%,6,Buy,"8% Buy",-22.68,+29.24%,12.88,11.65,12.5,13.06,54.49,11.99,-26.55,8535204,Weakening,Minimum,53.27%,0.72,11.92,14.21,59%
LOAN,"Manhattan Bridge","Finance - Consumer Loans",4.07,-1.21%,2,Sell,"100% Sell",-22.74,-24.35%,4.26,4.19,4.31,4.08,46.69,-41.6,-24.02,29424,Strongest,Average,60.42%,0.81,4,4.16,43%
EARN,"Ellington Credit Company","REIT - Mortgage Trusts",4.32,-0.46%,9,Sell,"88% Sell",-22.86,-23.40%,4.54,4.39,4.61,4.4,42.81,-40.65,-29.58,418833,Strengthening,Good,20.00%,0.41,4.31,4.49,7%
FBIO,"Fortress Biotech Inc","Medical - Biomedical",2.63,-2.95%,2,Sell,"56% Sell",-23.07,-26.74%,2.81,3.02,2.89,2.8,38.57,-43.99,-39.69,656495,Strengthening,Weak,16.63%,0.48,2.61,2.98,4%
JBTM,"Jbt Marel Corporation","Technology Services",113.93,-1.75%,2,Sell,"100% Sell",-23.21,-18.10%,128.99,128.59,133.91,117.1,35.57,-35.35,-35.93,543833,"Top 1%",Strong,34.60%,0.92,113.88,120.32,1%
KBR,"KBR Inc","Engineering & R&D Services",36.14,-2.43%,3,Hold,"16% Sell",-23.23,-26.71%,35.57,36.8,36.78,37.62,41.67,-43.96,-21.65,1566120,Weakest,Minimum,17.95%,0.7,36.44,38.81,-13%
SGRY,"Surgery Partners CS","Medical Services",14.12,+1.15%,1,Sell,"40% Sell",-23.27,-35.64%,14.77,15.28,14.35,14.24,45.93,-52.89,-20.16,1673859,Weakening,Weak,49.12%,0.85,13.32,15.17,43%
VNT,"Vontier Corp","Technology Services",31.86,-2.18%,1,Hold,"16% Sell",-23.30,-25.18%,31.37,31.74,33.7,32.8,44.36,-42.43,-25.86,1414835,Weakening,Weak,41.56%,0.71,31.76,33.83,5%
LEU,"Centrus Energy Corp","Mining - Non Ferrous",181.49,-2.18%,4,Hold,"16% Sell",-23.31,-16.71%,181.04,175.03,188.36,181.21,51.43,-33.96,-36.79,909231,Weakest,Weak,37.93%,0.73,165.28,197.14,51%
SLRC,"Slr Investment Corp","Finance - SBIC & Commercial",12.41,-0.40%,3,Sell,"100% Sell",-23.38,-25.64%,13.23,12.79,13.72,12.65,40.58,-42.89,-31.28,362383,Strongest,Strong,24.21%,1.09,12.35,12.95,9%
BBWI,"Bath & Body Works Inc","Retail - Misc & Diversified",17.71,-6.30%,3,Sell,"88% Sell",-23.50,-37.24%,19.56,19.88,19.93,18.94,40.15,-54.49,-23.35,6344330,Strongest,Average,39.11%,1.09,17.69,20.19,1%
UPBD,"Upbound Group Inc","Finance - Leasing Companies",18.11,-1.84%,3,Sell,"40% Sell",-23.60,-28.48%,19.37,20.02,19.37,19,38.74,-45.73,-8.42,866574,Strengthening,Weak,32.28%,0.84,18.09,19.9,1%
DSWL,"Deswell Inds Inc","Electronics - Misc Components",3.09,+0.65%,2,Sell,"96% Sell",-23.90,-28.64%,3.35,3.31,3.36,3.09,45.66,-45.89,-22.24,11349,Average,Good,60.16%,0.42,2.96,3.22,48%
WSO,"Watsco Inc","Machinery - General Industrial",309.75,-1.98%,1,Sell,"100% Sell",-24.10,-22.91%,372.52,342.44,379.98,312.35,41.19,-40.16,-19.62,441967,Strongest,Strong,66.11%,0.69,305.38,319.31,31%
NVR,"NVR Inc","Building - Residential & Comm",6187.2998,+1.15%,3,Sell,"88% Sell",-24.49,-25.24%,6326.03,6389.68,6565.75,6322.88,43.34,-42.49,-26.71,27927,Strongest,Average,18.50%,1.16,6171.66,6474.09,5%
TLK,"P.T. Telekomunikasi Indonesia Tbk ADR","Diversified Comm Services",15,-0.53%,4,Buy,"40% Sell",-24.51,-20.34%,15.43,14.58,16.78,14.79,55.65,-37.59,-40.29,749719,Weakest,Average,65.48%,0.83,14.44,15.15,79%
SNAP,"Snap Inc","Internet - Software",5.31,-2.21%,5,Buy,"8% Sell",-24.52,-27.06%,5.3,5.04,5.18,5.4,49.62,-44.31,-45.75,45244387,Weakest,Minimum,36.48%,0.96,5.01,5.78,39%
ADMA,"Adma Biologics","Medical - Biomedical",9.45,-0.94%,2,Buy,"8% Sell",-24.71,-42.34%,9.07,9.18,10.62,9.57,50.58,-59.59,-59.74,4069431,Weakest,Weak,35.58%,1.01,9.2,9.93,34%
WLTH,"Wealthfront Corp","Mining - Gold",9.46,-1.77%,3,Hold,N/A,-24.76,N/A,9.92,9.32,9.53,9.27,53.03,N/A,-41.94,N/A,N/A,N/A,79.79%,3.62,8.87,9.66,74%
PBH,"Prestige Brand Holdings","Medical Products",48.7,-2.19%,1,Sell,"56% Sell",-24.86,-26.22%,50.59,50.76,54.77,51.45,38.81,-43.47,-32.61,538376,Average,Average,22.92%,0.94,49.35,53.54,-16%
TMUS,"T-Mobile US","Wireless National",177.34,-2.39%,9,Buy,"72% Sell",-24.97,-26.94%,184.8,181.47,192.98,181.7,44.06,-44.19,-24.21,5536065,Average,Average,29.04%,0.73,176.34,187.06,9%
VYGR,"Voyager Therapeut","Medical - Biomedical",3.25,-4.41%,5,Buy,"72% Sell",-25.00,-18.85%,3.54,3.31,3.67,3.38,44.71,-36.1,-28.85,599919,Average,Average,48.48%,0.87,3.17,3.59,18%
SMSI,"Smith Micro Software","Computer - Software",2.8,-1.41%,2,Buy,"40% Sell",-25.01,-26.21%,3.27,2.75,3.25,2.91,43.74,-43.46,-7.88,78177,Average,Average,15.28%,0.14,2.79,3.03,6%
COTY,"Coty Inc","Cosmetics & Toiletries",2.69,-2.54%,3,Buy,"72% Buy",-25.74,-36.71%,2.4,2.65,2.39,2.8,46.21,-53.96,-24.21,9025125,Weakening,Soft,51.27%,0.66,2.61,2.99,20%
PMT,"Pennymac Mortgage Investment Trust","REIT - Mortgage Trusts",9.42,-1.98%,5,Sell,"100% Sell",-26.25,-23.97%,10.28,9.74,10.83,9.43,46.55,-41.22,-36.49,1239926,Strongest,Strong,70.95%,1.23,9.17,9.69,48%
PASG,"Passage Bio Inc","Medical - Biomedical",4.94,+1.86%,6,Buy,"56% Sell",-26.60,-29.43%,5.06,4.63,6.25,4.58,59.87,-46.68,-69.69,66366,Weakest,Average,64.90%,6.37,4.28,4.88,109%
KAZR,"Skyline Builders Group Holding Limited Cl A","Engineering & R&D Services",2.25,+3.21%,1,Sell,"88% Sell",-26.69,+25.00%,2.8,2.27,2.9,2.1,54.63,7.75,-35.02,200694,Average,Average,80.23%,1.65,1.92,2.27,94%
PUSA,"Aureus Greenway Holdings Inc","Leisure & Recreation Services",3.68,+0.27%,4,Buy,"40% Sell",-26.95,-10.24%,3.93,3.53,4.01,3.67,51.55,-27.49,5.28,851818,Weakening,Weak,51.82%,0.7,3.33,4.02,51%
PWP,"Perella Weinberg Partners","Finance - Misc Services",16.04,-3.26%,5,Hold,"80% Sell",-27.01,-26.32%,17.19,16.35,17.85,16.7,44.47,-43.57,-18.83,1050451,Strengthening,Good,40.32%,0.68,15.78,17.62,14%
AI,"C3.Ai Inc Cl A","IT Services",10.38,-1.24%,5,Buy,"24% Buy",-27.06,-34.05%,9.64,9.6,9.52,10.26,53.59,-51.3,-34.55,6046502,Weakest,Minimum,60.44%,0.94,9.6,10.92,59%
GLIBA,"Gci Liberty Inc Series A Gci","Wireless National",25.87,-1.22%,6,Buy,"24% Sell",-27.09,-28.59%,25.52,24.45,29.58,26.47,50.77,-45.84,-41.38,64365,Weakening,Weak,34.48%,0.43,25.76,27.19,8%
YALA,"Yalla Group Ltd ADR","Internet - Software",5.45,-0.37%,3,Buy,"56% Sell",-27.49,-29.22%,5.78,5.44,6.1,5.5,47.58,-46.47,-33.02,305634,Weakening,Average,37.33%,0.97,5.36,5.64,32%
LKQ,"LKQ Corp","Auto - Truck Replacement Parts",24.19,-2.85%,5,Sell,"88% Sell",-27.57,-25.13%,26.3,25.2,27.93,25.29,40.97,-42.38,-31.45,3263035,Strengthening,Strong,28.69%,1.12,24.39,26.18,-11%
GLIBK,"Gci Liberty Inc Series C Gci","Wireline National",25.44,-1.85%,4,Buy,"24% Sell",-27.68,-29.35%,25.2,24.07,29.36,26.01,50.99,-46.6,-43.18,607631,Weakening,Weak,51.97%,0.52,25.3,26.71,10%
DAIO,"Data I O Corp","Electronics - Misc Components",2.78,-0.71%,3,Sell,"56% Sell",-27.77,-20.34%,3.21,3.13,3.03,2.93,36.48,-37.59,-23.85,46721,Strengthening,Weak,8.41%,0.48,2.7,3.17,17%
DPZ,"Domino's Pizza Inc","Retail - Restaurants",321.46,-4.16%,2,Sell,"56% Sell",-27.81,-29.96%,327.84,334.98,346.48,341.75,38.98,-47.21,-34.43,872148,Average,Average,25.47%,0.89,326.29,357.2,-16%
FSV,"Firstsrvce Sub VT Sh","Real Estate Operations",137.87,-0.71%,3,Sell,"72% Sell",-27.81,-33.04%,139.96,142.62,142.72,141.71,42.83,-50.29,-22.9,216761,Strengthening,Weak,35.75%,0.83,137.1,146.32,8%
PHAR,"Pharming Group N.V. ADR","Medical - Biomedical",10.97,-4.61%,3,Sell,"100% Sell",-28.20,-26.23%,13.09,12.24,14.14,11.63,41,-43.48,-49.47,19652,Strongest,Strong,22.53%,0.78,10.99,12.27,-1%
LSF,"Laird Superfood Inc","Food - Misc & Diversified",3.95,+0.25%,3,Sell,"40% Buy",-28.32,-33.05%,3.89,4.27,3.44,4.11,46.16,-50.3,66.38,76535,Weakest,Weak,25.50%,0.73,3.64,4.58,33%
RPC,"Ridgepost Capital Inc","Finance - Misc Services",8.12,-1.81%,3,Sell,"40% Sell",-28.39,-32.28%,8.3,8.48,8.2,8.61,38.85,-49.53,-28.78,588630,Weakening,Weak,26.34%,0.89,8.2,9.02,-9%
LMND,"Lemonade Inc","Insurance - Multi Line",49.22,-2.63%,7,Sell,"88% Sell",-28.45,-6.87%,58.11,58.35,59.02,52.32,38.76,-24.12,-42.4,1945093,Strongest,Average,27.60%,1.12,49.13,55.51,1%
ADNT,"Adient Plc","Auto - Truck Original Parts",18.32,-2.45%,4,Sell,"100% Sell",-28.70,-23.86%,20.64,19.65,21.2,19.27,42.29,-41.11,-15.98,1029281,Strongest,Strong,38.60%,0.76,18.05,20.49,11%
CHKP,"Check Point Software",Security,135.06,+1.63%,5,Buy,"8% Buy",-28.76,-31.29%,129.91,132.44,138.21,132.8,53.56,-48.54,-38.76,1289780,Weakest,Weak,55.25%,0.7,126.27,139.33,67%
ONEW,"Onewater Marine Inc Cl A","Leisure & Recreational Prdcts",11.21,-4.11%,3,Hold,"16% Buy",-28.84,-30.93%,11.49,12.05,11.2,11.84,41.22,-48.18,-7.95,143197,Weakest,Minimum,47.40%,1.33,11.17,12.51,3%
MMLP,"Martin Midstrm LP","Transportation - Ship",2.2,0.00%,1,Sell,"100% Sell",-28.91,-31.36%,2.44,2.35,2.55,2.31,41.94,-48.61,-27.26,21571,Strengthening,Strong,55.56%,0.29,2.17,2.45,11%
BRID,"Bridgford Foods Corp","Food - Misc & Diversified",5.83,-1.85%,1,Sell,"100% Sell",-28.92,-25.64%,6.86,6.32,7.11,6.15,35.74,-42.89,-36.81,3626,Strongest,Maximum,29.77%,1.72,5.86,6.44,-4%
CLFD,"Clearfield Inc","Wireless Equipment",28.2,-2.42%,4,Sell,"88% Sell",-28.95,-15.19%,34.69,30.67,32.99,28.67,43.49,-32.44,-14.81,195921,Strongest,Average,47.04%,0.77,27.15,30.18,35%
SYM,"Symbotic Inc","Technology Services",42.62,-1.57%,6,Hold,"64% Sell",-29.17,-12.09%,46.11,42.03,48.69,41.2,53.79,-29.34,-39.92,2099529,Weakening,Average,86.05%,0.9,38.66,43.75,78%
PFLT,"Pennantpark Fltng Rt","Finance - Investment Mgmt",7.15,-1.65%,4,Hold,"80% Sell",-29.32,-29.76%,7.79,7.27,7.99,7.39,40.31,-47.01,-34.42,1094511,Strengthening,Strong,16.84%,0.76,7.21,7.57,-16%
PPSI,"Pioneer Power Solutions","Machinery - Electrical",3.14,+7.53%,2,Hold,"64% Sell",-29.35,-24.15%,3.65,3.13,3.59,2.93,56.06,-41.4,-45.17,148538,Weakening,Good,55.83%,2.62,2.78,3.08,118%
MPT,"Medical Properties Trust Inc","REIT - Equity Trust Other",3.9,-2.26%,1,Sell,"100% Sell",-29.54,-15.22%,4.7,4.41,4.85,4.06,33.37,-32.47,-33.55,6487947,Strongest,Maximum,28.20%,1.48,3.92,4.21,-8%
FINW,"Finwise Bancorp","Banks - Southwest",13.56,-2.06%,3,Sell,"100% Sell",-29.61,-30.03%,14.25,13.97,14.99,13.94,40.17,-47.28,-35.96,23096,Strongest,Good,41.25%,2.19,13.65,14.24,-16%
KROS,"Keros Therapeutics Inc","Medical - Biomedical",11.31,+1.25%,5,Buy,"8% Sell",-29.66,-28.01%,10.91,10.82,11.68,11.01,55.43,-45.26,-56.,399681,Weakening,Weak,62.92%,0.92,10.34,11.69,72%
IPWR,"Ideal Power Inc","Machinery - Electrical",4.87,-1.81%,4,Buy,"56% Buy",-29.80,-4.98%,5.03,4.52,4.44,4.82,53.13,-22.23,46.06,311611,Average,Weak,51.97%,0.32,4.34,5.3,55%
CSBR,"Champions Oncolog","Medical - Drugs",5.01,-0.79%,3,Sell,"100% Sell",-29.82,-24.21%,5.75,5.45,5.83,5.04,43.59,-41.46,-39.05,9870,Strongest,Maximum,38.73%,3.01,4.85,5.24,42%
STFS,"Star Fashion Culture Holdings Limited Cl A","Advertising Marketing Services",4.07,-2.40%,2,Sell,"56% Sell",-29.84,-31.57%,7.59,7.07,6.41,4.22,40.04,-48.82,-10.1,291601,Average,Weak,17.62%,0.05,3.83,4.6,31%
ARI,"Apollo Commercial Real Estate","REIT - Mortgage Trusts",6.76,-0.44%,4,Sell,"100% Sell",-29.87,-38.66%,9.25,7.6,9.71,6.86,35.44,-55.91,-41.72,2259440,Strengthening,Maximum,19.17%,0.39,6.77,6.96,-4%
MSB,"Mesabi Trust","Mining - Iron",23.25,-1.02%,6,Buy,"88% Sell",-29.93,-25.10%,25.18,23.72,27.46,23.55,46.34,-42.35,-51.19,48539,Strengthening,Strong,38.99%,0.62,22.48,24.61,36%
PTON,"Peloton Interactive Inc","Leisure & Recreational Prdcts",5.06,+0.40%,1,Sell,"40% Sell",-29.95,-36.27%,5.67,5.81,5.2,5.36,38.47,-53.52,-29.41,11552523,Average,Weak,26.03%,2.25,5.05,5.66,1%
WAY,"Waystar Holding Corp","Internet - Software",23.86,-1.57%,6,Hold,"16% Buy",-31.04,-41.65%,22.12,23.67,22.85,25.01,45.44,-58.9,-38.7,2561606,Weakest,Minimum,26.76%,0.49,23.64,26.39,8%
CSPI,"C S P Inc","Computer - Integrated Systems",7.96,+0.13%,1,Sell,"88% Sell",-31.04,-26.84%,8.65,8.04,8.75,7.87,49.77,-44.09,-47.87,24006,Strengthening,Average,69.60%,1.89,7.29,8.44,58%
IRTC,"Irhythm Holdings Inc","Medical Information Systems",119.57,-2.18%,5,Sell,"40% Sell",-31.18,-35.85%,117.79,120.12,121.5,122.23,47.39,-53.1,-44.16,583054,Weakening,Weak,44.27%,1.64,114.98,129.47,32%
MPAA,"Motorcar Parts Amer","Auto - Truck Replacement Parts",11.68,-0.26%,2,Sell,"40% Sell",-31.19,-21.08%,12.67,13.09,12.04,11.8,40.3,-38.33,-16.9,120688,Average,Weak,51.07%,1.21,11.24,12.35,40%
CAR,"Avis Budget Group","Transportation - Services",132.63,-0.90%,4,Sell,"88% Sell",-31.26,-16.01%,175.87,148.02,167.65,140.44,37.82,-33.26,-8.19,1273306,Strengthening,Weak,13.57%,0.57,132.32,148.56,2%
JVA,"Coffee Holding Company","Beverages - Soft",3.43,-3.38%,7,Buy,"56% Sell",-31.37,-15.93%,3.84,3.47,3.79,3.48,44.31,-33.18,-23.15,71706,Average,Average,53.57%,0.96,3.4,3.57,18%
KD,"Kyndryl Holdings","Technology Services",13.01,+1.72%,4,Hold,"24% Buy",-31.39,-60.72%,12.57,12.8,12.79,12.97,50.18,-77.97,-62.57,4179168,Weakest,Minimum,51.73%,0.93,12.17,13.76,53%
LPL,"Lg Display Company Ltd ADR","Computers - Peripheral Equpt",3.22,-1.23%,4,Sell,"100% Sell",-31.58,-26.65%,4.01,3.35,4.09,3.34,42.6,-43.9,-35.07,1838271,Strongest,Strong,34.00%,0.74,3.18,3.5,13%
MRDN,"Meridian Holdings Inc",Gaming,13.21,-2.00%,2,Sell,"56% Buy",-31.59,+11.56%,12.41,13.67,10.85,13.88,43.45,-5.69,25.92,46029,Weakest,Average,26.67%,0.39,13.28,14.47,-6%
IZEA,"Izea Inc","Internet - Software",2.95,+0.34%,2,Sell,"100% Sell",-31.59,-17.60%,3.61,3.31,3.62,3.03,37.05,-34.85,-44.2,63126,Strongest,Strong,26.93%,0.82,2.92,3.14,14%
AZO,Autozone,"Retail - Wholesale Auto Parts",2910.97,-1.38%,3,Sell,"100% Sell",-31.81,-32.16%,3160.5,3027.94,3299.38,2991.81,40.67,-49.41,-25.72,238510,Strongest,Strong,22.56%,1.34,2900.33,3083.28,6%
WTF,"Waton Financial Limited","Finance - Misc Services",2.6,-4.76%,3,Sell,"100% Sell",-31.85,-56.08%,3.13,2.84,3.35,2.81,41.39,-73.33,-32.76,64984,Strongest,Average,35.33%,0.21,2.59,3.04,2%
BRAI,"Braiin Limited","IT Services",5.65,+3.67%,4,Hold,N/A,-32.14,N/A,6.74,5.65,0,5.53,50.6,N/A,N/A,N/A,N/A,N/A,58.71%,0.1,5.24,5.82,71%
PHAT,"Phathom Pharmaceuticals Inc","Medical - Biomedical",8.67,-8.06%,5,Sell,"100% Sell",-32.18,-32.74%,10.63,9.98,10.95,9.12,41.54,-49.99,-59.29,1182006,Strongest,Good,59.85%,0.83,8.52,9.73,13%
LUXE,"Luxexperience B.V. ADR","Textile - Apparel",7.3,-0.82%,1,Sell,"100% Sell",-32.40,-23.40%,7.9,7.88,8.17,7.68,37.89,-40.65,-24.12,235919,Strongest,Good,15.08%,1.18,7.33,8.02,-5%
RXRX,"Recursion Pharmaceuticals Inc Cl A","Medical - Biomedical",3.21,-6.54%,5,Buy,"48% Sell",-32.43,-31.60%,3.32,3.32,3.36,3.36,46.05,-48.85,-32.94,18728064,Average,Weak,47.02%,0.75,3.08,3.65,24%
KRMD,"Koru Medical Systems Inc","Medical Information Systems",3.15,-0.63%,1,Sell,"100% Sell",-32.47,-21.45%,3.91,3.76,4.11,3.26,31.45,-38.7,-57.33,180217,Strongest,Good,22.17%,0.9,3.13,3.39,6%
KWY,"Kingsway Corporation","Insurance - Proprty & Casualty",9.65,-1.83%,4,Buy,"72% Sell",-32.58,-32.71%,10.23,9.78,10.66,10.07,44.16,-49.96,-39.8,73999,Strengthening,Average,20.71%,0.51,9.54,10.6,10%
MYGN,"Myriad Genetics Inc","Medical - Biomedical",3.19,+0.31%,2,Sell,"88% Sell",-32.63,-54.23%,4.4,4.32,4.52,3.15,39.09,-71.48,-59.68,1606339,Weakening,Strong,64.06%,0.53,2.98,3.33,60%
SITE,"Siteone Landscape Supply","Industrial Services",97.81,-1.72%,1,Sell,"88% Sell",-32.67,-31.37%,109.52,100.93,119.4,97.12,48.05,-48.62,-33.03,740148,Strengthening,Strong,68.38%,1.23,93.98,100.25,61%
SUNS,"Sunrise Realty Trust","Real Estate Operations",7.4,-1.07%,4,Sell,"100% Sell",-32.77,-32.97%,7.97,7.83,8.21,7.57,35.1,-50.22,-33.08,97784,Strongest,Good,13.56%,0.54,7.33,7.82,15%
SOFI,"Sofi Technologies Inc","Finance - Misc Services",17.33,-3.78%,8,Hold,"32% Sell",-32.92,-33.27%,17.4,17.87,17.62,18.2,45.1,-50.52,-45.35,64624609,Weakening,Weak,36.25%,0.62,17.15,19.25,9%
ENPH,"Enphase Energy Inc",Solar,36.72,-5.43%,3,Sell,"88% Sell",-33.01,-3.22%,44.11,39.95,43.32,37.99,44.46,-20.47,3.02,6497360,Strengthening,Soft,53.25%,1.12,34.81,41.16,30%
SERA,"Sera Prognostics Inc Cl A","Medical Services",2,-0.50%,6,Hold,"48% Sell",-33.16,-35.48%,2,2.05,2.06,2.04,46.59,-52.73,-43.75,50393,Weakening,Weak,21.48%,0.26,1.9,2.19,35%
ACI,"Albertsons Companies Inc Cl A","Consumer Prdts - Misc Staple",11.85,-2.39%,5,Sell,"100% Sell",-33.61,-36.73%,14.32,12.84,15.37,12.31,39.28,-53.98,-42.53,7812586,Strengthening,Maximum,40.22%,1.22,11.9,12.73,-6%
ALHC,"Alignment Healthcare Inc","Medical Services",13.03,-3.19%,2,Sell,"100% Sell",-33.84,-20.93%,17.83,16.82,18.32,13.44,34.54,-38.18,-45.58,4303508,Strongest,Strong,35.50%,0.97,12.87,14.01,14%
OFRM,"Once Upon A Farm Pbc","Food - Misc & Diversified",16.45,-4.30%,1,Sell,N/A,-33.84,N/A,16.94,17.47,0,17.31,42.25,N/A,N/A,N/A,N/A,N/A,37.93%,0.59,16.57,18.04,-8%
DNA,"Ginkgo Bioworks Holdings","Medical - Biomedical",6.79,-2.16%,1,Sell,"96% Sell",-34.05,-36.90%,8.3,7.98,8.05,7.05,42.44,-54.15,-29.84,1145370,Strongest,Average,27.50%,0.82,6.49,7.6,27%
RSSS,"Research Solutions Inc","Printing - Commercial",2.14,-1.83%,5,Sell,"100% Sell",-34.21,-33.54%,2.3,2.23,2.33,2.22,41.41,-50.79,-38.76,60987,Strengthening,Average,26.41%,2.34,2.14,2.31,1%
LAW,"CS Disco Inc","Internet - Software",4.06,-1.22%,3,Hold,Hold,-34.74,-28.40%,4.01,4.12,3.97,4.29,44.7,-45.65,-59.23,321849,Bearish,,23.30%,0.65,4.05,4.54,3%
ATEC,"Alphatec Holdings","Medical Instruments",8.98,-2.23%,6,Buy,"24% Sell",-34.86,-43.13%,8.96,9.26,10.13,9.42,43.21,-60.38,-68.85,2827924,Weakening,Weak,24.88%,1.43,9.01,9.83,-3%
GT,"Goodyear Tire Rubber","Rubber Tires",5.75,-1.71%,2,Sell,"88% Sell",-35.10,-32.75%,6.45,6.56,6.87,6.07,38.58,-50.,-45.91,8184962,Strongest,Good,26.31%,1,5.76,6.39,-2%
LFCR,"Lifecore Biomedical Inc","Medical - Biomedical",4.09,-5.10%,1,Sell,"100% Sell",-35.20,-43.66%,4.87,4.61,5.2,4.52,36.87,-60.91,-61.55,217202,Strongest,Good,11.11%,1.77,4.19,4.85,-15%
RDCM,"Radcom Ltd","Computer - Networks",10.06,+1.41%,4,Sell,"88% Sell",-35.22,-28.12%,13.03,11.69,12.59,10.19,37.19,-45.37,-34.64,138835,Weakening,Strong,25.93%,1.35,9.89,10.5,28%
STN,"Stantec Inc",Consulting,70.52,-3.30%,4,Sell,"88% Sell",-35.78,-34.50%,75.39,71.56,80.41,73.66,39.41,-51.75,-36.81,371380,Strengthening,Good,25.24%,0.94,71.47,75.86,-22%
PSN,"Parsons Corp","Technology Services",46.29,-2.73%,5,Sell,"100% Sell",-35.89,-37.87%,52.19,50.84,54.69,47.51,43.55,-55.12,-36.65,1387199,Strengthening,Good,42.23%,0.61,45.14,49.88,24%
VERU,"Veru Inc","Medical Products",2.48,-3.88%,1,Hold,"8% Buy",-35.93,-28.53%,2.57,2.57,2.51,2.67,43.54,-45.78,4.34,709617,Weakening,Minimum,35.08%,0.96,2.51,2.83,-8%
LFVN,"Lifevantage Corp","Medical - Dental Suppliers",6.51,+2.68%,4,Sell,"72% Buy",-35.97,-45.02%,6.44,6.41,5.85,6.46,52.2,-62.27,-5.87,249426,Average,Weak,48.72%,0.77,6.06,6.87,56%
AIOT,"Powerfleet Inc","Internet - Software",2.97,+0.34%,1,Sell,"72% Sell",-36.28,-40.00%,3.62,3.65,3.55,3.02,39.39,-57.25,-55.72,1594115,Average,Average,34.69%,0.86,2.89,3.14,32%
BHM,"Bluerock Homes Trust Inc","REIT - Equity Trust Resident",8.4799,+0.95%,2,Sell,"100% Sell",-36.34,-34.65%,9.54,8.67,9.88,8.62,47.42,-51.9,-32.08,7945,Strengthening,Good,47.08%,0.17,8.23,9.01,32%
FIRY,"Firy Inc","Conglomerates - Div Operations",9.89,+1.64%,2,Buy,"100% Buy",-36.55,+32.04%,8.62,9.44,6.8,9.85,52.19,14.79,117.92,578886,Average,Strong,50.41%,0.18,9.35,10.34,54%
CCM,"Concord Medical Services ADR","Medical - Nursing Homes",4.12,-5.29%,2,Hold,Hold,-36.79,-26.95%,4.66,4.62,4.39,4.73,39.36,-44.2,-4.81,33902,Falling,,19.89%,0.09,4.18,5.28,-6%
OEC,"Orion S.A.","Chemical - Specialty",5.77,-4.63%,1,Sell,"72% Sell",-36.90,-45.00%,6.86,6.39,6.57,6.14,39.53,-62.25,-2.27,620329,Strongest,Soft,27.52%,0.65,5.79,6.49,-2%
LEGN,"Legend Biotech Corp ADR","Medical - Biomedical",19.91,-2.83%,4,Sell,"88% Sell",-37.10,-41.87%,25.53,22.34,23.14,21.02,41.34,-59.12,-19.97,2422561,Strongest,Average,26.43%,0.62,19.59,22.44,11%
XNET,"Xunlei Ltd ADR","Internet - Services",4.87,-1.22%,3,Sell,"100% Sell",-37.18,-34.81%,5.53,5.33,5.65,4.98,42.57,-52.06,-42.86,288569,Average,Average,39.61%,0.76,4.75,5.2,26%
GECC,"Great Elm Capital Corp","Finance - Investment Mgmt",5.91,-1.66%,7,Buy,"8% Sell",-37.32,-47.47%,5.66,5.57,5.67,5.94,53.58,-64.72,-27.66,84183,Weakest,Minimum,42.24%,1.18,5.73,6.16,42%
WRD,"Weride Inc ADR","Auto - Truck Original Parts",5.82,-4.28%,3,Buy,"72% Sell",-37.37,-38.74%,6.51,5.88,6.75,5.96,46.81,-55.99,-44.5,3489573,Strengthening,Good,39.08%,0.95,5.62,6.3,30%
KOSS,"Koss Corp","Audio & Video Products",3.46,-2.54%,1,Sell,"100% Sell",-37.40,-42.95%,3.89,3.7,3.95,3.54,41.6,-60.2,-27.98,27516,Strongest,Good,51.61%,0.42,3.35,3.72,29%
BZUN,"Baozun Inc ADR","IT Services",2.75,-2.14%,3,Hold,"48% Buy",-38.01,-28.57%,2.76,2.8,2.67,2.83,45.48,-45.82,-8.17,276298,Weakest,Weak,14.73%,0.46,2.68,2.98,22%
TULP,"Bloomia Holdings Inc","Advertising Marketing Services",3.4,-1.21%,2,Sell,"100% Sell",-38.41,-36.03%,3.75,3.57,3.85,3.41,47.44,-53.28,-12.9,22255,Strongest,Average,44.17%,0.3,3.22,3.6,48%
FULC,"Fulcrum Therapeutics Inc","Medical - Biomedical",3.84,+0.52%,4,Buy,"40% Sell",-38.48,-46.96%,4.74,3.74,5.97,3.83,51.08,-64.21,-77.6,1702345,Weakest,Average,41.10%,0.83,3.73,3.94,53%
KLRS,"Kalaris Therapeutics Inc","Medical - Biomedical",3.47,-4.41%,4,Sell,"100% Sell",-38.91,-25.85%,4.55,4.09,5.75,3.98,31.52,-43.1,-70.44,145723,Strongest,Good,7.37%,0.28,3.63,4.33,-24%
SCM,"Stellus Capital Investment Cor","Finance - SBIC & Commercial",8.35,-0.60%,2,Buy,"48% Sell",-38.95,-43.54%,8.67,8.22,9.11,8.67,44.91,-60.79,-45.7,209808,Average,Soft,31.89%,0.88,8.42,8.92,-14%
SAMG,"Silvercrest Ast Cm A","Finance - Investment Mgmt",10.05,+0.20%,4,Sell,"100% Sell",-39.11,-37.54%,11.06,10.17,12.14,10.08,48.16,-54.79,-45.39,44849,Average,Strong,56.66%,1.33,9.84,10.31,44%
HTT,"High Templar Tech Ltd WT","Technology Services",2.52,-4.91%,4,Buy,"80% Sell",-39.51,-40.43%,2.59,2.55,2.6,2.55,46.4,-57.68,-40.56,218602,Strengthening,Weak,60.69%,2.7,2.44,2.66,35%
RPAY,"Repay Holdings Corp Cl A","Financial Transaction Services",3.55,-3.53%,4,Sell,"16% Buy",-39.63,-40.44%,3.74,3.88,3.48,3.74,42.14,-57.69,-14.29,1077839,Weakening,Minimum,38.54%,0.95,3.48,4.01,13%
EBON,"Ebang International Holdings Cl A","Machinery - Tools & Related",2.17,+0.77%,7,Buy,"48% Sell",-39.66,-46.81%,2.18,2.09,2.23,2.17,50.78,-64.06,-40.63,8551,Weakening,Weak,59.21%,0.2,1.92,2.41,51%
ACR,"Acres Commercial Realty Corp","REIT - Mortgage Trusts",13.82,-2.54%,1,Sell,"100% Sell",-39.71,-34.22%,17.79,15.95,18.17,14.32,32.46,-51.47,-46.79,30620,Strongest,Maximum,27.36%,1.45,13.64,15,13%
NEUP,"Neuphoria Therapeutics Inc","Medical - Biomedical",3.75,0.00%,4,Hold,"48% Sell",-39.73,-75.16%,4.31,3.74,4.34,3.83,43.94,-92.41,-14.9,97959,Weakening,Weak,11.02%,0.08,3.68,3.98,23%
CPS,"Cooper Std Holdings Inc","Auto - Truck Original Parts",24.75,-4.84%,1,Sell,"100% Sell",-39.98,-36.38%,28.65,27.83,30.11,26.89,38.78,-53.63,-36.16,189321,Strongest,Good,27.62%,1.1,24.95,28.83,-5%
TCPC,"TCP Capital Corp","Finance - SBIC & Commercial",4.03,-0.98%,2,Buy,"8% Sell",-40.46,-43.95%,3.77,3.65,3.88,4.09,56.01,-61.2,-37.88,963003,Weakest,Minimum,32.10%,1.39,3.99,4.19,21%
NVNO,"Envveno Medical Corp","Medical Instruments",11.1,-3.39%,4,Buy,"56% Buy",-40.48,-55.68%,10.81,10.84,10.75,11.02,51.29,-72.93,-12.69,17140,Weakening,Weak,61.17%,4.67,10.19,11.84,55%
AMSC,"Amer Superconductor","Electronics - Misc Components",29.31,-3.71%,2,Sell,"88% Sell",-40.51,-41.20%,39.81,32.16,37.36,30.03,43.44,-58.45,-9.71,1027821,Strongest,Average,59.37%,1.25,27.59,32.47,35%
BLRX,"Biolinerx Ltd ADR","Medical - Drugs",2.55,-1.54%,3,Sell,"72% Sell",-40.52,-30.14%,2.93,2.84,2.83,2.74,40.79,-47.39,-19.49,29224,Strongest,Soft,10.87%,0.37,2.53,2.96,6%
ERII,"Energy Recovery Inc","Pollution Controls",7.38,-4.16%,1,Sell,"100% Sell",-40.54,-48.68%,8.77,8.3,9.84,7.81,34.68,-65.93,-56.84,827331,Strengthening,Strong,20.46%,1.03,7.41,8.2,-4%
TTGT,"Techtarget Inc.","Technology Services",3.89,-3.95%,5,Buy,"72% Sell",-40.70,-34.29%,4.31,3.91,4.26,3.85,49.13,-51.54,-39.51,435503,Weakening,Soft,81.48%,0.76,3.68,4.03,61%
ECC,"Eagle Point Credit Inc","Finance - Investment Mgmt",3.84,-1.79%,2,Buy,"56% Sell",-40.77,-46.22%,3.9,3.81,3.95,3.85,48.86,-63.47,-44.88,1524974,Weakening,Weak,61.51%,1.03,3.76,3.95,42%
OLMA,"Olema Pharmaceuticals Inc","Medical - Biomedical",10.36,-5.69%,1,Sell,"100% Sell",-40.78,+39.25%,12.12,11.35,14.41,10.69,42.52,22,-70.11,1632524,Strengthening,Average,48.81%,0.83,10.21,11.17,16%
WBX,"Wallbox N.V. Cl A","Electronics Products - Misc",3.15,-11.02%,2,Hold,"8% Sell",-40.83,-18.39%,3.36,3.68,3.2,3.04,48.26,-35.64,23.07,67935,Weakening,Minimum,68.71%,0.18,2.73,3.35,69%
XYF,"X Financial ADR","Finance - Misc Services",5.52,+1.47%,7,Buy,"72% Buy",-41.09,-60.12%,4.99,5.13,4.9,5.46,55.75,-77.37,-12.98,147613,Average,Weak,57.71%,1.1,5.23,5.68,64%
MYSE,"Myseum.Ai Inc","IT Services",2.75,-1.43%,9,Buy,"100% Buy",-41.41,+35.47%,2.36,2.57,2.15,2.73,55.08,18.22,49.27,1635079,Strengthening,Strong,50.45%,0.27,2.56,2.89,57%
PICS,"Pics N.V.","Finance - Misc Services",10.6,-3.99%,1,Sell,N/A,-41.45,N/A,11.35,11.47,12.17,10.77,44.97,N/A,N/A,N/A,N/A,N/A,47.40%,1.03,9.83,11.71,41%
RMTI,"Rockwell Medical IN","Medical Products",7.95,-1.30%,6,Buy,"8% Sell",-41.52,-55.81%,7.31,6.97,8.07,7.85,57.27,-73.06,-16.11,42084,Weakest,Minimum,57.67%,0.64,7.34,8.36,60%
CIA,"Citizens Inc","Insurance - Life",3.61,-5.50%,2,Sell,"100% Sell",-41.79,-30.98%,5.02,4.61,5.12,3.86,31.6,-48.23,-36.81,114219,Strongest,Maximum,38.54%,1.41,3.69,4.03,-22%
CPSH,"Cps Technologies","Electronics - Misc Components",3.86,-2.53%,2,Sell,"88% Sell",-41.85,+11.56%,5.22,4.3,4.92,3.98,43.83,-5.69,13.37,755513,Strengthening,Soft,44.25%,0.48,3.54,4.41,36%
LVO,"Liveone Inc","Audio & Video Products",3.93,+11.02%,2,Sell,"72% Sell",-41.91,-20.28%,5.18,4.49,5.12,3.8,48.66,-37.53,-28.29,81140,Average,Strong,53.39%,1.36,3.32,4.28,63%
TU,"Telus Corp","Diversified Comm Services",9.46,-1.97%,6,Sell,"100% Sell",-41.95,-42.21%,11.11,10.03,11.83,9.72,37.32,-59.46,-39.72,6325200,Strongest,Maximum,17.56%,0.89,9.44,10.01,3%
ROC,"Rank One Computing Corp","Internet - Software",4.34,-0.46%,4,Sell,N/A,-42.31,N/A,4.96,4.59,0,4.24,50.03,N/A,N/A,N/A,N/A,N/A,38.81%,0.23,4,4.48,71%
QTRX,"Quanterix Corp","Medical Products",2.65,-2.93%,5,Sell,"88% Sell",-42.73,-38.23%,3.27,3.38,3.8,2.75,42.56,-55.48,-69.88,875849,Average,Good,31.71%,0.41,2.44,3.07,34%
BUR,"Burford Capital Ltd","Finance - Misc Services",4.48,+1.13%,3,Buy,"24% Sell",-42.77,-64.27%,4.42,4.25,5.44,4.32,58.24,-81.52,-61.33,2573750,Weakening,Weak,84.53%,1.19,4.14,4.5,94%
ARQ,"Arq Inc","Chemical - Specialty",2.18,-1.36%,2,Hold,"64% Sell",-43.52,-69.03%,2.35,2.17,2.5,2.22,49.05,-86.28,-44.88,487804,Average,Weak,60.60%,0.72,2.08,2.36,36%
PRCT,"Procept Biorobotics Corp","Medical Instruments",20.74,-2.86%,2,Buy,"56% Sell",-43.60,-47.52%,22.8,20.32,23.89,21.36,48.26,-64.77,-45.63,1530743,Strengthening,Weak,51.36%,0.73,20.33,22.39,20%
NAII,"Natural Alternativ","Medical - Drugs",2,+1.01%,3,Sell,"100% Sell",-43.80,-39.02%,2.41,2.22,2.54,2.11,39.39,-56.27,-55.68,27642,Strongest,Strong,11.51%,0.33,1.97,2.25,11%
JBI,"Janus International Group Inc","Building & Construction - Misc",4.65,-6.06%,1,Sell,"100% Sell",-43.85,-53.55%,5.22,5.2,5.48,4.99,36.72,-70.8,-40.45,1660760,Strongest,Average,44.29%,1.23,4.72,5.27,-12%
PRT,"Permrock Royalty Trust Trust Units","Oil - US Integrated",2.14,-0.47%,2,Sell,"100% Sell",-43.86,-44.56%,2.32,2.22,2.66,2.2,40.98,-61.81,-34.85,55583,Strengthening,Good,10.56%,0.85,2.14,2.26,0%
FKWL,"Franklin Wireless Co.","Computer - Networks",2.42,-0.62%,11,Buy,"56% Sell",-44.57,-40.76%,2.76,2.4,3.12,2.45,47.44,-58.01,-56.17,17930,Weakening,Good,37.28%,0.15,2.37,2.54,30%
AUC,"Atif Holdings Ltd",Consulting,7.24,+3.87%,4,Sell,"8% Sell",-45.09,+5.86%,7.35,7.1,7.03,6.71,54.48,-11.39,16.14,7422,Weakening,Minimum,60.26%,1.87,6.05,7.38,90%
OLLI,"Ollies Bargain CS","Consumer Prdts - Misc Staple",72.38,-5.85%,1,Buy,"72% Sell",-45.14,-43.45%,76.8,72.42,85.36,75.2,45.57,-60.7,-45.52,1590162,Strengthening,Average,56.08%,0.95,71.07,79.34,16%
HCKT,"Hackett Grp Inc",Consulting,10.99,-2.57%,2,Buy,"56% Sell",-45.24,-47.49%,11.07,10.75,11.97,11.01,49.91,-64.74,-55.56,333948,Weakening,Soft,58.78%,1.03,10.52,11.49,48%
YB,"Yuanbao Inc ADR","Insurance - Multi Line",13.44,-0.33%,2,Sell,"100% Sell",-45.36,-43.03%,14.6,13.91,16.11,13.66,45.6,-60.28,-45.21,44154,Strengthening,Good,65.68%,0.91,13.2,14.13,26%
EGG,"Enigmatig Limited Cl A","Business Services",2.77,-0.72%,1,Sell,"88% Sell",-45.52,-49.73%,6.07,4.53,5.96,2.96,35.41,-66.98,-58.79,170839,Average,Strong,22.92%,0,2.63,3.3,21%
ZTS,"Zoetis Inc Cl A","Medical - Drugs",73.31,-0.34%,7,Sell,"88% Sell",-45.58,-51.06%,82.32,75.53,95.55,75.67,41.87,-68.31,-53.28,5710408,Strengthening,Good,18.44%,0.92,72.48,78.85,13%
DRIO,"Dario Health Corp","Medical Instruments",6.82,-2.99%,3,Hold,"88% Sell",-45.70,-25.38%,7.32,7.18,7.96,7.18,44.7,-42.63,-51.62,18247,Strengthening,Average,36.02%,0.25,6.72,7.65,11%
SCYX,"Scynexis Inc","Medical - Drugs",4.91,-4.66%,5,Buy,"56% Sell",-45.81,-35.95%,5.32,4.76,5.82,5.21,45.67,-53.2,-14.5,87484,Average,Average,15.12%,0.38,4.84,5.57,9%
AVD,"American Vanguard Corp","Chemical - Specialty",2.21,-3.07%,1,Sell,"100% Sell",-46.10,-59.00%,2.61,2.46,3.01,2.23,44,-76.25,-53.7,298655,Strengthening,Average,44.80%,0.61,2.09,2.37,42%
SLDP,"Solid Power Inc Cl A","Auto - Truck Original Parts",2.44,-5.06%,5,Buy,"40% Sell",-46.16,-35.45%,2.72,2.33,2.92,2.38,53.82,-52.7,-54.14,5498536,Weakest,Soft,73.61%,0.89,2.22,2.53,70%
FAC,"Factorial Energy Inc","Technology Services",5.36,-5.80%,3,Hold,"80% Sell",-46.27,-46.61%,8.98,6.1,9.41,5.1,48.2,-63.86,-59.49,302540,Average,Strong,70.23%,0.8,4.38,5.81,69%
ROL,"Rollins Inc","Building - Maint & Service",34.54,-1.17%,2,Sell,"100% Sell",-46.49,-39.74%,44.88,39.19,49.03,36.13,28.58,-56.99,-54.,3739346,Strongest,Maximum,18.32%,0.82,34.94,37.31,-17%
UAMY,"United States Antimony Corp","Mining - Non Ferrous",5.31,-2.39%,1,Sell,"88% Sell",-47.40,+14.94%,7.42,5.76,7.91,5.22,48.33,-2.31,-5.77,10751639,Strengthening,Strong,63.57%,0.71,4.71,5.74,59%
PAR,"Par Technology Corp","Financial Transaction Services",17.66,-3.97%,6,Hold,Hold,-47.85,-62.31%,16.23,17.81,16.46,18.95,43.67,-79.56,-62.87,1294151,Bearish,,35.18%,0.7,17.86,20.04,-9%
VRCA,"Verrica Pharmaceuticals Inc","Medical - Drugs",5.06,-3.80%,3,Hold,"96% Sell",-48.00,+1.20%,5.88,5.41,5.81,5.09,45.77,-16.05,-50.66,132984,Strongest,Average,47.73%,0.73,4.58,5.59,47%
SJT,"San Juan Basin Royalty Trust","Oil - US Royalty Trusts",3.08,+0.33%,8,Buy,"40% Sell",-48.33,-47.17%,3.32,2.75,3.93,2.84,64.29,-64.42,-56.75,201609,Weakest,Average,83.09%,1.14,2.63,3.05,107%
NNE,"Nano Nuclear Energy Inc","Other Alt Energy",18.17,-6.10%,5,Buy,"72% Sell",-48.36,-44.21%,21.73,18.18,22.41,18.64,48.69,-61.46,-35.87,2166817,Weakest,Average,48.85%,0.78,17.04,20.23,35%
PW,"Power REIT","REIT - Equity Trust Other",7.03,-1.68%,1,Sell,"72% Sell",-48.49,-26.78%,8.2,8.37,8.29,7.65,35.04,-44.03,-31.23,29634,Strongest,Soft,46.18%,0.22,7.05,8.25,-2%
DUKR,"Duke Robotics Corp","Aerospace - Defense",5.25,+0.77%,4,Hold,"80% Sell",-48.79,-49.88%,6.78,5.44,7.23,5.55,41.38,-67.13,-25.87,15600,Average,Good,31.46%,0.79,5.26,5.85,-2%
NIU,"Niu Technologies ADR","Auto - Truck Original Parts",2.05,+7.89%,2,Sell,"88% Sell",-49.79,-52.44%,2.41,2.22,2.7,2,47.65,-69.69,-43.89,438232,Weakening,Strong,34.72%,4.29,1.89,2.11,71%
BXBL,"Boxabl Inc","Real Estate Developers",4.36,-0.23%,2,Sell,"88% Sell",-49.87,-56.27%,8.17,6.01,8.81,4.28,43.26,-73.52,-68.12,161668,Average,Maximum,70.09%,0.6,3.84,4.72,59%
SFWL,"Shengfeng Development Limited Cl A","Transportation - Services",10.91,-4.51%,9,Sell,"88% Sell",-49.95,-36.20%,13.16,12.68,13.38,12.89,39.79,-53.45,-34.99,1832,Strongest,Strong,38.97%,13.77,11.35,14.43,-14%
AMBO,"Ambow Education Holding Ltd ADR",Schools,2,-2.20%,2,Sell,"100% Sell",-50.83,-43.02%,2.27,2.13,2.23,2.06,44.58,-60.27,-39.09,93823,Strengthening,Soft,31.16%,0.1,1.97,2.15,16%
ASPS,"Altisource Portfolio","REIT - Mortgage Trusts",5.66,+1.25%,1,Sell,"88% Sell",-51.01,-50.52%,6.3,5.99,6.35,5.57,49.48,-67.77,-30.11,24074,Weakening,Weak,51.04%,0.83,5.38,5.77,72%
GIBO,"Gibo Holdings Limited Cl A","Media Conglomerates",33.2,-0.18%,4,Buy,"24% Sell",-51.01,-52.74%,31.66,30.08,33.57,30.85,58.3,-69.99,-46.61,11629,Weakest,Minimum,56.48%,5.2,27.44,34.26,84%
PDC,"Perpetuals.com Ltd ADR","Technology Services",3.15,+0.32%,6,Sell,"88% Sell",-51.07,+48.58%,5.06,3.55,5.01,3.06,48.69,31.33,-62.9,86849,Weakening,Strong,38.85%,0.83,2.78,3.34,66%
TRAK,"Repositrak Inc","Internet - Software",7.87,+0.77%,1,Sell,"100% Sell",-51.67,-53.71%,8.99,8.5,8.82,8.07,40.97,-70.96,-47.93,104622,Strengthening,Average,48.74%,2.72,7.62,8.52,28%
WVE,"Wave Life Sciences Inc","Medical - Biomedical",4.81,-2.04%,1,Sell,"100% Sell",-52.59,-35.70%,6.06,5.59,7.81,5.1,38.26,-52.95,-83.26,4760508,Strengthening,Average,24.67%,1.07,4.7,5.5,14%
SRAD,"Sportradar Group Ag Cl A","Internet - Software",12.83,+0.79%,4,Sell,"100% Sell",-52.60,-58.85%,13.99,13.89,15.22,12.95,45.58,-76.1,-57.57,2759840,Average,Average,54.18%,1.24,12.29,13.6,41%
IIIV,"I3 Verticals Inc Cl A","Internet - Software",15.21,-4.04%,1,Sell,"100% Sell",-52.64,-51.00%,19.8,18.98,20.62,16.4,30.29,-68.25,-51.17,390793,"Top 1%",Strong,27.82%,0.87,15.56,17.23,-21%
PTLE,"Ptl Ltd","Transportation - Services",6.75,-4.93%,2,Sell,"40% Sell",-52.92,-43.30%,7.19,8.7,7.46,7.6,39.11,-60.55,-27.26,89583,Average,Weak,21.89%,2.77,6.49,8.71,12%
ADVB,"Advanced Biomed Inc","Medical - Biomedical",8.5,-5.35%,7,Buy,"88% Buy",-53.01,-2.72%,6.59,8.31,5.99,8.92,47.64,-19.97,34.1,750751,Average,Average,48.29%,0.04,7.52,10.31,35%
HTCO,"High-Trend International Group","Technology Services",2.56,+1.19%,1,Sell,"100% Sell",-53.06,-66.60%,4.82,3.11,6.24,2.76,39.13,-83.85,-81.22,416214,Weakening,Good,44.44%,0.44,2.37,3.15,25%
OCCI,"Ofs Credit Company","Finance - Investment Mgmt",2.63,+1.54%,6,Buy,"40% Sell",-53.47,-55.20%,2.82,2.53,2.94,2.59,54.95,-72.45,-57.21,299346,Weakest,Weak,37.78%,0.98,2.48,2.7,69%
ASTI,"Ascent Solar Technologies",Solar,2.85,-4.36%,1,Sell,"100% Sell",-53.69,+56.59%,4.49,3.36,4.8,3.08,39.17,39.34,-42.21,1743008,Strongest,Good,44.72%,0.96,2.77,3.39,14%
BRCC,"Brc Inc Cl A","Consumer Prdts - Misc Staple",8.43,-5.17%,2,Sell,"88% Sell",-53.70,-46.65%,11.66,9.99,10.39,8.5,42.05,-63.9,-35.6,105319,Strengthening,Average,33.30%,0.73,7.92,9.09,44%
LFMD,"Lifemd Inc","Medical Services",2.95,-4.37%,2,Sell,"88% Sell",-54.05,-51.40%,4.17,3.75,3.92,3.21,32.97,-68.65,-24.89,1078693,Strongest,Average,12.05%,1.24,2.94,3.49,3%
WXM,"Wf International Limited","Machinery - Electrical",4.04,-6.26%,2,Buy,"40% Sell",-54.24,-87.26%,4.37,3.99,4.51,4.54,46.27,-104.51,-32.33,267827,Strengthening,Minimum,33.61%,0.34,4,5.08,4%
WVVI,"Willamette Valley","Beverages - Alcohol",2.09,-4.23%,1,Sell,"100% Sell",-54.45,-57.82%,2.6,2.48,2.61,2.24,33.06,-75.07,-43.1,9309,Strongest,Average,37.60%,0.27,2.11,2.36,-8%
CCOI,"Cogent Comm Hlds","Wireless National",9.33,-3.22%,4,Sell,"100% Sell",-54.52,-74.30%,14.72,11.41,16.9,9.93,40.56,-91.55,-68.28,1359166,Strongest,Average,47.15%,1.42,8.87,11,22%
CWH,"Camping World Holdings Inc","Auto - Truck Original Parts",6.18,-5.79%,7,Buy,"72% Sell",-54.72,-65.38%,6.88,6.44,7.43,6.51,43.44,-82.63,-48.04,2611260,Strengthening,Soft,44.03%,0.87,6.14,6.88,6%
QDEL,"Quidelortho Corp","Medical Products",12.64,-5.53%,4,Sell,"72% Sell",-54.89,-55.74%,14.22,15.85,16.11,14.31,35.48,-72.99,-67.29,1609444,Strengthening,Average,14.46%,0.65,12.97,15.65,-12%
EFOI,"Energy Focus Inc","Building Products - Ltg FX",2.85,+0.01%,1,Sell,"24% Sell",-55.04,+16.33%,3.36,2.94,2.87,2.87,47.43,-0.92,11.84,910514,Weakening,Minimum,54.24%,0.45,2.69,3.06,44%
NMAD,"Nomad Power Solutions Inc","IT Services",3.71,-3.76%,8,Sell,"56% Sell",-55.37,-22.71%,5.19,4.78,4.44,4.07,40.46,-39.96,-17.15,183095,Average,Weak,34.13%,0.52,3.65,4.5,7%
MLGO,"Microalgo Inc","Technology Services",3.8,-4.04%,6,Sell,"88% Sell",-56.12,-55.50%,4.35,4.09,4.14,4.1,38.83,-72.75,-25.58,224234,Strongest,Weak,33.72%,1.95,3.83,4.37,-5%
XBP,"Xbp Global Holdings Inc","Internet - Software",2.82,+0.18%,2,Buy,"24% Sell",-56.14,-66.89%,2.7,2.84,3.65,2.88,47.44,-84.14,-70.21,19660,Weakest,Weak,70.64%,0.37,2.64,3.12,37%
SMPL,"The Simply Good Foods Company","Food - Confectionery",10.39,-3.44%,5,Sell,"100% Sell",-56.37,-63.09%,11.82,11.38,12.9,11.02,41.01,-80.34,-59.81,2374377,Strongest,Average,43.67%,0.99,10.31,11.73,6%
ABR,"Arbor Realty Trust","REIT - Mortgage Trusts",4.92,-1.80%,2,Sell,"96% Sell",-56.98,-58.45%,5.69,5.1,6.37,5.1,42.18,-75.7,-48.15,3956199,Strengthening,Good,40.35%,1.06,4.88,5.33,9%
RAY,"Raytech Holding Limited","Retail - Consumer Electronics",2.8,+8.74%,2,Sell,"88% Sell",-56.99,-73.94%,2.99,2.84,3.35,2.75,51.44,-91.19,30.58,31648,Average,Weak,33.36%,9.76,2.56,2.94,62%
APP,"Applovin Corp Cl A","Technology Services",305.06,-2.23%,1,Sell,"100% Sell",-57.09,-45.35%,441.87,386.41,437.15,310.91,36.34,-62.6,-66.28,5369159,Strongest,Strong,39.64%,0.66,300.57,321.24,22%
CNTN,"Canton Strategic Holdings Inc","Finance - Misc Services",2.21,-0.90%,10,Buy,"56% Sell",-57.73,-20.79%,2.66,2.18,3.11,2.17,51.24,-38.04,-38.61,765912,Average,Average,60.75%,0.76,1.93,2.4,59%
NUS,"NU Skin Enterprises","Cosmetics & Toiletries",4.85,+2.11%,1,Sell,"88% Sell",-58.42,-58.19%,5.59,5.02,6.41,4.77,49.15,-75.44,-61.13,573256,Weakest,Strong,67.65%,1.01,4.61,4.93,75%
FOXX,"Foxx Development Holdings Inc","Consumer Prdts - Misc Discr",2.71,+4.43%,9,Buy,"88% Sell",-58.71,-50.73%,3.51,2.77,3.9,2.73,49.3,-67.98,-53.14,803121,Weakening,Strong,30.40%,0.31,2.4,3.06,47%
VRM,"Vroom Inc","Auto - Domestic",10.41,-3.56%,7,Buy,"24% Sell",-59.45,-58.75%,10.18,8.57,11.7,9.86,59.47,-76.,-59.16,19089,Weakest,Weak,59.06%,0.55,8.72,11,75%
FATN,"Fatpipe Inc","Internet - Software",5.61,-1.15%,2,Buy,"72% Buy",-59.48,-9.60%,5.17,5.74,4.08,6.07,42.3,-26.85,165.93,818572,Weakest,Average,16.81%,0.58,5.54,6.61,6%
ROLR,"High Roller Technologies Inc",Gaming,6.21,-0.80%,2,Sell,"16% Buy",-59.54,+133.90%,6.49,6.21,5.77,6.01,51.88,116.65,189.91,1476121,Weakest,Minimum,81.86%,0.53,5.52,6.51,70%
GSIW,"Garden Stage Limited","Finance - Misc Services",14.4,+1.05%,3,Sell,"100% Sell",-59.56,-36.84%,24.85,21.33,24.39,16.46,34.67,-54.09,-55.82,23395,Strengthening,Average,37.64%,0.34,14.13,18.8,6%
QTI,"Qt Imaging Holdings Inc","Medical Instruments",2.7,-2.88%,4,Sell,"100% Sell",-59.88,+7.57%,4.21,3.09,4.85,2.91,41.07,-9.68,-67.29,38945,Average,Good,9.68%,0.76,2.53,3.28,22%
PODD,"Insulet Corp","Medical Products",137.92,-3.06%,7,Sell,"100% Sell",-59.99,-60.91%,156.37,153.61,180.65,145.65,37.76,-78.16,-63.03,1272617,Strengthening,Good,24.78%,1.27,138.89,152.4,-7%
FLUT,"Flutter Entertainment Plc",Gaming,99.33,-1.36%,7,Sell,"100% Sell",-60.09,-65.98%,102.43,102.42,106.79,99.48,48.53,-83.23,-65.36,3169050,Strengthening,Average,56.64%,0.96,94.25,104.7,49%
HUHU,"Huhutech International Group Inc","Machinery - General Industrial",4.16,-2.12%,1,Sell,"100% Sell",-60.50,-35.60%,7.5,5.42,7.5,4.53,34.41,-52.85,-70.36,39182,Strongest,Strong,14.07%,1.03,3.92,5.15,20%
FVRR,"Fiverr International Ltd","Internet Commerce",8.93,-0.89%,6,Sell,"100% Sell",-61.08,-62.27%,10.31,9.92,10.66,9.19,40.98,-79.52,-66.36,988145,Strengthening,Average,24.75%,0.92,8.68,9.7,24%
CLRO,"Clearone Inc","Communications Components",4.91,-2.00%,1,Hold,"16% Buy",-61.29,+7.44%,4.7,6.13,4.85,5.39,44.17,-9.81,-15.09,1424396,Weakest,Weak,17.00%,0,4.6,6.17,20%
CNSP,"Cns Pharmaceuticals Inc","Medical - Biomedical",5.78,-2.69%,6,Buy,"100% Buy",-61.66,-12.42%,4.99,5.4,4.31,5.7,52.93,-29.67,-1.45,462758,Strengthening,Soft,53.44%,0.32,5.14,6.26,57%
ASPI,"Asp Isotopes Inc","Chemical - Diversified",3.82,-9.48%,3,Sell,"100% Sell",-61.88,-55.06%,5.23,4.3,5.19,4.02,43.06,-72.31,-40.15,4926382,Strongest,Good,58.03%,1.23,3.71,4.33,18%
WING,"Wingstop Inc","Retail - Restaurants",110.58,+1.03%,2,Sell,"100% Sell",-61.90,-61.53%,142.15,130.72,165.69,113.51,41.11,-78.78,-65.18,1109887,Average,Strong,25.02%,1.27,105.37,121.65,32%
BGDE,"Big Digital Energy Inc","IT Services",6.61,-5.97%,7,Buy,"56% Buy",-62.55,-14.02%,6.73,6.52,5.52,6.83,49.38,-31.27,45.46,693485,Weakest,Weak,40.35%,0.34,5.98,7.68,37%
AISP,"Airship AI Holdings Inc","Technology Services",2.03,-2.40%,4,Buy,"72% Sell",-63.09,-53.12%,2.34,2.06,2.39,2.08,46.58,-70.37,-41.31,616602,Strengthening,Soft,29.27%,0.55,1.94,2.23,32%
NAGE,"Niagen Bioscience Inc","Medical - Biomedical",3.05,-1.61%,7,Sell,"100% Sell",-63.15,-67.48%,3.61,3.25,4.02,3.14,42.41,-84.73,-63.59,892626,Strengthening,Average,23.95%,0.58,2.98,3.31,21%
UONE,"Urban One Inc","Broadcast - Radio & TV",4.75,+0.43%,1,Sell,"100% Sell",-63.26,-68.54%,5.58,5,6.67,4.89,41.52,-85.79,-65.43,50962,Average,Average,26.13%,0.55,4.67,5.11,19%
ATOS,"Atossa Therapeutics Inc","Medical - Biomedical",2.4,-4.57%,5,Buy,"72% Sell",-63.74,-80.17%,3.44,2.42,3.92,2.56,43.46,-97.42,-84.43,115834,Average,Soft,36.65%,0.31,2.36,2.76,11%
FUBO,"Fubo TV","Broadcast - Radio & TV",10.71,-4.63%,9,Buy,"8% Sell",-64.16,-78.18%,10.16,9.87,11.37,10.52,53.68,-95.43,-76.13,1469540,Weakest,Minimum,50.37%,0.63,9.51,11.52,60%
SONM,"Dna X Inc","Wireless Equipment",3.13,0.00%,2,Sell,"100% Sell",-64.22,-70.53%,4.12,3.57,4.21,3.33,40.72,-87.78,-12.18,40760,Strengthening,Weak,29.29%,0.28,3.06,3.61,13%
LUD,"Luda Technology Group Limited","Steel - Specialty",4.29,-0.46%,2,Sell,"96% Sell",-64.52,-74.68%,4.82,4.31,4.93,4.29,49.16,-91.93,-44.73,79064,Weakening,Average,49.10%,1,4.19,4.39,50%
ATHR,"Aether Holdings Inc","Technology Services",3.17,-0.47%,2,Sell,"72% Sell",-64.75,-41.42%,3.7,3.86,3.63,3.35,42.86,-58.67,-60.34,13828,Average,Soft,24.60%,0.08,2.69,4,37%
SQNS,"Sequans Communications S A ADR","Electronics - Semiconductors",2.96,+3.14%,1,Buy,"40% Sell",-64.81,-66.13%,3.2,2.88,3.12,2.92,55.4,-83.38,-45.63,155655,Weakest,Minimum,36.69%,0.79,2.73,3.12,60%
GLMD,"Galmed Pharmaceutica","Medical - Drugs",4.63,+21.05%,3,Hold,"64% Sell",-64.86,-60.22%,4.66,4.38,4.75,4.24,56.95,-77.47,-34.43,157441,Weakest,Weak,34.80%,4.26,3.73,4.74,89%
KG,"Kestrel Group Ltd","Insurance - Multi Line",7.36,+5.52%,3,Sell,"100% Sell",-65.13,-70.83%,9.86,8.67,10.61,7.65,41.77,-88.08,-39.63,20176,Strongest,Average,33.39%,8.05,7.02,8.28,27%
BRBR,"Bellring Brands Inc Cl A","Food - Misc & Diversified",9.43,-3.68%,1,Sell,"88% Sell",-65.27,-74.99%,11.52,11.8,13.42,10.48,34.18,-92.24,-76.27,4361070,Strengthening,Average,10.81%,0.93,9.72,11.24,-19%
ANGI,"Angi Inc","Internet - Content",4.72,+0.43%,8,Sell,"100% Sell",-65.49,-73.92%,5.68,5.4,6.49,4.76,45.26,-91.17,-75.05,1089664,Average,Average,35.65%,1.34,4.41,5.11,45%
GURE,"Gulf Resources Inc","Chemical - Diversified",3.5,-2.51%,6,Hold,"64% Sell",-67.32,-53.94%,3.82,3.43,4.29,3.4,51.37,-71.19,-16.96,74034,Average,Average,65.56%,0.11,2.96,3.85,61%
CGTL,"Creative Global Technology Ltd","Consumer Prdts - Misc Discr",4.06,-3.79%,2,Sell,"100% Sell",-67.72,-53.02%,7.44,4.44,14.74,4.41,39.75,-70.27,-88.8,291330,Strengthening,Average,11.71%,0.36,3.75,5.06,23%
CTSO,"Cytosorbents Cor","Medical Products",6.33,-7.59%,5,Sell,"100% Sell",-68.37,-68.29%,8.84,7.36,10.33,7.09,40.66,-85.54,-62.03,7638,Strongest,Strong,21.18%,3.08,6.25,7.93,5%
SERV,"Serve Robotics Inc","IT Services",4.66,-5.00%,1,Sell,"100% Sell",-68.52,-56.90%,6.78,5.22,7.63,4.84,42.32,-74.15,-66.7,5045219,Strengthening,Strong,42.71%,0.91,4.59,5.08,13%
STEM,"Stem Inc","IT Services",5.37,-4.79%,3,Sell,"100% Sell",-69.77,-61.26%,7.64,6.05,8.63,5.69,41.66,-78.51,-75.87,167079,Strengthening,Strong,27.73%,0.94,5.17,6.2,20%
GLOO,"Gloo Holdings Inc","Internet - Software",3.15,-0.94%,1,Sell,N/A,-69.82,N/A,4.59,3.4,4.95,3.28,42.43,N/A,-56.19,158112,N/A,N/A,21.94%,1.49,3.01,3.55,26%
LNZA,"Lanzatech Global Inc","Waste Removal Svcs",5.92,-3.27%,7,Buy,"72% Sell",-69.94,-69.74%,9.68,6.03,11.75,6.25,42.83,-86.99,-68.53,70937,Average,Average,20.27%,0.48,5.94,6.55,-4%
MENS,"Jyong Biotech Ltd","Medical - Biomedical",2.16,+1.89%,9,Hold,"16% Sell",-70.15,-96.01%,2.12,2.21,2.13,2.18,47.79,-113.26,-56.87,361263,Weakest,Minimum,50.34%,1.19,1.96,2.41,45%
TANH,"Tantech Holdings Ltd","Chemical - Diversified",19.9,+5.91%,3,Hold,"80% Sell",-70.39,-80.87%,20.42,19.99,25.9,18.43,51.95,-98.12,-71.75,19170,Average,Soft,67.78%,0.83,14.5,22.35,69%
ICU,"Seastar Medical Hldg Corp","Medical Services",3.1,+5.08%,2,Sell,"56% Sell",-70.45,-64.58%,3.7,3.65,3.43,3.14,45.24,-81.83,17.62,133486,Weakening,Weak,25.75%,0.79,2.85,3.43,42%
NCEL,"Newcelx Ltd","Medical - Biomedical",3.25,0.00%,4,Sell,"8% Buy",-70.61,-83.25%,3.49,3.57,3.19,3.34,44.32,-100.5,59.5,59361,Weakest,Minimum,30.05%,0.17,3.15,3.53,26%
OKLO,"Oklo Inc","Other Alt Energy",42.57,-1.71%,2,Sell,"88% Sell",-70.77,-42.45%,54.24,43.74,56.04,42.09,50.1,-59.7,-52.23,11237955,Weakening,Average,54.78%,0.83,38.04,46.13,56%
LBGJ,"Li Bang International Corporation Inc","Steel - Specialty",2.12,+1.92%,2,Sell,"100% Sell",-71.19,-99.99%,143.84,80.26,2159.35,2.93,31.39,-117.24,-111.53,190681,Weakening,Average,5.61%,0.04,2.16,3.69,-2%
WKHS,"Workhorse Grp","Auto - Truck Original Parts",3.08,-0.65%,4,Buy,"40% Sell",-71.20,-78.43%,3.09,3.01,3.16,3.18,47.88,-95.68,-51.04,177601,Weakening,Minimum,11.91%,0.5,2.9,3.45,33%
YI,"111 Inc ADR","Medical Information Systems",3.13,-2.19%,1,Sell,"100% Sell",-71.55,-47.13%,4.68,3.76,5.51,3.52,37.82,-64.38,10.72,25698,"Top 1%",Strong,40.18%,0.11,3.13,3.91,0%
CLGN,"Collplant Biotechnologies Ltd ADR","Medical - Biomedical",3.41,-4.75%,3,Buy,"56% Sell",-72.25,-87.18%,3.59,3.31,4.38,3.3,51.67,-104.43,-87.19,111601,Weakening,Weak,12.59%,0.22,2.78,3.82,61%
KDK,"Kodiak AI Inc","Technology Services",3.86,-0.77%,3,Sell,"100% Sell",-72.47,-66.17%,5.86,4.3,6.65,3.9,44.55,-83.42,-76.2,878463,Strengthening,Strong,53.77%,1.36,3.55,4.24,45%
PN,"Pn Smart Energy Limited","Other Alt Energy",2.39,-1.65%,1,Sell,"88% Sell",-72.65,-87.39%,4.43,4.98,6.07,2.64,41.36,-104.64,-95.09,757381,Weakening,Soft,12.89%,0.06,2.32,2.97,11%
PAVM,"Pavmed Inc","Medical Instruments",4.52,-4.24%,7,Sell,"100% Sell",-72.79,-64.96%,5.88,5.22,7.25,5.04,41.06,-82.21,-43.31,326652,Strengthening,Average,21.38%,0.38,4.47,5.61,4%
ARBK,"Argo Blockchain Plc ADR","Finance - Misc Services",2.93,-2.01%,5,Sell,"96% Sell",-73.20,-94.38%,3.33,3.03,3.21,2.93,47.23,-111.63,-25.63,55761,Average,Weak,24.49%,0.34,2.83,3.03,48%
ALIT,"Alight Inc Cl A","Internet - Software",12.55,-6.69%,2,Sell,"72% Sell",-73.58,-83.09%,15.63,16.46,16.19,14.06,37.6,-100.34,-79.37,1134705,Average,Weak,28.56%,0.72,12.84,15.28,-12%
AQMS,"Aqua Metals Inc","Waste Removal Svcs",2.4,-18.47%,8,Hold,"80% Sell",-73.69,-33.56%,3.41,2.75,3.75,2.79,36.53,-50.81,-61.45,143371,Average,Average,62.55%,2.59,2.53,3.06,-23%
ANTA,"Antalpha Platform Holding Company","Finance - Misc Services",3.57,+3.69%,4,Sell,"100% Sell",-75.22,-70.18%,6.05,4.04,6.77,3.83,44.18,-87.43,-71.37,5584,Average,Strong,24.75%,0.4,3.44,4.21,17%
STG,"Sunlands Online Education Group ADR","Internet - Services",2.95,+1.20%,3,Sell,"88% Sell",-75.49,-67.04%,3.38,3.41,3.71,3.01,41.96,-84.29,-61.72,145875,Average,Soft,30.17%,0.1,2.73,3.28,39%
DOMO,"Domo Inc Cl B","Internet - Software",3.78,-1.31%,2,Buy,"24% Buy",-75.68,-75.61%,3.57,3.68,3.65,3.81,50.93,-92.86,-66.71,1669741,Weakest,Minimum,53.09%,0.81,3.65,3.96,41%
CUPR,"Cuprina Holdings [Cayman] Limited","Medical - Biomedical",2.91,-6.73%,3,Sell,"56% Sell",-75.90,-48.18%,3.27,3.6,3.2,2.95,45.25,-65.43,-20.64,1064595,Average,Weak,66.02%,0.02,2.73,3.17,40%
UK,"Ucommune Intl Ltd","Real Estate Operations",2.22,+5.21%,3,Hold,"48% Sell",-75.93,-82.93%,2.47,2.1,3.32,2.13,56.02,-100.18,-76.32,130046,Weakest,Average,54.60%,0.22,1.91,2.35,70%
AIFA,"All IN Futuretech Alliance Inc",Gaming,3,-0.99%,2,Buy,"88% Buy",-76.34,-48.02%,2.6,2.38,2.35,2.98,57.75,-65.27,16.07,967125,Average,Soft,53.40%,0.13,2.75,3.22,53%
EDHL,"Everbright Digital Holding Limited","Advertising Marketing Services",3.91,-0.26%,4,Buy,"8% Sell",-76.53,-43.44%,3.72,4.03,3.48,3.98,46.29,-60.69,-46.4,863982,Weakest,Minimum,16.27%,0.28,3.77,4.2,32%
SSTK,"Shutterstock Inc","Internet - Content",5.06,-2.13%,3,Sell,"100% Sell",-76.54,-75.04%,11.05,6.62,12.98,5.54,34.28,-92.29,-85.06,578194,Strongest,Maximum,27.42%,0.95,5.09,6,-3%
STI,"Solidion Technology Inc","Electronics Products - Misc",7.12,-2.20%,1,Sell,"72% Sell",-76.75,+31.85%,8.72,7.33,7.58,7.55,43.75,14.6,-11.13,960740,Strengthening,Weak,31.60%,0.44,7.14,7.96,-2%
LFS,"Leifras Co. Ltd ADR","Leisure & Recreation Services",2.17,+1.88%,2,Hold,"56% Sell",-76.80,N/A,2.23,2.25,2.29,2.26,45.59,N/A,-33.21,1150967,Weakening,Soft,16.42%,0.03,2.1,2.41,22%
CD,"Chaince Digital Holdings Inc","Financial Transaction Services",3.11,-11.40%,3,Buy,"72% Sell",-77.36,-54.06%,4.79,3.35,4.78,3.47,45.69,-71.31,-48.97,205406,Strengthening,Average,52.06%,1.66,2.86,4.08,20%
ANPA,"Rich Sparkle Holdings Limited","Business Services",3.11,-5.76%,1,Sell,"100% Sell",-78.39,-92.77%,5.16,4.13,9.83,3.99,32.35,-110.02,-97.51,125440,Strengthening,Good,27.59%,0.71,3.41,4.56,-27%
JDZG,"Jiade Limited",Schools,3.46,-4.42%,7,Sell,"100% Sell",-78.65,-99.33%,18.82,16.17,113.2,3.68,37.22,-116.58,-109.84,98077,Weakening,Average,35.62%,0.12,2.67,4.7,39%
ATPC,"Agape Atp Corp","Medical Products",2.36,+1.95%,3,Sell,"100% Sell",-78.80,-96.35%,2.72,2.57,2.7,2.42,44.6,-113.6,-67.32,2138394,Strengthening,Weak,22.31%,0.01,2.28,2.55,28%
TVGN,"Tevogen Inc","Medical Services",7.34,+0.14%,13,Buy,"24% Sell",-79.10,-83.41%,7.32,6.07,7.8,6.85,63.07,-100.66,-67.21,23354,Weakest,Minimum,99.75%,0.36,6.2,7.5,88%
IOTR,"Iothree Limited","Transportation - Ship",2.4,-2.83%,2,Sell,"40% Sell",-79.48,-46.28%,2.8,2.87,2.64,2.57,38.8,-63.53,-13.39,894451,Average,Weak,49.36%,0.01,2.35,2.79,12%
DXST,"Decent Holding Inc","Waste Removal Svcs",2.61,+0.77%,4,Buy,Hold,-80.35,-92.65%,2.39,2.46,3.38,2.61,52.19,-109.9,-104.04,1446168,Falling,,17.74%,0.01,2.43,2.79,50%
MLEC,"Moolec Science Sa","Agriculture Operations",6.66,-3.92%,3,Hold,"80% Sell",-81.05,-62.38%,7.61,7.21,8.14,7.06,43.63,-79.63,62.79,505307,Strongest,Weak,12.96%,0.23,6.3,7.82,24%
WNW,"Meiwu Technology Ltd","Technology Services",2.38,+3.03%,3,Sell,"100% Sell",-81.22,-99.15%,3.23,2.84,32.92,2.53,43.54,-116.4,-109.84,850714,Weakening,Average,3.37%,0.12,2.11,2.96,32%
CRVO,"Cervomed Inc","Medical - Biomedical",2.51,-0.79%,2,Sell,"100% Sell",-81.68,-74.90%,3.14,2.86,3.53,2.65,40.03,-92.15,-79.78,1826654,Strengthening,Average,23.24%,0.37,2.39,2.91,23%
JEM,"707 Cayman Holdings Limited","Textile - Apparel",4.18,-2.34%,3,Sell,"100% Sell",-82.45,-97.44%,13.7,7.68,17.54,4.44,42.25,-114.69,-101.7,492832,Average,Weak,10.13%,0.02,3.14,5.75,40%
CURX,"Curanex Pharmaceuticals Inc","Medical - Drugs",4.2,-16.67%,6,Buy,"72% Sell",-82.75,-97.35%,5.62,4.39,6.45,4.65,43.77,-114.6,-48.03,74529,Average,Weak,27.63%,2.44,4.01,5.29,15%
SPHL,"Springview Holdings Ltd","Building & Construction - Misc",2.46,-1.60%,3,Sell,"100% Sell",-83.17,-30.11%,2.74,2.66,2.86,2.55,42.54,-47.36,6.72,975937,Strongest,Soft,53.10%,0.01,2.33,2.77,30%
EUDA,"Euda Health Holdings Ltd","Medical Information Systems",13.1,-2.53%,4,Sell,"56% Sell",-83.75,-55.44%,14.07,14.61,14.49,14.12,42.68,-72.69,-83.2,47540,Average,Weak,13.09%,2.8,12.8,15.44,12%
RGNT,"Regentis Biomaterials Ltd","Medical - Biomedical",2.01,-1.47%,7,Sell,N/A,-84.99,N/A,2.57,2.34,2.97,2.04,46.05,N/A,-81.73,N/A,N/A,N/A,19.16%,0.1,1.89,2.18,41%
SNAL,"Snail Inc Cl A",Gaming,2.64,+1.15%,2,Sell,"40% Sell",-85.37,-40.00%,3.77,3.8,3.55,2.87,33.85,-57.25,-52.16,1459592,Weakening,Soft,25.57%,0.07,2.57,3.17,12%
SOWG,"Sow Good Inc","Consumer Prdts - Misc Discr",3.35,+7.72%,6,Buy,"24% Sell",-85.56,-70.21%,2.71,3.38,3.97,3.24,52.59,-87.46,-46.65,150377,Weakening,Weak,10.87%,0.31,2.89,3.58,67%
YMAT,"J-Star Holding Co. Ltd","Chemical - Specialty",2.27,+71.32%,4,Hold,"48% Sell",-85.66,-66.62%,2.68,2.04,2.4,1.88,57.66,-83.87,-14.13,1134537,Weakest,Weak,63.47%,38.02,1.54,2.21,109%
YXT,"Yxt.com Group ADR","Internet - Software",2.46,-4.28%,2,Hold,"96% Sell",-85.75,-75.67%,4.35,3.88,4.73,3.1,44.52,-92.92,-80.8,484220,Strongest,Average,14.79%,0.02,1.6,4.59,29%
VRAX,"Virax Biolabs Group Limited","Medical - Biomedical",2.73,+3.80%,2,Sell,"100% Sell",-86.29,-81.31%,3.76,3.14,4.12,2.84,45.28,-98.56,-79.97,1015248,Weakening,Soft,10.30%,0.02,2.39,3.29,38%
ERNA,"Ernexa Therapeutics Inc","Medical - Drugs",4.02,-4.06%,4,Sell,"100% Sell",-86.57,-87.29%,6.19,4.82,6.53,4.49,39.04,-104.54,-98.15,676031,Strengthening,Soft,8.47%,0.03,3.93,5.05,8%
HCAI,"Hauchen AI Parking Management Ltd","Technology Services",4.2,-0.47%,5,Sell,"100% Sell",-87.22,-81.08%,7.28,5.55,6.88,4.65,35.18,-98.33,-71.46,492672,Strengthening,Average,16.24%,27.39,4.18,5.13,2%
SLMT,"Brera Holdings Plc Cl B",Gaming,3.7,-2.37%,5,Sell,"100% Sell",-87.41,-93.79%,5.3,4.45,6.82,4.05,40.24,-111.04,-91.76,105331,Average,Weak,15.74%,0.21,3.66,4.44,5%
GMM,"Global Mofy AI Limited","Technology Services",2.1,+2.69%,2,Sell,"100% Sell",-87.73,-98.11%,19.03,2.7,33.86,2.51,30.89,-115.36,-107.99,1474296,Weakening,Strong,11.02%,0,1.99,3.04,11%
QNTM,"Quantum Biopharma Ltd","Medical - Biomedical",3.58,+8.81%,2,Buy,"40% Sell",-88.23,-71.79%,4.12,3.24,3.92,3.3,58.07,-89.04,-62.51,270942,Weakest,Minimum,52.12%,2.38,2.86,3.75,81%
OPAD,"Offerpad Solutions Inc","Real Estate Operations",3.85,-3.75%,1,Sell,"100% Sell",-88.58,-90.86%,5.55,4.57,6.27,4.27,37.16,-108.11,-79.73,163603,Strengthening,Soft,25.78%,0.58,3.87,4.67,-2%
CSAI,"Cloudastructure Inc Cl A","Internet - Software",4.65,-0.21%,1,Sell,"100% Sell",-88.68,-88.35%,10.7,7.23,13.46,5.15,37.48,-105.6,-92.3,26212,Average,Average,9.74%,0.1,4.61,5.69,4%
SKYQ,"Sky Quarry Inc","Oil - US Integrated",2.67,+0.38%,1,Sell,"88% Sell",-88.70,-45.53%,3.46,3.38,3.64,2.73,43.41,-62.78,37.78,6142423,Average,Weak,28.85%,0.16,2.38,3.07,42%
LNAI,"Lunai Bioworks Inc","Medical Information Systems",2.61,+0.38%,5,Buy,"40% Sell",-89.27,-85.32%,2.6,2.49,2.93,2.3,59.18,-102.57,-74.55,1191538,Weakest,Minimum,64.87%,0.31,2.03,2.57,108%
CIIT,"Tianci International Inc","Transportation - Ship",2.81,+1.44%,1,Sell,"100% Sell",-89.92,-94.90%,8.19,3.78,14.29,3.23,34.24,-112.15,-99.48,288047,Weakening,Average,16.52%,0.3,2.66,3.8,13%
ASTC,"Astrotech Corp","Aerospace - Defense Equipment",7.46,-1.84%,1,Sell,"24% Sell",-90.03,+46.85%,10.18,8.07,7.77,7.58,45.81,29.6,104.06,2006213,Weakest,Minimum,47.44%,0.15,6.45,8.72,44%
ATGL,"Alpha Technology Group Limited","Technology Services",5.9,-1.83%,1,Sell,"100% Sell",-90.03,-80.77%,11.87,8.72,14.52,6.84,32.36,-98.02,-83.36,18510,Strongest,Maximum,8.04%,0.09,5.78,7.89,6%
BIRD,"Smartbird Inc","Shoes and Related Apparel",2.46,-1.60%,4,Hold,"80% Sell",-90.44,-59.20%,3.99,2.7,3.81,2.48,45.94,-76.45,-51.55,2462410,Average,Average,28.15%,0.22,2.29,2.67,45%
OMH,"Ohmyhome Limited","Technology Services",2.51,+0.40%,3,Sell,"100% Sell",-90.57,-95.48%,26.07,10.43,38.17,3.98,34.69,-112.73,-105.33,222227,Average,Maximum,2.03%,0.09,2.26,5.7,7%
TNMG,"Tnl Mediagene","Advertising Marketing Services",3.43,-2.00%,2,Buy,"72% Sell",-91.27,-94.43%,4.88,3.56,9.56,3.57,45.98,-111.68,-95.84,587050,Weakest,Weak,15.03%,0.1,2.66,4.48,42%
HAO,"Haoxi Health Technology Limited Class A Ord Shar","Advertising Marketing Services",2.88,-15.54%,4,Sell,"100% Sell",-91.62,-99.92%,393.18,6.12,1251.31,3.42,20.9,-117.17,-111.44,129165,Average,Good,29.31%,0.35,2.61,4.23,17%
PCLA,"Picocela Inc ADR","Diversified Comm Services",7.42,+17.41%,1,Buy,"88% Buy",-92.50,-43.93%,5.1,6,4.51,6.93,56.74,-61.18,-29.65,801703,Strengthening,Soft,10.01%,1.22,5.8,8.05,72%
RAYA,"Erayak Power Solution Group Inc Cl A","Electronics Products - Misc",2.25,-0.13%,2,Sell,"100% Sell",-92.61,-97.13%,2.98,2.5,4.44,2.32,42.76,-114.38,-105.64,295203,Weakening,Weak,29.60%,0.12,2.15,2.5,29%
INLF,"Inlif Limited","Medical Products",3.56,-3.00%,1,Sell,"100% Sell",-92.63,-99.87%,327.91,4.31,598.23,4.29,23.89,-117.12,-111.32,993683,Weakening,Good,6.01%,0,3.36,5.22,11%
TDIC,"Dreamland Limited Cl A","Advertising Marketing Services",2.2,+0.92%,2,Sell,"100% Sell",-93.03,-99.53%,15.63,2.97,16.89,2.53,42.15,-116.78,-102.07,551679,Weakening,Weak,6.92%,0.03,2.16,2.9,5%
VEEE,"Twin Vee Powercats Co.","Leisure & Recreational Prdcts",9.39,-5.44%,2,Sell,"56% Sell",-93.42,-89.20%,9.78,13.11,13.07,10.34,43.31,-106.45,-96.96,804232,Weakening,Weak,40.22%,0,8.62,12.05,22%
HKIT,"Hitek Global Inc Ordinary Share","Technology Services",2.63,-4.36%,1,Sell,"100% Sell",-93.65,-99.96%,22.32,3.39,1283.94,2.95,34.41,-117.21,-111.52,248442,Average,Average,20.05%,0.1,2.67,3.23,-7%
FXHO,"Utime Ltd","Wireless Equipment",13.3,+7.34%,3,Sell,"40% Sell",-93.78,-99.77%,12.05,12.28,17.92,11.34,58.25,-117.02,-85.47,152218,Weakest,Minimum,83.32%,0.5,8.9,13.78,90%
VBIO,"Valion Bio Inc","Medical - Biomedical",2.4,-4.00%,3,Sell,"100% Sell",-93.87,-96.78%,14.23,7.2,17.03,3.55,28.95,-114.03,-104.93,136626,Strengthening,Good,4.49%,0.26,1.92,5.19,15%
SXTC,"China Sxt Pharmaceuticals Inc","Medical - Drugs",2.14,-4.46%,3,Sell,"100% Sell",-94.10,-99.99%,109.32,65.88,129.07,3.28,23.27,-117.24,-111.54,328582,Weakening,Soft,4.74%,0.04,1.57,4.99,17%
SEGG,"Sports Entertainment Gaming Global Corp",Gaming,2.78,-7.33%,3,Sell,"88% Sell",-94.19,-93.18%,6.57,3.78,6.5,2.63,43.93,-110.43,-57.15,652618,Average,Weak,56.47%,0.27,2.3,2.96,73%
DSY,"Big Tree Cloud Holdings Limited","Consumer Prdts - Misc Staple",3.74,+0.54%,1,Hold,Hold,-94.22,-93.20%,3.19,3.79,3.21,4.02,45.88,-110.45,-42.93,1062299,Bearish,,15.15%,0.02,3.64,4.4,13%
MNTS,"Momentus Inc","Aerospace - Defense",4.06,-4.47%,2,Sell,"100% Sell",-94.28,-80.39%,6.84,4.83,6.1,4.32,40.06,-97.64,-28.18,3239841,Strengthening,Soft,31.59%,0.54,3.79,4.85,25%
PAVS,"Paranovus Entertainment Technology Ltd","Conglomerates - Div Operations",4.53,-1.09%,1,Sell,"100% Sell",-94.54,-100.00%,49.01,5.45,361.06,5.4,32.51,-117.25,-111.33,409664,Weakening,Weak,7.17%,0.01,3.95,6.85,20%
ARTL,"Artelo Biosciences Inc","Medical - Biomedical",5.98,-3.39%,4,Sell,"100% Sell",-95.08,-95.27%,13.5,7.74,24.14,6.36,37.49,-112.52,-93.4,173629,Weakening,Weak,65.07%,0.52,5.78,6.93,17%
WOK,"Work Medical Technology Group Ltd","Medical Instruments",2.02,-1.46%,3,Sell,"88% Sell",-95.30,-100.00%,39.04,2.09,67.78,2.19,40.1,-117.25,-110.62,416714,Weakening,Weak,12.78%,0.05,1.99,2.4,7%
NTCL,"Netclass Technology Inc Cl A","Internet - Software",2.11,+0.48%,3,Sell,"100% Sell",-95.54,-97.49%,17.34,3.16,17.64,2.33,37.31,-114.74,-99.34,66997,Weakening,Soft,40.97%,0.16,1.76,2.89,31%
VSA,"Visionsys AI Inc ADR","Technology Services",3,-0.33%,3,Sell,"100% Sell",-95.79,-99.80%,4.41,3.41,6.7,3.36,38.11,-117.05,-99.2,506512,Average,Weak,9.30%,0.03,3.02,3.7,-3%
RBNE,"Robin Energy Ltd","Transportation - Ship",2.68,-1.11%,5,Sell,"100% Sell",-95.99,-98.12%,11.25,4.06,21.1,2.7,37.84,-115.37,-105.45,159127,Weakening,Soft,35.60%,0.15,2.43,2.97,47%
SMX,"Smx [Security Matters] Plc Cl A","Technology Services",17.92,+2.17%,6,Hold,"48% Sell",-96.14,-99.83%,31.46,16.52,336.2,16.55,53.15,-117.08,-110.39,53962,Weakest,Weak,64.66%,0.37,14.45,18.65,83%
ELPW,"Elong Power Holding Cl A","Electronics Products - Misc",2.8,-3.95%,2,Sell,"100% Sell",-96.39,-99.99%,54.42,11.14,320.45,3.73,31.33,-117.24,-111.51,221463,Weakening,Weak,6.39%,0.09,2.79,4.67,0%
BYAH,"Park Ha Biological Technology Co. Ltd","Consumer Prdts - Misc Staple",2.27,-6.97%,1,Sell,"100% Sell",-97.69,-98.79%,6.74,3.55,9.39,2.82,31.69,-116.04,-107.98,299958,Average,Weak,9.55%,0.04,2.33,3.32,-6%
NXTT,"Next Technology Holding Inc","Internet - Software",4.77,-5.92%,4,Sell,"100% Sell",-98.28,-99.84%,98.49,45.66,151.78,6.23,18.04,-117.09,-110.76,50957,Weakening,Weak,1.70%,0.2,4.48,7.97,8%
YMT,"Yimutian Inc ADR","Agriculture Products",2.12,-4.93%,2,Sell,"100% Sell",-98.34,-99.59%,15.23,5.29,56.89,2.94,27.59,-116.84,-110.99,93620,Weakening,Average,10.31%,0.26,1.8,4.08,14%
BIYA,"Baiya International Group Inc","Internet - Software",2.25,-0.44%,1,Sell,"100% Sell",-98.54,-98.57%,6.28,3.28,10.02,2.38,40.3,-115.82,-105.74,1861087,Weakening,Weak,36.45%,0.01,2.07,2.7,29%
VMAR,"Vision Marine Technologies Inc","Leisure & Recreational Prdcts",8.28,-8.41%,7,Sell,"88% Sell",-98.88,-99.84%,40.69,8.97,105.61,7.58,46.37,-117.09,-110.51,158543,Weakening,Weak,42.04%,0.11,5.86,9.3,70%
KIDZ,"Kidz AI Inc",Schools,3.48,-5.69%,1,Sell,"100% Sell",-99.65,-99.97%,43.44,6.93,233.23,4.29,30.45,-117.22,-111.29,355369,Weakening,Weak,15.92%,0.05,3.42,5.16,4%
LABT,"Lakewood-Amedex Biotherapeutics Inc","Medical - Biomedical",2.32,+6.42%,5,N/A,N/A,N/A,N/A,0,2.36,0,2.27,45.72,N/A,N/A,N/A,N/A,N/A,26.67%,2.23,1.88,2.66,57%
MOBI,"Mobia Medical Inc","Medical Instruments",10.82,-2.43%,1,N/A,N/A,N/A,N/A,0,11.74,0,11.32,43.9,N/A,N/A,N/A,N/A,N/A,36.54%,1.02,10.46,12.19,21%
NHP,"National Healthcare Properties Inc Cl A","REIT - Equity Trust Resident",16.25,-1.46%,3,N/A,N/A,N/A,N/A,0,15.94,0,16.42,50.77,N/A,N/A,N/A,N/A,N/A,35.54%,1.01,15.8,17.05,36%
NINE,"Nine Energy Service Inc","Oil - Field Services",9.79,-4.02%,6,Sell,N/A,N/A,N/A,10.74,11.09,0,10.53,40.33,N/A,N/A,N/A,N/A,N/A,3.86%,0.45,9.76,11.29,2%
OPTH,"Optimi Health Corp","Medical - Drugs",4.35,-10.12%,1,N/A,N/A,N/A,N/A,0,4.8,0,4.82,35.4,N/A,N/A,N/A,N/A,N/A,26.53%,4.08,4.54,5.1,-35%
PBLS,"Parabilis Medicines Inc","Medical - Biomedical",38.76,-2.54%,8,N/A,N/A,N/A,N/A,0,34.55,0,39.03,54.6,N/A,N/A,N/A,N/A,N/A,54.12%,1.21,36.41,41.64,45%
SLBT,"SL Science Holding Limited","Medical - Biomedical",2.61,-0.38%,5,N/A,N/A,N/A,N/A,0,3.31,0,2.75,44.38,N/A,N/A,N/A,N/A,N/A,23.54%,0.44,2.4,3.1,31%
SPCX,"SpaceX Corp","Wireless National",147.55,-3.86%,6,N/A,N/A,N/A,N/A,0,135.65,0,142.4,56.33,N/A,N/A,N/A,N/A,N/A,81.22%,1.32,132.72,152.07,77%
SPTX,"Seaport Therapeutics Inc","Medical - Drugs",21.75,-9.60%,7,N/A,N/A,N/A,N/A,0,22.35,0,24.35,42.06,N/A,N/A,N/A,N/A,N/A,18.11%,2.43,22.09,26.62,-8%
TRAX,"First Tracks Biotherapeutics Inc","Medical - Biomedical",39.57,-5.33%,2,Hold,N/A,N/A,N/A,28.58,39.14,0,43.2,44.81,N/A,N/A,N/A,N/A,N/A,13.86%,0.61,39.74,46.66,-2%
VGNT,"Versigent Plc","Utility - Electric Power",45.74,-3.48%,8,Buy,N/A,N/A,N/A,43.01,44.03,0,47.22,48.03,N/A,N/A,N/A,N/A,N/A,53.07%,1.22,44.82,49.62,19%
VIDA,"Vida Global Inc Cl A","Technology Services",2.26,-7.38%,4,N/A,N/A,N/A,N/A,0,2.48,0,2.45,44.06,N/A,N/A,N/A,N/A,N/A,34.39%,0.81,2.09,2.8,24%
AIIR,"Air Global Plc",Tobacco,7.28,+1.75%,5,N/A,N/A,N/A,N/A,0,6.79,0,7.37,51.66,N/A,N/A,N/A,N/A,N/A,29.15%,0.54,6.73,8.01,43%
AZUL,"Azul S.A. ADR","Transportation - Airline",7.13,0.00%,1,N/A,N/A,N/A,N/A,0,8.27,0,7.62,18.61,N/A,N/A,N/A,N/A,N/A,16.83%,0.2,6.9,8.34,16%
BXDC,"Blackstone Digital Infrastructure Trust Inc","REIT - Equity Trust Other",20.14,-0.74%,8,N/A,N/A,N/A,N/A,0,20.52,0,20.41,46.67,N/A,N/A,N/A,N/A,N/A,35.11%,1.26,19.77,21.05,29%
CLBR,"Colombier Acquisition Corp III Cl A",Unclassified,10.245,+0.15%,2,N/A,N/A,N/A,N/A,0,10.27,0,10.25,47.83,N/A,N/A,N/A,N/A,N/A,15.78%,1.57,10.22,10.28,39%
EROK,"Eaglerock Land Cl A","Real Estate Operations",26.21,-0.19%,4,N/A,N/A,N/A,N/A,0,23.26,0,25.49,62.28,N/A,N/A,N/A,N/A,N/A,59.09%,0.54,24.31,26.67,81%
FRBT,"Forbright Inc Cl A","Banks - West",18.53,-2.01%,3,N/A,N/A,N/A,N/A,0,19.17,0,18.81,44.4,N/A,N/A,N/A,N/A,N/A,66.46%,1.03,18.01,19.61,33%
HMH,"Hmh Holding Inc","Oil Field Machinery & Equip",20.86,+5.62%,4,Buy,N/A,N/A,N/A,20.35,19.78,0,19.9,58,N/A,N/A,N/A,N/A,N/A,52.17%,0.77,18.44,21.35,83%
HONA,"Honeywell Aerospace Inc","Aerospace - Defense Equipment",151.58,-2.47%,4,N/A,N/A,N/A,N/A,0,189.04,0,161.19,37.41,N/A,N/A,N/A,N/A,N/A,20.33%,0.8,150.5,171.88,5%
JAN,"Janus Living Inc Class A-1","REIT - Equity Trust Resident",31,+0.10%,6,Buy,N/A,N/A,N/A,28.26,30.26,0,30.66,54.12,N/A,N/A,N/A,N/A,N/A,55.90%,0.79,29.51,31.81,65%
"Downloaded from Barchart.com as of 09-09-2026 10:10pm CDT"
