Symbol,Name,Industry,Latest,%Change,"1M #Hi",Trend,Opinion,"Wtd Alpha","52W %Chg","100D MA","50D MA","150D MA","20D MA","14D RSI","1Y vs IDX","YTD vs IDX","200D Avg Vol",Direction,Strength,"14D Stoch %K","50D RelVol","BB Lower","BB Upper",BB%
ERAS,"Erasca Inc","Medical - Biomedical",18.03,-7.49%,7,Buy,"72% Buy",+816.22,"+1,048.41%",15.97,18.1,15.18,18.2,49.14,1029.8,372.03,5385832,Weakening,Average,64.49%,0.62,17.15,19.24,42%
MU,"Micron Technology","Computer - Integrated Systems",932.86,-0.27%,7,Hold,"64% Buy",+420.91,+664.64%,836.63,955,691.98,920.87,50.68,646.03,214.2,41229477,Weakest,Average,47.48%,0.53,833.73,1008.02,57%
LITE,"Lumentum Holdings","Communications Components",895,-6.39%,10,Buy,"88% Buy",+319.50,+560.27%,860.37,814.26,782.54,873.93,53.1,541.66,130.17,5427410,Weakening,Average,67.65%,0.71,773.24,974.62,60%
RLAY,"Relay Therapeutics Inc","Medical - Drugs",18.77,-3.35%,8,Hold,"64% Buy",+317.85,+408.67%,16.68,19.22,14.31,19.82,43.55,390.06,109.22,2998373,Weakening,Strong,23.10%,0.86,18.76,20.88,0%
DNTH,"Dianthus Therapeutics Inc","Medical - Biomedical",105.84,-5.11%,6,Hold,"80% Buy",+254.68,+326.60%,95.12,103.35,84.94,111.05,46.29,307.99,144.18,907912,Weakening,Strong,33.76%,0.37,105.72,116.39,1%
ASX,"Ase Industrial Holding Ltd ADR","Electronics - Semiconductors",37.78,-2.88%,8,Sell,"56% Buy",+236.17,+278.94%,36.05,38.94,31.35,37.69,50.37,260.33,122.01,8413700,Average,Average,52.41%,0.81,35.18,40.2,52%
BUUU,"BuUU Group Limited Class A Ordinary Share","Internet - Software",28.7,-9.86%,5,Buy,"100% Buy",+217.82,+338.89%,20.44,23.91,17.99,28.14,54.15,320.28,334.39,49301,Strengthening,Maximum,32.83%,0.76,23.46,32.82,56%
CHRN,"Chronoscale Holdings Corp","Internet - Software",18.74,-9.62%,7,Sell,"40% Buy",+207.38,+381.75%,18.35,22.05,15.67,21.8,39.75,363.14,104.25,826108,Weakest,Average,23.14%,0.71,18.32,25.27,6%
UMC,"United Microelectronics Corp ADR","Electronics - Semiconductors",19.79,+3.78%,4,Sell,"56% Buy",+189.58,+195.81%,18.89,21.57,15.88,19.06,51.68,177.2,139.13,12691292,Average,Average,58.75%,1.27,17.88,20.24,81%
ANAB,"Anaptysbio Inc","Medical - Biomedical",56.28,-1.76%,10,Sell,"8% Buy",+186.08,+319.37%,57.67,58.43,51.02,57.04,47.02,300.76,61.48,733020,Weakening,Weak,38.23%,0.59,53.8,60.28,38%
CIEN,"Ciena Corp","Communications Components",378.44,-5.35%,6,Sell,"40% Sell",+182.16,+286.60%,469.23,415.96,424.94,404.3,43.78,267.99,49.17,2943933,Average,Weak,31.56%,0.57,365.21,443.4,17%
DFTX,"Definium Therapeutics Inc","Medical - Drugs",40.98,-6.48%,5,Sell,"56% Buy",+176.28,+319.02%,33.04,43.53,27.97,44.02,42.96,300.41,193.4,2174299,Weakening,Good,28.69%,0.57,40.73,47.31,4%
ARWR,"Arrowhead Pharma","Medical - Biomedical",84.91,-4.15%,5,Hold,"80% Buy",+174.68,+280.08%,78.7,83.6,73.22,87.59,47.11,261.47,15.25,2388667,Weakening,Average,52.29%,0.6,84.9,90.28,0%
STTK,"Shattuck Labs Inc","Medical - Biomedical",7.04,-7.97%,6,Hold,"80% Buy",+158.62,+609.03%,6.63,7.01,6.08,7.47,45.76,590.42,80.23,799685,Average,Average,49.18%,0.46,6.9,8.04,12%
APGE,"Apogee Therapeutics Inc","Medical - Biomedical",134.97,+0.01%,7,Buy,"100% Buy",+158.41,+268.57%,108.88,133.14,96.49,134.63,78.22,249.96,66.17,1499838,Average,Strong,94.91%,0.23,134.15,135.12,85%
EWTX,"Edgewise Therapeutics Inc","Medical - Biomedical",42.76,-3.24%,5,Buy,"88% Buy",+154.27,+191.88%,37.84,41.94,35.21,43.91,48.96,173.27,59.67,1287837,Average,Strong,39.04%,0.6,40.96,46.85,31%
LRCX,"Lam Research Corp","Electronics - Semiconductors",301.9,-5.24%,7,Sell,"24% Buy",+151.30,+190.04%,313.26,331.21,284.45,315.59,44.42,171.43,63.71,10983828,Weakest,Weak,28.08%,0.71,291.67,339.51,21%
AP,"Ampco-Pittsburgh Corp","Metal Production & Fabrication",8.86,-3.49%,8,Buy,"8% Buy",+151.23,+214.18%,9.57,8.69,8.94,9.05,49.7,195.57,53.58,219798,Weakest,Minimum,31.87%,0.33,8.28,9.81,38%
ABSI,"Absci Corp","Medical - Biomedical",8.71,-7.54%,10,Buy,"56% Buy",+146.35,+252.63%,7.21,9.23,5.73,9.07,47.5,234.02,136.92,4378604,Weakening,Good,39.22%,0.53,8.06,10.07,32%
ACMR,"Acm Research Inc","Semi-Eqpt Material Services",74.42,-7.54%,4,Sell,"24% Buy",+138.59,+154.08%,78.05,89.12,69.69,80.13,41.61,135.47,75.99,1380502,Weakest,Weak,21.36%,0.7,75.13,85.14,-7%
MNPR,"Monopar Therapeutics Inc","Medical - Biomedical",111.89,-1.80%,5,Hold,"80% Buy",+138.23,+210.29%,82.42,105.83,74.24,114.88,51,191.68,58.7,220353,Weakening,Strong,43.86%,0.91,106.85,122.91,31%
AMD,"Adv Micro Devices","Computer - Integrated Systems",465.58,-2.33%,4,Sell,"40% Buy",+136.51,+176.18%,455.51,506.08,373.74,482.04,44.83,157.57,104.75,35158840,Weakest,Soft,35.26%,0.58,451.48,512.59,23%
CPIX,"Cumberland Pharmaceu","Medical - Drugs",8.46,-2.20%,7,Buy,"100% Buy",+130.52,+143.80%,5.93,7.14,5.14,7.9,61.79,125.19,99.91,407617,Strengthening,Maximum,69.76%,0.47,7.03,8.78,82%
ZBIO,"Zenas Biopharma Inc","Medical - Biomedical",31.27,-4.14%,6,Buy,"72% Buy",+130.14,+92.31%,24.35,29.47,23.94,31.67,50.84,73.7,-26.53,753604,Weakening,Average,72.82%,0.48,29.56,33.77,41%
QTTB,"Q32 Bio Inc","Medical - Biomedical",15.03,-6.93%,4,Hold,"80% Buy",+130.10,+749.15%,11.38,14.88,9.32,15.78,46.28,730.54,340.06,1529865,Weakening,Strong,45.51%,0.27,14.89,16.66,8%
LCUT,"Lifetime Brands Inc","Consumer Prdts - Misc Discr",9.22,+0.11%,4,Buy,"88% Buy",+124.24,+138.86%,8.25,8.75,6.82,9.25,51.88,120.25,120.77,163318,Average,Strong,28.22%,0.52,8.46,10.05,48%
SIMO,"Silicon Motion Techn ADR","Computer - Integrated Systems",245.81,-3.63%,2,Sell,"24% Buy",+123.76,+197.05%,251.18,276.27,208.82,251.42,46.86,178.44,152.52,801098,Weakest,Weak,61.37%,0.39,226.48,276.36,39%
OPTX,"Syntec Optics Holdings Inc","Technology Services",8.52,-2.41%,9,Hold,Hold,+122.31,+425.93%,9.3,8.68,8.54,8.27,51.59,407.32,185.25,1407508,Bearish,,61.55%,0.54,7.16,9.38,61%
BTSG,"Brightspring Health Services Inc","Medical Services",59.13,-2.91%,2,Sell,"24% Buy",+122.26,+149.18%,60.18,65.85,53.74,60.3,43.28,130.57,45.24,2807435,Weakest,Weak,59.15%,0.4,57.3,63.29,30%
MBX,"Mbx Biosciences Inc","Medical - Biomedical",63,-5.11%,5,Hold,"80% Buy",+120.96,+341.49%,47.2,61.5,42.51,66.97,45.98,322.88,87.1,688081,Average,Strong,28.79%,0.44,63.82,70.11,-13%
GH,"Guardant Health Inc","Medical - Biomedical",161.5,-4.17%,3,Buy,"88% Buy",+118.08,+150.50%,130.89,156.77,119.51,163.74,50.51,131.89,45.47,2255072,Average,Strong,65.93%,0.68,155.48,171.99,36%
MGRT,"Mega Fortune Company Limited","Internet - Software",99.5,+0.81%,3,Buy,"88% Buy",+114.53,"+2,641.05%",96.36,88.66,66.89,96.62,57.41,2622.44,1212.25,80633,Strengthening,Average,50.40%,1.65,92.01,101.24,81%
FTRE,"Fortrea Holdings Inc","Medical - Biomedical",18.81,-0.27%,1,Buy,"100% Buy",+113.11,+94.92%,15.71,18.12,14.25,18.37,54.42,76.31,-3.61,1467556,Strengthening,Strong,68.97%,0.77,17.31,19.42,71%
BE,"Bloom Energy Corp Cl A","Other Alt Energy",210.77,-3.24%,8,Sell,"24% Sell",+111.51,+284.62%,247.14,236.61,214.97,218.71,46.34,266.01,129.92,12684016,Weakening,Minimum,44.04%,0.73,195.92,241.5,33%
LXRX,"Lexicon Pharmaceutcl","Medical - Biomedical",2.29,-1.29%,2,Hold,"64% Buy",+109.40,+99.13%,2.12,2.32,1.92,2.36,47.73,80.52,86.48,2746727,Weakest,Good,43.32%,0.74,2.22,2.5,26%
TRVI,"Trevi Therapeutics Inc","Medical - Biomedical",16.79,-6.51%,5,Hold,"64% Buy",+109.33,+132.87%,16.11,18.03,14.52,18.16,37.94,114.26,21.46,1774778,Weakest,Good,24.71%,0.84,17.22,19.11,-23%
IRD,"Opus Genetics Inc","Medical - Biomedical",3.69,-4.16%,8,Buy,"8% Sell",+107.80,+210.08%,4.26,3.74,4.15,3.81,46.63,191.47,70.93,851882,Weakening,Minimum,27.10%,0.82,3.47,4.15,32%
GHRS,"Gh Research Plc","Medical - Biomedical",27.94,-2.48%,6,Hold,"80% Buy",+106.80,+101.88%,24.22,27.76,21.19,29.15,46.51,83.27,107.35,303431,Weakening,Strong,33.00%,0.39,27.6,30.7,11%
CNC,"Centene Corp","Medical - HMO",64.75,-0.89%,2,Hold,"64% Buy",+106.55,+128.15%,59.24,65.21,52.54,65.33,49.05,109.54,44.7,5999114,Weakest,Good,39.04%,0.54,63.25,67.4,36%
INNV,"Innovage Holding Corp","Medical Services",10.86,-1.54%,2,Hold,"48% Buy",+105.60,+183.55%,9.49,11.09,9.01,10.87,48.76,164.94,96.6,284624,Weakest,Good,46.91%,0.41,10.38,11.36,49%
SILC,"Silicom Ltd","Computer - Networks",42.2,-11.40%,4,Buy,"72% Buy",+103.74,+156.85%,40.75,42.99,33.74,44.35,47.58,138.24,174.42,107409,Weakening,Average,39.45%,1.48,39.39,49.32,28%
ADPT,"Adaptive Biotechnologies Corp","Medical - Biomedical",25.19,-4.73%,10,Buy,"100% Buy",+103.03,+89.26%,18.79,22.84,17.66,25.1,55.14,70.65,42.46,2364467,Strengthening,Maximum,71.65%,0.56,23.45,26.74,53%
SMTC,"Semtech Corp","Semi Analog & Mixed",131.17,-7.91%,7,Hold,"16% Buy",+101.16,+116.60%,132.68,135.54,116.38,132.33,49.35,97.99,65.35,2571460,Weakest,Weak,56.74%,0.87,115.13,149.54,47%
CHEF,"The Chefs Warehouse","Food - Misc & Diversified",115,+3.36%,4,Buy,"100% Buy",+100.10,+82.80%,89.44,102.78,80.98,110.44,64.8,64.19,71.85,497463,Strongest,Maximum,74.70%,1.4,106.79,114.08,113%
QXL,"Quantum X Labs Inc","Technology Services",4.78,+1.70%,4,Sell,"56% Buy",+99.47,+66.55%,4.28,5,3.46,4.62,51.57,47.94,199.77,80590,Average,Average,69.32%,1.25,4.22,5.02,70%
OOMA,"Ooma Inc","Communications Components",22.91,-0.56%,3,Buy,"100% Buy",+98.94,+76.91%,18.8,20.41,16.85,21.21,61.52,58.3,82.66,287474,Strongest,Maximum,43.78%,1.91,19.58,22.84,102%
ELVN,"Enliven Therapeutics Inc","Medical - Drugs",57.86,-4.36%,6,Hold,"80% Buy",+88.43,+184.18%,48.11,54.52,42.09,59.58,50.67,165.57,263.06,1142181,Average,Strong,57.47%,0.47,57.44,61.73,10%
MSGS,"Madison Square Garden Sports Corp","Leisure & Recreation Services",389.34,-1.09%,4,Hold,"64% Buy",+87.95,+98.10%,373.01,393.74,351.09,399.21,43.74,79.49,37.88,228587,Weakest,Good,15.27%,1.08,382.36,416.06,21%
GLW,"Corning Inc","Communications Components",148.98,-2.50%,9,Sell,"24% Sell",+86.80,+116.13%,174.86,171.12,160.48,156.46,44.57,97.52,57.5,11563969,Weakening,Minimum,28.01%,0.43,141.73,171.18,25%
GEO,"Geo Group Inc","Government Services",32.28,-0.98%,7,Buy,"100% Buy",+85.16,+56.70%,26.3,30.66,22.74,31.47,58.31,38.09,87.6,2065568,Weakening,Maximum,80.99%,1.04,29.95,33,76%
MGNX,Macrogenics,"Medical Products",4.13,+1.23%,7,Sell,"56% Buy",+81.51,+142.94%,3.97,4.24,3.42,4.05,51.59,124.33,143.87,1132967,Average,Average,56.92%,0.58,3.85,4.24,72%
LNTH,"Lantheus Holdings","Medical Products",100.77,+0.30%,3,Sell,"40% Buy",+81.23,+81.57%,97.92,103.62,89.8,100.78,46.52,62.96,38.77,1101996,Weakest,Average,52.70%,0.79,100.09,101.48,49%
RZLT,"Rezolute Inc","Medical - Biomedical",4.62,-7.23%,3,Hold,"32% Buy",+80.65,-36.01%,4.2,4.86,3.84,4.78,44.52,-54.62,83.11,3544920,Weakest,Minimum,36.82%,0.64,4.45,5.12,26%
UFCS,"United Fire Group","Insurance - Proprty & Casualty",53.98,+0.19%,3,Buy,"100% Buy",+77.22,+75.15%,48.13,52.31,44.54,53.68,56.18,56.54,35.85,130617,Average,Strong,61.06%,0.66,52.44,54.92,62%
IRWD,"Ironwood Pharmaceuti","Medical - Drugs",4.13,-2.59%,3,Buy,"80% Buy",+77.22,+212.88%,3.99,4.13,3.97,4.26,48.62,194.27,9.9,3058440,Weakening,Weak,47.71%,0.66,4.05,4.47,19%
PHOE,"Phoenix Asia Holdings Limited","Building - Heavy Construction",20.74,-3.53%,2,Hold,"48% Buy",+77.08,+166.24%,19.18,21.3,18.58,21.3,47.65,147.63,16.97,51682,Weakening,Soft,41.07%,0.29,18.2,24.4,41%
ARCB,"Arcbest Corp","Transportation - Truck",136.54,-1.85%,1,Sell,"24% Buy",+76.77,+86.63%,137.38,144.82,124.11,139.17,44.63,68.02,71.39,367290,Weakest,Soft,40.61%,0.49,132.22,146.13,31%
KFRC,"Kforce Inc",Staffing,58.1,+0.31%,1,Buy,"88% Buy",+76.69,+78.66%,48.02,55.26,41.8,58.14,54.05,60.05,75.25,249932,Strengthening,Strong,32.79%,0.82,56.69,59.6,48%
TWIN,"Twin Disc Inc","Machinery - General Industrial",23.12,-1.03%,7,Sell,"56% Buy",+76.26,+83.64%,20.49,23.17,19.2,23.87,47.56,65.03,25.96,73349,Weakest,Strong,35.32%,0.82,22.59,25.15,21%
TRDA,"Entrada Therapeutics Inc","Medical - Biomedical",7,-3.71%,4,Buy,"72% Sell",+75.01,+23.89%,8.35,7.07,9.52,7.28,47.23,5.28,-44.56,308132,Average,Average,30.57%,0.3,6.74,7.83,24%
LITB,"Lightinthebox Holding Ltd ADR","Internet Services - Delivery",3.2,-1.23%,4,Sell,"80% Buy",+74.64,+166.33%,2.9,3.1,2.78,3.09,54.63,147.72,30.21,11174,Strengthening,Average,70.71%,0.73,2.88,3.3,75%
SNX,"Synnex Corp","IT Services",253.97,-2.37%,2,Sell,"40% Buy",+74.32,+69.80%,247.31,255.6,218.91,255.46,49.89,51.19,56.4,771252,Weakest,Average,60.61%,0.3,245.43,265.5,43%
BOTJ,"Bank of The Jame Fnl","Banks - Southeast",27.01,+0.56%,1,Hold,"80% Buy",+74.04,+73.70%,24.81,26.44,23.31,27.2,51.81,55.09,32.72,14246,Strengthening,Strong,24.20%,0.95,26.61,27.8,34%
DYN,"Dyne Therapeutics Inc","Medical - Drugs",25.07,-3.91%,4,Hold,"80% Buy",+73.91,+82.33%,21.28,24.3,19.92,26.07,46.68,63.72,15.52,2197655,Average,Strong,36.64%,0.51,25.27,26.87,-12%
PVLA,"Palvella Therapeutics Inc","Medical - Biomedical",149.97,-0.24%,5,Buy,"88% Buy",+73.63,+192.34%,132.36,145.34,124.2,151.09,51.98,173.73,30.63,272302,Average,Good,63.80%,0.79,141.35,160.83,44%
VBNK,Versabank,"Banks - Foreign",19.84,-3.17%,5,Sell,"56% Buy",+73.39,+82.02%,19.15,20.25,17.85,19.65,50.04,63.41,19.79,72918,Weakest,Average,68.86%,0.91,18.84,20.45,62%
LGND,"Ligand Pharm","Medical - Biomedical",280.49,-1.42%,4,Sell,"40% Buy",+71.47,+75.35%,263.13,296.86,241.48,290.42,42.17,56.74,35.7,263501,Weakest,Average,29.49%,0.32,277.97,302.87,10%
USEA,"United Maritime Corp","Transportation - Ship",2.76,+1.10%,6,Buy,"100% Buy",+71.25,+64.29%,2.49,2.66,2.31,2.72,56.98,45.68,49.7,68748,Average,Strong,48.39%,0.75,2.62,2.81,74%
OPY,"Oppenheimer Holdings","Finance - Investment Brokers",119.01,-0.82%,5,Buy,"100% Buy",+71.10,+66.33%,107.19,112.58,100.33,115.32,59.71,47.72,51.98,77774,Strongest,Strong,70.23%,0.71,110.74,119.91,90%
LTH,"Life Time Group Holdings Inc","Leisure & Recreation Services",43.51,-1.89%,2,Buy,"88% Buy",+70.43,+54.95%,36.83,42.76,33.76,44.47,47.76,36.34,51.04,2733341,Weakening,Strong,45.41%,0.92,42.88,46.05,20%
ASYS,"Amtech Systems Inc","Semi General",15.06,-4.86%,6,Sell,"40% Sell",+69.96,+135.68%,18.17,17.12,16.47,15.51,45.72,117.07,7.35,348250,Average,Weak,41.06%,0.76,13.76,17.26,37%
AGCC,"Agencia Comercial Spirits Ltd Cl A","Beverages - Alcohol",14.85,+2.20%,2,Sell,"24% Sell",+68.40,N/A,16.09,15,15.19,14.76,50.64,N/A,39.5,113055,Weakest,Minimum,32.12%,0.39,14.17,15.35,58%
TSM,"Taiwan Semiconductor ADR","Semi Fab Foundries",417.52,-2.29%,6,Sell,"40% Buy",+68.03,+75.23%,413.56,423.43,391.97,419.17,49.59,56.62,24.74,13194235,Weakest,Soft,50.78%,0.66,405.91,432.44,44%
VSH,"Vishay Intertechnology","Semi Discretes",30.56,-3.72%,4,Sell,"8% Sell",+67.98,+94.77%,40.03,40.24,32.88,33.16,38.97,76.16,98.25,4006697,Weakening,Minimum,16.64%,0.67,29.06,37.26,18%
CAT,"Caterpillar Inc","Machinery - Construct & Mining",800.25,-2.05%,3,Sell,"8% Sell",+67.56,+84.00%,881.28,893.91,825.75,838.4,38.41,65.39,27.04,2817087,Average,Minimum,14.57%,0.54,792.47,884.32,8%
CMTV,"Community Bancorp Inc VT","Banks - Northeast",40.92,+2.33%,2,Buy,"100% Buy",+67.33,+81.30%,39.24,40.02,37.25,40.62,52.43,62.69,51.75,25378,Strengthening,Average,34.79%,0.48,39.28,41.96,61%
LAR,"Lithium Argentina Ag","Mining - Misc",6.87,-0.58%,9,Sell,"72% Sell",+67.28,+100.29%,8.25,6.93,7.85,6.62,53.31,81.68,10.47,2883092,Weakening,Soft,66.77%,1.24,6.03,7.2,72%
ALKS,"Alkermes Plc","Medical - Biomedical",47.41,-3.05%,3,Sell,"40% Buy",+65.13,+63.88%,44.18,50.72,39.92,49.16,39.76,45.27,56.79,2144950,Weakest,Average,27.38%,0.71,47.78,50.53,-14%
BWFG,"Bankwell Financial","Banks - Northeast",66.56,+0.36%,4,Buy,"88% Buy",+63.60,+56.72%,57.67,62.88,54.46,66.94,57.88,38.11,32.61,50852,Strongest,Maximum,39.85%,0.74,65.34,68.54,38%
HUM,"Humana Inc","Medical - HMO",385.54,-1.81%,2,Sell,"72% Buy",+62.75,+29.42%,331.78,384.97,282.08,381.18,51.91,10.81,37.88,1681641,Weakening,Strong,61.15%,0.54,363.76,398.6,63%
NEOG,"Neogen Corp","Medical Products",11.66,-0.68%,4,Buy,"88% Buy",+62.66,+102.78%,9.81,10.47,9.9,11.67,56.77,84.17,54.16,2860009,Weakening,Good,45.10%,0.64,11.25,12.1,48%
PESI,"Perma-Fix Envir","Pollution Controls",18.12,-6.11%,8,Buy,"88% Buy",+61.97,+52.01%,13.39,15.79,13.41,17.71,55.71,33.4,31.27,251079,Strengthening,Strong,48.44%,0.37,16.27,19.14,64%
ANTX,"An2 Therapeutics Inc","Medical - Biomedical",5.58,-2.79%,6,Buy,"88% Buy",+60.56,+407.27%,4.75,5.24,3.97,5.84,50.06,388.66,376.82,579778,Weakening,Strong,9.34%,0.79,5.47,6.21,15%
ANL,"Adlai Nortye Group Ltd ADR","Medical - Biomedical",13.82,-3.49%,10,Buy,"88% Buy",+60.47,+724.78%,12.43,12.17,11.07,13.6,54.17,706.17,860.59,452043,Weakening,Average,71.73%,0.85,12.46,14.74,60%
CHMG,"Chemung Financial Corp","Banks - Southeast",81.6,+0.15%,3,Buy,"88% Buy",+60.00,+50.83%,72.78,78.61,67.47,82.37,52.79,32.22,33.59,27319,Average,Maximum,24.94%,0.63,80.68,84.06,27%
GCBC,"Greene County Bncp","Finance - Savings & Loan",34.86,+0.66%,5,Buy,"100% Buy",+59.71,+46.47%,29.28,33.42,27.13,34.72,57.6,27.86,44.17,22663,Strengthening,Maximum,48.48%,0.36,34.04,35.39,61%
UNF,"Unifirst Corp","Uniform & Related",281.88,-1.35%,1,Sell,"56% Buy",+58.75,+59.14%,272.01,282.61,261.61,288.67,39.59,40.53,33.48,242206,Weakest,Average,15.69%,2.95,284.04,293.3,-23%
PGC,"Peapack Gladstone FI","Banks - Northeast",45.11,-0.11%,1,Sell,"40% Buy",+58.46,+56.09%,44.15,46.2,40.73,45.8,43.09,37.48,49.32,152441,Weakest,Average,25.38%,0.51,44.59,47.01,22%
CSX,"CSX Corp","Transportation - Rail",51.28,-0.50%,6,Buy,"100% Buy",+57.77,+57.01%,47.51,49.84,45.13,50.75,56.75,38.4,28.81,12761633,Average,Strong,74.45%,0.56,49.52,51.98,72%
NAVN,"Navan Inc Cl A","Internet - Software",28.5,-6.80%,8,Buy,"88% Buy",+57.42,N/A,22.27,26.39,18.4,28.86,52.45,N/A,54.21,2915856,Average,Maximum,57.93%,0.66,27.41,30.31,38%
ENS,"Enersys Inc","Machinery - Electrical",185.46,-2.89%,6,Sell,"24% Sell",+57.32,+81.38%,209.44,200,196.92,191.97,41.78,62.77,13.73,473619,Average,Weak,14.68%,0.71,181.44,202.5,19%
RDVT,"Red Violet Inc","Internet Software Services",73.3,+1.81%,7,Buy,"100% Buy",+56.78,+43.95%,56.34,66.16,51.28,69.54,61.73,25.34,16.06,152124,Strongest,Maximum,73.25%,0.94,65.33,73.74,95%
MAZE,"Maze Therapeutics Inc","Medical - Biomedical",27.44,-4.06%,7,Hold,"48% Sell",+56.76,+92.29%,27.23,28.62,32.74,28.39,44,73.68,-46.42,612444,Weakening,Weak,47.74%,0.45,26.43,30.35,26%
SPB,"Spectrum Brands Holdings Inc","Consumer Prdts - Misc Discr",88.68,+0.20%,5,Hold,"80% Buy",+56.53,+58.50%,83.99,87.32,80.66,88.73,52.08,39.89,37.45,362893,Weakening,Good,45.19%,0.85,86.34,91.12,49%
DNLI,"Denali Therapeutics Inc","Medical - Biomedical",24,-2.72%,4,Buy,"72% Buy",+56.50,+53.35%,22.24,24.57,21.65,24.6,46.67,34.74,32.72,1693529,Weakest,Strong,43.52%,0.5,23.58,25.63,21%
SABS,"Sab Biotherapeutics Inc","Medical - Biomedical",3.79,-3.56%,5,Buy,Hold,+56.11,+80.48%,3.72,3.75,3.81,3.79,51.69,61.87,-11.31,582804,Bearish,,75.59%,0.33,3.65,3.93,50%
ATLO,"Ames Natl Corp","Banks - Midwest",31.6,+0.54%,10,Buy,"100% Buy",+55.87,+58.63%,29.64,30.52,28.83,31.52,56.33,40.02,24.98,48890,Strengthening,Strong,53.56%,0.62,30.91,32.13,56%
AVBP,"Arrivent Biopharma Inc","Medical - Biomedical",30.17,-2.68%,3,Sell,"8% Buy",+55.02,+57.05%,30.41,31.56,27.99,30.31,48.34,38.44,37.3,492988,Weakening,Soft,73.03%,0.65,28.44,32.18,46%
LEE,"Lee Enterprises Inc","Publishing - Newspapers",8.37,+1.33%,4,Sell,"8% Sell",+54.48,+94.20%,8.69,8.3,8.38,8.2,52.86,75.59,62.09,70098,Weakest,Minimum,38.35%,0.47,7.89,8.52,77%
FATE,"Fate Therapeutics","Medical - Biomedical",2.43,-4.33%,5,Sell,"40% Buy",+53.97,+125.00%,2.22,2.6,1.9,2.57,45.04,106.39,134.65,2381840,Weakest,Average,44.86%,0.23,2.34,2.8,20%
NSP,"Insperity Inc",Staffing,53.54,+3.34%,1,Buy,"100% Buy",+53.92,-1.56%,40.25,48.29,36.2,52.05,59.17,-20.17,25.62,932305,Strongest,Strong,64.15%,0.46,50.11,54,88%
FORR,"Forrester Resrch","Computer - Services",12.38,+1.39%,5,Buy,"100% Buy",+53.66,+28.16%,8.34,10.23,7.67,11.73,65.65,9.55,39.81,120997,Strongest,Maximum,76.91%,0.59,11.14,12.32,105%
RRBI,"Red River Bancshares Inc","Banks - Southwest",100.77,-0.74%,2,Buy,"88% Buy",+52.86,+54.13%,94.91,98.1,92.69,101.45,51.81,35.52,28.43,63672,Weakening,Good,46.51%,0.45,99.68,103.21,31%
AVAL,"Grupo Aval Acciones Y Valores S ADR","Finance - Investment Mgmt",5.25,-1.69%,9,Buy,"88% Buy",+52.85,+56.25%,4.92,5.17,4.73,5.35,48.19,37.64,16.98,189132,Weakening,Good,45.14%,0.5,5.08,5.61,32%
GNK,"Genco Shipping & Trading Ltd","Transportation - Ship",25.88,+0.27%,6,Hold,"80% Buy",+51.36,+51.26%,24.76,25.32,23.92,25.92,50.46,32.65,27.77,425118,Average,Good,44.19%,0.79,24.69,27.16,48%
ANNX,"Annexon Inc","Medical - Biomedical",4.97,-5.33%,6,Sell,"72% Sell",+51.22,+134.43%,5.48,5.4,5.5,5.26,43.34,115.82,-13.65,2981771,Strengthening,Weak,33.20%,0.43,4.94,5.58,5%
PSTL,"Postal Realty Trust Cl A","REIT - Equity Trust Other",23.77,+1.62%,2,Hold,"80% Buy",+50.97,+51.40%,22.96,23.61,21.66,23.06,57.37,32.79,34.62,287052,Average,Average,81.98%,0.72,22.34,23.77,100%
ACA,"Arcosa Inc","Building & Construction - Misc",145.28,-0.14%,2,Buy,"100% Buy",+50.45,+46.51%,133.66,144.86,127.02,145.15,58.29,27.9,23.99,424147,Average,Strong,72.87%,0.55,144.72,145.59,64%
SANM,"Sanmina Corp","Electronic Manufacturing",194.01,-4.59%,7,Sell,"8% Sell",+50.35,+62.53%,215.75,209.71,190.5,199.92,46.1,43.92,16.63,874830,Weakest,Minimum,47.98%,0.61,184.03,215.81,31%
PNTG,"The Pennant Group Inc","Medical - Outpatient & Hm Care",37.08,-1.96%,1,Sell,"40% Buy",+50.34,+52.66%,35.69,38.91,34.26,38.79,35.19,34.05,19.07,274007,Weakest,Average,11.66%,0.73,37.46,40.11,-14%
WAB,"Wabtec Corp","Transportation - Equip & Lease",292.23,-1.70%,1,Buy,"88% Buy",+50.06,+49.72%,273.28,282.76,264.76,296.29,50.08,31.11,24.26,905973,Weakening,Strong,47.67%,0.5,290.98,301.59,12%
KRNY,"Kearny Financial","Finance - Savings & Loan",9.82,-1.90%,8,Buy,"100% Buy",+50.06,+49.24%,8.81,9.47,8.44,9.7,57.25,30.63,19.87,440788,Average,Maximum,79.99%,0.88,9.42,9.97,73%
YPF,"Ypf Sociedad Anonima ADR","Oil - International Integrated",50.2,-0.55%,3,Buy,"88% Buy",+49.84,+62.78%,48.22,49.32,45.24,50.22,49.68,44.17,26.18,1783281,Weakest,Average,44.01%,0.57,48.32,52.12,49%
CAH,"Cardinal Health","Medical - Dental Suppliers",234.55,-0.25%,6,Hold,"80% Buy",+49.74,+56.88%,218.17,232.74,217.93,235.11,51.98,38.27,1.49,2038885,Weakening,Average,27.26%,0.83,229.16,241.06,45%
AXSM,"Axsome Thera","Medical - Biomedical",199.02,-3.51%,1,Sell,"8% Sell",+49.32,+63.47%,222.01,227.54,205.07,211.34,31.67,44.86,-3.68,728086,Average,Minimum,18.76%,0.49,201.17,221.52,-11%
CELC,"Celcuity Inc","Medical - Biomedical",88.44,-5.15%,9,Sell,"88% Sell",+49.26,+61.98%,106.43,94.24,107.67,91.6,44.64,43.37,-23.98,1060729,Strengthening,Average,70.22%,0.47,87.17,96.03,14%
EPC,"Edgewell Personal Care","Consumer Prdts - Misc Staple",29.05,+1.33%,3,Hold,"96% Buy",+48.88,+22.94%,24.12,27.61,23,28.45,57.77,4.33,57.73,779187,Strongest,Strong,60.75%,0.47,27.62,29.28,86%
BZH,"Beazer Homes USA","Building - Residential & Comm",33.22,0.00%,2,Buy,"100% Buy",+48.35,+31.83%,27.46,31.64,25.96,33.22,59.47,13.22,51.24,555697,Average,Maximum,45.91%,0.56,32.78,33.65,51%
IKT,"Inhibikase Therapeutics Inc","Medical - Drugs",2.41,-2.43%,6,Buy,"88% Buy",+48.31,+30.98%,1.99,2.21,1.92,2.42,54.59,12.37,4.91,1078799,Average,Maximum,63.77%,0.37,2.29,2.55,46%
FNWB,"First Nw Banc","Banks - West",11.36,+1.97%,1,Sell,"72% Buy",+48.13,+47.53%,10.6,11.26,10.26,11.19,54.25,28.92,8.46,34794,Strengthening,Good,32.98%,0.5,10.88,11.5,77%
TRST,"Trustco Bank Corp NY","Banks - Northeast",57.13,-0.38%,2,Buy,"100% Buy",+47.98,+43.58%,52.55,55.76,49.75,56.76,54.72,24.97,25.58,118271,Average,Strong,77.76%,1.07,55.27,58.24,63%
STOK,"Stoke Therapeutics Inc","Medical - Biomedical",31.62,-2.98%,5,Buy,"24% Sell",+47.74,+59.94%,31.67,31.19,32.21,32.13,49.29,41.33,-13.03,795368,Weakening,Minimum,63.07%,0.8,30.42,33.84,35%
ACNB,"Acnb Corp","Banks - Southwest",64.51,-0.02%,2,Buy,"100% Buy",+47.65,+40.03%,57.58,62.12,54.85,64.46,57.14,21.42,20.77,53150,Average,Maximum,70.42%,0.62,63.41,65.51,52%
HG,"Hamilton Insurance Group Ltd Cl B","Insurance - Multi Line",35.35,+0.23%,2,Hold,"96% Buy",+47.65,+47.54%,32.97,34.73,31.83,35.22,53.33,28.93,14.05,490527,Strongest,Strong,62.31%,0.45,34.56,35.89,60%
STNG,"Scorpio Tankers Inc","Transportation - Ship",78.03,+0.76%,3,Hold,"64% Buy",+47.24,+56.40%,77.9,77.07,75.58,77.34,51.56,37.79,40.86,1019149,Average,Soft,41.91%,0.5,73.92,80.76,60%
VOYA,"VOYA Financial Inc","Insurance - Life",102.55,+1.37%,9,Buy,"100% Buy",+46.92,+36.68%,89.37,97.68,83.17,100.15,62.34,18.07,25.02,1061545,Strongest,Maximum,77.19%,1.04,97.41,102.88,94%
IMTX,"Immatics NV","Medical - Biomedical",9.45,+0.96%,7,Sell,"56% Sell",+46.82,+78.98%,10.08,9.44,10.01,9.33,52.3,60.37,-22.65,488569,Weakest,Weak,64.14%,2.31,8.67,10,59%
PLBC,"Plumas Bancorp","Banks - West",61.83,+1.05%,4,Hold,"96% Buy",+46.43,+43.72%,56.43,60.37,54.43,61.77,54.74,25.11,25.7,43537,Strongest,Strong,35.03%,1.28,60.28,63.26,52%
MD,"Pediatrix Medical Group Inc","Medical Services",26.61,-0.71%,3,Hold,"96% Buy",+46.09,+55.61%,24.31,26,23.04,26.41,53.21,37,11.75,837347,Average,Good,76.67%,0.85,25.43,27.38,61%
KINS,"Kingstone Cos Inc","Insurance - Proprty & Casualty",20,-0.45%,3,Hold,"96% Buy",+45.92,+46.20%,17.77,19.54,17.01,19.84,53.9,27.59,6.19,128699,Average,Strong,76.05%,0.5,18.98,20.71,59%
DHX,"Dice Holdings","Internet - Content",4.05,-1.22%,6,Buy,"88% Buy",+45.82,+48.90%,3.62,3.99,3.23,4.1,48.87,30.29,148.64,352092,Weakening,Strong,65.11%,0.67,3.72,4.48,44%
INTG,"Intergroup Corp","Real Estate Developers",35.4,+1.29%,8,Sell,"8% Sell",+45.81,+134.75%,36.98,37.06,35.63,33.27,54.93,116.14,12.04,46557,Weakest,Minimum,62.83%,3.54,29.66,36.87,80%
AMTB,"Mercantil Bank Holding Cl A","Banks - Southeast",28.84,+0.07%,1,Buy,"88% Buy",+45.73,+34.14%,25.21,27.33,24.08,28.99,56.65,15.53,35.17,297596,Strengthening,Maximum,42.25%,0.69,28.27,29.71,39%
SRZN,"Consonance-Hfw Acq Corp","Medical - Drugs",22.42,-6.62%,5,Buy,"56% Sell",+45.45,+91.95%,25.51,23.1,25.53,23.59,44.37,73.34,-13.45,140219,Average,Weak,24.03%,1.05,21.41,25.76,23%
KNX,"Knight-Swift Transporation","Transportation - Truck",67.24,-2.41%,7,Sell,"8% Buy",+45.36,+53.06%,70.95,72.83,66.55,70.1,39.67,34.45,15.97,3543516,Weakening,Weak,21.82%,0.87,66.88,73.32,6%
TROO,"Troops Inc","Conglomerates - Div Operations",2.15,-2.27%,7,Buy,"56% Sell",+44.98,+108.74%,2.71,2.11,2.84,1.98,54.09,90.13,-45.46,340813,Weakening,Weak,58.85%,1.67,1.74,2.22,85%
GPRK,"Geopark Hlds Lmtd","Oil - US Exploration & Product",9.83,-0.20%,5,Sell,"40% Buy",+44.92,+51.46%,9.74,9.62,9.41,9.57,54.6,32.85,20.01,712899,Weakening,Weak,76.96%,0.96,9.2,9.94,85%
AVBC,"Avidia Bancorp Inc","Banks - Northeast",22.1,-0.27%,3,Buy,"100% Buy",+43.91,+42.03%,20.57,21.22,20.03,21.85,56.73,23.42,18.82,92711,Strengthening,Strong,73.64%,1.12,21.19,22.51,69%
OBT,"Orange County Bancor","Banks - Northeast",38.1,+0.40%,5,Hold,"80% Buy",+43.79,+43.56%,36.2,37.76,35.01,38.43,50.24,24.95,20.8,55815,Average,Good,30.12%,0.52,37.54,39.32,31%
KARO,"KaroOOOO Ltd","Internet - Software",67.2,+0.16%,5,Buy,"100% Buy",+43.75,+27.93%,54.34,59.9,52.21,63.92,66.81,9.32,35.04,73962,Strongest,Maximum,86.79%,0.62,60.93,66.91,105%
CZFS,"Citizens Fincl Svcs","Banks - Northeast",80.98,-0.21%,7,Buy,"88% Buy",+43.71,+33.87%,70.79,76.17,67.9,81.35,55.75,15.26,29.37,13906,Strengthening,Maximum,42.84%,0.9,78.49,84.21,44%
VTVT,"Vtv Theraptcs Cl A","Medical - Biomedical",32.36,-1.34%,7,Sell,"100% Sell",+43.45,+99.26%,33.68,33.26,34.54,32.87,47.3,80.65,-31.73,49070,Strongest,Weak,53.49%,1.09,30.23,35.51,40%
ZURA,"Zura Bio Ltd","Medical - Biomedical",5.72,-2.22%,7,Hold,"48% Buy",+43.26,+169.81%,5.04,5.42,5.44,5.79,50.75,151.2,-3.49,835405,Weakening,Weak,26.42%,1.4,5.36,6.21,42%
FVR,"Frontview REIT Inc","REIT - Equity Trust Other",19.45,-1.27%,1,Sell,"40% Buy",+42.63,+44.07%,19.13,20.37,18.13,19.79,40.1,25.46,19.13,162740,Weakest,Average,49.23%,0.42,19.3,20.28,15%
BOF,"Branchout Food Inc","Food - Misc & Diversified",3.96,-4.35%,7,Sell,"40% Buy",+42.60,+85.05%,3.94,4.19,3.82,4.09,47.03,66.44,11.88,75671,Weakest,Weak,22.62%,0.87,3.78,4.4,30%
HURC,"Hurco Cos Inc","Machinery - Tools & Related",22.93,+1.82%,12,Buy,"100% Buy",+42.49,+32.39%,19.85,22.16,18.66,22.35,59.04,13.78,35.76,28085,Strengthening,Strong,73.41%,0.28,21.51,23.19,84%
UBS,"UBS Group Ag ADR","Banks - Foreign",54.9,+0.99%,7,Buy,"100% Buy",+42.28,+35.22%,48.87,52.43,46.3,53.65,64.84,16.61,5.9,2244073,Strongest,Maximum,86.28%,1.02,52.56,54.75,107%
IRON,"Disc Medicine Inc","Medical - Biomedical",80.03,-3.05%,8,Buy,"88% Buy",+41.81,+34.14%,72.66,76.86,70.74,79.73,53.38,15.53,-11.87,578451,Average,Soft,79.50%,1.22,76.29,83.18,54%
ASH,"Ashland Inc","Chemical - Specialty",74.37,+0.58%,2,Buy,"100% Buy",+41.76,+31.40%,63.45,69.68,61.6,73.61,60.8,12.79,14.11,836136,Strengthening,Maximum,48.23%,0.57,71.25,75.98,66%
MS,"Morgan Stanley","Finance - Investment Brokers",214.77,-0.04%,6,Sell,"40% Buy",+41.65,+43.01%,206.86,216.51,194.29,215.33,49.72,24.4,8.33,6165494,Weakest,Average,49.39%,0.69,210.15,220.51,45%
WSBF,"Waterstone Financial","Finance - Savings & Loan",21.07,0.00%,6,Buy,"100% Buy",+41.58,+44.61%,19.42,20.38,18.94,21.01,57.99,26,14.66,60620,Strengthening,Maximum,57.79%,0.84,20.65,21.37,59%
TSBK,"Timberland Bancorp","Finance - Savings & Loan",46.4,+0.35%,9,Buy,"100% Buy",+41.29,+39.34%,42.86,44.75,41.51,45.88,58.97,20.73,16.96,29167,Strongest,Maximum,32.93%,1.19,44.81,46.96,74%
SNDR,"Schneider National Inc","Transportation - Services",34.44,-2.27%,3,Sell,"40% Buy",+40.74,+39.77%,34.3,36.08,31.94,35.45,42.35,21.16,17.17,974958,Weakest,Soft,29.39%,0.7,34.24,36.66,8%
CCSI,"Consensus Cloud Solutions","Internet - Software",38,-4.64%,7,Buy,"100% Buy",+40.70,+42.32%,33.3,37.1,31.11,37.98,51.23,23.71,61.5,177457,Average,Strong,68.19%,1.12,35.92,40.04,50%
PDEX,"Pro-Dex Inc","Medical - Dental Suppliers",62.56,-3.55%,7,Buy,"88% Buy",+40.67,+34.67%,60.02,62.03,54.78,66.05,45.51,16.06,49.91,45576,Weakening,Good,24.79%,0.66,63.16,68.94,-10%
PFIS,"Peoples Finl Svcs Company","Banks - Northeast",69.63,+0.17%,1,Hold,"80% Buy",+40.59,+30.34%,63.72,68.73,60.42,70.61,48.76,11.73,30.3,47407,Average,Strong,34.36%,0.9,69.01,72.21,20%
WEST,"Westrock Coffee Company","Beverages - Soft",8,-0.74%,6,Buy,"72% Buy",+40.30,+45.19%,7.58,8.06,6.56,8.24,46.05,26.58,83.91,526083,Weakest,Average,36.71%,0.57,7.95,8.53,9%
SBFG,"Sb Financial Group","Banks - Northeast",27.66,-0.75%,5,Buy,"100% Buy",+40.22,+30.78%,24.14,26.24,23.1,27.07,57.34,12.17,11.55,19951,Strengthening,Maximum,67.98%,0.46,26.08,28.05,80%
UNFI,"United Nat Foods","Food - Misc & Diversified",45.8,-3.09%,2,Sell,"24% Sell",+40.20,+64.04%,49.17,48.42,46.14,47.56,39.86,45.43,23.38,737810,Strengthening,Minimum,40.39%,0.68,46.02,49.1,-7%
PDLB,"Ponce Financial Group Inc","Finance - Misc Services",20.45,+0.69%,8,Hold,"96% Buy",+39.81,+37.71%,19.15,20.14,18.3,20.41,53.55,19.1,12.43,75117,Strengthening,Strong,35.76%,1.09,19.93,20.89,54%
LAUR,"Laureate Education Inc",Schools,38.8,-0.61%,2,Buy,"100% Buy",+39.60,+40.83%,35.5,37.75,35.01,37.82,58.34,22.22,2.59,1340543,Strengthening,Strong,90.16%,0.56,36.6,39.05,90%
IEX,"Idex Corp","Machinery - General Industrial",230.28,-1.58%,1,Buy,"88% Buy",+39.56,+39.38%,219.87,228.73,213.05,235.26,46.62,20.77,16.76,727133,Weakest,Strong,31.59%,0.59,229.44,241.07,7%
BSAC,"Banco Santander Chile ADR","Banks - Foreign",35.14,+0.72%,7,Buy,"100% Buy",+39.14,+46.60%,33.12,33.98,33.4,35.01,53.82,27.99,0.3,368273,Strengthening,Average,50.13%,0.71,33.91,36.11,56%
CASS,"Cass Information Sys","Computer - Services",56.65,-0.32%,7,Buy,"88% Buy",+38.88,+31.84%,50.82,54.53,48.78,57.34,53.04,13.23,23.79,82590,Weakening,Maximum,64.99%,0.79,56.14,58.54,21%
EGBN,"Eagle Bancorp Inc","Banks - Northeast",27.57,-0.18%,4,Buy,"72% Buy",+38.81,+43.22%,27.22,27.82,26.7,28.09,45.14,24.61,16.06,338212,Weakest,Soft,23.64%,0.64,27.24,28.93,20%
PBFS,"Pioneer Bancorp Inc","Banks - Northeast",17.63,-0.51%,3,Buy,"100% Buy",+38.51,+36.88%,16.14,17.25,15.47,17.32,57.66,18.27,18.14,14685,Average,Strong,73.39%,0.2,16.95,17.7,91%
JAKK,"Jakks Pacific Inc","Toys & Game & Hobby",25.42,-0.70%,3,Buy,"88% Buy",+38.08,+40.29%,23.32,24.49,22.13,25.58,52.18,21.68,37.94,95256,Weakening,Strong,56.34%,0.63,25.02,26.14,36%
WBI,"Waterbridge Infrastructure Llc Cl A","Real Estate Operations",31.44,-3.82%,3,Sell,"40% Buy",+37.91,N/A,30.93,32.8,28.89,32.17,44.37,N/A,44.47,845215,Weakest,Average,55.17%,0.24,30.74,33.61,24%
WST,"West Pharmaceutical Services","Medical - Dental Suppliers",337.47,-2.49%,9,Sell,"40% Buy",+37.69,+37.49%,326.68,349.64,299.03,349.49,38.53,18.88,10,825555,Weakest,Average,19.80%,0.68,341.92,357.07,-29%
PEBK,"Peoples Bancorp NC","Banks - Southeast",43.8,+1.06%,6,Buy,"88% Buy",+37.67,+38.96%,42.32,43.29,40.95,43.91,51.08,20.35,8.34,27896,Average,Good,36.61%,0.36,42.6,45.21,46%
LXP,"Lxp Industrial Trust","REIT - Equity Trust Resident",60.69,-0.61%,4,Buy,"88% Buy",+37.53,+33.68%,54.97,58.53,52.76,60.74,60.03,15.07,9.76,622216,Weakening,Strong,59.45%,0.57,60.36,61.12,43%
BCH,"Banco DE Chile ADR","Banks - Foreign",41.63,+0.07%,6,Buy,"88% Buy",+37.21,+46.17%,39.34,40.69,39.87,41.47,52.4,27.56,-3.1,347308,Average,Soft,56.57%,0.51,40.07,42.87,56%
ADI,"Analog Devices","Semi Analog & Mixed",361.78,-3.40%,10,Sell,"24% Sell",+37.17,+42.29%,391.47,383.91,369.39,377.39,39.38,23.68,20.75,4157328,Average,Minimum,22.82%,0.75,361.21,393.57,2%
FCBC,"First Community Bksh","Banks - Southeast",48.92,-0.04%,6,Buy,"100% Buy",+37.04,+28.43%,44.78,46.75,43.1,48.87,57.38,9.82,32.38,75216,Average,Strong,58.28%,0.73,47.9,49.84,53%
COCO,"The Vita Coco Company Inc","Beverages - Soft",61.71,+0.13%,1,Sell,"8% Sell",+36.53,+75.11%,68.15,69.08,63.57,64.06,38.81,56.5,3.76,1111304,Weakening,Minimum,24.35%,0.54,61.07,67.06,11%
RUSHB,"Rush Enterprises  Cl B","Retail - Wsale Auto & Trucks",76.9,-0.39%,2,Hold,"80% Buy",+36.44,+30.96%,73.06,76.89,69.7,78.7,46.4,12.35,24.04,64445,Weakening,Strong,15.22%,0.58,76.4,81,11%
ALLO,"Allogene Therapeutics Inc","Medical - Biomedical",2.02,-3.35%,7,Buy,"8% Buy",+36.38,+71.19%,2.09,1.99,2.12,2.04,49.74,52.58,34.8,7060767,Weakest,Minimum,41.94%,0.5,1.87,2.22,43%
SFST,"Southern First Bancs","Banks - Southeast",62.26,+0.11%,5,Hold,"80% Buy",+36.37,+37.74%,59.7,61.96,58.36,63.33,47.26,19.13,8.2,101287,Average,Average,20.56%,0.78,61.68,64.98,18%
WASH,"Washington TR Bncorp","Banks - Northeast",39.47,-0.93%,6,Buy,"88% Buy",+36.10,+30.26%,35.46,37.94,34.94,39.56,54.57,11.65,20.92,159686,Weakening,Strong,61.62%,1.06,38.63,40.48,45%
GS,"Goldman Sachs Group","Finance - Investment Brokers",1033.99,-0.66%,5,Sell,"40% Buy",+36.10,+37.64%,1010.18,1050.3,964.86,1038.3,48.31,19.03,4.98,2194965,Weakest,Average,59.44%,0.52,1013.21,1063.38,41%
CTW,"Ctw Cl A",Gaming,2.58,-3.37%,5,Buy,"80% Buy",+36.05,+19.44%,2.52,2.52,2.27,2.62,48.43,0.83,36.48,61752,Weakening,Average,58.67%,1.7,2.32,2.91,44%
ENTA,"Enanta Pharmaceutica","Medical - Biomedical",13.6,-1.45%,8,Buy,"40% Buy",+35.90,+56.50%,13.47,13.54,13.46,13.5,51.6,37.89,-26.41,226768,Weakening,Weak,51.22%,0.71,12.78,14.22,57%
DCOM,"Dime Commercial Bancshares Inc","Banks - Southeast",40.47,+0.17%,5,Buy,"88% Buy",+35.32,+31.61%,38.64,40.33,36.97,40.7,50.5,13,21.85,298187,Weakening,Strong,45.62%,0.76,39.77,41.63,38%
FLS,"Flowserve Corp","Machinery - General Industrial",80.33,-2.04%,5,Buy,"40% Buy",+35.03,+46.80%,75.67,75.36,77.21,79.9,56.6,28.19,3.13,1823083,Weakest,Weak,76.58%,0.7,76.97,82.83,57%
SOTK,"Sono-Tek Corp","Electronics - Semiconductors",4.89,-2.78%,7,Sell,"24% Buy",+35.00,+45.97%,5.07,5.31,4.76,5.24,38.77,27.36,5.75,32490,Weakest,Soft,4.24%,0.63,4.95,5.52,-11%
ESP,"Espey Mfg. & Electronics","Electronics - Military",62.19,-1.77%,8,Buy,"56% Buy",+34.87,+31.59%,62.67,61.76,60.57,63.07,49.53,12.98,19.3,31292,Weakest,Weak,29.35%,0.35,60.39,65.74,34%
TNET,"Trinet Group Inc",Outsourcing,70.27,+1.06%,2,Buy,"100% Buy",+34.30,-1.11%,52.06,61.52,48.95,68.91,59.91,-19.72,6.19,436669,Strengthening,Strong,73.15%,0.77,66.3,71.52,76%
SNDA,"Sonida Senior Living Inc","Medical Services",37.46,-3.95%,2,Hold,"32% Buy",+34.13,+43.47%,37.84,39.97,36.5,39.65,40.22,24.86,2.22,418749,Weakest,Average,12.77%,0.97,37.73,41.57,-7%
JOYY,"Joyy Inc ADR","Internet - Services",74.53,-0.40%,4,Buy,"100% Buy",+33.94,+44.24%,66.73,71.62,64.94,74.14,56.66,25.63,2.44,344408,Average,Strong,32.27%,1.97,72.63,75.64,63%
SLAB,"Silicon Labs Inc","Semi Analog & Mixed",218.54,-0.19%,5,Buy,"88% Buy",+33.93,+59.00%,217.33,218.22,210.41,218.56,51.9,40.39,54.56,478167,Weakening,Average,62.21%,0.68,217.78,219.35,48%
DIN,"Dineequity Inc","Retail - Restaurants",33.6,+0.78%,4,Sell,"40% Buy",+33.83,+46.02%,32.29,35.22,31.8,35.19,42.17,27.41,-8.11,397905,Weakest,Weak,29.02%,0.97,33.5,36.87,3%
TECH,"Bio-Techne Corp","Medical - Biomedical",72.35,-0.17%,4,Buy,"100% Buy",+33.64,+33.17%,61.52,70.6,60.17,72.25,65.69,14.56,10.37,3106470,Average,Strong,65.30%,0.31,71.95,72.56,66%
FNLC,"First Bancorp Inc","Banks - Northeast",34.76,+0.67%,3,Hold,"80% Buy",+33.56,+28.65%,31.87,34.63,30.62,35.13,49.98,10.04,18.82,24039,Strengthening,Strong,27.95%,0.7,34.25,36.02,29%
FRAF,"Franklin Finl Svcs Corp","Banks - Northeast",62.06,-0.02%,3,Sell,"56% Buy",+33.51,+33.00%,60.09,62.74,56.82,62.8,45.71,14.39,10.98,40732,Weakest,Good,32.44%,0.55,61.11,64.5,28%
CLST,"Catalyst Bancorp Inc","Banks - Southeast",17.5,+0.63%,4,Buy,"100% Buy",+33.31,+38.26%,16.46,16.86,16.36,17.18,59.91,19.65,-1.54,5216,Strongest,Strong,22.68%,1.31,16.62,17.73,79%
WSBK,"Winchester Bancorp Inc","Banks - Northeast",12.98,-0.35%,4,Hold,"48% Buy",+33.22,+37.35%,12.93,13.03,12.78,13,47.38,18.74,11.56,9040,Weakest,Weak,27.21%,2.23,12.96,13.04,22%
FBLA,"Fb Bancorp Inc","Banks - Southeast",15.74,0.00%,3,Buy,"100% Buy",+33.15,+31.17%,14.73,15.39,14.27,15.7,55.52,12.56,9.84,115616,Average,Maximum,60.71%,0.95,15.46,15.93,59%
CNI,"Canadian National Railway","Transportation - Rail",126.01,-0.37%,2,Hold,"80% Buy",+32.87,+31.12%,119.53,125.02,114.52,126.97,47.41,12.51,14.83,1527015,Weakening,Strong,34.99%,0.56,125,128.93,26%
USCB,"Uscb Financial Hldgs Inc","Banks - Southeast",22.42,+0.58%,3,Buy,"96% Buy",+32.83,+29.07%,20.09,21.31,19.72,22.42,58.37,10.46,9.07,51889,Strengthening,Maximum,20.68%,0.61,22.16,22.67,51%
RAMP,"Liveramp Holdings Inc","Technology Services",37.74,-0.03%,6,Hold,"88% Buy",+32.80,+36.64%,35.19,37.73,32.18,37.74,52.45,18.03,15.85,1004992,Weakening,Strong,56.93%,0.65,37.51,37.97,50%
ADM,"Archer Daniels Midland","Agriculture Operations",81.54,+3.08%,1,Sell,"72% Buy",+32.72,+30.13%,78.26,80.14,75.24,79.77,53.69,11.52,29.18,3645716,Average,Average,55.14%,0.97,76.75,82.79,79%
SVRA,"Savara Inc","Medical - Drugs",5.26,-4.19%,5,Sell,"40% Sell",+32.47,+60.86%,5.48,5.69,5.48,5.52,41.11,42.25,-25.42,1925455,Average,Weak,37.08%,0.72,5.2,5.84,9%
WERN,"Werner Enterprise","Transportation - Truck",38.42,-0.29%,5,Sell,"24% Buy",+32.43,+33.73%,39.17,40.81,36.81,37.98,46.83,15.12,15.37,1108648,Weakest,Weak,77.24%,0.64,36.47,39.48,65%
ACOG,"Alpha Cognition Inc","Medical - Biomedical",9.16,-5.91%,9,Buy,"100% Buy",+32.33,+13.65%,7.26,8.34,6.71,9.06,53.66,-4.96,28.27,77564,Strengthening,Maximum,63.66%,1.19,8.2,9.92,56%
HSIC,"Henry Schein Inc","Medical - Dental Suppliers",89.52,-0.84%,3,Buy,"100% Buy",+32.20,+29.68%,81.13,86.55,79.69,89.19,57.61,11.07,5.79,1332505,Strengthening,Maximum,62.78%,0.62,87.27,91.11,59%
FXNC,"First Natl Corp Strasburg VA","Banks - Northeast",30.77,-0.97%,4,Buy,"88% Buy",+32.08,+31.66%,29.35,30.52,28.53,31.52,46.88,13.05,9.26,56695,Weakening,Strong,22.95%,0.3,30.51,32.53,13%
MYFW,"First Western Financial Inc","Banks - Midwest",30.73,-0.42%,3,Sell,"40% Buy",+32.08,+32.74%,30.08,31.89,28.4,31.41,41.73,14.13,1.97,39582,Weakest,Average,26.01%,0.26,30.43,32.39,15%
CURB,"Curbline Properties Corp","REIT - Equity Trust Retail",29.99,+0.40%,1,Sell,"56% Buy",+32.04,+32.88%,29.4,30.46,28.34,29.91,48.38,14.27,16.56,971185,Weakest,Average,51.36%,0.83,29.42,30.39,59%
LXFR,"Luxfer Holdings Plc","Machinery - General Industrial",17.17,+0.12%,1,Buy,"72% Buy",+31.95,+25.33%,16.36,17.3,15.42,17.11,52.8,6.72,14.25,197314,Weakening,Good,64.10%,1.9,17.04,17.19,87%
SLP,"Simulations Plus Inc","Computer - Software",18.39,-0.16%,8,Buy,"100% Buy",+31.61,+29.32%,16.73,18.3,15.51,18.36,61.25,10.71,-11.77,369603,Average,Good,91.67%,0.34,18.29,18.43,73%
CMT,"Core Molding Technologies Inc","Rubber & Plastics",25,0.00%,5,Buy,"72% Buy",+31.20,+31.72%,24.69,24.47,23.15,25.37,49.02,13.11,12.04,27714,Weakening,Average,17.28%,0.91,24.01,26.72,37%
VRNS,"Varonis Systems Inc",Security,43.92,-1.92%,5,Hold,"80% Buy",+31.04,-25.76%,35.69,42.85,32.01,42.72,54.4,-44.37,21.25,2430129,Strengthening,Average,57.49%,0.73,39.87,45.57,71%
PAG,"Penske Automotive Group","Retail - Wsale Auto & Trucks",217.01,-0.39%,1,Buy,"88% Buy",+30.87,+16.05%,185.42,204.17,175.67,217.5,57.06,-2.56,24.45,309526,Weakening,Maximum,35.01%,0.64,215.2,219.79,39%
EQIX,"Equinix Inc","REIT - Equity Trust Retail",1044.41,-2.98%,4,Buy,"40% Buy",+30.60,+32.82%,1062.43,1052.41,1017.74,1064.62,45.5,14.21,23.67,596847,Weakest,Soft,47.84%,0.79,1024.89,1104.34,25%
ESEA,"Euroseas Ltd","Transportation - Ship",76.63,+0.25%,3,Buy,"100% Buy",+30.26,+23.44%,70.95,72.78,68.07,75.41,55.03,4.83,27.7,57654,Strengthening,Strong,58.23%,0.43,72.17,78.65,69%
CZNC,"Citizens Nrthn Corp","Banks - Northeast",25.54,+0.20%,5,Buy,"88% Buy",+30.14,+25.69%,23.14,24.31,22.95,25.64,56.5,7.08,13.97,56794,Strengthening,Maximum,44.79%,0.91,25.06,26.21,42%
BPRN,"Princeton Bancorp Inc","Banks - Northeast",42.25,+0.07%,5,Buy,"88% Buy",+29.96,+23.18%,37.9,40.23,36.87,42.52,56.36,4.57,9.14,14729,Average,Maximum,37.24%,0.83,41.65,43.38,34%
DSP,"Viant Technology Inc","Technology Services",13.23,+4.34%,7,Buy,"100% Buy",+29.79,+31.90%,11.75,12.28,11.43,12.73,58.32,13.29,-2.77,250343,"Top 1%",Good,29.28%,0.94,11.82,13.63,78%
BSRR,"Sierra Bancorp","Banks - West",39.84,+0.03%,2,Sell,"40% Buy",+29.75,+29.10%,39.15,40.73,37.79,40.26,43.85,10.49,9.26,59864,Weakest,Average,20.37%,0.75,39.2,41.31,30%
MCY,"Mercury General Corp","Insurance - Proprty & Casualty",102.97,+0.32%,2,Sell,"40% Buy",+29.64,+33.50%,102.43,106.73,98.07,105.85,41.77,14.89,-3.18,257598,Weakest,Soft,31.27%,0.69,102.3,109.4,9%
KFY,"Korn/Ferry International",Staffing,86.28,+1.93%,4,Buy,"100% Buy",+29.03,+15.24%,73.05,78.5,69.88,84,66.76,-3.37,18.04,501470,Strongest,"Top 1%",67.08%,1.05,82.23,85.78,114%
FUSB,"First US Bancshares Inc","Banks - Southeast",16.38,+0.18%,2,Sell,"40% Buy",+29.02,+50.55%,16.24,16.53,15.86,16.49,47.31,31.94,4.6,9689,Weakest,Soft,47.34%,0.23,16.2,16.79,31%
CDP,"Copt Defense Properties","REIT - Equity Trust Other",36.59,-1.85%,1,Sell,"56% Buy",+28.99,+26.78%,34.56,36.9,33.56,37.11,43.27,8.17,18.97,1031502,Weakening,Strong,50.81%,0.59,36.38,37.84,14%
NWFL,"Norwood Financial Corp","Banks - Northeast",34.15,+0.35%,3,Buy,"100% Buy",+28.88,+26.62%,31.59,32.76,31,34.04,57.18,8.01,9.1,31582,Strongest,Maximum,48.73%,0.37,33.48,34.6,60%
NWL,"Newell Rubbermaid Inc","Consumer Prdts - Misc Staple",6.17,+4.93%,2,Hold,"96% Buy",+28.42,+4.22%,4.86,5.64,4.63,6.07,57.7,-14.39,53.21,8042946,Strongest,Strong,40.90%,0.53,5.79,6.34,69%
CQP,"Cheniere Energy Partners LP","Other Alt Energy",68.91,+0.80%,8,Buy,"100% Buy",+28.38,+24.43%,63.86,64.59,63.14,67.49,57.94,5.82,16.2,116058,Strongest,Strong,80.46%,0.45,64.77,70.21,76%
ISTR,"Investar Holding","Banks - Southeast",30.29,+0.10%,6,Hold,"80% Buy",+27.88,+28.29%,29.2,29.95,28.86,30.36,51.87,9.68,0.71,131826,Average,Average,39.74%,0.35,29.69,31.03,45%
PCB,"Pcb Bancorp","Banks - Southwest",27.49,-0.13%,4,Sell,"40% Buy",+27.82,+24.22%,26.42,28.28,25.11,27.93,43.05,5.61,14.32,29320,Weakest,Average,17.42%,0.43,27.23,28.62,18%
LARK,"Landmark Bancorp Inc","Finance - Savings & Loan",31.65,-0.03%,7,Buy,"88% Buy",+27.75,+24.61%,29.53,31.3,28.53,31.98,48.63,6,8.2,9158,Weakening,Strong,36.64%,0.42,31.42,32.54,20%
LSBK,"Lake Shore Bancorp","Finance - Savings & Loan",17.18,+0.06%,3,Buy,"100% Buy",+27.59,+28.21%,16.48,17.12,16.1,17.17,52.75,9.6,4.54,10304,Average,Strong,59.91%,1.67,17.05,17.3,53%
PALI,"Palisade Bio Inc","Medical - Biomedical",2,-5.21%,7,Buy,"64% Buy",+27.49,+194.38%,2,2.01,1.93,2.08,47.12,175.77,-27.54,3911353,Weakening,Weak,48.15%,0.71,1.96,2.21,17%
ACNT,"Ascent Industries Co.","Machinery - General Industrial",15.43,-2.34%,5,Hold,"80% Buy",+27.46,+29.23%,14.53,15.08,14.72,15.24,54.09,10.62,-17.34,83833,Average,Weak,77.26%,0.73,14.64,15.85,65%
MBWM,"Mercantile Bank Corp","Banks - Midwest",60.21,+0.78%,2,Hold,"80% Buy",+27.41,+21.12%,55.57,58.82,54.32,60.69,52.85,2.51,12.53,112318,Strengthening,Strong,36.23%,0.63,59.22,62.16,34%
ARQT,"Arcutis Biotherapeutics Inc","Medical - Biomedical",23.78,-4.38%,2,Sell,"24% Sell",+27.38,+53.52%,24.69,26.65,24.72,25.69,35.05,34.91,-30.76,1688074,Average,Weak,13.89%,0.9,24.15,27.22,-12%
BVFL,"Bv Financial Inc MD","Banks - Northeast",21.35,-0.05%,4,Hold,"88% Buy",+27.29,+27.46%,20.54,21.23,20.08,21.35,51.51,8.85,5.05,17736,Strengthening,Good,35.61%,0.59,20.88,21.83,50%
FDBC,"Fidelity D & D Bancorp Inc","Banks - Northeast",53.7,+0.81%,8,Hold,"80% Buy",+27.17,+20.30%,49.41,52.56,47.83,54.22,51.57,1.69,10.71,9177,Strengthening,Strong,12.66%,0.87,52.83,55.61,31%
BCAL,"California Bancorp","Banks - Southwest",21.27,-0.33%,3,Hold,"80% Buy",+27.09,+26.68%,20,21.09,19.4,21.43,49.78,8.07,1.28,209995,Weakening,Strong,44.35%,0.65,21.07,21.79,27%
FHI,"Federated Investors","Finance - Investment Mgmt",64.41,-0.69%,4,Buy,"100% Buy",+26.87,+20.15%,58.41,60.53,57.43,63.98,60.29,1.54,11.05,677292,Strengthening,Maximum,68.79%,0.72,62.52,65.43,65%
BHB,"Bar Harbor Bankshares","Banks - Northeast",39.4,+0.41%,3,Hold,"80% Buy",+26.86,+22.51%,36.87,38.83,35.63,39.93,49.67,3.9,14.24,107199,Strengthening,Strong,29.28%,0.57,38.89,40.98,24%
CENT,"Central Garden","Consumer Prdts - Misc Discr",43.8,+0.23%,3,Buy,"72% Buy",+26.78,+21.84%,41.25,43.83,39.78,44.21,48.95,3.23,23.59,84493,Weakening,Strong,28.30%,0.76,42.94,45.49,34%
COSO,"Coastalsouth Bancshares Inc","Banks - Southeast",27.49,+0.55%,5,Hold,"80% Buy",+26.77,+26.39%,26.44,27.15,25.81,27.57,52.2,7.78,5.59,92334,Average,Strong,42.61%,0.58,27.02,28.12,43%
ECBK,"ECB Bancorp Inc","Banks - Northeast",20.74,+0.05%,7,Buy,"100% Buy",+26.37,+22.72%,19.34,20.32,18.66,20.63,54.81,4.11,6.61,11276,Strengthening,Maximum,63.01%,0.54,20.23,21.04,63%
MVBF,"Mvb Financial Corp","Banks - Northeast",30.43,+0.76%,1,Hold,"96% Buy",+26.29,+27.59%,27.99,29.59,27.56,30.4,54.84,8.98,5.16,49259,Strongest,Strong,42.00%,1.21,29.76,31.04,52%
TBPH,"Theravance Bio Ord","Medical - Drugs",17.05,+0.06%,13,Buy,"32% Buy",+26.09,+22.05%,16.73,16.95,16.82,16.96,62.82,3.44,-21.52,570417,Weakest,Minimum,74.41%,0.58,16.85,17.07,93%
CTO,"Cto Realty Growth Inc","REIT - Equity Trust Other",21.57,+0.61%,1,Sell,"56% Buy",+26.07,+25.48%,20.97,21.73,20.24,21.82,44.98,6.87,4.51,312938,Weakest,Good,29.07%,0.81,21.46,22.18,16%
KNOP,"Knot Offshore Partners LP","Transportation - Ship",10.9,+2.83%,3,Buy,"64% Buy",+26.03,+43.99%,10.61,10.48,10.52,10.62,61.1,25.38,-7.34,98607,Strengthening,Weak,60.52%,1.06,10.42,10.82,121%
HELE,"Helen of Troy Ltd","Cosmetics & Toiletries",28.62,-1.04%,6,Hold,"80% Buy",+25.93,+17.73%,25.97,28.23,22.86,29,49.92,-0.88,22.03,670172,Weakening,Good,49.57%,1.14,27.69,30.31,35%
PBA,"Pembina Pipeline Cor","Oil - Production & Pipeline",48.01,-0.79%,2,Sell,"40% Buy",+25.63,+27.92%,47.49,48.59,46.27,48.45,44.8,9.31,13.49,1311209,Weakest,Average,34.18%,0.51,47.32,49.59,30%
ASND,"Ascendis Pharma ADR","Medical - Biomedical",247.91,-0.58%,2,Sell,"40% Buy",+25.38,+27.85%,243.33,254.86,237.96,250.72,45.14,9.24,3.61,680052,Weakest,Average,40.69%,0.48,242.05,259.38,34%
CCEP,"Coca-Cola Europacific Partners Plc","Beverages - Soft",109.1,+1.66%,2,Buy,"100% Buy",+25.36,+22.82%,100.4,105.91,99.63,107.71,55.63,4.21,7.64,1793321,Strengthening,Strong,65.00%,0.58,105.28,110.13,79%
SBUX,"Starbucks Corp","Retail - Restaurants",107.85,+0.55%,4,Buy,"100% Buy",+25.17,+22.53%,103.05,105.02,100.54,106.4,55.43,3.92,15.42,8259264,Strongest,Strong,64.97%,0.67,103.33,109.46,74%
NPCE,"Neuropace Inc","Medical Instruments",14.41,+1.98%,3,Sell,"72% Sell",+25.05,+58.18%,15.72,15.22,15.31,14.33,48.25,39.57,-19.32,204560,Weakening,Weak,46.65%,0.64,13.52,15.14,55%
HNVR,"Hanover Bancorp Inc","Banks - Northeast",26.81,-0.89%,9,Buy,"88% Buy",+24.81,+19.00%,24.23,25.42,23.46,27.13,53.91,0.39,3.36,31763,Average,Maximum,31.36%,0.5,26.58,27.67,21%
AVBH,"Avidbank Holdings Inc","Banks - West",31.66,-0.63%,2,Sell,"40% Buy",+24.74,+26.74%,31.35,32.41,30.48,32.39,37.21,8.13,6.55,89577,Weakest,Average,16.86%,0.31,31.59,33.2,5%
CZWI,"Citizens Community","Finance - Savings & Loan",21.02,+0.72%,3,Sell,"8% Buy",+24.72,+28.33%,21.43,22.13,20.5,21.06,44.67,9.72,5.31,52781,Weakest,Weak,70.93%,0.47,20.24,21.88,48%
ELV,"Elevance Health Inc","Medical Services",394.43,-1.17%,9,Hold,"64% Buy",+24.58,+27.07%,384,394.81,360.69,395.24,49.4,8.46,-0.13,1654242,Weakening,Average,52.58%,0.41,382.79,407.68,47%
LCNB,"Lcnb Corp","Banks - Northeast",19.43,+0.47%,1,Hold,"80% Buy",+24.56,+21.13%,17.79,19.03,17.44,19.73,49.23,2.52,5.9,30114,Strengthening,Strong,23.04%,0.64,19.15,20.31,24%
FCCO,"First Community Corp","Banks - Southeast",33.63,+0.69%,1,Hold,"80% Buy",+24.40,+23.62%,31.92,33.37,31.03,34.06,48.79,5.01,0.77,68007,Strengthening,Strong,29.15%,0.74,33.26,34.85,23%
AGL,"Agilon Health Inc","Medical Services",92.54,-1.74%,2,Sell,"40% Buy",+24.32,+191.46%,83.3,104.3,60.16,94.09,45.47,172.85,424.83,350145,Weakest,Average,47.51%,0.4,84.78,103.41,42%
TTRX,"Turn Therapeutics Inc","Medical - Biomedical",9.84,-2.67%,8,Buy,"100% Buy",+24.32,N/A,6.63,8.8,5.63,9.77,54.98,N/A,137.1,57479,Strongest,Maximum,42.87%,0.75,9.03,10.5,55%
PINE,"Alpine Income Property Trust Inc","REIT - Equity Trust Other",19.53,-0.56%,1,Sell,"8% Buy",+24.15,+29.25%,19.8,20.2,19.51,19.75,41.9,10.64,4.16,171153,Weakening,Minimum,40.51%,0.46,19.34,20.17,23%
TEX,"Terex Corp","Machinery - Construct & Mining",63.73,-1.26%,3,Sell,"24% Buy",+24.04,+22.25%,64.14,66.83,63.6,65.89,43.51,3.64,6.74,1453502,Weakest,Weak,20.58%,0.61,63.23,68.55,9%
TTC,"Toro Company","Tools - Hand Held",99.03,-0.42%,8,Buy,"100% Buy",+24.02,+20.77%,94.28,95.92,94.93,98.39,56.21,2.16,13.15,852833,Strengthening,Average,76.44%,0.79,95.89,100.9,63%
NVST,"Envista Holdings Corp","Medical Products",27.13,-1.13%,3,Hold,"80% Buy",+23.95,+27.67%,26.06,27.08,26.23,27.77,47.13,9.06,12.32,2762810,Weakening,Average,33.48%,0.44,26.78,28.76,18%
MRAM,"Everspin Technologies Inc","Technology Services",16.55,-5.21%,6,Hold,"16% Sell",+23.35,+151.90%,20.55,17.81,17.17,17.08,46.76,133.29,65.69,1600951,Weakening,Minimum,33.48%,0.59,14.96,19.2,37%
IART,"Integra Lifesciences","Medical Instruments",16.89,+0.24%,1,Sell,"40% Buy",+23.30,+13.81%,15.81,17.92,13.99,17.3,44.18,-4.8,23.34,867413,Weakening,Average,21.43%,0.88,16.29,18.31,29%
ZD,"Ziff Davis Inc","Internet - Software",55.82,0.00%,4,Buy,"100% Buy",+23.26,+49.61%,48.89,52.9,45.04,54.79,58.24,31,46.16,754768,Strengthening,Maximum,68.00%,0.44,52.29,57.29,71%
SABR,"Sabre Corp","Internet Software Services",2.2,+2.80%,8,Buy,"100% Buy",+23.21,+22.91%,1.86,1.97,1.69,2.13,57.89,4.3,49.11,6790985,Strongest,Strong,65.73%,0.79,1.97,2.3,70%
AVTX,"Avalo Therapeutics Inc","Medical - Drugs",19.59,-2.29%,7,Buy,"100% Buy",+23.16,+109.74%,17.17,18.9,16.63,19.48,51.73,91.13,-4.78,1010427,Strengthening,Average,66.49%,0.58,18.13,20.83,54%
FCEL,"Fuelcell Energy Inc","Other Alt Energy",17.76,-8.07%,3,Sell,"24% Buy",+23.11,+309.22%,18.78,21.97,15.01,20.28,42,290.61,130.3,6276610,Weakening,Soft,18.45%,0.45,17.55,23,4%
BOW,"Bowhead Specialty Holdings Inc","Insurance - Proprty & Casualty",33.6,+0.03%,2,Buy,"100% Buy",+23.03,+8.14%,28.75,31.67,27.11,33.57,61.52,-10.47,5.08,233437,Strengthening,Maximum,37.34%,0.55,33.35,33.79,57%
MCBS,"Metrocity Bankshares Inc","Banks - Southeast",35.14,-0.01%,5,Sell,"48% Buy",+22.86,+17.17%,34.06,35.68,32.25,35.68,44.05,-1.44,19.75,81174,Weakest,Good,25.80%,0.59,34.94,36.43,13%
SON,"Sonoco Products","Containers - Paper Products",56.47,-0.42%,1,Hold,"80% Buy",+22.78,+20.82%,53.53,56.36,53.35,57.74,46.39,2.21,16.75,1114244,Weakening,Good,15.19%,0.64,56.2,59.27,9%
CACC,"Credit Acceptance","Finance - Consumer Loans",594.89,-0.93%,5,Sell,"56% Buy",+22.59,+16.64%,566.19,600.88,534.82,586.55,52.49,-1.97,21.5,162922,Weakest,Good,70.52%,0.95,565.84,607.27,70%
VLGEA,"Village Super Mkt","Retail - Supermarket",44.01,+1.15%,3,Buy,"88% Buy",+22.57,+21.74%,43.1,43.03,41.97,43.25,56.52,3.13,11.69,51788,Strengthening,Average,68.08%,1.1,41.76,44.75,75%
MCRI,"Monarch Casino",Gaming,122.57,-0.85%,4,Sell,"40% Buy",+22.43,+16.60%,120.35,124.98,112.26,123.73,46.04,-2.01,15.43,131091,Weakest,Average,43.54%,1.09,121.13,126.33,28%
AFRI,"Forafric Global Plc","Agriculture Operations",10.77,-1.28%,5,Buy,"100% Buy",+22.27,+24.36%,10.24,10.51,10.08,10.72,51.94,5.75,-15.01,16091,Strengthening,Average,32.93%,0.41,10.32,11.12,56%
LILA,"Liberty Latin America Cl A","Wireless National",8.56,+2.76%,5,Buy,"40% Buy",+22.27,+6.07%,7.85,7.79,7.89,8.49,56.32,-12.54,3.18,464113,Weakening,Soft,65.15%,0.45,8.22,8.76,63%
ALLT,"Allot Communications","Internet - Software",7.79,-1.77%,4,Sell,"24% Sell",+22.22,-2.26%,7.67,7.91,7.82,7.76,50.6,-20.87,-33.4,425397,Weakest,Weak,42.11%,0.53,7.38,8.13,55%
SBH,"Sally Beauty Holdings","Retail - Misc & Diversified",16.55,+0.79%,3,Buy,"88% Buy",+22.03,+23.32%,14.36,15.31,14.59,16.47,57.17,4.71,3.41,1587621,Strongest,Strong,40.10%,0.62,15.95,16.99,58%
OVBC,"Ohio Valley Banc Corp","Banks - Midwest",45.58,+0.47%,10,Buy,"56% Buy",+21.81,+24.58%,45.25,43.9,44.34,44.53,59.61,5.97,1.37,23309,Average,Weak,68.81%,0.62,42.6,46.46,77%
EML,"Eastern Company","Protection - Safety",26.32,-0.11%,8,Buy,"88% Buy",+21.74,+11.67%,23.45,25.24,22.05,25.22,61.99,-6.94,21.02,20335,Strongest,Strong,68.97%,0.14,24.05,26.39,97%
CCBG,"Capital City Bank Gr","Banks - Southeast",51.34,+0.31%,3,Hold,"80% Buy",+21.73,+18.05%,48.43,50.74,46.56,51.82,50.11,-0.56,7.95,86707,Strengthening,Strong,26.18%,0.59,50.74,52.89,28%
VMI,"Valmont Industries","Steel - Pipe & Tube",476.28,-0.88%,5,Sell,"8% Sell",+21.67,+27.29%,507.6,515.92,483.73,488.71,40.31,8.68,5.73,190781,Weakest,Minimum,19.34%,1.09,471.47,505.95,14%
RSVR,"Reservoir Media Inc","Media Conglomerates",9.66,-0.92%,1,Sell,"8% Buy",+21.40,+22.28%,10.14,10.15,9.65,9.93,39.4,3.67,14.96,75018,Weakening,Weak,36.30%,0.73,9.58,10.27,12%
NREF,"Nexpoint Real Estate Finance Inc","REIT - Mortgage Trusts",17.24,-0.81%,5,Buy,"100% Buy",+21.34,+15.70%,15.76,16.58,15.25,17.22,53,-2.91,9.79,57127,Strengthening,Maximum,46.14%,0.56,16.55,17.88,52%
MAX,"Mediaalpha Inc Cl A","Technology Services",12.85,+2.23%,2,Sell,"40% Buy",+21.29,+25.00%,11.06,12.95,10.48,12.92,49.14,6.39,-13.42,716928,Average,Average,28.02%,0.64,12.2,13.63,45%
IOT,"Samsara Inc Cl A","Internet - Software",41.16,-1.70%,5,Buy,"100% Buy",+21.12,+12.92%,33.84,36.81,32.45,39.65,58.49,-5.69,3.46,6623851,Strongest,Strong,66.67%,0.87,37.47,41.83,85%
UTMD,"Utah Medical Prod","Medical Products",72.77,+1.35%,3,Buy,"100% Buy",+21.09,+17.26%,68.28,70.16,66.87,71.54,57.94,-1.35,17.39,17698,Strongest,Strong,59.32%,1.09,70.06,73.03,91%
CNS,"Cohn & Steers Inc","Finance - Investment Mgmt",82.73,+0.12%,4,Hold,"80% Buy",+21.05,+11.77%,75.58,80.65,71.83,83.35,52.19,-6.84,19.13,338721,Weakening,Strong,47.74%,0.49,80.81,85.9,38%
HWBK,"Hawthorn Bancshares","Banks - Northeast",39.14,+0.10%,6,Buy,"88% Buy",+20.87,+17.36%,37.27,39.07,36.13,39.59,48.98,-1.25,-0.44,10154,Average,Strong,35.54%,0.62,38.78,40.41,22%
CWBC,"Community West Bank","Finance - Misc Services",25.82,-0.69%,5,Sell,"56% Buy",+20.85,+22.43%,25.16,26.2,24.62,25.79,48.47,3.82,2.11,232111,Weakening,Average,64.98%,0.52,25.14,26.43,53%
CB,"Chubb Ltd","Insurance - Proprty & Casualty",339.92,+0.48%,1,Sell,"40% Buy",+20.80,+24.40%,335.77,346.73,332.56,345.11,44.14,5.79,-3.74,1732089,Weakest,Soft,21.82%,0.66,336.88,353.33,18%
NKTR,"Nektar Therapeutics","Medical - Drugs",72.52,-2.72%,6,Hold,"64% Buy",+20.80,+147.17%,72.51,70.74,69.61,74.11,48.7,128.56,58.87,986341,Weakening,Weak,46.49%,0.65,71.21,77.01,23%
PROV,"Provident Financial","Finance - Savings & Loan",18.35,+0.16%,11,Buy,"100% Buy",+20.72,+19.39%,17.31,17.56,16.92,18.05,73.93,0.78,2.69,8149,Strongest,Maximum,76.80%,2.03,17.73,18.37,96%
SAIC,"Science Applications International","IT Services",125.96,-2.33%,10,Buy,"100% Buy",+20.69,+6.89%,109.09,117.85,104.29,125.6,55.85,-11.72,12.48,585271,Strengthening,Maximum,63.43%,1.73,120.53,130.67,54%
BH.A,"Biglari Holdings Inc Cl A","Retail - Restaurants",1905.6801,-0.80%,4,Sell,"24% Buy",+20.65,+19.88%,1768.78,1948.97,1801.6,1945.93,46.01,1.27,-3.13,18673,Weakest,Weak,45.74%,1.29,1892.97,1998.88,12%
LAD,"Lithia Motors","Retail - Wsale Auto & Trucks",370.36,-0.18%,1,Hold,"80% Buy",+20.64,+9.41%,314.32,343.95,304,372.64,54.4,-9.2,-1.21,304271,Average,Strong,51.29%,0.48,362.11,383.17,39%
MRBK,"Meridian Bank","Banks - Northeast",19.32,-0.16%,1,Sell,"16% Buy",+20.33,+22.74%,19.32,19.84,19.33,19.73,40.04,4.13,-2.75,104539,Weakening,Weak,13.83%,0.48,19.25,20.22,7%
WRLD,"World Acceptance Corp","Finance - Consumer Loans",188.35,-0.89%,3,Hold,"48% Buy",+20.22,+8.54%,174.69,193.4,160.5,189.33,48.75,-10.07,21.51,125248,Weakest,Good,59.60%,0.81,183.77,194.89,41%
LILAK,"Liberty Latin America Cl C","Wireless National",8.48,+2.54%,4,Buy,"40% Buy",+20.05,+2.42%,7.89,7.72,7.94,8.4,57.17,-16.19,1.02,1077179,Weakening,Weak,73.20%,0.67,8.18,8.62,69%
CENTA,"Central Garden & Pet","Consumer Prdts - Misc Discr",37.81,+0.24%,2,Hold,"64% Buy",+19.89,+15.98%,36.41,38.28,35.16,38.42,46.25,-2.63,16.88,316797,Weakest,Good,34.51%,0.59,37.19,39.65,25%
BBCP,"Concrete Pumping Holdings Inc","Waste Removal Svcs",9.21,-2.33%,1,Sell,"24% Buy",+19.79,+30.27%,9.27,10.3,8.4,9.47,39.79,11.66,24.61,180715,Weakest,Soft,56.99%,1.53,8.99,9.96,23%
GNW,"Genworth Financial Inc","Insurance - Life",9.98,+0.50%,5,Buy,"100% Buy",+19.79,+16.32%,9.3,9.74,9.02,9.89,56.77,-2.29,-2.13,3289744,Strongest,Strong,50.46%,0.64,9.64,10.15,67%
NECB,"Northeast Community Bancorp","Banks - Northeast",26.43,+0.23%,1,Hold,"48% Buy",+19.75,+16.38%,25.65,26.75,25.05,26.67,47.03,-2.23,4.25,44340,Weakening,Good,32.28%,0.58,26.1,27.25,29%
NMIH,"Nmi Holdings Inc","Insurance - Proprty & Casualty",44.81,+0.02%,2,Buy,"88% Buy",+19.62,+13.93%,40.48,42.86,39.85,45.01,55.62,-4.68,-2.79,488861,Average,Maximum,40.04%,0.95,44.02,46,40%
ALX,"Alexander's Inc","REIT - Equity Trust Other",270.19,-0.24%,6,Sell,"40% Buy",+19.51,+17.23%,260.1,271.91,253.07,270.96,49.57,-1.38,11.32,55826,Weakening,Good,64.45%,1.17,263.82,278.11,45%
ENIC,"Enersis Chile S.A. ADR","Utility - Electric Power",4.35,-2.03%,3,Buy,"56% Buy",+19.51,+23.93%,4.43,4.45,4.33,4.48,42.77,5.32,-4.44,596171,Weakest,Weak,29.86%,3.62,4.36,4.61,-4%
BH,"Biglari Holdings Inc","Retail - Restaurants",376.97,-0.57%,3,Hold,"32% Buy",+19.38,+17.88%,343.82,387.68,347.72,386.68,45.01,-0.73,0.75,104790,Weakest,Soft,28.87%,0.45,375.71,397.65,6%
PLD,"Prologis Inc","REIT - Equity Trust Other",140.7,-0.81%,1,Sell,"8% Sell",+19.36,+24.91%,142.56,142.46,139.97,141.04,45.31,6.3,-2.44,3732218,Average,Minimum,67.86%,0.42,138.15,143.92,44%
NATL,"NCR Atleos Corporation","Internet - Software",46.26,+0.54%,2,Hold,"80% Buy",+18.79,+16.11%,45.24,45.93,44.24,46.54,48.01,-2.5,8.74,751175,Weakening,Average,21.66%,0.54,45.92,47.17,28%
PM,"Philip Morris International",Tobacco,191.89,+0.74%,1,Buy,"100% Buy",+18.75,+15.76%,180.4,187.07,178.63,189.11,53.74,-2.85,6.98,5188848,Average,Strong,64.37%,0.75,183.99,194.23,77%
GAIN,"Gladstone Investment","Finance - SBIC & Commercial",16.43,+0.18%,5,Buy,"88% Buy",+18.72,+16.52%,16.01,16.12,15.33,16.46,52.36,-2.09,4.96,252930,Strengthening,Good,44.84%,0.52,16.12,16.79,46%
DLTR,"Dollar Tree Inc","Retail - Discount",128.26,+0.99%,6,Buy,"72% Buy",+18.63,+14.01%,113.56,125.79,114.92,130.24,49.32,-4.6,-8.38,3280563,Weakening,Good,51.49%,0.84,125.77,134.71,28%
WNC,"Wabash National Corp","Auto - Truck Original Parts",13.33,+0.83%,2,Hold,"80% Buy",+18.51,+19.77%,10.52,12.79,10.27,12.48,61.52,1.16,41.45,795299,Strengthening,Strong,82.18%,0.54,11.71,13.25,105%
JMSB,"John Marshall Bk Fal","Banks - Southeast",22.93,+1.53%,3,Hold,"80% Buy",+18.40,+14.73%,21.87,22.58,21.27,23.16,50.87,-3.88,2.08,33549,Strengthening,Strong,26.21%,0.92,22.52,23.79,33%
OVLY,"Oak Valley Bancp CA","Banks - West",33.98,-0.18%,4,Buy,"88% Buy",+18.30,+18.85%,33.72,33.68,33.32,33.88,51.38,0.24,0.39,29398,Weakening,Soft,45.72%,0.6,33.08,34.68,56%
TEO,"Telecom Argentina Stet France Telecom ADR","Wireline Non-US",13.06,+0.23%,4,Sell,"56% Buy",+18.17,+46.58%,12.99,13.38,12.58,13.47,42.54,27.97,-0.16,328643,Weakest,Weak,17.95%,0.28,12.83,14.11,18%
WABC,"Westamerica Bancorp","Banks - West",58.07,-0.27%,2,Sell,"40% Buy",+18.00,+16.07%,57.2,59.31,55.22,59.03,40.73,-2.54,8.76,173576,Weakest,Average,53.16%,0.55,57.41,60.66,20%
NWE,"Northwestern Energy Group Inc","Utility - Electric Power",70.32,-0.97%,2,Sell,"8% Buy",+17.89,+22.25%,71.1,71.17,70.07,70.58,47.28,3.64,-3.69,518192,Weakest,Minimum,56.48%,0.68,68.91,72.25,42%
CHCO,"City Holding Company","Banks - Southeast",143.46,+0.20%,4,Hold,"80% Buy",+17.42,+10.57%,132.23,139.47,128.76,145.27,51.27,-8.04,7.7,112543,Average,Strong,27.41%,0.84,142.68,147.85,15%
WHG,"Westwood Holdings Group Inc","Finance - Investment Mgmt",19.78,-0.25%,6,Buy,"100% Buy",+17.40,+9.95%,17.97,19.39,17.55,19.45,56.56,-8.66,2.28,16000,Strengthening,Strong,70.93%,0.38,18.9,19.99,81%
HSTM,"Healthstream Inc","Internet - Services",29.38,+1.91%,2,Buy,"100% Buy",+17.28,+4.63%,25.64,28.08,24.09,28.71,58.27,-13.98,14.7,257148,Strongest,Maximum,59.05%,0.86,27.81,29.61,87%
CPSS,"Consumer Portfol","Finance - Misc Services",9.42,+0.48%,3,Sell,"56% Buy",+17.25,+16.87%,9.36,9.39,8.96,9.36,51.75,-1.74,-11.69,21291,Weakening,Soft,56.18%,0.87,9.05,9.66,60%
TFX,"Teleflex Inc","Medical Instruments",139.67,+1.42%,5,Buy,"100% Buy",+17.20,+10.66%,131.43,133.69,124.53,136.86,57.03,-7.95,1.8,761265,Strongest,Strong,80.75%,0.82,131.85,141.87,78%
RGS,"Regis Corp","Retail - Misc & Diversified",27.13,+0.46%,5,Sell,"8% Buy",+17.15,+29.35%,27.46,27.65,25.98,27.34,47.45,10.74,-14.9,8853,Weakest,Minimum,15.39%,0.5,26.12,28.57,41%
AMP,"Ameriprise Financial Services","Finance - Investment Mgmt",559.32,+0.64%,9,Buy,"88% Buy",+17.14,+8.26%,493.23,526.35,485.99,559.36,58.26,-10.35,1.42,641552,Average,Maximum,45.55%,0.45,548.22,570.5,50%
BIP,"Brookfield Infrastructure Partners LP","REIT - Equity Trust Other",38.1,-2.01%,2,Hold,"48% Buy",+17.04,+19.77%,38.16,38.75,37.89,39.1,42.05,1.16,-2.98,822696,Weakest,Weak,24.07%,0.38,37.93,40.27,7%
IMMR,"Immersion Corp","Computers - Peripheral Equpt",7.65,-1.80%,5,Buy,"100% Buy",+17.03,+9.13%,6.71,7.12,6.53,7.58,56.65,-9.48,-0.15,529194,Average,Maximum,70.74%,0.46,7.36,7.81,65%
MGYR,"Magyar Bancorp Inc","Banks - Northeast",19.49,+0.08%,3,Buy,"100% Buy",+16.72,+13.62%,17.94,18.45,17.84,19.32,60.3,-4.99,0.11,4149,Strengthening,Maximum,71.54%,1.67,18.92,19.73,70%
IBEX,"Ibex Ltd","Business Services",38.12,+2.34%,4,Buy,"88% Buy",+16.70,+29.09%,32.13,34.32,31.53,36.4,64.91,10.48,-12.81,114233,Strongest,Strong,82.35%,1.24,34.81,37.98,104%
CNX,"CNX Resources Corp","Oil - US Exploration & Product",36.2,+0.25%,9,Buy,"8% Sell",+16.47,+23.76%,35.34,34.45,36.85,35.78,58.68,5.15,-14.2,1994487,Weakening,Minimum,57.24%,0.57,34.8,36.77,71%
MTG,"Mgic Investment Corp","Insurance - Multi Line",30.99,-0.29%,2,Buy,"100% Buy",+16.45,+11.96%,28.01,29.46,27.5,30.83,60.35,-6.65,-6.59,1923309,Strengthening,Maximum,69.69%,0.59,30.2,31.46,63%
ARDT,"Ardent Health Inc","Medical Services",10.96,-0.27%,2,Buy,"88% Buy",+16.43,-12.53%,10.03,10.52,9.69,11.02,52.1,-31.14,11.47,500815,Average,Average,51.51%,0.5,10.49,11.56,44%
BKH,"Black Hills Corp","Utility - Electric Power",72.8,-0.84%,2,Sell,"24% Sell",+16.43,+21.86%,73.73,73.7,73.18,73.04,47.39,3.25,-7.78,985312,Weakening,Minimum,57.01%,0.75,71.3,74.77,43%
MPLX,"Mplx LP","Oil - Production & Pipeline",59.25,-0.44%,3,Buy,"100% Buy",+16.29,+17.49%,56.81,57.95,56.98,59.16,54.31,-1.12,-1.63,1685167,Strengthening,Good,68.13%,0.48,57.97,60.35,54%
ARTV,"Artiva Biotherapeutics Inc","Medical - Biomedical",11.09,-7.12%,6,Hold,"80% Buy",+16.09,+250.95%,9.8,10.39,8.27,11.44,50.19,232.34,145.86,602784,Average,Good,62.36%,0.53,10.81,12.08,22%
ALXO,"Alx Oncology Holdings Inc","Medical - Biomedical",2,-2.44%,4,Buy,"80% Buy",+16.06,+75.44%,1.89,2,1.95,2,49.97,56.83,64.34,884679,Average,Weak,44.99%,0.48,1.89,2.12,48%
LYV,"Live Nation Entertainment","Movie & TV Production & Dist",181.65,+0.56%,5,Buy,"88% Buy",+15.99,+9.02%,172.17,180.96,166.08,183.39,49.19,-9.59,14.82,2699003,Weakening,Strong,27.59%,0.57,179.05,187.72,30%
MCB,"Metropolitan Bank Holding Corp","Banks - Northeast",91.79,+0.12%,4,Sell,"24% Buy",+15.99,+15.59%,92.48,94.81,90.59,92.6,44.77,-3.02,7.56,143281,Weakest,Weak,24.81%,0.6,90.21,94.98,33%
BLCO,"Bausch & Lomb Corp","Medical Services",17.15,+0.12%,6,Buy,"88% Buy",+15.90,+17.87%,16.22,16.56,16.45,16.99,56.52,-0.74,-12.24,419532,Average,Average,60.18%,1,16.47,17.51,65%
ADUR,"Aduro Clean Technologies Inc","Technology Services",14.17,-6.10%,10,Hold,"48% Buy",+15.77,+21.42%,14.27,14.93,13.29,15.55,41.83,2.81,24.13,443220,Weakest,Soft,15.45%,1.18,14.51,16.58,-17%
UI,"Ubiquiti Networks","Wireless Equipment",599.35,+1.10%,12,Buy,"24% Sell",+15.71,+12.60%,667.49,554.89,687.24,574.84,61.07,-6.01,-4.34,116290,Weakest,Weak,79.10%,1.52,547.64,602.05,95%
BILL,"Bill Holdings Inc","Internet - Software",50.31,+2.95%,5,Buy,"72% Buy",+15.59,+2.26%,40.46,43.75,41.13,48.57,62.59,-16.35,-20.41,2568966,Strongest,Good,45.26%,0.98,46.46,50.68,91%
NODK,"Ni Holdings Inc","Insurance - Proprty & Casualty",15.21,-0.26%,5,Sell,"40% Buy",+15.57,+15.05%,14.69,15.61,14.19,15.34,44.89,-3.56,1.71,18222,Weakest,Average,18.47%,0.27,15.05,15.63,28%
VABK,"Virginia Natl Bnk","Banks - Northeast",46.3,-0.04%,4,Buy,"88% Buy",+15.48,+11.73%,44.12,45.8,42.65,46.87,49.31,-6.88,3.54,7933,Weakening,Strong,10.65%,0.75,45.96,47.78,19%
GCMG,"Gcm Grosvenor Inc","Finance - Investment Mgmt",13.72,+0.29%,7,Buy,"100% Buy",+15.32,+5.30%,11.97,13.11,11.58,13.66,57.45,-13.31,8.55,606804,Strongest,Maximum,22.32%,1.6,13.26,14.07,57%
EGP,"Eastgroup Properties","REIT - Equity Trust Other",200,0.00%,2,Sell,"8% Buy",+15.26,+18.81%,204.03,207.44,198.65,202.49,37.78,0.2,-0.38,378302,Weakening,Weak,14.17%,0.67,198.7,206.29,17%
ADAG,"Adagene Inc ADR","Medical - Biomedical",3.68,-5.64%,4,Buy,"56% Buy",+15.21,+65.77%,3.77,3.88,3.62,3.91,43.82,47.16,82.06,222229,Weakest,Soft,33.08%,0.41,3.54,4.27,19%
STRW,"Strawberry Fields REIT Inc","REIT - Equity Trust Other",13.62,-2.01%,1,Hold,"64% Buy",+15.07,+14.94%,13.39,13.84,13.16,13.86,44.9,-3.67,-8.68,30786,Weakest,Average,54.28%,0.95,13.38,14.34,25%
BSVN,"Bank7 Corp","Banks - Southeast",52.21,-0.25%,6,Buy,"100% Buy",+14.99,+5.69%,47.06,50.31,45.35,51.51,59.87,-12.92,14.75,17787,Strongest,Maximum,42.72%,0.52,50.02,53,74%
HCI,"HCI Group","Insurance - Proprty & Casualty",186.29,-0.32%,2,Buy,"88% Buy",+14.73,+13.25%,167.75,180.11,165.15,183.81,57.63,-5.36,-15.47,165499,Strengthening,Good,59.79%,0.49,178.24,189.38,72%
F,"Ford Motor Company","Auto - Domestic",13.88,-0.50%,1,Hold,"48% Buy",+14.64,+18.53%,13.83,14.1,13.51,14.06,46.09,-0.08,-6.86,57445168,Weakest,Weak,19.11%,0.8,13.64,14.48,29%
RDWR,"Radware Ltd","Internet - Software",28.6,-3.28%,7,Sell,"56% Buy",+14.61,+10.51%,28.21,28.89,27.23,28.35,51.02,-8.1,6.07,257404,Average,Average,66.12%,0.5,26.87,29.83,58%
EG,"Everest Re Group","Insurance - Multi Line",377.61,-0.01%,1,Hold,"96% Buy",+14.54,+11.10%,356.21,369.59,347.27,370.87,55.94,-7.51,-1.38,373462,Average,Strong,86.14%,0.73,361.31,380.43,85%
ETR,"Entergy Corp","Utility - Electric Power",105.75,-0.69%,1,Sell,"24% Sell",+14.54,+19.99%,111.66,110.96,109.01,107.01,40.83,1.38,1.76,2929121,Average,Weak,36.40%,0.55,104.9,109.13,20%
OSW,"Onespaworld Holdings Ltd","Leisure & Recreation Services",25.26,-3.48%,1,Hold,"32% Buy",+14.46,+11.23%,25.51,26.71,24.19,26.36,39.19,-7.38,9.14,895227,Weakest,Average,31.29%,0.59,25.6,27.13,-22%
AIRG,"Airgain Inc","Communications Components",5.16,-1.90%,4,Sell,"40% Sell",+14.43,+20.84%,6.3,5.81,5.78,5.42,35.49,2.23,14.44,76485,Strengthening,Weak,18.73%,0.62,5.07,5.77,13%
NPKI,"Npk International Inc","Oil - US Exploration & Product",13.16,-2.88%,9,Sell,"72% Sell",+14.41,+26.05%,14.59,14.11,14.44,13.65,41.56,7.44,-2.25,817233,Strengthening,Average,23.14%,0.77,12.94,14.36,16%
FR,"First Industrial Realty Trust","REIT - Equity Trust Other",61.94,-0.72%,4,Sell,"8% Buy",+14.38,+18.55%,63.15,64.28,61.99,63.2,36.01,-0.06,-4.5,1018169,Weakening,Minimum,22.23%,0.35,61.69,64.72,8%
GLNG,"Golar Lng Ltd","Oil - International Integrated",50.29,-2.37%,7,Buy,"24% Buy",+14.35,+12.08%,51.78,50.4,50.01,51.2,44.6,-6.53,22.5,1519636,Weakest,Weak,15.75%,0.92,49.31,53.09,26%
BKU,"BankUnited Inc","Banks - Major Regional",46.39,-0.39%,6,Sell,"8% Sell",+14.27,+18.55%,47.22,47.62,47.06,46.97,44.2,-0.06,-8.57,876348,Weakening,Minimum,20.98%,0.49,45.63,48.31,28%
BC,"Brunswick Corp","Leisure & Recreational Prdcts",76.64,-1.24%,3,Sell,"8% Buy",+14.15,+19.97%,80.42,80.83,79.84,80.89,36.46,1.36,-9.42,812774,Weakening,Minimum,8.97%,0.99,77.62,84.16,-15%
XIFR,"Xplr Infrastructure LP","Other Alt Energy",11.72,-0.59%,1,Sell,"56% Buy",+14.05,+14.90%,11.51,11.88,11.12,11.55,51.13,-3.71,4.55,1122502,Weakening,Average,80.32%,0.8,11.18,11.92,73%
BNED,"Barnes & Noble Education Inc C","Consumer Prdts - Misc Discr",11.97,-2.13%,1,Hold,"64% Buy",+13.99,+39.35%,11.29,12.3,10.42,12.37,44.86,20.74,17.6,324376,Weakest,Strong,40.96%,0.57,11.68,13.06,21%
GTY,"Getty Realty Corp","REIT - Equity Trust Other",32.87,-0.24%,1,Sell,"8% Sell",+13.79,+15.66%,33.56,33.95,33.06,33.16,41.09,-2.95,7.44,487584,Average,Minimum,59.66%,0.75,32.43,33.89,30%
CBFV,"Cb Financial Svc","Banks - Northeast",37.59,+0.59%,4,Buy,"100% Buy",+13.40,+13.50%,36.3,37.14,35.88,37.45,53.96,-5.11,-4.82,5749,Strongest,Good,40.51%,0.42,36.86,38.04,62%
NWN,"Northwest Natural Gas Company","Utility - Gas Distribution",49.5,-0.12%,1,Sell,"56% Sell",+13.40,+19.85%,50.7,50.23,50.74,50.09,44.83,1.24,-6.74,275664,Strengthening,Weak,28.10%,0.64,48.77,51.4,28%
WTM,"White Mountains Insurance Group","Insurance - Proprty & Casualty",2135.4099,+0.37%,1,Hold,Hold,+13.15,+16.98%,2141.78,2132.14,2151.06,2126.37,50.75,-1.63,-9.89,19281,Bearish,,52.76%,0.96,2098.96,2153.78,66%
ACCO,"Acco Brands Corp","Consumer Prdts - Misc Discr",4.29,0.00%,2,Buy,"88% Buy",+13.14,+7.79%,3.92,4.16,3.83,4.3,54.45,-10.82,2.36,884331,Strengthening,Strong,51.87%,1.11,4.17,4.43,47%
BCPC,"Balchem Corp","Chemical - Specialty",178.44,+0.33%,8,Buy,"100% Buy",+13.05,+10.15%,167.98,170.54,169.44,178.41,56.87,-8.46,3.7,198242,Strengthening,Strong,49.13%,0.69,174.77,182.05,50%
OKUR,"Onkure Therapeutics Inc","Medical - Biomedical",3.79,-1.04%,3,Sell,"24% Sell",+12.88,+34.88%,4.22,4.16,3.88,4,38.95,16.27,18.04,232097,Weakening,Minimum,15.98%,1.58,3.74,4.25,9%
CDRO,"Codere Online Luxembourg S.A.",Gaming,9,0.00%,2,Sell,"8% Buy",+12.76,+7.78%,9.25,9.29,8.86,9.04,43.84,-10.83,-0.57,25903,Weakening,Weak,41.94%,0.12,8.84,9.24,40%
ERIC,"Ericsson ADR","Wireless Equipment",9.95,-1.29%,5,Sell,"88% Sell",+12.71,+25.79%,11.29,10.36,11.29,10.14,43.34,7.18,-9.54,10441396,Strongest,Good,20.46%,0.49,9.94,10.35,3%
PBHC,"Pathfinder Bcp MD","Finance - Savings & Loan",16.11,-1.29%,6,Buy,"72% Buy",+12.67,+7.98%,14.99,16.21,14.59,16.33,46.49,-10.63,1.52,6650,Weakest,Strong,29.41%,0.62,15.97,16.69,19%
OSK,"Oshkosh Truck Corp","Auto - Domestic",153.96,-1.75%,3,Hold,"64% Buy",+12.65,+7.54%,144.34,149.28,148.72,153.99,52.79,-11.07,9.9,733443,Weakening,Weak,72.32%,0.57,148.53,159.44,50%
MSEX,"Middlesex Water Company","Utility - Water Supply",58.49,+1.09%,5,Hold,"96% Buy",+12.46,+8.68%,54.5,56.7,53.92,58.25,54.71,-9.93,3.36,146425,Strengthening,Strong,50.00%,0.63,57.01,59.49,60%
COFS,"Choiceone Financial","Finance - Misc Services",33.36,+0.39%,4,Hold,"64% Buy",+12.25,+8.10%,32.3,33.61,31.09,33.86,46.03,-10.51,0.36,99297,Weakening,Strong,28.47%,0.48,32.87,34.84,25%
WULF,"Terawulf Inc","Finance - Misc Services",15.35,-6.91%,5,Sell,"56% Sell",+12.24,+62.61%,21.33,19.67,19.32,16.74,40.55,44,20.94,32345717,Strengthening,Soft,31.80%,0.86,14.65,18.83,17%
RMBI,"Richmond Mutual Bancorp Inc","Banks - Northeast",15.9,-0.31%,6,Buy,"88% Buy",+12.10,+8.24%,15.12,15.58,14.69,15.92,53.48,-10.37,0.6,34872,Average,Strong,32.65%,0.8,15.72,16.12,45%
MDU,"Mdu Res Group Inc","Utility - Gas Distribution",19.79,-1.93%,2,Sell,"88% Sell",+11.81,+20.52%,21.27,20.71,21.05,20.29,37.84,1.91,-11.27,1841000,Strongest,Average,35.74%,0.78,19.76,20.82,3%
CWT,"California Water Service Group Holding","Utility - Water Supply",50.48,+0.78%,2,Hold,"96% Buy",+11.69,+7.70%,47.23,49.77,46.52,50.03,53.59,-10.91,3.85,471977,Strengthening,Strong,66.50%,0.67,49.22,50.85,77%
UTL,"Unitil Corp","Utility - Electric Power",53.1,-0.69%,1,Sell,"56% Buy",+11.66,+13.58%,52.66,53.64,52.41,53.75,43.45,-5.03,-3.03,126610,Weakest,Average,34.92%,1.43,52.95,54.55,9%
CODA,"Coda Octopus Group","Electronics - Semiconductors",10,-4.12%,7,Buy,"64% Sell",+11.63,+24.84%,10.93,10,11.51,10.27,45.54,6.23,-5.12,160219,Average,Weak,32.79%,0.81,9.89,10.66,15%
TCBI,"Texas Capital Bncsh","Banks - Southwest",98.64,+0.55%,4,Sell,"8% Sell",+11.45,+13.86%,100.71,101.07,99.68,99.56,44.04,-4.75,-3.7,472751,Weakest,Minimum,30.58%,0.89,97.17,101.96,31%
VTOL,"Bristow Group Inc","Transportation - Airline",43.73,-4.64%,2,Hold,Hold,+11.40,+13.70%,44.72,44.4,44.93,45.83,41.5,-4.91,6.77,213768,Bearish,,26.30%,0.96,44.12,47.54,-11%
MCFT,"Mastercraft Boat Holdings Inc","Leisure & Recreational Prdcts",23.89,-1.20%,6,Hold,"48% Buy",+11.37,+8.34%,23.92,24.56,23.16,24.73,40.46,-10.27,13.69,150106,Weakest,Average,13.90%,0.67,23.8,25.66,5%
SNDX,"Syndax Pharma","Medical - Biomedical",19.54,-3.08%,7,Sell,"88% Sell",+11.37,+19.73%,20.72,20.87,21.22,19.85,44.43,1.12,-19.65,1644107,Strengthening,Soft,54.01%,0.62,19,20.69,32%
WFCF,"Where Food Comes From Inc","Consumer Services - Misc",13.15,-0.75%,7,Buy,"100% Buy",+11.31,+9.58%,12.5,12.51,12.22,12.59,55.71,-9.03,1.8,8910,Strongest,Soft,46.79%,1.05,11.83,13.36,86%
LLYVK,"Liberty Live Holdings Inc Series C","Conglomerates - Div Operations",103.55,+0.11%,5,Buy,"72% Buy",+11.28,+6.31%,100.28,103.65,97.69,105.13,47.61,-12.3,11.87,377928,Weakening,Good,29.16%,0.79,101.61,108.64,28%
EPR,"Entertainment Properties Trust","REIT - Equity Trust Retail",59.55,-0.10%,1,Sell,"56% Buy",+11.26,+9.55%,58.83,60.65,57.61,60.74,41.06,-9.06,6.69,750435,Weakest,Average,10.87%,0.71,59.34,62.14,8%
IGIC,"International General Insurance Hldg Inc","Insurance - Multi Line",26.6,-0.50%,1,Sell,"40% Buy",+11.20,+10.93%,26.34,27.19,25.76,26.85,46.04,-7.68,-6.63,68507,Weakest,Average,37.19%,1.25,25.96,27.74,36%
SW,"Smurfit Westrock Plc","Paper & Related Products",48.29,-0.70%,6,Buy,"88% Buy",+11.16,+4.10%,43.69,46.68,43.53,48.54,51.53,-14.51,12.23,5572500,Average,Strong,50.85%,0.74,46.78,50.3,43%
BBY,"Best Buy Company","Retail - Consumer Electronics",82.44,-1.34%,1,Buy,"72% Buy",+11.07,+13.46%,74.04,83.08,70.93,84.92,45.09,-5.15,10.52,4290649,Weakening,Strong,55.98%,1.39,80.52,89.32,22%
USAC,"USA Compression Partners LP","Oil Field Machinery & Equip",26.93,+0.67%,6,Buy,"8% Buy",+11.02,+11.51%,27.05,26.31,27.08,26.4,54.64,-7.1,4.44,236503,Weakening,Minimum,82.63%,0.34,25.55,27.24,81%
CCS,"Century Communities Inc","Building - Residential & Comm",69.16,+1.13%,5,Hold,"64% Buy",+10.58,+5.33%,62.32,68.31,62.72,69.98,50.43,-13.28,3.88,285418,Average,Strong,16.25%,0.63,68.12,71.83,28%
PJT,"Pjt Partners Inc Cl A","Finance - Misc Services",182.8,+2.32%,10,Buy,"100% Buy",+10.30,+0.76%,160.94,166.41,156.85,173.75,63.57,-17.85,-3.32,364241,"Top 1%",Strong,83.80%,0.83,166.95,180.54,117%
PRGS,"Progress Software","Computer - Software",44.76,-1.02%,6,Buy,"88% Buy",+10.29,-3.35%,34.52,39.45,35.11,43.32,62.04,-21.96,-8.46,813789,Strongest,Strong,74.80%,0.62,41.39,45.25,87%
LLYVA,"Liberty Live Holdings Inc Series A","Conglomerates - Div Operations",99.89,+0.13%,6,Buy,"72% Buy",+10.29,+5.67%,97.08,99.93,94.79,101.32,47.8,-12.94,9.91,213139,Weakening,Good,30.39%,0.28,97.75,104.89,30%
CCEC,"Capital Clean Energy Carriers Corp","Transportation - Ship",22.72,-0.26%,2,Buy,"100% Buy",+10.24,+6.42%,21.58,22.23,21.47,22.64,52.93,-12.19,-3.79,9790,Strengthening,Strong,69.07%,0.1,22.27,23,62%
APD,"Air Products and Chemicals","Chemical - Diversified",308.09,+0.86%,3,Buy,"100% Buy",+10.10,+4.43%,294.99,297.67,290.39,303.26,57.94,-14.18,12.07,1364048,Strongest,Good,66.59%,0.84,294.06,312.46,76%
MTD,"Mettler-Toledo International","Medical Instruments",1398.58,-0.63%,3,Buy,"72% Buy",+9.96,+9.00%,1270.62,1341.83,1283.65,1417.18,53.51,-9.61,-12.34,170536,Weakening,Average,30.61%,1.05,1384.69,1449.66,21%
AUDC,"Audiocodes Ltd","Communications Components",10.04,-1.76%,2,Buy,"100% Buy",+9.89,+5.91%,9.43,9.73,8.95,9.94,54.63,-12.7,2.36,121344,Strongest,Strong,65.22%,0.63,9.5,10.38,61%
ASUR,"Asure Software","Internet Services - Delivery",9.07,+1.11%,4,Buy,"24% Buy",+9.74,+7.98%,8.56,8.26,8.57,8.61,63.44,-10.63,-16.37,105805,Average,Weak,86.70%,1.26,8.18,9.04,104%
BWMX,"Betterware DE Mexico Sapi DE Cv","Consumer Prdts - Misc Discr",15.77,-0.94%,2,Sell,"72% Sell",+9.73,+18.39%,17.36,17.21,17.48,16.35,35.7,-0.22,-1.67,82393,Strongest,Soft,34.27%,0.65,15.52,17.18,15%
SPCB,"Supercom Ltd","Protection - Safety",10.1,-1.17%,5,Sell,"24% Buy",+9.65,+10.99%,10.55,10.95,9.85,10.85,40.86,-7.62,-1.05,81101,Weakest,Weak,12.43%,1.66,10.18,11.52,-6%
DEA,"Easterly Government Properties","REIT - Equity Trust Other",24.63,+0.20%,2,Sell,"40% Buy",+9.47,+7.74%,24.14,24.81,23.7,24.73,48.26,-10.87,3.58,434568,Weakest,Average,59.60%,0.79,24.02,25.45,43%
GRCE,"Grace Therapeutics Inc","Medical - Biomedical",2.12,-1.85%,3,Sell,"100% Sell",+9.41,-29.10%,2.49,2.27,3.01,2.14,43.12,-47.71,-51.38,354451,Strengthening,Strong,53.62%,0.3,2.07,2.22,35%
ALRM,Alarm.com,"Protection - Safety",57.47,-0.23%,6,Buy,"88% Buy",+9.37,-2.18%,48.82,52.74,48.04,56.51,62.33,-20.79,-0.01,459201,Strongest,Maximum,78.28%,0.75,54.86,58.16,79%
EVRG,"Evergy Inc","Utility - Electric Power",80.65,-0.95%,1,Sell,"8% Sell",+9.33,+13.26%,83.44,84.49,82.52,82.68,36.18,-5.35,-1.39,2016802,Average,Minimum,24.84%,0.71,80.61,84.75,1%
WNEB,"Western New England Bancorp Inc","Banks - Foreign",13.72,+0.15%,4,Sell,"8% Buy",+9.32,+10.02%,13.82,14.02,13.61,13.81,46.57,-8.59,-3.93,55737,Weakest,Minimum,38.00%,1.03,13.39,14.24,39%
LPCN,"Lipocine Inc","Medical - Drugs",2.17,-2.69%,6,Hold,"80% Sell",+9.25,-27.18%,2.26,2.23,4.22,2.11,52.38,-45.79,-85.63,190204,Weakening,Average,58.91%,0.43,2.01,2.21,82%
PLMR,"Palomar Holdings Inc","Insurance - Proprty & Casualty",131.63,+1.61%,1,Sell,"40% Buy",+9.23,+6.05%,124.63,132.05,124.08,130.94,50.78,-12.56,-14.97,260514,Weakening,Average,61.97%,0.47,124.46,137.42,55%
DG,"Dollar General Corp","Retail - Discount",122.89,-2.38%,3,Hold,"16% Sell",+9.22,+10.01%,116.99,121.29,124.61,123.5,50.46,-8.6,-20.09,3269756,Weakest,Minimum,47.37%,1.34,118.24,128.77,44%
CBIO,"Crescent Biopharma Inc","Medical - Biomedical",17.75,-0.06%,6,Buy,"56% Buy",+9.17,+25.44%,18.24,16.65,16.14,16.84,56.09,6.83,37.01,248062,Weakening,Weak,74.32%,0.44,15.42,18.27,82%
LAKE,"Lakeland Inds Inc","Protection - Safety",11.86,-0.75%,7,Hold,"96% Buy",+9.16,-23.34%,10.76,11.39,10.16,11.85,54.43,-41.95,21.51,154002,Strengthening,Soft,63.07%,0.25,11.26,12.45,51%
OTTR,"Otter Tail Corp","Utility - Electric Power",90.84,-0.92%,4,Buy,"72% Buy",+9.02,+7.95%,89.66,91.09,88.77,92.23,46.71,-10.66,-0.24,255764,Average,Average,23.19%,0.65,90.26,94.2,15%
FSUN,"Firstsun Capital Bancorp","Banks - Midwest",40.07,-0.15%,6,Buy,"88% Buy",+8.88,+5.39%,37.36,38.23,37.41,40.19,56.93,-13.22,-6.18,214547,Average,Strong,45.32%,0.63,39.21,41.17,44%
CL,"Colgate-Palmolive Company","Consumer Prdts - Misc Staple",90.75,-0.23%,2,Sell,"40% Buy",+8.76,+8.79%,89.53,91.91,89.97,91.78,46.73,-9.82,2.19,5791539,Weakest,Weak,44.42%,0.65,89.55,94,27%
MHO,"M/I Homes","Building - Residential & Comm",151.4,+0.29%,1,Hold,"80% Buy",+8.76,+3.41%,141.32,151.36,138.76,151.16,50.83,-15.2,5.68,234424,Average,Strong,43.84%,0.63,147.09,155.23,53%
SBRA,"Sabra REIT","REIT - Equity Trust Other",20.61,-0.43%,1,Hold,"96% Buy",+8.52,+6.73%,20.18,20.38,20.06,20.56,50.09,-11.88,-3.83,2738139,Weakening,Average,75.04%,0.53,19.93,21.19,54%
CARG,"Cargurus Inc Cl A","Internet Commerce",36.56,+0.55%,3,Buy,"72% Buy",+8.52,+6.34%,33.8,35.23,33.13,36.87,52.19,-12.27,-17.32,1172208,Strengthening,Average,23.48%,0.49,35.44,38.29,39%
VNO,"Vornado Realty Trust","REIT - Equity Trust Other",38.2,-1.34%,2,Hold,"48% Buy",+8.41,+1.68%,35.51,39.15,33.05,39,45.88,-16.93,2.13,1777712,Weakest,Good,39.90%,0.42,37.43,40.57,24%
ACGL,"Arch Capital Grp Ltd","Insurance - Proprty & Casualty",98.84,+0.08%,1,Hold,"48% Buy",+8.29,+8.38%,96.8,99.53,96.74,99.1,47.48,-10.23,-9.61,2082084,Weakest,Average,53.78%,2.13,97.01,101.2,44%
CERT,"Certara Inc","Medical - Biomedical",8.35,-0.71%,3,Hold,"80% Buy",+8.28,-23.18%,6.49,7.34,6.63,8.16,58.47,-41.79,-17.87,3394700,Strengthening,Average,45.79%,0.53,7.75,8.57,73%
AFG,"American Financial Group","Insurance - Proprty & Casualty",143.62,+0.70%,4,Hold,"80% Buy",+8.26,+5.15%,137.15,142.16,134.51,144.43,50.42,-13.46,-7.57,511085,Strengthening,Strong,31.30%,0.87,141.22,147.65,37%
OCS,"Oculis Holding Ag","Medical - Biomedical",12.21,-1.77%,9,Hold,"80% Sell",+8.14,-25.32%,18.29,12.5,21.32,12.75,40.83,-43.93,-51.51,397923,Average,Strong,20.20%,0.66,11.87,13.64,19%
CNMD,"C O N M E D Corp","Medical - Dental Suppliers",49.98,-0.68%,3,Buy,"72% Buy",+8.03,-6.98%,39.93,43.44,39.88,50.24,58.87,-25.59,10.45,546692,Average,Strong,45.12%,0.35,48.55,51.93,42%
ESS,"Essex Property Trust","REIT - Equity Trust Resident",284.03,+1.16%,1,Sell,"40% Buy",+8.01,+6.02%,278.65,289.31,269.52,286.28,45.87,-12.59,-4.11,492811,Weakest,Average,29.78%,1.38,279.74,292.82,33%
GHC,"Graham Holdings Company",Schools,1161.13,+1.59%,2,Sell,"56% Buy",+7.94,+6.24%,1149.11,1173.49,1128.38,1178.71,46.56,-12.37,-6.96,20543,Weakening,Average,35.97%,1.75,1141.74,1215.68,26%
BGSF,"Bgsf Inc","Business Services",5.37,+0.19%,4,Hold,"32% Sell",+7.90,-11.97%,5.53,5.58,5.7,5.53,43.46,-30.58,3.33,25815,Weakening,Minimum,24.07%,0.24,5.32,5.73,12%
ES,"Eversource Energy","Utility - Electric Power",70.84,-0.11%,1,Sell,"24% Buy",+7.71,+10.17%,70.81,72.79,70.92,71.71,42.83,-8.44,-7.44,2533336,Weakest,Minimum,34.94%,0.65,70.42,73,16%
GVA,"Granite Construction Incorporated","Building - Heavy Construction",122.52,-1.76%,6,Sell,"56% Sell",+7.68,+11.46%,132.45,130.83,130.21,124.46,45.01,-7.15,-6.43,734644,Average,Weak,39.56%,0.29,120.62,128.31,25%
HROW,"Harrow Inc","Medical - Drugs",37.27,-3.30%,6,Sell,"56% Sell",+7.68,-4.41%,38.91,41.29,39.89,39.85,39.48,-23.02,-36.59,697495,Strengthening,Weak,16.66%,0.63,37.67,42.02,-9%
GRBK,"Green Brick Partners","Building - Residential & Comm",73.31,+0.71%,3,Sell,"56% Buy",+7.61,+4.92%,70.64,73.34,70.46,71.78,54.6,-13.69,4.35,235410,Weakening,Average,73.72%,1.33,69.32,74.23,81%
AES,"The Aes Corp","Utility - Electric Power",14.73,-0.14%,2,Buy,"48% Buy",+7.55,+9.27%,14.63,14.73,14.75,14.73,48.75,-9.34,-9.93,9908704,Weakest,Weak,44.44%,0.73,14.68,14.78,53%
SGU,"Star Gas Partners LP","Electronics Products - Misc",12.68,+0.48%,6,Sell,"8% Buy",+7.43,+9.22%,12.73,12.77,12.74,12.64,50.72,-9.39,-5.56,25726,Weakening,Minimum,52.30%,0.88,12.44,12.85,59%
CARS,"Cars.com Inc","Internet Commerce",11.94,+1.44%,2,Buy,"88% Buy",+7.40,-8.44%,10.93,11.62,10.46,12.1,49.67,-27.05,-14.78,966800,Average,Average,24.73%,0.59,11.62,12.58,33%
CBT,"Cabot Corp","Chemical - Diversified",83.65,-0.54%,1,Sell,"24% Buy",+7.40,+2.30%,84.25,87.74,80.55,85.57,42.06,-16.31,13.56,477142,Weakening,Weak,27.70%,0.77,82.03,89.11,23%
TROW,"T Rowe Price Group","Finance - Investment Mgmt",111.24,-1.00%,1,Sell,"40% Buy",+7.32,+2.73%,108.18,114.13,103.27,112.54,43.57,-15.88,-4.,2074553,Weakest,Average,47.27%,0.54,109.61,115.47,28%
ED,"Consolidated Edison Company","Utility - Electric Power",107.49,+0.75%,1,Sell,"8% Sell",+7.18,+9.49%,108.95,109.84,109.6,107.91,45.89,-9.12,-4.42,2246214,Weakest,Minimum,39.01%,0.72,106.3,109.53,37%
CPK,"Chesapeake Utilities Corp","Utility - Gas Distribution",132.71,-0.44%,1,Hold,"64% Buy",+7.04,+7.51%,128.38,131.06,128.97,134.47,46.49,-11.1,-6.28,155140,Weakening,Average,31.66%,0.63,131.79,137.14,17%
BSBR,"Banco Santander Brasil S.A. ADR","Banks - Foreign",5.81,+1.40%,5,Buy,"8% Sell",+6.82,+10.25%,5.59,5.46,5.84,5.74,59.32,-8.36,-17.56,1494636,Weakest,Minimum,72.92%,0.64,5.59,5.88,75%
HIPO,"Hippo Holdings Inc","Insurance - Multi Line",33.18,+1.75%,2,Buy,"88% Buy",+6.82,-0.60%,28.44,30.25,28.14,32.91,59.42,-19.21,-2.34,154064,Strongest,Strong,50.14%,0.75,32.24,33.58,70%
CBRL,"Cracker Barrel","Retail - Restaurants",55.66,+1.07%,5,Hold,"80% Buy",+6.54,-7.33%,43.42,54.13,38.98,57.42,49.14,-25.94,106.48,1355032,Weakening,Strong,37.29%,0.78,54.95,59.9,14%
WTRG,"Essential Utilities Inc","Utility - Water Supply",41.1,+1.36%,2,Buy,"88% Buy",+6.46,+3.63%,38.72,39.4,39.01,40.24,58.4,-14.98,-5.51,2163788,Strongest,Strong,74.36%,1.33,39.04,41.43,86%
SONO,"Sonos Inc","Audio & Video Products",15.3,+1.32%,1,Buy,"40% Buy",+6.42,+9.21%,14.91,14.99,14.81,15.71,48.43,-9.4,-25.52,1706418,Average,Weak,16.27%,0.39,14.85,16.57,26%
ECL,"Ecolab Inc","Chemical - Specialty",286.75,+0.29%,5,Buy,"88% Buy",+6.33,+2.77%,269.64,278.07,274.28,283.04,57.38,-15.84,-3.42,1470865,Strengthening,Average,65.56%,0.52,274.65,291.44,72%
EMN,"Eastman Chemical Company","Chemical - Diversified",73.03,+0.52%,7,Buy,"56% Buy",+6.31,+7.11%,72.06,70.59,72.56,73.41,52.92,-11.5,1.76,1434458,Average,Weak,37.19%,0.66,71.8,75.03,38%
ADUS,"Addus Homecare Corp","Medical - Outpatient & Hm Care",115.55,-2.08%,3,Hold,"64% Buy",+6.25,+0.20%,102.94,111.74,103.21,118.19,47.46,-18.41,-5.05,228581,Weakening,Strong,44.03%,0.79,113.92,122.47,19%
NGG,"National Grid Transco Plc ADR","Other Alt Energy",79.35,-0.10%,6,Sell,"88% Sell",+6.20,+12.00%,83.4,81.51,84.99,80.49,41.97,-6.61,-10.06,1012875,Strongest,Soft,26.05%,0.8,79.12,81.87,8%
STRA,"Strategic Education",Schools,84.64,-1.10%,2,Buy,"88% Buy",+6.20,+3.84%,79.98,80.86,80.28,83.05,56.17,-14.77,-7.11,262596,Average,Good,82.74%,0.68,79.62,86.47,73%
SCI,"Service Corp International","Funeral Services & Related",83.36,-0.13%,2,Buy,"72% Buy",+6.19,+5.61%,79.53,80.64,80.02,84.05,51.83,-13.,-5.74,1178384,Weakening,Average,45.31%,0.55,82,86.1,33%
ECHO,"Echostar Corp","Satellite Communication",86.84,+0.43%,5,Sell,"88% Sell",+6.07,+52.48%,108.88,92.53,110.5,88.53,43.36,33.87,-32.76,6441274,Weakening,Average,19.15%,0.39,83.75,93.31,32%
FTW,"Eqv Ventures Acquisition Corp Cl A","Oil - US Integrated",11.28,-0.70%,2,Sell,"8% Sell",+6.07,+8.78%,11.57,11.75,11.47,11.38,41.7,-9.83,-5.12,90259,Weakening,Minimum,33.67%,1.15,11.17,11.59,25%
TOWN,"Towne Bank","Banks - Southeast",37.43,+0.16%,1,Buy,"88% Buy",+6.04,+1.88%,35.89,36.93,35.47,37.7,50.35,-16.73,-0.48,523786,Average,Strong,39.09%,0.85,37.02,38.38,30%
FOR,"Forestar Group Inc","Real Estate Developers",28.63,+0.03%,6,Sell,"40% Buy",+5.92,+3.62%,28.35,29.5,27.84,29.09,45.72,-14.99,3.59,145679,Weakest,Soft,30.76%,0.63,28.44,29.74,15%
RCKT,"Rocket Pharmaceuticals Inc","Medical - Biomedical",3.86,+6.63%,9,Buy,"40% Buy",+5.87,+15.22%,3.41,3.51,3.61,3.53,61.45,-3.39,-2.68,2534865,Strengthening,Weak,73.00%,1.68,3.26,3.8,110%
ISBA,"Isabella Bank Corp","Banks - Northeast",39.44,+2.34%,3,Sell,"88% Sell",+5.85,+17.21%,41.43,39.88,43.62,40.19,47,-1.4,-33.77,40698,Weakening,Soft,16.48%,1.41,38.41,41.96,29%
DLNG,"Dynagas Lng Partners LP","Transportation - Services",3.85,+1.32%,8,Buy,"24% Buy",+5.58,+7.54%,3.76,3.64,3.84,3.79,55.48,-11.07,-10.53,74156,Average,Minimum,48.61%,0.68,3.66,3.91,75%
PERI,"Perion Network Ltd","Internet - Content",9.7,+0.94%,5,Hold,"72% Buy",+5.38,+4.30%,9.54,9.47,9.36,9.7,52.72,-14.31,-11.4,387854,Strengthening,Weak,56.99%,0.69,9.51,9.89,50%
OLP,"One Liberty Properties","REIT - Equity Trust Other",24.16,+0.12%,1,Sell,"40% Buy",+5.14,+3.78%,23.93,24.53,23.47,24.19,47.1,-14.83,6.42,82926,Weakest,Soft,58.97%,0.44,23.59,24.8,47%
MOD,"Modine Manufacturing Company","Auto - Truck Original Parts",177.63,-4.66%,5,Sell,"72% Sell",+4.90,+24.71%,244.27,223.32,231.89,195.54,34.94,6.1,20.4,1353996,Strongest,Average,7.09%,0.89,178.59,212.49,-3%
NUAI,"New Era Energy & Digital Inc","Other Alt Energy",4.66,-9.16%,10,Sell,"8% Buy",+4.89,+823.87%,4.9,5.11,4.96,5.16,44.66,805.26,46.39,6519915,Weakest,Minimum,25.94%,0.9,4.69,5.63,-4%
VKTX,"Viking Thera","Medical - Biomedical",32.16,-5.02%,7,Sell,"24% Sell",+4.77,+16.61%,33.53,35.5,33.05,33.7,41.2,-2.,-21.23,2578371,Weakest,Minimum,31.72%,1.01,32.1,35.31,2%
SYF,"Synchrony Financial","Finance - Misc Services",78.05,-2.35%,8,Buy,"72% Buy",+4.73,+1.92%,74.95,76.61,73.22,79.31,49.27,-16.69,-19.1,3935101,Average,Average,57.44%,0.8,77.12,81.5,21%
TRS,"Trimas Corp","Metal Production & Fabrication",39.53,-0.13%,6,Sell,"8% Buy",+4.72,+1.96%,40.09,40.77,38.78,39.61,47.83,-16.65,-1.14,515843,Weakening,Weak,52.03%,0.66,38.24,40.98,47%
HIFS,"Hingham Inst For Svg","Banks - Northeast",295.67,-0.84%,7,Buy,"72% Buy",+4.56,+2.54%,291.63,297.09,291.8,302.83,46.61,-16.07,-8.53,51493,Average,Soft,14.44%,1.42,291.96,313.7,17%
TMCI,"Treace Medical Concepts Inc","Medical Instruments",4.65,+1.09%,6,Buy,"100% Buy",+4.46,-37.16%,3.51,4.41,2.92,4.61,53.92,-55.77,77.15,767360,Strengthening,Good,49.42%,0.36,4.31,4.91,56%
UNCY,"Unicycive Therapeutics Inc","Medical - Drugs",5.26,-4.27%,6,Sell,"88% Sell",+4.34,+25.36%,6.53,5.63,6.58,5.34,45.63,6.75,-21.4,839508,Strongest,Strong,50.26%,0.37,4.92,5.76,41%
ZDGE,"Zedge Inc Cl B","Internet - Content",2.87,-1.03%,3,Sell,"96% Sell",+4.23,-7.42%,3.06,3,3.07,2.94,42.33,-26.03,-25.15,361167,Strongest,Weak,30.06%,0.38,2.84,3.05,15%
GATX,"GATX Corp","Transportation - Equip & Lease",177.6,-0.47%,2,Sell,"56% Sell",+4.21,+4.42%,181.04,178.88,180.71,178.63,46.69,-14.19,-7.93,206269,Strengthening,Weak,43.82%,0.65,175.64,181.62,33%
CVR,"Chicago Rivet & Machine Company","Machinery - Elect Utilities",10.24,+1.39%,3,Sell,"88% Sell",+4.20,+1.59%,10.32,10.25,11.47,10.27,50.52,-17.02,-39.03,4175,Average,Average,39.88%,1.54,9.9,10.64,47%
MDLZ,"Mondelez Intl Inc","Food - Misc & Diversified",62.36,-0.11%,1,Buy,"88% Buy",+4.18,+1.76%,60.94,61.42,60.15,62.87,48.79,-16.85,3.2,9681396,Weakening,Average,37.27%,1,61.05,64.7,36%
MXC,"Mexco Energy Corp","Oil - US Exploration & Product",9.82,+0.92%,3,Buy,"24% Buy",+4.18,+20.49%,8.97,8.81,9.67,9.46,59.59,1.88,-13.56,18833,Average,Minimum,73.16%,0.6,8.78,10.13,77%
O,"Realty Income Corp","REIT - Equity Trust Retail",61.98,+0.29%,1,Sell,"8% Sell",+4.16,+6.62%,62.84,63.23,63.06,62.57,42.03,-11.99,-2.7,6043750,Weakening,Minimum,30.29%,0.66,61.65,63.49,18%
RGR,"Sturm Ruger & Company","Leisure & Recreational Prdcts",37.26,-1.32%,2,Hold,"48% Sell",+4.05,+7.87%,39.29,38.25,39.06,37.94,43.27,-10.74,1.47,193024,Strengthening,Weak,38.91%,1.69,36.79,39.1,20%
ELS,"Equity Lifestyle Properties","REIT - Equity Trust Resident",63.74,-0.27%,1,Sell,"8% Buy",+3.91,+6.87%,63.96,64.77,64.52,64.9,42.34,-11.74,-7.49,1619586,Weakening,Minimum,22.60%,1.29,63.66,66.14,3%
CTAS,"Cintas Corp","Textile - Apparel",204.18,+0.01%,1,Buy,"88% Buy",+3.85,-1.99%,183.82,194.22,185.94,203,55.29,-20.6,-4.08,2150352,Average,Strong,74.51%,0.61,198.5,207.49,63%
ACEL,"Accel Entertainment Inc",Gaming,11.87,+1.45%,2,Sell,Hold,+3.46,+2.68%,12.2,12.34,11.87,12.1,42.76,-15.93,-8.62,358580,Bearish,,18.64%,0.88,11.69,12.51,22%
CKX,"Ckx Lands","Real Estate Operations",11.37,+6.76%,3,Buy,"88% Buy",+3.46,-2.92%,10.8,10.92,10.56,10.87,55.91,-21.53,11.61,5918,Strongest,Average,63.06%,0.32,10.31,11.44,94%
SR,"Spire Inc","Utility - Gas Distribution",82.56,+0.02%,4,Buy,"40% Sell",+3.43,+8.18%,83.82,81.06,85.75,82.14,52.1,-10.43,-12.82,451379,Weakening,Weak,63.58%,1.26,79.82,84.45,59%
SYY,"Sysco Corp","Food - Misc & Diversified",81.94,-0.62%,2,Sell,"40% Buy",+3.35,+2.95%,79.03,82.93,80.69,83.42,43.33,-15.66,-1.45,3846258,Weakest,Soft,24.56%,0.63,81.56,85.28,10%
SFBC,"Sound Financial","Banks - West",46.8,-1.10%,5,Buy,"88% Buy",+3.24,-1.10%,44.14,45.62,43.81,46.96,52.35,-19.71,-5.38,8891,Average,Strong,74.10%,0.19,46.03,47.89,41%
AEE,"Ameren Corp","Utility - Electric Power",106.12,-0.59%,1,Sell,"24% Sell",+3.23,+6.40%,110.39,110.73,109.88,108.27,38.7,-12.21,-6.38,1720478,Strengthening,Weak,21.85%,0.66,105.89,110.66,5%
LOAR,"Loar Holdings Inc","Aerospace - Defense Equipment",71.69,-1.92%,4,Buy,"72% Buy",+3.13,-1.58%,67.9,73.49,67.01,73.97,45.23,-20.19,-7.22,858233,Average,Average,31.29%,0.85,69.88,78.06,22%
WPC,"W.P. Carey & Company Llc","REIT - Equity Trust Other",70.51,+0.18%,1,Sell,"40% Sell",+3.02,+6.06%,73.08,72.5,72.37,71.43,39.74,-12.55,-3.09,1351634,Strengthening,Weak,28.80%,0.68,70.01,72.85,18%
FSBW,"FS Bancorp Inc","Banks - West",42.85,+0.35%,1,Hold,"48% Buy",+2.96,+0.09%,42.02,43.16,41.42,42.99,48.85,-18.52,-8.57,14915,Average,Average,40.32%,1.1,42.1,43.88,42%
MAS,"Masco Corp","Building & Construction - Misc",73.25,+0.63%,4,Sell,"40% Buy",+2.93,-0.41%,72.92,76.52,70.88,74.57,45.06,-19.02,2.78,2614735,Weakening,Average,17.59%,0.54,71.68,77.46,27%
ZBH,"Zimmer Biomet Holdings","Medical Products",100.91,+1.44%,4,Buy,"88% Buy",+2.87,-3.95%,90.52,93.89,91.1,98.94,58.97,-22.56,-0.43,2238786,Strongest,Strong,80.48%,0.52,95.6,102.28,79%
PRDO,"Perdoceo Education Corp",Schools,33.57,-0.71%,2,Sell,"16% Sell",+2.56,+2.19%,33.57,32.85,33.66,32.64,55.94,-16.42,1.81,671141,Weakest,Minimum,78.24%,0.9,31.09,34.19,80%
PAYO,"Payoneer Global Inc","Financial Transaction Services",7.11,-0.28%,4,Buy,"88% Buy",+2.45,+3.34%,6.19,7.11,5.85,7.11,56.48,-15.27,13.86,4811187,Weakening,Strong,71.43%,0.2,7.08,7.14,45%
TACO,"Berto Acquisition Corp",Unclassified,10.48,+0.10%,5,Buy,"88% Buy",+2.09,+1.75%,10.42,10.47,10.35,10.46,54.26,-16.86,-9.3,81433,Average,Strong,62.50%,0.32,10.43,10.49,79%
TLIH,"Ten-League International Holdings Limited","Business Services",5.77,-0.52%,4,Buy,"100% Buy",+2.08,+0.26%,4.39,5.42,4.02,5.75,58.59,-18.35,43.25,205689,Strengthening,Average,89.30%,0.96,5.68,5.82,66%
ARR,"Armour Residential R","REIT - Mortgage Trusts",16.32,-0.55%,5,Sell,"100% Sell",+1.92,+7.79%,16.96,16.68,17.1,16.48,44.08,-10.82,-20.39,3428120,Strongest,Average,20.24%,0.94,16.18,16.78,23%
AVNW,"Aviat Networks Inc","Wireless Equipment",20,-6.72%,9,Hold,"48% Sell",+1.87,-13.98%,20.14,20.93,21.51,21.14,41.57,-32.59,-19.1,154810,Weakening,Weak,23.92%,2.43,20.08,22.2,-4%
GLP,"Global Partners LP","Oil Refining & Marketing MLP",50.5,+0.20%,4,Buy,"100% Buy",+1.78,-4.72%,48.12,48.57,47.76,50.11,56.84,-23.33,8.02,68904,Strongest,Average,55.45%,0.43,48.79,51.43,65%
CLMB,"Climb Global Solutions Inc","Technology Services",28.3,-2.58%,3,Buy,"88% Buy",+1.72,-8.91%,23.7,26.04,23.95,27.87,56.86,-27.52,-2.52,228676,Strongest,Average,67.03%,0.59,26.7,29.04,68%
GDOT,"Green Dot Corp","Financial Transaction Services",13.34,-0.22%,5,Buy,"88% Buy",+1.68,-1.48%,12.92,13.33,12.48,13.39,49.19,-20.09,-8.51,607821,Weakening,Average,77.56%,0.39,13.19,13.59,37%
CREX,"Creative Realities Inc","Internet - Software",2.85,-3.23%,4,Sell,"72% Sell",+1.57,+13.55%,3.57,3.37,3.52,2.98,40.35,-5.06,-3.45,48358,Strengthening,Strong,21.01%,0.25,2.69,3.27,28%
XEL,"XCEL Energy Inc","Utility - Electric Power",76.45,-0.92%,2,Sell,"72% Sell",+1.57,+5.68%,79.41,79.16,79.49,77.88,39.77,-12.93,-9.14,5153966,Strongest,Average,21.97%,0.88,75.97,79.79,13%
AVO,"Mission Produce Inc","Agriculture Operations",12.77,+2.00%,5,Hold,"16% Sell",+1.46,+0.95%,12.7,12.78,13.03,12.93,47.81,-17.66,-2.56,940499,Weakest,Minimum,25.65%,0.4,12.37,13.48,36%
CTMX,"Cytomx Thera","Medical - Biomedical",3.21,-6.14%,5,Sell,"100% Sell",+1.40,+56.59%,3.64,3.44,4.15,3.37,42.91,37.98,-37.3,4479379,Strengthening,Average,33.33%,0.56,3.18,3.55,8%
SBSI,"Southside Bancshares","Banks - Southwest",31.88,0.00%,3,Sell,"24% Sell",+1.38,+1.66%,33.26,33.51,32.73,32.4,37.83,-16.95,-7.75,121231,Weakening,Weak,26.27%,0.62,31.61,33.18,17%
HESM,"Hess Midstream Partners LP","E&P MLP",39.56,-0.68%,3,Hold,"80% Buy",+1.33,-4.84%,38.97,39.39,38.64,39.89,48.44,-23.45,2.02,1548660,Weakening,Average,52.11%,0.77,38.86,40.91,34%
BANX,"Arrowmark Financial Corp","Finance - Investment Mgmt",20.65,0.00%,9,Buy,"72% Buy",+1.26,-0.34%,19.88,20.14,19.84,20.58,57.99,-18.95,-18.01,41535,Strengthening,Soft,51.89%,1.15,20.31,20.85,62%
EQ,"Equillium Inc","Medical - Biomedical",2.39,-2.45%,4,Sell,"24% Buy",+1.23,+31.32%,2.44,2.55,2.23,2.26,51.32,12.71,41.54,642177,Weakest,Weak,74.58%,0.34,2.03,2.49,78%
OGS,"One Gas Inc","Utility - Gas Distribution",79.47,-0.18%,4,Hold,"64% Sell",+0.98,+4.26%,81.39,79.16,82.56,79.96,48.12,-14.35,-9.78,529005,Average,Soft,47.15%,0.93,77.85,82.07,38%
ATHE,"Alterity Therapeutics Ltd ADR","Medical - Biomedical",4.51,-1.10%,4,Sell,"24% Buy",+0.89,-10.20%,4.57,4.84,4.19,4.59,46.76,-28.81,33.78,25058,Weakest,Soft,42.01%,0.66,4.3,4.88,36%
INVA,"Innoviva Inc","Large Cap Pharma",20.97,+0.05%,2,Sell,"72% Sell",+0.86,+4.69%,22.24,21.66,22.24,20.95,46.07,-13.92,-7.75,786487,Strengthening,Soft,50.11%,0.68,20.46,21.45,52%
AON,"AON Plc","Insurance - Brokers",355.4,+1.67%,1,Hold,"80% Buy",+0.69,-3.04%,337.48,352.44,334.26,354.54,51,-21.65,-11.94,1346978,Strengthening,Good,56.22%,0.5,345.68,363.39,55%
TXNM,"Txnm Energy Inc","Other Alt Energy",57.64,+0.23%,2,Hold,"48% Sell",+0.55,+2.02%,58.13,57.4,58.38,57.44,53.61,-16.59,-14.76,1210592,Weakest,Average,72.55%,0.74,57.15,57.73,84%
AWK,"American Water Works","Utility - Water Supply",138.3,+1.18%,2,Buy,"88% Buy",+0.48,-3.24%,130.8,133.9,131.57,136.03,56.24,-21.85,-6.67,2009407,Strongest,Good,66.74%,0.83,132.27,139.79,80%
OGE,"Oge Energy Corp","Utility - Electric Power",45.74,-0.63%,1,Sell,"24% Sell",+0.42,+2.49%,47.78,47.88,47.46,46.67,38.08,-16.12,-5.53,1514294,Average,Weak,25.50%,0.94,45.52,47.82,9%
KVUE,"Kenvue Inc","Consumer Prdts - Misc Staple",19.17,-0.16%,1,Hold,"96% Buy",+0.39,-6.67%,18.31,19.13,18.19,19.16,50.84,-25.28,-1.52,29145510,Weakening,Average,60.07%,0.57,18.72,19.59,51%
CRC,"California Resources Corp","Oil - US Exploration & Product",52.23,-1.34%,5,Sell,"72% Sell",+0.38,+5.13%,57.51,52.66,58.45,52.84,46.44,-13.48,4.17,894894,Average,Soft,37.35%,0.48,51.39,54.3,29%
BCML,"Bay Commercial Bk CA","Banks - West",30.29,+1.03%,8,Sell,"24% Sell",+0.34,-0.10%,31.11,31.83,30.61,30.55,42.97,-18.71,-9.62,44293,Weakest,Minimum,24.72%,0.72,29.71,31.4,34%
ALV,"Autoliv Inc","Auto - Truck Original Parts",122.07,+0.02%,2,Buy,"88% Buy",+0.28,-1.73%,120.35,120.65,118.46,122.47,49.8,-20.34,-9.81,710805,Weakening,Weak,51.63%,0.58,119.79,125.15,43%
MRSH,"Marsh & Mclennan Companies","Business Services",192.64,+1.39%,1,Buy,"88% Buy",+0.24,-6.68%,174.75,182.44,175.89,190.7,57.63,-25.29,-8.81,2792264,Average,Good,67.91%,0.59,185.64,195.77,69%
ACVA,"Acv Auctions Inc Cl A","Auction Valuation Services",7.16,-0.83%,1,Buy,"56% Buy",+0.19,-38.75%,6.49,7.39,6.25,7.56,43.59,-57.36,-23.37,3442680,Weakest,Weak,33.43%,0.72,6.99,8.13,15%
ATR,Aptargroup,"Containers - Paper Products",132.99,+0.10%,2,Buy,"72% Buy",+0.19,-4.25%,125.57,130.49,127.68,134.09,50.88,-22.86,-3.61,507458,Weakening,Average,55.00%,0.71,130.93,137.26,33%
ELLO,"Ellomay Capital Ltd","Utility - Electric Power",20.25,+0.20%,6,Buy,"40% Sell",+0.01,+12.56%,21.9,19.64,23.47,20.08,51.61,-6.05,-29.32,6866,Weakest,Soft,54.27%,0.17,19.18,20.98,60%
GLAS,"Glass House Brands Inc","Medical Products",9.88,+1.02%,6,Sell,"24% Buy",-0.03,+18.62%,10.49,10.7,9.73,9.85,47.69,0.01,-1.01,281358,Weakest,Weak,56.15%,1.79,9.25,10.45,53%
PHM,Pultegroup,"Building - Residential & Comm",128.55,+1.42%,1,Buy,"56% Buy",-0.12,-2.22%,124.65,129.36,125.62,129.82,49.18,-20.83,-3.02,1788715,Weakening,Soft,33.56%,0.62,126.2,133.45,32%
MSCI,"MSCI Inc","Finance - Investment Mgmt",570.76,+0.28%,1,Sell,"40% Sell",-0.19,+0.39%,584.11,579.01,574.6,566.54,49.75,-18.22,-13.17,648188,Weakest,Minimum,60.76%,0.37,555.6,577.48,69%
AVPT,"Avepoint Inc Cl A","Internet - Software",14,-2.10%,6,Buy,"88% Buy",-0.25,-13.04%,11.41,12.56,11.14,13.32,61.99,-31.65,-11.86,2052969,Strongest,Strong,75.96%,0.6,12.6,14.04,97%
FCPT,"Four Corners Property Trust IN","REIT - Equity Trust Other",25.23,+0.20%,1,Sell,"40% Buy",-0.62,-1.60%,25.14,25.31,25.05,25.13,49.3,-20.21,-3.24,806603,Weakest,Minimum,71.93%,0.89,24.63,25.63,60%
WLKP,"Westlake Chemical Partners LP","Chemical - Specialty",21.63,-0.46%,1,Sell,"24% Sell",-0.63,-2.66%,22.4,21.94,22.22,21.59,46.48,-21.27,1.19,42421,Weakening,Minimum,50.40%,0.91,21.22,21.96,55%
COST,"Costco Wholesale","Retail - Discount",945.47,+1.16%,1,Hold,"64% Sell",-0.74,+0.05%,974.22,945.78,979.37,951.56,48.05,-18.56,-3.01,2273750,Strengthening,Soft,37.12%,0.63,933.32,969.81,33%
NAAS,"Nass Technology Inc ADR","Electrical Power",3.15,-2.50%,4,Sell,"48% Buy",-0.85,+2.94%,2.95,3.25,2.78,3.32,42.28,-15.67,-19.45,16104,Weakest,Weak,15.29%,0.62,3.16,3.49,-4%
NVTS,"Navitas Semiconductor Corp","Electronics - Semiconductors",11.49,-8.15%,12,Sell,"56% Sell",-0.88,+90.23%,16.84,13.89,14.21,12.98,39.42,71.62,48.27,23554719,Average,Weak,12.58%,1.09,11.32,14.63,5%
GNLX,"Genelux Corp","Medical - Biomedical",2.66,-7.64%,3,Sell,"72% Sell",-0.89,-24.65%,2.84,2.84,2.77,2.71,45.05,-43.26,-51.64,221072,Strengthening,Weak,60.73%,1.6,2.52,2.91,36%
SBGI,"Sinclair Inc","Media Conglomerates",14.35,+2.35%,2,Buy,"24% Sell",-1.10,-1.91%,14.37,14.15,14.33,14.25,51.57,-20.52,-18.86,465602,Weakest,Weak,58.84%,0.59,13.6,14.9,57%
XFOR,"X4 Pharmaceuticals Inc","Medical - Biomedical",4.04,-4.49%,4,Buy,"48% Buy",-1.10,-1.94%,4.09,4.09,3.98,4.2,46.47,-20.55,-11.65,597193,Weakest,Weak,28.13%,0.41,3.93,4.47,20%
RIOT,"Riot Platforms Inc","Finance - Misc Services",18.99,-9.05%,4,Sell,"24% Sell",-1.11,+37.61%,22.16,21.91,19.73,20.27,43.44,19,37.23,18541121,Average,Minimum,39.63%,0.89,18.5,22.03,14%
MC,Moelis,"Finance - Investment Brokers",68.4,-0.34%,5,Sell,"88% Buy",-1.15,-6.22%,66.7,67.14,64.92,67.69,52.3,-24.83,-13.14,1020271,Strengthening,Weak,66.20%,0.52,64.88,70.5,63%
RARE,"Ultragenyx Pharmaceu","Medical - Biomedical",25.61,-2.48%,3,Sell,"24% Sell",-1.22,-15.48%,26.33,28.43,24.97,26.02,43.22,-34.09,-1.3,2237166,Weakening,Minimum,32.11%,0.65,24.89,27.15,32%
SRL,"Scully Royalty Ltd","Conglomerates - Div Operations",5.84,0.00%,4,Buy,"24% Sell",-1.25,+12.52%,6.97,5.8,7.2,5.84,51.73,-6.09,-44.35,21462,Weakest,Soft,35.38%,0.14,5.67,6,52%
RAVE,"Rave Restaurant Group","Retail - Restaurants",3.13,+0.64%,3,Sell,"56% Buy",-1.31,-5.15%,2.99,3.2,2.96,3.12,50.76,-23.76,-17.8,51013,Average,Average,68.63%,0.62,2.98,3.25,55%
LGIH,"LGI Homes Inc","Building - Residential & Comm",57.5,+0.89%,2,Hold,"48% Buy",-1.50,-8.06%,52.72,58.9,50.97,58.39,48.45,-26.67,21.2,402249,Weakening,Good,32.14%,0.56,55.34,61.44,35%
IBM,"Intl Business Machines","Computer - Integrated Systems",235.59,-1.34%,5,Sell,"88% Sell",-1.62,-4.13%,247.08,243.77,251.33,234.39,50.07,-22.74,-33.12,7186707,Average,Average,51.04%,0.4,228.01,240.77,59%
CWST,"Casella Waste Sys","Waste Removal Svcs",93.68,+0.73%,4,Buy,"56% Buy",-1.76,-5.20%,88.59,92.61,90.05,91.7,55.07,-23.81,-17.,796205,Strengthening,Weak,76.90%,0.56,88.52,94.87,81%
BCO,"Brink's Company","Financial Transaction Services",110.97,+1.35%,1,Sell,"24% Sell",-1.77,-0.98%,107.86,110.09,111.13,112.58,47.37,-19.59,-17.58,430483,Weakest,Minimum,32.79%,0.44,107.97,117.18,33%
IBP,"Installed Building Products","Building & Construction - Misc",245.56,+1.95%,3,Buy,"8% Sell",-1.80,-6.77%,238.16,232.12,258.38,242.8,54.9,-25.38,-17.98,373288,Weakest,Weak,55.35%,0.88,233.04,252.55,64%
BOSC,"Bos Better Online","Computer - Networks",4.63,-1.07%,5,Buy,"24% Buy",-1.84,-3.74%,4.47,4.44,4.59,4.56,57.15,-22.35,-11.11,59674,Average,Minimum,36.54%,0.66,4.42,4.7,77%
HCA,"Hca Holdings Inc","Medical Services",417.82,-0.36%,4,Buy,"8% Sell",-2.03,+2.59%,412.17,400.27,444.93,413.86,55.04,-16.02,-23.15,1327204,Weakest,Weak,58.74%,0.67,396.74,430.99,62%
VLTO,"Veralto Corporation","Waste Removal Svcs",98.56,+0.19%,1,Buy,"88% Buy",-2.11,-7.46%,90.35,93.93,91.11,97.83,57.33,-26.07,-13.87,1975477,Strengthening,Good,53.05%,0.62,95.32,100.34,64%
TPB,"Turning Point Brands",Tobacco,83.93,-0.37%,6,Buy,"24% Sell",-2.24,-15.99%,83.57,83.32,91.77,85.58,48.93,-34.6,-35.22,399030,Weakest,Weak,25.54%,0.63,81.2,89.96,31%
USLM,"U S Lime & Mineral","Building - CMT & CNT & AG",119.96,+0.25%,7,Buy,"40% Buy",-2.43,-5.01%,113.73,111.34,115.43,118.41,59.82,-23.62,-12.47,144090,Average,Weak,45.91%,0.68,114.25,122.57,69%
TRT,"Trio-Tech International","Electronics - Measuring Inst",10.1,-3.63%,7,Hold,"16% Buy",-2.47,+274.28%,11.25,10.91,9.37,10.93,43.36,255.67,39.92,565869,Weakening,Weak,15.38%,0.44,9.87,11.99,11%
BFS,"Saul Centers","REIT - Equity Trust Retail",33.27,-0.54%,1,Sell,"24% Sell",-2.51,-1.68%,35.07,35.38,34.54,34.07,35.86,-20.29,-7.13,76302,Average,Weak,18.40%,0.71,33.24,34.9,2%
KPRX,"Kiora Pharmaceuticals Inc.","Medical - Drugs",2.62,-1.50%,9,Buy,"100% Buy",-2.70,-5.76%,2.56,2.57,2.4,2.6,51.64,-24.37,20.34,179867,Strengthening,Average,53.09%,0.12,2.49,2.71,58%
PAHC,"Phibro Anl Htlh A","Medical Products",37.67,+3.63%,3,Buy,"40% Sell",-2.74,-2.05%,38.5,34.13,42.5,35.38,66.12,-20.66,-11.82,296281,Weakest,Average,69.05%,1.46,33.2,37.56,103%
STE,"Steris Corp","Medical Instruments",233.78,+0.35%,4,Buy,"40% Buy",-2.99,-4.49%,218.98,222.92,225.28,235.05,54.2,-23.1,-20.44,754770,Weakening,Weak,44.56%,0.45,229.95,240.16,38%
DDL,"Dingdong [Cayman] Ltd ADR","Internet Commerce",2.27,+1.79%,4,Hold,"64% Sell",-3.02,+7.08%,2.4,2.24,2.52,2.32,46.89,-11.53,-21.49,1130808,Average,Weak,22.78%,0.49,2.19,2.46,31%
TV,"Grupo Televisa S.A. ADR","Media Conglomerates",2.76,+0.36%,3,Buy,"72% Sell",-3.05,-0.36%,2.83,2.77,2.9,2.8,47.89,-18.97,-17.8,1255766,Average,Weak,50.95%,0.72,2.68,2.91,33%
ATO,"Atmos Energy Corp","Utility - Gas Distribution",166.65,-0.34%,1,Sell,"88% Sell",-3.23,+0.74%,176.35,173.24,177.66,169.72,37.27,-17.87,-13.23,1233324,Strongest,Good,24.62%,0.47,165.98,173.45,9%
DGXX,"Digi Power X Inc","Technology Services",3.73,-7.44%,7,Sell,"56% Sell",-3.32,+63.60%,4.99,4.35,4.15,3.89,43.49,44.99,33.62,5662408,Strengthening,Weak,51.77%,0.72,3.56,4.22,26%
WM,"Waste Management","Waste Removal Svcs",219.66,+0.87%,1,Sell,"40% Sell",-3.39,-2.19%,225.02,228.23,227.6,224.51,38.45,-20.8,-12.67,2125144,Average,Weak,10.07%,0.95,219.24,229.78,4%
CBRE,"CBRE Group","Real Estate Operations",150.82,+2.45%,3,Buy,"72% Buy",-3.47,-6.90%,140.98,143.47,142.73,149.81,54.63,-25.51,-18.85,1969814,Strengthening,Soft,45.83%,0.87,144.6,155.02,60%
CHNR,"China Natural Res","Mining - Misc",4.05,-1.22%,5,Buy,"64% Buy",-3.48,+8.00%,4.02,3.93,3.95,4.05,50.99,-10.61,0.01,263945,Average,Weak,37.46%,0.11,3.75,4.35,50%
DMAC,"Diamedica Therapeutics Inc","Medical - Biomedical",6.39,-5.33%,5,Sell,"72% Sell",-3.57,+8.86%,6.47,6.86,6.88,6.66,41.38,-9.75,-32.37,253186,Strengthening,Weak,34.66%,0.59,6.41,6.91,-4%
FBIO,"Fortress Biotech Inc","Medical - Biomedical",2.77,-1.07%,1,Sell,"40% Sell",-3.58,+14.46%,2.79,3.06,2.92,2.8,43.6,-4.15,-36.97,659764,Average,Weak,46.05%,0.48,2.63,2.98,40%
SPIR,"Spire Global Inc","Aerospace - Defense",13.17,-5.93%,11,Sell,"56% Sell",-3.58,+44.57%,16.65,14.24,14.78,13.77,44.91,25.96,62.95,1100696,Strengthening,Weak,28.40%,0.56,12.65,14.88,23%
DUK,"Duke Energy Corp","Utility - Electric Power",120.25,-0.49%,1,Sell,"72% Sell",-3.78,-1.73%,125.46,125.21,126.21,122.86,38.54,-20.34,-10.06,3881302,Strongest,Average,21.27%,0.65,119.96,125.76,5%
LINE,"Lineage Inc","REIT - Equity Trust Other",39.32,-0.58%,1,Sell,"8% Buy",-3.79,-5.37%,40.87,42.35,39.58,41.29,37.85,-23.98,-0.31,1253437,Weakening,Minimum,14.01%,0.59,39.61,42.98,-9%
EPRT,"Essential Properties Realty Trust Inc","REIT - Equity Trust Retail",30.37,+0.03%,1,Sell,"100% Sell",-3.88,-2.32%,31.16,31.11,31.47,30.75,40.4,-20.93,-10.26,1927680,Strongest,Average,31.85%,0.4,30.12,31.39,20%
RILY,"Brc Group Holdings Inc","Finance - Misc Services",7.05,-0.84%,8,Sell,"56% Sell",-3.95,+23.25%,8.02,7.36,7.79,7.26,45.41,4.64,38.31,1130083,Strengthening,Weak,21.18%,0.65,6.87,7.65,23%
BKTI,"Bk Technologies Inc","Wireless Equipment",72.68,-3.26%,4,Sell,"88% Sell",-4.05,+4.11%,83.89,79.78,82.87,77.04,36.99,-14.5,-15.21,46415,Strongest,Average,31.45%,0.88,73.28,80.79,-8%
RGCO,"Rgc Resources Inc","Oil - Refining and Marketing",21.66,-0.82%,1,Sell,"40% Sell",-4.08,-2.32%,22.95,22.96,22.55,21.77,43.52,-20.93,-10.96,12442,Average,Weak,56.30%,0.75,21.23,22.3,40%
QTWO,"Q2 Holdings Inc","Internet - Software",65.13,-0.84%,7,Buy,"72% Buy",-4.15,-17.38%,52.32,56.84,52.23,63.97,63.52,-35.99,-22.39,858913,Average,Average,67.02%,0.51,62.01,65.94,79%
LONA,"Leonabio Inc","Medical - Biomedical",7.94,+0.63%,8,Sell,"8% Sell",-4.32,+100.76%,8.67,8.08,8.06,7.78,51.66,82.15,-7.76,362202,Weakest,Minimum,34.05%,0.13,7.45,8.11,74%
DMRA,"Damora Therapeutics Inc","Medical - Biomedical",29,-5.23%,7,Hold,"64% Buy",-4.55,+800.62%,26.66,29.04,26.51,30.46,44.62,782.01,13.38,444049,Weakening,Weak,24.49%,0.61,28.75,32.17,7%
NATH,"Nathan's Famous IN","Retail - Restaurants",98.47,+0.75%,1,Sell,"56% Sell",-5.06,-7.28%,100.13,99.07,100.34,97.76,53.02,-25.89,-7.41,36337,Weakest,Weak,60.32%,0.59,96.59,98.94,80%
KEEL,"Keel Infrastructure Corp","Technology Services",3.22,-8.26%,3,Sell,"24% Sell",-5.15,+143.94%,4.25,4.32,3.56,3.54,41.86,125.33,24.37,42354043,Average,Minimum,40.82%,1.07,2.93,4.14,24%
CI,"The Cigna Group","Medical - HMO",278.88,+0.44%,1,Sell,"40% Sell",-5.26,-6.73%,283.53,283.35,281.02,277.75,48.32,-25.34,-11.32,1701979,Average,Weak,54.50%,0.92,271.57,283.93,59%
NPB,"Northpointe Bancshares Inc","Finance - Savings & Loan",17.04,-0.41%,3,Sell,"40% Sell",-5.28,-3.73%,17.8,17.84,17.71,17.2,43.2,-22.34,-11.1,235535,Weakening,Soft,29.92%,0.4,16.85,17.54,27%
BNTC,"Benitec Biopharma Ltd ADR","Medical - Biomedical",12.47,-1.58%,9,Buy,"72% Buy",-5.30,-4.30%,12.25,12.71,11.95,12.92,46.89,-22.91,-20.07,157186,Average,Soft,39.46%,0.67,12.04,13.8,24%
QCOM,"Qualcomm Inc","Electronics - Semiconductors",164.19,-0.36%,3,Sell,"40% Sell",-5.33,+2.11%,181.48,173.51,166.93,161.8,48.5,-16.5,-16.66,14417843,Weakest,Minimum,67.03%,0.53,155.09,168.52,68%
XLO,"Xilio Therapeutics Inc","Medical - Biomedical",9,-0.11%,5,Hold,"48% Buy",-5.33,-6.90%,8.66,9.08,8.41,9.17,45.73,-25.51,-12.23,38155,Weakening,Weak,27.60%,0.11,8.88,9.47,20%
CRAI,"Cra International",Consulting,174.99,+1.44%,1,Buy,"72% Buy",-5.36,-10.72%,157.88,165.28,161.56,172.55,55.48,-29.33,-25.46,149508,Strengthening,Soft,61.50%,0.61,163.96,181.14,64%
VEL,"Velocity Financial Inc","Finance - Mortgage & Rel Svs",18.01,-0.39%,3,Buy,"40% Sell",-5.58,-5.56%,18.04,17.84,18.29,18.09,50.57,-24.17,-25.9,101471,Weakest,Weak,19.55%,1.02,17.61,18.56,42%
OPCH,"Option Care Health Inc","Medical - Outpatient & Hm Care",23.9,-0.33%,1,Buy,"8% Sell",-5.63,-16.87%,22.88,22.58,25.77,23.77,58.08,-35.48,-37.63,2397864,Weakest,Weak,58.64%,0.5,23.23,24.32,61%
JLHL,"Julong Holding Limited Cl A","Building & Construction - Misc",6.28,-4.41%,3,Sell,"72% Sell",-5.80,+51.33%,14.02,9.41,11.14,7.27,42.15,32.72,43.18,922226,Strengthening,Weak,6.22%,0.02,5.26,9.27,25%
MTH,"Meritage Corp","Building - Residential & Comm",71.06,+0.75%,2,Sell,"40% Buy",-5.82,-8.69%,70.79,74.78,70.3,72.68,45.68,-27.3,-4.66,916271,Weakest,Weak,20.79%,0.56,70.09,75.27,19%
BF.A,"Brown Forman Inc Cl A","Beverages - Alcohol",27.75,+0.04%,1,Buy,"72% Buy",-5.96,-5.35%,27.62,27.76,27.51,28.59,45.19,-23.96,-7.18,193471,Weakening,Weak,16.56%,0.63,27.65,29.54,6%
EGAN,"Egain Corp","Internet - Software",7.4,-1.07%,9,Buy,"8% Sell",-5.96,+16.72%,7.14,6.88,7.83,7.3,57.57,-1.89,-40.74,247488,Weakening,Minimum,58.20%,0.7,7.05,7.55,70%
VRTS,"Virtus Investment Partners","Finance - Investment Mgmt",168.52,+0.77%,1,Buy,"88% Buy",-6.09,-15.97%,151.2,160.39,147.35,167,56.73,-34.58,-9.36,105866,Strongest,Good,52.07%,0.61,163.2,170.8,70%
AQN,"Algonquin Power & Util","Utility - Electric Power",5.66,-0.35%,1,Sell,"100% Sell",-6.11,-2.41%,5.94,5.81,6.13,5.76,41.4,-21.02,-20.62,4459484,Strongest,Strong,26.87%,0.93,5.64,5.88,10%
PRKS,"United Parks & Resorts Inc","Leisure & Recreation Services",42.49,0.00%,2,Sell,"40% Buy",-6.14,-17.59%,41.76,45.59,39.24,44.55,37.26,-36.2,4.4,985677,Weakest,Soft,5.79%,0.54,42.56,46.54,-2%
ENR,"Energizer Holdings Inc","Consumer Prdts - Misc Staple",22.27,+0.72%,3,Hold,"96% Buy",-6.15,-18.45%,20.13,21.46,20.03,22.02,56.13,-37.06,-0.68,1242962,Strongest,Average,66.67%,0.9,20.97,23.07,62%
SMA,"Smartstop Self Storage REIT Inc","REIT - Equity Trust Other",33.04,-1.05%,1,Sell,"56% Buy",-6.30,-10.24%,32.66,33.68,32.43,33.98,39.42,-28.85,-5.86,783432,Weakening,Weak,20.14%,0.96,33.27,34.69,-16%
RHLD,"Resolute Holdings Management","Finance - Misc Services",135.55,+1.36%,5,Hold,"16% Sell",-6.76,+100.84%,130.59,133.22,144.74,131.72,52.95,82.23,-46.99,165141,Weakest,Minimum,60.21%,0.79,120.73,142.72,67%
AERT,"Aeries Technology Inc","Technology Services",7.06,+2.77%,6,Buy,"100% Buy",-6.76,+18.17%,6.12,6.87,5.14,6.87,57.64,-0.44,58.54,42786,Strongest,Strong,70.23%,1.66,6.48,7.26,74%
BF.B,"Brown Forman Cl B","Beverages - Alcohol",27.22,-0.22%,1,Buy,"32% Buy",-6.87,-6.04%,27.09,27.27,27.02,28.08,44.93,-24.65,-8.2,4387115,Weakest,Weak,17.47%,0.57,27.18,28.97,2%
WOR,"Worthington Enterprises Inc","Building Products - Wood",57.32,-0.81%,4,Buy,"88% Buy",-6.91,-13.87%,56.06,56.41,55.22,57.56,51.56,-32.48,-1.5,211848,Average,Average,56.53%,0.62,56.08,59.04,42%
VOR,"Vor Biopharma Inc","Medical - Biomedical",22.65,-3.74%,8,Buy,"88% Buy",-6.98,-43.66%,17.57,20.28,16.47,23.09,53.28,-62.27,60.52,1318848,Average,Average,54.96%,0.4,21.83,24.35,33%
TAC,"Transalta Corp","Utility - Electric Power",12.19,-2.48%,3,Sell,"72% Sell",-6.99,-3.33%,13.14,13.18,13.11,12.46,41.78,-21.94,-16.21,1560968,Strengthening,Average,56.77%,0.54,12.07,12.85,15%
AB,"Alliancebernstein Holding LP","Finance - Investment Mgmt",36.88,+0.79%,3,Sell,"72% Sell",-7.12,-7.17%,37.43,36.73,38.03,36.66,52.85,-25.78,-16.81,321541,Weakest,Good,62.18%,1.04,35.95,37.38,65%
POCI,"Precision Optics Corp Inc","Medical Instruments",4.4,-0.68%,4,Sell,"72% Sell",-7.20,-10.20%,4.73,4.59,4.68,4.32,49.35,-28.81,-7.51,35577,Average,Weak,33.47%,1.07,4.09,4.54,68%
CHSCP,"CHS Inc","Agriculture Operations",26.63,-0.13%,4,Sell,"100% Sell",-7.23,-7.39%,27.22,26.73,27.51,26.66,44.48,-26.,-16.53,16274,Strongest,Strong,41.13%,1.32,26.57,26.75,31%
WCN,"Waste Connections Inc","Waste Removal Svcs",165.93,+0.15%,1,Hold,"32% Buy",-7.47,-9.45%,162.22,167.36,163.49,166.66,47.13,-28.06,-18.03,1468477,Weakest,Weak,27.10%,0.63,163.93,169.38,37%
GBTG,"Global Business Travel Group Inc","Internet - Software",9.48,+0.21%,13,Buy,"100% Buy",-7.55,+14.91%,8.76,9.42,7.74,9.45,65.41,-3.7,11.27,2377330,Strengthening,Strong,38.89%,0.39,9.42,9.48,97%
SLGN,"Silgan Holdings","Containers - Metal & Glass",42.1,+0.60%,1,Sell,"24% Buy",-7.56,-10.04%,41.51,43.7,42.33,41.84,47.95,-28.65,-8.36,991224,Weakest,Minimum,62.36%,0.46,40.55,43.13,60%
EPAC,"Actuant Corp","Machinery - Tools & Related",37.61,+0.29%,6,Buy,"40% Buy",-7.62,-12.29%,35.45,36.05,36.65,37.13,58.83,-30.9,-14.3,441418,Average,Weak,77.37%,0.76,36.35,37.91,81%
SBAC,"SBA Communications","REIT - Equity Trust Other",190.95,+2.13%,5,Hold,"32% Sell",-7.79,-7.32%,196.63,182.87,193.86,183.78,59.93,-25.93,-13.93,996510,Weakest,Soft,84.02%,0.67,177.63,189.93,108%
LCII,"Lci Industries","Auto - Truck Original Parts",102.96,+0.65%,2,Hold,"80% Sell",-7.87,-3.32%,107.28,103.32,116.94,105.25,46.68,-21.93,-27.8,365099,Weakening,Average,16.89%,0.3,101.32,109.17,21%
ATAT,"Atour Lifestyle Holdings ADR","Leisure & Recreation Services",35.5,+2.33%,2,Buy,"8% Sell",-7.92,-8.97%,34.87,33.44,35.65,34.92,54.93,-27.58,-22.55,1130200,Weakening,Weak,52.29%,1.12,33.3,36.53,68%
IRS,"Irsa Inversiones Y Representaciones S.A. ADR","Real Estate Developers",14.64,-1.88%,2,Sell,"88% Sell",-7.98,-2.01%,15.13,15.22,15.33,14.81,44,-20.62,-24.14,166802,Strongest,Soft,62.87%,0.88,14.39,15.24,30%
ULH,"Universal Logis Holdings","Transportation - Services",19.52,+3.06%,8,Buy,"56% Buy",-8.00,-26.09%,17.27,16.5,17.34,19.19,58.76,-44.7,15.86,59651,Strengthening,Soft,44.77%,0.9,18.24,20.15,67%
PG,"Procter & Gamble","Consumer Prdts - Misc Staple",143.78,+0.45%,4,Sell,"88% Sell",-8.03,-7.63%,146.12,147.06,148.48,144.98,44.96,-26.24,-12.32,9943702,Strengthening,Soft,39.38%,0.63,142.2,147.76,28%
CRNT,"Ceragon Networks Ltd","Wireless Non-US",2.09,-2.34%,6,Sell,"88% Sell",-8.03,+3.98%,2.46,2.26,2.4,2.15,42.39,-14.63,-13.13,582389,Average,Average,20.00%,0.55,2.02,2.28,25%
LMNR,"Limoneira Company","Agriculture Operations",13.78,+1.62%,8,Buy,"72% Buy",-8.05,-13.88%,13.17,13.5,13.4,13.78,52.66,-32.49,-3.5,84015,Strongest,Soft,31.76%,1.04,13.37,14.18,50%
REXR,"Rexford Industrial Realty Inc","REIT - Equity Trust Other",37.13,+0.03%,1,Buy,"56% Buy",-8.08,-10.23%,35.72,36.09,35.96,36.91,52.71,-28.84,-16.76,2482268,Weakening,Weak,60.34%,0.97,35.86,37.96,60%
GFL,"Gfl Environmental Inc","Waste Removal Svcs",42.83,+4.39%,3,Buy,"56% Buy",-8.14,-13.16%,38.64,39.8,40.06,41.41,62.4,-31.77,-12.93,2162154,Strengthening,Weak,52.60%,1.43,40.39,42.43,120%
UG,"United Guardian Inc","Medical Products",7.15,-0.69%,2,Sell,"40% Buy",-8.30,-10.96%,7.11,7.27,6.95,7.17,46.95,-29.57,3.42,8464,Weakest,Weak,23.11%,1.1,7.04,7.3,41%
UNB,"Union Bankshares Inc","Banks - Northeast",23.6,+0.64%,11,Sell,"40% Sell",-8.36,-9.58%,24.15,24.33,24.12,23.91,44.26,-28.19,-13.2,12962,Weakest,Weak,18.33%,0.15,23.16,24.65,29%
LSPD,"Lightspeed Commerce Inc","Internet - Software",10.6,-1.76%,1,Buy,"88% Buy",-8.37,-14.65%,9.79,10.3,9.65,10.49,53.2,-33.26,-24.9,899998,Strengthening,Soft,56.11%,0.53,10.13,10.85,65%
CLSK,"Cleanspark Inc","Finance - Misc Services",11.66,-9.96%,3,Sell,"56% Sell",-8.46,+22.09%,13.87,13.55,12.58,12.41,43.97,3.48,2.57,25008900,Strengthening,Weak,49.76%,0.91,10.71,14.1,28%
PPL,"PPL Corp","Utility - Electric Power",34.2,-0.70%,1,Sell,"100% Sell",-8.50,-6.46%,36.3,35.7,36.68,35.16,37.4,-25.07,-14.99,8419222,Strongest,Strong,12.97%,0.66,34.2,36.12,0%
KMB,"Kimberly-Clark Corp","Consumer Prdts - Misc Staple",109.55,-0.39%,1,Hold,"80% Buy",-8.51,-14.89%,103.81,109.42,103.43,109.61,50.23,-33.5,-4.07,4963007,Weakening,Average,52.84%,0.62,106.94,112.28,49%
MTN,"Vail Resorts","Leisure & Recreation Services",141.93,-1.85%,1,Hold,"48% Buy",-8.54,-13.47%,137.6,146.53,136.79,148.36,41.48,-32.08,-5.78,830456,Weakening,Average,34.57%,0.71,143.14,153.58,-12%
HNNA,"Hennessy Advisors","Finance - Investment Mgmt",10.14,+1.45%,7,Hold,"56% Buy",-8.63,-12.51%,9.98,10,9.97,9.95,60.76,-31.12,-7.03,11191,Strengthening,Weak,70.48%,1.27,9.8,10.11,110%
UHS,"Universal Health Services","Medical - Hospitals",171.66,-0.53%,6,Buy,"24% Sell",-8.68,-5.28%,162.36,160.73,175.78,172.41,53.91,-23.89,-33.91,841628,Weakest,Weak,62.57%,0.63,166.81,178.01,43%
GDS,"Gds Holdings Ltd ADR","Technology Services",33.41,-0.30%,8,Buy,"40% Sell",-8.71,-4.76%,35.96,32.13,38.39,33.04,52.67,-23.37,-16.92,2043583,Weakest,Average,44.12%,0.49,31.09,34.99,59%
ZKH,"Zkh Group Limited ADR","Internet - Services",2.92,-1.35%,3,Buy,"8% Sell",-8.72,+1.04%,2.86,2.77,3.02,2.9,52.41,-17.57,-33.3,170416,Weakest,Weak,80.00%,0.45,2.81,2.99,59%
AFRM,"Affirm Holdings Inc Cl A","Internet - Software",77.76,+0.35%,7,Sell,"72% Buy",-9.05,-2.79%,71.11,77.23,64.54,76.52,53.35,-21.4,-8.18,5271853,Strengthening,Average,50.91%,7.1,73.47,79.57,70%
ADSE,"Ads-Tec Energy Plc","Electronic Misc Services",11.3,0.00%,3,Sell,"24% Sell",-9.06,-10.25%,11.73,11.87,11.53,11.67,38.79,-28.86,-23.53,15149,Weakening,Weak,26.87%,2.57,11.2,12.15,11%
CYH,"Community Health Systems","Medical - Hospitals",2.93,0.00%,8,Sell,"72% Sell",-9.18,+4.64%,3.01,3.11,3.07,2.95,46.42,-13.97,-18.74,1669870,Weakening,Soft,47.71%,1.12,2.87,3.03,36%
BBOT,"Bridgebio Oncology Therapeutics Inc","Medical - Biomedical",8.74,-4.79%,8,Hold,"16% Sell",-9.23,-7.51%,8.51,8.6,9.08,9.09,46.36,-26.12,-42.84,321914,Weakest,Weak,30.10%,0.5,8.52,9.66,19%
KAZR,"Skyline Builders Group Holding Limited Cl A","Engineering & R&D Services",2.2,0.00%,4,Sell,"88% Sell",-9.23,+142.56%,2.88,2.38,2.94,2.13,50.93,123.95,-37.82,204184,Average,Average,40.81%,0.73,1.88,2.38,64%
AMRN,"Amarin Corp ADR","Medical - Biomedical",13.97,-0.71%,4,Sell,"88% Sell",-9.30,-9.32%,14.6,14.62,14.7,14.15,45,-27.93,-12.54,80623,Strongest,Average,23.41%,0.98,13.84,14.47,21%
BIPC,"Brookfield Infrastructure Partners LP Cl A","Utility - Gas Distribution",38.63,-1.90%,3,Sell,"100% Sell",-9.30,-5.13%,40.25,39.9,42.09,39.69,40.66,-23.74,-27.56,927630,Strongest,Good,34.64%,2.07,38.48,40.89,6%
PPIH,"Perma-Pipe International Holdings Inc","Steel - Pipe & Tube",26.64,-2.13%,10,Buy,"40% Sell",-9.38,-14.06%,28.73,26.05,29.36,26.44,51.95,-32.67,-24.9,99363,Weakening,Average,47.54%,0.64,25.21,27.68,58%
IVR,"Invesco Mortgage Capital Inc","REIT - Mortgage Trusts",7.36,-0.81%,6,Sell,"100% Sell",-9.47,-5.15%,7.88,7.67,8.06,7.45,38.2,-23.76,-25.14,2348278,Strongest,Strong,19.67%,0.79,7.34,7.57,10%
MAA,"Mid-America Apartment Communities","REIT - Equity Trust Resident",129.61,+0.64%,1,Sell,"40% Sell",-9.57,-10.07%,132.19,134.31,131.5,132.26,41.87,-28.68,-19.34,984496,Average,Weak,13.14%,0.84,129.09,135.42,8%
DFIN,"Donnelly Financial Solutions Inc","Internet Software Services",48.32,+0.75%,1,Buy,"80% Buy",-9.80,-14.78%,45.21,46.65,46.15,48.26,52.63,-33.39,-9.16,277039,Strongest,Weak,44.36%,1.67,46.73,49.8,52%
GBDC,"Golub Capital Bdc","Finance - SBIC & Commercial",13.03,-0.31%,5,Buy,"8% Buy",-9.80,-11.84%,13.04,12.94,12.88,13.14,47.97,-30.45,-16.63,1826514,Weakest,Minimum,26.02%,0.78,12.91,13.36,27%
TRC,"Tejon Ranch Company","Real Estate Operations",16.2,+0.37%,1,Sell,"88% Sell",-9.92,-7.32%,18.47,17.48,18.22,16.42,36.99,-25.93,-9.92,108097,Average,Strong,23.28%,1.28,15.99,16.85,25%
FPH,"Five Point Holdings Llc Cl A","Real Estate Developers",5.11,+0.20%,1,Buy,"24% Sell",-10.12,-10.82%,5.09,5.18,5.14,5.16,46.09,-29.43,-21.24,174652,Weakest,Weak,13.13%,0.37,5.05,5.27,27%
AMC,"AMC Entertainment Holdings","Leisure & Recreation Services",2.59,-4.07%,3,Buy,"100% Buy",-10.35,-8.48%,2.01,2.34,1.74,2.57,53.75,-27.09,53.38,34356383,Weakening,Strong,70.32%,0.5,2.34,2.8,54%
WKEY,"Wisekey International Holding Ltd ADR","Protection - Safety",6.43,-3.45%,5,Sell,"100% Sell",-10.47,+15.86%,7.36,6.72,7.24,6.58,46.88,-2.75,-30.74,149563,Strengthening,Soft,26.73%,0.69,6.25,6.9,27%
FCN,"Fti Consulting",Consulting,153.74,+1.15%,1,Sell,"88% Sell",-10.55,-8.59%,159.82,154.66,163.03,153.1,48.61,-27.2,-22.65,411354,Weakening,Strong,41.66%,0.69,148.8,157.39,58%
TITN,"Titan Machinery Inc","Retail - Wsale Auto & Trucks",17.86,-3.04%,5,Hold,"48% Sell",-10.57,-9.25%,19.86,19.04,19.15,18.64,43.95,-27.86,6.1,188451,Average,Weak,42.60%,1.82,17.31,19.97,21%
PIPR,"Piper Jaffray Companies","Finance - Misc Services",75.61,+1.57%,2,Sell,"72% Sell",-10.68,-10.63%,78.7,75.49,78.76,75.28,51.2,-29.24,-23.62,614359,Weakening,Average,38.91%,0.9,73.14,77.41,58%
LBTYA,"Liberty Global Ltd Ord A","Diversified Comm Services",10.67,+1.23%,5,Sell,"88% Sell",-10.77,-9.04%,11.36,10.68,11.57,10.59,51.33,-27.65,-16.87,2293345,Strengthening,Good,66.09%,0.77,10.18,10.99,60%
AMT,"American Tower Corp","REIT - Equity Trust Other",176.23,+1.19%,2,Buy,"40% Sell",-10.82,-13.00%,176.35,171.05,177.81,173.63,54.75,-31.61,-12.27,3125134,Weakest,Weak,55.07%,0.53,167.89,179.36,73%
DHI,"D.R. Horton","Building - Residential & Comm",147.39,+1.47%,2,Sell,"56% Sell",-10.84,-12.74%,149.53,151.08,149.55,148.54,48.34,-31.35,-10.32,2694917,Average,Weak,24.25%,0.63,144.42,152.65,36%
SRI,"Stoneridge Inc","Electronics - Misc Components",7.17,+0.99%,4,Sell,"40% Buy",-10.89,-14.64%,7.08,7.19,7.03,7.18,50.07,-33.25,11.18,203325,Weakest,Weak,59.26%,0.5,6.81,7.55,48%
DSGX,"Descartes Sys Group","Computer - Software",81.83,+1.46%,5,Buy,"72% Buy",-10.93,-18.17%,72.94,73.91,71.98,77.95,65.25,-36.78,-19.29,578979,Strongest,Soft,80.56%,1.49,74.69,81.21,110%
SOHU,"Sohu.com Inc ADR","Internet - Services",14.11,-0.18%,7,Buy,"24% Sell",-11.61,-11.42%,13.98,13.35,14.72,14.2,52.42,-30.03,-22.43,47814,Weakening,Weak,34.12%,1,13.69,14.71,41%
CE,"Celanese Corp","Chemical - Specialty",45,+0.29%,9,Sell,"72% Sell",-11.62,-3.99%,52.49,46.06,53.38,44.84,47.71,-22.6,-6.22,2121188,Weakening,Average,38.11%,0.68,42.84,46.83,54%
DXR,"Daxor Corp","Medical - Outpatient & Hm Care",10.2,+5.48%,2,Sell,"56% Sell",-11.77,-9.57%,10.21,10.26,10.91,10.29,48.97,-28.18,-43.5,6359,Weakest,Soft,33.97%,5.03,9.77,10.81,41%
TKC,"Turkcell Iletisim Hizmetleri As ADR","Wireless Non-US",5.4,0.00%,3,Sell,"100% Sell",-12.03,-8.78%,5.91,5.65,6.09,5.45,41.19,-27.39,-13.93,1480544,Strengthening,Strong,42.00%,0.37,5.35,5.55,26%
NXST,"Nexstar Media Group Inc","Media Conglomerates",183.32,+1.92%,1,Hold,"48% Sell",-12.13,-8.85%,186.56,182.25,199.34,187.63,46.85,-27.46,-22.37,371288,Weakening,Average,23.90%,0.85,179.84,195.42,22%
PHUN,"Phunware Inc","Internet - Software",2.09,-0.95%,6,Hold,"72% Buy",-12.34,-21.13%,2.07,2.09,1.97,2.11,48.52,-39.74,0.32,144970,Weakening,Weak,59.07%,0.75,2.01,2.21,39%
MLYS,"Mineralys Therapeutics Inc","Medical - Biomedical",25.6,-1.58%,3,Sell,"100% Sell",-12.59,+68.20%,27.24,26.82,27.47,26.35,43.6,49.59,-42.11,1336454,Strengthening,Soft,28.83%,0.79,25.05,27.66,21%
CEG,"Constellation Energy","Other Alt Energy",276.75,-2.00%,8,Buy,"24% Sell",-12.63,-13.39%,274.81,264.97,281.5,274.06,54.35,-32.,-34.31,3257106,Weakest,Weak,67.97%,0.59,262.61,285.51,62%
IREN,"Iren Limited","Finance - Misc Services",35.45,-12.53%,6,Sell,"88% Sell",-12.63,+53.86%,47.56,41.62,45.97,41.07,40.24,35.25,-18.79,41817660,Strengthening,Average,13.72%,1.99,36.35,45.8,-10%
PPHC,"Public Policy Holding Company Inc","Conglomerates - Div Operations",10.96,-2.14%,3,Buy,N/A,-12.73,N/A,10.89,9.51,0,10.85,54.54,N/A,N/A,N/A,N/A,N/A,50.78%,0.91,9.84,11.86,55%
TIPT,"Tiptree Financial Cl A","Insurance - Brokers",18.45,+0.87%,3,Buy,"100% Buy",-12.78,-21.62%,17.62,17.97,17.39,18.1,57.02,-40.23,-11.66,242408,Strongest,Average,71.07%,0.74,17.6,18.61,84%
LBTYK,"Liberty Global Ltd Ord C","Broadcast - Radio & TV",10.43,+1.46%,5,Sell,"72% Sell",-13.50,-12.50%,11.02,10.37,11.27,10.32,52.39,-31.11,-18.18,1212947,Strengthening,Strong,69.05%,0.74,9.96,10.68,65%
AGMB,"Agomab Therapeutics NV Adrs","Medical - Biomedical",13.17,-4.84%,7,Hold,N/A,-13.52,N/A,12.06,13.17,0,13.88,47.73,N/A,N/A,N/A,N/A,N/A,35.69%,2.32,12.72,15.05,19%
MAT,"Mattel Inc","Toys & Game & Hobby",15.14,+1.47%,2,Buy,"8% Sell",-13.54,-17.98%,14.56,14.35,15.38,14.8,56.71,-36.59,-36.34,4581289,Weakest,Weak,61.64%,0.43,14.31,15.29,85%
AENT,"Alliance Entertainment Holding Corp","Media Conglomerates",5.49,+0.18%,2,Sell,"100% Sell",-13.59,+4.47%,6.17,5.73,6.28,5.58,44.3,-14.14,-44.7,44009,Average,Average,21.72%,3.09,5.39,5.77,27%
DBVT,"Dbv Technologies ADR","Medical - Biomedical",13.54,-6.04%,8,Sell,"100% Sell",-13.69,+42.46%,17.01,14.81,18.47,14.18,41.46,23.85,-42.02,339140,Strengthening,Good,43.78%,0.47,13.36,15,11%
MSDL,"MS Direct Lending Fund","Finance - SBIC & Commercial",15.18,-0.91%,5,Sell,"40% Sell",-13.73,-14.58%,15.25,15.29,15.19,15.32,46.04,-33.19,-20.54,702794,Weakening,Weak,28.51%,0.55,15.06,15.58,24%
PMN,"Promis Neurosciences Inc","Medical - Biomedical",13.78,-1.47%,3,Buy,"56% Buy",-13.73,+4.93%,12.18,13.57,13.68,14.46,46.63,-13.68,89.33,92834,Weakest,Weak,20.34%,0.51,13.37,15.55,19%
IP,"International Paper Company","Paper & Related Products",39.31,-1.43%,2,Hold,"48% Buy",-13.83,-19.71%,36.59,39.55,38.02,41,44.37,-38.32,-12.85,6071615,Weakening,Weak,24.08%,0.7,39.5,42.51,-6%
NOMD,"Nomad Foods Ltd","Food - Misc & Diversified",11.88,-0.92%,1,Buy,"88% Buy",-14.02,-22.81%,10.71,11.56,10.88,11.8,52,-41.42,-17.69,1662549,Average,Average,66.05%,0.47,11.31,12.28,59%
VC,"Visteon Corp","Auto - Truck Original Parts",102.02,+1.03%,2,Sell,"40% Sell",-14.09,-18.29%,108.02,105.46,103.15,104.9,42.45,-36.9,-5.37,536785,Average,Minimum,25.24%,0.6,101.11,108.69,12%
CRVS,"Corvus Pharma Com","Medical - Biomedical",14.16,-3.80%,9,Buy,"40% Buy",-14.14,+161.74%,14.09,14.25,15.13,14.44,47.77,143.13,71.25,1946936,Weakest,Minimum,49.61%,0.62,13.38,15.5,37%
AUNA,"Auna Sa Cl A","Medical Services",5.18,+1.37%,9,Buy,"80% Buy",-14.16,-17.65%,5.08,5.18,5.12,5.26,47.99,-36.26,-7.37,308142,Average,Weak,55.13%,0.54,5.1,5.43,25%
RYAN,"Ryan Specialty Holdings","Insurance - Brokers",43.87,+0.85%,2,Hold,"64% Buy",-14.40,-22.56%,37.56,41.51,38.2,43.15,56.74,-41.17,-27.68,2071075,Strengthening,Soft,70.01%,0.44,41.13,45.17,68%
IVA,"Inventiva S.A. ADR","Medical - Biomedical",4.7,-3.98%,5,Buy,"8% Sell",-14.80,-25.91%,4.66,4.38,5.16,4.68,52.95,-44.52,-11.47,594109,Weakest,Weak,69.51%,1.02,4.42,4.93,56%
JBS,"Jbs N.V. Cl A","Food - Misc & Diversified",13.59,-0.22%,3,Buy,"56% Sell",-14.81,-16.78%,13.82,12.87,14.57,13.63,52.45,-35.39,-18.41,5659612,Average,Average,58.63%,0.75,13.08,14.18,46%
LNN,"Lindsay Corp","Machinery - Farm",113.88,-0.33%,5,Sell,"56% Sell",-14.81,-18.31%,113.21,115.81,117.52,114.86,47.28,-36.92,-16.04,147834,Average,Weak,34.19%,0.77,112.36,117.37,30%
MBUU,"Malibu Boats Inc","Leisure & Recreational Prdcts",27.36,-5.00%,6,Hold,Hold,-14.91,-16.59%,27.28,27.95,27.75,28.93,43.31,-35.2,-15.66,279018,Bearish,,27.69%,2.29,27.37,30.48,0%
RGP,"Resources Connection Inc",Staffing,4.25,-0.23%,6,Sell,"48% Sell",-15.01,-15.84%,4.29,4.33,4.15,4.29,48.03,-34.45,-28.32,420404,Average,Weak,32.44%,0.51,4.07,4.51,42%
CULP,"Culp Inc","Textile - Home Furnishings",3.44,+0.44%,3,Hold,"80% Buy",-15.09,-18.68%,3.28,3.41,3.25,3.42,51.2,-37.29,-16.02,31055,Average,Weak,64.10%,0.67,3.28,3.56,57%
NICE,"Nice Ltd ADR","Internet - Software",108.83,+3.56%,3,Buy,"40% Buy",-15.43,-23.73%,97.42,97.66,102.87,101.36,63.75,-42.34,-16.37,771695,Strengthening,Weak,73.52%,0.92,96.04,106.67,120%
BOOT,"Boot Barn Holdings Inc","Retail - Apparel & Shoes",154.85,-0.49%,5,Buy,"56% Sell",-15.69,-12.25%,161.25,160.64,165.86,162.02,44.41,-30.86,-24.9,665721,Average,Soft,11.00%,0.49,154.65,169.39,1%
AOS,"Smith A.O. Corp","Machinery - Electrical",60.38,-2.53%,2,Hold,"48% Sell",-15.78,-15.69%,60.82,61.28,64.51,62.44,43.86,-34.3,-22.37,1525536,Weakening,Soft,36.54%,1.07,60.49,64.4,-3%
BRO,"Brown & Brown","Insurance - Brokers",73.31,+2.69%,1,Buy,"72% Buy",-16.13,-23.81%,64.68,68.84,66.25,71.65,58.01,-42.42,-20.67,2962403,Strengthening,Average,62.43%,0.54,69.07,74.22,82%
GLAD,"Gladstone Cap Corp","Finance - SBIC & Commercial",19.9,+0.28%,5,Buy,"88% Buy",-16.77,-24.41%,19.23,19.42,18.98,19.62,57.09,-43.02,-16.35,192244,Strongest,Weak,67.26%,0.68,19.13,20.12,77%
GNTX,"Gentex Corp","Auto - Truck Original Parts",22.67,-1.69%,1,Sell,"24% Sell",-16.77,-19.47%,23.8,24.06,23.47,23.66,36.02,-38.08,-15.23,2313487,Average,Weak,24.86%,1.36,22.99,24.34,-23%
TAP,"Molson Coors Brewing","Beverages - Alcohol",41.46,+0.68%,2,Buy,"24% Sell",-16.77,-17.44%,41.45,41.03,43.26,42.15,47.68,-36.05,-23.83,3182580,Weakening,Weak,33.43%,0.67,40.88,43.41,23%
TE,"T1 Energy Inc",Solar,4.79,-3.43%,7,Sell,"88% Sell",-16.78,+192.07%,6.6,6.16,6.71,4.95,45.23,173.46,-40.94,26033840,Average,Average,29.60%,0.72,4.08,5.81,41%
MOB,"Mobilicom Limited ADR","Protection - Safety",5.54,-3.32%,11,Buy,"40% Sell",-16.84,-13.44%,5.66,5.35,5.76,5.79,48.03,-32.05,-21.83,256913,Weakening,Minimum,10.18%,1.47,5.34,6.25,22%
ALG,"Alamo Group","Machinery - Farm",165.27,+0.70%,2,Hold,Hold,-16.95,-23.13%,162.48,164.19,170.8,165.06,52.58,-41.74,-14.2,152263,Falling,,41.04%,0.91,159.42,170.7,52%
RDY,"Dr. Reddy's Laboratories Ltd ADR","Medical - Generic Drugs",12.18,+0.16%,7,Sell,"100% Sell",-16.96,-14.29%,13.09,12.83,13.4,12.2,45.07,-32.9,-25.9,2155875,Strengthening,Strong,51.40%,0.58,11.98,12.43,44%
CATX,"Perspective Therapeutics Inc","Medical - Drugs",3.11,-2.20%,11,Buy,"72% Sell",-16.97,-7.99%,3.48,3.12,3.89,3.15,48.19,-26.6,0.44,2147182,Average,Soft,31.91%,0.54,2.89,3.41,42%
HHH,"Howard Hughes Holdings Inc","Real Estate Developers",64.8,-0.18%,2,Sell,"56% Sell",-17.10,-14.23%,66.41,68.37,68.28,66.49,41.16,-32.84,-31.42,434559,Weakening,Average,6.53%,0.89,64.44,68.55,9%
ANGH,"Anghami Inc","Broadcast - Radio & TV",3.37,-4.80%,2,Sell,"24% Sell",-17.16,+4.17%,3.74,3.62,3.44,3.47,45.69,-14.44,-23.26,263856,Weakening,Minimum,24.27%,1.69,3.18,3.77,32%
KR,"Kroger Company","Retail - Supermarket",57.72,+1.39%,1,Hold,"64% Sell",-17.19,-14.44%,61.81,57.6,64.44,57.15,50.51,-33.05,-20.27,6795295,Average,Strong,64.34%,0.53,55.36,58.95,66%
BZUN,"Baozun Inc ADR","IT Services",3.02,0.00%,2,Buy,"100% Buy",-17.45,-5.33%,2.75,2.8,2.67,2.89,61.46,-23.94,0.88,276440,Strongest,Average,52.28%,1.95,2.71,3.06,89%
MLM,"Martin Marietta Materials","Building - CMT & CNT & AG",531.05,+0.47%,1,Sell,"100% Sell",-17.61,-13.27%,576.68,562.66,595.34,539.6,43.49,-31.88,-27.36,522917,Average,Strong,22.85%,0.91,520.45,558.75,28%
WAVE,"Eco Wave Power Global Ab ADR","Other Alt Energy",6.6,-1.49%,4,Sell,"24% Sell",-17.75,-25.43%,7.9,7.94,7.1,6.98,37.66,-44.04,0.38,31576,Weakening,Minimum,19.66%,0.09,6.37,7.6,19%
CITR,"Citrotech Inc","Protection - Safety",6.09,+0.50%,5,Buy,"40% Sell",-17.76,-6.74%,6.39,5.69,6.92,6.02,52.39,-25.35,-37.28,42625,Weakest,Soft,36.91%,0.59,5.36,6.68,55%
TARA,"Artara Therapeutics Inc","Medical - Drugs",3.82,-4.26%,6,Sell,"100% Sell",-18.01,+21.66%,4.43,4.02,4.96,3.96,41.42,3.05,-40.98,832732,Strongest,Average,43.03%,0.76,3.8,4.12,5%
JYNT,"The Joint Corp","Medical - HMO",8.43,+0.24%,3,Sell,"88% Sell",-18.15,-20.99%,8.73,8.67,8.8,8.41,48.01,-39.6,-15.98,88204,Average,Weak,46.18%,0.38,8.15,8.68,53%
LMRI,"Lumexa Imaging Holdings Inc","Medical Products",11.51,-1.88%,6,Hold,N/A,-18.19,N/A,10.13,11.34,10.97,11.76,49.15,N/A,-50.43,N/A,N/A,N/A,23.64%,0.64,11.17,12.35,29%
TRTX,"Tpg Re Finance Trust Inc","Real Estate Operations",7.73,-0.13%,1,Sell,"100% Sell",-18.21,-16.61%,8.31,8.26,8.35,7.9,33.64,-35.22,-22.87,724172,Strongest,Strong,10.46%,0.75,7.7,8.1,6%
MPV,"Barings Participation Investors","Finance - Investment Mgmt",16.32,+3.29%,6,Hold,"56% Sell",-18.30,-19.92%,16.74,16.26,17.37,16.26,52.58,-38.53,-9.94,18342,Weakest,Good,36.52%,2.42,15.76,16.75,56%
PLUG,"Plug Power Inc","Electronics Products - Misc",2.19,-3.52%,6,Sell,"88% Sell",-18.30,+34.36%,2.78,2.3,2.57,2.2,47.54,15.75,-1.48,81651594,Strengthening,Average,27.26%,0.82,2.05,2.35,46%
GIB,"CGI Group","Computer - Services",74.77,+0.35%,5,Buy,"24% Buy",-18.36,-22.45%,69.11,69.59,71.33,74.13,57.85,-41.06,-31.64,452561,Average,Minimum,54.07%,0.7,72.44,75.82,69%
DAIO,"Data I O Corp","Electronics - Misc Components",2.93,-1.68%,4,Sell,"40% Sell",-18.50,-5.79%,3.18,3.27,3.05,2.98,43.29,-24.4,-20.22,46905,Weakest,Minimum,25.00%,0.59,2.81,3.16,35%
UPBD,"Upbound Group Inc","Finance - Leasing Companies",19.22,-0.36%,1,Sell,"8% Buy",-18.52,-25.68%,19.38,20.15,19.41,19.44,45.67,-44.29,-3.2,863227,Weakest,Minimum,67.48%,0.7,18.5,20.38,38%
CCM,"Concord Medical Services ADR","Medical - Nursing Homes",4.76,-2.86%,6,Buy,"88% Buy",-18.54,-12.66%,4.61,4.67,4.39,4.81,49.64,-31.27,10.67,32687,Average,Soft,39.13%,0.46,4.32,5.31,45%
INKT,"Mink Therapeutics Inc","Medical - Biomedical",11.43,-2.16%,9,Buy,"8% Buy",-18.65,-22.89%,11.45,11.25,11.25,11.37,50.76,-41.5,-10.15,107995,Weakest,Minimum,57.56%,0.59,10.6,12.15,53%
HUN,"Huntsman Corp","Chemical - Diversified",9.47,-1.87%,2,Sell,"88% Sell",-18.86,-13.04%,12.59,10.94,12.53,10.05,34.07,-31.65,-17.95,5535119,Strongest,Strong,19.95%,0.34,9.45,10.65,2%
SAM,"Boston Beer Company","Beverages - Alcohol",183.13,+0.10%,3,Buy,"56% Sell",-18.94,-15.38%,192.29,181.52,205.06,184.78,48.96,-33.99,-18.8,224835,Weakening,Average,56.34%,0.43,178.69,190.88,36%
PAX,"Patria Investments Ltd Cl A","Finance - Investment Mgmt",11.34,-2.66%,5,Buy,"56% Sell",-19.11,-15.81%,11.59,11.16,12.07,11.4,49.74,-34.42,-41.28,890696,Weakening,Average,59.75%,1.08,11.05,11.76,41%
DXC,"Dxc Technology Company","IT Services",11.21,+1.91%,2,Buy,"8% Buy",-19.20,-21.00%,10.26,10.06,11.15,10.85,58.57,-39.61,-36.13,3524257,Weakening,Minimum,54.90%,0.54,10.4,11.29,91%
STZ,"Constellation Brands","Beverages - Alcohol",130.69,-0.56%,5,Buy,"88% Sell",-19.29,-17.85%,141.88,134.43,146.25,133.63,43.72,-36.46,-17.92,2239030,Strengthening,Average,28.00%,0.95,128.82,138.44,19%
MDBH,"Mdb Capital Holdings Cl A","Finance - Misc Services",2.95,+1.82%,3,Sell,"100% Sell",-19.31,-15.63%,3.28,3.07,3.24,3.03,45.36,-34.24,-21.65,7400,Strengthening,Good,34.32%,0.74,2.85,3.2,28%
DEI,"Douglas Emmett","REIT - Equity Trust Other",11.76,-1.01%,1,Sell,"40% Buy",-19.32,-26.59%,11.64,11.95,11.09,11.77,47.25,-45.2,-5.64,2329571,Weakest,Weak,60.22%,0.68,11.42,12.12,48%
KBR,"KBR Inc","Engineering & R&D Services",38.03,-0.42%,7,Buy,"24% Buy",-19.43,-25.84%,35.58,36.24,37.06,37.82,55.02,-44.45,-18.05,1555084,Weakening,Weak,60.10%,0.67,36.87,38.78,61%
NVR,"NVR Inc","Building - Residential & Comm",6396.27,+0.48%,1,Sell,"56% Sell",-19.54,-20.79%,6361.08,6441.02,6630.05,6340.85,51.55,-39.4,-24.94,27380,Weakest,Soft,53.29%,0.75,6216.07,6465.64,72%
AKA,"A.K.A. Brands Holding Corp","Retail - Apparel & Shoes",10.6,+0.38%,4,Sell,"8% Sell",-19.63,-4.93%,10.43,10.71,10.47,10.82,46.81,-23.54,-13.58,5578,Weakest,Minimum,32.54%,0.89,10.31,11.34,28%
CG,"The Carlyle Group","Finance - Investment Mgmt",49.09,-0.30%,4,Buy,"8% Buy",-19.76,-23.80%,46.9,46.1,48.54,49.01,54.97,-42.41,-29.6,3268573,Weakening,Minimum,41.72%,0.49,47.27,50.75,52%
UPB,"Upstream Bio Inc","Medical - Biomedical",6.69,-1.47%,8,Hold,"80% Sell",-20.63,-60.08%,7.75,6.92,9.76,6.96,46.08,-78.69,-88.01,804817,Average,Average,33.06%,0.77,6.43,7.49,24%
DSWL,"Deswell Inds Inc","Electronics - Misc Components",3.07,+1.83%,1,Sell,"64% Sell",-20.68,-18.48%,3.37,3.4,3.37,3.17,38.81,-37.09,-24.07,12061,Strengthening,Average,34.40%,0.27,3,3.33,18%
ALT,"Altimmune Inc","Medical - Drugs",3.11,-4.01%,6,Buy,Hold,-20.76,-16.17%,2.98,2.98,3.37,3.05,53.64,-34.78,-26.5,4313084,Bearish,,80.30%,0.67,2.86,3.23,67%
PWP,"Perella Weinberg Partners","Finance - Misc Services",16.98,+0.18%,2,Buy,"40% Sell",-21.39,-24.20%,17.49,16.28,18.12,16.96,52.99,-42.81,-14.5,1055677,Weakest,Average,43.20%,0.56,15.96,17.95,51%
LAZ,"Lazard Inc","Finance - Misc Services",43.64,+0.97%,8,Hold,"64% Sell",-21.44,-24.43%,44.83,42.89,45.7,43.78,50.41,-43.04,-22.78,1508097,Weakest,Average,24.17%,0.34,42.33,45.22,45%
NCDL,"Nuveen Churchill Direct Lending Corp","Finance - SBIC & Commercial",12.31,-0.73%,3,Sell,"100% Sell",-21.50,-22.38%,13,12.49,13.12,12.44,46.34,-40.99,-20.37,236148,Average,Good,23.87%,0.57,12.13,12.75,29%
HPP,"Hudson Pacific Properties","REIT - Equity Trust Other",13.14,-3.17%,3,Sell,"40% Buy",-21.79,-33.43%,12.74,14.71,10.77,14.15,40.87,-52.04,8.68,1189332,Weakest,Weak,24.48%,0.47,13.09,15.22,2%
LMND,"Lemonade Inc","Insurance - Multi Line",52.96,-1.80%,5,Sell,"72% Sell",-22.01,-0.75%,58.71,59.22,60.66,52.55,45.41,-19.36,-38.25,2008976,Average,Average,63.51%,0.53,50.04,55.06,58%
VICI,"Vici Properties Inc","REIT - Equity Trust Other",25.87,+0.39%,1,Sell,"100% Sell",-22.17,-22.80%,27.37,26.47,27.81,26.28,42.38,-41.41,-20.65,10115880,Strongest,Good,8.06%,0.44,25.69,26.88,15%
NAMS,"Newamsterdam Pharma Company N.V.","Medical - Drugs",25.9,-3.32%,1,Sell,"100% Sell",-22.25,+8.14%,31.64,30.23,31.88,27.39,35.49,-10.47,-38.82,1031058,"Top 1%",Good,28.26%,0.95,26.25,28.53,-15%
LEU,"Centrus Energy Corp","Mining - Non Ferrous",175.78,-9.75%,7,Buy,"40% Sell",-22.50,-16.05%,182.24,174.98,193.92,185.56,47.36,-34.66,-40.24,924046,Weakening,Weak,38.00%,1.08,173.67,197.45,9%
LOPE,"Grand Canyon Educati",Schools,151.19,+0.67%,1,Buy,"40% Sell",-22.51,-24.68%,153.38,146.56,157.5,147.6,56.75,-43.29,-21.74,319629,Weakest,Soft,81.73%,0.67,141.71,153.5,80%
COTY,"Coty Inc","Cosmetics & Toiletries",2.85,+3.26%,4,Hold,"64% Buy",-22.57,-34.18%,2.36,2.52,2.4,2.79,56.02,-52.79,-20.12,9073221,Strengthening,Soft,47.13%,0.55,2.63,2.95,68%
LOAN,"Manhattan Bridge","Finance - Consumer Loans",4.07,+0.12%,3,Sell,"100% Sell",-22.69,-22.82%,4.29,4.24,4.34,4.11,44.74,-41.43,-25.02,31494,Average,Average,26.22%,0.5,4.01,4.2,33%
WAY,"Waystar Holding Corp","Internet - Software",26.24,+3.92%,5,Buy,"40% Buy",-22.91,-31.45%,21.96,22.77,22.94,24.49,64.03,-50.06,-32.53,2556261,Strengthening,Weak,61.14%,0.69,22.93,26.04,106%
BRID,"Bridgford Foods Corp","Food - Misc & Diversified",6.13,-0.33%,2,Sell,"100% Sell",-23.16,-17.94%,6.97,6.42,7.2,6.25,42.65,-36.55,-34.06,3644,Strongest,Maximum,24.89%,0.86,6.07,6.43,17%
RPC,"Ridgepost Capital Inc","Finance - Misc Services",8.66,-0.57%,4,Buy,"40% Buy",-23.21,-29.88%,8.23,8.39,8.31,8.78,50.2,-48.49,-24.37,590833,Weakest,Minimum,45.20%,0.99,8.46,9.11,31%
XBIT,"Xbiotech Inc","Medical - Biomedical",2.27,-1.30%,4,Hold,"88% Sell",-23.21,-33.04%,2.37,2.3,2.37,2.3,45.96,-51.65,-17.67,51063,Strengthening,Weak,26.39%,0.2,2.21,2.39,35%
LFWD,"Lifeward Ltd","Medical Services",7.46,+1.29%,8,Hold,"64% Buy",-23.56,+0.25%,7.24,7.49,7.02,7.44,51.2,-18.36,-4.83,22261,Strengthening,Weak,37.60%,0.4,7.07,7.81,52%
WGO,"Winnebago Industries","Building - Mobile Homes & RV",30.6,+0.76%,4,Hold,"48% Sell",-23.67,-14.55%,30.73,30.87,33.75,31.76,44.81,-33.16,-37.13,641338,Weakest,Soft,6.88%,0.63,30.44,33.08,6%
CCI,"Crown Castle","REIT - Equity Trust Other",76.14,+1.48%,1,Sell,"88% Sell",-23.79,-22.10%,83.12,77.02,83.96,75.25,50.14,-40.71,-26.97,3474179,Average,Strong,61.46%,0.49,73.07,77.44,70%
STFS,"Star Fashion Culture Holdings Limited Cl A","Advertising Marketing Services",4.22,-2.76%,2,Sell,"24% Sell",-23.99,-22.31%,7.57,7.99,6.43,4.03,41.21,-40.92,-7.47,290797,Weakest,Weak,21.14%,0.13,3.5,4.56,68%
BSY,"Bentley Systems Inc Cl B","Internet - Software",37.3,-0.82%,4,Buy,"56% Buy",-24.05,-32.17%,33.17,33.46,34.07,36.19,60.51,-50.78,-14.92,2765550,Average,Weak,74.81%,0.82,34.47,37.92,82%
WTF,"Waton Financial Limited","Finance - Misc Services",2.7,-6.57%,4,Sell,"88% Sell",-24.13,-43.16%,3.17,2.84,3.38,2.88,44.04,-61.77,-30.83,67691,Average,Average,37.31%,0.18,2.67,3.08,6%
PSEC,"Prospect Capital Corp","Finance - Investment Mgmt",2.25,-1.32%,7,Buy,"64% Sell",-24.29,-22.41%,2.36,2.25,2.48,2.28,48.18,-41.02,-25.78,4716961,Average,Average,43.75%,0.84,2.18,2.37,37%
CALM,"Cal-Maine Foods IN","Agriculture Products",80.21,+0.58%,1,Sell,"24% Sell",-24.52,-30.49%,80.41,84.05,81.41,82.85,40.92,-49.1,-11.85,979215,Weakening,Weak,26.66%,0.74,78.9,86.8,17%
FSV,"Firstsrvce Sub VT Sh","Real Estate Operations",141.54,+0.32%,4,Buy,"24% Sell",-24.90,-29.45%,140.48,142.11,143.49,142.8,47.73,-48.06,-21.65,213871,Weakest,Minimum,47.85%,1.42,139.6,146,30%
SMSI,"Smith Micro Software","Computer - Software",2.91,-1.69%,9,Buy,"32% Sell",-24.93,-19.78%,3.32,2.75,3.25,2.91,52.65,-38.39,-4.91,78870,Weakening,Soft,42.79%,0.4,2.73,3.08,51%
LVS,"Las Vegas Sands",Gaming,45.04,+1.81%,3,Sell,"100% Sell",-25.04,-21.95%,49.42,46.44,51.45,46.01,42.96,-40.56,-43.45,4940820,Strengthening,Good,30.95%,1.37,44.53,47.48,17%
RKT,"Rocket Companies Cl A","Finance - Mortgage & Rel Svs",13.77,-3.30%,3,Hold,"96% Sell",-25.10,-23.03%,14.28,14.21,15.12,14.1,47.11,-41.64,-41.52,28083369,Strengthening,Average,32.19%,0.78,13.28,14.91,30%
ONEW,"Onewater Marine Inc Cl A","Leisure & Recreational Prdcts",11.97,+2.57%,1,Hold,"48% Buy",-25.29,-29.92%,11.36,11.99,11.27,12.04,49.64,-48.53,-2.02,148613,Average,Weak,44.22%,0.72,11.18,12.89,46%
TMUS,"T-Mobile US","Wireless National",181.37,+2.04%,3,Sell,"72% Sell",-25.40,-27.61%,185.62,181.2,193.38,179.86,50.78,-46.22,-23.32,5570231,Weakest,Average,41.90%,0.61,174.6,185.13,64%
EVAX,"Evaxion A/S ADR","Medical Information Systems",3.01,-4.44%,9,Buy,"72% Sell",-25.46,-1.15%,3.59,3.12,3.56,3.14,43.03,-19.76,-49.55,100531,Average,Soft,37.45%,0.52,2.83,3.44,29%
BGS,"B&G Foods Holdings","Food - Misc & Diversified",3.52,+1.44%,1,Sell,"88% Sell",-25.90,-20.90%,4.2,3.69,4.48,3.5,47.85,-39.51,-30.79,2020919,Weakening,Strong,47.86%,0.48,3.34,3.66,55%
FINW,"Finwise Bancorp","Banks - Southwest",14.11,+1.47%,4,Sell,"72% Sell",-26.48,-27.53%,14.44,14.06,15.19,14,52.95,-46.14,-34.,22503,Weakest,Average,58.14%,0.77,13.64,14.36,65%
LFCR,"Lifecore Biomedical Inc","Medical - Biomedical",4.54,0.00%,5,Sell,"100% Sell",-26.55,-40.42%,4.91,4.76,5.39,4.61,46.54,-59.03,-57.15,217185,Strengthening,Average,38.20%,0.76,4.27,4.94,40%
LAW,"CS Disco Inc","Internet - Software",4.34,-1.59%,2,Buy,"24% Buy",-26.58,-16.05%,3.98,4.02,4.06,4.28,54.47,-34.66,-56.72,325513,Average,Minimum,49.23%,1.01,4.02,4.54,62%
PFSI,"Pennymac Financial Services IN","Finance - Mortgage & Rel Svs",73.38,-0.29%,1,Sell,"100% Sell",-26.61,-32.59%,83.81,80.3,87.48,75.96,37.19,-51.2,-56.99,614110,Average,Good,11.57%,0.68,72.79,79.13,9%
MFIC,"Midcap Financial Investment Corp","Finance - Misc Services",9.62,-0.82%,3,Sell,"100% Sell",-26.62,-27.18%,10.44,9.76,10.6,9.71,44.91,-45.79,-28.56,783297,Strengthening,Strong,34.44%,0.73,9.55,9.87,22%
RWT,"Redwood Trust","REIT - Mortgage Trusts",4.62,-0.22%,4,Sell,"100% Sell",-26.72,-23.26%,5.15,4.8,5.38,4.7,42.44,-41.87,-29.11,1811019,Strengthening,Strong,27.75%,0.38,4.53,4.87,27%
MSB,"Mesabi Trust","Mining - Iron",23.97,+1.61%,7,Sell,"72% Sell",-26.79,-22.93%,25.71,23.78,27.93,23.21,55.75,-41.54,-50.42,48684,Weakest,Strong,62.27%,0.59,22.44,23.98,100%
VIRC,"Virco MFG Corp",Furniture,5.91,-1.17%,4,Sell,"88% Sell",-27.18,-31.99%,6.06,6.1,6.14,6.01,44.79,-50.6,-20.16,51146,Strongest,Soft,40.74%,0.07,5.82,6.19,24%
PFLT,"Pennantpark Fltng Rt","Finance - Investment Mgmt",7.39,-0.67%,9,Buy,"40% Sell",-27.22,-27.41%,7.87,7.26,8.09,7.37,52.05,-46.02,-32.93,1098650,Weakest,Good,42.17%,0.66,7.13,7.6,55%
RSSS,"Research Solutions Inc","Printing - Commercial",2.22,+0.45%,3,Buy,"80% Sell",-27.44,-28.39%,2.31,2.24,2.36,2.22,49.01,-47.,-37.14,64071,Weakening,Average,43.72%,0.27,2.13,2.31,50%
COYA,"Coya Therapeutics Inc","Medical - Biomedical",4.59,-5.56%,12,Hold,"48% Sell",-27.44,-31.59%,4.71,4.87,4.67,4.76,44.88,-50.2,-33.51,188342,Average,Minimum,34.23%,0.77,4.43,5.08,24%
SCYX,"Scynexis Inc","Medical - Drugs",5.39,-2.36%,6,Buy,"40% Sell",-27.59,-20.72%,5.53,4.58,5.86,5.2,58.67,-39.33,-6.11,88119,Weakening,Soft,60.88%,0.36,4.81,5.58,75%
MOMO,"Hello Group Inc ADR","Internet - Software",5.72,+0.18%,3,Sell,"100% Sell",-27.74,-29.64%,5.94,5.84,6.06,5.79,43.68,-48.25,-25.32,785700,Strengthening,Average,32.44%,0.59,5.63,5.95,28%
RXRX,"Recursion Pharmaceuticals Inc Cl A","Medical - Biomedical",3.34,-2.91%,8,Buy,"32% Sell",-27.83,-31.35%,3.32,3.31,3.4,3.3,51.14,-49.96,-30.99,19096146,Weakest,Weak,70.90%,0.54,3.03,3.57,57%
SGI,"Somnigroup International Inc","Retail - Home Furniture",64.37,+3.02%,3,Sell,"100% Sell",-27.86,-23.69%,71.48,70.17,75.66,65.24,44.02,-42.3,-40.55,2537278,Average,Strong,21.74%,2.87,61.66,68.81,38%
SOFI,"Sofi Technologies Inc","Finance - Misc Services",18.06,-5.84%,12,Buy,"8% Buy",-27.89,-30.65%,17.37,17.83,17.9,18.34,49.64,-49.26,-43.67,66202117,Weakest,Minimum,59.41%,0.64,17.55,19.12,32%
KLRS,"Kalaris Therapeutics Inc","Medical - Biomedical",4.03,-1.71%,5,Sell,"100% Sell",-27.90,+13.20%,4.71,4.17,6,4.08,48.03,-5.41,-64.9,150093,Strengthening,Average,46.94%,0.17,3.87,4.29,39%
AI,"C3.Ai Inc Cl A","IT Services",10.53,+1.94%,10,Buy,"8% Buy",-27.91,-39.17%,9.51,9.44,9.59,10.1,60.55,-57.78,-34.53,6050062,Average,Minimum,55.05%,1.28,9.55,10.65,89%
OMSE,"Oms Energy Technologies Inc","Oil Field Machinery & Equip",4.63,+1.31%,4,Buy,"8% Buy",-27.98,-24.59%,4.44,4.28,4.46,4.43,63.4,-43.2,-7.42,19511,Average,Minimum,76.65%,1.02,4.24,4.62,103%
PMT,"Pennymac Mortgage Investment Trust","REIT - Mortgage Trusts",9.34,+0.11%,1,Sell,"100% Sell",-28.00,-23.32%,10.45,9.87,10.99,9.42,43.16,-41.93,-38.23,1222828,Weakening,Maximum,19.34%,0.42,9.21,9.64,30%
LPL,"Lg Display Company Ltd ADR","Computers - Peripheral Equpt",3.35,+0.30%,10,Sell,"88% Sell",-28.18,-24.55%,4.1,3.47,4.13,3.34,48.45,-43.16,-33.08,1766692,Average,Strong,25.93%,0.64,3.14,3.54,53%
JFB,"Jfb Construction Holdings Cl A","Building & Construction - Misc",4.78,+0.42%,8,Hold,"64% Sell",-28.42,+37.75%,5.01,4.39,6.74,4.38,57.97,19.14,-47.26,301951,Weakest,Average,51.69%,0.93,3.93,4.83,94%
LUXE,"Luxexperience B.V. ADR","Textile - Apparel",7.7,-1.28%,2,Sell,"88% Sell",-28.67,-10.98%,7.98,7.89,8.2,7.9,44.9,-29.59,-20.43,242307,Strongest,Average,41.88%,0.98,7.38,8.42,31%
THO,"Thor Industries","Building - Mobile Homes & RV",77.02,+0.93%,4,Buy,"24% Sell",-29.10,-29.80%,76.99,76.78,83.68,78.78,46.8,-48.41,-37.63,683030,Weakest,Soft,15.99%,0.73,76.43,81.14,13%
PATK,"Patrick Inds Inc","Auto - Truck Original Parts",83.47,+0.46%,2,Sell,"100% Sell",-29.15,-25.78%,90.55,86.2,101.57,85.55,44.8,-44.39,-35.67,459659,Average,Strong,16.34%,0.42,82.27,88.84,18%
CAR,"Avis Budget Group","Transportation - Services",138.12,-0.98%,2,Sell,"88% Sell",-29.18,-12.88%,191.03,153.17,166.63,140.87,40.09,-31.49,-5.01,1293198,Strongest,Weak,34.23%,0.89,134.96,146.79,27%
FWRG,"First Watch Restaurant Group Inc","Retail - Restaurants",12.51,+1.05%,2,Buy,"24% Sell",-29.34,-33.56%,12.12,12.52,12.63,12.58,49.03,-52.17,-29.69,1381675,Weakest,Weak,56.86%,0.53,11.86,13.3,45%
AZO,Autozone,"Retail - Wholesale Auto Parts",2961.96,+1.01%,1,Sell,"100% Sell",-29.47,-29.43%,3198.37,3043.61,3335.81,3026.13,43.85,-48.04,-25.32,230249,Strengthening,Strong,23.73%,1.02,2931.09,3121.17,16%
YALA,"Yalla Group Ltd ADR","Internet - Software",5.51,-0.90%,5,Buy,"40% Sell",-29.49,-29.45%,5.87,5.42,6.18,5.49,51.13,-48.06,-33.26,307543,Weakening,Good,66.06%,0.88,5.32,5.66,56%
ILAG,"Intelligent Living Application Group Inc","Building Products - Ltg FX",3.28,+0.31%,3,Sell,"72% Sell",-29.50,-40.19%,3.39,3.41,3.35,3.3,47.69,-58.8,-31.66,38021,Weakening,Weak,50.66%,0.01,3.04,3.56,46%
TRI,"Thomson Reuters Corp","Business Services",106.22,+1.38%,3,Buy,"72% Buy",-29.64,-40.41%,91.53,95.44,93.02,103.78,56.43,-59.02,-32.11,2070711,Strongest,Weak,54.35%,0.56,98.17,109.39,72%
CCLD,"Carecloud Inc","Medical Information Systems",2.49,-6.39%,5,Buy,"24% Sell",-29.74,-34.13%,2.48,2.36,2.61,2.53,50.29,-52.74,-27.38,420508,Weakest,Weak,60.48%,3.27,2.34,2.72,39%
XRTX,"Xortx Therapeutics Inc","Medical - Drugs",2.34,-4.18%,7,Buy,"8% Sell",-29.89,-43.66%,2.27,2.1,2.23,2.15,60.18,-62.27,-29.45,402575,Weakening,Minimum,66.99%,1.95,1.92,2.37,93%
BFAM,"Bright Horizons Family Solutions Inc","Business Services",74.81,+0.65%,1,Sell,"24% Sell",-29.93,-36.79%,72.87,73.51,75.19,73.44,53.96,-55.4,-38.87,940951,Weakest,Weak,83.11%,0.55,70.41,76.47,73%
RDCM,"Radcom Ltd","Computer - Networks",10.22,-1.83%,1,Sell,"80% Sell",-30.15,-23.27%,13.2,12.1,12.71,10.22,36.2,-41.88,-34.52,137323,Strengthening,Strong,40.58%,0.76,9.96,10.47,50%
STN,"Stantec Inc",Consulting,74.79,+0.11%,9,Buy,"40% Sell",-30.26,-32.03%,76.52,71.02,81.71,73.87,58.7,-50.64,-33.39,372156,Weakest,Average,62.25%,0.53,72.18,75.57,77%
MDXG,"Mimedx Group Inc","Medical - Biomedical",4.5,-0.22%,4,Buy,"40% Buy",-30.27,-37.33%,3.89,4.18,4.16,4.31,60.42,-55.94,-46.18,1214471,Average,Weak,66.42%,0.66,4.12,4.5,99%
SVC,"Service Properties Trust","REIT - Equity Trust Other",7.87,+3.01%,2,Sell,"88% Sell",-30.31,-42.13%,8.11,8.34,8.76,8.04,43.95,-60.74,-27.11,1317522,Average,Soft,14.00%,0.81,7.64,8.44,29%
PPSI,"Pioneer Power Solutions","Machinery - Electrical",2.87,-2.38%,3,Sell,"100% Sell",-30.37,-27.71%,3.63,3.29,3.66,2.95,41.77,-46.32,-51.97,148538,Strongest,Good,36.40%,0.8,2.79,3.11,24%
LEDS,"Semileds Corp","Electronics - Semiconductors",2,+1.01%,4,Hold,"64% Buy",-30.56,+5.26%,1.92,2.02,1.77,2.11,47.28,-13.35,20.68,310189,Average,Soft,24.34%,0.01,1.85,2.37,29%
LEN.B,"Lennar Corp Cl B","Building - Residential & Comm",84.95,+1.80%,5,Sell,"72% Sell",-30.61,-33.16%,86,84.66,90.08,85,50.52,-51.77,-23.34,69298,Weakening,Average,35.14%,0.73,82.64,87.36,49%
OFRM,"Once Upon A Farm Pbc","Food - Misc & Diversified",17.16,+1.06%,6,Sell,N/A,-30.72,N/A,16.84,17.87,0,17.3,49.5,N/A,N/A,N/A,N/A,N/A,45.59%,0.42,16.41,18.18,42%
BHR,"Braemar Hotels & Resorts Inc","REIT - Equity Trust Other",2.03,-1.93%,1,Sell,"100% Sell",-30.77,-24.81%,2.28,2.1,2.42,2.06,43.17,-43.42,-41.92,474042,Strongest,Strong,59.98%,0.48,1.99,2.13,31%
MBC,"Masterbrand Inc",Furniture,8.63,-0.35%,5,Sell,"56% Sell",-31.07,-32.58%,8.73,9.03,9.21,9.09,43.97,-51.19,-34.48,2388994,Weakening,Weak,8.98%,0.63,8.64,9.54,-1%
JVA,"Coffee Holding Company","Beverages - Soft",3.43,-0.87%,4,Hold,"64% Sell",-31.27,-16.75%,3.92,3.45,3.79,3.49,41.47,-35.36,-24.25,72075,Average,Average,31.43%,0.36,3.4,3.57,17%
SUNS,"Sunrise Realty Trust","Real Estate Operations",7.5,-0.53%,3,Sell,"100% Sell",-31.35,-31.88%,7.99,7.97,8.3,7.67,38.91,-50.49,-33.12,98683,Strongest,Good,26.40%,0.36,7.42,7.92,17%
NOAH,"Noah Holdings Ltd ADR","Finance - Investment Mgmt",8.58,+1.18%,5,Sell,"100% Sell",-32.46,-27.35%,9.71,9.07,10.29,8.64,43.41,-45.96,-27.19,110428,Strongest,Maximum,32.71%,0.57,8.35,8.93,40%
WRD,"Weride Inc ADR","Auto - Truck Original Parts",6.05,+0.67%,9,Buy,"40% Sell",-32.57,-36.78%,6.64,5.87,6.86,6.04,50.86,-55.39,-42.95,3614321,Weakest,Average,41.17%,0.59,5.68,6.4,51%
RDDT,"Reddit Cl A","Internet - Software",153,-0.62%,1,Sell,"72% Sell",-32.83,-32.16%,166.02,171.39,159.72,157.13,44.55,-50.77,-46.09,5269310,Strengthening,Weak,24.99%,0.45,144.81,169.45,33%
ENPH,"Enphase Energy Inc",Solar,37.25,-5.10%,4,Sell,"72% Sell",-32.89,-0.88%,43.78,41.7,43.41,39.44,42.59,-19.49,3.57,6595472,Strengthening,Weak,24.00%,0.85,36.35,42.54,15%
SERA,"Sera Prognostics Inc Cl A","Medical Services",2.07,+1.97%,5,Buy,"8% Buy",-32.98,-32.79%,2.01,2.01,2.1,2.04,51.45,-51.4,-42.48,50646,Weakest,Weak,55.30%,0.66,1.89,2.19,61%
CSPI,"C S P Inc","Computer - Integrated Systems",8.14,+3.30%,3,Sell,"72% Sell",-33.23,-34.30%,8.71,8.12,8.9,7.94,54.13,-52.91,-47.53,24146,Weakest,Average,53.90%,0.47,7.26,8.63,64%
LEN,"Lennar Corp","Building - Residential & Comm",86.33,+1.43%,5,Sell,"88% Sell",-33.35,-35.15%,87.9,86.37,93.42,86.57,50,-53.76,-28.67,3671982,Average,Average,31.62%,0.97,84.33,88.82,45%
PSN,"Parsons Corp","Technology Services",49,-0.57%,5,Sell,"88% Sell",-33.64,-38.67%,52.86,51.24,55.77,47.79,49.3,-57.28,-33.36,1378017,Weakening,Average,80.46%,0.66,45.77,49.81,80%
MMYT,"Makemytrip Ltd","Internet Services - Delivery",59.02,+1.44%,3,Buy,"56% Buy",-33.75,-41.24%,50.93,56.65,50.93,60.44,51.59,-59.85,-40.78,1293672,Weakening,Weak,14.18%,0.35,58.31,62.57,17%
XNET,"Xunlei Ltd ADR","Internet - Services",5.01,0.00%,2,Sell,"100% Sell",-33.77,-28.84%,5.61,5.36,5.72,5.08,44.25,-47.45,-41.99,295948,Average,Average,51.70%,0.85,4.83,5.33,36%
NEUP,"Neuphoria Therapeutics Inc","Medical - Biomedical",3.76,-0.27%,4,Hold,"64% Sell",-34.59,-69.21%,4.38,3.83,4.35,3.87,44,-87.82,-15.74,104313,Strengthening,Weak,12.03%,0.13,3.75,4,3%
LRMR,"Larimar Therapeutics Inc","Medical - Drugs",4.01,-0.99%,9,Buy,"16% Buy",-34.88,+2.56%,3.92,3.88,4.04,4.16,48.1,-16.05,-7.4,2461167,Weakest,Minimum,27.41%,0.33,3.93,4.4,17%
MGPI,"MGP Ingredients Inc","Beverages - Alcohol",16.85,+3.50%,1,Hold,"80% Sell",-35.56,-42.59%,17.92,17.45,19.07,17.63,43.26,-61.2,-43.31,270441,Average,Average,19.91%,0.95,16.68,18.57,9%
FULC,"Fulcrum Therapeutics Inc","Medical - Biomedical",3.85,0.00%,4,Buy,"40% Sell",-35.90,-42.11%,5.03,3.73,6.3,3.81,52.67,-60.72,-78.61,1692852,Weakest,Average,73.33%,0.96,3.67,3.94,67%
SITE,"Siteone Landscape Supply","Industrial Services",96.39,+0.93%,3,Sell,"100% Sell",-35.91,-33.51%,112.13,102.72,121.56,97.75,45.23,-52.12,-35.27,738124,Weakening,Maximum,28.74%,0.66,92.87,102.62,36%
AD,"Array Digital Infrastructure Inc","Wireless National",36,+1.44%,4,Sell,"72% Sell",-36.01,-33.38%,42.3,35.45,44.27,35.44,53.4,-51.99,-45.51,272046,Weakest,Strong,58.21%,0.85,34.79,36.08,94%
BRAI,"Braiin Limited","IT Services",5.48,+4.98%,1,Sell,N/A,-36.17,N/A,6.83,5.79,0,5.54,46.63,N/A,N/A,N/A,N/A,N/A,40.40%,0.55,5.28,5.8,39%
USAR,"USA Rare Earth Inc","Mining - Misc",17.99,-6.55%,11,Buy,"56% Sell",-36.21,+16.67%,20.85,18.18,20.38,18.41,48.87,-1.94,38.53,15297453,Average,Weak,49.58%,1.06,16.41,20.4,40%
MZTI,"The Marzetti Company","Food - Misc & Diversified",114.84,+2.05%,7,Buy,"40% Sell",-36.44,-36.40%,115.92,111.93,129.04,114.01,53,-55.01,-42.8,276025,Weakest,Average,33.59%,1.06,109.49,118.53,59%
MRDN,"Meridian Holdings Inc",Gaming,13.94,-0.43%,3,Sell,"72% Buy",-36.52,-7.07%,11.95,13.65,10.62,14.02,51.84,-25.68,32.41,44207,Average,Average,51.52%,1.37,13.52,14.52,42%
DPRO,"Draganfly Inc","Aerospace - Defense",4.47,+2.17%,8,Hold,"96% Sell",-36.54,-11.58%,5.28,4.63,5.75,4.48,48.94,-30.19,-48.03,1676145,Weakening,Average,33.14%,1.31,4.15,4.8,48%
GLOB,"Globant S.A.","Internet Software Services",40.52,+0.87%,4,Buy,"8% Sell",-36.94,-39.93%,37.78,34.47,42.17,38.72,60.78,-58.54,-50.66,1625859,Weakening,Minimum,70.30%,0.44,36.18,41.26,85%
BLRX,"Biolinerx Ltd ADR","Medical - Drugs",2.6,-5.80%,4,Sell,"72% Sell",-36.99,-28.77%,2.91,2.91,2.85,2.76,42.14,-47.38,-18.79,28136,Strongest,Soft,19.33%,3.09,2.57,2.95,7%
MBLY,"Mobileye Global Inc Cl A","Auto - Truck Original Parts",8.58,-0.35%,7,Sell,"88% Sell",-36.99,-38.93%,8.95,8.76,8.74,8.74,46.88,-57.54,-30.47,6709544,Average,Weak,12.03%,0.49,8.23,9.25,35%
PASG,"Passage Bio Inc","Medical - Biomedical",4.52,+4.39%,6,Sell,"88% Sell",-37.13,-34.49%,5.49,4.72,6.57,4.51,47.82,-53.1,-74.34,67437,Weakening,Average,26.22%,0.29,4.29,4.74,51%
CHTR,"Charter Communications","Cable TV",153.62,+3.57%,8,Buy,"40% Sell",-37.26,-41.73%,154.48,140.94,176.92,151.82,55.27,-60.34,-39.06,2579002,Weakest,Weak,52.06%,0.51,144.25,159.4,62%
FISV,"Fiserv Inc","Financial Transaction Services",53.18,+1.14%,2,Buy,"40% Sell",-37.48,-61.37%,54.4,51.67,56.18,53.04,52.33,-79.98,-33.48,8054994,Weakest,Minimum,39.38%,0.54,50.59,55.49,53%
NMAD,"Nomad Power Solutions Inc","IT Services",4.31,-2.49%,3,Sell,"16% Sell",-37.65,+10.09%,5.12,5.26,4.43,4.06,47.72,-8.52,-2.98,175600,Weakest,Minimum,77.05%,0.32,3.59,4.53,76%
ADVB,"Advanced Biomed Inc","Medical - Biomedical",9.7,+1.36%,1,Hold,"96% Buy",-37.89,+12.76%,6.37,7.68,5.83,8.27,56.87,-5.85,53.56,746037,Strongest,Average,86.07%,0.13,6.72,9.83,96%
MIR,"Mirion Technologies Inc","Technology Services",14.4,-3.03%,1,Sell,"100% Sell",-38.08,-30.97%,17.39,16.22,18.69,15.26,38.06,-49.58,-51.16,3576553,Strengthening,Strong,15.47%,0.61,14.36,16.17,2%
BHM,"Bluerock Homes Trust Inc","REIT - Equity Trust Resident",8.615,+2.53%,5,Hold,"80% Sell",-38.28,-32.54%,9.73,8.79,9.92,8.58,48.68,-51.15,-31.91,8165,Weakening,Average,31.15%,0.14,8.18,8.99,54%
CUE,"Cue Biopharma Inc","Medical - Biomedical",27.88,-0.99%,3,Sell,"56% Buy",-38.46,+15.95%,26.19,29.3,20.35,27.37,49.92,-2.66,191.65,297040,Weakest,Average,47.63%,0.6,22.51,32.22,55%
ORCL,"Oracle Corp","Computer - Software",150.85,-0.72%,9,Buy,"40% Sell",-39.44,-37.23%,164.56,141.55,160.66,146.98,56.05,-55.84,-35.26,29009324,Weakest,Weak,60.12%,0.54,138.93,155.03,74%
HTT,"High Templar Tech Ltd WT","Technology Services",2.63,-1.13%,6,Buy,"16% Sell",-39.55,-42.58%,2.59,2.59,2.62,2.53,58.09,-61.19,-38.57,223068,Weakest,Weak,80.31%,0.32,2.44,2.62,105%
LUCK,"Lucky Strike Entertainment Corp","Leisure & Recreation Services",6.48,+3.51%,1,Sell,"100% Sell",-39.72,-38.34%,7.64,7.07,7.79,6.69,41.46,-56.95,-36.14,171002,Strongest,Strong,53.00%,1.11,6.39,6.98,15%
NAII,"Natural Alternativ","Medical - Drugs",2.16,-5.68%,2,Sell,"100% Sell",-39.74,-42.09%,2.46,2.28,2.63,2.19,46.8,-60.7,-52.31,28813,Strengthening,Strong,49.18%,0.08,1.98,2.4,43%
SAMG,"Silvercrest Ast Cm A","Finance - Investment Mgmt",10.09,-0.30%,2,Sell,"100% Sell",-40.08,-38.74%,11.3,10.24,12.37,10.12,48.35,-57.35,-46.22,43909,Average,Strong,49.25%,0.61,9.81,10.44,45%
CPNG,"Coupang Cl A","Internet Commerce",16.52,+1.79%,5,Sell,"88% Sell",-41.22,-42.30%,17.45,16.85,17.93,16.31,51.3,-60.91,-42.62,21123344,Average,Soft,70.30%,0.69,15.73,16.9,68%
IMA,"Imagenebio Inc","Medical - Biomedical",5.34,+0.19%,4,Sell,"88% Sell",-41.46,-60.33%,5.71,5.77,5.9,5.64,40.25,-78.94,-35.26,132680,Strengthening,Soft,13.56%,0.42,5.32,5.96,3%
DUKR,"Duke Robotics Corp","Aerospace - Defense",5.62,+2.18%,5,Hold,"64% Sell",-42.09,-29.75%,7.04,5.52,7.36,5.5,52.41,-48.36,-20.93,15208,Weakening,Good,59.26%,2.53,5.25,5.75,73%
MLCO,"Melco Resorts & Entertainment ADR",Gaming,5.32,+2.90%,2,Sell,"88% Sell",-42.36,-47.17%,5.53,5.44,5.63,5.48,44.17,-65.78,-42.37,2094506,Strengthening,Soft,37.93%,0.66,5.27,5.69,12%
TU,"Telus Corp","Diversified Comm Services",9.67,-0.92%,1,Sell,"100% Sell",-42.39,-41.18%,11.29,10.25,12.03,9.74,41.2,-59.79,-39.23,6391089,Strongest,Maximum,41.43%,0.82,9.46,10.01,38%
DFH,"Dream Finders Homes Inc Cl A","Building - Residential & Comm",14.76,+2.71%,1,Sell,"72% Sell",-42.78,-47.12%,14.9,15.28,15.64,14.59,49.59,-65.73,-26.33,602183,Weakening,Weak,39.42%,0.46,13.46,15.71,58%
YB,"Yuanbao Inc ADR","Insurance - Multi Line",13.49,-1.60%,4,Sell,"100% Sell",-42.94,-42.12%,14.94,14.08,16.39,13.75,46.3,-60.73,-46.07,44518,Strengthening,Strong,60.96%,0.51,13.21,14.28,26%
LPA,"Logistic Properties of The Americas","Real Estate Operations",3.05,-0.65%,5,Hold,"32% Sell",-43.21,-51.89%,3.28,3.26,3.1,3.13,44.8,-70.5,-0.93,147874,Weakening,Minimum,25.40%,0.04,2.81,3.46,37%
ECC,"Eagle Point Credit Inc","Finance - Investment Mgmt",3.9,+1.56%,6,Buy,"40% Sell",-43.35,-46.87%,3.91,3.78,4.03,3.84,58.95,-65.48,-44.94,1565906,Weakest,Weak,66.36%,1.54,3.77,3.91,93%
ELTX,"Elicio Therapeutics Inc","Medical - Biomedical",2.84,-5.33%,5,Sell,"100% Sell",-43.43,-72.53%,7.12,3.27,8.15,3.06,36.38,-91.14,-76.97,624300,Strengthening,Strong,13.49%,0.5,2.87,3.25,-8%
NKLR,"Terra Innovatum Global N.V.","Electrical Power",5.64,-6.16%,6,Buy,"72% Buy",-43.44,N/A,5.6,5.3,5.25,5.87,49.04,N/A,9.43,578407,Average,Soft,29.40%,1.42,5.39,6.36,26%
CPSH,"Cps Technologies","Electronics - Misc Components",3.8,-3.06%,6,Sell,"88% Sell",-43.57,+10.14%,5.29,4.57,5,4.15,38.97,-8.47,10.33,748654,Strongest,Soft,9.25%,0.35,3.7,4.61,11%
FTLF,"Fitlife Brands Inc","Medical Products",9.79,-3.11%,3,Sell,"88% Sell",-43.67,-47.61%,10.21,10.58,11.6,10.12,43.17,-66.22,-52.5,22592,Strengthening,Average,20.29%,0.3,9.44,10.8,25%
HCKT,"Hackett Grp Inc",Consulting,11.34,+1.43%,5,Buy,"24% Sell",-43.74,-45.08%,11.21,10.68,12.32,11.09,56.82,-63.69,-54.88,338073,Weakening,Weak,66.85%,0.44,10.49,11.7,70%
SFHG,"Samfine Creation Holdings Group","Printing - Commercial",2.39,-2.85%,5,Buy,"88% Sell",-43.80,-34.07%,2.44,2.42,2.57,2.41,48.02,-52.68,-47.61,82656,Strengthening,Average,64.41%,0.05,2.25,2.56,44%
CNCK,"Coincheck Group N.V.","Finance - Misc Services",2.11,+1.44%,2,Sell,"24% Sell",-43.86,-59.03%,2.07,2.3,2.14,2.09,47.82,-77.64,-28.92,565067,Weakest,Weak,49.56%,0.2,1.89,2.29,55%
PRT,"Permrock Royalty Trust Trust Units","Oil - US Integrated",2.22,-0.45%,6,Hold,"88% Sell",-44.10,-46.05%,2.38,2.23,2.72,2.22,50.18,-64.66,-33.08,56223,Average,Average,39.90%,0.56,2.18,2.25,56%
ZTS,"Zoetis Inc Cl A","Medical - Drugs",77.34,+3.09%,2,Sell,"72% Sell",-44.49,-50.04%,85.41,75.67,97.79,75.58,53.29,-68.65,-51.18,5718152,Weakest,Good,70.90%,0.75,72.36,78.79,77%
XYF,"X Financial ADR","Finance - Misc Services",5.54,+2.59%,8,Buy,"56% Buy",-44.63,-62.64%,4.92,5.04,4.9,5.34,59.66,-81.25,-13.72,151846,Strongest,Weak,59.35%,1.53,5.07,5.61,86%
LVO,"Liveone Inc","Audio & Video Products",3.87,-2.27%,2,Sell,"88% Sell",-44.67,-31.60%,5.24,4.83,5.16,4.05,40.87,-50.21,-30.66,80729,Strengthening,Strong,23.18%,0.56,3.55,4.56,32%
EGG,"Enigmatig Limited Cl A","Business Services",2.84,+0.35%,1,Sell,"88% Sell",-44.79,-51.29%,6.35,5.17,6.11,3.22,34.09,-69.9,-58.55,171035,Strengthening,Strong,25.84%,0.03,2.71,3.72,13%
WBX,"Wallbox N.V. Cl A","Electronics Products - Misc",3.04,+4.83%,1,Sell,"40% Sell",-44.87,-25.58%,3.35,3.78,3.19,3.12,43.16,-44.19,17.26,68324,Weakest,Minimum,15.78%,0.28,2.69,3.55,40%
NVNO,"Envveno Medical Corp","Medical Instruments",10.75,-4.36%,4,Buy,"16% Sell",-44.99,-64.70%,10.78,10.75,10.73,10.82,49.62,-83.31,-16.91,17636,Weakest,Minimum,43.33%,0.17,9.96,11.68,46%
RBBN,"Ribbon Communications Inc","Communication Network Software",2.03,+1.50%,1,Sell,"100% Sell",-45.02,-50.61%,2.44,2.16,2.38,2.07,44.08,-69.22,-42.16,841082,Strengthening,Average,26.32%,0.76,1.97,2.17,32%
FBYD,"Falcon's Beyond Global Cl A","Conglomerates - Div Operations",9.87,-1.20%,4,Sell,"56% Sell",-45.19,+34.65%,13.25,12.56,11.12,10.18,40.77,16.04,-46.89,129475,Average,Weak,35.26%,0.51,9.23,11.13,34%
HIVE,"Hive Digital Technologies Ltd","Finance - Misc Services",2.78,-9.31%,6,Sell,"56% Sell",-45.20,-5.61%,3.18,3.17,2.85,2.85,46.2,-24.22,-5.09,18802053,Strengthening,Weak,46.98%,0.68,2.54,3.15,38%
PCT,"Purecycle Technologies Inc","Waste Removal Svcs",6.5,-2.26%,9,Hold,"96% Sell",-45.41,-55.57%,8.2,7.01,7.94,6.96,42.64,-74.18,-36.98,4660409,Strongest,Average,14.96%,0.42,6.41,7.51,9%
LFVN,"Lifevantage Corp","Medical - Dental Suppliers",6.36,-1.47%,6,Buy,"72% Buy",-45.60,-51.49%,6.29,6.42,5.82,6.61,43.56,-70.1,-9.48,254886,Weakening,Weak,41.34%,0.78,6.33,6.89,5%
AMBO,"Ambow Education Holding Ltd ADR",Schools,2.12,+1.44%,3,Sell,"88% Sell",-45.78,-40.11%,2.29,2.17,2.25,2.04,51.54,-58.72,-35.84,94334,Weakening,Soft,72.54%,0.03,1.87,2.21,74%
VTSI,"Virtra Systems Inc","Electronics - Military",3.05,-0.65%,7,Buy,"80% Sell",-46.38,-49.67%,3.51,3.11,3.78,3.11,46.58,-68.28,-40.03,53433,Average,Strong,20.60%,0.72,2.93,3.29,34%
VRCA,"Verrica Pharmaceuticals Inc","Medical - Drugs",5.69,+12.23%,2,Hold,"64% Sell",-46.47,+2.52%,5.91,5.52,5.9,5.08,61.08,-16.09,-44.18,134632,Weakening,Soft,49.23%,5.34,4.58,5.58,111%
PW,"Power REIT","REIT - Equity Trust Other",7.65,-0.65%,1,Sell,"56% Sell",-46.50,-34.89%,8.27,8.71,8.39,7.85,41.15,-53.5,-25.25,28077,Average,Weak,36.40%,0.39,7.51,8.18,21%
FIRY,"Firy Inc","Conglomerates - Div Operations",9.84,-3.43%,2,Buy,"88% Buy",-46.52,+11.56%,8.14,9.32,6.51,9.86,52.46,-7.05,115.66,577456,Weakening,Strong,50.69%,0.11,9.13,10.59,49%
RENT,"Rent The Runway Inc Cl A","Retail - Apparel & Shoes",3.59,-0.55%,2,Buy,"56% Sell",-47.26,-36.35%,3.88,3.43,4.46,3.64,50.49,-54.96,-67.26,112929,Average,Average,33.33%,0.52,3.49,3.79,32%
PLCE,"Children's Place Inc","Retail - Apparel & Shoes",2.47,+0.82%,5,Sell,"100% Sell",-47.62,-48.11%,3.09,2.73,3.35,2.52,45.24,-66.72,-50.59,416474,Strengthening,Good,58.87%,0.26,2.26,2.78,41%
XBP,"Xbp Global Holdings Inc","Internet - Software",2.94,+2.44%,1,Hold,Hold,-47.92,-50.43%,2.7,2.75,3.89,2.9,52.65,-69.04,-69.48,19947,Falling,,53.88%,0.21,2.68,3.13,58%
ARQ,"Arq Inc","Chemical - Specialty",2.16,-1.82%,8,Buy,"88% Sell",-47.92,-71.73%,2.35,2.21,2.57,2.19,47.54,-90.34,-46.59,502242,Average,Weak,29.69%,0.39,1.99,2.38,43%
KRKR,"36Kr Holdings Inc ADR","Business Information",3.15,+3.45%,8,Buy,"40% Sell",-48.37,-30.00%,3.21,2.9,3.47,3.09,55.49,-48.61,-46.47,15847,Weakest,Weak,43.33%,0.6,2.88,3.3,65%
BUR,"Burford Capital Ltd","Finance - Misc Services",4.36,+0.93%,5,Buy,"40% Sell",-48.86,-68.27%,4.44,4.24,5.68,4.32,52.72,-86.88,-63.77,2610260,Weakest,Soft,53.33%,0.55,4.18,4.46,63%
OFS,"Ofs Capital Corp","Finance - SBIC & Commercial",3.72,+0.81%,6,Buy,"16% Sell",-48.87,-55.48%,3.64,3.56,3.73,3.63,58.48,-74.09,-34.5,80780,Weakening,Minimum,50.00%,0.88,3.46,3.81,75%
PDCC,"Pearl Diver Credit Company Inc","Finance - Misc Services",8.8312,+0.35%,1,Sell,"100% Sell",-49.18,-49.22%,9.9,9.34,10.58,8.87,40.44,-67.83,-49.25,6873,Weakening,Good,18.88%,0.4,8.66,9.09,41%
XPEV,"Xpeng Inc ADR","Auto - Foreign",11.53,+1.77%,1,Sell,"100% Sell",-49.40,-47.38%,14.39,12.56,15.57,11.83,42.5,-65.99,-55.8,7949798,Average,Maximum,36.44%,0.71,11.24,12.41,25%
LAC,"Lithium Americas Corp","Mining - Misc",3.07,-3.15%,11,Sell,"100% Sell",-49.54,+3.37%,4.12,3.29,4.28,3.15,45.19,-15.24,-42.24,11635797,Strongest,Strong,36.76%,0.8,2.89,3.41,35%
NNE,"Nano Nuclear Energy Inc","Other Alt Energy",17.97,-6.60%,11,Hold,"96% Sell",-49.93,-47.91%,22.05,18.91,23.05,18.73,46.8,-66.52,-37.81,2179515,Strongest,Good,23.82%,0.88,17.24,20.21,25%
INLX,"Intellinetics Inc","Internet - Content",5.5,+4.76%,5,Sell,"100% Sell",-50.07,-50.89%,6.72,5.89,7.27,5.53,46.89,-69.5,-43.7,3199,Average,Strong,21.14%,2.99,5.19,5.87,45%
BBAI,"Bigbear.Ai Holdings Inc","IT Services",3.05,-4.39%,8,Hold,"96% Sell",-50.53,-40.89%,3.64,3.19,3.8,3.15,46.43,-59.5,-56.17,51610895,Strengthening,Good,17.54%,0.66,2.91,3.39,29%
FLO,"Flowers Foods","Food - Misc & Diversified",7.1,+1.72%,1,Sell,"100% Sell",-51.14,-52.38%,7.87,7.71,8.47,7.25,43.6,-70.99,-47.39,5916166,Weakening,Average,34.60%,0.79,6.92,7.57,27%
CLRB,"Cellectar Biosciences Inc","Medical Products",2.53,-0.39%,5,Sell,"100% Sell",-51.19,-46.06%,2.72,2.59,2.84,2.57,46.61,-64.67,-26.89,371170,Strengthening,Weak,34.67%,0.33,2.48,2.66,28%
NLOP,"Net Lease Office Properties","REIT - Equity Trust Other",11.51,0.00%,2,Buy,"56% Sell",-52.38,-61.25%,11.85,11.5,13.05,11.6,47.41,-79.86,-68.02,204725,Weakening,Weak,45.95%,0.49,11.29,11.92,35%
MLGO,"Microalgo Inc","Technology Services",4.04,-2.42%,5,Hold,"96% Sell",-52.65,-55.51%,4.33,4.15,4.18,4.14,44.28,-74.12,-21.25,230048,Strengthening,Weak,31.13%,0.48,3.98,4.3,19%
ASTI,"Ascent Solar Technologies",Solar,2.92,-6.11%,7,Sell,"88% Sell",-53.25,+43.14%,4.61,3.7,4.94,3.22,37.03,24.53,-41.6,1733641,Strongest,Average,16.72%,0.79,2.86,3.59,9%
FAC,"Factorial Energy Inc","Technology Services",4.91,-6.65%,5,Sell,"100% Sell",-53.44,-51.00%,9.33,7.09,9.65,5.36,40.14,-69.61,-64.96,294882,Strongest,Strong,30.87%,0.89,4.31,6.42,29%
LBGJ,"Li Bang International Corporation Inc","Steel - Specialty",2.95,-5.75%,3,Sell,"100% Sell",-53.59,-99.99%,158.44,111.98,2902.84,3.28,31.67,-118.6,-112.63,187177,Weakening,Average,22.66%,0.1,2.59,3.96,26%
CWH,"Camping World Holdings Inc","Auto - Truck Original Parts",6.53,+1.56%,5,Sell,"88% Sell",-53.66,-62.58%,6.92,6.58,7.75,6.44,51.7,-81.19,-45.54,2621946,Weakest,Soft,52.56%,0.62,6.13,6.75,64%
SRAD,"Sportradar Group Ag Cl A","Internet - Software",12.94,+1.25%,2,Sell,"100% Sell",-53.80,-58.70%,14.25,14.17,15.48,13,43.84,-77.31,-58.21,2747357,Strengthening,Average,20.41%,0.84,12.35,13.65,46%
LIVE,"Live Ventures","Conglomerates - Div Operations",9.19,-1.29%,2,Sell,"100% Sell",-54.37,-54.12%,10.96,10.09,12.6,9.77,40.8,-72.73,-50.56,8938,Strengthening,Strong,21.81%,0.36,8.9,10.65,17%
DRIO,"Dario Health Corp","Medical Instruments",6.77,0.00%,3,Hold,"80% Sell",-54.38,-33.50%,7.33,7.09,8.13,7.3,42,-52.11,-53.16,18739,Average,Average,17.25%,0.76,6.72,7.88,5%
QUBT,"Quantum Computing Inc","Internet - Software",8.15,-5.78%,5,Sell,"88% Sell",-54.46,-49.38%,9.32,8.7,8.92,8.72,44.85,-67.99,-33.22,16538635,Strengthening,Weak,28.44%,0.74,8.07,9.38,6%
Z,"Zillow Group Cl C","Internet - Services",35.66,+0.65%,6,Buy,"40% Sell",-54.57,-58.19%,36.41,33.38,40.23,35.1,53.92,-76.8,-60.38,3897740,Weakest,Soft,56.04%,0.71,32.87,37.33,63%
ASPS,"Altisource Portfolio","REIT - Mortgage Trusts",5.5,-1.35%,4,Sell,"100% Sell",-54.73,-51.58%,6.38,6.19,6.34,5.56,43.92,-70.19,-33.51,24338,Strengthening,Soft,42.57%,0.16,5.3,5.82,39%
SLDP,"Solid Power Inc Cl A","Auto - Truck Original Parts",2.33,-1.89%,8,Sell,"88% Sell",-54.78,-49.02%,2.77,2.36,3.02,2.31,49.85,-67.63,-57.83,5769727,Average,Average,49.40%,0.6,2.16,2.47,55%
LUD,"Luda Technology Group Limited","Steel - Specialty",4.3,+0.23%,3,Sell,"88% Sell",-55.53,-26.10%,4.94,4.43,5.14,4.27,49.42,-44.71,-45.67,79442,Weakening,Average,37.97%,0.17,4.09,4.45,58%
OWLS,"Obook Holdings Inc Cl A","Finance - Misc Services",5.46,-0.91%,2,Buy,"88% Sell",-55.56,N/A,5.68,5.52,5.76,5.47,47.21,N/A,-30.91,36555,Strengthening,Soft,61.67%,0.98,5.29,5.64,48%
OIO,"Oio Group","Conglomerates - Div Operations",2.02,-2.56%,3,Sell,"88% Sell",-55.82,-74.91%,2.81,2.04,5.17,1.89,52.73,-93.52,-95.84,51684,Weakening,Average,56.05%,1.11,1.69,2.08,83%
SMPL,"The Simply Good Foods Company","Food - Confectionery",10.93,+7.05%,4,Sell,"100% Sell",-55.82,-61.84%,11.86,11.57,13.25,11,48.53,-80.45,-58.22,2349976,Weakening,Average,20.87%,0.73,10.44,11.55,44%
HIMS,"Hims & Hers Health Inc","Medical Information Systems",28.84,-8.91%,6,Sell,"24% Buy",-55.97,-34.63%,29.22,32.11,26.39,30.55,45.64,-53.24,-23.83,24070070,Weakest,Minimum,38.58%,0.99,27.41,33.68,23%
HUHU,"Huhutech International Group Inc","Machinery - General Industrial",4.16,-3.70%,3,Sell,"100% Sell",-55.99,-32.69%,7.94,6.17,7.64,4.91,32.49,-51.3,-71.46,38446,"Top 1%",Strong,14.02%,0.1,4.11,5.71,3%
CMCM,"Cheetah Mobile Inc ADR","Internet - Software",3.3,+10.37%,6,Buy,"56% Sell",-56.15,-40.65%,4.03,3.09,4.81,3.07,57.98,-59.26,-57.65,22639,Weakest,Strong,37.16%,1.1,2.8,3.33,94%
BXBL,"Boxabl Inc","Real Estate Developers",4.01,-6.31%,2,Sell,"100% Sell",-56.38,-59.89%,8.58,6.95,9.08,4.41,35.87,-78.5,-72.71,154612,Strongest,Maximum,24.88%,1,3.91,4.91,10%
CNF,"Cnfinance Holdings Ltd ADR","Finance - Mortgage & Rel Svs",2.195,+1.15%,4,Sell,"100% Sell",-56.74,-46.46%,2.78,2.47,3.52,2.25,43.22,-65.07,-76.37,9803,Average,Strong,23.99%,0.06,2.12,2.39,28%
SSII,"Ss Innovations International Inc","Technology Services",3.48,+1.75%,3,Sell,"96% Sell",-56.87,-50.29%,3.88,3.68,4.11,3.68,41.84,-68.9,-51.38,72079,Strengthening,Average,32.00%,0.2,3.4,3.97,14%
UPST,"Upstart Holdings Inc","Finance - Misc Services",29.08,-4.53%,5,Sell,"100% Sell",-56.88,-60.57%,30.75,30.68,30.74,30.02,45.98,-79.18,-46.15,4766941,Strengthening,Soft,54.43%,1.11,28.76,31.28,13%
ROLR,"High Roller Technologies Inc",Gaming,5.97,-4.02%,7,Sell,"8% Sell",-57.24,+109.25%,6.44,6.16,5.81,6.07,47.16,90.64,177.16,1475342,Weakening,Minimum,61.03%,0.29,5.48,6.65,42%
RYOJ,"Ryojbaba Co. Ltd","Business Services",5.76,-6.19%,4,Buy,"100% Buy",-57.45,+145.11%,3.35,4.19,3.09,5.09,61.76,126.5,76.2,397575,Strengthening,Maximum,90.59%,0.04,4.17,6.01,86%
PLBL,"Polibeli Group Ltd Cl A",Unclassified,5.62,-5.23%,3,Sell,"88% Sell",-57.88,-43.80%,7.1,7.11,7.79,6.12,42.03,-62.41,-61.37,91521,Strongest,Strong,29.15%,1.28,5.36,6.88,17%
HURA,"Tuhura Biosciences Inc","Medical - Biomedical",2.11,-0.94%,7,Sell,"8% Sell",-57.92,-24.91%,2.32,2.26,2.01,2.18,46.43,-43.52,166.19,927758,Weakest,Minimum,22.60%,0.23,1.96,2.4,34%
AGNT,"Agnt Inc","Real Estate Operations",4.24,+0.71%,5,Hold,"96% Sell",-58.15,-60.45%,5.04,4.53,5.73,4.35,45.31,-79.06,-65.8,1253999,Average,Good,23.56%,0.66,4,4.7,34%
SKK,"Skk Holdings Limited","Engineering & R&D Services",4.47,-1.32%,3,Hold,"48% Buy",-58.59,+5.80%,4.25,4.78,3.76,4.72,46.48,-12.81,48.9,294849,Weakest,Soft,11.39%,0.01,3.87,5.56,35%
RENX,"Renx Enterprises Corp","Real Estate Developers",2.01,-2.20%,7,Hold,"48% Sell",-58.70,-91.50%,2.02,1.93,2.27,1.96,54.08,-110.11,-59.89,1158307,Weakest,Weak,79.32%,0.77,1.84,2.08,70%
AIV,"Apartment Investment and Management","REIT - Equity Trust Resident",2.55,+1.59%,4,Sell,"100% Sell",-58.95,-67.47%,3.34,2.73,3.87,2.61,34.28,-86.08,-69.72,2007736,Weakening,Strong,16.78%,1.52,2.53,2.7,14%
KULR,"Kulr Technology Group Inc","Electronics - Semiconductors",2.58,-3.01%,8,Sell,"88% Sell",-59.93,-46.91%,3.18,3.01,3.07,2.72,42.5,-65.52,-25.49,1810157,Strongest,Soft,38.43%,0.46,2.47,2.97,22%
NCTY,"The9 Ltd ADR","Internet - Content",4.4,-6.38%,6,Buy,"72% Sell",-60.27,-52.89%,4.94,4.55,5.23,4.64,47.67,-71.5,-43.58,75289,Weakening,Soft,28.74%,1.05,3.78,5.5,36%
THH,"Tryhard Holdings Limited","Business Services",2.05,-4.65%,5,Sell,"100% Sell",-60.53,-96.59%,3.04,2.57,3.82,2.46,37.56,-115.2,-111.54,155241,Strengthening,Average,6.13%,0.26,2,2.92,5%
CNSP,"Cns Pharmaceuticals Inc","Medical - Biomedical",5.52,+0.10%,4,Buy,"72% Buy",-60.57,-11.85%,4.75,5.17,4.3,5.53,51.13,-30.46,-7.45,462778,Average,Weak,48.02%,0.39,4.97,6.09,49%
PDC,"Perpetuals.com Ltd ADR","Technology Services",2.82,-6.93%,2,Sell,"100% Sell",-61.16,+11.02%,5.22,3.92,5.11,3.09,36.41,-7.59,-69.1,88415,"Top 1%",Strong,23.13%,0.05,2.86,3.31,-9%
FUBO,"Fubo TV","Broadcast - Radio & TV",10.3,+1.98%,6,Buy,"24% Sell",-62.36,-75.34%,10.25,9.59,12.1,10.02,53.84,-93.95,-78.59,1463634,Weakest,Weak,56.55%,0.53,9.03,11.01,64%
ASPI,"Asp Isotopes Inc","Chemical - Diversified",3.88,-3.96%,6,Sell,"100% Sell",-63.48,-63.17%,5.29,4.69,5.33,4.11,41.53,-81.78,-40.13,5005324,Strongest,Good,19.97%,0.7,3.77,4.44,16%
FOXX,"Foxx Development Holdings Inc","Consumer Prdts - Misc Discr",2.7,-1.46%,8,Buy,"72% Sell",-63.58,-50.91%,3.7,2.82,3.98,2.69,47.44,-69.52,-54.46,803248,Strengthening,Strong,56.36%,0.35,2.31,3.07,51%
RGC,"Regencell Bioscience Holdings Ltd","Medical - Biomedical",5.5,-0.36%,2,Sell,"88% Sell",-64.76,-64.01%,16.04,6.12,19.7,5.48,41.68,-82.62,-86.46,292077,Weakening,Strong,48.71%,0.21,4.92,6.05,51%
CGTL,"Creative Global Technology Ltd","Consumer Prdts - Misc Discr",4.26,-4.91%,2,Hold,"96% Sell",-64.85,-54.55%,8.41,4.68,17.02,4.3,44.19,-73.16,-88.78,303730,Strengthening,Average,39.69%,0.1,3.53,5.06,48%
IMSR,"Terrestrial Energy Inc","Other Alt Energy",5.1,-7.10%,7,Sell,"100% Sell",-65.20,-56.67%,6.64,5.78,6.81,5.52,43.75,-75.28,-29.18,2447914,Strongest,Average,20.72%,0.53,4.99,6.05,10%
MCRB,"Seres Therapeutics Inc","Medical - Biomedical",5.11,+3.23%,5,Sell,"88% Sell",-65.75,-73.09%,6.6,5.61,7.85,4.77,52.65,-91.7,-78.31,96967,Weakest,Good,74.05%,0.36,4.3,5.25,85%
GLMD,"Galmed Pharmaceutica","Medical - Drugs",4.16,-3.27%,4,Sell,"100% Sell",-66.78,-62.27%,4.78,4.46,4.84,4.45,44.35,-80.88,-43.28,232165,Strongest,Soft,33.18%,0.08,3.98,4.92,20%
RAY,"Raytech Holding Limited","Retail - Consumer Electronics",2.75,+2.61%,5,Sell,"100% Sell",-66.85,-75.09%,3.07,2.89,3.44,2.84,46.49,-93.7,26.94,34707,Average,Weak,31.20%,0.33,2.65,3.03,27%
DAVA,"Endava Plc ADR","IT Services",3.21,-2.43%,6,Buy,"40% Sell",-67.16,-78.12%,3.35,2.93,3.93,3.09,57.26,-96.73,-61.86,520880,Weakest,Weak,75.92%,0.82,2.88,3.3,78%
HIND,"Vyome Holdings Inc","Medical - Drugs",2.2,-0.23%,8,Buy,"16% Sell",-67.23,-77.03%,2.17,2.18,2.3,2.21,50.67,-95.64,-48.55,284479,Weakest,Minimum,39.72%,0.17,2.11,2.31,47%
GLOO,"Gloo Holdings Inc","Internet - Software",3.41,+0.89%,6,Sell,N/A,-67.47,N/A,4.8,3.59,5.07,3.4,48.91,N/A,-52.72,N/A,N/A,N/A,39.51%,0.22,3.2,3.59,53%
TC,"Token Cat Limited ADR","Internet Commerce",2.09,+8.29%,3,Sell,"88% Sell",-68.47,-83.01%,6.36,3.04,7.71,2.06,43.63,-101.62,-82.66,570853,Weakening,Strong,21.59%,0.14,1.82,2.29,57%
SUNE,"Sunation Energy Inc","Other Alt Energy",2.16,-1.82%,7,Sell,"40% Buy",-69.92,+45.45%,2.07,2.46,1.9,2.4,42.41,26.84,97.06,3727373,Weakest,Weak,7.91%,0.02,2.06,2.74,15%
AQMS,"Aqua Metals Inc","Waste Removal Svcs",2.73,-2.85%,4,Sell,"88% Sell",-70.14,-24.38%,3.49,2.78,3.86,2.72,47.55,-42.99,-55.78,153514,Average,Average,47.03%,0.64,2.51,2.93,52%
PLYX,"Polaryx Therapeutics Inc","Medical - Biomedical",2.06,-2.37%,5,Hold,N/A,-70.63,N/A,3.12,2.27,0,2.17,45.26,N/A,N/A,N/A,N/A,N/A,28.51%,0.79,1.86,2.49,32%
FABC,"Fabric.Ai Inc","Technology Services",2.69,-3.58%,7,Hold,"80% Sell",-70.73,-57.23%,3.3,2.84,3.02,2.78,46.14,-75.84,-2.85,847869,Strengthening,Weak,33.26%,0.41,2.6,2.96,24%
STEM,"Stem Inc","IT Services",5.44,-4.56%,7,Sell,"100% Sell",-70.83,-65.37%,7.96,6.34,9.14,5.78,41.16,-83.98,-76.5,170930,Strengthening,Strong,15.22%,0.8,5.3,6.25,15%
LNZA,"Lanzatech Global Inc","Waste Removal Svcs",6.17,-0.80%,6,Buy,"56% Sell",-71.23,-71.26%,11.53,6.04,12.02,6.24,48.71,-89.87,-67.81,69637,Weakening,Average,46.45%,0.25,5.93,6.55,38%
ANPA,"Rich Sparkle Holdings Limited","Business Services",3.98,-4.10%,5,Buy,"80% Sell",-71.33,-91.40%,5.51,4.22,13.06,4.22,44.55,-110.01,-94.68,97574,Weakening,Average,19.07%,0.41,3.69,4.75,27%
SMR,"Nuscale Power Corp","Electrical Power",9.29,-4.62%,9,Hold,"64% Sell",-71.48,-74.53%,10.37,9.24,11.42,9.39,50.11,-93.14,-47.09,29581408,Weakening,Weak,52.37%,1.17,8.75,10.03,42%
SSTK,"Shutterstock Inc","Internet - Content",5.97,+8.74%,3,Sell,"88% Sell",-71.52,-71.12%,11.88,7.84,13.64,5.68,45.57,-89.73,-81.39,544584,Weakening,Maximum,55.20%,1,5.12,6.23,76%
CANF,"Can-Fite Biopharma Ltd ADR","Medical - Drugs",3.4,+0.89%,4,Buy,"8% Buy",-71.88,-74.38%,3.23,3.31,3.49,3.36,52.74,-92.99,-27.65,964775,Average,Minimum,40.01%,0.01,3.14,3.59,58%
OKLO,"Oklo Inc","Other Alt Energy",40.14,-5.62%,5,Sell,"100% Sell",-71.89,-48.47%,55.26,45.71,57.99,43.29,43.75,-67.08,-56.71,11434543,Strongest,Average,21.78%,1.17,38.88,47.7,14%
NCEL,"Newcelx Ltd","Medical - Biomedical",3.19,-6.73%,2,Sell,"8% Buy",-72.15,-85.50%,3.43,3.6,3.16,3.36,42.35,-104.11,55.24,60536,Weakening,Minimum,47.06%,0.56,3.14,3.58,11%
ICU,"Seastar Medical Hldg Corp","Medical Services",3.09,-0.32%,3,Sell,"56% Sell",-72.71,-63.48%,3.77,3.68,3.4,3.25,39.24,-82.09,16.1,136221,Weakening,Weak,8.58%,0.21,2.9,3.6,27%
PAVM,"Pavmed Inc","Medical Instruments",4.92,-2.96%,7,Sell,"100% Sell",-73.09,-64.96%,6.19,5.2,7.42,5.02,46.02,-83.57,-38.37,326481,Strengthening,Good,65.76%,0.33,4.46,5.58,41%
WNW,"Meiwu Technology Ltd","Technology Services",2.79,-15.71%,6,Hold,"80% Sell",-73.12,-98.41%,3.32,3,40.49,2.63,50.52,-117.02,-110.64,847582,Weakening,Average,35.64%,0.78,2.24,3.02,70%
SOC,"Sable Offshore Corp","Oil - US Integrated",4.49,-3.65%,4,Sell,"100% Sell",-73.18,-83.99%,9.18,4.97,10.19,4.6,44.63,-102.6,-62.87,8076946,Strongest,Average,49.14%,0.44,3.93,5.28,41%
DOMO,"Domo Inc Cl B","Internet - Software",3.86,-1.28%,5,Buy,"24% Buy",-73.45,-74.80%,3.5,3.51,3.75,3.85,55.02,-93.41,-66.86,1637915,Weakening,Minimum,46.15%,0.27,3.68,4.01,54%
FGNX,"Fg Nexus Inc","Finance - Investment Mgmt",8.13,+3.30%,5,Buy,"8% Buy",-73.87,-87.59%,6.56,6.44,7.06,7.37,61.91,-106.2,-53.52,125047,Weakening,Minimum,82.00%,1.2,6.54,8.2,96%
FJET,"Starfighters Space Inc","Transportation - Airline",3.48,-6.95%,6,Sell,N/A,-74.01,N/A,5.16,4.17,5.77,3.91,36.57,N/A,-82.78,N/A,N/A,N/A,15.88%,0.78,3.59,4.23,-18%
CDLX,"Cardlytics Inc","Technology Services",4.02,+0.25%,6,Sell,"100% Sell",-74.14,-62.08%,5.9,4.22,6.93,4.07,45.34,-80.69,-77.69,89297,Average,Strong,35.65%,0.13,3.64,4.5,44%
ZSQR,"Z Squared Inc","Internet - Software",3.86,-8.75%,2,Sell,"100% Sell",-74.76,-69.51%,9.41,6.62,10.28,4.05,39.3,-88.12,-85.56,233781,Strongest,Maximum,55.86%,0.3,3.42,4.67,35%
STI,"Solidion Technology Inc","Electronics Products - Misc",7.55,-2.33%,6,Sell,"40% Sell",-74.77,+141.99%,8.67,8.12,7.61,7.42,48.98,123.38,-6.16,961849,Weakest,Minimum,29.86%,0.21,6.44,8.4,57%
ARBK,"Argo Blockchain Plc ADR","Finance - Misc Services",2.87,-3.69%,5,Sell,"100% Sell",-74.85,-95.28%,3.33,3.11,3.25,2.91,41.94,-113.89,-28.49,55741,Strengthening,Weak,37.21%,0.71,2.8,3.02,32%
WKHS,"Workhorse Grp","Auto - Truck Original Parts",3.07,-3.15%,5,Buy,"24% Sell",-74.99,-81.33%,3.04,2.97,3.24,3.19,49.02,-99.94,-52.34,184361,Weakest,Minimum,31.79%,0.39,2.93,3.44,27%
FRMM,"Forum Markets Inc","Finance - Misc Services",5.86,+3.53%,6,Buy,"72% Buy",-75.57,-79.58%,5.08,5.78,4.49,5.91,50.84,-98.19,6.94,766792,Strengthening,Weak,43.92%,0.45,5.35,6.47,45%
EDHL,"Everbright Digital Holding Limited","Advertising Marketing Services",3.98,-0.43%,3,Hold,"8% Sell",-75.90,-45.88%,3.63,4.11,3.47,3.98,49.63,-64.49,-46.29,858697,Weakest,Minimum,48.04%,0.02,3.79,4.17,51%
TLRY,"Tilray Brands Inc","Medical Products",4.59,+0.44%,6,Buy,"56% Sell",-76.07,-68.78%,5.16,4.47,5.85,4.63,50.04,-87.39,-61.82,5893146,Weakest,Soft,42.20%,0.82,4.36,4.9,42%
ANY,"Sphere 3D Corp","Finance - Misc Services",2.2,-14.06%,6,Buy,"40% Sell",-76.18,-65.89%,2.24,2.27,2.04,2.23,48.7,-84.5,-38.73,1283648,Average,Minimum,48.39%,0.59,1.85,2.62,46%
CUPR,"Cuprina Holdings [Cayman] Limited","Medical - Biomedical",3.01,-3.83%,2,Sell,"56% Sell",-76.27,-59.06%,3.27,3.86,3.23,3.02,46.05,-77.67,-18.61,1061467,Weakening,Weak,55.90%,0,2.64,3.41,48%
LFS,"Leifras Co. Ltd ADR","Leisure & Recreation Services",2.27,-0.44%,2,Buy,"16% Sell",-76.44,N/A,2.23,2.27,2.32,2.33,49.14,N/A,-30.7,1533037,Weakening,Soft,6.22%,0.03,2.15,2.5,34%
AVX,"Avax One Technology Ltd","Finance - Misc Services",3.41,-2.29%,5,Sell,"88% Sell",-76.53,-88.54%,5.15,4.03,6.32,3.25,47.99,-107.15,-93.83,41306,Average,Weak,55.93%,0.49,2.8,3.69,68%
ASBP,"Aspire Biopharma Holdings Inc","Medical - Biomedical",8.51,+3.03%,8,Buy,"24% Sell",-76.66,-98.73%,8.01,6.9,18.03,7.7,62.85,-117.34,-107.27,278939,Weakening,Minimum,75.10%,0.4,6.83,8.58,96%
JDZG,"Jiade Limited",Schools,3.5,-1.96%,1,Sell,"100% Sell",-77.29,-99.21%,39.03,17.41,130.33,3.74,35.84,-117.82,-110.92,95144,Average,Average,53.17%,0.12,2.75,4.72,38%
DXST,"Decent Holding Inc","Waste Removal Svcs",2.63,0.00%,4,Buy,"8% Sell",-78.00,-91.23%,2.41,2.4,5.35,2.61,52.63,-109.84,-105.08,1446022,Weakest,Weak,22.13%,0.03,2.36,2.85,55%
BMGL,"Basel Medical Group Ltd","Medical Services",5.24,-3.85%,3,Sell,"100% Sell",-78.05,-77.95%,6.73,6.05,7.07,5.29,47.34,-96.56,-23.53,24095,Strengthening,Weak,74.95%,0.42,4.44,6.13,47%
MSAI,"Multisensor AI Holdings Inc","Internet - Software",5.37,-1.10%,7,Buy,"56% Sell",-78.39,-81.47%,5.58,5.29,7.52,5.41,50,-100.08,-66.04,118143,Weakest,Weak,27.30%,0.57,5.03,5.79,44%
IOTR,"Iothree Limited","Transportation - Ship",2.45,0.00%,2,Sell,"40% Sell",-79.25,-44.51%,2.82,2.91,2.71,2.7,39.3,-63.12,-12.45,895137,Average,Weak,15.96%,1.74,2.38,3.03,10%
ATPC,"Agape Atp Corp","Medical Products",2.38,+0.42%,4,Sell,"100% Sell",-79.50,-96.46%,2.75,2.7,2.78,2.47,43.86,-115.07,-67.96,2138049,Weakening,Weak,14.10%,0.01,2.31,2.64,21%
EEIQ,"Epicquest Education Group Intl Ltd",Schools,2.72,+2.64%,7,Buy,"56% Sell",-80.13,-69.14%,3.04,2.59,3.29,2.51,56.04,-87.75,-35.59,787865,Weakest,Weak,58.03%,0.17,2.13,2.89,78%
EDSA,"Edesa Biotech Inc","Medical - Biomedical",4.62,+0.43%,6,Sell,"72% Sell",-80.16,+93.31%,7.77,6.06,6.41,5.11,39.25,74.7,212.7,1518391,Average,Weak,23.53%,0.82,4.26,5.96,21%
MLEC,"Moolec Science Sa","Agriculture Operations",6.8,-0.15%,3,Hold,"80% Sell",-80.76,-65.65%,7.71,7.35,8.13,7.1,45.23,-84.26,65.41,504817,Strengthening,Weak,6.24%,0.15,6.37,7.84,29%
DKI,"Darkiris Inc Cl A",Gaming,3.57,-3.51%,3,Sell,"100% Sell",-80.97,-96.72%,5.54,4.4,5.99,3.92,36.6,-115.33,-42.04,277653,Strongest,Weak,13.86%,0.04,3.51,4.33,7%
JEM,"707 Cayman Holdings Limited","Textile - Apparel",4.6,-2.13%,2,Sell,"96% Sell",-81.40,-99.13%,15.31,10.92,19.24,4.6,43.51,-117.74,-101.81,491030,Strengthening,Soft,26.20%,0.06,3.21,5.99,50%
LENZ,"Lenz Therapeutics Inc","Medical - Biomedical",5.11,+6.24%,2,Sell,"88% Sell",-81.41,-86.62%,6.8,5.3,8.75,4.93,51.26,-105.23,-80.71,962168,Weakest,Average,16.55%,0.73,4.43,5.43,68%
HTCR,"Heartcore Enterprises Inc","Internet Software Services",2.58,-2.83%,6,Sell,"100% Sell",-82.47,-89.70%,2.97,2.72,3.64,2.63,48.42,-108.31,-70.46,43744,Average,Soft,40.00%,0.3,2.43,2.84,36%
TVGN,"Tevogen Inc","Medical Services",6.89,+2.07%,2,Buy,"40% Sell",-82.49,-84.73%,7.24,6.29,8.19,6.67,56.45,-103.34,-71.03,23489,Weakest,Weak,82.24%,0.17,6.23,7.11,75%
CRVO,"Cervomed Inc","Medical - Biomedical",2.6,-1.52%,6,Sell,"100% Sell",-82.73,-72.10%,3.24,3.01,3.66,2.74,42.2,-90.71,-79.74,1823933,Strengthening,Good,18.57%,0.1,2.43,3.05,27%
SPHL,"Springview Holdings Ltd","Building & Construction - Misc",2.53,+2.43%,3,Sell,"100% Sell",-82.89,-33.45%,2.75,2.69,2.96,2.64,43.87,-52.06,8.98,976165,Average,Soft,8.75%,0.03,2.4,2.87,27%
NVX,"Novonix Ltd ADR","Electronics Products - Misc",3.51,-2.77%,7,Sell,"100% Sell",-83.64,-75.28%,5.61,4.27,6.61,4.11,34.27,-93.89,-77.9,66322,Strongest,Strong,20.07%,3.05,3.6,4.63,-8%
SLMT,"Brera Holdings Plc Cl B",Gaming,4.17,-8.35%,7,Sell,"88% Sell",-84.14,-93.41%,5.61,4.62,7.34,4.13,47.63,-112.02,-90.35,107056,Weakening,Weak,57.80%,0.45,3.82,4.43,57%
HCAI,"Hauchen AI Parking Management Ltd","Technology Services",4.66,-3.52%,2,Sell,"100% Sell",-84.82,-76.03%,7.47,6.06,7.13,4.69,41.35,-94.64,-68.17,482514,Strengthening,Average,62.58%,0.22,4.31,5.07,46%
RGNT,"Regentis Biomaterials Ltd","Medical - Biomedical",2,-2.91%,7,Sell,N/A,-85.98,N/A,2.64,2.63,3.2,2.01,44.95,N/A,-82.98,N/A,N/A,N/A,36.32%,0.12,1.81,2.21,48%
GMM,"Global Mofy AI Limited","Technology Services",2.56,-5.54%,1,Sell,"100% Sell",-86.16,-97.63%,24.03,2.79,36.56,2.77,36.54,-116.24,-108.31,1473302,Average,Strong,36.05%,0,2.4,3.13,22%
ATGL,"Alpha Technology Group Limited","Technology Services",7.4,+2.49%,2,Sell,"100% Sell",-86.17,-75.00%,12.62,9.61,15.34,7.49,42.26,-93.61,-77.29,18490,Weakening,Maximum,17.38%,0.85,6.13,8.86,47%
APUS,"Apimeds Pharmaceuticals US Inc","Medical - Biomedical",3.87,-2.03%,1,Sell,"100% Sell",-86.27,-79.19%,10.86,6.33,12.57,4.51,35.35,-97.8,-89.05,33047,Strongest,Maximum,36.76%,0.11,3.87,5.16,0%
VRAX,"Virax Biolabs Group Limited","Medical - Biomedical",2.82,-4.08%,4,Hold,"96% Sell",-86.72,-81.66%,3.82,3.27,4.32,2.93,44.82,-100.27,-80.03,1014017,Strengthening,Soft,8.44%,0.02,2.6,3.27,33%
SOWG,"Sow Good Inc","Consumer Prdts - Misc Discr",3.16,+3.61%,7,Hold,"48% Sell",-86.77,-70.33%,2.84,3.36,4.25,3.18,49.32,-88.94,-51.43,149439,Weakest,Weak,47.92%,0.03,2.85,3.52,46%
CIIT,"Tianci International Inc","Transportation - Ship",3.07,-6.97%,4,Sell,"100% Sell",-87.23,-93.55%,9.05,4.32,16.1,3.51,34.8,-112.16,-99.46,287235,Average,Average,37.95%,0.05,3.15,3.88,-11%
SDOT,"Sadot Group Inc","Consumer Prdts - Misc Staple",14.51,-10.49%,4,Hold,"64% Sell",-89.01,-92.20%,17.61,19.07,26.78,13.14,49.13,-110.81,-52.69,1478209,Weakening,Weak,32.92%,0.08,6.72,19.55,61%
FOFO,"Hang Feng Technology Innovation Co. Ltd","Business Services",2.32,-4.13%,3,Sell,"100% Sell",-89.37,N/A,2.95,2.68,3.48,2.51,42.44,N/A,-88.66,106121,Strengthening,Average,62.99%,0.09,2.35,2.68,-9%
SXTC,"China Sxt Pharmaceuticals Inc","Medical - Drugs",3,-13.29%,4,Sell,"100% Sell",-90.31,-99.98%,121.02,91.86,161.56,4.29,23.66,-118.59,-112.63,325624,Weakening,Soft,17.69%,0.11,1.32,7.27,28%
HAO,"Haoxi Health Technology Limited Class A Ord Shar","Advertising Marketing Services",3.07,-3.15%,7,Sell,"100% Sell",-90.69,-99.90%,589.82,8.75,1422.65,3.42,19.77,-118.51,-112.54,126621,Weakening,Strong,20.70%,0.18,2.63,4.21,28%
BIRD,"Smartbird Inc","Shoes and Related Apparel",2.54,-8.30%,8,Hold,"64% Sell",-91.03,-61.63%,4.22,3.04,3.88,2.47,47.32,-80.24,-50.7,2454268,Weakening,Average,40.67%,0.68,2.22,2.71,65%
QNTM,"Quantum Biopharma Ltd","Medical - Biomedical",3.08,-1.76%,7,Buy,"88% Sell",-91.06,-82.17%,4.13,3.33,4,3.31,43.52,-100.78,-70.53,268078,Average,Weak,4.42%,0.46,2.83,3.8,26%
ASTC,"Astrotech Corp","Aerospace - Defense Equipment",7.15,+0.42%,6,Sell,"24% Sell",-91.53,+32.90%,9.91,8.62,7.59,8.05,40.72,14.29,94,2005736,Weakest,Minimum,5.87%,0.09,6.27,9.83,25%
HKIT,"Hitek Global Inc Ordinary Share","Technology Services",2.98,-3.98%,2,Sell,"100% Sell",-92.15,-99.95%,28.04,4,1624.31,3.03,35.9,-118.56,-112.61,247807,Weakening,Average,37.27%,0.06,2.72,3.34,41%
TDIC,"Dreamland Limited Cl A","Advertising Marketing Services",2.53,0.00%,4,Sell,"100% Sell",-92.15,-99.47%,16.63,3.52,17.92,2.66,44.76,-118.08,-101.74,550801,Weakening,Weak,1.55%,0.03,2.45,2.87,19%
LNAI,"Lunai Bioworks Inc","Medical Information Systems",2.37,+0.85%,2,Sell,"72% Sell",-92.31,-88.31%,2.63,2.67,3.11,2.31,50.32,-106.92,-79.05,1193290,Weakest,Weak,65.73%,0.13,2.08,2.54,62%
SPRC,"Scisparc Ltd","Medical - Drugs",6.58,-0.60%,2,Buy,"8% Buy",-92.36,-75.87%,6.38,6.09,5.95,6.72,50.39,-94.48,-58.89,489498,Weakest,Minimum,45.21%,0.37,6.42,7.01,27%
IMCC,"IM Cannabis Corp","Medical Products",3.41,-13.45%,7,Sell,"100% Sell",-92.65,-95.34%,6.31,4.02,12.69,3.58,43.71,-113.95,-104.47,73076,Weakening,Average,61.60%,0.61,3.01,4.15,35%
PCLA,"Picocela Inc ADR","Diversified Comm Services",6.97,-4.52%,5,Buy,"88% Buy",-92.97,-51.10%,4.79,5.72,4.47,6.92,52.42,-69.71,-35.72,800671,Average,Weak,10.44%,0.11,4.88,8.96,51%
VEEE,"Twin Vee Powercats Co.","Leisure & Recreational Prdcts",10.36,+0.68%,2,Hold,"48% Sell",-92.97,-85.74%,9.74,12.5,15.2,10.65,45.67,-104.35,-96.56,805987,Weakest,Weak,28.74%,0.01,8.58,12.72,43%
INLF,"Inlif Limited","Medical Products",3.85,-5.64%,3,Sell,"100% Sell",-93.05,-99.90%,381.57,5.81,682.96,4.64,23.73,-118.51,-112.4,991515,Weakening,Good,8.02%,0.01,3.3,5.98,20%
RAYA,"Erayak Power Solution Group Inc Cl A","Electronics Products - Misc",2.33,+2.37%,5,Sell,"100% Sell",-93.24,-98.01%,3.26,2.57,4.99,2.37,44.57,-116.62,-106.52,295105,Weakening,Weak,23.89%,0.23,2.2,2.54,38%
VSA,"Visionsys AI Inc ADR","Technology Services",3.42,+1.18%,6,Hold,"80% Sell",-94.31,-99.63%,4.69,3.56,7.68,3.4,48.83,-118.24,-98.58,507378,Weakest,Weak,22.57%,0.01,2.95,3.86,52%
PAVS,"Paranovus Entertainment Technology Ltd","Conglomerates - Div Operations",4.8,-11.44%,4,Sell,"100% Sell",-94.34,-99.99%,61.07,6.39,444.03,5.83,31.74,-118.6,-112.42,408908,Weakening,Weak,9.91%,0.02,4.12,7.54,20%
SEGG,"Sports Entertainment Gaming Global Corp",Gaming,2.83,+3.66%,2,Sell,"88% Sell",-94.40,-93.23%,6.65,4.29,6.92,2.61,39.97,-111.84,-57.27,652888,Weakening,Weak,69.33%,0.44,2.26,2.96,81%
WOK,"Work Medical Technology Group Ltd","Medical Instruments",2.33,-0.85%,9,Sell,"56% Sell",-94.70,-100.00%,47.17,2.15,75.41,2.19,42.39,-118.61,-111.58,414767,Weakest,Weak,31.61%,0.06,2,2.39,85%
FXHO,"Utime Ltd","Wireless Equipment",10.38,+2.87%,2,Sell,"100% Sell",-94.86,-99.76%,12.98,11.4,18.9,10.51,47.88,-118.37,-92.3,151144,Weakening,Weak,24.13%,0.24,8.27,12.76,47%
MNTS,"Momentus Inc","Aerospace - Defense",4.1,-3.98%,6,Sell,"100% Sell",-94.93,-83.48%,6.9,5.38,6.25,4.45,38.44,-102.09,-28.46,3221256,Strongest,Soft,13.67%,0.7,3.87,5.03,20%
ELPW,"Elong Power Holding Cl A","Electronics Products - Misc",3.55,-7.55%,3,Sell,"100% Sell",-95.38,-99.98%,60.28,16.77,753,4.43,32.64,-118.59,-112.6,218753,Weakening,Weak,17.19%,0.14,2.71,6.16,24%
NTCL,"Netclass Technology Inc Cl A","Internet - Software",2.4,-0.83%,1,Sell,"100% Sell",-95.46,-97.24%,18.96,3.95,18.47,2.61,36.85,-115.85,-98.76,65480,Weakening,Average,13.40%,0.16,2.19,3.02,25%
BTOG,"Bit Origin Ltd","Finance - Misc Services",3.1,-12.68%,3,Sell,"100% Sell",-96.22,-97.55%,7.54,5.01,9.58,3.88,33.06,-116.16,-106.64,142195,Strengthening,Soft,14.06%,0.56,3.21,4.55,-9%
CETX,"Cemtrex Inc","Conglomerates - Div Operations",2.59,-4.43%,6,Sell,"100% Sell",-96.32,-98.52%,5.87,2.88,7.56,2.83,37.78,-117.13,-102.65,480994,Average,Weak,17.24%,0.06,2.54,3.11,9%
AKAN,"Akanda Corp","Medical Products",3.89,-8.04%,2,Sell,"88% Sell",-96.80,-95.71%,13.27,8.32,10.24,4.81,35.63,-114.32,-74.84,1038964,Strongest,Weak,10.30%,0.27,3.43,6.2,17%
RBNE,"Robin Energy Ltd","Transportation - Ship",2.62,-3.68%,3,Sell,"100% Sell",-97.08,-98.21%,13.06,5.12,24.03,2.63,34.61,-116.82,-106.69,158819,Weakening,Soft,46.01%,0.13,2.24,3.02,49%
SMX,"Smx [Security Matters] Plc Cl A","Technology Services",16.61,-0.54%,5,Sell,"56% Sell",-97.36,-99.88%,48.88,16.15,399.12,16.23,47.71,-118.49,-111.58,53175,Weakest,Weak,59.70%,0.49,14.82,17.64,64%
BYAH,"Park Ha Biological Technology Co. Ltd","Consumer Prdts - Misc Staple",2.75,-2.14%,3,Sell,"100% Sell",-97.37,-98.67%,7.17,4.6,11.19,2.99,38.46,-117.28,-108.33,299165,Average,Weak,16.08%,0.03,2.48,3.5,26%
INHD,"Inno Holdings Inc","Electronic Misc Services",5.61,-6.50%,1,Buy,"56% Sell",-97.63,-99.77%,10.41,4.97,18.99,7.5,46.97,-118.38,-88.04,1853958,Weakening,Weak,5.77%,0.05,4.69,10.32,16%
AEHL,"Antelope Enterprise Hldg Ltd","Conglomerates - Div Operations",3.54,-30.45%,1,Sell,"100% Sell",-98.53,-98.89%,15.56,10.33,26.25,5.54,29.02,-117.5,-110.57,329948,Strengthening,Soft,20.46%,10.34,3.89,7.2,-11%
BIYA,"Baiya International Group Inc","Internet - Software",2.23,-5.51%,1,Sell,"100% Sell",-98.67,-98.56%,6.96,3.49,11.78,2.59,39.12,-117.17,-106.89,1859422,Weakening,Weak,8.25%,0,2.13,3.04,11%
VMAR,"Vision Marine Technologies Inc","Leisure & Recreational Prdcts",7.65,+1.86%,3,Sell,"88% Sell",-99.07,-99.86%,53.29,11.03,122.1,6.91,42.58,-118.47,-111.69,155971,Weakest,Weak,35.09%,0.16,5.52,8.31,76%
KIDZ,"Kidz AI Inc",Schools,4.68,-3.20%,1,Sell,"100% Sell",-99.56,-99.95%,66.6,8.56,296.24,5.14,34.3,-118.56,-112.3,350045,Weakening,Weak,43.03%,0.03,2.87,7.4,40%
VCIG,"Vci Global Limited Ordinary Share","Business Services",2.23,-16.17%,2,Sell,"100% Sell",-99.83,-99.99%,29.75,19.13,80.13,3.77,23.87,-118.6,-112.18,216590,Average,Weak,9.94%,0.47,2.28,5.27,-2%
MOBI,"Mobia Medical Inc","Medical Instruments",11.34,+6.98%,8,N/A,N/A,N/A,N/A,0,12.08,0,11.6,48.49,N/A,N/A,N/A,N/A,N/A,23.95%,1.11,10.36,12.83,40%
NHP,"National Healthcare Properties Inc Cl A","REIT - Equity Trust Resident",16.06,-2.61%,3,N/A,N/A,N/A,N/A,0,15.71,0,16.43,46.97,N/A,N/A,N/A,N/A,N/A,40.49%,0.33,15.52,17.33,30%
NINE,"Nine Energy Service Inc","Oil - Field Services",10.64,+0.85%,5,Sell,N/A,N/A,N/A,10.63,11.35,0,10.7,47.99,N/A,N/A,N/A,N/A,N/A,17.49%,0.54,9.79,11.61,47%
OPTH,"Optimi Health Corp","Medical - Drugs",4.93,+0.72%,7,N/A,N/A,N/A,N/A,0,4.73,0,4.88,52.74,N/A,N/A,N/A,N/A,N/A,65.72%,0.15,4.64,5.11,60%
QH,"Quhuo Limited ADR","Technology Services",4.41,+4.50%,4,N/A,N/A,N/A,N/A,0,5.5,0,4.45,45.36,N/A,N/A,N/A,N/A,N/A,19.18%,0.09,3.93,4.97,46%
RMIX,"Suncrete Inc Cl A","Building - CMT & CNT & AG",17.5,-2.02%,5,N/A,N/A,N/A,N/A,0,19.19,0,18.14,44.21,N/A,N/A,N/A,N/A,N/A,24.74%,0.78,16.93,19.35,24%
TMCR,"The Metals Royalty Company Inc","Mining - Misc",6.23,-0.80%,4,N/A,N/A,N/A,N/A,0,6.3,0,6.21,48.54,N/A,N/A,N/A,N/A,N/A,44.71%,0.42,5.34,7.08,51%
VIDA,"Vida Global Inc Cl A","Technology Services",2.7,0.00%,2,N/A,N/A,N/A,N/A,0,2.63,0,2.45,57.21,N/A,N/A,N/A,N/A,N/A,83.55%,0.22,2.2,2.69,101%
XNDU,"Xanadu Quantum Technologies Cl B","Computer - Integrated Systems",10.51,+1.25%,5,Sell,N/A,N/A,N/A,14.44,11,0,10.75,47.4,N/A,N/A,N/A,N/A,N/A,20.53%,1.06,9.85,11.64,37%
AIIR,"Air Global Plc",Tobacco,7.47,-6.39%,7,N/A,N/A,N/A,N/A,0,6.71,0,7.08,54.13,N/A,N/A,N/A,N/A,N/A,49.18%,1.6,5.91,8.26,66%
AZUL,"Azul S.A. ADR","Transportation - Airline",7.39,-1.73%,3,N/A,N/A,N/A,N/A,0,8.5,0,8.06,12.24,N/A,N/A,N/A,N/A,N/A,12.29%,0.25,7.11,9,15%
BOT,"Robostrategy Inc","Finance - Investment Mgmt",27.02,+0.67%,7,N/A,N/A,N/A,N/A,0,29.98,0,28.78,44.5,N/A,N/A,N/A,N/A,N/A,15.19%,0.5,25.08,32.48,26%
BXDC,"Blackstone Digital Infrastructure Trust Inc","REIT - Equity Trust Other",19.95,-2.49%,4,N/A,N/A,N/A,N/A,0,20.73,0,20.35,44.71,N/A,N/A,N/A,N/A,N/A,51.53%,0.83,19.58,21.11,24%
HMH,"Hmh Holding Inc","Oil Field Machinery & Equip",18.88,-1.97%,5,Hold,N/A,N/A,N/A,20.26,19.71,0,20.05,42.05,N/A,N/A,N/A,N/A,N/A,17.54%,0.74,18.68,21.42,7%
KLRA,"Kailera Therapeutics Inc","Medical - Biomedical",16.21,-12.52%,4,N/A,N/A,N/A,N/A,0,19.04,0,18.01,38.71,N/A,N/A,N/A,N/A,N/A,45.11%,0.66,16.53,19.5,-11%
LABT,"Lakewood-Amedex Biotherapeutics Inc","Medical - Biomedical",2.3,-7.63%,7,N/A,N/A,N/A,N/A,0,2.56,0,2.28,39.3,N/A,N/A,N/A,N/A,N/A,66.37%,0.05,2.1,2.46,55%
"Downloaded from Barchart.com as of 08-28-2026 11:54pm CDT"
