Symbol,Name,Industry,Latest,%Change,"1M #Hi",Trend,Opinion,"Wtd Alpha","52W %Chg","100D MA","50D MA","150D MA","20D MA","14D RSI","1Y vs IDX","YTD vs IDX","200D Avg Vol",Direction,Strength,"14D Stoch %K","50D RelVol","BB Lower","BB Upper",BB%
SYRE,"Spyre Therapeutics Inc","Medical - Biomedical",105.33,+0.40%,4,Buy,"100% Buy",+412.49,+594.79%,77.29,91.24,63.67,100.61,59.65,573.45,208.26,1001393,Strengthening,Maximum,77.26%,0.6,94.37,106.86,88%
RLAY,"Relay Therapeutics Inc","Medical - Drugs",19.94,+0.86%,5,Buy,"100% Buy",+375.75,+519.25%,15.36,17.7,13.17,19.21,60.54,497.91,122.44,3006073,Strongest,Maximum,77.08%,0.74,18.21,20.21,87%
STX,"Seagate Technology Holdings","Computer - Integrated Systems",800.99,-1.45%,4,Sell,"40% Buy",+340.08,+432.40%,748.79,890.55,625.73,831.22,44.86,411.06,177.6,4387322,Weakest,Average,51.89%,0.82,737.67,924.78,34%
DWSN,"Dawson Geophscl","Oil - Field Services",4.23,-2.76%,1,Sell,"40% Buy",+308.02,+211.03%,4.05,4.85,3.62,4.56,43.14,189.69,157.89,128285,Weakest,Average,33.67%,0.63,4.1,5.02,14%
MAAS,"Maase Inc ADR","Finance - Misc Services",20.7,+10.40%,3,Buy,"100% Buy",+240.72,+493.12%,12.08,15.85,9.98,18.14,61.16,471.78,270.07,101047,"Top 1%",Maximum,78.45%,1.9,14.96,21.33,90%
CLYM,"Climb Bio Inc","Medical - Biomedical",13.54,-3.29%,3,Buy,"100% Buy",+222.89,+696.47%,10.71,12.36,9.01,12.77,57.87,675.13,225.24,1017965,Average,Maximum,79.49%,0.58,11.47,14.08,79%
NCEW,"New Century Logistics [Bvi] Limited","Transportation - Services",16.46,+2.11%,4,Sell,"40% Buy",+213.68,+17.99%,14.59,17.85,11.89,16.68,46.28,-3.35,167.63,18028,Weakest,Soft,37.92%,0.26,15.68,17.67,39%
DFTX,"Definium Therapeutics Inc","Medical - Drugs",45.15,-2.15%,5,Buy,"100% Buy",+209.02,+358.38%,29.54,37.91,25.29,43.92,58.29,337.04,223.93,2171945,Average,Maximum,71.05%,0.74,41.11,46.73,72%
ANRO,"Alto Neuroscience Inc","Medical - Biomedical",28.29,-1.33%,3,Buy,"100% Buy",+206.54,+821.50%,24.05,24.89,22.06,27.55,57.06,800.16,45.67,391841,Average,Strong,73.26%,0.77,26.14,28.96,76%
SLGL,"Sol-Gel Technologies Ltd","Medical - Generic Drugs",84.74,-3.70%,6,Buy,"100% Buy",+203.57,+429.96%,75.66,77.6,74.45,82.88,54.93,408.62,87.83,32727,Average,Average,56.77%,2.02,75.6,90.16,63%
GRAL,"Grail Inc","Medical - Biomedical",74.84,+7.71%,5,Buy,"40% Buy",+181.98,+128.03%,61.1,66.99,68.36,70.09,56.79,106.69,-25.82,960947,Average,Weak,57.88%,1.92,63.26,76.92,85%
EVC,"Entravision Communications Corp","Broadcast - Radio & TV",11.7,-2.26%,3,Buy,"100% Buy",+180.03,+387.50%,7.9,10.81,6.29,11.13,55.93,366.16,286.06,1287425,Average,Strong,75.40%,2.08,10.26,12,83%
ENGS,"Energys Group Limited","Broadcast - Radio & TV",2.81,+3.12%,2,Buy,"88% Buy",+177.55,+0.36%,1.82,2.37,1.52,2.69,58.64,-20.98,216.67,524797,Strongest,Soft,76.84%,0.38,2.49,2.88,82%
ROIV,"Roivant Sciences Ltd","Medical - Biomedical",35.78,-1.54%,4,Buy,"100% Buy",+174.43,+211.40%,30.83,33.11,29.03,34.59,58.34,190.06,51.62,6474210,Strengthening,Maximum,85.48%,1.42,33.05,36.14,88%
STTK,"Shattuck Labs Inc","Medical - Biomedical",7.14,-1.79%,6,Buy,"88% Buy",+166.62,+844.07%,6.46,6.22,5.8,7.11,52.56,822.73,82.36,748802,Average,Good,45.66%,0.61,6.45,7.77,52%
NBTX,"Nanobiotix S.A. ADR","Medical - Biomedical",36.18,-5.34%,2,Hold,"48% Buy",+164.41,+390.24%,37.03,37.68,33.21,38.82,42.85,368.9,43.23,71554,Weakest,Soft,32.52%,1.45,35.95,41.68,4%
APGE,"Apogee Therapeutics Inc","Medical - Biomedical",134.65,-0.14%,9,Buy,"100% Buy",+159.07,+280.47%,100.89,119.23,91.28,134.24,78.45,259.13,65.13,1463563,Average,Maximum,84.27%,0.24,133.83,134.65,100%
AIP,"Arteris Inc","Internet - Software",27.13,-8.90%,2,Sell,"24% Buy",+146.84,+191.72%,30.47,35.62,25.57,30.86,37.86,170.38,61.77,711278,Weakening,Weak,36.64%,0.85,26.99,34.74,2%
CGON,"Cg Oncology Inc","Medical - Biomedical",76.56,+1.94%,4,Buy,"100% Buy",+144.69,+208.09%,67.13,67.27,63.16,71.84,60.64,186.75,71.13,1089210,Strongest,Strong,89.06%,0.77,67.71,75.97,107%
NBR,"Nabors Industries","Oil & Gas - Drilling",89.8,+10.06%,5,Hold,"48% Buy",+142.92,+153.10%,89.1,86.38,82.87,82.75,58.58,131.76,52.12,351227,Weakening,Weak,70.23%,0.88,76.85,88.65,110%
GHRS,"Gh Research Plc","Medical - Biomedical",29.53,-2.44%,4,Buy,"100% Buy",+136.10,+137.95%,22.13,25.78,19.98,28.4,60.55,116.61,119.26,307517,Strengthening,Maximum,78.06%,0.75,26.4,30.39,78%
LCUT,"Lifetime Brands Inc","Consumer Prdts - Misc Discr",9.27,+0.87%,6,Buy,"88% Buy",+134.13,+132.91%,7.67,8.63,6.3,8.62,61.06,111.57,121.42,154967,Strengthening,Strong,49.28%,1.51,8.1,9.14,113%
TWIN,"Twin Disc Inc","Machinery - General Industrial",23.71,-1.78%,5,Buy,"100% Buy",+133.11,+166.40%,19.28,21.8,18.61,23.07,57.41,145.06,28.89,68094,Strengthening,Strong,66.20%,0.48,21.96,24.18,79%
IMVT,"Immunovant Inc","Medical - Biomedical",39.89,-0.15%,4,Buy,"100% Buy",+130.32,+158.02%,32.33,37.21,30.3,39.38,57.79,136.68,43.66,1606672,Average,Maximum,74.74%,0.9,38.34,40.42,75%
RCUS,"Arcus Biosciences Inc","Medical - Biomedical",28.72,+0.35%,6,Hold,"96% Buy",+127.40,+217.00%,25.46,27.35,24.18,28.18,53.34,195.66,7.26,1429668,Strongest,Average,48.30%,0.67,26.38,29.99,65%
INNV,"Innovage Holding Corp","Medical Services",10.9,-2.50%,3,Buy,"88% Buy",+126.99,+229.31%,9.09,10.32,8.53,11.39,47.65,207.97,96.76,281409,Weakening,Strong,34.21%,0.58,10.78,12.01,10%
CGEM,"Cullinan Therapeutics Inc","Medical - Biomedical",18.28,+3.10%,3,Buy,"100% Buy",+126.57,+150.58%,15.47,16.63,14.58,17.44,58.34,129.24,63.36,938898,Strongest,Strong,82.17%,0.68,16.4,18.48,90%
TRVI,"Trevi Therapeutics Inc","Medical - Biomedical",17.8,-3.84%,4,Buy,"88% Buy",+125.94,+139.89%,15.18,16.91,13.85,18.05,49.71,118.55,28.91,1772503,Average,Strong,57.39%,0.45,16.92,19.17,39%
CPIX,"Cumberland Pharmaceu","Medical - Drugs",7.79,-0.13%,6,Buy,"100% Buy",+125.41,+141.18%,5.23,6.5,4.82,7.24,60.73,119.84,82.47,406163,Strongest,Maximum,81.24%,0.42,6.36,8.12,81%
QTTB,"Q32 Bio Inc","Medical - Biomedical",15.67,+0.45%,2,Buy,"100% Buy",+124.99,+861.35%,10.09,13.98,8.19,15.63,53.63,840.01,358.73,1511208,Average,Strong,58.33%,0.32,14.06,17.19,51%
ACHV,"Achieve Life Sciences Inc","Medical - Drugs",6.67,+0.30%,12,Buy,"100% Buy",+123.54,+166.80%,5.06,5.95,4.93,6.34,61.86,145.46,20.95,1164296,Strongest,Strong,81.89%,0.48,5.96,6.72,93%
JBIO,"Jade Biosciences Inc","Medical - Biomedical",21.73,-1.05%,6,Buy,"88% Buy",+122.19,+190.12%,20.16,19.78,18.32,20.56,56.79,168.78,27.57,614659,Weakening,Weak,76.79%,0.51,18.64,22.48,81%
FIX,"Comfort Systems USA","Building Prdcts - Air Heating",1674.84,-1.16%,3,Sell,"8% Buy",+120.58,+142.11%,1748.61,1802.9,1582.42,1718.95,44.87,120.77,66.2,501157,Weakening,Weak,52.24%,0.52,1588.04,1849.86,33%
TIGO,"Millicom International Cellular S.A.","Wireless Non-US",95.88,-1.26%,4,Buy,"88% Buy",+112.51,+128.01%,86.41,92.21,78.95,96.18,51.68,106.67,59.68,1376527,Weakening,Strong,53.70%,0.68,91.05,101.3,47%
MOG.A,"Moog Inc Cl A","Aerospace - Defense Equipment",409.75,+1.65%,6,Buy,"100% Buy",+112.30,+116.22%,354.72,400.43,339.53,402.78,53.14,94.88,54.98,271770,Strengthening,Strong,69.34%,0.65,382.68,422.89,67%
SILC,"Silicom Ltd","Computer - Networks",41.79,-0.70%,4,Hold,"64% Buy",+111.14,+151.85%,37.34,42.64,30.99,41.7,49.79,130.51,171.06,92757,Weakest,Good,56.00%,0.84,35.99,47.42,51%
NAT,"Nordic American Tanker Shipping Ltd","Transportation - Ship",6.28,-2.79%,6,Buy,"88% Buy",+110.96,+118.82%,5.81,5.95,5.4,6.35,51.25,97.48,69.3,3833571,Average,Good,42.62%,0.53,6.05,6.65,39%
LXRX,"Lexicon Pharmaceutcl","Medical - Biomedical",2.4,-2.83%,6,Buy,"100% Buy",+108.94,+122.22%,2.02,2.21,1.82,2.33,54.7,100.88,95.44,2721684,Strengthening,Strong,80.36%,0.78,2.15,2.51,70%
ALMS,"Alumis Inc","Medical - Biomedical",27.53,-0.25%,5,Buy,"88% Buy",+106.54,+540.23%,24.65,25.61,24.94,27.81,51.34,518.89,168.81,1780839,Average,Soft,50.66%,0.32,25.95,29.66,43%
HYLN,"Hyliion Hldg Corp Cl A","Auto - Truck Original Parts",3.93,+1.55%,3,Sell,"40% Buy",+103.63,+156.86%,3.86,5.09,3.26,3.8,47.03,135.52,100.33,2330629,Weakest,Soft,53.11%,0.83,3.37,4.23,65%
MSGE,"Madison Square Garden Entmt Corp","Media Conglomerates",78.07,+1.99%,10,Buy,"100% Buy",+102.42,+105.34%,69.38,75.6,66.14,76.58,56.53,84,31.61,379740,Strengthening,Maximum,48.97%,0.73,73.8,79.36,77%
BHE,"Benchmark Electronics","Electronic Manufacturing",81.26,-1.34%,4,Sell,"56% Buy",+101.82,+111.50%,78.09,85.56,69.9,81.01,47.6,90.16,76.78,385522,Weakest,Average,70.41%,0.77,75.47,86.56,52%
BCAX,"Bicara Therapeutics Inc","Medical - Biomedical",27.73,-1.18%,3,Buy,"100% Buy",+99.96,+171.86%,23.49,25.62,21.3,27.23,54.92,150.52,51.51,617891,Strengthening,Strong,67.78%,1.27,25.61,28.85,65%
RZLT,"Rezolute Inc","Medical - Biomedical",4.68,-0.21%,5,Buy,"72% Buy",+99.27,-19.45%,3.94,4.67,3.64,4.81,47.81,-40.79,85.05,3552240,Average,Weak,23.65%,0.38,4.38,5.24,35%
MOV,"Movado Group Inc","Retail - Jewelry",36.75,-2.88%,6,Buy,"72% Buy",+96.83,+137.86%,32.4,37.96,29.48,38.05,44.02,116.52,64.97,175635,Weakest,Strong,43.79%,0.53,36.2,39.9,15%
LGND,"Ligand Pharm","Medical - Biomedical",295.7,+0.87%,2,Buy,"88% Buy",+96.39,+97.05%,251.2,284.63,233.17,297.67,50.63,75.71,43.14,263628,Average,Strong,37.25%,0.49,287.79,307.56,40%
ICCC,"Immucell Corp","Medical Products",10.97,-0.27%,2,Buy,"88% Buy",+96.37,+64.71%,9.18,10.44,8.26,11.08,52.54,43.37,65.11,24538,Weakening,Strong,42.45%,0.45,10.69,11.47,36%
PACS,"Pacs Group Inc","Medical Services",48.45,+0.02%,8,Buy,"100% Buy",+95.76,+334.92%,38.31,41.83,38.04,46.04,66.31,313.58,12.94,1137313,Strongest,Good,84.20%,0.64,43.73,48.34,102%
GTX,"Garrett Motion Inc","Auto - Truck Original Parts",29.01,-2.81%,3,Sell,"40% Buy",+93.61,+129.15%,27.82,32.31,24.83,30.99,38.07,107.81,53.18,2685763,Weakest,Average,29.15%,1.14,29.12,32.87,-3%
EC,"Ecopetrol S.A. ADR","Oil - International Integrated",17.05,+1.61%,8,Buy,"100% Buy",+93.54,+99.42%,14.93,15.8,14.05,16.4,59.24,78.08,56.9,2904366,Strongest,Maximum,82.80%,0.94,15.51,17.29,87%
GRC,"Gorman-Rupp Company","Machinery - General Industrial",81.79,-2.39%,8,Buy,"72% Buy",+93.46,+98.66%,76.06,82.19,70.33,81.38,49.3,77.32,58.03,145702,Weakest,Strong,68.18%,0.82,77.36,85.41,55%
MSGS,"Madison Square Garden Sports Corp","Leisure & Recreation Services",391.87,+0.48%,2,Hold,"80% Buy",+93.43,+96.60%,360.85,387.69,339.14,393.88,50.88,75.26,38.25,224495,Weakening,Strong,35.55%,0.76,384.02,403.75,40%
KOD,"Kodiak Sciences Inc","Medical - Biomedical",43.4,-4.34%,5,Buy,"88% Buy",+92.91,+449.37%,38.53,38.39,34.14,42.2,56.02,428.03,41.96,871451,Weakening,Good,78.08%,0.73,39.2,45.2,70%
RLYB,"Rallybio Corporaton","Medical - Biomedical",16.61,+2.78%,4,Buy,"100% Buy",+91.26,+291.01%,13.36,16.03,11.07,16.24,63.32,269.67,189.36,130633,Strengthening,Strong,40.70%,0.45,15.69,16.8,83%
FRO,"Frontline Plc","Transportation - Ship",38.45,-3.25%,7,Hold,"80% Buy",+89.14,+100.89%,36.81,37.74,34.59,38.55,50.03,79.55,62.95,3221639,Weakening,Average,62.56%,0.52,36.74,40.36,47%
CSTM,"Constellium Se","Metal Products - Distribution",29.38,-0.20%,4,Sell,"24% Buy",+88.87,+117.95%,30.56,31.24,28.32,28.87,49.1,96.61,42.6,1900346,Weakest,Weak,66.57%,0.44,27.52,30.22,69%
FNKO,"Funko Inc Cl A","Toys & Game & Hobby",6.19,+5.27%,7,Buy,"100% Buy",+88.87,+151.63%,4.92,5.61,4.66,5.84,58.34,130.29,68.8,942168,Strongest,Strong,34.64%,3.73,5.35,6.34,85%
BOTJ,"Bank of The Jame Fnl","Banks - Southeast",27.02,-0.84%,6,Buy,"100% Buy",+88.77,+93.83%,23.91,25.48,22.48,26.95,59.5,72.49,32.17,11650,Strengthening,Maximum,42.89%,1.83,26.07,27.84,54%
CTOS,"Custom Truck One Source","Auto - Truck Original Parts",10.65,+2.21%,3,Sell,"72% Buy",+88.22,+86.84%,9.4,10.55,8.47,10.52,51.63,65.5,71.64,945855,Weakest,Strong,42.53%,0.93,9.82,11.21,60%
BTE,"Baytex Energy Corp","Oil - C$ Exploration & Product",4.38,+4.78%,4,Hold,"32% Buy",+87.70,+113.66%,4.45,4.3,4.17,4.23,54.83,92.32,22.34,20355260,Weakening,Weak,39.05%,0.81,3.98,4.48,80%
NVRI,"Enviri Corporation","Waste Removal Svcs",21.87,-0.91%,5,Hold,"80% Buy",+87.66,+152.83%,20.55,21.83,19.89,22.49,45.98,131.49,8.78,1392888,Weakening,Average,25.89%,0.58,21.49,23.49,19%
BELFA,"BEL Fuse Cl A","Electronics Products - Misc",227.7,-2.50%,8,Sell,"8% Buy",+85.42,+96.50%,234.3,241.41,220.16,227.85,47.97,75.16,36.74,90424,Weakening,Weak,72.49%,1.58,207.02,248.69,50%
LION,"Lionsgate Studios Corp","Media Conglomerates",12.36,-4.70%,2,Sell,"24% Buy",+84.58,+95.26%,12.74,13.99,11.55,13.31,32.16,73.92,22.12,2947449,Weakening,Weak,11.62%,0.8,12.57,14.06,-14%
AMN,"Amn Healthcare Services Inc","Business Services",36.6,+1.67%,5,Buy,"100% Buy",+84.47,+112.30%,27.28,32.51,24.58,33.79,61.62,90.96,118.97,1114063,Strongest,Maximum,63.26%,0.92,31.21,36.37,104%
KOP,"Koppers Holdings Inc","Chemical - Diversified",50.54,-1.37%,8,Buy,"100% Buy",+83.88,+75.24%,42.88,46.48,39.51,50.1,56.83,53.9,73.37,180048,Strengthening,Maximum,68.63%,1.12,47.83,52.37,60%
CXW,"Corecivic Inc","REIT - Equity Trust Other",33,+2.26%,4,Buy,"100% Buy",+83.83,+60.98%,24.72,29.1,22.71,31.17,69.03,39.64,59.42,1141418,Strongest,Maximum,69.10%,1.22,29.35,32.98,101%
VNCE,"Vince Holding Corp","Textile - Apparel",6.49,-3.99%,5,Buy,"100% Buy",+83.47,+313.38%,4.87,6.14,4.19,6.39,52.14,292.04,45.81,161350,Average,Strong,69.05%,0.25,5.88,6.91,59%
WTI,"W&T Offshore","Oil - US Exploration & Product",3.82,+11.37%,4,Hold,"48% Buy",+82.51,+120.81%,3.58,3.52,3.17,3.5,58.22,99.47,121.1,4854075,Weakening,Soft,46.92%,1.37,3.15,3.85,96%
FLXS,"Flexsteel Inds",Furniture,75.25,-1.23%,8,Buy,"100% Buy",+81.81,+119.58%,60.01,69.33,55.59,75.07,56.18,98.24,77.29,43717,Average,Maximum,55.09%,1.32,71.46,78.67,53%
ROMA,"Roma Green Finance Limited","Finance - Misc Services",9.19,+3.28%,4,Buy,"88% Buy",+79.87,+264.77%,7.32,8.35,5.72,9.31,52.44,243.43,430.66,225462,Strengthening,Strong,24.05%,0.07,8.58,10.04,42%
KFRC,"Kforce Inc",Staffing,57.85,-2.10%,5,Buy,"100% Buy",+79.15,+81.01%,43.85,52.45,39.53,57.62,57.94,59.67,73.84,259010,Average,Maximum,57.98%,1.5,55.33,59.92,55%
TRVG,"Trivago NV ADR","Internet - Services",5.32,-5.34%,6,Buy,"88% Buy",+78.84,+49.02%,3.97,5.01,3.61,5.42,51.46,27.68,70.19,65426,Average,Maximum,57.80%,1.35,5.18,5.65,30%
VTVT,"Vtv Theraptcs Cl A","Medical - Biomedical",34.29,-3.05%,5,Buy,"24% Sell",+78.06,+144.93%,34.46,33.35,34.98,32.54,55.67,123.59,-27.51,45035,Weakening,Minimum,80.18%,1.29,30.08,35,86%
NSYS,"Nortech Systems IN","Electronics - Misc Components",14.64,-5.09%,5,Sell,"56% Buy",+77.99,+73.87%,14.12,15.26,12.33,14.23,51.05,52.53,83.91,16809,Average,Average,65.46%,0.42,13.29,15.17,72%
CROX,"Crocs Inc","Textile - Apparel",138.19,+1.15%,5,Buy,"100% Buy",+77.67,+83.67%,112.73,128.05,104.12,134.63,57.26,62.33,48.33,1328397,Strongest,Maximum,82.50%,0.98,127.14,142.13,74%
TNGX,"Tango Therapeutics Inc","Medical - Biomedical",27.67,+2.22%,1,Sell,"40% Buy",+77.60,+318.61%,25.25,28.32,21.13,27.9,48.57,297.27,199.04,3558197,Weakest,Average,52.51%,0.61,25.64,30.15,45%
TEN,"Tsakos Energy Navigation Ltd","Transportation - Ship",38.31,-2.12%,3,Sell,"8% Buy",+76.87,+89.00%,39.33,38.37,36.02,39.22,46.04,67.66,57.61,345534,Weakening,Weak,29.99%,0.72,37.95,40.48,14%
MRX,"Marex Group Ltd","Finance - Misc Services",60.55,-0.43%,3,Sell,"56% Buy",+76.52,+71.00%,56.1,62.55,50.59,63.81,42.07,49.66,44.59,824919,Weakest,Good,13.79%,0.73,60.43,67.18,2%
AGCC,"Agencia Comercial Spirits Ltd Cl A","Beverages - Alcohol",15.24,+0.13%,1,Sell,N/A,+75.91,N/A,16.17,15.21,14.85,15.16,50.5,N/A,42.89,N/A,N/A,N/A,37.06%,2.06,14.78,15.55,60%
STT,"State Street Corp","Banks - Major Regional",186.68,+1.08%,4,Buy,"100% Buy",+75.69,+68.06%,158.93,174.85,148.84,184.08,60.57,46.72,31.44,2144705,Strengthening,Maximum,74.36%,0.65,179.51,188.65,78%
SENEA,"Seneca Foods Corp A","Food - Misc & Diversified",179.71,+0.50%,1,Buy,"100% Buy",+75.65,+74.29%,154.89,164.85,145.27,168.82,61.62,52.95,49.18,101904,Strongest,Maximum,75.61%,1.01,159.7,177.93,110%
DRUG,"Bright Minds Biosciences Inc","Medical - Biomedical",80.79,+1.84%,7,Buy,"24% Buy",+74.78,+108.11%,76.58,71.12,78.45,75.26,62.34,86.77,-9.74,218003,Weakening,Minimum,81.29%,0.36,69.08,81.43,95%
MGTX,"Meiragtx Holdings Plc","Medical - Biomedical",13.02,-0.38%,2,Buy,"100% Buy",+74.44,+65.23%,10.47,11.7,9.51,12.28,59.67,43.89,50.51,674786,Strongest,Strong,91.22%,0.35,11.49,13.07,97%
TALK,"Talkspace Inc","Medical Information Systems",5.24,+0.38%,1,Buy,"96% Buy",+73.68,+109.60%,5.19,5.21,4.9,5.21,56.87,88.26,31.09,2418556,Strengthening,Average,81.48%,0.4,5.18,5.24,93%
GEO,"Geo Group Inc","Government Services",30.66,-0.10%,6,Hold,"96% Buy",+73.33,+43.74%,24.26,29.15,21.4,30.63,54.47,22.4,76.94,2074573,Strengthening,Strong,49.13%,1.11,29.42,31.84,51%
LITB,"Lightinthebox Holding Ltd ADR","Internet Services - Delivery",3.1199,+0.64%,5,Sell,"40% Buy",+71.63,+126.95%,2.79,3.22,2.74,3.17,49.32,105.61,26.02,13137,Weakest,Soft,54.81%,1.27,2.93,3.42,39%
BDSX,"Biodesix Inc","Medical Services",24.86,+5.79%,5,Buy,"100% Buy",+71.37,+210.36%,16.76,19.7,15.17,21.66,67.05,189.02,252.33,521974,Strongest,Maximum,71.17%,2.03,19.24,24.07,116%
FDX,"Fedex Corp","Transportation - Air Freight",325.08,+2.04%,4,Hold,"80% Buy",+71.33,+78.18%,309.93,319.69,299.17,313.6,60.27,56.84,27.41,2150465,Average,Average,81.37%,0.85,304.37,322.84,112%
RAL,"Ralliant Corporation","Technology Services",69.39,+2.88%,5,Hold,"96% Buy",+71.28,+54.20%,57.84,67.52,54.57,68.05,56.32,32.86,23.04,1635545,Strengthening,Strong,52.32%,0.95,64.54,71.55,69%
PGC,"Peapack Gladstone FI","Banks - Northeast",45.15,-1.42%,5,Hold,"64% Buy",+71.05,+80.96%,42.65,45.85,39.18,46.25,42.99,59.62,48.86,150492,Weakest,Strong,57.39%,0.76,45.13,47.37,1%
RIG,"Transocean Inc","Oil & Gas - Drilling",5.72,+8.75%,3,Hold,"16% Sell",+70.95,+84.52%,5.98,5.41,5.81,5.21,62.3,63.18,25.24,40379926,Weakest,Minimum,67.88%,1.58,4.89,5.54,128%
LLY,"Eli Lilly and Company","Large Cap Pharma",1231.9399,+3.90%,3,Buy,"100% Buy",+70.51,+96.91%,1055.19,1159.65,1048.18,1173.66,60.71,75.57,1.37,3273283,Strongest,Strong,76.55%,0.99,1114.8,1232.52,100%
GRDN,"Guardian Pharmacy Services Inc Cl A","Medical - Drugs",41.47,-5.38%,4,Buy,"88% Buy",+70.18,+107.66%,39.01,40.85,36.7,40.63,52.45,86.32,24.56,375548,Average,Strong,50.54%,1.11,38.59,42.66,71%
VIR,"Vir Biotechnology Inc","Medical - Biomedical",8.89,+0.79%,1,Sell,"8% Sell",+70.13,+106.74%,9.41,9.28,8.88,9.07,44.9,85.4,34.17,2335355,Weakest,Minimum,25.87%,0.77,8.46,9.69,35%
CCO,"Clear Channel Outdoor Holdings","Advertising Marketing Services",2.41,-0.41%,13,Buy,"80% Buy",+68.86,+125.23%,2.4,2.41,2.35,2.41,49.05,103.89,-4.21,5971476,Weakening,Weak,33.33%,0.32,2.4,2.43,42%
CAMT,"Camtek Ltd","Electronics - Measuring Inst",158.1,+1.77%,6,Sell,"40% Sell",+68.62,+90.16%,167.16,158.86,161.39,147.23,54.99,68.82,35.41,503957,Weakest,Weak,74.29%,1.94,131.07,163.39,84%
HLX,"Helix Energy Solutions Group","Oil - Field Services",10,+4.17%,7,Buy,"72% Buy",+68.41,+71.23%,9.56,9.3,9.14,9.53,59.1,49.89,46.23,1801051,Strengthening,Average,75.24%,1.03,9.05,10.01,99%
CADL,"Candel Therapeutics Inc","Medical - Biomedical",10.5,-0.85%,5,Buy,"100% Buy",+68.28,+74.42%,7.96,9.46,7.16,10.01,59.6,53.08,72.58,1350923,Average,Maximum,84.38%,0.39,9.26,10.75,83%
LB,"Landbridge Company Llc Cl A","Oil - US Integrated",81.71,+8.37%,3,Buy,"100% Buy",+67.41,+58.48%,71.21,72.85,68.21,76.78,60.08,37.14,53.53,422559,Strongest,Strong,68.36%,1.24,73,80.57,115%
CASY,"Casey's General Stor","Retail - Convenience Stores",854.46,+2.46%,7,Buy,"100% Buy",+66.56,+64.65%,804.82,828.68,751.53,853.04,52.99,43.31,41.33,461711,Strengthening,Strong,39.15%,0.74,821.05,885.03,52%
QXL,"Quantum X Labs Inc","Technology Services",4.58,-0.43%,1,Sell,"40% Buy",+66.36,+2.46%,3.91,5.04,3.2,4.74,45.77,-18.88,186.09,85039,Weakest,Average,41.43%,0.06,4.25,5.23,34%
OCC,"Optical Cable Corp","Fiber Optics",15.37,-5.42%,5,Sell,"56% Buy",+66.03,+157.89%,13.75,17.03,11.01,15.18,48.95,136.55,232.13,326315,Weakest,Average,66.96%,0.58,13.16,17.21,55%
MAZE,"Maze Therapeutics Inc","Medical - Biomedical",27.28,-4.78%,2,Hold,"80% Sell",+65.61,+107.61%,28.34,27.47,33.93,28.08,45.42,86.27,-47.41,609864,Strengthening,Average,63.12%,1.11,26.5,29.66,25%
PNRG,"Primeenergy Corp","Oil - US Exploration & Product",197.67,+7.25%,6,Buy,"8% Sell",+63.63,+13.04%,205.4,181.84,198.9,186.63,62.12,-8.3,2.34,61951,Weakest,Minimum,49.09%,0.83,178.58,194.68,119%
BBIO,"Bridgebio Pharma Inc","Medical - Generic Drugs",84.67,+0.22%,2,Buy,"100% Buy",+62.26,+81.77%,73.44,75.84,73.22,82.63,61.52,60.43,-2.57,2827730,Strongest,Good,68.84%,0.84,79.52,85.74,83%
HWM,"Howmet Aerospace Inc","Aerospace - Defense",283.71,+0.65%,8,Buy,"100% Buy",+62.18,+56.96%,260.71,272.61,251.6,281.76,53.73,35.62,25.12,2511678,Strengthening,Strong,37.37%,0.81,269.12,294.41,58%
ZURA,"Zura Bio Ltd","Medical - Biomedical",5.63,-5.62%,9,Buy,"40% Buy",+62.02,+296.48%,5.04,4.83,5.4,5.47,55.25,275.14,-5.82,746689,Weakest,Weak,77.01%,0.92,5.05,5.88,70%
OPY,"Oppenheimer Holdings","Finance - Investment Brokers",111.71,+0.06%,2,Hold,"80% Buy",+61.90,+55.37%,103.28,108.07,96.65,112.01,51.08,34.03,41.27,72272,Weakening,Strong,54.68%,1.08,105.51,118.51,48%
KTCC,"Key Tronic Corp","Electronics Products - Misc",4.21,+2.31%,5,Hold,"96% Buy",+61.84,+50.90%,3.43,3.93,3.24,3.98,60.3,29.56,37.64,20038,Strongest,Maximum,83.01%,1.82,3.69,4.27,90%
SNDA,"Sonida Senior Living Inc","Medical Services",41.99,+4.19%,5,Buy,"100% Buy",+61.34,+72.23%,36.83,38.58,35.8,40.64,58.51,50.89,15.5,390259,Strongest,Maximum,43.11%,1.25,38.48,42.79,81%
NOV,"Nov Inc","Oil Field Machinery & Equip",20.7,+5.34%,11,Buy,"88% Buy",+60.78,+73.95%,19.7,19.6,19.39,19.8,60.24,52.61,19.18,4479507,Strengthening,Average,50.70%,0.95,18.84,20.75,97%
CMTV,"Community Bancorp Inc VT","Banks - Northeast",39.7,-0.38%,4,Buy,"88% Buy",+60.60,+76.44%,38.58,39.36,35.97,40.08,48.88,55.1,46.24,23499,Weakening,Average,32.62%,0.59,38.96,41.2,33%
PCVX,"Vaxcyte Inc","Medical - Biomedical",58.29,+0.38%,4,Buy,"72% Buy",+60.35,+94.95%,55.01,53.85,54.77,55.88,57.48,73.61,13.07,1420096,Average,Soft,82.83%,0.63,52.8,58.96,89%
DIN,"Dineequity Inc","Retail - Restaurants",35.82,+0.36%,4,Buy,"88% Buy",+59.78,+70.09%,31.16,34.23,31.95,35.44,54.25,48.75,-1.81,418905,Strengthening,Good,72.86%,1.12,33.98,36.91,63%
PHVS,"Pharvaris N.V.","Medical - Biomedical",34.84,-0.20%,4,Hold,"96% Buy",+59.71,+73.16%,30.98,33.2,29.56,33.92,55.64,51.82,12.29,318207,Strengthening,Strong,71.47%,2.15,32.33,35.51,79%
PLX,"Protalix Biotherapeutics","Medical - Biomedical",2.48,+0.81%,3,Buy,"72% Buy",+59.20,+61.04%,2.19,2.25,2.31,2.37,63.23,39.7,24.52,852778,Strengthening,Weak,90.63%,1.24,2.25,2.48,99%
GCBC,"Greene County Bncp","Finance - Savings & Loan",34.31,-0.75%,8,Buy,"100% Buy",+59.18,+49.17%,27.57,31.49,25.96,33.53,60.76,27.83,41.08,21551,Average,Maximum,71.72%,0.83,31.95,35.11,75%
RRBI,"Red River Bancshares Inc","Banks - Southwest",100.68,+0.57%,7,Buy,"100% Buy",+59.10,+63.07%,93.3,95.05,90.16,99.48,57.99,41.73,27.69,64146,Average,Strong,66.50%,0.68,95.87,103.09,67%
PBI,"Pitney Bowes Inc","Office Automation & Equipment",16.97,-2.02%,6,Sell,"56% Buy",+58.98,+51.79%,15.54,17.54,13.85,18,40.7,30.45,47.29,2796964,Weakest,Good,28.80%,0.66,17.21,18.8,-15%
SVRA,"Savara Inc","Medical - Drugs",5.73,-1.72%,2,Sell,"56% Buy",+58.76,+117.05%,5.45,5.61,5.51,5.57,53.21,95.71,-18.24,1921809,Weakest,Weak,72.34%,0.65,5.22,5.92,73%
ILPT,"Industrial Logistics Properties Trust","REIT - Equity Trust Other",8.74,-0.46%,5,Hold,"64% Buy",+58.75,+53.06%,7.86,8.81,7.18,8.86,48.91,31.72,44.5,387204,Weakening,Strong,56.36%,0.53,8.42,9.29,37%
CM,"Canadian Imperial Bank of Commerce","Banks - Foreign",119.29,+0.50%,5,Buy,"100% Buy",+58.68,+64.20%,110.48,115.07,105.58,118.58,56.55,42.86,18.39,1246194,Strengthening,Maximum,63.84%,0.68,116,121.17,64%
NVCT,"Nuvectis Pharma Inc","Medical - Biomedical",18.88,-0.40%,9,Buy,"88% Buy",+58.42,+214.58%,13.19,17.28,11.69,19.67,48.55,193.24,136.74,150704,Average,Strong,19.02%,0.39,17.35,21.99,33%
STRZ,"Starz Entertainment Corp","Media Conglomerates",24.28,-7.40%,1,Sell,"40% Buy",+58.27,+74.18%,22.24,27.12,18.49,26.12,39.55,52.84,94.26,152337,Weakest,Average,39.57%,2.35,24.08,28.17,5%
CRI,"Carter's Inc","Shoes and Related Apparel",40.38,+1.05%,1,Sell,"72% Buy",+57.07,+59.23%,37.89,39.87,37.51,38.93,55.44,37.89,11.25,1135588,Average,Average,81.96%,1.13,37.11,40.74,90%
DHT,"Dht Holdings","Transportation - Ship",18.33,-2.29%,6,Buy,"88% Buy",+57.06,+60.37%,17.9,17.76,17.14,18.27,52.14,39.03,36.86,3262890,Average,Average,58.28%,0.75,17.62,18.91,55%
SPB,"Spectrum Brands Holdings Inc","Consumer Prdts - Misc Discr",87.88,-2.50%,10,Buy,"88% Buy",+57.05,+56.01%,81.95,85.37,78.32,88.73,50.63,34.67,35.49,355622,Average,Strong,26.53%,1.6,85.92,91.54,35%
MPWR,"Monolithic Power Sys","Semi Analog & Mixed",1381.1,-1.46%,5,Sell,"24% Buy",+56.99,+71.72%,1413,1415.36,1308.44,1348.34,51.41,50.38,39.12,743796,Weakening,Weak,42.83%,0.48,1263.08,1433.6,69%
CCCC,"C4 Therapeutics Inc","Medical - Biomedical",3.62,-2.95%,1,Sell,"40% Buy",+56.93,+44.80%,3.44,3.92,3.07,3.63,46.57,23.46,76.27,2450801,Weakest,Average,51.41%,0.61,3.41,3.85,48%
STNG,"Scorpio Tankers Inc","Transportation - Ship",76.44,+0.47%,2,Sell,"24% Buy",+56.54,+67.26%,77.23,76.71,73.6,77.62,48.27,45.92,37.12,1024067,Weakest,Weak,34.61%,1.31,74.74,80.5,30%
SWBI,"Smith & Wesson Brands Inc","Leisure & Recreational Prdcts",14.21,-0.28%,1,Sell,"8% Buy",+55.97,+76.74%,14.94,15.01,13.87,14.76,40.85,55.4,30.71,611001,Weakening,Weak,10.07%,0.5,14.18,15.34,3%
KRNY,"Kearny Financial","Finance - Savings & Loan",9.46,-0.63%,7,Buy,"88% Buy",+55.60,+59.80%,8.49,9.1,8.26,9.53,51.61,38.46,14.41,409176,Weakening,Maximum,72.61%,0.67,9.26,9.81,37%
OBT,"Orange County Bancor","Banks - Northeast",38.29,-0.83%,6,Buy,"100% Buy",+55.46,+61.36%,35.32,36.81,34.17,37.99,55.27,40.02,20.86,54450,Strengthening,Strong,73.84%,1.18,36.76,39.21,62%
ACA,"Arcosa Inc","Building & Construction - Misc",144.73,-0.08%,3,Buy,"88% Buy",+53.69,+50.89%,128.01,139.58,123.94,145.04,60.31,29.55,22.87,401565,Weakening,Strong,27.50%,0.84,144.62,145.46,13%
BPOP,"Popular Inc","Banks - Southeast",173.96,-0.05%,7,Buy,"100% Buy",+52.55,+51.34%,154.81,165.86,148.12,173.29,56.52,30,26.44,547339,Average,Maximum,58.30%,0.85,169.21,177.37,58%
CTNM,"Contineum Therapeutics Inc","Medical - Biomedical",14.49,-3.66%,5,Buy,"88% Buy",+52.44,+123.96%,13.55,13.86,13.56,14.68,48.46,102.62,13.51,271320,Weakening,Soft,49.42%,1.4,13.27,16.09,43%
CYTK,Cytokinetics,"Medical - Biomedical",77.49,+0.95%,1,Sell,"56% Buy",+52.07,+127.18%,73.53,78.69,70.29,79.78,44.91,105.84,8.69,2127888,Weakest,Soft,40.83%,1.06,76.12,83.45,19%
IFS,"Intercorp Financial Services Inc","Finance - Misc Services",58.4,-0.92%,2,Buy,"88% Buy",+51.70,+55.90%,52.04,56.56,50.53,59.1,50.91,34.56,24.61,257085,Weakening,Strong,54.38%,0.35,57.44,60.75,29%
TBBB,"BBB Foods Inc Cl A","Consumer Prdts - Misc Staple",40.65,-0.37%,2,Hold,"48% Buy",+51.68,+57.50%,38.53,40.91,37.42,40.71,48.68,36.16,8.48,634709,Weakest,Good,36.92%,0.63,39.08,42.33,48%
MG,"Mistras Group Inc","Electronics Products - Misc",15.79,-1.80%,4,Sell,"8% Buy",+51.32,+80.87%,16.95,16.95,16.11,15.66,45.88,59.53,11.56,176117,Weakest,Minimum,75.66%,0.94,14.99,16.33,60%
PLBC,"Plumas Bancorp","Banks - West",61.35,-0.49%,4,Buy,"100% Buy",+51.24,+49.63%,54.57,58.26,52.93,61.16,58.9,28.29,24.02,40198,Strengthening,Maximum,62.27%,0.4,59.61,62.72,56%
MEOH,"Methanex Corp","Chemical - Diversified",55.23,+3.68%,7,Buy,"40% Buy",+51.17,+66.81%,57.05,53.77,54.34,54.6,54.12,45.47,25.79,952573,Average,Weak,36.16%,0.68,52.02,57.17,62%
COKE,"Coca-Cola Consolidated Inc","Beverages - Soft",185.55,-3.86%,5,Buy,"56% Buy",+50.92,+62.61%,186.28,183.24,181.59,184.73,50.49,41.27,7.78,527052,Weakening,Weak,56.54%,0.78,174.71,194.75,54%
PLGO,"Pelagos Insurance Capital Ltd","Insurance - Multi Line",24.62,-1.64%,5,Hold,"80% Buy",+50.85,+46.63%,22.45,24.25,21.35,25.34,45.33,25.29,12.54,441016,Weakening,Strong,40.62%,0.67,24.67,26,-4%
BOF,"Branchout Food Inc","Food - Misc & Diversified",4.11,-0.96%,1,Hold,"80% Buy",+50.58,+86.82%,3.87,4.07,3.73,4.06,50.75,65.48,15.99,98840,Weakening,Average,61.33%,0.12,3.87,4.24,65%
MD,"Pediatrix Medical Group Inc","Medical Services",26.08,-3.69%,6,Hold,"96% Buy",+50.53,+82.00%,23.51,25.01,22.62,26.07,51.32,60.66,8.67,866344,Average,Average,83.84%,1.06,24.73,27.4,51%
UNFI,"United Nat Foods","Food - Misc & Diversified",46.3,-1.61%,8,Sell,"24% Buy",+50.46,+77.33%,48.53,49.39,44.88,49,40.49,55.99,24.25,759623,Weakest,Weak,12.21%,0.53,46.58,51.42,-6%
BAP,"Credicorp Ltd","Banks - Foreign",382.21,-1.22%,2,Hold,"80% Buy",+50.12,+53.37%,354.26,377.43,348.71,391.37,46.14,32.03,19.91,409194,Weakening,Good,20.74%,0.49,381.22,401.51,5%
CFG,"Citizens Financial Group","Banks - Northeast",72.67,0.00%,3,Buy,"100% Buy",+49.77,+53.70%,65.89,69.4,64.65,72.22,55.98,32.36,11.15,4704697,Strengthening,Strong,56.73%,0.44,70.3,74.13,62%
TROO,"Troops Inc","Conglomerates - Div Operations",2,+2.56%,1,Sell,"72% Sell",+49.61,+150.31%,2.77,2.35,3.04,1.97,46.99,128.97,-50.76,329684,Weakening,Soft,50.77%,1.59,1.62,2.31,55%
GNK,"Genco Shipping & Trading Ltd","Transportation - Ship",25.06,-1.07%,2,Buy,"88% Buy",+49.60,+54.22%,24.3,24.72,23.29,25.45,48.43,32.88,22.71,413853,Weakest,Good,30.78%,1.76,24.41,26.5,31%
CMI,"Cummins Inc","Engines - Internal Combustion",634.82,-1.47%,2,Sell,"24% Buy",+49.33,+64.02%,645.55,666.83,621.19,648.15,44.24,42.68,11.1,958731,Weakening,Weak,67.61%,0.63,617.13,679.18,29%
OGN,"Organon & Co.","Medical Services",13.62,+0.15%,10,Buy,"100% Buy",+49.05,+47.72%,11.81,13.49,10.48,13.54,68.52,26.38,76.7,6086567,Average,Strong,82.78%,0.58,13.47,13.61,109%
LEE,"Lee Enterprises Inc","Publishing - Newspapers",8.13,-0.73%,3,Sell,"24% Buy",+48.99,+86.30%,8.72,8.87,8.09,7.9,48.9,64.96,56.47,69009,Weakest,Weak,64.13%,0.39,7.51,8.29,80%
KZIA,"Kazia Therapeutics Ltd ADR","Medical - Biomedical",13.95,+0.47%,7,Hold,"80% Buy",+48.64,+71.80%,11.95,13.06,10.27,13.01,57.9,50.46,89.21,379171,Average,Strong,58.50%,1.1,11.52,14.5,82%
SOTK,"Sono-Tek Corp","Electronics - Semiconductors",5.11,-3.04%,4,Hold,"48% Buy",+48.63,+55.32%,4.91,5.31,4.66,5.31,44.94,33.98,10.47,32955,Weakest,Good,39.79%,1.37,4.97,5.64,21%
DHX,"Dice Holdings","Internet - Content",3.64,-8.54%,5,Hold,"64% Buy",+48.61,+50.41%,3.43,3.83,3,4.02,40.12,29.07,121.58,344089,Weakest,Strong,51.03%,2.7,3.73,4.31,-15%
TXN,"Texas Instruments","Semi General",280.44,-1.97%,3,Sell,"40% Buy",+48.32,+49.79%,271.93,294.24,249.7,283.68,46.83,28.45,48.39,8046820,Weakest,Average,52.13%,0.46,265.65,301.72,41%
MSM,"Msc Industrial Direct Company","Industrial Services",122.93,+0.01%,4,Buy,"88% Buy",+48.29,+42.78%,109.44,120.41,102.83,124.59,50.26,21.44,32.91,711164,Weakening,Maximum,33.64%,0.76,121.25,127.92,25%
EGBN,"Eagle Bancorp Inc","Banks - Northeast",27.64,-0.25%,6,Hold,"80% Buy",+48.14,+65.91%,26.76,27.62,26.21,27.69,49.48,44.57,15.78,365851,Weakest,Average,74.71%,0.86,26.73,28.64,48%
ARMK,"Aramark Holdings Corp","Retail - Restaurants",55.71,-0.43%,1,Buy,"88% Buy",+48.00,+40.61%,50.52,55.66,46.9,56.83,44.26,19.27,37.88,2761271,Weakest,Strong,15.37%,2.12,55.66,58,2%
CGEN,"Compugen Ltd","Medical - Biomedical",2.34,-2.90%,3,Buy,"32% Buy",+47.90,+56.00%,2.42,2.24,2.25,2.34,50.84,34.66,39.68,390346,Weakest,Weak,51.91%,0.72,2.23,2.46,48%
JLHL,"Julong Holding Limited Cl A","Building & Construction - Misc",8.33,-5.88%,2,Sell,"24% Sell",+47.78,+109.08%,13.82,15.45,10.86,7.5,47.43,87.74,93.44,916947,Average,Minimum,31.21%,0.04,4.59,10.41,64%
SMC,"Summit Midstream Corporation","Oil Gas Prod Pipeline MLP",31.84,+4.91%,5,Buy,"88% Buy",+47.76,+30.28%,30.13,29.82,29.67,30.4,60.9,8.94,6.08,61443,Strongest,Average,64.04%,1.1,29.23,31.57,112%
SFST,"Southern First Bancs","Banks - Southeast",62.75,-0.92%,6,Buy,"100% Buy",+47.55,+53.80%,58.38,60.76,57.51,62.26,54.42,32.46,8.54,96091,Average,Strong,73.43%,0.61,59.98,64.55,61%
FRST,"Primis Financial Corp","Finance - Misc Services",16.15,-0.62%,8,Buy,"100% Buy",+47.43,+44.71%,14.82,15.71,14.38,16.02,54.38,23.37,2.84,159060,Average,Strong,87.68%,0.63,15.46,16.58,62%
CPAC,"Cementos Pacasmayo S.A.A ADR","Building - CMT & CNT & AG",11.88,+1.02%,3,Buy,"96% Buy",+47.24,+90.24%,11.03,11.54,10.9,11.88,52.95,68.9,0.75,57207,Average,Average,40.52%,0.9,11.63,12.13,49%
EPC,"Edgewell Personal Care","Consumer Prdts - Misc Staple",27.99,-1.37%,7,Buy,"88% Buy",+47.01,+27.05%,23,25.38,22.06,28.05,54.69,5.71,50.9,791060,Average,Strong,67.04%,0.63,26.62,29.48,48%
IDYA,"Ideaya Biosciences Inc","Medical - Biomedical",36.74,-0.76%,4,Buy,"88% Buy",+46.82,+59.05%,32.41,34.32,32.89,36.07,55.5,37.71,-6.98,1063662,Strengthening,Average,68.29%,0.6,34.99,37.15,81%
BZH,"Beazer Homes USA","Building - Residential & Comm",33.06,-0.36%,7,Buy,"100% Buy",+46.42,+42.01%,25.56,29.78,25.01,32.97,59.15,20.67,49.84,527310,Average,Maximum,54.55%,2.73,32.13,33.82,55%
DAN,"Dana Inc","Auto - Truck Original Parts",29.84,+4.92%,5,Hold,"32% Sell",+45.83,+70.13%,32,29.14,31.71,27.44,61.27,48.79,12.33,1612207,Weakest,Weak,56.94%,0.9,25.91,28.96,129%
BIIB,"Biogen Inc","Medical - Biomedical",207.13,-0.39%,3,Hold,"96% Buy",+45.47,+58.51%,194.29,202.14,190.94,203.59,53.25,37.17,4.43,1477149,Weakening,Average,47.07%,0.56,194.54,212.65,70%
FCEL,"Fuelcell Energy Inc","Other Alt Energy",19.83,-2.94%,4,Sell,"40% Buy",+45.45,+364.40%,16.91,21.76,13.91,20.79,46.39,343.06,158.01,6004070,Weakest,Average,28.58%,0.36,17.58,24.01,35%
MLAB,"Mesa Labs Inc","Medical Instruments",101.62,-1.00%,7,Sell,"72% Buy",+45.30,+58.07%,98.46,100.39,94.63,99.59,52.82,36.73,16.19,142141,Weakening,Soft,62.89%,0.52,94.47,104.71,70%
ST,"Sensata Technologies Holding N.V.","Industrial Controls",45.79,-1.89%,5,Hold,"48% Buy",+45.30,+55.48%,44.35,47.58,41.41,46.12,46.91,34.14,24.29,1854109,Weakest,Average,24.66%,0.59,43.9,48.35,43%
VOYA,"VOYA Financial Inc","Insurance - Life",100.23,-1.15%,3,Buy,"100% Buy",+45.18,+41.09%,84.84,94.09,81.02,99.47,59.64,19.75,21.29,1056464,Average,Maximum,77.97%,0.91,97.15,101.79,66%
CYD,"China Yuchai International","Auto - Truck Original Parts",46.15,-2.47%,10,Sell,"8% Sell",+45.14,+60.52%,46.4,48.52,46.21,46.24,47.17,39.18,16.74,177570,Weakening,Minimum,53.00%,0.41,43.3,49.18,48%
AVIR,"Atea Pharmaceuticals Inc","Medical - Biomedical",5.02,-4.38%,3,Buy,"56% Buy",+44.91,+48.52%,4.98,4.63,4.8,4.79,57.01,27.18,27.36,420108,Average,Weak,91.73%,0.35,4.47,5.11,86%
NTB,"Bank of Butterfield Ltd","Banks - Foreign",62.53,+0.34%,6,Buy,"100% Buy",+44.71,+38.96%,57.32,59.83,55.32,61.35,62.27,17.62,12.25,180205,Strongest,Maximum,92.07%,0.71,59.88,62.82,90%
FCFS,"Firstcash Holdings Inc","Financial Transaction Services",208.73,+3.06%,2,Sell,"24% Buy",+44.68,+55.26%,212.85,215.07,201.59,207.44,48.99,33.92,17.7,347341,Weakest,Weak,53.84%,0.65,196.27,218.62,56%
ENTA,"Enanta Pharmaceutica","Medical - Biomedical",13.81,+0.29%,2,Hold,Hold,+44.37,+100.14%,13.35,13.07,13.43,13.12,57.44,78.8,-25.69,243910,Bearish,,83.59%,0.71,12.37,13.87,96%
FSTR,"Foster L B Company","Steel - Producers",39.58,-4.09%,4,Sell,"40% Buy",+44.20,+79.26%,37.69,42.27,35.08,41.73,36.45,57.92,33.6,62512,Weakest,Average,39.18%,1.96,40.18,43.29,-19%
SMBC,"Southern MO Bancorp","Finance - Savings & Loan",76.46,-0.89%,8,Hold,"80% Buy",+44.16,+46.87%,70.63,74.64,67.96,77.42,48.88,25.53,16.07,79158,Weakening,Strong,45.61%,0.59,75.18,79.67,29%
PEBK,"Peoples Bancorp NC","Banks - Southeast",42.88,-0.39%,8,Sell,"56% Buy",+44.09,+51.79%,41.56,42.91,40.21,42.94,49.32,30.45,5.19,26023,Weakest,Average,44.70%,2.61,42.08,43.8,47%
CMT,"Core Molding Technologies Inc","Rubber & Plastics",25.23,-4.68%,7,Buy,"88% Buy",+43.77,+48.24%,24.15,23.94,22.55,24.39,56.54,26.9,12.58,27400,Strengthening,Average,65.46%,0.88,22.91,25.86,79%
FFIV,"F5 Inc","Internet - Software",409.99,+2.44%,3,Sell,"88% Buy",+43.31,+27.42%,363.89,403.51,334.48,405.48,52.86,6.08,47.36,894550,Weakening,Strong,77.03%,1.02,383.94,427.03,60%
MBBC,"Marathon Bancorp Inc","Banks - Northeast",14.96,-0.93%,2,Buy,"88% Buy",+43.29,+49.30%,14.41,14.68,13.65,15.04,49.53,27.96,9.77,7954,Weakest,Good,65.83%,0.29,14.74,15.34,36%
EBC,"Eastern Bankshares Inc","Banks - Northeast",22.94,+0.44%,6,Buy,"88% Buy",+43.23,+50.52%,20.87,21.85,20.63,22.98,54.28,29.18,11.21,2600931,Average,Strong,52.05%,0.53,22.4,23.55,47%
FRAF,"Franklin Finl Svcs Corp","Banks - Northeast",61.79,-0.85%,6,Hold,"80% Buy",+43.16,+53.36%,58.39,61.68,55.74,62.9,45.67,32.02,9.83,40494,Weakest,Strong,52.60%,1.85,61.51,64.3,10%
KYTX,"Kyverna Therapeutics Inc","Medical - Biomedical",7.89,-0.88%,1,Sell,"72% Sell",+42.58,+143.52%,8.54,8.05,8.49,7.56,50.71,122.18,-29.32,1097738,Average,Weak,75.77%,0.52,7.06,8.06,83%
DCOM,"Dime Commercial Bancshares Inc","Banks - Southeast",40.14,-0.45%,5,Buy,"88% Buy",+41.77,+46.18%,37.64,39.71,36.06,40.47,48.58,24.84,20.14,300447,Weakening,Strong,67.41%,0.61,39.14,41.8,38%
MCY,"Mercury General Corp","Insurance - Proprty & Casualty",106.94,-2.34%,2,Buy,"88% Buy",+41.69,+50.98%,100.05,105.33,96.61,107.09,49.79,29.64,0.43,257256,Weakening,Strong,64.09%,0.88,103.91,110.27,48%
VIRT,"Virtu Financial Cm A","Finance - Misc Services",55.67,-0.32%,1,Sell,"40% Buy",+41.61,+31.17%,53.58,58.45,48.52,58.11,40.95,9.83,53.82,1177044,Weakest,Average,29.36%,0.85,55.09,61.12,10%
RBKB,"Rhinebeck Bancorp Inc","Banks - Northeast",12.48,+0.48%,5,Hold,"96% Buy",+41.46,+40.51%,11.68,12.14,11.07,12.25,56.01,19.17,32.1,41201,Strengthening,Strong,86.92%,0.87,11.8,12.71,75%
USB,"U.S. Bancorp","Banks - Major Regional",64.19,+0.39%,7,Buy,"100% Buy",+41.03,+43.09%,57.58,60.73,56.94,63.59,59.57,21.75,7.04,9444590,Strongest,Maximum,61.27%,0.62,62.36,64.83,74%
CIVB,"Civista Bncshrs","Banks - Midwest",28.13,-0.71%,7,Buy,"88% Buy",+40.70,+45.45%,25.94,27.76,25.08,28.67,46.4,24.11,13.34,102431,Weakening,Strong,46.35%,0.52,27.87,29.47,17%
Q,"Qnity Electronics Inc","Electronics - Semiconductors",134.37,-2.63%,2,Sell,N/A,+40.64,N/A,141.21,145.61,129.18,135.09,46.17,N/A,51.31,N/A,N/A,N/A,53.72%,0.57,126.15,144.03,46%
UTHR,"United Therapeutic","Medical - Drugs",529.66,-1.70%,2,Sell,"8% Sell",+40.59,+75.67%,552.83,539.3,531.68,527.43,48.2,54.33,-4.56,495880,Weakening,Minimum,85.26%,1.22,515.38,539.48,59%
TRMD,"Torm Plc Cl A","Transportation - Ship",29.19,-1.02%,5,Buy,"40% Buy",+40.56,+51.79%,29.66,28.91,28.19,29.61,48.4,30.45,35.82,714912,Weakest,Weak,37.68%,0.43,28.59,30.62,29%
GSBC,"Great Southern Bncp","Finance - Savings & Loan",80.23,-0.52%,4,Buy,"100% Buy",+40.35,+41.30%,72.09,77.25,68.94,79.68,55.75,19.96,17.07,79321,Average,Maximum,66.87%,1.25,76.76,82.6,59%
IMUX,"Immunic Inc","Medical - Biomedical",14.1,-1.40%,3,Sell,"40% Buy",+40.32,+61.68%,12.86,14.32,11.4,14.31,48.45,40.34,150.93,247083,Weakest,Good,53.64%,0.61,13.05,15.57,42%
RBB,"Rbb Bancorp","Banks - West",26.48,-1.19%,3,Buy,"88% Buy",+40.13,+43.68%,24.46,26.07,23.49,26.71,49.47,22.34,15.03,104531,Weakening,Strong,64.40%,0.6,25.94,27.48,35%
PDLB,"Ponce Financial Group Inc","Finance - Misc Services",20.03,-0.20%,5,Buy,"88% Buy",+40.11,+41.35%,18.62,19.75,17.91,20.18,49.64,20.01,9.25,74893,Weakening,Strong,44.79%,0.73,19.71,20.65,34%
TSBK,"Timberland Bancorp","Finance - Savings & Loan",45,-0.49%,7,Buy,"100% Buy",+40.09,+45.21%,41.92,43.48,40.59,44.37,56.27,23.87,12.44,27198,Strengthening,Strong,82.52%,0.99,42.82,45.92,70%
FNLC,"First Bancorp Inc","Banks - Northeast",34.8,-1.64%,11,Buy,"88% Buy",+39.66,+37.44%,30.87,33.15,29.85,34.85,53.45,16.1,18.36,23456,Average,Maximum,67.34%,0.56,33.64,36.06,48%
PTHS,"Pelthos Therapeutics Inc","Medical - Biomedical",29,+2.26%,5,Hold,"80% Buy",+39.60,+52.31%,25.69,27.23,25.19,27.31,55.48,30.97,-19.71,27264,Strengthening,Soft,86.08%,0.38,25.09,29.52,88%
PK,"Park Hotels & Resorts Inc","REIT - Equity Trust Other",14.51,-1.69%,10,Hold,"80% Buy",+39.56,+42.67%,12.74,14.43,12.21,14.86,47.54,21.33,25.46,4273103,Average,Strong,20.22%,0.58,14.33,15.38,17%
AZZ,"Azz Inc","Machinery - Electrical",152.25,+0.88%,8,Sell,"88% Buy",+39.19,+38.10%,142.06,148.07,137.09,149.21,55.61,16.76,28.79,226594,Strengthening,Strong,73.33%,0.66,143.3,155.11,76%
CCSI,"Consensus Cloud Solutions","Internet - Software",36.98,+5.24%,3,Buy,"100% Buy",+39.16,+55.12%,31.48,36.01,29.58,36.75,52.14,33.78,56.22,176595,Strengthening,Strong,55.61%,1.32,34.46,39.04,55%
EBMT,"Eagle Bancorp [Mt]","Banks - Midwest",23.4,-1.76%,4,Buy,"88% Buy",+38.52,+47.08%,22.54,23.34,22.2,23.5,48.61,25.74,4.33,52271,Weakest,Average,60.19%,0.5,22.84,24.17,42%
PBFS,"Pioneer Bancorp Inc","Banks - Northeast",17.12,-1.15%,9,Hold,"80% Buy",+38.20,+37.95%,15.64,16.98,15.11,17.37,48.18,16.61,13.74,14974,Weakening,Strong,17.95%,0.31,16.75,17.99,30%
RAMP,"Liveramp Holdings Inc","Technology Services",37.75,-0.16%,2,Hold,"80% Buy",+38.15,+42.67%,33.65,37.68,31.14,37.81,54.31,21.33,15.27,977434,Weakest,Strong,41.23%,0.67,37.63,37.99,33%
IRON,"Disc Medicine Inc","Medical - Biomedical",78.28,+1.08%,4,Buy,"72% Buy",+38.15,+34.90%,70.05,73.61,70.36,76.01,56.97,13.56,-14.68,580845,Strengthening,Weak,65.10%,0.55,72.6,79.42,83%
ETSY,"Etsy Inc","Internet Commerce",80.4,-6.02%,5,Hold,"80% Buy",+37.73,+32.00%,67.89,77.38,63.73,83.43,48.31,10.66,31.76,3414343,Average,Strong,48.27%,1.52,79.44,87.41,12%
CPF,"Central Pacific Financial Company","Banks - West",38.49,-1.05%,7,Hold,"80% Buy",+37.72,+43.09%,35.57,37.62,34.52,39.14,47.7,21.75,10.26,156907,Weakening,Strong,30.58%,0.81,38.14,40.13,17%
SLAB,"Silicon Labs Inc","Semi Analog & Mixed",218.43,-0.36%,3,Hold,"80% Buy",+37.55,+74.16%,215.74,218.25,203.75,217.69,54.38,52.82,53.86,480694,Weakest,Average,72.00%,0.47,216.29,219.08,77%
ALXO,"Alx Oncology Holdings Inc","Medical - Biomedical",2.06,-1.90%,3,Buy,"88% Buy",+37.44,+204.37%,1.89,1.89,1.89,2.01,54.43,183.03,69.04,857594,Average,Soft,76.36%,0.35,1.89,2.13,71%
FBLA,"Fb Bancorp Inc","Banks - Southeast",15.56,-0.38%,10,Buy,"100% Buy",+36.37,+38.31%,14.44,14.96,14.01,15.49,56.76,16.97,7.83,114961,Strengthening,Maximum,48.35%,0.75,15.12,15.85,60%
KNOP,"Knot Offshore Partners LP","Transportation - Ship",10.7,+1.13%,2,Buy,"40% Buy",+36.16,+54.62%,10.53,10.5,10.51,10.49,55.5,33.28,-9.88,107132,Weakening,Weak,54.08%,0.62,10.14,10.84,80%
BSRR,"Sierra Bancorp","Banks - West",39.83,-1.65%,4,Hold,"64% Buy",+36.07,+39.61%,38.22,40.45,37.26,41.18,40.12,18.27,8.62,59110,Weakest,Strong,47.24%,0.88,39.8,42.57,1%
FITB,"Fifth Third Bancorp","Banks - Major Regional",57.13,+0.07%,4,Buy,"88% Buy",+35.99,+37.20%,51.97,55.46,51.37,57.38,53.13,15.86,8.79,8447691,Average,Strong,40.54%,0.42,56.1,58.65,40%
BOKF,"Bok Financial Corp","Banks - Southwest",143.16,-0.45%,8,Buy,"100% Buy",+35.88,+41.35%,134.01,137.17,132.42,141.96,58.12,20.01,7.59,314235,Strengthening,Strong,70.36%,0.78,138.51,145.4,67%
BCH,"Banco DE Chile ADR","Banks - Foreign",41.49,+0.17%,9,Buy,"88% Buy",+35.79,+43.12%,38.8,39.87,39.81,41.07,54.81,21.78,-4.08,350885,Strengthening,Soft,68.99%,0.57,39.81,42.33,67%
HELE,"Helen of Troy Ltd","Cosmetics & Toiletries",29.21,-1.88%,4,Buy,"100% Buy",+35.74,+33.93%,23.99,27.69,21.99,28.31,54.82,12.59,24.2,704672,Average,Strong,84.45%,0.82,26.82,29.8,80%
TK,"Teekay Corporation Ltd","Oil - International Integrated",11.18,-1.24%,7,Sell,"32% Sell",+35.73,+50.47%,12.03,11.28,11.66,11.18,48.93,29.13,10.55,594955,Weakening,Weak,44.13%,0.7,10.64,11.72,50%
TECH,"Bio-Techne Corp","Medical - Biomedical",72.12,-0.24%,7,Buy,"88% Buy",+35.52,+43.04%,58.72,65.21,59.7,71.87,71.21,21.7,9.37,3084024,Average,Strong,69.98%,0.62,71.34,72.4,73%
SWAG,"Stran & Company Inc","Advertising Marketing Services",2.04,+4.08%,1,Sell,"40% Buy",+35.20,+44.59%,1.9,2.09,1.88,2.02,51.28,23.25,9.63,136363,Weakening,Weak,47.42%,0.67,1.91,2.14,57%
KINS,"Kingstone Cos Inc","Insurance - Proprty & Casualty",19.18,+0.79%,2,Hold,"80% Buy",+35.19,+27.27%,17.04,18.36,16.68,19.88,46.8,5.93,0.7,132118,Average,Strong,44.08%,1.87,18.9,20.87,14%
IMPP,"Imperial Petroleum Inc","Transportation - Ship",4.65,+0.87%,1,Sell,"8% Buy",+35.08,+54.49%,4.79,4.89,4.5,4.73,43.77,33.15,15.19,636882,Weakest,Minimum,34.45%,1.01,4.53,4.92,30%
FUSB,"First US Bancshares Inc","Banks - Southeast",16.6,+0.61%,2,Hold,"96% Buy",+34.85,+29.18%,16.05,16.44,15.61,16.54,51.43,7.84,5.57,6385,Weakening,Good,68.43%,0.49,16.26,16.83,60%
WSBK,"Winchester Bancorp Inc","Banks - Northeast",12.99,-0.08%,4,Buy,"88% Buy",+34.70,+36.88%,12.9,12.97,12.58,13.02,48.27,15.54,11.05,8441,Weakest,Average,81.56%,0.24,12.96,13.07,23%
CTW,"Ctw Cl A",Gaming,2.54,+2.42%,2,Hold,"64% Buy",+34.42,-6.62%,2.45,2.43,2.19,2.44,55.29,-27.96,33.56,62738,Average,Average,68.15%,1.54,2.27,2.6,81%
SBFG,"Sb Financial Group","Banks - Northeast",26.55,-1.56%,3,Buy,"88% Buy",+34.37,+28.32%,23.2,24.84,22.58,26.64,54.14,6.98,5.96,19601,Weakening,Maximum,75.97%,0.35,25.76,27.52,45%
PNC,"PNC Bank","Finance - Investment Brokers",251.76,-0.32%,5,Buy,"100% Buy",+33.92,+32.69%,229.67,243.34,226.65,251.7,54.97,11.35,7.36,2223497,Average,Maximum,49.91%,0.76,247.72,255.68,51%
WYHG,"Wing Yip Food Holdings Group ADR","Food - Meat Products",5.72,+29.12%,3,Hold,"80% Buy",+33.70,+15.32%,3.35,4.23,2.9,4.18,55.09,-6.02,146.74,460892,Strongest,Average,14.62%,6.87,1.34,7.01,77%
RBC,"RBC Bearings Inc","Machinery - General Industrial",556.5,-1.90%,3,Sell,"8% Sell",+33.51,+39.80%,586.25,594.58,567.51,574.68,39.83,18.46,10.84,219283,Average,Minimum,25.91%,0.72,547.51,601.85,17%
BCAL,"California Bancorp","Banks - Southwest",21.39,+0.66%,4,Buy,"100% Buy",+33.47,+40.54%,19.47,20.51,19.13,21.24,57.19,19.2,1.31,213949,Strengthening,Strong,58.54%,0.88,20.75,21.72,66%
RVTY,"Revvity Inc","Medical Services",116.02,+1.19%,4,Buy,"100% Buy",+32.73,+33.60%,99.72,108.12,100.35,112.06,59.39,12.26,6.66,1405740,Strongest,Maximum,82.48%,0.84,107.33,116.78,92%
HAFC,"Hanmi Financial Corp","Banks - West",31.68,-0.72%,3,Hold,"64% Buy",+32.68,+39.19%,30.09,31.7,29.1,32.07,46.97,17.85,3.94,274260,Weakest,Strong,71.12%,0.78,31.2,32.95,28%
AVBH,"Avidbank Holdings Inc","Banks - West",32.33,-0.83%,5,Buy,"88% Buy",+32.64,+39.05%,30.74,32.18,29.96,32.4,49.19,17.71,8.46,87063,Weakening,Strong,60.34%,0.39,31.74,33.05,45%
IPI,"Intrepid Potash Inc",Fertilizers,37.75,+8.32%,3,Hold,"32% Buy",+32.63,+31.85%,37.46,34.84,36.62,34.68,65.4,10.51,22.87,237215,Weakening,Minimum,76.95%,1.26,32.82,36.54,132%
IMTX,"Immatics NV","Medical - Biomedical",9.72,+0.73%,4,Hold,"48% Sell",+32.53,+57.28%,10.15,9.58,10.05,9.26,54.33,35.94,-20.69,483483,Weakest,Weak,82.54%,0.53,8.61,9.9,86%
LSBK,"Lake Shore Bancorp","Finance - Savings & Loan",17.05,0.00%,6,Buy,"88% Buy",+32.53,+35.53%,16.19,16.77,15.9,17.11,51.02,14.19,3.04,11670,Weakening,Strong,56.57%,1.1,16.95,17.27,32%
HSIC,"Henry Schein Inc","Medical - Dental Suppliers",88.08,-0.06%,5,Buy,"100% Buy",+32.47,+33.58%,78.88,83.45,78.6,86.69,60.24,12.24,3.28,1405875,Strengthening,Maximum,55.14%,0.99,83.7,89.67,73%
IRM,"Iron Mountain Inc","Business Information",121.56,+0.34%,6,Sell,"40% Buy",+32.40,+34.83%,120.43,124.9,113.44,124.03,45.65,13.49,33.29,1874416,Weakest,Average,13.31%,1.08,119.91,128.16,20%
HAFN,"Hafnia Ltd","Transportation - Ship",7.49,-0.27%,7,Hold,"16% Buy",+32.38,+35.93%,7.82,7.37,7.39,7.51,50.52,14.59,27.27,1541901,Weakest,Weak,49.83%,0.38,7.27,7.75,46%
DY,"Dycom Industries","Building - Heavy Construction",400.79,-1.76%,5,Sell,"8% Sell",+32.21,+43.59%,422.49,444.06,409.17,413.43,43.98,22.25,5.35,471367,Weakening,Minimum,40.65%,0.46,383.81,443.05,29%
KMT,"Kennametal Inc","Machinery - Tools & Related",31.59,-4.65%,8,Sell,"40% Sell",+32.18,+56.00%,35.69,34.27,36.05,34.34,37.2,34.66,-2.07,1248979,Average,Weak,4.72%,1.59,32.31,36.36,-18%
EQIX,"Equinix Inc","REIT - Equity Trust Retail",1043.38,+0.07%,2,Hold,"32% Buy",+32.16,+34.42%,1049.24,1051.03,991.44,1035.08,50.38,13.08,22.92,599247,Weakest,Soft,43.22%,1.32,999.13,1071.03,62%
HWC,"Hancock Whitney Corp","Banks - Southeast",77.43,-0.22%,4,Buy,"100% Buy",+32.05,+32.93%,70.08,74.06,69.36,77.13,57.09,11.59,8.33,877174,Average,Maximum,70.67%,0.59,75.2,79.05,58%
ACNT,"Ascent Industries Co.","Machinery - General Industrial",15.6,-0.06%,4,Buy,"56% Buy",+31.98,+18.99%,14.21,14.68,14.83,15.32,59.93,-2.35,-16.9,89069,Weakening,Weak,41.48%,0.47,14.95,15.69,87%
FULT,"Fulton Financial Cor","Banks - Northeast",24.01,-0.95%,4,Hold,"80% Buy",+31.79,+34.96%,22.4,23.72,21.86,24.51,46.16,13.62,10.95,1912498,Weakening,Strong,35.76%,0.67,23.99,25.03,2%
ISTR,"Investar Holding","Banks - Southeast",29.83,-0.77%,4,Buy,"88% Buy",+31.75,+39.46%,28.73,29.55,28.56,29.89,50,18.12,-1.62,127232,Weakening,Average,57.26%,0.4,29.14,30.65,46%
OKUR,"Onkure Therapeutics Inc","Medical - Biomedical",4.06,-1.93%,2,Sell,Hold,+31.69,+99.02%,4.24,4.24,3.79,4.1,46.34,77.68,26.74,233006,Falling,,51.52%,0.44,3.88,4.33,40%
UMBF,"UMB Financial Corp","Banks - Midwest",146.11,+0.35%,7,Buy,"100% Buy",+31.59,+32.61%,131.25,140.2,128.3,144.74,55.47,11.27,13.75,597279,Strengthening,Maximum,65.65%,0.87,139.61,149.88,63%
PANL,"Pangaea Logistics So","Transportation - Ship",7.33,-1.21%,6,Buy,"24% Sell",+31.57,+49.29%,7.43,7.28,7.65,7.41,49.15,27.95,-6.72,520568,Weakening,Minimum,41.60%,0.9,7.07,7.75,38%
KNTK,"Kinetik Holdings Inc","Oil - Field Services",51.27,+4.25%,6,Buy,"100% Buy",+31.55,+24.14%,48.25,48.39,46.08,50.08,57.05,2.8,28.96,1184964,Strengthening,Strong,54.60%,1.34,48.12,52.05,80%
AFRI,"Forafric Global Plc","Agriculture Operations",10.75,-3.85%,6,Buy,"100% Buy",+31.53,+38.71%,10.07,10.29,10.05,10.61,55.76,17.37,-15.8,15274,Strongest,Average,59.65%,1.45,10.27,10.96,70%
TEX,"Terex Corp","Machinery - Construct & Mining",66.34,-2.05%,4,Sell,"88% Buy",+31.35,+36.53%,63.15,65.8,63.02,65.91,50.83,15.19,11.02,1512474,Strengthening,Average,54.55%,0.49,61.84,69.99,55%
SLP,"Simulations Plus Inc","Computer - Software",18.35,+0.16%,5,Buy,"88% Buy",+31.15,+29.50%,15.81,17.84,15.64,18.29,62.49,8.16,-12.6,390455,Average,Average,72.16%,0.4,18.19,18.39,80%
ACOG,"Alpha Cognition Inc","Medical - Biomedical",8.89,-2.63%,5,Buy,"100% Buy",+31.06,-10.20%,6.77,7.47,6.41,8.44,59.21,-31.54,23.51,72254,Strongest,Maximum,78.91%,0.56,7.75,9.13,83%
FUNC,"First United Corp","Banks - Northeast",44.46,-0.63%,4,Hold,"80% Buy",+31.04,+35.71%,40.35,43.27,39.33,44.68,51.76,14.37,5.49,19532,Weakening,Strong,65.82%,0.52,43.63,45.73,40%
EWBC,"East West Bancorp","Banks - West",131.85,+0.11%,4,Buy,"88% Buy",+31.00,+33.03%,123.55,129.88,120.46,132.12,52.46,11.69,4.05,928404,Weakening,Strong,48.11%,0.63,129.08,135.17,46%
DVN,"Devon Energy Corp","Oil - US Exploration & Product",45.36,+5.54%,6,Buy,"40% Buy",+30.69,+36.30%,45.86,43.61,44.43,43.9,56.95,14.96,10.57,12291658,Average,Weak,42.66%,0.97,42.03,45.77,89%
CLST,"Catalyst Bancorp Inc","Banks - Southeast",17,-1.97%,6,Buy,"100% Buy",+30.62,+35.22%,16.37,16.55,16.23,16.92,53.23,13.88,-5.32,5681,Average,Average,58.38%,1.15,16.49,17.35,59%
ALGT,"Allegiant Travel Com","Transportation - Airline",89.54,-6.35%,1,Sell,"8% Buy",+30.42,+82.96%,90.73,100.24,91.93,100.05,37.44,61.62,-8.25,504862,Weakening,Weak,21.58%,0.95,91.46,108.65,-11%
TXMD,"Therapeuticsmd Inc","Medical - Drugs",2.07,0.00%,4,Buy,"24% Buy",+30.19,+95.04%,2.07,2.05,2.14,2.05,52.61,73.7,13.73,64034,Weakest,Minimum,63.68%,0.34,1.97,2.12,66%
CLH,"Clean Harbors","Waste Removal Svcs",310,+0.59%,5,Buy,"100% Buy",+30.13,+30.66%,297.27,298.35,288.58,309,54.5,9.32,18.95,531438,Strongest,Strong,25.24%,0.84,298.21,319.79,55%
MCBS,"Metrocity Bankshares Inc","Banks - Southeast",35.4,-0.95%,3,Hold,"80% Buy",+30.11,+29.10%,33.08,35.12,31.47,35.83,48.58,7.76,20.12,79387,Weakest,Strong,67.29%,0.68,34.77,36.9,30%
TBPH,"Theravance Bio Ord","Medical - Drugs",16.91,-0.12%,2,Buy,"8% Buy",+30.01,+46.79%,16.49,16.76,17.07,16.88,53.32,25.45,-22.88,564613,Weakest,Minimum,77.38%,0.61,16.8,16.97,66%
CENT,"Central Garden","Consumer Prdts - Misc Discr",43.9,-1.88%,7,Buy,"100% Buy",+29.47,+28.78%,40.2,42.88,38.69,43.8,51.35,7.44,23.29,80518,Average,Strong,74.64%,1.28,42.1,45.49,53%
MNKD,"Mannkind Corp","Medical - Biomedical",3.93,-4.38%,5,Hold,"16% Buy",+29.44,+11.65%,3.38,3.92,3.87,3.97,49.11,-9.69,-43.95,5074479,Weakest,Minimum,52.60%,0.77,3.77,4.17,39%
HBNC,"Horizon Bancorp","Banks - Northeast",20.22,-0.98%,6,Buy,"88% Buy",+29.12,+32.85%,18.68,19.79,18.23,20.37,50.26,11.51,5.96,442078,Weakening,Strong,66.67%,0.82,19.76,20.97,38%
IMDX,"Insight Molecular Diagnostics Inc","Medical Information Systems",4.77,-1.24%,5,Sell,"88% Sell",+29.02,+85.60%,4.81,5.24,5.27,4.79,46.16,64.26,-49.66,189061,Strengthening,Soft,46.39%,0.39,4.41,5.17,48%
BODI,"The Beachbody Company Inc","Consumer Services - Misc",10.22,-1.06%,3,Hold,"16% Sell",+28.84,+121.69%,11.2,10.25,10.71,10.56,47.49,100.35,-14.61,110722,Weakening,Minimum,27.81%,1.09,9.67,11.46,31%
KMX,"Carmax Inc","Retail - Wholesale Auto Parts",58.78,+1.03%,5,Buy,"100% Buy",+28.82,+6.95%,46.88,53.29,46.01,57.9,61.03,-14.39,38.86,3903229,"Top 1%",Strong,44.89%,0.48,56.03,59.78,73%
BVFL,"Bv Financial Inc MD","Banks - Northeast",21.09,-1.59%,5,Buy,"88% Buy",+28.73,+36.95%,20.21,20.81,19.81,21.12,50.27,15.61,3,21504,Weakening,Strong,68.71%,0.63,20.33,21.91,48%
ASB,"Associated Banc-Corp","Banks - Midwest",31.35,+0.22%,5,Buy,"100% Buy",+28.68,+30.63%,28.63,30.09,28.06,31.05,56.93,9.29,8.44,2113791,Strengthening,Maximum,64.74%,0.69,30.28,31.82,70%
DJCO,"Daily Journal Corp","Publishing - Newspapers",561.29,-0.60%,7,Hold,"64% Buy",+28.67,+36.50%,534.54,565.8,543.1,585.58,42.22,15.16,1.92,109648,Weakening,Soft,21.10%,2.28,562.08,609.07,-2%
AKO.B,"Embotell Andna Sa Cl B ADR","Beverages - Soft",31.4,-0.01%,3,Buy,"100% Buy",+28.40,+35.58%,28.78,29.59,29.07,30.22,62.16,14.24,-0.71,15632,Strongest,Average,85.71%,0.75,28.79,31.64,92%
EQBK,"Equity Bncsrs Cm A","Banks - Northeast",50.69,-0.49%,8,Buy,"100% Buy",+28.20,+36.56%,46.99,48.81,46.62,50.55,56.09,15.22,0.27,106612,Strengthening,Strong,65.31%,0.49,49.16,51.94,55%
VCEL,"Vericel Corporation","Medical - Biomedical",43.95,-2.53%,3,Hold,"80% Buy",+28.14,+21.27%,38.42,42.88,37.71,45.88,44.66,-0.07,8.79,604292,Weakening,Strong,16.36%,0.69,43.94,47.83,0%
CVCO,"Cavco Inds Inc","Building - Mobile Homes & RV",583.17,-1.53%,7,Sell,"56% Buy",+28.11,+28.39%,536.88,576.35,553.26,571.09,53.59,7.05,-14.54,157108,Average,Weak,77.63%,1.05,546.22,595.97,74%
ABUS,"Arbutus Biopharma Corp","Medical - Biomedical",4.59,-0.86%,1,Sell,"64% Buy",+28.03,+35.00%,4.45,4.52,4.42,4.48,52.64,13.66,-17.83,1827802,Weakening,Weak,76.52%,0.47,4.24,4.72,73%
FTAI,"Ftai Aviation Ltd","Aerospace - Defense Equipment",215,-0.57%,5,Sell,"56% Sell",+27.94,+58.02%,241.01,234.41,250.97,212.36,46.37,36.68,-4.04,1455560,Strengthening,Weak,71.26%,0.8,195.55,229.18,58%
ENIC,"Enersis Chile S.A. ADR","Utility - Electric Power",4.48,-1.32%,4,Buy,"100% Buy",+27.71,+36.17%,4.36,4.41,4.31,4.44,52.33,14.83,-1.82,594693,Average,Average,66.20%,0.83,4.29,4.58,65%
BNED,"Barnes & Noble Education Inc C","Consumer Prdts - Misc Discr",12.82,+0.16%,2,Buy,"100% Buy",+27.68,+47.53%,10.85,11.91,10.09,12.54,56.23,26.19,26.24,321195,Strongest,Maximum,71.19%,0.47,11.87,13.21,71%
AER,"Aercap Holdings N.V.","Transportation - Equip & Lease",149.58,-1.41%,7,Buy,"88% Buy",+27.41,+35.69%,143.63,146.47,143.97,150.88,48.6,14.35,-9.21,1302523,Weakening,Average,41.04%,0.89,145.35,156.41,38%
PLOW,"Douglas Dynamics","Auto - Truck Replacement Parts",42.66,-3.83%,5,Sell,"8% Sell",+27.27,+38.15%,45.34,46.28,43.65,44.6,41.42,16.81,17.4,223995,Weakening,Minimum,52.36%,1.1,42.07,47.14,12%
OSS,"One Stop Systems Inc","Computer - Micro",12.65,-4.46%,3,Sell,"8% Buy",+27.14,+131.26%,13.26,15.17,12,12.79,45.18,109.92,62.92,1561449,Weakening,Weak,60.38%,0.57,11.26,14.32,45%
AVTX,"Avalo Therapeutics Inc","Medical - Drugs",19.77,+7.91%,5,Buy,"88% Buy",+27.14,+121.39%,16.46,17.31,16.29,18.67,58,100.05,-4.39,988328,Strongest,Average,56.10%,0.67,17.53,19.82,98%
TEO,"Telecom Argentina Stet France Telecom ADR","Wireline Non-US",14.3,+3.40%,7,Buy,"100% Buy",+27.02,+41.72%,12.74,13.66,12.4,13.72,61.03,20.38,9.91,354573,Strongest,Good,76.96%,0.84,13.16,14.28,102%
CQP,"Cheniere Energy Partners LP","Other Alt Energy",67.27,+3.96%,6,Buy,"88% Buy",+26.95,+23.41%,63.61,63.04,61.91,64.58,58.26,2.07,12.53,123144,Strongest,Good,65.77%,2.42,61.65,67.52,96%
ABEV,"Ambev S.A. ADR","Beverages - Alcohol",2.94,-2.00%,4,Sell,"8% Sell",+26.91,+30.09%,3.08,3.11,3.01,3.06,34.28,8.75,5.77,29275029,Average,Minimum,21.67%,1.35,2.97,3.16,-14%
FBNC,"First Bancorp [Nc]","Banks - Southeast",64.72,+0.08%,3,Buy,"100% Buy",+26.86,+31.30%,60.07,62.54,59.24,64,55.82,9.96,14.17,232346,Strengthening,Strong,74.28%,0.57,62.05,65.95,69%
PRPO,"Precipio Inc","Medical Information Systems",22.6,-5.72%,2,Sell,"88% Sell",+26.70,+62.59%,25.44,23.41,25.1,23.13,45.92,41.25,-14.91,32816,Strongest,Average,72.12%,3.53,21.22,25.03,36%
SNA,"Snap-On Inc","Tools - Hand Held",411.11,-1.26%,7,Buy,"100% Buy",+26.70,+27.75%,384.92,398.38,380.86,410.01,53.15,6.41,6.04,350262,Strengthening,Maximum,70.68%,0.62,397.9,422.13,55%
MRBK,"Meridian Bank","Banks - Northeast",19.38,-1.62%,5,Sell,"56% Buy",+26.64,+33.10%,19.21,19.63,19.16,19.99,40.78,11.76,-3.02,101228,Weakest,Weak,23.12%,0.5,19.4,20.58,-2%
LAMR,"Lamar Advertis A","REIT - Equity Trust Other",154.64,-3.91%,6,Hold,"64% Buy",+26.51,+33.89%,146.94,156.26,141.99,159.9,42.16,12.55,8.91,578271,Weakest,Strong,31.29%,0.83,155.62,164.17,-11%
ONB,"Old National Bncp","Banks - Midwest",26.52,-0.15%,4,Buy,"88% Buy",+26.49,+27.87%,24.47,25.7,24.22,26.61,52.42,6.53,5.61,3414107,Weakening,Strong,52.50%,0.71,26.01,27.21,43%
CV,"Capsovision Inc","Medical Information Systems",6.68,-5.92%,7,Hold,"8% Buy",+26.47,+69.97%,6.76,6.8,6.35,6.71,48.84,48.63,-50.77,243417,Weakest,Minimum,53.05%,0.56,6.25,7.17,46%
LOB,"Live Oak Bancsh","Banks - Southeast",42.23,-0.87%,6,Buy,"88% Buy",+26.19,+36.01%,38.23,40.67,38.08,42.53,51.37,14.67,9.68,285828,Weakening,Strong,50.92%,0.66,41.04,44.02,40%
BEP,"Brookfield Renewable","Utility - Electric Power",32.66,-1.63%,5,Sell,"24% Buy",+26.14,+31.22%,33.84,33.98,32.53,32.51,46.96,9.88,7.84,819935,Weakest,Minimum,47.92%,1.02,31.42,33.59,57%
WES,"Western Midstream Partners LP","Oil Refining & Marketing MLP",47.4,+1.67%,9,Buy,"100% Buy",+26.13,+24.41%,43.78,45,42.96,46.72,59.36,3.07,6.74,1323781,"Top 1%",Maximum,48.96%,1.38,45.51,47.93,78%
CZR,"Caesars Entertainment Inc","Leisure & Recreation Services",30.07,-0.27%,3,Hold,"96% Buy",+25.93,+25.08%,28.52,29.75,26.76,29.93,55.78,3.74,15.3,6450489,Weakening,Strong,83.68%,0.4,29.64,30.22,74%
ELPC,"Companhia Paranaense DE Energia [Copel] ADR","Utility - Electric Power",11.14,-3.55%,2,Hold,Hold,+25.92,+32.91%,11.99,11.57,11.48,11.63,39.33,11.57,3.88,268207,Falling,,32.26%,1.18,11.26,11.99,-17%
BCRX,"Biocryst Pharma Inc","Medical - Drugs",9.84,+4.90%,1,Sell,"88% Buy",+25.43,+18.55%,9.26,9.33,8.64,9.34,57.24,-2.79,12.89,4810725,Strengthening,Good,64.93%,0.85,8.81,9.87,97%
SIGI,"Selective Ins Group","Insurance - Proprty & Casualty",94.94,-1.34%,3,Buy,"88% Buy",+25.35,+21.48%,88.02,94.16,86.43,95.87,48.28,0.14,0.21,560729,Weakening,Strong,58.56%,0.62,93.14,98.6,33%
INDB,"Independent Bk Corp","Banks - Northeast",83.82,+0.11%,4,Hold,"80% Buy",+24.88,+31.36%,80.33,83.17,79.97,84.91,47.81,10.02,1.44,343435,Average,Good,29.05%,0.68,83.24,86.58,17%
MSGM,"Motorsport Games Inc Cl A",Gaming,4.35,+6.10%,6,Hold,"72% Buy",+24.86,+31.82%,4.28,4.28,4.09,4.41,50.02,10.48,23.96,731879,Average,Average,54.53%,0.97,3.99,4.84,42%
AUB,"Atlantic Union Bancshares Corp","Banks - Northeast",41.65,-0.31%,4,Hold,"80% Buy",+24.64,+29.99%,38.99,41,38.75,42.46,46.84,8.65,4.73,1125300,Weakening,Strong,40.89%,0.64,41.52,43.41,7%
EFSI,"Eagle Financial Services Inc","Banks - Southeast",42.87,+2.76%,4,Hold,"96% Buy",+24.47,+29.56%,39.19,41.32,38.66,41.35,61.56,8.22,-5.53,27933,Strongest,Strong,81.29%,0.45,39.73,42.96,97%
BLX,"Bladex Inc","Finance - Misc Services",56.01,-1.72%,5,Sell,"24% Buy",+24.37,+31.17%,56.16,58.73,53.39,58.68,38.4,9.83,12.32,160012,Weakening,Soft,11.03%,0.82,56.55,60.8,-13%
YOU,"Clear Secure Inc Cl A","Internet - Software",51.21,-0.16%,5,Hold,"32% Buy",+24.27,+59.93%,54.26,54.23,48.76,54.44,40.73,38.59,32.72,1596979,Weakest,Weak,5.36%,1.32,50.38,58.5,10%
NECB,"Northeast Community Bancorp","Banks - Northeast",26.4,-1.05%,6,Buy,"88% Buy",+24.15,+28.72%,25.26,26.32,24.71,26.76,46.67,7.38,3.5,44849,Weakening,Strong,45.64%,1.02,26.15,27.37,21%
GASS,"Stealthgas Inc","Transportation - Ship",8.81,+2.56%,2,Sell,Hold,+24.12,+32.08%,9.2,8.77,8.9,8.77,51.71,10.74,12.24,133032,Bearish,,34.13%,1.03,8.5,9.05,57%
APYX,"Apyx Medical Corp","Medical Products",3.46,-14.57%,3,Sell,"8% Sell",+23.60,+58.72%,3.99,4.22,3.91,4.06,33.5,37.38,-14.4,133117,Average,Weak,44.76%,1.62,3.63,4.49,-19%
NODK,"Ni Holdings Inc","Insurance - Proprty & Casualty",15.34,-1.79%,2,Sell,"56% Buy",+23.59,+19.56%,14.36,15.53,14.01,15.66,44.84,-1.78,2.08,17769,Weakest,Good,32.40%,1.32,15.21,16.11,15%
CENTA,"Central Garden & Pet","Consumer Prdts - Misc Discr",38.19,-2.23%,5,Hold,"80% Buy",+23.57,+24.38%,35.56,37.62,34.33,38.41,49.59,3.04,17.57,323973,Average,Strong,60.06%,0.84,37.03,39.78,42%
HMN,"Horace Mann Educators Corp","Insurance - Multi Line",52.84,+1.19%,3,Hold,"96% Buy",+23.45,+19.79%,47.68,50.67,46.24,52.09,55.93,-1.55,1.16,251753,Strongest,Strong,54.42%,0.82,50.81,53.37,79%
ITRN,"Ituran Location","Protection - Safety",51.81,-2.15%,3,Sell,"8% Sell",+23.34,+22.80%,57.48,59.39,53.83,55.23,31.85,1.46,7.2,123137,Average,Minimum,5.65%,0.92,52.83,57.63,-21%
DOW,"Dow Inc","Chemical - Diversified",30.58,+4.23%,5,Sell,"56% Sell",+23.28,+44.11%,34.68,30.78,33.26,30.03,52.27,22.77,17.54,12916746,Weakening,Weak,40.96%,0.65,28.79,31.27,72%
VTOL,"Bristow Group Inc","Transportation - Airline",46.53,+1.68%,5,Buy,"72% Buy",+23.28,+22.45%,44.74,43.46,44.42,45.12,58.85,1.11,13.8,215034,Strongest,Average,65.82%,0.99,43.17,47.07,86%
ZD,"Ziff Davis Inc","Internet - Software",54.31,+0.82%,9,Hold,"96% Buy",+23.16,+48.06%,47.12,50.24,43.3,53.03,56.94,26.72,41.25,766698,Strongest,Maximum,35.74%,1.61,50.78,55.27,79%
BC,"Brunswick Corp","Leisure & Recreational Prdcts",80.43,-1.37%,6,Sell,"40% Buy",+23.11,+41.48%,79.27,81.16,80.35,80.58,49.08,20.14,-4.92,834009,Weakest,Weak,51.83%,1.07,77.61,83.55,48%
CRBP,"Corbus Pharmaceuticals Hldgs Inc","Medical - Drugs",9.46,-6.98%,5,Buy,"8% Sell",+22.88,+12.22%,9.32,8.72,9,9.17,54,-9.12,2.96,362142,Weakest,Minimum,79.93%,0.85,8.5,9.84,71%
BH,"Biglari Holdings Inc","Retail - Restaurants",385.62,-0.24%,5,Buy,"72% Buy",+22.85,+40.10%,334.76,367.49,352.07,386.95,51.19,18.76,2.74,94327,Weakening,Average,57.55%,2.19,371.99,401.9,46%
PFGC,"Performance Food Group Company","Food Items - Wholesale",113.79,-0.97%,5,Buy,"100% Buy",+22.81,+17.38%,99.04,108.41,97.03,112.94,55.45,-3.96,13.29,1808240,Strengthening,Maximum,66.67%,0.81,109.01,116.87,61%
ECBK,"ECB Bancorp Inc","Banks - Northeast",20.05,-3.05%,3,Hold,"80% Buy",+22.64,+27.30%,18.76,19.77,18.34,20.31,47.31,5.96,2.04,11188,Average,Strong,81.52%,0.49,19.78,20.85,26%
PDM,"Piedmont Realty Trust Inc","REIT - Equity Trust Other",9.3,-1.90%,6,Hold,"64% Buy",+22.38,+23.18%,8.46,9.32,8.31,9.68,43.73,1.84,-1.75,959293,Weakest,Strong,15.29%,0.82,9.35,10.01,-8%
SD,"Sandridge Energy Inc","Oil - US Integrated",14.37,+5.51%,4,Hold,"64% Sell",+22.23,+32.08%,14.73,14,15.19,13.68,59.11,10.74,-13.68,353524,Weakening,Soft,56.42%,0.93,13.11,14.25,111%
BH.A,"Biglari Holdings Inc Cl A","Retail - Restaurants",1931.5,-0.12%,3,Hold,"80% Buy",+22.22,+41.70%,1736.01,1863.8,1827.84,1931.45,50.82,20.36,-2.26,17926,Weakening,Soft,48.50%,1.02,1847.75,2015.16,50%
CODA,"Coda Octopus Group","Electronics - Semiconductors",10.4,-2.26%,8,Buy,"40% Sell",+22.18,+37.02%,11.16,10.35,11.56,10.17,54.13,15.68,-1.43,162221,Average,Weak,77.64%,0.47,9.74,10.59,78%
EIG,"Employers Holdings Inc","Insurance - Accident & Health",49.06,-0.87%,2,Buy,"88% Buy",+22.11,+19.08%,45.29,48.73,44.43,50.06,44.94,-2.26,0.38,260065,Weakening,Strong,35.43%,0.81,48.72,51.41,13%
ET,"Energy Transfer LP","Oil Gas Prod Pipeline MLP",20.59,+2.29%,7,Buy,"100% Buy",+22.11,+19.16%,19.55,19.66,19.09,20.27,59.59,-2.18,11.6,13815402,Strongest,Strong,63.51%,1.29,19.91,20.63,94%
LYV,"Live Nation Entertainment","Movie & TV Production & Dist",184.64,+2.20%,4,Buy,"100% Buy",+22.04,+20.58%,167.88,176.48,162.43,180.42,57.29,-0.76,16.31,2816337,Strongest,Maximum,70.10%,0.82,174.83,186.01,88%
TRIN,"Trinity Capital Inc","Finance - SBIC & Commercial",18.43,+2.11%,6,Buy,"100% Buy",+22.00,+16.50%,16.62,17.38,16.3,17.7,61.66,-4.84,12.54,1140850,Strongest,Maximum,78.63%,1.07,17.12,18.28,113%
ALGN,"Align Technology","Medical - Dental Suppliers",176.04,+1.37%,2,Hold,"48% Buy",+21.57,+25.85%,174.39,174.75,174.83,174.06,51.9,4.51,-0.52,1182802,Average,Weak,35.26%,0.63,165.98,182.15,62%
OVBC,"Ohio Valley Banc Corp","Banks - Midwest",43.93,+0.85%,5,Sell,"8% Buy",+21.49,+28.23%,44.9,44.8,43.88,43,54.24,6.89,-3.38,21324,Weakest,Minimum,81.31%,0.93,41.4,44.6,79%
PALI,"Palisade Bio Inc","Medical - Biomedical",2.1,-0.47%,3,Buy,"88% Buy",+21.48,+165.79%,1.97,1.94,1.91,1.99,56.82,144.45,-23.9,4105922,Average,Weak,71.01%,0.4,1.84,2.14,86%
OSW,"Onespaworld Holdings Ltd","Leisure & Recreation Services",25.8,-1.56%,6,Buy,"72% Buy",+21.28,+20.84%,24.99,26.23,23.68,26.37,44.6,-0.5,11.14,894398,Weakest,Strong,37.02%,0.64,25.42,27.31,20%
MTX,"Minerals Technologies Inc","Chemical - Specialty",74.42,-1.16%,6,Hold,"32% Buy",+21.27,+28.35%,74.43,75.39,72.6,74.49,48.58,7.01,8.84,214256,Weakest,Soft,44.36%,0.72,72.12,76.87,48%
NAAS,"Nass Technology Inc ADR","Electrical Power",3.46,-0.14%,1,Buy,"88% Buy",+21.24,+59.45%,2.83,3.18,2.76,3.27,60.73,38.11,-10.89,15724,Strengthening,Average,78.89%,1.06,3.03,3.5,91%
QMCO,"Quantum Corp","Computer - Storage Devices",11.78,-2.16%,7,Sell,"56% Buy",+21.05,+51.03%,9.49,11.86,8.39,11.05,54.84,29.69,69.38,759584,Average,Average,66.92%,1.15,9.8,12.3,79%
CR,"Crane Company","Machinery - General Industrial",219.35,-0.24%,5,Hold,"96% Buy",+21.03,+13.09%,195.12,212.09,195.56,219.11,52.61,-8.25,5.67,458195,Average,Strong,55.70%,0.55,209.91,228.31,51%
AUPH,"Aurinia Pharm Ord","Medical - Drugs",15.45,-2.52%,4,Sell,"24% Buy",+20.98,+35.88%,15.69,15.92,15.35,15.41,48.67,14.54,-16.39,1346610,Weakest,Minimum,68.17%,0.68,14.52,16.3,52%
FNB,"F.N.B. Corp","Banks - Southeast",18.95,-0.11%,3,Buy,"88% Buy",+20.78,+26.84%,17.99,18.66,17.82,19.04,50.32,5.5,-2.44,6240183,Weakening,Strong,43.95%,0.81,18.69,19.4,37%
STHO,"Star Holdings","Real Estate Operations",9.44,-2.07%,6,Buy,"100% Buy",+20.27,+30.03%,8.72,9.15,8.59,9.34,56.13,8.69,1.44,33014,Strengthening,Maximum,62.42%,0.37,9.09,9.58,71%
MCFT,"Mastercraft Boat Holdings Inc","Leisure & Recreational Prdcts",24.08,-1.15%,4,Buy,"88% Buy",+20.22,+24.64%,23.33,23.98,22.86,24.54,47.13,3.3,14.08,150322,Weakening,Good,36.93%,1.15,23.66,25.42,24%
JOUT,"Johnson Outdoors","Leisure & Recreational Prdcts",47.79,-0.88%,9,Buy,"72% Buy",+19.85,+27.86%,46.94,45.93,46.89,46.95,56.74,6.52,-0.67,63933,Strengthening,Weak,54.25%,0.72,45.02,48.89,72%
EPD,"Enterprise Products Partners LP","Oil Gas Prod Pipeline MLP",37.99,+0.64%,9,Buy,"72% Buy",+19.79,+20.83%,37.85,37.56,36.86,38.22,50.4,-0.51,5.24,4058104,Average,Average,34.47%,1.1,37.4,39.03,36%
CVBF,"Cvb Financial Corp","Banks - West",22.55,-0.49%,4,Buy,"88% Buy",+19.78,+19.63%,20.98,21.96,20.59,22.67,51.24,-1.71,7.98,1503264,Weakening,Strong,61.57%,0.77,22.17,23.17,38%
IBRX,"Immunitybio Inc","Medical - Biomedical",7.49,-1.96%,1,Sell,"8% Buy",+19.72,+206.97%,7.67,7.62,7.35,7.38,49.69,185.63,265.02,20519465,Weakest,Minimum,56.45%,0.52,6.73,8.02,59%
FLNG,"Flex Lng Ltd","Transportation - Ship",30.32,-1.69%,3,Hold,"48% Buy",+19.67,+19.37%,30.76,30.3,29.56,30.84,47.07,-1.97,8.26,463642,Weakest,Soft,41.72%,0.62,30.23,31.46,7%
WRLD,"World Acceptance Corp","Finance - Consumer Loans",186.84,-0.15%,2,Hold,"64% Buy",+19.62,+16.17%,167.17,188.15,156.18,189.86,47.59,-5.17,19.83,125460,Weakest,Strong,29.01%,0.78,178.22,201.5,37%
AIRG,"Airgain Inc","Communications Components",5.47,-1.08%,5,Sell,"24% Sell",+19.44,+23.76%,6.27,6.26,5.67,5.83,32.89,2.42,21.47,74538,Average,Minimum,18.14%,1.2,5.44,6.22,4%
HTH,"Hilltop Holdings Inc","Banks - Southeast",38.77,-0.69%,6,Buy,"88% Buy",+19.37,+26.04%,37.69,38.48,37.46,39.01,48.36,4.7,0.97,343138,Weakening,Average,56.29%,0.74,37.76,40.25,41%
ZTO,"Zto Express Cayman Inc ADR","Transportation - Services",23.93,+1.40%,4,Buy,"56% Buy",+19.28,+16.28%,23.91,23.16,23.68,24.04,52.53,-5.06,1.29,1800457,Average,Weak,33.29%,0.92,23.52,24.56,39%
BGSF,"Bgsf Inc","Business Services",5.56,-1.07%,4,Buy,"16% Buy",+19.13,-5.28%,5.64,5.48,5.69,5.56,50.3,-26.62,6.83,30592,Weakest,Minimum,78.63%,0.98,5.24,5.87,50%
EFSC,"Enterprises Finl Svc","Banks - Midwest",65.68,-0.35%,2,Buy,"88% Buy",+19.06,+20.20%,61.17,64.72,59.77,66.38,49.09,-1.14,8.37,226533,Weakening,Strong,76.32%,0.89,64.8,67.96,28%
HCI,"HCI Group","Insurance - Proprty & Casualty",184.85,-2.04%,2,Buy,"88% Buy",+19.02,+31.73%,163.43,172.44,164.06,179.26,58.37,10.39,-16.83,169144,Strengthening,Average,61.52%,0.82,172.35,186.16,91%
MKDW,"Mkdwell Tech Inc","Electronics Products - Misc",11.7,-0.83%,3,Hold,"96% Buy",+18.87,+86.36%,8.61,10.56,6.79,11.55,56.86,65.02,131.29,100455,Strengthening,Strong,31.25%,0.12,11.02,12.07,65%
BSVN,"Bank7 Corp","Banks - Southeast",50.6,+0.06%,3,Buy,"100% Buy",+18.77,+13.96%,45.38,48.39,44.54,50.23,55.66,-7.38,10.21,15755,Strongest,Maximum,67.87%,1.35,48.81,51.66,63%
REYN,"Reynolds Consumer Products Inc","Consumer Prdts - Misc Discr",26.13,-1.47%,3,Buy,"88% Buy",+18.64,+14.35%,23.2,25.02,23.25,25.91,54.29,-6.99,0.75,1077733,Weakening,Strong,72.94%,1.07,24.94,26.89,61%
SBUX,"Starbucks Corp","Retail - Restaurants",104.65,-0.88%,4,Buy,"88% Buy",+18.43,+13.60%,100.91,102.58,99.09,104.83,51.01,-7.74,11.01,8672637,Weakest,Good,50.00%,0.63,102.33,107.32,46%
IRMD,"Iradimed Corp","Medical Instruments",90.27,-2.41%,2,Sell,"56% Sell",+18.34,+29.09%,93.01,94.3,95.45,93.76,40.96,7.75,-20.47,102120,Strengthening,Weak,21.50%,0.84,89.6,97.93,8%
BATRK,"Atlanta Braves Holdings Inc C","Media Conglomerates",50.04,-0.04%,2,Sell,"40% Buy",+18.26,+14.35%,48.96,50.87,46.46,50.73,45.57,-6.99,13.58,404744,Weakening,Average,46.30%,1.07,49.12,52.34,29%
LYB,"Lyondellbasell Industries NV","Chemical - Diversified",62.65,+5.14%,7,Buy,"24% Buy",+18.18,+27.70%,66.91,60.03,63.3,60.2,57.09,6.36,31.43,6349380,Weakening,Minimum,47.43%,0.8,57.28,63.13,92%
PFBC,"Preferred Bank LA","Banks - West",105.34,-0.40%,5,Hold,"80% Buy",+18.17,+15.57%,98.03,103.12,95.61,105.52,52.29,-5.77,-1.71,103043,Weakening,Strong,61.23%,1.05,102.23,108.82,47%
NSTS,"Nsts Bancorp Inc","Banks - Northeast",13.8,-0.04%,8,Buy,"96% Buy",+18.09,+13.72%,13.16,13.77,12.92,13.8,56.09,-7.62,-6.7,8749,Weakening,Strong,61.58%,0.18,13.78,13.82,46%
VTMX,"Corp Inmobiliaria Vesta S.A.B DE C.V. ADR","Real Estate Operations",34.24,+0.03%,4,Buy,"40% Buy",+18.03,+20.35%,34.41,34.17,33.89,34.25,50.51,-0.99,-0.96,84592,Weakening,Weak,41.96%,0.25,33.45,35.04,49%
COFS,"Choiceone Financial","Finance - Misc Services",34,-0.23%,5,Buy,"100% Buy",+17.97,+17.93%,31.49,33.09,30.62,33.95,52.77,-3.41,1.92,102590,Average,Maximum,81.32%,0.52,32.97,34.94,52%
OVLY,"Oak Valley Bancp CA","Banks - West",33.2,-0.75%,2,Buy,"24% Buy",+17.51,+20.95%,33.44,33.63,33.02,33.4,47.22,-0.39,-2.81,27982,Weakening,Weak,62.11%,0.5,32.43,34.37,40%
GAIN,"Gladstone Investment","Finance - SBIC & Commercial",16.35,-1.45%,5,Buy,"88% Buy",+17.50,+14.50%,15.72,15.86,15.11,16.43,51.29,-6.84,3.78,250108,Weakening,Strong,65.99%,0.84,15.92,16.94,42%
RNST,"Renasant Corp","Banks - Southeast",42.7,-0.07%,5,Hold,"80% Buy",+16.68,+19.54%,40.7,42.56,39.83,43.46,45.73,-1.8,7.98,671881,Weakening,Strong,61.37%,0.89,42.47,44.45,12%
AEO,"American Eagle Outfitters","Retail - Apparel & Shoes",18.32,+1.95%,7,Buy,"8% Buy",+16.54,+47.27%,17.24,17.3,19.34,17.53,58.46,25.93,-43.79,5917059,Weakening,Minimum,74.95%,0.8,16.56,18.5,91%
BOC,"Boston Omaha Corp Cl A","Real Estate Operations",14.21,-1.59%,5,Buy,"88% Buy",+16.30,+8.14%,13,13.9,12.81,14.27,51.07,-13.2,1.61,170453,Average,Strong,44.84%,0.53,13.94,14.59,42%
TFC,"Truist Financial Corp","Banks - Major Regional",51.86,-0.94%,5,Buy,"88% Buy",+16.26,+20.41%,49.5,50.71,49.78,52.15,51,-0.93,-7.87,8862586,Weakening,Average,59.20%,0.57,50.98,53.33,38%
VLGEA,"Village Super Mkt","Retail - Supermarket",41.61,-3.61%,4,Hold,"32% Buy",+16.15,+19.29%,42.91,42.41,41.19,43.49,39.08,-2.05,4.3,49384,Weakest,Weak,34.16%,0.77,42,44.99,-13%
BANR,"Banner Corp","Finance - Savings & Loan",71.41,+1.05%,5,Buy,"100% Buy",+15.95,+14.24%,65.72,67.88,64.65,70.45,60.18,-7.1,0.7,281818,"Top 1%",Maximum,73.11%,1.11,68.81,72.1,79%
AEBI,"Aebi Schmidt Holding Ag","Auto - Domestic",12.75,-2.75%,7,Buy,"40% Buy",+15.89,+14.66%,11.88,12.52,12.74,13.03,48.76,-6.68,-12.47,260146,Weakest,Weak,31.59%,0.67,12.34,13.73,30%
RMBI,"Richmond Mutual Bancorp Inc","Banks - Northeast",15.87,+0.32%,3,Buy,"100% Buy",+15.70,+13.20%,14.78,15.21,14.51,15.6,60.37,-8.14,-0.23,32544,Strengthening,Maximum,83.81%,0.48,15.15,16.05,80%
FHN,"First Horizon Corp","Banks - Southwest",25.23,-0.90%,4,Buy,"72% Buy",+15.08,+17.84%,24.53,25.25,24.43,25.61,45.22,-3.5,-7.7,5793382,Weakest,Average,23.77%,0.79,25.05,26.18,16%
LUMN,"Lumen Technologies Inc","Diversified Comm Services",6.64,+6.41%,3,Sell,"88% Sell",+15.08,+76.60%,7.92,7.48,7.86,6.39,49.39,55.26,-27.8,15043401,Average,Average,45.05%,1.37,5.96,6.82,79%
NTWK,"Netsol Tech Inc","Computer - Software",4.25,-0.23%,3,Sell,"40% Buy",+14.72,+4.17%,4.07,4.44,3.83,4.34,44.2,-17.17,27,41000,Weakest,Average,21.34%,0.14,4.22,4.47,13%
CPSS,"Consumer Portfol","Finance - Misc Services",9.25,-2.43%,3,Sell,"40% Buy",+14.51,+15.34%,9.13,9.43,8.91,9.37,47.11,-6.,-14.12,22042,Weakest,Weak,61.05%,0.8,8.99,9.75,34%
EPRX,"Eupraxia Pharmaceuticals Inc","Medical - Biomedical",6.66,-1.62%,1,Hold,"64% Sell",+14.29,+26.62%,6.79,6.42,7.28,6.38,54.22,5.28,-25.05,236882,Average,Soft,85.56%,0.72,5.9,6.86,80%
JANX,"Janux Therapeutics Inc","Medical - Biomedical",16.41,+3.53%,4,Buy,"40% Buy",+14.21,-28.12%,14.78,15.07,14.42,15.74,59.53,-49.46,5.65,1378854,Average,Weak,79.24%,0.71,14.92,16.56,91%
CAAS,"China Automotive Sys","Auto - Truck Original Parts",4.64,+4.98%,10,Buy,"64% Buy",+13.92,+14.57%,4.43,4.44,4.44,4.41,60.83,-6.77,-4.34,29420,Strengthening,Average,77.96%,2.56,4.25,4.57,121%
CINF,"Cincinnati Financial","Insurance - Proprty & Casualty",173.86,-1.70%,2,Buy,"72% Buy",+13.74,+15.81%,169.11,175.66,167.28,178.87,42.91,-5.53,-6.81,728922,Weakening,Good,27.62%,0.54,172.99,184.75,7%
TOL,"Toll Brothers Inc","Building - Residential & Comm",150,-3.28%,5,Hold,"64% Buy",+13.52,+19.26%,143.99,150.1,145.82,150.95,48.79,-2.08,-2.33,1152610,Weakening,Soft,64.17%,0.62,145.14,156.76,42%
AVNW,"Aviat Networks Inc","Wireless Equipment",20.9,-1.04%,3,Hold,"16% Sell",+13.46,-4.17%,20.42,20.29,21.56,20.71,52.31,-25.51,-15.51,150096,Weakening,Weak,69.24%,0.51,19.87,21.55,61%
OTTR,"Otter Tail Corp","Utility - Electric Power",92.37,-1.51%,5,Buy,"100% Buy",+13.45,+15.85%,88.94,89.79,88.17,91.75,53.96,-5.49,1.05,259520,Strengthening,Strong,83.29%,1.17,88.77,94.72,61%
TFX,"Teleflex Inc","Medical Instruments",133,-1.47%,5,Buy,"88% Buy",+13.38,+12.32%,127.98,131.7,121.99,134.56,48.1,-9.02,-4.28,768292,Weakening,Strong,37.35%,1.13,129.05,140.07,36%
CARS,"Cars.com Inc","Internet Commerce",12.19,-1.06%,8,Buy,"88% Buy",+13.05,-1.93%,10.39,10.92,10.46,11.95,57.35,-23.27,-13.34,998470,Strongest,Average,55.64%,1.03,11.18,12.71,66%
VNO,"Vornado Realty Trust","REIT - Equity Trust Other",38.89,-1.54%,7,Buy,"88% Buy",+12.99,+5.36%,33.7,38.47,32.57,39.74,48.07,-15.98,3.6,1818652,Weakening,Strong,26.76%,0.83,38.48,41.01,16%
LEVI,"Levi Strauss & Company Cl A","Retail - Apparel & Shoes",23.61,-3.28%,4,Sell,"56% Buy",+12.92,+17.99%,22.66,24.06,22.07,24.49,42.47,-3.35,0.58,2531657,Weakest,Good,20.15%,0.86,23.53,25.45,4%
CAAP,"Corporacion America Airports Sa","Transportation - Airline",24.99,-0.36%,7,Buy,"56% Sell",+12.91,+19.17%,25.51,25.73,26.21,25.43,44.91,-2.17,-17.14,223014,Strengthening,Weak,41.77%,1.16,24.28,26.57,31%
MKTW,"Marketwise Inc","Technology Services",19.8,-2.22%,2,Buy,"88% Buy",+12.86,+8.85%,18,18.7,17.07,20.34,49.35,-12.49,18.56,17923,Weakening,Strong,34.91%,0.74,19.33,21.36,23%
ONL,"Orion Properties Inc","REIT - Equity Trust Other",2.75,-2.48%,2,Hold,"56% Buy",+12.80,+6.59%,2.66,2.77,2.56,2.66,53.21,-14.75,8.42,333339,Weakening,Average,35.27%,1.07,2.55,2.77,91%
TV,"Grupo Televisa S.A. ADR","Media Conglomerates",2.89,+2.12%,7,Buy,"24% Sell",+12.59,+21.43%,2.84,2.76,2.93,2.78,59.26,0.09,-13.95,1636494,Weakest,Minimum,79.80%,0.38,2.68,2.89,100%
EBAY,"Ebay Inc","Internet Commerce",107.71,-3.81%,1,Sell,"56% Buy",+12.58,+15.64%,106.68,110.99,101.1,111.82,43.17,-5.7,10.4,4993520,Weakest,Average,33.85%,1.3,106.86,116.77,9%
HLT,"Hilton Inc","Hotels & Motels",311,-2.08%,1,Sell,"8% Sell",+12.58,+18.57%,324.75,331.82,317.94,321.73,38.2,-2.77,-4.99,1873646,Average,Minimum,25.72%,0.82,312.09,331.38,-6%
CDRO,"Codere Online Luxembourg S.A.",Gaming,8.85,-1.28%,2,Sell,"24% Buy",+12.43,+6.49%,9.15,9.46,8.74,9.21,36.96,-14.85,-2.99,27937,Weakest,Weak,11.69%,0.48,8.81,9.61,6%
WFC,"Wells Fargo & Company","Finance - Investment Brokers",87.52,+0.31%,5,Buy,"72% Buy",+12.42,+12.42%,81.96,84.82,83.73,86.95,54.28,-8.92,-19.35,16013099,Average,Soft,57.95%,0.82,84.6,89.31,62%
ISBA,"Isabella Bank Corp","Banks - Northeast",40.29,+1.31%,5,Sell,"72% Sell",+12.10,+25.16%,42.19,40.27,44.51,39.65,51.88,3.82,-32.68,36727,Average,Soft,80.47%,0.96,37.71,41.59,67%
CL,"Colgate-Palmolive Company","Consumer Prdts - Misc Staple",93.15,-0.13%,3,Hold,"96% Buy",+12.09,+9.99%,88.64,91.1,89.13,92.03,54.19,-11.35,4.62,6117777,Weakening,Average,63.12%,0.75,89.67,94.39,74%
NP,"Neptune Insurance Holdings Inc Cl A","Insurance - Multi Line",31.17,-2.65%,3,Buy,"88% Buy",+11.81,N/A,28.03,29.95,26.38,31.52,49.14,N/A,-6.37,549155,Weakening,Strong,54.77%,0.47,29.22,33.82,42%
GHC,"Graham Holdings Company",Schools,1177.6899,-0.68%,7,Buy,"88% Buy",+11.79,+20.99%,1133.85,1162.23,1126.23,1187.19,48.57,-0.35,-6.06,20421,Average,Good,49.76%,1.92,1134.6,1239.79,41%
WHG,"Westwood Holdings Group Inc","Finance - Investment Mgmt",19.13,-3.77%,4,Hold,"80% Buy",+11.58,+16.79%,17.47,18.76,17.4,19.42,48.78,-4.55,-2.1,15217,Average,Strong,56.01%,1.02,18.82,20.01,26%
MSEX,"Middlesex Water Company","Utility - Water Supply",57.74,-0.82%,6,Buy,"100% Buy",+11.53,+8.86%,53.56,55.05,53.36,56.8,57.67,-12.48,1.26,151163,Strongest,Strong,64.75%,0.78,55.06,58.54,77%
PBHC,"Pathfinder Bcp MD","Finance - Savings & Loan",16,-3.03%,4,Hold,"80% Buy",+11.37,+10.42%,14.59,15.66,14.4,16.18,49.24,-10.92,0.13,6805,Average,Strong,55.41%,0.48,15.78,16.58,28%
CAPL,"Crossamerica Partners LP","Oil Refining & Marketing MLP",22.6,+5.56%,1,Hold,"80% Buy",+11.36,+11.22%,21.84,22.08,21.81,21.95,57.91,-10.12,-3.55,40851,Average,Average,55.10%,2.75,21.15,22.74,91%
TAYD,"Taylor Devices Inc","Machinery - General Industrial",51.64,-4.79%,5,Sell,"100% Sell",+11.34,+17.06%,56.12,55.05,63.43,54.26,41.64,-4.28,-24.93,34404,Strongest,Average,29.17%,0.39,51.06,57.46,9%
APD,"Air Products and Chemicals","Chemical - Diversified",308.18,+1.56%,3,Buy,"88% Buy",+11.30,+6.73%,292.67,290.76,286.44,296.86,63.49,-14.61,11.5,1408223,Strongest,Good,68.66%,0.63,289.3,304.43,125%
PCG,"Pacific Gas & Electric Company","Utility - Electric Power",17.04,-2.41%,5,Hold,"48% Buy",+11.01,+13.60%,17.05,17.1,17.01,17.5,45.23,-7.74,-7.22,21749852,Weakening,Weak,17.15%,0.83,16.99,18.02,5%
SPCB,"Supercom Ltd","Protection - Safety",10.77,-5.53%,1,Hold,"48% Buy",+10.94,-6.75%,10.16,10.97,9.63,10.79,49.01,-28.09,5.75,77451,Weakest,Average,43.33%,0.67,10.27,11.31,48%
UBCP,"United Bncp Inc","Banks - Midwest",15.65,-3.10%,2,Sell,"24% Buy",+10.65,+10.99%,15.75,15.75,15.32,15.55,49.77,-10.35,-4.2,8309,Weakest,Weak,78.40%,0.45,14.95,16.15,58%
WFCF,"Where Food Comes From Inc","Consumer Services - Misc",12.56,-3.36%,3,Buy,"72% Buy",+10.47,+10.81%,12.43,12.2,12.14,12.44,50.96,-10.53,-3.99,8547,Weakening,Weak,84.69%,0.22,11.84,13.04,60%
GILD,"Gilead Sciences Inc","Medical - Biomedical",133.06,-0.11%,4,Buy,"8% Buy",+10.34,+11.43%,132.45,129.66,135.24,132.03,53.15,-9.91,-4.85,7112831,Weakest,Minimum,46.78%,0.83,128.28,135.79,64%
TRS,"Trimas Corp","Metal Production & Fabrication",40,-0.60%,4,Sell,"40% Buy",+10.23,+12.58%,39.58,41.14,38.37,40.2,46.25,-8.76,-0.43,533234,Weakest,Weak,73.53%,0.89,38.97,41.43,42%
PB,"Prosperity Bancshares","Banks - Southwest",73.34,-0.82%,9,Buy,"88% Buy",+10.10,+11.02%,70.17,72.2,70.45,73.72,49.98,-10.32,-7.14,1113255,Average,Good,53.42%,0.59,71.94,75.5,39%
RSKD,"Riskified Ltd Cl A","Internet - Software",5.32,-0.56%,4,Buy,"100% Buy",+10.03,+5.98%,4.75,5.07,4.67,5.2,57.78,-15.36,-6.22,745892,Strongest,Strong,63.94%,0.57,4.99,5.42,77%
PCYO,"Pure Cycle Corp","Utility - Water Supply",11.21,+3.51%,3,Buy,"8% Sell",+9.23,+13.12%,10.79,10.72,10.85,10.69,62.12,-8.22,-11.26,57802,Weakening,Minimum,68.25%,4.08,10.39,11,135%
KRP,"Kimbell Royalty Partners","Oil - US Royalty Trusts",15.09,+0.73%,6,Hold,"64% Buy",+9.15,+4.28%,14.83,14.89,14.41,14.83,56.2,-17.06,15.06,732091,Average,Average,47.31%,1.98,14.39,15.27,80%
RAVE,"Rave Restaurant Group","Retail - Restaurants",3.09,-1.59%,3,Sell,"24% Buy",+9.06,+9.57%,2.92,3.2,2.97,3.19,43.53,-11.77,-19.62,53531,Weakest,Soft,39.52%,0.29,3.01,3.37,22%
QSR,"Restaurant Brands International","Retail - Restaurants",72.86,-1.39%,4,Hold,Hold,+9.03,+12.96%,75.32,73.72,73.4,74.05,45.65,-8.38,-6.47,3154499,Steady,,43.99%,0.91,71.85,76.24,23%
NLY,"Annaly Capital Management Inc","REIT - Mortgage Trusts",22.91,-0.56%,5,Buy,"72% Buy",+8.98,+11.21%,22.19,22.42,22.49,22.83,53.66,-10.13,-10.8,7654584,Strengthening,Soft,66.80%,0.84,22.26,23.39,57%
GATX,"GATX Corp","Transportation - Equip & Lease",176.34,-0.77%,6,Hold,Hold,+8.70,+16.58%,179.79,177.02,180.68,180.31,43.81,-4.76,-9.29,207693,Bearish,,18.81%,0.61,175.21,185.4,11%
AKTS,"Aktis Oncology Inc","Medical - Drugs",24.1,-0.12%,1,Sell,N/A,+8.65,N/A,21.54,24.29,0,23.82,50.04,N/A,N/A,N/A,N/A,N/A,64.97%,0.58,21.69,25.95,57%
RCMT,"R C M Tech Inc",Staffing,28.92,-1.57%,4,Buy,"100% Buy",+8.64,+27.23%,26.39,26.98,24.11,28.17,59.4,5.89,28.19,55563,Strengthening,Strong,75.95%,0.57,26.96,29.38,81%
ACEL,"Accel Entertainment Inc",Gaming,12.05,-0.90%,2,Sell,"32% Buy",+8.52,+9.35%,12.05,12.47,11.81,12.2,44.2,-11.99,-7.65,360708,Weakest,Soft,38.98%,1,11.85,12.55,29%
AUDC,"Audiocodes Ltd","Communications Components",10,+0.60%,2,Sell,"88% Buy",+8.46,+1.52%,9.24,9.67,8.84,9.73,57.13,-19.82,1.29,121480,Strengthening,Strong,49.26%,1.27,9.31,10.14,83%
SGU,"Star Gas Partners LP","Electronics Products - Misc",12.68,-1.48%,4,Sell,"24% Buy",+8.18,+8.38%,12.72,12.79,12.71,12.83,45.71,-12.96,-6.17,26712,Weakening,Weak,51.86%,0.53,12.44,13.22,31%
EPSN,"Epsilon Energy","Oil - US Integrated",5.82,+1.93%,5,Buy,"56% Buy",+8.13,-5.83%,5.84,5.55,5.53,5.61,57.77,-27.17,12.17,182633,Average,Weak,56.14%,0.69,5.34,5.87,90%
MHO,"M/I Homes","Building - Residential & Comm",148.1,-2.56%,5,Hold,"80% Buy",+8.10,+13.49%,137.08,147.72,137.17,149.42,48.77,-7.85,2.49,239533,Average,Good,31.39%,0.86,144.93,153.9,35%
ATRA,"Atara Biotherap","Medical - Biomedical",8.61,+1.89%,1,Sell,"8% Buy",+7.79,-21.41%,7.91,9.48,7.32,8.31,48.43,-42.75,-65.66,604643,Weakening,Minimum,60.85%,0.6,7.71,8.9,76%
INMD,"Inmode Ltd","Medical Products",15.19,-0.78%,4,Buy,"72% Buy",+7.72,+7.65%,14.25,14.54,14.29,15.26,53.66,-13.69,-9.86,829961,Average,Strong,40.40%,0.67,14.95,15.58,39%
ARTNA,"Artesian Res Corp A","Utility - Water Supply",34.59,-0.20%,4,Buy,"100% Buy",+7.71,+3.01%,32.78,33.58,32.89,34.22,57.79,-18.33,-3.83,42639,Strongest,Strong,57.41%,1.26,33.43,35.02,73%
GILT,"Gilat Satellite Ntwk","Satellite Communication",11.03,-1.78%,3,Sell,"88% Sell",+7.71,+25.48%,15.04,12.68,15.62,11.25,41.95,4.14,-28.02,806326,Strongest,Strong,48.58%,0.54,10.44,12.07,36%
PERI,"Perion Network Ltd","Internet - Content",9.81,0.00%,7,Buy,"56% Buy",+7.68,-3.92%,9.55,9.05,9.34,9.56,60.17,-25.26,-10.86,379959,Strengthening,Minimum,78.07%,2.62,9.21,9.9,87%
WYFI,"Whitefiber Inc","Technology Services",23.62,-4.10%,2,Sell,"24% Buy",+7.68,+54.38%,24.31,30.08,22.24,25.66,42.41,33.04,36.23,1466493,Weakest,Weak,42.34%,0.43,21.03,30.3,28%
OZK,"Bank Ozk","Banks - Northeast",51.59,+0.35%,4,Buy,"100% Buy",+7.61,+7.50%,48.95,50.7,48.5,51.33,53.8,-13.84,-1.16,1222120,Strengthening,Strong,66.67%,0.63,49.99,52.68,60%
ARCO,"Arcos Dorados Holdings Inc","Retail - Restaurants",8.07,-2.06%,1,Sell,"56% Sell",+7.37,+17.81%,8.47,8.33,8.36,8.27,42.3,-3.53,-3.31,1256821,Strengthening,Weak,33.86%,0.62,8.08,8.47,-1%
EXR,"Extra Space Storage Inc","REIT - Equity Trust Other",146.66,-1.93%,7,Buy,"72% Buy",+7.35,+7.55%,143.06,146.96,143.07,148.23,46.69,-13.79,-0.64,1248944,Weakening,Average,29.98%,0.65,143.7,152.76,33%
EYPT,"Eyepoint Inc","Medical - Biomedical",13.07,-5.90%,1,Hold,"80% Sell",+7.24,+27.76%,13.27,13.09,13.95,12.72,51.14,6.42,-41.72,1279881,Strengthening,Weak,68.30%,1.16,11.49,13.96,64%
CBSH,"Commerce Bancshares","Banks - Midwest",58.65,-0.73%,3,Hold,"80% Buy",+6.82,+1.86%,53.86,57.06,53.45,59.12,50.67,-19.48,-1.2,1239356,Average,Strong,36.76%,0.8,57.9,60.34,31%
FSBW,"FS Bancorp Inc","Banks - West",42.61,-1.05%,5,Hold,"64% Buy",+6.76,+10.85%,41.42,42.65,41.31,43.39,46.46,-10.49,-9.76,14625,Weakest,Good,56.38%,1.53,42.14,44.64,19%
CRC,"California Resources Corp","Oil - US Exploration & Product",53.75,+3.21%,3,Sell,"72% Sell",+6.54,+13.04%,59.41,54.31,57.89,52.27,53.76,-8.3,6.96,897873,Weakening,Weak,54.84%,2.12,49.91,54.63,81%
WMT,"Walmart Inc","Retail - Supermarket",112.66,+0.72%,3,Sell,"72% Sell",+6.40,+8.61%,120.52,114.49,121.39,111.89,49.46,-12.73,-12.14,23862934,Weakening,Average,58.48%,0.81,108.55,115.23,62%
CATO,"Cato Corp","Retail - Apparel & Shoes",3.32,+0.30%,1,Buy,"80% Buy",+6.31,+16.49%,3.1,3.28,3.11,3.32,50.45,-4.85,-5.82,69799,Strengthening,Weak,47.62%,0.37,3.18,3.46,50%
CPK,"Chesapeake Utilities Corp","Utility - Gas Distribution",132.36,-1.11%,5,Buy,"40% Buy",+6.24,+7.21%,127.18,127.52,127.97,133.8,51.6,-14.13,-7.17,153299,Weakest,Average,29.38%,0.96,130.26,137.34,30%
BKTI,"Bk Technologies Inc","Wireless Equipment",75,-3.50%,1,Sell,"72% Sell",+6.19,+87.08%,84.12,81.25,83.44,79.23,36.21,65.74,-12.71,47071,Strongest,Average,38.83%,0.71,75.62,82.85,-9%
ANIX,"Anixa Biosciences Inc","Medical - Biomedical",3.25,-4.97%,6,Buy,"56% Buy",+5.85,+9.06%,2.93,3.04,2.96,3.46,46.97,-12.28,-9.09,212278,Weakening,Weak,14.68%,1.01,3.2,3.71,9%
CCEC,"Capital Clean Energy Carriers Corp","Transportation - Ship",22.19,-0.80%,6,Buy,"72% Buy",+5.84,-6.73%,21.17,22.02,21.3,22.66,47.42,-28.07,-6.94,9677,Weakest,Good,34.77%,0.75,21.93,23.38,18%
IMCR,"Immunocore Holdings Plc ADR","Medical - Biomedical",33.98,-0.06%,6,Buy,"56% Buy",+5.84,+6.29%,30.77,31.68,31.44,34.1,54.79,-15.05,-15.36,427978,Average,Average,50.35%,0.53,32.55,35.65,46%
USAC,"USA Compression Partners LP","Oil Field Machinery & Equip",26.03,+0.81%,3,Sell,"56% Sell",+5.63,+6.90%,27.25,26.54,26.92,26.28,47.87,-14.44,-0.09,240763,Weakening,Weak,33.65%,2.13,25.29,27.26,38%
CUBE,Cubesmart,"REIT - Equity Trust Other",40.99,-1.87%,6,Buy,"88% Buy",+5.53,+5.56%,39.9,40.95,39.52,41.59,46.27,-15.78,0.44,2235865,Average,Good,37.56%,0.88,40.42,42.77,24%
ELS,"Equity Lifestyle Properties","REIT - Equity Trust Resident",64.58,-0.91%,5,Buy,"72% Buy",+5.53,+7.36%,63.78,64.18,64.23,65.33,47.89,-13.98,-6.71,1709276,Weakening,Weak,16.40%,0.48,63.7,66.96,27%
HESM,"Hess Midstream Partners LP","E&P MLP",40.62,+2.06%,9,Buy,"100% Buy",+5.19,-2.45%,38.93,38.96,38.14,40.23,58.13,-23.79,4.48,1590324,Strongest,Strong,30.63%,1.36,39.45,41,75%
MGRC,"Mcgrath Rentcorp","Finance - Leasing Companies",120.53,+0.65%,7,Buy,"100% Buy",+5.13,+2.23%,114.29,116.51,113.46,118.65,56.18,-19.11,1.61,173268,Strengthening,Good,75.51%,0.54,114.66,122.63,74%
SUPN,"Supernus Pharm","Medical - Generic Drugs",47.07,-1.20%,4,Sell,"56% Sell",+5.05,+14.16%,47.95,46.18,49.04,46.77,51.47,-7.18,-18.55,794713,Weakening,Weak,45.89%,0.83,44.42,49.12,56%
SSP,"E.W. Scripps Company","Broadcast - Radio & TV",3.33,+0.30%,4,Buy,"56% Sell",+4.91,+32.14%,3.55,3.05,3.61,3.02,61.43,10.8,-29.8,853607,Weakest,Soft,52.40%,0.97,2.68,3.37,95%
RGR,"Sturm Ruger & Company","Leisure & Recreational Prdcts",37.17,+0.16%,5,Sell,"56% Sell",+4.79,+11.79%,39.66,38.5,38.97,38.18,43.34,-9.55,0.58,198803,Strengthening,Weak,15.60%,0.61,37,39.36,7%
ANSC,"Agriculture & Natural Solutions Acquisition Cl A",Unclassified,11.45,0.00%,7,Buy,"100% Buy",+4.79,+5.14%,11.32,11.39,11.27,11.44,59.33,-16.2,-10.94,100998,Strengthening,Maximum,70.59%,1,11.41,11.47,64%
GLP,"Global Partners LP","Oil Refining & Marketing MLP",50.01,+1.23%,6,Buy,"100% Buy",+4.73,-0.40%,47.42,47.79,47.11,48.79,58.92,-21.74,6.24,67007,Strongest,Average,72.92%,1.95,47.49,50.08,97%
CRWS,"Crown Crafts Inc","Textile - Home Furnishings",2.97,-1.00%,4,Buy,"72% Buy",+4.55,+4.58%,2.82,2.9,2.85,2.98,52.21,-16.76,-6.04,47444,Weakest,Good,50.00%,1.3,2.93,3.03,40%
MMI,"Marcus & Millichap","Real Estate Developers",30.67,-2.57%,6,Buy,"88% Buy",+4.29,+5.50%,29.06,30.52,28.16,30.92,48.19,-15.84,-0.87,254979,Average,Strong,54.78%,0.98,29.84,32,38%
GDOT,"Green Dot Corp","Financial Transaction Services",13.26,+0.84%,4,Buy,"88% Buy",+4.25,+37.55%,12.6,13.16,12.38,13.3,50.39,16.21,-9.75,617075,Average,Average,54.99%,0.83,13.05,13.55,43%
PAYO,"Payoneer Global Inc","Financial Transaction Services",7.09,-0.14%,9,Buy,"88% Buy",+4.11,+6.78%,5.86,6.8,5.7,7.12,59.59,-14.56,12.9,4781810,Average,Strong,24.44%,0.84,7.08,7.16,12%
SELF,"Global Self Storage","REIT - Equity Trust Other",5.21,+1.17%,4,Hold,"16% Buy",+3.97,-0.57%,5.21,5.14,5.16,5.13,54.62,-21.91,-11.1,29147,Weakening,Minimum,73.56%,0.73,5.02,5.23,89%
MHH,"Mastech Holdings Inc","IT Services",7.72,-0.52%,5,Buy,"88% Buy",+3.93,+2.93%,6.97,7.5,6.89,7.73,50.28,-18.41,-2.66,20191,Average,Strong,71.58%,1.62,7.35,8.11,48%
PRTA,"Prothena Corp","Medical - Biomedical",9.12,+4.11%,1,Hold,"64% Sell",+3.88,+18.60%,9.5,8.92,9.4,8.57,57.52,-2.74,-17.76,559158,Weakening,Average,71.44%,1.24,8.18,8.97,119%
YORW,"York Water Company","Utility - Water Supply",31.91,+0.66%,5,Buy,"40% Buy",+3.60,+3.17%,30.34,30.58,31.13,31.17,60.49,-18.17,-13.04,126470,Strengthening,Weak,75.69%,0.73,30.36,31.98,96%
SZZL,"Sizzle Acquisition Corp. II Cl A",Unclassified,10.4,+0.10%,8,Buy,"100% Buy",+3.32,+3.07%,10.33,10.37,10.3,10.38,66.32,-18.27,-10.9,51352,Strongest,Maximum,93.33%,1.21,10.37,10.39,123%
AIIA,"AI Infrastructure Acquisition Corp Cl A",Unclassified,10.2,-0.49%,8,Buy,N/A,+3.07,N/A,10.12,10.17,0,10.19,50.89,N/A,-10.64,N/A,N/A,N/A,63.33%,1.47,10.13,10.25,56%
DLTH,"Duluth Holdings Cl B","Textile - Apparel",3.98,-4.78%,5,Sell,"56% Buy",+2.84,+74.56%,3.72,4.18,3.25,4.19,42.82,53.22,78.09,175893,Weakest,Good,23.86%,0.76,3.96,4.43,4%
LGCY,"Legacy Education Inc",Schools,11.24,-2.26%,4,Hold,"24% Sell",+2.84,+3.31%,11.9,11.55,11.8,11.89,40.45,-18.03,-2.96,56904,Weakening,Minimum,25.77%,2.5,11.35,12.43,-11%
INVH,"Invitation Homes Inc","REIT - Equity Trust Resident",29.89,-1.58%,6,Buy,"88% Buy",+2.71,-0.20%,28.42,29.75,27.76,30.03,48.92,-21.54,-5.7,5862747,Weakening,Good,56.01%,0.58,29.36,30.69,40%
RVSB,"Riverview Bancorp","Finance - Savings & Loan",5.3,-1.12%,2,Sell,"40% Sell",+2.66,+7.72%,5.46,5.47,5.39,5.33,44.77,-13.62,-7.68,64094,Average,Weak,45.05%,0.38,5.21,5.44,39%
HBIO,"Harvard Bioscience","Industrial Scientific",6.39,-1.24%,7,Buy,"72% Buy",+2.61,+21.07%,5.95,6.16,5.86,6.14,56.58,-0.27,-17.72,227557,Weakening,Weak,70.94%,2.29,5.83,6.46,89%
GRBK,"Green Brick Partners","Building - Residential & Comm",70.52,-3.26%,3,Sell,"40% Buy",+2.52,+8.16%,69.53,72.92,70.34,72,44.6,-13.18,-0.72,231979,Weakest,Weak,42.73%,0.67,69.49,74.52,21%
WTRG,"Essential Utilities Inc","Utility - Water Supply",39.78,-0.65%,5,Buy,"40% Buy",+2.42,+2.58%,38.71,38.46,38.87,39.57,54.41,-18.76,-9.56,2209848,Weakening,Weak,51.78%,1.2,38.27,40.87,58%
VACI,"Viking Acquisition Corp. I Cl A",Unclassified,10.145,+0.05%,1,Sell,N/A,+2.37,N/A,10.14,10.19,0,10.14,46.98,N/A,-10.79,N/A,N/A,N/A,56.95%,0.47,10.11,10.16,63%
LOAR,"Loar Holdings Inc","Aerospace - Defense Equipment",70.64,-0.32%,6,Buy,"40% Buy",+1.96,+4.47%,65.71,70.99,66.82,70.84,47.96,-16.87,-9.38,847552,Weakest,Soft,36.48%,0.77,66.68,75.01,48%
BSBK,"Bogota Financial Corp","Banks - Northeast",9.01,+0.67%,4,Sell,"72% Buy",+1.90,+7.26%,8.72,9,8.64,8.99,51.59,-14.08,-6.63,8698,Strengthening,Average,19.99%,0.99,8.88,9.11,58%
TACO,"Berto Acquisition Corp",Unclassified,10.45,+0.14%,2,Hold,"72% Buy",+1.60,+0.53%,10.38,10.45,10.32,10.46,49.09,-20.81,-10.15,124897,Average,Strong,20.37%,0.25,10.42,10.51,40%
SR,"Spire Inc","Utility - Gas Distribution",81.04,-1.13%,4,Hold,"64% Sell",+1.56,+6.58%,84.99,80.32,85.75,81.26,50.11,-14.76,-15.27,449891,Weakening,Average,48.72%,0.91,79.29,83.23,44%
NCI,"Neo-Concept International Group Holdings Limited","Retail - Apparel & Shoes",11.57,-1.11%,3,Hold,"64% Sell",+1.48,-14.93%,12.83,11.42,18.71,11.91,46.53,-36.27,14.73,370777,Average,Weak,48.65%,0.27,11.43,12.39,15%
BALY,"Ballys Corporation",Gaming,13.02,-3.20%,5,Hold,"16% Sell",+1.47,+35.63%,12.88,13.91,13.53,13.95,43.31,14.28,-34.45,89784,Weakening,Minimum,15.45%,0.63,12.94,14.96,4%
SBR,"Sabine Royalty Trust","Oil - US Royalty Trusts",72.77,+0.78%,5,Sell,"56% Sell",+1.46,+3.28%,74.65,73.71,73.31,72.94,49.08,-18.06,-7.13,39031,Weakening,Weak,40.76%,0.83,71.02,74.86,46%
TR,"Tootsie Roll Industries","Food - Confectionery",39.55,-0.20%,4,Buy,"8% Sell",+1.19,+1.78%,40.18,38.54,40.02,39.08,54.41,-19.56,-5.29,167196,Weakest,Minimum,73.15%,0.4,37.85,40.31,69%
LPCN,"Lipocine Inc","Medical - Drugs",2.1,-1.41%,1,Sell,"100% Sell",+1.17,-28.33%,2.86,2.26,4.9,2.17,40.32,-49.67,-87.11,190186,Strengthening,Average,37.50%,0.58,2.02,2.32,28%
ADSE,"Ads-Tec Energy Plc","Electronic Misc Services",11.63,-1.69%,4,Hold,"48% Buy",+1.08,+0.87%,11.64,11.8,11.58,12,44.17,-20.47,-21.54,20219,Weakest,Weak,35.78%,1.5,11.45,12.56,17%
TRT,"Trio-Tech International","Electronics - Measuring Inst",10.6,-4.93%,2,Hold,"48% Buy",+1.04,+281.98%,10.55,11.1,8.98,10.23,50.04,260.64,46.86,554732,Weakest,Weak,68.46%,0.22,9.02,11.44,65%
PAL,"Proficient Auto Logistics Inc","Transportation - Services",7.24,-1.36%,5,Buy,"8% Buy",+0.94,+19.67%,6.74,7.03,7.35,7.07,55.33,-1.67,-38.16,283444,Weakening,Minimum,72.27%,1.12,6.63,7.51,69%
OGS,"One Gas Inc","Utility - Gas Distribution",78.87,-1.68%,4,Buy,"40% Sell",+0.72,+4.85%,82.22,78.19,82.29,79.27,49.22,-16.49,-11.16,533301,Average,Average,52.67%,0.65,77.37,81.18,39%
LSAK,"Lesaka Technologies Inc","Technology Services",4.69,-4.09%,3,Buy,"24% Sell",+0.44,0.00%,4.85,4.75,4.78,4.7,48.47,-21.34,-14.94,99185,Weakening,Minimum,64.26%,0.56,4.47,4.94,47%
INR,"Infinity Natural Resources Inc Cl A","Oil - US Exploration & Product",13.95,+7.47%,5,Buy,"32% Sell",+0.25,-2.99%,14.63,12.99,15.1,13.03,61.44,-24.33,-18.56,337493,Weakest,Weak,61.44%,0.89,12.27,13.79,111%
UMH,"Umh Properties","REIT - Equity Trust Resident",15.68,-1.38%,5,Buy,"56% Buy",+0.18,-4.10%,15.25,15.32,15.4,15.51,54.69,-25.44,-14.71,612412,Weakening,Weak,79.22%,1.07,15.07,15.95,69%
ZDGE,"Zedge Inc Cl B","Internet - Content",2.94,-1.34%,1,Sell,"64% Sell",+0.08,-11.71%,3.06,3.08,3.13,2.99,45.13,-33.05,-23.63,368164,Strengthening,Weak,43.74%,0.82,2.9,3.09,23%
ASMB,"Assembly Biosciences","Medical - Generic Drugs",26.74,+0.22%,2,Buy,"40% Sell",-0.07,+11.56%,27.11,25.71,27.58,26.02,53.73,-9.78,-34.64,141661,Weakest,Weak,82.23%,0.52,24.79,27.25,79%
WLKP,"Westlake Chemical Partners LP","Chemical - Specialty",21.68,+0.09%,1,Sell,"24% Sell",-0.08,-1.23%,22.48,22.36,22.11,21.78,43.73,-22.57,0.85,48696,Weakest,Minimum,41.97%,0.97,21.23,22.33,41%
EFC,"Ellington Financial Llc","REIT - Mortgage Trusts",13.47,-0.96%,3,Sell,"40% Buy",-0.19,+3.78%,13.14,13.5,13.07,13.44,51.27,-17.56,-14.07,1611713,Weakening,Weak,44.76%,1.05,13.14,13.74,55%
MLYS,"Mineralys Therapeutics Inc","Medical - Biomedical",27.38,+0.11%,1,Hold,"32% Sell",-0.29,+110.62%,27.08,26.62,28.14,26.84,54.24,89.28,-37.81,1356306,Weakest,Weak,70.72%,0.6,25.79,27.88,76%
TATT,"T A T Tech Ltd","Aerospace - Defense Equipment",39.37,-0.68%,3,Sell,"88% Sell",-0.36,+6.38%,41.22,43.06,45.21,41.03,42.77,-14.96,-25.11,185312,Strongest,Soft,12.28%,1.11,38.23,43.83,20%
PRKS,"United Parks & Resorts Inc","Leisure & Recreation Services",44.02,-2.24%,3,Sell,"56% Buy",-0.43,-9.50%,40.06,45.25,38.6,45.55,44.33,-30.84,8.01,1055477,Weakest,Average,18.66%,0.6,43.52,47.57,12%
LKFN,"Lakeland Finl Corp","Banks - Midwest",61.03,-1.13%,4,Buy,"72% Buy",-0.65,+0.43%,60.37,61.37,59.96,62.32,44.43,-20.91,-6.3,178835,Weakening,Average,38.36%,0.67,60.42,64.22,16%
STVN,"Stevanato Group S.P.A.","Medical - Drugs",20.58,+1.53%,4,Buy,"88% Buy",-0.69,-12.91%,17.41,18.82,17.26,19.83,60.24,-34.25,-10.97,481877,Strongest,Average,71.54%,1.35,18.83,20.83,87%
IVA,"Inventiva S.A. ADR","Medical - Biomedical",4.75,-1.04%,8,Buy,"40% Sell",-0.70,+32.68%,4.81,4.19,5.26,4.55,58.21,11.34,-11.11,580610,Weakening,Weak,75.04%,0.37,4.29,4.8,90%
NU,"NU Holdings Ltd Cl A","Banks - Foreign",13.86,+0.14%,6,Buy,"24% Sell",-0.76,+12.68%,13.69,13.33,14.67,14.18,48.38,-8.66,-30.46,54440266,Weakest,Weak,21.46%,0.46,13.59,14.77,23%
PJT,"Pjt Partners Inc Cl A","Finance - Misc Services",169.36,-1.16%,5,Buy,"88% Buy",-1.05,-4.08%,155.61,161.33,157.63,168.41,54.18,-25.42,-11.97,353841,Average,Average,63.96%,0.67,162.41,174.41,58%
CHNR,"China Natural Res","Mining - Misc",3.97,-3.17%,4,Hold,"24% Sell",-1.43,+19.94%,4.04,3.93,3.92,3.79,53.34,-1.4,-2.83,265252,Weakening,Minimum,57.16%,0.11,3.49,4.1,79%
CABA,"Cabaletta Bio Inc","Medical - Biomedical",2.8,+0.36%,1,Sell,"56% Sell",-1.50,+105.88%,3.11,2.97,3,2.73,48.86,84.54,14.59,3638136,Weakening,Weak,74.56%,0.6,2.63,2.84,81%
AHRT,"Ah Realty Trust Inc","REIT - Equity Trust Other",6.74,-2.74%,2,Sell,"40% Buy",-1.61,-3.02%,6.5,6.94,6.52,7.01,38.41,-24.36,-11.45,1086291,Weakest,Soft,25.05%,0.86,6.83,7.19,-25%
MXC,"Mexco Energy Corp","Oil - US Exploration & Product",9.47,+1.67%,7,Buy,"24% Sell",-1.65,+14.10%,9.13,8.57,9.76,8.97,63.48,-7.24,-17.7,18003,Weakest,Weak,52.48%,0.21,8.31,9.63,88%
CLMB,"Climb Global Solutions Inc","Technology Services",27.12,-2.48%,4,Buy,"72% Buy",-1.66,-5.64%,22.57,24.57,24.1,26.51,57.52,-26.98,-7.72,229968,Average,Soft,74.84%,0.53,24.47,28.56,65%
KGEI,"Kolibri Global Energy Inc","Oil - US Exploration & Product",5.21,+2.36%,3,Hold,"48% Buy",-1.67,-14.03%,5.27,5.1,4.84,5.16,52.33,-35.37,19.31,163519,Average,Weak,44.45%,0.75,4.88,5.45,59%
DLO,"Dlocal Ltd Cl A","Financial Transaction Services",14.37,-0.24%,5,Buy,"72% Buy",-1.99,+30.99%,13.25,13.64,13.21,14.75,48.27,9.65,-11.63,1957609,Weakening,Average,35.14%,0.37,14.08,15.41,22%
UTSI,"Utstarcom Holdings C","Communications Components",2.42,-3.20%,5,Sell,"40% Sell",-2.14,-2.81%,2.53,2.56,2.51,2.46,46.52,-24.15,-17.98,104072,Average,Minimum,66.59%,0.01,2.33,2.58,35%
NERV,"Minerva Neuroscie","Medical - Drugs",4.62,+8.20%,2,Sell,"56% Sell",-2.17,+162.50%,5.26,4.51,5.37,4.24,55.68,141.16,1.67,207688,Weakest,Soft,71.49%,0.39,3.87,4.62,100%
AIG,"American International Group","Insurance - Multi Line",77.61,-1.49%,4,Buy,"56% Buy",-2.20,-0.67%,76.74,77.25,76.75,79.1,45.27,-22.01,-22.54,4363565,Weakest,Weak,42.44%,0.95,77.07,81.14,13%
KVUE,"Kenvue Inc","Consumer Prdts - Misc Staple",19.03,-1.04%,2,Buy,"88% Buy",-2.32,-10.82%,18.07,18.74,18.01,19.2,48.25,-32.16,-2.94,31640250,Weakening,Soft,33.92%,1.2,18.59,19.81,36%
TKO,"Tko Group Holdings Cl A","Movie & TV Production & Dist",189.42,+1.53%,4,Sell,"72% Sell",-2.43,+16.00%,192.5,193.92,197.14,184.15,53.44,-5.34,-22.63,1258373,Weakest,Soft,57.82%,1,179.28,189.02,104%
WAL,"Western Alliance Bancorp","Banks - West",80.48,-1.05%,6,Buy,"24% Buy",-2.44,+1.65%,78.73,81.34,81.23,82.07,45.96,-19.69,-17.53,1123453,Weakest,Minimum,36.58%,0.84,79.53,84.62,19%
APT,"Alpha Pro Tech","Protection - Safety",5.37,+2.29%,5,Hold,"64% Buy",-2.55,+14.01%,5.13,5.22,5.08,5.07,59.69,-7.33,7.69,53552,Average,Soft,69.54%,1.22,4.77,5.36,101%
AWK,"American Water Works","Utility - Water Supply",135.45,+0.10%,5,Hold,"32% Buy",-2.68,-6.82%,130.76,130.48,130.97,134.25,55.52,-28.16,-9.47,1995618,Average,Weak,47.38%,1.04,130.03,138.47,64%
MGEE,"Mge Energy Inc","Utility - Electric Power",80.47,-1.31%,2,Buy,"56% Buy",-2.81,-3.29%,78.42,79.36,78.73,81.03,49.4,-24.63,-10.65,207758,Weakening,Soft,50.57%,0.78,79.08,82.98,36%
RHLD,"Resolute Holdings Management","Finance - Misc Services",131.62,+1.68%,2,Hold,"48% Sell",-2.82,+169.49%,134.16,130.44,151.8,131.36,49.85,148.15,-49.5,156964,Weakening,Weak,39.82%,0.65,124.28,138.44,52%
JEF,"Jefferies Financial Group Inc","Finance - Misc Services",55.31,-2.31%,5,Sell,"40% Buy",-3.32,-5.42%,51.26,55.7,52.22,55.76,49.68,-26.76,-24.01,2336473,Weakest,Weak,72.51%,1.14,54.12,57.39,36%
CRNT,"Ceragon Networks Ltd","Wireless Non-US",2.11,-4.52%,3,Sell,"40% Sell",-3.43,+6.03%,2.47,2.49,2.41,2.2,39.49,-15.31,-12.78,603323,Average,Soft,39.49%,0.83,2.06,2.33,17%
XLO,"Xilio Therapeutics Inc","Medical - Biomedical",9.2,+0.33%,3,Buy,"72% Buy",-3.46,-0.88%,8.52,8.79,8.41,8.96,56.53,-22.22,-10.61,43085,Strengthening,Soft,68.96%,0.17,8.44,9.48,73%
DTI,"Drilling Tools International Corp","Oil - Field Services",2.28,0.00%,7,Hold,"96% Sell",-3.84,+9.09%,2.85,2.34,3.1,2.29,47.94,-12.25,-20.2,272365,Strengthening,Good,43.80%,1.45,2.22,2.37,43%
MTH,"Meritage Corp","Building - Residential & Comm",71.97,-3.51%,3,Sell,"24% Buy",-3.88,-0.26%,69.21,74.2,70.4,73,46.23,-21.6,-3.88,941396,Weakest,Weak,42.67%,0.56,69.55,76.45,35%
GNE,"Genie Energy Ltd Cl B","Utility - Electric Power",14.48,-0.48%,8,Buy,"72% Buy",-3.89,-10.45%,14.05,14.17,14.12,14.25,54.74,-31.79,-8.18,81654,Average,Weak,81.20%,1.05,13.8,14.69,76%
GBTG,"Global Business Travel Group Inc","Internet - Software",9.45,-0.11%,13,Buy,"100% Buy",-4.13,+25.83%,8.21,9.39,7.58,9.42,70.91,4.49,10.27,2387102,Average,Strong,76.67%,0.25,9.39,9.45,97%
MNR,"Mach Natural Resources LP","Oil - US Exploration & Product",13.18,+1.70%,6,Buy,"40% Buy",-4.16,-9.04%,13.36,13.08,13.01,13.28,49.25,-30.38,6.12,475397,Weakest,Weak,32.94%,1.16,12.9,13.66,37%
DGXX,"Digi Power X Inc","Technology Services",3.75,-4.09%,3,Sell,"40% Sell",-4.27,+26.26%,4.75,5.18,4.06,3.89,40.65,4.92,33.8,6001521,Weakening,Minimum,41.08%,0.37,3.41,4.37,35%
FPH,"Five Point Holdings Llc Cl A","Real Estate Developers",5.24,+0.38%,8,Buy,"24% Buy",-4.29,-2.24%,5.05,5.16,5.19,5.22,52,-23.58,-19.52,173488,Average,Minimum,50.51%,1.66,5.02,5.43,54%
CKX,"Ckx Lands","Real Estate Operations",10.88,+2.94%,7,Hold,"80% Buy",-4.38,-7.83%,10.8,10.87,10.5,10.91,49.48,-29.17,5.65,5855,Average,Weak,37.27%,2.6,10.32,11.5,47%
TLIH,"Ten-League International Holdings Limited","Business Services",5.8,+1.49%,5,Buy,"88% Buy",-4.53,-7.35%,3.93,4.98,3.9,5.73,65.86,-28.69,43.32,244539,Strengthening,Average,84.93%,0.48,5.53,5.94,65%
LCII,"Lci Industries","Auto - Truck Original Parts",104.85,-3.63%,4,Buy,"56% Sell",-4.59,+10.19%,109.65,101.09,119.78,105.49,50.64,-11.15,-26.85,381565,Average,Soft,66.63%,0.45,101.54,109.45,42%
PG,"Procter & Gamble Company","Consumer Prdts - Misc Staple",146.44,+0.45%,3,Sell,"56% Sell",-4.76,-4.61%,146.04,147.58,148.46,147.37,47.88,-25.95,-11.08,9895125,Average,Weak,45.99%,0.81,143.67,151.07,37%
MAA,"Mid-America Apartment Communities","REIT - Equity Trust Resident",132.34,-1.94%,2,Sell,"24% Buy",-4.89,-5.79%,130.97,135.31,131.89,133.59,45.03,-27.13,-17.99,1024961,Weakest,Minimum,38.08%,0.66,130.87,136.3,27%
AOMR,"Angel Oak Mortgage REIT Inc","REIT - Mortgage Trusts",8.95,-0.56%,3,Buy,"80% Buy",-5.20,-1.97%,8.67,8.74,8.71,8.94,51.86,-23.31,-9.31,109886,Strengthening,Average,56.68%,0.59,8.71,9.18,52%
RNW,"Renew Energy Global Plc Cl A","Other Alt Energy",6.13,-0.65%,4,Sell,"24% Buy",-5.33,-17.72%,5.7,6.21,5.6,6.18,48.34,-39.06,-4.76,1179304,Weakest,Weak,55.16%,0.87,6.02,6.35,33%
LYEL,"Lyell Immunopharma Inc","Medical - Drugs",14.33,-2.58%,2,Hold,"64% Sell",-5.50,+30.51%,17.06,13.54,19.36,13.4,55.02,9.17,-66.7,114993,Weakening,Average,61.94%,1,12.21,14.58,89%
SBGI,"Sinclair Inc","Media Conglomerates",13.76,-3.10%,3,Buy,"88% Sell",-5.57,+15.39%,14.21,14.03,14.4,13.94,46.71,-5.95,-23.33,480342,Strongest,Average,35.12%,1.46,13.29,14.59,36%
HLF,"Herbalife Ltd","Retail - Drug Stores",11.52,-6.72%,2,Sell,"88% Sell",-5.64,+29.44%,13.51,12.23,14.58,12.24,41.33,8.1,-23.89,1699536,Strongest,Average,29.28%,1.13,11.54,12.95,-1%
GEG,"Great Elm Group Inc","Conglomerates - Div Operations",2.15,-2.71%,5,Buy,"16% Sell",-5.78,0.00%,2.14,2.23,2.15,2.18,46.86,-21.34,-28.95,25940,Weakening,Minimum,27.13%,0.29,2.09,2.27,34%
HNNA,"Hennessy Advisors","Finance - Investment Mgmt",9.93,-0.05%,2,Sell,"16% Sell",-5.79,-13.62%,9.94,9.98,9.97,9.91,49.34,-34.96,-9.87,11800,Weakest,Minimum,52.59%,1,9.74,10.09,53%
NFG,"National Fuel Gas Company","Oil - US Integrated",81.82,+1.59%,4,Hold,"48% Sell",-5.96,-6.91%,83.29,79.05,84.23,81.3,54.39,-28.25,-11.06,742816,Weakest,Soft,45.39%,0.66,79.26,83.34,63%
VRTS,"Virtus Investment Partners","Finance - Investment Mgmt",165.83,+0.41%,6,Buy,"88% Buy",-6.02,-12.77%,145.94,153.85,147.5,165.11,55.85,-34.11,-11.62,104378,Strongest,Good,66.58%,0.53,159.12,171.1,56%
CE,"Celanese Corp","Chemical - Specialty",44.46,+1.30%,2,Sell,"88% Sell",-6.18,-7.47%,54.84,48.15,53.43,45.27,44,-28.81,-8.1,2225400,Average,Average,34.97%,0.67,42.3,48.25,36%
AENT,"Alliance Entertainment Holding Corp","Media Conglomerates",5.65,-0.18%,7,Sell,"88% Sell",-6.61,+13.00%,6.35,5.73,6.47,5.76,45.85,-8.34,-43.33,48841,Strengthening,Average,52.42%,0.8,5.38,6.14,35%
DMRA,"Damora Therapeutics Inc","Medical - Biomedical",29.54,-1.27%,5,Buy,"88% Buy",-6.74,+773.96%,25.67,26.52,25.87,30.09,52.64,752.62,15.12,647711,Weakening,Soft,26.40%,0.33,27.56,32.62,39%
HRL,"Hormel Foods Corp","Food - Meat Products",24.7,-1.28%,6,Hold,"48% Buy",-6.76,-13.27%,23.08,24.78,23.44,25.27,45.66,-34.61,-9.04,4914856,Weakening,Soft,15.05%,0.56,24.64,25.9,5%
OFLX,"Omega Flex Inc","Steel - Pipe & Tube",30.3,-2.01%,3,Hold,"80% Sell",-6.76,-6.71%,30.67,30.37,31.64,30.05,50.66,-28.05,-10.34,43238,Strengthening,Weak,84.31%,0.86,28.78,31.32,60%
HOV,"Hovnanian Enterprises Inc","Building - Residential & Comm",131.7,-4.41%,6,Hold,"80% Buy",-6.83,-1.15%,118.44,127.67,118.46,132.31,50.44,-22.49,21.76,116843,Average,Good,64.04%,0.91,125.1,139.51,46%
VINP,"Vinci Compass Investments Ltd","Finance - Misc Services",10.01,-0.60%,2,Hold,"56% Sell",-6.88,+4.82%,10.21,9.81,10.9,9.81,56.08,-16.52,-36.5,64658,Weakest,Average,81.56%,0.36,9.49,10.13,81%
LMNR,"Limoneira Company","Agriculture Operations",13.76,-0.72%,3,Buy,"40% Buy",-6.93,-10.94%,13.1,13.16,13.4,13.45,57.22,-32.28,-4.27,84771,Weakening,Weak,81.89%,0.47,12.88,14.02,77%
CCEL,"Cryo-Cell Intl Inc","Medical Services",3.51,-2.50%,5,Buy,Hold,-7.02,-28.37%,3.49,3.51,3.45,3.48,50.72,-49.71,-11.22,10247,Bearish,,55.07%,0.64,3.3,3.65,59%
WKEY,"Wisekey International Holding Ltd ADR","Protection - Safety",6.56,+1.39%,3,Sell,"88% Sell",-7.09,+23.77%,7.32,7.14,7.45,6.49,47.86,2.43,-29.69,327324,Average,Soft,64.31%,0.48,5.98,7.01,56%
TISI,"Team Inc","Building - Maint & Service",16.55,-2.65%,4,Buy,"64% Buy",-7.35,-1.37%,16.55,16.84,15.79,16.89,44.27,-22.71,3.87,12054,Weakest,Soft,35.75%,3.04,16.04,17.73,30%
PPIH,"Perma-Pipe International Holdings Inc","Steel - Pipe & Tube",25.95,-1.89%,8,Hold,"80% Sell",-7.50,-1.22%,29.15,26.67,29.81,25.27,51.46,-22.56,-27.79,98971,Strengthening,Good,89.23%,0.35,23.83,26.7,74%
LGIH,"LGI Homes Inc","Building - Residential & Comm",56.7,-5.56%,5,Hold,"64% Buy",-7.61,-0.72%,49.88,57.06,50.28,58.68,46.74,-22.06,18.72,415823,Weakest,Good,49.82%,0.87,54.77,62.59,25%
CHCI,"Comstock Hlds Cos","Building - Residential & Comm",15.02,+0.47%,4,Sell,"8% Sell",-7.66,+9.72%,16.25,15.4,14.69,15.17,47.76,-11.62,16,23925,Weakening,Minimum,52.02%,0.73,14.19,16.14,42%
CSR,Centerspace,"REIT - Equity Trust Resident",55.15,-2.70%,3,Sell,"100% Sell",-7.68,+3.06%,60.54,56.94,61.61,55.8,44.46,-18.28,-30.6,152450,Strongest,Strong,58.21%,0.77,54.56,57.03,24%
GEL,"Genesis Energy LP","Oil Refining & Marketing MLP",15.55,+3.12%,8,Buy,"40% Sell",-7.88,-7.44%,15.9,14.83,16.34,14.96,60.16,-28.78,-13.58,298038,Weakest,Average,53.85%,2.34,14.39,15.54,101%
ASO,"Academy Sports and Outdoors Inc","Leisure & Recreational Prdcts",49.89,+3.66%,5,Hold,"64% Sell",-7.94,+0.52%,51.67,48.91,53.7,48.25,55.95,-20.82,-13.4,1539104,Weakest,Average,42.33%,0.59,46.15,50.34,89%
JRVR,"James River Group Hldgs Inc","Insurance - Multi Line",4.54,-3.40%,4,Buy,"56% Sell",-8.13,-18.93%,4.96,4.36,5.52,4.6,49,-40.27,-41.88,309006,Average,Average,66.67%,0.61,4.37,4.82,37%
TARA,"Artara Therapeutics Inc","Medical - Drugs",4.11,-0.24%,1,Sell,"72% Sell",-8.16,+31.31%,4.6,4.07,5.1,4.04,52,9.97,-36.15,832949,Weakening,Average,82.33%,0.46,3.88,4.19,74%
CHSCP,"CHS Inc","Agriculture Operations",26.64,-0.30%,5,Sell,"100% Sell",-8.23,-6.85%,27.37,27.01,27.63,26.66,41.26,-28.19,-17.09,16001,Strongest,Strong,38.89%,0.84,26.57,26.75,38%
CXT,"Crane Nxt CO","Technology Services",51.49,-3.45%,8,Buy,"56% Buy",-8.32,-15.02%,45.17,47.67,46.75,52.42,50.43,-36.36,-3.87,744057,Weakening,Soft,35.43%,0.7,49.94,54.9,31%
GBDC,"Golub Capital Bdc","Finance - SBIC & Commercial",13.13,-0.30%,5,Buy,"8% Buy",-8.32,-11.58%,12.96,12.9,12.93,12.99,55.29,-32.92,-16.5,1859875,Weakening,Minimum,79.42%,1.03,12.66,13.31,72%
KPRX,"Kiora Pharmaceuticals Inc.","Medical - Drugs",2.58,-2.27%,4,Hold,"80% Buy",-8.33,+9.32%,2.47,2.57,2.36,2.55,51.89,-12.02,17.7,182062,Average,Average,87.81%,0.53,2.46,2.64,66%
IHRT,"Iheartmedia Inc","Broadcast - Radio & TV",3.71,-3.89%,1,Hold,"48% Sell",-8.43,+131.88%,4.1,3.94,3.87,3.74,45.49,110.54,-24.08,1149911,Strengthening,Weak,61.79%,0.92,3.44,4.04,45%
KBH,"KB Home","Building - Residential & Comm",56.52,-3.53%,5,Buy,"24% Buy",-8.53,-5.14%,53.43,55.98,55.69,56.69,49.32,-26.48,-13.06,1177781,Weakest,Minimum,58.08%,0.78,54.39,58.99,46%
IBP,"Installed Building Products","Building & Construction - Misc",235.76,-3.40%,9,Buy,"40% Sell",-8.82,-8.57%,241.27,221.04,263.07,230.77,54.39,-29.91,-22.37,384392,Weakening,Average,67.02%,0.57,216.79,244.75,68%
JL,"J-Long Group Limited","Textile - Apparel",5.25,-4.55%,3,Sell,"40% Sell",-9.15,-10.87%,6.2,5.96,5.65,5.85,33.84,-32.21,-27.42,39214,Strengthening,Weak,23.27%,0.15,5.3,6.4,-4%
COPR,"Idaho Copper Corp","Mining - Misc",2.73,+5.00%,1,Sell,"88% Sell",-9.22,-61.00%,6.19,4.36,6.67,2.57,41.93,-82.34,-35.48,10169,Average,Strong,62.19%,0.73,2.12,3.01,68%
SRI,"Stoneridge Inc","Electronics - Misc Components",7.11,-4.69%,3,Sell,"40% Buy",-9.22,-8.85%,6.8,7.27,6.93,7.25,47.12,-30.19,9.54,209314,Weakest,Weak,55.20%,0.62,6.88,7.62,31%
SLVM,"Sylvamo Corp","Paper & Related Products",40.3,-1.87%,4,Hold,"48% Sell",-9.40,-0.25%,39.9,38.85,42.66,38.35,56.79,-21.59,-29.56,366280,Weakest,Weak,65.18%,0.86,36.33,40.37,98%
GNTX,"Gentex Corp","Auto - Truck Original Parts",23.85,-0.96%,2,Sell,"56% Buy",-9.49,-10.41%,23.51,24.47,23.51,23.84,48.72,-31.75,-10.77,2391741,Weakening,Weak,72.89%,0.85,22.93,24.76,50%
UNCY,"Unicycive Therapeutics Inc","Medical - Drugs",5.02,-0.99%,6,Sell,"88% Sell",-9.51,+22.74%,6.7,6.14,6.65,5.2,42.13,1.4,-26.26,823011,Strengthening,Strong,29.86%,0.43,4.74,5.66,31%
VC,"Visteon Corp","Auto - Truck Original Parts",104.79,+0.63%,4,Sell,"24% Buy",-9.61,-8.18%,105.67,109.21,102.48,104.47,48.38,-29.52,-3.07,546896,Weakening,Minimum,61.81%,0.72,101.28,107.67,55%
MRP,"Millrose Properties Inc","Real Estate Operations",28.8,-0.62%,5,Buy,"64% Sell",-9.70,-8.10%,28.84,28.8,29.37,28.69,50.62,-29.44,-16.84,1775356,Weakening,Weak,47.46%,0.59,27.79,29.6,56%
IRS,"Irsa Inversiones Y Representaciones S.A. ADR","Real Estate Developers",14.85,-0.60%,3,Sell,"56% Sell",-9.75,-5.41%,15.22,15.52,15.49,15.19,43.16,-26.75,-23.48,182208,Average,Weak,17.76%,0.55,14.72,15.66,14%
TPCS,"Techprecision Corp","Metal Production & Fabrication",4.86,-2.02%,3,Buy,"88% Buy",-9.85,-16.64%,4.04,4.36,4.16,4.64,59.49,-37.98,-12.64,43359,Strengthening,Average,75.32%,0.43,4.4,4.89,94%
KDP,"Keurig Dr Pepper Inc","Beverages - Soft",29.3,-2.37%,2,Sell,"24% Buy",-9.94,-14.88%,29.37,31.09,29.02,30.54,37.21,-36.22,-8.65,13230179,Weakening,Minimum,16.14%,0.98,29.3,31.79,0%
ANGH,"Anghami Inc","Broadcast - Radio & TV",3.67,+3.53%,8,Sell,"24% Buy",-10.24,+11.21%,3.72,3.88,3.46,3.43,53.52,-10.13,-15.91,261518,Average,Minimum,49.67%,1.22,3.16,3.69,96%
QGEN,"Qiagen N.V.","Medical - Biomedical",43.85,+3.66%,5,Buy,"40% Buy",-10.46,-13.29%,38.54,39.49,42.03,41.62,68.64,-34.63,-20.63,2131219,Strengthening,Weak,82.36%,1.08,40.1,43.13,124%
MC,Moelis,"Finance - Investment Brokers",63.69,-3.47%,3,Sell,"8% Sell",-10.63,-9.04%,64.94,67.3,65.61,67.42,41.73,-30.38,-20.61,1045336,Weakest,Minimum,34.87%,0.82,64.4,70.44,-12%
GDS,"Gds Holdings Ltd ADR","Technology Services",31.41,-1.78%,4,Sell,"100% Sell",-10.65,-13.64%,37.12,32.47,39.11,32.07,45.79,-34.98,-23.26,2003373,Strongest,Strong,56.66%,0.85,30.25,33.89,32%
PIPR,"Piper Jaffray Companies","Finance - Misc Services",74.87,+0.11%,5,Sell,"100% Sell",-10.79,-7.28%,78.7,76.29,80.3,76,46.63,-28.62,-25.1,635274,Average,Average,58.25%,0.68,73.95,78.06,22%
RLX,"Rlx Technology Inc ADR","Consumer Prdts - Misc Discr",2,-0.50%,8,Buy,"56% Sell",-10.91,-9.91%,2.06,1.97,2.15,2.01,51.38,-31.25,-27.42,2261160,Weakest,Average,52.94%,0.51,1.94,2.07,46%
AMRN,"Amarin Corp ADR","Medical - Biomedical",14.11,-1.74%,1,Sell,"72% Sell",-10.99,-5.87%,14.67,14.79,14.8,14.07,43.93,-27.21,-12.15,85773,Strengthening,Soft,68.44%,0.44,13.5,14.64,53%
AKA,"A.K.A. Brands Holding Corp","Retail - Apparel & Shoes",11.1,+1.00%,2,Buy,"56% Buy",-11.05,-8.42%,10.26,10.26,10.52,11.06,54.69,-29.76,-9.52,11280,Average,Weak,44.27%,2.02,10.74,11.37,57%
LSE,"Leishen Energy Holding Co. Ltd","Oil Field Machinery & Equip",4.72,+7.03%,3,Buy,"8% Sell",-11.13,-12.59%,4.61,4.35,4.65,4.56,53.41,-33.93,-5.25,11960,Weakening,Weak,32.86%,0.13,4.03,5.09,65%
KLXE,"Klx Energy Services Holdings Inc","Oil - Field Services",2.24,+8.74%,1,Sell,"56% Sell",-11.20,+30.99%,2.75,2.46,2.66,2.19,48.89,9.65,5.26,251456,Weakening,Soft,31.25%,1.48,1.95,2.42,61%
TIPT,"Tiptree Financial Cl A","Insurance - Brokers",18.07,-0.28%,1,Buy,"88% Buy",-11.24,-16.65%,17.38,17.83,17.33,17.87,53.83,-37.99,-14.35,241876,Strengthening,Weak,51.44%,0.84,17.46,18.28,74%
XP,"XP Inc Cl A","Finance - Misc Services",16.2,-0.25%,5,Hold,"80% Sell",-11.25,-6.47%,17.58,16.26,18.22,16.79,43.41,-27.81,-14.3,6082092,Strengthening,Good,22.89%,0.54,16.23,17.35,-2%
CNH,"CNH Industrial N.V.","Machinery - Farm",10.48,-3.94%,8,Buy,Hold,-11.29,-15.69%,10.64,10.64,10.9,10.71,46.68,-37.03,0.41,13760139,Bearish,,33.33%,1.31,10.08,11.35,32%
POCI,"Precision Optics Corp Inc","Medical Instruments",4.24,+0.47%,1,Sell,"40% Sell",-11.65,-10.36%,4.71,4.97,4.69,4.34,39.1,-31.7,-11.95,33449,Weakening,Weak,27.75%,1.75,4,4.69,35%
HEPS,"D-Market Electronic Services & Trading ADR","Internet Commerce",2.76,-0.36%,2,Sell,"24% Buy",-11.78,-2.82%,2.79,2.85,2.78,2.87,41.59,-24.16,-1.97,284826,Weakest,Weak,31.74%,0.34,2.75,2.99,4%
BCSF,"Bain Capital Specialty Finance Inc","Finance - SBIC & Commercial",12.95,-1.22%,5,Buy,"24% Sell",-11.97,-14.80%,12.87,12.68,12.99,12.72,54.78,-36.14,-20.16,428959,Weakest,Weak,85.13%,0.84,12.32,13.13,78%
KMB,"Kimberly-Clark Corp","Consumer Prdts - Misc Staple",108.02,-1.51%,2,Hold,"64% Buy",-12.34,-20.67%,102.14,106.61,102.48,109.41,47.75,-42.01,-6.19,5374785,Weakening,Soft,31.10%,0.69,105.51,113.31,32%
FRHC,"The Awareness Group","Finance - Misc Services",150,+0.68%,1,Buy,"88% Buy",-12.56,-15.87%,147.66,148.68,140.28,152.94,48.75,-37.21,10.01,120055,Strengthening,Average,9.63%,0.43,145.66,160.22,30%
AFYA,"Afya Ltd Cl A",Schools,13.44,-3.31%,2,Sell,"100% Sell",-12.58,-8.88%,14.46,14.3,14.44,14.03,37.22,-30.22,-26.04,103031,Strongest,Strong,26.95%,1.51,13.47,14.59,-2%
BBOT,"Bridgebio Oncology Therapeutics Inc","Medical - Biomedical",9.28,-0.54%,6,Buy,"8% Sell",-12.67,-7.75%,8.48,8.24,9.34,8.67,60.32,-29.09,-39.14,313498,Weakening,Weak,76.67%,0.53,8.02,9.31,98%
CRVL,"Corvel Corp","Business Services",61.71,-1.36%,2,Sell,"8% Buy",-12.71,-28.40%,58.8,61.06,58.59,61.01,51.97,-49.74,-22.07,213431,Weakest,Minimum,60.88%,0.74,58.52,63.5,64%
AUNA,"Auna Sa Cl A","Medical Services",5.26,-1.13%,2,Buy,"40% Buy",-13.02,-15.43%,5.14,5.02,5.09,5.13,55.63,-36.77,-6.35,297922,Average,Weak,79.19%,0.55,4.94,5.33,82%
CHH,"Choice Hotels International","Hotels & Motels",102.75,-3.67%,6,Sell,"8% Sell",-13.10,-14.91%,109.33,110.05,107.87,109.99,37.16,-36.25,-5.4,671107,Weakening,Weak,21.81%,1.03,104.33,115.64,-14%
CNNE,"Cannae Holdings Inc","Finance - Investment Mgmt",14.65,-0.88%,4,Buy,"72% Buy",-13.14,-26.31%,13.66,14.53,13.73,14.84,48.98,-47.65,-20.13,585175,Weakening,Weak,49.24%,0.81,14.43,15.25,27%
ONON,"On Holding Ag Cl A","Retail - Apparel & Shoes",38.78,+3.28%,1,Hold,"16% Sell",-13.18,-15.07%,36.69,37.4,39.49,37.32,57.06,-36.41,-29.83,6112077,Weakest,Weak,76.79%,2.05,35.57,39.07,92%
FBIN,"Fortune Brands Innovations Inc","Building Prdcts - Air Heating",47.99,-5.49%,4,Hold,"48% Buy",-13.19,-14.38%,42.98,47.17,46.85,50.67,44.47,-35.72,-17.32,2496187,Weakening,Weak,29.05%,1.08,48.18,53.16,-4%
RTB,"Rtb Digital Inc","Internet - Software",16.74,-1.53%,4,Buy,"100% Buy",-13.23,+56.40%,9.14,12.55,8.01,16.3,55.59,35.06,181.8,185940,Strengthening,Strong,45.92%,0.14,14.39,18.21,62%
SGRY,"Surgery Partners CS","Medical Services",15.95,+2.70%,1,Hold,"80% Buy",-13.31,-32.53%,14.37,15.38,14.52,15.7,52.47,-53.87,-10.02,1657839,Strongest,Weak,43.28%,2.67,14.78,16.62,64%
CPS,"Cooper Std Holdings Inc","Auto - Truck Original Parts",28.39,-9.59%,6,Buy,"72% Sell",-13.31,+9.74%,29.15,28.79,30.89,29.09,47.86,-11.6,-26.78,197482,Average,Weak,38.45%,1.47,26.9,31.28,34%
MBUU,"Malibu Boats Inc","Leisure & Recreational Prdcts",28.95,+0.24%,5,Buy,"56% Buy",-13.67,-9.25%,26.82,27.5,28.08,28.22,57.24,-30.59,-10.64,279660,Average,Weak,64.84%,0.66,26.93,29.51,78%
RYN,"Rayonier Inc REIT","Building Products - Wood",21.69,-0.46%,6,Buy,"40% Buy",-13.79,-16.74%,21.05,21.41,21.51,21.7,51.16,-38.08,-13.08,2515596,Weakening,Minimum,40.17%,1.27,21.14,22.26,49%
NXPL,"Nextplat Corp","Internet Commerce",6.36,-0.93%,2,Sell,"24% Buy",-13.97,-15.20%,6.1,6.41,6,6.13,52.29,-36.54,5.84,72812,Weakest,Minimum,48.59%,0.78,5.52,6.73,70%
BVC,"Bitventures Limited","Technology Services",12.83,+2.23%,2,Buy,"88% Buy",-14.17,+80.20%,10.18,10.67,9.95,11.11,61.8,58.86,-0.72,50306,Strongest,Average,64.54%,0.55,9.84,12.37,118%
ANIP,"ANI Pharma Inc","Medical - Biomedical",75.76,-3.18%,3,Sell,"72% Sell",-14.21,-7.02%,79.78,80.79,79.46,79.49,39.32,-28.36,-17.29,394508,Strongest,Soft,50.57%,1.54,76.15,82.83,-6%
BBUC,"Brookfield Business Corp","Business Services",28.74,-2.18%,5,Sell,"100% Sell",-14.37,+0.07%,32.22,31.35,33.13,30.76,37.21,-21.27,-33.16,247432,Strongest,Strong,25.67%,0.52,29.15,32.37,-13%
LNN,"Lindsay Corp","Machinery - Farm",115.21,-0.73%,4,Sell,"40% Sell",-14.39,-15.21%,113.25,115.5,118.4,114.31,51.11,-36.55,-15.52,153600,Weakest,Weak,64.50%,0.75,110.41,118.21,61%
FC,"Franklin Covey Company",Consulting,21.45,-1.65%,7,Sell,"24% Buy",-14.44,+13.79%,21.5,22.48,19.98,21.17,48.49,-7.55,14.57,138652,Weakest,Weak,61.27%,0.54,20.06,22.28,63%
PMN,"Promis Neurosciences Inc","Medical - Biomedical",14.72,+0.07%,4,Buy,"88% Buy",-14.55,+4.40%,12.19,12.29,13.08,13.87,57.45,-16.94,102.42,91998,Strongest,Soft,50.06%,0.5,12.05,15.69,73%
CYCN,"Cyclerion Therapeutics Inc","Medical - Biomedical",3.58,+0.28%,2,Buy,"96% Buy",-14.63,+56.25%,3.17,3.4,2.58,3.58,55.99,34.91,168.63,2015790,Average,Good,47.66%,0.35,3.39,3.77,50%
SRTS,"Sensus Healthcare Inc","Medical Instruments",3.09,+0.65%,1,Hold,"48% Sell",-14.98,-10.82%,3.41,2.93,3.79,3,57.34,-32.16,-35.62,77274,Weakest,Average,70.93%,0.29,2.85,3.14,83%
CURR,"Currenc Group Inc",Unclassified,3.16,+1.61%,4,Buy,"72% Buy",-15.09,+107.89%,3.14,3.07,2.72,3.26,49.79,86.55,63.28,390922,Average,Average,25.27%,0.44,2.96,3.56,34%
PRIM,"Primoris Services Corp","Building - Heavy Construction",80.75,-2.28%,5,Sell,"100% Sell",-15.33,-27.37%,119.9,95.16,129.13,85.47,42.39,-48.71,-48.21,1360239,Strongest,Strong,37.18%,0.5,77.09,93.84,22%
RICK,"RCI Hospitality Hold","Retail - Restaurants",27.08,-3.53%,2,Hold,"80% Buy",-15.37,-22.72%,25.4,26.41,24.83,26.25,55.71,-44.06,0.33,74214,Strengthening,Weak,69.72%,1.02,24.96,27.55,82%
ZKH,"Zkh Group Limited ADR","Internet - Services",2.85,0.00%,5,Buy,"40% Sell",-15.67,-5.00%,2.87,2.74,3.07,2.91,51.48,-26.34,-35.81,136094,Weakest,Soft,57.56%,1.52,2.82,3.01,16%
BNTX,"Biontech Se ADR","Medical - Biomedical",92.8,-0.93%,7,Hold,"48% Sell",-15.83,-16.89%,92.99,91.37,97.27,91.82,52.53,-38.23,-15.78,1055913,Weakest,Average,70.10%,0.75,89.88,93.77,75%
INGR,"Ingredion Inc","Food - Misc & Diversified",103.48,-0.81%,6,Buy,"40% Sell",-16.46,-18.03%,104.84,100.15,108.44,101.75,56.6,-39.37,-19.41,740880,Weakest,Soft,62.79%,0.77,98.42,105.09,76%
LMRI,"Lumexa Imaging Holdings Inc","Medical Products",11.74,+1.38%,1,Buy,N/A,-16.50,N/A,9.85,10.4,11.35,11.02,61.47,N/A,-49.8,N/A,N/A,N/A,87.13%,0.57,10.24,11.8,96%
WGO,"Winnebago Industries","Building - Mobile Homes & RV",32.05,-0.34%,5,Buy,"8% Sell",-16.54,+5.43%,30.81,30,35.01,31.04,57.13,-15.91,-34.16,668547,Weakest,Weak,69.94%,0.54,29.44,32.65,81%
WTF,"Waton Financial Limited","Finance - Misc Services",2.75,-4.52%,2,Sell,"88% Sell",-16.67,-37.21%,3.22,2.87,3.42,2.94,44.8,-58.55,-29.93,73483,Strengthening,Average,55.77%,0.02,2.72,3.16,7%
PAC,"Grupo Aeroportuario Del Pacifico ADR","Transportation - Services",216.17,-2.93%,1,Sell,"100% Sell",-16.79,-10.27%,239.62,232.69,248.82,219.45,38.32,-31.61,-31.26,113330,"Top 1%",Strong,60.05%,0.51,212.43,226.47,27%
SCOR,"Comscore Inc","Business Services",7,-2.78%,3,Hold,"8% Sell",-16.82,+0.14%,7.29,7.42,7.41,7.37,44.55,-21.2,-5.57,21527,Weakening,Minimum,40.19%,0.16,6.91,7.83,10%
JYNT,"The Joint Corp","Medical - HMO",8.63,+3.60%,1,Sell,"80% Sell",-16.87,-19.65%,8.74,8.75,8.91,8.54,51.4,-40.99,-14.29,89047,Average,Weak,39.95%,1.11,8.02,9.07,58%
WHF,"Whitehorse Finance","Finance - SBIC & Commercial",6.71,-1.03%,3,Buy,"56% Sell",-17.64,-20.78%,6.96,6.56,6.91,6.51,58.01,-42.12,-16.71,120736,Weakest,Weak,92.69%,1.06,6.29,6.73,95%
PHUN,"Phunware Inc","Internet - Software",2.04,-4.23%,2,Hold,"64% Buy",-17.73,-20.93%,2.03,2.05,1.96,2.15,43.5,-42.27,-2.99,152831,Weakening,Weak,46.42%,0.84,2.06,2.23,-14%
BBWI,"Bath & Body Works Inc","Retail - Misc & Diversified",19.32,-5.11%,2,Hold,"48% Sell",-17.96,-32.23%,19.46,20.24,20.38,20.31,42.14,-53.57,-17.04,6273557,Average,Weak,33.42%,1.38,19.29,21.33,2%
LXEO,"Lexeo Therapeutics Inc","Medical - Drugs",4.63,-3.74%,2,Sell,"80% Sell",-18.09,+2.21%,5.21,4.63,5.91,4.54,51.08,-19.13,-66.63,1051932,Weakest,Average,66.14%,0.76,4.15,4.92,62%
OTIS,"Otis Worldwide Corp","Machinery - General Industrial",72.87,-1.51%,3,Hold,"48% Sell",-18.43,-16.69%,74.48,72.16,79.44,72.76,50.38,-38.03,-29.84,3469381,Weakening,Average,71.01%,0.68,70.56,74.96,53%
CEG,"Constellation Energy Corp","Other Alt Energy",270.43,+0.20%,6,Buy,"40% Sell",-18.44,-19.46%,276.85,260.6,285.86,264.04,55.22,-40.8,-36.71,3304616,Weakest,Average,50.77%,0.53,248.99,279.09,71%
ZH,"Zhihu Inc ADR","Internet - Content",3.3,+1.54%,4,Buy,"16% Buy",-18.52,-23.79%,3.18,3.18,3.28,3.24,57.39,-45.13,-12.65,298044,Average,Minimum,61.99%,1.07,3.11,3.36,75%
ACIU,"AC Immune S.A.","Medical - Biomedical",2.28,-3.39%,2,Sell,"96% Sell",-18.53,+6.54%,2.65,2.36,2.82,2.28,46.69,-14.8,-40.65,408358,Strongest,Good,65.31%,0.42,2.16,2.4,49%
BDN,"Brandywine Realty Trust","REIT - Equity Trust Other",3.08,-4.35%,5,Sell,"16% Buy",-19.10,-22.42%,3.01,3.14,3.02,3.11,47.05,-43.76,-7.78,2957527,Weakest,Minimum,70.48%,0.77,2.96,3.26,39%
MPAA,"Motorcar Parts Amer","Auto - Truck Replacement Parts",12.42,-8.88%,2,Sell,"8% Sell",-19.15,+10.11%,12.48,13.85,12.19,13.79,33.8,-11.23,-12.61,130735,Weakening,Minimum,32.46%,2.88,12.98,14.6,-34%
MELI,"Mercadolibre Inc","Internet Commerce",1824.34,+0.20%,4,Buy,"8% Buy",-19.31,-22.49%,1737.69,1750.3,1819.85,1846.85,50.37,-43.83,-22.69,534234,Weakest,Minimum,32.95%,0.69,1776.48,1917.21,34%
LSF,"Laird Superfood Inc","Food - Misc & Diversified",4.37,+0.69%,1,Sell,"80% Buy",-19.42,-26.55%,3.52,4.22,3.27,4.22,53.37,-47.89,83.59,82267,Strengthening,Average,81.14%,0.62,3.72,4.71,66%
AERO,"Grupo Aeromexico S.A.B. ADR","Aerospace - Defense",15.76,-0.88%,1,Sell,N/A,-19.44,N/A,15.75,16.45,16.84,15.54,47.85,N/A,-41.49,N/A,N/A,N/A,60.50%,1.52,14.8,16.27,65%
STZ,"Constellation Brands","Beverages - Alcohol",133.39,-1.75%,1,Sell,"88% Sell",-19.52,-21.81%,144.35,136.32,148.03,131.86,49.69,-43.15,-16.57,2288525,Average,Good,71.26%,0.53,128.31,135.41,71%
SUZ,"Suzano Papel E Celul ADR","Paper & Related Products",8.12,-1.22%,8,Buy,"72% Sell",-19.60,-19.68%,8.65,8.16,9.16,8.3,43.45,-41.02,-26.32,3016478,Average,Good,16.43%,1.01,8.07,8.53,11%
ASR,"Grupo Aeroportuario Del Sureste ADR","Transportation - Services",274.62,-0.74%,1,Sell,"100% Sell",-19.62,-11.69%,304.07,287.47,318,275.04,43.28,-33.03,-28.34,65372,Strongest,Maximum,66.36%,0.76,267.2,282.89,47%
LUXE,"Luxexperience B.V. ADR","Textile - Apparel",8.1,0.00%,7,Buy,"24% Sell",-19.62,+0.75%,8.01,7.78,8.24,8.16,51.03,-20.59,-16.25,259103,Weakest,Weak,48.35%,0.7,7.82,8.49,42%
BRID,"Bridgford Foods Corp","Food - Misc & Diversified",6.37,+2.41%,3,Sell,"100% Sell",-19.63,-14.73%,7.14,6.71,7.35,6.39,45.93,-36.07,-31.59,3645,Average,Maximum,23.11%,0.52,6.18,6.59,46%
VICI,"Vici Properties Inc","REIT - Equity Trust Other",26.07,-2.51%,6,Sell,"100% Sell",-19.72,-20.76%,27.53,26.93,27.99,26.61,41.86,-42.1,-20.55,10281100,Strongest,Good,33.33%,1.03,26.02,27.2,5%
NCDL,"Nuveen Churchill Direct Lending Corp","Finance - SBIC & Commercial",12.61,-1.64%,4,Sell,"88% Sell",-19.73,-22.40%,13.09,12.62,13.23,12.53,50.9,-43.74,-18.73,246356,Average,Average,66.53%,0.48,12.04,13.03,58%
IZEA,"Izea Inc","Internet - Software",3.58,+2.29%,1,Sell,"72% Sell",-20.00,-4.79%,3.76,3.56,3.76,3.45,54.32,-26.13,-31.52,74885,Weakest,Weak,51.75%,0.77,3.3,3.6,93%
LBTYB,"Liberty Global Ltd Ord B","Cable TV",13.2,+3.94%,2,Sell,"8% Sell",-20.23,+21.66%,13.62,13.23,12.95,12.02,56.73,0.32,-1.54,19648,Weakest,Minimum,51.68%,0.76,10.85,13.19,100%
INGN,"Inogen Inc","Medical Instruments",6.02,-0.50%,4,Sell,"88% Sell",-20.26,-7.10%,6.54,6.45,6.41,6.43,38.83,-28.44,-23.68,264665,Strongest,Average,36.58%,1,6.02,6.84,0%
MCI,"Barings Corporate Investors","Finance - Investment Mgmt",16.61,-0.95%,1,Sell,"100% Sell",-20.30,-18.34%,17.47,17.15,18.37,16.69,43.55,-39.68,-21.74,34378,Strongest,Strong,60.26%,0.69,16.32,17.05,39%
AMPH,"Amphastar Pharma","Medical - Generic Drugs",20.31,-2.26%,5,Buy,"24% Sell",-20.56,-14.70%,19.95,19.68,21.78,19.77,53.81,-36.04,-37.42,503526,Weakest,Weak,52.74%,1.21,18.62,20.92,74%
TLF,"Tandy Leather Fctry","Retail - Apparel & Shoes",2.42,-1.22%,6,Buy,"8% Buy",-20.60,-30.44%,2.36,2.37,2.49,2.4,54.38,-51.78,-24.94,34310,Weakest,Weak,71.59%,1.25,2.34,2.45,69%
SLRC,"Slr Investment Corp","Finance - SBIC & Commercial",12.97,-0.99%,6,Buy,"56% Sell",-20.62,-21.20%,13.65,12.81,14.08,12.99,51.05,-42.54,-29.37,359464,Weakest,Good,58.89%,0.61,12.63,13.35,47%
ALT,"Altimmune Inc","Medical - Drugs",3.05,-0.97%,3,Buy,"24% Sell",-20.72,-11.59%,3.01,2.9,3.49,2.93,55.3,-32.93,-28.77,4220378,Weakest,Average,52.98%,1.21,2.74,3.12,81%
FLWS,1-800-Flowers.com,"Retail - Mail Order",3.98,-1.00%,6,Buy,"72% Buy",-21.29,-28.16%,3.86,4,3.87,4.01,49.89,-49.5,-11.99,949766,Weakening,Weak,58.01%,0.43,3.74,4.29,44%
LAZ,"Lazard Inc","Finance - Misc Services",42.67,-3.46%,4,Sell,"100% Sell",-21.41,-17.63%,44.37,43.4,46.46,43.17,48.34,-38.97,-25.39,1486633,Strongest,Good,63.01%,0.94,41.33,45,37%
CLLS,"Cellectis S.A. ADR","Medical - Biomedical",2.76,-2.65%,2,Sell,"100% Sell",-21.46,+6.15%,3.34,2.95,3.53,2.77,44.71,-15.19,-56.24,55027,Strengthening,Good,64.32%,1.28,2.61,2.93,46%
DNUT,"Krispy Kreme Inc","Consumer Prdts - Misc Staple",3.14,-5.99%,1,Sell,"100% Sell",-21.55,+1.95%,3.48,3.45,3.47,3.22,43.54,-19.39,-35.15,3824212,Strongest,Average,53.39%,1.38,3.03,3.4,30%
KR,"Kroger Company","Retail - Supermarket",56.48,-0.44%,1,Sell,"100% Sell",-21.66,-23.92%,63.96,59.23,64.89,57.74,42.23,-45.26,-22.86,6850530,Strongest,Strong,34.18%,0.71,55.73,59.76,19%
XZO,"Exzeo Group Inc","Insurance - Proprty & Casualty",15.88,+2.45%,1,Buy,N/A,-21.74,N/A,15.2,15.38,16.23,15.99,49.48,N/A,-47.78,N/A,N/A,N/A,46.63%,0.78,15.13,16.84,44%
PAX,"Patria Investments Ltd Cl A","Finance - Investment Mgmt",11.2,-2.86%,4,Buy,"56% Sell",-21.92,-17.95%,11.65,11.17,12.61,11.08,51.27,-39.29,-42.78,851155,Weakening,Average,67.54%,1.19,10.66,11.5,64%
MKC,"Mccormick & Company","Food - Misc & Diversified",53.13,+0.32%,2,Buy,"8% Sell",-22.27,-24.45%,50.26,50.21,55.43,51.78,58.93,-45.79,-35.25,3777544,Weakening,Weak,82.62%,0.59,49.95,53.61,87%
PTLO,"Portillo's Inc","Retail - Restaurants",4.48,+1.13%,2,Buy,"56% Sell",-22.65,-39.62%,4.83,4.45,5.04,4.55,47.7,-60.96,-14.58,1916130,Weakening,Weak,32.36%,1.34,4.31,4.79,35%
LPX,"Louisiana-Pacific Corp","Building Products - Wood",74.39,-5.25%,7,Hold,"32% Sell",-22.65,-18.08%,73.91,75.03,78.15,74.3,49.07,-39.42,-21.15,1104907,Weakest,Weak,66.86%,1.02,70,78.6,51%
NVR,"NVR Inc","Building - Residential & Comm",6292.2798,-1.53%,3,Sell,"88% Sell",-22.71,-19.93%,6385.74,6415.02,6739.73,6359.17,47.05,-41.27,-26.98,26652,Strengthening,Average,62.50%,1.35,6108.78,6609.56,37%
EARN,"Ellington Credit Company","REIT - Mortgage Trusts",4.36,-0.91%,5,Sell,"100% Sell",-22.79,-22.56%,4.56,4.47,4.77,4.38,46.71,-43.9,-30.53,415345,Strengthening,Strong,48.00%,0.54,4.28,4.49,39%
MMLP,"Martin Midstrm LP","Transportation - Ship",2.5,+2.04%,7,Hold,"64% Sell",-23.02,-20.38%,2.51,2.42,2.62,2.41,54.48,-41.72,-17.47,22819,Weakest,Soft,70.83%,0.13,2.23,2.58,77%
RUM,"Rum Group Inc","Internet - Content",6.21,-2.74%,7,Sell,"24% Sell",-23.18,-21.19%,6.62,6.68,6.37,6.02,49.66,-42.53,-15.,2803736,Weakest,Minimum,71.90%,1.1,5.59,6.46,71%
XBIT,"Xbiotech Inc","Medical - Biomedical",2.28,+0.44%,1,Sell,"88% Sell",-23.19,-21.92%,2.37,2.31,2.39,2.26,49.68,-43.26,-17.86,54873,Average,Soft,69.33%,0.13,2.23,2.3,72%
SAR,"Saratoga Investment Corp","Finance - SBIC & Commercial",19.73,-1.40%,4,Sell,"88% Sell",-23.49,-21.30%,21.57,20.75,22.13,19.36,49.33,-42.64,-27.74,122206,Average,Strong,80.04%,0.65,18.76,19.96,81%
ARKR,"Ark Restaurants Corp","Retail - Restaurants",5.85,+4.22%,2,Sell,"88% Sell",-23.55,-15.09%,6.5,6.12,6.56,5.77,49.61,-36.43,-26.01,6071,Weakening,Average,47.35%,0.54,5.54,5.99,69%
GWRS,"Global Water Reso","Utility - Water Supply",7.37,-3.03%,6,Buy,"8% Sell",-23.74,-25.03%,7.25,7.16,7.71,7.28,53.62,-46.37,-26.04,90447,Weakest,Weak,73.33%,0.82,6.97,7.59,65%
COOK,"Traeger Inc","Consumer Prdts - Misc Discr",61.29,-0.08%,1,Sell,"40% Buy",-23.75,-13.06%,53.71,67.9,50.76,64.82,43.78,-34.4,0.24,26769,Weakest,Average,44.02%,0.89,57.38,72.25,26%
VIRC,"Virco MFG Corp",Furniture,5.95,-2.78%,1,Hold,"80% Sell",-23.84,-25.53%,6.08,6.12,6.18,6.05,43.79,-46.87,-20.15,54222,Strengthening,Weak,59.52%,0.3,5.94,6.16,3%
PTLE,"Ptl Ltd","Transportation - Services",10,+1.01%,6,Buy,"56% Buy",-24.14,-35.86%,7.03,7.9,7.67,10.08,60.3,-57.2,11.62,129286,Average,Soft,34.11%,0.11,9.83,10.34,33%
CLPR,"Clipper Realty Inc","REIT - Equity Trust Other",2.92,+2.10%,3,Hold,"80% Sell",-24.17,-27.18%,3.06,2.97,3.19,2.85,54.61,-48.52,-36.82,79439,Weakening,Good,66.67%,0.4,2.74,2.96,82%
SPOT,"Spotify Technology S.A.","Internet - Software",511.82,+4.85%,6,Buy,"24% Buy",-24.21,-27.49%,480.64,483.88,488.45,490.33,58.55,-48.83,-25.12,2274835,Average,Minimum,45.30%,1.12,458.97,521.69,84%
TRLV,"Trulieve Cannabis Corp","Medical Products",9.08,+3.77%,2,Sell,"56% Buy",-24.24,+58.46%,8.37,9.27,7.97,8.64,53.79,37.12,-8.77,726783,Average,Soft,85.84%,0.48,8.11,9.18,91%
AZO,Autozone,"Retail - Wholesale Auto Parts",3067.99,-1.90%,4,Sell,"72% Sell",-24.26,-23.97%,3248.21,3061.31,3379.32,3034,50.62,-45.31,-22.8,223394,Weakening,Strong,68.96%,0.38,2920.31,3147.7,65%
MKC.V,"Mccormick & Company Inc","Food - Misc & Diversified",52.19,-1.21%,2,Buy,"8% Sell",-24.27,-25.97%,50.31,50.06,55.49,51.72,53.65,-47.31,-36.52,5540,Weakest,Weak,62.89%,0.29,50.09,53.35,64%
MOS,"Mosaic Company",Fertilizers,23.47,+1.78%,6,Buy,"24% Sell",-24.39,-26.61%,23.1,22.2,24.69,22.66,58.02,-47.95,-15.83,8450845,Weakest,Weak,75.30%,0.68,21.69,23.63,92%
UPWK,"Upwork Inc","Internet - Services",9.83,+1.65%,6,Buy,"24% Sell",-24.52,-25.36%,9.57,8.89,11.9,9.33,59.6,-46.7,-63.66,3810056,Weakening,Average,80.49%,2.11,8.71,9.96,90%
OLMA,"Olema Pharmaceuticals Inc","Medical - Biomedical",11.94,-0.91%,3,Buy,"40% Sell",-24.72,+157.33%,13.03,11.32,16.63,11.63,53.18,135.99,-65.5,2154832,Weakest,Weak,67.03%,0.49,11.1,12.16,79%
SERA,"Sera Prognostics Inc Cl A","Medical Services",2.01,-2.90%,6,Buy,"16% Sell",-24.85,-18.95%,2,2.01,2.23,2.07,48.76,-40.29,-45.12,52134,Weakest,Weak,36.97%,0.75,1.92,2.23,30%
VYGR,"Voyager Therapeut","Medical - Biomedical",3.17,-3.06%,1,Sell,"88% Sell",-24.98,+0.96%,3.65,3.39,3.75,3.11,47.35,-20.38,-32.6,605376,Average,Strong,70.13%,0.61,2.97,3.24,74%
MFIC,"Midcap Financial Investment Corp","Finance - Misc Services",9.68,-0.82%,2,Sell,"96% Sell",-25.25,-23.11%,10.64,9.96,10.77,9.68,46.98,-44.45,-28.64,779675,Strengthening,Strong,67.56%,1.04,9.4,9.96,50%
CATX,"Perspective Therapeutics Inc","Medical - Drugs",3,0.00%,3,Sell,"72% Sell",-25.49,-18.48%,3.64,3.12,3.84,2.97,47.63,-39.82,-4.17,2175306,Average,Average,63.83%,0.51,2.81,3.13,61%
THO,"Thor Industries","Building - Mobile Homes & RV",79.51,-0.05%,7,Buy,"24% Sell",-25.62,-16.23%,76.99,76.19,86.8,76.99,56.6,-37.57,-35.82,679156,Weakest,Soft,67.64%,0.77,73.09,80.88,82%
AERT,"Aeries Technology Inc","Technology Services",7.06,+0.28%,1,Buy,"88% Buy",-25.80,+10.73%,5.54,6.61,4.91,6.57,58.49,-10.61,57.93,52439,Strengthening,Strong,87.42%,1.03,6.08,7.06,100%
KYNB,"Kyntra Bio Inc","Medical - Biomedical",6.97,-4.13%,1,Sell,"72% Sell",-25.81,-19.98%,7.04,7.06,7.36,7.05,47.57,-41.32,-33.88,26003,Average,Soft,58.01%,0.17,6.66,7.44,40%
WLTH,"Wealthfront Corp","Mining - Gold",9.52,-1.91%,8,Buy,N/A,-25.85,N/A,9.93,9.39,9.68,9.39,51.64,N/A,-43.25,N/A,N/A,N/A,75.48%,0.65,8.9,9.88,63%
NYC,"American Strategic Investment CO","Real Estate Operations",8.23,-5.62%,4,Hold,"48% Sell",-25.95,-36.73%,8.56,8.56,8.74,8.67,43.76,-58.07,-13.97,18214,Average,Weak,27.00%,3.59,7.82,9.53,24%
OEC,"Orion S.A.","Chemical - Specialty",6.88,-4.97%,9,Buy,"80% Buy",-26.04,-34.66%,6.86,6.88,6.57,6.89,50.48,-56.,17.04,672471,Average,Weak,52.72%,0.55,6.18,7.6,49%
SBC,"Sbc Medical Group Holdings Inc","Medical Services",3.08,+0.65%,4,Buy,"40% Sell",-26.05,-30.00%,3.35,3.07,3.64,3.07,50.26,-51.34,-41.8,80973,Weakest,Good,45.30%,0.58,2.92,3.23,53%
INKT,"Mink Therapeutics Inc","Medical - Biomedical",10.95,0.00%,4,Hold,"48% Sell",-26.15,-9.20%,11.25,11.43,11.31,10.82,49.36,-30.54,-15.05,108950,Average,Weak,42.99%,0.24,10.11,11.53,59%
SSTI,"Soundthinking Inc","Protection - Safety",8.07,+1.89%,3,Sell,"40% Buy",-26.32,-29.33%,7.44,8.17,7.44,8.21,48.25,-50.67,-12.76,150992,Average,Weak,35.35%,0.62,7.68,8.73,37%
MDWD,"Mediwound Ltd Ord Sh","Medical - Drugs",13.83,-3.89%,5,Sell,"100% Sell",-26.78,-25.76%,15.52,14.35,16.21,14.31,39.24,-47.1,-38.34,87197,Strengthening,Strong,30.37%,0.94,13.92,14.71,-12%
EVAX,"Evaxion A/S ADR","Medical Information Systems",3.05,-1.61%,3,Sell,"88% Sell",-26.80,+7.77%,3.66,3.25,3.71,2.97,49.47,-13.57,-49.32,63022,Weakening,Average,65.65%,1.61,2.76,3.17,70%
PLUG,"Plug Power Inc","Electronics Products - Misc",2.11,-3.21%,2,Sell,"72% Sell",-27.25,+39.74%,2.8,2.57,2.58,2.12,42.74,18.4,-6.15,84057586,Average,Average,54.74%,2.31,1.94,2.31,46%
VIVO,"Vivopower Plc","IT Services",3.94,-2.48%,1,Sell,"24% Buy",-27.34,-22.75%,3.96,4.72,3.37,3.91,47.04,-44.09,60.69,1020362,Weakest,Weak,64.19%,0.24,3.28,4.53,53%
PATK,"Patrick Inds Inc","Auto - Truck Original Parts",85.5,-3.76%,4,Sell,"100% Sell",-27.69,-14.82%,94.15,86.78,104.96,85.95,48.06,-36.16,-34.41,454298,Strengthening,Strong,65.57%,0.67,82.52,89.38,43%
WEN,"Wendys Company","Retail - Restaurants",7.3,-5.07%,3,Buy,"24% Sell",-27.74,-27.65%,7.27,7.4,7.45,7.52,46.73,-48.99,-25.62,11037334,Weakening,Minimum,48.04%,0.75,7.03,8.01,27%
RKT,"Rocket Companies Cl A","Finance - Mortgage & Rel Svs",13.76,+0.29%,4,Sell,"88% Sell",-27.94,-18.14%,14.28,13.96,15.85,13.75,49.27,-39.48,-42.19,29828225,Weakening,Average,48.85%,0.88,12.64,14.85,51%
FINW,"Finwise Bancorp","Banks - Southwest",13.71,-3.92%,3,Sell,"100% Sell",-27.95,-24.21%,14.69,14.19,15.56,13.88,44.49,-45.55,-36.84,21877,Strengthening,Strong,62.48%,1.87,13.36,14.4,33%
RSSS,"Research Solutions Inc","Printing - Commercial",2.16,0.00%,1,Sell,"100% Sell",-27.97,-16.28%,2.33,2.24,2.42,2.2,37.35,-37.62,-39.79,65758,Strongest,Good,19.92%,0.35,2.16,2.25,0%
BOLT,"Bolt Biotherapeutics Inc","Medical - Biomedical",3.99,-1.48%,6,Sell,"100% Sell",-27.98,-28.37%,4.48,4.22,4.77,4.03,47.98,-49.71,-40.29,29542,Average,Strong,33.70%,0.58,3.68,4.38,44%
CCM,"Concord Medical Services ADR","Medical - Nursing Homes",4.34,-4.19%,2,Hold,"8% Sell",-28.24,-14.90%,4.46,4.63,4.32,4.44,45.66,-36.24,-0.82,27691,Average,Minimum,43.37%,3.05,3.99,4.89,39%
FIZZ,"Natl Beverage Corp","Beverages - Soft",31.04,-3.39%,6,Sell,"100% Sell",-28.35,-33.15%,33.89,33.33,34.22,31.51,42.74,-54.49,-15.93,357143,Strongest,Average,56.16%,0.77,30.23,32.79,32%
CPB,"The Campbell's Company","Food - Misc & Diversified",22.42,-2.73%,3,Buy,"8% Buy",-28.73,-30.89%,21.48,22.13,23.15,22.33,50.72,-52.23,-32.82,7858795,Weakest,Weak,64.66%,0.64,21.46,23.21,55%
CCI,"Crown Castle","REIT - Equity Trust Other",73.61,-2.62%,1,Sell,"100% Sell",-29.22,-29.56%,84.03,81.45,85.05,76.6,39.98,-50.9,-30.43,3571435,Strongest,Maximum,48.75%,0.44,72.84,80.35,10%
CPSH,"Cps Technologies","Electronics - Misc Components",4.35,-2.68%,5,Sell,"24% Sell",-29.44,+52.63%,5.27,5.62,5.04,4.31,45.5,31.29,27.52,795917,Weakening,Minimum,59.57%,0.16,3.66,4.96,53%
PRME,"Prime Medicine Inc","Medical - Biomedical",3.15,+2.27%,1,Sell,"88% Sell",-29.50,-16.78%,3.35,3.27,3.52,3.08,49.46,-38.12,-22.48,3172755,Weakening,Soft,65.51%,1.02,2.76,3.4,61%
MGPI,"MGP Ingredients Inc","Beverages - Alcohol",17.79,+1.48%,5,Buy,"48% Sell",-29.94,-35.07%,17.97,17.12,19.71,17.79,52.25,-56.41,-40.05,278121,Weakest,Average,19.58%,1.42,16.85,18.74,50%
YHGJ,"Yunhong Green Cti Ltd","Consumer Prdts - Misc Staple",3.47,+15.67%,5,Hold,"16% Sell",-30.88,-44.22%,3.1,3.2,3.21,3.02,59,-65.56,-17.67,50826,Weakest,Minimum,65.05%,1.77,2.7,3.34,120%
YALA,"Yalla Group Ltd ADR","Internet - Software",5.4,-1.46%,3,Buy,"72% Sell",-30.96,-40.53%,5.98,5.41,6.31,5.39,48.62,-61.87,-35.45,315043,Weakening,Strong,60.98%,0.96,5.22,5.55,54%
KOSS,"Koss Corp","Audio & Video Products",3.78,+1.48%,3,Sell,"88% Sell",-31.08,-31.11%,3.95,3.89,4.07,3.76,48.91,-52.45,-22.08,29632,Average,Average,48.55%,0.33,3.6,3.91,56%
JVA,"Coffee Holding Company","Beverages - Soft",3.48,-0.57%,2,Sell,"72% Sell",-31.22,-16.95%,4.04,3.62,3.82,3.45,48.98,-38.29,-23.57,72717,Strengthening,Average,78.10%,0.39,3.31,3.59,61%
FWRG,"First Watch Restaurant Group Inc","Retail - Restaurants",12.03,-3.14%,5,Hold,"32% Sell",-31.33,-31.88%,11.93,12.09,12.97,12.51,43.5,-53.22,-33.49,1419579,Weakest,Weak,30.49%,1.2,11.72,13.3,19%
TLS,"Telos Corp","IT Services",4.03,-15.69%,2,Sell,"56% Sell",-31.83,+69.33%,4.47,4.6,4.59,4.59,37.29,47.99,-34.24,806904,Strengthening,Soft,48.46%,1.61,4.19,4.99,-19%
INSE,"Inspired Entertainment Inc","Technology Services",6.11,-8.12%,1,Sell,"88% Sell",-32.60,-27.78%,7.23,7.39,7.67,6.76,31.61,-49.12,-47.98,120687,Strongest,Strong,18.23%,1.66,6.29,7.22,-19%
FLX,"Bingex Limited ADR","Transportation - Services",2.08,0.00%,4,Sell,"100% Sell",-32.87,-33.12%,2.39,2.19,2.56,2.14,42.74,-54.46,-47.85,189483,Strengthening,Good,27.42%,0.73,2.05,2.22,17%
BLRX,"Biolinerx Ltd ADR","Medical - Drugs",2.71,+0.07%,1,Sell,"56% Sell",-32.96,-23.82%,2.85,3.07,2.86,2.82,41.53,-45.16,-15.35,29139,Average,Weak,25.52%,0.44,2.62,3.01,23%
BBW,"Build-A-Bear Workshop","Retail - Misc & Diversified",37.26,+1.09%,5,Buy,"24% Sell",-32.97,-24.59%,35.62,33.46,42.13,34.59,66.66,-45.93,-52.45,387806,Weakening,Soft,82.36%,0.73,32.52,36.65,115%
KROS,"Keros Therapeutics Inc","Medical - Biomedical",10.69,-4.13%,1,Hold,"64% Sell",-33.03,-22.14%,11,10.62,12.76,10.39,52.1,-43.48,-60.76,503722,Weakening,Average,77.23%,0.66,9.72,11.06,72%
ADXN,"Addex Therapeutics Ltd ADR","Medical - Drugs",5.95,+2.59%,1,Sell,"88% Sell",-33.18,-26.97%,6.5,6.25,6.99,5.82,50.28,-48.31,-36.19,13039,Weakening,Strong,57.45%,0.58,5.35,6.29,64%
HUYA,"Huya Inc ADR","Internet Software Services",2.43,0.00%,6,Buy,"40% Sell",-33.53,-24.53%,2.75,2.42,3.1,2.42,49.44,-45.87,-28.89,1303354,Weakest,Good,28.79%,1.28,2.34,2.51,54%
ELTX,"Elicio Therapeutics Inc","Medical - Biomedical",3.1,-2.82%,1,Sell,"88% Sell",-34.06,-66.30%,8.21,5.56,8.62,3.05,40,-87.64,-74.32,614357,Average,Strong,75.60%,0.11,2.82,3.28,60%
HTCO,"High-Trend International Group","Technology Services",3.13,-2.19%,3,Sell,"100% Sell",-34.47,-56.59%,6.14,3.57,7.27,3.23,41.79,-77.93,-76.17,413908,Strengthening,Average,43.34%,0.06,2.79,3.67,39%
OMSE,"Oms Energy Technologies Inc","Oil Field Machinery & Equip",4.5,+2.04%,2,Buy,"8% Sell",-34.60,-35.34%,4.45,4.29,4.49,4.32,62.13,-56.68,-10.99,24407,Weakest,Minimum,64.25%,3.95,4.07,4.57,86%
CSPI,"C S P Inc","Computer - Integrated Systems",8.1,-0.61%,4,Sell,"88% Sell",-34.81,-25.89%,8.77,8.47,9.26,8.06,47.19,-47.23,-48.46,24731,Strengthening,Average,54.08%,0.36,7.78,8.35,56%
VTS,"Vitesse Energy Inc","Oil - US Exploration & Product",16.15,+2.22%,5,Sell,"72% Sell",-34.88,-35.01%,17.25,16.14,18.29,15.67,56.06,-56.35,-29.41,482967,Weakest,Strong,58.01%,1.11,15.14,16.2,95%
ERII,"Energy Recovery Inc","Pollution Controls",7.99,-7.95%,4,Hold,"88% Sell",-35.05,-43.69%,9.3,8.58,10.77,8.57,37.72,-65.03,-54.03,786448,Strengthening,Strong,41.19%,0.96,8.08,9.07,-10%
MDXG,"Mimedx Group Inc","Medical - Biomedical",4.27,-1.61%,7,Buy,"8% Buy",-36.05,-39.17%,3.85,3.99,4.3,4.25,54.77,-60.51,-50.19,1238796,Weakening,Minimum,69.43%,0.81,4.1,4.41,55%
NAII,"Natural Alternativ","Medical - Drugs",2.33,-1.68%,6,Hold,"80% Sell",-36.81,-37.10%,2.53,2.38,2.84,2.31,49.53,-58.44,-48.18,22991,Strengthening,Good,49.71%,0.08,2.16,2.45,58%
SMID,"Smith-Midland Corp","Building - CMT & CNT & AG",27.55,-3.87%,2,Sell,"100% Sell",-36.94,-26.24%,30.46,29.56,32.08,28.83,41.51,-47.58,-37.45,10146,"Top 1%",Strong,29.09%,0.49,26.83,30.83,18%
CIGI,"Colliers Intl Grp IN","Real Estate Operations",100.08,-1.44%,3,Buy,"40% Sell",-37.00,-36.36%,100.58,97.15,109.96,99.59,52.24,-57.7,-45.18,262982,Weakest,Average,59.17%,1.43,94.85,104.33,55%
LUCK,"Lucky Strike Entertainment Corp","Leisure & Recreation Services",6.55,-1.95%,1,Sell,"100% Sell",-37.25,-30.83%,7.85,7.47,8,6.97,32.7,-52.17,-35.93,186928,Strongest,Strong,10.89%,0.42,6.51,7.44,5%
EP,"Empire Petroleum Corp","Oil - US Integrated",2.76,-1.43%,3,Hold,"48% Sell",-37.52,-38.94%,2.75,2.67,2.86,2.57,57.92,-60.28,-22.47,70993,Weakest,Weak,84.49%,0.38,2.39,2.74,104%
BENF,"Beneficient Cl A","Finance - Misc Services",2.8,-6.67%,2,Sell,"100% Sell",-37.76,+21.95%,3.43,3.4,3.76,3.19,36.08,0.61,-73.43,598337,Strongest,Average,24.87%,0.74,2.78,3.6,3%
XRTX,"Xortx Therapeutics Inc","Medical - Drugs",2.16,+1.41%,4,Hold,"64% Sell",-38.98,-45.66%,2.26,2.12,2.3,2.07,53.98,-67.,-36.39,407128,Weakening,Weak,48.96%,0.32,1.95,2.19,88%
LTRN,"Lantern Pharma Inc","Medical - Biomedical",2.81,-1.75%,2,Sell,"40% Sell",-39.03,-43.69%,2.86,3.38,2.9,2.8,44.1,-65.03,-20.52,276332,Weakening,Minimum,60.33%,0.46,2.5,3.1,51%
IMA,"Imagenebio Inc","Medical - Biomedical",5.72,+0.53%,1,Sell,"40% Sell",-39.05,-61.01%,5.66,5.76,6.01,5.71,49.53,-82.35,-30.36,138083,Weakest,Weak,52.99%,0.57,5.35,6.08,51%
TOUR,"Tuniu Corporatio ADR","Internet - Content",5.1,-0.39%,6,Buy,"48% Sell",-39.10,-32.57%,5.9,5.04,6.17,5.1,50.52,-53.91,-31.,18407,Average,Good,44.88%,0.59,4.91,5.29,50%
DOYU,"Douyu International Holdings Ltd ADR",Gaming,4.45,-5.42%,4,Sell,"100% Sell",-39.20,-40.51%,4.78,4.72,5.15,4.62,42.87,-61.85,-47.82,33125,Strongest,Average,38.28%,1.12,4.42,4.82,7%
HIVE,"Hive Digital Technologies Ltd","Finance - Misc Services",2.6,-8.45%,2,Sell,"56% Sell",-39.89,+25.60%,3.05,3.51,2.89,2.94,38.27,4.26,-12.48,18343010,Strengthening,Weak,25.26%,0.75,2.56,3.32,6%
BHM,"Bluerock Homes Trust Inc","REIT - Equity Trust Resident",8.57,+0.82%,4,Sell,"72% Sell",-39.97,-36.74%,10.05,9.08,10.06,8.5,47.34,-58.08,-32.94,8148,Weakening,Good,22.83%,0.62,8.12,8.89,58%
FLNC,"Fluence Energy Inc Cl A","Other Alt Energy",12.65,-4.13%,3,Sell,"88% Sell",-40.08,+37.65%,17.17,18.39,18.45,14.02,38.73,16.31,-49.31,7817308,Strongest,Average,27.53%,0.48,12,16.04,16%
ACCS,"Access Newswire Inc","Media Conglomerates",6.5,-3.92%,4,Buy,"72% Sell",-40.09,-46.94%,7.17,6.59,7.5,6.75,45.41,-68.28,-43.37,16573,Strengthening,Average,48.14%,0.48,6.23,7.28,26%
INTR,"Inter Cl A","Finance - Misc Services",5.35,+1.52%,4,Sell,"100% Sell",-40.14,-31.23%,6.54,5.6,7.29,5.55,42.87,-52.57,-50.17,4105089,Strengthening,Strong,37.67%,2.45,5.27,5.83,14%
LRMR,"Larimar Therapeutics Inc","Medical - Drugs",4.01,-3.61%,3,Buy,"40% Buy",-40.16,+12.01%,3.99,3.65,3.96,3.91,54.63,-9.33,-8.01,2506359,Weakest,Minimum,73.71%,0.64,3.58,4.23,65%
PASG,"Passage Bio Inc","Medical - Biomedical",4.32,-1.82%,3,Sell,"100% Sell",-41.13,-31.10%,5.88,5.03,7.59,4.65,36.96,-52.44,-76.65,68792,Strengthening,Good,10.08%,0.23,4.24,5.07,10%
EBON,"Ebang International Holdings Cl A","Machinery - Tools & Related",2.07,+5.61%,2,Sell,"88% Sell",-41.31,-48.51%,2.15,2.1,2.39,2.01,52.53,-69.85,-45.61,8771,Weakening,Average,68.14%,2.74,1.85,2.16,71%
FULC,"Fulcrum Therapeutics Inc","Medical - Biomedical",3.75,-3.60%,8,Buy,"72% Sell",-41.47,-42.22%,5.5,3.76,6.9,3.69,48.12,-63.56,-80.1,1617016,Average,Strong,80.43%,0.36,3.51,3.87,66%
THH,"Tryhard Holdings Limited","Business Services",3.11,+35.75%,2,Hold,"64% Sell",-42.18,N/A,3.23,2.79,19.18,2.33,63.66,N/A,-111.57,152808,Weakest,Average,48.09%,28.06,1.86,2.8,133%
FINV,"Finvolution Group ADR","Finance - Misc Services",4.72,-2.88%,8,Hold,"96% Sell",-42.32,-48.86%,4.91,4.85,5.06,4.82,43.9,-70.2,-23.01,1175814,Strengthening,Weak,34.09%,1.2,4.63,5,24%
SAMG,"Silvercrest Ast Cm A","Finance - Investment Mgmt",9.92,-2.84%,1,Sell,"100% Sell",-42.35,-38.73%,11.75,10.51,12.87,10.14,43.05,-60.07,-47.95,41058,Strongest,Maximum,42.31%,1,9.71,10.56,25%
AVD,"American Vanguard Corp","Chemical - Specialty",2.29,-4.98%,1,Sell,"100% Sell",-42.45,-50.75%,2.66,2.64,3.32,2.53,37.28,-72.09,-53.31,283272,Strongest,Average,37.55%,0.64,2.33,2.73,-9%
STLA,"Stellantis N.V.","Auto - Foreign",5.58,+1.09%,4,Sell,"100% Sell",-43.10,-40.83%,6.85,6.14,7.45,5.75,41.8,-62.17,-62.02,18020578,Average,Strong,13.29%,0.93,5.5,6,16%
HUHU,"Huhutech International Group Inc","Machinery - General Industrial",5.3,+0.95%,3,Sell,"88% Sell",-43.11,-17.96%,8.35,7.29,7.98,5.35,40.94,-39.3,-60.78,36381,Strengthening,Strong,27.42%,0.17,4.49,6.21,47%
VTSI,"Virtra Systems Inc","Electronics - Military",3.05,0.00%,5,Sell,"100% Sell",-43.25,-56.43%,3.64,3.18,3.94,3.06,46.46,-77.77,-40.64,52313,Average,Strong,47.75%,0.98,2.94,3.18,46%
RBBN,"Ribbon Communications Inc","Communication Network Software",2.05,-4.21%,3,Sell,"100% Sell",-43.27,-45.91%,2.46,2.39,2.45,2.14,41.53,-67.25,-42.08,861483,Strongest,Average,37.44%,0.65,1.98,2.3,23%
GITS,"Global Interactive Technologies Inc","Computer - Software",2.71,+26.64%,4,Buy,"88% Buy",-43.68,+16.81%,1.99,2.07,2.09,2.15,66.08,-4.53,269.78,1029463,Strongest,Average,61.90%,0.7,1.86,2.45,145%
LFVN,"Lifevantage Corp","Medical - Dental Suppliers",6.68,-1.18%,8,Buy,"56% Buy",-43.94,-49.77%,5.98,6.99,5.78,6.43,54.14,-71.11,-4.82,263509,Average,Weak,64.43%,0.12,6.04,6.82,83%
DUOL,"Duolingo Inc Cl A","Technology Services",137.19,+4.81%,6,Buy,"40% Buy",-44.08,-62.96%,114.16,125.71,118.54,131.25,55.91,-84.3,-35.09,2011431,Average,Weak,57.28%,1.04,118.75,143.75,74%
ANGX,"Angel Studios Inc Cl A","Media Conglomerates",4.22,-1.63%,4,Buy,"72% Buy",-44.14,N/A,3.21,3.61,3.46,4.19,56.12,N/A,-22.9,1089286,Average,Soft,65.15%,0.79,3.92,4.46,56%
MOGU,"Mogu Inc ADR","Retail - Apparel & Shoes",2,+6.95%,4,Hold,"64% Sell",-44.28,-13.23%,2.13,1.98,2.18,1.96,51.52,-34.57,-19.36,14906,Weakest,Average,21.84%,0.2,1.81,2.11,63%
LPA,"Logistic Properties of The Americas","Real Estate Operations",2.95,-1.34%,2,Sell,"56% Sell",-44.30,-52.42%,3.26,3.19,3.07,3.02,43.87,-73.76,-5.2,177906,Average,Weak,34.18%,0.02,2.78,3.26,35%
NKE,"Nike Inc","Shoes and Related Apparel",42.11,+0.98%,2,Sell,"100% Sell",-44.52,-43.24%,44.51,43.16,50.4,42.51,47.4,-64.58,-47.16,20274654,Weakening,Good,40.92%,0.91,40.84,44.17,38%
SCWO,"374Water Inc","Waste Removal Svcs",2.15,0.00%,3,Hold,"96% Sell",-44.81,-13.76%,2.47,2.19,2.55,2.16,48.99,-35.1,-7.87,138741,Strengthening,Average,54.17%,0.28,2.01,2.31,47%
FBYD,"Falcon's Beyond Global Cl A","Conglomerates - Div Operations",9.5,-5.66%,1,Sell,"40% Sell",-45.73,+40.01%,13.12,13.82,11.03,10.45,33.92,18.67,-49.97,127497,Average,Weak,30.41%,0.3,8.89,12.01,20%
SFHG,"Samfine Creation Holdings Group","Printing - Commercial",2.32,+0.43%,3,Hold,"72% Sell",-46.31,-34.66%,2.44,2.43,2.7,2.45,43.38,-56.,-50.12,28260,Average,Average,19.85%,0.51,2.29,2.6,10%
YB,"Yuanbao Inc ADR","Insurance - Multi Line",13.84,-0.72%,1,Sell,"88% Sell",-46.40,-47.09%,15.55,14.52,17.02,13.72,48.01,-68.43,-44.95,45386,Weakening,Strong,61.64%,0.35,13.15,14.3,60%
CLRB,"Cellectar Biosciences Inc","Medical Products",2.6,+1.17%,1,Sell,"72% Sell",-46.46,-45.03%,2.76,2.58,2.93,2.54,51.88,-66.37,-25.12,397911,Weakening,Weak,63.06%,0.29,2.41,2.67,75%
DRIO,"Dario Health Corp","Medical Instruments",7.66,+4.93%,5,Buy,"24% Sell",-46.65,-29.05%,7.43,7.14,8.59,7.23,55.57,-50.39,-45.95,18792,Weakest,Soft,69.70%,1.33,6.44,8.02,77%
AHT,"Ashford Hospitality Trust Inc","REIT - Equity Trust Other",3.2,-1.23%,9,Buy,"8% Sell",-46.66,-49.21%,3.04,3.17,3.24,3.23,48.61,-70.55,-38.14,83143,Weakest,Minimum,81.48%,1.12,3.2,3.26,6%
CRCL,"Circle Internet Group Cl A","Finance - Misc Services",67.05,+0.57%,4,Sell,"72% Sell",-47.12,-57.84%,89.26,72.2,86.12,63.97,50.6,-79.18,-28.71,14693481,Weakening,Average,56.84%,0.58,58.8,69.13,80%
FGI,"Fgi Industries Ltd","Retail - Home Furniture",4.63,+1.31%,1,Sell,"88% Sell",-47.22,+19.02%,5.16,4.78,5.3,4.45,52.31,-2.32,-32.03,93621,Average,Average,82.41%,0.46,4.02,4.87,72%
HTOO,"Fusion Fuel Green Plc","Industrial Services",2.46,+1.23%,5,Sell,"100% Sell",-47.27,-42.12%,2.88,2.75,3.13,2.58,38.02,-63.46,-39.39,198369,Average,Average,8.73%,0.77,2.43,2.74,11%
ZTS,"Zoetis Inc Cl A","Medical - Drugs",74.83,+2.99%,5,Sell,"100% Sell",-47.42,-49.22%,91.14,76.65,102.47,75.79,46.36,-70.56,-53.79,5683751,Weakening,Strong,34.77%,1.38,73,78.57,33%
MOVE,"Corvex Inc","Technology Services",11.74,-9.41%,2,Sell,"24% Sell",-47.43,+160.34%,15.95,16.77,13.61,12.57,41.21,139,78.47,842218,Average,Weak,19.48%,0.46,10.01,15.13,34%
BAK,"Braskem S.A. ADR","Chemical - Specialty",2.23,-2.62%,2,Sell,"88% Sell",-47.52,-30.31%,3.42,2.83,3.53,2.38,35.92,-51.65,-37.67,2025376,Strongest,Strong,26.45%,0.44,2.17,2.59,14%
FKWL,"Franklin Wireless Co.","Computer - Networks",2.37,+3.28%,1,Sell,"88% Sell",-47.74,-37.03%,3.02,2.52,3.36,2.33,47.34,-58.37,-59.14,18237,Weakening,Maximum,49.83%,2.65,2.25,2.4,76%
WFF,"Wf Holding Limited","Containers - Paper Products",2.33,+1.30%,6,Hold,"48% Buy",-47.82,-52.78%,2,2.39,2.06,2.31,49.63,-74.12,-11.96,246593,Weakening,Weak,37.84%,3.56,1.96,2.67,52%
AD,"Array Digital Infrastructure Inc","Wireless National",35.06,-0.51%,10,Sell,"88% Sell",-48.37,-52.78%,43.88,38.75,46.08,34.87,41.8,-74.12,-47.87,273945,Strengthening,Strong,56.80%,0.39,34.05,35.68,62%
TIGR,"Up Fintech Holding Ltd ADR","Finance - Investment Brokers",4.91,+1.97%,5,Hold,"48% Sell",-48.41,-50.95%,5.59,4.74,6.54,4.79,54.43,-72.29,-61.9,3449067,Weakest,Good,39.15%,0.45,4.58,5.01,77%
LUD,"Luda Technology Group Limited","Steel - Specialty",4.35,-1.36%,5,Sell,"88% Sell",-49.29,-18.23%,4.87,4.63,5.5,4.2,49.79,-39.57,-45.5,81602,Weakening,Average,52.30%,0.02,3.95,4.46,79%
BUR,"Burford Capital Ltd","Finance - Misc Services",4.28,-3.17%,4,Hold,"64% Sell",-49.72,-68.11%,4.69,4.26,6.17,4.19,51.39,-89.45,-65.28,2760194,Weakening,Average,78.58%,0.78,3.95,4.42,70%
NSRX,"Nasus Pharma Ltd","Medical - Drugs",3.35,-3.04%,4,Buy,"8% Sell",-49.72,N/A,2.95,3.17,3.89,3.16,55.28,N/A,-76.65,75076,Weakest,Weak,72.36%,0.54,2.84,3.48,80%
ARQ,"Arq Inc","Chemical - Specialty",2.07,-0.48%,2,Sell,"88% Sell",-49.97,-68.73%,2.36,2.34,2.7,2.06,44.59,-90.07,-49.96,513338,Average,Soft,63.35%,0.94,1.92,2.21,52%
ASST,"Strive Inc","Finance - Investment Mgmt",12.44,-0.32%,4,Sell,"88% Sell",-50.07,-81.09%,13.61,13.2,13.34,12.11,50.15,-102.43,-28.98,4780724,Average,Weak,63.64%,0.58,11.12,13.11,66%
WVE,"Wave Life Sciences Inc","Medical - Biomedical",6.07,-0.49%,2,Sell,"72% Sell",-50.36,-24.97%,6.76,5.93,9.04,5.86,54.11,-46.31,-77.55,4745558,Weakest,Average,81.34%,0.87,5.55,6.16,85%
BBBY,"Bed Bath & Beyond Inc","Internet Commerce",4.44,-4.31%,3,Sell,"72% Sell",-50.57,-44.01%,5.32,5.56,5.47,5.04,38.15,-65.35,-31.94,2436324,Strengthening,Average,9.49%,1.12,4.45,5.62,-1%
NXB,"Nextboat Inc","Technology Services",2.195,+1.62%,3,Hold,N/A,-50.88,N/A,2.39,2.15,2.44,2.04,55.65,N/A,-8.24,N/A,N/A,N/A,76.38%,0.31,1.84,2.24,88%
NTRB,"Nutriband Inc","Medical - Drugs",3.14,+0.96%,5,Hold,"72% Sell",-51.51,-56.21%,3.47,3.14,3.76,2.98,57.42,-77.55,-44.1,20799,Weakest,Average,76.37%,0.38,2.78,3.19,89%
KXIN,"Kaixin Holdings","Auto - Foreign",5.29,-0.19%,4,Buy,"40% Sell",-51.53,-98.70%,5.37,5.1,24.32,5.39,51.39,-120.04,-106.46,109541,Weakest,Weak,46.29%,0.66,4.88,5.9,40%
AXIL,"Axil Brands Inc","Consumer Prdts - Misc Staple",5.8,-1.19%,3,Sell,"88% Sell",-51.58,-32.39%,6.52,6.16,6.58,5.85,45.13,-53.73,-29.57,200850,Strengthening,Average,64.91%,0.5,5.52,6.18,42%
SSII,"Ss Innovations International Inc","Technology Services",3.75,-0.53%,5,Buy,"48% Sell",-51.79,-44.61%,4.06,3.7,4.29,3.75,49.5,-65.95,-47.24,75519,Weakest,Soft,48.76%,0.26,3.43,4.07,50%
MTEX,"Mannatech Inc","Medical - Drugs",4.9,+2.28%,4,Sell,"88% Sell",-51.93,-41.46%,5.27,5.12,6.02,4.72,50.34,-62.8,-53.87,24526,Average,Good,63.24%,0.2,4.23,5.22,68%
BKYI,"Bio-Key International Inc","Electronics Products - Misc",4.17,+3.47%,2,Hold,"88% Sell",-51.96,-44.59%,4.91,4.42,5.36,4.42,46.14,-65.93,-35.91,540494,Average,Strong,26.37%,8,3.73,5.11,32%
ABR,"Arbor Realty Trust","REIT - Mortgage Trusts",5.36,+0.19%,5,Buy,"56% Sell",-53.50,-54.65%,6.21,5.17,6.75,5.1,57.86,-75.99,-44.19,4037521,Weakest,Good,91.07%,0.67,4.85,5.35,102%
ENHA,"Enhanced Group Inc Cl A","Leisure & Recreational Prdcts",2.47,-6.79%,5,Sell,"100% Sell",-54.76,N/A,5.93,3.04,7.31,2.78,37.76,N/A,-88.68,448889,Strengthening,Strong,8.42%,0.52,2.37,3.2,12%
MLGO,"Microalgo Inc","Technology Services",4.08,-2.16%,4,Sell,"64% Sell",-55.02,-55.65%,4.24,4.44,4.3,4.08,47.13,-76.99,-20.95,239629,Weakening,Weak,31.18%,0.75,3.93,4.23,49%
PSNY,"Polestar Automotive Holding UK Cl A","Auto - Foreign",13.84,-2.74%,1,Sell,"100% Sell",-55.75,-55.21%,18.55,17.52,18.44,14.5,37.29,-76.55,-48.5,203934,Strongest,Average,39.75%,0.52,13.38,15.61,20%
BMBL,"Bumble Inc","Internet - Software",2.73,-3.53%,4,Sell,"100% Sell",-55.76,-56.80%,3.3,2.96,3.3,2.93,40.7,-78.14,-36.79,3414216,Strongest,Average,21.73%,1.65,2.7,3.17,7%
NUS,"NU Skin Enterprises","Cosmetics & Toiletries",5.15,-6.19%,5,Hold,"96% Sell",-55.83,-42.33%,6.14,5.24,7.23,5.22,46.73,-63.67,-59.73,562399,Average,Strong,56.46%,1.59,4.99,5.44,35%
PTN,"Palatin Technologies Inc","Medical - Biomedical",7.36,-5.28%,1,Sell,"100% Sell",-56.12,-19.56%,14.7,10.51,16.07,8.13,32.12,-40.9,-65.41,30604,Strongest,Strong,28.29%,0.81,7.22,9.04,8%
NEXM,"Nexmetals Mining Corp","Mining - Misc",2.32,-0.85%,2,Sell,"88% Sell",-56.50,-55.89%,2.48,2.35,2.89,2.21,53.63,-77.23,-53.92,63418,Weakening,Average,74.07%,0.59,2.06,2.36,88%
DUKR,"Duke Robotics Corp","Aerospace - Defense",5.36,-0.37%,4,Sell,"72% Sell",-56.54,-50.02%,7.4,5.79,7.54,5.35,46.73,-71.36,-25.79,14251,Average,Strong,50.31%,0.51,5.08,5.61,53%
OWLS,"Obook Holdings Inc Cl A","Finance - Misc Services",5.46,+1.49%,1,Sell,"88% Sell",-56.64,N/A,5.74,5.61,5.85,5.44,48.54,N/A,-31.52,59492,Weakening,Average,51.16%,0.55,5.23,5.65,55%
VRCA,"Verrica Pharmaceuticals Inc","Medical - Drugs",5.12,+0.79%,1,Sell,"100% Sell",-56.71,-19.37%,5.94,5.78,6.18,5.4,40.71,-40.71,-51.65,131928,Strongest,Average,36.59%,0.57,4.96,5.84,18%
NLOP,"Net Lease Office Properties","REIT - Equity Trust Other",11.48,-0.78%,8,Buy,"72% Sell",-57.02,-65.52%,12.08,11.59,13.83,11.68,46.1,-86.86,-68.75,202825,Average,Soft,39.93%,0.75,11.28,12.08,25%
XTLB,"Xtl Biopharma ADR","Medical - Drugs",2.87,-2.38%,2,Buy,"8% Sell",-57.16,-47.24%,2.65,2.67,2.88,2.89,51.84,-68.58,10.45,674100,Weakest,Minimum,81.94%,0.02,2.81,2.98,37%
SKK,"Skk Holdings Limited","Engineering & R&D Services",4.5,-6.25%,4,Hold,"64% Buy",-58.29,0.00%,3.94,4.67,3.63,4.8,44.01,-21.34,49.37,257853,Weakening,Average,9.42%,0.24,4.43,5.18,10%
TAOX,"Tao Synergies Inc","Finance - Misc Services",3.49,+3.56%,2,Sell,"100% Sell",-59.37,-43.34%,4.48,3.67,4.51,3.52,47.54,-64.68,-18.42,182422,Weakening,Good,33.55%,0.85,3.19,3.85,46%
NOMA,"Nomadar Corp. Cl A","Leisure & Recreation Services",3.15,-0.63%,6,Sell,N/A,-59.72,N/A,3.55,3.31,3.85,3.04,50.39,N/A,-42.95,N/A,N/A,N/A,48.73%,0.68,2.75,3.33,69%
KG,"Kestrel Group Ltd","Insurance - Multi Line",8.6,-2.49%,1,Sell,"100% Sell",-59.77,-69.94%,10.55,10.15,10.91,9.08,39.67,-91.28,-29.28,18500,Strongest,Soft,27.82%,0.8,8.18,9.98,23%
PLAY,"Dave & Buster's Entertainment","Retail - Restaurants",9.85,-4.09%,5,Sell,"100% Sell",-59.90,-58.77%,11.46,11.05,13.25,10.34,43.14,-80.11,-52.5,1562127,Strengthening,Average,20.01%,1.14,9.46,11.22,22%
HURA,"Tuhura Biosciences Inc","Medical - Biomedical",2.15,+0.94%,1,Sell,"8% Sell",-60.84,-6.52%,2.26,2.25,1.87,2.18,46.59,-27.86,170.87,918381,Weakest,Minimum,47.00%,0.39,2.02,2.33,42%
SJT,"San Juan Basin Royalty Trust","Oil - US Royalty Trusts",2.6,+2.77%,1,Sell,"88% Sell",-60.86,-55.40%,3.75,2.98,4.35,2.55,44.27,-76.74,-67.,205788,Weakening,Maximum,45.40%,1.23,2.38,2.72,64%
NVNO,"Envveno Medical Corp","Medical Instruments",10.15,-4.37%,1,Hold,"96% Sell",-63.18,-93.75%,10.77,10.63,10.83,10.55,44.37,-115.09,-22.86,17204,Strengthening,Weak,30.04%,1.05,9.9,11.21,19%
SBET,"Sharplink Inc","Finance - Misc Services",6.18,-3.89%,7,Buy,"40% Sell",-63.46,-74.16%,6.33,5.68,6.98,6.16,52.66,-95.5,-44.13,8408964,Weakening,Weak,72.37%,0.8,5.71,6.61,52%
PDC,"Perpetuals.com Ltd ADR","Technology Services",2.96,0.00%,4,Sell,"88% Sell",-63.70,-28.33%,5.47,4.59,5.41,3.47,35.01,-49.67,-67.55,89326,Strengthening,Strong,9.83%,0.28,2.79,4.16,12%
SUNE,"Sunation Energy Inc","Other Alt Energy",2.65,+1.15%,2,Hold,"88% Buy",-64.30,+76.67%,2.05,2.45,1.79,2.46,54.34,55.33,144.02,3726818,Strengthening,Soft,68.58%,0.02,2.07,2.84,75%
BLSH,"Bullish Ord Shs","Internet - Software",24.54,+3.90%,3,Sell,"88% Sell",-64.36,N/A,31.95,25.09,32.83,23.43,51.97,N/A,-48.46,1744488,Weakening,Strong,69.35%,0.61,21.52,25.33,79%
YI,"111 Inc ADR","Medical Information Systems",4.1,+4.73%,3,Sell,"72% Sell",-64.60,-40.21%,5.29,4.24,5.62,3.83,52.74,-61.55,46.9,25583,Weakening,Average,70.00%,0.2,3.53,4.14,94%
UONE,"Urban One Inc","Broadcast - Radio & TV",5.28,+2.33%,11,Sell,"88% Sell",-64.61,-67.41%,5.8,5.42,7.53,5.09,53.22,-88.75,-62.,50709,Weakest,Average,56.72%,0.13,4.91,5.28,100%
ATOS,"Atossa Therapeutics Inc","Medical - Biomedical",2.37,+0.42%,6,Sell,"88% Sell",-64.66,-79.92%,4,2.69,4.83,2.35,47.16,-101.26,-86.48,113783,Weakening,Good,62.55%,0.39,2.14,2.56,55%
MCRB,"Seres Therapeutics Inc","Medical - Biomedical",5,+2.67%,1,Sell,"100% Sell",-64.92,-64.81%,7.19,6.14,8.86,5.05,40.71,-86.15,-79.66,99084,Weakening,Strong,28.93%,0.85,4.61,5.49,44%
BRCB,"Black Rock Coffee Bar Cl A","Beverages - Soft",7.3,-0.68%,2,Sell,"88% Sell",-65.48,N/A,9.85,7.68,12.05,7.94,40.41,N/A,-80.45,503643,Average,Strong,7.07%,0.8,7.36,8.53,-5%
AIFU,"Aifu Inc","Insurance - Multi Line",37.1,-0.67%,4,Sell,"40% Sell",-65.56,-74.41%,36.6,41.31,38.43,35.02,50.57,-95.75,-44.04,3636,Weakest,Weak,83.67%,0.62,31.98,38.05,84%
SSM,"Sono Group N.V.","Auto - Foreign",3.05,-15.04%,2,Sell,"100% Sell",-66.29,-53.08%,4.88,3.94,5.61,3.81,26.93,-74.42,-69.69,28983,Strongest,Strong,12.30%,43.26,3.28,4.34,-22%
RGC,"Regencell Bioscience Holdings Ltd","Medical - Biomedical",5.28,-2.40%,4,Sell,"100% Sell",-66.37,-62.20%,19.06,10.34,22.38,5.64,32.78,-83.54,-88.12,290556,Strengthening,Strong,16.80%,0.59,4.84,6.44,27%
BTGO,"Bitgo Holdings Inc Cl A","Finance - Misc Services",5.03,-0.59%,4,Sell,N/A,-66.89,N/A,7.42,5.23,0,5.04,47.12,N/A,N/A,N/A,N/A,N/A,34.67%,1.15,4.63,5.45,49%
GLOO,"Gloo Holdings Inc","Internet - Software",3.48,-3.06%,5,Sell,N/A,-67.72,N/A,5.05,4.05,5.34,3.32,47.05,N/A,-52.1,N/A,N/A,N/A,73.61%,0.3,3.05,3.58,81%
INTJ,"Intelligent Group Limited","Finance - Misc Services",3.23,-4.30%,4,Sell,"100% Sell",-67.82,-85.58%,6.61,4.29,7.33,3.25,44.5,-106.92,-86.35,17416,Strengthening,Strong,39.35%,0.19,2.61,3.89,48%
CRMT,"America's Car-Mart","Retail - Wsale Auto & Trucks",3.13,-3.10%,4,Sell,"100% Sell",-68.50,-92.71%,8.13,3.92,13.09,3.51,42.27,-114.05,-100.87,635222,Average,Good,19.64%,0.07,2.75,4.27,25%
CD,"Chaince Digital Holdings Inc","Financial Transaction Services",2.86,+7.92%,1,Sell,"100% Sell",-68.56,-20.56%,4.96,4.24,5.09,3,37.76,-41.9,-55.71,198053,Strengthening,Average,51.04%,1.22,2.71,3.28,26%
IXHL,"Incannex Healthcare Inc ADR","Medical - Drugs",3.23,+2.38%,2,Sell,"88% Sell",-68.92,-75.64%,3.48,3.32,4.99,3.08,52.67,-96.98,-83.19,447980,Weakening,Average,77.07%,0.37,2.85,3.31,83%
ZOOZ,"Zooz Strategy Ltd","Other Alt Energy",5.31,-3.45%,6,Sell,"88% Sell",-69.34,-84.47%,5.83,5.41,6.75,5.19,50.38,-105.81,-52.64,28055,Weakening,Weak,62.65%,0.11,4.91,5.47,72%
ANPA,"Rich Sparkle Holdings Limited","Business Services",4.07,-11.90%,2,Buy,"88% Sell",-69.39,-88.40%,6.15,4.67,19.38,4.2,44.32,-109.74,-94.89,97354,Average,Good,30.16%,0.78,3.59,4.81,39%
KDK,"Kodiak AI Inc","Technology Services",4.39,-2.01%,1,Sell,"88% Sell",-69.60,-61.49%,6.65,5.22,7.43,4.31,43.56,-82.83,-73.06,832239,Average,Strong,63.77%,0.69,4.05,4.57,65%
MSTR,"Strategy Inc","Finance - Misc Services",97.33,-2.68%,5,Sell,"88% Sell",-69.70,-75.37%,130.33,105.25,135.09,96.66,47.47,-96.71,-49.21,20090061,Average,Average,55.26%,0.62,91.5,101.82,56%
AMCI,"AMC Robotics Corporation",Unclassified,4.48,-8.01%,3,Hold,"80% Sell",-69.94,-62.39%,5.44,4.83,5.87,4.91,44.97,-83.73,-56.62,1406387,Strengthening,Soft,27.53%,1.15,4.27,5.55,16%
PLYX,"Polaryx Therapeutics Inc","Medical - Biomedical",2.12,-6.19%,3,Sell,N/A,-70.30,N/A,3.71,2.36,0,2.19,42.61,N/A,N/A,N/A,N/A,N/A,59.29%,0.99,1.95,2.44,34%
STI,"Solidion Technology Inc","Electronics Products - Misc",8.45,+17.20%,2,Sell,"24% Buy",-71.06,+157.62%,8.43,11.37,7.69,6.71,54.31,136.28,5.92,975541,Average,Weak,77.70%,0.15,5.62,7.8,130%
CENN,"Cenntro Inc","Auto - Domestic",3.34,-2.34%,4,Sell,"100% Sell",-71.39,-88.94%,4.33,3.68,5.57,3.37,43.87,-110.28,-72.36,53545,Average,Weak,69.41%,0.58,3.21,3.53,41%
AQMS,"Aqua Metals Inc","Waste Removal Svcs",2.73,-4.55%,3,Sell,"88% Sell",-71.67,-26.22%,3.67,2.99,4.14,2.7,47.47,-47.56,-56.39,225555,Weakening,Average,65.52%,0.36,2.49,2.92,56%
FOXX,"Foxx Development Holdings Inc","Consumer Prdts - Misc Discr",2.5,-3.85%,1,Sell,"100% Sell",-71.67,-59.94%,3.89,3.08,4.11,2.65,41.5,-81.28,-59.38,803347,Strongest,Strong,41.95%,0,2.34,2.95,26%
RAY,"Raytech Holding Limited","Retail - Consumer Electronics",2.92,-0.34%,7,Sell,"88% Sell",-73.31,-93.39%,3.21,3.01,3.43,2.86,50.03,-114.73,34.96,85160,Average,Weak,63.47%,0.17,2.52,3.19,59%
BKKT,"Bakkt Inc","Finance - Misc Services",7.65,+1.59%,2,Sell,"88% Sell",-73.44,-29.23%,8.56,8.21,9.9,7.6,48.61,-50.57,-37.06,1473900,Weakening,Soft,39.50%,0.96,6.84,8.35,54%
BGDE,"Big Digital Energy Inc","IT Services",5.63,-2.93%,1,Sell,"40% Sell",-73.95,-32.98%,5.99,7.18,5.19,5.71,43.92,-54.32,20.47,694182,Average,Weak,53.79%,0.28,4.81,6.6,46%
FABC,"Fabric.Ai Inc","Technology Services",2.63,-5.05%,4,Sell,"32% Sell",-74.65,-55.27%,3.21,3.25,3.05,2.63,45.12,-76.61,-5.91,836383,Weakening,Weak,53.70%,0.23,2.39,2.86,51%
LNZA,"Lanzatech Global Inc","Waste Removal Svcs",6.32,+0.48%,3,Buy,"56% Sell",-75.30,-80.71%,13.44,6.06,12.75,5.76,52.74,-102.05,-67.33,66245,Weakest,Average,80.95%,0.26,5.08,6.43,92%
WNW,"Meiwu Technology Ltd","Technology Services",2.68,+3.08%,2,Sell,"100% Sell",-75.48,-98.51%,4.32,3.22,54.55,2.77,42.3,-119.85,-111.33,696251,Weakening,Average,46.13%,0.07,2.08,3.46,44%
NNNN,"Anbio Biotechnology Cl A","Medical - Biomedical",10.19,-3.96%,4,Sell,"88% Sell",-75.65,-80.04%,20.76,14.37,22.7,10,41.69,-101.38,-79.37,42479,Average,Strong,30.34%,1.29,8.87,11.12,59%
LFS,"Leifras Co. Ltd ADR","Leisure & Recreation Services",2.39,+3.02%,2,Buy,"16% Sell",-75.82,N/A,2.25,2.24,2.38,2.24,54.85,N/A,-26.98,1372238,Weakest,Soft,15.80%,0.21,1.95,2.52,77%
CANF,"Can-Fite Biopharma Ltd ADR","Medical - Drugs",3.21,-6.69%,3,Buy,"16% Sell",-75.92,-76.64%,3.2,3.21,3.57,3.27,48.07,-97.98,-33.01,963228,Weakest,Minimum,58.16%,0.01,3.05,3.48,37%
CGTL,"Creative Global Technology Ltd","Consumer Prdts - Misc Discr",3.85,-5.41%,3,Sell,"100% Sell",-75.94,-72.40%,10.16,5.18,20.25,4.34,35.33,-93.74,-91.69,211940,Strengthening,Average,14.00%,0.13,3.78,4.89,6%
DFDV,"DeFi Development Corp","Internet - Software",2.86,-1.04%,3,Sell,"88% Sell",-76.00,-81.76%,3.58,2.96,4.05,2.83,49.45,-103.1,-56.63,1236264,Weakening,Weak,51.82%,0.41,2.49,3.17,55%
HIND,"Vyome Holdings Inc","Medical - Drugs",2.21,+2.31%,4,Sell,"40% Sell",-76.12,-75.33%,2.16,2.18,2.38,2.13,56.58,-96.67,-49.02,287438,Weakest,Minimum,66.66%,0.38,1.97,2.28,76%
ATGL,"Alpha Technology Group Limited","Technology Services",9.35,+11.98%,3,Sell,"100% Sell",-76.68,-49.09%,14.01,11.6,16.95,9.46,46.14,-70.43,-68.59,17879,Average,Strong,5.63%,3.49,7.07,11.84,48%
ASBP,"Aspire Biopharma Holdings Inc","Medical - Biomedical",7.79,+0.78%,6,Buy,"40% Sell",-76.87,-98.07%,10.78,6.34,26.01,6.91,58.68,-119.41,-108.34,277721,Weakest,Minimum,80.51%,0.24,5.68,8.13,86%
FWDI,"Forward Industries Inc","Medical Services",4.24,-2.08%,3,Sell,"72% Sell",-77.14,-70.18%,4.42,4.23,4.91,4.17,51.13,-91.52,-49.11,1002381,Weakest,Weak,67.14%,0.59,3.83,4.5,61%
ARBK,"Argo Blockchain Plc ADR","Finance - Misc Services",2.91,+1.14%,3,Sell,"96% Sell",-77.36,-95.80%,3.32,3.32,3.4,2.99,40.62,-117.14,-27.92,55116,Average,Soft,21.07%,0.24,2.73,3.24,35%
ZEPP,"Zepp Health Corp ADR","Medical Information Systems",5.19,+9.26%,4,Hold,"80% Sell",-77.74,-79.11%,9.19,5.2,13.4,4.9,52.71,-100.45,-93.99,148725,Weakest,Average,50.03%,0.47,4.17,5.64,69%
CABO,"Cable One Inc","Cable TV",35.74,-4.23%,6,Sell,"100% Sell",-78.14,-73.12%,62.6,43.4,74.53,40.54,40.12,-94.46,-81.59,179472,Strengthening,Strong,36.61%,0.79,35.11,45.97,6%
DXST,"Decent Holding Inc","Waste Removal Svcs",2.61,-2.25%,3,Buy,"24% Sell",-78.89,-91.15%,2.52,2.53,8.82,2.41,55.28,-112.49,-105.75,1374337,Weakest,Weak,45.79%,0.01,1.95,2.87,72%
EDHL,"Everbright Digital Holding Limited","Advertising Marketing Services",3.91,-6.01%,2,Hold,"16% Sell",-79.30,-57.85%,3.52,4.28,3.54,3.96,47.23,-79.19,-48.11,867054,Weakest,Minimum,61.68%,0.01,3.52,4.39,45%
UK,"Ucommune Intl Ltd","Real Estate Operations",2.04,-3.77%,5,Sell,"100% Sell",-79.33,-80.19%,3.04,2.23,4.01,2.06,45.24,-101.53,-80.88,126083,Average,Strong,32.08%,0.06,1.95,2.18,41%
CDLX,"Cardlytics Inc","Technology Services",3.8,+4.11%,2,Sell,"100% Sell",-79.54,-67.80%,6.67,4.64,7.73,3.92,42.18,-89.14,-80.22,95041,Average,Strong,19.45%,0.26,3.5,4.34,36%
SUPX,"Superx AI Technology Limited","Retail - Home Furniture",6.82,+2.56%,3,Sell,"100% Sell",-80.08,-70.55%,8.32,7.92,10.03,6.93,46.08,-91.89,-69.77,314986,Average,Average,48.10%,0.97,5.97,7.89,44%
TNON,"Tenon Medical Inc","Medical Instruments",6.05,+31.95%,1,Sell,"100% Sell",-80.22,-87.56%,19.63,12.74,23.04,6.66,36.11,-108.9,-95.09,78110,Average,Maximum,22.70%,1.48,5.5,7.83,24%
FRMI,"Fermi Inc","Other Alt Energy",5.88,-4.85%,3,Sell,"88% Sell",-80.35,N/A,6.46,7.06,7.36,6.33,43.06,N/A,-39.76,12383556,Strengthening,Average,31.86%,0.98,5.47,7.19,24%
CUPR,"Cuprina Holdings [Cayman] Limited","Medical - Biomedical",3.04,-8.43%,2,Sell,"40% Sell",-80.80,-95.37%,3.26,4,3.3,3.44,42.69,-116.71,-18.28,1061883,Average,Weak,22.53%,0.01,2.58,4.29,27%
EXOD,"Exodus Movement Inc","Internet - Software",5.2,-5.28%,4,Sell,"100% Sell",-81.39,-83.70%,6.46,5.64,8.47,5.26,46.26,-105.04,-78.1,90611,Strengthening,Average,55.45%,1.32,4.83,5.7,43%
MSAI,"Multisensor AI Holdings Inc","Internet - Software",5.35,+0.56%,3,Sell,"72% Sell",-81.44,-83.67%,6.18,5.28,8.25,5.14,53.31,-105.01,-66.82,200922,Weakest,Soft,63.22%,0.04,4.58,5.69,69%
AIOS,"Aios Tech Inc","Technology Services",12,-0.41%,1,Sell,"100% Sell",-81.86,-85.15%,13.21,13.2,14.81,12.38,45.8,-106.49,-57.19,97293,Strengthening,Soft,54.98%,0.2,10.83,13.93,38%
CRVO,"Cervomed Inc","Medical - Biomedical",2.86,-0.35%,1,Sell,"88% Sell",-81.94,-70.96%,3.42,3.09,4.09,2.78,48.44,-92.3,-77.06,1803778,Weakening,Average,69.00%,0.05,2.4,3.17,60%
YDES,"Yd Bio Limited","Medical - Biomedical",2.51,+9.15%,6,Sell,"88% Sell",-82.12,N/A,4.1,2.52,6.11,2.28,54.01,N/A,-92.71,74891,Weakest,Strong,67.88%,0.22,2.06,2.49,102%
AEMD,"Aethlon Medical Inc","Medical - HMO",3.08,-2.22%,3,Sell,"100% Sell",-82.21,-94.99%,8.44,5.62,9.42,3.11,36.47,-116.33,-91.02,54920,Average,Soft,40.74%,0.28,2.64,3.58,47%
MFI,"Mf International Limited","Internet - Software",7.9,-1.37%,3,Sell,"100% Sell",-82.83,-78.87%,9.86,8.64,11.71,8.3,43.16,-100.21,-70.74,30716,Average,Average,40.53%,0.54,7.65,8.95,19%
LHSW,"Lianhe Sowell International Group Ltd","Industrial Services",3.03,+2.36%,1,Buy,"40% Sell",-83.68,-92.69%,2.91,2.59,4.38,2.52,55.38,-114.03,-76.17,764500,Weakest,Weak,85.91%,0.02,2.05,3,103%
EEIQ,"Epicquest Education Group Intl Ltd",Schools,2.48,+6.21%,2,Sell,"88% Sell",-83.77,-73.16%,3.47,2.81,3.48,2.3,51.38,-94.5,-43.,789144,Weakening,Average,52.82%,0.02,1.96,2.64,77%
SPHL,"Springview Holdings Ltd","Building & Construction - Misc",2.73,-0.36%,2,Sell,"72% Sell",-83.77,-33.89%,2.75,2.9,3.16,2.63,50.42,-55.23,17.99,987163,Average,Weak,40.00%,0.01,2.45,2.81,78%
GMM,"Global Mofy AI Limited","Technology Services",2.94,+0.34%,3,Sell,"96% Sell",-84.36,-97.81%,32.92,3.34,43.21,2.94,37.48,-119.15,-108.28,1469219,Weakening,Strong,29.99%,0.01,2.47,3.42,50%
NCT,"Intercont [Cayman] Limited","Transportation - Ship",3.54,+1.14%,7,Buy,"24% Buy",-84.51,-94.77%,2.78,3.13,3.5,3.24,62.19,-116.11,-39.24,441645,Average,Minimum,61.94%,1.34,2.69,3.78,78%
MI,"Nft Limited Class A Ordinary Share","Internet Commerce",7.7,+3.91%,1,Sell,"100% Sell",-84.71,-96.60%,17.02,10.96,124.71,8.6,37.71,-117.94,-110.86,11598,Weakening,Good,17.13%,0.9,7.07,10.13,21%
SLE,"Super League Enterprise Inc",Gaming,3.04,+5.19%,1,Hold,"64% Sell",-85.05,-93.87%,3.58,3.02,4.2,2.8,55.94,-115.21,-71.76,301954,Weakest,Weak,73.57%,0.45,2.57,3.02,104%
CIIT,"Tianci International Inc","Transportation - Ship",3.71,+2.20%,1,Sell,"88% Sell",-85.64,-94.41%,10.92,6.78,18.15,3.63,40.29,-115.75,-97.32,266809,Weakening,Soft,59.90%,0.1,3.07,4.18,58%
ICCM,"Icecure Medical Ltd Ord","Medical Services",3.28,+6.49%,2,Sell,"88% Sell",-85.71,-86.75%,6.97,4.08,10.94,3.19,45.22,-108.09,-95.34,1043686,Weakest,Strong,51.95%,0.01,2.62,3.75,58%
MLEC,"Moolec Science Sa","Agriculture Operations",7.01,-2.55%,2,Sell,"88% Sell",-85.94,-84.17%,7.76,7.42,7.93,7.15,46.63,-105.51,70.2,504453,Strengthening,Weak,17.04%,0.13,6.38,7.92,41%
SOWG,"Sow Good Inc","Consumer Prdts - Misc Discr",2.99,+9.52%,1,Hold,"64% Sell",-87.72,-75.48%,3.35,2.97,4.9,3.27,45.81,-96.82,-55.33,151935,Weakening,Soft,39.43%,0.13,2.76,3.79,23%
ASTC,"Astrotech Corp","Aerospace - Defense Equipment",9.75,+9.80%,2,Hold,"48% Buy",-87.73,+81.56%,9.25,14.71,7.19,7.65,54.04,60.22,168.53,2000281,Weakening,Average,47.12%,0.23,5.68,9.63,103%
JEM,"707 Cayman Holdings Limited","Textile - Apparel",4.15,-8.99%,3,Sell,"100% Sell",-88.67,-99.72%,17.98,15.92,23.32,5.06,37.56,-121.06,-103.48,377355,Strengthening,Weak,28.92%,0.03,3.58,6.53,19%
SUGP,"Su Group Holdings Limited","Engineering & R&D Services",2.06,-0.96%,2,Sell,"100% Sell",-88.91,-93.63%,12.99,3.67,18.24,2.37,32.12,-114.97,-106.48,514872,Weakening,Strong,50.05%,0.27,1.84,2.89,21%
VRAX,"Virax Biolabs Group Limited","Medical - Biomedical",2.88,-3.36%,1,Sell,"100% Sell",-89.02,-85.30%,4.03,3.79,4.82,3.22,43.65,-106.64,-79.95,918531,Strengthening,Average,23.41%,0.02,2.38,4.06,30%
INLF,"Inlif Limited","Medical Products",5.6,+24.17%,4,Sell,"88% Sell",-89.55,-99.84%,520.24,211.35,828.73,3.85,23.91,-121.18,-112.9,981335,Average,Good,39.69%,0.27,1.48,6.21,87%
CRIS,"Curis Inc","Medical - Biomedical",3.66,-8.96%,3,Sell,"100% Sell",-89.69,-89.30%,9.1,6.6,12.61,4.69,32.06,-110.64,-94.72,71212,Strengthening,Strong,12.08%,0.32,4,5.37,-25%
UP,"Wheels Up Experience Inc","Aerospace - Defense",5.26,-3.49%,1,Sell,"100% Sell",-89.80,-81.21%,7.61,7.19,9.61,5.97,35.07,-102.55,-73.19,186857,Strongest,Average,15.94%,0.56,5.2,6.73,4%
NAMI,"Jinxin Technology Holding ADR","Technology Services",3.18,-27.89%,3,Hold,"80% Sell",-90.96,-87.02%,8.57,4.53,10.47,3.1,45.51,-108.36,-96.62,321656,Weakening,Average,25.18%,0.54,2.31,3.9,55%
XAIR,"Beyond Air Inc","Medical - Biomedical",5.2,-2.99%,1,Sell,"100% Sell",-91.03,-91.33%,9.53,7.36,13.87,5.6,35.66,-112.67,-77.45,132357,Strengthening,Average,13.01%,0.93,5,6.21,16%
SDOT,"Sadot Group Inc","Consumer Prdts - Misc Staple",12.51,+3.47%,4,Buy,"88% Sell",-91.68,-93.22%,20.37,19.2,30.93,16.36,43.19,-114.56,-61.57,1199974,Weakening,Weak,5.45%,0.03,8.26,24.47,26%
QNTM,"Quantum Biopharma Ltd","Medical - Biomedical",3.46,+0.29%,3,Hold,"80% Sell",-91.87,-88.15%,4.18,3.62,4.33,3.09,55.2,-109.49,-65.86,253894,Average,Weak,75.25%,8.98,2.63,3.55,91%
HKIT,"Hitek Global Inc Ordinary Share","Technology Services",3.27,+7.57%,2,Sell,"100% Sell",-91.96,-99.94%,176.45,9.67,2342.45,3.28,34.77,-121.28,-113.22,237310,Weakening,Average,63.25%,1.19,2.66,3.9,49%
PAVS,"Paranovus Entertainment Technology Ltd","Conglomerates - Div Operations",7.51,+22.11%,3,Sell,"88% Sell",-92.19,-99.99%,99.54,24.39,670.37,5,36.68,-121.33,-112.9,405899,Weakest,Weak,51.82%,0.25,3.18,6.82,119%
TDIC,"Dreamland Limited Cl A","Advertising Marketing Services",2.68,-1.47%,1,Sell,"100% Sell",-92.39,-99.43%,18.7,5.17,19.93,2.81,45.31,-120.77,-101.71,534287,Weakening,Weak,53.21%,0.02,2.14,3.48,41%
VSA,"Visionsys AI Inc ADR","Technology Services",3.36,-11.58%,4,Hold,"80% Sell",-94.33,-99.61%,5.19,3.97,9.6,3.29,48.03,-120.95,-99.43,504613,Weakening,Weak,19.79%,1.14,2.69,3.88,56%
RAYA,"Erayak Power Solution Group Inc Cl A","Electronics Products - Misc",2.31,-4.94%,2,Sell,"100% Sell",-94.48,-98.49%,3.61,2.88,7.81,2.53,39.2,-119.83,-107.18,294095,Average,Weak,35.00%,0.43,2.13,2.93,22%
JZ,"Jianzhi Education Technology Group ADR","Technology Services",2.43,-11.80%,1,Sell,"100% Sell",-94.48,-96.60%,27.2,9.93,33.48,2.55,40.4,-117.94,-108.54,47765,Strengthening,Good,51.78%,0.29,1.89,3.21,41%
MNTS,"Momentus Inc","Aerospace - Defense",4.69,-4.67%,2,Sell,"72% Sell",-94.70,-76.75%,6.83,7.85,6.75,4.72,42.94,-98.09,-16.96,3156809,Weakening,Weak,57.56%,0.34,3.9,5.54,48%
NTCL,"Netclass Technology Inc Cl A","Internet - Software",2.77,-2.46%,3,Sell,"72% Sell",-95.24,-97.23%,21.55,22.34,20.38,3.28,36.73,-118.57,-97.23,61248,Weakening,Soft,29.47%,0.25,2.24,4.31,26%
TRNR,"Interactive Strength Inc","Leisure & Recreation Services",3.45,-3.63%,2,Sell,"88% Sell",-95.50,-98.83%,5.81,3.84,14.97,3.2,49.57,-120.17,-107.51,117884,Weakening,Weak,80.26%,0.08,2.81,3.58,83%
DRCT,"Direct Digital Holdings Inc Cl A","Advertising Marketing Services",2.56,-0.78%,5,Sell,"100% Sell",-95.73,-97.26%,3.04,2.74,4.37,2.59,45.38,-118.6,-95.19,300865,Average,Weak,46.67%,0.24,2.4,2.77,43%
ELPW,"Elong Power Holding Cl A","Electronics Products - Misc",4.01,-10.62%,1,Sell,"100% Sell",-95.74,-100.00%,73.36,27.76,1392.5,8.86,31.93,-121.34,-113.2,159559,Weakening,Weak,8.40%,0.66,3.12,14.6,8%
WOK,"Work Medical Technology Group Ltd","Medical Instruments",2.09,-1.42%,5,Sell,"88% Sell",-95.79,-100.00%,63.02,4.03,95.67,1.99,40.25,-121.34,-112.3,364998,Weakening,Weak,73.33%,0.17,1.79,2.18,76%
CETX,"Cemtrex Inc","Conglomerates - Div Operations",2.97,+5.69%,6,Sell,"88% Sell",-96.28,-98.43%,6.46,3.68,9.57,2.77,47.34,-119.77,-101.79,479430,Weakest,Weak,58.65%,0.1,2.46,3.08,83%
BYAH,"Park Ha Biological Technology Co. Ltd","Consumer Prdts - Misc Staple",3.45,+9.87%,2,Sell,"88% Sell",-97.05,-98.66%,7.93,6.86,16.96,3.2,41.99,-120.,-107.84,293444,Weakest,Weak,17.40%,0.38,2.43,3.97,66%
ZNB,"Zeta Network Group","Media Conglomerates",2.73,+10.53%,1,Sell,"100% Sell",-97.50,-99.98%,10.39,5.51,126.35,2.74,38.1,-121.32,-112.67,102310,Weakening,Weak,49.49%,1.45,2.03,3.45,49%
XXII,"22nd Century Group Inc",Tobacco,4.35,+1.40%,5,Sell,"88% Sell",-98.23,-99.40%,19.85,5.4,63.77,4.24,41.2,-120.74,-111.38,27412,Weakest,Weak,66.36%,0.24,3.81,4.66,63%
SMX,"Smx [Security Matters] Plc Cl A","Technology Services",15.8,-1.19%,3,Sell,"80% Sell",-98.29,-99.97%,102.53,15.8,602.77,16.99,40.93,-121.31,-112.24,52835,Weakening,Weak,24.22%,0.17,14.55,19.42,26%
BIYA,"Baiya International Group Inc","Internet - Software",2.7,-2.88%,3,Sell,"100% Sell",-98.48,-98.33%,8.58,5.1,15.92,3.44,42.54,-119.67,-106.28,1859951,Weakening,Weak,15.11%,0.07,1.37,5.5,32%
NEXR,"Nexera Technologies Ltd","Technology Services",2.83,-0.70%,2,Sell,"100% Sell",-99.22,-99.71%,14.68,6.81,35.79,3.7,36.26,-121.05,-111.02,355693,Weakening,Weak,14.00%,0.24,2.1,5.29,23%
CDT,"Cdt Equity Inc","Medical - Drugs",3.11,-9.06%,2,Sell,"100% Sell",-99.34,-99.92%,24.26,5.62,101.6,3.2,38.54,-121.26,-112.29,229304,Average,Weak,54.67%,0.05,2.54,3.87,43%
RUBI,"Rubico Inc","Transportation - Ship",2.23,-0.89%,2,Sell,"100% Sell",-99.80,-100.00%,47.83,6.72,356.69,2.54,20.65,-121.34,-113.15,347959,Weakening,Weak,32.26%,0.07,1.41,3.68,36%
NHP,"National Healthcare Properties Inc Cl A","REIT - Equity Trust Resident",16.36,-3.48%,11,N/A,N/A,N/A,N/A,0,15.05,0,15.87,59,N/A,N/A,N/A,N/A,N/A,72.38%,0.62,14.95,16.79,76%
NINE,"Nine Energy Service Inc","Oil - Field Services",10.49,+3.25%,3,N/A,N/A,N/A,N/A,0,11.32,0,11.44,43.14,N/A,N/A,N/A,N/A,N/A,39.42%,0.83,10.29,12.59,9%
PAYP,"Paypay Corporation ADR","Financial Transaction Services",14.89,-3.00%,6,Buy,N/A,N/A,N/A,17.91,15.22,0,15.53,45.56,N/A,N/A,N/A,N/A,N/A,22.95%,0.65,14.59,16.48,16%
PS,"Pershing Square Inc","Finance - Investment Mgmt",37.33,-1.45%,5,N/A,N/A,N/A,N/A,0,34.45,0,35,60.29,N/A,N/A,N/A,N/A,N/A,83.89%,0.54,32.04,37.95,89%
RMIX,"Suncrete Inc Cl A","Building - CMT & CNT & AG",18.3,-3.58%,1,N/A,N/A,N/A,N/A,0,19.64,0,18.38,47.46,N/A,N/A,N/A,N/A,N/A,62.21%,0.45,16.54,20.22,48%
ROC,"Rank One Computing Corp","Internet - Software",4.26,-3.40%,3,Sell,N/A,N/A,N/A,5.49,4.81,0,4.73,41.05,N/A,N/A,N/A,N/A,N/A,30.67%,0.81,4.12,5.33,11%
SBMT,"Silver Bow Mining Corp","Mining - Misc",6.83,-1.01%,3,N/A,N/A,N/A,N/A,0,7.34,0,6.62,49.28,N/A,N/A,N/A,N/A,N/A,47.65%,0.51,6.04,7.19,68%
SWMR,"Swarmer Inc","Computer - Software",36.3,-0.82%,4,N/A,N/A,N/A,N/A,41.81,44.63,0,38.32,44.53,N/A,N/A,N/A,N/A,N/A,11.12%,0.45,33.17,43.48,30%
TMCR,"The Metals Royalty Company Inc","Mining - Misc",6.23,+5.59%,4,N/A,N/A,N/A,N/A,0,7.62,0,5.83,47.8,N/A,N/A,N/A,N/A,N/A,52.01%,0.72,5.14,6.51,79%
XNDU,"Xanadu Quantum Technologies Cl B","Computer - Integrated Systems",10.55,-4.09%,5,N/A,N/A,N/A,N/A,0,11.89,0,10.7,45.45,N/A,N/A,N/A,N/A,N/A,47.02%,0.47,9.7,11.7,42%
AZUL,"Azul S.A. ADR","Transportation - Airline",8.45,-0.71%,2,N/A,N/A,N/A,N/A,0,8.77,0,8.57,8.14,N/A,N/A,N/A,N/A,N/A,20.24%,0.39,8.27,8.87,30%
BOT,"Robostrategy Inc","Finance - Investment Mgmt",27.16,-5.20%,2,N/A,N/A,N/A,N/A,0,31.05,0,28.35,45.54,N/A,N/A,N/A,N/A,N/A,58.36%,0.55,23.45,33.26,38%
BRAI,"Braiin Limited","IT Services",5.59,-1.41%,1,Sell,N/A,N/A,N/A,7.12,6.66,0,5.67,44.78,N/A,N/A,N/A,N/A,N/A,18.23%,0.17,5.19,6.16,41%
BXDC,"Blackstone Digital Infrastructure Trust Inc","REIT - Equity Trust Other",19.88,-0.60%,3,N/A,N/A,N/A,N/A,0,21.1,0,20.33,42.68,N/A,N/A,N/A,N/A,N/A,16.58%,0.5,19.43,21.24,25%
DETX,"Liberty Defense Holdings Ltd","Aerospace - Defense Equipment",3.67,+21.52%,3,N/A,N/A,N/A,N/A,0,3.76,0,3.24,58.18,N/A,N/A,N/A,N/A,N/A,45.33%,6.28,2.9,3.59,112%
EIKN,"Eikon Therapeutics Inc","Medical - Biomedical",9.73,+4.74%,2,Sell,N/A,N/A,N/A,10.25,9.98,0,9.56,49.53,N/A,N/A,N/A,N/A,N/A,45.49%,1.38,8.9,10.22,63%
GENB,"Generate Biomedicines Inc","Medical - Biomedical",14.72,+2.58%,4,Sell,N/A,N/A,N/A,13.72,14.37,0,13.93,54.49,N/A,N/A,N/A,N/A,N/A,68.41%,0.62,13.06,14.8,96%
GLND,"Greenland Energy Company","Oil - Field Services",2.23,-4.70%,2,N/A,N/A,N/A,N/A,0,2.42,0,2.17,48.27,N/A,N/A,N/A,N/A,N/A,76.38%,1.49,1.85,2.48,60%
GMRS,"Gmr Solutions Inc Cl A","Medical Services",12.65,+0.56%,1,N/A,N/A,N/A,N/A,0,13.11,0,12.92,44.43,N/A,N/A,N/A,N/A,N/A,32.20%,0.42,11.95,13.89,36%
HMH,"Hmh Holding Inc","Oil Field Machinery & Equip",20.5,+4.33%,4,N/A,N/A,N/A,N/A,0,19.95,0,20.04,53.28,N/A,N/A,N/A,N/A,N/A,39.28%,0.73,18.54,21.55,65%
LABT,"Lakewood-Amedex Biotherapeutics Inc","Medical - Biomedical",2.35,+5.86%,2,N/A,N/A,N/A,N/A,0,3.83,0,2.28,33.77,N/A,N/A,N/A,N/A,N/A,10.08%,0.11,1.49,3.07,54%
MANE,"Veradermics Incorporated","Medical - Biomedical",110.75,-3.18%,2,Hold,N/A,N/A,N/A,95.97,108.32,0,109.82,50.71,N/A,N/A,N/A,N/A,N/A,72.41%,0.81,100.69,118.95,55%
"Downloaded from Barchart.com as of 08-10-2026 10:01pm CDT"
