Symbol,Name,Industry,Latest,%Change,"1M #Hi",Trend,Opinion,"Wtd Alpha","52W %Chg","100D MA","50D MA","150D MA","20D MA","14D RSI","1Y vs IDX","YTD vs IDX","200D Avg Vol",Direction,Strength,"14D Stoch %K","50D RelVol","BB Lower","BB Upper",BB%
MU,"Micron Technology","Computer - Integrated Systems",1000.26,-1.61%,6,Buy,"100% Buy",+353.71,+660.89%,868.89,935.64,713.98,950.27,57.66,642.75,238.36,41155840,Strongest,Good,90.53%,0.69,881.78,1018.76,87%
BUUU,"BuUU Group Limited Class A Ordinary Share","Internet - Software",37.95,+9.68%,3,Buy,"100% Buy",+325.16,+610.67%,21.51,25.28,18.94,30.21,69.38,592.53,479.02,48059,"Top 1%","Top 1%",75.24%,2.26,25.41,35.01,131%
LITE,"Lumentum Holdings","Communications Components",978.53,+11.04%,4,Buy,"88% Buy",+298.06,+554.98%,861.63,819.62,803.06,892.14,59.34,536.84,153.38,5407796,Strongest,Good,64.71%,1.61,802.08,982.2,98%
ATEX,"Anterix Inc.","Communications Infrastructure",85.44,-0.96%,1,Sell,"40% Buy",+278.34,+287.48%,78.57,96.14,64.43,90.2,40.58,269.34,279.29,363932,Weakest,Average,21.20%,0.62,84.6,95.81,7%
WDC,"Western Digital Corp","Computer - Storage Devices",477.3,+2.10%,5,Sell,"8% Buy",+249.38,+411.63%,507.85,504.8,434.9,466.18,50.45,393.49,164.97,8508184,Weakening,Weak,55.73%,0.86,417.54,514.82,61%
ASX,"Ase Industrial Holding Ltd ADR","Electronics - Semiconductors",39.79,+6.08%,5,Hold,"80% Buy",+225.42,+245.70%,36.77,38.51,32.07,37.78,58.36,227.56,135.04,8393450,Average,Average,67.33%,1.07,35.18,40.37,89%
LBRX,"Lb Pharmaceuticals Inc","Medical - Biomedical",49.39,+0.10%,3,Buy,"100% Buy",+207.97,N/A,35.39,40.86,31.74,47.62,62.99,N/A,109.78,286646,Strengthening,Maximum,81.06%,0.92,44.84,50.41,82%
DRTS,"Alpha Tau Medical Ltd Cl A","Medical Instruments",14.84,-1.26%,7,Buy,"100% Buy",+207.21,+302.17%,11.35,13.38,9.98,14.49,59.86,284.03,187.7,544354,Strongest,Maximum,86.62%,0.8,13.83,15.15,77%
GLBS,"Globus Maritime Limi","Transportation - Ship",3.56,-3.52%,5,Buy,"88% Buy",+203.36,+245.63%,2.75,3.25,2.46,3.69,51.36,227.49,91.33,142710,Weakening,Maximum,52.20%,1.56,3.51,3.87,14%
RVMD,"Revolution Medicines Inc","Medical - Biomedical",207.32,-1.29%,5,Hold,"80% Buy",+164.93,+404.92%,174.26,197.29,149.84,210.03,52.56,386.78,148.19,2860341,Weakest,Strong,40.19%,1.21,201.07,219,35%
AMD,"Adv Micro Devices","Computer - Integrated Systems",505.74,+5.90%,5,Sell,"72% Buy",+164.19,+234.02%,469.04,498.96,382.64,477.01,57.03,215.88,124.05,33852105,Strengthening,Average,78.43%,1.15,445.02,508.99,95%
EWTX,"Edgewise Therapeutics Inc","Medical - Biomedical",43.82,+1.74%,3,Buy,"100% Buy",+158.62,+194.49%,38.38,42.29,35.77,43.62,54.01,176.35,64.49,1262504,Strengthening,Strong,45.04%,1.1,41.42,45.81,55%
PARR,"Par Pacific Holdings Inc","Oil - Refining and Marketing",82.08,+0.93%,7,Buy,"100% Buy",+158.36,+144.87%,66.88,74.8,61.84,78.61,58.49,126.73,121.48,1177720,Strongest,Maximum,78.82%,0.81,72.77,84.45,80%
ANAB,"Anaptysbio Inc","Medical - Biomedical",56.6,-0.35%,5,Sell,"8% Sell",+155.67,+282.60%,58.32,58.05,51.99,57.45,48.64,264.46,63.02,711790,Weakening,Weak,36.70%,1.7,55.13,59.78,32%
DSGN,"Design Therapeutics Inc","Medical - Biomedical",15.23,+0.59%,6,Buy,"100% Buy",+150.98,+161.68%,13.28,14.11,12.42,15.17,57.09,143.54,50.27,564292,Strongest,Strong,45.40%,1.23,14.44,15.9,54%
AP,"Ampco-Pittsburgh Corp","Metal Production & Fabrication",8.75,+0.81%,3,Buy,"8% Buy",+147.95,+224.07%,9.58,8.51,9.05,8.9,49.49,205.93,52.07,210684,Weakest,Minimum,47.66%,0.35,8.18,9.63,39%
GH,"Guardant Health Inc","Medical - Biomedical",160.98,-0.27%,2,Buy,"88% Buy",+144.85,+167.56%,135.47,159.75,121.46,163.48,49.73,149.42,45.51,2257647,Weakest,Strong,37.91%,0.9,156.13,170.83,33%
ABSI,"Absci Corp","Medical - Biomedical",8.91,+1.02%,4,Buy,"56% Buy",+139.36,+254.98%,7.56,9.21,5.97,9.17,49.58,236.84,143.2,4259737,Average,Good,29.34%,0.74,8.49,9.86,31%
SIF,"Sifco Industries","Aerospace - Defense Equipment",21.24,-0.52%,3,Sell,"56% Buy",+136.00,+200.00%,21.01,23.26,18.26,21.23,44.72,181.86,268.55,89777,Weakest,Average,25.33%,0.67,19.45,23.01,50%
SIMO,"Silicon Motion Techn ADR","Computer - Integrated Systems",272.02,+6.17%,5,Hold,"64% Buy",+134.60,+220.59%,258.38,267.49,214.08,249.91,55.8,202.45,181.34,813107,Average,Average,76.14%,1.19,225.28,274.54,95%
ARWR,"Arrowhead Pharma","Medical - Biomedical",85.11,-1.42%,2,Sell,"72% Buy",+133.37,+213.25%,79.81,84.13,73.87,86.8,48.52,195.11,16.1,2374957,Weakest,Average,54.75%,0.92,82.86,90.73,29%
BTSG,"Brightspring Health Services Inc","Medical Services",62.56,+3.01%,2,Sell,"40% Buy",+118.32,+145.53%,61.05,64.97,54.57,59.89,52.96,127.39,54.95,2806414,Weakening,Average,73.17%,0.94,57.3,62.47,102%
ZBIO,"Zenas Biopharma Inc","Medical - Biomedical",33.05,+0.52%,5,Buy,"88% Buy",+117.31,+53.61%,25.05,30.73,24.46,31.93,57.17,35.47,-21.08,757791,Strengthening,Average,76.54%,0.55,29.61,34.26,74%
MAAS,"Maase Inc ADR","Finance - Misc Services",15.1,-7.65%,2,Sell,"40% Buy",+112.06,+282.28%,14.17,16.73,11.42,16.34,42.82,264.14,167.53,118361,Weakest,Average,58.76%,0.91,13.89,18.79,25%
STRO,"Sutro Biopharma Inc","Medical - Biomedical",19.1,-4.83%,1,Sell,"72% Sell",+111.96,+94.44%,28.22,24.36,26.01,21.15,32.79,76.3,52.98,233803,Strongest,Soft,10.64%,0.53,18.84,23.45,6%
LCUT,"Lifetime Brands Inc","Consumer Prdts - Misc Discr",8.9,+0.34%,2,Buy,"88% Buy",+111.87,+116.02%,8.35,8.86,7.04,9.33,46.82,97.88,113.22,168979,Average,Good,13.75%,0.95,8.75,9.92,13%
PBYI,"Puma Biotechnology","Medical - Biomedical",9.39,-1.68%,6,Buy,"100% Buy",+109.14,+105.92%,7.92,8.55,7.5,9.18,58.14,87.78,45.72,348686,Strengthening,Maximum,75.04%,1.1,8.65,9.7,70%
RCUS,"Arcus Biosciences Inc","Medical - Biomedical",29.06,-2.02%,6,Buy,"72% Buy",+106.71,+154.02%,27.01,29.15,25.19,29.76,47.48,135.88,9.85,1356504,Weakest,Average,36.77%,1.21,28.37,31.15,25%
ANIK,"Anika Therapeutics","Medical - Biomedical",21.04,+1.11%,1,Buy,"88% Buy",+105.29,+135.35%,16.64,18.5,15.5,21.3,56.36,117.21,106.84,124173,Average,Maximum,31.59%,0.74,20.67,21.94,29%
BVS,"Bioventus Inc Cl A","Medical - Drugs",13.83,-1.71%,7,Buy,"88% Buy",+104.83,+91.82%,11.28,12.96,10.45,14.06,51.96,73.68,73.79,504109,Weakening,Strong,37.16%,0.66,13.51,14.6,29%
MGNX,Macrogenics,"Medical Products",4.32,-1.82%,5,Buy,"88% Buy",+103.16,+145.45%,4.01,4.19,3.52,4.12,56.1,127.31,156.22,1105766,Average,Average,80.56%,0.63,3.88,4.37,91%
KNSA,"Kiniksa Pharmaceuticals International Plc","Medical - Biomedical",77.09,-1.05%,5,Hold,"80% Buy",+102.99,+110.80%,62.24,72.23,56.82,78.85,51.19,92.66,74.78,650645,Average,Strong,27.70%,1.05,76.7,80.99,9%
PBT,"Permian Basin Royalty Trust","Oil - US Royalty Trusts",34.81,+1.84%,6,Buy,"100% Buy",+101.93,+95.45%,28.33,30.59,25.68,33.84,65.87,77.31,92.91,119976,Strongest,Maximum,59.64%,0.77,32.61,35.06,90%
NBR,"Nabors Industries","Oil & Gas - Drilling",91.87,+1.13%,6,Buy,"72% Buy",+100.40,+134.90%,90.78,85.89,86.61,91.77,53.58,116.76,57.09,332565,Weakening,Soft,49.90%,0.76,86.88,96.66,51%
NRXS,"Neuraxis Inc","Medical Information Systems",5.91,-0.84%,1,Sell,"56% Sell",+99.97,+144.21%,7,6.58,6.72,6.12,39.1,126.07,18.08,204982,Strengthening,Weak,31.67%,0.67,5.79,6.44,18%
MNPR,"Monopar Therapeutics Inc","Medical - Biomedical",114.38,-2.71%,2,Hold,"80% Buy",+96.90,+175.75%,85.95,110.11,76.2,114.44,52.03,157.61,63.06,218576,Weakening,Strong,60.74%,0.44,107.15,121.73,50%
ADPT,"Adaptive Biotechnologies Corp","Medical - Biomedical",24.34,+0.25%,5,Hold,"80% Buy",+96.72,+94.10%,19.42,23.53,17.89,25.14,48.94,75.96,37.78,2361561,Weakening,Strong,17.07%,0.56,23.81,26.47,20%
PESI,"Perma-Fix Envir","Pollution Controls",18.97,+1.44%,3,Buy,"100% Buy",+96.28,+56.00%,13.76,16.62,13.53,17.91,60.19,37.86,38.58,249132,Strongest,Maximum,80.56%,0.53,16.38,19.45,84%
TRDA,"Entrada Therapeutics Inc","Medical - Biomedical",7.52,+5.47%,5,Buy,"40% Sell",+95.75,+42.42%,7.94,7.06,9.36,7.33,55.84,24.28,-38.95,307332,Weakest,Average,48.54%,1.41,6.86,7.8,70%
ELVN,"Enliven Therapeutics Inc","Medical - Drugs",59.37,+0.08%,4,Hold,"96% Buy",+94.81,+196.55%,48.98,55.85,43.39,59.29,56.39,178.41,273.42,1154518,Weakening,Strong,53.03%,1.36,57.21,61.37,52%
LXRX,"Lexicon Pharmaceutcl","Medical - Biomedical",2.23,-0.45%,1,Sell,"40% Buy",+92.99,+106.48%,2.15,2.32,1.95,2.3,44.98,88.34,81.81,2748834,Weakest,Average,21.86%,0.59,2.17,2.44,23%
CXW,"Corecivic Inc","REIT - Equity Trust Other",35.05,+0.98%,3,Buy,"100% Buy",+91.71,+78.64%,27.43,31.98,24.57,33.4,63.56,60.5,71.31,1196792,Strongest,Maximum,95.76%,1.3,31.73,35.06,100%
NOK,"Nokia Corp ADR","Wireless Equipment",10.65,+6.18%,4,Sell,"8% Sell",+91.02,+132.03%,12.02,10.48,10.7,10.23,55.77,113.89,52.51,72171141,Weakest,Minimum,55.25%,1.41,9.55,10.91,81%
OSCR,"Oscar Health Inc Cl A","Insurance - Multi Line",33.01,+2.36%,6,Buy,"100% Buy",+89.74,+62.77%,26.61,30.47,22.16,31.1,61.16,44.63,117.61,7561776,Strongest,Maximum,76.59%,0.92,28.67,33.53,89%
MSBI,"Midland Sts BNC","Banks - Northeast",33.24,-1.45%,3,Buy,"100% Buy",+89.60,+82.24%,29.9,32.37,27.45,33.06,54.39,64.1,44.91,169105,Weakening,Strong,84.60%,0.56,32.28,33.84,61%
WTI,"W&T Offshore","Oil - US Exploration & Product",3.96,+3.66%,3,Buy,"88% Buy",+87.24,+126.29%,3.72,3.57,3.43,3.77,58.85,108.15,130.84,5016460,Strengthening,Average,54.39%,0.73,3.52,4.03,87%
RLYB,"Rallybio Corporaton","Medical - Biomedical",16.61,-1.86%,2,Buy,"88% Buy",+85.59,+249.48%,15.02,16.39,12.59,16.8,49.19,231.34,190.52,128672,Weakest,Good,42.11%,0.26,16.49,17.12,20%
PACS,"Pacs Group Inc","Medical Services",43.67,+2.75%,1,Sell,"40% Buy",+85.00,+285.78%,40.43,44.63,38.85,43.82,48.88,267.64,1.65,1074317,Weakening,Weak,29.37%,0.83,42.02,45.62,46%
BOTJ,"Bank of The Jame Fnl","Banks - Southeast",28.15,+1.99%,3,Buy,"100% Buy",+83.91,+81.77%,25.11,26.78,23.65,27.26,68.25,63.63,39.41,15177,Strongest,Maximum,81.78%,1.03,26.47,28.06,106%
CNC,"Centene Corp","Medical - HMO",64.58,-3.67%,4,Buy,"72% Buy",+83.91,+123.93%,60.96,65.51,53.45,65.58,47.23,105.79,44.84,5896500,Weakest,Good,51.76%,0.97,63.3,67.87,28%
ARCB,"Arcbest Corp","Transportation - Truck",138.1,-2.14%,2,Sell,"8% Buy",+83.05,+83.30%,139.06,143.74,126.01,138.53,48.13,65.16,74.04,366503,Weakest,Weak,67.46%,0.56,131.36,145.7,47%
HUM,"Humana Inc","Medical - HMO",403.09,+0.39%,4,Buy,"100% Buy",+82.29,+29.87%,343.87,388.73,289.72,388.77,60.23,11.73,45.28,1664251,Strengthening,Strong,72.76%,0.59,371.17,406.37,91%
LNTH,"Lantheus Holdings","Medical Products",100.44,-0.52%,5,Sell,"40% Buy",+82.20,+87.28%,99.07,102.93,91.15,100.7,44.36,69.14,38.82,1094710,Weakest,Average,56.39%,0.77,100.13,101.26,27%
HNGE,"Hinge Health Inc Cl A","Medical Information Systems",92.69,+0.35%,4,Buy,"100% Buy",+80.95,+62.70%,71.02,85.65,60.75,89.53,59.43,44.56,87.45,1542186,Strengthening,Maximum,72.72%,1.22,85.3,93.77,87%
QXL,"Quantum X Labs Inc","Technology Services",4.39,-1.90%,7,Sell,"24% Buy",+80.53,+76.31%,4.45,4.82,3.57,4.62,43.34,58.17,174.83,80677,Weakest,Soft,30.65%,0.24,4.21,5.02,22%
AMWL,"American Well Corp Cl A","Medical Information Systems",13.34,+2.69%,1,Buy,"100% Buy",+80.33,+93.05%,9.64,11.49,8.2,12.36,64.26,74.91,159.59,103248,Strongest,Maximum,79.52%,1.04,11.32,13.41,97%
ANL,"Adlai Nortye Group Ltd ADR","Medical - Biomedical",15.51,+3.33%,7,Buy,"100% Buy",+79.94,+812.35%,12.54,12.66,11.4,13.98,64.32,794.21,980.15,457255,Strongest,Good,69.80%,2.03,12.59,15.37,105%
FTRE,"Fortrea Holdings Inc","Medical - Biomedical",17.06,-3.62%,2,Hold,"48% Buy",+79.65,+65.31%,16.21,18.28,14.29,18.21,40.96,47.17,-13.2,1466731,Weakest,Average,12.85%,1.13,17.12,19.29,-3%
NWPX,"Nwpx Infrastructure Inc","Steel - Specialty",106.48,-1.11%,1,Sell,"8% Buy",+79.31,+104.30%,118.61,124.01,104.59,111.62,32.39,86.16,58.3,136612,Weakening,Minimum,10.12%,0.8,106.24,116.99,2%
IRWD,"Ironwood Pharmaceuti","Medical - Drugs",4.17,-2.11%,3,Buy,"72% Buy",+77.91,+269.03%,4.02,4.18,3.94,4.26,48.63,250.89,11.64,2988078,Weakening,Weak,45.26%,1.07,4.09,4.44,24%
CHEF,"The Chefs Warehouse","Food - Misc & Diversified",108.86,-4.81%,9,Hold,"80% Buy",+76.65,+67.89%,92.35,104.97,82.97,111.48,48.34,49.75,62.55,513794,Weakening,Strong,58.21%,2.37,106.85,116.1,22%
ARW,"Arrow Electronics","Electronics - Parts Distrib",217.41,+0.67%,5,Sell,"72% Buy",+76.31,+72.41%,208.45,209.46,188.58,209.2,57.46,54.27,85.22,603434,Strengthening,Average,96.62%,1.35,199.42,218.98,92%
UFCS,"United Fire Group","Insurance - Proprty & Casualty",54.98,-1.79%,5,Buy,"100% Buy",+75.55,+77.53%,49.07,52.89,45.32,54.03,57.89,59.39,39.15,132922,Weakening,Strong,76.89%,2.62,52.32,55.73,78%
VSH,"Vishay Intertechnology","Semi Discretes",31.47,-1.04%,2,Sell,"24% Sell",+75.07,+104.62%,40.54,36.73,33.33,31.94,44.09,86.48,105.08,4092979,Weakest,Minimum,48.78%,0.51,28.78,35.11,43%
MITK,"Mitek Systems Inc","Computer - Optical",17.83,-3.98%,4,Buy,"72% Buy",+74.57,+78.66%,17,18.37,15.85,18.46,46.86,60.52,56.9,891869,Weakest,Good,44.05%,0.76,17.53,19.4,16%
LAR,"Lithium Argentina Ag","Mining - Misc",6.7,-1.33%,1,Sell,"72% Sell",+74.55,+103.03%,8.19,6.73,7.81,6.66,49.54,84.89,7.97,2821542,Strongest,Soft,62.22%,1.35,6.17,7.16,54%
JAZZ,"Jazz Pharma Plc","Medical - Biomedical",240.07,-2.73%,2,Sell,"40% Buy",+73.91,+84.88%,236.21,249.08,218.03,248.92,41.51,66.74,29.12,968348,Weakest,Average,16.40%,0.52,240.07,257.77,0%
SNX,"Synnex Corp","IT Services",258.6,-1.54%,5,Hold,"96% Buy",+73.36,+71.95%,250.56,252.72,222.82,255.21,53.4,53.81,60.04,772086,Weakening,Average,77.45%,1.04,245.35,265.08,67%
LGND,"Ligand Pharm","Medical - Biomedical",288.83,+1.13%,1,Sell,"56% Buy",+73.27,+74.14%,267.43,297.23,245.15,287.17,50.36,56,40.66,262647,Weakening,Good,58.28%,0.74,279.52,294.82,61%
GEO,"Geo Group Inc","Government Services",32.04,+0.85%,4,Hold,"96% Buy",+73.27,+54.78%,27.12,30.86,23.35,31.58,55.95,36.64,86.66,2080847,Strengthening,Strong,58.52%,0.61,30.1,33.06,66%
TEVA,"Teva Pharmaceutical Industries ADR","Medical - Generic Drugs",36.76,+1.10%,7,Buy,"88% Buy",+72.92,+90.47%,34.26,34.69,33.43,36.88,54.27,72.33,5.68,7310612,Strengthening,Average,33.08%,0.87,35.76,38.01,45%
INNV,"Innovage Holding Corp","Medical Services",10.52,-2.14%,3,Sell,"40% Buy",+71.63,+161.04%,9.64,11.21,9.21,10.78,41.73,142.9,90.6,281552,Weakest,Average,15.25%,1.98,10.35,11.21,20%
IMOS,"Chipmos Tech ADR","Semi-Eqpt Material Services",57.06,-0.95%,2,Sell,"40% Buy",+70.39,+218.77%,57.02,58.69,50.61,56.13,51.9,200.63,80.48,73431,Weakening,Weak,88.66%,0.73,52.65,59.61,63%
NEOG,"Neogen Corp","Medical Products",11.89,+0.46%,6,Buy,"100% Buy",+70.33,+109.98%,9.93,10.77,9.96,11.73,59.15,91.84,57.93,2816700,Strongest,Strong,51.99%,1.53,11.39,12.06,73%
PHVS,"Pharvaris N.V.","Medical - Biomedical",37.84,+7.35%,6,Buy,"100% Buy",+69.92,+73.34%,32.68,34.86,30.83,35.89,62.16,55.2,24.26,387285,Strongest,Maximum,36.58%,9.33,33.82,37.95,97%
PVLA,"Palvella Therapeutics Inc","Medical - Biomedical",152.28,-3.15%,4,Buy,"100% Buy",+69.44,+176.77%,133.89,148.46,127.09,151.51,52.53,158.63,33.39,271196,Weakening,Good,90.73%,0.77,143.11,159.92,55%
CHMG,"Chemung Financial Corp","Banks - Southeast",84.43,-0.48%,7,Buy,"100% Buy",+68.42,+58.64%,74.22,79.78,68.41,82.71,60.98,40.5,39.21,29022,Average,Maximum,90.52%,1.85,80.1,85.31,83%
PHOE,"Phoenix Asia Holdings Limited","Building - Heavy Construction",20.43,-2.80%,6,Sell,"40% Buy",+68.34,+167.58%,19.54,21.74,18.84,21.4,46.99,149.44,15.59,51507,Average,Soft,26.00%,0.09,19.06,23.73,29%
UVE,"Universal Insurance Holdings Inc","Insurance - Proprty & Casualty",43.9,-0.54%,5,Buy,"100% Buy",+68.23,+76.52%,40.34,42.45,38.03,43.2,55.28,58.38,17.78,197706,Weakening,Strong,68.47%,0.52,41.81,44.6,75%
FATE,"Fate Therapeutics","Medical - Biomedical",2.5,+0.81%,2,Sell,"40% Buy",+68.20,+158.80%,2.29,2.64,1.95,2.52,49.32,140.66,142.33,2358854,Average,Average,54.61%,0.8,2.31,2.73,46%
BRKR,"Bruker Corp","Industrial Scientific",58.37,-0.22%,5,Sell,"56% Buy",+67.21,+89.51%,53.3,58.69,48.12,58.06,50.89,71.37,11.8,2310312,Weakest,Good,45.29%,0.49,55.89,60.23,57%
NUTX,"Nutex Health Inc","Medical Services",190.66,-1.34%,4,Buy,"100% Buy",+67.20,+128.58%,152.53,175.48,135.74,187.93,56.26,110.44,3.72,176409,Average,Strong,67.51%,1.35,174.04,201.82,60%
CMTV,"Community Bancorp Inc VT","Banks - Northeast",40.81,+2.14%,4,Hold,"96% Buy",+66.70,+83.44%,39.6,40.12,37.71,40.77,51.53,65.3,51.88,26779,Average,Average,33.92%,2.35,39.53,42.01,52%
AMRX,"Amneal Pharmaceuticals Inc","Medical - Drugs",17.05,-2.24%,3,Sell,"56% Buy",+66.47,+75.23%,15.76,17.76,14.94,17.78,40.58,57.09,23.22,2076766,Weakest,Good,12.60%,1.12,17.05,18.5,0%
PCVX,"Vaxcyte Inc","Medical - Biomedical",60.36,-1.31%,7,Buy,"88% Buy",+65.78,+86.24%,55.6,58.26,56.26,60.7,52.83,68.1,18.72,1374082,Average,Average,43.57%,0.95,58.27,63.12,43%
KOP,"Koppers Holdings Inc","Chemical - Diversified",47.12,-1.38%,1,Sell,"56% Buy",+65.76,+64.35%,44.65,47.83,41.84,46.25,50.57,46.21,61.9,182351,Weakening,Average,89.95%,1,44.76,47.74,79%
AMN,"Amn Healthcare Services Inc","Business Services",33.73,-0.21%,1,Buy,"72% Buy",+65.43,+60.31%,30.39,33.8,26.66,34.13,48.8,42.17,101.92,1054391,Weakening,Strong,45.02%,0.68,32.75,35.51,35%
ESCA,"Escalade Inc","Leisure & Recreational Prdcts",20.63,-1.15%,1,Buy,"100% Buy",+65.37,+64.25%,19.27,19.95,18.21,20.45,53.38,46.11,40.83,34478,Strengthening,Strong,67.61%,0.84,19.77,21.14,63%
PROF,"Profound Medical Corp","Medical - Drugs",6.81,-1.16%,2,Sell,"24% Sell",+64.43,+65.69%,6.93,7.07,6.74,6.84,45.86,47.55,-25.57,147907,Weakest,Minimum,38.24%,0.68,6.55,7.12,45%
PNRG,"Primeenergy Corp","Oil - US Exploration & Product",215.52,-0.84%,4,Buy,"56% Buy",+64.34,+40.55%,202.48,193.67,203.6,209.54,63.63,22.41,13.94,65632,Weakening,Weak,72.85%,1.97,196.21,222.88,72%
TSM,"Taiwan Semiconductor ADR","Semi Fab Foundries",439,+2.35%,4,Buy,"100% Buy",+64.09,+77.60%,416.59,420.54,395.34,420.96,61.73,59.46,32.36,13131254,Strongest,Strong,93.04%,1.05,405.73,436.19,109%
IKT,"Inhibikase Therapeutics Inc","Medical - Drugs",2.43,-2.80%,4,Buy,"96% Buy",+63.79,+46.39%,2.03,2.28,1.95,2.43,53.07,28.25,6.44,1088750,Weakening,Maximum,60.78%,0.43,2.32,2.55,49%
CARE,"Carter Bankshares Inc","Banks - Northeast",31.36,-1.94%,3,Sell,"40% Buy",+62.29,+58.70%,30.06,32.72,27.29,31.64,44.82,40.56,47.41,266251,Weakest,Average,72.59%,0.5,30.57,32.7,37%
ASRV,"Ameriserv Financial","Banks - Northeast",4.65,-8.10%,3,Hold,"80% Buy",+62.10,+62.59%,4.15,4.48,4,4.95,45.99,44.45,33.67,15944,Weakening,Strong,49.93%,1.92,4.69,5.21,-8%
JRSH,"Jerash Holdings Inc","Textile - Apparel",5.36,-3.07%,4,Buy,"88% Buy",+61.44,+55.81%,4.29,4.99,3.89,5.47,52.3,37.67,63.64,304693,Weakening,Maximum,40.28%,1.63,5.26,5.69,23%
QUAD,"Quad Graphics Inc","Advertising Marketing Services",10.2,-4.67%,7,Buy,"100% Buy",+61.25,+52.24%,8.48,9.41,7.9,10.13,55.32,34.1,50.58,237649,Average,Maximum,63.99%,1.22,9.7,10.56,59%
ROMA,"Roma Green Finance Limited","Finance - Misc Services",8.99,+2.22%,2,Hold,"96% Buy",+61.23,+255.34%,7.95,8.9,6.58,8.95,51.05,237.2,419.85,222671,Strengthening,Strong,43.59%,0.81,8.52,9.37,55%
PGC,"Peapack Gladstone FI","Banks - Northeast",45.94,-0.95%,4,Hold,"64% Buy",+59.47,+58.14%,44.56,46.14,41.33,45.63,52.59,40,52.86,148407,Weakest,Average,79.10%,0.54,44.35,46.9,62%
SPB,"Spectrum Brands Holdings Inc","Consumer Prdts - Misc Discr",87.48,-1.15%,4,Sell,"56% Buy",+58.87,+57.56%,84.49,87.63,81.59,88.2,48.16,39.42,35.97,355828,Weakest,Average,53.21%,0.96,85.88,90.53,34%
AMCX,"AMC Global Media Inc","Media Conglomerates",12.08,-3.21%,7,Buy,"88% Buy",+58.74,+52.72%,10.16,11.23,9.28,12.33,51.07,34.58,14.79,507174,Weakening,Maximum,51.56%,1.17,11.7,12.96,30%
RZLT,"Rezolute Inc","Medical - Biomedical",4.4,-3.93%,4,Sell,"40% Buy",+58.63,-44.65%,4.26,4.8,3.89,4.71,39.7,-62.79,74.34,3524755,Weakest,Weak,9.09%,0.61,4.32,5.1,10%
ZURA,"Zura Bio Ltd","Medical - Biomedical",6.13,-1.61%,4,Buy,"88% Buy",+58.52,+177.38%,5.05,5.59,5.44,5.84,58.62,159.24,4.88,858867,Strongest,Average,48.30%,1.35,5.36,6.31,81%
WEYS,"Weyco Gp Inc","Shoes and Related Apparel",44.5,-1.92%,1,Buy,"88% Buy",+58.45,+45.95%,38.5,41.97,36.5,45.26,53.11,27.81,33.37,17142,Average,Maximum,61.64%,1.13,43.87,46.65,23%
TTRX,"Turn Therapeutics Inc","Medical - Biomedical",12.66,+29.18%,4,Buy,"100% Buy",+57.93,N/A,7.04,9.28,5.86,9.98,72.82,N/A,209.22,56891,"Top 1%","Top 1%",68.72%,3.5,8.65,11.31,151%
ANTX,"An2 Therapeutics Inc","Medical - Biomedical",5.98,+1.53%,3,Buy,"100% Buy",+57.89,+402.52%,4.91,5.32,4.16,5.82,58.78,384.38,412.46,584516,Average,Strong,65.00%,1.54,5.42,6.21,71%
CVLG,"Covenant Logistics Group Inc","Transportation - Truck",35.25,+0.57%,5,Sell,"24% Buy",+57.86,+47.74%,38.76,39.75,35.1,34.71,45.14,29.6,47.84,176363,Weakening,Minimum,66.11%,1.57,33.45,35.96,72%
PALI,"Palisade Bio Inc","Medical - Biomedical",2.2,+5.26%,5,Buy,"100% Buy",+57.82,+285.36%,2,2.03,1.94,2.07,58.89,267.22,-18.48,3836991,Strongest,Soft,72.11%,1.43,1.93,2.22,93%
BCAX,"Bicara Therapeutics Inc","Medical - Biomedical",23.71,+2.33%,1,Sell,"8% Buy",+57.54,+92.92%,24.26,26.37,22.25,24.09,44.29,74.78,28.78,609606,Weakest,Weak,18.91%,1.12,22.64,25.53,37%
GCBC,"Greene County Bncp","Finance - Savings & Loan",34.66,-2.78%,4,Buy,"88% Buy",+56.90,+45.02%,29.96,33.99,27.61,34.8,52.21,26.88,43.82,23011,Weakening,Strong,75.39%,0.89,34.04,35.56,41%
RRBI,"Red River Bancshares Inc","Banks - Southwest",102.86,-0.48%,6,Buy,"100% Buy",+56.50,+57.16%,95.38,99.52,93.58,101.77,58.52,39.02,31.9,64929,Average,Strong,75.36%,0.93,99.52,104.02,74%
BNY,"Bank of New York Mellon","Banks - Major Regional",162.85,-1.21%,6,Buy,"100% Buy",+56.49,+56.56%,148.1,157.77,138.67,162.09,55.72,38.42,28.18,3607909,Average,Maximum,80.86%,0.77,158.22,165.97,60%
RIG,"Transocean Inc","Oil & Gas - Drilling",5.76,-1.54%,8,Buy,"8% Sell",+56.08,+82.28%,5.84,5.43,5.99,5.83,51.15,64.14,27.37,38923883,Weakest,Minimum,35.61%,1.06,5.57,6.1,36%
ATLO,"Ames Natl Corp","Banks - Midwest",32.3,-0.43%,7,Buy,"100% Buy",+55.99,+59.35%,29.81,30.71,29.08,31.73,62.36,41.21,28.58,49593,Strengthening,Strong,92.57%,1.66,31.11,32.36,96%
STRZ,"Starz Entertainment Corp","Media Conglomerates",25.9,-3.68%,3,Buy,"56% Buy",+54.76,+101.87%,24.98,26.95,20.63,26.8,45.55,83.73,109.27,165579,Weakest,Average,26.57%,0.62,24.23,29.37,32%
PEB,"Pebblebrook Hotel Trust","REIT - Equity Trust Other",17.64,-2.16%,4,Sell,"40% Buy",+54.68,+52.60%,17.12,18.57,15.63,18.17,40.99,34.46,43.73,2321181,Weakest,Average,35.74%,1.4,17.65,18.7,-1%
PNTG,"The Pennant Group Inc","Medical - Outpatient & Hm Care",39.31,+3.45%,2,Sell,"56% Buy",+54.47,+60.38%,36.12,39.32,34.65,38.43,55.52,42.24,27.54,272720,Average,Good,53.41%,0.91,36.99,39.88,80%
SUN,"Sunoco LP","Oil Refining & Marketing MLP",76.92,+1.75%,6,Buy,"100% Buy",+53.80,+50.41%,70.19,73.67,67.86,75.55,56.46,32.27,34.67,467335,"Top 1%",Maximum,55.56%,1.05,73.53,77.57,84%
SMHI,"Seacor Marine Holdings Inc","Transportation - Ship",9.6,-1.64%,6,Buy,"88% Buy",+53.48,+47.47%,8.11,8.85,7.89,9.71,55.03,29.33,47.37,117621,Weakening,Maximum,58.10%,0.74,9.42,9.99,31%
ANGO,"Angiodynamics Inc","Medical Instruments",15.22,+0.13%,4,Hold,"80% Buy",+53.48,+39.63%,13.09,14.65,12.33,15.73,47.39,21.49,6.44,465193,Weakening,Strong,24.77%,0.95,15.28,16.19,-7%
ACA,"Arcosa Inc","Building & Construction - Misc",145.65,+0.14%,12,Buy,"100% Buy",+53.45,+50.12%,135.65,145.13,128.26,145.28,62.45,31.98,24.89,433668,Strengthening,Strong,76.35%,0.76,144.86,145.7,95%
SNEX,"Stonex Group Inc","Finance - Misc Services",69.07,-0.56%,5,Sell,"8% Buy",+53.28,+61.31%,75.02,72.38,68.06,67.99,48.2,43.17,51.26,1055798,Weakest,Minimum,73.73%,0.67,65.53,70.44,72%
CBNA,"Chain Bridge Bancorp Inc Cl A","Banks - Northeast",46.41,-2.44%,4,Buy,"88% Buy",+52.94,+49.18%,40.82,44.76,39.07,46.58,53.26,31.04,21.88,9598,Average,Maximum,84.22%,0.56,44.7,48.47,45%
BVN,"Compania Mina Buenaventura S.A. ADR","Mining - Silver",34.16,+0.77%,7,Buy,"8% Buy",+52.84,+70.63%,32.88,32.27,34.24,34.55,51.45,52.49,10.65,1438021,Weakest,Minimum,24.65%,1.03,32.8,36.31,39%
ASYS,"Amtech Systems Inc","Semi General",15.49,+3.61%,4,Sell,"24% Sell",+52.74,+95.33%,18.15,16.41,16.36,15.2,50.34,77.19,11.33,353913,Weakest,Weak,39.13%,0.39,13.59,16.82,59%
OBK,"Origin Bancorp Inc","Banks - Southeast",53.75,-1.34%,5,Buy,"100% Buy",+52.70,+37.82%,50.3,53.03,47.72,53.53,53.07,19.68,30.81,178484,Weakening,Strong,78.89%,0.89,52.24,54.81,59%
ALRS,"Alerus Financial Corp","Finance - Misc Services",33.23,-1.66%,3,Buy,"88% Buy",+52.50,+46.78%,30.27,32.65,28.34,33.24,52.63,28.64,35.46,163216,Weakening,Strong,83.07%,0.68,32.44,34.03,50%
NGNE,"Neurogene Inc","Medical - Biomedical",38.13,-1.22%,6,Hold,"96% Buy",+52.40,+96.04%,32.58,36.53,28.42,37.65,53.69,77.9,73,189751,Average,Strong,47.41%,0.93,34.86,40.44,59%
BWFG,"Bankwell Financial","Banks - Northeast",66.16,-1.83%,4,Buy,"88% Buy",+52.02,+50.84%,58.47,63.91,55.19,66.64,52.81,32.7,32.29,52356,Weakening,Strong,78.86%,1.76,64.82,68.46,37%
FISI,"Financial Institut","Banks - Northeast",41.16,-1.29%,4,Buy,"100% Buy",+51.91,+48.81%,38.15,40.51,36.26,41.14,52.52,30.67,19.95,146687,Average,Strong,86.52%,0.77,40.15,42.12,51%
CELC,"Celcuity Inc","Medical - Biomedical",93.02,-2.80%,6,Sell,"88% Sell",+51.16,+48.76%,104.82,94.28,106.89,92.22,50.34,30.62,-18.84,1048536,Strengthening,Average,71.00%,0.78,86.97,97.48,58%
AVBP,"Arrivent Biopharma Inc","Medical - Biomedical",30.28,-2.16%,4,Sell,"24% Buy",+51.08,+49.83%,30.63,31.26,28.29,30.23,48.57,31.69,38.4,496454,Weakening,Weak,72.05%,1.55,28.49,31.97,51%
TYRA,"Tyra Biosciences Inc","Medical - Biomedical",26.73,-6.70%,3,Hold,"64% Sell",+50.88,+120.36%,30.65,28.94,31.92,25.87,49.15,102.22,-10.43,831489,Average,Average,71.24%,1.89,24.09,27.65,74%
MD,"Pediatrix Medical Group Inc","Medical Services",26.94,-0.33%,5,Hold,"96% Buy",+50.67,+58.94%,24.61,26.33,23.26,26.59,56.12,40.8,13.85,827990,Strengthening,Good,86.85%,0.82,26.04,27.15,81%
AVAL,"Grupo Aval Acciones Y Valores S ADR","Finance - Investment Mgmt",5.33,-0.19%,6,Buy,"88% Buy",+50.30,+56.76%,4.96,5.17,4.74,5.37,52.2,38.62,19.5,187776,Average,Good,44.21%,1.19,5.18,5.57,39%
BOLD,"Boundless Bio Inc","Medical - Biomedical",2.86,-0.35%,4,Buy,"96% Buy",+50.27,+148.70%,2.12,2.67,1.8,2.86,58.01,130.56,126.23,527140,Weakest,Strong,21.09%,0.78,2.74,2.99,48%
AMG,"Affiliated Managers Group","Finance - Investment Mgmt",360.22,-2.70%,4,Hold,"64% Buy",+49.89,+55.81%,338.45,362.59,323.15,364.02,47.51,37.67,12.85,356156,Weakest,Good,62.05%,1.03,351.64,376.39,35%
HRTG,"Heritage Insurance Holdings","Insurance - Proprty & Casualty",34.44,+1.44%,7,Buy,"100% Buy",+49.73,+45.13%,27.59,30.59,27.22,33.86,60.8,26.99,5.6,359073,Strengthening,Maximum,52.53%,0.79,32.65,35.07,74%
CVEO,"Civeo Corp","Hotels & Motels",34.14,0.00%,8,Hold,"96% Buy",+49.57,+45.96%,33.07,33.18,31.36,33.63,56.16,27.82,37.18,88408,Strengthening,Average,64.13%,0.47,32.7,34.56,77%
ACNB,"Acnb Corp","Banks - Southwest",65.33,-0.94%,8,Buy,"100% Buy",+49.52,+44.60%,58.41,62.95,55.48,64.61,57.97,26.46,23.02,55102,Average,Maximum,63.95%,0.78,63.37,65.85,79%
AGCC,"Agencia Comercial Spirits Ltd Cl A","Beverages - Alcohol",13.67,-5.27%,2,Sell,"56% Sell",+48.90,N/A,16.04,14.91,15.37,14.56,35.03,N/A,27.96,107860,Strongest,Weak,13.26%,0.07,14,15.12,-29%
AMTB,"Mercantil Bank Holding Cl A","Banks - Southeast",29.21,-1.58%,5,Buy,"100% Buy",+48.86,+36.24%,25.52,27.88,24.4,28.94,57.16,18.1,37.62,296674,Average,Maximum,86.71%,1.05,28.27,29.61,70%
NRC,"Nrc Health","Business Information",21.19,-1.58%,3,Sell,"56% Buy",+48.20,+34.54%,19.99,21.26,18.51,21.47,50.06,16.4,0.79,109288,Weakening,Average,49.23%,1.33,20.29,22.65,38%
TRST,"Trustco Bank Corp NY","Banks - Northeast",57.45,-0.81%,10,Buy,"100% Buy",+48.20,+45.44%,53.19,56.19,50.32,57.02,55.07,27.3,26.9,119299,Average,Strong,86.09%,1.41,56.09,57.95,73%
EPC,"Edgewell Personal Care","Consumer Prdts - Misc Staple",27.71,-4.02%,4,Sell,"56% Buy",+48.17,+22.45%,24.5,27.97,23.37,28.47,46.31,4.31,50.42,760208,Weakest,Strong,52.62%,0.73,27.71,29.23,0%
SMC,"Summit Midstream Corporation","Oil Gas Prod Pipeline MLP",34.33,+0.38%,3,Buy,"88% Buy",+47.97,+52.37%,30.96,31.92,30.64,34.45,58.84,34.23,16.57,60203,Strengthening,Strong,62.23%,1.11,33.68,35.22,42%
KEX,"Kirby Corp","Transportation - Ship",138,-1.97%,10,Buy,"24% Buy",+47.16,+54.54%,141.44,138.93,137.75,139.21,47.04,36.4,13.15,661379,Weakest,Weak,53.92%,0.85,134.71,143.71,37%
LOCO,"El Pollo Loco","Retail - Restaurants",15.17,-1.30%,3,Sell,"40% Buy",+47.15,+44.34%,15.12,15.96,14.17,15.37,44.77,26.2,32.93,283384,Weakest,Soft,27.32%,0.87,14.8,15.94,33%
NE,"Noble Corp Plc","Oil & Gas - Drilling",45.89,+0.61%,7,Buy,"72% Buy",+47.10,+53.32%,45.29,42.65,45.53,45.78,54.21,35.18,50.4,1711394,Average,Weak,32.21%,1.1,43.91,47.66,53%
ATKR,"Atkore Inc","Wire & Cable Products",93.87,+0.12%,4,Buy,"100% Buy",+47.05,+60.41%,80.48,83.67,74.73,93.66,71.35,42.27,36.31,540147,Average,Maximum,72.19%,0.61,93.39,93.92,90%
BEN,"Franklin Resources","Finance - Investment Mgmt",34.65,-0.23%,8,Buy,"100% Buy",+46.93,+39.27%,32.3,33.75,30.07,34.12,56.23,21.13,32.94,4723871,Strengthening,Strong,73.32%,0.97,32.94,35.3,72%
SDRL,"Seadrill 2021 Ltd","Oil & Gas - Drilling",48.21,-1.77%,6,Buy,"72% Buy",+46.83,+47.57%,45.59,44.34,45.03,47.77,55.38,29.43,27.24,799525,Weakening,Average,56.14%,0.94,45.38,50.15,59%
IVZ,"Invesco Limited","Finance - Investment Mgmt",32.34,-2.21%,10,Buy,"88% Buy",+46.41,+47.00%,28.79,30.55,27.48,32.36,53.84,28.86,11.01,5315701,Average,Strong,66.19%,0.54,31.28,33.45,49%
RBKB,"Rhinebeck Bancorp Inc","Banks - Northeast",13.07,+1.95%,9,Buy,"100% Buy",+46.35,+37.79%,12.02,12.44,11.63,12.71,66.89,19.65,40.13,50970,Strongest,Strong,68.69%,1.38,12.46,12.96,122%
WKC,"World Kinect Corp","Oil - Refining and Marketing",35.38,-0.06%,2,Sell,"40% Buy",+46.33,+33.91%,32.38,36.26,29.75,35.88,44.19,15.77,38.9,955787,Weakest,Good,28.93%,0.56,34.72,37.03,29%
FBIZ,"First Business Finan","Banks - Midwest",72.24,-0.81%,6,Buy,"100% Buy",+45.65,+38.23%,63,68.21,60.56,70.66,62.3,20.09,20.94,41900,Strengthening,Maximum,92.01%,0.53,68.32,73.01,84%
OBT,"Orange County Bancor","Banks - Northeast",38.17,-1.42%,5,Buy,"88% Buy",+45.16,+43.71%,36.39,37.92,35.31,38.29,50.83,25.57,21.6,56688,Weakening,Good,76.08%,0.78,37.31,39.28,44%
WBI,"Waterbridge Infrastructure Llc Cl A","Real Estate Operations",32.75,+1.68%,5,Sell,"56% Buy",+44.89,N/A,31.32,33.05,29.3,31.98,53.21,N/A,51.57,842497,Weakening,Average,71.93%,0.7,31.13,32.83,95%
PLBC,"Plumas Bancorp","Banks - West",62.44,-1.27%,5,Buy,"100% Buy",+44.69,+38.20%,57.08,60.97,54.91,62.01,55.86,20.06,27.62,44765,Weakening,Maximum,87.49%,0.81,60.4,63.63,63%
LIVN,"Livanova Plc OR Sh","Medical Instruments",80.7,-1.49%,6,Hold,"80% Buy",+44.52,+38.37%,76.1,80.63,72.34,80.35,51.5,20.23,19.06,729184,Weakening,Strong,67.84%,0.74,77.8,82.9,57%
SNDR,"Schneider National Inc","Transportation - Services",34.64,-1.14%,3,Sell,"24% Buy",+44.29,+41.68%,34.67,35.9,32.15,35.03,46.68,23.54,18.47,970744,Weakest,Soft,57.85%,0.8,33.48,36.58,37%
SMBK,"Smartfinancial Inc","Banks - Northeast",51.25,-1.20%,5,Buy,"88% Buy",+44.08,+36.59%,46.35,50.16,44.29,51.35,52.62,18.45,26.45,90570,Weakening,Strong,66.22%,0.64,49.83,52.86,47%
XPRO,"Expro Group Holdings N.V.","Oil - Production & Pipeline",18.1,+0.78%,7,Buy,"88% Buy",+44.03,+47.03%,16.33,16.66,16.53,18.17,55.06,28.89,23.48,1106824,Strengthening,Good,46.58%,0.82,17.39,18.96,45%
SABS,"Sab Biotherapeutics Inc","Medical - Biomedical",3.63,-2.42%,4,Buy,"40% Sell",+43.98,+72.86%,3.71,3.73,3.79,3.75,44.01,54.72,-15.04,582620,Average,Minimum,23.08%,0.41,3.61,3.9,7%
PSMT,"Pricesmart Inc","Retail - Discount",172.97,-0.65%,4,Sell,"8% Buy",+43.96,+54.47%,175.6,183.38,167.52,174.51,43.84,36.33,28.9,242837,Weakest,Weak,50.17%,0.67,167.99,181.02,38%
COKE,"Coca-Cola Consolidated Inc","Beverages - Soft",188.28,-0.55%,8,Buy,"88% Buy",+43.33,+53.70%,185.44,187.29,187.01,191.17,47.22,35.56,10.72,520878,Weakening,Weak,28.22%,0.94,182.66,199.68,33%
CAC,"Camden Natl Corp","Banks - Northeast",57.3,-1.50%,5,Buy,"88% Buy",+43.27,+41.38%,53.17,56.32,51.44,57.35,52.56,23.24,19.99,97376,Weakening,Strong,78.00%,0.9,55.58,59.11,49%
BZH,"Beazer Homes USA","Building - Residential & Comm",33.25,-0.03%,2,Buy,"100% Buy",+43.21,+27.84%,28.16,32.34,26.37,33.18,59.79,9.7,51.94,554930,Average,Strong,69.14%,0.91,33.09,33.27,91%
PFIS,"Peoples Finl Svcs Company","Banks - Northeast",71.05,-1.09%,4,Buy,"100% Buy",+43.06,+34.97%,64.48,69.43,61.17,70.41,55.98,16.83,33.76,48167,Average,Maximum,89.74%,0.66,68.61,72.22,68%
CBC,"Central Bancompany Inc Cl A","Banks - Northeast",32.53,-0.34%,3,Sell,N/A,+43.04,N/A,29.85,32.13,28,32.45,52.52,N/A,22.77,N/A,N/A,N/A,78.53%,2.81,31.47,33.43,54%
WSBF,"Waterstone Financial","Finance - Savings & Loan",21.18,-1.56%,7,Buy,"100% Buy",+43.00,+43.20%,19.58,20.56,19.07,21.11,55.8,25.06,15.88,61741,Weakening,Maximum,82.39%,0.86,20.76,21.46,59%
ATLC,"Atlanticus Holdings Corp","Finance - Misc Services",93.81,+0.73%,1,Sell,"40% Buy",+42.90,+37.77%,91.47,98.71,79.44,95.02,46.46,19.63,28.02,105435,Weakest,Average,47.33%,0.97,88.54,101.5,41%
FMAO,"Farmers & Merch Banc","Banks - Northeast",34.85,-1.19%,5,Buy,"100% Buy",+42.84,+33.42%,30.28,32.84,28.98,34.46,58.83,15.28,28.88,59303,Average,Maximum,90.48%,0.42,33.22,35.69,66%
CLOV,"Clover Health Investments Corp","Medical Information Systems",4.29,+0.82%,1,Sell,"56% Buy",+42.43,+56.57%,4.05,4.49,3.36,4.27,49.03,38.43,70.45,5879507,Weakening,Average,69.15%,0.67,4.01,4.54,53%
FA,"First Advantage Corp","Internet - Software",20.63,-3.51%,1,Buy,"72% Buy",+42.23,+27.58%,17.86,20.76,15.61,20.91,48.8,9.44,29.88,1380430,Weakening,Strong,67.30%,0.68,19.93,21.9,36%
ALAB,"Astera Labs Inc","Internet - Software",288.85,-6.94%,2,Sell,"8% Buy",+42.19,+33.66%,305.59,328.39,247.17,297.02,46.27,15.52,61.53,5365912,Weakest,Weak,68.86%,1.3,266.04,328,37%
ASH,"Ashland Inc","Chemical - Specialty",72.62,-0.43%,2,Hold,"80% Buy",+42.02,+33.05%,64.51,70.69,62.07,73.71,49.55,14.91,11.68,824448,Weakening,Strong,36.39%,0.99,72.12,75.3,16%
HG,"Hamilton Insurance Group Ltd Cl B","Insurance - Multi Line",34.87,-2.05%,6,Buy,"72% Buy",+41.66,+45.23%,33.24,35.1,32.14,35.22,46.86,27.09,12.88,485707,Weakest,Strong,59.95%,0.64,34.51,35.92,25%
NSP,"Insperity Inc",Staffing,49.63,-4.48%,4,Hold,"64% Buy",+41.64,-6.71%,41.74,49.96,36.54,51.85,44.92,-24.85,16.08,920972,Weakest,Good,44.26%,0.61,49.72,53.99,-2%
ATAI,"Ataibeckley Inc","Medical - Biomedical",7.28,-1.49%,7,Buy,"88% Buy",+41.39,+61.06%,5.51,6.77,4.92,7.33,57.96,42.92,65.9,7756408,Weakening,Strong,55.19%,7.9,7.2,7.46,32%
WERN,"Werner Enterprise","Transportation - Truck",39.82,-0.55%,6,Sell,"40% Buy",+41.04,+39.18%,39.6,40.5,36.99,38.42,54.67,21.04,20.59,1103625,Weakening,Soft,92.48%,0.58,36.83,40.02,94%
FVCB,"Fvcbankcorp Inc","Banks - Southeast",18.39,-1.76%,5,Buy,"88% Buy",+40.93,+38.06%,17.09,18.19,16.5,18.5,50.48,19.92,20.11,111346,Weakening,Strong,70.56%,0.63,18.05,18.94,38%
SNOW,"Snowflake Cl A","Internet - Software",335.5,-0.50%,3,Buy,"100% Buy",+40.50,+48.11%,244.34,299.05,217.89,328.29,56.61,29.97,40.84,6641410,Average,Maximum,40.57%,1.02,307.98,348.59,68%
NTCT,"Netscout Systems","Computer - Networks",36.97,-0.66%,3,Sell,"8% Buy",+40.41,+49.09%,39.31,40.19,36.33,38.47,36,30.95,24.54,590044,Weakening,Minimum,17.32%,1.09,36.86,40.07,4%
DAN,"Dana Inc","Auto - Truck Original Parts",31.29,-2.34%,6,Buy,"8% Buy",+40.03,+50.72%,31.35,28.47,32.03,30.59,58.03,32.58,19.59,1549708,Weakest,Minimum,84.26%,0.79,29.24,31.95,76%
GM,"General Motors Company","Auto - Domestic",85.79,-2.24%,2,Buy,"88% Buy",+39.89,+47.41%,81.33,83.47,80.06,86.28,50.12,29.27,-6.6,7812250,Average,Average,73.11%,0.99,83.78,88.77,40%
AVBC,"Avidia Bancorp Inc","Banks - Northeast",21.93,-0.72%,8,Buy,"88% Buy",+39.86,+39.59%,20.66,21.45,20.2,22.01,51.95,21.45,18.36,96987,Weakening,Strong,49.64%,1.2,21.61,22.41,39%
OUT,"Outfront Media Inc","REIT - Equity Trust Other",28.81,-0.52%,1,Sell,"24% Sell",+39.62,+51.95%,31.46,31.41,30.02,29.84,32.49,33.81,7.44,1566083,Average,Weak,13.32%,1.06,28.9,30.79,-5%
BAP,"Credicorp Ltd","Banks - Foreign",377.24,-1.38%,1,Sell,"56% Buy",+39.36,+43.17%,362.22,384.95,355.13,376.26,48.53,25.03,19.34,418767,Weakest,Average,67.28%,1.99,364.6,387.93,54%
AGIO,"Agios Pharmaceuticals","Medical - Biomedical",33.55,+1.36%,6,Sell,"40% Buy",+39.26,-7.85%,32.44,35.56,31.51,33.69,48.03,-25.99,11.15,1260913,Average,Soft,21.43%,0.77,32.49,34.88,44%
PARK,"Park Dental Partners Inc","Medical Services",20.18,-1.22%,2,Buy,N/A,+39.11,N/A,19.33,20.41,18.79,21.22,46.01,N/A,24.62,N/A,N/A,N/A,28.41%,5.21,19.51,22.93,20%
DSP,"Viant Technology Inc","Technology Services",13.48,-1.32%,1,Buy,"100% Buy",+38.93,+30.75%,11.93,12.52,11.46,12.84,58.52,12.61,-0.14,242845,Strengthening,Strong,93.79%,0.9,12.02,13.65,89%
KINS,"Kingstone Cos Inc","Insurance - Proprty & Casualty",19.63,-1.65%,4,Hold,"48% Buy",+38.88,+46.93%,18.01,19.86,17.19,19.8,47.99,28.79,4.54,127093,Weakest,Good,44.64%,0.45,19.27,20.32,34%
SNDA,"Sonida Senior Living Inc","Medical Services",39.06,+3.63%,2,Hold,"64% Buy",+38.77,+50.29%,38.11,40,36.75,38.96,50.05,32.15,7.68,434932,Average,Average,26.03%,0.95,36.93,41,52%
TECH,"Bio-Techne Corp","Medical - Biomedical",72.31,-0.17%,3,Buy,"88% Buy",+38.71,+33.64%,62.45,71.87,60.43,72.33,61.46,15.5,10.86,3108991,Weakest,Strong,56.82%,0.52,72.13,72.52,46%
AGL,"Agilon Health Inc","Medical Services",91.37,+3.24%,1,Sell,"40% Buy",+38.29,+190.06%,87.31,101.44,62.83,91.76,46.91,171.92,418.58,344569,Weakening,Average,39.37%,0.47,84.05,99.47,48%
TEO,"Telecom Argentina Stet France Telecom ADR","Wireline Non-US",13.08,+0.38%,1,Sell,"32% Buy",+38.20,+82.94%,13.08,13.39,12.57,13.25,45.08,64.8,0.56,333806,Weakening,Weak,23.34%,2.22,12.89,13.6,26%
CZFS,"Citizens Fincl Svcs","Banks - Northeast",82.26,-0.80%,7,Buy,"100% Buy",+38.19,+31.26%,71.67,77.59,68.66,81.68,57.08,13.12,32.17,14285,Average,Maximum,68.91%,0.96,79.47,83.9,63%
MS,"Morgan Stanley","Finance - Investment Brokers",216.24,-0.68%,3,Sell,"72% Buy",+37.97,+45.33%,208.85,215.67,195.56,215.1,52.24,27.19,9.7,6106987,Weakest,Good,86.48%,0.71,209.7,220.5,61%
LITB,"Lightinthebox Holding Ltd ADR","Internet Services - Delivery",3.15,-2.17%,4,Sell,"72% Buy",+37.89,+59.09%,2.95,3.1,2.8,3.07,52.43,40.95,28.53,10931,Weakening,Average,74.31%,0.66,2.88,3.25,72%
WASH,"Washington TR Bncorp","Banks - Northeast",39.78,-1.19%,6,Buy,"100% Buy",+37.88,+32.29%,35.69,38.38,35.23,39.63,55.18,14.15,22.52,161231,Strengthening,Strong,78.74%,0.77,38.74,40.52,58%
VTVT,"Vtv Theraptcs Cl A","Medical - Biomedical",32.79,-1.68%,2,Sell,"88% Sell",+37.86,+74.79%,33.39,32.97,34.45,32.56,49.65,56.65,-30.1,49792,Strongest,Weak,59.62%,0.35,30.52,34.61,56%
CLST,"Catalyst Bancorp Inc","Banks - Southeast",18.15,+1.88%,5,Buy,"100% Buy",+37.83,+39.47%,16.51,17.02,16.43,17.43,67.5,21.33,3.11,4977,"Top 1%",Strong,22.94%,2.13,16.84,18.01,111%
PDLB,"Ponce Financial Group Inc","Finance - Misc Services",20.33,-1.88%,6,Buy,"88% Buy",+37.82,+37.27%,19.32,20.24,18.45,20.42,50.31,19.13,12.24,75272,Weakening,Strong,68.66%,0.86,19.95,20.89,40%
XPEL,"Xpel Technologies","Auto - Truck Original Parts",49.92,-2.97%,4,Buy,"72% Buy",+37.71,+29.73%,46.46,47.49,46,50.05,53.2,11.59,-12.08,250543,Weakening,Soft,78.34%,0.66,48.21,51.89,46%
USCB,"Uscb Financial Hldgs Inc","Banks - Southeast",23.13,-1.49%,6,Buy,"100% Buy",+37.68,+34.09%,20.27,21.68,19.88,22.57,63.69,15.95,13.47,53414,Strengthening,Maximum,75.31%,3.2,21.92,23.21,94%
LEE,"Lee Enterprises Inc","Publishing - Newspapers",7.68,-5.54%,3,Sell,"40% Sell",+37.53,+85.96%,8.66,8.18,8.48,8.16,41.04,67.82,48.23,65594,Strengthening,Minimum,35.45%,0.63,7.75,8.57,-9%
RAMP,"Liveramp Holdings Inc","Technology Services",37.74,-0.03%,4,Hold,"64% Buy",+37.08,+36.99%,35.87,37.75,32.69,37.72,51.61,18.85,16.4,1021099,Weakest,Good,74.31%,1.45,37.52,37.93,54%
FNWB,"First Nw Banc","Banks - West",10.88,-1.09%,3,Sell,"40% Buy",+36.88,+54.11%,10.68,11.35,10.28,11.18,38.11,35.97,3.89,34785,Weakest,Soft,11.32%,0.61,10.86,11.5,3%
SOBO,"South Bow Corp","Oil - Production & Pipeline",37.79,+2.00%,8,Buy,"100% Buy",+36.85,+35.59%,36.25,36.9,34.93,37.29,55.49,17.45,25.47,890026,Strongest,Good,34.49%,1.6,36.25,38.34,74%
MSM,"Msc Industrial Direct Company","Industrial Services",120.38,-0.85%,3,Sell,"56% Buy",+36.72,+29.58%,115.19,122.1,107.53,120.19,49.65,11.44,31.04,692328,Weakening,Good,60.98%,0.8,115.97,124.4,52%
FNRN,"First Northern Community Bancorp","Banks - West",17.22,-0.75%,4,Sell,"8% Buy",+36.69,+42.67%,17.46,17.74,16.5,17.27,46.8,24.53,16.79,77287,Weakest,Weak,53.01%,0.61,16.71,17.83,45%
HTLD,"Heartland Express","Transportation - Truck",12.32,-0.96%,3,Sell,"24% Sell",+36.43,+42.76%,13.73,13.45,12.72,12.41,44.48,24.62,24.33,590148,Weakening,Minimum,52.85%,0.54,11.85,12.97,42%
NRGV,"Energy Vault Holdings","Other Alt Energy",4.32,+12.50%,4,Buy,"24% Buy",+36.32,+123.83%,4.12,3.52,3.89,3.73,62.92,105.69,-18.39,4388886,Weakening,Minimum,82.20%,1.45,3.3,4.15,120%
BPRN,"Princeton Bancorp Inc","Banks - Northeast",42.87,-1.52%,6,Buy,"100% Buy",+36.23,+29.75%,38.32,40.86,37.11,42.72,58.31,11.61,11.48,15142,Average,Maximum,68.62%,0.96,41.75,43.68,58%
RBCAA,"Republic Bancorp Inc","Banks - Southeast",96.41,-0.40%,3,Hold,"96% Buy",+36.09,+25.11%,87.21,94.45,81.78,95.65,54.4,6.97,27.64,74183,Average,Strong,79.25%,1.4,92.49,98.8,62%
ODC,"Oil-Dri Corp of America","Chemical - Diversified",85.98,-2.18%,3,Sell,"24% Buy",+35.90,+31.73%,88.33,95.57,80.64,90.24,34.34,13.59,63.58,89470,Weakest,Weak,5.83%,0.96,86.58,93.9,-8%
CCNE,"Cnb Financial Corp","Banks - Northeast",34.45,-1.32%,6,Hold,"80% Buy",+35.44,+31.49%,32.72,34.31,31.45,34.26,52.5,13.35,19.54,154664,Weakening,Strong,72.01%,0.75,33.32,35.2,60%
OKE,"Oneok Inc","Oil Gas Prod Pipeline MLP",97.51,+2.18%,8,Buy,"100% Buy",+35.39,+36.65%,90.1,91.85,88.81,94.67,63.56,18.51,20.57,4260107,"Top 1%",Strong,57.28%,0.83,91.36,97.98,93%
LXP,"Lxp Industrial Trust","REIT - Equity Trust Resident",60.77,-0.02%,8,Buy,"88% Buy",+35.37,+33.41%,55.64,59.32,53.23,60.8,60.41,15.27,10.47,617270,Weakening,Strong,33.89%,1.62,60.49,61.1,46%
DCOM,"Dime Commercial Bancshares Inc","Banks - Southeast",40.74,-1.24%,4,Buy,"100% Buy",+35.33,+31.42%,38.91,40.42,37.24,40.56,52.67,13.28,23.29,296409,Average,Strong,80.93%,0.7,39.74,41.37,61%
FCBC,"First Community Bksh","Banks - Southeast",48.16,-1.89%,5,Hold,"80% Buy",+35.11,+27.31%,45.12,47.27,43.64,48.94,47.92,9.17,30.68,77032,Weakest,Strong,50.36%,1.62,48.16,49.73,0%
JILL,"J. Jill Inc","Retail - Apparel & Shoes",19.84,-0.70%,9,Buy,"100% Buy",+35.11,+9.31%,15.62,18.07,15.5,19.58,59.95,-8.83,32.51,80984,Strongest,Maximum,61.42%,1.13,18.52,20.65,62%
ALTO,"Alto Ingredients Inc","Consumer Prdts - Misc Discr",4.11,+1.61%,1,Sell,"24% Sell",+35.09,+260.09%,4.96,4.75,4.54,4.13,43.47,241.95,30.43,1891662,Weakest,Weak,39.39%,0.3,3.93,4.32,45%
ENTA,"Enanta Pharmaceutica","Medical - Biomedical",13.5,-4.12%,4,Buy,"8% Buy",+34.96,+51.52%,13.45,13.57,13.49,13.61,48.77,33.38,-26.49,223758,Weakening,Minimum,47.99%,0.78,12.87,14.34,43%
TRV,"The Travelers Companies","Insurance - Proprty & Casualty",365.66,-1.00%,1,Hold,"80% Buy",+34.96,+33.22%,333.46,363.91,322.15,368.24,48.28,15.08,13.96,1644547,Weakening,Strong,52.23%,0.7,361.25,375.24,32%
IBRX,"Immunitybio Inc","Medical - Biomedical",8.29,+2.60%,6,Buy,"100% Buy",+34.92,+243.98%,7.73,7.88,7.79,7.94,57.59,225.84,306.59,20354131,Strongest,Average,53.08%,0.85,7.44,8.43,86%
WAT,"Waters Corp","Medical Instruments",402.91,-1.58%,6,Buy,"88% Buy",+34.76,+30.24%,368.66,392.28,351.28,411.54,48.72,12.1,-6.02,921470,Weakening,Strong,37.14%,0.53,401.85,421.24,5%
KYTX,"Kyverna Therapeutics Inc","Medical - Biomedical",8.07,-2.18%,5,Buy,"56% Sell",+34.74,+106.92%,8.5,8.18,8.44,8.4,46.82,88.78,-26.25,1089661,Average,Weak,38.31%,0.65,7.85,8.95,20%
IMTX,"Immatics NV","Medical - Biomedical",9.44,-1.26%,4,Sell,"64% Sell",+34.69,+62.48%,10.01,9.41,10,9.33,51.44,44.34,-22.2,484382,Strengthening,Weak,75.17%,1.4,8.73,9.94,59%
ITRN,"Ituran Location","Protection - Safety",51.79,+0.10%,2,Sell,"40% Sell",+34.67,+50.33%,57.53,54.35,54.81,51.78,44.5,32.19,8.31,129014,Weakest,Weak,64.51%,0.56,49.73,53.84,50%
INGM,"Ingram Micro Holding Corp","Technology Services",28.38,-1.60%,5,Hold,"16% Buy",+34.63,+38.98%,28.41,28.4,26.59,28.17,50.18,20.84,20.89,1054629,Weakest,Soft,67.26%,1.24,26.93,29.41,59%
PEBK,"Peoples Bancorp NC","Banks - Southeast",43.26,-1.99%,5,Buy,"72% Buy",+34.61,+36.94%,42.43,43.33,41.24,44.01,47.01,18.8,7.4,28103,Weakest,Average,38.10%,0.64,42.88,45.15,17%
SLAB,"Silicon Labs Inc","Semi Analog & Mixed",220,-0.26%,7,Buy,"100% Buy",+34.60,+63.25%,217.86,218.36,213.49,219.01,59.89,45.11,56.22,482210,Weakening,Average,56.90%,0.65,217.45,220.57,82%
BSRR,"Sierra Bancorp","Banks - West",40.69,-0.94%,4,Hold,"64% Buy",+34.60,+33.89%,39.4,40.74,38.01,40.21,54.29,15.75,12.41,60005,Weakest,Average,81.11%,1.4,39.05,41.37,71%
FBLA,"Fb Bancorp Inc","Banks - Southeast",15.96,-0.19%,7,Buy,"100% Buy",+34.29,+33.44%,14.84,15.51,14.38,15.74,61.29,15.3,12.1,113952,Strengthening,Maximum,92.31%,0.99,15.49,15.99,95%
FRAF,"Franklin Finl Svcs Corp","Banks - Northeast",63.12,-1.77%,5,Hold,"80% Buy",+34.29,+32.47%,60.47,62.79,57.33,62.78,52.91,14.33,13.64,41133,Weakest,Strong,85.89%,0.9,60.92,64.64,59%
FVR,"Frontview REIT Inc","REIT - Equity Trust Other",18.94,-0.73%,4,Sell,"24% Buy",+34.12,+41.34%,19.28,20.29,18.25,19.56,34.73,23.2,16.22,161102,Weakening,Weak,10.10%,0.41,18.93,20.19,1%
AIZ,"Assurant Inc","Insurance - Multi Line",281.01,-1.66%,3,Buy,"88% Buy",+33.71,+32.71%,264.08,281,250.3,283.25,47.63,14.57,4.57,381995,Weakening,Strong,65.84%,0.77,277.64,288.87,30%
RLMD,"Relmada Therapeutics Inc","Medical - Drugs",4.25,-4.06%,2,Sell,"88% Sell",+33.60,+165.63%,6.11,5.25,5.91,4.57,32.46,147.49,-24.11,1428179,Strongest,Average,18.61%,1.22,4.23,4.92,3%
RES,"RPC Inc","Oil - Field Services",6.52,+0.31%,8,Buy,"32% Buy",+33.57,+38.43%,6.52,5.98,6.47,6.38,60.39,20.29,7.75,1980028,Average,Minimum,77.40%,1.11,6.12,6.64,76%
SVRA,"Savara Inc","Medical - Drugs",5.53,+2.98%,2,Sell,"8% Buy",+33.46,+43.64%,5.45,5.64,5.47,5.47,51.35,25.5,-20.39,1908906,Weakest,Minimum,41.83%,1.02,5.22,5.71,63%
LXFR,"Luxfer Holdings Plc","Machinery - General Industrial",17.3,+0.52%,10,Buy,"100% Buy",+33.27,+27.11%,16.6,17.12,15.51,17.15,60.8,8.97,15.76,201785,Strengthening,Good,86.96%,0.9,17.04,17.26,118%
SXT,"Sensient Technologies Corp","Chemical - Specialty",133.93,-0.67%,9,Buy,"88% Buy",+33.13,+18.30%,120.28,125.98,110.99,134.02,55.79,0.16,30.45,387818,Weakening,Strong,49.48%,0.49,129.69,138.35,49%
HTO,"H2O America","Waste Removal Svcs",64.81,+0.76%,10,Buy,"100% Buy",+33.11,+30.17%,60.34,62.97,59.01,63.64,59.82,12.03,20.19,479754,Strongest,Strong,76.91%,0.77,62.39,64.89,97%
NWL,"Newell Rubbermaid Inc","Consumer Prdts - Misc Staple",6.34,+3.76%,4,Buy,"100% Buy",+32.98,+0.16%,4.99,5.73,4.7,6.07,60.05,-17.98,58.33,7971525,Strongest,Maximum,70.24%,1.11,5.8,6.34,99%
RMCO,"Royalty Management Holding Corp","Finance - Investment Mgmt",2.86,+0.70%,3,Buy,"24% Sell",+32.90,+51.32%,2.62,2.61,2.94,2.92,53.68,33.18,-19.54,33178,Weakest,Minimum,31.79%,0.1,2.67,3.17,38%
VMET,"Versamet Royalties Corp","Mining - Misc",10.02,-1.28%,5,Buy,"40% Sell",+32.90,+74.26%,11.04,10,10.81,10.28,47.23,56.12,1.63,164979,Average,Soft,23.42%,0.92,9.76,10.8,25%
AROW,"Arrow Financial Corp","Banks - Northeast",39.09,-1.21%,5,Sell,"56% Buy",+32.83,+33.05%,38.53,39.8,37.07,38.62,51.45,14.91,12.39,87744,Weakest,Average,83.18%,0.76,37.48,39.75,71%
IRON,"Disc Medicine Inc","Medical - Biomedical",76.84,-3.02%,5,Sell,"40% Buy",+32.81,+24.12%,73.3,77.77,70.72,80.06,42.82,5.98,-15.34,579776,Weakest,Weak,37.36%,0.98,77.25,82.87,-7%
INTG,"Intergroup Corp","Real Estate Developers",36.33,+0.44%,5,Sell,"24% Buy",+32.75,+97.88%,37,36.12,35.84,34.65,58.31,79.74,15.87,49674,Weakening,Minimum,89.31%,0.84,32.23,37.07,85%
FNLC,"First Bancorp Inc","Banks - Northeast",34.58,-1.59%,3,Sell,"56% Buy",+32.69,+26.97%,32.18,34.76,30.91,34.9,48.48,8.83,18.69,24268,Weakest,Strong,52.25%,0.59,33.93,35.87,33%
FENC,"Fennec Pharmaceuticals Inc","Medical - Biomedical",12.45,+0.48%,3,Buy,"100% Buy",+32.50,+38.03%,9.74,11.04,8.98,12,60.09,19.89,49.59,208436,Strengthening,Maximum,80.10%,1.23,11.2,12.8,78%
FUSB,"First US Bancshares Inc","Banks - Southeast",16.47,-0.06%,2,Sell,"56% Buy",+32.40,+36.91%,16.3,16.54,15.94,16.46,49.83,18.77,5.8,9798,Weakest,Soft,57.50%,0.11,16.27,16.65,52%
PAG,"Penske Automotive Group","Retail - Wsale Auto & Trucks",216.86,-1.32%,8,Hold,"80% Buy",+32.23,+15.50%,189.16,208.79,178.05,217.82,53.84,-2.64,24.9,311487,Average,Strong,60.46%,1.18,215.52,220.12,29%
WSBK,"Winchester Bancorp Inc","Banks - Northeast",12.99,+0.04%,3,Sell,"48% Buy",+32.19,+36.50%,12.93,13.03,12.86,13,49.51,18.36,12.25,9424,Weakest,Weak,27.42%,1.44,12.96,13.03,48%
WES,"Western Midstream Partners LP","Oil Refining & Marketing MLP",49.43,-0.22%,6,Buy,"100% Buy",+32.03,+30.28%,45.24,47.01,43.99,48.66,61.26,12.14,13.04,1234661,Strongest,Maximum,77.83%,0.9,47.58,49.74,86%
ISTR,"Investar Holding","Banks - Southeast",30.64,-1.48%,4,Buy,"100% Buy",+32.00,+33.33%,29.31,30.03,28.94,30.44,54.65,15.19,2.57,133434,Strengthening,Average,83.86%,0.29,29.69,31.18,64%
POWW,"Outdoor Holding Company","Aerospace - Defense Equipment",2.11,-2.76%,1,Hold,"32% Buy",+32.00,+46.53%,2.15,2.25,2.1,2.21,41.38,28.39,11.29,595232,Weakest,Weak,18.81%,0.87,2.11,2.32,2%
CZNC,"Citizens Nrthn Corp","Banks - Northeast",25.81,-1.15%,4,Buy,"100% Buy",+31.94,+27.46%,23.26,24.72,23.1,25.76,57.71,9.32,15.86,56675,Average,Maximum,80.80%,0.76,25.26,26.25,56%
AFRI,"Forafric Global Plc","Agriculture Operations",11.19,+1.45%,2,Buy,"100% Buy",+31.78,+35.47%,10.32,10.64,10.12,10.85,57.87,17.33,-10.65,16704,Strongest,Average,40.88%,0.52,10.39,11.32,86%
MYFW,"First Western Financial Inc","Banks - Midwest",30.92,-1.40%,7,Sell,"40% Buy",+31.64,+32.53%,30.35,31.9,28.63,31.18,46.05,14.39,3.23,40221,Weakest,Average,47.68%,0.69,30.36,31.99,34%
LARK,"Landmark Bancorp Inc","Finance - Savings & Loan",32.48,+0.71%,5,Buy,"100% Buy",+31.59,+26.08%,29.84,31.51,28.72,32.04,61.57,7.94,11.92,9130,Strengthening,Maximum,94.84%,0.67,31.55,32.54,94%
GS,"Goldman Sachs Group","Finance - Investment Brokers",1036.53,-0.20%,4,Sell,"56% Buy",+31.31,+39.72%,1017.46,1044.04,968.36,1033.24,50.4,21.58,5.82,2178271,Weakest,Average,61.53%,0.66,1003.79,1062.69,56%
PCB,"Pcb Bancorp","Banks - Southwest",27.77,-1.31%,7,Sell,"40% Buy",+31.24,+27.62%,26.64,28.31,25.34,27.85,48.6,9.48,16.17,29457,Weakest,Average,53.97%,0.9,27.08,28.61,45%
NWFL,"Norwood Financial Corp","Banks - Northeast",34.4,-0.89%,6,Buy,"100% Buy",+31.22,+28.74%,31.79,33.14,31.2,34.18,57.25,10.6,10.54,31652,Average,Maximum,61.78%,0.82,33.51,34.85,66%
BOW,"Bowhead Specialty Holdings Inc","Insurance - Proprty & Casualty",33.64,-0.03%,6,Buy,"100% Buy",+31.16,+9.11%,29.32,32.31,27.46,33.57,61.37,-9.03,5.77,235415,Average,Maximum,43.09%,1.13,33.42,33.73,71%
GSBC,"Great Southern Bncp","Finance - Savings & Loan",79.49,-0.93%,4,Sell,"88% Buy",+31.10,+24.51%,75.14,79.29,71.21,79.47,51.39,6.37,17.03,84324,Weakest,Strong,79.23%,1,77.45,81.49,51%
HURC,"Hurco Cos Inc","Machinery - Tools & Related",22.39,-2.61%,7,Hold,"88% Buy",+31.07,+26.86%,20.19,22.11,18.87,22.39,51.79,8.72,32.82,28898,Weakening,Strong,54.05%,0.97,21.25,23.53,50%
TFSL,"Tfs Financial Corp","Finance - Savings & Loan",17.39,-1.02%,8,Sell,"40% Buy",+31.07,+27.03%,16.77,17.81,15.93,17.55,43.68,8.89,17.87,812201,Weakest,Average,35.75%,1.11,17.21,17.89,27%
ACT,"Enact Holdings Inc","Insurance - Multi Line",49.3,+0.06%,6,Buy,"88% Buy",+31.04,+27.03%,45.22,47.62,44.04,49.31,57.09,8.89,12.27,318729,Average,Maximum,47.47%,0.86,48.37,50.24,50%
FXNC,"First Natl Corp Strasburg VA","Banks - Northeast",30.72,-2.78%,4,Buy,"88% Buy",+31.02,+31.00%,29.48,30.64,28.72,31.23,47.41,12.86,9.61,56941,Weakest,Strong,47.66%,0.52,30.13,32.32,27%
TSBK,"Timberland Bancorp","Finance - Savings & Loan",46.08,-0.80%,7,Buy,"100% Buy",+30.83,+31.96%,43.1,45,41.83,46.07,53.95,13.82,16.62,29889,Average,Maximum,35.99%,1.05,45.29,46.84,51%
SAIC,"Science Applications International","IT Services",127.55,+0.63%,6,Buy,"100% Buy",+30.79,+24.32%,111.02,120.44,105.27,126.9,57.76,6.18,14.61,593677,Strongest,Maximum,21.63%,0.79,124.74,129.06,65%
MBWM,"Mercantile Bank Corp","Banks - Midwest",60.71,-2.30%,5,Buy,"100% Buy",+30.76,+25.02%,56.02,59.47,54.69,60.55,53.02,6.88,14.12,114228,Weakening,Maximum,82.85%,0.79,58.92,62.19,55%
CQP,"Cheniere Energy Partners LP","Other Alt Energy",68.09,-0.93%,9,Buy,"88% Buy",+30.72,+27.27%,64.25,65.81,63.66,68.59,51.17,9.13,15.22,115114,Weakening,Good,34.06%,1.71,66.51,70.67,38%
HSIC,"Henry Schein Inc","Medical - Dental Suppliers",88.86,-1.06%,5,Buy,"88% Buy",+30.69,+31.18%,81.94,87.51,80.24,89.62,50.4,13.04,5.47,1317153,Weakening,Strong,45.36%,0.59,88.23,91.01,23%
ACTG,"Acacia Res-Acacia","Business Services",4.56,+0.44%,1,Sell,Hold,+30.68,+34.91%,4.66,4.55,4.62,4.55,50.44,16.77,9.83,256306,Bearish,,46.48%,0.7,4.42,4.69,53%
LILA,"Liberty Latin America Cl A","Wireless National",8.69,+2.00%,2,Buy,"88% Buy",+30.55,+10.98%,7.88,8.1,7.93,8.54,56.87,-7.16,5.49,466376,Strengthening,Average,75.40%,0.84,8.24,8.84,76%
TLYS,"Tilly's Inc","Retail - Apparel & Shoes",4.17,-5.23%,2,Buy,"40% Buy",+30.44,+109.55%,4.25,4,3.73,3.95,54.4,91.41,97.45,691267,Weakest,Weak,26.53%,1.93,3.55,4.35,78%
NTLA,"Intellia Thera CS","Medical - Biomedical",12.74,0.00%,4,Buy,"8% Sell",+30.23,+7.60%,13.38,12.84,13.3,12.58,52.15,-10.54,29.61,4954756,Weakest,Minimum,51.99%,1.09,11.58,13.59,58%
SEZL,"Sezzle Inc","Financial Transaction Services",118.35,-1.85%,5,Sell,"8% Buy",+30.14,+34.49%,129.84,149.05,108.88,122.07,40.63,16.35,74.35,752915,Weakening,Weak,38.11%,0.53,113.82,130.31,27%
OIS,"Oil States International","Oil Field Machinery & Equip",8.7,-0.68%,5,Buy,"56% Sell",+30.03,+57.61%,8.81,8.45,9.69,8.74,51.6,39.47,16.41,858109,Average,Weak,58.75%,0.62,8.31,9.18,45%
CTW,"Ctw Cl A",Gaming,2.41,+0.42%,4,Sell,"32% Buy",+30.03,+22.96%,2.53,2.53,2.3,2.62,41.74,4.82,27.21,36825,Weakening,Weak,13.04%,1.06,2.34,2.91,12%
AA,"Alcoa Corp","Metal Products - Distribution",51.74,+3.54%,3,Buy,"40% Sell",+29.93,+61.49%,57.6,48.69,59.53,50.85,54.45,43.35,-14.73,6050477,Weakest,Soft,39.50%,0.65,48.74,52.97,71%
LILAK,"Liberty Latin America Cl C","Wireless National",8.67,+2.60%,6,Buy,"88% Buy",+29.93,+8.65%,7.9,8.02,7.98,8.46,58.79,-9.49,4.12,1098067,Strengthening,Average,74.81%,0.81,8.2,8.72,91%
GOOGL,"Alphabet Cl A","Internet - Services",338.36,-0.03%,1,Hold,"16% Sell",+29.63,+44.57%,358.93,348.59,341.88,342.65,44.75,26.43,-4.,32412768,Weakening,Minimum,29.85%,0.84,335.62,349.68,19%
CURB,"Curbline Properties Corp","REIT - Equity Trust Retail",29.68,+0.71%,4,Sell,"40% Buy",+29.54,+31.44%,29.54,30.3,28.56,29.8,45.8,13.3,15.78,996932,Weakening,Average,49.74%,1.11,29.27,30.34,39%
ALL,"Allstate Corp","Insurance - Proprty & Casualty",253.46,-2.35%,1,Hold,"64% Buy",+29.37,+26.53%,237.29,256.99,227.67,258.81,44.9,8.39,9.67,1652707,Weakest,Strong,34.22%,1.01,253.4,264.23,1%
IFS,"Intercorp Financial Services Inc","Finance - Misc Services",54.8,-1.69%,1,Sell,"40% Buy",+29.35,+34.71%,53.19,57.27,51.68,54.91,43.69,16.57,17.27,264718,Weakest,Average,69.47%,1.12,53.36,56.47,46%
JAKK,"Jakks Pacific Inc","Toys & Game & Hobby",24.44,-0.57%,4,Sell,"56% Buy",+29.33,+38.78%,23.48,24.71,22.36,25.22,42.9,20.64,32.69,92564,Weakest,Good,31.96%,0.55,24.21,26.23,11%
ELV,"Elevance Health Inc","Medical Services",401.94,-1.36%,6,Buy,"100% Buy",+29.06,+30.43%,389.39,396.42,363.02,399.75,52.41,12.29,2.56,1637602,Weakening,Good,57.59%,0.95,388.49,411.02,60%
CACC,"Credit Acceptance","Finance - Consumer Loans",593.78,-1.81%,8,Sell,"56% Buy",+28.66,+15.71%,573.57,600.88,540.26,591.57,50.04,-2.43,21.8,162605,Weakest,Average,59.02%,1.25,568.53,614.61,55%
BHB,"Bar Harbor Bankshares","Banks - Northeast",40.05,-0.84%,5,Buy,"100% Buy",+28.60,+24.69%,37.17,39.11,35.88,39.82,55.51,6.55,16.89,107399,Average,Maximum,72.03%,0.63,38.76,40.87,61%
BVFL,"Bv Financial Inc MD","Banks - Northeast",21.43,-0.70%,4,Hold,"96% Buy",+28.27,+28.09%,20.62,21.27,20.18,21.39,51.66,9.95,6.04,17601,Weakening,Good,68.72%,2.19,20.9,21.87,54%
BCAL,"California Bancorp","Banks - Southwest",21.73,-0.78%,4,Buy,"100% Buy",+28.18,+26.34%,20.19,21.24,19.53,21.47,57.77,8.2,4.29,211305,Strengthening,Strong,89.94%,1.02,21.01,21.93,78%
HPK,"Highpeak Energy Inc","Oil - US Exploration & Product",8.15,+1.24%,2,Buy,"100% Buy",+28.07,+11.04%,7.23,7.46,6.77,7.99,55.96,-7.1,59.84,794295,Strengthening,Good,48.43%,0.52,7.38,8.59,64%
MIRM,"Mirum Pharmaceuticals Inc","Medical - Biomedical",99.53,-1.36%,5,Sell,"8% Buy",+28.07,+28.61%,104.51,108.58,101.57,99.04,45.49,10.47,13.9,833692,Weakening,Minimum,56.35%,0.98,95.98,102.09,58%
GOOG,"Alphabet Cl C","Internet - Services",335.38,+0.02%,1,Hold,"16% Sell",+28.06,+43.23%,356.59,346.54,340.09,339.79,44.04,25.09,-5.22,21394084,Weakest,Minimum,32.16%,0.78,332.46,347.12,20%
MVBF,"Mvb Financial Corp","Banks - Northeast",30.59,-2.05%,5,Buy,"100% Buy",+28.00,+27.35%,28.25,29.88,27.66,30.48,53.74,9.21,6.33,50070,Strengthening,Strong,83.76%,1.07,29.83,31.13,58%
HBNB,"Hotel101 Global Holdings Corp. Cl A","Hotels & Motels",5.21,-0.19%,3,Hold,"80% Sell",+27.86,+79.66%,5.89,5.43,6.66,5.45,42.55,61.52,-42.35,14849,Strengthening,Average,19.81%,0.48,5.2,5.7,2%
GWW,"W.W. Grainger","Industrial Services",1289.17,-2.67%,8,Sell,"24% Buy",+27.79,+29.20%,1291.94,1338.15,1234.73,1310.93,43.29,11.06,15.66,281882,Weakest,Soft,58.94%,1.33,1287.16,1334.69,4%
ECBK,"ECB Bancorp Inc","Banks - Northeast",20.41,-1.66%,7,Hold,"64% Buy",+27.40,+21.06%,19.5,20.44,18.79,20.73,46.69,2.92,5.27,11257,Weakening,Strong,22.76%,0.89,20.2,21.26,20%
VG,"Venture Global Inc Cl A","Oil - US Exploration & Product",14.73,+2.15%,6,Buy,"100% Buy",+27.25,+8.63%,12.94,13.42,12.75,14.21,56.86,-9.51,103.88,17503332,Strongest,Average,56.59%,1.08,13.33,15.1,79%
OFG,"OFG Bancorp","Banks - Northeast",52.55,-1.26%,6,Buy,"88% Buy",+27.12,+18.49%,48.76,51.76,46.14,52.59,52.5,0.35,16.13,315251,Weakening,Strong,68.69%,0.72,51.37,53.8,48%
XERS,"Xeris Pharmaceuticals Inc","Medical - Drugs",8.48,-0.59%,6,Buy,"88% Buy",+26.75,+9.14%,7.41,8.41,6.99,8.58,50.92,-9.,-4.07,1870234,Average,Strong,33.68%,0.77,8.31,8.85,32%
HNVR,"Hanover Bancorp Inc","Banks - Northeast",27.13,-0.80%,3,Buy,"88% Buy",+26.64,+18.47%,24.5,25.86,23.59,27.14,55.84,0.33,5.3,32306,Average,Maximum,58.70%,0.39,26.6,27.67,50%
AIRG,"Airgain Inc","Communications Components",5.47,+4.19%,3,Sell,"40% Sell",+26.51,+26.91%,6.25,5.67,5.81,5.29,51.97,8.77,22.63,74882,Weakest,Weak,57.26%,0.68,5.03,5.55,84%
RLGT,"Radiant Logistics","Transportation - Air Freight",8.33,-1.30%,6,Sell,"8% Buy",+26.44,+29.35%,8.68,8.81,8.22,8.53,42.87,11.21,19.5,151100,Weakest,Weak,35.66%,0.97,8.2,8.86,19%
NECB,"Northeast Community Bancorp","Banks - Northeast",26.74,-1.56%,4,Buy,"72% Buy",+26.34,+22.89%,25.74,26.76,25.18,26.62,51.92,4.75,6.17,43932,Weakest,Strong,88.54%,0.56,26.04,27.21,60%
WRLD,"World Acceptance Corp","Finance - Consumer Loans",192,+0.77%,4,Sell,"56% Buy",+26.30,+11.54%,177.29,192.88,163.09,188.86,53.38,-6.6,24.66,125258,Weakening,Good,69.42%,0.69,181.99,195.74,73%
TNET,"Trinet Group Inc",Outsourcing,65.91,-4.56%,5,Hold,"80% Buy",+26.23,-5.22%,53.95,64.13,49.25,68.82,46.2,-23.36,-0.63,438665,Weakening,Strong,43.61%,0.81,65.95,71.69,-1%
WULF,"Terawulf Inc","Finance - Misc Services",17.86,+8.18%,3,Hold,"48% Sell",+26.16,+94.13%,21.12,18.27,19.38,16.16,55.3,75.99,43.34,31684094,Weakening,Weak,77.01%,1.09,14.4,17.92,98%
ZD,"Ziff Davis Inc","Internet - Software",55.73,+0.05%,5,Buy,"100% Buy",+26.16,+44.72%,49.56,53.9,45.71,55.47,55.26,26.58,46.45,748762,Weakening,Maximum,35.20%,0.92,54.12,56.81,60%
MRBK,"Meridian Bank","Banks - Northeast",19.69,-0.61%,5,Sell,"56% Buy",+26.14,+25.98%,19.26,19.82,19.37,19.66,51.27,7.84,-0.1,104871,Average,Weak,42.98%,0.39,19.08,20.23,53%
SLP,"Simulations Plus Inc","Computer - Software",18.42,-0.05%,13,Buy,"100% Buy",+26.05,+30.08%,17.04,18.33,15.52,18.38,62.31,11.94,-11.06,368974,Weakening,Good,66.67%,0.47,18.31,18.46,74%
PINE,"Alpine Income Property Trust Inc","REIT - Equity Trust Other",19.43,-1.12%,2,Sell,"8% Sell",+26.03,+27.16%,19.81,20.16,19.59,19.62,41.84,9.02,4.11,170053,Weakening,Minimum,40.31%,0.7,19.37,19.87,12%
MCBS,"Metrocity Bankshares Inc","Banks - Southeast",35.38,-1.15%,4,Sell,"40% Buy",+26.02,+19.49%,34.3,35.73,32.55,35.54,49.01,1.35,21.21,81956,Weakest,Average,60.45%,0.92,34.62,36.46,41%
MCY,"Mercury General Corp","Insurance - Proprty & Casualty",102.64,-1.81%,1,Sell,"24% Buy",+25.95,+32.18%,103.02,106.5,98.72,104.44,44.24,14.04,-2.98,260009,Weakest,Weak,46.08%,1.09,101.34,107.54,21%
PBA,"Pembina Pipeline Cor","Oil - Production & Pipeline",49.16,+1.55%,7,Sell,"72% Buy",+25.76,+29.16%,47.77,48.83,46.57,48.73,53.62,11.02,17.06,1283712,Strengthening,Average,41.03%,2.03,48.02,49.44,80%
ESP,"Espey Mfg. & Electronics","Electronics - Military",63.09,-0.41%,4,Buy,"72% Buy",+25.73,+31.57%,62.79,61.46,60.93,63.38,52.92,13.43,21.76,31503,Average,Soft,42.95%,0.29,61.37,65.39,43%
TKNO,"Alpha Teknova Inc","Medical - Biomedical",6.88,-0.58%,4,Buy,"88% Buy",+25.32,+58.16%,5.13,6.16,4.27,7.19,51.88,40.02,68.95,191600,Weakening,Maximum,22.23%,0.7,6.83,7.56,7%
HWBK,"Hawthorn Bancshares","Banks - Northeast",39.57,-1.30%,2,Buy,"100% Buy",+25.27,+24.36%,37.55,39.07,36.35,39.44,53.88,6.22,1.35,10391,Average,Strong,86.86%,0.68,38.6,40.28,58%
SKWD,"Skyward Specialty Insurance Group Inc","Insurance - Proprty & Casualty",56.53,-1.41%,1,Sell,"40% Buy",+25.09,+12.54%,53.31,59.48,50.56,57.91,43.82,-5.6,-1.5,477532,Weakest,Average,56.99%,0.49,55.17,60.64,25%
NBBK,"Nb Bancorp Inc","Banks - Northeast",23,-0.71%,3,Buy,"100% Buy",+25.04,+22.25%,21.18,22.11,21.3,22.56,58.97,4.11,3.92,301669,Strengthening,Strong,94.42%,0.97,21.8,23.31,79%
OVBC,"Ohio Valley Banc Corp","Banks - Midwest",46.56,-0.63%,6,Buy,"72% Buy",+24.88,+27.37%,45.29,43.92,44.54,45.42,61.33,9.23,4.37,24049,Average,Average,78.15%,2.22,43.87,46.98,87%
CTKB,"Cytek Biosciences Inc","Medical - Biomedical",4.62,-1.70%,4,Buy,"56% Buy",+24.88,+12.68%,4.38,4.55,4.39,4.68,50.6,-5.46,-20.61,1033253,Weakening,Weak,60.85%,0.8,4.49,4.87,33%
AWR,"American States Water Company","Utility - Water Supply",88.68,+0.17%,10,Hold,"80% Buy",+24.77,+20.70%,82.2,86.96,79.62,89.03,52.24,2.56,10.25,291878,Strengthening,Strong,23.79%,0.46,87.37,90.69,39%
SIBN,"Si-Bone Inc","Medical Instruments",18.62,+0.65%,7,Buy,"72% Buy",+24.73,+15.44%,16.24,18.15,15.57,19.13,48.58,-2.7,-17.68,597304,Weakening,Strong,16.82%,0.96,18.33,19.92,18%
ICLR,"Icon Plc","Medical Services",158.34,-3.95%,7,Sell,"40% Buy",+24.55,-10.95%,148.32,167.77,135.68,167.15,40.68,-29.09,-25.21,1244548,Weakest,Weak,19.01%,1.32,158.47,175.83,-1%
FIVN,"Five9 Inc","Internet - Software",31.23,-6.13%,4,Buy,"88% Buy",+24.51,+17.14%,24.73,28.76,21.91,32.96,48.15,-1.,43.66,2627763,Weakening,Maximum,42.70%,0.71,30.98,34.94,6%
GCO,"Genesco Inc","Retail - Apparel & Shoes",34.55,-3.52%,1,Sell,"8% Buy",+24.47,+4.57%,35.73,35.51,33.12,34.51,47.99,-13.57,27.38,227194,Weakest,Weak,75.36%,1.49,32.48,36.54,51%
CWBC,"Community West Bank","Finance - Misc Services",26.32,-1.09%,9,Hold,"80% Buy",+24.45,+23.98%,25.29,26.22,24.72,26.02,55.13,5.84,4.88,234133,Weakening,Good,79.21%,0.56,25.53,26.51,81%
MET,"Metlife Inc","Insurance - Multi Line",95.5,-2.17%,4,Buy,"88% Buy",+24.45,+19.97%,88.2,94.53,83.21,96.23,49.15,1.83,8.88,3637435,Average,Strong,60.26%,0.72,93.65,98.81,36%
CPF,"Central Pacific Financial Company","Banks - West",37.69,-1.31%,4,Sell,"40% Buy",+24.28,+21.86%,36.69,38.45,35.33,37.89,46.7,3.72,8.86,157952,Weakest,Average,76.39%,0.85,36.78,39,41%
ALXO,"Alx Oncology Holdings Inc","Medical - Biomedical",2,-0.50%,2,Hold,"56% Buy",+24.27,+80.18%,1.9,2.03,1.97,2,49.78,62.04,64.89,890557,Weakest,Weak,46.53%,0.45,1.91,2.09,49%
EBMT,"Eagle Bancorp [Mt]","Banks - Midwest",22.35,-2.36%,2,Sell,Hold,+24.27,+28.37%,22.92,23.29,22.51,22.91,40.39,10.23,0.21,54383,Steady,,50.75%,1.34,22.02,23.8,18%
ACOG,"Alpha Cognition Inc","Medical - Biomedical",9.52,0.00%,6,Buy,"100% Buy",+24.13,-0.31%,7.43,8.66,6.87,9.23,58.11,-18.45,34.36,77727,Strongest,Maximum,62.56%,0.7,8.49,9.98,69%
SABR,"Sabre Corp","Internet Software Services",2.26,+6.10%,5,Buy,"100% Buy",+24.03,+29.89%,1.89,2,1.72,2.14,59.24,11.75,54.08,6747591,Strongest,Strong,60.11%,2.03,1.98,2.3,88%
HELE,"Helen of Troy Ltd","Cosmetics & Toiletries",28.07,-1.16%,4,Buy,"72% Buy",+23.87,+14.38%,26.67,28.42,23.32,28.86,46.73,-3.76,19.99,659981,Weakest,Average,31.76%,0.65,27.44,30.29,22%
GLNG,"Golar Lng Ltd","Oil - International Integrated",51.46,-1.27%,3,Buy,"56% Buy",+23.74,+24.87%,51.69,50.63,50.47,51.78,50.47,6.73,26.2,1509473,Weakest,Weak,49.55%,0.75,50.47,53.09,38%
AM,"Antero Midstream Corp","Oil - US Integrated",22.9,+1.33%,8,Buy,"100% Buy",+23.54,+26.52%,21.95,22.31,21.97,22.37,59.9,8.38,16.62,2581910,Strongest,Average,81.53%,0.89,21.89,22.85,105%
CZR,"Caesars Entertainment Inc","Leisure & Recreation Services",29.66,-0.07%,1,Sell,"40% Buy",+23.52,+12.43%,29.13,29.85,27.61,29.67,46.55,-5.71,14.71,5716757,Weakest,Average,46.83%,0.5,29.59,29.76,41%
FCCO,"First Community Corp","Banks - Southeast",33.96,-1.74%,5,Buy,"100% Buy",+23.34,+22.73%,32.09,33.54,31.22,33.9,52.1,4.59,2.44,68669,Average,Strong,71.99%,0.9,32.95,34.84,53%
MNSB,"Mainstreet Bank","Banks - Northeast",25.61,+0.67%,8,Buy,"100% Buy",+23.31,+16.04%,23.97,24.38,23.42,25.03,61.44,-2.1,13.69,46426,Strongest,Strong,81.09%,2.42,24.46,25.6,101%
VAL,"Valaris Ltd","Oil & Gas - Drilling",85.51,-1.42%,6,Buy,"8% Buy",+23.16,+66.75%,86.98,80.88,88.47,86.78,50.77,48.61,57.56,1175704,Weakest,Minimum,31.56%,1.34,82.99,90.58,33%
TBPH,"Theravance Bio Ord","Medical - Drugs",17.06,-0.12%,10,Buy,"40% Buy",+23.09,+22.56%,16.76,16.95,16.72,17,60.95,4.42,-20.92,559200,Weakening,Minimum,42.79%,0.38,16.89,17.11,76%
NVCR,"Novocure Ltd Ord Sh","Medical - Biomedical",16.85,-6.08%,4,Buy,"88% Buy",+23.04,+33.73%,16.4,16.82,14.84,17.54,46.79,15.59,18.22,1694741,Weakening,Average,54.68%,0.97,16.77,18.31,5%
MOH,"Molina Healthcare Inc","Medical - HMO",196.3,-2.24%,5,Sell,"24% Buy",+22.88,+11.82%,198.42,210.13,180.44,201.38,42.9,-6.32,1.02,1419281,Weakest,Weak,28.08%,0.39,193.64,209.11,17%
ESEA,"Euroseas Ltd","Transportation - Ship",74.61,-2.28%,4,Buy,"88% Buy",+22.56,+15.87%,71.39,73.78,68.86,75.42,47.32,-2.27,24.55,57579,Weakening,Good,44.38%,0.68,72.33,78.5,37%
TROO,"Troops Inc","Conglomerates - Div Operations",2.1,-6.25%,6,Buy,"40% Sell",+22.53,+102.90%,2.7,2.06,2.78,2.07,50.17,84.76,-46.48,351194,Average,Weak,65.85%,1.73,1.78,2.36,55%
ORRF,"Orrstown Finl Svcs","Banks - Northeast",42.23,-2.09%,4,Hold,"80% Buy",+22.51,+20.66%,39.79,42.01,38.73,42.41,50.13,2.52,7.13,185023,Weakest,Strong,79.93%,0.92,41.17,43.64,43%
NPCE,"Neuropace Inc","Medical Instruments",14.76,-0.94%,3,Sell,"72% Sell",+22.46,+52.01%,15.72,15.08,15.27,14.53,51.13,33.87,-16.5,203465,Strengthening,Weak,64.83%,0.57,13.86,15.21,67%
BNED,"Barnes & Noble Education Inc C","Consumer Prdts - Misc Discr",12.25,-3.69%,1,Sell,"56% Buy",+22.22,+41.95%,11.42,12.35,10.55,12.19,50.05,23.81,21.2,326153,Weakening,Good,73.66%,1.18,11.69,12.69,56%
ACDC,"Profrac Holding Corp. Cl A","Oil - Field Services",5.42,+5.24%,3,Buy,"24% Sell",+22.21,+41.15%,5.88,4.83,5.85,5.03,59.11,23.01,27.23,1407718,Weakest,Weak,83.17%,0.69,4.5,5.55,87%
NVST,"Envista Holdings Corp","Medical Products",26.81,-1.72%,3,Hold,"64% Buy",+22.07,+26.76%,26.08,27.22,26.37,27.53,44.82,8.62,11.39,2775613,Weakest,Soft,23.22%,0.92,26.49,28.56,15%
LCNB,"Lcnb Corp","Banks - Northeast",18.97,-2.87%,6,Sell,"56% Buy",+22.06,+18.56%,17.92,19.22,17.52,19.51,44.75,0.42,3.64,30284,Weakest,Good,36.65%,0.6,18.82,20.19,11%
NREF,"Nexpoint Real Estate Finance Inc","REIT - Mortgage Trusts",17.54,-1.41%,1,Buy,"100% Buy",+21.84,+14.94%,15.98,16.87,15.36,17.26,55.8,-3.2,12.47,56442,Average,Maximum,67.22%,1.28,16.66,17.85,74%
DLTR,"Dollar Tree Inc","Retail - Discount",124.04,-5.62%,5,Sell,"40% Buy",+21.76,+24.79%,115.21,127.31,115.31,130.14,42.11,6.65,-11.26,3248248,Weakest,Average,57.23%,1.07,124.6,135.68,-5%
KFY,"Korn/Ferry International",Staffing,82.04,-3.88%,6,Hold,"80% Buy",+21.66,+13.14%,74.33,80.14,70.53,84.34,45.69,-5.,12.17,507849,Average,Strong,36.28%,1.23,82.32,86.37,-7%
COSO,"Coastalsouth Bancshares Inc","Banks - Southeast",27.77,-0.43%,1,Buy,"100% Buy",+21.65,+18.88%,26.56,27.22,25.95,27.56,56.56,0.74,7.34,94698,Average,Strong,70.63%,0.73,27.01,28.11,69%
ENIC,"Enersis Chile S.A. ADR","Utility - Electric Power",4.58,+2.92%,5,Buy,"100% Buy",+21.42,+27.93%,4.43,4.44,4.33,4.45,59.01,9.79,1.83,609706,Strongest,Good,63.86%,1.7,4.29,4.61,90%
NWE,"Northwestern Energy Group Inc","Utility - Electric Power",71.78,+1.41%,4,Sell,"56% Buy",+21.36,+27.09%,71.05,71.08,70.2,70.64,56.08,8.95,-0.88,513085,Average,Weak,69.39%,0.62,69.24,72.05,90%
WYHG,"Wing Yip Food Holdings Group ADR","Food - Meat Products",5.88,+44.83%,1,Buy,"100% Buy",+21.24,+22.50%,4.01,4.56,3.28,5.15,57.11,4.36,155.17,653020,Strongest,Good,25.27%,9.28,3.54,6.75,73%
RYAM,"Rayonier Advanced Materials Inc","Paper & Related Products",8.54,+0.47%,1,Buy,"8% Buy",+21.23,+42.10%,8.63,8.31,8.98,8.5,50.41,23.96,32.89,949139,Weakest,Minimum,50.22%,0.74,8.24,8.76,57%
CBZ,"Cbiz Inc",Consulting,54.65,-0.36%,6,Buy,"88% Buy",+20.89,-5.65%,39.92,48.17,36.22,54.66,71.41,-23.79,-3.77,1078380,Average,Strong,51.11%,0.54,54.35,54.98,48%
AKO.A,"Embotell Andina Sa Cl A ADR","Beverages - Soft",24.35,+4.06%,4,Buy,"88% Buy",+20.88,+24.14%,23.41,23.14,23.01,23.78,54.88,6,-7.59,1329,Strongest,Average,20.62%,0.9,22.86,24.7,81%
CIFR,"Cipher Digital Inc","Technology Services",18.51,+4.34%,4,Sell,"24% Sell",+20.80,+139.77%,20.68,19.3,18.83,16.58,53.48,121.63,13.31,29305254,Weakest,Weak,85.78%,1.29,14.31,18.85,93%
WABC,"Westamerica Bancorp","Banks - West",58.45,-1.58%,4,Sell,"40% Buy",+20.80,+17.91%,57.49,59.32,55.55,58.73,45.92,-0.23,10.1,174206,Weakest,Average,77.13%,1.12,57.45,60.01,39%
IDT,"IDT Corp","Diversified Comm Services",68.36,-0.68%,12,Buy,"100% Buy",+20.79,+4.49%,59.17,64.99,55.87,67.75,59.38,-13.65,21.39,171861,Strengthening,Maximum,70.59%,0.97,65.29,70.21,62%
CDRO,"Codere Online Luxembourg S.A.",Gaming,9.18,+0.77%,6,Sell,"8% Buy",+20.69,+12.64%,9.27,9.19,8.9,9,55.34,-5.5,2.22,24759,Weakest,Weak,78.07%,1.84,8.72,9.28,82%
GIC,"Global Industrial Co.","Industrial Services",39.76,-0.13%,2,Buy,"100% Buy",+20.61,+3.38%,34.11,36.74,33.4,39.23,63.99,-14.76,23.97,106852,Strengthening,Maximum,74.86%,1.12,38.5,39.95,87%
IOSP,"Innospec Inc","Chemical - Diversified",93.37,-0.62%,7,Buy,"88% Buy",+20.59,+9.59%,84.2,88.43,81.55,93.93,55.72,-8.55,9.89,215084,Average,Maximum,40.10%,0.84,92.35,95.52,32%
MDGL,"Madrigal Pharmaceuticals Inc","Medical - Drugs",534.16,-1.28%,6,Sell,"72% Buy",+20.57,+17.71%,519.4,530.02,503.4,529.78,51.88,-0.43,-20.37,335463,Average,Weak,70.94%,0.63,504.39,555.17,59%
EIG,"Employers Holdings Inc","Insurance - Accident & Health",49.16,-0.99%,6,Sell,"56% Buy",+20.50,+15.92%,46.85,49.77,45.04,48.81,49.91,-2.22,1.78,252314,Weakest,Good,68.08%,0.67,47.71,49.9,66%
HYNE,"Hoyne Bancorp Inc","Banks - Northeast",16.56,-0.36%,6,Buy,N/A,+20.29,N/A,16.25,16.52,15.71,16.5,52.94,N/A,2.19,N/A,N/A,N/A,65.91%,3.05,16.25,16.75,62%
TCBX,"Third Coast Bancshares Inc","Banks - Southeast",45.47,-1.26%,6,Buy,"100% Buy",+20.16,+14.45%,40.91,43.16,40.56,45.24,56.87,-3.69,7.53,91690,Strongest,Maximum,86.25%,0.75,44.11,46.37,60%
JMSB,"John Marshall Bk Fal","Banks - Southeast",23.41,+0.21%,3,Buy,"100% Buy",+20.15,+14.87%,22.01,22.74,21.38,23.04,58.39,-3.27,5.01,35708,Strongest,Maximum,64.12%,7.72,22.55,23.53,88%
PLUS,"Eplus Inc","Business Software Services",89.79,-2.51%,3,Buy,"88% Buy",+20.04,+25.79%,86.01,88.22,83.89,87.81,54.37,7.65,-9.72,207587,Average,Average,76.11%,0.67,84.6,91.03,81%
PLOW,"Douglas Dynamics","Auto - Truck Replacement Parts",41.59,-1.68%,1,Sell,"72% Sell",+20.03,+24.93%,45.07,44.03,44.34,41.75,44.93,6.79,15.28,232079,Strengthening,Soft,74.07%,0.74,40.81,42.69,41%
CCBG,"Capital City Bank Gr","Banks - Southeast",50.67,-2.26%,4,Sell,"56% Buy",+19.99,+16.14%,48.7,51.06,46.91,51.44,45.7,-2.,6.93,87482,Weakest,Good,58.56%,0.8,50.18,52.69,19%
JOYY,"Joyy Inc ADR","Internet - Services",74.36,-0.85%,3,Buy,"100% Buy",+19.97,+16.77%,67.52,72.6,65.25,74.11,53.76,-1.37,2.72,346207,Average,Strong,24.57%,1.66,72.64,75.58,58%
CCEP,"Coca-Cola Europacific Partners Plc","Beverages - Soft",106.55,+0.75%,6,Buy,"72% Buy",+19.94,+18.24%,101.03,106.97,100.28,107.68,47.42,0.1,5.38,1792620,Weakening,Strong,9.31%,0.87,105.24,110.12,27%
LAD,"Lithia Motors","Retail - Wsale Auto & Trucks",368.7,-4.68%,4,Buy,"88% Buy",+19.92,+8.58%,320.38,353.2,305.91,372.39,50.57,-9.56,-1.16,300566,Average,Strong,74.93%,1.05,360.31,384.46,35%
ARTV,"Artiva Biotherapeutics Inc","Medical - Biomedical",10.88,-2.77%,2,Hold,"80% Buy",+19.73,+252.10%,10.04,10.59,8.54,11.42,46.64,233.96,141.51,602919,Weakest,Good,37.53%,0.59,10.82,12.03,5%
BKH,"Black Hills Corp","Utility - Electric Power",74.19,+1.34%,1,Sell,"40% Buy",+19.67,+26.91%,73.63,73.56,73.19,73.09,56.04,8.77,-5.23,959651,Weakening,Minimum,73.27%,0.9,71.67,74.51,89%
SD,"Sandridge Energy Inc","Oil - US Integrated",14.6,+1.88%,4,Buy,"24% Sell",+19.61,+27.51%,14.37,13.86,15.12,14.21,60.19,9.37,-10.92,349815,Weakest,Minimum,78.33%,0.82,13.81,14.6,100%
UNH,"Unitedhealth Group","Medical - HMO",400.84,+0.93%,1,Sell,"40% Buy",+19.59,+25.16%,397.06,411.2,359.61,396.52,49.96,7.02,9.33,7458587,Weakest,Average,64.87%,1.44,386.18,406.86,71%
IMMR,"Immersion Corp","Computers - Peripheral Equpt",7.63,-1.04%,2,Buy,"100% Buy",+19.19,+7.01%,6.82,7.23,6.57,7.57,54.67,-11.13,0.11,526526,Strengthening,Maximum,62.80%,0.46,7.37,7.78,64%
ACNT,"Ascent Industries Co.","Machinery - General Industrial",15,-1.70%,4,Hold,"32% Buy",+19.11,+22.05%,14.63,15.22,14.68,15.16,46.28,3.91,-19.45,80847,Weakest,Weak,43.46%,0.53,14.64,15.67,35%
VABK,"Virginia Natl Bnk","Banks - Northeast",47.05,+0.23%,2,Buy,"100% Buy",+18.70,+15.06%,44.5,46.03,42.89,46.72,56.6,-3.08,5.97,7751,Strengthening,Strong,57.01%,0.66,46.06,47.38,75%
AMP,"Ameriprise Financial Services","Finance - Investment Mgmt",556.67,-0.69%,4,Buy,"88% Buy",+18.68,+13.04%,499.16,537.5,487.66,559.06,53.48,-5.1,1.43,634891,Average,Maximum,60.31%,1.06,545.73,572.38,41%
PTRN,"Pattern Group Inc Series A","Internet Commerce",19.66,-2.67%,4,Sell,"24% Buy",+18.62,N/A,20.62,23.73,17.63,21.03,37.43,N/A,58.26,1351961,Weakening,Weak,17.88%,0.73,19.37,22.7,9%
VKTX,"Viking Thera","Medical - Biomedical",33.68,-3.41%,3,Sell,"24% Buy",+18.25,+32.18%,33.47,35.34,33.18,33.77,48.54,14.04,-16.36,2498510,Weakest,Weak,60.82%,0.93,32.21,35.34,47%
SNDX,"Syndax Pharma","Medical - Biomedical",19.94,-3.02%,5,Sell,"88% Sell",+18.14,+22.11%,20.47,20.92,21.2,19.97,47.8,3.97,-17.19,1604247,Strongest,Weak,67.67%,0.76,19.06,20.89,48%
FSTR,"Foster L B Company","Steel - Producers",38.01,-0.03%,1,Sell,"24% Buy",+17.86,+39.79%,39.49,40.45,36.26,37.83,45,21.65,28.94,66369,Weakest,Weak,59.63%,0.52,36.8,38.86,59%
CB,"Chubb Ltd","Insurance - Proprty & Casualty",336.64,-1.45%,1,Sell,"40% Buy",+17.75,+21.32%,336.44,347.84,333.94,342.18,42.72,3.18,-4.24,1742316,Weakest,Weak,26.67%,0.89,336.11,348.26,4%
BHRB,"Burke Herbert Financial Services Corp","Finance - Misc Services",71.6,-1.04%,4,Sell,"56% Buy",+17.67,+13.81%,68.2,71.93,67.07,72.1,47.9,-4.33,2.81,121674,Weakest,Good,59.21%,0.52,70.36,73.84,36%
OVLY,"Oak Valley Bancp CA","Banks - West",34.28,-1.71%,6,Buy,"100% Buy",+17.60,+17.66%,33.7,33.75,33.41,34.12,53.09,-0.48,1.96,29774,Average,Average,61.54%,0.46,33.41,34.83,61%
XYZ,"Block Inc","Internet - Software",80.1,-3.21%,4,Hold,"64% Buy",+17.56,+5.64%,75.98,80.38,70.32,81.52,47.53,-12.5,10.96,6671528,Weakest,Strong,49.33%,0.69,77.77,85.27,31%
VOR,"Vor Biopharma Inc","Medical - Biomedical",25.1,+0.20%,7,Buy,"100% Buy",+17.45,-36.62%,18.07,21.37,16.88,23.47,64.3,-54.76,79.8,1270856,Strongest,Good,90.24%,0.84,21.88,25.06,101%
LAMR,"Lamar Advertis A","REIT - Equity Trust Other",149.94,-0.54%,1,Sell,"24% Buy",+17.36,+16.91%,151.58,156.34,145.05,151.98,40.01,-1.23,6.35,575180,Weakening,Soft,39.09%,0.6,148.6,155.37,20%
BALL,"Ball Corporation","Containers - Metal & Glass",61.02,-2.63%,5,Sell,"24% Buy",+17.15,+19.74%,60.49,62.9,61.37,62.79,38.43,1.6,3.1,2429414,Weakest,Weak,29.36%,0.99,60.93,64.65,2%
MPLX,"Mplx LP","Oil - Production & Pipeline",59.83,+0.27%,4,Buy,"100% Buy",+17.08,+19.33%,57.03,58.26,57.13,59.13,58.71,1.19,0,1670228,Strongest,Strong,83.87%,1.05,58.23,60.03,89%
MCB,"Metropolitan Bank Holding Corp","Banks - Northeast",91.46,-1.86%,4,Sell,"8% Buy",+16.99,+14.31%,92.59,94.19,90.6,92.07,46.45,-3.83,7.67,143085,Weakening,Weak,80.31%,0.56,89.45,94.68,38%
NMIH,"Nmi Holdings Inc","Insurance - Proprty & Casualty",44.38,-1.00%,7,Hold,"80% Buy",+16.90,+11.26%,40.82,43.56,40.09,45.06,49.29,-6.88,-3.3,494309,Average,Strong,27.13%,1.08,44.12,46,14%
DV,"Doubleverify Holdings Inc","Internet - Software",13.35,-0.07%,7,Buy,"100% Buy",+16.70,-13.54%,11.28,12.23,10.82,13.32,67.97,-31.68,4.6,2973853,Average,Strong,61.63%,0.93,13.25,13.4,69%
HNI,"Hon Industries Inc","Business Office Products",48.23,-2.88%,2,Buy,"72% Buy",+16.58,+2.42%,39.45,45.16,40.17,48.83,53.28,-15.72,2.62,727258,Weakening,Strong,76.63%,0.78,47.29,50.37,31%
TRP,"TC Energy Corp","Other Alt Energy",63.45,+1.34%,4,Sell,"8% Sell",+16.52,+22.28%,66.17,65.62,65.06,62.85,48.5,4.14,3.24,2377443,Weakest,Minimum,53.39%,0.83,61.49,64.2,72%
ETR,"Entergy Corp","Utility - Electric Power",108.53,+1.17%,4,Sell,"8% Sell",+16.35,+24.99%,111.15,110.17,109.46,107.04,52.88,6.85,5.32,2943759,Weakest,Minimum,61.27%,1.43,105.08,109,88%
EGP,"Eastgroup Properties","REIT - Equity Trust Other",200.24,+0.82%,4,Sell,"8% Buy",+16.29,+19.93%,204.34,206.85,199.43,201.18,43.55,1.79,0.31,379572,Weakest,Weak,34.81%,0.77,197.41,204.96,38%
CRD.A,"Crawford Company Cl A","Business Services",12.74,-3.99%,2,Buy,"88% Buy",+16.25,+16.45%,11.37,12.11,11.02,13.14,49.08,-1.69,1.14,62347,Weakening,Strong,54.08%,0.69,12.76,13.51,-3%
F,"Ford Motor Company","Auto - Domestic",14,-4.24%,6,Buy,"56% Buy",+16.22,+19.76%,13.94,14.11,13.52,14.08,47.92,1.62,-5.39,56701922,Weakening,Weak,75.09%,0.98,13.6,14.55,42%
SOTK,"Sono-Tek Corp","Electronics - Semiconductors",4.73,-5.78%,6,Sell,"8% Buy",+16.20,+17.66%,5.13,5.28,4.79,5.15,38.77,-0.48,2.43,33118,Weakening,Weak,18.72%,3.51,4.77,5.52,-6%
AVTX,"Avalo Therapeutics Inc","Medical - Drugs",19.71,+2.50%,5,Hold,"96% Buy",+16.09,+72.74%,17.5,19.14,16.78,19.64,53.2,54.6,-3.56,1020873,Strongest,Average,28.82%,0.84,18.77,20.52,54%
GAIN,"Gladstone Investment","Finance - SBIC & Commercial",16.24,-0.98%,3,Hold,"64% Buy",+16.01,+14.61%,16.1,16.31,15.44,16.39,45.96,-3.53,4.15,254324,Weakening,Average,32.30%,1.42,16.2,16.58,10%
ARTNA,"Artesian Res Corp A","Utility - Water Supply",36.69,+1.38%,10,Buy,"100% Buy",+15.72,+12.55%,33.51,34.76,33.26,35.62,69.37,-5.59,3.97,43368,"Top 1%","Top 1%",82.44%,1.28,34.78,36.47,113%
NP,"Neptune Insurance Holdings Inc Cl A","Insurance - Multi Line",32.05,-3.55%,7,Hold,"64% Buy",+15.67,N/A,29.74,32.19,27.26,32.74,46.31,N/A,-2.19,565338,Weakening,Strong,41.60%,0.49,30.68,34.81,33%
ZDGE,"Zedge Inc Cl B","Internet - Content",3.1,+4.03%,5,Buy,"8% Sell",+15.40,+5.80%,3.06,3,3.06,2.95,59.89,-12.34,-17.59,365956,Weakest,Minimum,75.40%,0.97,2.84,3.07,115%
APYX,"Apyx Medical Corp","Medical Products",3.05,0.00%,1,Sell,"88% Sell",+15.40,+48.06%,3.85,3.73,3.8,3.06,36.15,29.92,-24.96,134563,Strengthening,Average,48.39%,1.14,2.98,3.14,43%
COFS,"Choiceone Financial","Finance - Misc Services",33.81,-1.43%,4,Hold,"80% Buy",+15.40,+10.09%,32.52,33.74,31.28,33.7,51.85,-8.05,2.43,95389,Weakest,Strong,84.56%,0.63,32.73,34.67,56%
EBAY,"Ebay Inc","Internet Commerce",104.59,+1.14%,1,Sell,"24% Buy",+15.38,+12.44%,108.89,109.26,102.59,104.25,46.94,-5.7,7.98,4832548,Weakest,Weak,36.31%,1.77,100.99,107.5,55%
MGYR,"Magyar Bancorp Inc","Banks - Northeast",19.27,-2.68%,6,Hold,"80% Buy",+15.15,+11.39%,18.07,18.65,17.92,19.44,50.85,-6.75,-0.58,4143,Average,Strong,76.44%,0.92,19.07,19.8,27%
UTL,"Unitil Corp","Utility - Electric Power",53.99,+0.52%,5,Sell,"72% Buy",+15.14,+20.43%,52.63,53.83,52.55,53.8,53.12,2.29,-0.64,126701,Strengthening,Average,52.20%,0.83,53.09,54.51,63%
FRT,"Federal Realty Investment Trust","REIT - Equity Trust Retail",117.25,+0.14%,3,Sell,"8% Buy",+15.09,+15.23%,119.22,120.74,114.98,117.37,42.78,-2.91,4.22,830797,Weakest,Weak,42.56%,1.45,116.11,118.62,45%
BSET,"Bassett Furniture",Furniture,18.17,-5.17%,1,Sell,"40% Buy",+15.05,+7.83%,17.22,19.62,16.39,18.96,39.26,-10.31,-3.69,36533,Weakest,Average,51.25%,1,18.23,19.68,-4%
ACCO,"Acco Brands Corp","Consumer Prdts - Misc Discr",4.34,-1.81%,5,Buy,"100% Buy",+14.97,+7.43%,3.99,4.2,3.84,4.28,55.5,-10.71,4.25,879047,Average,Strong,86.67%,1.24,4.17,4.4,75%
SIGI,"Selective Ins Group","Insurance - Proprty & Casualty",90.9,-1.40%,1,Sell,"24% Buy",+14.68,+14.01%,91.04,94.74,87.67,92.22,41.75,-4.13,-3.46,530859,Weakening,Soft,62.22%,0.42,89.88,94.55,22%
NRXP,"Nrx Pharmaceuticals Inc","Medical - Drugs",3.47,-0.57%,4,Sell,"24% Buy",+14.63,+22.18%,3.58,3.68,3.04,3.46,48.62,4.04,15.94,1017299,Weakest,Weak,47.92%,0.75,3.27,3.65,53%
STRW,"Strawberry Fields REIT Inc","REIT - Equity Trust Other",13.71,+0.66%,2,Sell,"48% Buy",+14.48,+20.16%,13.42,13.86,13.18,13.71,48.42,2.02,-7.44,31336,Weakening,Soft,58.29%,0.64,13.46,13.96,50%
RMBI,"Richmond Mutual Bancorp Inc","Banks - Northeast",16.01,0.00%,4,Hold,"96% Buy",+14.42,+9.88%,15.23,15.66,14.76,15.93,56.34,-8.26,1.93,36590,Strengthening,Strong,60.34%,2.58,15.73,16.14,68%
MSA,"Msa Safety Inc","Protection - Safety",188.72,+0.02%,2,Buy,"72% Buy",+14.21,+10.82%,174.4,181.81,177.08,189.33,54.95,-7.32,5.75,264158,Average,Average,49.18%,0.72,186.27,192.39,40%
FR,"First Industrial Realty Trust","REIT - Equity Trust Other",61.73,-0.19%,4,Sell,"8% Sell",+14.10,+18.39%,63.22,64.14,62.17,62.57,37.79,0.25,-4.31,1024840,Weakening,Minimum,31.76%,0.7,61.38,63.77,15%
AKTS,"Aktis Oncology Inc","Medical - Drugs",25.02,-7.50%,8,Buy,N/A,+14.07,N/A,23.14,25.5,21.59,25.45,47.93,N/A,N/A,N/A,N/A,N/A,72.60%,1.56,23.4,27.5,40%
ERIC,"Ericsson ADR","Wireless Equipment",10.07,-0.30%,4,Sell,"88% Sell",+13.89,+27.47%,11.18,10.22,11.25,10.13,47.1,9.33,-7.75,10284204,Strengthening,Average,38.78%,0.47,9.94,10.32,34%
PDM,"Piedmont Realty Trust Inc","REIT - Equity Trust Other",9.51,-1.76%,7,Buy,"72% Buy",+13.87,+7.82%,9.03,9.6,8.47,9.61,46.54,-10.32,1.93,991377,Weakening,Strong,44.34%,1,9.3,9.92,34%
NODK,"Ni Holdings Inc","Insurance - Proprty & Casualty",15.06,-1.31%,1,Sell,"40% Buy",+13.82,+12.39%,14.82,15.52,14.26,15.24,42.69,-5.75,1.13,19128,Weakest,Average,26.76%,5.51,14.99,15.48,14%
KMI,"Kinder Morgan Inc","Oil - Production & Pipeline",31.98,+1.85%,8,Hold,Hold,+13.74,+20.77%,32.05,31.94,32.27,31.82,51.87,2.63,4.23,12072417,Bearish,,42.48%,1.74,30.76,32.87,58%
OSK,"Oshkosh Truck Corp","Auto - Domestic",153.78,-2.10%,2,Hold,"64% Buy",+13.63,+10.59%,144.48,150.37,148.94,153.98,51.38,-7.55,10.31,728923,Weakest,Weak,73.61%,0.43,148.31,159.65,48%
HGTY,"Hagerty Inc","Insurance - Proprty & Casualty",13.37,-1.33%,3,Buy,"88% Buy",+13.57,+10.68%,11.56,12.53,11.4,13.14,58.88,-7.46,-12.62,146305,Average,Strong,64.23%,1.19,12.62,13.67,72%
IPAR,"Interparfums Inc","Consumer Prdts - Misc Discr",113.01,-3.15%,3,Sell,"40% Buy",+13.54,-0.63%,106.59,119.13,102.9,116.03,41.59,-18.77,21.12,274073,Weakest,Average,52.65%,0.47,112.21,119.85,10%
STHO,"Star Holdings","Real Estate Operations",9.51,-4.23%,7,Hold,"80% Buy",+13.54,+8.81%,9.07,9.43,8.76,9.68,47.05,-9.33,3.45,30293,Weakening,Strong,80.27%,0.7,9.37,10,23%
KRP,"Kimbell Royalty Partners","Oil - US Royalty Trusts",15.11,+1.55%,5,Buy,"88% Buy",+13.19,+12.51%,14.94,14.9,14.75,15.09,53.31,-5.63,16.39,785833,Strengthening,Average,24.20%,0.92,14.76,15.41,54%
GTY,"Getty Realty Corp","REIT - Equity Trust Other",32.61,+0.25%,4,Sell,"8% Sell",+13.18,+13.74%,33.49,33.84,33.18,32.91,40.91,-4.4,7.05,487284,Weakest,Minimum,28.92%,0.48,32.2,33.62,29%
NWN,"Northwest Natural Gas Company","Utility - Gas Distribution",49.96,+1.57%,7,Sell,"40% Sell",+13.17,+21.29%,50.36,50.16,50.85,50.01,50.41,3.15,-5.21,273470,Weakest,Minimum,25.23%,0.9,48.8,51.23,48%
GLRE,"Greenlight Cap. Re.","Insurance - Proprty & Casualty",15.08,-2.20%,5,Sell,"72% Sell",+13.01,+18.74%,16.56,16.07,16.25,15.4,38.84,0.6,-8.67,171205,Strengthening,Weak,29.17%,1,15.07,15.73,1%
LEGH,"Legacy Housing Corp","Real Estate Operations",27.57,-2.96%,5,Hold,"80% Buy",+12.97,-1.57%,25.23,27.36,23.72,28.48,45.68,-19.71,29.14,104845,Weakest,Strong,24.52%,0.55,27.51,29.44,3%
BH,"Biglari Holdings Inc","Retail - Restaurants",358.58,-6.56%,3,Sell,"24% Buy",+12.87,+14.10%,346.88,390.61,347.62,384.44,35.79,-4.04,-4.23,105911,Weakest,Weak,30.24%,0.49,369.21,399.67,-35%
BNL,"Broadstone Net Lease Inc Cl A","REIT - Equity Trust Resident",20.96,+0.72%,6,Sell,"40% Buy",+12.79,+13.05%,20.88,21.47,20.31,21.07,45.87,-5.09,8.57,2160888,Weakening,Soft,31.43%,1.01,20.63,21.52,37%
CBFV,"Cb Financial Svc","Banks - Northeast",37.52,-0.21%,2,Buy,"100% Buy",+12.76,+15.20%,36.38,37.2,35.96,37.49,52.81,-2.94,-4.47,5734,Weakening,Average,58.05%,0.6,37.05,37.94,53%
PM,"Philip Morris International",Tobacco,184.73,+1.21%,4,Sell,"56% Buy",+12.69,+13.53%,181.94,188.01,178.93,188.56,44.45,-4.61,3.07,5162873,Weakest,Average,9.31%,1.01,182.46,194.66,19%
MTG,"Mgic Investment Corp","Insurance - Multi Line",30.66,-1.13%,8,Hold,"80% Buy",+12.68,+7.92%,28.22,29.94,27.67,30.95,50.65,-10.22,-7.17,1933414,Average,Strong,28.19%,0.74,30.42,31.47,23%
BH.A,"Biglari Holdings Inc Cl A","Retail - Restaurants",1777.1801,-7.83%,3,Sell,"24% Sell",+12.47,+14.30%,1777.26,1961.96,1798.61,1937.48,33.46,-3.84,-9.97,18956,Strengthening,Minimum,27.53%,0.89,1848.44,2026.53,-40%
OPRT,"Oportun Financial Corp","Finance - Misc Services",7.99,+1.52%,1,Buy,"100% Buy",+12.40,+19.79%,6.02,6.6,5.66,7.52,66.6,1.65,38.94,490492,Strongest,Maximum,94.75%,1.18,7.15,7.89,114%
IOT,"Samsara Inc Cl A","Internet - Software",40.15,-0.12%,6,Hold,"96% Buy",+12.36,-3.32%,34.56,37.81,32.85,39.77,53.82,-21.46,1.16,6850316,Strengthening,Strong,41.61%,1.79,37.63,41.91,59%
KRG,"Kite Realty Group Trust","REIT - Equity Trust Retail",26.08,+0.46%,2,Sell,"8% Sell",+12.26,+14.29%,27.38,27.62,26.66,26.22,38.52,-3.85,-3.3,2097658,Weakest,Minimum,42.21%,0.68,25.84,26.61,31%
UTMD,"Utah Medical Prod","Medical Products",69.16,-2.73%,4,Hold,"64% Buy",+12.26,+9.17%,68.54,70.55,67.23,71.4,42.29,-8.97,11.49,18389,Weakest,Good,29.14%,1.15,69.84,72.96,-22%
AES,"The Aes Corp","Utility - Electric Power",14.83,+0.27%,9,Buy,"88% Buy",+12.13,+16.59%,14.65,14.74,14.75,14.75,61.97,-1.55,-8.68,9876939,Strengthening,Weak,68.89%,0.56,14.68,14.82,111%
UBCP,"United Bncp Inc","Banks - Midwest",15.76,-0.76%,1,Hold,"48% Buy",+12.12,+7.95%,15.72,15.69,15.49,15.67,51.28,-10.19,-2.27,8184,Weakest,Weak,60.87%,0.19,15.17,16.18,58%
CART,"Maplebear Inc [Instacart]","Internet Commerce",48,-6.01%,6,Hold,"80% Buy",+12.07,+6.27%,44.92,47.87,42.38,50.21,44.46,-11.87,-5.39,4440811,Weakening,Strong,41.19%,0.99,47.99,52.42,0%
RSVR,"Reservoir Media Inc","Media Conglomerates",9.15,-6.06%,2,Sell,"40% Sell",+11.87,+15.82%,10.12,10.09,9.74,9.77,29.85,-2.32,8.77,74436,Strengthening,Weak,42.85%,3.77,9.43,10.11,-40%
RNW,"Renew Energy Global Plc Cl A","Other Alt Energy",6.86,-0.15%,5,Buy,"100% Buy",+11.66,-10.21%,6.1,6.43,5.78,6.82,66.78,-28.35,9.32,1419949,Strengthening,Good,86.67%,1.25,6.78,6.86,103%
HTH,"Hilltop Holdings Inc","Banks - Southeast",38.6,-1.63%,5,Sell,"40% Buy",+11.56,+9.78%,38.23,38.83,37.86,38.8,48.24,-8.36,1.63,327887,Weakest,Weak,72.46%,1.21,37.83,39.77,40%
TFX,"Teleflex Inc","Medical Instruments",137,-0.98%,10,Buy,"88% Buy",+11.51,+5.24%,132.49,135.32,125.94,137.62,49.24,-12.9,0.16,758836,Average,Strong,50.16%,0.92,132.31,142.94,44%
SBH,"Sally Beauty Holdings","Retail - Misc & Diversified",16.16,-3.23%,2,Hold,"64% Buy",+11.48,+10.08%,14.5,15.62,14.63,16.48,49.6,-8.06,1.22,1534312,Weakening,Good,59.04%,0.93,16.12,16.83,5%
VLGEA,"Village Super Mkt","Retail - Supermarket",42.9,-1.08%,3,Buy,"56% Buy",+11.47,+14.17%,43.11,43.2,42.29,43.24,46.49,-3.97,9.1,52091,Weakest,Weak,46.27%,1.09,42.02,44.45,36%
CRD.B,"Crawford Company Cl B","Building & Construction - Misc",11.4,-5.71%,2,Buy,"88% Buy",+11.46,+11.11%,10.6,11.15,10.44,12.08,44.62,-7.03,-5.76,12295,Weakening,Strong,39.49%,1.15,11.56,12.6,-16%
FSUN,"Firstsun Capital Bancorp","Banks - Midwest",40.67,-0.61%,5,Buy,"100% Buy",+11.46,+5.36%,37.51,38.6,37.47,40.39,59.35,-12.78,-4.04,218404,Strengthening,Strong,84.27%,1.26,39.53,41.25,66%
ESNT,"Essent Group Ltd","Insurance - Proprty & Casualty",68.44,-1.07%,4,Buy,"88% Buy",+11.45,+7.22%,63.67,66.93,62.54,68.82,52.11,-10.92,-6.82,709732,Average,Strong,62.01%,0.77,67.55,70.1,35%
LGL,"LGL Group","Electronics - Misc Components",7.2,-4.00%,7,Hold,"80% Buy",+11.39,+8.76%,7.09,7.15,7.1,7.46,44.83,-9.38,13.12,12700,Weakening,Average,32.56%,3.7,7.22,7.71,-4%
RIOT,"Riot Platforms Inc","Finance - Misc Services",22.26,+2.11%,2,Hold,"32% Buy",+11.30,+65.63%,22.34,20.94,19.87,20.02,57.08,47.49,63.59,18270102,Weakening,Weak,90.74%,0.77,17.75,22.28,100%
CTRE,"Caretrust REIT Inc","REIT - Equity Trust Other",39.32,+0.79%,1,Sell,"8% Sell",+11.30,+14.04%,40.01,40.67,39.7,39.37,44.92,-4.1,-3.36,2439865,Weakening,Minimum,39.09%,0.75,38.58,40.16,47%
MSEX,"Middlesex Water Company","Utility - Water Supply",58.33,+0.11%,6,Hold,"80% Buy",+11.24,+9.84%,54.8,57.27,54.16,58.45,53.17,-8.3,3.58,146763,Average,Strong,48.88%,0.85,57.68,59.22,42%
HSTM,"Healthstream Inc","Internet - Services",28.72,-1.64%,4,Buy,"88% Buy",+11.21,+2.24%,26.18,28.5,24.38,28.9,49.21,-15.9,12.39,258359,Weakening,Strong,41.67%,1.46,27.98,29.82,40%
IRS,"Irsa Inversiones Y Representaciones S.A. ADR","Real Estate Developers",15.11,-0.33%,7,Sell,"48% Sell",+11.10,+20.02%,15.06,15.11,15.22,14.86,52.27,1.88,-20.75,165325,Weakening,Weak,71.30%,0.64,14.37,15.36,75%
WHG,"Westwood Holdings Group Inc","Finance - Investment Mgmt",18.67,-0.95%,4,Sell,"40% Buy",+11.05,+8.61%,18.13,19.45,17.59,19.36,38.06,-9.53,-3.62,16586,Weakest,Average,31.22%,0.6,18.71,20.01,-3%
DSGR,"Distribution Solutions Group Inc","Industrial Services",34.75,+0.26%,2,Buy,"88% Buy",+10.96,+8.59%,30.14,32.91,29.18,34.79,67.87,-9.55,14.77,135936,Average,Strong,36.67%,0.96,34.64,34.94,38%
UPS,"United Parcel Service","Transportation - Air Freight",100.48,-1.77%,5,Sell,"40% Sell",+10.96,+19.17%,106.05,107.57,106.08,103.52,36.58,1.03,-10.8,5764934,Strengthening,Weak,11.07%,0.79,100.61,106.44,-2%
PRTA,"Prothena Corp","Medical - Biomedical",9.54,-2.85%,7,Buy,"8% Buy",+10.89,+12.37%,9.42,9.06,9.4,9.29,56.34,-5.77,-12.2,534883,Weakest,Minimum,87.93%,0.67,8.73,9.86,72%
ARDT,"Ardent Health Inc","Medical Services",10.75,-1.47%,1,Buy,"88% Buy",+10.85,-20.37%,10.12,10.71,9.79,10.94,47.5,-38.51,9.64,468173,Weakening,Average,42.22%,1.21,10.55,11.32,26%
DBRG,"Digitalbridge Group Inc","Finance - Investment Mgmt",15.92,-0.06%,5,Buy,"88% Buy",+10.78,+39.65%,15.76,15.87,15.65,15.93,51.38,21.51,-8.32,4351703,Weakening,Weak,46.67%,1.1,15.89,15.98,36%
DLX,"Deluxe Corp","Business Office Products",23.45,-3.46%,1,Sell,"88% Sell",+10.74,+20.26%,25.23,24.79,25.97,23.76,43.74,2.12,-7.08,436753,Strongest,Soft,76.57%,1.25,22.97,24.55,30%
CWT,"California Water Service Group Holding","Utility - Water Supply",49.87,-0.32%,4,Hold,"48% Buy",+10.69,+7.64%,47.49,50.17,46.75,50.11,48.46,-10.5,2.99,485039,Weakest,Strong,44.08%,0.76,49.46,50.75,32%
ADSE,"Ads-Tec Energy Plc","Electronic Misc Services",11.59,+0.26%,3,Sell,"24% Sell",+10.66,+15.90%,11.72,11.9,11.51,11.64,47.49,-2.24,-20.7,14920,Weakening,Minimum,54.50%,0.38,11.18,12.09,45%
WFCF,"Where Food Comes From Inc","Consumer Services - Misc",13.16,-4.67%,4,Buy,"100% Buy",+10.49,+7.29%,12.51,12.74,12.31,13.01,51.52,-10.85,2.48,9050,Strengthening,Average,26.33%,0.6,11.81,14.2,57%
MIAX,"Miami International Holdings Inc","Technology Services",43.46,+2.52%,1,Sell,"24% Sell",+10.35,+15.06%,44.25,42.88,43.04,42.75,52.06,-3.08,-14.17,1439193,Weakest,Minimum,66.67%,1.05,40.65,44.85,67%
CCEC,"Capital Clean Energy Carriers Corp","Transportation - Ship",22.46,-0.84%,6,Hold,"64% Buy",+10.29,+2.79%,21.8,22.47,21.5,22.63,46.94,-15.35,-4.48,9531,Weakening,Average,43.89%,0.47,22.31,22.95,24%
SFBC,"Sound Financial","Banks - West",48,+0.52%,5,Buy,"100% Buy",+10.23,+2.19%,44.27,46.09,43.95,47.14,62,-15.95,-2.08,8884,Strongest,Maximum,81.22%,0.47,46.13,48.15,93%
WNEB,"Western New England Bancorp Inc","Banks - Foreign",13.61,-2.02%,4,Sell,Hold,+9.94,+11.28%,13.81,13.98,13.63,13.81,45.17,-6.86,-4.26,56215,Falling,,64.50%,0.75,13.54,14.09,13%
INFU,"Infusystems Holdings","Medical Products",11.89,-2.86%,3,Buy,"88% Buy",+9.87,+15.89%,10.12,10.8,9.74,12.16,54.34,-2.25,20.45,156717,Weakening,Strong,46.95%,0.73,11.88,12.45,2%
HESM,"Hess Midstream Partners LP","E&P MLP",40.97,+2.66%,3,Buy,"100% Buy",+9.83,+2.30%,39.06,39.72,38.83,39.87,60.78,-15.84,6.65,1545271,Strongest,Strong,70.07%,1.09,38.86,40.88,104%
SGC,"Superior Uniform Group","Textile - Apparel",12.37,-2.83%,1,Sell,"24% Buy",+9.79,+0.32%,12.55,12.86,11.79,12.6,45.86,-17.82,15.69,47061,Weakening,Weak,64.50%,1.21,11.92,13.27,33%
SGU,"Star Gas Partners LP","Electronics Products - Misc",12.82,+0.63%,2,Hold,"64% Buy",+9.73,+9.29%,12.75,12.78,12.75,12.66,55.88,-8.85,-3.82,25274,Weakening,Weak,69.31%,1.28,12.45,12.88,87%
HMN,"Horace Mann Educators Corp","Insurance - Multi Line",50.4,-1.06%,2,Sell,"40% Buy",+9.62,+8.62%,49.29,51.92,47.23,51.25,43.37,-9.52,-2.96,248454,Weakest,Average,30.13%,0.71,50.08,52.42,14%
RDWR,"Radware Ltd","Internet - Software",27.99,-1.03%,4,Sell,"8% Buy",+9.58,+9.55%,28.41,28.91,27.37,28.35,47.65,-8.59,4.09,251684,Weakest,Weak,45.33%,0.77,26.89,29.82,38%
ACIW,"Aci Worldwide Inc","Computer - Software",51.98,-1.83%,5,Sell,"40% Buy",+9.57,+1.50%,49.16,54.63,46.34,52.63,44.02,-16.64,-3.38,859645,Weakest,Average,51.79%,0.96,51.09,54.16,29%
WTM,"White Mountains Insurance Group","Insurance - Proprty & Casualty",2052.48,-2.43%,1,Sell,"56% Sell",+9.55,+16.15%,2129.74,2139.89,2152.74,2118.49,34.45,-1.99,-13.33,19442,Strengthening,Soft,22.64%,1.37,2077.06,2159.92,-30%
ALX,"Alexander's Inc","REIT - Equity Trust Other",261.49,-0.35%,4,Sell,"40% Buy",+9.37,+11.34%,261.34,271.86,254,268.89,39.92,-6.8,7.88,55110,Weakest,Average,12.38%,0.63,261.52,276.27,0%
ALRM,Alarm.com,"Protection - Safety",56.01,-0.83%,2,Hold,"80% Buy",+9.17,-1.70%,49.57,54.2,48.34,56.54,51.14,-19.84,-2.32,459950,Weakening,Strong,39.23%,1.06,54.91,58.17,34%
NTST,"Netstreit Corp","REIT - Equity Trust Other",20.22,+0.65%,5,Sell,"8% Sell",+9.08,+12.83%,20.72,21.1,20.43,20.46,41.53,-5.31,2.53,1581638,Weakening,Minimum,8.99%,0.45,20.04,20.89,21%
OHI,"Omega Healthcare Investors","REIT - Equity Trust Other",47.03,+1.40%,1,Sell,"24% Buy",+8.94,+8.51%,47.36,48.26,46.99,46.5,48.89,-9.63,-6.03,2024838,Weakest,Minimum,64.41%,1.27,45.6,47.4,80%
FAF,"First American Corp","Insurance - Proprty & Casualty",71.38,-1.88%,6,Hold,"64% Buy",+8.81,+4.77%,70.13,72.74,68.2,73.22,43.39,-13.37,4.08,896367,Weakening,Good,19.47%,1.22,70.82,75.63,12%
APEI,"American Public Education",Schools,45.36,0.00%,1,Sell,"72% Sell",+8.65,+40.65%,52.1,49.75,51.5,45.45,39.83,22.51,7.9,297504,Average,Soft,49.65%,0.53,44.32,46.58,46%
TAL,"Tal Education Group ADR",Schools,11.82,-4.68%,1,Buy,"72% Buy",+8.65,+13.87%,10.79,11.19,10.92,11.83,51.75,-4.27,-3.76,3964737,Weakening,Average,76.23%,1.5,11.27,12.39,49%
PRGS,"Progress Software","Computer - Software",42.17,-4.26%,5,Hold,"64% Buy",+8.61,-2.37%,35.5,41.18,35.23,43.93,47.04,-20.51,-13.93,817148,Weakening,Good,35.07%,0.68,42.03,45.83,4%
ED,"Consolidated Edison Company","Utility - Electric Power",108.27,+0.91%,4,Sell,"8% Sell",+8.61,+12.02%,108.66,109.66,109.69,107.85,50.13,-6.12,-3.09,2248809,Weakest,Minimum,45.89%,0.99,106.37,109.33,64%
GDYN,"Grid Dynamics Holdings Inc","IT Services",7.89,-2.05%,5,Buy,"72% Buy",+8.54,+0.51%,6.62,6.9,6.52,7.87,57.69,-17.63,-24.72,1686370,Weakening,Average,66.05%,0.72,7.58,8.17,53%
MTX,"Minerals Technologies Inc","Chemical - Specialty",70.52,-1.73%,2,Sell,"56% Sell",+8.53,+9.90%,74.77,73.21,73.34,71.75,40.31,-8.24,3.6,211365,Strengthening,Weak,41.15%,0.87,70.02,73.47,14%
OPBK,"Open Bank","Banks - Southwest",15.22,-1.55%,5,Sell,"56% Buy",+8.36,+3.89%,14.77,15.29,14.37,15.35,47.91,-14.25,-4.31,42204,Weakest,Good,62.43%,0.7,14.88,15.81,36%
IGIC,"International General Insurance Hldg Inc","Insurance - Multi Line",26.19,-3.14%,3,Sell,"24% Buy",+8.35,+9.13%,26.37,27.29,25.83,26.63,43.27,-9.01,-7.72,67632,Weakening,Soft,49.07%,0.53,26.07,27.2,11%
IVT,"Inventrust Pptys Corp","REIT - Equity Trust Other",32.61,-0.06%,4,Sell,"8% Sell",+8.28,+10.73%,33.7,34.38,32.78,32.9,37.71,-7.41,3.5,648236,Weakening,Minimum,28.32%,0.67,32.13,33.67,31%
HCI,"HCI Group","Insurance - Proprty & Casualty",186.09,-0.83%,7,Buy,"100% Buy",+8.09,+6.40%,169.79,181.95,166.36,185.49,53.8,-11.74,-15.02,165158,Weakening,Strong,55.61%,0.93,181.47,189.51,57%
AEBI,"Aebi Schmidt Holding Ag","Auto - Domestic",12.45,-3.86%,2,Sell,"40% Sell",+8.01,+5.87%,12.29,12.61,12.5,12.52,48.48,-12.27,-13.68,289813,Strengthening,Weak,81.67%,0.77,11.74,13.31,45%
PAYO,"Payoneer Global Inc","Financial Transaction Services",7.13,-0.56%,5,Buy,"96% Buy",+7.80,+5.47%,6.33,7.12,5.88,7.12,55.56,-12.67,14.77,4801464,Weakening,Strong,76.67%,0.57,7.08,7.17,61%
LAKE,"Lakeland Inds Inc","Protection - Safety",11.51,-3.68%,2,Buy,"72% Buy",+7.65,-23.27%,10.92,11.54,10.26,11.77,47.16,-41.41,18.1,152048,Weakening,Weak,64.78%,0.89,11.23,12.31,26%
TDC,"Teradata Corp","Computer - Storage Devices",27.76,-1.03%,8,Sell,"56% Sell",+7.46,+30.57%,30.61,30.01,29.77,27.89,44.98,12.43,-20.9,2272572,Strengthening,Weak,43.92%,0.56,26.61,29.17,45%
CLAR,"Clarus Corp","Leisure & Recreational Prdcts",3.72,-0.80%,2,Buy,"72% Buy",+7.34,-4.86%,3.19,3.48,3.13,3.73,54.33,-23.,-1.06,207135,Weakening,Strong,57.65%,0.97,3.59,3.86,47%
ALLT,"Allot Communications","Internet - Software",7.71,+0.92%,3,Sell,"48% Sell",+7.31,-11.68%,7.72,7.94,7.71,7.69,50.04,-29.82,-33.67,418203,Weakest,Weak,46.44%,0.86,7.38,8.01,53%
CODA,"Coda Octopus Group","Electronics - Semiconductors",10.11,-0.59%,1,Buy,"56% Sell",+7.30,+26.37%,10.78,10.06,11.49,10.16,48.83,8.23,-3.39,161551,Weakening,Weak,42.05%,1.1,9.84,10.48,42%
CURR,"Currenc Group Inc",Unclassified,3.61,+9.73%,6,Hold,"88% Buy",+7.16,+114.88%,3.3,3.3,2.98,3.58,52.39,96.74,89.58,236027,Strongest,Average,22.78%,1.21,3.08,4.09,53%
INVA,"Innoviva Inc","Large Cap Pharma",21.34,+0.05%,6,Sell,"72% Sell",+7.16,+4.30%,22.08,21.42,22.3,21.09,52.77,-13.84,-5.35,778940,Average,Soft,64.29%,1.1,20.66,21.53,78%
ES,"Eversource Energy","Utility - Electric Power",71.49,+0.62%,4,Sell,"56% Buy",+7.06,+13.73%,70.89,72.73,70.97,71.33,49.37,-4.41,-5.92,2521457,Average,Weak,47.56%,0.89,69.98,72.67,56%
GRCE,"Grace Therapeutics Inc","Medical - Biomedical",2.12,+0.95%,3,Sell,"100% Sell",+6.78,-34.57%,2.38,2.24,2.94,2.14,44.82,-52.71,-50.83,356048,Average,Good,32.28%,0.77,2.07,2.21,35%
SHIM,"Shimmick Corp","Engineering & R&D Services",3.73,-1.06%,1,Sell,"56% Sell",+6.75,+20.32%,4.18,3.88,4.01,3.79,47.81,2.18,15.64,124282,Average,Weak,48.65%,0.93,3.39,4.18,43%
DTI,"Drilling Tools International Corp","Oil - Field Services",2.59,-2.63%,8,Buy,"40% Sell",+6.64,+32.14%,2.61,2.35,2.98,2.54,56.95,14,-6.39,283846,Weakening,Soft,80.08%,0.7,2.41,2.67,68%
BBDO,"Banco Bradesco S.A. ADR","Banks - Foreign",3.11,-1.89%,2,Sell,"88% Sell",+6.60,+11.87%,3.17,3.12,3.26,3.08,50.34,-6.27,-3.74,73869,Strengthening,Soft,75.76%,1.08,2.94,3.21,63%
GRND,"Grindr Inc","Internet - Software",15.46,+1.38%,1,Hold,"48% Buy",+6.59,-1.40%,14.44,15.87,13.51,15.67,45.92,-19.54,2.08,1536635,Weakest,Average,20.42%,0.82,15.22,16.12,26%
KIM,"Kimco Realty Corp","REIT - Equity Trust Retail",23.76,+0.68%,4,Sell,"8% Sell",+6.59,+5.51%,24.5,24.87,23.93,24.06,39,-12.63,5.12,5080256,Weakening,Minimum,14.59%,1.41,23.59,24.52,18%
IBTA,"Ibotta Inc Cl A","Technology Services",38.38,-0.03%,4,Buy,"100% Buy",+6.53,+33.77%,33.63,33.73,30.95,37.46,58.56,15.63,56.75,279701,Strongest,Strong,65.87%,1.04,35.72,39.2,76%
IRMD,"Iradimed Corp","Medical Instruments",84.4,+1.14%,1,Sell,"88% Sell",+6.37,+17.47%,91.02,91.87,93.69,86.9,34.5,-0.67,-25.34,104522,Strongest,Average,8.74%,0.87,84.53,89.26,-3%
CPK,"Chesapeake Utilities Corp","Utility - Gas Distribution",133.02,+0.27%,6,Sell,"56% Buy",+6.33,+7.86%,128.51,132.32,129.18,134.17,49.11,-10.28,-5.48,155467,Strengthening,Average,30.53%,0.75,130.87,137.47,33%
CINF,"Cincinnati Financial","Insurance - Proprty & Casualty",169.14,-1.15%,1,Sell,"8% Buy",+6.26,+10.22%,171.46,177.02,168.63,171.27,41.56,-7.92,-8.54,712786,Weakening,Weak,44.51%,0.61,167.82,174.72,19%
AUBN,"Auburn Natl Bncp","Banks - Southeast",26.55,+0.04%,2,Hold,"80% Buy",+6.25,-4.32%,25.45,26.54,25.13,26.39,53.15,-22.46,-13.58,2676,Average,Average,52.92%,0.59,25.98,26.8,70%
EPR,"Entertainment Properties Trust","REIT - Equity Trust Retail",59.9,-0.15%,2,Sell,"40% Buy",+6.22,+12.59%,59.15,60.76,57.88,60.26,46.52,-5.55,7.94,757229,Weakest,Average,47.00%,1.2,58.8,61.73,38%
TROW,"T Rowe Price Group","Finance - Investment Mgmt",109.42,-0.33%,2,Sell,"40% Buy",+6.12,+1.16%,109.16,114.46,103.45,111.24,40.54,-16.98,-5.22,2070158,Weakest,Average,20.61%,0.76,108.74,113.73,14%
TOWN,"Towne Bank","Banks - Southeast",37.07,-1.40%,5,Sell,"56% Buy",+6.08,+1.51%,35.98,37.11,35.53,37.47,46.8,-16.63,-1.01,530274,Weakest,Strong,59.40%,0.71,36.82,38.12,19%
AMX,"America Movil S.A.B. DE C.V. ADR","Wireless Non-US",23,0.00%,3,Sell,"72% Sell",+5.89,+16.87%,25.5,24.71,25.13,23.37,33.61,-1.27,-0.83,2090245,Strengthening,Average,16.76%,1.65,22.79,23.94,18%
HLF,"Herbalife Ltd","Retail - Drug Stores",12.43,+0.40%,8,Sell,"72% Sell",+5.89,+25.81%,12.96,12.37,14.06,12.19,52.31,7.67,-15.67,1707625,Weakest,Weak,75.10%,1.31,11.34,13.04,64%
CPSS,"Consumer Portfol","Finance - Misc Services",9.07,-3.51%,5,Sell,"8% Sell",+5.87,+13.80%,9.41,9.33,8.98,9.29,45.68,-4.34,-14.89,21513,Weakening,Minimum,78.85%,2.07,8.93,9.64,19%
BWMX,"Betterware DE Mexico Sapi DE Cv","Consumer Prdts - Misc Discr",15.39,-2.22%,3,Sell,"72% Sell",+5.81,+12.01%,17.19,16.98,17.37,15.99,34.78,-6.13,-3.8,83484,Strengthening,Soft,35.47%,0.76,15.38,16.6,1%
YHNA,"Yhn Acquisition I Limited",Unclassified,11.05,+0.18%,7,Buy,"100% Buy",+5.81,+5.64%,10.67,10.84,10.53,10.97,64.25,-12.5,-7.95,31601,Strongest,"Top 1%",42.95%,0.51,10.84,11.09,83%
GOOD,"Gladstone Comml","REIT - Equity Trust Other",13.09,-0.15%,4,Buy,"100% Buy",+5.78,+0.08%,12.69,12.82,12.44,13.01,55.69,-18.06,10.58,476154,Strongest,Average,67.18%,1.03,12.8,13.22,70%
CLSK,"Cleanspark Inc","Finance - Misc Services",13.48,+6.23%,6,Hold,"16% Buy",+5.77,+47.00%,13.96,13,12.57,12.1,55.82,28.86,21.1,24198299,Weakening,Minimum,80.74%,0.88,10.9,13.29,108%
FSBW,"FS Bancorp Inc","Banks - West",43.08,-1.82%,5,Buy,"72% Buy",+5.75,+2.94%,42.16,43.23,41.5,43.02,50.63,-15.2,-7.46,15116,Weakening,Good,83.12%,0.95,42.04,43.99,53%
OLP,"One Liberty Properties","REIT - Equity Trust Other",23.77,-0.63%,5,Sell,"24% Buy",+5.74,+2.46%,24,24.49,23.58,24.12,42.37,-15.68,5.05,82482,Weakest,Weak,16.15%,0.85,23.55,24.69,19%
KEEL,"Keel Infrastructure Corp","Technology Services",3.73,+7.49%,2,Sell,"8% Sell",+5.59,+191.41%,4.3,3.96,3.59,3.36,53.28,173.27,46.62,41077594,Weakest,Minimum,63.48%,1.25,2.99,3.74,99%
CVNA,"Carvana Company Cl A","Internet Commerce",74.72,+0.17%,5,Buy,"24% Buy",+5.56,+0.37%,70.32,69.02,69.06,72.67,56.7,-17.77,-23.57,15397464,Weakening,Minimum,81.52%,0.63,67.85,77.49,71%
TMCI,"Treace Medical Concepts Inc","Medical Instruments",4.63,-3.74%,2,Buy,"96% Buy",+5.43,-34.88%,3.68,4.46,3.01,4.63,51.47,-53.02,76.88,734268,Weakening,Good,65.79%,0.63,4.33,4.93,50%
SR,"Spire Inc","Utility - Gas Distribution",83.44,+0.92%,6,Buy,"24% Sell",+5.33,+11.22%,83.18,81.57,85.68,82.76,55.61,-6.92,-11.21,447043,Weakest,Weak,63.86%,0.94,81.53,84,77%
BSBK,"Bogota Financial Corp","Banks - Northeast",9.3,+1.36%,5,Buy,"100% Buy",+5.28,-1.99%,8.87,9.08,8.73,9.18,57.81,-20.13,-2.04,9167,Strongest,Strong,38.31%,1.17,8.96,9.39,79%
APD,"Air Products and Chemicals","Chemical - Diversified",297.71,-1.18%,3,Hold,"64% Buy",+5.14,+3.05%,295.43,300.57,292.05,304.92,43.87,-15.09,8.42,1360563,Weakening,Average,15.20%,0.89,298.54,311.3,-7%
BVC,"Bitventures Limited","Technology Services",16.79,+8.18%,10,Buy,"100% Buy",+5.09,+154.40%,11.29,12.08,10.34,14.28,66.44,136.26,35.18,55373,"Top 1%","Top 1%",70.37%,0.5,12.1,16.46,108%
DEA,"Easterly Government Properties","REIT - Equity Trust Other",24.33,+0.08%,4,Sell,"40% Buy",+5.08,+3.93%,24.23,24.85,23.76,24.58,43.61,-14.21,2.72,428728,Weakest,Average,25.56%,0.87,24.09,25.07,25%
EQT,"Eqt Corp","Oil - US Exploration & Product",55.12,-0.09%,6,Buy,"8% Sell",+5.01,+8.59%,54.18,52.71,56.39,54.38,58.81,-9.55,-9.26,8249358,Weakest,Weak,65.40%,0.72,52.85,55.92,74%
BOC,"Boston Omaha Corp Cl A","Real Estate Operations",13.72,-0.29%,1,Sell,"40% Buy",+4.96,+1.63%,13.35,14.11,13.01,13.89,44.9,-16.51,-1.19,164693,Weakest,Average,42.78%,1.34,13.36,14.42,34%
AERT,"Aeries Technology Inc","Technology Services",7.08,-1.39%,4,Buy,"100% Buy",+4.77,+55.59%,6.27,6.86,5.26,7,54.83,37.45,59.58,42722,Weakening,Strong,44.07%,1.19,6.67,7.33,62%
ARVN,"Arvinas Inc","Medical - Biomedical",9.08,-3.30%,6,Buy,"24% Sell",+4.77,+14.36%,8.86,8.69,9.93,9.24,50.19,-3.78,-35.54,871620,Weakening,Weak,41.87%,0.79,8.82,9.67,31%
NL,"Nli Holdings Inc","Electronics - Misc Components",6.58,-3.09%,5,Buy,"88% Buy",+4.75,+7.52%,6.21,6.22,6.14,6.58,53.24,-10.62,8.19,51397,Average,Average,60.00%,1.75,6.29,6.87,50%
PTCT,"Ptc Therapeutics","Medical - Biomedical",68.81,-0.71%,2,Sell,"40% Sell",+4.74,+20.83%,73.87,75.51,72.1,71.5,39.56,2.69,-21.51,1459661,Strengthening,Weak,21.00%,0.83,68.59,74.42,4%
REG,"Regency Centers Corp","REIT - Equity Trust Retail",75.93,+0.89%,1,Sell,"24% Sell",+4.68,+3.90%,78.61,78.62,78.03,76.06,43.59,-14.24,-2.1,1366590,Weakest,Weak,33.20%,1.04,75,77.12,44%
AWK,"American Water Works","Utility - Water Supply",140.38,-0.23%,8,Buy,"88% Buy",+4.68,+0.26%,131.07,135.26,131.99,137.63,59.61,-17.88,-4.53,2016538,Strengthening,Strong,76.81%,0.92,133.88,141.38,87%
CRC,"California Resources Corp","Oil - US Exploration & Product",55.57,+2.49%,3,Hold,"32% Sell",+4.57,+12.22%,56.82,52.65,58.54,53.31,62.34,-5.92,12.19,888240,Weakest,Weak,81.63%,1.47,51.68,54.94,119%
RVSB,"Riverview Bancorp","Finance - Savings & Loan",5.25,-1.32%,3,Hold,"64% Sell",+4.36,+3.96%,5.4,5.28,5.4,5.2,50.92,-14.18,-7.52,65266,Average,Average,92.22%,0.96,5.07,5.33,70%
SBSI,"Southside Bancshares","Banks - Southwest",32.15,-2.07%,4,Sell,"40% Sell",+4.29,+4.38%,33.2,33.22,32.72,32.26,46.36,-13.76,-6.31,120840,Average,Minimum,76.93%,0.8,31.35,33.17,44%
AUDC,"Audiocodes Ltd","Communications Components",9.94,-2.07%,3,Buy,"88% Buy",+4.18,+2.16%,9.5,9.84,9.01,9.97,50.65,-15.98,1.76,120299,Weakening,Strong,72.38%,1.01,9.53,10.41,47%
OGS,"One Gas Inc","Utility - Gas Distribution",80.75,+1.11%,4,Hold,"48% Sell",+3.88,+8.36%,80.83,79.42,82.6,80.31,53.78,-9.78,-7.57,526161,Weakest,Weak,49.12%,0.82,78.89,81.74,65%
CTAS,"Cintas Corp","Textile - Apparel",200.5,+0.01%,3,Hold,"64% Buy",+3.85,-1.12%,185.33,197.85,186.32,202.27,48.82,-19.26,-5.49,2130656,Weakening,Good,29.28%,0.76,197.11,207.44,33%
ADAG,"Adagene Inc ADR","Medical - Biomedical",3.49,-2.51%,2,Sell,"8% Buy",+3.81,+46.03%,3.75,3.82,3.66,3.8,39.7,27.89,72.56,223380,Weakening,Minimum,16.87%,0.72,3.44,4.15,7%
HR,"Healthcare Realty Trust Inc.","REIT - Equity Trust Other",19.06,-0.31%,1,Sell,"8% Sell",+3.76,+4.73%,19.98,20.19,19.24,19.22,36.33,-13.41,0.35,3650158,Weakening,Minimum,40.84%,0.76,18.98,19.47,17%
IIPR,"Innovative Industrial Properties","REIT - Equity Trust Other",57.21,+0.02%,1,Sell,"24% Buy",+3.76,+0.72%,58.41,59.76,55.87,56.74,47.07,-17.42,8.7,359710,Weakest,Weak,75.25%,0.91,55.41,58.07,68%
UNCY,"Unicycive Therapeutics Inc","Medical - Drugs",5.03,-2.52%,4,Sell,"72% Sell",+3.62,+15.10%,6.44,5.32,6.52,5.35,41.83,-3.04,-24.92,840697,Strengthening,Good,10.09%,0.57,4.97,5.74,8%
MMI,"Marcus & Millichap","Real Estate Developers",31.33,-1.76%,5,Hold,"64% Buy",+3.51,-4.69%,30.18,31.36,28.83,31.83,47.58,-22.83,2.7,248867,Weakening,Strong,27.91%,1.1,30.74,32.93,27%
HIW,"Highwoods Properties","REIT - Equity Trust Other",30.5,-2.21%,4,Sell,"40% Buy",+3.43,-4.39%,29.17,31.87,26.98,31.17,41.27,-22.53,6.03,1471208,Weakest,Average,45.21%,0.83,30.31,32.04,11%
CVR,"Chicago Rivet & Machine Company","Machinery - Elect Utilities",10.2,-0.49%,2,Sell,"88% Sell",+3.32,+8.17%,10.33,10.23,11.31,10.24,49.36,-9.97,-38.77,4372,Strengthening,Average,38.75%,1.15,9.9,10.59,44%
AIIA,"AI Infrastructure Acquisition Corp Cl A",Unclassified,10.23,+0.10%,6,Buy,N/A,+3.30,N/A,10.15,10.2,10.09,10.22,53.04,N/A,-9.18,N/A,N/A,N/A,73.33%,0.73,10.19,10.26,61%
AFG,"American Financial Group","Insurance - Proprty & Casualty",140.88,-1.29%,5,Sell,"56% Buy",+3.18,+2.34%,137.83,142.92,135.06,143.94,42.38,-15.8,-9.03,503678,Weakest,Good,13.06%,0.67,141.11,146.77,-4%
GPC,"Genuine Parts Company","Retail - Wholesale Auto Parts",134.06,-2.91%,4,Hold,"64% Buy",+3.18,-4.14%,116.47,129.65,116.48,135.5,51.22,-22.28,-3.07,1576297,Weakening,Good,69.97%,0.57,131.55,139.46,32%
LONA,"Leonabio Inc","Medical - Biomedical",8.02,+6.08%,6,Sell,"8% Sell",+2.98,+108.31%,8.57,7.97,8.18,7.81,54.07,90.17,-6.16,364128,Weakest,Minimum,25.44%,5.58,7.5,8.13,83%
ELLO,"Ellomay Capital Ltd","Utility - Electric Power",20.61,-11.16%,5,Buy,"40% Sell",+2.92,+9.28%,21.69,19.61,23.3,20.35,51.07,-8.86,-27.29,6836,Weakening,Soft,75.29%,0.83,18.74,21.96,58%
HOG,"Harley-Davidson Inc","Auto - Domestic",27.18,-3.96%,7,Buy,"88% Buy",+2.89,-12.41%,25.43,26.43,23.51,27.57,49.87,-30.55,20.55,2985819,Average,Strong,52.53%,0.64,26.46,28.67,32%
RDN,"Radian Group Inc","Insurance - Multi Line",36.05,-1.66%,5,Sell,"8% Buy",+2.87,+2.47%,36.62,37.58,35.61,36.57,41.61,-15.67,-11.93,1215112,Weakening,Weak,39.10%,0.56,35.85,37.29,14%
ACGL,"Arch Capital Grp Ltd","Insurance - Proprty & Casualty",95.71,-2.44%,6,Sell,"8% Sell",+2.84,+5.29%,96.84,100.03,96.86,98.74,38.34,-12.85,-12.32,2152666,Weakening,Weak,4.67%,2.82,96.33,101.15,-13%
ECHO,"Echostar Corp","Satellite Communication",93.42,+4.03%,3,Hold,"64% Sell",+2.78,+15.86%,106.61,90.9,109.26,88.58,59.92,-2.28,-26.16,6443605,Weakest,Average,76.71%,0.97,83.45,93.72,97%
FE,"Firstenergy Corp","Utility - Electric Power",46.45,-0.68%,5,Sell,"72% Sell",+2.78,+7.25%,47.22,47.71,48.15,46.69,44.36,-10.89,-8.35,4696347,Strengthening,Weak,48.22%,1.34,45.71,47.67,38%
QCOM,"Qualcomm Inc","Electronics - Semiconductors",174.09,+3.17%,3,Buy,"24% Buy",+2.72,+8.64%,183.86,169.01,167.61,164.62,58.92,-9.5,-10.32,14492225,Weakening,Minimum,76.89%,2.11,156.69,172.54,110%
GDOT,"Green Dot Corp","Financial Transaction Services",13.25,-0.60%,4,Hold,"64% Buy",+2.63,-4.19%,13.02,13.34,12.52,13.38,46.5,-22.33,-8.67,589058,Weakest,Average,49.86%,0.62,13.18,13.58,17%
BOSC,"Bos Better Online","Computer - Networks",4.79,+3.23%,7,Buy,"40% Buy",+2.57,-2.24%,4.48,4.47,4.58,4.61,65.38,-20.38,-7.06,57629,Strengthening,Weak,37.93%,1.42,4.46,4.76,111%
APC,"Arko Petroleum Corp. Cl A","Oil - Refining and Marketing",18.75,-1.26%,2,Sell,N/A,+2.52,N/A,19.36,19.39,0,18.67,47.84,N/A,N/A,N/A,N/A,N/A,83.80%,0.7,17.97,19.38,55%
GATX,"GATX Corp","Transportation - Equip & Lease",176.32,-1.00%,4,Sell,"72% Sell",+2.51,+4.95%,180.02,178.44,180.46,177.7,46.07,-13.19,-8.14,206524,Strengthening,Weak,57.57%,0.88,174.17,181.23,30%
AGMB,"Agomab Therapeutics NV Adrs","Medical - Biomedical",14.91,-5.51%,5,Buy,N/A,+2.27,N/A,12.3,13.39,0,13.9,57.95,N/A,N/A,N/A,N/A,N/A,84.69%,2.13,12.47,15.32,85%
RGR,"Sturm Ruger & Company","Leisure & Recreational Prdcts",38.09,-1.04%,8,Hold,Hold,+2.26,+6.90%,39.08,38.07,39.09,37.92,50.56,-11.24,4.56,188266,Bearish,,57.67%,1.04,37,38.84,59%
ATHE,"Alterity Therapeutics Ltd ADR","Medical - Biomedical",4.51,-0.66%,3,Sell,"8% Buy",+2.11,-12.77%,4.62,4.79,4.24,4.61,46.88,-30.91,34.33,25120,Weakest,Soft,31.43%,1,4.36,4.86,30%
HY,"Hyster-Yale Inc","Machinery - Construct & Mining",35.69,-0.17%,1,Hold,"16% Buy",+2.11,-4.95%,35.29,33.92,35.22,34.23,56.71,-23.09,8.03,106433,Weakest,Minimum,93.51%,0.96,32.67,35.79,97%
ORN,"Orion Group Holdings Inc","Building - Heavy Construction",9.23,-0.54%,1,Sell,"88% Sell",+2.09,+25.07%,12.77,11.38,12.57,9.43,38.47,6.93,-19.24,398252,Strengthening,Strong,36.94%,0.43,8.87,10,32%
TUSK,"Mammoth Energy Services Inc","Oil - Field Services",3.19,+2.40%,2,Buy,"88% Buy",+2.04,+35.96%,3,3,2.79,3.17,54.87,17.82,60.6,295037,Average,Average,51.65%,0.77,3.01,3.33,59%
XRN,"Chiron Real Estate Inc","REIT - Equity Trust Other",37.17,+0.57%,6,Buy,"88% Buy",+1.93,-2.31%,36.18,36.8,35.81,36.78,54.53,-20.45,-1.93,120271,Strengthening,Average,55.95%,1.07,35.7,37.86,68%
HIG,"The Hartford Insurance Group","Insurance - Proprty & Casualty",135.66,-1.96%,1,Sell,"24% Sell",+1.86,+3.84%,136.05,139.14,136.75,137.9,42.78,-14.3,-13.65,1595010,Weakening,Minimum,36.01%,0.74,135.67,140.12,0%
CUZ,"Cousins Properties Inc","REIT - Equity Trust Other",28.41,-2.40%,6,Sell,"24% Buy",+1.80,-2.27%,28.57,30.35,26.78,29.36,36.63,-20.41,-1.9,1824760,Weakening,Weak,26.81%,0.66,28.46,30.25,-3%
INMD,"Inmode Ltd","Medical Products",14.81,-0.67%,3,Sell,"40% Buy",+1.64,-3.08%,14.51,15.06,14.32,15,43.14,-21.22,-11.28,812482,Weakest,Average,29.94%,1.16,14.76,15.24,10%
SVCO,"Silvaco Group Inc","Electronics - Semiconductors",6.76,+3.36%,1,Sell,"56% Sell",+1.58,+27.31%,9.6,8.34,8.09,6.89,43.11,9.17,54.81,414967,Weakening,Weak,33.07%,0.51,6.18,7.6,41%
AVO,"Mission Produce Inc","Agriculture Operations",12.87,+1.50%,3,Hold,"16% Buy",+1.47,0.00%,12.58,12.89,13,12.92,50.85,-18.14,-1.15,948589,Weakening,Minimum,31.55%,1.22,12.49,13.34,45%
WLKP,"Westlake Chemical Partners LP","Chemical - Specialty",21.74,-0.64%,3,Hold,"16% Sell",+1.47,-1.05%,22.36,21.84,22.23,21.72,48.96,-19.19,2.32,40001,Average,Minimum,55.13%,0.64,21.4,22.04,54%
WPC,"W.P. Carey & Company Llc","REIT - Equity Trust Other",70.56,+0.26%,5,Sell,"72% Sell",+1.46,+4.77%,73.01,72.24,72.43,70.94,43.06,-13.37,-2.47,1364506,Average,Weak,31.03%,0.99,69.63,72.25,35%
CWST,"Casella Waste Sys","Waste Removal Svcs",92.07,-1.56%,6,Buy,"24% Buy",+1.32,-1.25%,89.09,93.1,89.63,92.52,48.63,-19.39,-18.09,792145,Weakest,Weak,47.66%,0.7,89.36,95.68,43%
TRS,"Trimas Corp","Metal Production & Fabrication",38.73,-1.90%,2,Sell,"8% Sell",+1.23,-0.95%,40.12,40.17,38.95,39.18,43.3,-19.09,-2.85,489267,Weakening,Minimum,48.77%,0.63,38.29,40.06,25%
USPH,"U.S. Physical Therapy","Medical - Outpatient & Hm Care",78.71,-0.81%,3,Buy,"72% Buy",+1.19,-7.18%,71.36,76.39,74.19,79.04,53.45,-25.32,-11.31,206182,Weakening,Soft,63.99%,0.76,75.95,82.13,45%
DLNG,"Dynagas Lng Partners LP","Transportation - Services",3.86,+5.46%,3,Buy,"24% Buy",+1.14,0.00%,3.74,3.68,3.84,3.79,55.54,-18.14,-9.71,74987,Average,Minimum,37.25%,0.82,3.67,3.9,81%
MDT,"Medtronic Inc","Medical Products",92.39,-1.89%,8,Buy,"72% Buy",+1.01,-0.65%,83.18,86.96,86.31,91.88,57.12,-18.79,-15.92,8552017,Average,Soft,66.48%,1.07,89.51,94.25,61%
UI,"Ubiquiti Networks","Wireless Equipment",580.53,+0.15%,5,Buy,"56% Sell",+0.94,-0.51%,645.97,558.53,688.69,582.32,51.34,-18.65,-7.19,116342,Weakening,Soft,57.84%,1.19,558.15,606.49,46%
EDIT,"Editas Medicine","Medical - Biomedical",3.03,-6.19%,6,Buy,"88% Buy",+0.93,+8.60%,2.96,3.02,2.74,3.05,50.12,-9.54,35.7,2037531,Average,Average,46.26%,1.02,2.74,3.35,47%
BCML,"Bay Commercial Bk CA","Banks - West",30.1,-2.27%,7,Sell,"24% Sell",+0.90,+0.23%,31.15,31.61,30.65,30.44,43.7,-17.91,-9.72,44818,Average,Minimum,43.43%,0.59,29.5,31.37,32%
BANX,"Arrowmark Financial Corp","Finance - Investment Mgmt",21,+0.96%,7,Buy,"80% Buy",+0.85,-1.30%,19.97,20.31,19.83,20.73,60.64,-19.44,-15.86,43164,Strongest,Average,54.96%,1.06,20.38,21.08,89%
SSP,"E.W. Scripps Company","Broadcast - Radio & TV",3.21,-2.73%,1,Buy,"56% Sell",+0.59,+7.36%,3.45,3.13,3.57,3.3,49.06,-10.78,-31.65,736034,Average,Soft,45.12%,1.17,3.15,3.45,21%
KVUE,"Kenvue Inc","Consumer Prdts - Misc Staple",18.39,-1.87%,4,Sell,"24% Buy",+0.42,-0.22%,18.4,19.16,18.25,19.02,38.29,-18.36,-5.49,28651016,Weakening,Minimum,4.11%,0.81,18.54,19.49,-16%
BILL,"Bill Holdings Inc","Internet - Software",47.6,-3.17%,3,Hold,"64% Buy",+0.21,-5.18%,41.18,45.63,41.27,48.81,49.51,-23.32,-24.82,2528570,Weakening,Average,52.03%,0.8,46.63,51,22%
PPIH,"Perma-Pipe International Holdings Inc","Steel - Pipe & Tube",29.11,+2.57%,8,Buy,"24% Sell",+0.13,-8.33%,28.38,26.05,29.29,27.06,67.26,-26.47,-16.22,99518,Weakest,Weak,92.73%,2.27,25.67,28.44,124%
DGICA,"Donegal Group Cl A","Insurance - Proprty & Casualty",19,-2.31%,4,Buy,"72% Buy",+0.11,-1.50%,18.15,18.98,17.96,18.93,49.57,-19.64,-17.,124036,Weakening,Average,68.49%,0.79,18.34,19.53,55%
ORI,"Old Republic International Corp","Insurance - Multi Line",40.77,-1.59%,2,Sell,"8% Sell",+0.06,+1.12%,40.76,42.19,40.82,42.09,37.28,-17.02,-22.77,1595910,Weakening,Minimum,4.97%,0.99,41.11,43.07,-18%
EXE,"Expand Energy Corporation","Other Alt Energy",98.19,+0.29%,6,Buy,"8% Buy",+0.05,+3.88%,93.58,93.03,97.6,96.91,58.47,-14.26,-23.13,3508916,Weakest,Minimum,66.61%,0.66,93.57,100.24,69%
ENB,"Enbridge Inc","Oil - Production & Pipeline",50.48,+0.78%,2,Sell,"72% Sell",-0.07,+4.47%,54.04,53.04,53.73,50.6,42.39,-13.67,-6.56,4584245,Average,Average,28.14%,1.52,49.58,51.61,44%
LSE,"Leishen Energy Holding Co. Ltd","Oil Field Machinery & Equip",5.06,-6.30%,5,Buy,"72% Buy",-0.26,-5.95%,4.7,4.8,4.72,5.26,48.24,-24.09,3.69,12076,Average,Average,52.70%,0.22,4.75,5.78,30%
STRA,"Strategic Education",Schools,81.44,-0.18%,4,Buy,"56% Buy",-0.52,-2.03%,80.05,81.5,80.18,82.72,46.38,-20.17,-10.55,266205,Weakest,Average,24.02%,0.61,79.37,86.07,31%
WMK,"Weis Markets","Retail - Supermarket",70.87,-1.54%,1,Sell,"32% Sell",-0.52,-0.25%,74.29,74.91,72.58,70.87,42.81,-18.39,-1.52,147870,Average,Weak,80.56%,1.05,69.8,71.94,50%
TLIH,"Ten-League International Holdings Limited","Business Services",5.81,+1.40%,5,Hold,"96% Buy",-0.55,+1.95%,4.59,5.57,4.08,5.76,58.25,-16.19,44.88,205180,Strongest,Average,86.94%,0.22,5.67,5.84,81%
UHT,"Universal Health Realty Income Trust","REIT - Equity Trust Other",41.12,+0.71%,2,Sell,"40% Sell",-0.75,+0.51%,41.68,42.6,41.92,41.22,44.82,-17.63,-7.23,103619,Weakening,Minimum,27.71%,0.69,40.29,42.14,45%
NTIC,"Northern Technologies Intl Corp","Chemical - Diversified",7.9,-1.13%,2,Sell,"88% Sell",-0.86,+0.38%,8.11,8.18,8.26,8.04,41.68,-17.76,-11.21,13986,Strongest,Weak,33.33%,0.38,7.92,8.17,-6%
KSS,"Kohl's Corp","Retail - Regional Dept Stores",18.61,-4.27%,3,Buy,"88% Buy",-0.97,+12.18%,16.63,18.27,16.16,18.51,51.08,-5.96,-20.92,4812331,Weakest,Average,86.89%,1.18,17.06,19.95,54%
ECVT,"Pq Group Holdings Inc","Chemical - Specialty",10.12,-0.88%,4,Sell,"88% Sell",-0.99,+10.60%,12.46,11.31,12.31,10.21,37.18,-7.54,-8.09,1709760,Strongest,Strong,39.56%,1.01,9.94,10.49,33%
SAH,"Sonic Automotive","Retail - Wsale Auto & Trucks",76,-6.17%,3,Sell,"8% Sell",-1.18,-8.44%,82.92,87.24,76.32,78.68,38.97,-26.58,10.76,265627,Average,Minimum,61.45%,1.04,75.48,81.87,8%
NKTR,"Nektar Therapeutics","Medical - Drugs",75.44,+1.68%,4,Buy,"88% Buy",-1.25,+70.18%,72.17,71.9,71.07,74.14,56,52.04,66.33,983055,Strengthening,Soft,64.52%,1.18,71.24,77.03,72%
PPG,"PPG Industries","Chemical - Specialty",109.72,-2.50%,1,Sell,"24% Sell",-1.29,-1.62%,113.64,115.52,113.63,113.05,40.89,-19.76,-5.01,2000956,Average,Minimum,35.06%,1.35,109.79,116.31,-1%
FCPT,"Four Corners Property Trust IN","REIT - Equity Trust Other",24.82,-0.44%,5,Sell,"8% Sell",-1.63,-4.94%,25.14,25.3,25.07,25.06,43.37,-23.08,-4.47,811870,Weakest,Minimum,31.75%,0.59,24.58,25.55,25%
MAS,"Masco Corp","Building & Construction - Misc",70.93,-2.43%,1,Sell,"8% Sell",-1.67,-6.42%,73.4,75.91,71.06,73.15,41.33,-24.56,-0.33,2609331,Weakening,Weak,32.39%,0.82,70.24,76.07,12%
KHC,"Kraft Heinz Company","Food - Misc & Diversified",24.9,+0.20%,6,Buy,"56% Buy",-1.75,-7.43%,24.28,25.45,23.98,25.3,45.28,-25.57,-9.42,14934712,Weakening,Average,28.16%,1.44,24.38,26.22,28%
BCE,"BCE Inc","Diversified Comm Services",23.65,-0.08%,9,Buy,"8% Sell",-1.88,-3.03%,23.25,22.43,23.98,23.53,58.97,-21.17,-12.81,3456052,Weakest,Weak,58.08%,1.03,23.15,23.9,67%
WM,"Waste Management","Waste Removal Svcs",217.78,-0.55%,2,Sell,"56% Sell",-1.97,-0.58%,224.42,228.18,227.29,222.35,38.25,-18.72,-12.98,2128761,Strongest,Soft,18.61%,1.12,216.45,228.25,11%
BCBP,"Bcb Bancorp Inc","Banks - Northeast",8.7,+0.35%,4,Sell,"56% Sell",-2.11,-0.91%,9.93,9.52,9.47,8.73,40.27,-19.05,-4.29,123690,Weakening,Soft,48.67%,0.98,8.44,9.01,45%
GRBK,"Green Brick Partners","Building - Residential & Comm",70.25,-1.18%,6,Sell,"8% Buy",-2.13,-6.11%,70.85,72.61,70.53,71.48,43.46,-24.25,0.01,243197,Weakening,Weak,24.40%,1.52,69.09,73.88,24%
ATO,"Atmos Energy Corp","Utility - Gas Distribution",168.07,+0.30%,3,Sell,"100% Sell",-2.14,+2.56%,175.06,172.72,177.69,168.64,44.59,-15.58,-11.84,1225665,Average,Good,36.57%,0.76,165.74,171.53,40%
EQ,"Equillium Inc","Medical - Biomedical",2.41,+9.05%,6,Sell,"16% Buy",-2.16,+28.19%,2.47,2.47,2.26,2.28,53.69,10.05,43.38,634971,Weakening,Weak,33.42%,0.88,2.07,2.5,79%
NNI,"Nelnet Inc","Finance - Consumer Loans",125.14,-1.70%,1,Sell,"100% Sell",-2.17,-1.18%,131.73,130.98,131.4,126.72,38.46,-19.32,-17.98,133807,Strongest,Good,49.32%,1.33,124.68,128.76,11%
III,"Information Svcs Group",Consulting,5.09,-1.93%,1,Buy,"72% Buy",-2.24,-2.86%,4.38,4.53,4.37,5.06,59.62,-21.,-24.04,265155,Average,Average,83.76%,0.62,4.87,5.24,59%
CKX,"Ckx Lands","Real Estate Operations",10.7,-3.78%,2,Buy,"40% Buy",-2.43,-8.55%,10.81,10.98,10.61,10.85,47.69,-26.69,4.84,5914,Weakest,Weak,53.15%,0.77,10.35,11.34,35%
HIPO,"Hippo Holdings Inc","Insurance - Multi Line",32.66,-3.57%,6,Hold,"64% Buy",-2.53,-10.74%,28.85,31.1,28.26,33.13,51.04,-28.88,-3.52,149961,Weakening,Strong,50.58%,0.74,32.24,34.02,24%
NAAS,"Nass Technology Inc ADR","Electrical Power",3.1,+2.38%,1,Sell,"48% Buy",-2.55,+10.32%,2.99,3.25,2.78,3.25,44.02,-7.82,-20.38,16417,Weakening,Weak,16.98%,0.57,3.02,3.48,17%
VALU,"Value Line Inc","Finance - Investment Mgmt",36.86,-4.53%,3,Hold,"32% Buy",-2.61,-2.87%,36.1,37.93,36.16,37.51,47.78,-21.01,-16.19,2703,Weakest,Soft,43.73%,8.27,35.45,39.57,34%
ICFI,"Icf International","Government Services",87.25,-0.85%,1,Buy,"72% Buy",-2.63,-8.64%,76.17,83.39,75.38,88.92,50.5,-26.78,-9.81,255329,Weakening,Good,34.47%,0.73,86.94,90.9,8%
INDO,"Indonesia Energy Corp Ltd","Oil - International Integrated",3.06,-0.33%,8,Buy,"24% Sell",-2.66,+6.99%,2.95,2.89,3.36,2.94,59.16,-11.15,-7.66,1291358,Weakest,Weak,62.20%,1.34,2.76,3.12,83%
MC,Moelis,"Finance - Investment Brokers",68.77,-0.36%,4,Sell,"88% Buy",-2.67,-5.04%,66.95,67.39,64.74,67.94,53.19,-23.18,-12.06,1012295,Strengthening,Weak,74.48%,0.59,65.83,70.04,70%
ALV,"Autoliv Inc","Auto - Truck Original Parts",120.25,-3.95%,4,Buy,"40% Buy",-2.83,-5.20%,121.06,121.05,118.34,122.24,45.89,-23.34,-10.79,715932,Weakest,Weak,69.19%,1.44,118.87,125.62,20%
AXS,"Axis Capital Holdings","Insurance - Proprty & Casualty",98.61,-2.50%,1,Sell,"40% Sell",-2.85,+0.53%,103.08,106.32,102.81,99.73,39.38,-17.61,-20.02,638328,Strengthening,Weak,57.43%,0.81,97.95,101.51,19%
EFOR,"Everforth Inc","Technology Services",30.92,-5.01%,2,Buy,"8% Buy",-3.00,-41.03%,23.97,25.97,29.64,31.86,53.73,-59.17,-47.91,950206,Weakest,Minimum,52.13%,0.7,30.24,33.47,21%
SRE,Sempra,"Other Alt Energy",85.47,+1.70%,8,Sell,"88% Sell",-3.01,+7.63%,90.31,88.6,91.61,85,49.03,-10.51,-15.29,3780032,Weakening,Strong,57.62%,1.02,82.27,87.73,59%
DFIN,"Donnelly Financial Solutions Inc","Internet Software Services",49.82,-2.16%,6,Buy,"88% Buy",-3.05,-12.50%,45.2,47.76,46.02,48.41,57.63,-30.64,-5.4,278174,Strengthening,Average,83.00%,0.94,46.62,50.2,89%
RGCO,"Rgc Resources Inc","Oil - Refining and Marketing",21.58,-1.60%,6,Sell,"56% Sell",-3.06,-1.91%,22.85,22.63,22.56,21.72,44.07,-20.05,-10.79,12582,Strengthening,Soft,51.71%,0.7,21.23,22.21,36%
POCI,"Precision Optics Corp Inc","Medical Instruments",4.39,+0.80%,7,Sell,"72% Sell",-3.10,-1.90%,4.74,4.47,4.65,4.35,49.66,-20.04,-7.32,35139,Weakening,Weak,21.10%,0.98,4.15,4.56,58%
NFG,"National Fuel Gas Company","Oil - US Integrated",83.81,+0.59%,5,Buy,"24% Buy",-3.11,-1.83%,81.15,81.44,84.44,82.87,58.13,-19.97,-7.42,723356,Average,Minimum,54.20%,0.55,81.36,84.37,81%
GRNT,"Granite Ridge Resources Inc","Oil - US Exploration & Product",5.1,+0.39%,4,Buy,"8% Buy",-3.14,-2.86%,5.01,4.83,5.12,5.11,55.75,-21.,-3.59,891031,Weakest,Minimum,39.64%,2.45,4.97,5.24,48%
ULS,"Ul Solutions Inc Cl A","Business Services",73.19,-0.87%,2,Sell,"88% Sell",-3.15,+14.50%,89.55,82.96,86.7,75.22,31.88,-3.64,-19.29,1053022,Strongest,Strong,16.62%,0.41,72.67,77.77,10%
MAGN,"Magnera Corporation","Engineering & R&D Services",11.93,-4.86%,2,Sell,"24% Sell",-3.22,+1.19%,11.98,12.8,11.86,12.34,41.3,-16.95,-33.3,572886,Average,Minimum,45.32%,0.75,11.92,12.77,2%
MKDW,"Mkdwell Tech Inc","Electronics Products - Misc",10.5,-4.55%,3,Sell,"40% Buy",-3.32,+75.79%,9.56,11.29,7.42,11.24,43.73,57.65,107.34,99334,Weakest,Average,29.63%,0.65,10.41,12.07,5%
VEL,"Velocity Financial Inc","Finance - Mortgage & Rel Svs",18.12,-1.68%,2,Buy,"24% Sell",-3.38,-5.13%,17.98,17.89,18.21,18.13,51.47,-23.27,-24.82,102442,Weakening,Weak,51.98%,0.92,17.75,18.51,49%
OCSL,"Oaktree Specialty Lending Corp","Finance - Misc Services",12.77,-2.22%,6,Buy,"72% Buy",-3.50,-8.92%,12.28,12.45,12.07,13.02,48.42,-27.06,-11.86,763914,Weakening,Average,29.75%,1.04,12.75,13.3,4%
PRDO,"Perdoceo Education Corp",Schools,33.09,-0.33%,6,Sell,"24% Sell",-3.52,-1.19%,33.43,32.89,33.71,32.77,51.8,-19.33,0.72,662620,Weakening,Minimum,49.14%,0.82,31.36,34.18,61%
NTWK,"Netsol Tech Inc","Computer - Software",4,-1.96%,1,Sell,"8% Buy",-3.58,-5.21%,4.2,4.28,3.94,4.08,40.02,-23.35,19.91,32612,Weakening,Weak,37.06%,0.58,3.98,4.17,11%
SBGI,"Sinclair Inc","Media Conglomerates",13.8,-0.07%,2,Hold,"80% Sell",-3.71,-0.93%,14.32,14.17,14.3,14.19,45.03,-19.07,-21.9,463126,Average,Soft,19.28%,0.74,13.53,14.85,20%
UG,"United Guardian Inc","Medical Products",7.12,-0.21%,2,Sell,"24% Buy",-3.75,-15.74%,7.14,7.27,6.96,7.15,46.65,-33.88,3.48,8422,Weakest,Weak,21.13%,1.44,7.03,7.27,38%
WRB,"W.R. Berkley Corp","Insurance - Proprty & Casualty",69.77,+0.91%,2,Sell,"24% Buy",-3.87,-3.65%,69.02,71.05,68.87,69.18,50.59,-21.79,-12.6,2311981,Weakening,Weak,50.04%,2.27,67.45,70.91,67%
AXR,"Amrep Corp","Real Estate Developers",23.01,-0.56%,5,Sell,"72% Sell",-3.92,+6.97%,25.01,23.79,25.25,22.84,47.36,-11.17,10.29,9111,Weakening,Soft,63.78%,1.19,22.09,23.59,61%
IMDX,"Insight Molecular Diagnostics Inc","Medical Information Systems",4.27,+3.39%,1,Sell,"88% Sell",-4.00,+71.49%,4.94,4.65,4.91,4.22,47.74,53.35,-55.17,200074,Average,Soft,56.22%,1.1,3.81,4.62,57%
TRC,"Tejon Ranch Company","Real Estate Operations",16.57,+0.85%,3,Sell,"72% Sell",-4.05,-2.24%,18.27,17.2,18.23,16.31,50.33,-20.38,-7.03,110083,Weakening,Good,62.13%,1.55,15.93,16.69,84%
TLF,"Tandy Leather Fctry","Retail - Apparel & Shoes",2.64,+0.76%,2,Buy,"64% Buy",-4.11,-12.69%,2.41,2.47,2.46,2.58,62.48,-30.83,-15.75,35800,Strengthening,Soft,61.90%,1.29,2.47,2.69,76%
GEL,"Genesis Energy LP","Oil Refining & Marketing MLP",15.8,-0.32%,11,Buy,"24% Sell",-4.14,-3.83%,15.57,15.31,16.28,16.07,48.91,-21.97,-10.82,277896,Weakening,Weak,4.58%,1.31,15.55,16.58,24%
NXPI,"Nxp Semiconductors","Semi Analog & Mixed",223.87,-1.74%,3,Sell,"72% Sell",-4.42,-0.72%,269.64,249.21,250.48,227.21,40.74,-18.86,-8.96,3480219,Strengthening,Soft,64.16%,1.44,218.69,235.74,30%
ZBH,"Zimmer Biomet Holdings","Medical Products",94.22,-3.93%,7,Hold,"48% Buy",-4.59,-10.02%,90.77,94.95,91.58,99.33,39.88,-28.16,-7.32,2227415,Weakest,Average,20.71%,1.42,96.07,102.59,-28%
FDUS,"Fidus Investment Cor","Finance - SBIC & Commercial",19.62,-0.05%,1,Hold,"48% Buy",-4.62,-8.79%,19.24,19.81,18.88,19.69,47.03,-26.93,-10.44,314122,Weakening,Soft,47.12%,1.25,19.49,19.89,33%
EVER,"Everquote Inc Cl A","Internet - Software",24.94,+0.12%,2,Buy,"56% Buy",-4.65,+5.10%,21.95,25.21,19.93,25.15,48.95,-13.04,-19.73,758239,Weakest,Average,34.11%,0.75,23.69,26.61,43%
NPB,"Northpointe Bancshares Inc","Finance - Savings & Loan",17.25,-0.17%,6,Sell,"48% Sell",-4.72,-4.17%,17.7,17.69,17.69,17.15,50.27,-22.31,-9.3,236859,Weakening,Soft,71.58%,1.13,16.72,17.58,62%
CLMB,"Climb Global Solutions Inc","Technology Services",27.84,-4.56%,7,Buy,"72% Buy",-4.73,-12.12%,24.07,26.77,23.88,28.15,51.01,-30.26,-3.76,226824,Average,Average,77.31%,0.47,27.16,29.13,34%
TG,"Tredegar Corp","Chemical - Plastics",7.71,-0.64%,1,Buy,"72% Sell",-4.75,-2.16%,8.12,7.74,8.25,7.84,46.9,-20.3,-4.72,165915,Strengthening,Average,36.69%,0.84,7.58,8.1,25%
WFG,"West Fraser Timber L","Building Products - Wood",68.32,-0.58%,2,Sell,"72% Buy",-4.75,-10.39%,66.67,68.27,66.73,68.75,49.95,-28.53,-0.3,220715,Weakening,Weak,49.95%,0.63,65.98,71.51,42%
AB,"Alliancebernstein Holding LP","Finance - Investment Mgmt",36.72,-1.69%,3,Hold,"80% Sell",-4.77,-4.65%,37.33,36.87,37.82,36.6,49.21,-22.79,-16.67,325792,Average,Good,69.04%,1.13,35.95,37.25,59%
KPRX,"Kiora Pharmaceuticals Inc.","Medical - Drugs",2.51,-1.57%,6,Buy,"56% Buy",-4.77,-6.60%,2.56,2.57,2.41,2.59,44.24,-24.74,15.31,178130,Weakest,Weak,16.76%,0.55,2.48,2.71,13%
BNTC,"Benitec Biopharma Ltd ADR","Medical - Biomedical",12.73,+0.35%,3,Hold,"80% Buy",-5.05,-8.06%,12.28,12.69,11.96,12.79,50.65,-26.2,-17.63,150921,Strengthening,Average,43.33%,0.79,12.05,13.52,46%
AVPT,"Avepoint Inc Cl A","Internet - Software",13.18,-1.90%,4,Hold,"64% Buy",-5.09,-20.49%,11.66,12.93,11.19,13.42,48.72,-38.63,-17.25,2043028,Weakening,Average,35.20%,0.58,12.77,14.08,31%
BGSF,"Bgsf Inc","Business Services",5.34,-1.84%,4,Sell,"56% Sell",-5.40,-14.97%,5.49,5.54,5.69,5.43,46.03,-33.11,3.23,24223,Average,Weak,46.65%,0.87,5.18,5.67,32%
BTI,"British American Tobacco ADR",Tobacco,55.15,-0.36%,1,Sell,"88% Sell",-5.64,-1.85%,59.81,58.95,59.78,56.24,38.36,-19.99,-14.7,4305297,Strongest,Good,4.41%,1.23,55,57.47,6%
USLM,"U S Lime & Mineral","Building - CMT & CNT & AG",117.19,+0.43%,2,Buy,"8% Buy",-5.67,-4.43%,112.53,112.29,115.11,118.24,52.34,-22.57,-14.23,146143,Weakening,Minimum,32.61%,0.69,114.96,121.51,34%
SRL,"Scully Royalty Ltd","Conglomerates - Div Operations",5.56,-2.46%,1,Hold,"80% Sell",-5.74,+5.90%,6.74,5.68,7.19,5.82,41.63,-12.24,-47.07,21284,Strengthening,Average,24.05%,0.04,5.62,6.03,-15%
ATMU,"Atmus Filtration Technologies Inc","Auto - Truck Original Parts",47.43,-1.88%,2,Sell,"100% Sell",-5.74,+2.68%,51.83,50.65,54.84,48.88,41.71,-15.46,-20.73,905604,Strongest,Average,33.54%,0.95,46.33,51.43,22%
OPCH,"Option Care Health Inc","Medical - Outpatient & Hm Care",23.74,-1.94%,1,Buy,"8% Sell",-5.75,-19.77%,22.59,22.83,25.33,23.79,52.37,-37.91,-37.59,2372435,Weakest,Weak,69.89%,0.9,23.21,24.38,46%
GBTG,"Global Business Travel Group Inc","Internet - Software",9.48,0.00%,7,Buy,"100% Buy",-5.82,+15.47%,8.99,9.43,7.84,9.46,60.86,-2.67,11.82,2427179,Weakening,Strong,44.44%,0.55,9.43,9.49,80%
IBM,"Intl Business Machines","Computer - Integrated Systems",232.09,-1.19%,2,Sell,"100% Sell",-5.85,-9.37%,246.58,239.69,248.16,233.92,47.02,-27.51,-33.75,7180624,Strongest,Good,41.84%,0.54,228.94,238.9,32%
AIG,"American International Group","Insurance - Multi Line",74.68,-2.01%,1,Sell,"56% Sell",-6.11,-5.19%,76.88,77.87,76.97,76.3,38.18,-23.33,-24.81,4273517,Strengthening,Weak,28.19%,0.95,75.08,77.52,-16%
AMRN,"Amarin Corp ADR","Medical - Biomedical",14.25,+4.55%,3,Hold,"80% Sell",-6.19,-3.55%,14.55,14.35,14.65,14.02,53.73,-21.69,-9.99,79522,Average,Weak,21.44%,1.36,13.62,14.42,79%
INVE,"Identiv Inc","Computers - Peripheral Equpt",2.68,-4.63%,8,Buy,"64% Sell",-6.32,-29.47%,3.44,2.73,3.43,2.78,41.94,-47.61,-42.31,156214,Average,Good,20.52%,0.68,2.59,2.96,24%
WCN,"Waste Connections Inc","Waste Removal Svcs",163.16,-1.04%,4,Sell,"8% Sell",-6.34,-8.54%,162.41,167.78,163.33,166.15,41.85,-26.68,-19.06,1465088,Average,Minimum,21.80%,0.59,162.82,169.49,5%
MSCI,"MSCI Inc","Finance - Investment Mgmt",551.39,-3.77%,2,Sell,"56% Sell",-6.55,-4.04%,585.07,578.47,573,565.65,40.54,-22.18,-15.99,644186,Strengthening,Weak,57.75%,0.8,552.65,578.64,-5%
PG,"Procter & Gamble","Consumer Prdts - Misc Staple",145.58,-0.59%,3,Sell,"72% Sell",-6.57,-8.45%,146.22,146.65,148.33,144.93,49.56,-26.59,-10.52,9921324,Strengthening,Weak,64.53%,0.95,142.31,147.55,62%
PPHC,"Public Policy Holding Company Inc","Conglomerates - Div Operations",11.45,+7.51%,2,Buy,N/A,-6.68,N/A,10.72,9.88,11.41,10.83,56.97,N/A,N/A,N/A,N/A,N/A,56.59%,2.07,9.96,11.71,85%
CI,"The Cigna Group","Medical - HMO",275.83,-1.83%,3,Sell,"56% Sell",-6.90,-8.33%,283.96,283.31,281.33,278.94,45.03,-26.47,-11.88,1673141,Strengthening,Weak,48.94%,0.95,272.55,285.33,26%
NATH,"Nathan's Famous IN","Retail - Restaurants",98.3,-0.37%,5,Sell,"72% Sell",-6.95,-7.66%,99.93,98.68,100.22,97.72,51.61,-25.8,-7.04,36048,Weakening,Weak,81.85%,1.11,96.66,98.78,78%
ARCC,"Ares Capital Corp","Finance - SBIC & Commercial",19.7,-1.70%,4,Buy,"72% Buy",-7.08,-12.41%,19.04,19.32,18.91,19.91,49.26,-30.55,-14.72,5793458,Weakening,Average,48.66%,1.49,19.63,20.18,12%
SRI,"Stoneridge Inc","Electronics - Misc Components",7.28,-2.67%,2,Sell,"56% Buy",-7.17,-11.33%,7.16,7.19,7.05,7.13,52.34,-29.47,13.63,202240,Average,Weak,88.89%,0.78,6.83,7.42,76%
HNRG,"Hallador Energy Company","Other Alt Energy",16.9,+1.81%,8,Buy,"24% Sell",-7.40,-2.93%,16.72,15.92,17.07,16.13,58.27,-21.07,-23.34,764271,Weakest,Weak,87.83%,1.11,15.31,16.95,97%
SBAC,"SBA Communications","REIT - Equity Trust Other",188.69,-0.40%,10,Buy,"24% Sell",-7.48,-1.39%,194.84,183.28,194.01,185.83,54.27,-19.53,-14.55,994661,Weakest,Weak,66.56%,0.97,179.27,192.39,72%
VLTO,"Veralto Corporation","Waste Removal Svcs",95.53,-0.81%,3,Hold,"64% Buy",-7.80,-10.64%,90.72,95.27,90.99,97.87,44.32,-28.78,-16.36,1980969,Weakening,Average,10.23%,0.97,95.48,100.25,1%
APT,"Alpha Pro Tech","Protection - Safety",5.28,-1.49%,3,Buy,"64% Buy",-7.92,+7.98%,5.28,5.22,5.16,5.34,49.78,-10.16,6.82,54901,Weakening,Weak,39.83%,0.68,5.17,5.51,32%
DGXX,"Digi Power X Inc","Technology Services",3.91,+4.27%,3,Sell,"56% Sell",-8.01,+76.92%,5.05,4.04,4.19,3.83,50.42,58.78,41.23,5550116,Weakest,Weak,49.82%,0.75,3.39,4.27,59%
RHLD,"Resolute Holdings Management","Finance - Misc Services",136.32,-0.20%,4,Hold,"16% Sell",-8.12,+98.54%,129.27,134.27,142.08,132.44,53.21,80.4,-46.06,166900,Weakest,Minimum,63.39%,0.55,121.07,143.8,67%
AMT,"American Tower Corp","REIT - Equity Trust Other",175.73,-0.07%,10,Buy,"40% Sell",-8.13,-9.25%,176.2,171.12,177.69,174.87,52.58,-27.39,-12.01,3099695,Weakest,Weak,44.13%,0.78,170.2,179.54,59%
STC,"Stewart Information Services Corp","Insurance - Proprty & Casualty",67.04,-0.73%,8,Sell,"8% Sell",-8.25,-10.78%,67.83,68.39,67.06,68.43,43.5,-28.92,-16.68,230658,Weakest,Minimum,22.83%,1.52,65.87,70.99,23%
SMG,"Scotts Miracle-Gro Company","Agriculture Operations",57.53,-3.26%,4,Sell,"40% Sell",-8.50,-7.69%,63.11,64.64,63.81,60.49,34.4,-25.83,-13.51,916552,Strengthening,Average,18.38%,0.93,58.05,62.92,-11%
UTSI,"Utstarcom Holdings C","Communications Components",2.25,-3.02%,3,Sell,"88% Sell",-8.50,-10.35%,2.52,2.42,2.49,2.37,41.06,-28.49,-23.52,104300,Strongest,Average,55.33%,0.39,2.25,2.48,-1%
ZKH,"Zkh Group Limited ADR","Internet - Services",2.96,+0.34%,4,Buy,"8% Sell",-8.52,+3.86%,2.85,2.83,3,2.93,54.85,-14.28,-31.67,172624,Weakest,Weak,84.44%,2.12,2.86,3,70%
QGEN,"Qiagen N.V.","Medical - Biomedical",42.38,-2.51%,3,Buy,"40% Buy",-8.73,-15.38%,39.11,41.96,40.96,43.32,47.29,-33.52,-22.57,2314517,Weakest,Weak,41.04%,0.52,41.82,44.83,19%
CRNT,"Ceragon Networks Ltd","Wireless Non-US",2.05,-2.38%,2,Sell,"88% Sell",-8.88,+1.49%,2.44,2.21,2.39,2.11,41.68,-16.65,-14.48,553159,Strengthening,Average,42.96%,0.37,2,2.22,22%
EVTC,"Evertec Inc","Financial Transaction Services",29.03,-4.35%,3,Buy,"56% Buy",-8.88,-15.46%,28.05,29.96,28,30.01,44.19,-33.6,-12.31,508009,Weakest,Soft,49.44%,1.19,28.6,31.43,15%
RILY,"Brc Group Holdings Inc","Finance - Misc Services",7.04,+0.14%,4,Sell,"88% Sell",-9.14,+37.37%,7.98,7.22,7.71,7.13,47.21,19.23,38.65,1129683,Strengthening,Weak,54.53%,0.77,6.74,7.53,38%
ZUMZ,"Zumiez Inc","Retail - Apparel & Shoes",17.7,-1.83%,1,Sell,"100% Sell",-9.17,-16.67%,20.45,18.59,21.56,18.2,42.75,-34.81,-44.15,210920,Strongest,Good,39.29%,0.6,17.34,19.07,21%
SAFE,"Safehold Inc","REIT - Equity Trust Resident",14.69,-2.84%,1,Sell,"24% Sell",-9.23,-10.37%,15.57,15.87,15.35,15.23,35.27,-28.51,-4.8,366128,Strengthening,Weak,31.22%,1.47,14.81,15.66,-14%
IVA,"Inventiva S.A. ADR","Medical - Biomedical",4.67,-2.30%,5,Buy,"24% Sell",-9.25,-13.04%,4.63,4.53,5.09,4.72,49.59,-31.18,-11.67,606830,Weakening,Weak,42.25%,1.36,4.56,4.89,34%
BRT,"BRT Realty Trust","REIT - Equity Trust Resident",14.3,-0.35%,6,Hold,"32% Sell",-9.43,-9.21%,14.65,14.73,14.53,14.48,44.42,-27.35,-14.82,48354,Average,Weak,12.57%,1.25,14.04,14.93,30%
GLAD,"Gladstone Cap Corp","Finance - SBIC & Commercial",19.9,-1.00%,6,Buy,"88% Buy",-9.44,-23.64%,19.34,19.58,18.96,19.83,53.66,-41.78,-15.78,190742,Average,Weak,67.17%,1.21,19.44,20.22,59%
SPH,"Suburban Propane Partners LP","Oil Refining & Marketing MLP",17.37,-0.86%,1,Sell,"100% Sell",-9.53,-5.24%,18.48,17.89,19.05,17.61,39.54,-23.38,-18.41,166044,Strengthening,Strong,21.51%,1.19,17.41,17.81,-9%
XLO,"Xilio Therapeutics Inc","Medical - Biomedical",8.91,-1.00%,3,Sell,"40% Buy",-9.58,-8.52%,8.68,9.08,8.42,9.11,44.12,-26.66,-12.69,37053,Weakest,Weak,39.00%,0.33,8.74,9.48,23%
REXR,"Rexford Industrial Realty Inc","REIT - Equity Trust Other",37.43,+1.74%,5,Buy,"56% Buy",-9.61,-12.91%,35.86,36.5,35.85,36.94,55.67,-31.05,-15.43,2505102,Strengthening,Weak,44.67%,0.89,35.95,37.92,75%
JLHL,"Julong Holding Limited Cl A","Building & Construction - Misc",6.12,+0.49%,3,Sell,"88% Sell",-9.70,+51.11%,14.03,7.59,11.22,6.74,42.87,32.97,39.76,979786,Strengthening,Soft,20.21%,0.03,5.37,8.12,27%
CE,"Celanese Corp","Chemical - Specialty",44.53,-0.31%,5,Sell,"88% Sell",-9.72,-4.28%,51.33,45.56,53.35,45.14,46.49,-22.42,-6.78,2110116,Strongest,Average,18.36%,1.4,43.31,46.97,33%
PIPR,"Piper Jaffray Companies","Finance - Misc Services",77.34,+0.39%,3,Hold,"48% Sell",-9.74,-7.22%,78.17,75.1,78.3,75.51,57.05,-25.36,-21.03,621130,Weakest,Soft,82.98%,0.84,72.95,78.06,86%
EPAC,"Actuant Corp","Machinery - Tools & Related",37.03,-0.83%,3,Buy,"8% Buy",-9.77,-12.73%,35.49,36.12,36.52,37.1,52.08,-30.87,-15.26,441842,Weakest,Minimum,55.22%,0.57,36.44,37.76,45%
CVGI,"Commercial Vehicle G","Auto - Truck Original Parts",3.17,-2.16%,1,Sell,"48% Sell",-9.94,+74.18%,4.4,3.97,3.81,3.17,39.27,56.04,108.04,631672,Weakening,Weak,62.15%,0.67,2.99,3.35,50%
LSPD,"Lightspeed Commerce Inc","Internet - Software",10.22,-2.76%,2,Hold,"48% Buy",-10.01,-15.75%,9.88,10.4,9.62,10.5,46.14,-33.89,-27.5,903526,Weakest,Weak,37.59%,0.95,10.12,10.88,13%
ABG,"Asbury Automotive Group Inc","Retail - Wsale Auto & Trucks",212.91,-2.00%,6,Sell,"8% Buy",-10.02,-16.30%,205.69,215.22,206.49,211.6,49.11,-34.44,-20.54,235530,Weakest,Minimum,73.71%,0.94,205.41,217.79,61%
CHSCP,"CHS Inc","Agriculture Operations",26.79,+0.34%,6,Buy,"56% Sell",-10.17,-9.09%,27.16,26.69,27.47,26.66,56.91,-27.23,-15.39,16284,Weakest,Good,64.61%,1.19,26.56,26.77,111%
NC,"Nacco Industries",Coal,40.4,-3.65%,4,Sell,"100% Sell",-10.36,+2.36%,47.58,45.01,49.39,41.79,36.41,-15.78,-29.72,12637,Strongest,Strong,25.03%,1.13,40.21,43.36,6%
ULH,"Universal Logis Holdings","Transportation - Services",18.59,-2.21%,5,Buy,"24% Buy",-10.39,-23.47%,17.08,16.93,17.43,19.09,51.75,-41.61,10.28,58931,Weakest,Weak,35.25%,0.96,18.18,19.99,22%
LBTYA,"Liberty Global Ltd Ord A","Diversified Comm Services",10.71,+0.85%,7,Sell,"72% Sell",-10.71,-8.54%,11.25,10.62,11.56,10.59,52.32,-26.68,-15.96,2296640,Weakening,Good,54.74%,0.85,10.29,10.89,69%
FCN,"Fti Consulting",Consulting,151.01,-0.45%,6,Sell,"100% Sell",-10.82,-9.60%,158.14,155.5,161.94,152.39,45.06,-27.74,-23.7,413768,Strengthening,Strong,32.12%,1.01,149.25,155.54,28%
DDL,"Dingdong [Cayman] Ltd ADR","Internet Commerce",2.2,-2.65%,4,Hold,"80% Sell",-10.84,-1.79%,2.37,2.27,2.49,2.3,42.15,-19.93,-23.75,1119266,Strengthening,Soft,16.06%,1.34,2.18,2.42,8%
AMC,"AMC Entertainment Holdings","Leisure & Recreation Services",2.56,-3.40%,7,Buy,"96% Buy",-10.85,-9.54%,2.08,2.38,1.79,2.56,50.99,-27.68,52,34586297,Average,Strong,60.56%,0.78,2.39,2.74,49%
BXSL,"Blackstone Secured Lending Fund","Finance - SBIC & Commercial",24.49,-0.93%,6,Buy,"8% Buy",-10.96,-16.02%,23.95,24,24.01,24.68,50.77,-34.16,-19.09,2096302,Weakest,Minimum,38.56%,0.97,24.25,25.11,28%
FRPH,"Frp Holdings Inc","Real Estate Operations",22.22,-1.64%,3,Sell,"56% Sell",-11.02,-13.14%,22.84,23.04,22.86,22.24,46.56,-31.28,-14.6,72899,Average,Soft,52.78%,1.18,21.72,22.76,48%
MLP,"Maui Land & Pineapple Company","Real Estate Operations",16.27,+1.50%,1,Sell,"24% Sell",-11.05,-3.44%,16.63,16.65,16.52,15.93,50.05,-21.58,-16.06,20251,Weakening,Weak,51.97%,0.69,15.38,16.48,81%
ELTK,"Eltek Ltd","Electronics - Misc Components",8.15,-1.09%,2,Sell,"100% Sell",-11.40,-19.47%,8.67,8.6,8.69,8.18,47.79,-37.61,-17.88,12882,Strengthening,Average,44.80%,0.2,7.52,8.84,48%
MKL,"Markel Corp","Insurance - Multi Line",1785.71,-2.25%,1,Sell,"88% Sell",-11.44,-7.44%,1870.99,1891.62,1910.62,1814.94,38.95,-25.58,-29.03,59780,Strongest,Strong,45.46%,0.87,1777.34,1852.55,11%
UHS,"Universal Health Services","Medical - Hospitals",171.89,+1.32%,6,Buy,"8% Sell",-11.48,-7.47%,161.55,163.81,174.47,172.14,54.4,-25.61,-33.26,842849,Weakening,Minimum,29.36%,0.97,166.42,177.87,48%
CRAI,"Cra International",Consulting,168.06,-1.67%,5,Hold,"16% Buy",-11.50,-12.88%,158.38,168.74,160.8,171.43,45.07,-31.02,-28.36,151869,Weakest,Minimum,29.43%,0.9,165.32,177.53,22%
KRC,"Kilroy Realty Corp","REIT - Equity Trust Other",36.15,-2.67%,1,Sell,"24% Buy",-11.53,-15.32%,36.44,37.97,34.37,36.57,41.87,-33.46,-15.36,1717134,Weakest,Minimum,60.66%,1.11,35.86,37.27,20%
VATE,"Innovate Corp","Conglomerates - Div Operations",7.03,-5.51%,1,Sell,"72% Sell",-11.64,+32.64%,11.8,9.17,9.73,7.58,40.08,14.5,43.43,150051,Strengthening,Soft,25.27%,0.33,7.11,8.05,-9%
DXR,"Daxor Corp","Medical - Outpatient & Hm Care",10.46,+1.85%,4,Hold,"16% Sell",-11.80,-8.33%,10.23,10.35,10.77,10.28,51.81,-26.47,-41.18,7056,Weakest,Weak,50.21%,8.77,9.74,10.82,67%
SLGN,"Silgan Holdings","Containers - Metal & Glass",39.31,-4.54%,4,Sell,"40% Sell",-11.85,-12.20%,41.48,43.4,42.25,41.62,33.74,-30.34,-14.73,1000000,Strengthening,Weak,15.54%,0.85,40,43.23,-21%
PLUG,"Plug Power Inc","Electronics Products - Misc",2.26,+4.15%,2,Sell,"56% Sell",-11.90,+56.94%,2.74,2.23,2.57,2.21,52.99,38.8,2.62,79124859,Weakest,Soft,50.00%,1.38,2.07,2.35,67%
TW,"Tradeweb Markets Inc","Finance - Investment Brokers",103,-3.01%,7,Hold,"48% Sell",-12.11,-13.68%,104.44,102.73,109.67,106.01,45.15,-31.82,-16.32,1500656,Weakening,Weak,33.05%,0.77,102.57,109.45,6%
NOMD,"Nomad Foods Ltd","Food - Misc & Diversified",11.46,-1.55%,3,Buy,"56% Buy",-12.33,-21.13%,10.82,11.7,10.84,11.71,45.37,-39.27,-20.49,1641652,Weakest,Weak,18.76%,0.63,11.22,12.2,24%
NRDS,"Nerdwallet Inc Cl A","Finance - Misc Services",9.56,-3.24%,4,Buy,"8% Sell",-12.37,-14.57%,9.33,9.54,9.69,9.87,46.5,-32.71,-41.55,854397,Weakest,Weak,27.96%,1.34,9.55,10.2,2%
WLDN,"Willdan Group Inc","Business Services",87.25,+1.71%,5,Buy,"8% Buy",-12.37,-10.65%,82.78,79.05,86,85.89,59.26,-28.79,-27.93,315320,Weakening,Minimum,60.97%,0.87,82.99,88.78,74%
IBP,"Installed Building Products","Building & Construction - Misc",228.04,-4.41%,4,Sell,"72% Sell",-12.52,-18.40%,235.17,233.97,256.15,242.16,41.58,-36.54,-24.19,375612,Strengthening,Average,27.96%,0.87,231.45,252.87,-16%
CXT,"Crane Nxt CO","Technology Services",49.6,-0.92%,1,Sell,"24% Buy",-12.60,-19.49%,46.71,51.13,46.69,50.05,46.61,-37.63,-6.73,747107,Weakest,Weak,66.91%,0.82,48.06,52.03,39%
AUNA,"Auna Sa Cl A","Medical Services",5.24,-0.76%,5,Buy,"80% Buy",-12.64,-17.48%,5.05,5.2,5.13,5.27,50.51,-35.62,-5.6,308725,Average,Weak,64.10%,0.85,5.09,5.44,42%
CC,"Chemours Company","Chemical - Diversified",15.45,+0.98%,4,Sell,"88% Sell",-12.81,-4.92%,19.95,16.78,19.79,15.54,44.82,-23.06,18.94,2864677,Strengthening,Average,28.46%,0.76,14.95,16.13,42%
BWIN,"The Baldwin Insurance Group Inc","Insurance - Life",29.71,-3.79%,6,Hold,"80% Buy",-12.86,-8.22%,25.03,28.72,23.46,30.8,48.68,-26.36,11.54,1478930,Average,Good,29.15%,0.68,29.68,31.92,1%
IDR,"Idaho Strategic Resources","Mining - Gold",31.1,-1.11%,3,Buy,"72% Sell",-12.87,+6.62%,35.4,31.23,35.67,32.19,46.7,-11.52,-34.93,350188,Strongest,Average,26.37%,0.98,29.7,34.68,28%
WHF,"Whitehorse Finance","Finance - SBIC & Commercial",7.04,-0.85%,4,Buy,"24% Buy",-12.92,-18.99%,6.9,6.75,6.94,7.08,54.45,-37.13,-10.81,110980,Weakest,Weak,43.99%,1.51,6.97,7.19,30%
CHNR,"China Natural Res","Mining - Misc",3.93,+0.64%,3,Buy,"32% Buy",-12.93,-8.06%,4.02,3.92,3.94,4.07,47.42,-26.2,-2.64,263851,Weakening,Weak,17.25%,0.06,3.87,4.27,16%
LBTYK,"Liberty Global Ltd Ord C","Broadcast - Radio & TV",10.44,+0.05%,5,Sell,"56% Sell",-12.98,-12.09%,10.93,10.33,11.25,10.34,52.29,-30.23,-17.58,1215655,Weakest,Good,65.21%,0.66,10.04,10.63,67%
KBDC,"Kayne Anderson Bdc Inc","Finance - SBIC & Commercial",13.19,-1.93%,1,Sell,"100% Sell",-13.08,-13.56%,14.05,13.59,14,13.47,38.81,-31.7,-19.99,340453,Strongest,Strong,45.06%,0.63,13.18,13.75,1%
FPH,"Five Point Holdings Llc Cl A","Real Estate Developers",5.09,-1.36%,2,Hold,"40% Sell",-13.23,-13.58%,5.09,5.17,5.12,5.13,46.28,-31.72,-21.04,170480,Weakening,Weak,55.56%,0.72,5.03,5.22,32%
GXO,"Gxo Logistics Inc","Transportation - Air Freight",46.71,-3.33%,3,Sell,"100% Sell",-13.26,-10.64%,50.39,49.61,52.63,47.17,44.49,-28.78,-23.37,1313158,Strengthening,Strong,73.25%,1.12,45.4,48.95,37%
NVO,"Novo Nordisk A/S ADR","Large Cap Pharma",45.16,-3.09%,2,Sell,"8% Sell",-13.31,-16.80%,45.81,47.83,44.04,46.36,43.48,-34.94,-23.34,17500615,Weakening,Minimum,33.34%,0.91,44.56,48.17,17%
MSDL,"MS Direct Lending Fund","Finance - SBIC & Commercial",15.04,-1.38%,3,Sell,"48% Sell",-13.32,-16.40%,15.29,15.29,15.15,15.32,42.09,-34.54,-20.84,696378,Average,Weak,24.73%,2.68,15.1,15.53,-14%
DORM,"Dorman Products Inc","Auto - Truck Replacement Parts",128.78,-1.92%,1,Hold,"48% Buy",-13.42,-22.58%,127.66,134.98,123.02,131.15,44.51,-40.72,-7.56,248801,Weakest,Weak,48.82%,0.61,126.44,135.87,25%
CRNC,"Cerence Inc","IT Services",8.26,-3.17%,1,Sell,"72% Sell",-13.43,-12.59%,9.62,9.06,8.93,8.35,44.59,-30.73,-34.83,997034,Strengthening,Soft,73.60%,0.84,7.74,8.96,43%
AKA,"A.K.A. Brands Holding Corp","Retail - Apparel & Shoes",10.73,-2.10%,2,Sell,"8% Buy",-13.62,+7.19%,10.47,10.91,10.43,10.72,49.17,-10.95,-11.82,5109,Weakest,Minimum,43.42%,1.29,10.33,11.12,51%
AFRM,"Affirm Holdings Inc Cl A","Internet - Software",72.08,-0.37%,6,Sell,"24% Buy",-13.98,-16.07%,72.33,76.94,64.86,75.4,44.05,-34.21,-15.26,5277969,Weakening,Weak,14.24%,0.79,70.77,80.03,14%
SOHU,"Sohu.com Inc ADR","Internet - Services",13.74,-0.07%,2,Hold,"48% Sell",-14.03,-14.55%,13.92,13.56,14.59,14.16,45.75,-32.69,-24.25,48588,Weakening,Soft,32.16%,0.86,13.6,14.72,13%
DMAC,"Diamedica Therapeutics Inc","Medical - Biomedical",6.54,-3.11%,2,Sell,"40% Sell",-14.11,-8.66%,6.48,6.91,6.81,6.64,47.25,-26.8,-29.94,238775,Average,Weak,64.31%,0.67,6.34,6.93,34%
LADR,"Ladder Capital Corp","REIT - Mortgage Trusts",9.78,-0.51%,5,Hold,"80% Sell",-14.48,-16.84%,10.01,9.83,10.07,9.89,47.05,-34.98,-23.11,887930,Strengthening,Average,28.89%,0.83,9.69,10.09,22%
TSQ,"Townsquare Media Llc","Broadcast - Radio & TV",5.51,-1.96%,1,Sell,"72% Sell",-14.51,-24.52%,6.37,6.2,6.39,5.72,36.37,-42.66,-4.9,112796,Strongest,Average,3.69%,0.94,5.52,5.93,-2%
ACFN,"Acorn Energy Inc","Electronics Products - Misc",19.5,+2.47%,6,Hold,"96% Buy",-14.89,-36.23%,18.12,18.94,18.28,19.41,51.5,-54.37,17.04,30397,Strongest,Soft,39.49%,2.17,17.81,21.02,53%
ADT,"ADT Inc","Protection - Safety",7.22,-3.22%,2,Hold,"32% Buy",-14.90,-16.24%,7.05,7.21,7.07,7.4,43.46,-34.38,-22.63,9345337,Weakest,Weak,66.44%,1.01,7.21,7.59,4%
ANGH,"Anghami Inc","Broadcast - Radio & TV",3.46,-1.70%,3,Hold,Hold,-14.94,+9.43%,3.71,3.44,3.47,3.48,49.02,-8.71,-20.32,265245,Falling,,45.75%,1.52,3.2,3.77,46%
LGCY,"Legacy Education Inc",Schools,10.46,-0.57%,2,Sell,"88% Sell",-14.99,-18.66%,11.44,11.36,11.86,10.65,39.23,-36.8,-9.45,53998,Strongest,Average,24.20%,1.26,10.26,11.04,26%
RAVE,"Rave Restaurant Group","Retail - Restaurants",2.89,-4.93%,4,Sell,"8% Sell",-15.23,-15.25%,3.03,3.17,2.95,3.08,29.25,-33.39,-24.52,50853,Weakening,Minimum,17.48%,6.03,2.97,3.19,-34%
ARES,"Ares Management LP","Finance - Investment Mgmt",138.62,-1.09%,3,Buy,"56% Buy",-15.24,-21.35%,127.39,131.63,123.1,141.77,50.36,-39.49,-26.34,3177298,Weakening,Weak,37.41%,0.87,137.01,146.54,17%
PRTH,"Priority Techno Holdings Inc","Technology Services",5.49,-1.08%,6,Sell,"24% Sell",-15.27,-29.16%,6.05,6.16,5.77,5.47,43.91,-47.3,-11.37,372674,Weakest,Weak,52.31%,0.92,5.17,5.77,54%
AGO,"Assured Guaranty Ltd","Insurance - Multi Line",73,-3.55%,1,Sell,"88% Sell",-15.39,-10.90%,79.05,79.84,80.81,75.2,32.99,-29.04,-30.87,350513,Strongest,Strong,41.75%,0.94,73.49,76.91,-14%
ALKT,"Alkami Technology Inc","Internet - Software",19.38,-1.57%,5,Buy,"72% Buy",-15.42,-24.97%,17.69,18.89,17.37,20.12,47.4,-43.11,-28.09,1682501,Weakening,Soft,32.94%,2.55,19.42,20.82,-3%
STEP,"Stepstone Group Inc Cl A","Finance - Misc Services",50.74,-0.35%,5,Buy,"8% Buy",-15.50,-17.91%,48.16,46.28,48.71,49.99,56.25,-36.05,-33.03,1166549,Weakest,Minimum,65.44%,0.7,47.84,52.13,68%
KREF,"KKR Real Estate Finance Trust Inc","REIT - Mortgage Trusts",7.46,-2.48%,3,Buy,"72% Buy",-15.54,-24.11%,7.02,7.39,6.94,7.56,48.89,-42.25,-21.35,1162566,Weakening,Soft,66.97%,0.47,7.35,7.76,26%
TARA,"Artara Therapeutics Inc","Medical - Drugs",3.89,-1.27%,1,Sell,"100% Sell",-15.56,+26.71%,4.36,4.01,4.83,3.92,45.76,8.57,-39.12,822505,Strongest,Average,52.08%,0.8,3.83,4.02,33%
QTWO,"Q2 Holdings Inc","Internet - Software",60.38,-2.82%,5,Hold,"64% Buy",-15.89,-28.15%,53.25,59.13,52.22,63.97,42.03,-46.29,-28.42,852696,Weakening,Soft,9.67%,0.55,61.42,66.51,-21%
TE,"T1 Energy Inc",Solar,5.06,+10.00%,1,Sell,"72% Sell",-16.07,+155.56%,6.59,5.62,6.54,4.68,51.89,137.42,-36.35,26270258,Average,Average,60.20%,0.97,4.06,5.29,81%
BBWI,"Bath & Body Works Inc","Retail - Misc & Diversified",18.9,-3.13%,3,Sell,"72% Sell",-16.09,-33.64%,19.56,19.99,19.96,19,47.14,-51.78,-17.98,6360263,Strengthening,Weak,55.70%,0.92,17.89,20.11,46%
BBOT,"Bridgebio Oncology Therapeutics Inc","Medical - Biomedical",8.86,-1.34%,3,Hold,"16% Sell",-16.11,-19.53%,8.51,8.76,8.93,9.08,48.45,-37.67,-41.33,323665,Weakest,Weak,38.68%,0.51,8.64,9.52,25%
CYH,"Community Health Systems","Medical - Hospitals",2.84,-1.73%,6,Sell,"72% Sell",-16.11,-4.05%,2.99,3.09,3.06,2.94,40.1,-22.19,-21.07,1662831,Strengthening,Soft,16.70%,0.57,2.84,3.03,0%
MITT,"Tpg Mortgage Investment Trust Inc","REIT - Mortgage Trusts",6.78,-0.29%,4,Sell,"88% Sell",-16.16,-13.19%,7.48,7.14,7.63,6.71,46.15,-31.33,-32.52,230248,Average,Strong,88.05%,1.09,6.63,6.8,87%
TBCH,"Turtle Beach Corp","Computers - Peripheral Equpt",12.3,-1.44%,1,Hold,Hold,-16.19,-18.54%,12.39,12.67,12.16,12.57,46.45,-36.68,-24.43,296356,Falling,,37.06%,0.54,12.04,13.1,25%
CRVS,"Corvus Pharma Com","Medical - Biomedical",13.93,-3.20%,5,Buy,"24% Buy",-16.22,+136.10%,14.03,14.42,14.84,14.57,45.27,117.96,68.81,1942938,Weakest,Minimum,26.20%,1.1,13.8,15.35,9%
ASTE,"Astec Inds Inc","Machinery - Construct & Mining",42.9,-2.99%,3,Sell,"80% Sell",-16.26,-8.72%,51.98,49.65,53.61,42.9,41.42,-26.86,-13.07,218908,Average,Strong,75.40%,0.55,41.14,44.66,50%
WKEY,"Wisekey International Holding Ltd ADR","Protection - Safety",6.38,-2.00%,2,Sell,"100% Sell",-16.43,+21.29%,7.33,6.6,7.18,6.52,47.01,3.15,-30.83,132137,Strengthening,Average,55.38%,0.78,6.15,6.89,31%
ATHM,"Autohome Inc ADR","Internet - Services",21.83,-0.91%,1,Sell,"56% Buy",-16.60,-23.59%,19.85,21.65,19.61,22.25,47.75,-41.73,-14.03,694631,Weakening,Average,50.81%,0.51,21.43,23.07,25%
RYAN,"Ryan Specialty Holdings","Insurance - Brokers",40.87,-2.48%,6,Sell,"24% Buy",-16.95,-24.44%,37.96,42.3,37.96,42.6,40.64,-42.58,-32.94,2093446,Weakest,Minimum,18.12%,0.98,40.81,44.38,2%
GNLX,"Genelux Corp","Medical - Biomedical",2.54,+4.10%,5,Sell,"88% Sell",-17.18,-28.65%,2.83,2.8,2.76,2.66,42.35,-46.79,-53.84,223280,Weakening,Soft,10.83%,1.48,2.46,2.85,20%
LMRI,"Lumexa Imaging Holdings Inc","Medical Products",11.54,-5.25%,3,Buy,N/A,-17.19,N/A,10.26,11.54,10.92,11.86,48.41,N/A,-49.72,N/A,N/A,N/A,54.69%,0.63,11.4,12.32,15%
JYNT,"The Joint Corp","Medical - HMO",8.19,-1.56%,2,Sell,"100% Sell",-17.21,-23.03%,8.7,8.57,8.73,8.4,41,-41.17,-18.18,85643,Strongest,Average,24.94%,1.76,8.16,8.65,7%
XRAY,"Dentsply Sirona Inc","Medical - Dental Suppliers",10.99,-3.43%,1,Sell,"56% Sell",-17.56,-22.66%,11.45,12.15,11.76,11.16,41.75,-40.8,-15.95,4703104,Strengthening,Weak,58.11%,0.69,10.64,11.68,34%
CATX,"Perspective Therapeutics Inc","Medical - Drugs",3.12,-0.32%,7,Buy,"72% Sell",-17.58,-9.04%,3.4,3.14,3.88,3.19,48.74,-27.18,1.35,2098011,Weakening,Soft,19.26%,0.8,3.01,3.37,30%
RPT,"Rithm Property Trust Inc","REIT - Equity Trust Resident",12.87,-0.54%,5,Hold,"64% Sell",-17.94,-20.85%,13.68,12.84,13.88,12.96,50.66,-38.99,-34.48,51484,Weakening,Good,66.08%,0.12,12.51,13.4,40%
VNDA,"Vanda Pharmaceuticals","Medical - Biomedical",5.33,-1.84%,8,Sell,"96% Sell",-17.98,+17.14%,5.95,5.49,6.5,5.33,48.4,-1.,-51.67,1666464,Strengthening,Average,44.70%,0.7,5.03,5.63,50%
PHUN,"Phunware Inc","Internet - Software",2.04,-1.92%,2,Sell,"24% Buy",-18.12,-19.37%,2.08,2.11,1.98,2.09,42.51,-37.51,-1.83,141501,Weakest,Minimum,31.47%,0.73,2.04,2.13,5%
LAZ,"Lazard Inc","Finance - Misc Services",44.05,-2.11%,5,Buy,"40% Sell",-18.30,-21.58%,44.6,43.1,45.32,43.83,51.97,-39.72,-21.39,1515702,Weakening,Soft,66.58%,0.92,42.19,45.46,57%
INKT,"Mink Therapeutics Inc","Medical - Biomedical",11.45,-1.63%,7,Buy,"56% Buy",-18.33,-27.67%,11.41,11.17,11.21,11.44,51.33,-45.81,-9.41,107580,Average,Weak,53.29%,1.07,10.79,12.09,51%
TRTX,"Tpg Re Finance Trust Inc","Real Estate Operations",7.72,-2.15%,3,Sell,"100% Sell",-18.45,-20.58%,8.29,8.16,8.29,7.84,38.6,-38.72,-22.44,727518,Strongest,Strong,42.73%,0.75,7.64,8.04,19%
LXEO,"Lexeo Therapeutics Inc","Medical - Drugs",4.76,-2.66%,4,Buy,"56% Sell",-18.60,-9.33%,5.01,4.74,5.49,4.92,48.04,-27.47,-64.16,987686,Weakening,Soft,33.62%,0.41,4.62,5.21,24%
GTN,"Gray Media Inc","Broadcast - Radio & TV",4.77,-3.64%,1,Buy,"24% Buy",-18.85,-23.19%,4.48,4.43,4.61,4.91,50.63,-41.33,-13.55,1308574,Weakest,Weak,41.13%,0.88,4.69,5.14,18%
VFS,"Vinfast Auto Ltd","Auto - Domestic",3.1,+0.65%,2,Buy,"64% Sell",-18.90,-3.73%,3.41,3.11,3.4,3.11,48.2,-21.87,-19.29,518794,Weakening,Average,17.99%,1.12,3.06,3.17,36%
NCDL,"Nuveen Churchill Direct Lending Corp","Finance - SBIC & Commercial",12.27,-2.00%,3,Sell,"100% Sell",-19.11,-22.93%,12.92,12.52,13.08,12.41,44.09,-41.07,-20.12,235346,Strongest,Good,40.89%,0.83,12.17,12.65,21%
MAT,"Mattel Inc","Toys & Game & Hobby",14.14,-2.68%,4,Sell,"72% Sell",-19.22,-23.57%,14.55,14.43,15.14,14.75,41.76,-41.71,-40.83,4593589,Average,Average,19.94%,1,14.15,15.34,-1%
INFQ,"Infleqtion Inc","Computer - Integrated Systems",13.66,+6.30%,6,Buy,"24% Buy",-19.49,+33.92%,12.91,11.66,12.5,12.99,57.59,15.78,-24.54,8510546,Average,Minimum,48.26%,1.59,11.73,14.25,77%
LFWD,"Lifeward Ltd","Medical Services",7.4,+6.02%,3,Sell,"48% Buy",-19.61,+14.58%,7.28,7.52,7.01,7.4,50.91,-3.56,-5.15,21305,Average,Weak,29.37%,0.39,6.99,7.81,50%
JL,"J-Long Group Limited","Textile - Apparel",4.72,-2.68%,2,Sell,"88% Sell",-19.79,-17.34%,5.87,5.4,5.63,4.76,40.17,-35.48,-34.92,37367,Strongest,Average,72.53%,1.01,4.34,5.17,46%
FBIO,"Fortress Biotech Inc","Medical - Biomedical",2.71,-0.37%,2,Sell,"56% Sell",-19.79,-24.72%,2.81,3.02,2.9,2.8,42.23,-42.86,-38.06,656725,Average,Weak,24.06%,0.44,2.61,2.98,27%
GEG,"Great Elm Group Inc","Conglomerates - Div Operations",2.2,-0.90%,7,Buy,"8% Sell",-19.96,-16.98%,2.19,2.18,2.13,2.17,53.26,-35.12,-25.83,25697,Weakest,Minimum,70.37%,0.49,2.12,2.22,82%
VYGR,"Voyager Therapeut","Medical - Biomedical",3.4,-3.13%,5,Buy,"40% Sell",-20.05,-20.19%,3.54,3.31,3.67,3.38,51.42,-38.33,-25.59,599445,Weakening,Soft,71.00%,0.85,3.16,3.6,54%
LMAT,"Lemaitre Vascular","Medical Products",79.59,-1.34%,2,Sell,"88% Sell",-20.08,-18.01%,96.12,91.42,98.46,81.19,36.66,-36.15,-13.96,265770,Strongest,Strong,33.84%,0.62,78.64,83.74,19%
NAVI,"Navient Corp","Finance - Consumer Loans",9.47,-1.66%,7,Buy,"40% Buy",-20.26,-30.42%,8.64,8.87,8.66,9.29,55.79,-48.56,-39.25,1075871,Weakening,Weak,68.98%,1.38,8.77,9.81,67%
CULP,"Culp Inc","Textile - Home Furnishings",3.42,-0.29%,1,Sell,"40% Buy",-20.34,-20.28%,3.31,3.44,3.24,3.38,51.3,-38.42,-16.03,31253,Weakening,Weak,64.36%,1.28,3.25,3.52,63%
TIPT,"Tiptree Financial Cl A","Insurance - Brokers",17.97,-2.81%,7,Hold,"64% Buy",-20.39,-20.24%,17.7,18.07,17.42,18.24,45.4,-38.38,-13.74,241409,Weakening,Weak,63.32%,0.91,17.74,18.75,23%
WU,"Western Union Company","Financial Transaction Services",7,-2.51%,4,Sell,"100% Sell",-20.51,-19.91%,7.95,7.58,8.42,7.23,40.29,-38.05,-36.91,8883614,Strengthening,Strong,27.45%,0.67,6.99,7.47,2%
KBR,"KBR Inc","Engineering & R&D Services",37.04,+0.60%,3,Buy,"8% Buy",-20.57,-24.82%,35.58,36.75,36.82,37.69,48.08,-42.96,-19.96,1565505,Weakest,Minimum,23.71%,1.22,36.72,38.67,16%
RGP,"Resources Connection Inc",Staffing,4.03,-0.12%,7,Sell,"48% Sell",-20.78,-21.75%,4.32,4.34,4.14,4.24,41.51,-39.89,-32.14,415240,Average,Weak,8.36%,0.63,4.03,4.45,0%
VNT,"Vontier Corp","Technology Services",32.57,-2.19%,1,Buy,"8% Sell",-20.89,-24.92%,31.42,31.68,33.74,32.91,49.59,-43.06,-24.5,1414436,Weakening,Weak,61.99%,1.05,31.82,33.99,34%
RDY,"Dr. Reddy's Laboratories Ltd ADR","Medical - Generic Drugs",11.88,-0.75%,2,Sell,"100% Sell",-21.01,-16.69%,13.02,12.54,13.34,12.18,35.78,-34.83,-27.48,2216206,Strongest,Strong,18.47%,0.76,11.9,12.46,-4%
ATLX,"Atlas Lithium Corp","Mining - Misc",3.25,-2.40%,8,Buy,"40% Sell",-21.18,-32.57%,3.82,3.15,4.12,3.22,52.14,-50.71,-35.27,538181,Weakening,Good,67.69%,1.82,3.02,3.42,57%
JBTM,"Jbt Marel Corporation","Technology Services",115.96,-1.50%,2,Sell,"96% Sell",-21.29,-18.18%,129.13,129.13,134.23,117.49,38.81,-36.32,-35.14,543820,Strongest,Strong,51.16%,0.89,114.01,120.98,28%
CCI,"Crown Castle","REIT - Equity Trust Other",75.97,+0.18%,8,Sell,"88% Sell",-21.35,-19.08%,82.51,76.28,83.55,75.46,49.45,-37.22,-26.62,3480800,Average,Strong,51.16%,0.86,73.66,77.25,64%
LOAN,"Manhattan Bridge","Finance - Consumer Loans",4.12,+0.98%,2,Sell,"88% Sell",-21.42,-22.85%,4.26,4.2,4.32,4.08,50.98,-40.99,-23.5,30025,Weakening,Average,62.22%,0.53,4.01,4.16,74%
UPBD,"Upbound Group Inc","Finance - Leasing Companies",18.45,-2.79%,3,Sell,"40% Sell",-21.57,-27.39%,19.38,20.08,19.38,19.05,41.51,-45.53,-7.03,865962,Strengthening,Weak,47.54%,0.97,18.24,19.86,13%
BV,"Brightview Holdings Inc","Agriculture Products",11.18,-1.58%,5,Sell,"56% Sell",-21.62,-21.93%,12.68,12.73,12.66,11.29,40.26,-40.07,-23.86,746216,Strengthening,Good,40.59%,0.57,10.88,11.7,37%
PSBD,"Palmer Square Capital Bdc Inc","Finance - SBIC & Commercial",10.26,-0.87%,3,Buy,"56% Sell",-21.72,-25.38%,10.48,10.17,10.56,10.33,49.38,-43.52,-27.93,112999,Strengthening,Soft,50.59%,0.98,10.19,10.48,25%
CLB,"Core Laboratories Inc","Oil - Field Services",12.47,-0.56%,7,Buy,"40% Sell",-21.81,+0.48%,12.81,11.69,14.26,12.4,57.1,-17.66,-34.31,550313,Weakening,Average,73.76%,0.48,12.04,12.75,60%
OZ,"Belpointe Prep Llc Cl A Units","Real Estate Developers",48.15,-0.06%,3,Buy,"8% Sell",-21.89,-24.77%,47.59,46.5,49.06,47.89,56.87,-42.91,-38.06,13151,Weakest,Weak,59.03%,0.22,47.08,48.71,66%
GIB,"CGI Group","Computer - Services",70.65,-4.07%,3,Hold,"16% Sell",-21.91,-26.82%,69.19,70.92,70.79,73.97,42.27,-44.96,-35.56,454921,Weakest,Minimum,24.10%,1.21,71.76,76.18,-25%
WSO,"Watsco Inc","Machinery - General Industrial",316.02,+0.28%,1,Sell,"88% Sell",-21.96,-22.71%,373.64,344.46,380.51,312.8,45.29,-40.85,-18.31,442855,Average,Strong,69.92%,0.84,305.39,320.21,72%
DSGX,"Descartes Sys Group","Computer - Software",75.56,-4.28%,4,Hold,"48% Buy",-22.12,-29.67%,73.66,75.28,72.03,78.29,44.67,-47.81,-25.9,589592,Weakening,Weak,39.78%,1.03,74.6,81.99,13%
SNAP,"Snap Inc","Internet - Software",5.43,-0.73%,5,Buy,"8% Buy",-22.12,-24.79%,5.31,5.02,5.18,5.41,52.34,-42.93,-44.81,45251379,Weakest,Minimum,42.24%,0.56,5.02,5.79,53%
EARN,"Ellington Credit Company","REIT - Mortgage Trusts",4.34,-0.46%,9,Sell,"88% Sell",-22.37,-23.19%,4.54,4.39,4.62,4.4,44.47,-41.33,-29.75,419511,Strengthening,Good,26.67%,0.68,4.31,4.49,15%
TMUS,"T-Mobile US","Wireless National",181.69,+0.09%,9,Buy,"56% Sell",-22.39,-25.20%,184.99,181.4,193.12,181.76,49.81,-43.34,-22.62,5537647,Weakest,Soft,39.24%,0.89,176.58,186.95,49%
PBH,"Prestige Brand Holdings","Medical Products",49.79,-4.73%,1,Hold,"48% Sell",-22.47,-24.32%,50.67,50.75,54.87,51.69,42.48,-42.46,-31.39,537669,Average,Soft,39.25%,0.82,49.8,53.58,0%
EVAX,"Evaxion A/S ADR","Medical Information Systems",3.17,+1.60%,4,Hold,"48% Sell",-22.52,+7.46%,3.52,3.1,3.54,3.16,52.54,-10.68,-45.64,99631,Weakest,Weak,37.86%,0.26,2.92,3.4,51%
ADV,"Advantage Solutions Inc","Consumer Prdts - Misc Discr",30.88,-1.81%,7,Sell,"8% Sell",-22.56,-35.67%,36.6,36.1,30.74,32.7,40.73,-53.81,28.26,81721,Weakening,Minimum,15.08%,0.4,30.22,35.17,13%
PAC,"Grupo Aeroportuario Del Pacifico ADR","Transportation - Services",205.38,-1.34%,1,Sell,"100% Sell",-22.61,-17.92%,232.79,220.16,240.41,208.71,41.23,-36.06,-34.2,116461,"Top 1%",Strong,38.94%,0.87,201.55,215.87,27%
NGVC,"Natural Grocers By Vitamin Cottage Inc","Food Items - Wholesale",27.16,-2.76%,3,Sell,"40% Sell",-22.65,-28.97%,29.63,30.14,28.4,27.62,41.1,-47.11,-3.68,179456,Weakening,Weak,39.88%,0.9,26.93,28.31,17%
OTIS,"Otis Worldwide Corp","Machinery - General Industrial",70.06,-1.61%,3,Sell,"100% Sell",-22.77,-19.81%,73.04,72.29,77.1,71.67,40.77,-37.95,-31.89,3558862,Strongest,Good,27.44%,0.97,69.73,73.61,9%
WLTH,"Wealthfront Corp","Mining - Gold",9.63,+0.52%,3,Hold,N/A,-22.88,N/A,9.93,9.31,9.53,9.28,57.32,N/A,-41.24,N/A,N/A,N/A,90.74%,4,8.86,9.69,93%
SLRC,"Slr Investment Corp","Finance - SBIC & Commercial",12.46,-0.88%,3,Sell,"100% Sell",-22.95,-25.83%,13.26,12.8,13.74,12.68,41.94,-43.97,-31.5,361902,Strongest,Strong,35.44%,0.79,12.38,12.98,14%
NAMS,"Newamsterdam Pharma Company N.V.","Medical - Drugs",25.63,+0.91%,1,Sell,"100% Sell",-22.96,+2.15%,31.08,29.49,31.62,26.72,38.73,-15.99,-39.04,1042172,Strengthening,Strong,24.53%,3.51,24.73,28.71,23%
COTY,"Coty Inc","Cosmetics & Toiletries",2.76,-5.80%,3,Buy,"72% Buy",-22.97,-36.11%,2.4,2.64,2.39,2.81,49.57,-54.25,-22.49,9024051,Weakening,Soft,62.64%,0.42,2.63,2.99,37%
DPZ,"Domino's Pizza Inc","Retail - Restaurants",335.41,-1.66%,2,Hold,"16% Sell",-23.36,-28.04%,328.32,334.44,347.01,343.54,45.99,-46.18,-31.63,869828,Weakest,Weak,41.54%,0.63,329.67,357.41,21%
PHAR,"Pharming Group N.V. ADR","Medical - Biomedical",11.5,+2.40%,3,Sell,"100% Sell",-23.36,-20.80%,13.15,12.29,14.18,11.69,47.16,-38.94,-47.02,19737,Weakening,Strong,22.53%,1.38,11.07,12.31,34%
PAX,"Patria Investments Ltd Cl A","Finance - Investment Mgmt",11.2,+0.54%,6,Buy,"56% Sell",-23.47,-20.23%,11.52,11.19,11.9,11.39,46.75,-38.37,-41.62,909409,Weakening,Average,30.30%,0.98,11.04,11.74,23%
SMSI,"Smith Micro Software","Computer - Software",2.84,-0.35%,2,Buy,"40% Sell",-23.51,-21.20%,3.28,2.75,3.25,2.92,47.22,-39.34,-6.95,78270,Weakening,Soft,15.28%,0.31,2.8,3.03,16%
PWP,"Perella Weinberg Partners","Finance - Misc Services",16.58,-1.31%,5,Buy,"56% Sell",-23.54,-24.53%,17.25,16.34,17.89,16.79,49.44,-42.67,-16.26,1051653,Average,Average,55.49%,0.56,15.81,17.77,39%
PHAT,"Phathom Pharmaceuticals Inc","Medical - Biomedical",9.43,-0.74%,5,Sell,"88% Sell",-23.63,-24.14%,10.66,10.03,10.99,9.12,50.88,-42.28,-55.26,1180053,Weakening,Average,80.35%,0.77,8.48,9.75,75%
TLK,"P.T. Telekomunikasi Indonesia Tbk ADR","Diversified Comm Services",15.08,+1.55%,4,Buy,"40% Sell",-23.96,-21.50%,15.46,14.55,16.82,14.78,58.04,-39.64,-40.46,750805,Weakest,Average,58.39%,0.58,14.43,15.13,93%
PMT,"Pennymac Mortgage Investment Trust","REIT - Mortgage Trusts",9.61,-0.31%,5,Sell,"88% Sell",-24.17,-23.00%,10.31,9.77,10.85,9.43,53.41,-41.14,-35.53,1233928,Average,Strong,84.40%,0.62,9.17,9.69,85%
ONEW,"Onewater Marine Inc Cl A","Leisure & Recreational Prdcts",11.69,-7.95%,3,Buy,"56% Buy",-24.39,-29.19%,11.48,12.06,11.22,11.92,46.17,-47.33,-4.06,144806,Weakest,Weak,78.33%,0.78,11.2,12.64,34%
SGRY,"Surgery Partners CS","Medical Services",13.96,-2.10%,1,Sell,"40% Sell",-24.48,-36.78%,14.77,15.33,14.35,14.29,44.09,-54.92,-21.74,1678458,Average,Weak,51.58%,1.04,13.31,15.26,33%
LKQ,"LKQ Corp","Auto - Truck Replacement Parts",24.9,-2.51%,5,Sell,"88% Sell",-24.56,-23.64%,26.36,25.24,27.99,25.31,46.81,-41.78,-29.65,3258245,Average,Good,47.91%,1.06,24.52,26.11,24%
DSWL,"Deswell Inds Inc","Electronics - Misc Components",3.07,-0.97%,2,Sell,"100% Sell",-24.58,-27.76%,3.35,3.32,3.36,3.11,44.19,-45.9,-23.37,11479,Strongest,Good,60.98%,1.59,2.95,3.26,39%
RXRX,"Recursion Pharmaceuticals Inc Cl A","Medical - Biomedical",3.44,-5.23%,5,Buy,"16% Buy",-25.54,-25.54%,3.32,3.33,3.37,3.37,52.81,-43.68,-27.99,18796254,Weakening,Minimum,77.02%,0.78,3.09,3.65,63%
LMND,"Lemonade Inc","Insurance - Multi Line",50.55,-5.35%,7,Sell,"88% Sell",-25.69,-4.59%,58.3,58.61,59.24,52.5,41.42,-22.73,-41.08,1952719,Strengthening,Average,42.61%,0.93,49.64,55.37,16%
NVR,"NVR Inc","Building - Residential & Comm",6116.8599,-2.89%,3,Sell,"72% Sell",-25.69,-28.40%,6331.19,6402.36,6576.31,6335.01,39.47,-46.54,-28.22,27816,Strongest,Average,19.17%,1.45,6190.46,6479.56,-25%
GLIBK,"Gci Liberty Inc Series C Gci","Wireline National",25.92,-1.33%,4,Buy,"24% Sell",-25.77,-28.71%,25.32,23.99,29.44,25.98,57.05,-46.85,-42.44,609739,Weakening,Weak,64.40%,1.17,25.16,26.8,46%
AI,"C3.Ai Inc Cl A","IT Services",10.51,+0.48%,5,Buy,"24% Buy",-25.79,-33.23%,9.63,9.57,9.53,10.27,55.65,-51.37,-34.13,6045445,Weakening,Minimum,62.10%,0.94,9.59,10.95,68%
GLIBA,"Gci Liberty Inc Series A Gci","Wireless National",26.19,-1.62%,6,Buy,"24% Sell",-25.82,-28.01%,25.64,24.37,29.66,26.43,54.81,-46.15,-41.07,64868,Weakening,Weak,43.91%,0.59,25.5,27.36,37%
ADNT,"Adient Plc","Auto - Truck Original Parts",18.78,-6.15%,4,Sell,"100% Sell",-26.13,-23.44%,20.66,19.64,21.22,19.31,45.06,-41.58,-14.13,1031368,Strongest,Average,63.70%,0.92,18.17,20.45,27%
FC,"Franklin Covey Company",Consulting,18.81,-1.10%,2,Sell,"40% Sell",-26.42,-1.98%,21.89,20.89,19.99,19.89,37.67,-20.12,0,132415,Average,Weak,33.10%,0.86,18.52,21.25,11%
CLFD,"Clearfield Inc","Wireless Equipment",28.9,+0.87%,4,Sell,"72% Sell",-26.49,-14.09%,34.69,30.88,33,28.73,46.78,-32.23,-12.96,195624,Weakening,Soft,50.70%,0.6,27.19,30.27,56%
RPC,"Ridgepost Capital Inc","Finance - Misc Services",8.27,-2.71%,3,Sell,"24% Sell",-26.53,-32.93%,8.29,8.47,8.21,8.64,41.93,-51.07,-27.8,589762,Weakening,Weak,33.24%,0.58,8.29,9,-2%
BRID,"Bridgford Foods Corp","Food - Misc & Diversified",5.94,-1.82%,1,Sell,"100% Sell",-27.03,-25.28%,6.88,6.33,7.13,6.17,39,-43.42,-35.95,3632,Strengthening,Maximum,41.53%,0.32,5.91,6.44,6%
DAIO,"Data I O Corp","Electronics - Misc Components",2.8,-1.41%,3,Sell,"56% Sell",-27.04,-12.50%,3.21,3.16,3.04,2.94,37.54,-30.64,-23.77,46799,Strengthening,Weak,10.90%,0.64,2.72,3.16,18%
FSV,"Firstsrvce Sub VT Sh","Real Estate Operations",138.86,-3.64%,3,Sell,"72% Sell",-27.08,-32.73%,140.07,142.7,142.83,141.98,44.42,-50.87,-22.82,216653,Strengthening,Weak,55.70%,1,137.68,146.29,14%
YALA,"Yalla Group Ltd ADR","Internet - Software",5.47,-0.18%,3,Buy,"56% Sell",-27.12,-25.98%,5.8,5.45,6.11,5.5,48.94,-44.12,-33.28,306375,Weakening,Good,46.26%,1.19,5.35,5.65,41%
MFIC,"Midcap Financial Investment Corp","Finance - Misc Services",9.24,-3.90%,5,Sell,"100% Sell",-27.13,-28.67%,10.32,9.73,10.54,9.69,34.12,-46.81,-31.29,778422,Strongest,Strong,13.40%,1.25,9.44,9.93,-39%
PUSA,"Aureus Greenway Holdings Inc","Leisure & Recreation Services",3.67,-0.81%,4,Buy,"40% Sell",-27.22,-11.78%,3.93,3.54,4.01,3.66,51.17,-29.92,4.41,850067,Average,Weak,52.48%,0.73,3.31,4.02,51%
MPT,"Medical Properties Trust Inc","REIT - Equity Trust Other",3.99,-0.50%,1,Sell,"100% Sell",-27.27,-12.88%,4.71,4.42,4.86,4.07,37.14,-31.02,-32.3,6469097,Strongest,Maximum,37.14%,1.5,3.95,4.19,17%
STFS,"Star Fashion Culture Holdings Limited Cl A","Advertising Marketing Services",4.17,-0.71%,2,Sell,"56% Sell",-27.42,-16.33%,7.59,7.29,6.41,4.22,41.13,-34.47,-8.16,291484,Average,Weak,20.71%,0.01,3.83,4.6,44%
FINW,"Finwise Bancorp","Banks - Southwest",13.85,-1.00%,3,Sell,"100% Sell",-27.54,-29.65%,14.28,13.99,15.02,13.95,46.42,-47.79,-34.93,22817,Strongest,Good,55.28%,0.78,13.7,14.21,28%
SYM,"Symbotic Inc","Technology Services",43.3,+0.84%,6,Hold,"64% Sell",-27.60,-9.02%,46.29,42.02,48.78,41.16,56.32,-27.16,-39.33,2097627,Weakest,Average,94.17%,1.24,38.69,43.63,93%
PFLT,"Pennantpark Fltng Rt","Finance - Investment Mgmt",7.27,-1.62%,4,Buy,"64% Sell",-27.65,-29.35%,7.8,7.27,8.01,7.4,45.24,-47.49,-33.67,1094225,Average,Strong,30.82%,0.85,7.25,7.55,5%
CUE,"Cue Biopharma Inc","Medical - Biomedical",30,+9.33%,5,Sell,"72% Buy",-27.75,+28.70%,27.04,29.36,21.03,27.65,55.01,10.56,215.34,300192,Strongest,Good,77.54%,1.48,22.65,32.65,74%
IPWR,"Ideal Power Inc","Machinery - Electrical",4.96,+2.90%,4,Buy,"56% Buy",-28.01,-4.62%,5.02,4.53,4.44,4.79,55.06,-22.76,48.42,311531,Strengthening,Weak,50.18%,0.97,4.24,5.34,65%
JVA,"Coffee Holding Company","Beverages - Soft",3.55,+2.31%,6,Buy,"24% Sell",-28.03,-13.20%,3.86,3.47,3.79,3.49,59.81,-31.34,-20.61,71609,Weakest,Weak,61.78%,0.99,3.41,3.57,89%
MDBH,"Mdb Capital Holdings Cl A","Finance - Misc Services",2.85,-2.73%,4,Sell,"88% Sell",-28.27,-18.57%,3.28,3.07,3.22,2.99,41.97,-36.71,-24.27,6997,Strengthening,Good,23.11%,0.74,2.8,3.18,13%
PASG,"Passage Bio Inc","Medical - Biomedical",4.85,+4.30%,5,Buy,"56% Sell",-28.42,-29.91%,5.13,4.63,6.29,4.56,57.6,-48.05,-71.,65673,Weakest,Average,62.19%,0.52,4.3,4.81,107%
MMLP,"Martin Midstrm LP","Transportation - Ship",2.2,-7.95%,1,Sell,"100% Sell",-28.91,-32.72%,2.45,2.35,2.55,2.32,41.94,-50.86,-27.81,21569,Strongest,Strong,55.56%,0.95,2.19,2.45,6%
MSB,"Mesabi Trust","Mining - Iron",23.49,-1.72%,6,Buy,"88% Sell",-28.92,-24.78%,25.25,23.73,27.54,23.56,48.47,-42.92,-51.12,48600,Average,Strong,46.48%,0.87,22.5,24.62,47%
CSBR,"Champions Oncolog","Medical - Drugs",5.05,-3.26%,3,Sell,"88% Sell",-29.03,-25.74%,5.76,5.48,5.84,5.04,44.83,-43.88,-39.02,9764,Strongest,Strong,49.02%,1.67,4.84,5.24,53%
IRTC,"Irhythm Holdings Inc","Medical Information Systems",122.24,-0.67%,5,Sell,"8% Sell",-29.03,-34.66%,117.82,120.1,121.77,122.34,51.17,-52.8,-43.21,580485,Weakest,Weak,52.20%,0.82,115.19,129.49,49%
SOFI,"Sofi Technologies Inc","Finance - Misc Services",18.01,-1.15%,8,Hold,"16% Buy",-29.20,-30.62%,17.42,17.88,17.65,18.23,49.69,-48.76,-43.31,64740555,Weakest,Minimum,47.77%,0.47,17.25,19.21,39%
ARI,"Apollo Commercial Real Estate","REIT - Mortgage Trusts",6.79,-1.31%,4,Sell,"100% Sell",-29.43,-38.22%,9.3,7.67,9.73,6.86,36.5,-56.36,-41.96,2255831,Strengthening,Maximum,35.00%,0.61,6.76,6.97,16%
WAY,"Waystar Holding Corp","Internet - Software",24.24,-3.31%,6,Hold,"16% Buy",-29.49,-40.68%,22.14,23.59,22.86,25.03,47.81,-58.82,-38.08,2559971,Weakest,Minimum,38.38%,0.62,23.72,26.35,20%
OFRM,"Once Upon A Farm Pbc","Food - Misc & Diversified",17.19,-1.55%,1,Sell,N/A,-29.62,N/A,16.94,17.55,0,17.32,48.88,N/A,N/A,N/A,N/A,N/A,53.92%,0.41,16.64,18,40%
MRDN,"Meridian Holdings Inc",Gaming,13.48,-0.52%,2,Sell,"56% Buy",-29.63,+5.97%,12.35,13.69,10.82,13.92,46.78,-12.17,28.18,45928,Weakest,Average,33.98%,0.96,13.4,14.43,8%
KAZR,"Skyline Builders Group Holding Limited Cl A","Engineering & R&D Services",2.18,+3.32%,1,Sell,"88% Sell",-29.78,+52.45%,2.81,2.28,2.91,2.1,51.29,34.31,-37.95,201549,Average,Average,71.93%,3.36,1.92,2.28,72%
LFCR,"Lifecore Biomedical Inc","Medical - Biomedical",4.31,-2.05%,1,Sell,"100% Sell",-30.23,-40.88%,4.89,4.63,5.22,4.55,42.12,-59.02,-59.41,216480,Strongest,Average,15.40%,1.22,4.26,4.85,9%
PTON,"Peloton Interactive Inc","Leisure & Recreational Prdcts",5.04,-6.67%,1,Sell,"40% Sell",-30.35,-37.78%,5.67,5.82,5.21,5.39,37.83,-55.92,-30.28,11492610,Strengthening,Weak,42.72%,1.62,5.1,5.68,-10%
CAR,"Avis Budget Group","Transportation - Services",133.84,-3.52%,4,Sell,"88% Sell",-30.38,-15.57%,179.03,148.47,167.58,140.84,38.89,-33.71,-7.8,1274606,Strengthening,Weak,19.59%,0.74,133.55,148.13,2%
LPL,"Lg Display Company Ltd ADR","Computers - Peripheral Equpt",3.26,-1.21%,4,Sell,"100% Sell",-30.39,-26.08%,4.03,3.37,4.1,3.35,44.71,-44.22,-34.67,1829085,Strengthening,Strong,44.67%,0.79,3.19,3.51,21%
WBX,"Wallbox N.V. Cl A","Electronics Products - Misc",3.54,+6.63%,2,Hold,"32% Buy",-30.47,-9.92%,3.36,3.69,3.19,3.04,60.12,-28.06,39.18,67947,Weakening,Minimum,85.18%,0.95,2.72,3.37,127%
AZO,Autozone,"Retail - Wholesale Auto Parts",2951.6101,-1.06%,3,Sell,"100% Sell",-30.48,-30.43%,3166.29,3032.79,3304.45,2998.39,44.34,-48.57,-25.07,237434,Strengthening,Strong,26.97%,1.64,2912.34,3084.44,23%
ALHC,"Alignment Healthcare Inc","Medical Services",13.46,-0.59%,2,Sell,"88% Sell",-30.77,-17.02%,17.91,17.03,18.38,13.45,38.17,-35.16,-43.95,4289297,Strengthening,Strong,43.96%,0.79,12.9,13.99,51%
KWY,"Kingsway Corporation","Insurance - Proprty & Casualty",9.83,-4.75%,4,Buy,"56% Sell",-30.79,-31.74%,10.25,9.79,10.69,10.08,47.16,-49.88,-39.01,74015,Average,Average,37.00%,1.01,9.57,10.58,25%
KROS,"Keros Therapeutics Inc","Medical - Biomedical",11.17,-1.33%,4,Buy,"8% Sell",-30.86,-27.80%,10.91,10.81,11.73,10.98,53.51,-45.94,-57.24,405915,Weakest,Weak,68.13%,0.35,10.3,11.66,64%
MPAA,"Motorcar Parts Amer","Auto - Truck Replacement Parts",11.71,-3.06%,2,Sell,"40% Sell",-30.94,-20.34%,12.66,13.16,12.05,11.83,40.74,-38.48,-17.21,121014,Weakening,Weak,57.20%,1.08,11.21,12.46,40%
SITE,"Siteone Landscape Supply","Industrial Services",99.52,-1.05%,1,Sell,"88% Sell",-31.02,-34.52%,109.88,101.27,119.73,97.18,52.15,-52.66,-32.2,739787,Average,Strong,79.32%,1.16,93.95,100.4,86%
CSPI,"C S P Inc","Computer - Integrated Systems",7.95,-1.73%,1,Sell,"88% Sell",-31.16,-28.83%,8.66,8.04,8.77,7.89,49.53,-46.97,-48.5,23926,Average,Average,75.89%,1.02,7.27,8.51,55%
ACI,"Albertsons Companies Inc Cl A","Consumer Prdts - Misc Staple",12.14,-3.27%,5,Sell,"100% Sell",-31.31,-36.94%,14.36,12.87,15.41,12.33,43.54,-55.08,-41.4,7796040,Strengthening,Strong,62.94%,0.95,11.97,12.69,23%
OTEX,"Open Text Corp","Computer - Software",23.36,-2.46%,3,Hold,"32% Sell",-31.50,-30.87%,23.4,23.96,23.43,24.36,43.08,-49.01,-40.4,1922734,Weakening,Weak,18.88%,0.85,23.38,25.35,-1%
LUXE,"Luxexperience B.V. ADR","Textile - Apparel",7.36,-4.66%,1,Sell,"100% Sell",-31.61,-23.49%,7.91,7.89,8.17,7.7,39.14,-41.63,-23.96,237926,Strongest,Good,26.04%,1.58,7.4,7.99,-7%
CCM,"Concord Medical Services ADR","Medical - Nursing Homes",4.35,-7.05%,2,Hold,Hold,-31.63,-24.68%,4.65,4.63,4.39,4.78,43.07,-42.82,0.59,33868,Bearish,,24.91%,0.16,4.28,5.29,7%
SUNS,"Sunrise Realty Trust","Real Estate Operations",7.48,0.00%,4,Sell,"100% Sell",-31.76,-31.81%,7.97,7.85,8.22,7.58,38.83,-49.95,-32.78,98344,Average,Good,13.56%,0.7,7.34,7.81,30%
KRMD,"Koru Medical Systems Inc","Medical Information Systems",3.17,-2.46%,1,Sell,"100% Sell",-31.87,-22.30%,3.92,3.78,4.13,3.28,32.31,-40.44,-57.54,180109,Strongest,Good,31.11%,1.47,3.14,3.42,12%
DNA,"Ginkgo Bioworks Holdings","Medical - Biomedical",6.94,-0.14%,1,Sell,"88% Sell",-32.01,-37.98%,8.31,8.05,8.06,7.08,44.18,-56.12,-28.59,1146074,Strengthening,Average,34.48%,0.98,6.5,7.66,38%
VERU,"Veru Inc","Medical Products",2.58,-2.27%,1,Buy,"80% Buy",-32.26,-23.44%,2.57,2.58,2.51,2.68,47.76,-41.58,8.46,709213,Weakest,Weak,35.08%,4.78,2.54,2.83,15%
NOAH,"Noah Holdings Ltd ADR","Finance - Investment Mgmt",8.29,-1.66%,2,Sell,"100% Sell",-32.44,-30.28%,9.61,8.85,10.16,8.58,37.76,-48.42,-29.53,110754,Strongest,Maximum,20.19%,0.94,8.24,8.91,7%
RSSS,"Research Solutions Inc","Printing - Commercial",2.18,-2.24%,5,Hold,"96% Sell",-32.48,-31.01%,2.3,2.24,2.33,2.22,45.4,-49.15,-37.95,63012,Strengthening,Average,42.22%,0.7,2.13,2.31,26%
OEC,"Orion S.A.","Chemical - Specialty",6.05,-0.66%,1,Sell,"72% Sell",-32.56,-42.60%,6.87,6.41,6.57,6.18,44.45,-60.74,2.48,623101,Strengthening,Weak,35.57%,0.6,5.8,6.56,33%
STN,"Stantec Inc",Consulting,72.93,-0.80%,4,Hold,"64% Sell",-32.69,-32.24%,75.58,71.53,80.61,73.86,49.2,-50.38,-34.81,371130,Weakening,Average,36.00%,0.82,72.18,75.55,22%
SERA,"Sera Prognostics Inc Cl A","Medical Services",2.01,-0.50%,6,Hold,"40% Sell",-32.70,-36.59%,2,2.04,2.07,2.04,47.34,-54.73,-43.96,50468,Weakest,Weak,29.15%,2.02,1.9,2.19,38%
ATEC,"Alphatec Holdings","Medical Instruments",9.19,-2.75%,6,Buy,"24% Sell",-32.76,-43.76%,8.98,9.27,10.17,9.44,46.83,-61.9,-68.42,2820710,Weakest,Weak,33.42%,0.82,9.08,9.8,16%
MYGN,"Myriad Genetics Inc","Medical - Biomedical",3.18,-0.31%,2,Sell,"88% Sell",-32.92,-53.98%,4.42,4.38,4.53,3.16,38.63,-72.12,-60.39,1607516,Average,Strong,66.11%,0.65,2.98,3.33,57%
KD,"Kyndryl Holdings","Technology Services",12.79,-2.74%,4,Hold,"16% Sell",-33.01,-61.41%,12.58,12.76,12.85,12.98,47.34,-79.55,-63.94,4171979,Weakening,Minimum,54.91%,0.97,12.17,13.8,38%
PSN,"Parsons Corp","Technology Services",47.59,+0.02%,5,Sell,"100% Sell",-33.37,-36.55%,52.28,50.94,54.83,47.61,47.25,-54.69,-35.09,1386859,Weakening,Average,51.30%,0.87,45.28,49.93,50%
WRD,"Weride Inc ADR","Auto - Truck Original Parts",6.08,+1.67%,3,Buy,"40% Sell",-33.46,-33.77%,6.53,5.88,6.76,5.98,52.95,-51.91,-42.05,3502448,Weakest,Average,45.21%,1.32,5.61,6.36,63%
GT,"Goodyear Tire Rubber","Rubber Tires",5.85,-6.40%,2,Sell,"88% Sell",-33.48,-31.90%,6.46,6.58,6.89,6.09,40.36,-50.04,-45.32,8162109,Strengthening,Good,42.80%,1.37,5.81,6.37,6%
LAW,"CS Disco Inc","Internet - Software",4.11,-3.07%,3,Buy,"16% Buy",-33.61,-28.52%,4.01,4.11,3.98,4.3,46.21,-46.66,-59.14,323203,Weakest,Minimum,34.29%,0.75,4.08,4.53,8%
USAR,"USA Rare Earth Inc","Mining - Misc",17.66,+0.28%,3,Buy,"40% Sell",-33.86,+30.62%,20.89,17.62,20.12,18.4,47.78,12.48,36.3,15410665,Average,Weak,18.95%,1.44,16.85,19.94,26%
TRI,"Thomson Reuters Corp","Business Services",98.81,-6.50%,8,Hold,"32% Buy",-34.47,-43.07%,92.67,98.52,92.65,104.78,44.91,-61.21,-37.18,2076954,Weakest,Minimum,30.38%,1,98.87,110.7,0%
LEGN,"Legend Biotech Corp ADR","Medical - Biomedical",20.49,-4.79%,4,Sell,"88% Sell",-34.48,-40.81%,25.54,22.53,23.12,21.11,44.3,-58.95,-17.85,2430296,Strongest,Soft,41.61%,0.72,19.74,22.48,27%
ILAG,"Intelligent Living Application Group Inc","Building Products - Ltg FX",3.32,+14.48%,2,Sell,"56% Sell",-34.73,-33.79%,3.43,3.37,3.31,3.19,52.06,-51.93,-30.12,38236,Weakest,Weak,48.39%,1.15,2.84,3.55,68%
KLRS,"Kalaris Therapeutics Inc","Medical - Biomedical",3.63,-6.92%,4,Sell,"100% Sell",-34.81,-21.77%,4.58,4.11,5.79,4.01,35.4,-39.91,-69.09,147660,Strongest,Good,11.83%,0.34,3.75,4.26,-24%
KOSS,"Koss Corp","Audio & Video Products",3.55,-0.84%,1,Sell,"96% Sell",-35.11,-41.42%,3.9,3.71,3.95,3.55,47.12,-59.56,-26.35,27544,Strengthening,Good,61.85%,0.52,3.35,3.75,50%
HTT,"High Templar Tech Ltd WT","Technology Services",2.65,+1.53%,4,Buy,"16% Sell",-35.12,-36.75%,2.59,2.55,2.6,2.55,58.95,-54.89,-37.45,218208,Weakening,Minimum,72.25%,1.8,2.44,2.66,96%
BRAI,"Braiin Limited","IT Services",5.45,-3.20%,4,Hold,N/A,-35.47,N/A,6.75,5.65,0,5.53,45.67,N/A,N/A,N/A,N/A,N/A,57.95%,0.07,5.24,5.82,36%
CPS,"Cooper Std Holdings Inc","Auto - Truck Original Parts",26.01,-4.30%,1,Sell,"100% Sell",-35.58,-33.34%,28.7,27.85,30.16,27.02,43.63,-51.48,-32.87,189016,Strongest,Average,46.22%,0.96,25.34,28.71,20%
OLMA,"Olema Pharmaceuticals Inc","Medical - Biomedical",10.98,+2.19%,1,Sell,"88% Sell",-35.76,+44.92%,12.18,11.39,14.52,10.69,50.75,26.78,-68.16,1722344,Weakening,Average,58.27%,0.7,10.22,11.17,81%
GECC,"Great Elm Capital Corp","Finance - Investment Mgmt",6.01,+0.17%,7,Buy,"8% Buy",-35.84,-46.81%,5.66,5.56,5.68,5.93,58.98,-64.95,-26.79,84030,Average,Minimum,51.89%,0.74,5.68,6.18,66%
GLOB,"Globant S.A.","Internet Software Services",37.12,-5.14%,3,Hold,"48% Sell",-35.91,-39.71%,37.38,35.65,41.03,39.17,45.76,-57.85,-55.32,1600800,Weakening,Weak,42.95%,0.81,36.66,41.68,9%
PPSI,"Pioneer Power Solutions","Machinery - Electrical",2.92,+1.04%,2,Sell,"96% Sell",-36.00,-23.36%,3.65,3.15,3.6,2.92,46.25,-41.5,-50.37,147589,Strengthening,Strong,49.81%,2.32,2.8,3.04,49%
BZUN,"Baozun Inc ADR","IT Services",2.81,-2.09%,3,Hold,"72% Buy",-36.10,-28.32%,2.77,2.81,2.67,2.84,48.59,-46.46,-6.46,276598,Weakening,Weak,22.08%,0.61,2.69,2.99,40%
XNET,"Xunlei Ltd ADR","Internet - Services",4.93,+1.02%,3,Sell,"100% Sell",-36.11,-34.18%,5.54,5.34,5.66,4.99,44.62,-52.32,-42.57,288685,Weakening,Average,40.39%,0.97,4.77,5.21,37%
RPAY,"Repay Holdings Corp Cl A","Financial Transaction Services",3.68,-5.15%,4,Sell,"24% Buy",-36.45,-37.84%,3.74,3.9,3.48,3.75,46.04,-55.98,-11.28,1082709,Weakest,Weak,59.47%,0.74,3.5,4,36%
RDCM,"Radcom Ltd","Computer - Networks",9.92,-1.10%,4,Sell,"88% Sell",-36.47,-30.39%,13.06,11.77,12.61,10.19,32.5,-48.53,-36.26,137956,Strengthening,Strong,24.98%,0.87,9.89,10.5,5%
CIA,"Citizens Inc","Insurance - Life",3.82,-3.29%,2,Sell,"100% Sell",-36.92,-29.26%,5.04,4.66,5.14,3.86,37.39,-47.4,-33.01,113951,Strongest,Maximum,58.22%,0.66,3.72,4.01,35%
ERII,"Energy Recovery Inc","Pollution Controls",7.7,+0.92%,1,Sell,"100% Sell",-36.92,-47.19%,8.8,8.33,9.89,7.83,41.52,-65.33,-55.02,826329,Weakening,Strong,23.80%,1.27,7.48,8.17,32%
BHM,"Bluerock Homes Trust Inc","REIT - Equity Trust Resident",8.4,-5.08%,2,Sell,"100% Sell",-37.19,-34.32%,9.57,8.68,9.88,8.63,45.8,-52.46,-33.37,7943,Strengthening,Good,62.50%,0.16,8.24,9.01,20%
TTGT,"Techtarget Inc.","Technology Services",4.05,0.00%,5,Buy,"56% Sell",-37.27,-31.24%,4.32,3.91,4.27,3.85,56.44,-49.38,-37.1,436218,Weakest,Weak,98.15%,0.8,3.67,4.03,107%
HDB,"Hdfc Bank Ltd ADR","Banks - Foreign",22.48,-3.02%,3,Sell,"100% Sell",-37.50,-36.46%,24.49,24.19,26.1,23.15,37.98,-54.6,-50.58,8143385,Strengthening,Good,44.75%,0.93,22.53,23.76,-4%
ACR,"Acres Commercial Realty Corp","REIT - Mortgage Trusts",14.18,-0.70%,1,Sell,"100% Sell",-37.51,-32.73%,17.85,16.03,18.2,14.33,37,-50.87,-45.65,30525,Strengthening,Maximum,37.28%,1.08,13.68,14.98,38%
NVNO,"Envveno Medical Corp","Medical Instruments",11.49,+0.44%,4,Buy,"56% Buy",-37.55,-56.73%,10.81,10.83,10.76,11.02,55.67,-74.87,-9.77,17098,Strengthening,Weak,61.89%,0.22,10.2,11.84,79%
FIRY,"Firy Inc","Conglomerates - Div Operations",9.73,-3.95%,2,Buy,"88% Buy",-37.99,+29.22%,8.56,9.45,6.76,9.86,50.05,11.08,113.65,578729,Weakest,Good,55.28%,0.14,9.34,10.39,37%
LFVN,"Lifevantage Corp","Medical - Dental Suppliers",6.34,+1.44%,4,Sell,"24% Buy",-38.25,-44.58%,6.42,6.41,5.84,6.47,46.39,-62.72,-9.18,249788,Weakest,Minimum,40.38%,1.17,6.06,6.88,34%
SCM,"Stellus Capital Investment Cor","Finance - SBIC & Commercial",8.4,-4.33%,2,Buy,"40% Sell",-38.43,-44.07%,8.69,8.22,9.14,8.7,46.35,-62.21,-45.85,209645,Weakening,Soft,51.02%,0.91,8.49,8.9,-21%
TSCO,"Tractor Supply Company","Retail - Misc & Diversified",35.29,+0.86%,4,Buy,"8% Buy",-38.55,-41.27%,32.73,32.83,38.26,35.18,59,-59.41,-41.53,9227373,Weakening,Weak,49.38%,0.99,34.14,36.22,55%
JBI,"Janus International Group Inc","Building & Construction - Misc",4.95,-2.75%,1,Sell,"100% Sell",-38.64,-51.52%,5.22,5.21,5.49,5.01,45.1,-69.66,-36.41,1658280,Strongest,Average,66.67%,1.35,4.79,5.24,36%
FULC,"Fulcrum Therapeutics Inc","Medical - Biomedical",3.82,-0.78%,4,Buy,"56% Sell",-38.93,-47.46%,4.78,3.74,6.02,3.83,49.13,-65.6,-78.32,1714733,Weakening,Average,44.23%,0.67,3.71,3.95,47%
BLRX,"Biolinerx Ltd ADR","Medical - Drugs",2.59,-3.00%,3,Sell,"72% Sell",-39.21,-28.85%,2.93,2.85,2.84,2.75,42.22,-46.99,-18.6,29396,Strengthening,Soft,16.97%,0.96,2.56,2.95,9%
RDDT,"Reddit Cl A","Internet - Software",149.38,-3.29%,2,Sell,"72% Sell",-39.21,-35.05%,166.27,169.66,158.12,155.59,44.07,-53.19,-47.12,5284018,Strongest,Soft,39.22%,0.82,141.85,169.33,27%
FISV,"Fiserv Inc","Financial Transaction Services",50.86,-4.04%,2,Hold,"80% Sell",-39.24,-62.38%,54.05,52.19,55.68,52.56,42.98,-80.52,-36.38,8101998,Strengthening,Weak,49.40%,2.27,50.52,54.61,8%
ECC,"Eagle Point Credit Inc","Finance - Investment Mgmt",3.91,-0.26%,2,Buy,"32% Sell",-39.26,-48.07%,3.91,3.81,3.96,3.85,56.36,-66.21,-44.22,1533032,Weakest,Weak,75.03%,0.64,3.75,3.95,79%
SAMG,"Silvercrest Ast Cm A","Finance - Investment Mgmt",10.03,-1.38%,4,Sell,"100% Sell",-39.28,-38.14%,11.1,10.17,12.17,10.08,47.6,-56.28,-46.07,44615,Average,Strong,56.07%,1.18,9.84,10.31,40%
NEUP,"Neuphoria Therapeutics Inc","Medical - Biomedical",3.75,-0.53%,4,Hold,"56% Sell",-39.73,-71.13%,4.32,3.75,4.34,3.84,43.94,-89.27,-15.45,98391,Average,Weak,10.27%,0.1,3.69,3.98,21%
MYSE,"Myseum.Ai Inc","IT Services",2.79,-1.06%,9,Buy,"100% Buy",-40.21,+40.20%,2.36,2.56,2.14,2.71,57.83,22.06,51.06,1635200,Average,Strong,56.76%,0.52,2.51,2.91,70%
EBON,"Ebang International Holdings Cl A","Machinery - Tools & Related",2.15,-2.99%,7,Buy,"56% Sell",-40.30,-45.39%,2.17,2.09,2.24,2.16,49.89,-63.53,-41.72,8556,Average,Weak,62.96%,0.24,1.92,2.41,48%
OLLI,"Ollies Bargain CS","Consumer Prdts - Misc Staple",76.88,+0.41%,1,Buy,"40% Sell",-40.31,-41.92%,77.02,72.42,85.6,75.52,55.2,-60.06,-41.96,1584500,Weakest,Soft,69.96%,0.95,71.33,79.71,66%
TU,"Telus Corp","Diversified Comm Services",9.65,-0.21%,6,Sell,"100% Sell",-40.32,-41.27%,11.14,10.05,11.86,9.73,42.54,-59.41,-38.83,6338466,Strengthening,Maximum,25.77%,0.74,9.47,9.99,34%
CHTR,"Charter Communications","Cable TV",145.74,-4.11%,6,Buy,"40% Sell",-40.42,-44.77%,150.29,143.51,175.16,151.48,47.2,-62.91,-42.28,2603551,Average,Weak,32.09%,0.66,143.63,159.32,13%
RMTI,"Rockwell Medical IN","Medical Products",8.06,+0.94%,6,Buy,"8% Sell",-40.45,-49.31%,7.32,6.93,8.09,7.81,60.19,-67.45,-15.4,42160,Weakening,Minimum,58.83%,0.93,7.2,8.42,71%
FTLF,"Fitlife Brands Inc","Medical Products",9.77,-0.51%,3,Sell,"88% Sell",-40.63,-48.93%,10.24,10.39,11.35,10.07,44.78,-67.07,-52.05,22353,Average,Average,18.44%,0.5,9.35,10.79,29%
FIS,"Fidelity National Information Services","Financial Transaction Services",39.42,-5.90%,4,Sell,"100% Sell",-40.97,-42.84%,42.4,41.92,44.52,41.4,39.2,-60.98,-52.79,5526230,Strengthening,Average,44.32%,1.12,39.33,43.47,2%
PRCT,"Procept Biorobotics Corp","Medical Instruments",21.35,-6.20%,2,Buy,"56% Sell",-41.22,-45.14%,22.84,20.36,23.94,21.47,51.43,-63.28,-44.24,1532393,Weakening,Weak,78.24%,1.21,20.29,22.65,45%
FAC,"Factorial Energy Inc","Technology Services",5.69,+9.21%,3,Hold,"80% Sell",-41.74,-43.27%,9.03,6.19,9.44,5.13,52.59,-61.41,-56.83,301094,Average,Strong,78.94%,1.65,4.33,5.92,85%
ROC,"Rank One Computing Corp","Internet - Software",4.36,+3.07%,4,Sell,N/A,-41.95,N/A,4.98,4.62,0,4.23,50.72,N/A,N/A,N/A,N/A,N/A,33.33%,0.3,4,4.47,77%
SCYX,"Scynexis Inc","Medical - Drugs",5.15,-2.83%,5,Buy,"56% Sell",-42.03,-29.81%,5.36,4.74,5.83,5.2,51.56,-47.95,-10.31,87657,Average,Average,22.94%,0.22,4.83,5.58,43%
SLDP,"Solid Power Inc Cl A","Auto - Truck Original Parts",2.57,+2.19%,5,Buy,"40% Sell",-42.14,-34.44%,2.73,2.33,2.93,2.38,63.99,-52.58,-51.63,5527113,Weakest,Weak,86.47%,1.36,2.22,2.53,113%
XYF,"X Financial ADR","Finance - Misc Services",5.44,-1.63%,7,Buy,"56% Buy",-42.27,-60.58%,4.98,5.12,4.9,5.45,53.04,-78.72,-14.96,149587,Weakening,Weak,58.13%,5.14,5.22,5.68,48%
ARQ,"Arq Inc","Chemical - Specialty",2.21,-3.91%,2,Hold,"64% Sell",-42.42,-69.60%,2.35,2.18,2.51,2.22,50.9,-87.74,-44.52,489612,Weakening,Weak,70.45%,0.31,2.08,2.37,45%
HCKT,"Hackett Grp Inc",Consulting,11.28,+0.62%,2,Buy,"24% Sell",-43.22,-46.26%,11.09,10.75,12.01,11.03,55.68,-64.4,-54.64,333779,Weakening,Weak,69.21%,0.91,10.5,11.56,74%
DRIO,"Dario Health Corp","Medical Instruments",7.03,-2.90%,3,Hold,"80% Sell",-43.33,-23.59%,7.33,7.18,7.98,7.23,47.54,-41.73,-50.32,18322,Average,Average,44.72%,0.41,6.75,7.71,29%
PRT,"Permrock Royalty Trust Trust Units","Oil - US Integrated",2.15,-1.38%,2,Sell,"100% Sell",-43.49,-44.44%,2.33,2.22,2.67,2.2,42.19,-62.58,-35.04,55564,Strengthening,Good,14.44%,0.95,2.15,2.25,1%
BUR,"Burford Capital Ltd","Finance - Misc Services",4.43,+1.84%,3,Buy,"32% Sell",-43.64,-65.20%,4.43,4.24,5.47,4.32,56.25,-83.34,-62.44,2579183,Weakest,Weak,74.59%,1.08,4.15,4.48,85%
AVD,"American Vanguard Corp","Chemical - Specialty",2.28,-2.15%,1,Sell,"88% Sell",-43.68,-60.14%,2.62,2.47,3.03,2.23,47.66,-78.28,-52.41,298930,Strengthening,Average,60.06%,0.57,2.09,2.37,67%
NNE,"Nano Nuclear Energy Inc","Other Alt Energy",19.35,+9.20%,5,Buy,"40% Sell",-43.75,-39.30%,21.79,18.24,22.49,18.7,54.71,-57.44,-31.51,2168468,Weakest,Average,43.60%,1.2,17.09,20.31,70%
FKWL,"Franklin Wireless Co.","Computer - Networks",2.43,-0.79%,11,Buy,"56% Sell",-44.09,-40.46%,2.78,2.4,3.13,2.45,48.95,-58.6,-56.38,18004,Weakening,Strong,44.53%,0.73,2.37,2.54,39%
BSEM,"Biostem Technologies New","Medical - Biomedical",4,+7.82%,2,Buy,"40% Sell",-44.21,-35.28%,3.9,3.58,4.39,3.56,57.58,-53.42,-7.11,82522,Weakest,Minimum,65.29%,4.55,3.02,4.1,90%
PAR,"Par Technology Corp","Financial Transaction Services",18.39,-6.98%,6,Buy,"24% Buy",-44.71,-61.69%,16.19,17.8,16.49,18.94,49.02,-79.83,-61.41,1294915,Weakest,Minimum,61.37%,1.04,17.79,20.09,26%
EGG,"Enigmatig Limited Cl A","Business Services",2.79,+2.01%,1,Sell,"88% Sell",-44.98,-52.14%,6.11,4.62,5.98,2.99,35.73,-70.28,-58.96,170844,Average,Strong,21.30%,0,2.63,3.35,22%
VRCA,"Verrica Pharmaceuticals Inc","Medical - Drugs",5.26,-0.75%,3,Hold,"80% Sell",-45.10,+3.95%,5.89,5.44,5.83,5.09,50.44,-14.19,-48.8,134122,Strongest,Average,54.13%,1.7,4.59,5.6,66%
YB,"Yuanbao Inc ADR","Insurance - Multi Line",13.48,-1.71%,2,Sell,"100% Sell",-45.11,-42.32%,14.65,13.94,16.15,13.68,46.22,-60.46,-45.54,44146,Strengthening,Good,69.94%,0.57,13.22,14.13,29%
CNCK,"Coincheck Group N.V.","Finance - Misc Services",2.01,+2.03%,2,Sell,"72% Sell",-45.31,-58.98%,2.09,2.29,2.12,2.05,43.24,-77.12,-32.34,566735,Average,Weak,14.41%,0.31,1.96,2.15,28%
ZTS,"Zoetis Inc Cl A","Medical - Drugs",73.56,-2.97%,7,Sell,"88% Sell",-45.32,-51.53%,82.78,75.53,95.88,75.77,42.51,-69.67,-53.64,5710243,Strengthening,Good,33.78%,0.96,72.77,78.77,13%
ROL,"Rollins Inc","Building - Maint & Service",34.95,-2.54%,2,Sell,"100% Sell",-45.60,-38.82%,45.08,39.34,49.22,36.25,30.65,-56.96,-53.87,3730442,Strongest,Maximum,19.94%,1.1,35.25,37.25,-15%
PDCC,"Pearl Diver Credit Company Inc","Finance - Misc Services",9.05,+0.28%,1,Sell,"88% Sell",-46.28,-48.82%,9.81,9.23,10.42,8.89,53.1,-66.96,-47.13,6893,Weakest,Average,86.21%,0.28,8.69,9.09,89%
PNNT,"Pennantpark Investme","Finance - SBIC & Commercial",3.66,-2.14%,4,Buy,"56% Sell",-46.40,-49.45%,3.82,3.54,4.18,3.73,49.09,-67.59,-50.69,746013,Weakening,Average,39.70%,1.15,3.63,3.83,13%
PW,"Power REIT","REIT - Equity Trust Other",7.15,-5.05%,1,Sell,"72% Sell",-47.24,-27.04%,8.21,8.43,8.31,7.7,36.69,-45.18,-30.41,29648,Strongest,Soft,55.49%,0.57,7.15,8.24,0%
AUC,"Atif Holdings Ltd",Consulting,6.97,+12.06%,4,Sell,"56% Sell",-47.78,+4.34%,7.34,7.07,7.03,6.72,51.28,-13.8,10.83,8080,Weakest,Weak,32.46%,0.81,6.05,7.39,69%
SJT,"San Juan Basin Royalty Trust","Oil - US Royalty Trusts",3.07,+3.72%,7,Buy,"40% Sell",-48.56,-47.25%,3.34,2.74,3.94,2.82,63.91,-65.39,-57.47,201792,Weakest,Average,76.63%,1.11,2.63,3.01,116%
ADVB,"Advanced Biomed Inc","Medical - Biomedical",8.98,-3.80%,7,Buy,"100% Buy",-49.19,+4.42%,6.55,8.23,5.97,8.88,50.67,-13.72,41.77,750342,Strengthening,Average,56.02%,0.02,7.41,10.35,53%
AMBO,"Ambow Education Holding Ltd ADR",Schools,2.045,+2.76%,2,Sell,"100% Sell",-49.30,-30.20%,2.27,2.14,2.23,2.05,47.43,-48.34,-38.01,93887,Average,Soft,29.71%,0.09,1.92,2.18,47%
DUKR,"Duke Robotics Corp","Aerospace - Defense",5.21,-7.79%,4,Hold,"80% Sell",-49.34,-40.22%,6.82,5.44,7.24,5.57,40.04,-58.36,-27.07,15522,Average,Good,47.85%,1.11,5.31,5.83,-20%
PTLE,"Ptl Ltd","Transportation - Services",7.1,-3.99%,2,Sell,"40% Sell",-49.41,-41.30%,7.2,8.7,7.48,7.7,41.68,-59.44,-23.44,89120,Weakening,Weak,31.17%,2.85,6.56,8.85,24%
BXBL,"Boxabl Inc","Real Estate Developers",4.37,+0.46%,2,Sell,"88% Sell",-49.71,-56.23%,8.23,6.14,8.85,4.3,43.4,-74.37,-68.57,160657,Average,Maximum,69.67%,1.26,3.82,4.77,58%
SFWL,"Shengfeng Development Limited Cl A","Transportation - Services",11.43,-19.80%,9,Hold,"80% Sell",-49.76,-26.76%,13.2,12.73,13.41,12.97,41.92,-44.9,-31.92,1684,Strongest,Good,63.53%,8.11,11.7,14.23,-11%
IIIV,"I3 Verticals Inc Cl A","Internet - Software",15.85,-4.52%,1,Sell,"100% Sell",-49.78,-48.79%,19.86,19.1,20.65,16.48,34.29,-66.93,-49.18,391906,Strongest,Strong,48.67%,1.03,15.81,17.15,3%
BRCC,"Brc Inc Cl A","Consumer Prdts - Misc Staple",8.89,+1.60%,2,Sell,"72% Sell",-50.14,-44.78%,11.66,10.06,10.39,8.51,47.46,-62.92,-32.01,105173,Weakening,Soft,36.93%,0.92,7.93,9.09,83%
ASTI,"Ascent Solar Technologies",Solar,2.98,-4.79%,1,Sell,"100% Sell",-50.64,+67.42%,4.53,3.41,4.83,3.1,42.69,49.28,-39.59,1741453,Strengthening,Average,60.71%,1.01,2.78,3.43,31%
CWH,"Camping World Holdings Inc","Auto - Truck Original Parts",6.56,-5.75%,7,Buy,"40% Sell",-50.66,-63.08%,6.89,6.48,7.47,6.52,50.56,-81.22,-44.68,2614790,Weakening,Weak,73.90%,0.87,6.17,6.87,56%
GIBO,"Gibo Holdings Limited Cl A","Media Conglomerates",33.26,-1.31%,4,Buy,"24% Sell",-50.88,-50.36%,31.67,30.15,33.7,30.64,58.54,-68.5,-47.04,11400,Weakest,Minimum,58.49%,6.01,27.32,33.97,89%
QDEL,"Quidelortho Corp","Medical Products",13.38,-4.22%,4,Sell,"72% Sell",-51.08,-53.00%,14.22,15.96,16.21,14.38,39.61,-71.14,-65.25,1610094,Average,Average,25.23%,0.66,13.26,15.49,5%
LFMD,"Lifemd Inc","Medical Services",3.09,+0.32%,2,Sell,"88% Sell",-51.09,-49.76%,4.18,3.78,3.92,3.23,37.13,-67.9,-21.48,1083054,Average,Average,15.08%,1.05,2.98,3.49,22%
WVE,"Wave Life Sciences Inc","Medical - Biomedical",4.91,+1.03%,1,Sell,"100% Sell",-51.22,-35.22%,6.08,5.61,7.87,5.11,40.4,-53.36,-83.22,4755052,Average,Average,26.18%,1.17,4.73,5.49,23%
PDC,"Perpetuals.com Ltd ADR","Technology Services",3.14,+10.56%,6,Sell,"88% Sell",-51.28,+57.00%,5.1,3.61,5.01,3.06,48.43,38.86,-63.61,86694,Weakening,Strong,30.27%,0.99,2.78,3.33,65%
WVVI,"Willamette Valley","Beverages - Alcohol",2.18,-2.24%,1,Sell,"100% Sell",-51.58,-55.60%,2.6,2.49,2.61,2.25,38.26,-73.74,-40.62,9295,Strongest,Average,49.59%,0.26,2.13,2.36,20%
CLNN,"Clene Inc","Medical - Biomedical",3.62,-5.97%,1,Sell,"100% Sell",-51.69,-45.40%,5.69,5.1,5.54,4.21,28.6,-63.54,-50.43,237279,"Top 1%",Good,8.56%,3.21,3.76,4.66,-15%
RENT,"Rent The Runway Inc Cl A","Retail - Apparel & Shoes",3.2,-15.90%,6,Hold,"80% Sell",-51.71,-49.84%,3.77,3.48,4.33,3.65,37.83,-67.98,-71.64,113229,Strengthening,Average,53.09%,5.33,3.36,3.93,-28%
ASPS,"Altisource Portfolio","REIT - Mortgage Trusts",5.59,-1.06%,1,Sell,"88% Sell",-51.85,-51.39%,6.31,6.02,6.35,5.57,46.8,-69.53,-31.67,24018,Strengthening,Weak,50.76%,0.13,5.38,5.76,56%
TRAK,"Repositrak Inc","Internet - Software",7.81,-1.39%,1,Sell,"100% Sell",-52.18,-55.09%,8.99,8.52,8.83,8.11,38.96,-73.23,-48.96,104024,Strongest,Average,49.79%,1.18,7.62,8.6,20%
CCOI,"Cogent Comm Hlds","Wireless National",9.64,-4.08%,4,Sell,"100% Sell",-52.36,-73.86%,14.86,11.48,17,10.01,42.67,-92.,-67.39,1356489,Strengthening,Average,58.17%,1.66,8.91,11.1,33%
NMAD,"Nomad Power Solutions Inc","IT Services",3.86,-4.34%,8,Sell,"56% Sell",-52.87,-10.87%,5.18,4.87,4.44,4.06,42.68,-29.01,-14.01,182501,Weakening,Weak,44.39%,0.64,3.61,4.52,27%
MIND,"Mitcham Industries Inc","Technology Services",4.2,-8.10%,2,Sell,"100% Sell",-53.09,-55.70%,5.57,4.9,6.48,4.52,36.23,-73.84,-64.32,158417,Strongest,Strong,35.23%,3.71,4.13,4.92,9%
SRAD,"Sportradar Group Ag Cl A","Internet - Software",12.73,-1.32%,4,Sell,"100% Sell",-53.11,-58.92%,14.04,13.93,15.26,12.97,44.15,-77.06,-58.55,2750521,Strengthening,Average,56.04%,0.44,12.3,13.64,32%
MLGO,"Microalgo Inc","Technology Services",3.96,-1.49%,6,Sell,"88% Sell",-53.50,-54.06%,4.36,4.1,4.14,4.11,44.15,-72.2,-22.51,224417,Strengthening,Weak,33.72%,1.47,3.88,4.35,17%
HTCO,"High-Trend International Group","Technology Services",2.53,-1.56%,1,Sell,"100% Sell",-53.82,-61.55%,4.9,3.14,6.28,2.79,37.88,-79.69,-82.12,416043,Average,Good,44.80%,0.41,2.37,3.2,19%
UIS,"Unisys Corp","IT Services",2.53,-3.44%,1,Sell,"56% Sell",-53.86,-37.06%,3.24,3.16,2.91,2.7,35.62,-55.2,-20.43,824073,Strengthening,Weak,28.75%,0.93,2.51,2.89,6%
SMPL,"The Simply Good Foods Company","Food - Confectionery",10.76,-6.03%,5,Hold,"96% Sell",-54.13,-61.82%,11.83,11.44,12.94,11.04,45.07,-79.96,-58.51,2370692,Strengthening,Average,64.50%,0.95,10.39,11.69,28%
SPRY,"Ars Pharmaceuticals Inc","Medical - Drugs",5.39,-4.09%,5,Sell,"100% Sell",-54.39,-49.63%,7.56,6.41,7.96,5.85,39.22,-67.77,-65.83,1745807,Strongest,Strong,24.88%,0.56,5.27,6.43,11%
OCCI,"Ofs Credit Company","Finance - Investment Mgmt",2.59,0.00%,6,Buy,"40% Sell",-54.45,-56.69%,2.82,2.53,2.95,2.58,51.61,-74.83,-58.59,300273,Weakest,Weak,36.67%,0.37,2.47,2.69,53%
EFOI,"Energy Focus Inc","Building Products - Ltg FX",2.85,+0.18%,1,Sell,"24% Sell",-55.05,+14.23%,3.35,2.94,2.86,2.88,47.42,-3.91,11.28,910497,Weakest,Minimum,56.12%,0.82,2.69,3.07,42%
APP,"Applovin Corp Cl A","Technology Services",312.01,-2.67%,1,Sell,"88% Sell",-55.71,-42.96%,443.48,390.29,438.19,311.59,38.65,-61.1,-65.8,5369417,Strengthening,Strong,53.25%,0.65,301.09,322.08,52%
ABR,"Arbor Realty Trust","REIT - Mortgage Trusts",5.01,-4.57%,2,Hold,"80% Sell",-55.86,-58.22%,5.72,5.11,6.39,5.12,45.29,-76.36,-47.54,3953244,Strengthening,Average,69.01%,1,4.89,5.35,25%
ASPI,"Asp Isotopes Inc","Chemical - Diversified",4.22,+0.48%,3,Sell,"88% Sell",-56.13,-50.53%,5.24,4.35,5.2,4.04,52.23,-68.67,-33.22,4927817,Weakening,Average,82.73%,1.19,3.72,4.37,77%
DOCS,"Doximity Inc Cl A","Medical Information Systems",24.42,-7.32%,4,Buy,"8% Buy",-56.15,-64.87%,22.74,23.37,23.52,25.67,47.42,-83.01,-56.95,3917842,Weakest,Minimum,44.56%,0.65,24.03,27.3,12%
XBP,"Xbp Global Holdings Inc","Internet - Software",2.81,-9.35%,2,Buy,"24% Sell",-56.25,-62.58%,2.7,2.83,3.68,2.88,47.28,-80.72,-70.84,19793,Weakest,Weak,77.96%,0.18,2.64,3.13,34%
KRKR,"36Kr Holdings Inc ADR","Business Information",3.1,+0.34%,2,Buy,"56% Sell",-56.60,-69.31%,3.17,2.93,3.41,3.12,52.09,-87.45,-46.97,15741,Weakest,Soft,40.72%,0.21,3,3.24,42%
VRM,"Vroom Inc","Auto - Domestic",10.8,-0.28%,7,Buy,"24% Sell",-57.35,-61.02%,10.23,8.52,11.77,9.83,64.3,-79.16,-57.77,19003,Weakest,Weak,63.35%,10.36,8.72,10.94,94%
PODD,"Insulet Corp","Medical Products",142.28,-3.53%,7,Sell,"100% Sell",-58.19,-59.30%,157.01,154,181.41,145.99,41.97,-77.44,-62.04,1267214,Strengthening,Good,40.36%,1.39,140.2,151.77,18%
QTI,"Qt Imaging Holdings Inc","Medical Instruments",2.78,+5.30%,4,Sell,"100% Sell",-58.25,+10.32%,4.25,3.12,4.87,2.92,43.54,-7.82,-66.53,38994,Average,Good,10.89%,0.37,2.56,3.28,31%
CNF,"Cnfinance Holdings Ltd ADR","Finance - Mortgage & Rel Svs",2.01,-8.64%,3,Sell,"100% Sell",-58.28,-39.27%,2.73,2.38,3.41,2.23,35.16,-57.41,-78.88,9691,Strongest,Strong,31.29%,1.07,2.07,2.38,-20%
ROLR,"High Roller Technologies Inc",Gaming,6.26,-2.19%,2,Sell,"24% Buy",-59.08,+139.39%,6.51,6.21,5.76,6.03,53.05,121.25,191.78,1476004,Weakest,Weak,89.62%,0.52,5.51,6.54,73%
BGDE,"Big Digital Energy Inc","IT Services",7.03,+2.33%,7,Buy,"88% Buy",-59.20,+3.11%,6.73,6.57,5.5,6.8,54.4,-15.03,54.88,695038,Strongest,Soft,44.91%,0.55,5.88,7.72,63%
HUHU,"Huhutech International Group Inc","Machinery - General Industrial",4.25,+0.47%,1,Sell,"100% Sell",-59.30,-32.00%,7.57,5.51,7.52,4.56,35.92,-50.14,-70.02,39060,Strengthening,Strong,15.50%,0.14,3.96,5.16,24%
BARK,"Bark Inc","Consumer Services - Misc",9.7,-9.68%,2,Buy,"24% Sell",-59.31,-46.95%,9.64,9.9,11.05,10.43,43.86,-65.09,-31.6,71887,Weakening,Weak,45.10%,1.4,9.78,11.07,-7%
FLUT,"Flutter Entertainment Plc",Gaming,100.7,+0.59%,7,Sell,"88% Sell",-59.32,-65.04%,102.53,102.51,107.15,99.46,50.51,-83.18,-65.27,3164017,Weakening,Soft,62.09%,1.13,94.24,104.69,62%
NUS,"NU Skin Enterprises","Cosmetics & Toiletries",4.75,-1.86%,1,Sell,"100% Sell",-59.60,-58.73%,5.62,5.03,6.44,4.77,45.57,-76.87,-62.72,572386,Strengthening,Strong,66.28%,0.82,4.61,4.93,44%
CLRO,"Clearone Inc","Communications Components",5.01,-1.57%,1,Buy,"40% Buy",-60.18,+6.82%,4.69,6.1,4.86,5.46,44.98,-11.32,-13.67,1424334,Weakest,Soft,20.62%,0,4.6,6.31,24%
GSIW,"Garden Stage Limited","Finance - Misc Services",14.25,-13.64%,3,Sell,"100% Sell",-60.18,-25.24%,24.88,21.62,24.49,16.52,33.79,-43.38,-56.95,23539,Strongest,Average,47.59%,13.39,14.34,18.7,-2%
CNSP,"Cns Pharmaceuticals Inc","Medical - Biomedical",5.94,+3.66%,6,Buy,"100% Buy",-60.19,-7.04%,4.96,5.37,4.3,5.69,56.23,-25.18,1.04,462759,Strongest,Soft,54.43%,1.21,5.12,6.25,72%
Z,"Zillow Group Cl C","Internet - Services",32.36,-6.45%,6,Hold,"80% Sell",-60.45,-64.00%,35.99,33.8,38.98,34.95,41.68,-82.14,-64.67,3904150,Average,Average,22.66%,1.4,32.67,37.24,-7%
NCTY,"The9 Ltd ADR","Internet - Content",4.5,-4.05%,3,Buy,"72% Sell",-61.08,-56.40%,4.9,4.51,5.15,4.62,48.09,-74.54,-41.46,81136,Strengthening,Soft,13.72%,0.96,3.77,5.47,43%
FOXX,"Foxx Development Holdings Inc","Consumer Prdts - Misc Discr",2.6,-0.19%,9,Buy,"88% Sell",-61.10,-52.30%,3.54,2.77,3.91,2.72,44.73,-70.44,-56.17,803135,Average,Strong,25.44%,0.28,2.37,3.07,33%
ATOS,"Atossa Therapeutics Inc","Medical - Biomedical",2.52,-0.20%,5,Buy,"56% Sell",-61.29,-79.23%,3.48,2.41,3.94,2.56,49.41,-97.37,-83.68,115861,Weakest,Soft,43.96%,0.5,2.35,2.77,40%
RAY,"Raytech Holding Limited","Retail - Consumer Electronics",2.58,-2.83%,2,Sell,"100% Sell",-61.68,-68.77%,3,2.84,3.36,2.76,40.04,-86.91,18.61,31444,Strongest,Weak,18.87%,0.95,2.55,2.96,5%
AISP,"Airship AI Holdings Inc","Technology Services",2.08,+1.46%,4,Buy,"48% Sell",-61.82,-51.74%,2.35,2.07,2.39,2.08,49.61,-69.88,-40.13,621144,Weakening,Weak,34.48%,0.57,1.94,2.23,49%
NAGE,"Niagen Bioscience Inc","Medical - Biomedical",3.1,-2.21%,7,Sell,"100% Sell",-62.30,-67.20%,3.62,3.25,4.03,3.15,44.82,-85.34,-63.36,894982,Strengthening,Average,38.68%,0.85,2.98,3.31,36%
WING,"Wingstop Inc","Retail - Restaurants",109.45,+0.22%,2,Sell,"100% Sell",-62.44,-64.09%,142.9,131.82,166.78,113.55,39.47,-82.23,-66.21,1105244,Strengthening,Strong,21.12%,0.72,105.46,121.64,25%
SMR,"Nuscale Power Corp","Electrical Power",11.18,+15.26%,5,Buy,"8% Sell",-63.03,-67.07%,10.36,9.13,11.08,9.51,65.29,-85.21,-33.2,29712266,Weakening,Minimum,76.32%,1.75,8.52,10.5,135%
HIND,"Vyome Holdings Inc","Medical - Drugs",2.09,-5.86%,4,Hold,"48% Sell",-63.27,-74.17%,2.17,2.18,2.28,2.21,40.32,-92.31,-51.34,284127,Weakening,Weak,29.51%,1.79,2.11,2.32,-10%
BRBR,"Bellring Brands Inc Cl A","Food - Misc & Diversified",9.79,-5.77%,1,Sell,"88% Sell",-63.36,-72.63%,11.59,11.86,13.5,10.59,37.02,-90.77,-75.47,4393293,Strengthening,Average,17.57%,0.78,9.86,11.32,-5%
UONE,"Urban One Inc","Broadcast - Radio & TV",4.73,0.00%,1,Sell,"100% Sell",-63.48,-69.29%,5.59,5.02,6.71,4.91,40.44,-87.43,-66.18,50959,Strengthening,Average,29.13%,0.78,4.68,5.14,12%
SUNE,"Sunation Energy Inc","Other Alt Energy",2.37,+0.42%,2,Sell,"56% Buy",-63.51,+61.22%,2.11,2.43,1.96,2.34,50.85,43.08,118,3822043,Weakening,Weak,66.12%,5.95,2.07,2.61,55%
SONM,"Dna X Inc","Wireless Equipment",3.13,-3.40%,2,Sell,"100% Sell",-64.22,-70.34%,4.12,3.62,4.23,3.36,40.72,-88.48,-12.73,40958,Strongest,Weak,33.74%,0.46,3.08,3.64,9%
LUD,"Luda Technology Group Limited","Steel - Specialty",4.31,+0.48%,2,Sell,"80% Sell",-64.29,-67.25%,4.82,4.31,4.95,4.29,50.48,-85.39,-44.97,79115,Weakest,Average,49.02%,0.11,4.19,4.39,61%
AQMS,"Aqua Metals Inc","Waste Removal Svcs",2.95,-1.67%,8,Buy,"40% Sell",-64.56,-24.55%,3.43,2.76,3.77,2.8,55.97,-42.69,-50.64,144742,Weakest,Soft,95.61%,0.64,2.59,3.01,85%
CTSO,"Cytosorbents Cor","Medical Products",6.85,-2.17%,5,Sell,"100% Sell",-64.61,-65.14%,8.9,7.38,10.37,7.13,45.72,-83.28,-58.52,7476,Strengthening,Strong,27.70%,1.59,6.37,7.9,31%
ANGI,"Angi Inc","Internet - Content",4.7,-4.08%,8,Sell,"100% Sell",-65.70,-74.54%,5.71,5.42,6.54,4.75,44.84,-92.68,-75.75,1090974,Strengthening,Good,44.55%,1.11,4.38,5.12,44%
CGTL,"Creative Global Technology Ltd","Consumer Prdts - Misc Discr",4.22,-2.76%,2,Hold,"96% Sell",-65.91,-46.72%,7.58,4.49,15.22,4.4,43.26,-64.86,-88.46,290921,Average,Average,11.71%,0.03,3.72,5.07,37%
GURE,"Gulf Resources Inc","Chemical - Diversified",3.59,-1.91%,6,Hold,"64% Sell",-66.14,-53.38%,3.84,3.44,4.29,3.39,53.17,-71.52,-15.07,74099,Weakening,Soft,72.71%,0.24,2.93,3.84,72%
SERV,"Serve Robotics Inc","IT Services",4.9,-0.91%,1,Sell,"88% Sell",-66.17,-53.33%,6.82,5.25,7.67,4.85,47.37,-71.47,-64.89,5053965,Weakening,Strong,59.52%,0.71,4.62,5.08,61%
STEM,"Stem Inc","IT Services",5.64,+1.26%,3,Sell,"100% Sell",-67.63,-58.22%,7.69,6.09,8.69,5.71,46.82,-76.36,-74.62,167112,Weakening,Good,36.16%,0.87,5.21,6.22,43%
KG,"Kestrel Group Ltd","Insurance - Multi Line",6.98,-7.92%,3,Sell,"100% Sell",-67.68,-72.80%,9.9,8.7,10.65,7.72,35.28,-90.94,-43.94,19362,"Top 1%",Average,33.65%,6.87,6.93,8.51,3%
LNZA,"Lanzatech Global Inc","Waste Removal Svcs",6.12,0.00%,7,Buy,"56% Sell",-68.52,-68.04%,9.98,6.07,11.79,6.26,47.09,-86.18,-67.62,70782,Weakening,Average,27.84%,0.29,6,6.53,24%
GLOO,"Gloo Holdings Inc","Internet - Software",3.18,+2.75%,1,Sell,N/A,-69.43,N/A,4.63,3.43,4.96,3.3,43.55,N/A,-56.21,N/A,N/A,N/A,18.89%,0.55,3.02,3.57,29%
CLGN,"Collplant Biotechnologies Ltd ADR","Medical - Biomedical",3.58,+0.85%,3,Buy,"56% Sell",-70.30,-86.44%,3.59,3.32,4.47,3.28,55.78,-104.58,-86.53,111159,Weakest,Weak,13.26%,0.49,2.74,3.81,78%
CCG,"Cheche Group Inc Cl A","Auto - Truck Original Parts",14.01,-12.55%,6,Hold,"80% Sell",-70.43,-61.14%,17.67,15.1,21.04,15.84,41.92,-79.28,-63.87,6950,Average,Good,31.33%,1.68,13.73,17.96,7%
NCEL,"Newcelx Ltd","Medical - Biomedical",3.25,-2.99%,4,Sell,"8% Buy",-70.61,-83.59%,3.49,3.58,3.19,3.34,44.32,-101.73,58.95,59465,Weakening,Minimum,37.41%,0.2,3.14,3.54,27%
YI,"111 Inc ADR","Medical Information Systems",3.2,-7.65%,1,Sell,"100% Sell",-70.63,-44.44%,4.72,3.78,5.52,3.57,39.21,-62.58,12.9,25733,Strongest,Strong,46.43%,1.22,3.15,3.99,6%
ALIT,"Alight Inc Cl A","Internet - Software",13.45,-9.85%,2,Sell,"72% Sell",-70.75,-82.07%,15.64,16.43,16.31,14.11,41.58,-100.21,-77.61,1136695,Average,Weak,50.89%,0.6,13.06,15.15,19%
WKHS,"Workhorse Grp","Auto - Truck Original Parts",3.1,+0.32%,4,Buy,"24% Sell",-70.94,-78.47%,3.08,3.01,3.18,3.18,48.46,-96.61,-51.2,178433,Weakest,Minimum,11.40%,0.63,2.91,3.45,36%
MENS,"Jyong Biotech Ltd","Medical - Biomedical",2.12,-11.30%,9,Hold,"40% Sell",-70.95,-96.19%,2.12,2.21,2.13,2.18,45.52,-114.33,-58.43,362284,Weakest,Minimum,68.90%,0.68,1.95,2.41,37%
PAVM,"Pavmed Inc","Medical Instruments",4.72,-10.61%,7,Sell,"100% Sell",-71.01,-63.32%,5.93,5.23,7.28,5.05,43.71,-81.46,-40.84,326665,Strengthening,Average,34.48%,3.31,4.51,5.59,20%
FABC,"Fabric.Ai Inc","Technology Services",2.5,-0.40%,5,Sell,"88% Sell",-71.19,-53.10%,3.32,2.75,3.01,2.72,41.64,-71.24,-10.06,849082,Strongest,Soft,13.00%,0.31,2.43,3.01,13%
LBGJ,"Li Bang International Corporation Inc","Steel - Specialty",2.08,-9.17%,2,Sell,"100% Sell",-71.97,-99.99%,145.99,84.9,2272.32,2.97,31.34,-118.13,-112.08,190528,Weakening,Average,8.17%,0.06,2.3,3.65,-16%
PN,"Pn Smart Energy Limited","Other Alt Energy",2.43,+2.53%,1,Sell,"88% Sell",-72.01,-86.50%,4.44,5.01,6.13,2.68,41.58,-104.64,-95.36,757125,Weakening,Soft,12.00%,0.06,2.33,3.02,14%
ARBK,"Argo Blockchain Plc ADR","Finance - Misc Services",2.99,+2.75%,5,Sell,"88% Sell",-72.44,-94.15%,3.33,3.05,3.21,2.93,51.77,-112.29,-24.42,55764,Weakening,Weak,24.08%,0.7,2.83,3.03,79%
TANH,"Tantech Holdings Ltd","Chemical - Diversified",18.79,-14.08%,3,Hold,"80% Sell",-72.77,-81.58%,20.4,20.01,26.04,18.48,49.63,-99.72,-74.52,18911,Strengthening,Soft,72.18%,1.88,14.45,22.5,54%
GLMD,"Galmed Pharmaceutica","Medical - Drugs",3.83,-1.42%,3,Sell,"100% Sell",-72.83,-65.10%,4.67,4.38,4.75,4.23,39.18,-83.24,-48.39,156758,Strongest,Average,10.30%,0.23,3.75,4.71,8%
CUPR,"Cuprina Holdings [Cayman] Limited","Medical - Biomedical",3.12,-1.27%,3,Sell,"40% Sell",-73.40,-37.65%,3.27,3.64,3.2,2.96,50.19,-55.79,-14.62,1064614,Weakest,Weak,79.10%,0.94,2.74,3.18,87%
CD,"Chaince Digital Holdings Inc","Financial Transaction Services",3.51,-13.76%,3,Buy,"40% Sell",-74.65,-44.55%,4.8,3.39,4.8,3.47,51.16,-62.69,-41.48,204181,Weakening,Weak,80.32%,1.51,2.85,4.08,53%
DOMO,"Domo Inc Cl B","Internet - Software",3.83,-1.29%,2,Buy,"32% Buy",-75.23,-74.59%,3.57,3.66,3.66,3.81,53.35,-92.73,-66.67,1664460,Weakening,Minimum,61.32%,1.24,3.65,3.98,55%
SSTK,"Shutterstock Inc","Internet - Content",5.17,-9.93%,3,Sell,"100% Sell",-75.79,-74.67%,11.18,6.8,13.07,5.56,35.57,-92.81,-85.03,572904,Strongest,Maximum,42.92%,1.18,5.16,5.96,2%
STI,"Solidion Technology Inc","Electronics Products - Misc",7.28,-5.33%,1,Sell,"72% Sell",-76.00,+53.26%,8.72,7.38,7.59,7.59,45.59,35.12,-9.42,961100,Strengthening,Weak,52.65%,0.52,7.2,7.98,11%
AIFA,"All IN Futuretech Alliance Inc",Gaming,3.03,-4.42%,2,Buy,"88% Buy",-76.00,-48.38%,2.6,2.37,2.34,2.99,58.88,-66.52,16.79,967157,Strengthening,Soft,60.58%,0.23,2.74,3.24,57%
EDHL,"Everbright Digital Holding Limited","Advertising Marketing Services",3.92,-1.01%,4,Buy,"8% Sell",-76.44,-38.67%,3.71,4.03,3.48,3.98,46.61,-56.81,-46.78,863816,Weakest,Minimum,14.56%,0.01,3.77,4.2,35%
ANTA,"Antalpha Platform Holding Company","Finance - Misc Services",3.44,-8.38%,4,Sell,"100% Sell",-76.47,-73.11%,6.1,4.08,6.81,3.84,41.46,-91.25,-73.35,5594,Strongest,Maximum,32.26%,0.75,3.47,4.21,-4%
ANPA,"Rich Sparkle Holdings Limited","Business Services",3.3,-16.88%,1,Sell,"100% Sell",-77.10,-91.20%,5.22,4.15,10.32,4.06,34.75,-109.34,-97.2,125012,Strengthening,Good,40.17%,1.05,3.61,4.51,-34%
JDZG,"Jiade Limited",Schools,3.62,+17.15%,7,Sell,"100% Sell",-77.34,-99.20%,19.24,16.34,115.59,3.65,37.56,-117.34,-110.31,97904,Weakening,Average,29.11%,0.49,2.57,4.73,48%
LFS,"Leifras Co. Ltd ADR","Leisure & Recreation Services",2.13,-2.29%,2,Hold,"56% Sell",-77.39,N/A,2.23,2.26,2.3,2.26,43.09,N/A,-35.2,1154603,Average,Soft,17.41%,0.04,2.11,2.41,6%
UK,"Ucommune Intl Ltd","Real Estate Operations",2.11,+4.68%,3,Hold,"64% Sell",-77.52,-80.65%,2.49,2.09,3.35,2.13,50.43,-98.79,-78.62,130012,Weakest,Average,38.40%,0.21,1.91,2.36,45%
CURX,"Curanex Pharmaceuticals Inc","Medical - Drugs",5.04,-0.20%,6,Buy,"40% Sell",-77.57,-96.62%,5.67,4.41,6.46,4.64,59.28,-114.76,-35.87,74412,Weakest,Minimum,43.81%,12.29,3.96,5.31,80%
IOTR,"Iothree Limited","Transportation - Ship",2.47,-1.59%,2,Sell,"40% Sell",-78.63,-43.19%,2.8,2.87,2.65,2.6,41.27,-61.33,-11.08,894544,Average,Weak,54.85%,0.01,2.32,2.88,27%
TVGN,"Tevogen Inc","Medical Services",7.33,-0.14%,12,Buy,"24% Sell",-79.14,-83.33%,7.31,6.05,7.85,6.81,62.9,-101.47,-67.82,23368,Weakest,Minimum,99.75%,0.25,6.2,7.43,92%
BMGL,"Basel Medical Group Ltd","Medical Services",4.78,0.00%,3,Sell,"100% Sell",-79.29,-79.57%,6.62,5.82,6.92,5.11,43.28,-97.71,-30.81,24031,Strengthening,Soft,19.21%,0.04,4.4,5.82,27%
ATPC,"Agape Atp Corp","Medical Products",2.31,-3.35%,3,Sell,"100% Sell",-79.36,-96.42%,2.72,2.58,2.71,2.42,41.72,-114.56,-68.72,2138323,Strengthening,Weak,20.48%,0.02,2.28,2.57,10%
MLEC,"Moolec Science Sa","Agriculture Operations",6.93,0.00%,3,Hold,"80% Sell",-79.97,-59.12%,7.61,7.23,8.13,7.08,47.54,-77.26,69.36,505306,Average,Weak,14.78%,4.18,6.34,7.82,40%
DXST,"Decent Holding Inc","Waste Removal Svcs",2.59,0.00%,4,Buy,"8% Sell",-80.56,-92.21%,2.39,2.45,3.66,2.61,51.23,-110.35,-104.65,1446151,Weakest,Weak,18.18%,0.02,2.42,2.79,45%
JEM,"707 Cayman Holdings Limited","Textile - Apparel",4.28,+4.39%,3,Sell,"100% Sell",-81.87,-93.95%,13.86,7.85,17.75,4.44,42.79,-112.09,-102.01,492616,Average,Weak,9.60%,0.06,3.13,5.75,44%
WNW,"Meiwu Technology Ltd","Technology Services",2.31,-1.28%,3,Sell,"100% Sell",-81.98,-98.82%,3.26,2.87,34.01,2.56,41.4,-116.96,-110.44,850276,Average,Average,2.44%,0.05,2.11,3.01,22%
SPHL,"Springview Holdings Ltd","Building & Construction - Misc",2.5,-0.40%,3,Sell,"100% Sell",-82.79,-19.00%,2.74,2.66,2.87,2.57,44.94,-37.14,8.09,975951,Strengthening,Soft,51.76%,0.01,2.33,2.81,36%
EUDA,"Euda Health Holdings Ltd","Medical Information Systems",13.44,-0.37%,4,Hold,"48% Sell",-83.16,-55.20%,14.01,14.64,14.59,14.26,44.22,-73.34,-83.01,47429,Weakening,Weak,15.87%,3.43,12.81,15.71,22%
RGNT,"Regentis Biomaterials Ltd","Medical - Biomedical",2.04,+3.55%,7,Sell,N/A,-84.68,N/A,2.58,2.38,3,2.03,47.28,N/A,-81.83,N/A,N/A,N/A,11.05%,0.55,1.86,2.2,53%
ERNA,"Ernexa Therapeutics Inc","Medical - Drugs",4.19,-2.78%,4,Sell,"100% Sell",-85.76,-86.48%,6.2,4.88,6.66,4.51,41.77,-104.62,-98.13,675963,Strengthening,Soft,13.32%,0.03,3.99,5.03,19%
SOWG,"Sow Good Inc","Consumer Prdts - Misc Discr",3.11,+2.30%,6,Buy,"40% Sell",-86.94,-72.36%,2.72,3.39,4,3.23,47.24,-90.5,-51.85,150355,Weakest,Weak,2.21%,0.2,2.89,3.57,33%
SLMT,"Brera Holdings Plc Cl B",Gaming,3.79,-1.56%,5,Sell,"100% Sell",-86.98,-93.63%,5.35,4.48,6.89,4.06,41.85,-111.77,-91.83,105823,Average,Weak,20.37%,0.52,3.7,4.42,12%
VRAX,"Virax Biolabs Group Limited","Medical - Biomedical",2.63,+0.19%,2,Sell,"100% Sell",-86.98,-81.56%,3.77,3.15,4.14,2.85,42.27,-99.7,-81.68,1015061,Weakening,Soft,6.03%,0.01,2.4,3.29,26%
HCAI,"Hauchen AI Parking Management Ltd","Technology Services",4.22,-0.94%,5,Sell,"100% Sell",-87.13,-76.52%,7.29,5.64,6.92,4.67,35.5,-94.66,-71.82,482595,Strongest,Average,15.70%,0.19,4.23,5.1,-1%
OPAD,"Offerpad Solutions Inc","Real Estate Operations",4,-2.44%,1,Sell,"100% Sell",-87.95,-90.59%,5.6,4.58,6.31,4.32,40.09,-108.73,-79.04,163800,Strengthening,Soft,25.78%,0.84,3.91,4.72,11%
GMM,"Global Mofy AI Limited","Technology Services",2.05,-2.62%,2,Sell,"100% Sell",-88.17,-98.12%,19.73,2.71,34.24,2.56,28.87,-116.26,-108.63,1474212,Average,Strong,10.60%,0,2.03,3.09,1%
CSAI,"Cloudastructure Inc Cl A","Internet - Software",4.66,-5.09%,1,Sell,"100% Sell",-88.64,-88.66%,10.84,7.33,13.55,5.18,37.57,-106.8,-92.81,26300,Average,Average,7.44%,0.31,4.69,5.68,-3%
SKYQ,"Sky Quarry Inc","Oil - US Integrated",2.66,+2.70%,1,Sell,"88% Sell",-88.76,-53.82%,3.54,3.4,3.64,2.77,43.15,-71.96,36.67,6137584,Average,Weak,24.12%,0.17,2.28,3.26,39%
HAO,"Haoxi Health Technology Limited Class A Ord Shar","Advertising Marketing Services",3.41,+0.59%,4,Sell,"100% Sell",-89.32,-99.89%,421.31,6.47,1275.02,3.44,21.94,-118.03,-111.98,128331,Weakening,Good,31.89%,0.06,2.67,4.21,48%
LNAI,"Lunai Bioworks Inc","Medical Information Systems",2.6,+8.79%,5,Hold,"56% Sell",-89.33,-82.72%,2.6,2.5,2.95,2.29,58.87,-100.86,-75.24,1192130,Weakest,Weak,68.63%,0.27,2.06,2.52,117%
ASTC,"Astrotech Corp","Aerospace - Defense Equipment",7.6,+3.12%,1,Sell,"24% Sell",-89.77,+51.70%,10.13,8.16,7.74,7.68,47.38,33.56,107.55,2006187,Weakest,Minimum,43.40%,0.15,6.3,9.06,47%
ATGL,"Alpha Technology Group Limited","Technology Services",6.01,-3.06%,1,Sell,"100% Sell",-89.77,-80.62%,12,8.85,14.62,6.97,33.17,-98.76,-83.39,18510,Strongest,Maximum,8.04%,0.15,5.75,8.19,10%
FOFO,"Hang Feng Technology Innovation Co. Ltd","Business Services",2.1,-3.67%,2,Sell,"100% Sell",-90.03,N/A,2.8,2.57,3.34,2.45,36.56,N/A,-90.38,105697,Strengthening,Average,4.88%,0.44,2.16,2.74,-11%
CIIT,"Tianci International Inc","Transportation - Ship",2.77,-8.88%,1,Sell,"100% Sell",-90.13,-93.91%,8.32,3.86,14.55,3.28,32.99,-112.05,-100.2,287904,Average,Average,23.62%,0.13,2.7,3.85,6%
BIRD,"Smartbird Inc","Shoes and Related Apparel",2.5,-0.79%,4,Hold,"64% Sell",-90.22,-58.81%,4.08,2.73,3.82,2.48,47.51,-76.95,-51.12,2462187,Weakening,Average,30.37%,0.57,2.29,2.68,54%
OMH,"Ohmyhome Limited","Technology Services",2.5,-12.59%,3,Sell,"100% Sell",-90.63,-95.50%,26.58,10.94,38.55,4.14,34.64,-113.64,-105.91,222134,Strengthening,Maximum,1.77%,0.1,2.4,5.88,3%
TNMG,"Tnl Mediagene","Advertising Marketing Services",3.5,+0.02%,2,Buy,"88% Sell",-91.02,-92.94%,4.95,3.66,9.71,3.59,47.07,-111.08,-96.07,586383,Weakening,Soft,15.70%,0.03,2.68,4.5,45%
INLF,"Inlif Limited","Medical Products",3.67,-2.91%,1,Sell,"100% Sell",-92.31,-99.87%,335.43,4.51,609.78,4.36,24,-118.01,-111.86,993609,Weakening,Good,7.81%,0.01,3.45,5.27,12%
RAYA,"Erayak Power Solution Group Inc Cl A","Electronics Products - Misc",2.25,-1.75%,2,Sell,"100% Sell",-92.60,-97.37%,3.01,2.51,4.51,2.33,42.9,-115.51,-106.18,295187,Weakening,Weak,36.39%,0.05,2.15,2.5,27%
VEEE,"Twin Vee Powercats Co.","Leisure & Recreational Prdcts",9.93,+0.30%,2,Sell,"56% Sell",-92.88,-89.22%,9.77,13.02,13.37,10.51,45.49,-107.36,-96.68,804232,Weakest,Weak,49.46%,0,8.55,12.46,35%
TDIC,"Dreamland Limited Cl A","Advertising Marketing Services",2.18,-0.46%,2,Sell,"100% Sell",-93.12,-99.54%,15.78,3.04,17.03,2.56,41.88,-117.68,-102.7,551594,Weakening,Weak,6.17%,0.06,2.2,2.93,-2%
HKIT,"Hitek Global Inc Ordinary Share","Technology Services",2.75,-3.08%,1,Sell,"100% Sell",-93.23,-99.95%,23.11,3.49,1332.67,2.97,35.14,-118.09,-112.07,248369,Weakening,Average,19.84%,0.23,2.72,3.22,5%
SEGG,"Sports Entertainment Gaming Global Corp",Gaming,3,+9.89%,3,Sell,"88% Sell",-93.56,-92.61%,6.58,3.85,6.55,2.61,48.48,-110.75,-53.39,652868,Weakening,Weak,62.87%,1.13,2.29,2.94,109%
SXTC,"China Sxt Pharmaceuticals Inc","Medical - Drugs",2.24,+0.45%,3,Sell,"100% Sell",-93.71,-99.99%,110.84,69.09,131.47,3.35,23.34,-118.13,-112.09,328324,Weakening,Soft,5.22%,0.03,1.71,4.98,16%
MNTS,"Momentus Inc","Aerospace - Defense",4.25,+1.67%,2,Sell,"100% Sell",-93.90,-80.16%,6.88,4.89,6.12,4.36,43.55,-98.3,-24.83,3236840,Average,Soft,38.57%,0.58,3.8,4.91,40%
PCLA,"Picocela Inc ADR","Diversified Comm Services",6.32,0.00%,1,Buy,"72% Buy",-93.96,-51.63%,5.04,5.98,4.5,6.9,47.61,-69.77,-42.34,799384,Weakening,Weak,4.66%,0.05,5.8,7.99,24%
FXHO,"Utime Ltd","Wireless Equipment",12.39,+5.18%,3,Sell,"56% Sell",-94.35,-99.77%,12.16,12.15,18.2,11.2,54.75,-117.91,-87.81,151417,Weakest,Weak,75.69%,0.13,8.9,13.5,76%
PAVS,"Paranovus Entertainment Technology Ltd","Conglomerates - Div Operations",4.58,-2.57%,1,Sell,"88% Sell",-94.46,-100.00%,50.63,5.48,371.67,5.52,32.76,-118.14,-111.88,409587,Weakening,Weak,7.37%,0.01,3.97,7.08,20%
ARTL,"Artelo Biosciences Inc","Medical - Biomedical",6.19,+2.48%,4,Sell,"100% Sell",-94.84,-94.96%,13.88,7.82,24.38,6.39,39.91,-113.1,-93.31,173492,Weakening,Weak,65.66%,0.19,5.83,6.96,32%
WOK,"Work Medical Technology Group Ltd","Medical Instruments",2.05,-2.38%,3,Sell,"88% Sell",-95.20,-100.00%,40.19,2.09,68.66,2.21,40.39,-118.14,-111.16,416530,Weakening,Weak,18.80%,0.08,2.02,2.39,8%
NTCL,"Netclass Technology Inc Cl A","Internet - Software",2.1,+4.48%,3,Sell,"100% Sell",-95.57,-97.53%,17.55,3.24,17.75,2.37,37.17,-115.67,-99.94,66950,Weakening,Average,36.55%,0.44,1.75,2.98,28%
VSA,"Visionsys AI Inc ADR","Technology Services",3.01,-8.23%,3,Sell,"100% Sell",-95.77,-99.75%,4.46,3.44,6.81,3.4,38.35,-117.89,-99.71,506711,Average,Weak,9.30%,0.07,3.06,3.75,-7%
RBNE,"Robin Energy Ltd","Transportation - Ship",2.71,+1.88%,5,Sell,"88% Sell",-95.92,-98.04%,11.52,4.21,21.48,2.68,38.39,-116.18,-105.93,159071,Weakest,Soft,33.69%,0.13,2.38,2.99,54%
ELPW,"Elong Power Holding Cl A","Electronics Products - Misc",2.91,-5.67%,2,Sell,"100% Sell",-96.18,-99.98%,55.2,11.99,342.03,3.83,31.68,-118.12,-112.06,221152,Weakening,Weak,5.97%,0.13,2.88,4.78,2%
SMX,"Smx [Security Matters] Plc Cl A","Technology Services",17.54,-9.96%,6,Hold,"64% Sell",-96.26,-99.84%,33.8,16.43,342.32,16.43,51.69,-117.98,-110.97,53934,Weakest,Weak,76.58%,0.78,14.39,18.47,77%
BYAH,"Park Ha Biological Technology Co. Ltd","Consumer Prdts - Misc Staple",2.44,-3.17%,1,Sell,"100% Sell",-97.44,-98.55%,6.81,3.69,9.58,2.89,34.18,-116.69,-108.26,299842,Average,Weak,12.46%,0.02,2.37,3.41,7%
AEHL,"Antelope Enterprise Hldg Ltd","Conglomerates - Div Operations",8.04,-1.59%,1,Hold,"80% Sell",-97.85,-97.61%,15.02,9.16,23.01,5.82,54.6,-115.75,-107.37,690695,Weakening,Soft,92.39%,0.15,3.63,8.01,101%
NXTT,"Next Technology Holding Inc","Internet - Software",5.07,-3.61%,4,Sell,"100% Sell",-98.13,-99.83%,100.46,47.84,154.64,6.31,18.29,-117.97,-111.26,50772,Weakening,Weak,2.05%,0.18,4.69,7.92,12%
YMT,"Yimutian Inc ADR","Agriculture Products",2.23,+5.19%,2,Sell,"100% Sell",-98.22,-99.55%,15.72,5.44,59.77,3.01,28.41,-117.69,-111.51,93212,Weakening,Average,10.31%,0.34,1.91,4.11,14%
BIYA,"Baiya International Group Inc","Internet - Software",2.26,0.00%,1,Sell,"100% Sell",-98.53,-98.43%,6.36,3.29,10.26,2.4,40.47,-116.57,-106.26,1860853,Weakening,Weak,35.14%,0.01,2.07,2.74,29%
VMAR,"Vision Marine Technologies Inc","Leisure & Recreational Prdcts",9.04,+4.09%,7,Sell,"88% Sell",-98.73,-99.83%,42.05,9.2,107.74,7.47,51.14,-117.97,-110.97,158220,Weakest,Weak,43.87%,0.18,5.67,9.28,93%
KIDZ,"Kidz AI Inc",Schools,3.69,-2.12%,1,Sell,"100% Sell",-99.62,-99.95%,45.94,7.07,241.24,4.33,31.43,-118.09,-111.82,355034,Weakening,Weak,20.27%,0.1,3.54,5.12,10%
JAN,"Janus Living Inc Class A-1","REIT - Equity Trust Resident",30.97,+0.58%,6,Buy,N/A,N/A,N/A,28.21,30.22,0,30.59,53.88,N/A,N/A,N/A,N/A,N/A,52.84%,0.93,29.36,31.82,65%
LABT,"Lakewood-Amedex Biotherapeutics Inc","Medical - Biomedical",2.18,+15.96%,5,N/A,N/A,N/A,N/A,0,2.38,0,2.27,42.85,N/A,N/A,N/A,N/A,N/A,12.00%,0.23,1.88,2.66,39%
MOBI,"Mobia Medical Inc","Medical Instruments",11.09,-4.64%,1,N/A,N/A,N/A,N/A,0,11.82,0,11.41,46.09,N/A,N/A,N/A,N/A,N/A,47.09%,0.69,10.42,12.4,34%
NHP,"National Healthcare Properties Inc Cl A","REIT - Equity Trust Resident",16.49,+1.79%,3,N/A,N/A,N/A,N/A,0,15.91,0,16.42,55.69,N/A,N/A,N/A,N/A,N/A,34.49%,0.84,15.8,17.05,55%
NINE,"Nine Energy Service Inc","Oil - Field Services",10.2,-0.49%,6,Sell,N/A,N/A,N/A,10.73,11.15,0,10.56,44.2,N/A,N/A,N/A,N/A,N/A,3.86%,0.26,9.87,11.25,24%
OPTH,"Optimi Health Corp","Medical - Drugs",4.84,+1.36%,1,N/A,N/A,N/A,N/A,0,4.8,0,4.84,49.82,N/A,N/A,N/A,N/A,N/A,36.36%,3.56,4.65,5.03,51%
PBLS,"Parabilis Medicines Inc","Medical - Biomedical",39.77,-1.61%,8,N/A,N/A,N/A,N/A,0,34.36,0,38.92,60.38,N/A,N/A,N/A,N/A,N/A,72.50%,1.36,36.07,41.76,65%
QH,"Quhuo Limited ADR","Technology Services",4.02,-0.25%,2,N/A,N/A,N/A,N/A,0,5.05,0,4.3,40.96,N/A,N/A,N/A,N/A,N/A,14.80%,0.03,3.77,4.84,23%
SPCX,"SpaceX Corp","Wireless National",153.47,+3.73%,6,N/A,N/A,N/A,N/A,0,135.99,0,141.68,62.25,N/A,N/A,N/A,N/A,N/A,84.69%,0.95,131.54,151.82,108%
SPTX,"Seaport Therapeutics Inc","Medical - Drugs",24.06,-3.22%,7,N/A,N/A,N/A,N/A,0,22.36,0,24.43,51.7,N/A,N/A,N/A,N/A,N/A,29.50%,1.1,22.45,26.42,41%
TMCR,"The Metals Royalty Company Inc","Mining - Misc",5.92,+2.96%,3,Hold,N/A,N/A,N/A,9.32,6.11,0,6.22,46.28,N/A,N/A,N/A,N/A,N/A,45.07%,0.25,5.39,7.05,32%
TRAX,"First Tracks Biotherapeutics Inc","Medical - Biomedical",41.8,+3.31%,2,Hold,N/A,N/A,N/A,28.43,38.69,0,43.56,49.6,N/A,N/A,N/A,N/A,N/A,15.03%,0.69,40.19,46.93,24%
AIIR,"Air Global Plc",Tobacco,7.16,-1.92%,5,N/A,N/A,N/A,N/A,0,6.78,0,7.37,49.99,N/A,N/A,N/A,N/A,N/A,29.36%,1,6.74,8.01,33%
AZUL,"Azul S.A. ADR","Transportation - Airline",7.13,-4.81%,1,N/A,N/A,N/A,N/A,0,8.31,0,7.68,18.61,N/A,N/A,N/A,N/A,N/A,28.71%,0.1,6.93,8.43,13%
BXDC,"Blackstone Digital Infrastructure Trust Inc","REIT - Equity Trust Other",20.29,-0.20%,8,N/A,N/A,N/A,N/A,0,20.55,0,20.41,48.43,N/A,N/A,N/A,N/A,N/A,41.51%,1.27,19.75,21.06,41%
CLBR,"Colombier Acquisition Corp III Cl A",Unclassified,10.23,-0.20%,2,N/A,N/A,N/A,N/A,0,10.27,0,10.25,44.77,N/A,N/A,N/A,N/A,N/A,14.90%,1.79,10.22,10.29,16%
EROK,"Eaglerock Land Cl A","Real Estate Operations",26.26,+1.59%,4,N/A,N/A,N/A,N/A,0,23.17,0,25.47,62.79,N/A,N/A,N/A,N/A,N/A,55.35%,0.93,24.33,26.62,84%
FRBT,"Forbright Inc Cl A","Banks - West",18.91,-1.20%,3,N/A,N/A,N/A,N/A,0,19.17,0,18.85,50.51,N/A,N/A,N/A,N/A,N/A,79.47%,0.84,18.01,19.7,53%
VGNT,"Versigent Plc","Utility - Electric Power",47.39,-5.64%,8,Buy,N/A,N/A,N/A,42.88,43.9,0,47.24,53.24,N/A,N/A,N/A,N/A,N/A,81.46%,0.82,44.87,49.6,53%
VIDA,"Vida Global Inc Cl A","Technology Services",2.44,+22.00%,4,N/A,N/A,N/A,N/A,0,2.49,0,2.46,48.43,N/A,N/A,N/A,N/A,N/A,27.51%,3.73,2.11,2.81,47%
XNDU,"Xanadu Quantum Technologies Cl B","Computer - Integrated Systems",9.59,-1.34%,3,Sell,N/A,N/A,N/A,14.28,10.73,0,10.43,40.07,N/A,N/A,N/A,N/A,N/A,12.98%,0.94,9.48,11.38,6%
"Downloaded from Barchart.com as of 09-08-2026 10:15pm CDT"
