Symbol,Name,Industry,Latest,%Change,"1M #Hi",Trend,Opinion,"Wtd Alpha","52W %Chg","100D MA","50D MA","150D MA","20D MA","14D RSI","1Y vs IDX","YTD vs IDX","200D Avg Vol",Direction,Strength,"14D Stoch %K","50D RelVol","BB Lower","BB Upper",BB%
SNDK,"Sandisk Corp","Computer - Storage Devices",1519.97,-0.71%,1,Buy,"56% Buy",+547.75,"+1,560.26%",1573.63,1507.79,1285.1,1579.58,47.03,1545.96,529.99,14996736,Weakest,Soft,26.54%,0.53,1404.69,1754.48,33%
MU,"Micron Technology","Computer - Integrated Systems",926.55,-0.11%,3,Buy,"88% Buy",+291.51,+483.40%,898.68,926.2,736.81,955.51,46.77,469.1,214.32,40915355,Weakening,Average,16.78%,0.58,893.04,1017.97,27%
LITE,"Lumentum Holdings","Communications Components",919.4,+9.59%,3,Buy,"88% Buy",+252.12,+437.98%,863.71,835.14,818.72,894.3,53.23,423.68,139.12,5338732,Strengthening,Average,21.92%,1.41,798.91,989.69,63%
AXTI,"Axt Inc","Electronics - Semiconductors",64.3,+11.44%,1,Buy,"24% Buy",+223.36,"+1,503.49%",79.18,62.71,69.5,63.97,49.62,1489.19,282.95,9580319,Weakest,Minimum,32.70%,1.18,52.98,74.96,52%
SAIH,"Saiheat Limited","Technology Services",26.43,+9.85%,5,Buy,"100% Buy",+213.31,+241.91%,15.55,19.79,12.88,24.07,66.48,227.61,176.96,7376,"Top 1%","Top 1%",29.55%,2.15,21.79,26.36,102%
FET,"Forum Energy Technologies Inc","Oil Field Machinery & Equip",81.62,-0.38%,2,Buy,"100% Buy",+203.73,+207.42%,62.22,70.37,60.68,80.15,59.86,193.12,110.57,191068,Average,Strong,72.24%,0.84,75.86,84.43,67%
STX,"Seagate Technology","Computer - Integrated Systems",783.18,+1.47%,1,Hold,Hold,+202.02,+270.95%,847.93,845.1,710.07,830.86,42.45,256.65,174.07,4264231,Falling,,16.29%,0.75,766.73,894.99,13%
DRTS,"Alpha Tau Medical Ltd Cl A","Medical Instruments",15.04,+1.14%,7,Buy,"100% Buy",+194.10,+289.63%,11.74,13.6,10.27,14.6,60.83,275.33,193.52,556231,Strengthening,Maximum,73.09%,1.13,13.99,15.2,87%
GLBS,"Globus Maritime Limi","Transportation - Ship",3.8,+5.56%,1,Buy,"100% Buy",+188.43,+258.49%,2.84,3.32,2.54,3.68,58.93,244.19,106.82,145319,Strongest,Maximum,63.73%,2.08,3.47,3.89,78%
WDC,"Western Digital Corp","Computer - Storage Devices",416.97,+1.22%,1,Sell,"24% Sell",+169.02,+304.47%,511.47,486.97,441.54,452.48,38.84,290.17,131.72,8439564,Average,Minimum,10.13%,1.07,416.03,488.92,1%
EWTX,"Edgewise Therapeutics Inc","Medical - Biomedical",45.44,+4.15%,3,Buy,"100% Buy",+168.59,+223.19%,39.05,42.71,36.36,43.67,58.79,208.89,72.8,1268845,Strengthening,Strong,74.67%,1.39,41.3,46.04,87%
DNTH,"Dianthus Therapeutics Inc","Medical - Biomedical",102.49,-2.18%,2,Sell,"56% Buy",+165.61,+173.53%,96.88,106.81,89.35,107.98,42.11,159.23,138.38,888300,Weakest,Average,29.41%,1.36,102.16,113.81,3%
ANAB,"Anaptysbio Inc","Medical - Biomedical",54.31,-0.68%,3,Sell,"8% Sell",+158.28,+319.92%,58.63,56.76,52.85,56.45,42.63,305.62,57.72,691722,Weakening,Weak,17.47%,0.72,53.42,59.47,15%
GH,"Guardant Health Inc","Medical - Biomedical",174.9,-0.43%,7,Buy,"100% Buy",+157.55,+215.70%,140.1,160.22,123.91,164.92,62.1,201.4,60.92,2196911,Strengthening,Maximum,80.03%,0.75,154.83,175.01,99%
MAAS,"Maase Inc ADR","Finance - Misc Services",16.83,-1.06%,2,Sell,"56% Buy",+149.23,+393.55%,14.58,16.9,11.83,16.03,52.68,379.25,201.35,121447,Weakening,Average,70.49%,1.38,14.63,17.43,78%
IRDM,"Iridium Comm Inc","Satellite Communication",47.28,+0.40%,1,Sell,"40% Buy",+143.55,+160.35%,46.65,47.87,40.65,47.33,48.52,146.05,161.72,2228127,Weakest,Average,40.25%,0.78,45.98,48.68,48%
LFST,"Lifestance Health Group Inc","Medical - Outpatient & Hm Care",12.79,-2.07%,8,Buy,"100% Buy",+143.20,+144.55%,10.06,11.76,8.96,12.66,56.71,130.25,71.36,3407678,Weakening,Maximum,68.69%,1.28,12.01,13.3,60%
DWSN,"Dawson Geophscl","Oil - Field Services",3.23,+3.86%,6,Sell,"56% Sell",+142.37,+103.14%,4.2,4.11,3.85,3.32,41.96,88.84,96.73,141510,Weakening,Weak,18.86%,0.19,2.96,3.69,37%
SIF,"Sifco Industries","Aerospace - Defense Equipment",20.96,+0.67%,5,Sell,"16% Buy",+138.51,+188.71%,21.39,22.88,18.85,21.39,44.28,174.41,265.31,91466,Weakest,Weak,18.89%,0.63,20.14,22.64,33%
LQDA,"Liquidia Corp","Medical - Biomedical",68.45,+4.15%,1,Sell,"24% Buy",+137.55,+162.97%,68.71,76.88,57.92,68.88,44.05,148.67,88.14,1648147,Weakest,Weak,31.25%,0.93,64.53,73.24,45%
OPHC,"Optimumbank Hlds","Banks - Southeast",9.09,-1.20%,1,Buy,"88% Buy",+134.73,+118.51%,6.87,8.14,6.34,9.1,55.97,104.21,103.56,58431,Average,Strong,54.32%,0.96,8.57,9.63,49%
KRT,"Karat Packaging Inc","Containers - Paper Products",49.6,+0.30%,6,Buy,"100% Buy",+133.53,+105.55%,36.56,43.95,33.28,48.25,65.51,91.25,109.44,103445,Strengthening,Maximum,76.93%,0.92,46.29,50.21,84%
GRAL,"Grail Inc","Medical - Biomedical",75.11,-1.03%,7,Buy,"72% Buy",+124.90,+93.66%,68,73.66,63.95,78.51,47.58,79.36,-22.56,899507,Average,Weak,17.04%,2.37,73.81,83.21,14%
QXL,"Quantum X Labs Inc","Technology Services",5.16,+5.74%,6,Hold,"80% Buy",+121.87,+89.71%,4.57,4.71,3.68,4.68,59.6,75.41,226.93,82575,Strengthening,Average,55.76%,3.71,4.27,5.09,109%
ECPG,"Encore Capital Group","Finance - Consumer Loans",99.76,+0.97%,1,Hold,"96% Buy",+118.93,+123.88%,89.68,95.97,82.98,98.95,54.24,109.58,73.23,305053,Average,Strong,59.73%,1.27,94.31,103.59,59%
ZBIO,"Zenas Biopharma Inc","Medical - Biomedical",32.32,+1.22%,5,Buy,"88% Buy",+118.70,+77.19%,25.73,31.34,24.88,32.22,53.53,62.89,-21.31,765398,Strongest,Average,53.63%,1.05,30.74,33.7,53%
TVTX,"Travere Therapeutics Inc","Medical - Biomedical",63.48,+1.55%,10,Hold,"80% Buy",+114.42,+178.79%,54.74,61.37,46.77,65.87,47.69,164.49,55.81,1976869,Weakening,Strong,29.17%,1.54,63.39,68.36,2%
TER,"Teradyne Inc","Electronics Products - Misc",341.15,+2.49%,1,Sell,"24% Sell",+113.13,+199.44%,373.73,364.05,357,359.57,44.08,185.14,65.93,3551496,Weakening,Minimum,14.08%,0.84,324.46,394.68,24%
TWLO,Twilio,"Internet - Software",238.88,-1.35%,4,Buy,"100% Buy",+110.40,+133.94%,206.57,219.32,179.38,230.51,56.85,119.64,57.62,2373149,Strengthening,Strong,71.19%,1.09,217.14,243.88,81%
PBYI,"Puma Biotechnology","Medical - Biomedical",9.39,+1.51%,5,Buy,"100% Buy",+108.93,+107.74%,8.03,8.68,7.59,9.27,57.55,93.44,47.5,344791,Strongest,Maximum,50.26%,0.59,8.92,9.61,68%
TSEM,"Tower Semiconductor","Electronics - Semiconductors",202.2,+3.63%,1,Sell,"24% Sell",+102.42,+207.72%,237.63,226.37,211.93,211.48,43.4,193.42,61.88,2163226,Weakening,Minimum,14.40%,0.83,191.9,231.06,26%
GHRS,"Gh Research Plc","Medical - Biomedical",27.75,+0.73%,3,Sell,"40% Buy",+100.69,+119.71%,25.41,28.23,22.15,28.05,48.04,105.41,108.18,289138,Weakest,Good,47.76%,0.55,26.69,29.41,39%
WTTR,"Select Water Solutions Inc","Waste Removal Svcs",20.31,-1.74%,2,Buy,"96% Buy",+99.79,+118.86%,19.13,19.97,17.57,19.96,51.89,104.56,82.74,1560281,Weakening,Strong,67.34%,1.31,18.91,21.02,66%
PBT,"Permian Basin Royalty Trust","Oil - US Royalty Trusts",34.85,-3.49%,7,Buy,"100% Buy",+99.64,+88.48%,29.14,31.83,26.36,34.56,58.18,74.18,94.92,121086,Average,Maximum,70.90%,1.47,33.15,35.96,60%
PKOH,"Park Ohio Holdings Corp","Metal Products - Fasteners",45.07,+0.13%,1,Buy,"88% Buy",+97.93,+108.27%,37.95,43.14,33.86,45.62,49.91,93.97,104.91,59454,Average,Strong,33.78%,0.64,43.98,47.25,33%
TBBB,"BBB Foods Inc Cl A","Consumer Prdts - Misc Staple",50.41,-0.75%,8,Buy,"100% Buy",+97.79,+92.99%,42.01,45.23,39.92,50.17,59.14,78.69,40.65,656579,Strengthening,Maximum,67.56%,0.5,48.43,51.92,57%
ANIK,"Anika Therapeutics","Medical - Biomedical",20.84,-0.33%,4,Buy,"88% Buy",+97.28,+140.92%,16.96,19.17,15.92,21.14,53.18,126.62,106.54,120115,Weakening,Strong,46.20%,0.5,20.57,21.71,24%
SILC,"Silicom Ltd","Computer - Networks",42.48,-0.49%,1,Buy,"40% Buy",+97.27,+129.50%,42.63,42.7,35.55,42.36,49.92,115.2,178.66,115810,Weakest,Average,37.19%,1.26,38.67,46.04,52%
NBR,"Nabors Industries","Oil & Gas - Drilling",85.72,-4.01%,2,Hold,"16% Sell",+95.57,+105.81%,91.13,87.02,87.41,90.76,42.44,91.51,47.54,324855,Weakening,Minimum,21.84%,0.99,85.92,95.6,-2%
BTSG,"Brightspring Health Services Inc","Medical Services",58.96,+0.20%,2,Sell,"8% Buy",+95.12,+117.56%,61.8,63.74,55.39,59.75,45.2,103.26,47.12,2800378,Weakest,Weak,37.94%,0.5,57.03,62.48,35%
RLYB,"Rallybio Corporaton","Medical - Biomedical",17.09,-0.75%,1,Buy,"100% Buy",+94.44,+256.16%,15.53,16.51,13.07,16.84,56.49,241.86,201.04,128119,Average,Good,58.46%,0.7,16.51,17.17,88%
CNC,"Centene Corp","Medical - HMO",66.01,-2.44%,5,Buy,"100% Buy",+94.20,+107.58%,62.6,65.55,54.51,65.78,50.49,93.28,50.09,5729773,Weakening,Strong,75.23%,0.97,62.97,68.59,54%
GSAT,Globalstar,"Satellite Communication",81.9,+0.09%,2,Buy,"72% Buy",+93.00,+155.22%,81.56,81.51,76.25,81.97,49.44,140.92,23.85,1067975,Weakest,Soft,53.09%,0.72,81.36,82.58,44%
CON,"Concentra Group Holdings Parent Inc",N/A,36.37,+2.11%,4,Buy,"100% Buy",+91.02,+69.95%,29.76,33.25,27.38,34.7,68.89,55.65,74.49,885500,Strongest,Maximum,88.48%,1.29,33.38,36.01,114%
CXW,"Corecivic Inc","REIT - Equity Trust Other",34.93,-1.27%,7,Buy,"100% Buy",+90.48,+69.32%,28.29,32.5,25.21,33.92,58.68,55.02,72.46,1222843,Strengthening,Maximum,75.95%,1.55,32.19,35.64,79%
STLN,"Starling Oncology Institute Inc","Medical - Biomedical",6.53,+2.51%,2,Buy,"100% Buy",+89.57,+117.67%,5.23,5.87,4.5,6.27,58.65,103.37,73.11,1782605,Strengthening,Maximum,76.10%,0.87,5.82,6.72,79%
SIMO,"Silicon Motion Techn ADR","Computer - Integrated Systems",241.14,+0.81%,3,Buy,"8% Buy",+89.32,+167.07%,265.41,260.45,219.23,251.75,46.04,152.77,149.81,824451,Weakest,Weak,18.58%,0.61,223.82,279.68,31%
TALO,"Talos Energy Inc","Oil - US Exploration & Product",17.42,-4.96%,5,Buy,"100% Buy",+88.92,+80.71%,15.28,15.73,14.9,17.26,56.93,66.41,47.76,2094251,Average,Strong,68.57%,1.47,16.39,18.12,59%
TIGO,"Millicom International Cellular S.A.","Wireless Non-US",95.55,-0.28%,5,Hold,"80% Buy",+88.50,+100.19%,90.42,95.03,85.03,94.29,52.19,85.89,62.03,1383903,Weakening,Good,69.08%,0.54,90.29,98.28,66%
MSBI,"Midland Sts BNC","Banks - Northeast",33.33,-1.01%,4,Buy,"100% Buy",+87.93,+89.05%,30.49,32.68,27.84,33.06,53.53,74.75,47.12,169086,Weakening,Strong,82.40%,0.95,32.26,33.86,67%
LNTH,"Lantheus Holdings","Medical Products",100.54,-0.19%,3,Sell,"40% Buy",+87.20,+93.42%,100.11,102.07,92.55,100.62,46.24,79.12,40.75,1094002,Weakest,Soft,29.41%,0.52,100.06,101.18,43%
MG,"Mistras Group Inc","Electronics Products - Misc",19.36,-1.53%,4,Buy,"88% Buy",+85.92,+103.36%,17.72,17.43,16.95,19.23,56.17,89.06,42.72,188979,Average,Good,70.20%,1.66,18.45,20,59%
OSCR,"Oscar Health Inc Cl A","Insurance - Multi Line",32.34,-0.31%,6,Buy,"100% Buy",+85.74,+80.37%,27.6,30.69,22.94,31.69,54.45,66.07,114.73,7089501,Weakening,Strong,70.03%,1.25,29.51,33.86,65%
HNGE,"Hinge Health Inc Cl A","Medical Information Systems",93.73,+1.45%,7,Buy,"100% Buy",+84.29,+59.22%,73.88,86.41,63.11,90.62,58.04,44.92,91.47,1516485,Strengthening,Strong,80.18%,1.02,86.05,95.19,84%
MGNX,Macrogenics,"Medical Products",4.08,+0.99%,3,Buy,"72% Buy",+83.84,+177.55%,4.05,4.12,3.61,4.13,48.88,163.25,143.1,1096958,Weakening,Average,36.11%,0.52,3.89,4.36,40%
PESI,"Perma-Fix Envir","Pollution Controls",18.2,-0.76%,4,Buy,"100% Buy",+83.75,+114.88%,14.11,17.13,13.65,18.08,52.89,100.58,34.24,254208,Average,Strong,45.49%,0.72,16.69,19.47,54%
ANL,"Adlai Nortye Group Ltd ADR","Medical - Biomedical",15.52,+3.47%,7,Buy,"100% Buy",+80.78,+767.04%,12.52,13.2,11.61,14.56,59.15,752.74,982.64,463375,Strongest,Good,76.63%,1.14,13.18,15.94,85%
VICR,"Vicor Corp","Electronics - Misc Components",183.91,-0.03%,1,Sell,"72% Sell",+80.49,+253.27%,256.15,213.55,231.81,190.85,43.09,238.97,57.48,781605,Strengthening,Average,34.01%,0.72,169.99,211.72,33%
HUM,"Humana Inc","Medical - HMO",384.72,-3.00%,6,Buy,"72% Buy",+80.08,+41.27%,355.2,389.12,298.09,393.62,44.97,26.97,39.88,1635070,Weakest,Strong,37.34%,0.85,374.29,412.94,27%
NEOG,"Neogen Corp","Medical Products",12.55,+2.45%,6,Buy,"100% Buy",+79.99,+138.14%,10.09,11.1,10.02,11.84,68.72,123.84,69.22,2795271,Strongest,Strong,74.63%,1.38,11.37,12.32,124%
MANE,"Veradermics Incorporated","Medical - Biomedical",102.42,-1.41%,3,Sell,N/A,+79.80,N/A,105.63,107.05,89.56,101.1,49.22,N/A,N/A,N/A,N/A,N/A,74.56%,1.24,94.42,107.78,60%
CHEF,"The Chefs Warehouse","Food - Misc & Diversified",109.68,+3.02%,6,Sell,"72% Buy",+79.66,+67.09%,95.04,106.63,84.75,111.38,49.92,52.79,65.65,516426,Weakening,Strong,31.14%,1.02,106.4,116.36,33%
TWIN,"Twin Disc Inc","Machinery - General Industrial",24.32,-1.74%,3,Buy,"100% Buy",+78.88,+80.68%,21.23,23.43,19.72,23.68,54.59,66.38,35.48,76522,Average,Strong,79.35%,0.74,22.25,25.12,72%
MSGS,"Madison Square Garden Sports Corp","Leisure & Recreation Services",393.82,+0.14%,1,Sell,"40% Buy",+76.87,+83.46%,379.96,395.02,359.72,394.2,49.83,69.16,41.94,235608,Weakest,Average,58.37%,1.37,380.8,407.59,49%
INNV,"Innovage Holding Corp","Medical Services",10.85,-0.64%,5,Sell,"56% Buy",+75.97,+109.46%,9.81,11.09,9.34,10.84,50.12,95.16,98.74,286546,Weakening,Good,31.30%,0.89,10.57,11.12,51%
UFCS,"United Fire Group","Insurance - Proprty & Casualty",54.82,-0.15%,6,Buy,"100% Buy",+74.99,+76.10%,49.98,53.11,46.05,54.37,54.38,61.8,40.49,133253,Weakening,Strong,60.88%,0.85,52.54,56.19,62%
FIX,"Comfort Systems USA","Building Prdcts - Air Heating",1587.35,+0.67%,1,Sell,"24% Sell",+74.69,+104.24%,1781.22,1679.42,1671.97,1604.42,45.68,89.94,59.76,474967,Weakening,Minimum,40.34%,0.58,1509.66,1699.19,41%
SGHT,"Sight Sciences Inc","Medical Instruments",8.14,+0.37%,3,Buy,"88% Buy",+74.01,+133.24%,5.92,6.92,5.37,8.27,59.09,118.94,-7.67,264240,Average,Strong,39.14%,0.77,7.95,8.59,29%
BOTJ,"Bank of The Jame Fnl","Banks - Southeast",27.26,-0.51%,5,Buy,"96% Buy",+73.44,+75.64%,25.38,27.04,23.93,27.26,50.09,61.34,36.4,15859,Weakest,Strong,54.02%,1.49,26.46,28.06,50%
ASRV,"Ameriserv Financial","Banks - Northeast",4.88,+1.04%,2,Hold,"80% Buy",+72.02,+60.53%,4.21,4.6,4.05,4.9,52.17,46.23,42.66,15735,Strengthening,Strong,56.67%,1.71,4.67,5.13,46%
BFH,"Bread Financial Holdings","Finance - Misc Services",107.85,+0.19%,1,Hold,"96% Buy",+72.02,+71.22%,99.54,105.89,91.81,106.9,51.44,56.92,35.36,703703,Average,Strong,70.11%,1.29,102.85,110.95,62%
PLPC,"Preformed Line Prd","Electronics Products - Misc",396.81,-1.56%,1,Buy,"88% Buy",+71.95,+100.75%,377.48,390.66,344.17,407.95,46.82,86.45,81.64,115544,Weakening,Good,28.57%,0.89,382.87,433.04,28%
VSH,"Vishay Intertechnology","Semi Discretes",31.32,-0.35%,1,Sell,"8% Sell",+71.88,+106.05%,40.84,34.61,33.8,31.21,45.28,91.75,105.83,4124092,Weakening,Minimum,39.86%,0.65,29.68,32.74,54%
MSGE,"Madison Square Garden Entmt Corp","Media Conglomerates",79.31,-1.95%,2,Hold,"96% Buy",+71.81,+77.83%,74.69,78.17,69.76,78.7,52.08,63.53,36.85,387349,Weakening,Strong,80.01%,2.66,75.3,82.09,59%
GEF.B,"Greif Bros Corp Cl B","Electronics - Semiconductors",107.09,+1.34%,2,Hold,"80% Buy",+71.01,+71.87%,93.89,104.05,91.41,107.72,51.94,57.57,33.06,50235,Strengthening,Strong,41.80%,1.53,104.15,111.29,41%
ALNT,"Allient Inc","Electronics - Misc Components",94.76,+3.81%,1,Sell,"72% Buy",+70.56,+109.46%,87.81,94.71,80.39,93.99,49.58,95.16,65.98,216865,Average,Good,41.02%,0.56,86.94,101.04,55%
NOK,"Nokia Corp ADR","Wireless Equipment",10.14,+3.05%,3,Buy,"8% Sell",+70.46,+119.96%,12.02,10.21,10.84,10.23,48.56,105.66,46.4,73737367,Weakest,Minimum,20.65%,1.54,9.49,10.96,44%
CBL,"Cbl & Associates Properties Inc","REIT - Equity Trust Retail",53.06,-0.38%,1,Sell,"40% Buy",+70.38,+70.23%,51.85,55.61,47.6,54.99,36.61,55.93,33.09,216277,Weakest,Average,27.95%,1.26,53.02,56.96,1%
TGTX,"Tg Therapeutics","Medical - Biomedical",55.85,+5.30%,7,Buy,"100% Buy",+70.33,+74.59%,48.75,53.51,42.98,54.76,56.53,60.29,77.03,2087101,Strongest,Strong,34.38%,1.16,51.61,57.91,67%
CLBK,"Columbia Financial Inc","Finance - Misc Services",11.46,-0.61%,1,Hold,"80% Buy",+69.70,+63.50%,10.1,11.11,9.45,11.62,51.36,49.2,51.92,2042504,Average,Strong,26.39%,1.05,11.4,11.84,15%
AMN,"Amn Healthcare Services Inc","Business Services",34.92,+2.25%,3,Buy,"100% Buy",+69.66,+88.86%,31.19,33.85,27.2,34.15,56.03,74.56,111.25,1042851,Strengthening,Strong,68.88%,0.79,32.93,35.38,81%
COHR,"Coherent Corp","Technology Services",289.93,+6.92%,1,Sell,"24% Sell",+69.52,+177.52%,332.82,297.39,310.87,284.79,49.21,163.22,46.76,6209566,Weakening,Weak,34.11%,1.22,260.43,309.16,61%
IMAX,"Imax Corp","Movie & TV Production & Dist",52.07,-1.33%,4,Buy,"88% Buy",+69.24,+60.26%,43.42,48.17,41.66,52.33,53.88,45.96,30.56,1225020,Average,Maximum,60.46%,0.74,50.24,54.41,44%
GEO,"Geo Group Inc","Government Services",31.43,+0.54%,4,Hold,"80% Buy",+69.00,+42.60%,27.88,31.05,23.97,31.64,51.17,28.3,84.66,2083420,Average,Strong,38.32%,1.44,30.27,33,42%
PUBM,"Pubmatic Inc Cl A","Internet - Software",16.85,+0.42%,4,Buy,"100% Buy",+68.61,+100.12%,13.15,15.2,11.47,16.55,58.56,85.82,79.65,659003,Strengthening,Maximum,46.83%,0.73,15.96,17.14,75%
IRWD,"Ironwood Pharmaceuti","Medical - Drugs",4.17,+2.71%,2,Hold,"80% Buy",+68.28,+220.77%,4.01,4.15,3.92,4.21,50.01,206.47,13.42,2945277,Average,Weak,35.80%,0.68,3.98,4.44,42%
ARCB,"Arcbest Corp","Transportation - Truck",129.97,-3.58%,1,Sell,"8% Buy",+67.98,+77.48%,140.04,142.74,127.05,136.32,38.85,63.18,64.87,361527,Weakening,Weak,28.52%,1.16,131.15,141.49,-11%
UVE,"Universal Insurance Holdings Inc","Insurance - Proprty & Casualty",44.15,+0.16%,5,Buy,"100% Buy",+67.46,+79.03%,40.9,42.68,38.55,43.64,55.06,64.73,20.3,196673,Average,Strong,68.56%,0.48,42.21,45.07,68%
PYPD,"Polypid Ltd","Medical - Drugs",5.21,+0.97%,8,Buy,"100% Buy",+66.53,+51.90%,4.79,4.87,4.64,5.18,55.05,37.6,9.73,122434,Strengthening,Good,44.34%,0.36,4.95,5.4,57%
EVC,"Entravision Communications Corp","Broadcast - Radio & TV",7.89,-2.23%,1,Sell,"8% Buy",+66.34,+216.87%,9.25,9.74,7.21,8.22,34.24,202.57,158.96,1377225,Weakening,Minimum,25.42%,0.76,7.79,8.65,11%
NTAP,"Netapp Inc","Computer - Storage Devices",191.49,+0.82%,2,Buy,"100% Buy",+65.21,+55.22%,162.65,183.18,142.27,188.6,53.52,40.92,68.49,2579789,Strengthening,Strong,74.83%,0.76,179.77,197.43,66%
CMTV,"Community Bancorp Inc VT","Banks - Northeast",40.93,-1.56%,3,Hold,"96% Buy",+65.14,+83.87%,39.78,40.35,38.05,40.73,51.64,69.57,54.12,28361,Average,Average,63.55%,1.07,39.85,41.61,61%
LB,"Landbridge Company Llc Cl A","Oil - US Integrated",82.7,-5.18%,5,Hold,"80% Buy",+65.06,+58.64%,75.25,81.1,73.36,86.66,46.32,44.34,58.49,394682,Average,Strong,30.19%,1.21,83.12,90.2,-6%
VTRS,"Viatris Inc","Medical Services",17.02,+2.22%,9,Hold,"80% Buy",+64.53,+78.03%,16.44,16.79,15.74,16.62,57.39,63.73,26.39,9960177,Strengthening,Average,56.61%,0.95,16.1,17.14,88%
PVLA,"Palvella Therapeutics Inc","Medical - Biomedical",151.43,+0.14%,2,Buy,"100% Buy",+64.49,+177.80%,135.24,149.01,129.93,150.52,51.6,163.5,34.35,265720,Average,Good,55.16%,1.01,143.25,157.8,56%
NRC,"Nrc Health","Business Information",22.05,+0.41%,2,Hold,"96% Buy",+64.47,+37.30%,20.23,21.19,18.75,21.54,56.39,23,7.15,109377,Strengthening,Good,86.40%,0.66,20.32,22.75,71%
STGW,"Stagwell Inc","Advertising Marketing Services",8.33,-4.14%,1,Hold,"64% Buy",+62.87,+58.67%,7.55,8.41,6.99,8.68,43.08,44.37,60.03,1577010,Weakest,Strong,38.65%,1.5,8.41,8.96,-14%
GCT,"Gigacloud Technology Inc Cl A","Technology Services",51.64,-1.98%,3,Buy,"100% Buy",+62.44,+68.43%,41.44,46.16,41.8,51.24,56.1,54.13,21.15,650698,Average,Strong,82.40%,1.09,48.4,54.07,57%
FLXS,"Flexsteel Inds",Furniture,81.55,-0.68%,2,Buy,"100% Buy",+62.27,+71.65%,68.65,77.16,61.96,81.35,56.11,57.35,96.19,51029,Strengthening,Maximum,48.13%,1.93,78.63,84.07,54%
FATE,"Fate Therapeutics","Medical - Biomedical",2.44,+3.83%,2,Sell,"48% Buy",+62.21,+156.65%,2.35,2.58,2,2.44,48.74,142.35,138,2350712,Average,Average,31.40%,0.68,2.27,2.62,49%
UCTT,"Ultra Clean Holdings","Electrical - Manufacturing",66.53,+1.33%,1,Sell,"40% Sell",+61.88,+154.81%,88.65,82.92,80.23,71.01,40.51,140.51,152.33,1192139,Average,Weak,24.97%,0.53,63.45,78.57,20%
KOP,"Koppers Holdings Inc","Chemical - Diversified",46.72,+2.03%,4,Sell,"56% Buy",+61.87,+63.19%,45.16,47.87,42.41,46.24,49.93,48.89,62.21,182228,Weakening,Average,48.70%,1.77,44.98,47.49,69%
PHOE,"Phoenix Asia Holdings Limited","Building - Heavy Construction",20.5,-6.82%,3,Sell,"40% Buy",+61.87,+141.18%,19.69,21.85,18.22,20.74,49.11,126.88,17.81,51573,Weakest,Weak,28.50%,0.33,18.78,22.7,44%
COKE,"Coca-Cola Consolidated Inc","Beverages - Soft",198.67,+0.02%,11,Buy,"88% Buy",+61.63,+68.65%,185.86,187.9,188.6,193.36,58.7,54.35,19.28,520512,Strengthening,Soft,86.11%,0.81,185,201.72,82%
ICCC,"Immucell Corp","Medical Products",9.61,+0.31%,3,Sell,"8% Buy",+60.91,+62.88%,9.99,10.52,8.9,9.9,35.63,48.58,45.94,25443,Weakening,Weak,12.73%,1.2,9.61,10.19,0%
MBIN,"Merchants Bancorp","Banks - Northeast",52.63,-0.42%,3,Hold,"80% Buy",+60.61,+67.19%,49.92,52.22,48.12,53.12,47.39,52.89,44.2,219269,Weakest,Good,38.71%,1.31,51.8,54.44,31%
KEYS,"Keysight Technologies","Electronics - Measuring Inst",322.04,+2.77%,1,Buy,"8% Buy",+60.58,+87.16%,335.6,325.76,320.91,322.15,47.82,72.86,48.17,1387849,Weakest,Weak,18.68%,1.42,308.86,335.44,50%
LGND,"Ligand Pharm","Medical - Biomedical",275.2,-0.64%,1,Sell,"40% Buy",+60.46,+65.54%,270.69,293.09,248.76,284.66,37.84,51.24,35.23,261949,Weakest,Average,24.42%,1.16,276.3,293.02,-7%
STM,"Stmicroelectronics N.V. ADR","Semi General",48.06,+0.29%,1,Sell,"24% Sell",+59.46,+76.43%,61.09,55,52.57,50.17,38.14,62.13,74.95,9644604,Weakening,Minimum,5.87%,0.94,47.62,52.72,9%
GCBC,"Greene County Bncp","Finance - Savings & Loan",35.29,-2.03%,5,Buy,"100% Buy",+59.46,+50.17%,30.69,34.16,28.06,35.01,54.48,35.87,48.43,23899,Weakening,Strong,69.18%,3.07,34.07,35.95,65%
AMAL,"Amalgamated Financial Corp","Finance - SBIC & Commercial",46.62,-0.79%,1,Sell,"40% Buy",+59.34,+69.04%,45.63,48.58,43.65,48.27,36.79,54.74,35.23,167811,Weakest,Average,15.52%,1.41,46.91,49.64,-11%
PLXS,"Plexus Corp","Electronic Manufacturing",242.33,+1.59%,1,Sell,"24% Sell",+59.12,+76.09%,263.52,253.69,244.52,243.1,44.91,61.79,54.53,304145,Weakening,Minimum,25.90%,0.84,234.3,251.9,46%
INVX,"Innovex International Inc","Oil Field Machinery & Equip",29.33,-2.07%,1,Buy,"88% Buy",+58.87,+69.05%,27.91,28.51,27.17,29.71,48.86,54.75,23.79,529828,Average,Average,41.20%,1.01,28.26,31.16,37%
PNRG,"Primeenergy Corp","Oil - US Exploration & Product",207.92,-2.57%,1,Buy,"56% Buy",+58.79,+18.23%,202.42,198.4,204.5,212.45,49.96,3.93,11.27,66330,Weakest,Weak,41.66%,0.63,206,218.9,15%
DXPE,"Dxp Enterprise","Machinery - General Industrial",183.54,+2.06%,1,Buy,"88% Buy",+57.90,+58.47%,169.16,178.84,160.98,185.98,49.78,44.17,56.85,151080,Strengthening,Strong,22.23%,0.95,178.27,193.69,34%
KLIC,"Kulicke and Soffa","Electrical - Manufacturing",79.55,+0.96%,1,Sell,"40% Sell",+57.74,+93.41%,99.16,91.77,89.59,82.35,40.22,79.11,64.28,828263,Average,Weak,32.13%,0.53,76.89,87.81,24%
ACU,"Acme United Corp","Consumer Prdts - Misc Discr",61.96,+1.27%,5,Hold,"80% Buy",+57.46,+50.06%,50.37,57.1,48.41,61.99,57.46,35.76,43.39,20294,Strengthening,Maximum,33.05%,2.68,60.19,63.8,49%
AVAL,"Grupo Aval Acciones Y Valores S ADR","Finance - Investment Mgmt",5.28,-1.68%,4,Buy,"88% Buy",+57.29,+62.46%,5,5.21,4.77,5.37,47.65,48.16,20.05,188212,Weakening,Good,49.01%,0.53,5.19,5.55,25%
PRLB,"Proto Labs Inc","Rubber & Plastics",83.24,+5.25%,1,Hold,"80% Buy",+57.27,+68.33%,77.2,80.75,71.72,79.79,55.16,54.03,54.22,187682,Strengthening,Strong,47.62%,1.9,76.65,82.94,105%
SPB,"Spectrum Brands Holdings Inc","Consumer Prdts - Misc Discr",86.56,+1.05%,2,Sell,"40% Buy",+57.14,+63.35%,84.63,87.75,82.13,87.32,47.24,49.05,36.19,352561,Weakening,Soft,29.56%,0.6,84.64,90,36%
PHVS,"Pharvaris N.V.","Medical - Biomedical",37.55,-1.34%,6,Buy,"100% Buy",+57.02,+57.71%,33.23,35.32,31.28,36.7,56.84,43.41,25,411147,Strengthening,Maximum,46.10%,1.11,34.32,39.08,68%
PACS,"Pacs Group Inc","Medical Services",42.72,+1.50%,5,Sell,"40% Buy",+56.58,+293.01%,40.95,44.7,39.1,43.6,43.88,278.71,0.96,941653,Weakest,Weak,36.97%,1.43,41.78,45.42,26%
CARE,"Carter Bankshares Inc","Banks - Northeast",30.58,-1.96%,1,Sell,"40% Buy",+56.20,+55.78%,30.48,32.45,27.66,31.33,38.61,41.48,45.22,269530,Weakest,Soft,42.79%,0.78,30.61,32.05,-2%
EXPD,"Expeditors Intl","Transportation - Services",189.04,-2.51%,7,Buy,"88% Buy",+56.20,+51.47%,170.1,181.93,161.92,189.08,54.55,37.17,16.54,1269910,Average,Strong,79.07%,0.92,184.48,193.68,50%
CVLG,"Covenant Logistics Group Inc","Transportation - Truck",34.39,-4.60%,5,Sell,"24% Sell",+55.78,+46.09%,39.05,38.68,35.37,35.02,40.93,31.79,45.71,182572,Average,Minimum,69.81%,2.26,33.76,36.29,25%
RELL,"Richardson Electrncs","Electronics - Parts Distrib",16.45,+1.04%,1,Sell,"8% Buy",+55.54,+60.96%,17.36,18.12,15.68,17.19,40.7,46.66,40.87,180719,Weakest,Weak,15.71%,0.4,16.17,18.21,14%
PGC,"Peapack Gladstone FI","Banks - Northeast",45.03,-1.51%,1,Sell,"40% Buy",+55.03,+55.17%,44.94,45.91,41.77,45.44,43.2,40.87,51.37,144535,Weakest,Average,51.94%,0.85,44.51,46.36,28%
PDFS,"Pdf Solutions Inc","Computer - Services",41.97,+1.33%,1,Sell,"24% Sell",+54.99,+110.48%,50.74,48.02,45.56,44.67,40.63,96.18,36.79,527947,Average,Minimum,19.94%,0.77,40.8,48.55,15%
FF,"Futurefuel Corp",Biofuels,5.41,-3.05%,1,Buy,"96% Buy",+54.90,+36.96%,4.77,5.17,4.55,5.41,52.14,22.66,59.27,382949,Weakening,Strong,77.72%,0.84,5.16,5.66,50%
ANGO,"Angiodynamics Inc","Medical Instruments",15.46,-1.40%,4,Hold,"80% Buy",+54.87,+47.52%,13.36,14.93,12.52,15.63,51.92,33.22,10.08,459271,Average,Strong,48.61%,1.03,15.08,16.19,34%
PKBK,"Parke Bancorp Inc","Banks - Northeast",34.47,-0.83%,3,Buy,"100% Buy",+54.62,+55.13%,32.61,33.89,31.21,34.13,53.89,40.83,27.34,73396,Weakening,Strong,60.36%,0.86,33.38,34.88,73%
BWAY,"Brainsway Ltd ADR","Medical Products",13.46,0.00%,1,Sell,"40% Sell",+54.05,+59.38%,15.17,14.99,14.55,14.26,36.32,45.08,31.22,154817,Strengthening,Weak,20.75%,0.72,13.4,15.12,4%
TEO,"Telecom Argentina Stet France Telecom ADR","Wireline Non-US",13.8,-1.00%,6,Buy,"88% Buy",+53.92,+89.30%,13.17,13.48,12.62,13.31,57.08,75,8.54,341449,Strengthening,Average,83.95%,1,12.75,13.88,93%
FA,"First Advantage Corp","Internet - Software",21.56,-0.42%,4,Buy,"88% Buy",+53.87,+38.21%,18.38,21,15.98,20.94,54.22,23.91,38.06,1390107,Weakening,Strong,78.38%,0.54,19.88,21.99,79%
PEB,"Pebblebrook Hotel Trust","REIT - Equity Trust Other",17.84,-1.92%,4,Sell,"40% Buy",+53.75,+54.33%,17.37,18.46,15.86,18.12,45.34,40.03,47.28,2320098,Weakest,Average,49.23%,0.93,17.57,18.67,25%
NSP,"Insperity Inc",Staffing,51.49,-0.06%,5,Hold,"80% Buy",+53.73,-0.52%,42.92,50.77,37.03,51.55,52.29,-14.82,22.66,900758,Strengthening,Strong,46.77%,0.85,49.37,53.73,49%
STRZ,"Starz Entertainment Corp","Media Conglomerates",26.28,-3.42%,5,Buy,"72% Buy",+53.61,+85.46%,25.43,26.59,21.32,27.02,48.26,71.16,114.3,165174,Weakening,Average,52.12%,0.85,24.86,29.17,33%
PENG,"Penguin Solutions Inc","Internet - Software",48.24,+1.56%,1,Sell,"8% Buy",+53.20,+83.21%,55.15,56.45,43.57,50.04,43.25,68.91,136.31,2156894,Weakest,Weak,21.28%,0.4,46.25,53.82,26%
FOCL,"Edap Tms Sa ADR","Medical Instruments",4.07,-0.25%,1,Sell,"24% Sell",+52.89,+74.68%,4.73,5.07,4.47,4.22,31,60.38,13.39,70914,Weakening,Weak,16.23%,0.53,4.02,4.42,13%
ATLO,"Ames Natl Corp","Banks - Midwest",32.13,-2.10%,6,Buy,"100% Buy",+52.88,+57.35%,30.05,31.04,29.27,31.91,54.44,43.05,29.62,50062,Average,Strong,81.87%,0.96,31.02,32.79,63%
BWFG,"Bankwell Financial","Banks - Northeast",66.69,-1.20%,3,Hold,"96% Buy",+52.86,+50.32%,59.45,64.95,55.89,66.55,51.88,36.02,35.23,53606,Average,Strong,76.22%,1.6,64.81,68.28,54%
ATNI,"Atn International","Wireless National",29.76,-0.77%,1,Buy,"88% Buy",+52.83,+93.18%,27.41,27.87,27.34,30.51,49.51,78.88,20.21,73090,Weakening,Average,36.57%,1.1,29.42,31.6,16%
SNEX,"Stonex Group Inc","Finance - Misc Services",67.61,+1.12%,4,Sell,"24% Sell",+52.25,+62.61%,74.96,70.99,68.69,68.41,44.41,48.31,49.59,1046001,Weakening,Minimum,33.88%,0.71,66.04,70.77,33%
BCAX,"Bicara Therapeutics Inc","Medical - Biomedical",22,-2.96%,3,Sell,"8% Sell",+52.04,+95.56%,24.22,25.59,22.55,23.65,35.93,81.26,20.4,599605,Average,Minimum,16.51%,1.41,21.95,25.36,2%
ALTO,"Alto Ingredients Inc","Consumer Prdts - Misc Discr",4.02,-1.71%,5,Sell,"72% Sell",+51.95,+240.68%,4.89,4.55,4.6,4.07,43.56,226.38,29.26,1870169,Average,Soft,46.31%,0.7,3.86,4.28,38%
AMTB,"Mercantil Bank Holding Cl A","Banks - Southeast",29.42,-1.44%,4,Buy,"100% Buy",+51.41,+42.82%,25.85,28.33,24.65,29.01,56.43,28.52,40.47,297164,Average,Strong,85.22%,1.66,28.17,29.85,75%
ACA,"Arcosa Inc","Building & Construction - Misc",145.14,-0.01%,7,Hold,"64% Buy",+51.35,+54.26%,137.44,145.15,129.15,145.3,52.29,39.96,26.19,446500,Weakest,Good,19.05%,1.15,144.95,145.65,27%
RRBI,"Red River Bancshares Inc","Banks - Southwest",101.75,-1.13%,5,Buy,"88% Buy",+51.08,+57.58%,95.85,100.5,94.07,101.8,50.65,43.28,32.13,65412,Weakening,Average,54.19%,1.11,99.45,104.16,49%
RBKB,"Rhinebeck Bancorp Inc","Banks - Northeast",12.87,+0.31%,6,Buy,"100% Buy",+50.86,+37.75%,12.12,12.5,11.79,12.77,55.35,23.45,39.58,54060,Average,Good,48.40%,1.75,12.49,13.05,68%
IMOS,"Chipmos Tech ADR","Semi-Eqpt Material Services",54.75,+3.73%,3,Sell,Hold,+50.81,+193.41%,57.51,57.51,51.44,55.53,47.38,179.11,74.46,74721,Bearish,,20.92%,0.67,52.26,58.81,38%
ZVRA,"Zevra Therapeutics Inc","Medical - Drugs",11.8,+1.29%,8,Buy,"88% Buy",+50.58,+62.53%,11.74,11.77,10.98,12,48.64,48.23,21.38,1246246,Weakening,Average,29.36%,0.68,11.42,12.58,33%
SDRL,"Seadrill 2021 Ltd","Oil & Gas - Drilling",47.84,-3.86%,6,Buy,"72% Buy",+50.19,+40.58%,45.66,45.47,45.37,48.12,51.67,26.28,27.95,799326,Average,Average,42.38%,1,45.84,50.4,44%
GNK,"Genco Shipping & Trading Ltd","Transportation - Ship",27.42,-2.49%,4,Buy,"100% Buy",+50.06,+48.94%,25.15,25.98,24.42,26.74,56.96,34.64,38.46,432227,Strongest,Strong,77.92%,1.17,25.47,28.02,77%
TSM,"Taiwan Semiconductor ADR","Semi Fab Foundries",417.72,+1.23%,2,Buy,"56% Buy",+50.05,+59.40%,419.67,417.55,398.59,420.65,47.95,45.1,27.14,12998493,Weakest,Soft,23.79%,0.89,404.57,436.72,41%
ATKR,"Atkore Inc","Wire & Cable Products",94.52,-0.03%,6,Buy,"100% Buy",+49.29,+52.55%,81.96,86.34,75.79,93.82,72.95,38.25,39.12,538120,Strengthening,Maximum,82.68%,1.04,93.15,94.48,103%
SANM,"Sanmina Corp","Electronic Manufacturing",195.75,+2.16%,2,Hold,Hold,+49.09,+66.75%,220.15,200.03,194.25,196.34,47.75,52.45,20.12,859072,Falling,,32.72%,0.65,181.54,211.14,48%
WEYS,"Weyco Gp Inc","Shoes and Related Apparel",43.83,-1.59%,1,Buy,"88% Buy",+49.00,+45.66%,39.1,42.62,36.99,44.8,47.82,31.36,32.96,17304,Weakening,Strong,34.85%,1.14,43.81,45.78,1%
LION,"Lionsgate Studios Corp","Media Conglomerates",11.31,+1.07%,2,Sell,"24% Sell",+48.98,+57.96%,13.04,12.36,11.94,11.34,42.52,43.66,13.56,3021100,Weakening,Weak,52.29%,0.73,10.91,11.77,46%
SGMT,"Sagimet Biosciences Inc Series A","Medical - Biomedical",10.46,0.00%,4,Buy,"88% Buy",+48.82,+68.71%,8.16,9.11,7.25,10.63,54.87,54.41,66.37,1090739,Average,Maximum,35.98%,0.56,10.06,11.2,35%
WCC,"Wesco International","Electronics - Parts Distrib",335.32,+0.26%,1,Hold,Hold,+48.61,+55.24%,346.44,343.85,326.27,342.97,45.26,40.94,26.75,586607,Bearish,,20.36%,0.87,326.46,359.47,27%
ALRS,"Alerus Financial Corp","Finance - Misc Services",33.04,-0.99%,3,Buy,"88% Buy",+48.60,+46.98%,30.73,32.88,28.64,33.08,49.54,32.68,36.39,165656,Weakest,Strong,58.76%,0.81,32.48,33.67,47%
BZH,"Beazer Homes USA","Building - Residential & Comm",33.35,0.00%,4,Buy,"100% Buy",+48.55,+27.88%,28.82,32.97,26.71,33.22,62.27,13.58,54.21,564206,Strengthening,Strong,71.79%,0.79,33.09,33.34,104%
CSCO,"Cisco Systems Inc","Computer - Networks",107.74,-2.12%,1,Sell,"8% Buy",+48.46,+60.97%,112.74,113.52,101.96,110.02,41.09,46.67,29.55,22229521,Weakening,Weak,34.69%,0.82,107.44,112.61,6%
PSTL,"Postal Realty Trust Cl A","REIT - Equity Trust Other",24.01,+0.88%,7,Buy,"88% Buy",+48.33,+52.25%,23.34,23.48,22.08,23.47,58.85,37.95,38.44,302431,Strengthening,Good,64.42%,2.1,22.73,24.21,86%
TRST,"Trustco Bank Corp NY","Banks - Northeast",57.37,-2.94%,10,Buy,"88% Buy",+48.24,+48.94%,53.92,56.6,50.82,57.44,50.47,34.64,28.49,120525,Weakest,Strong,77.20%,1.88,55.99,58.89,48%
CAT,"Caterpillar Inc","Machinery - Construct & Mining",782.72,-0.10%,1,Sell,"24% Sell",+47.98,+77.62%,882.07,845.72,834.95,805.79,39.18,63.32,26.31,2798854,Average,Weak,19.37%,0.98,776.59,834.99,10%
BOLD,"Boundless Bio Inc","Medical - Biomedical",2.82,+0.36%,5,Buy,"88% Buy",+47.66,+145.22%,2.19,2.71,1.87,2.87,52.33,130.92,124.68,519177,Weakening,Strong,24.17%,0.56,2.77,2.97,24%
KNX,"Knight-Swift Transporation","Transportation - Truck",65.78,-3.96%,1,Sell,"24% Sell",+47.60,+54.56%,71.59,71.09,67.41,68.88,39.22,40.26,15.5,3622569,Strengthening,Minimum,31.33%,3.06,65.94,71.82,-3%
KRNY,"Kearny Financial","Finance - Savings & Loan",9.65,-1.63%,6,Hold,"72% Buy",+47.49,+50.31%,9.04,9.65,8.59,9.84,45.53,36.01,19.91,452303,Weakest,Strong,35.68%,0.91,9.57,10.12,15%
BIIB,"Biogen Inc","Medical - Biomedical",216.01,-0.07%,6,Buy,"88% Buy",+47.32,+50.34%,203.18,209.86,197.33,217.93,51.64,36.04,12.42,1310582,Average,Good,44.96%,0.59,211.11,224.76,36%
KEX,"Kirby Corp","Transportation - Ship",136.94,-1.45%,5,Buy,"8% Sell",+47.28,+61.91%,141.04,139.52,138.46,139.48,44.28,47.61,13.97,651308,Weakening,Minimum,34.85%,0.77,136.47,142.49,8%
KOS,"Kosmos Energy Ltd","International E&P",2.87,-7.12%,6,Buy,"72% Buy",+47.18,+57.69%,2.69,2.63,2.62,2.88,52.4,43.39,205.97,18787021,Weakening,Average,62.88%,1.16,2.7,3.07,46%
CBNA,"Chain Bridge Bancorp Inc Cl A","Banks - Northeast",46.03,-1.14%,4,Buy,"88% Buy",+47.07,+43.75%,41.45,45.21,39.45,46.18,50.02,29.45,22.56,10227,Weakening,Strong,49.06%,1.66,45.04,47.31,44%
CSTM,"Constellium Se","Metal Products - Distribution",25.93,+1.41%,1,Sell,"72% Sell",+47.01,+73.10%,30.56,28.07,29.13,26.63,40.86,58.8,27.24,1905295,Average,Average,17.57%,0.91,25.45,27.8,20%
FISI,"Financial Institut","Banks - Northeast",40.23,-1.40%,2,Hold,"64% Buy",+46.54,+53.02%,38.53,40.72,36.51,40.87,43.02,38.72,18.75,146432,Weakest,Strong,44.84%,0.9,40.18,41.55,4%
NE,"Noble Corp Plc","Oil & Gas - Drilling",44.34,-4.75%,6,Hold,"16% Buy",+46.45,+40.32%,45.14,43.55,45.77,45.92,47.27,26.02,46.69,1699289,Weakest,Minimum,27.98%,0.73,44.14,47.71,6%
CVEO,"Civeo Corp","Hotels & Motels",33.62,+0.18%,4,Hold,"80% Buy",+46.42,+47.65%,33.26,33.28,31.62,33.75,50.78,33.35,36.68,89090,Average,Average,49.49%,0.79,32.97,34.53,42%
PLBC,"Plumas Bancorp","Banks - West",62.35,-0.85%,2,Buy,"100% Buy",+46.11,+44.71%,57.71,61.41,55.3,61.95,53.42,30.41,29.21,45944,Weakening,Strong,78.97%,1.14,60.54,63.36,64%
SMHI,"Seacor Marine Holdings Inc","Transportation - Ship",9.41,-1.67%,3,Hold,"80% Buy",+46.07,+32.91%,8.25,9.08,7.99,9.64,48.13,18.61,45.99,116689,Weakening,Strong,25.16%,1.11,9.33,9.95,12%
MD,"Pediatrix Medical Group Inc","Medical Services",26.13,-2.10%,5,Hold,"64% Buy",+45.94,+62.00%,24.84,26.39,23.5,26.68,43.93,47.7,11.84,810318,Weakest,Average,55.90%,0.82,26.11,27.26,2%
ACNB,"Acnb Corp","Banks - Southwest",64.55,-1.21%,5,Hold,"80% Buy",+45.83,+46.14%,59.27,63.53,55.97,64.71,50.7,31.84,23.19,56049,Weakening,Strong,42.86%,0.73,63.43,66,44%
DAVE,"Dave Inc","Technology Services",365.83,-2.36%,9,Sell,"56% Buy",+45.69,+70.76%,330.46,376.59,287.43,363.1,50.56,56.46,54.91,520226,Weakening,Average,59.44%,0.64,334.55,391.66,55%
HBT,"Hbt Financial Inc","Banks - Northeast",36.04,-1.48%,2,Buy,"100% Buy",+45.53,+42.34%,32.21,35.16,30.62,36,51.85,28.04,29.1,95075,Average,Strong,76.70%,0.84,35.13,36.87,52%
NTCT,"Netscout Systems","Computer - Networks",38.51,+0.36%,2,Sell,"24% Buy",+44.97,+52.76%,39.59,39.65,36.73,38.04,50.49,38.46,31.99,590900,Weakest,Weak,48.79%,0.98,36.75,39.33,68%
OBT,"Orange County Bancor","Banks - Northeast",38.25,-1.37%,1,Buy,"100% Buy",+44.94,+47.40%,36.56,38.05,35.48,38.11,50.83,33.1,23.66,57357,Weakening,Good,87.27%,0.92,37.48,38.74,61%
CFBK,"Central Fed Corp","Banks - Northeast",34.86,-1.33%,2,Buy,"88% Buy",+44.80,+41.36%,31.92,34.59,31.09,34.98,47.91,27.06,29.4,55319,Weakening,Strong,27.70%,0.84,34.16,35.79,43%
SMBK,"Smartfinancial Inc","Banks - Northeast",51.66,-1.19%,1,Buy,"100% Buy",+44.77,+42.00%,46.95,50.71,44.65,51.19,53.44,27.7,29.34,92215,Average,Strong,74.97%,1.69,49.96,52.42,69%
CCO,"Clear Channel Outdoor Holdings","Advertising Marketing Services",2.39,+0.42%,6,Sell,"8% Buy",+44.30,+85.27%,2.4,2.39,2.39,2.38,53.33,70.97,-2.18,6669440,Weakening,Minimum,76.19%,0.42,2.35,2.4,76%
PFIS,"Peoples Finl Svcs Company","Banks - Northeast",70.91,-1.58%,4,Buy,"100% Buy",+44.25,+38.28%,65.32,69.97,61.81,70.53,52.16,23.98,35.26,48896,Weakening,Strong,67.88%,1.17,68.5,72.56,59%
DIOD,"Diodes Inc","Electronics - Semiconductors",89.43,-0.93%,1,Hold,"16% Sell",+44.23,+63.79%,99.12,92.08,90.58,90.93,46.28,49.49,70.93,547862,Average,Minimum,42.35%,0.91,87.1,94.76,30%
ANET,"Arista Networks Inc","Internet - Software",197.54,+2.44%,3,Buy,"100% Buy",+44.22,+38.96%,173.23,186.87,161.8,192.38,54.61,24.66,40.44,7886668,Strengthening,Strong,46.10%,0.67,182.31,202.45,76%
ATLC,"Atlanticus Holdings Corp","Finance - Misc Services",93.2,+0.16%,1,Sell,"40% Buy",+43.78,+28.37%,92.74,97.94,80.99,93.68,45.92,14.07,28.89,105359,Weakest,Soft,59.91%,0.62,89.47,97.88,44%
SMC,"Summit Midstream Corporation","Oil Gas Prod Pipeline MLP",32.69,-3.08%,2,Hold,"80% Buy",+43.12,+37.53%,31.23,32.45,30.86,34.17,39.98,23.23,12.21,59766,Weakening,Average,34.67%,1.25,33.18,35.16,-25%
CAC,"Camden Natl Corp","Banks - Northeast",57.12,-2.12%,1,Buy,"88% Buy",+42.48,+43.52%,53.64,56.7,51.75,57.13,48.97,29.22,21.35,97690,Weakest,Strong,77.95%,1.37,55.81,58.44,50%
HG,"Hamilton Insurance Group Ltd Cl B","Insurance - Multi Line",35.17,-0.26%,3,Hold,"64% Buy",+42.37,+49.85%,33.39,35.2,32.37,35.09,50.85,35.55,15.74,481580,Weakening,Strong,35.07%,1.15,34.33,35.85,55%
WKC,"World Kinect Corp","Oil - Refining and Marketing",35.47,-0.08%,3,Sell,"40% Buy",+42.26,+36.27%,33.09,36.51,30.07,35.54,46.91,21.97,41.07,967448,Weakest,Average,33.95%,1.15,34.83,36.25,45%
AVBC,"Avidia Bancorp Inc","Banks - Northeast",22.29,+1.69%,4,Buy,"100% Buy",+42.20,+41.08%,20.73,21.55,20.31,21.98,57.32,26.78,22.28,99939,Strengthening,Strong,60.97%,1.26,21.64,22.32,96%
TMP,Tompkinstrustco,"Banks - Northeast",97.6,-1.47%,1,Buy,"88% Buy",+42.07,+43.76%,92.57,97.45,88.26,97.85,48.23,29.46,24.26,76740,Weakest,Strong,64.64%,1.22,96.06,99.63,43%
BAP,"Credicorp Ltd","Banks - Foreign",381.14,+2.21%,1,Sell,"56% Buy",+42.06,+40.75%,364.86,383.58,355.85,376.54,52.39,26.45,22.48,420003,Average,Average,55.26%,1.77,366.12,386.95,72%
FRST,"Primis Financial Corp","Finance - Misc Services",15.78,-2.23%,1,Sell,"40% Buy",+42.04,+47.34%,15.51,16.07,14.82,16.06,42.54,33.04,3.12,169508,Weakest,Average,56.03%,0.83,15.74,16.39,7%
LFUS,"Littelfuse Inc","Electronics - Misc Components",396.02,+0.09%,1,Sell,"24% Sell",+41.70,+50.28%,436.21,422.37,408.56,411.84,40.14,35.98,46.26,285556,Average,Minimum,7.03%,0.87,393.01,430.66,8%
MSLE,"Satellos Bioscience Inc","Medical - Biomedical",9.3,-0.64%,2,Hold,"32% Buy",+41.52,+59.27%,8.22,9.51,8.42,9.49,47.5,44.97,47.84,50694,Weakest,Weak,44.75%,0.54,8.64,10.33,39%
TBN,"Tamboran Resources Corp","Oil - International Integrated",38.34,-4.58%,6,Buy,"88% Buy",+41.25,+72.78%,35.12,35.54,34.74,38.5,52.55,58.48,30.48,144818,Average,Average,38.49%,1.09,36.61,40.39,46%
NVT,"Nvent Electric Plc","Electronics - Misc Components",147.65,+0.58%,1,Sell,"8% Sell",+41.05,+53.48%,160.34,156.52,147,153.07,43.47,39.18,34.48,2237863,Weakest,Minimum,15.90%,0.77,143.63,162.51,21%
OSBC,"Old Second Bancorp","Banks - Midwest",24.98,-2.15%,1,Hold,"80% Buy",+40.70,+40.18%,23.24,24.89,22.26,25.34,44.23,25.88,17.78,384224,Weakening,Strong,55.44%,1.3,24.91,25.78,8%
LIVN,"Livanova Plc OR Sh","Medical Instruments",78.51,-1.21%,3,Hold,"48% Buy",+40.65,+42.93%,76.91,80.13,72.86,79.79,45.58,28.63,17.28,727102,Weakest,Average,37.47%,1.1,77.33,82.25,24%
AMBQ,"Ambiq Micro Inc","Electronics - Semiconductors",59.9,-1.56%,1,Sell,"8% Buy",+40.60,+72.72%,68.08,66.02,55.08,59.13,47.18,58.42,99.86,452905,Weakest,Weak,46.86%,0.77,55.03,63.23,59%
PARK,"Park Dental Partners Inc","Medical Services",20.35,-1.74%,1,Buy,N/A,+40.26,N/A,19.49,20.4,18.96,20.85,47.07,N/A,27.55,N/A,N/A,N/A,48.53%,0.4,20.02,21.67,20%
CTKB,"Cytek Biosciences Inc","Medical - Biomedical",4.93,+0.82%,4,Buy,"80% Buy",+40.23,+26.41%,4.39,4.58,4.4,4.68,60.55,12.11,-12.7,1024492,Strongest,Soft,84.42%,1.84,4.45,4.92,102%
MTSI,"Macom Technology S","Semi Analog & Mixed",251.75,+4.89%,1,Sell,"72% Sell",+40.13,+91.91%,315.65,276.8,290.86,264.67,42.68,77.61,36.66,1404033,Strengthening,Soft,13.34%,1.02,242.15,287.2,21%
BB,"Blackberry Ltd","Internet - Software",7.64,-2.05%,1,Sell,"8% Buy",+39.94,+91.00%,8.44,8.65,6.85,7.88,40.92,76.7,91.26,17151813,Weakest,Weak,19.71%,0.82,7.33,8.43,28%
SAIC,"Science Applications International","IT Services",132.62,-0.84%,6,Buy,"100% Buy",+39.87,+28.61%,113.13,122.74,106.58,128.29,64.87,14.31,21.43,591608,Strengthening,Maximum,50.55%,0.81,123.99,132.6,100%
WAT,"Waters Corp","Medical Instruments",418.64,+0.37%,4,Buy,"100% Buy",+39.83,+38.13%,373.63,396.38,353.17,411.28,59.9,23.83,-0.1,922588,Strongest,Strong,67.02%,0.94,400.81,421.75,85%
DDI,"Doubledown Interactive ADR",Gaming,12.73,-0.16%,4,Buy,"88% Buy",+39.55,+36.30%,11.79,12.15,10.79,12.76,55.6,22,37.19,103123,Average,Strong,40.75%,2.75,12.6,12.93,40%
TXN,"Texas Instruments","Semi General",260.67,-1.05%,1,Sell,"8% Sell",+39.15,+46.75%,286.49,275.6,260.54,261.01,45.02,32.45,39.93,7586036,Average,Minimum,57.05%,0.56,252.62,269.4,48%
PYXS,"Pyxis Oncology Inc","Medical - Drugs",3.34,+0.30%,7,Buy,"88% Buy",+39.10,+62.93%,2.56,3.04,2.21,3.36,51.27,48.63,180.11,968779,Strengthening,Average,31.85%,0.53,2.87,3.85,48%
PEBK,"Peoples Bancorp NC","Banks - Southeast",44.16,-1.95%,1,Buy,"100% Buy",+39.00,+40.46%,42.64,43.45,41.49,43.85,52.38,26.16,11.67,28467,Weakening,Good,69.75%,0.5,42.96,44.74,67%
CHYM,"Chime Financial Inc Cl A","Finance - Misc Services",31.25,-7.02%,8,Hold,"80% Buy",+38.79,+35.93%,23.52,28.18,22.62,33.01,48.72,21.63,13.84,5261174,Average,Strong,40.36%,1.07,31.48,34.55,-7%
SNDA,"Sonida Senior Living Inc","Medical Services",39.43,-0.66%,4,Hold,"64% Buy",+38.75,+50.38%,38.41,39.82,37,39.06,51.18,36.08,10.59,444862,Weakest,Average,60.33%,0.72,37.02,41.11,59%
CPAY,"Corpay Inc","Financial Transaction Services",402.27,-1.34%,6,Hold,"80% Buy",+38.59,+31.34%,366.36,393.31,349.9,409.75,47.96,17.04,23.36,596162,Average,Strong,25.30%,0.79,400.03,419.47,12%
SNDR,"Schneider National Inc","Transportation - Services",32.75,-4.52%,1,Sell,"8% Buy",+38.54,+36.00%,34.92,35.63,32.31,34.45,36.4,21.7,13.13,962054,Weakening,Minimum,33.96%,0.96,33.04,35.85,-10%
PRM,"Perimeter Solutions Inc","Chemical - Specialty",31.9,+1.08%,1,Sell,"24% Buy",+38.39,+47.96%,32.87,32.91,30.19,31.22,50,33.66,5.55,1250374,Weakest,Weak,65.29%,0.76,30.1,32.33,81%
GEV,"GE Vernova Inc","Other Alt Energy",925.09,+4.79%,1,Sell,"24% Sell",+38.38,+49.71%,1015.14,989.14,973.4,934.35,46.21,35.41,31.22,2761476,Weakening,Weak,22.56%,1.5,875.89,992.81,42%
PDLB,"Ponce Financial Group Inc","Finance - Misc Services",20.52,+0.74%,1,Buy,"100% Buy",+38.06,+38.56%,19.48,20.27,18.59,20.34,53.51,24.26,15.18,75308,Strengthening,Strong,58.84%,1.08,19.99,20.69,75%
TYRA,"Tyra Biosciences Inc","Medical - Biomedical",24.35,-4.25%,2,Sell,"100% Sell",+38.05,+97.01%,29.91,28.05,31.64,25.34,45.48,82.71,-17.7,876586,Strongest,Good,57.71%,1.39,22.29,28.38,34%
BPRN,"Princeton Bancorp Inc","Banks - Northeast",43.04,-1.91%,5,Buy,"100% Buy",+38.05,+34.21%,38.81,41.49,37.39,42.84,54.42,19.91,13.75,15729,Average,Maximum,72.78%,1.36,41.67,44.01,59%
SRCE,"1st Source Corp","Banks - Midwest",85.94,-1.44%,1,Hold,"64% Buy",+37.95,+36.15%,81.03,86.29,77.31,86.31,46.51,21.85,27.21,126405,Weakest,Strong,70.84%,0.88,85.09,87.52,35%
ASTH,"Astrana Health Inc","Medical - Outpatient & Hm Care",37.7,-1.69%,2,Sell,"8% Buy",+37.86,+26.89%,39.4,39.64,34.52,38.38,45.92,12.59,41.63,523447,Weakening,Weak,57.51%,0.58,37.29,39.46,19%
ADI,"Analog Devices","Semi Analog & Mixed",362.04,+0.19%,1,Sell,"24% Sell",+37.84,+48.32%,391.3,374.22,373.05,365.67,45.32,34.02,23.18,4067848,Weakening,Minimum,41.63%,0.85,351.94,379.39,37%
WELL,"Welltower Inc","REIT - Equity Trust Other",234.5,+0.75%,5,Sell,"40% Buy",+37.81,+41.94%,226.26,237.65,219.42,237.56,46.26,27.64,16.02,3201052,Weakest,Good,21.98%,0.78,232.57,242.56,19%
RBB,"Rbb Bancorp","Banks - West",26.64,-0.37%,1,Hold,"64% Buy",+37.77,+38.61%,25.68,26.7,24.41,26.49,50.84,24.31,18.75,109132,Weakest,Good,68.89%,0.88,25.96,27.02,64%
HRTG,"Heritage Insurance Holdings","Insurance - Proprty & Casualty",34.96,+0.52%,3,Buy,"100% Buy",+37.69,+42.81%,28.03,31.53,27.56,34.25,61.71,28.51,9.16,349867,Strongest,Maximum,74.75%,0.69,33.28,35.22,86%
VPG,"Vishay Precision Group","Electronics - Misc Components",61.04,+0.76%,1,Sell,"56% Sell",+37.62,+87.64%,94.51,80.2,78.49,63.1,39.49,73.34,48.23,412283,Average,Weak,20.01%,0.48,59.25,66.95,23%
SCL,"Stepan Company","Chemical - Diversified",61.76,+0.29%,2,Sell,"72% Buy",+37.59,+26.58%,57.15,61.63,55.41,62.36,47.52,12.28,20.09,157960,Strengthening,Good,41.24%,0.95,60.8,63.92,31%
MBBC,"Marathon Bancorp Inc","Banks - Northeast",15.01,+0.07%,6,Hold,"64% Buy",+37.54,+46.44%,14.71,15.08,14.21,15.12,48.14,32.14,13.12,7798,Weakest,Average,43.90%,0.68,14.87,15.36,28%
CZFS,"Citizens Fincl Svcs","Banks - Northeast",81.33,-2.12%,4,Buy,"88% Buy",+37.51,+30.19%,72.57,78.77,69.31,81.67,50.9,15.89,32.31,15505,Weakening,Strong,56.14%,1.95,79.49,83.84,42%
ESP,"Espey Mfg. & Electronics","Electronics - Military",63.18,-1.00%,1,Buy,"88% Buy",+37.43,+22.18%,62.41,61.25,61.11,63.03,52.25,7.88,23.73,31926,Weakening,Soft,56.63%,0.82,61.46,64.59,55%
ESTA,"Establishment Labs Holdings Inc","Medical Services",71.16,-0.45%,1,Sell,"40% Sell",+37.31,+81.76%,78.59,81.12,74.65,72.29,40.46,67.46,-12.68,516354,Weakening,Weak,47.31%,0.47,68.85,75.72,34%
CTBI,"Community TR Bancp","Banks - Southeast",76.17,-1.54%,1,Buy,"72% Buy",+37.09,+36.95%,72.18,76.55,68.77,76.75,45.32,22.65,24.49,93775,Weakest,Strong,59.42%,1.27,75.5,78.01,27%
SHBI,"Shore Bancshares Inc","Banks - Northeast",23.23,-1.44%,1,Sell,"56% Buy",+36.91,+37.78%,22.16,23.44,21.04,23.22,47.6,23.48,21.07,216938,Weakest,Good,77.23%,1.21,22.8,23.64,51%
PRSU,"Pursuit Attractions and Hospitality Inc","Leisure & Recreation Services",48.91,-0.55%,5,Sell,"56% Buy",+36.90,+33.20%,48.04,49.89,44.59,48.59,50.72,18.9,34.9,242393,Weakest,Average,67.00%,1,47.11,50.08,61%
RS,"Reliance Inc","Mining - Misc",394.3,+0.59%,2,Sell,"56% Buy",+36.82,+35.79%,389.75,399.52,365.07,391.38,48.38,21.49,26.18,345108,Weakening,Average,36.59%,0.94,379.18,403.59,62%
NBIS,"Nebius Group N.V. Cl A","Internet Software Services",209.37,+0.96%,1,Buy,"40% Buy",+36.80,+134.12%,214.39,211.78,181.62,217.52,46.46,119.82,139.81,16936211,Weakest,Soft,24.76%,0.66,195.04,240,32%
KINS,"Kingstone Cos Inc","Insurance - Proprty & Casualty",19.4,-1.02%,2,Sell,"40% Buy",+36.71,+42.54%,18.1,19.82,17.32,19.75,46.1,28.24,4.95,124293,Weakest,Good,38.90%,0.59,19.17,20.33,20%
MSM,"Msc Industrial Direct Company","Industrial Services",120.48,+0.50%,1,Sell,"56% Buy",+36.71,+31.21%,116.57,122.03,108.56,119.56,50.51,16.91,32.94,695255,Weakening,Average,56.73%,1.32,116.64,122.48,66%
POWW,"Outdoor Holding Company","Aerospace - Defense Equipment",2.11,-1.40%,1,Hold,"16% Buy",+36.53,+47.55%,2.15,2.22,2.12,2.18,42.86,33.25,13.07,597624,Weakening,Weak,23.99%,0.82,2.08,2.27,15%
USCB,"Uscb Financial Hldgs Inc","Banks - Southeast",22.93,-1.08%,3,Buy,"100% Buy",+36.46,+32.54%,20.48,21.99,20.01,22.72,56.53,18.24,14.16,55233,Average,Maximum,66.28%,1.8,21.95,23.49,64%
FVCB,"Fvcbankcorp Inc","Banks - Southeast",18.08,-2.32%,1,Hold,"64% Buy",+36.46,+34.42%,17.26,18.29,16.61,18.38,43.27,20.12,19.66,112387,Weakest,Strong,58.49%,1.24,18.06,18.7,3%
AIZ,"Assurant Inc","Insurance - Multi Line",283.56,-0.89%,4,Buy,"88% Buy",+36.38,+38.03%,267.37,281.95,252.02,283.74,51.1,23.73,7.41,384590,Weakening,Strong,55.82%,1.2,278.34,289.15,48%
CASS,"Cass Information Sys","Computer - Services",55.32,-0.38%,3,Sell,"56% Buy",+36.34,+31.71%,51.83,55.57,49.59,56.11,45,17.41,22.92,79971,Weakest,Good,31.87%,0.76,54.62,57.6,23%
CLH,"Clean Harbors","Waste Removal Svcs",318.96,+0.24%,3,Buy,"100% Buy",+36.15,+35.49%,303.21,312.93,298.84,316.99,54.09,21.19,25.71,491125,Average,Good,66.91%,1.17,308.52,325.45,62%
CBK,"Commercial Bancgroup Inc","Banks - Southeast",32.89,-1.35%,1,Sell,"40% Buy",+36.11,N/A,32.01,34.02,30.18,33.89,37.84,N/A,23.6,65596,Weakest,Average,17.03%,0.95,33.15,34.62,-18%
ATRA,"Atara Biotherap","Medical - Biomedical",10.11,+7.10%,7,Buy,"88% Buy",+36.05,-12.16%,9.05,8.93,7.72,9.53,59.19,-26.46,-54.43,603708,Strongest,Weak,31.62%,1.9,8.86,10.21,93%
TNET,"Trinet Group Inc",Outsourcing,69.21,-0.06%,4,Hold,"96% Buy",+36.04,+1.05%,55.63,65.87,49.75,68.66,55.53,-13.25,6.73,437484,Strengthening,Strong,63.15%,0.73,65.64,71.68,59%
WSBF,"Waterstone Financial","Finance - Savings & Loan",20.81,-2.12%,4,Hold,"80% Buy",+36.03,+38.46%,19.76,20.64,19.19,21.14,45.13,24.16,15.42,64365,Weakening,Strong,47.77%,1.32,20.78,21.5,4%
PSMT,"Pricesmart Inc","Retail - Discount",167,-0.48%,1,Sell,"8% Sell",+35.83,+42.67%,176.16,180.26,168.19,171.86,36.43,28.37,25.82,242928,Average,Minimum,9.02%,0.64,166.38,177.33,6%
CALY,"Callaway Golf Company","Leisure & Recreational Prdcts",14.83,-1.72%,1,Sell,"24% Sell",+35.79,+54.32%,16.68,17.09,15.78,15.57,30.16,40.02,16.76,2575428,Strengthening,Weak,12.56%,1.04,14.98,16.17,-12%
CLST,"Catalyst Bancorp Inc","Banks - Southeast",18,+0.45%,1,Buy,"100% Buy",+35.77,+37.93%,16.62,17.19,16.53,17.7,60.55,23.63,3.97,4850,Strongest,Strong,60.45%,0.65,17.11,18.28,76%
CBC,"Central Bancompany Inc Cl A","Banks - Northeast",31.4,-1.78%,3,Sell,"40% Buy",+35.55,N/A,30.24,32.25,28.3,32.21,40.88,N/A,19.86,604831,Weakest,Good,35.79%,3.99,31.4,33.02,0%
FNLC,"First Bancorp Inc","Banks - Northeast",35.07,-1.71%,3,Hold,"88% Buy",+35.52,+32.79%,32.55,34.79,31.15,34.79,52.1,18.49,22.32,24657,Weakest,Strong,81.91%,1.22,34.04,35.55,68%
RLMD,"Relmada Therapeutics Inc","Medical - Drugs",4.22,-4.95%,3,Sell,"88% Sell",+35.32,+163.75%,5.93,4.98,5.93,4.44,38.67,149.45,-22.95,1448307,Strongest,Average,54.08%,0.59,4.08,4.81,20%
GM,"General Motors Company","Auto - Domestic",84.29,-1.27%,2,Hold,"64% Buy",+35.21,+44.18%,81.68,84.52,80.14,86.03,45.87,29.88,-6.67,7688369,Weakest,Weak,50.79%,1.04,83.93,88.12,9%
LXP,"Lxp Industrial Trust","REIT - Equity Trust Resident",60.85,+0.07%,6,Buy,"96% Buy",+35.00,+32.43%,56.24,60,53.61,60.85,61.86,18.13,12.41,621812,Average,Strong,36.20%,1.23,60.61,61.08,51%
TECH,"Bio-Techne Corp","Medical - Biomedical",72.33,-0.01%,1,Buy,"100% Buy",+34.94,+39.69%,63.3,72.04,60.68,72.32,60.27,25.39,12.67,3141900,Average,Strong,46.67%,1.18,72.11,72.53,53%
BWA,"Borgwarner Inc","Auto - Truck Original Parts",62.27,-0.35%,1,Sell,"24% Sell",+34.93,+42.99%,65.73,65.13,62.29,65.03,40.15,28.69,27.87,2842900,Average,Minimum,12.73%,0.78,62.19,67.86,1%
LITB,"Lightinthebox Holding Ltd ADR","Internet Services - Delivery",3.04,+1.33%,4,Sell,"40% Buy",+34.87,+41.74%,2.99,3.11,2.81,3.08,47.71,27.44,25.39,10993,Weakening,Soft,17.34%,0.81,2.9,3.25,39%
WASH,"Washington TR Bncorp","Banks - Northeast",39.23,-2.24%,3,Buy,"88% Buy",+34.82,+35.32%,36.09,38.81,35.36,39.6,48.31,21.02,22.44,162105,Weakening,Strong,61.35%,0.87,38.83,40.36,26%
TSBK,"Timberland Bancorp","Finance - Savings & Loan",46.22,-1.66%,3,Buy,"100% Buy",+34.78,+30.11%,43.45,45.23,42.13,46.2,52.35,15.81,18.79,30296,Weakening,Maximum,68.72%,0.66,45.34,47.07,51%
SPNT,"Siriuspoint Ltd","Insurance - Multi Line",24.47,-0.81%,6,Buy,"88% Buy",+34.53,+35.87%,23.61,24.2,22.92,24.19,54.89,21.57,1.47,709928,Average,Strong,68.27%,1.69,23.47,24.9,70%
FBLA,"Fb Bancorp Inc","Banks - Southeast",16.17,+1.06%,11,Buy,"100% Buy",+34.30,+32.87%,14.96,15.61,14.48,15.84,66.55,18.57,15.52,109927,Strongest,Maximum,88.52%,2.07,15.52,16.15,103%
DAN,"Dana Inc","Auto - Truck Original Parts",29.96,-0.63%,3,Buy,"24% Sell",+33.98,+45.86%,30.93,29,32,30.58,48.39,31.56,15.77,1523500,Weakening,Weak,33.23%,0.9,29.27,31.89,26%
EGBN,"Eagle Bancorp Inc","Banks - Northeast",28.26,-0.07%,1,Sell,"80% Buy",+33.86,+38.94%,27.3,27.74,26.77,27.75,55.35,24.64,21.61,323245,Average,Soft,89.86%,2.13,27.04,28.46,86%
SNOW,"Snowflake Cl A","Internet - Software",331.02,+2.49%,3,Buy,"100% Buy",+33.70,+53.29%,255.2,307.54,224.25,327.71,54.07,38.99,40.58,6645972,Strengthening,Maximum,30.86%,0.75,307.84,347.58,58%
DCOM,"Dime Commercial Bancshares Inc","Banks - Southeast",40.54,-0.95%,3,Buy,"100% Buy",+33.59,+33.27%,39.15,40.45,37.43,40.5,49.75,18.97,24.41,297458,Weakening,Strong,69.15%,0.99,39.74,41.25,53%
FSBC,"Five Star Bancorp","Banks - West",45.11,-0.97%,4,Sell,"40% Buy",+33.45,+39.27%,45.08,46.78,43.03,45.72,40.51,24.97,15.76,114762,Weakest,Soft,40.86%,1.06,44.51,46.94,25%
BHB,"Bar Harbor Bankshares","Banks - Northeast",40.42,-1.20%,4,Buy,"100% Buy",+33.34,+27.91%,37.53,39.41,36.09,39.84,56.26,13.61,19.86,105829,Average,Maximum,84.12%,1.53,38.72,40.97,76%
KNTK,"Kinetik Holdings Inc","Oil - Field Services",53.84,-1.57%,5,Buy,"88% Buy",+33.32,+25.82%,50.08,52.06,48.68,54.51,51.56,11.52,39.03,1150380,Weakening,Strong,29.68%,1.54,53.81,55.21,2%
AGIO,"Agios Pharmaceuticals","Medical - Biomedical",32.95,+0.43%,3,Sell,"40% Buy",+33.25,-10.27%,32.69,34.95,31.76,33.63,44.87,-24.57,10.73,1101527,Weakest,Weak,24.52%,0.84,32.39,34.87,22%
NDLS,"Noodles & Company","Retail - Restaurants",13.12,-3.60%,1,Sell,"24% Buy",+33.22,+142.25%,13.81,14.71,11.51,14.44,36.24,127.95,121.97,64598,Weakening,Weak,10.17%,0.55,13.09,15.79,1%
RAMP,"Liveramp Holdings Inc","Technology Services",37.87,+0.69%,3,Sell,"72% Buy",+33.15,+43.01%,36.4,37.76,33.28,37.71,57.65,28.71,18.62,1044322,Average,Good,37.65%,2.46,37.56,37.86,102%
NWFL,"Norwood Financial Corp","Banks - Northeast",34.85,-1.13%,3,Buy,"100% Buy",+33.09,+32.16%,32.02,33.45,31.33,34.28,59.91,17.86,13.92,31340,Strengthening,Maximum,76.23%,0.91,33.41,35.16,82%
IFS,"Intercorp Financial Services Inc","Finance - Misc Services",54.77,+1.03%,5,Sell,"40% Buy",+32.98,+32.10%,53.6,56.88,51.84,54.79,45.25,17.8,18.98,264141,Weakening,Average,28.65%,1.11,53.65,55.93,49%
FNRN,"First Northern Community Bancorp","Banks - West",17.17,-1.21%,3,Sell,"8% Buy",+32.85,+41.43%,17.57,17.67,16.64,17.22,45.68,27.13,18.2,79947,Weakening,Weak,60.16%,0.8,16.72,17.71,45%
LSCC,"Lattice Semicond","Electronics - Semiconductors",106.32,-0.16%,1,Sell,"40% Sell",+32.77,+60.75%,129.95,123.44,119.51,114.7,36.9,46.45,34.18,1917338,Average,Weak,10.30%,0.83,106.51,122.89,-1%
BY,"Byline Bancorp Inc","Banks - Northeast",37.62,-1.47%,1,Sell,"40% Buy",+32.74,+32.93%,36.28,38.41,34.84,38.25,41.55,18.63,18.74,242079,Weakest,Good,41.86%,0.92,37.65,38.85,-2%
RNR,"Renaissancere Holdings Ltd","Insurance - Proprty & Casualty",328.43,-0.08%,5,Hold,"96% Buy",+32.56,+38.57%,311.82,323.62,308.31,327.81,52.8,24.27,6.49,350145,Average,Strong,47.86%,0.96,318.96,336.67,53%
BOW,"Bowhead Specialty Holdings Inc","Insurance - Proprty & Casualty",33.69,-0.09%,3,Buy,"100% Buy",+32.53,+21.58%,29.9,32.62,27.81,33.63,61.63,7.28,7.72,240488,Weakening,Strong,48.72%,0.77,33.49,33.76,73%
WBI,"Waterbridge Infrastructure Llc Cl A","Real Estate Operations",30.8,-2.22%,8,Sell,"24% Buy",+32.52,N/A,31.63,32.97,29.66,32.05,38.93,N/A,43.6,845202,Weakening,Weak,16.35%,1,30.94,33.16,-6%
HURC,"Hurco Cos Inc","Machinery - Tools & Related",22.66,+0.76%,4,Hold,"96% Buy",+32.37,+26.10%,20.56,22.11,19.07,22.43,53.53,11.8,36.35,28941,Strengthening,Strong,48.29%,0.8,21.27,23.59,60%
ASYS,"Amtech Systems Inc","Semi General",13.85,+0.14%,1,Sell,"72% Sell",+32.34,+48.92%,18.01,15.75,16.37,14.67,40.4,34.62,0.04,359103,Strengthening,Soft,12.70%,0.59,13.55,15.8,13%
THFF,"First Finl Corp [In]","Banks - Midwest",76.87,-1.57%,1,Sell,"40% Buy",+32.33,+34.39%,74.7,78.81,71.22,78.5,39.33,20.09,16.91,87747,Weakest,Average,48.42%,1.48,76.95,80.06,-3%
RBCAA,"Republic Bancorp Inc","Banks - Southeast",94.09,-2.67%,2,Hold,"64% Buy",+32.32,+25.91%,88.52,95.06,82.68,95.25,43.96,11.61,26.06,77063,Weakest,Strong,49.36%,1.51,92.89,97.61,25%
CZNC,"Citizens Nrthn Corp","Banks - Northeast",25.96,-0.65%,4,Buy,"100% Buy",+32.31,+30.91%,23.42,25.01,23.2,25.77,58,16.61,18.39,56867,Average,Maximum,78.60%,0.94,25.27,26.27,69%
PEBO,"Peoples Bancorp Inc","Banks - Southeast",39.61,-1.39%,1,Sell,"40% Buy",+32.22,+33.05%,37.76,40.1,36.17,39.72,46.18,18.75,21.58,265671,Weakest,Good,75.95%,1.13,39.21,40.22,40%
NWG,"Natwest Group Plc ADR","Banks - Foreign",18.62,0.00%,1,Hold,"96% Buy",+32.13,+29.04%,17.33,18.48,16.85,18.59,50.5,14.74,-3.92,3689191,Average,Strong,50.00%,1.25,18.16,19.02,54%
FRAF,"Franklin Finl Svcs Corp","Banks - Northeast",63.53,-1.14%,1,Buy,"88% Buy",+32.09,+33.92%,60.86,62.81,57.93,62.68,53.81,19.62,16.23,40688,Weakening,Strong,80.71%,1.39,61.01,64.36,75%
ANTX,"An2 Therapeutics Inc","Medical - Biomedical",5.34,-0.37%,1,Hold,"64% Buy",+31.73,+317.19%,5.01,5.43,4.34,5.67,42.35,302.89,358.1,588821,Weakest,Average,14.65%,0.67,5.27,6.08,9%
SFST,"Southern First Bancs","Banks - Southeast",61.28,-3.53%,1,Sell,"56% Buy",+31.58,+39.81%,60.3,62.47,58.82,62.53,42.71,25.51,8.62,104742,Weakest,Soft,56.16%,1.14,61.03,64.04,8%
SLAB,"Silicon Labs Inc","Semi Analog & Mixed",219.71,-0.12%,4,Buy,"100% Buy",+31.58,+63.34%,218.22,218.53,214.52,219.29,53.72,49.04,57.78,481339,Weakening,Average,49.44%,0.59,217.64,220.94,63%
CCNE,"Cnb Financial Corp","Banks - Northeast",34.04,-1.73%,2,Hold,"48% Buy",+31.51,+33.91%,32.95,34.39,31.67,34.14,46.42,19.61,19.75,155273,Weakest,Good,61.39%,1.33,33.42,34.85,43%
ITRN,"Ituran Location","Protection - Safety",51.55,0.00%,1,Sell,"56% Sell",+31.47,+45.40%,57.29,53.47,55.05,51.37,44.66,31.1,9.54,128980,Average,Weak,56.30%,0.72,50.32,52.43,58%
FNWD,"Finward Bancorp","Finance - Misc Services",42.84,-1.61%,1,Sell,"72% Buy",+31.43,+34.87%,37.86,42.42,37.29,43.29,47.06,20.57,11.42,16444,Weakening,Good,46.95%,0.35,42.62,43.96,17%
BCH,"Banco DE Chile ADR","Banks - Foreign",41.1,-0.84%,5,Buy,"56% Buy",+31.39,+36.45%,39.64,41.28,39.62,41.89,45.32,22.15,-2.16,345994,Weakest,Weak,37.46%,1.06,40.74,43.04,16%
FLEX,"Flextronics Intl Ltd","Electronics Products - Misc",107.9,-0.09%,1,Sell,"8% Sell",+31.30,+88.64%,127.4,117.96,107.73,110.09,43.79,74.34,68.26,5005881,Weakening,Minimum,37.74%,0.75,104.46,115.72,31%
PAG,"Penske Automotive Group","Retail - Wsale Auto & Trucks",214.15,-0.91%,3,Sell,"72% Buy",+31.30,+20.25%,192.54,213.08,180.14,217.36,46.06,5.95,24.97,315047,Weakening,Strong,17.15%,1.21,214.69,220.04,-10%
ZD,"Ziff Davis Inc","Internet - Software",58.75,-0.78%,9,Buy,"100% Buy",+31.27,+53.51%,50.15,54.42,46.66,56.12,66.55,39.21,56.82,743956,Strengthening,Maximum,83.06%,1.62,53.94,58.29,110%
MBWM,"Mercantile Bank Corp","Banks - Midwest",60.55,-1.98%,5,Buy,"96% Buy",+31.16,+29.44%,56.57,59.88,54.96,60.55,49.97,15.14,15.56,116008,Weakening,Strong,67.30%,1.67,58.84,62.26,50%
ABX,"Abacus Global Management Inc","Finance - Misc Services",9.21,-1.29%,8,Sell,"8% Sell",+31.11,+38.08%,9.73,9.96,9.47,9.55,41.36,23.78,-2.6,598998,Weakening,Minimum,23.35%,0.8,9.11,9.99,12%
PCB,"Pcb Bancorp","Banks - Southwest",27.77,-1.52%,2,Sell,"56% Buy",+31.00,+30.19%,26.87,28.24,25.51,27.73,48.1,15.89,17.95,29690,Weakest,Average,67.46%,1.71,27.23,28.22,54%
MOH,"Molina Healthcare Inc","Medical - HMO",202.22,-2.30%,2,Hold,"48% Buy",+30.67,+14.60%,201.38,206.95,182.45,201.2,49.54,0.3,6.21,1358426,Weakest,Weak,74.58%,0.54,193,209.41,56%
FMBH,"First Mid Ill Bncshr","Banks - Northeast",50.18,-1.72%,1,Buy,"56% Buy",+30.63,+28.80%,47.7,50.58,45.72,50.51,44.75,14.5,18.35,120998,Weakest,Strong,68.81%,0.88,49.64,51.38,31%
ACT,"Enact Holdings Inc","Insurance - Multi Line",48.93,-1.11%,2,Buy,"88% Buy",+30.30,+29.68%,45.61,48.1,44.31,49.25,49.82,15.38,13.12,325488,Weakening,Strong,69.66%,1.21,48.38,50.12,32%
KRRO,"Korro Bio Inc","Medical - Drugs",13.83,-1.71%,3,Buy,"100% Buy",+30.27,-55.59%,12.4,12.64,12.32,13.12,57.97,-69.89,62.34,204057,Weakening,Soft,68.23%,2.33,11.73,14.51,76%
HTLD,"Heartland Express","Transportation - Truck",11.88,-5.11%,1,Sell,"40% Sell",+30.24,+37.82%,13.76,13.11,12.75,12.34,38.97,23.52,21.24,597992,Strengthening,Weak,54.78%,2.76,11.9,12.78,-2%
ADEA,"Adeia Inc","Technology Services",24.97,+0.28%,1,Sell,"24% Sell",+30.21,+60.37%,28.58,26.96,26.87,26.01,42.12,46.07,34.43,1355371,Weakening,Weak,20.62%,1.26,24.21,27.82,21%
GASS,"Stealthgas Inc","Transportation - Ship",9.33,+0.11%,2,Buy,"56% Buy",+30.19,+30.67%,9.21,9.08,9.17,9.42,51.64,16.37,22.59,139835,Weakening,Weak,26.42%,1.5,9.11,9.72,36%
AGM,"Federal Agricultural Mortgage Corp","Finance - Mortgage & Rel Svs",220.65,-1.71%,1,Hold,"80% Buy",+30.02,+18.31%,200.84,220.15,186.58,222.85,45.3,4.01,15.36,113755,Weakening,Strong,51.46%,1.24,217.15,228.54,31%
FBP,"First Bancorp","Banks - Foreign",27.65,-1.64%,1,Sell,"40% Buy",+30.02,+28.72%,26.45,28.26,24.91,28.08,42.35,14.42,23.06,1397402,Weakest,Average,47.46%,1.26,27.51,28.65,12%
QCRH,"Qcr Holdings Inc","Banks - Midwest",101.01,-1.67%,1,Sell,"56% Buy",+29.88,+30.66%,97.04,101.25,93.84,101.31,46.52,16.36,10.94,110434,Weakest,Good,74.75%,0.68,99.2,103.42,43%
LARK,"Landmark Bancorp Inc","Finance - Savings & Loan",32.55,-2.34%,12,Buy,"100% Buy",+29.87,+25.47%,30.17,31.7,28.91,32.18,56.29,11.17,13.96,9153,Average,Maximum,73.04%,1.27,31.36,33,73%
HTO,"H2O America","Waste Removal Svcs",63.14,+1.07%,6,Sell,"56% Buy",+29.69,+30.70%,60.54,63.17,59.42,63.61,49.31,16.4,18.56,473553,Weakening,Good,22.80%,0.77,62.25,64.97,33%
CTS,"Cts Corp","Electronics - Misc Components",56.89,+0.11%,1,Sell,"24% Sell",+29.63,+36.53%,61.18,60.1,57.89,56.94,42.45,22.23,22.38,234479,Average,Minimum,58.42%,0.79,55.78,58.1,48%
GSBC,"Great Southern Bncp","Finance - Savings & Loan",79.15,-1.70%,1,Hold,"48% Buy",+29.62,+27.72%,75.9,79.42,71.86,79.2,47.8,13.42,18.25,84917,Weakest,Good,66.39%,0.8,77.74,80.66,48%
HOPE,"Hope Bancorp Inc","Banks - West",13.95,-1.13%,1,Sell,"88% Buy",+29.53,+29.77%,13.32,13.91,12.75,13.94,49.7,15.47,16.96,976416,Weakening,Strong,70.43%,1.39,13.73,14.15,52%
BUD,"Anheuser-Busch Inbev S.A. ADR","Beverages - Alcohol",79.9,+0.55%,7,Sell,"24% Buy",+29.51,+37.93%,80.43,80.56,78.33,79.06,51.22,23.63,14.45,2089810,Weakening,Weak,59.81%,0.98,77.47,80.65,76%
WSBK,"Winchester Bancorp Inc","Banks - Northeast",12.9,-0.15%,2,Sell,"8% Buy",+29.34,+35.79%,12.93,13.01,12.91,12.98,37.67,21.49,13.12,9408,Weakening,Minimum,6.86%,0.38,12.92,13.04,-12%
TPC,"Tutor Perini Corp","Building - Heavy Construction",85.85,+0.82%,1,Hold,"64% Buy",+29.25,+34.39%,83.21,86.86,81.63,88.19,45.75,20.09,17.78,605448,Average,Average,12.55%,0.63,84.37,92,19%
FXNC,"First Natl Corp Strasburg VA","Banks - Northeast",30.85,-2.22%,2,Buy,"88% Buy",+29.07,+32.69%,29.62,30.78,28.84,30.97,47.99,18.39,11.91,57004,Weakening,Strong,69.25%,0.65,30.36,31.58,40%
ACTG,"Acacia Res-Acacia","Business Services",4.54,-0.44%,2,Sell,"24% Sell",+28.95,+33.53%,4.64,4.55,4.64,4.53,49.08,19.23,11.07,255585,Weakening,Minimum,51.46%,0.76,4.44,4.61,59%
DSP,"Viant Technology Inc","Technology Services",12.37,-1.83%,5,Buy,"72% Buy",+28.81,+34.31%,12.02,12.49,11.55,12.78,45.68,20.01,-7.58,240979,Weakest,Average,29.20%,1.3,11.97,13.59,25%
FLNG,"Flex Lng Ltd","Transportation - Ship",32.22,-0.52%,3,Buy,"100% Buy",+28.77,+30.02%,31.01,31.04,30.43,31.66,58.04,15.72,18.82,467917,Strongest,Good,85.73%,1.17,30.69,32.63,79%
MYFW,"First Western Financial Inc","Banks - Midwest",30.33,-1.37%,4,Sell,"24% Buy",+28.53,+33.58%,30.61,31.66,28.83,30.91,39.78,19.28,2.81,41501,Weakening,Soft,16.73%,0.64,30.38,31.44,-4%
STBA,"S&T Bancorp Inc","Banks - Northeast",49.86,-1.38%,1,Sell,"40% Buy",+28.41,+31.14%,48.2,50.54,46.28,50.02,46.14,16.84,16.39,243011,Weakest,Average,70.99%,1.35,49.32,50.72,39%
ECBK,"ECB Bancorp Inc","Banks - Northeast",20.74,-1.71%,7,Buy,"88% Buy",+28.40,+31.02%,19.66,20.53,18.9,20.81,50,16.72,8.94,11318,Weakening,Strong,48.62%,1.2,20.27,21.35,44%
ISTR,"Investar Holding","Banks - Southeast",30.33,-1.43%,3,Buy,"88% Buy",+28.37,+34.08%,29.44,30.15,28.98,30.41,48.56,19.78,3.19,135643,Weakening,Average,63.38%,0.52,29.72,31.09,44%
SABR,"Sabre Corp","Internet Software Services",2.32,+11.00%,4,Buy,"100% Buy",+28.25,+24.73%,1.91,2.01,1.76,2.15,60.02,10.43,60.27,6749870,Strongest,Strong,62.32%,2.27,2,2.31,105%
CIVB,"Civista Bncshrs","Banks - Midwest",27.16,-1.42%,1,Sell,"40% Buy",+28.17,+31.65%,27.08,28.06,25.82,27.41,41.15,17.35,11.91,112424,Weakest,Average,66.87%,1.01,27.01,27.8,19%
FORR,"Forrester Resrch","Computer - Services",11.62,-1.61%,10,Buy,"88% Buy",+28.06,+10.77%,9.09,11.16,8.03,12.03,48.5,-3.53,32.78,121749,Weakening,Strong,18.98%,0.94,11.46,12.6,14%
MVBF,"Mvb Financial Corp","Banks - Northeast",30.89,-2.31%,9,Buy,"100% Buy",+27.99,+26.96%,28.55,30.13,27.75,30.65,53.37,12.66,9.27,49600,Average,Strong,80.66%,0.96,29.66,31.64,62%
TNGX,"Tango Therapeutics Inc","Medical - Biomedical",23.35,-2.26%,4,Sell,"8% Buy",+27.94,+217.69%,25.85,26.14,23.28,23.72,43.54,203.39,153.22,3262470,Weakening,Minimum,43.02%,1.22,21.79,25.65,40%
NECB,"Northeast Community Bancorp","Banks - Northeast",27.19,-0.11%,6,Buy,"88% Buy",+27.92,+31.48%,25.88,26.68,25.27,26.65,58.56,17.18,9.94,43239,Average,Strong,84.70%,1.33,26,27.29,92%
SMBC,"Southern MO Bancorp","Finance - Savings & Loan",72.52,-1.32%,1,Sell,"24% Buy",+27.90,+32.60%,73.08,75.61,70.07,73.62,36.98,18.3,12.35,82469,Weakening,Weak,35.84%,0.87,72.46,74.77,2%
VG,"Venture Global Inc Cl A","Oil - US Exploration & Product",14.65,-4.19%,10,Buy,"88% Buy",+27.90,+3.90%,13.13,13.92,12.97,14.68,51.53,-10.4,104.49,17729242,Average,Average,50.95%,0.81,13.64,15.72,49%
LYG,"Lloyds Banking Group Plc ADR","Banks - Foreign",5.88,0.00%,1,Sell,"40% Buy",+27.82,+28.95%,5.75,6.04,5.62,5.96,43.96,14.65,0.62,17538555,Weakest,Weak,27.28%,1.27,5.82,6.11,22%
NIC,"Nicolet Bankshares Inc","Banks - Northeast",167.84,-1.89%,1,Sell,"40% Buy",+27.79,+26.72%,159.12,170.92,156.61,170.88,41.73,12.42,28.05,205378,Weakest,Good,55.25%,1.12,167.57,174.19,4%
SRBK,"Sr Bancorp Inc","Banks - Northeast",19.54,-0.36%,3,Hold,"64% Buy",+27.77,+33.20%,19.2,19.61,18.52,19.62,47.15,18.9,13.82,38015,Weakest,Good,52.55%,1.06,19.22,20.03,40%
CATY,"Cathay Genl Bncp","Banks - West",62,-0.72%,1,Sell,"40% Buy",+27.75,+29.38%,60.49,62.63,57.32,62.04,47.23,15.08,17.81,460439,Weakest,Average,67.64%,1.48,61.09,62.99,48%
ST,"Sensata Technologies Holding N.V.","Industrial Controls",41.91,+0.65%,1,Sell,"24% Sell",+27.61,+32.38%,45.87,44.32,42.73,42.11,44.21,18.08,15.57,1840521,Weakening,Minimum,35.47%,0.75,40.75,43.48,43%
TAYD,"Taylor Devices Inc","Machinery - General Industrial",59.91,+0.98%,9,Buy,"8% Buy",+27.58,+27.44%,55.36,56.5,60.86,59.6,55.76,13.14,-7.84,39534,Weakening,Minimum,31.73%,0.38,56.93,62.28,56%
OKE,"Oneok Inc","Oil Gas Prod Pipeline MLP",92.7,-2.13%,3,Buy,"72% Buy",+27.56,+27.72%,90.72,92.75,89.38,95.1,44.41,13.42,15.8,4207739,Weakest,Average,39.49%,0.84,92.22,97.98,8%
AGL,"Agilon Health Inc","Medical Services",89.66,-2.67%,3,Sell,"24% Buy",+27.51,+220.21%,91.12,99.24,65.86,91.73,45.07,205.91,410.43,330849,Weakest,Weak,54.79%,0.54,85.77,97.68,33%
ALL,"Allstate Corp","Insurance - Proprty & Casualty",254.85,-0.92%,3,Sell,"40% Buy",+27.49,+29.83%,239.66,258.13,229.65,257.33,47.16,15.53,12.12,1649286,Weakest,Good,40.43%,0.88,251.2,263.47,30%
HSIC,"Henry Schein Inc","Medical - Dental Suppliers",86.77,-0.86%,5,Sell,"56% Buy",+27.49,+26.88%,82.51,87.81,80.65,89.03,42.17,12.58,4.49,1312032,Weakest,Strong,18.33%,0.87,86.86,91.2,-2%
TKNO,"Alpha Teknova Inc","Medical - Biomedical",7.11,+3.04%,1,Buy,"96% Buy",+27.49,+57.30%,5.37,6.3,4.46,7.11,56.46,43,76.79,191144,Strongest,Maximum,46.82%,0.87,6.69,7.53,50%
AROW,"Arrow Financial Corp","Banks - Northeast",38.24,-1.47%,3,Sell,"8% Buy",+27.30,+33.19%,38.66,39.51,37.19,38.55,43.06,18.89,11.46,87899,Weakening,Weak,52.10%,1.16,37.45,39.64,36%
FTDR,"Frontdoor Inc","Building & Construction - Misc",80.54,+0.52%,1,Buy,"88% Buy",+27.28,+23.21%,73.06,79.26,68.64,81.6,49.03,8.91,29.29,596456,Average,Strong,33.03%,1,79.02,84.18,29%
SIRI,"Siriusxm Holdings Inc","Broadcast - Radio & TV",28.56,-3.25%,3,Sell,"24% Buy",+27.04,+22.63%,28.7,29.57,26.77,28.78,45.97,8.33,32.52,4687147,Weakest,Soft,62.12%,1.28,27.75,29.8,39%
LXFR,"Luxfer Holdings Plc","Machinery - General Industrial",17.21,+0.12%,9,Buy,"100% Buy",+26.96,+24.80%,16.87,17.08,15.58,17.2,51.88,10.5,16.88,217546,Weakening,Average,34.86%,2.39,17.09,17.31,56%
REX,"Rex American Resources Corp","Chemical - Specialty",42.34,-0.05%,2,Sell,"8% Sell",+26.96,+39.00%,45.33,43.85,43.61,42.32,47.81,24.7,20.68,196699,Weakest,Minimum,64.54%,1.01,40.33,44.31,51%
HPK,"Highpeak Energy Inc","Oil - US Exploration & Product",7.87,-8.91%,7,Buy,"88% Buy",+26.92,+5.21%,7.38,7.66,6.91,8.19,47.5,-9.09,55.71,790456,Average,Average,58.48%,0.72,7.74,8.63,14%
BSAC,"Banco Santander Chile ADR","Banks - Foreign",34.15,-1.75%,7,Hold,"48% Buy",+26.67,+30.69%,33.14,34.6,33.29,35.2,40.99,16.39,-0.55,365695,Weakest,Weak,26.17%,0.8,34.18,36.22,-2%
GOOGL,"Alphabet Cl A","Internet - Services",342.87,-0.61%,2,Hold,"16% Buy",+26.67,+36.51%,359.07,346.06,342.34,341.21,49.96,22.21,-0.78,31056008,Weakest,Minimum,80.86%,0.71,331.33,351.09,58%
BFST,"Business First Bancshares Inc","Banks - Northeast",30.97,-1.62%,2,Hold,"48% Buy",+26.62,+29.47%,29.87,31.29,29.13,31.25,44.26,15.17,8.16,194744,Weakest,Good,56.62%,1.39,30.77,31.73,20%
CFR,"Cullen/Frost Bankers","Banks - Southwest",159.44,-1.68%,1,Sell,"40% Buy",+26.27,+26.94%,153.14,163.23,148.49,162.5,40.2,12.64,15.59,547838,Weakest,Average,44.44%,1.07,159.25,165.76,3%
UNIT,"Uniti Group Inc","Wireless National",9.54,-2.45%,3,Sell,"32% Sell",+26.26,+44.76%,10.81,10.19,10.19,9.99,40.26,30.46,25.77,2332975,Average,Weak,19.04%,0.8,9.6,10.38,-7%
SEZL,"Sezzle Inc","Financial Transaction Services",117.32,-1.47%,3,Sell,"8% Buy",+26.25,+32.07%,132.09,142.15,111.04,120.09,40.96,17.77,74.51,739648,Weakest,Weak,35.45%,0.48,114.45,125.74,25%
LILA,"Liberty Latin America Cl A","Wireless National",8.74,-1.58%,8,Buy,"88% Buy",+26.22,+12.48%,7.9,8.23,7.96,8.61,55.99,-1.82,7.95,463815,Average,Good,84.47%,0.64,8.24,8.98,68%
NWBI,"Northwest Bancshares","Finance - Savings & Loan",15.45,-0.96%,1,Sell,"56% Buy",+26.03,+25.51%,14.85,15.47,14.17,15.4,49.68,11.21,18.43,1111296,Weakest,Good,69.90%,1.76,15.17,15.64,60%
BOF,"Branchout Food Inc","Food - Misc & Diversified",3.71,-1.85%,2,Sell,"8% Sell",+26.02,+60.61%,3.9,4.03,3.89,3.9,38.73,46.31,6.35,68535,Average,Minimum,19.07%,0.34,3.73,4.08,-5%
CURV,"Torrid Holdings Inc","Retail - Apparel & Shoes",2.15,-0.92%,7,Hold,"48% Buy",+25.98,+17.49%,1.99,2.3,1.83,2.23,43.97,3.19,109.43,568110,Weakest,Soft,12.16%,0.64,2.04,2.43,29%
UBSI,"United Bkshs Inc","Banks - Southeast",47.32,-1.13%,1,Sell,"40% Buy",+25.95,+28.45%,45.89,47.72,44.61,47.44,47.32,14.15,12.91,915297,Weakest,Average,70.57%,1.52,46.78,48.11,41%
QUIK,"Quicklogic Corp","Electronics - Semiconductors",10.01,-1.86%,1,Sell,"72% Sell",+25.92,+71.11%,15.91,12.51,13.76,10.86,30.39,56.81,56.24,322661,Strongest,Soft,10.02%,1.15,10.01,11.72,0%
LILAK,"Liberty Latin America Cl C","Wireless National",8.72,-1.47%,10,Buy,"88% Buy",+25.85,+10.38%,7.9,8.15,8.01,8.55,57.75,-3.92,6.57,1105418,Average,Average,85.24%,0.97,8.19,8.9,74%
BCAL,"California Bancorp","Banks - Southwest",21.63,-2.08%,7,Buy,"100% Buy",+25.80,+26.12%,20.38,21.35,19.64,21.52,51.83,11.82,5.53,215488,Average,Strong,73.31%,1.65,20.94,22.11,59%
R,"Ryder System","Transportation - Equip & Lease",237.96,-1.33%,1,Sell,"8% Sell",+25.62,+26.31%,255.47,257.25,240.65,245.3,32.64,12.01,14.01,370499,Average,Minimum,15.41%,0.97,238.8,251.81,-6%
NBN,"Northeast Bncp","Finance - Savings & Loan",132.54,-0.79%,3,Hold,"80% Buy",+25.57,+21.99%,128.08,130.8,123.66,130.04,53.51,7.69,17.21,119215,Weakest,Average,80.51%,1.4,125.61,134.47,78%
OFG,"OFG Bancorp","Banks - Northeast",52.49,-0.79%,1,Buy,"100% Buy",+25.53,+21.28%,49.28,52.12,46.59,52.4,50.88,6.98,17.77,313111,Weakening,Strong,68.81%,1.7,51.61,53.19,56%
BUSE,"First Busey Corp","Banks - Midwest",30.24,-0.98%,1,Sell,"40% Buy",+25.36,+24.29%,28.94,30.33,27.86,30.31,46.98,9.99,16.79,667075,Weakest,Good,59.11%,1.3,29.91,30.71,41%
DGICB,"Donegal Group Cl B","Insurance - Proprty & Casualty",22.55,-9.76%,4,Hold,"64% Buy",+25.22,+35.84%,20.47,22.98,19.17,23.96,45.87,21.54,17.15,3644,Weakening,Strong,43.17%,0.19,22.37,25.56,6%
BMA,"Banco Macro S.A. ADR","Banks - Foreign",76.15,+0.17%,3,Sell,"72% Sell",+25.12,+73.66%,83.83,84.04,81.78,77.18,39.03,59.36,-25.86,303909,Strengthening,Soft,22.04%,0.47,73.49,80.87,36%
TBPH,"Theravance Bio Ord","Medical - Drugs",17.03,-0.06%,8,Buy,"32% Buy",+25.07,+22.78%,16.78,16.95,16.61,17.03,54.63,8.48,-19.3,549536,Weakening,Minimum,13.07%,0.9,16.97,17.09,48%
GOOG,"Alphabet Cl C","Internet - Services",339.36,-0.61%,2,Hold,Hold,+24.94,+34.98%,356.66,344.01,340.42,338.05,49.35,20.68,-2.17,20607260,Falling,,79.05%,0.72,328.77,347.33,57%
SLP,"Simulations Plus Inc","Computer - Software",18.43,+0.11%,11,Buy,"100% Buy",+24.86,+19.44%,17.26,18.34,15.67,18.41,63,5.14,-9.22,357487,Average,Average,50.00%,0.57,18.38,18.44,80%
CACC,"Credit Acceptance","Finance - Consumer Loans",601.54,+0.24%,8,Sell,"88% Buy",+24.74,+20.07%,578.4,595.32,544.23,599.09,53.05,5.77,25.33,162181,Average,Good,41.07%,0.93,586.35,611.83,60%
SKWD,"Skyward Specialty Insurance Group Inc","Insurance - Proprty & Casualty",57.28,-0.94%,1,Sell,"56% Buy",+24.69,+22.45%,53.95,59.09,51.09,57.22,47.62,8.15,1.75,474380,Weakest,Average,66.90%,0.74,55.75,58.69,52%
JBL,"Jabil Circuit","Electronic Manufacturing",297.24,+0.40%,1,Sell,"24% Sell",+24.63,+39.33%,339.42,319.98,317.56,307.38,41.11,25.03,20.04,1200048,Average,Weak,18.30%,1.05,292.78,321.99,15%
ITIC,"Investors Title Company","Insurance - Proprty & Casualty",299.43,-0.65%,7,Buy,"100% Buy",+24.52,+20.27%,269.2,290.01,255.81,297.56,54.93,5.97,9.62,34210,Strengthening,Maximum,60.75%,1.25,287.81,307.31,60%
WERN,"Werner Enterprise","Transportation - Truck",35.84,-4.58%,3,Sell,"24% Sell",+24.42,+25.53%,39.87,39.81,37.04,38.25,36.27,11.23,9.11,1106391,Average,Minimum,19.22%,1.23,36.42,40.09,-16%
MCBS,"Metrocity Bankshares Inc","Banks - Southeast",35.1,-1.46%,2,Sell,"40% Buy",+24.27,+22.73%,34.51,35.63,32.78,35.31,45.64,8.43,21.93,81869,Weakest,Average,61.55%,1.11,34.76,35.86,31%
MCY,"Mercury General Corp","Insurance - Proprty & Casualty",101.93,-0.57%,2,Sell,"24% Buy",+24.24,+31.29%,103.41,105.68,99.11,103.42,43.99,16.99,-1.95,263579,Weakest,Weak,38.53%,0.77,100.39,106.46,25%
ET,"Energy Transfer LP","Oil Gas Prod Pipeline MLP",21.11,-1.03%,5,Hold,"80% Buy",+24.18,+20.08%,20.13,20.77,19.72,21.38,47.87,5.78,17.7,12781945,Weakening,Strong,38.80%,0.79,21,21.77,15%
FCAP,"First Capital Inc","Finance - Savings & Loan",61.37,-1.78%,3,Hold,"48% Buy",+24.01,+37.23%,61.28,62.81,57.86,62.54,43.3,22.93,-6.65,10313,Weakest,Soft,35.50%,2.07,60.67,64.41,19%
MIRM,"Mirum Pharmaceuticals Inc","Medical - Biomedical",97.37,+3.70%,2,Sell,"8% Sell",+23.90,+31.96%,104.67,105.55,101.41,98.43,44.69,17.66,12.95,839878,Weakest,Minimum,21.23%,1.57,94.68,102.17,36%
ESEA,"Euroseas Ltd","Transportation - Ship",74.38,-1.26%,2,Buy,"72% Buy",+23.69,+20.32%,71.66,74.65,69.67,75.54,47.25,6.02,25.91,57273,Weakening,Good,33.85%,0.62,73.19,77.89,25%
CBZ,"Cbiz Inc",Consulting,54.6,-0.15%,4,Buy,"88% Buy",+23.55,-1.44%,41.37,50.6,36.94,54.66,68.71,-15.74,-2.09,1099591,Average,Strong,43.59%,1.61,54.36,54.97,40%
HVT,"Haverty Furniture Companies","Retail - Home Furniture",27.29,-0.11%,2,Buy,"88% Buy",+23.44,+18.76%,24.97,26.96,24.26,27.56,48.2,4.46,6.5,107254,Weakening,Strong,43.63%,0.73,26.84,28.29,31%
UTMD,"Utah Medical Prod","Medical Products",74.06,-0.76%,3,Buy,"100% Buy",+23.33,+18.50%,68.66,70.59,67.59,71.35,61.37,4.2,22.02,19094,Strongest,Strong,77.08%,0.57,68.68,74.02,101%
GABC,"German Amer Bncp Inc","Banks - Midwest",49.18,-1.28%,1,Hold,"64% Buy",+23.32,+21.55%,46.97,49.53,45.35,49.65,44.88,7.25,15.2,149501,Weakest,Strong,56.43%,1.05,49.04,50.25,11%
CURB,"Curbline Properties Corp","REIT - Equity Trust Retail",28.69,-1.88%,5,Sell,"8% Sell",+23.22,+29.82%,29.62,30.15,28.72,29.56,33.73,15.52,13.29,1017986,Average,Minimum,23.16%,0.81,28.85,30.26,-11%
WABC,"Westamerica Bancorp","Banks - West",59.67,-0.72%,2,Hold,"80% Buy",+23.13,+24.16%,57.83,59.35,55.85,58.69,56.06,9.86,14.43,176249,Weakening,Good,84.36%,1.88,57.38,60.01,87%
BKD,"Brookdale Senior Living Inc","Medical - Nursing Homes",11.67,-1.52%,2,Sell,"88% Sell",+23.03,+58.56%,13.53,13.34,13.83,11.97,34.09,44.26,-2.16,4419982,Strongest,Average,22.00%,0.66,11.62,12.31,7%
GIC,"Global Industrial Co.","Industrial Services",39.85,+0.28%,4,Buy,"100% Buy",+22.91,+7.91%,34.47,37.46,33.68,39.32,61.26,-6.39,26.06,107284,Strongest,Maximum,65.28%,1.22,38.55,40.1,84%
OIS,"Oil States International","Oil Field Machinery & Equip",8.44,-1.86%,2,Hold,"80% Sell",+22.91,+46.78%,8.69,8.53,9.67,8.64,45.75,32.48,14.35,854761,Strengthening,Weak,35.37%,0.77,8.26,9.02,23%
WSBC,"Wesbanco Inc","Banks - Southeast",39.54,-2.10%,1,Sell,"40% Buy",+22.91,+27.92%,38.16,40.85,37.08,40.47,38.98,13.62,8.63,826440,Weakest,Average,38.99%,1.12,39.5,41.44,2%
ALAB,"Astera Labs Inc","Internet - Software",269.18,+6.59%,1,Sell,"8% Sell",+22.90,+12.73%,311.1,309.65,251.63,284.83,43.77,-1.57,51.49,5253477,Weakest,Minimum,9.06%,0.88,257.13,312.54,22%
BVFL,"Bv Financial Inc MD","Banks - Northeast",20.93,-2.52%,2,Sell,"56% Buy",+22.87,+25.63%,20.7,21.27,20.24,21.36,44.92,11.33,5.06,17385,Weakest,Average,51.52%,1.42,20.83,21.89,9%
GLNG,"Golar Lng Ltd","Oil - International Integrated",50.36,-0.06%,4,Hold,"8% Buy",+22.80,+26.41%,51.63,50.86,50.86,51.75,43.35,12.11,25.02,1508968,Weakening,Weak,18.42%,1.25,50.22,53.29,5%
FMX,"Fomento Economico Mexicano S.A.B. DE C.V. ADR","Beverages - Soft",121.02,-0.48%,6,Sell,"24% Buy",+22.79,+32.52%,123.09,123.31,119.21,120.32,50.63,18.22,9.42,461805,Weakest,Weak,67.61%,0.51,116.97,123.67,60%
IOSP,"Innospec Inc","Chemical - Diversified",92.93,+1.21%,6,Buy,"88% Buy",+22.74,+14.40%,85.23,89.74,81.81,93.65,52.97,0.1,11.09,207932,Strengthening,Strong,17.23%,1.14,91.61,95.7,32%
IDT,"IDT Corp","Diversified Comm Services",69.55,-2.07%,11,Buy,"100% Buy",+22.61,+4.84%,60.26,66.29,56.73,68.84,58.68,-9.46,25.49,174174,Strengthening,Maximum,74.89%,1.08,66.56,71.12,66%
NBTB,"NBT Bancorp Inc","Banks - Northeast",51.6,-1.04%,1,Sell,"40% Buy",+22.56,+22.07%,49.22,52.06,47.31,51.61,48.26,7.77,13.96,285052,Weakest,Good,77.32%,1.47,50.75,52.47,49%
LCNB,"Lcnb Corp","Banks - Northeast",19.21,-1.34%,3,Sell,"40% Buy",+22.48,+20.44%,18.07,19.39,17.59,19.3,48.36,6.14,6.89,30400,Weakest,Good,56.30%,0.89,18.83,19.77,40%
CNOB,"Connectone Bancorp","Banks - Northeast",31.54,-1.10%,1,Sell,"24% Buy",+22.44,+25.71%,31.67,32.47,30.13,31.85,42.76,11.41,9.97,360768,Weakening,Soft,61.55%,1.3,31.18,32.52,27%
CPF,"Central Pacific Financial Company","Banks - West",37.55,-0.08%,1,Sell,"40% Buy",+22.43,+25.17%,36.89,38.38,35.47,37.62,45.65,10.87,10.19,158550,Weakest,Average,56.95%,1.73,37.02,38.22,44%
EIG,"Employers Holdings Inc","Insurance - Accident & Health",50.02,+0.22%,7,Hold,"80% Buy",+22.29,+20.73%,47.3,49.58,45.24,49.19,57.33,6.43,5.55,248585,Strengthening,Good,70.29%,1,47.98,50.39,84%
GL,"Globe Life Inc","Insurance - Accident & Health",172.98,-0.18%,1,Sell,"56% Buy",+22.27,+22.80%,169.29,177.51,160.69,172.66,46.81,8.5,13.36,542114,Weakest,Average,57.85%,0.68,169.1,176.23,54%
HBCP,"Home Bancorp Inc","Banks - Southeast",68.65,-1.42%,1,Sell,"40% Buy",+22.26,+26.24%,67.7,70,65.51,69.32,43.39,11.94,8.45,79851,Weakest,Average,55.34%,0.67,68.27,70.37,18%
INBK,"First Internet Bcp","Banks - Northeast",27.54,-3.44%,4,Hold,"64% Buy",+22.18,+15.42%,26.49,27.99,24.68,28.36,44.47,1.12,21.64,53147,Weakest,Good,38.82%,0.98,27.08,29.65,18%
IBRX,"Immunitybio Inc","Medical - Biomedical",7.91,-2.83%,4,Buy,"72% Buy",+22.16,+181.49%,7.73,7.76,7.86,8.03,49.52,167.19,289.17,20371393,Weakest,Weak,44.64%,1.06,7.61,8.46,35%
FFBC,"First Finl Bncp [Oh]","Banks - Midwest",32.18,-1.50%,1,Sell,"24% Buy",+22.04,+26.54%,32.47,33.62,31.13,32.67,39.53,12.24,18.3,911508,Weakening,Soft,55.24%,1.36,32.13,33.2,4%
EBAY,"Ebay Inc","Internet Commerce",109.17,+1.06%,8,Sell,"40% Buy",+21.88,+22.87%,109.03,108.57,103.37,105.41,56.02,8.57,15.02,4842236,Weakening,Weak,82.37%,1.09,101.47,109.35,98%
FULT,"Fulton Financial Cor","Banks - Northeast",23.46,-1.22%,1,Sell,"40% Buy",+21.82,+24.72%,23.18,24.12,22.42,23.65,43.26,10.42,11.05,1886267,Weakest,Average,53.60%,1.47,23.29,24,24%
CZR,"Caesars Entertainment Inc","Leisure & Recreation Services",29.67,+0.07%,2,Sell,"48% Buy",+21.77,+15.99%,29.25,29.78,27.97,29.67,47.68,1.69,16.53,5541229,Weakest,Average,44.44%,1.46,29.6,29.74,50%
BBT,"Beacon Financial Corporation","Banks - Northeast",31.12,-0.67%,3,Hold,"64% Buy",+21.47,+24.48%,30.31,31.13,30.32,31.39,46.93,10.18,7.69,824204,Weakest,Soft,59.00%,1.48,30.74,32.05,29%
CFG,"Citizens Financial Group","Banks - Northeast",66.84,-4.84%,1,Sell,"24% Buy",+21.47,+30.73%,68.25,71.26,65.98,69.81,33.99,16.43,4.11,4624343,Weakening,Weak,58.79%,1.35,67.94,71.69,-29%
APH,"Amphenol Corp","Electronics - Connectors",77.26,-0.50%,1,Sell,"40% Buy",+21.31,+29.81%,76.68,80.04,74.2,79.85,43.05,15.51,4.02,17452029,Weakest,Weak,8.92%,0.72,75.96,83.74,17%
CB,"Chubb Ltd","Insurance - Proprty & Casualty",341.53,-0.10%,3,Sell,"56% Buy",+21.13,+25.55%,337.07,346.38,334.49,340.94,49.03,11.25,-0.9,1735423,Weakest,Soft,52.72%,0.87,335.3,346.57,55%
AFRI,"Forafric Global Plc","Agriculture Operations",11.05,-0.09%,5,Buy,"100% Buy",+21.07,+27.45%,10.4,10.75,10.17,10.99,53.31,13.15,-10.14,17245,Strengthening,Average,40.52%,0.81,10.62,11.35,59%
RSI,"Rush Street Interactive Inc",Gaming,25.89,-0.69%,7,Sell,"8% Buy",+20.91,+21.66%,28.08,28.1,25.62,26.22,43.39,7.36,22.93,2200697,Weakest,Minimum,37.82%,0.86,25.45,26.99,28%
OCC,"Optical Cable Corp","Fiber Optics",13.75,+11.97%,1,Sell,"8% Buy",+20.82,+63.69%,14.93,14.78,12.67,13.58,47.83,49.39,198.67,355262,Weakest,Weak,33.74%,1,12.51,14.64,58%
ORRF,"Orrstown Finl Svcs","Banks - Northeast",42,-1.36%,1,Hold,"48% Buy",+20.81,+21.07%,40.07,42.18,38.87,42.15,47.36,6.77,8.26,179946,Weakest,Good,57.61%,0.76,41.4,42.9,40%
SVRA,"Savara Inc","Medical - Drugs",5.13,-2.47%,5,Sell,"72% Sell",+20.76,+41.32%,5.44,5.54,5.47,5.42,38.73,27.02,-25.25,1868164,Strongest,Weak,15.61%,0.72,5.16,5.68,-6%
BWB,"Bridgewater Bancshares Inc","Banks - Northeast",20.87,-1.60%,1,Sell,"40% Buy",+20.73,+27.33%,20.32,21.39,19.63,21.35,41.08,13.03,8.73,116058,Weakest,Average,29.03%,0.92,20.86,21.84,1%
MPB,"Mid Penn Bancorp Inc","Banks - Northeast",36.85,-1.05%,1,Sell,"56% Buy",+20.60,+21.94%,35.03,36.88,34.24,36.93,47.89,7.64,8.47,140951,Weakest,Good,68.54%,0.95,36.32,37.55,43%
CMPR,"Cimpress N.V. Ord","Consumer Services - Misc",81.5,-2.28%,1,Sell,"24% Sell",+20.56,+30.09%,93.36,93.76,86.93,86.97,30.36,15.79,12.07,171544,Strengthening,Weak,5.86%,0.76,82.11,91.83,-6%
OVLY,"Oak Valley Bancp CA","Banks - West",34.37,-1.18%,4,Buy,"100% Buy",+20.52,+22.14%,33.7,33.84,33.46,34.3,51.86,7.84,4.02,30094,Average,Average,63.34%,0.65,33.6,35,55%
ARM,"Arm Holdings Plc ADR","Electronics - Semiconductors",243.98,+0.89%,1,Sell,"8% Sell",+20.51,+58.58%,282.98,262.81,235.14,247.24,45.23,44.28,112.88,7351870,Weakest,Minimum,32.73%,0.56,229.25,265.24,41%
CODA,"Coda Octopus Group","Electronics - Semiconductors",10.71,+0.09%,2,Buy,"24% Sell",+20.51,+35.23%,10.64,10.15,11.44,10.17,61.68,20.93,4.84,165620,Weakest,Weak,78.39%,1.07,9.66,10.68,103%
VOC,"Voc Energy Trust","Oil - US Exploration & Product",3.37,-1.75%,5,Buy,"96% Buy",+20.49,+16.61%,3.14,3.24,3.21,3.36,54.65,2.31,14.49,105009,Average,Average,88.41%,0.25,3.25,3.46,57%
ENTG,"Entegris Inc","Electronics - Semiconductors",130.2,+0.43%,1,Sell,"24% Sell",+20.15,+40.59%,143.14,138.71,137.72,137.41,42.96,26.29,44.22,2867618,Weakening,Minimum,17.22%,0.76,126.17,148.65,18%
KMT,"Kennametal Inc","Machinery - Tools & Related",29.7,+1.33%,1,Sell,"100% Sell",+20.11,+43.27%,33.82,31.99,35.28,29.71,44.37,28.97,-5.78,1324040,Average,Average,30.57%,0.88,28.7,30.72,50%
IART,"Integra Lifesciences","Medical Instruments",16.06,+2.36%,3,Sell,"8% Buy",+20.10,+8.29%,16.49,17.49,14.4,16.46,42.14,-6.01,18.99,862692,Weakest,Weak,27.46%,1.94,15.46,17.46,30%
DV,"Doubleverify Holdings Inc","Internet - Software",13.49,-0.07%,8,Buy,"100% Buy",+20.10,+4.33%,11.44,12.49,10.97,13.37,70.08,-9.97,7.6,3093594,Average,Strong,58.62%,1.61,13.24,13.5,97%
CMP,"Compass Minerals Intl Inc","Chemical - Diversified",23.87,-0.25%,1,Sell,"56% Sell",+20.09,+31.15%,28.32,27.12,26.86,24.9,37.02,16.85,11.22,555156,Strengthening,Average,12.31%,0.9,23.69,26.12,7%
FUSB,"First US Bancshares Inc","Banks - Southeast",16.45,-0.21%,5,Hold,"48% Buy",+20.02,+34.56%,16.34,16.54,16,16.5,48.09,20.26,7.43,9660,Weakest,Soft,31.51%,0.17,16.19,16.81,42%
ON,"On Semiconductor","Semi Analog & Mixed",66.6,-9.02%,1,Sell,"72% Sell",+19.92,+34.38%,95.64,80.61,86.16,72.88,36.31,20.08,12.67,10216104,Strongest,Soft,35.31%,2.01,68.53,77.22,-22%
PM,"Philip Morris International",Tobacco,191.71,-1.24%,4,Hold,"96% Buy",+19.92,+17.64%,183.83,189.03,179.33,189.73,53.92,3.34,9.2,5081173,Average,Strong,82.03%,0.64,183.05,196.41,65%
OPLN,"Openlane Inc","Auto - Truck Original Parts",35.06,+0.49%,2,Sell,"24% Buy",+19.88,+23.32%,37,37.16,34.24,34.85,45.93,9.02,7.41,1006179,Weakest,Minimum,54.58%,1.2,33.75,35.94,60%
NWL,"Newell Rubbermaid Inc","Consumer Prdts - Misc Staple",5.69,+0.89%,4,Hold,"64% Buy",+19.82,-2.90%,5.08,5.73,4.75,5.98,44.47,-17.2,42.64,7835825,Weakest,Strong,6.37%,0.68,5.62,6.34,10%
DIBS,"1stdibs.com Inc","Internet Commerce",4.32,-4.11%,3,Hold,"80% Sell",+19.77,+53.74%,4.55,4.57,4.87,4.54,43.4,39.44,-38.2,198534,Strengthening,Soft,26.43%,1.06,4.18,4.9,19%
CWBC,"Community West Bank","Finance - Misc Services",25.95,-0.88%,5,Hold,"48% Buy",+19.73,+23.51%,25.42,26.11,24.76,26.08,47.84,9.21,5.01,235681,Weakest,Average,49.94%,1.05,25.66,26.51,34%
EBMT,"Eagle Bancorp [Mt]","Banks - Midwest",21.94,-3.05%,3,Sell,"8% Sell",+19.52,+27.52%,22.94,23.12,22.48,22.57,36.54,13.22,-0.07,54398,Average,Minimum,32.80%,0.48,22.08,23.07,-14%
MNSB,"Mainstreet Bank","Banks - Northeast",24.99,-1.61%,3,Buy,"88% Buy",+19.46,+17.82%,24.07,24.46,23.53,25.16,50.25,3.52,12.42,46172,Weakening,Strong,58.91%,0.82,24.66,25.65,33%
CHCO,"City Holding Company","Banks - Southeast",143.82,-0.92%,1,Buy,"88% Buy",+19.22,+16.17%,134.38,142.37,130.32,144.12,50.09,1.87,10.33,112608,Average,Strong,62.48%,1.26,142.46,145.77,41%
CBAN,"Colony Bankcorp Inc","Banks - Southeast",21.06,-1.86%,1,Sell,"40% Buy",+19.04,+23.09%,20.74,21.41,20.53,21.34,42.21,8.79,7.86,210058,Weakest,Soft,51.94%,0.62,21,21.68,9%
AMKR,"Amkor Technology","Electronics - Semiconductors",46.28,-0.22%,1,Sell,"88% Sell",+19.02,+71.15%,65.07,55.07,60.26,48.73,40.72,56.85,6.9,4769207,Strongest,Average,17.06%,0.73,44.88,52.59,18%
CCEL,"Cryo-Cell Intl Inc","Medical Services",4.41,+0.68%,5,Buy,"100% Buy",+18.94,-1.34%,3.68,3.83,3.57,4.25,61.04,-15.64,17.88,15272,Strongest,Strong,63.47%,0.55,3.97,4.53,79%
NATL,"NCR Atleos Corporation","Internet - Software",46.08,-0.26%,1,Sell,"40% Buy",+18.93,+16.22%,45.37,46.47,44.86,46.17,48.32,1.92,10.59,762679,Weakest,Weak,58.66%,1.65,45.54,46.81,43%
MRBK,"Meridian Bank","Banks - Northeast",19.4,-2.02%,3,Sell,"40% Buy",+18.91,+25.16%,19.22,19.79,19.33,19.55,43.93,10.86,0.03,105785,Weakest,Weak,37.61%,0.85,19.15,19.95,31%
HYNE,"Hoyne Bancorp Inc","Banks - Northeast",16.44,-0.06%,5,Buy,N/A,+18.82,N/A,16.28,16.49,15.8,16.53,46.76,N/A,3.14,N/A,N/A,N/A,33.42%,0.63,16.39,16.66,18%
VMI,"Valmont Industries","Steel - Pipe & Tube",475.35,+0.36%,1,Sell,"24% Sell",+18.81,+26.99%,512.66,493.87,485.22,477.21,44.88,12.69,7.83,188688,Weakening,Minimum,40.66%,0.71,465.64,488.77,42%
AEG,"Aegon N.V. ADR","Insurance - Multi Line",9.02,-0.44%,1,Sell,"40% Buy",+18.75,+17.30%,8.79,9.17,8.33,9.13,40.62,3,6.67,5152009,Weakest,Average,22.88%,0.81,8.96,9.29,17%
GCO,"Genesco Inc","Retail - Apparel & Shoes",33.39,-2.51%,6,Sell,"8% Sell",+18.71,-0.83%,35.63,35.58,33.34,34.17,43.8,-15.13,24.48,228609,Weakening,Minimum,41.79%,0.66,32.47,35.87,27%
KELYB,"Kelly Services Inc Cl B",Staffing,22.29,+0.45%,5,Hold,"80% Buy",+18.55,+61.05%,18.97,21.75,17.29,23.04,47.35,46.75,145.74,19867,Weakening,Strong,50.95%,2.84,21.76,24.32,21%
HNVR,"Hanover Bancorp Inc","Banks - Northeast",26.46,-2.25%,4,Hold,"80% Buy",+18.48,+18.76%,24.78,26.31,23.74,27.03,45.48,4.46,4.18,32988,Weakening,Strong,41.52%,0.54,26.51,27.56,-5%
AVBH,"Avidbank Holdings Inc","Banks - West",31.35,-1.48%,2,Sell,"24% Buy",+18.43,+20.60%,31.56,32.15,30.66,31.72,40.4,6.3,7.71,92177,Weakening,Weak,38.21%,0.68,31.2,32.24,15%
HGTY,"Hagerty Inc","Insurance - Proprty & Casualty",13.9,-0.86%,7,Buy,"88% Buy",+18.41,+12.01%,11.74,12.72,11.45,13.4,65.01,-2.29,-6.9,189413,Strengthening,Strong,94.37%,0.98,12.79,14,92%
HWC,"Hancock Whitney Corp","Banks - Southeast",74.55,-1.82%,1,Sell,"40% Buy",+18.41,+19.11%,72.85,76.34,70.54,75.04,44.32,4.81,6.75,847307,Weakest,Average,68.26%,1.2,73.7,76.38,32%
PTRN,"Pattern Group Inc Series A","Internet Commerce",19.64,+1.03%,4,Sell,"8% Buy",+18.40,N/A,21,22.92,17.93,20.44,39.16,N/A,59.87,1381241,Weakest,Weak,17.51%,1.24,19.07,21.81,21%
TDAY,"USA Today CO Inc","Media Conglomerates",6.48,-1.52%,2,Sell,"40% Sell",+18.39,+47.95%,7.61,7.45,7.27,6.42,41.93,33.65,15.51,1777496,Average,Soft,70.97%,0.79,6.17,6.67,63%
HBNC,"Horizon Bancorp","Banks - Northeast",19.49,-1.52%,1,Sell,"40% Buy",+18.24,+20.83%,19.41,20.01,18.61,19.63,41.98,6.53,4.6,458003,Weakest,Average,53.43%,1.17,19.33,19.92,27%
BFC,"Bank First National Corp [Wisconsin]","Banks - Northeast",150.54,-2.09%,1,Buy,"72% Buy",+18.20,+21.02%,148.1,152.13,144.9,153.15,43.19,6.72,13.26,86329,Weakest,Good,44.95%,0.73,149.92,156.37,10%
AIRG,"Airgain Inc","Communications Components",5.33,+1.91%,2,Sell,"56% Sell",+18.16,+23.38%,6.18,5.56,5.83,5.28,48.5,9.08,20.96,74600,Weakening,Weak,44.29%,0.5,5.04,5.51,62%
CCBG,"Capital City Bank Gr","Banks - Southeast",50.14,-0.87%,1,Sell,"40% Buy",+17.89,+16.42%,48.95,51.17,47.21,50.94,41.3,2.12,7.46,87887,Weakest,Average,28.12%,1.43,50.02,51.86,6%
M,"Macy's Inc","Retail - Regional Dept Stores",21.81,-1.22%,3,Sell,"8% Buy",+17.87,+25.13%,22.57,23.4,21.43,22.34,43.82,10.83,-11.41,6588089,Weakening,Minimum,66.20%,1.18,21.08,23.6,29%
ACCL,"Acco Group Holdings Limited",Consulting,2.9,-2.68%,4,Buy,"88% Buy",+17.86,N/A,2.04,2.54,1.84,2.85,54.92,N/A,-3.31,429700,Strengthening,Strong,71.06%,0.27,2.62,3.08,61%
HWBK,"Hawthorn Bancshares","Banks - Northeast",38.31,-2.22%,3,Hold,"64% Buy",+17.70,+22.24%,37.86,39.14,36.51,39.28,38.25,7.94,-0.49,10646,Weakest,Good,48.87%,1.22,38.47,40.08,-10%
FCCO,"First Community Corp","Banks - Southeast",33.6,-1.64%,2,Buy,"72% Buy",+17.69,+19.23%,32.3,33.68,31.35,33.81,46.85,4.93,3,69146,Weakest,Strong,58.83%,0.63,33.04,34.58,37%
CBNK,"Capital Bancorp Inc","Banks - Northeast",36.33,-0.47%,1,Sell,"40% Buy",+17.63,+12.34%,34.53,36.56,33.13,36.4,47.66,-1.96,18.65,59702,Weakest,Good,56.52%,0.81,35.95,36.86,42%
FBNC,"First Bancorp [Nc]","Banks - Southeast",62.62,-2.31%,1,Sell,"40% Buy",+17.58,+18.33%,62.09,64.23,60.49,64.12,40.91,4.03,12.97,230089,Weakest,Average,55.14%,1.76,62.7,65.55,-3%
NSYS,"Nortech Systems IN","Electronics - Misc Components",11.51,-0.35%,1,Sell,"40% Sell",+17.53,+19.03%,13.95,13.08,12.98,11.67,41.83,4.73,44.7,17728,Weakening,Weak,21.68%,0.5,11.07,12.26,37%
USB,"U.S. Bancorp","Banks - Major Regional",59.73,-4.00%,1,Sell,"24% Buy",+17.48,+23.43%,59.9,63.1,58.07,62.3,33.38,9.13,1.62,9246111,Weakening,Weak,44.11%,2.42,60.71,63.89,-31%
RNGR,"Ranger Energy Services Inc Cl A","Oil - Field Services",16.46,-2.31%,3,Buy,"56% Buy",+17.40,+14.15%,16.26,16.42,16.52,16.78,46.53,-0.15,7.42,203241,Weakest,Weak,53.23%,0.53,15.85,17.72,33%
MDGL,"Madrigal Pharmaceuticals Inc","Medical - Drugs",529.09,+1.11%,6,Sell,"56% Buy",+17.37,+23.89%,519.87,530.53,505.65,533.33,49.06,9.59,-19.46,330248,Weakening,Weak,49.92%,0.98,511.81,554.86,40%
CVBF,"Cvb Financial Corp","Banks - West",22.72,-0.83%,1,Hold,"80% Buy",+17.33,+16.45%,21.7,22.59,21.04,22.42,54.23,2.15,11.83,1523113,Weakening,Strong,87.81%,2.04,21.95,22.89,82%
UNTY,"Unity Bancorp Inc","Banks - Northeast",59.25,-0.80%,1,Hold,"96% Buy",+17.21,+15.55%,56.86,58.8,55.45,59.02,50.57,1.25,4.24,52728,Weakening,Strong,59.00%,1.03,57.78,60.26,59%
VLGEA,"Village Super Mkt","Retail - Supermarket",44.15,+0.14%,5,Buy,"100% Buy",+17.20,+12.43%,43.18,43.36,42.51,43.53,56.55,-1.87,14.42,51431,Strengthening,Average,81.17%,0.69,42.45,44.61,79%
INFU,"Infusystems Holdings","Medical Products",12.45,+1.55%,4,Buy,"100% Buy",+17.00,+23.27%,10.23,11.08,9.92,12.14,63.94,8.97,28.48,156673,Strongest,Maximum,71.69%,1.36,11.9,12.38,114%
LAMR,"Lamar Advertis A","REIT - Equity Trust Other",147.53,-0.20%,2,Sell,"8% Buy",+16.97,+16.75%,152.43,155.26,145.75,150.39,37.16,2.45,6.23,575385,Weakening,Weak,21.84%,0.83,147.07,153.71,7%
FUNC,"First United Corp","Banks - Northeast",43.5,-3.38%,1,Hold,"48% Buy",+16.91,+20.37%,42.09,44.28,40.34,43.56,47.2,6.07,5.87,18944,Weakest,Average,73.15%,1.13,42.24,44.88,48%
WRLD,"World Acceptance Corp","Finance - Consumer Loans",185.59,+0.52%,3,Sell,"40% Buy",+16.91,+10.28%,179.9,190.01,165.82,188.56,45.67,-4.02,21.88,124637,Weakest,Average,45.15%,0.59,181.69,195.43,28%
IPAR,"Interparfums Inc","Consumer Prdts - Misc Discr",112.64,+2.41%,4,Sell,"40% Buy",+16.88,+7.28%,107.58,118.5,103.34,114.8,44.74,-7.02,22.46,267036,Weakening,Average,28.01%,0.75,109.79,119.8,28%
PFBC,"Preferred Bank LA","Banks - West",106.18,+0.35%,1,Hold,"80% Buy",+16.85,+15.29%,101.29,104.94,97.85,103.68,57.79,0.99,2.12,105772,Average,Strong,90.00%,1.87,101.44,105.92,106%
VZ,"Verizon Communications","Wireless National",49.76,-3.28%,10,Buy,"72% Buy",+16.75,+13.76%,46.96,47.43,47.68,50.13,52.41,-0.54,11.85,26838578,Weakening,Average,72.66%,1.12,49,51.26,34%
PBA,"Pembina Pipeline Cor","Oil - Production & Pipeline",47.1,-0.36%,3,Sell,"24% Buy",+16.74,+19.70%,48.08,48.98,46.78,48.41,38.39,5.4,13.43,1268063,Weakening,Weak,13.14%,1.34,47.23,49.58,-6%
EQBK,"Equity Bncsrs Cm A","Banks - Northeast",49.21,-1.85%,3,Sell,"40% Buy",+16.38,+20.58%,48.39,50.19,47.27,49.87,41.85,6.28,-0.11,109156,Weakest,Soft,36.71%,0.86,48.91,50.83,16%
SGP,"Spyglass Pharma Inc","Medical - Biomedical",28.6,-1.24%,5,Buy,N/A,+16.33,N/A,22.71,24.48,23.74,27.47,63.17,N/A,N/A,N/A,N/A,N/A,72.71%,1.89,25.41,29.53,77%
SGHC,"Super Group [Sghc] Ltd",Gaming,13.31,-0.97%,5,Sell,"24% Buy",+16.28,+1.68%,13.63,13.97,12.64,13.71,42.72,-12.62,1.06,2851767,Weakest,Weak,23.96%,1.35,13.13,14.29,16%
CAAP,"Corporacion America Airports Sa","Transportation - Airline",23.54,-1.55%,2,Sell,"100% Sell",+16.25,+23.18%,25.12,24.67,25.55,24.04,41.76,8.88,-19.78,227523,Strongest,Average,39.81%,0.62,23.01,25.06,26%
CPSS,"Consumer Portfol","Finance - Misc Services",9.49,+0.32%,2,Sell,"40% Buy",+16.18,+11.78%,9.46,9.33,9.01,9.3,53.65,-2.52,-8.61,21626,Average,Soft,88.94%,1.05,8.97,9.63,79%
COSO,"Coastalsouth Bancshares Inc","Banks - Southeast",27.23,-1.45%,3,Buy,"72% Buy",+16.13,+17.32%,26.67,27.3,26.04,27.45,45.59,3.02,6.8,98208,Weakest,Good,45.64%,1.08,27.03,27.86,24%
PI,"Impinj Inc","Electronics - Semiconductors",177.59,+1.83%,4,Buy,"100% Buy",+16.04,-8.35%,148.98,159.45,135.36,169.51,58.24,-22.65,-8.26,551193,Strongest,Good,68.40%,0.89,158.49,180.54,87%
CUBI,"Customers Bancorp","Banks - Southeast",78.14,-0.88%,1,Sell,"40% Buy",+15.90,+17.59%,77.63,79.15,75.36,78.8,45.23,3.29,-3.45,350161,Weakest,Weak,52.63%,1.28,77.08,80.52,31%
PFS,"Provident Financial Services","Finance - Savings & Loan",23.16,-0.73%,1,Sell,"24% Buy",+15.78,+18.04%,23.29,23.93,22.74,23.44,40.32,3.74,6.95,942229,Weakening,Weak,46.39%,1.83,23.04,23.83,15%
JMSB,"John Marshall Bk Fal","Banks - Southeast",23.08,-1.62%,3,Buy,"100% Buy",+15.68,+15.11%,22.13,22.87,21.47,23.04,50.52,0.81,5.14,38220,Average,Strong,53.89%,2.02,22.53,23.56,54%
EG,"Everest Re Group","Insurance - Multi Line",377.77,-0.47%,7,Hold,"96% Buy",+15.58,+14.26%,360.26,374.74,351.12,375.28,53.43,-0.04,1,367995,Average,Strong,65.54%,1.15,364.62,385.93,62%
MGNI,"Magnite Inc","Internet - Software",23.78,+0.30%,3,Buy,"100% Buy",+15.54,+3.08%,18.76,22.15,16.67,23.73,55.07,-11.22,36.2,2489204,Average,Maximum,39.87%,0.5,22.87,24.58,53%
EWBC,"East West Bancorp","Banks - West",126.18,-1.98%,1,Sell,"24% Buy",+15.47,+18.22%,128.39,131.16,122.97,129.14,37.57,3.92,1.95,929878,Weakening,Weak,45.11%,1.11,126.66,131.63,-10%
NGVT,"Ingevity Corp","Chemical - Specialty",68.23,+0.57%,1,Sell,"40% Sell",+15.40,+21.23%,71.89,72.35,71.57,69.13,42.01,6.93,4.97,289289,Average,Weak,31.75%,0.85,67.26,71,26%
IBCP,"Independent Bank Corp","Banks - Northeast",36.47,-2.36%,1,Sell,"40% Buy",+15.26,+17.15%,35.8,37.22,35.3,36.9,42.75,2.85,1.79,170914,Weakest,Average,68.76%,1.15,36.27,37.52,16%
TACT,"Transact Tech Inc","Computers - Peripheral Equpt",5.06,-0.98%,4,Sell,"40% Buy",+15.24,+8.82%,4.77,5.17,4.31,5.08,46.62,-5.48,16.18,48149,Weakest,Average,36.98%,0.91,4.78,5.39,46%
SHO,"Sunstone Hotel Investors","REIT - Equity Trust Other",11,-0.09%,8,Sell,"24% Buy",+15.10,+12.59%,11.09,11.28,10.49,11.11,44.73,-1.71,12.72,2141971,Weakest,Soft,34.50%,1.03,10.81,11.4,32%
PRU,"Prudential Financial Inc","Insurance - Multi Line",117.04,-1.90%,1,Sell,"40% Buy",+15.00,+14.58%,111.97,120.12,107.27,119.88,41.95,0.28,-6.63,2009911,Weakest,Average,33.73%,1.28,116.4,123.36,9%
AMP,"Ameriprise Financial Services","Finance - Investment Mgmt",540.86,-3.30%,1,Hold,"64% Buy",+14.97,+11.26%,504.76,546.15,488.48,555.54,42.45,-3.04,-0.02,633815,Weakening,Strong,53.83%,1.22,543.35,567.74,-10%
UGI,"Ugi Corp","Utility - Gas Distribution",38.18,+0.98%,2,Buy,"88% Buy",+14.95,+15.28%,35.83,36.88,36.24,38.12,57.34,0.98,-8.32,1918723,Strongest,Average,31.37%,1.44,37.55,38.68,56%
CGNX,"Cognex Corp","Electronic Test Equipment",60.1,+1.61%,1,Sell,"8% Sell",+14.80,+35.85%,63.26,62.9,59.68,60.88,45.59,21.55,56.72,2125694,Weakening,Weak,26.24%,0.73,58.2,63.56,35%
INDB,"Independent Bk Corp","Banks - Northeast",82.47,-1.39%,1,Sell,"40% Buy",+14.78,+18.02%,81.95,83.96,80.7,82.7,46.27,3.72,2.54,340946,Weakest,Weak,77.07%,1.33,80.82,84.58,44%
EGP,"Eastgroup Properties","REIT - Equity Trust Other",197.87,-0.36%,2,Sell,"8% Sell",+14.64,+18.57%,204.16,205.52,199.84,199.57,40.92,4.27,0.76,380091,Weakest,Minimum,32.73%,1.1,196.11,203.04,25%
GRVY,"Gravity Ltd ADR","Internet - Content",70.53,-1.06%,9,Buy,"88% Buy",+14.63,+9.43%,65.04,67.43,64.33,72.16,49.52,-4.87,11.55,37089,Weakening,Strong,25.93%,0.5,69.5,74.82,19%
HSTM,"Healthstream Inc","Internet - Services",29.42,-0.78%,6,Buy,"100% Buy",+14.49,+1.45%,26.66,28.64,24.74,29.11,55.34,-12.85,17.2,257165,Average,Strong,65.89%,0.95,28.3,29.92,69%
MTUS,"Metallus Inc","Steel - Specialty",19.28,+0.84%,1,Sell,"8% Buy",+14.48,+14.69%,19.6,20.06,18.82,19.4,46.07,0.39,2.03,377840,Weakest,Weak,42.15%,0.66,18.65,20.15,42%
ONB,"Old National Bncp","Banks - Midwest",25.31,-1.94%,1,Sell,"24% Buy",+14.28,+16.15%,25.34,26.25,24.57,25.71,40.16,1.85,3.13,3427018,Weakening,Soft,59.29%,1.57,25.28,26.13,3%
TCBX,"Third Coast Bancshares Inc","Banks - Southeast",44.3,-2.08%,1,Hold,"80% Buy",+14.28,+11.87%,41.16,43.71,40.64,45.05,46.84,-2.43,6.23,92672,Average,Strong,57.58%,0.71,44.06,46.03,12%
JPM,"JP Morgan Chase & Company","Finance - Investment Brokers",348.92,-1.01%,1,Sell,"56% Buy",+14.25,+12.85%,333.1,352.54,321.73,354.96,43.3,-1.45,-2.03,9303918,Weakest,Good,31.34%,1.14,348.93,360.99,0%
CTRM,"Castor Maritime Inc","Transportation - Ship",2.38,+4.39%,6,Buy,"88% Buy",+14.25,+6.72%,2.13,2.19,2.09,2.39,52.44,-7.58,4.66,59970,Average,Strong,38.52%,1.83,2.22,2.57,46%
NPCE,"Neuropace Inc","Medical Instruments",14.1,-1.05%,3,Sell,"88% Sell",+14.20,+43.88%,15.59,14.79,15.22,14.42,45.21,29.58,-19.,196737,Strengthening,Soft,30.66%,0.66,13.7,15.14,28%
OVBC,"Ohio Valley Banc Corp","Banks - Midwest",44.88,-3.26%,4,Buy,"40% Buy",+14.07,+21.30%,45.29,44.32,44.69,45.8,44.31,7,1.94,24562,Weakest,Weak,53.11%,0.73,44.19,47.41,21%
LEGH,"Legacy Housing Corp","Real Estate Operations",27.62,+1.88%,3,Sell,"72% Buy",+13.97,-0.18%,25.59,27.52,23.98,28.03,48.27,-14.48,31.18,102085,Average,Strong,33.43%,0.65,26.98,29.09,30%
FSTR,"Foster L B Company","Steel - Producers",37.35,+0.27%,3,Sell,"8% Sell",+13.94,+35.33%,39.94,39.68,36.5,37.53,42.25,21.03,28.27,66778,Weakest,Minimum,31.58%,0.49,36.78,38.29,38%
COFS,"Choiceone Financial","Finance - Misc Services",33.36,-1.30%,2,Sell,"40% Buy",+13.90,+12.36%,32.73,33.75,31.43,33.56,45.17,-1.94,2.69,92537,Weakest,Average,63.84%,1.06,32.82,34.31,36%
VTVT,"Vtv Theraptcs Cl A","Medical - Biomedical",30.46,0.00%,7,Sell,"88% Sell",+13.86,+43.85%,33.02,32.49,34.36,32.61,37.39,29.55,-34.15,50667,Strongest,Weak,11.43%,1.18,30.62,34.6,-4%
IRS,"Irsa Inversiones Y Representaciones S.A. ADR","Real Estate Developers",15.4,+0.26%,8,Buy,"24% Buy",+13.86,+28.98%,15.05,15.09,15.19,15.11,55.64,14.68,-17.21,166520,Weakest,Minimum,57.34%,0.73,14.55,15.67,76%
FR,"First Industrial Realty Trust","REIT - Equity Trust Other",61.41,+0.07%,5,Sell,"8% Sell",+13.84,+18.03%,63.09,63.96,62.24,62.05,39.28,3.73,-3.09,1020762,Weakest,Minimum,26.10%,1.23,60.53,63.57,29%
ASB,"Associated Banc-Corp","Banks - Midwest",29.76,-1.85%,1,Sell,"24% Buy",+13.79,+16.07%,29.79,30.91,28.69,30.55,39.19,1.77,5.21,2133283,Weakest,Average,26.79%,1.74,29.78,31.32,-1%
UBCP,"United Bncp Inc","Banks - Midwest",15.35,-0.97%,2,Hold,"8% Sell",+13.62,+7.57%,15.7,15.64,15.55,15.64,44.93,-6.73,-3.35,8283,Weakening,Minimum,24.31%,4.33,15.16,16.12,20%
SGC,"Superior Uniform Group","Textile - Apparel",12.4,-1.35%,1,Sell,"8% Buy",+13.60,+10.32%,12.62,12.78,11.88,12.45,46.78,-3.98,17.78,46131,Weakening,Weak,69.70%,0.74,12.02,12.87,45%
BHRB,"Burke Herbert Financial Services Corp","Finance - Misc Services",70.58,-1.30%,2,Sell,"40% Buy",+13.53,+14.99%,68.56,71.96,67.15,71.55,41.78,0.69,2.95,123298,Weakest,Average,29.29%,1.01,70.42,72.69,7%
TROO,"Troops Inc","Conglomerates - Div Operations",2.09,-9.13%,6,Buy,"56% Sell",+13.38,+65.22%,2.67,2.04,2.71,2.13,48.76,50.92,-45.01,359706,Average,Soft,62.29%,0.54,1.85,2.4,43%
NTNX,"Nutanix Inc","IT Services",68.7,+1.04%,6,Buy,"100% Buy",+13.24,-11.58%,55.03,62.31,49.85,67.26,61.64,-25.88,22.59,3996295,Strongest,Strong,33.61%,1.24,64.78,69.75,79%
BWMX,"Betterware DE Mexico Sapi DE Cv","Consumer Prdts - Misc Discr",16.13,-0.31%,5,Sell,"72% Sell",+13.21,+19.30%,17.03,16.69,17.27,15.83,51.65,5,3.19,86128,Average,Weak,54.77%,2.65,15.24,16.41,76%
CMRE,"Costamare Inc","Transportation - Ship",15.05,-0.59%,5,Buy,"72% Sell",+13.19,+22.06%,15.57,15.14,16.05,15.28,47.62,7.76,-15.01,444163,Average,Weak,37.28%,1,14.81,15.75,26%
MGYR,"Magyar Bancorp Inc","Banks - Northeast",19.26,-0.82%,4,Buy,"88% Buy",+13.05,+11.33%,18.17,18.86,17.99,19.46,49.68,-2.97,1.14,4161,Average,Strong,30.28%,0.66,19.09,19.82,23%
MPLX,"Mplx LP","Oil - Production & Pipeline",57.93,-0.84%,5,Sell,"56% Buy",+12.83,+13.45%,57.24,58.56,57.27,59.08,40.93,-0.85,-1.78,1666958,Weakest,Weak,20.32%,1.26,57.9,60.26,1%
DLX,"Deluxe Corp","Business Office Products",23.65,+0.38%,2,Sell,"100% Sell",+12.79,+20.97%,24.84,24.72,25.81,23.68,46.18,6.67,-4.41,436538,Average,Average,56.95%,0.73,22.99,24.37,48%
FMNB,"Farmers Natl Banc Corp","Banks - Midwest",15.68,-1.75%,1,Buy,"88% Buy",+12.76,+7.99%,14.87,15.51,14.32,15.74,48.95,-6.31,7.4,381317,Weakening,Strong,61.45%,1.1,15.46,16.02,40%
IMKTA,"Ingles Markets Inc","Retail - Supermarket",82.68,-0.08%,2,Sell,"72% Sell",+12.75,+17.73%,87.72,86.58,87.84,82.95,43.86,3.43,10.29,130877,Strengthening,Soft,49.61%,0.78,80.19,85.71,45%
ROK,"Rockwell Automation Inc","Electronics Products - Misc",414.92,-0.50%,1,Sell,"40% Sell",+12.75,+21.23%,448.44,445.71,426.7,427.08,37.47,6.93,-3.68,849099,Strengthening,Weak,20.05%,0.89,414.87,439.29,0%
LSE,"Leishen Energy Holding Co. Ltd","Oil Field Machinery & Equip",5.5,-0.90%,4,Buy,"88% Buy",+12.63,+0.09%,4.73,4.93,4.76,5.39,57.19,-14.21,15.54,12144,Average,Strong,89.09%,1.05,5.04,5.74,65%
NXPL,"Nextplat Corp","Internet Commerce",8.82,-1.89%,8,Buy,"88% Buy",+12.56,+13.12%,7.05,7.57,6.39,9.11,54.39,-1.18,54.85,63212,Average,Maximum,27.08%,1.66,8.53,9.69,25%
HFWA,"Heritage Financial","Finance - Savings & Loan",28.01,-1.75%,1,Sell,"24% Buy",+12.53,+16.56%,28.62,29.42,27.92,28.74,33.62,2.26,8.12,309236,Weakening,Weak,25.38%,1.18,28.09,29.39,-6%
BSM,"Black Stone Minerals LP","E&P MLP",14.77,-2.64%,8,Buy,"72% Buy",+12.52,+15.12%,14.23,14.61,14.43,14.86,49.91,0.82,0.82,402371,Weakening,Soft,65.08%,1.44,14.59,15.13,33%
FITB,"Fifth Third Bancorp","Banks - Major Regional",52.41,-4.13%,1,Sell,"24% Buy",+12.52,+16.47%,53.91,56.19,52.13,54.44,32.8,2.17,1.64,8215914,Weakening,Weak,48.18%,1.36,53.12,55.77,-27%
HTH,"Hilltop Holdings Inc","Banks - Southeast",38.7,-0.74%,1,Sell,"56% Buy",+12.42,+14.50%,38.29,38.82,37.83,38.61,49.33,0.2,3.7,325046,Weakest,Weak,71.92%,2.05,37.99,39.23,57%
ALCO,"Alico Inc","Agriculture Operations",39.4,-0.86%,4,Buy,"40% Sell",+12.40,+16.22%,40.4,39.8,40.59,40.04,45.54,1.92,-2.02,24892,Average,Weak,18.92%,1.39,39.03,41.06,18%
HESM,"Hess Midstream Partners LP","E&P MLP",39.58,-0.68%,3,Buy,"56% Buy",+12.34,+0.53%,39.21,39.95,39,39.84,45.92,-13.77,4.4,1507949,Weakest,Soft,31.39%,1.31,38.86,40.82,37%
ZDGE,"Zedge Inc Cl B","Internet - Content",3,0.00%,8,Buy,"56% Sell",+12.27,-6.54%,3.05,2.98,3.05,2.97,50.78,-20.84,-18.86,365862,Weakening,Weak,44.83%,0.31,2.83,3.11,61%
ZION,"Zions Bancorp","Banks - West",65.47,-3.71%,1,Sell,"24% Buy",+12.25,+15.88%,66.91,69.55,64.15,67.98,35.33,1.58,1.52,1635458,Weakening,Weak,48.13%,1.53,66.14,69.83,-18%
MCB,"Metropolitan Bank Holding Corp","Banks - Northeast",89.74,-0.84%,1,Sell,"8% Sell",+12.14,+15.85%,92.69,93.16,90.41,91.13,41.05,1.55,7.2,145048,Average,Minimum,39.40%,0.99,89.46,92.81,8%
TDC,"Teradata Corp","Computer - Storage Devices",29.17,-0.75%,7,Hold,"64% Sell",+12.00,+35.74%,30.7,29.22,29.81,28.2,54.01,21.44,-14.49,2277078,Average,Weak,78.67%,0.55,26.8,29.59,85%
WTRG,"Essential Utilities Inc","Utility - Water Supply",41.37,-0.27%,10,Hold,"80% Buy",+12.00,+10.91%,38.95,40.23,39.29,41.24,54.51,-3.39,-2.47,2184975,Strengthening,Strong,57.00%,0.85,40.22,42.26,56%
ADUS,"Addus Homecare Corp","Medical - Outpatient & Hm Care",118.51,+2.27%,4,Hold,"96% Buy",+11.95,+9.38%,105.84,116.07,104.16,118.41,54.21,-4.92,0.03,229111,Strongest,Strong,39.99%,0.88,114.43,122.4,51%
SIGI,"Selective Ins Group","Insurance - Proprty & Casualty",88.53,-0.91%,1,Sell,"8% Buy",+11.91,+15.11%,91.55,93.72,87.7,91.16,34.28,0.81,-4.51,529132,Weakening,Minimum,12.98%,1.32,88.66,93.65,-3%
ARDT,"Ardent Health Inc","Medical Services",10.72,+0.28%,6,Hold,"64% Buy",+11.85,-16.71%,10.18,10.77,9.88,10.92,46.57,-31.01,11.08,461847,Weakest,Soft,33.83%,1.25,10.5,11.33,26%
DSGR,"Distribution Solutions Group Inc","Industrial Services",34.85,+0.11%,1,Buy,"100% Buy",+11.84,+12.47%,30.6,33.83,29.37,34.77,71.02,-1.83,16.92,139870,Strengthening,Strong,77.78%,0.83,34.67,34.87,89%
ARTNA,"Artesian Res Corp A","Utility - Water Supply",35.07,-0.43%,9,Hold,"80% Buy",+11.79,+9.32%,33.71,34.95,33.37,35.73,44.32,-4.98,0.63,43326,Weakening,Strong,18.45%,0.63,34.89,36.57,11%
PNC,"PNC Bank","Finance - Investment Brokers",231.49,-3.86%,1,Sell,"24% Buy",+11.78,+15.20%,237.75,248.25,230.31,242.28,31.11,0.9,0.58,2160123,Weakening,Weak,38.87%,1.65,235.85,248.71,-34%
UTL,"Unitil Corp","Utility - Electric Power",52.37,+0.46%,3,Sell,"8% Buy",+11.75,+15.76%,52.64,53.83,52.63,53.42,37.82,1.46,-2.21,126064,Weakening,Weak,21.60%,1.58,52.35,54.49,1%
PLOW,"Douglas Dynamics","Auto - Truck Replacement Parts",39.36,+0.03%,3,Sell,"72% Sell",+11.74,+21.26%,44.73,42.8,44.35,41.15,34.29,6.96,10.23,231199,Strengthening,Average,19.79%,0.52,39.46,42.85,-3%
ERIC,"Ericsson ADR","Wireless Equipment",10.03,-0.10%,2,Hold,"80% Sell",+11.63,+26.01%,11.09,10.12,11.21,10.11,46.54,11.71,-6.38,10134754,Strengthening,Average,30.66%,0.54,9.91,10.3,31%
GDYN,"Grid Dynamics Holdings Inc","IT Services",8.02,-1.35%,5,Buy,"88% Buy",+11.60,+5.39%,6.75,7.16,6.55,7.95,57.72,-8.91,-21.5,1692002,Average,Average,63.36%,0.69,7.7,8.2,63%
FCNCA,"First Citizens Bancs","Banks - Southeast",2099.57,-2.82%,1,Sell,"40% Buy",+11.47,+12.53%,2094.56,2168.74,2041.7,2166.23,39.77,-1.77,-12.49,83787,Weakest,Soft,40.31%,1.05,2117.3,2215.17,-18%
RNW,"Renew Energy Global Plc Cl A","Other Alt Energy",6.85,+0.29%,6,Buy,"100% Buy",+11.47,-10.92%,6.2,6.52,5.84,6.83,64.75,-25.22,10.92,1454328,Strengthening,Good,56.67%,0.56,6.78,6.87,80%
THRM,"Gentherm Inc","Auto - Truck Original Parts",37.97,-0.29%,2,Sell,"40% Buy",+11.43,+6.99%,36.61,39.77,34.32,39.48,40.98,-7.31,-5.92,299484,Weakest,Average,14.23%,0.65,37.49,41.47,12%
NODK,"Ni Holdings Inc","Insurance - Proprty & Casualty",15.19,-0.72%,2,Sell,"48% Buy",+11.42,+10.07%,14.95,15.44,14.33,15.19,48.16,-4.23,3.89,19598,Weakening,Average,52.53%,1.25,14.96,15.42,51%
USPH,"U.S. Physical Therapy","Medical - Outpatient & Hm Care",83.39,+2.01%,3,Buy,"88% Buy",+11.29,+6.31%,71.59,77.46,74.03,78.83,68.38,-7.99,-3.53,203545,Strongest,Average,87.76%,0.84,75.88,81.77,127%
AKO.A,"Embotell Andina Sa Cl A ADR","Beverages - Soft",23.21,-0.81%,2,Buy,"48% Buy",+11.24,+20.26%,23.38,23.21,23.1,23.8,47.21,5.96,-10.71,1334,Weakest,Weak,25.09%,1.22,22.88,24.72,18%
DNOW,"Dnow Inc","Machinery - General Industrial",15.6,-3.11%,1,Buy,"88% Buy",+11.24,+1.30%,14.15,15.06,13.59,15.83,49.22,-13.,7.42,2853040,Average,Strong,38.89%,0.99,15.35,16.32,26%
VNOM,"Viper Energy Inc","Oil - US Exploration & Product",43.19,-6.03%,8,Hold,"32% Sell",+11.08,+13.09%,44.76,43.74,45.1,44.71,43.87,-1.21,1.48,2194286,Weakening,Minimum,50.40%,1.93,43.52,45.89,-14%
STRW,"Strawberry Fields REIT Inc","REIT - Equity Trust Other",13.67,-0.65%,5,Sell,"40% Buy",+11.00,+10.24%,13.5,13.89,13.21,13.75,46.23,-4.06,-5.97,31503,Weakest,Weak,66.67%,0.9,13.47,14.04,35%
GLRE,"Greenlight Cap. Re.","Insurance - Proprty & Casualty",15.12,+0.07%,1,Sell,"72% Sell",+10.91,+20.48%,16.35,15.91,16.29,15.25,42.01,6.18,-6.62,172289,Weakening,Weak,37.99%,1.23,14.89,15.6,32%
IOT,"Samsara Inc Cl A","Internet - Software",40.66,-2.38%,5,Buy,"100% Buy",+10.78,+2.99%,35.13,38.46,33.42,39.85,53.67,-11.31,4.38,6951055,Strengthening,Strong,60.02%,0.87,37.06,42.64,65%
KRG,"Kite Realty Group Trust","REIT - Equity Trust Retail",25.65,-0.50%,3,Sell,"40% Sell",+10.75,+16.01%,27.37,27.29,26.72,26.07,33.13,1.71,-3.31,2110995,Strengthening,Weak,29.48%,0.99,25.66,26.48,-2%
NJR,"Newjersey Resources Corp","Utility - Gas Distribution",53.5,+0.43%,2,Sell,"32% Sell",+10.50,+16.18%,55.98,55.98,55.56,53.75,42.72,1.88,5.68,598141,Weakening,Weak,27.85%,1.31,52.71,54.78,38%
DDS,Dillard's,"Retail - Regional Dept Stores",647.49,+0.65%,9,Buy,"72% Buy",+10.47,+9.23%,584.21,600.72,590.11,634.15,57.11,-5.07,-3.53,134259,Strengthening,Average,68.29%,1.7,605.01,663.29,73%
SYBT,"Stock Yards Bancorp","Banks - Southeast",79.1,-2.44%,1,Sell,"40% Buy",+10.46,+5.73%,77.06,81.33,73.7,79.98,44.36,-8.57,11.47,167874,Weakest,Average,63.29%,2.05,77.51,82.45,32%
TRP,"TC Energy Corp","Other Alt Energy",61.21,+0.20%,1,Sell,"72% Sell",+10.41,+17.49%,66.24,64.96,65.14,62.25,38.59,3.19,0.95,2412320,Average,Average,21.93%,1.14,60.74,63.75,16%
BANR,"Banner Corp","Finance - Savings & Loan",71.08,-1.46%,1,Sell,"88% Buy",+10.30,+9.71%,68.13,70.67,65.97,70.74,51.22,-4.59,3.12,293652,Weakening,Strong,81.60%,1.03,69.17,72.31,61%
NRIM,"Northrim Bancorp Inc","Banks - West",25.56,-1.69%,1,Sell,"8% Buy",+10.21,+15.62%,25.85,26.58,25.19,25.84,40.33,1.32,-14.27,160646,Weakening,Minimum,58.43%,1.32,25.34,26.34,22%
OHI,"Omega Healthcare Investors","REIT - Equity Trust Other",46.91,-0.47%,5,Sell,"8% Buy",+10.15,+11.53%,47.42,48.07,47.09,46.78,47.6,-2.77,-4.52,2037320,Weakest,Minimum,68.33%,0.98,45.98,47.57,58%
BBAR,"Bbva Banco Frances S.A.","Banks - Foreign",14.51,-0.34%,3,Sell,"56% Sell",+10.04,+62.12%,17.15,17,16.53,14.79,36.71,47.82,-30.02,685984,Strengthening,Average,29.82%,0.54,14.09,15.49,30%
CBFV,"Cb Financial Svc","Banks - Northeast",37.21,-0.77%,3,Hold,"80% Buy",+9.99,+11.57%,36.5,37.12,35.95,37.41,48.81,-2.73,-3.58,5695,Weakening,Average,51.25%,0.8,36.94,37.87,29%
SBCF,"Seacoast Banking Corp","Banks - Southeast",33.82,-1.37%,1,Sell,"56% Buy",+9.99,+11.36%,32.67,34.21,32.27,34.23,45.09,-2.94,-2.68,838162,Weakest,Average,65.52%,1.2,33.39,35.08,25%
ACCO,"Acco Brands Corp","Consumer Prdts - Misc Discr",4.25,0.00%,5,Hold,"80% Buy",+9.93,+6.52%,4.05,4.21,3.85,4.27,49.29,-7.78,3.62,865620,Average,Good,38.00%,0.99,4.15,4.38,43%
PDM,"Piedmont Realty Trust Inc","REIT - Equity Trust Other",9.34,-2.10%,6,Sell,"56% Buy",+9.89,+5.06%,9.12,9.6,8.5,9.61,44.74,-9.24,1.67,1070759,Weakest,Average,51.08%,1.37,9.27,9.94,10%
FIBK,"First Interstate Ban","Banks - Midwest",36.92,-1.44%,1,Sell,"24% Buy",+9.88,+15.16%,37.04,37.96,36.2,37.2,44.41,0.86,-3.61,1227827,Weakest,Minimum,59.93%,1.82,36.45,37.96,31%
RMBI,"Richmond Mutual Bancorp Inc","Banks - Northeast",15.8,-0.44%,5,Sell,"72% Buy",+9.76,+8.22%,15.3,15.71,14.82,15.87,49.51,-6.08,2.22,40312,Weakening,Strong,42.27%,3.57,15.63,16.12,35%
NNBR,"NN Inc","Metal Production & Fabrication",3.26,-0.91%,1,Sell,"48% Buy",+9.71,+41.13%,3.17,3.54,2.65,3.54,40.05,26.83,144.37,1661723,Weakest,Average,17.04%,0.7,3.23,3.86,5%
SGU,"Star Gas Partners LP","Electronics Products - Misc",12.78,+0.16%,4,Buy,"72% Buy",+9.70,+11.13%,12.76,12.77,12.73,12.73,51.66,-3.17,-2.38,25172,Average,Weak,56.88%,0.79,12.5,12.95,62%
FRBA,"First Bank","Banks - Southwest",17.81,-0.84%,2,Sell,"40% Buy",+9.64,+8.60%,17.07,18.14,16.79,17.98,43.7,-5.7,-2.12,81236,Weakest,Average,63.36%,0.87,17.66,18.3,23%
JCTC,"Jewett-Cameron Trading Company Ltd","Building Prds Retail - Wsale",2.94,+2.08%,1,Buy,"96% Buy",+9.61,-17.65%,2.46,2.82,2.23,2.94,52.85,-31.95,20.35,25153,Strengthening,Good,49.31%,0.53,2.88,3,48%
FAF,"First American Corp","Insurance - Proprty & Casualty",71.11,-2.36%,5,Sell,"40% Buy",+9.45,+7.92%,70.46,73,68.43,72.92,43.44,-6.38,5.42,903476,Weakest,Average,31.08%,1.07,70.23,75.61,16%
HCI,"HCI Group","Insurance - Proprty & Casualty",188.06,+0.99%,7,Buy,"100% Buy",+9.44,+5.58%,171.7,182.79,167.42,186.11,57.73,-8.72,-12.21,164301,Strongest,Strong,39.27%,1.1,182.44,189.79,76%
WNEB,"Western New England Bancorp Inc","Banks - Foreign",13.79,-1.71%,6,Hold,"32% Buy",+9.35,+13.97%,13.81,13.9,13.62,13.75,49.87,-0.33,-1.05,56277,Weakest,Weak,72.78%,0.93,13.53,13.97,59%
GRCE,"Grace Therapeutics Inc","Medical - Biomedical",2.14,-4.04%,3,Buy,"88% Sell",+9.28,-30.74%,2.27,2.22,2.89,2.17,46.47,-45.04,-48.47,361826,Strengthening,Good,41.46%,0.35,2.07,2.27,36%
HMN,"Horace Mann Educators Corp","Insurance - Multi Line",49.37,+0.45%,1,Sell,"24% Buy",+9.18,+8.08%,49.53,51.49,47.47,50.51,40.81,-6.22,-3.41,251240,Weakest,Soft,23.67%,1.75,48.84,52.19,16%
CLW,"Clearwater Paper Corp","Paper & Related Products",21.12,-0.24%,3,Hold,"96% Buy",+9.14,-3.07%,17.5,19.82,16.56,20.93,55.08,-17.37,11.06,203012,Strengthening,Strong,73.01%,0.6,19.84,22.02,59%
HIMX,"Himax Technologies ADR","Electronics - Semiconductors",13.05,-1.29%,1,Hold,"16% Sell",+9.03,+57.99%,15.49,13.77,13.23,13.72,42.4,43.69,49.02,2592250,Average,Minimum,15.82%,0.7,13.03,14.41,2%
TAL,"Tal Education Group ADR",Schools,11.94,+1.62%,4,Hold,"80% Buy",+8.97,+7.57%,10.76,11.42,10.91,11.79,53.97,-6.73,-0.88,3992488,Strengthening,Good,35.87%,0.77,11.22,12.35,64%
L,"Loews Corp","Insurance - Multi Line",108.79,-0.38%,1,Sell,"24% Sell",+8.91,+13.45%,110.71,112.91,110.12,109.59,39.36,-0.85,-7.02,776940,Average,Minimum,39.71%,1.44,107.67,111.51,29%
ADSE,"Ads-Tec Energy Plc","Electronic Misc Services",11.2,+0.27%,2,Sell,"40% Sell",+8.83,+33.49%,11.7,11.79,11.54,11.48,40.09,19.19,-21.99,14401,Strengthening,Weak,20.14%,0.63,11.1,11.86,13%
UCB,"United Community Banks Inc","Banks - Southeast",34.84,-1.41%,1,Sell,"40% Buy",+8.80,+11.49%,34.58,35.56,33.87,35.21,43.33,-2.81,1.28,868700,Weakest,Average,68.59%,1.38,34.52,35.91,23%
EHC,"Encompass Health Corp","Medical - Outpatient & Hm Care",123.91,+1.57%,4,Buy,"100% Buy",+8.78,+0.08%,110.61,117.75,108.47,121.31,62,-14.22,6.42,1038215,Strongest,Strong,71.08%,0.99,119.32,123.3,115%
OPBK,"Open Bank","Banks - Southwest",15.4,-0.52%,3,Sell,"72% Buy",+8.65,+8.37%,14.84,15.32,14.42,15.26,52.78,-5.93,-1.25,42486,Weakening,Good,81.34%,1.57,14.97,15.54,75%
SFBC,"Sound Financial","Banks - West",48.5,-0.53%,7,Buy,"100% Buy",+8.64,+6.73%,44.54,46.59,44.11,47.65,61.6,-7.57,0.84,9119,Strongest,Maximum,82.96%,0.72,46.61,48.69,91%
TTEK,"Tetra Tech Inc","Engineering & R&D Services",36.47,-0.68%,5,Buy,"88% Buy",+8.62,0.00%,31.61,34.4,32.05,36.34,58.82,-14.3,-1.58,2911493,Average,Strong,65.35%,0.68,35.46,37.22,57%
ABCB,"Ameris Bancorp","Banks - Southeast",83.72,-1.31%,1,Sell,"8% Sell",+8.49,+13.50%,86.92,87.52,84.53,85.19,37.33,-0.8,2.4,494298,Average,Minimum,42.80%,1.66,83.47,86.91,7%
RDNT,"Radnet Inc","Medical - Outpatient & Hm Care",75.78,-1.74%,4,Buy,"88% Buy",+8.48,+1.90%,63.57,70.2,63.19,75.19,56.33,-12.4,-4.11,838377,Strengthening,Strong,67.22%,1.62,72.07,78.31,59%
WYHG,"Wing Yip Food Holdings Group ADR","Food - Meat Products",4.36,+2.59%,2,Buy,"72% Buy",+8.38,-19.85%,4.17,4.59,3.38,4.74,47.46,-34.15,87.86,661156,Weakening,Weak,14.58%,0.04,3.67,5.8,32%
SITM,"Sitime Corp","Electronics Products - Misc",548.9,-0.27%,1,Hold,"16% Sell",+8.36,+90.19%,644.24,598.59,561.15,586,42.59,75.89,45.09,457331,Average,Minimum,15.09%,1.18,536.56,635.44,12%
BOH,"Bank of Hawaii Corp","Banks - West",74.86,-0.76%,2,Sell,"24% Sell",+8.24,+13.84%,79.05,79.4,78.1,76.43,35.03,-0.46,-0.83,392983,Strengthening,Weak,33.08%,1.09,74.72,78.15,4%
ESNT,"Essent Group Ltd","Insurance - Proprty & Casualty",67.82,-0.57%,2,Buy,"88% Buy",+8.23,+8.55%,64.01,67.38,62.7,68.63,47.64,-5.75,-6.,711259,Weakening,Strong,52.11%,1.44,67.53,69.74,13%
ARLP,"Alliance Resource Pt",Coal,25.85,-1.11%,9,Hold,"48% Buy",+8.19,+9.03%,25.32,25.61,25.82,26.36,45.64,-5.27,0.96,357926,Weakening,Weak,16.28%,0.79,25.86,26.86,-1%
NOVT,"Novanta Inc","Electronics - Misc Components",132.8,-3.93%,1,Sell,"40% Sell",+8.05,+16.23%,150.38,148.84,142.99,143.66,33.91,1.93,1.29,446997,Strengthening,Weak,6.07%,1.21,135.98,151.35,-21%
KMI,"Kinder Morgan Inc","Oil - Production & Pipeline",30.73,-0.13%,3,Sell,"56% Sell",+7.98,+12.94%,31.99,31.81,32.29,31.43,41.03,-1.36,1.47,11953839,Strengthening,Weak,12.79%,1.25,30.45,32.42,14%
CINF,"Cincinnati Financial","Insurance - Proprty & Casualty",170.77,-0.52%,2,Sell,"24% Buy",+7.98,+11.42%,171.72,174.9,168.73,170.72,46.4,-2.88,-5.76,711917,Weakest,Weak,52.94%,1.16,167.47,173.98,51%
FNB,"F.N.B. Corp","Banks - Southeast",17.89,-2.03%,1,Sell,"8% Sell",+7.86,+11.60%,18.38,18.77,17.96,18.34,36.42,-2.7,-5.7,5748180,Average,Minimum,45.10%,1.1,17.95,18.74,-7%
GRND,"Grindr Inc","Internet - Software",15.53,+1.17%,3,Sell,"56% Buy",+7.74,-1.27%,14.57,15.87,13.71,15.5,49.17,-15.57,4.38,1512587,Weakening,Average,59.76%,1.19,15.11,15.9,54%
ACDC,"Profrac Holding Corp. Cl A","Oil - Field Services",4.84,-0.21%,3,Buy,"40% Sell",+7.69,+25.06%,5.79,4.81,5.84,4.98,46.34,10.76,14.1,1395347,Average,Soft,27.16%,1.09,4.46,5.51,37%
BOC,"Boston Omaha Corp Cl A","Real Estate Operations",13.79,+1.10%,5,Sell,"48% Buy",+7.61,+3.45%,13.43,14.03,13.05,13.79,48.95,-10.85,1.16,164381,Average,Average,34.29%,1.2,13.49,14.1,50%
RDNW,"Ridenow Group Inc","Auto - Domestic",5.64,+0.18%,2,Sell,"88% Sell",+7.52,+34.29%,6.74,6.08,6.64,5.77,39.77,19.99,-8.15,72892,Average,Average,31.41%,0.79,5.4,6.15,32%
SBH,"Sally Beauty Holdings","Retail - Misc & Diversified",16.01,+2.17%,3,Sell,"56% Buy",+7.52,+6.31%,14.58,15.82,14.61,16.31,48.72,-7.99,1.95,1518677,Average,Average,22.99%,1.1,15.7,16.91,25%
NTWK,"Netsol Tech Inc","Computer - Software",4.26,+0.95%,5,Buy,"56% Buy",+7.49,-17.60%,4.24,4.21,3.98,4.07,60.44,-31.9,30.27,31790,Average,Average,62.48%,2.37,3.93,4.21,119%
EVRG,"Evergy Inc","Utility - Electric Power",80.39,+0.24%,3,Sell,"24% Sell",+7.44,+12.67%,83.33,83.36,82.85,81.47,40.19,-1.63,0.58,2042597,Average,Weak,22.78%,0.96,79.82,83.12,17%
CRD.B,"Crawford Company Cl B","Building & Construction - Misc",11.29,-3.01%,1,Hold,"80% Buy",+7.42,+13.72%,10.7,11.28,10.48,11.89,43.31,-0.58,-5.,12382,Average,Strong,22.21%,0.48,11.39,12.39,-10%
NPKI,"Npk International Inc","Oil - US Exploration & Product",12.91,-0.54%,1,Sell,"88% Sell",+7.42,+18.66%,14.4,13.66,14.38,13.31,39.31,4.36,-2.01,814163,Strongest,Good,24.66%,0.73,12.74,13.87,15%
ACIW,"Aci Worldwide Inc","Computer - Software",51.58,+0.57%,4,Sell,"40% Buy",+7.27,+4.46%,49.64,54.49,46.77,52.38,43.23,-9.84,-2.43,859910,Weakest,Average,32.84%,0.67,50.82,53.95,24%
PAYO,"Payoneer Global Inc","Financial Transaction Services",7.15,+0.28%,8,Hold,"88% Buy",+7.25,+8.83%,6.45,7.12,5.93,7.12,58.43,-5.47,16.9,4808625,Average,Strong,60.00%,0.56,7.08,7.17,80%
WTFC,"Wintrust Financial Corp","Banks - Midwest",148.24,-2.13%,1,Sell,"24% Sell",+7.21,+11.66%,155.13,157.31,151.07,151.87,35.02,-2.64,-4.3,506086,Strengthening,Minimum,46.04%,0.95,148.87,154.86,-11%
STIM,"Neuronetics Inc","Medical Instruments",2.76,-1.43%,1,Buy,"88% Buy",+7.15,-0.36%,1.96,2.48,1.78,2.93,48.86,-14.66,89.68,2093710,Weakening,Strong,28.40%,0.64,2.7,3.15,13%
EFOR,"Everforth Inc","Technology Services",32.43,-4.05%,7,Buy,"24% Buy",+7.14,-36.21%,23.7,27.67,28.87,31.88,56.71,-50.51,-43.,949944,Weakest,Minimum,79.24%,0.68,29.9,33.85,64%
SHLS,"Shoals Technologies Group Cl A",Solar,6.82,-3.40%,1,Sell,"88% Sell",+7.03,-4.08%,9.12,8.42,8.46,7.11,39.49,-18.38,-30.08,5103451,Strongest,Average,34.92%,0.73,6.54,7.69,24%
AFL,"Aflac Inc","Insurance - Accident & Health",116.81,-0.63%,2,Sell,"24% Buy",+6.91,+8.53%,118.63,120.95,116.23,116.47,45.86,-5.77,-4.39,2328793,Weakest,Weak,63.04%,1.21,114.4,118.53,58%
ARCO,"Arcos Dorados Holdings Inc","Retail - Restaurants",7.71,-0.90%,4,Sell,"88% Sell",+6.91,+13.55%,8.34,8.12,8.36,8,36.32,-0.75,-5.28,1230724,Strengthening,Average,21.62%,0.93,7.71,8.3,1%
DTM,"Dt Midstream Inc","Oil - US Integrated",124.99,-0.07%,2,Sell,"72% Sell",+6.88,+19.38%,139.92,135.51,138.5,129.02,34.39,5.08,-5.88,806307,Strongest,Good,14.90%,1.26,124.54,133.5,5%
INVA,"Innoviva Inc","Large Cap Pharma",21.2,+1.73%,3,Sell,"72% Sell",+6.83,+9.62%,21.91,21.24,22.27,21.07,51.96,-4.68,-4.27,777720,Weakening,Soft,50.00%,0.98,20.61,21.54,63%
TMCI,"Treace Medical Concepts Inc","Medical Instruments",4.56,-0.44%,2,Hold,"80% Buy",+6.81,-35.50%,3.84,4.49,3.11,4.6,49.98,-49.8,75.8,714922,Weakening,Average,43.20%,0.47,4.31,4.89,43%
APYX,"Apyx Medical Corp","Medical Products",3.01,+1.69%,2,Sell,"88% Sell",+6.80,+41.31%,3.79,3.55,3.76,3.04,40.38,27.01,-24.32,131950,Average,Average,47.27%,0.75,2.91,3.17,38%
CR,"Crane Company","Machinery - General Industrial",197.25,+0.92%,1,Sell,"8% Buy",+6.63,+7.91%,202.49,212.64,197.26,203.46,38.16,-6.39,-3.37,464236,Weakest,Weak,11.24%,0.98,195,211.92,13%
RNST,"Renasant Corp","Banks - Southeast",40.53,-0.47%,1,Sell,"8% Buy",+6.50,+8.08%,41.7,42.35,40.48,41.02,40,-6.22,4.76,671846,Weakening,Weak,60.97%,1.8,40.06,41.98,25%
TPL,"Texas Pacific Land Trust","Other Alt Energy",348.57,-6.21%,4,Sell,"100% Sell",+6.48,+11.76%,389.92,381.83,420.28,369.66,39.6,-2.54,11.04,444093,Strongest,Average,20.85%,1.36,355.52,383.8,-25%
ASPN,"Aspen Aerogels Inc","Building & Construction - Misc",4.93,+1.44%,1,Hold,Hold,+6.46,-26.42%,5.29,5.18,4.66,4.99,45.66,-40.72,63.88,1538080,Bearish,,25.71%,0.58,4.64,5.34,42%
TOWN,"Towne Bank","Banks - Southeast",37.16,-1.12%,2,Sell,"56% Buy",+6.42,+5.84%,36.07,37.21,35.53,37.32,48.46,-8.46,1.04,536003,Weakening,Good,68.47%,1.31,36.67,37.97,38%
AMX,"America Movil S.A.B. DE C.V. ADR","Wireless Non-US",22.98,-0.95%,2,Sell,"72% Sell",+6.39,+12.59%,25.32,24.34,25.18,23.24,38.74,-1.71,0.86,2113920,Strengthening,Average,39.11%,0.8,22.6,23.87,30%
ACHC,"Acadia Healthcr Company","Medical - Hospitals",28.16,+2.85%,2,Sell,"40% Buy",+6.03,+29.71%,28.12,30.31,26.47,28.31,46.68,15.41,88.13,3054753,Weakest,Soft,21.11%,0.57,26.47,30.16,46%
SBRA,"Sabra REIT","REIT - Equity Trust Other",20.09,-0.89%,6,Sell,"8% Buy",+6.02,+6.47%,20.22,20.71,20.22,20.64,39.2,-7.83,-4.25,2704291,Weakest,Weak,19.00%,0.95,20.16,21.12,-7%
RYAM,"Rayonier Advanced Materials Inc","Paper & Related Products",8.26,+0.12%,3,Hold,"64% Sell",+5.99,+24.96%,8.56,8.41,9,8.48,44.75,10.66,29.92,957357,Average,Weak,16.34%,0.76,8.21,8.75,9%
HIW,"Highwoods Properties","REIT - Equity Trust Other",30.7,-0.20%,4,Sell,"40% Buy",+5.99,-4.66%,29.58,31.8,27.17,31.01,45.29,-18.96,8.58,1463880,Weakest,Average,43.81%,0.99,30.09,31.93,33%
GNL,"Global Net Lease Inc","REIT - Equity Trust Other",8.87,-1.55%,8,Sell,"88% Sell",+5.92,+9.37%,9.14,9.01,9.26,9.1,38.37,-4.93,-7.18,2145261,Strengthening,Soft,9.02%,1.09,8.93,9.26,-19%
AKAM,"Akamai Technologies","Internet - Services",104.48,-0.87%,1,Sell,"72% Sell",+5.84,+36.79%,122.83,114.92,116.82,107.46,40.54,22.49,9.43,4223551,Strengthening,Weak,36.53%,0.73,102.75,112.17,18%
MTX,"Minerals Technologies Inc","Chemical - Specialty",68.92,+1.56%,1,Sell,"72% Sell",+5.81,+9.03%,74.6,72.51,73.22,70.55,38.65,-5.27,2.76,210760,Average,Average,14.05%,0.86,67.81,73.29,20%
BBDO,"Banco Bradesco S.A. ADR","Banks - Foreign",3.15,-0.32%,8,Sell,"40% Sell",+5.71,+10.92%,3.14,3.14,3.24,3.11,52,-3.38,-0.56,73212,Weakening,Weak,76.75%,0.93,2.97,3.26,62%
CTRE,"Caretrust REIT Inc","REIT - Equity Trust Other",37.98,-1.15%,4,Sell,"24% Sell",+5.71,+11.28%,40,40.36,39.72,39.22,35.83,-3.02,-5.29,2446249,Average,Weak,16.37%,1.07,38.05,40.39,-3%
TCBI,"Texas Capital Bncsh","Banks - Southwest",95.33,-2.50%,2,Sell,"56% Sell",+5.56,+13.25%,100.07,99.8,99.31,97.86,36.29,-1.05,-5.03,475674,Strongest,Soft,46.58%,1.55,95.92,99.79,-15%
ED,"Consolidated Edison Company","Utility - Electric Power",105.42,+0.17%,2,Sell,"56% Sell",+5.51,+10.31%,108.46,108.95,109.63,107.18,39.52,-3.99,-4.18,2192799,Strengthening,Weak,5.83%,0.88,105.29,109.07,4%
SSB,"Southstate Bank Corporation","Banks - Southeast",103.86,-1.78%,1,Sell,"56% Buy",+5.49,+3.57%,101.07,105.7,99.54,106.05,40.4,-10.73,0.04,824498,Weakest,Average,40.91%,1.1,104.1,107.99,-6%
CBSH,"Commerce Bancshares","Banks - Midwest",57.28,-2.10%,1,Sell,"40% Buy",+5.30,+2.62%,56.16,58.75,54.28,58.22,38.89,-11.68,-0.88,1200124,Weakest,Average,58.29%,1.29,57.35,59.09,-4%
APEI,"American Public Education",Schools,44.44,-0.73%,5,Sell,"88% Sell",+5.19,+24.50%,51.22,48.39,51.55,45.36,36.51,10.2,7.23,293246,Strengthening,Average,18.11%,0.96,44.14,46.57,12%
LINC,"Lincoln Educational",Schools,25.17,-0.98%,1,Sell,"88% Sell",+5.07,+20.09%,41.04,34.74,39.85,25.21,33.21,5.79,-6.1,558926,Average,Strong,48.60%,0.7,24.1,26.31,48%
EFSC,"Enterprises Finl Svc","Banks - Midwest",62.05,-1.70%,1,Sell,"24% Buy",+4.98,+4.44%,63.32,65.15,61.06,63.61,34.48,-9.86,4.59,233427,Weakening,Weak,39.95%,1.74,62.48,64.74,-19%
NRXP,"Nrx Pharmaceuticals Inc","Medical - Drugs",3.35,-1.47%,2,Sell,Hold,+4.95,+12.42%,3.61,3.61,3.1,3.47,44.66,-1.88,13.3,1029508,Falling,,42.88%,0.76,3.3,3.63,15%
HOG,"Harley-Davidson Inc","Auto - Domestic",26.84,-2.65%,4,Buy,"88% Buy",+4.86,-10.71%,25.66,26.72,23.79,27.61,47.03,-25.01,20.67,2946565,Weakening,Strong,42.17%,0.95,26.71,28.51,7%
WLFC,"Willis Lease Fin C","Transportation - Equip & Lease",55.14,+1.53%,2,Sell,"56% Sell",+4.75,+11.54%,63.96,61.62,63.51,55.08,42.68,-2.76,11.64,253139,Average,Average,30.18%,0.57,53.07,57.1,51%
PB,"Prosperity Bancshares","Banks - Southwest",70.34,-0.87%,1,Sell,"8% Sell",+4.74,+7.87%,71.46,72.95,70.56,72,35.54,-6.43,-8.54,1076537,Weakening,Minimum,19.78%,1.34,70.44,73.56,-3%
AFG,"American Financial Group","Insurance - Proprty & Casualty",142.98,-0.56%,2,Sell,"40% Buy",+4.56,+3.10%,138.52,143.05,135.58,143,50.16,-11.2,-5.71,504814,Weakest,Good,67.00%,1.95,140.75,145.25,50%
HOMB,"Home Bancshares Inc","Banks - Southeast",29.74,-1.56%,1,Sell,"40% Buy",+4.44,+2.66%,28.75,30.29,28.33,29.88,44.94,-11.64,-3.26,1538362,Weakest,Average,72.06%,1.17,29.28,30.47,39%
PNW,"Pinnacle West Capital Corp","Utility - Electric Power",94.99,+0.09%,2,Sell,"72% Sell",+4.35,+10.58%,101.92,101.29,101.57,97.36,28.35,-3.72,-3.23,1196750,Strengthening,Average,7.26%,0.75,94.93,99.79,1%
JOUT,"Johnson Outdoors","Leisure & Recreational Prdcts",44.25,-0.78%,3,Sell,"88% Sell",+4.31,+7.95%,46.26,46.26,46.92,45.57,39.56,-6.35,-6.08,64349,Strengthening,Soft,13.88%,0.62,43.43,47.71,19%
AWK,"American Water Works","Utility - Water Supply",137.76,-0.19%,6,Buy,"72% Buy",+4.13,+1.11%,131.45,135.9,132.56,138.55,50.2,-13.19,-4.76,1986765,Average,Strong,41.74%,0.66,135.66,141.43,36%
MKTW,"Marketwise Inc","Technology Services",17.71,-2.75%,2,Sell,"8% Buy",+4.02,+1.66%,18.33,19.3,17.52,18.13,41.46,-12.64,7.59,19094,Weakening,Weak,34.37%,0.96,17.53,18.73,15%
OPRT,"Oportun Financial Corp","Finance - Misc Services",7.8,-0.76%,4,Buy,"100% Buy",+3.99,+16.59%,6.14,6.85,5.76,7.6,57.69,2.29,37.13,493594,Average,Maximum,77.78%,1.8,7.11,8.1,70%
VALU,"Value Line Inc","Finance - Investment Mgmt",38.63,-1.95%,6,Buy,"88% Buy",+3.97,+0.91%,36.27,37.82,36.22,37.9,53.5,-13.39,-9.8,2744,Average,Good,56.25%,0.78,36.18,39.62,71%
WMK,"Weis Markets","Retail - Supermarket",72.99,+1.30%,6,Sell,"8% Sell",+3.59,+1.63%,74.37,73.97,72.52,71.11,54.33,-12.67,3.57,148883,Weakest,Minimum,78.55%,1.22,69.41,72.82,105%
CPA,"Copa Holdings S.A.","Transportation - Airline",128.21,+1.95%,1,Sell,"40% Sell",+3.41,+10.33%,135.95,136.34,132.22,129.38,43.4,-3.97,-4.02,365522,Weakening,Weak,25.11%,1.35,125.19,133.58,36%
CBU,"Community Financial System Inc","Finance - Misc Services",62.77,+0.10%,1,Sell,"8% Sell",+3.19,+7.93%,64.53,64.99,63.26,62.99,44.05,-6.37,-1.04,255219,Weakest,Minimum,52.35%,1.91,62.16,63.83,37%
BANC,"First Pactrust Bancorp","Banks - Southwest",18.28,-1.72%,1,Sell,"40% Sell",+3.14,+11.40%,19.45,19.51,19.03,18.61,39.99,-2.9,-15.56,2781857,Strengthening,Weak,36.13%,1.39,18.22,19.01,8%
FRME,"First Merchants Corp","Banks - Midwest",41.06,-1.61%,1,Sell,"8% Buy",+3.11,+4.08%,41.75,42.61,40.98,41.57,42.11,-10.22,-0.77,386341,Weakening,Weak,55.31%,1.19,40.74,42.39,19%
SYNA,"Synaptics Inc","Electronics - Semiconductors",89.24,-8.30%,1,Sell,"56% Sell",+3.01,+23.21%,115.44,106.01,102.88,96.14,37.99,8.91,10.24,824898,Strongest,Weak,37.01%,1.16,90.85,101.44,-15%
SBSI,"Southside Bancshares","Banks - Southwest",31.7,-0.38%,2,Sell,"56% Sell",+2.96,+6.09%,33.14,32.86,32.65,32.02,41.58,-8.21,-6.01,118645,Strengthening,Weak,29.72%,1.12,31.43,32.61,23%
KPRX,"Kiora Pharmaceuticals Inc.","Medical - Drugs",2.6,0.00%,5,Hold,"96% Buy",+2.95,-1.89%,2.57,2.57,2.43,2.59,51.37,-16.19,21.66,177423,Weakening,Average,56.10%,1.56,2.47,2.72,52%
NEPH,"Nephros Inc","Medical Products",4.3,+0.23%,4,Buy,"72% Buy",+2.91,-0.23%,3.69,4.01,3.58,4.33,51.54,-14.53,-22.21,34588,Weakening,Average,45.33%,0.45,3.96,4.69,47%
NBIX,"Neurocrine Bioscienc","Medical - Drugs",149.5,-0.35%,5,Sell,"8% Sell",+2.83,+6.10%,159.7,163.45,149.83,154.82,35.26,-8.2,-4.91,1161898,Weakening,Minimum,25.02%,0.84,150.17,159.47,-7%
NBHC,"National Bank Holdings Corp","Banks - Southeast",41.31,-0.86%,1,Sell,"24% Sell",+2.80,+9.66%,42.79,42.88,41.96,41.55,40.82,-4.64,-1.64,435265,Average,Minimum,61.05%,1.21,40.96,42.13,30%
GDRX,"Goodrx Holdings Inc Cl A","Medical Services",3.39,-2.87%,2,Hold,"80% Buy",+2.71,-19.86%,3.02,3.35,2.74,3.48,47.43,-34.16,14.77,2019011,Weakening,Average,52.63%,0.52,3.33,3.63,20%
BILL,"Bill Holdings Inc","Internet - Software",49,-1.92%,4,Hold,"80% Buy",+2.69,-4.61%,41.76,46.82,41.48,48.54,53.38,-18.91,-20.48,2514666,Average,Good,68.79%,0.85,46.48,50.59,61%
HLIT,"Harmonic Inc","Communications Components",11.15,-4.04%,1,Sell,"40% Sell",+2.69,+11.61%,12.97,12.16,11.94,11.94,40.35,-2.69,2.42,1777887,Strengthening,Minimum,11.83%,1.36,11.18,12.7,-2%
GATX,"GATX Corp","Transportation - Equip & Lease",177.63,-0.40%,1,Sell,"88% Sell",+2.61,+5.55%,178.75,178.67,180.05,177.13,49.93,-8.75,-5.59,207882,Strengthening,Weak,54.81%,1.55,174.4,179.86,59%
AUBN,"Auburn Natl Bncp","Banks - Southeast",26.25,-1.13%,4,Buy,"56% Buy",+2.59,+2.94%,25.59,26.44,25.19,26.42,46.9,-11.36,-12.92,2705,Weakest,Average,19.03%,1.53,25.99,26.86,30%
TFC,"Truist Financial Corp","Banks - Major Regional",48.44,-4.00%,1,Sell,"8% Sell",+2.57,+8.71%,50.34,51.43,49.67,50.38,34.81,-5.59,-11.88,8590713,Average,Weak,35.01%,1.71,49.01,51.76,-21%
LRN,"Stride Inc",Schools,82.04,-1.82%,6,Sell,"56% Sell",+2.33,-41.11%,88.06,84.93,88.04,84.26,43.72,-55.41,16.03,975521,Average,Weak,33.24%,1.01,80.78,87.73,18%
ACEL,"Accel Entertainment Inc",Gaming,11.51,-0.35%,1,Sell,"40% Sell",+2.30,+5.40%,12.18,12.05,11.9,11.75,38.32,-8.9,-9.44,355661,Average,Weak,16.43%,1.06,11.39,12.12,17%
FHN,"First Horizon Corp","Banks - Southwest",23.93,-2.21%,1,Sell,"24% Sell",+2.20,+7.45%,24.91,25.22,24.45,24.54,37.2,-6.85,-10.19,5347552,Strengthening,Weak,38.29%,0.89,24.03,25.05,-9%
ANGH,"Anghami Inc","Broadcast - Radio & TV",3.87,+7.80%,4,Buy,"40% Buy",+2.17,+20.56%,3.69,3.45,3.51,3.44,61.28,6.26,-7.67,265544,Average,Weak,57.47%,0.18,3.14,3.73,124%
STAG,"Stag Industrial Inc","REIT - Equity Trust Other",37.08,-0.19%,11,Sell,"56% Sell",+2.17,+3.14%,38.24,38.2,38.19,37.14,44.86,-11.16,-9.45,1426970,Average,Soft,30.89%,0.91,36.42,37.86,46%
TACO,"Berto Acquisition Corp",Unclassified,10.44,-0.24%,6,Hold,"56% Buy",+2.07,+1.66%,10.44,10.47,10.37,10.48,37.76,-12.64,-7.36,81447,Weakest,Average,33.33%,1.36,10.45,10.51,-19%
CCEC,"Capital Clean Energy Carriers Corp","Transportation - Ship",22,-1.12%,2,Sell,"40% Buy",+2.05,+0.87%,21.9,22.58,21.55,22.57,38.98,-13.43,-4.91,9031,Weakest,Average,13.71%,0.47,22.11,23.04,-12%
FSUN,"Firstsun Capital Bancorp","Banks - Midwest",39.11,-2.42%,2,Hold,"64% Buy",+2.02,+5.19%,37.59,38.72,37.46,40.13,42.73,-9.11,-6.4,225012,Weakest,Good,38.39%,1.27,39.33,40.94,-14%
OGE,"Oge Energy Corp","Utility - Electric Power",46.01,+0.66%,2,Sell,"72% Sell",+2.01,+5.43%,47.57,47.36,47.67,46.34,43.11,-8.87,-2.57,1506237,Strongest,Weak,27.12%,1.03,45.32,47.36,34%
GOOD,"Gladstone Comml","REIT - Equity Trust Other",12.67,-0.94%,6,Hold,"48% Buy",+2.00,-1.78%,12.7,12.86,12.49,12.95,41.64,-16.08,8.42,471785,Weakest,Weak,20.15%,1.03,12.67,13.23,0%
AEBI,"Aebi Schmidt Holding Ag","Auto - Domestic",11.98,-0.17%,1,Sell,"64% Sell",+1.95,-4.31%,12.31,12.6,12.38,12.31,43.48,-18.61,-15.62,290360,Average,Weak,21.76%,0.48,11.75,12.87,21%
HIG,"The Hartford Insurance Group","Insurance - Proprty & Casualty",134.94,-0.80%,5,Sell,"24% Sell",+1.93,+4.08%,135.89,139.21,136.57,137.41,41.82,-10.22,-12.4,1588264,Strengthening,Minimum,31.53%,1.39,134.82,140,2%
GTES,"Gates Industrial Corp Plc","Machinery - General Industrial",25.45,-0.20%,1,Sell,"8% Sell",+1.88,+0.75%,26.37,26.65,25.87,25.77,43.97,-13.55,8.22,2171199,Weakening,Minimum,45.55%,1.03,24.84,26.7,33%
PRAA,"Pra Group Inc","Finance - Misc Services",20.07,+4.04%,1,Buy,"100% Buy",+1.82,+20.98%,17.91,18.61,17.53,19.2,60.52,6.68,3.13,505395,Strongest,Good,72.34%,1.59,18.3,20.1,99%
CWST,"Casella Waste Sys","Waste Removal Svcs",90.06,-0.31%,5,Hold,"32% Buy",+1.72,+1.42%,89.66,92.36,89.09,92.44,43.97,-12.88,-18.37,786830,Weakest,Weak,22.35%,0.85,89.21,95.66,13%
NEXT,"Nextdecade Corp","Oil Gas Prod Pipeline MLP",7.06,-1.26%,6,Buy,"8% Sell",+1.53,+1.29%,7.61,7.24,7.27,7.36,43.79,-13.01,23.65,3442684,Weakening,Minimum,19.36%,1.01,6.89,7.82,18%
APC,"Arko Petroleum Corp. Cl A","Oil - Refining and Marketing",18.6,-2.00%,1,Sell,N/A,+1.38,N/A,19.4,19.39,0,18.65,46.35,N/A,N/A,N/A,N/A,N/A,59.44%,0.66,18.1,19.19,46%
SONO,"Sonos Inc","Audio & Video Products",15.6,-0.38%,3,Hold,"64% Buy",+1.35,+0.48%,15.07,15.34,14.79,15.42,52.24,-13.82,-21.48,1709194,Average,Weak,60.14%,1.03,14.44,16.41,59%
WULF,"Terawulf Inc","Finance - Misc Services",15.39,+6.21%,3,Sell,"88% Sell",+1.30,+40.68%,20.86,17.43,19.43,15.89,44.95,26.38,23.62,31066049,Strengthening,Average,22.83%,0.99,14.22,17.55,35%
AXS,"Axis Capital Holdings","Insurance - Proprty & Casualty",99.59,-0.94%,3,Sell,"24% Sell",+1.16,+5.55%,102.95,104.9,102.58,99.41,45.28,-8.75,-17.32,640081,Weakening,Minimum,54.79%,1.19,97.68,101.14,55%
OMF,"Onemain Holdings Inc","Finance - Consumer Loans",60.57,-1.56%,2,Sell,"40% Buy",+1.01,+0.05%,59.43,62.45,57.98,62.85,40.56,-14.25,-20.65,1231701,Weakest,Weak,25.42%,0.84,60.75,64.95,-4%
IBOC,"Intl Bancshares","Banks - Southwest",70.93,-0.78%,1,Sell,"40% Sell",+0.96,+3.02%,73.53,73.58,72.1,71.07,43.02,-11.28,-3.56,344040,Average,Weak,72.75%,1.39,69.94,72.2,44%
TLIH,"Ten-League International Holdings Limited","Business Services",5.9,+1.81%,5,Buy,"100% Buy",+0.95,-3.28%,4.78,5.69,4.17,5.78,61.46,-17.58,49.1,204856,Strongest,Average,91.69%,0.4,5.68,5.87,116%
AVNW,"Aviat Networks Inc","Wireless Equipment",20.18,+1.66%,2,Sell,"40% Sell",+0.93,-14.16%,19.83,20.64,21.2,20.12,49.57,-28.46,-15.93,159337,Weakening,Weak,25.31%,0.91,18.67,21.58,52%
TRS,"Trimas Corp","Metal Production & Fabrication",39.07,+0.98%,5,Sell,Hold,+0.89,-1.01%,40.2,39.65,39.07,38.99,49.38,-15.31,-0.11,476129,Bearish,,32.09%,0.99,37.89,40.09,54%
SFBS,"Servisfirst Bancs","Finance - Savings & Loan",41.28,-2.48%,1,Sell,"24% Buy",+0.78,-0.96%,41.83,43.59,40.88,42.76,35.89,-15.26,4.68,599185,Weakening,Soft,37.71%,1.53,41.33,44.2,-2%
ICFI,"Icf International","Government Services",87.46,-1.52%,4,Hold,"64% Buy",+0.72,-13.04%,77.24,84.91,75.33,88.43,51.12,-27.34,-7.79,256200,Weakening,Good,57.27%,1.32,85.85,91.01,31%
SNFCA,"Security National Financial Corp","Insurance - Life",8.67,-1.59%,1,Sell,"40% Sell",+0.70,+2.06%,9.17,9.2,9.07,8.8,41.36,-12.24,-9.28,35102,Average,Soft,26.21%,1.08,8.61,8.98,15%
DGICA,"Donegal Group Cl A","Insurance - Proprty & Casualty",19,-2.31%,7,Hold,"56% Buy",+0.64,-0.21%,18.25,19,17.98,19.12,47.58,-14.51,-15.22,123558,Weakening,Average,68.49%,1.39,18.58,19.65,39%
SKYH,"Sky Harbour Group Corp","Real Estate Developers",9.94,-0.50%,7,Sell,"24% Buy",+0.62,-0.50%,10.01,10.44,9.87,10.35,37.56,-14.8,0.49,148191,Weakening,Soft,12.80%,0.88,9.94,10.77,1%
MDT,"Medtronic Inc","Medical Products",92.6,-1.23%,4,Buy,"72% Buy",+0.58,-1.69%,83.67,88.29,85.92,92.31,55.44,-15.99,-13.92,8481813,Average,Average,62.95%,1.4,90,94.62,56%
GHC,"Graham Holdings Company",Schools,1134.85,-2.15%,3,Sell,"8% Buy",+0.48,-0.41%,1149.92,1167.29,1126.35,1144.8,45.98,-14.71,-7.02,21601,Weakening,Minimum,69.41%,1.21,1099.93,1189.66,39%
FE,"Firstenergy Corp","Utility - Electric Power",45.38,+0.11%,2,Sell,"88% Sell",+0.43,+5.41%,47.01,47.47,48.11,46.31,34.79,-8.89,-8.96,4649542,Strongest,Average,16.52%,0.76,45.27,47.34,5%
STRA,"Strategic Education",Schools,81.51,-1.94%,6,Buy,"56% Buy",+0.34,+0.10%,80.09,81.73,80.24,82.96,46.95,-14.2,-8.69,270137,Weakest,Average,37.31%,1.4,80.07,85.84,25%
BCML,"Bay Commercial Bk CA","Banks - West",30.03,-1.35%,4,Sell,"40% Sell",+0.32,+0.77%,31.23,31.24,30.64,30.17,43.94,-13.53,-8.18,45615,Average,Weak,50.85%,0.97,29.72,30.63,34%
BOSC,"Bos Better Online","Computer - Networks",4.74,-1.04%,4,Buy,"56% Buy",+0.26,-0.63%,4.48,4.51,4.58,4.66,58.16,-14.93,-6.37,53826,Average,Weak,66.78%,0.68,4.51,4.8,79%
SIFY,"Sify Techs Ltd ADR","Internet - Services",13.33,-2.49%,1,Sell,"72% Sell",+0.22,+9.62%,15.28,14.71,14.94,14.27,33.57,-4.68,-0.97,61749,Strongest,Average,21.60%,0.77,13.47,15.07,-9%
DLNG,"Dynagas Lng Partners LP","Transportation - Services",3.77,-0.53%,4,Buy,"24% Sell",+0.14,-0.26%,3.73,3.72,3.84,3.79,49.93,-14.56,-10.32,75404,Weakening,Weak,57.84%,0.83,3.68,3.9,40%
ELWT,"Elauwit Connection Inc","Wireless National",7.01,-2.91%,2,Sell,"8% Sell",+0.12,N/A,7.33,7.56,7.08,7.24,43.18,N/A,27.94,43229,Weakening,Weak,11.03%,0.99,6.89,7.58,17%
WLKP,"Westlake Chemical Partners LP","Chemical - Specialty",21.28,-0.93%,5,Sell,"72% Sell",+0.12,-1.48%,22.31,21.75,22.24,21.64,37,-15.78,1.68,38449,Strongest,Soft,12.40%,0.7,21.28,22.01,0%
CEVA,"Ceva Inc","Internet - Software",27.81,-0.36%,1,Sell,"40% Sell",+0.11,+14.12%,36.65,32.94,31.24,27.63,43.29,-0.18,18.91,655646,Average,Weak,63.63%,0.59,25.82,29.45,55%
PNFP,"Pinnacle Finl Ptnrs","Banks - Southeast",96.07,-3.29%,1,Sell,"8% Sell",+0.08,+1.50%,99.68,102.13,96.66,100.24,34.44,-12.8,-9.63,1365103,Average,Minimum,41.42%,0.89,97.15,103.34,-17%
DBD,"Diebold Nixdorf Incorporated","Internet - Software",64.91,+1.07%,1,Sell,"88% Sell",+0.07,+8.53%,77.29,74.82,77.88,67.11,34.79,-5.77,-14.71,323958,Strengthening,Strong,9.74%,0.71,64.24,69.97,12%
INMD,"Inmode Ltd","Medical Products",14.58,-1.95%,3,Sell,"40% Buy",+0.05,-2.54%,14.53,15.08,14.31,14.9,36.27,-16.84,-11.07,812031,Weakest,Soft,40.69%,1.77,14.67,15.14,-19%
IIPR,"Innovative Industrial Properties","REIT - Equity Trust Other",55.91,-0.89%,7,Sell,"8% Sell",-0.01,-2.29%,58.59,59.01,56.19,56.63,40.92,-16.59,7.73,355142,Weakening,Minimum,34.02%,0.84,55.68,57.58,12%
DDD,"3D Systems Corp","Printing - Commercial",3.14,0.00%,1,Buy,"72% Buy",-0.14,+34.76%,3.06,3.16,2.74,3.28,43.82,20.46,67.08,3629221,Weakening,Average,12.33%,0.57,3.08,3.48,14%
RIVN,"Rivian Automotive Cl A","Auto - Domestic",15.23,-1.99%,5,Sell,"56% Sell",-0.38,+6.35%,15.96,16.28,15.86,16.05,41.38,-7.95,-33.05,31390039,Strengthening,Weak,21.31%,1.17,15.16,16.94,4%
BSBK,"Bogota Financial Corp","Banks - Northeast",9.01,-0.44%,3,Buy,"72% Buy",-0.57,-2.07%,8.91,9.08,8.75,9.17,45.16,-16.37,-3.69,9122,Weakest,Good,25.24%,0.64,8.97,9.38,11%
TCBS,"Texas Community Bancshares Inc","Banks - Southeast",17.01,-0.82%,5,Sell,"8% Buy",-0.89,+4.04%,17.29,17.53,17.18,17.4,38.28,-10.26,-15.66,2800,Weakening,Weak,29.93%,2.72,17.11,17.69,-18%
CE,"Celanese Corp","Chemical - Specialty",46.87,-0.74%,5,Hold,"48% Sell",-0.90,+3.19%,50.17,45.44,53.04,45.51,55.53,-11.11,0.54,2105202,Weakest,Soft,62.32%,0.96,43.58,47.44,85%
RSG,"Republic Services","Waste Removal Svcs",219.8,-1.45%,6,Buy,"72% Buy",-0.91,-2.45%,213.3,218.42,215.57,222,48.77,-16.75,-6.61,1540292,Weakening,Soft,47.71%,1.22,218.7,225.3,17%
ULTA,"Ulta Beauty Inc","Retail - Misc & Diversified",530.52,-2.54%,7,Buy,"8% Sell",-1.10,+1.01%,504.61,517.19,533.61,539.7,48.35,-13.29,-22.63,712708,Weakest,Minimum,58.29%,1.06,515.11,564.29,31%
OPCH,"Option Care Health Inc","Medical - Outpatient & Hm Care",24.47,+4.04%,5,Buy,"8% Buy",-1.17,-11.21%,22.31,23.13,24.93,23.79,59.41,-25.51,-33.52,2375994,Weakening,Weak,53.40%,1.7,23.17,24.41,105%
AWX,"Avalon Holdings Corp","Pollution Controls",2.58,-0.77%,1,Hold,"16% Buy",-1.22,+3.17%,2.58,2.63,2.58,2.66,43.67,-11.13,-14.41,19168,Weakening,Weak,21.81%,0.13,2.55,2.76,14%
SSP,"E.W. Scripps Company","Broadcast - Radio & TV",3.14,-2.18%,2,Hold,"80% Sell",-1.25,+14.60%,3.34,3.15,3.55,3.24,46.39,0.3,-31.62,690755,Strengthening,Average,31.51%,0.92,3.07,3.41,21%
MOD,"Modine Manufacturing Company","Auto - Truck Original Parts",181.18,+1.29%,1,Sell,"88% Sell",-1.33,+18.16%,236.88,204.48,231.56,186.02,42.77,3.86,25.39,1343628,Strengthening,Good,31.21%,0.61,174.11,197.94,30%
UHT,"Universal Health Realty Income Trust","REIT - Equity Trust Other",40.81,+0.17%,4,Sell,"40% Sell",-1.50,-0.49%,41.62,42.17,41.88,41.21,44.86,-14.79,-6.24,101692,Weakest,Weak,28.28%,1.11,40.34,42.08,27%
NNI,"Nelnet Inc","Finance - Consumer Loans",127.43,-0.02%,4,Sell,"88% Sell",-1.71,+2.51%,131,130.12,131.17,126.82,48.52,-11.79,-14.48,134964,Average,Average,69.34%,1.21,124.85,128.8,65%
AVO,"Mission Produce Inc","Agriculture Operations",12.47,+0.65%,5,Hold,"32% Sell",-1.72,-3.26%,12.53,12.93,12.96,12.9,43.15,-17.56,-2.82,969091,Average,Minimum,14.38%,1.08,12.32,13.47,13%
SAIA,"Saia Inc","Transportation - Truck",343.53,-2.90%,1,Sell,"88% Sell",-1.81,+4.54%,413.25,377.73,401.38,349.95,41.56,-9.76,-5.11,483984,Strongest,Good,60.83%,0.85,334.11,365.78,30%
PPLI,"People Incorporated","Media Conglomerates",37.35,-2.40%,2,Sell,"56% Sell",-1.84,+1.88%,42.2,41.23,41.14,38.49,37.79,-12.42,-14.8,1069027,Strengthening,Average,31.54%,0.62,37.2,39.79,6%
CI,"The Cigna Group","Medical - HMO",280.45,-2.92%,6,Hold,"16% Sell",-1.87,-4.68%,284.3,283.54,281.29,280.62,48.8,-18.98,-8.42,1657632,Weakening,Minimum,75.95%,0.71,272.55,288.69,49%
ISBA,"Isabella Bank Corp","Banks - Northeast",38.11,-3.27%,1,Sell,"100% Sell",-1.90,+16.40%,40.45,39.62,42.73,39.24,40.27,2.1,-34.1,43915,Strongest,Average,41.59%,0.56,38.09,40.39,1%
OCFC,"Oceanfirst Financial Corp","Finance - Savings & Loan",18.25,-1.88%,1,Sell,"24% Sell",-1.91,+3.05%,18.95,19.27,18.79,18.89,35.91,-11.25,-8.65,805989,Average,Weak,12.21%,1.58,18.35,19.43,-9%
AIG,"American International Group","Insurance - Multi Line",76.07,+0.78%,2,Sell,"56% Sell",-1.92,-0.35%,76.76,77.59,76.98,76.09,47.78,-14.65,-21.4,4307671,Weakening,Weak,60.99%,1.28,74.72,77.46,49%
GDOT,"Green Dot Corp","Financial Transaction Services",13.26,+0.53%,3,Sell,"40% Buy",-1.95,-3.84%,13.07,13.32,12.57,13.3,48.86,-18.14,-6.81,546182,Weakest,Soft,53.47%,1.09,13.09,13.52,40%
SBGI,"Sinclair Inc","Media Conglomerates",14.03,-0.57%,3,Hold,"80% Sell",-2.20,+0.65%,14.16,14.08,14.29,14.11,49.49,-13.65,-18.62,459353,Strengthening,Soft,62.31%,0.96,13.49,14.74,43%
PPHC,"Public Policy Holding Company Inc","Conglomerates - Div Operations",11.81,+0.34%,4,Buy,N/A,-2.36,N/A,10.6,10.34,11.38,11.13,59.27,N/A,N/A,N/A,N/A,N/A,73.87%,1.86,10.25,12.02,88%
VATE,"Innovate Corp","Conglomerates - Div Operations",7.5,+6.99%,3,Sell,"72% Sell",-2.60,+60.26%,11.55,8.09,9.79,7.43,47.48,45.96,55.61,152588,Weakening,Weak,44.51%,0.28,6.8,8.06,56%
XRN,"Chiron Real Estate Inc","REIT - Equity Trust Other",35.63,-1.41%,5,Sell,"24% Buy",-2.68,-6.48%,36.22,36.63,35.81,36.79,40.03,-20.78,-4.72,117955,Weakest,Weak,25.70%,1.19,35.82,37.75,-10%
WHF,"Whitehorse Finance","Finance - SBIC & Commercial",7.32,-0.14%,3,Buy,"40% Buy",-2.71,-17.10%,6.88,6.8,6.96,7.09,64.08,-31.4,-5.,109588,Average,Soft,55.78%,2.32,6.89,7.29,107%
PRDO,"Perdoceo Education Corp",Schools,33.27,+1.06%,7,Sell,"8% Sell",-2.87,-5.29%,33.28,32.81,33.78,33.13,53.8,-19.59,3.11,645784,Weakest,Minimum,35.69%,1.17,32.54,33.71,62%
CLMB,"Climb Global Solutions Inc","Technology Services",28.24,-0.53%,5,Buy,"88% Buy",-2.87,-14.97%,24.4,27.23,23.8,28.02,53.59,-29.27,-0.43,222099,Average,Good,62.52%,0.55,26.85,29.19,59%
MCHP,"Microchip Technology","Semi Analog & Mixed",69.59,-2.66%,1,Sell,"88% Sell",-2.89,+7.98%,85.67,77.69,80.81,73.44,37.88,-6.32,-1.11,10021592,Strongest,Average,17.68%,0.77,69.88,76.99,-4%
TRT,"Trio-Tech International","Electronics - Measuring Inst",10.09,-1.56%,1,Sell,"8% Sell",-3.17,+273.70%,11.57,10.46,9.73,10.39,45.56,259.4,42.1,570020,Weakening,Minimum,27.81%,0.45,9.58,11.2,32%
CGNT,"Cognyte Software Ltd","Internet - Software",8.47,-0.12%,1,Sell,"88% Sell",-3.26,+1.56%,9.15,8.75,8.84,8.48,47.64,-12.74,-20.21,546435,Strengthening,Soft,43.53%,1.14,7.98,8.99,49%
CIFR,"Cipher Digital Inc","Technology Services",16.72,+10.80%,2,Sell,"56% Sell",-3.32,+45.26%,20.53,18.55,18.87,16.23,48.91,30.96,2.96,28941389,Weakening,Soft,30.79%,1.9,14.26,18.19,63%
CPHC,"Canterbury Park Hl",Gaming,15.61,-1.70%,2,Buy,"16% Buy",-3.35,-7.01%,15.77,15.73,15.71,15.8,44.8,-21.31,-8.96,1751,Weakest,Minimum,54.56%,1.54,15.53,16.07,14%
NATH,"Nathan's Famous IN","Retail - Restaurants",98.67,+0.97%,7,Hold,"48% Sell",-3.44,-8.49%,99.74,98.3,100.1,97.99,55.07,-22.79,-4.87,34959,Weakening,Weak,67.82%,0.71,97.18,98.8,92%
TUSK,"Mammoth Energy Services Inc","Oil - Field Services",3.02,-0.66%,1,Buy,"56% Buy",-3.46,+27.97%,3.04,3,2.81,3.12,45.39,13.67,52.92,293949,Weakest,Soft,14.30%,0.56,3.01,3.23,6%
DFIN,"Donnelly Financial Solutions Inc","Internet Software Services",48.91,+2.19%,4,Hold,"80% Buy",-3.49,-8.46%,44.98,48.27,46.08,48.45,53.05,-22.76,-5.57,276204,Strongest,Soft,32.66%,1.18,46.88,50.03,64%
UHS,"Universal Health Services","Medical - Hospitals",181.21,+2.47%,6,Buy,"24% Buy",-3.56,-2.71%,161.28,166.43,173.01,173.58,64.58,-17.01,-27.2,842724,Average,Weak,73.80%,1.1,166.82,180.33,106%
TLF,"Tandy Leather Fctry","Retail - Apparel & Shoes",2.65,+1.15%,4,Buy,"72% Buy",-3.71,-12.69%,2.42,2.5,2.44,2.61,61.21,-26.99,-13.6,35530,Strengthening,Soft,66.70%,0.8,2.56,2.66,87%
NTIC,"Northern Technologies Intl Corp","Chemical - Diversified",7.72,-3.02%,7,Sell,"100% Sell",-3.71,+1.31%,8.1,8.08,8.22,7.99,40.98,-12.99,-11.72,13661,"Top 1%",Soft,55.85%,0.64,7.72,8.26,-1%
SBR,"Sabine Royalty Trust","Oil - US Royalty Trusts",72.8,-2.96%,8,Hold,"32% Sell",-3.76,-4.94%,74.45,73.47,74.15,74.25,43.35,-19.24,-4.15,38125,Weakest,Weak,28.39%,1.43,72.22,76.27,14%
RDN,"Radian Group Inc","Insurance - Multi Line",35.27,-0.25%,2,Sell,"24% Sell",-4.08,+2.23%,36.64,37.32,35.71,36.26,36.76,-12.07,-12.32,1229640,Strengthening,Minimum,31.15%,1.42,35.31,37.21,-2%
ORN,"Orion Group Holdings Inc","Building - Heavy Construction",9.12,+0.66%,1,Sell,"88% Sell",-4.15,+13.86%,12.59,10.61,12.39,9.24,40.28,-0.44,-18.57,401947,Strengthening,Strong,19.22%,0.96,8.87,9.61,34%
DTI,"Drilling Tools International Corp","Oil - Field Services",2.49,-0.40%,3,Buy,"56% Sell",-4.24,+4.18%,2.58,2.42,2.93,2.56,47.53,-10.12,-8.69,289592,Average,Soft,39.60%,1.12,2.44,2.68,20%
PG,"Procter & Gamble","Consumer Prdts - Misc Staple",147.02,+0.24%,5,Sell,"56% Sell",-4.41,-6.98%,146.28,146.15,147.83,145.23,54.97,-21.28,-7.73,9897437,Weakest,Weak,73.04%,0.79,142.27,148.18,80%
BANX,"Arrowmark Financial Corp","Finance - Investment Mgmt",20.87,-0.24%,2,Buy,"88% Buy",-4.47,-5.95%,20.05,20.47,19.85,20.82,54.13,-20.25,-14.67,43651,Average,Average,57.08%,1.01,20.44,21.2,57%
UG,"United Guardian Inc","Medical Products",7.13,-0.14%,3,Sell,"8% Buy",-4.73,-12.84%,7.16,7.27,6.96,7.15,47.39,-27.14,5.43,8029,Weakening,Minimum,26.14%,0.44,7.04,7.25,43%
FDUS,"Fidus Investment Cor","Finance - SBIC & Commercial",19.25,+0.68%,5,Sell,"24% Buy",-4.97,-8.55%,19.29,19.81,18.89,19.62,39.54,-22.85,-10.58,320135,Weakest,Weak,18.15%,1.02,19.27,19.96,-3%
NMAX,"Newsmax Inc Cl B","Broadcast - Radio & TV",10.44,-3.06%,3,Buy,"88% Buy",-5.09,-18.50%,8.5,9.44,7.79,10.79,50.9,-32.8,24.74,1289790,Weakening,Good,34.90%,1.16,10.26,11.31,17%
VERA,"Vera Therapeutics Inc Cl A","Medical - Biomedical",31.77,-5.64%,6,Sell,"100% Sell",-5.12,+28.31%,35.49,34.72,37.32,34.12,41.39,14.01,-47.58,1597207,Strongest,Average,19.91%,1.71,31.34,36.9,8%
ACFN,"Acorn Energy Inc","Electronics Products - Misc",20.78,+2.36%,5,Buy,"100% Buy",-5.14,-27.73%,18.25,19.36,18.42,19.92,56.4,-42.03,27.3,31459,Strongest,Average,67.40%,1.63,18.17,21.67,75%
MHH,"Mastech Holdings Inc","IT Services",7.25,-2.68%,1,Sell,"24% Buy",-5.56,-6.45%,7.31,7.61,6.97,7.41,42.15,-20.75,-6.45,18441,Weakest,Weak,26.28%,0.77,7.24,7.59,2%
WEAV,"Weave Communications Inc","Internet - Software",7.32,-0.14%,6,Buy,"100% Buy",-5.57,-4.44%,6.24,6.81,5.85,7.31,62.53,-18.74,-13.88,1930486,Strengthening,Strong,47.62%,0.79,7.28,7.33,74%
GBTG,"Global Business Travel Group Inc","Internet - Software",9.47,0.00%,7,Buy,"96% Buy",-5.63,+16.05%,9.2,9.44,7.99,9.47,55.68,1.75,13.47,2408469,Average,Good,22.22%,0.66,9.45,9.49,52%
BWEN,"Broadwind Energy Inc","Machinery - General Industrial",3.98,+0.76%,1,Sell,"24% Buy",-5.68,+80.91%,4.13,4.51,3.51,4.23,39.69,66.61,30.32,499608,Weakest,Soft,16.33%,0.49,3.78,4.67,22%
BCO,"Brink's Company","Financial Transaction Services",108.42,-0.40%,1,Sell,"24% Sell",-5.71,-5.71%,107.76,112.69,109.6,109.63,46.36,-20.01,-17.44,439515,Weakening,Minimum,49.09%,0.76,105.71,113.55,35%
RGR,"Sturm Ruger & Company","Leisure & Recreational Prdcts",37.08,-0.40%,7,Sell,"72% Sell",-5.90,-5.70%,38.8,38.03,39.07,37.92,42.51,-20.,3.25,182923,Strengthening,Weak,13.64%,0.92,36.94,38.9,7%
SAH,"Sonic Automotive","Retail - Wsale Auto & Trucks",72.69,-2.79%,2,Sell,"24% Sell",-6.02,-8.35%,83.22,86.1,76.88,77.33,33.78,-22.65,7.19,265966,Average,Minimum,15.09%,1,73.55,81.12,-11%
PGR,"Progressive Corp","Insurance - Proprty & Casualty",216.99,-1.95%,5,Buy,"88% Buy",-6.06,-11.42%,210.35,216.25,208.17,219.4,49.29,-25.72,-15.03,3046613,Average,Average,55.72%,0.67,214.21,224.59,27%
LKFN,"Lakeland Finl Corp","Banks - Midwest",59.94,-1.33%,1,Sell,"8% Sell",-6.11,-6.31%,60.85,61.17,60.11,60,44.66,-20.61,-5.27,181396,Average,Minimum,61.40%,1.76,58.91,61.09,47%
SLM,"SLM Corp","Finance - Consumer Loans",25.28,-3.33%,1,Sell,"56% Buy",-6.23,-9.84%,24.51,26.15,23.43,26.27,41.27,-24.14,-16.9,3127935,Weakest,Weak,36.91%,1.06,25.42,27.11,-8%
SVCO,"Silvaco Group Inc","Electronics - Semiconductors",6.49,+2.69%,1,Sell,"72% Sell",-6.26,+15.89%,9.47,7.7,8.2,6.67,42.09,1.59,49.93,421188,Average,Soft,18.13%,0.65,6.21,7.13,31%
NOA,"North American Construction Group Ltd","Oil Field Machinery & Equip",12.85,-2.06%,1,Sell,"100% Sell",-6.61,-7.29%,13.86,13.67,14.19,13.39,39.11,-21.59,-20.9,123659,Strongest,Strong,26.17%,0.92,12.87,13.9,-2%
ALGM,"Allegro Microsystems Inc","Electronics - Semiconductors",33.02,-0.72%,1,Sell,"72% Sell",-6.63,+9.59%,46.26,42,42.69,35.97,31.73,-4.71,14.85,2453421,Strengthening,Average,6.80%,0.77,33.25,38.69,-4%
RGCO,"Rgc Resources Inc","Oil - Refining and Marketing",21.41,-0.23%,5,Sell,"88% Sell",-6.69,-3.65%,22.81,22.34,22.53,21.69,43.91,-17.95,-9.8,12593,Average,Average,27.12%,1.01,21.17,22.22,23%
OZK,"Bank Ozk","Banks - Northeast",47.99,-2.38%,1,Sell,"24% Sell",-6.84,-6.27%,49.8,50.45,48.79,49.22,36.1,-20.57,-6.04,1187691,Strengthening,Minimum,34.16%,1.29,48.19,50.26,-9%
BXSL,"Blackstone Secured Lending Fund","Finance - SBIC & Commercial",24.88,+0.36%,7,Buy,"72% Buy",-6.87,-9.66%,23.97,24.1,24,24.69,58.38,-23.96,-15.83,2088052,Strongest,Soft,55.13%,0.81,24.31,25.07,74%
AMT,"American Tower Corp","REIT - Equity Trust Other",176.39,-0.74%,8,Buy,"24% Sell",-6.96,-9.42%,176.04,172.43,177.78,176.02,52.64,-23.72,-9.85,3074318,Weakest,Minimum,59.59%,0.93,172.93,179.11,56%
TRC,"Tejon Ranch Company","Real Estate Operations",15.99,+0.63%,2,Sell,"88% Sell",-7.00,-2.80%,18.07,16.88,18.21,16.2,39.46,-17.1,-8.92,111025,Average,Strong,13.65%,0.83,15.8,16.61,24%
APT,"Alpha Pro Tech","Protection - Safety",5.2,-1.70%,1,Buy,"40% Buy",-7.03,+8.56%,5.32,5.19,5.16,5.29,46.67,-5.74,6.8,54739,Weakest,Weak,21.94%,0.42,5.11,5.47,24%
GRNT,"Granite Ridge Resources Inc","Oil - US Exploration & Product",4.95,-6.95%,2,Hold,"32% Sell",-7.30,-10.97%,5.01,4.91,5.12,5.09,45.13,-25.27,-5.,924425,Weakening,Weak,57.07%,1.33,4.94,5.25,2%
LWAY,"Lifeway Foods Inc","Food - Dairy Products",24.42,-0.20%,5,Sell,"24% Sell",-7.46,-27.10%,27.14,28.18,25.38,25.49,33.47,-41.4,-9.54,110986,Average,Minimum,10.56%,0.72,24.09,26.9,12%
HY,"Hyster-Yale Inc","Machinery - Construct & Mining",33.54,+0.42%,4,Hold,"64% Sell",-7.71,-6.60%,35.03,33.98,35.14,34.08,46.26,-20.9,2.57,105138,Weakening,Weak,29.33%,0.95,32.43,35.73,34%
IIIN,"Insteel Industries","Steel - Specialty",30.25,+0.83%,2,Sell,"40% Sell",-7.83,-21.41%,29.39,31.06,30.85,30.5,45.04,-35.71,-14.8,221541,Weakest,Weak,24.02%,0.66,29.72,31.28,34%
ULH,"Universal Logis Holdings","Transportation - Services",18.84,-0.05%,3,Buy,"56% Buy",-7.91,-24.40%,16.77,17.41,17.45,18.86,53.46,-38.7,13.71,58015,Weakening,Weak,37.65%,0.76,18.03,19.7,49%
SMCI,"Super Micro Computer","Computer - Storage Devices",36.85,+3.40%,3,Buy,"72% Buy",-8.03,-17.95%,33.25,33.1,31.55,37.56,51.1,-32.25,15.58,41715344,Average,Soft,14.71%,0.68,34.89,40.23,37%
CKX,"Ckx Lands","Real Estate Operations",10.51,-3.59%,5,Buy,"8% Buy",-8.15,-6.99%,10.81,10.99,10.64,10.82,45.5,-21.29,4.54,5888,Weakening,Minimum,34.28%,0.2,10.31,11.33,20%
UNB,"Union Bankshares Inc","Banks - Northeast",23.61,+0.13%,1,Sell,"40% Sell",-8.17,-9.19%,24.07,24.08,24.04,23.77,44.36,-23.49,-10.83,12500,Average,Weak,47.78%,0.74,23.39,24.14,29%
CVGI,"Commercial Vehicle G","Auto - Truck Original Parts",3.06,+3.03%,1,Sell,"72% Sell",-8.18,+57.73%,4.34,3.78,3.87,3.11,39.97,43.43,102.18,635720,Strengthening,Soft,26.02%,0.88,2.99,3.23,28%
OUST,"Ouster Inc","Electronics - Misc Components",33.99,+3.66%,1,Sell,"8% Buy",-8.20,+14.25%,38.69,38.9,32.77,35.74,42.03,-0.05,46.75,2967476,Weakest,Weak,17.09%,0.63,32.2,39.28,25%
CVR,"Chicago Rivet & Machine Company","Machinery - Elect Utilities",9.85,-0.20%,3,Sell,"100% Sell",-8.23,-3.81%,10.32,10.18,11.15,10.14,43.44,-18.11,-39.51,4376,Strongest,Average,9.98%,0.45,9.77,10.5,11%
GFL,"Gfl Environmental Inc","Waste Removal Svcs",41.07,-2.63%,7,Hold,"64% Buy",-8.55,-11.47%,38.88,41,40,42,46.21,-25.77,-14.7,2242779,Weakening,Weak,39.00%,1.23,40.29,43.7,23%
LUXE,"Luxexperience B.V. ADR","Textile - Apparel",8.81,+23.22%,7,Hold,Hold,-8.61,-5.37%,7.83,7.87,8.16,7.66,67.51,-19.67,-4.81,244080,Falling,,32.68%,13.26,7,8.33,136%
ADV,"Advantage Solutions Inc","Consumer Prdts - Misc Discr",33.45,+1.58%,4,Sell,"8% Buy",-8.67,-28.83%,36.67,34.97,31.3,32.99,50.59,-43.13,41.73,82439,Weakest,Weak,63.50%,0.31,30.91,35.07,61%
POCI,"Precision Optics Corp Inc","Medical Instruments",4.17,-0.95%,3,Sell,"88% Sell",-8.74,-4.36%,4.73,4.38,4.6,4.37,40.01,-18.66,-10.68,35278,Strongest,Average,7.98%,0.61,4.19,4.54,-7%
NXPI,"Nxp Semiconductors","Semi Analog & Mixed",218.98,-3.26%,2,Sell,"88% Sell",-8.86,-0.91%,269.77,243.02,250.45,225.13,40.53,-15.21,-9.44,3480460,Strongest,Average,28.53%,0.9,218.42,231.84,4%
TEL,"Te Connectivity Ltd","Electronics - Misc Components",202.2,+0.39%,1,Buy,"88% Sell",-8.88,-4.87%,206.85,206.36,210.78,204.45,45.49,-19.17,-21.44,2345306,Strengthening,Soft,19.00%,0.76,198.64,210.25,31%
CREX,"Creative Realities Inc","Internet - Software",2.6,-2.26%,1,Sell,"88% Sell",-8.90,+12.07%,3.44,3.07,3.48,2.78,39.48,-2.23,-10.7,45572,Strongest,Maximum,17.73%,1.78,2.57,2.99,6%
BCBP,"Bcb Bancorp Inc","Banks - Northeast",8.25,-2.25%,1,Sell,"72% Sell",-9.29,-4.51%,9.87,9.29,9.48,8.61,29.47,-18.81,-8.09,124965,Strongest,Average,21.30%,1.49,8.38,8.83,-30%
ELTK,"Eltek Ltd","Electronics - Misc Components",8.42,+2.06%,2,Hold,"80% Sell",-9.31,-17.84%,8.68,8.51,8.67,8.11,51.68,-32.14,-12.98,13976,Strengthening,Weak,60.19%,0.22,7.56,8.65,79%
ALLY,"Ally Financial","Finance - Consumer Loans",40.31,-3.05%,1,Sell,"56% Sell",-9.36,-6.91%,43.72,43.62,42.6,42.35,32.46,-21.21,-21.32,3385195,Strongest,Soft,25.57%,1.8,40.92,43.79,-21%
USLM,"U S Lime & Mineral","Building - CMT & CNT & AG",114.13,-3.15%,4,Hold,Hold,-9.39,-11.55%,111.46,113.79,115.34,117.61,44.17,-25.85,-15.01,148114,Bearish,,33.12%,1,113.86,121.37,4%
CLPR,"Clipper Realty Inc","REIT - Equity Trust Other",3.42,+2.09%,4,Buy,"40% Buy",-9.43,-17.59%,3.09,3.08,3.13,3.31,60.75,-31.89,-20.79,81860,Strengthening,Soft,53.14%,1.05,3.16,3.47,84%
CHCT,"Community Healthcare Trust Inc","REIT - Equity Trust Other",14.66,+0.07%,3,Sell,"88% Sell",-9.44,-4.31%,16.94,16.32,16.87,14.83,36.51,-18.61,-21.04,252143,Average,Strong,34.13%,0.82,14.5,15.16,24%
DMAC,"Diamedica Therapeutics Inc","Medical - Biomedical",6.63,+1.53%,4,Sell,"24% Sell",-9.82,-4.88%,6.48,6.79,6.75,6.58,50.69,-19.18,-27.03,222324,Weakest,Minimum,46.40%,1.19,6.32,6.84,60%
SHAZ,"Sharonai Holdings Inc","IT Services",52.21,+4.44%,1,Sell,N/A,-9.96,-5.07%,62.9,60.44,52.16,56.65,42.98,-19.37,2637.57,N/A,N/A,N/A,18.38%,0.61,49.18,64.13,20%
ZKH,"Zkh Group Limited ADR","Internet - Services",2.9,+1.75%,4,Hold,"24% Sell",-10.00,-1.53%,2.84,2.9,2.98,2.93,48.93,-15.83,-31.52,179870,Weakest,Weak,48.49%,1.39,2.85,3.01,31%
AMC,"AMC Entertainment Holdings","Leisure & Recreation Services",2.66,+4.31%,7,Hold,"96% Buy",-10.01,-8.28%,2.13,2.45,1.83,2.57,56.02,-22.58,60.19,34681551,Strongest,Strong,47.73%,0.85,2.4,2.74,77%
NPB,"Northpointe Bancshares Inc","Finance - Savings & Loan",16.67,-1.42%,1,Sell,"100% Sell",-10.10,-8.51%,17.61,17.44,17.68,17.03,39.7,-22.81,-10.98,240359,"Top 1%",Good,29.27%,0.99,16.66,17.41,1%
JYNT,"The Joint Corp","Medical - HMO",8.63,+1.89%,2,Hold,"64% Sell",-10.28,-13.70%,8.66,8.49,8.68,8.32,57.86,-28.,-11.35,82766,Weakening,Weak,77.42%,1.48,7.96,8.68,93%
UTSI,"Utstarcom Holdings C","Communications Components",2.19,-3.95%,2,Sell,"88% Sell",-10.41,+1.86%,2.51,2.4,2.48,2.33,38.63,-12.44,-24.1,104281,Strongest,Good,37.21%,0.29,2.21,2.44,-9%
MKL,"Markel Corp","Insurance - Multi Line",1787.65,-0.24%,2,Sell,"88% Sell",-10.54,-6.76%,1860.68,1871.16,1899.02,1802.33,40.85,-21.06,-27.16,59961,Strengthening,Strong,30.79%,0.75,1770.32,1834.34,27%
DGXX,"Digi Power X Inc","Technology Services",3.66,+1.53%,4,Sell,"88% Sell",-10.67,+31.65%,5.08,3.89,4.24,3.77,45.28,17.35,33.21,5425627,Strengthening,Weak,34.95%,0.38,3.4,4.15,35%
AB,"Alliancebernstein Holding LP","Finance - Investment Mgmt",35.5,-1.58%,6,Sell,"100% Sell",-10.88,-6.95%,37.17,36.87,37.63,36.47,33.23,-21.25,-18.06,327242,Strongest,Strong,11.16%,1.65,35.66,37.29,-9%
AMRN,"Amarin Corp ADR","Medical - Biomedical",13.84,-0.65%,4,Buy,"88% Sell",-11.01,-7.30%,14.51,14.11,14.62,14,45.64,-21.6,-11.14,78815,Strengthening,Soft,37.81%,0.66,13.55,14.44,32%
CHSCP,"CHS Inc","Agriculture Operations",26.31,-1.35%,4,Sell,"96% Sell",-11.28,-11.86%,27.1,26.66,27.4,26.66,33.4,-26.16,-15.34,16470,Strengthening,Strong,38.98%,0.56,26.47,26.84,-43%
NGVC,"Natural Grocers By Vitamin Cottage Inc","Food Items - Wholesale",29.16,+1.04%,7,Hold,"24% Buy",-11.96,-20.39%,29.69,29.69,28.49,27.84,55.02,-34.69,6.09,172809,Weakening,Minimum,76.42%,0.94,26.51,29.18,99%
XLO,"Xilio Therapeutics Inc","Medical - Biomedical",8.98,-0.55%,1,Sell,"40% Buy",-11.96,-16.23%,8.71,9.04,8.48,9.03,48.12,-30.53,-10.13,36528,Weakening,Weak,44.57%,0.5,8.76,9.3,41%
CYH,"Community Health Systems","Medical - Hospitals",2.98,+0.34%,5,Sell,"72% Sell",-12.03,+3.11%,2.99,3.01,3.06,2.94,52.96,-11.19,-14.81,1638035,Weakening,Soft,85.86%,0.78,2.85,3.02,77%
TNC,"Tennant Company","Machinery - General Industrial",67.97,-0.95%,9,Sell,"88% Sell",-12.11,-16.72%,80.97,76.53,77.62,69.6,37.72,-31.02,-18.09,211632,Strengthening,Good,15.10%,0.8,66.83,72.37,21%
WAL,"Western Alliance Bancorp","Banks - West",77.8,-1.56%,1,Sell,"72% Sell",-12.30,-10.89%,80.38,80.74,79.5,79.24,39.77,-25.19,-17.78,1131225,Strongest,Weak,40.08%,2.39,77.38,81.1,11%
CNNE,"Cannae Holdings Inc","Finance - Investment Mgmt",15.18,-0.78%,9,Hold,"80% Buy",-12.30,-22.03%,14.54,15.09,13.75,15.49,47.13,-36.33,-13.82,569972,Weakening,Soft,32.46%,1.43,15.04,15.93,16%
EVTC,"Evertec Inc","Financial Transaction Services",28.29,-0.07%,1,Sell,"8% Buy",-12.30,-15.45%,27.96,30.01,28.06,29.54,40.51,-29.75,-13.07,499544,Weakest,Weak,15.26%,0.96,28.42,30.67,-6%
TDOC,"Teladoc Health Inc","Medical Services",6.43,-2.28%,2,Sell,"24% Sell",-12.54,-18.30%,7.32,7.4,6.63,6.35,45.62,-32.6,-18.46,5101745,Weakening,Weak,73.44%,0.61,6.04,6.66,62%
ARTW,"Art S Way MFG Company","Machinery - Farm",2.92,-1.35%,2,Buy,"88% Buy",-12.66,-0.34%,2.65,2.65,2.55,2.98,50.96,-14.64,13.94,196792,Weakening,Good,57.20%,0.02,2.75,3.2,37%
SRI,"Stoneridge Inc","Electronics - Misc Components",7.08,-1.53%,4,Sell,"24% Buy",-12.76,-13.76%,7.18,7.18,7,7.18,47.08,-28.06,11.96,200726,Weakest,Weak,48.79%,1.07,6.97,7.39,27%
WMG,"Warner Music Group Corp Cl A","Movie & TV Production & Dist",28.3,-2.58%,10,Buy,"24% Sell",-12.82,-15.17%,28.79,27.54,28.34,28.16,52.62,-29.47,-18.05,2312305,Weakest,Weak,62.90%,0.88,26.91,29.41,56%
GXO,"Gxo Logistics Inc","Transportation - Air Freight",46.15,-0.97%,1,Sell,"100% Sell",-12.88,-9.23%,49.69,49,52.16,46.75,44.08,-23.53,-22.65,1332777,Strongest,Strong,41.21%,1.4,45.03,48.47,32%
SBAC,"SBA Communications","REIT - Equity Trust Other",180.02,-1.70%,6,Hold,"64% Sell",-12.90,-9.62%,192.74,183.57,194.01,185.83,42.46,-23.92,-17.25,998858,Average,Average,17.38%,0.9,179.08,192.58,7%
AERT,"Aeries Technology Inc","Technology Services",6.77,-0.59%,4,Hold,"64% Buy",-13.13,+50.31%,6.4,6.81,5.39,6.96,45.85,36.01,53.84,42676,Weakest,Good,31.85%,0.74,6.6,7.32,24%
TBLA,"Taboola.com Ltd","IT Services",3.81,-1.04%,1,Sell,"40% Sell",-13.23,+12.39%,4.56,4.4,4.13,3.78,42.96,-1.91,-27.67,2325258,Average,Weak,71.26%,0.63,3.64,3.92,62%
MATV,"Mativ Holdings Inc","Chemical - Specialty",12.04,+1.26%,5,Buy,"72% Buy",-13.26,-1.71%,9.48,10.58,9.63,12.22,55.38,-16.01,-11.23,446102,Strengthening,Good,19.65%,1.06,11.73,12.72,31%
LBTYA,"Liberty Global Ltd Ord A","Diversified Comm Services",10.4,-0.86%,7,Sell,"88% Sell",-13.34,-11.71%,11.14,10.54,11.52,10.63,44.19,-26.01,-16.96,2293299,Strengthening,Strong,37.91%,0.89,10.42,10.84,-4%
TATT,"T A T Tech Ltd","Aerospace - Defense Equipment",37.48,-1.55%,1,Sell,"100% Sell",-13.49,-3.40%,40.16,39.81,42.98,37.9,44.62,-17.7,-26.4,181540,Strongest,Average,37.88%,1.16,35.59,40.21,41%
BANF,"Bancfirst Corp","Banks - Southwest",109.63,-1.18%,1,Sell,"40% Sell",-13.53,-15.00%,112.6,113.34,112.15,111.18,41.05,-29.3,-6.91,143128,Strengthening,Weak,53.54%,1.05,108.58,113.78,20%
HUN,"Huntsman Corp","Chemical - Diversified",9.19,-0.33%,3,Sell,"88% Sell",-13.67,-15.69%,12.09,10.55,12.3,9.6,35.98,-29.99,-18.42,5360585,Strongest,Strong,10.32%,1.31,9.08,10.12,10%
AUNA,"Auna Sa Cl A","Medical Services",5.23,+1.36%,3,Hold,"80% Buy",-13.73,-17.77%,5.04,5.2,5.15,5.22,51.27,-32.07,-4.02,306923,Strengthening,Weak,31.15%,0.51,5.06,5.39,52%
TBCH,"Turtle Beach Corp","Computers - Peripheral Equpt",12.58,+0.08%,6,Sell,"24% Buy",-14.01,-17.24%,12.44,12.65,12.17,12.48,50.67,-31.54,-20.65,296247,Weakening,Minimum,47.31%,1.27,11.9,13.07,58%
DMC,"Del Monte Corporation","Food - Misc & Diversified",31.5,+0.51%,8,Buy,"24% Sell",-14.30,-11.54%,31.43,30.32,34.83,31.79,51.51,-25.84,-21.91,355985,Weakest,Soft,23.65%,0.96,30.92,32.67,33%
PXLW,"Pixelworks Inc","Technology Services",6.68,-3.19%,2,Buy,"88% Buy",-14.33,-39.77%,6.36,6.47,6.15,6.9,47.58,-54.07,-5.29,65810,Average,Weak,18.43%,0.63,6.63,7.18,9%
CXT,"Crane Nxt CO","Technology Services",47.33,-0.44%,2,Sell,"8% Buy",-14.41,-19.71%,46.95,50.95,46.53,49.71,39.09,-34.01,-9.77,752819,Weakening,Minimum,19.03%,0.98,47.65,51.76,-8%
ULCC,"Frontier Group Holdings Inc","Transportation - Airline",5.61,+0.72%,1,Sell,"8% Buy",-14.43,+3.70%,6.04,6.33,5.37,5.76,41.05,-10.6,8.79,4349759,Weakest,Weak,26.33%,0.71,5.45,6.07,26%
NAAS,"Nass Technology Inc ADR","Electrical Power",3.1,-0.58%,2,Sell,"40% Buy",-14.46,-12.81%,3.05,3.27,2.81,3.2,43.8,-27.11,-18.75,16425,Weakest,Weak,30.80%,0.78,3.02,3.38,21%
FCN,"Fti Consulting",Consulting,145.13,-1.22%,5,Sell,"100% Sell",-14.46,-11.45%,156.04,155.03,160.87,151.4,36.76,-25.75,-25.36,415664,Strongest,Strong,17.00%,1.07,146.28,156.52,-11%
MLP,"Maui Land & Pineapple Company","Real Estate Operations",15.92,-2.03%,7,Sell,"88% Sell",-14.49,-17.47%,16.65,16.47,16.48,16.02,44.72,-31.77,-16.34,19740,Strongest,Soft,50.35%,0.67,15.55,16.49,39%
NXT,"Nextpower Inc",Solar,78.03,-2.21%,1,Sell,"88% Sell",-14.56,+16.72%,110.31,94.71,111.73,84.3,32.7,2.42,-20.74,2330069,Strongest,Strong,16.93%,0.9,77.91,90.69,1%
PRVA,"Privia Health Group Inc","Medical Information Systems",20.37,+0.05%,2,Sell,"72% Sell",-14.62,-8.74%,23.33,23.09,23,20.78,33.93,-23.04,-24.41,968953,Average,Good,29.46%,1.18,20.14,21.41,18%
FRPH,"Frp Holdings Inc","Real Estate Operations",21.19,-2.22%,5,Sell,"100% Sell",-14.84,-15.27%,22.85,22.65,22.78,22.18,32.97,-29.57,-17.34,73013,Strongest,Good,10.35%,1.37,21.45,22.91,-18%
DORM,"Dorman Products Inc","Auto - Truck Replacement Parts",124.96,-0.18%,2,Sell,"24% Buy",-14.98,-20.45%,128.65,133.67,122.91,128.85,38.29,-34.75,-8.88,247866,Weakest,Minimum,16.37%,0.84,124.13,133.57,9%
GTN,"Gray Media Inc","Broadcast - Radio & TV",4.76,-0.42%,1,Buy,"40% Buy",-15.36,-15.00%,4.42,4.53,4.62,4.88,49.39,-29.3,-11.97,1298271,Weakest,Weak,35.27%,0.67,4.71,5.04,15%
FPH,"Five Point Holdings Llc Cl A","Real Estate Developers",5.09,+0.79%,5,Sell,"48% Sell",-15.64,-19.21%,5.09,5.15,5.12,5.09,48.87,-33.51,-19.26,167320,Weakest,Weak,43.09%,0.98,5,5.18,50%
LMRI,"Lumexa Imaging Holdings Inc","Medical Products",11.65,-1.02%,4,Buy,N/A,-15.65,N/A,10.38,11.48,10.92,11.73,51.01,N/A,-47.35,N/A,N/A,N/A,41.50%,0.74,11.15,12.31,43%
VTEX,"Vtex Cl A","Internet - Software",3.67,0.00%,2,Sell,"24% Sell",-15.72,-12.62%,3.82,3.89,3.8,3.61,47.51,-26.92,-12.71,1161242,Weakest,Weak,82.14%,0.8,3.52,3.71,79%
LGCY,"Legacy Education Inc",Schools,10.35,0.00%,3,Sell,"100% Sell",-15.95,-20.99%,11.28,11.19,11.86,10.56,40.15,-35.29,-8.75,51995,Average,Average,14.14%,0.4,10.05,11.07,29%
AKA,"A.K.A. Brands Holding Corp","Retail - Apparel & Shoes",10.41,-4.14%,2,Sell,"16% Sell",-15.96,-3.97%,10.48,10.9,10.39,10.72,43.54,-18.27,-13.03,4722,Weakening,Minimum,31.85%,0.48,10.3,11.15,13%
XZO,"Exzeo Group Inc","Insurance - Proprty & Casualty",16.42,-1.38%,4,Buy,"24% Buy",-16.23,N/A,15.46,16.26,15.48,16.51,51.37,N/A,-42.61,202139,Weakening,Minimum,53.60%,1.85,15.71,17.32,44%
AXR,"Amrep Corp","Real Estate Developers",22.48,-1.10%,4,Sell,"88% Sell",-16.31,-11.70%,24.73,23.49,25.32,22.97,37.44,-26.,9.25,9264,Strongest,Average,49.08%,1.46,22.63,23.31,-22%
REFI,"Chicago Atlantic Real Estate Finance Inc","Finance - Misc Services",11.01,+0.73%,9,Buy,"24% Sell",-16.39,-17.77%,10.94,10.49,11.27,10.79,63.39,-32.07,-20.52,158602,Weakening,Soft,73.40%,1.4,10.57,11.01,101%
NSSC,"Napco Sec Tech Inc","Protection - Safety",36.33,+1.06%,2,Sell,"100% Sell",-16.41,-15.37%,37.76,37.06,39.54,36.41,47.37,-29.67,-23.2,477946,Strengthening,Average,57.73%,1.11,34.64,38.18,48%
SG,"Sweetgreen Inc Cl A","Retail - Restaurants",6.62,-3.07%,6,Buy,"32% Sell",-16.51,-25.28%,7.37,6.59,6.81,6.82,48.1,-39.58,-12.39,4991058,Weakening,Weak,50.98%,0.75,6.42,7.23,25%
YOU,"Clear Secure Inc Cl A","Internet - Software",40.67,-2.19%,4,Sell,"72% Sell",-16.66,+7.59%,52.33,49.01,50.45,43.38,28.34,-6.71,5.61,1627769,Strongest,Average,15.76%,1.95,41.27,45.49,-14%
MED,"Medifast Inc","Food - Misc & Diversified",11.96,-0.25%,7,Buy,"72% Buy",-16.75,-16.71%,11.56,11.34,11.18,12.11,51.23,-31.01,1.67,226930,Average,Soft,13.36%,0.69,11.58,12.65,36%
LBTYK,"Liberty Global Ltd Ord C","Broadcast - Radio & TV",10.04,-0.40%,7,Sell,"88% Sell",-16.99,-15.77%,10.82,10.26,11.2,10.36,41.54,-30.07,-19.38,1249997,Strengthening,Strong,31.82%,2.13,10.1,10.63,-12%
VIVO,"Vivopower Plc","IT Services",3.75,-0.27%,1,Sell,"8% Sell",-17.01,-24.55%,4.38,4.1,3.71,4.06,40.46,-38.85,55.24,999115,Weakening,Minimum,18.77%,0.75,3.68,4.44,10%
VFS,"Vinfast Auto Ltd","Auto - Domestic",3.12,0.00%,2,Hold,"56% Sell",-17.09,-2.19%,3.33,3.11,3.4,3.11,50.24,-16.49,-16.91,501600,Weakening,Average,47.44%,0.76,3.03,3.19,57%
ACET,"Adicet Bio Inc","Medical - Biomedical",9.05,+6.41%,7,Hold,"80% Buy",-17.16,-30.38%,8.46,8.81,8.03,9.24,49.51,-44.68,-2.84,134654,Average,Soft,54.83%,2.44,8.58,9.9,36%
VINP,"Vinci Compass Investments Ltd","Finance - Misc Services",9.25,-0.64%,7,Sell,"100% Sell",-17.29,-8.78%,9.93,9.67,10.33,9.54,40.7,-23.08,-39.38,63433,Strengthening,Strong,10.45%,2.1,9.16,9.92,12%
OBDC,"Blue Owl Capital Corp","Finance - Misc Services",11.11,+0.36%,1,Hold,"48% Sell",-17.30,-18.91%,11.16,11.17,11.22,11.26,44.28,-33.21,-20.94,4647171,Weakest,Weak,14.99%,0.69,11,11.53,21%
HEPS,"D-Market Electronic Services & Trading ADR","Internet Commerce",2.59,-3.36%,1,Sell,"48% Sell",-17.57,-9.44%,2.78,2.78,2.76,2.65,42.15,-23.74,-5.88,298464,Strengthening,Soft,31.81%,0.98,2.56,2.74,15%
ALTG,"Alta Equipment Group Inc","Machinery - General Industrial",5.82,+0.69%,1,Sell,"72% Sell",-17.60,-22.50%,6.65,6.47,6.53,6.05,41.37,-36.8,16.2,230874,Strengthening,Soft,26.91%,0.8,5.53,6.56,28%
KEEL,"Keel Infrastructure Corp","Technology Services",3.4,+3.66%,1,Sell,"32% Sell",-17.89,+17.65%,4.34,3.77,3.65,3.38,47.18,3.35,34.36,39904285,Weakening,Weak,42.49%,1.1,3.03,3.73,53%
TSLA,"Tesla Inc","Auto - Domestic",358.08,+0.42%,5,Buy,"40% Sell",-17.92,-15.07%,379.65,351.65,382.47,357.89,51.11,-29.37,-30.7,55006086,Weakening,Soft,35.54%,0.85,341.35,374.43,51%
ATHM,"Autohome Inc ADR","Internet - Services",21.39,+0.19%,1,Sell,"24% Buy",-18.10,-28.00%,20.02,21.98,19.63,21.93,43.75,-42.3,-14.23,694799,Weakest,Weak,18.86%,0.73,21.15,22.7,15%
TCI,"Transcontinental Realty Investors","Real Estate Developers",40.39,+1.41%,6,Sell,"8% Sell",-18.12,-11.91%,39.42,40.02,39.22,38.39,57.66,-26.21,-41.42,17444,Weakest,Minimum,84.82%,0.35,36.13,40.65,94%
BEEP,"Mobile Infrastructure Corp","Real Estate Operations",2.85,+0.35%,7,Buy,"56% Buy",-18.21,-13.90%,2.14,2.37,2.28,2.89,57.03,-28.2,1.44,55945,Average,Average,64.49%,0.43,2.65,3.12,42%
BBSI,"Barrett Business S",Outsourcing,34.3,+1.36%,7,Sell,"24% Buy",-18.59,-26.25%,34.2,35.84,32.59,33.59,52.24,-40.55,-15.59,229013,Weakening,Minimum,67.84%,0.66,32.51,34.68,83%
LMAT,"Lemaitre Vascular","Medical Products",80.38,+0.17%,2,Sell,"100% Sell",-18.63,-13.06%,94.13,88.96,98.18,80.54,41.44,-27.36,-11.21,266829,Strengthening,Strong,45.62%,0.74,78.2,82.88,47%
NAVI,"Navient Corp","Finance - Consumer Loans",9.74,-2.60%,7,Buy,"56% Buy",-18.69,-24.90%,8.69,9,8.65,9.46,57.63,-39.2,-35.4,1085639,Average,Weak,81.37%,2.37,9.04,9.88,83%
FSLR,"First Solar Inc",Solar,191.07,-5.57%,1,Sell,"88% Sell",-18.78,-6.91%,230.86,215.21,221.38,206.77,35.64,-21.21,-37.18,2304342,Strongest,Good,22.95%,1.42,194.14,219.4,-12%
NCDL,"Nuveen Churchill Direct Lending Corp","Finance - SBIC & Commercial",12.15,+0.33%,3,Sell,"100% Sell",-18.82,-17.96%,12.79,12.45,13.02,12.33,42.94,-32.26,-19.24,234546,Average,Strong,18.29%,0.78,12.02,12.64,21%
INKT,"Mink Therapeutics Inc","Medical - Biomedical",11.59,+1.58%,6,Buy,"32% Buy",-19.32,-20.56%,11.37,11.21,11.24,11.59,51.06,-34.86,-6.37,107881,Weakest,Weak,44.74%,0.4,10.9,12.27,50%
GRPN,"Groupon Cl A","Internet Commerce",19.33,+3.09%,1,Sell,"24% Buy",-19.48,-13.24%,20.64,22.94,17.83,19.12,43.01,-27.54,-0.55,1491125,Weakening,Weak,58.93%,1.04,18.11,20.14,60%
CRNT,"Ceragon Networks Ltd","Wireless Non-US",2.05,+2.50%,1,Sell,"88% Sell",-19.66,-8.07%,2.41,2.15,2.37,2.07,44.77,-22.37,-12.7,545407,Average,Good,16.61%,0.44,2,2.13,36%
GEG,"Great Elm Group Inc","Conglomerates - Div Operations",2.15,-1.83%,7,Hold,"56% Sell",-19.66,-27.12%,2.19,2.18,2.13,2.18,43.88,-41.42,-26.01,25806,Weakening,Weak,44.44%,3.87,2.13,2.23,23%
EEFT,"Euronet Worldwide","Financial Transaction Services",69.01,-1.57%,3,Sell,"56% Sell",-19.71,-22.72%,71.92,73.93,71.42,70.6,42.81,-37.02,-19.65,702854,Strengthening,Weak,33.06%,0.97,67.48,73.71,25%
SHEN,"Shenandoah Telecom","Diversified Comm Services",11.59,-0.34%,1,Sell,"88% Sell",-19.84,-16.92%,13.97,12.34,14.2,12.19,36.26,-31.22,-10.06,374427,Strongest,Strong,10.12%,1.98,11.6,12.77,-1%
KBR,"KBR Inc","Engineering & R&D Services",36.6,-1.93%,4,Hold,Hold,-20.87,-24.10%,35.6,36.88,36.57,37.32,46.16,-38.4,-19.28,1563759,Bearish,,40.73%,1,36.03,38.61,22%
JLHL,"Julong Holding Limited Cl A","Building & Construction - Misc",5.51,-1.61%,1,Sell,"88% Sell",-20.90,+32.61%,13.84,7.12,11.27,6.22,39.09,18.31,26.4,979489,Strongest,Soft,3.95%,0.02,5.4,7.03,7%
PSBD,"Palmer Square Capital Bdc Inc","Finance - SBIC & Commercial",10.24,+0.59%,4,Buy,"56% Sell",-20.97,-24.15%,10.44,10.14,10.51,10.29,49.39,-38.45,-26.32,112774,Weakest,Soft,36.46%,0.61,10.15,10.43,32%
AMTM,"Amentum Holdings Inc","Engineering & R&D Services",19.88,-1.29%,2,Sell,"100% Sell",-21.27,-12.23%,22.13,21.26,24.19,20.15,43.57,-26.53,-41.77,2058499,Average,Good,44.87%,0.67,19.15,21.16,36%
CC,"Chemours Company","Chemical - Diversified",14.42,-1.77%,2,Sell,"88% Sell",-21.27,-15.57%,19.42,16.22,19.67,15.37,36.62,-29.87,11.99,2835846,Strengthening,Good,11.92%,0.9,14.48,16.26,-3%
OPXS,"Optex Systems Hlds","Aerospace - Defense Equipment",10.59,+1.73%,1,Sell,"88% Sell",-21.31,-13.05%,11.57,11.32,11.94,10.41,48.47,-27.35,-35.64,44032,Average,Average,77.89%,0.31,9.72,11.09,64%
LBTYB,"Liberty Global Ltd Ord B","Cable TV",12.48,-0.83%,4,Buy,"40% Sell",-21.36,+7.45%,13.6,12.61,13.17,12.86,46.94,-6.85,-4.73,20259,Average,Weak,22.69%,0.29,12.02,13.7,27%
ASTS,"Ast Spacemobile Inc","Wireless Equipment",59.27,+0.85%,1,Sell,"100% Sell",-21.43,+46.60%,75.02,63.8,79.32,61.6,43.8,32.3,-28.71,16617977,Strongest,Good,31.71%,0.59,55.51,67.69,31%
MRDN,"Meridian Holdings Inc",Gaming,14.38,+3.08%,1,Buy,"100% Buy",-21.51,+29.79%,12.8,13.7,11.06,13.84,57.47,15.49,39.32,47235,Strengthening,Good,85.77%,0.49,13.24,14.43,96%
SLVM,"Sylvamo Corp","Paper & Related Products",35.98,+3.12%,2,Sell,"88% Sell",-21.65,-21.48%,38.62,37.4,40.29,35.96,47.43,-35.78,-35.6,329223,Weakening,Good,35.94%,1.55,34.44,37.47,51%
PODC,"Podcastone Inc","Internet - Content",2.24,-2.18%,1,Sell,"64% Sell",-21.81,+23.08%,3.63,3.22,3.22,2.6,26.4,8.78,-19.63,108958,Strongest,Average,29.21%,0.61,2.29,2.91,-9%
LOPE,"Grand Canyon Educati",Schools,153.87,+0.29%,10,Buy,"24% Sell",-21.82,-25.95%,151.12,147.89,155.94,150.31,60.15,-40.25,-17.8,316824,Weakest,Weak,64.83%,1.1,145.86,154.76,90%
LONA,"Leonabio Inc","Medical - Biomedical",6.79,-6.22%,2,Sell,"72% Sell",-21.85,+77.89%,8.45,7.77,8.27,7.57,39.1,63.59,-20.62,364645,Strongest,Weak,26.28%,1.07,6.81,8.33,-1%
ROCK,"Gibraltar Ind Inc","Building & Construction - Misc",44.84,+0.36%,2,Hold,"16% Buy",-21.90,-25.08%,42.56,45.71,42.78,45.7,46.59,-39.38,-19.62,333191,Weakest,Minimum,45.94%,1.21,43.38,48.01,32%
SNAP,"Snap Inc","Internet - Software",5.72,-1.89%,6,Buy,"8% Buy",-21.91,-26.10%,5.3,5.14,5.19,5.52,56.8,-40.4,-39.44,45211219,Weakest,Minimum,69.81%,0.96,5.1,5.93,75%
ASIX,"Advansix Inc","Chemical - Specialty",16.63,-0.36%,6,Sell,"88% Sell",-22.06,-20.20%,20.22,18.44,20.53,16.84,42.63,-34.5,-14.19,387205,Average,Good,24.93%,1.13,16.12,17.56,35%
NVR,"NVR Inc","Building - Residential & Comm",6186.4302,-1.13%,3,Sell,"72% Sell",-22.16,-24.65%,6292.84,6337.63,6505.32,6296.3,45.22,-38.95,-25.49,28346,Average,Average,46.28%,1.14,6098.79,6493.81,22%
PIPR,"Piper Jaffray Companies","Finance - Misc Services",71.36,-2.23%,5,Sell,"100% Sell",-22.31,-17.34%,77.27,75.34,77.77,75.11,35.1,-31.64,-26.3,625980,Strongest,Strong,14.06%,1.21,72.04,78.19,-11%
BV,"Brightview Holdings Inc","Agriculture Products",10.86,-0.37%,2,Sell,"100% Sell",-22.37,-19.97%,12.6,12.34,12.57,11.16,37.79,-34.27,-24.61,738492,Strongest,Strong,36.95%,0.68,10.84,11.48,3%
DSWL,"Deswell Inds Inc","Electronics - Misc Components",3.1,+2.65%,3,Sell,"88% Sell",-22.38,-20.21%,3.34,3.25,3.34,3.08,48.44,-34.51,-20.72,11373,Average,Good,63.51%,2.24,2.95,3.2,60%
GDDY,"Godaddy Inc","Internet Services - Delivery",99.09,-3.21%,8,Buy,"72% Buy",-22.67,-31.25%,90.03,95.09,88.48,98.74,52.23,-45.55,-30.46,2147417,Average,Soft,72.08%,0.94,92.69,104.78,53%
CEPL,"Capstone Energy Plus Inc","Other Alt Energy",5.89,+0.86%,1,Sell,"72% Sell",-22.69,+134.66%,9.03,7.72,7.91,5.96,43.39,120.36,6.55,296177,Average,Average,41.41%,1.64,5.23,6.7,45%
CRTO,"Criteo S.A. ADR","Internet Software Services",17.1,+0.06%,1,Sell,"56% Sell",-22.70,-23.90%,18.64,19.37,18.5,17.47,41,-38.2,-27.35,452991,Average,Soft,19.14%,0.35,16.8,18.14,22%
RMBS,"Rambus Inc","Electronics - Semiconductors",81.41,-2.05%,1,Sell,"88% Sell",-22.74,-16.12%,114.25,94.4,109.69,86.77,37.82,-30.42,-21.72,2434580,Strongest,Strong,12.69%,0.78,80.31,93.23,9%
VOYG,"Voyager Technologies Inc Cl A","Aerospace - Defense Equipment",35.18,+1.94%,1,Buy,"88% Buy",-22.74,+22.84%,34.68,33.21,32.32,34.7,51.73,8.54,24.26,1814426,Strengthening,Soft,49.75%,0.92,31.21,38.2,57%
JRVR,"James River Group Hldgs Inc","Insurance - Multi Line",3.86,-2.03%,1,Sell,"100% Sell",-22.75,-25.34%,4.38,4.32,5.08,4.03,36.21,-39.64,-49.63,314859,Strongest,Strong,36.24%,1.67,3.84,4.23,4%
PHUN,"Phunware Inc","Internet - Software",2.01,-0.25%,5,Sell,"16% Buy",-22.78,-27.44%,2.07,2.1,1.99,2.06,39.61,-41.74,-1.67,138506,Weakest,Minimum,10.12%,0.98,1.99,2.14,13%
ASTE,"Astec Inds Inc","Machinery - Construct & Mining",40.91,+0.10%,7,Sell,"100% Sell",-22.89,-12.49%,50.95,47.53,53.05,42.5,35.02,-26.79,-15.88,219363,Strengthening,Strong,20.33%,1.04,40.29,44.71,14%
GILT,"Gilat Satellite Ntwk","Satellite Communication",9.85,+2.18%,1,Sell,"100% Sell",-22.89,-12.68%,13.23,10.84,14.35,10.06,41.34,-26.98,-34.2,770456,Average,Strong,29.75%,0.83,9.43,10.68,33%
UVV,"Universal Corp",Tobacco,44.59,+0.54%,7,Sell,"100% Sell",-22.93,-19.57%,51.04,48.71,51.61,45.54,34.09,-33.87,-25.79,233628,Strengthening,Maximum,8.16%,1.12,44.46,46.62,6%
STEP,"Stepstone Group Inc Cl A","Finance - Misc Services",48.29,-2.27%,7,Buy,"8% Sell",-23.23,-20.97%,47.82,47.23,48.2,50.01,46.85,-35.27,-35.07,1186446,Weakest,Weak,42.47%,1.01,48.18,51.85,3%
PAC,"Grupo Aeroportuario Del Pacifico ADR","Transportation - Services",201.7,-0.53%,5,Sell,"100% Sell",-23.29,-18.33%,229.69,214.48,237.22,207.05,39,-32.63,-33.81,115927,Strengthening,Maximum,20.50%,1.63,199.41,214.7,15%
ACIC,"American Coastal Insurance Corp","Insurance - Proprty & Casualty",9.18,+0.44%,1,Sell,"100% Sell",-23.33,-15.78%,10.45,10,10.76,9.36,36.65,-30.08,-37.64,241206,Strongest,Maximum,23.11%,1.14,9.13,9.6,11%
ONIT,"Onity Group Inc","Finance - Mortgage & Rel Svs",34.15,-1.70%,2,Sell,"100% Sell",-23.46,-19.99%,37.73,37.27,38.93,34.83,40.6,-34.29,-35.74,67350,Strongest,Strong,43.32%,1.06,33.5,36.17,24%
INSM,"Insmed Inc","Medical - Biomedical",122.58,+2.22%,3,Buy,"8% Sell",-23.78,-15.32%,114.16,118.1,125.84,124.74,49.49,-29.62,-39.89,3009351,Weakest,Minimum,39.84%,0.57,118.59,130.89,32%
SGRY,"Surgery Partners CS","Medical Services",13.93,+2.05%,2,Sell,"40% Sell",-23.78,-35.39%,14.75,14.99,14.36,14.04,45.11,-49.69,-20.16,1681130,Average,Weak,36.49%,0.72,13.53,14.55,39%
CLFD,"Clearfield Inc","Wireless Equipment",30.09,+3.08%,2,Hold,"48% Sell",-23.79,-10.53%,34.6,30,32.94,28.77,53.59,-24.83,-7.1,194398,Weakening,Weak,54.53%,0.9,27.07,30.47,89%
CCI,"Crown Castle","REIT - Equity Trust Other",73.22,-0.04%,9,Sell,"100% Sell",-24.02,-21.75%,81.75,75.99,83.2,75.33,40.94,-36.05,-27.93,3503962,Strengthening,Strong,27.20%,1.2,73.28,77.38,-2%
TARA,"Artara Therapeutics Inc","Medical - Drugs",3.62,-3.47%,3,Sell,"100% Sell",-24.12,+17.92%,4.27,3.97,4.72,3.87,34.97,3.62,-42.4,816779,Strengthening,Good,22.61%,4.64,3.7,4.05,-24%
DAIO,"Data I O Corp","Electronics - Misc Components",2.8,+1.27%,3,Sell,"72% Sell",-24.14,-17.16%,3.23,3.03,3.02,2.85,41.77,-31.46,-21.99,46597,Weakening,Weak,13.77%,1.29,2.7,3,33%
RM,"Regional Managment Corp","Finance - Consumer Loans",32.12,-0.46%,3,Sell,"72% Sell",-24.18,-27.17%,36.46,35.91,35.64,32.98,39.27,-41.47,-27.43,67212,Strongest,Good,33.08%,0.8,31.64,34.31,18%
JBTM,"Jbt Marel Corporation","Technology Services",111.41,+0.03%,2,Sell,"100% Sell",-24.23,-18.12%,127.99,125.29,132.13,115.66,34.25,-32.42,-36.38,548396,Strengthening,Strong,12.84%,0.92,110.86,120.46,6%
MMLP,"Martin Midstrm LP","Transportation - Ship",2.27,-1.30%,2,Sell,"96% Sell",-24.31,-25.82%,2.42,2.34,2.53,2.27,48.15,-40.12,-23.35,21587,Strengthening,Good,38.08%,0.48,2.15,2.39,50%
MITT,"Tpg Mortgage Investment Trust Inc","REIT - Mortgage Trusts",6.33,-1.25%,4,Sell,"100% Sell",-24.43,-18.53%,7.4,6.99,7.55,6.65,28.66,-32.83,-36.02,235320,Strongest,Maximum,8.36%,1.59,6.42,6.89,-18%
LFWD,"Lifeward Ltd","Medical Services",6.91,-2.26%,1,Sell,"24% Sell",-24.44,+2.92%,7.28,7.44,7.02,7.26,40.24,-11.38,-10.45,20981,Average,Minimum,19.81%,0.67,6.9,7.62,1%
CAMP,"Camp4 Therapeutics Corp","Medical - Biomedical",3.86,-7.88%,1,Hold,"64% Sell",-24.45,+39.35%,4.18,4.11,4.33,4.25,41.25,25.05,-47.35,203272,Strongest,Weak,42.55%,1.25,3.78,4.72,9%
CLBT,"Cellebrite Di Ltd","Internet - Software",11.43,+1.60%,5,Sell,"100% Sell",-24.50,-33.78%,13.5,13.48,13.57,11.55,42.08,-48.08,-46.93,2139397,Average,Strong,28.99%,0.81,10.92,12.17,41%
TMUS,"T-Mobile US","Wireless National",176.26,-2.33%,5,Hold,"96% Sell",-24.57,-25.82%,184.04,181.75,192.32,181.36,43.2,-40.12,-23.51,5486747,Strongest,Average,36.99%,1.22,175.58,187.13,6%
STAA,"Staar Surgical Company","Medical - Dental Suppliers",22.41,-0.16%,1,Sell,"72% Sell",-24.77,-17.70%,26.72,24.37,24.49,23.14,41.02,-32.,-13.26,1174712,Strengthening,Soft,33.59%,0.74,21.92,24.35,20%
PPSI,"Pioneer Power Solutions","Machinery - Electrical",3.22,+6.62%,1,Buy,"56% Sell",-25.30,-28.29%,3.66,3.07,3.55,2.96,58.29,-42.59,-42.24,150267,Weakest,Average,62.26%,2.43,2.77,3.15,119%
ACI,"Albertsons Companies Inc Cl A","Consumer Prdts - Misc Staple",12.56,-2.18%,5,Buy,"72% Sell",-25.31,-31.92%,14.1,12.68,15.19,12.35,52.02,-46.22,-37.17,7708589,Weakening,Strong,82.01%,0.78,11.77,12.92,69%
MQ,"Marqeta Inc Cl A","Financial Transaction Services",15.89,-1.24%,5,Sell,"72% Sell",-25.91,-31.39%,16.37,16.57,16.35,16.27,44.44,-45.69,-26.69,985858,Average,Soft,30.98%,0.61,15.63,16.91,21%
ELVA,"Electrovaya Inc","Electronics Products - Misc",6.19,-0.16%,1,Sell,"88% Sell",-26.09,+3.86%,9.04,7.87,8.76,6.64,36.54,-10.44,-31.97,679469,Strongest,Good,12.22%,0.3,6.1,7.18,9%
LOAN,"Manhattan Bridge","Finance - Consumer Loans",3.92,-0.76%,3,Sell,"100% Sell",-26.29,-26.04%,4.23,4.13,4.3,4.05,35.36,-40.34,-26.02,29353,Strongest,Strong,34.22%,0.68,3.96,4.14,-19%
PRIM,"Primoris Services Corp","Building - Heavy Construction",76.94,+0.29%,1,Sell,"88% Sell",-26.34,-36.12%,100.02,81.15,117.21,75.33,48.76,-50.42,-48.34,1394885,Weakening,Strong,62.67%,1.11,70.98,79.68,69%
WSO,"Watsco Inc","Machinery - General Industrial",304.2,+0.51%,3,Sell,"100% Sell",-26.71,-22.99%,366.16,332.96,376.43,311.54,39.01,-37.29,-20.04,439399,Strongest,Strong,26.74%,0.91,302.78,320.31,8%
ARLO,"Arlo Technologies Inc","Internet - Software",13.4,-0.89%,2,Sell,"40% Sell",-26.83,-25.60%,13.49,13.66,13.55,13.27,48.81,-39.9,-14.54,1324383,Weakening,Weak,59.00%,0.87,12.54,14,59%
CHKP,"Check Point Software",Security,137.69,-0.07%,8,Buy,"24% Buy",-27.12,-30.75%,129.77,132.36,136.75,133.98,56.31,-45.05,-36.12,1311909,Weakening,Minimum,72.76%,1.15,127.38,140.58,78%
LINK,"Interlink Electronics Inc","Electronic Misc Services",5.1,-2.11%,2,Buy,"88% Buy",-27.13,-13.75%,4.56,4.97,4.09,5.36,46.45,-28.05,21.12,54410,Weakening,Good,32.34%,0.74,4.76,5.97,28%
YALA,"Yalla Group Ltd ADR","Internet - Software",5.46,+0.92%,2,Buy,"56% Sell",-27.16,-29.09%,5.71,5.44,6.05,5.51,48.85,-43.39,-31.65,305096,Weakening,Average,25.93%,1.1,5.39,5.62,31%
AOSL,"Alpha and Omega Semi","Electronics - Semiconductors",24.7,-0.24%,1,Sell,"72% Sell",-27.17,-13.30%,36.59,29.93,32.48,25.36,39.76,-27.6,14.36,614289,Strengthening,Average,33.33%,0.91,23.55,27.16,32%
SGA,"Saga Communications","Broadcast - Radio & TV",8.95,-0.78%,1,Sell,"100% Sell",-27.58,-28.17%,9.4,9.11,10.14,9.02,46.93,-42.47,-32.15,13597,Strongest,Good,44.22%,0.42,8.65,9.39,40%
TOYO,"Toyo Co. Ltd",Solar,4.24,-0.24%,1,Sell,"88% Sell",-27.71,-28.64%,8.55,5.03,8.76,4.41,37.69,-42.94,-37.97,423963,Average,Strong,18.60%,0.27,4.09,4.74,23%
POET,"Poet Technologies Inc","Electronics - Semiconductors",7.4,+2.64%,1,Sell,"88% Sell",-28.06,+44.81%,9.86,7.95,8.79,7.78,44.32,30.51,6.58,19995170,Strengthening,Weak,18.88%,0.53,6.96,8.59,27%
LEDS,"Semileds Corp","Electronics - Semiconductors",2.15,0.00%,1,Sell,"72% Buy",-28.24,+3.37%,2.01,2.1,1.8,2.03,54.39,-10.93,33.01,309908,Weakening,Average,84.83%,0.02,1.8,2.25,77%
CSBR,"Champions Oncolog","Medical - Drugs",4.95,+3.77%,3,Sell,"100% Sell",-28.70,-28.98%,5.7,5.35,5.78,5.02,44.31,-43.28,-38.68,10115,Strengthening,Maximum,21.56%,2.94,4.79,5.26,35%
CLB,"Core Laboratories Inc","Oil - Field Services",11.45,-6.61%,4,Hold,"80% Sell",-28.73,-10.89%,12.54,11.81,13.99,12.33,35.83,-25.19,-38.89,547512,Strengthening,Good,37.51%,0.83,11.78,12.88,-31%
CRNC,"Cerence Inc","IT Services",7.85,-2.24%,1,Sell,"88% Sell",-28.82,-30.90%,9.6,8.73,8.91,8.22,39.47,-45.2,-36.89,897735,Strongest,Average,34.10%,0.65,7.7,8.74,14%
GLIBK,"Gci Liberty Inc Series C Gci","Wireline National",24.88,-2.62%,1,Hold,"32% Sell",-29.02,-29.32%,24.65,24.41,28.91,25.86,43.48,-43.62,-43.46,588522,Weakening,Soft,22.09%,0.74,25.15,26.57,-19%
EVAX,"Evaxion A/S ADR","Medical Information Systems",3.03,-0.33%,2,Buy,"72% Sell",-29.05,+3.06%,3.45,3.08,3.54,3.15,44.86,-11.24,-46.8,98240,Average,Soft,28.13%,0.3,2.91,3.39,25%
AI,"C3.Ai Inc Cl A","IT Services",10.56,-2.13%,8,Buy,"56% Buy",-29.17,-39.66%,9.72,9.76,9.51,10.45,53.51,-53.96,-31.98,6006162,Average,Weak,67.37%,0.88,9.78,11.11,59%
ALK,"Alaska Air Group","Transportation - Airline",39.68,-0.58%,1,Sell,"72% Sell",-29.60,-31.11%,44.5,44.95,44.26,41.2,37.1,-45.41,-31.43,3556997,Strongest,Average,18.18%,0.96,39.23,43.16,11%
SMSI,"Smith Micro Software","Computer - Software",2.86,-1.38%,4,Buy,"40% Sell",-29.71,-19.44%,3.23,2.77,3.27,2.9,49.14,-33.74,-4.43,77940,Weakening,Soft,43.91%,0.52,2.78,3.01,33%
NEUP,"Neuphoria Therapeutics Inc","Medical - Biomedical",3.74,-1.06%,2,Sell,"80% Sell",-29.78,-70.10%,4.26,3.75,4.33,3.81,44.22,-84.4,-13.93,96992,Strengthening,Weak,27.01%,0.18,3.66,3.95,28%
GLIBA,"Gci Liberty Inc Series A Gci","Wireless National",25.02,-2.76%,1,Hold,"32% Sell",-29.92,-30.05%,24.96,24.78,29.13,26.3,40.27,-44.35,-42.46,60286,Weakening,Weak,16.75%,0.75,25.42,27.19,-22%
ADNT,"Adient Plc","Auto - Truck Original Parts",18.23,-0.76%,3,Sell,"100% Sell",-29.96,-24.54%,20.48,19.64,20.97,19.01,42.58,-38.84,-15.22,1016135,Strongest,Good,26.87%,0.83,17.97,20.05,13%
BRID,"Bridgford Foods Corp","Food - Misc & Diversified",5.88,-1.18%,2,Sell,"100% Sell",-30.09,-24.57%,6.78,6.26,7.04,6.06,40.32,-38.87,-34.94,3727,Strongest,Maximum,35.04%,2.34,5.79,6.34,17%
IMDX,"Insight Molecular Diagnostics Inc","Medical Information Systems",3.58,-10.95%,3,Sell,"100% Sell",-30.11,+4.07%,4.96,4.47,4.79,4.13,34.73,-10.23,-62.59,206068,Strongest,Good,28.59%,1.5,3.72,4.54,-18%
APPS,"Digital Turbine","Internet - Software",10.84,-4.75%,1,Hold,"80% Buy",-30.58,+103.00%,8.98,10.64,7.18,10.99,47.83,88.7,106.48,3765090,Weakest,Strong,64.14%,0.69,9.97,12.01,43%
SUNS,"Sunrise Realty Trust","Real Estate Operations",7.47,+0.27%,3,Sell,"100% Sell",-30.79,-33.36%,7.95,7.76,8.15,7.5,44.57,-47.66,-31.1,97987,Average,Good,50.10%,0.96,7.28,7.71,44%
WKEY,"Wisekey International Holding Ltd ADR","Protection - Safety",5.78,-0.34%,1,Sell,"100% Sell",-31.04,-0.69%,7.24,6.48,7.14,6.34,36.51,-14.99,-36.69,120703,Strongest,Good,20.34%,0.82,5.88,6.81,-11%
KD,"Kyndryl Holdings","Technology Services",12.84,-3.02%,6,Hold,Hold,-31.32,-59.52%,12.51,12.9,12.62,12.98,47.75,-73.82,-61.98,4197682,Bearish,,58.56%,0.78,12.31,13.65,40%
MARA,"Mara Holdings Inc","Finance - Misc Services",11.04,-1.78%,4,Buy,"8% Buy",-31.52,-37.02%,12.22,11.19,11.15,11.21,48.77,-51.32,12.62,45253152,Weakest,Minimum,53.03%,0.96,10.02,12.4,43%
MNRO,"Monro Muffler Brak","Consumer Services - Misc",12.18,-2.72%,6,Sell,"100% Sell",-31.59,-32.22%,15.06,13.82,16.09,12.64,43.27,-46.52,-49.54,944849,Strongest,Strong,22.79%,1.19,11.82,13.47,22%
JG,"Aurora Mobile Ltd ADR","Internet - Software",6,-7.69%,6,Buy,"16% Sell",-32.54,-36.91%,5.57,5.37,6.14,6.33,49.16,-51.21,-14.32,5727,Weakest,Minimum,63.61%,0.33,5.86,6.8,15%
OEC,"Orion S.A.","Chemical - Specialty",5.75,-1.03%,2,Sell,"72% Sell",-32.65,-35.03%,6.79,6.38,6.52,6.01,39.92,-49.33,-1.42,599167,Strengthening,Weak,18.32%,0.69,5.66,6.36,12%
PLUG,"Plug Power Inc","Electronics Products - Misc",2.02,-1.46%,2,Sell,"88% Sell",-33.27,+20.24%,2.69,2.17,2.57,2.16,40.3,5.94,-7.78,76877422,Strongest,Average,11.34%,0.87,2.01,2.31,5%
KRMD,"Koru Medical Systems Inc","Medical Information Systems",3.2,+1.27%,3,Sell,"100% Sell",-33.31,-20.40%,3.86,3.63,4.05,3.22,38.13,-34.7,-55.24,178363,Average,Good,20.29%,1.53,3.11,3.33,42%
INFQ,"Infleqtion Inc","Computer - Integrated Systems",12.84,+1.34%,3,Buy,"8% Sell",-33.35,+20.11%,12.75,11.68,12.53,13.09,51.23,5.81,-28.01,8668972,Weakest,Weak,21.60%,0.86,12.04,14.13,38%
FIRY,"Firy Inc","Conglomerates - Div Operations",10.3,-0.10%,4,Buy,"100% Buy",-33.58,+39.76%,8.85,9.48,7.01,9.9,56.98,25.46,128.66,579534,Average,Strong,88.86%,0.16,9.32,10.48,85%
WYFI,"Whitefiber Inc","Technology Services",17.26,+2.62%,1,Sell,"56% Sell",-33.64,-10.48%,26.13,24.29,22.61,19.14,38.43,-24.78,-1.08,1665086,Average,Weak,11.85%,0.48,16.36,21.93,16%
RDCM,"Radcom Ltd","Computer - Networks",10.15,-0.59%,2,Sell,"72% Sell",-33.76,-30.67%,12.87,11.27,12.52,10.12,43.05,-44.97,-32.72,139745,Weakening,Strong,36.05%,0.5,9.84,10.4,55%
KROS,"Keros Therapeutics Inc","Medical - Biomedical",10.74,-3.85%,5,Buy,"56% Sell",-33.80,-32.03%,10.88,10.81,11.47,11.13,45.54,-46.33,-57.57,368224,Weakening,Soft,37.10%,1.38,10.74,11.51,-1%
OFRM,"Once Upon A Farm Pbc","Food - Misc & Diversified",16.35,-2.85%,3,Sell,N/A,-33.92,N/A,17,17.01,17.66,17.05,43.91,N/A,N/A,N/A,N/A,N/A,47.83%,0.99,15.99,18.11,17%
MMS,"Maximus Inc","Government Services",57.61,-0.98%,6,Sell,"100% Sell",-34.31,-34.36%,59.35,58.22,63.05,57.98,49.06,-48.66,-43.58,691849,Average,Good,56.82%,1.14,56.01,59.94,41%
RMTI,"Rockwell Medical IN","Medical Products",7.8,-0.64%,6,Buy,"24% Sell",-34.56,-53.57%,7.26,7.2,7.99,7.94,52.02,-67.87,-16.74,42013,Weakest,Weak,43.44%,0.11,7.58,8.3,31%
SERA,"Sera Prognostics Inc Cl A","Medical Services",2.02,+1.51%,5,Hold,"24% Sell",-34.56,-34.42%,1.99,2.05,2.04,2.05,48.75,-48.72,-41.85,50279,Weakest,Weak,16.60%,0.34,1.93,2.18,36%
AIOT,"Powerfleet Inc","Internet - Software",3.03,+0.66%,2,Sell,"72% Sell",-34.69,-42.40%,3.59,3.52,3.5,3,43.56,-56.7,-53.37,1588548,Weakening,Average,52.17%,0.65,2.93,3.08,68%
LZ,"Legalzoom.com Inc","Industrial Services",6.06,-2.73%,8,Sell,"72% Sell",-34.94,-41.84%,6.43,6.66,6.4,6.07,47.05,-56.14,-49.29,2878299,Average,Soft,42.31%,0.7,5.68,6.45,49%
BRAI,"Braiin Limited","IT Services",5.43,-0.18%,4,Hold,N/A,-35.25,N/A,6.67,5.61,0,5.53,45.57,N/A,N/A,N/A,N/A,N/A,35.19%,0.05,5.24,5.81,33%
LAW,"CS Disco Inc","Internet - Software",4.2,-2.78%,3,Hold,"16% Buy",-35.60,-29.88%,4.01,4.15,3.96,4.24,49.84,-44.18,-56.2,315155,Weakest,Minimum,56.14%,0.81,4.02,4.47,41%
RDDT,"Reddit Cl A","Internet - Software",157.6,-1.27%,1,Sell,"72% Sell",-35.68,-40.90%,166,165.63,158.37,154.12,49.99,-55.2,-41.76,5267943,Strengthening,Weak,72.21%,0.48,144.61,163.62,68%
DNA,"Ginkgo Bioworks Holdings","Medical - Biomedical",7.06,+1.00%,2,Sell,"88% Sell",-35.73,-33.58%,8.24,7.67,7.97,7.04,47.42,-47.88,-25.36,1140845,Weakening,Average,50.99%,0.93,6.53,7.55,52%
BOLT,"Bolt Biotherapeutics Inc","Medical - Biomedical",3.63,-9.93%,7,Hold,"96% Sell",-35.74,-29.38%,4.23,3.85,4.36,3.8,44.39,-43.68,-43.93,29180,Strengthening,Strong,58.69%,1.29,3.35,4.25,31%
HLI,"Houlihan Lokey","Finance - Misc Services",130.34,-2.53%,7,Buy,"88% Sell",-35.74,-35.85%,139.15,133.19,143.73,132.87,44,-50.15,-35.49,680693,Strengthening,Good,45.09%,0.69,126.69,139.04,30%
CRWV,"Coreweave Cl A","Internet - Software",83.35,+3.00%,1,Hold,"64% Sell",-35.99,-29.81%,96.37,85.44,94.44,87.18,45.5,-44.11,6.07,27989502,Weakening,Soft,13.25%,0.71,78.07,96.29,29%
BHM,"Bluerock Homes Trust Inc","REIT - Equity Trust Resident",8.18,-3.48%,5,Sell,"100% Sell",-36.22,-34.05%,9.41,8.59,9.86,8.54,41.92,-48.35,-33.66,7883,Strongest,Good,35.54%,0.21,8.14,8.93,5%
ENPH,"Enphase Energy Inc",Solar,35.56,-3.16%,1,Sell,"88% Sell",-36.31,-8.80%,44.22,39.06,42.88,37.18,41.07,-23.1,0.63,6434917,Strongest,Soft,36.61%,0.93,34.8,39.56,16%
JL,"J-Long Group Limited","Textile - Apparel",4.26,-12.51%,1,Sell,"88% Sell",-36.31,-33.44%,5.8,5.28,5.67,4.77,33.23,-47.74,-40.66,37162,Strongest,Strong,55.99%,0.26,4.43,5.11,-25%
RWAY,"Runway Growth Finance Corp","Finance - SBIC & Commercial",6.57,-0.45%,5,Buy,Hold,-36.74,-35.78%,6.16,6.17,6.55,6.6,53.28,-50.08,-36.75,543114,Bearish,,46.69%,0.34,6.5,6.71,34%
HTT,"High Templar Tech Ltd WT","Technology Services",2.47,-0.80%,5,Hold,"80% Sell",-36.93,-40.48%,2.59,2.54,2.59,2.55,42.48,-54.78,-40.74,210391,Average,Weak,22.21%,0.53,2.44,2.66,15%
XNET,"Xunlei Ltd ADR","Internet - Services",4.91,+1.24%,1,Sell,"100% Sell",-37.02,-32.83%,5.44,5.25,5.62,4.94,45.3,-47.13,-41.07,282406,Average,Average,41.13%,0.91,4.77,5.11,42%
ATS,"Ats Corp Cda","Machinery - General Industrial",19.18,0.00%,1,Sell,"100% Sell",-37.65,-31.38%,26.63,22.79,28.02,19.35,38.09,-45.68,-40.68,181878,Average,Maximum,52.92%,1.25,18.73,19.96,37%
PSN,"Parsons Corp","Technology Services",46.49,-0.34%,3,Sell,"100% Sell",-37.93,-38.36%,51.8,49.96,53.93,47.29,45.16,-52.66,-35.09,1393660,Strengthening,Average,37.67%,0.71,44.84,49.75,34%
LFVN,"Lifevantage Corp","Medical - Dental Suppliers",6.18,0.00%,5,Sell,"8% Sell",-37.95,-42.30%,6.5,6.41,5.89,6.4,42.82,-56.6,-10.,247473,Weakest,Minimum,35.24%,0.5,5.95,6.85,25%
ODYS,"Odysight.Ai Inc","Technology Services",3.4,+2.72%,1,Sell,"100% Sell",-38.05,-13.92%,4.25,4.09,4.81,3.56,38.59,-28.22,-7.29,241008,Strengthening,Good,6.44%,0.03,3.26,3.87,23%
TE,"T1 Energy Inc",Solar,4.09,-4.88%,2,Sell,"100% Sell",-38.96,+133.71%,6.55,5.13,6.41,4.53,38.75,119.41,-49.09,26482207,"Top 1%",Good,16.59%,0.65,4.04,5.02,5%
CVRX,"Cvrx Inc","Medical Instruments",3.02,+0.67%,3,Sell,"88% Sell",-39.13,-56.55%,4.92,3.92,5.86,3,43.01,-70.85,-67.78,462228,Average,Strong,46.25%,0.46,2.71,3.28,54%
KOSS,"Koss Corp","Audio & Video Products",3.36,-1.18%,1,Sell,"100% Sell",-39.33,-41.05%,3.85,3.64,3.9,3.47,36.81,-55.35,-29.16,27147,Strongest,Strong,27.62%,0.85,3.35,3.59,6%
CPSH,"Cps Technologies","Electronics - Misc Components",3.9,+0.13%,1,Sell,"72% Sell",-39.42,+16.92%,5.16,4.18,4.89,3.89,45.73,2.62,16.06,755760,Strengthening,Soft,57.44%,0.58,3.69,4.08,55%
ROC,"Rank One Computing Corp","Internet - Software",4.46,+4.69%,3,Sell,N/A,-39.54,N/A,4.87,4.51,0,4.23,54.51,N/A,N/A,N/A,N/A,N/A,77.02%,0.31,4.01,4.45,103%
QTRX,"Quanterix Corp","Medical Products",2.91,+6.99%,3,Sell,"88% Sell",-39.62,-44.89%,3.24,3.22,3.68,2.71,52.2,-59.19,-64.57,894094,Weakening,Good,61.92%,1.18,2.38,3.05,80%
INTR,"Inter Cl A","Finance - Misc Services",5.45,+0.18%,9,Buy,"72% Sell",-39.90,-39.11%,5.84,5.51,6.67,5.54,47.4,-53.41,-46.05,4344457,Average,Average,29.91%,0.75,5.2,5.88,37%
BLDP,"Ballard Power Sys","Utility - Electric Power",2.1,-0.94%,1,Sell,"88% Sell",-40.36,-4.55%,3.5,2.58,3.15,2.29,31.06,-18.85,-27.64,5241370,Strongest,Average,7.29%,0.49,2.1,2.47,1%
LPA,"Logistic Properties of The Americas","Real Estate Operations",3.06,-1.29%,2,Hold,"32% Sell",-40.55,-52.04%,3.22,3.12,3.13,3.12,47.28,-66.34,1.77,148500,Strengthening,Minimum,35.71%,0.3,2.92,3.33,35%
SPCE,"Virgin Galactic Holdings Inc","Aerospace - Defense",2.93,-3.62%,1,Buy,"40% Sell",-40.78,-10.67%,3.11,2.87,2.95,2.99,47.39,-24.97,-19.04,13684871,Average,Weak,43.78%,0.87,2.83,3.16,31%
PDYN,"Palladyne AI Corp","Technology Services",5.61,-1.23%,1,Hold,"80% Sell",-40.80,-22.83%,6.12,5.66,6.34,5.79,44.73,-37.13,21.37,2381095,Strongest,Weak,43.41%,0.71,5.37,6.21,28%
SAMG,"Silvercrest Ast Cm A","Finance - Investment Mgmt",9.7,-0.51%,3,Sell,"100% Sell",-40.94,-39.53%,10.88,10.11,11.97,9.98,40.28,-53.83,-46.46,47216,Strengthening,Strong,18.62%,1.77,9.69,10.28,2%
DTST,"Data Storage Corp","Internet - Services",2.86,-0.35%,4,Sell,"100% Sell",-41.10,-39.79%,3.44,3.16,3.63,3,39.41,-54.09,-54.46,36903,Strongest,Maximum,9.19%,0.65,2.87,3.13,-2%
FULC,"Fulcrum Therapeutics Inc","Medical - Biomedical",3.79,+0.26%,3,Buy,"56% Sell",-41.26,-48.08%,4.54,3.75,5.77,3.84,46.42,-62.38,-76.81,1714975,Weakest,Average,17.71%,0.72,3.77,3.9,13%
LRMR,"Larimar Therapeutics Inc","Medical - Drugs",3.93,+0.51%,1,Sell,"16% Sell",-41.32,-1.75%,3.82,3.99,4.07,3.98,48.91,-16.05,-7.17,2432771,Weakest,Minimum,34.78%,1.53,3.7,4.26,41%
CSPI,"C S P Inc","Computer - Integrated Systems",7.68,-2.41%,4,Sell,"100% Sell",-41.48,-33.51%,8.57,8.01,8.65,7.82,43.6,-47.81,-48.88,23937,Strengthening,Good,38.83%,0.6,7.4,8.24,33%
LSF,"Laird Superfood Inc","Food - Misc & Diversified",3.5,-9.56%,1,Sell,"24% Buy",-41.53,-37.83%,3.93,4.17,3.48,3.96,36.12,-52.13,47.34,75967,Weakening,Minimum,20.23%,1.73,3.62,4.3,-18%
TIC,"Tic Solutions Inc","Technology Services",8.85,-7.91%,4,Hold,"16% Buy",-41.57,-20.49%,8.62,8.61,8.5,9.41,43.75,-34.79,-22.78,2378821,Weakest,Minimum,33.46%,1.73,8.93,9.9,-9%
AAON,"Aaon Inc","Building Prdcts - Air Heating",75.56,+1.67%,1,Sell,"88% Sell",-42.50,-10.04%,107.5,89.99,102.1,77.44,38.82,-24.34,-11.22,1046022,Strengthening,Good,19.71%,0.88,73.3,81.59,27%
TAOX,"Tao Synergies Inc","Finance - Misc Services",3.7,+0.95%,6,Buy,"56% Sell",-42.51,-38.64%,4.08,3.67,4.35,3.88,47.16,-52.94,-9.78,151260,Weakening,Soft,17.62%,0.48,3.52,4.23,25%
KMPR,"Kemper Corp","Insurance - Multi Line",27.4,-1.51%,7,Sell,"100% Sell",-42.63,-47.88%,28.11,28.07,29.21,27.62,48.05,-62.18,-42.73,985220,Average,Soft,58.72%,0.91,26.56,28.69,40%
HCKT,"Hackett Grp Inc",Consulting,10.99,-1.17%,6,Buy,"24% Sell",-42.65,-46.96%,10.94,10.77,11.81,11.09,49.27,-61.26,-54.33,331439,Weakest,Weak,59.14%,0.74,10.76,11.42,35%
PW,"Power REIT","REIT - Equity Trust Other",7.11,+0.71%,3,Sell,"100% Sell",-42.66,-30.29%,8.14,8.13,8.23,7.42,42.31,-44.59,-29.09,11987,Strengthening,Average,35.12%,0.93,6.68,8.16,29%
DRIO,"Dario Health Corp","Medical Instruments",6.78,+0.44%,2,Sell,"100% Sell",-42.75,+9.53%,7.3,7.17,7.84,7.04,45.5,-4.77,-50.74,17949,Strengthening,Average,34.75%,0.36,6.56,7.53,23%
SCOR,"Comscore Inc","Business Services",5.16,-0.39%,1,Sell,"88% Sell",-42.83,-16.77%,6.78,6.31,6.93,5.09,41.83,-31.07,-30.94,26082,Average,Strong,42.85%,1.27,4.79,5.39,62%
HIVE,"Hive Digital Technologies Ltd","Finance - Misc Services",2.9,+0.35%,3,Hold,Hold,-43.24,-25.26%,3.25,2.95,2.88,2.95,48.26,-39.56,2.08,18307373,Bearish,,50.26%,0.65,2.66,3.23,42%
BRCC,"Brc Inc Cl A","Consumer Prdts - Misc Staple",9.85,+7.89%,2,Hold,"48% Sell",-43.27,-41.37%,11.61,9.75,10.43,8.65,60.38,-55.67,-21.58,105871,Weakest,Weak,92.35%,1.12,7.81,9.49,121%
DUKR,"Duke Robotics Corp","Aerospace - Defense",5.26,-2.59%,3,Sell,"88% Sell",-43.87,-41.56%,6.54,5.45,7.15,5.51,42.11,-55.86,-24.48,15929,Strengthening,Good,28.84%,0.58,5.17,5.84,13%
GBFH,"Gbank Finl Hldgs","Banks - Southwest",19.62,-2.29%,2,Sell,"100% Sell",-43.90,-50.60%,26.67,23.86,27.43,20.22,33.24,-64.9,-52.43,70743,Strongest,Maximum,36.65%,1.44,19.2,21.24,21%
PSFE,"Paysafe Ltd","Financial Transaction Services",6.26,-1.26%,1,Sell,"88% Sell",-44.27,-54.80%,7.57,7.32,7.44,6.56,41.18,-69.1,-32.94,401806,Strongest,Average,30.61%,0.89,6.12,7,16%
GPGI,"Gpgi Inc","Conglomerates - Div Operations",11.92,-3.64%,7,Sell,"88% Sell",-44.78,-38.59%,13.79,13.82,15.59,13.21,36.26,-52.89,-48.49,2588592,Strongest,Good,11.82%,0.76,12.16,14.26,-11%
AGPU,"Axe Compute Inc","IT Services",10.99,-0.59%,5,Buy,"100% Buy",-44.81,-28.17%,7.79,8.98,6.11,10.48,59.51,-42.47,43.39,1267772,Strengthening,Strong,63.65%,1.23,9.5,11.46,76%
CCB,"Coastal Financial Corp","Banks - West",45.41,-3.07%,1,Sell,"100% Sell",-44.83,-57.98%,64.96,56.53,69.75,47.56,36.86,-72.28,-70.69,177785,Strongest,Strong,23.93%,1.1,45.22,49.89,4%
TTGT,"Techtarget Inc.","Technology Services",3.89,-0.26%,5,Buy,"72% Sell",-44.90,-40.61%,4.25,3.91,4.22,3.87,49.59,-54.91,-38.28,429320,Weakening,Soft,49.07%,0.73,3.73,4.01,56%
VTSI,"Virtra Systems Inc","Electronics - Military",2.89,-0.34%,2,Sell,"100% Sell",-44.96,-47.64%,3.33,3.06,3.65,3.02,40.23,-61.94,-41.51,50688,Strengthening,Strong,8.94%,0.73,2.87,3.17,7%
JWEL,"Jowell Global Ltd","Internet Commerce",2.25,+5.14%,1,Hold,"24% Sell",-45.01,+32.35%,2.32,2.25,2.32,2.34,48.14,18.05,-12.49,453397,Weakest,Minimum,19.20%,0.01,1.99,2.68,38%
OLLI,"Ollies Bargain CS","Consumer Prdts - Misc Staple",73.23,-0.23%,3,Buy,"56% Sell",-45.41,-45.79%,75.95,72.53,84.13,74.48,47.78,-60.09,-43.51,1609939,Weakening,Average,52.25%,1.02,70.46,78.5,34%
WOLF,"Wolfspeed Inc","Machinery - General Industrial",23.67,-1.46%,1,Sell,"88% Sell",-45.54,N/A,38.99,28.17,32.54,26.27,39.56,N/A,25.64,3940946,Strongest,Soft,8.81%,0.43,23.27,29.27,7%
STFS,"Star Fashion Culture Holdings Limited Cl A","Advertising Marketing Services",3.4,+1.31%,1,Sell,"88% Sell",-46.22,-46.01%,7.57,5.88,6.39,4.11,33.47,-60.31,-25.6,292337,Strengthening,Soft,6.21%,0.12,3.47,4.75,-6%
ARQ,"Arq Inc","Chemical - Specialty",2.11,+1.69%,3,Hold,"80% Sell",-46.64,-70.64%,2.34,2.15,2.45,2.18,44.93,-84.94,-45.95,479693,Strengthening,Weak,33.83%,0.54,2.05,2.32,20%
SSTI,"Soundthinking Inc","Protection - Safety",5.97,+0.84%,6,Sell,"72% Sell",-46.76,-51.50%,7.35,7.23,7.19,6.03,41.35,-65.8,-35.97,151073,Weakening,Average,31.94%,0.32,5.63,6.43,43%
LVO,"Liveone Inc","Audio & Video Products",3.49,-3.06%,3,Sell,"88% Sell",-46.78,-34.39%,5.12,4.3,5.09,3.74,39.12,-48.69,-36.38,81057,Strongest,Strong,52.34%,0.71,3.34,4.14,19%
AVD,"American Vanguard Corp","Chemical - Specialty",2.13,-5.75%,3,Sell,"100% Sell",-46.81,-61.69%,2.58,2.38,2.91,2.25,40.09,-75.99,-54.56,300887,Strongest,Good,38.99%,2.34,2.13,2.37,1%
OLMA,"Olema Pharmaceuticals Inc","Medical - Biomedical",9.73,-0.51%,2,Sell,"100% Sell",-47.05,+23.32%,11.81,11.12,13.92,10.58,37.17,9.02,-71.4,1513382,Average,Average,20.38%,1.26,9.81,11.34,-5%
CURI,"Curiositystream Inc","Movie & TV Production & Dist",2.79,-0.71%,1,Buy,"24% Sell",-47.10,-41.88%,2.78,2.72,2.93,2.76,51.1,-56.18,-36.9,667648,Weakest,Weak,57.57%,0.53,2.54,2.97,58%
AEYE,"Audioeye Inc","Internet - Software",7.21,-2.30%,1,Buy,"8% Buy",-47.13,-45.99%,6.93,6.81,6.77,7.39,49.57,-60.29,-38.15,154798,Weakest,Minimum,44.65%,2.16,6.8,7.99,35%
AUC,"Atif Holdings Ltd",Consulting,6.96,+4.04%,4,Sell,"40% Sell",-47.32,-23.26%,7.4,7.2,7.06,6.77,50.42,-37.56,12.43,7017,Weakening,Weak,62.96%,0.44,6.14,7.39,66%
PICS,"Pics N.V.","Finance - Misc Services",9.75,+0.62%,3,Sell,N/A,-47.42,N/A,11.18,11.37,11.98,10.58,38.11,N/A,N/A,N/A,N/A,N/A,7.40%,0.91,9.57,11.6,9%
AMSC,"Amer Superconductor","Electronics - Misc Components",27.81,+0.40%,1,Sell,"88% Sell",-47.54,-50.79%,39.05,31.13,37.35,29.13,39.94,-65.09,-13.69,1017643,Strengthening,Good,10.44%,1.03,27.26,31.01,15%
EGG,"Enigmatig Limited Cl A","Business Services",2.64,-3.30%,1,Sell,"88% Sell",-47.76,-52.00%,5.87,4.12,5.85,2.88,34.32,-66.3,-60.03,170734,Strengthening,Strong,10.79%,0,2.56,3.19,13%
PTLE,"Ptl Ltd","Transportation - Services",6.97,-9.72%,5,Sell,"40% Sell",-47.83,-52.10%,7.23,8.71,7.4,7.41,43.35,-66.4,-23.28,90546,Average,Weak,20.10%,0.42,6.64,8.17,21%
AMBO,"Ambow Education Holding Ltd ADR",Schools,2.145,+3.62%,2,Sell,"72% Sell",-48.14,-42.49%,2.26,2.11,2.21,2.07,55.04,-56.79,-32.6,93591,Weakest,Weak,60.91%,0.13,1.99,2.15,100%
YB,"Yuanbao Inc ADR","Insurance - Multi Line",12.44,-1.82%,1,Sell,"100% Sell",-48.15,-49.22%,14.38,13.7,15.89,13.5,35.49,-63.52,-48.92,44918,Strongest,Strong,16.22%,2.11,12.75,14.24,-21%
TRAK,"Repositrak Inc","Internet - Software",8.24,+0.49%,2,Sell,"88% Sell",-49.19,-51.47%,9,8.37,8.74,8.01,52.3,-65.77,-43.71,104758,Average,Soft,70.36%,0.91,7.72,8.31,89%
WD,"Walker & Dunlop","Finance - Mortgage & Rel Svs",39.27,-2.09%,2,Sell,"100% Sell",-49.45,-53.74%,48.29,44.76,48.81,40.66,36.46,-68.04,-45.03,343848,Strongest,Good,24.90%,1.83,39.03,42.29,7%
SRAD,"Sportradar Group Ag Cl A","Internet - Software",13.23,-0.60%,1,Sell,"88% Sell",-49.75,-56.25%,13.86,13.65,15.08,12.9,51.54,-70.55,-54.66,2749755,Average,Average,84.12%,0.78,12.4,13.39,84%
ARRY,"Array Technologies Inc",Solar,4.2,-4.11%,1,Sell,"100% Sell",-50.03,-45.67%,6.63,5.2,7.09,4.56,33.68,-59.97,-64.77,6076264,Strongest,Maximum,12.80%,0.79,4.25,4.87,-8%
UPWK,"Upwork Inc","Internet - Services",8.55,-0.75%,7,Sell,"88% Sell",-50.20,-50.00%,8.94,8.94,9.96,8.73,45.71,-64.3,-67.18,3617433,Average,Average,38.79%,0.61,8.21,9.25,32%
STLA,"Stellantis N.V.","Auto - Foreign",4.92,-3.72%,5,Sell,"100% Sell",-50.41,-49.38%,6.28,5.49,6.67,5.31,36.48,-63.68,-65.14,18653590,Strengthening,Strong,33.04%,1.63,5.02,5.6,-18%
SLDP,"Solid Power Inc Cl A","Auto - Truck Original Parts",2.39,-1.24%,6,Buy,"56% Sell",-50.49,-36.10%,2.66,2.32,2.87,2.4,49.08,-50.4,-54.08,5298208,Weakening,Soft,43.65%,0.77,2.24,2.57,46%
AMPG,"Amplitech Group","Communications Components",3.34,+0.30%,1,Sell,"56% Sell",-50.49,-23.39%,4.93,4.78,4.08,3.44,37.12,-37.69,1.39,2116007,Average,Weak,23.44%,0.27,3.21,3.67,27%
ACM,"Aecom Technology Corp","Engineering & R&D Services",62.81,-2.10%,5,Sell,"100% Sell",-50.59,-50.83%,70.47,67.75,76.89,65.24,40.48,-65.13,-44.43,1748756,Average,Good,19.22%,0.82,62,68.48,12%
FAC,"Factorial Energy Inc","Technology Services",5,0.00%,2,Hold,"96% Sell",-50.66,-50.15%,8.72,5.57,9.24,5.05,43.49,-64.45,-61.75,307102,Strengthening,Strong,22.22%,0.38,4.5,5.59,46%
ASPS,"Altisource Portfolio","REIT - Mortgage Trusts",5.63,-1.40%,2,Hold,"80% Sell",-50.89,-49.14%,6.25,5.84,6.36,5.62,47.39,-63.44,-29.31,23948,Strengthening,Weak,53.79%,0.51,5.41,5.83,53%
COHN,"Cohen & Company Inc","Finance - Misc Services",10,-3.19%,1,Sell,"100% Sell",-50.94,-11.50%,12.83,12.22,14.26,11.07,28.66,-25.8,-67.89,30979,Strongest,Good,17.34%,0.85,10.31,11.82,-21%
ACCS,"Access Newswire Inc","Media Conglomerates",4.83,-3.01%,1,Sell,"100% Sell",-50.96,-54.73%,6.39,5.93,6.81,5.14,38.08,-69.03,-58.38,19472,Strongest,Strong,19.72%,2.5,4.68,5.6,16%
GIBO,"Gibo Holdings Limited Cl A","Media Conglomerates",32.85,+0.58%,2,Buy,"8% Sell",-51.15,-55.76%,31.65,30.03,33.13,31.82,56.03,-70.06,-46.07,12559,Weakest,Minimum,54.21%,0.84,28.94,34.71,68%
GTM,"Zoominfo Technologies Inc Cl A","Internet - Software",4.09,-2.62%,5,Buy,"8% Sell",-51.17,-65.46%,3.79,3.65,4.55,4,55.46,-79.76,-70.1,9197071,Weakest,Weak,74.46%,0.75,3.67,4.32,65%
NIU,"Niu Technologies ADR","Auto - Truck Original Parts",2.05,+0.99%,3,Sell,"88% Sell",-51.32,-50.36%,2.36,2.22,2.66,2,48.18,-64.66,-42.66,424742,Weakening,Strong,54.17%,0.4,1.9,2.1,76%
BUR,"Burford Capital Ltd","Finance - Misc Services",3.87,-7.42%,4,Sell,"88% Sell",-51.81,-69.84%,4.4,4.25,5.27,4.3,34.12,-84.14,-66.93,2551217,Strengthening,Average,35.61%,1.51,4.04,4.56,-33%
VHC,"Virnetx Holding Corp","Internet - Software",11.57,+2.66%,2,Sell,"100% Sell",-52.34,-26.63%,13.06,12.63,13.95,12.05,43.14,-40.93,-41.,33260,Average,Good,22.31%,2.09,10.54,13.55,34%
DOCS,"Doximity Inc Cl A","Medical Information Systems",25.94,+0.50%,7,Buy,"40% Buy",-52.48,-64.01%,22.82,23.82,23.3,25.7,54.64,-78.31,-51.74,3922738,Average,Minimum,62.16%,0.49,24.09,27.31,57%
AMPX,"Amprius Technologies Inc","Technology Services",9.1,-0.66%,1,Sell,"88% Sell",-52.49,-0.44%,13.88,10.42,14.52,9.84,37.55,-14.74,5.02,7566308,Strengthening,Good,17.83%,0.92,8.95,10.74,8%
EQPT,"Equipmentshare.com Inc","Industrial Services",17.58,-0.57%,1,Sell,N/A,-52.88,N/A,19.97,18.59,21.7,18.23,43.52,N/A,N/A,N/A,N/A,N/A,28.82%,1.13,16.83,19.64,27%
SSII,"Ss Innovations International Inc","Technology Services",3.27,-0.91%,1,Sell,"100% Sell",-53.00,-41.92%,3.72,3.61,4.04,3.42,39.22,-56.22,-52.75,71856,Strongest,Average,21.34%,1.29,3.18,3.65,19%
PLBL,"Polibeli Group Ltd Cl A",Unclassified,5.43,-2.86%,1,Sell,"100% Sell",-54.91,-44.59%,6.84,6.36,7.4,5.72,41.25,-58.89,-60.78,104313,Strongest,Strong,28.40%,0.47,5.18,6.26,23%
ADVB,"Advanced Biomed Inc","Medical - Biomedical",7.72,-4.46%,4,Sell,"56% Buy",-55.21,-31.32%,6.73,8.62,6.1,8.84,43.41,-45.62,21.96,751624,Weakening,Soft,12.03%,0.01,7.34,10.34,13%
BXBL,"Boxabl Inc","Real Estate Developers",3.98,0.00%,1,Sell,"100% Sell",-55.35,-60.02%,7.86,5.4,8.61,4.16,38.38,-74.32,-70.68,165745,Average,Maximum,22.53%,0.81,3.8,4.52,25%
BESS,"Bimergen Energy Corp","Utility - Electric Power",2.78,+1.83%,1,Sell,"100% Sell",-55.54,-60.29%,3.45,3.21,3.46,3.04,40.6,-74.59,-83.84,217296,Strongest,Average,10.58%,0.56,2.64,3.44,17%
KRKR,"36Kr Holdings Inc ADR","Business Information",3.15,+1.52%,3,Buy,"24% Sell",-56.14,-61.23%,3.14,2.98,3.36,3.13,54.08,-75.53,-44.1,15917,Weakest,Weak,61.88%,0.11,3.02,3.23,63%
ASTI,"Ascent Solar Technologies",Solar,2.78,+0.72%,1,Sell,"100% Sell",-56.84,+42.56%,4.37,3.19,4.68,2.96,38.1,28.26,-42.68,1747515,Strengthening,Good,18.79%,0.47,2.71,3.2,14%
ATTT,"Atlas Trinity Tech Limited","Retail - Consumer Electronics",2.71,0.00%,5,Hold,"96% Sell",-56.95,-69.88%,2.98,2.84,3.31,2.76,47.11,-84.18,27.24,77312,Strongest,Weak,11.04%,0.43,2.49,3.02,41%
XBP,"Xbp Global Holdings Inc","Internet - Software",2.93,-0.68%,3,Buy,Hold,-56.99,-70.99%,2.7,2.89,3.48,2.9,51.25,-85.29,-67.3,19948,Bearish,,75.99%,0.17,2.69,3.1,58%
HURA,"Tuhura Biosciences Inc","Medical - Biomedical",2.03,0.00%,1,Sell,"24% Sell",-57.11,-18.15%,2.25,2.17,2.13,2.09,43.91,-32.45,157.95,926116,Weakening,Minimum,22.67%,0.42,1.95,2.23,28%
ROLR,"High Roller Technologies Inc",Gaming,6.18,-3.89%,10,Sell,"8% Buy",-57.11,+96.82%,6.4,6.22,5.81,6.15,50.23,82.52,189.68,1476607,Weakest,Minimum,59.72%,0.49,5.75,6.55,54%
WXM,"Wf International Limited","Machinery - Electrical",3.75,-1.57%,2,Buy,"56% Sell",-57.51,-89.58%,4.32,3.99,4.49,4.34,42.95,-103.88,-36.79,268855,Strengthening,Weak,10.39%,0.11,3.66,5.01,6%
TONX,"Ton Strategy Company","Finance - Misc Services",2.94,-3.61%,4,Buy,"8% Buy",-57.91,-60.00%,3.15,3.13,2.91,3.12,45.45,-74.3,37.42,438266,Weakest,Minimum,23.61%,0.63,2.77,3.47,24%
GEOS,"Geospace Technologie","Electronics - Measuring Inst",5.01,-1.76%,3,Sell,"100% Sell",-58.25,-71.84%,7.06,6.11,8.2,5.25,36.2,-86.14,-80.69,194567,Strengthening,Good,8.44%,0.68,4.93,5.57,12%
PDC,"Perpetuals.com Ltd ADR","Technology Services",2.79,-9.56%,4,Sell,"100% Sell",-58.30,+19.74%,4.85,3.31,4.97,3.04,41.41,5.44,-67.23,86424,Strongest,Strong,39.26%,0.5,2.74,3.35,9%
LIF,"Life360 Inc","Protection - Safety",40.71,-3.49%,1,Sell,"72% Sell",-58.71,-59.36%,47.94,49.98,46.82,43.31,37.96,-73.66,-46.85,986875,Strongest,Average,36.94%,0.9,40.91,45.72,-4%
CCOI,"Cogent Comm Hlds","Wireless National",8.67,-6.22%,1,Sell,"100% Sell",-58.82,-77.00%,13.99,11.02,16.39,9.58,36.39,-91.3,-70.11,1353777,Strongest,Average,26.46%,1.38,8.71,10.45,-2%
ATHR,"Aether Holdings Inc","Technology Services",3.47,+6.44%,2,Sell,"56% Sell",-59.17,-35.62%,3.7,3.71,3.55,3.26,52.53,-49.92,-54.35,13776,Weakening,Weak,55.15%,0.33,2.72,3.79,70%
ANGI,"Angi Inc","Internet - Content",5.29,+6.01%,8,Hold,"64% Sell",-60.48,-69.51%,5.56,5.28,6.26,4.84,57.3,-83.81,-69.41,1078231,Weakest,Soft,71.62%,1.39,4.5,5.18,116%
FLUT,"Flutter Entertainment Plc",Gaming,97.56,-2.35%,4,Sell,"100% Sell",-60.87,-65.15%,101.99,101.78,105.03,99.99,45.47,-79.45,-64.95,3156542,Strengthening,Average,44.67%,1.17,96.04,103.95,19%
NUS,"NU Skin Enterprises","Cosmetics & Toiletries",4.58,-3.38%,3,Sell,"100% Sell",-61.22,-60.92%,5.45,4.99,6.22,4.77,39.84,-75.22,-62.71,574443,Strengthening,Strong,41.86%,0.97,4.59,4.95,-3%
QUBT,"Quantum Computing Inc","Internet - Software",8,+2.04%,1,Sell,"100% Sell",-61.34,-52.58%,9.25,8.3,8.78,8.16,45.99,-66.88,-32.35,14847358,Strengthening,Soft,26.67%,0.67,7.59,8.72,36%
VRM,"Vroom Inc","Auto - Domestic",10.14,-0.10%,2,Buy,"8% Sell",-61.40,-62.97%,9.86,8.81,11.45,9.9,54.85,-77.27,-59.31,19709,Weakest,Weak,45.96%,0.13,8.82,10.98,61%
HUHU,"Huhutech International Group Inc","Machinery - General Industrial",4.06,+9.14%,2,Sell,"100% Sell",-61.86,-51.61%,7.2,4.97,7.45,4.29,38.56,-65.91,-70.12,39623,Average,Strong,16.13%,3.51,3.76,4.81,28%
RXT,"Rackspace Technology Inc","Technology Services",3.48,+4.19%,1,Sell,"8% Buy",-61.92,+157.78%,4.46,3.96,3.46,3.26,48.29,143.48,248.11,17661600,Weakest,Minimum,70.46%,0.61,2.98,3.54,89%
UAMY,"United States Antimony Corp","Mining - Non Ferrous",4.56,-2.15%,2,Sell,"100% Sell",-61.99,-14.29%,7.14,5.5,7.8,5.08,39.16,-28.59,-19.48,10660795,Strongest,Strong,11.18%,0.79,4.48,5.67,7%
GSIW,"Garden Stage Limited","Finance - Misc Services",14.4,+0.98%,4,Sell,"100% Sell",-62.26,-57.65%,24.66,19.94,23.88,15.64,35.98,-71.95,-54.59,24516,Average,Good,29.49%,0.15,13.39,17.88,22%
ATOS,"Atossa Therapeutics Inc","Medical - Biomedical",2.42,+2.11%,1,Hold,"80% Sell",-62.97,-80.37%,3.27,2.44,3.83,2.52,46.43,-94.67,-82.98,116077,Weakening,Soft,28.00%,0.71,2.33,2.72,24%
FVRR,"Fiverr International Ltd","Internet Commerce",8.96,-1.32%,6,Sell,"100% Sell",-63.30,-61.41%,10.23,9.74,10.45,9.24,42.93,-75.71,-64.98,982860,Strengthening,Average,32.55%,0.61,8.85,9.63,14%
MLCI,"Mount Logan Capital Inc","Finance - Investment Mgmt",3.2,-1.23%,1,Hold,"64% Sell",-63.45,-60.00%,3.34,3.19,3.78,3.23,50.07,-74.3,-71.53,61539,Weakening,Average,68.61%,0.3,3.15,3.31,32%
SIGA,"Siga Technologies Inc","Medical - Drugs",3.1,+4.03%,8,Sell,"96% Sell",-64.11,-65.52%,3.77,3.19,4.35,3.1,48.49,-79.82,-59.58,579818,Weakening,Strong,40.65%,1.1,2.91,3.29,51%
JFU,"9F Inc ADR","Finance - Misc Services",2.34,-12.69%,3,Hold,"80% Sell",-64.23,-9.65%,2.84,2.51,3.35,2.72,41.67,-23.95,-73.7,47444,Average,Average,37.36%,0.03,2.39,3.06,-7%
FATN,"Fatpipe Inc","Internet - Software",5.52,-3.58%,4,Hold,"64% Buy",-64.50,-12.24%,5.34,5.71,4.2,5.89,41.23,-26.54,162.95,818714,Weakest,Average,23.68%,0.56,5.43,6.36,10%
EFOI,"Energy Focus Inc","Building Products - Ltg FX",2.61,-3.33%,1,Sell,"40% Sell",-64.57,-17.41%,3.24,2.91,2.89,2.81,35.6,-31.71,2.67,910519,Strengthening,Minimum,43.13%,1.14,2.64,2.98,-10%
SQNS,"Sequans Communications S A ADR","Electronics - Semiconductors",2.92,0.00%,3,Buy,"40% Sell",-64.57,-69.58%,3.21,2.85,3.1,2.9,52.57,-83.88,-45.29,150100,Weakest,Minimum,56.16%,0.56,2.72,3.08,55%
FUBO,"Fubo TV","Broadcast - Radio & TV",10.6,-2.84%,7,Buy,"24% Sell",-64.62,-79.41%,10.08,10.01,11.12,10.84,49.51,-93.71,-75.27,1475545,Weakest,Weak,46.53%,0.66,9.82,11.85,38%
YI,"111 Inc ADR","Medical Information Systems",3.38,-3.15%,3,Sell,"100% Sell",-64.95,-43.91%,4.52,3.7,5.38,3.46,45.33,-58.21,21.71,26123,Strongest,Good,58.89%,1.07,3.15,3.77,37%
WING,"Wingstop Inc","Retail - Restaurants",101.06,+0.22%,1,Sell,"100% Sell",-64.99,-61.30%,137.98,124.26,160.28,111.6,35.15,-75.6,-67.95,1130393,Strongest,Strong,24.26%,1.35,102.33,120.88,-7%
CNTN,"Canton Strategic Holdings Inc","Finance - Misc Services",2.04,-0.24%,8,Buy,"72% Sell",-65.07,-29.17%,2.59,2.12,3.04,2.19,42.96,-43.47,-42.99,777797,Average,Good,14.61%,1.71,2.01,2.37,8%
CNSP,"Cns Pharmaceuticals Inc","Medical - Biomedical",5.5,-3.51%,3,Hold,"80% Buy",-65.53,-39.82%,5.15,5.48,4.34,5.78,46.49,-54.12,-5.56,462671,Weakening,Weak,30.83%,0.5,5.44,6.12,9%
UPC,"Universe Pharmaceuticals Inc","Medical - Drugs",4.76,+6.73%,2,Sell,"56% Buy",-65.98,+15.25%,4.18,4.86,3.73,4.71,50.36,0.95,14.61,719990,Weakening,Average,45.48%,0.04,3.77,5.65,53%
SORA,Asiastrategy,"Leisure & Recreational Prdcts",2.27,+2.25%,1,Hold,"32% Sell",-66.37,-58.80%,2.28,2.11,2.18,2.14,52.6,-73.1,-35.89,78421,Weakest,Minimum,69.14%,0.01,1.77,2.51,67%
RGC,"Regencell Bioscience Holdings Ltd","Medical - Biomedical",5.68,+1.43%,5,Buy,"56% Sell",-66.67,-60.31%,13.24,5.67,17.92,5.78,45.42,-74.61,-83.27,298461,Weakest,Good,20.08%,0.51,4.86,6.69,45%
SONM,"Dna X Inc","Wireless Equipment",3.03,+0.33%,3,Sell,"100% Sell",-66.80,-76.10%,4.09,3.43,4.12,3.26,38.4,-90.4,-14.13,39128,Strengthening,Weak,18.40%,1.4,2.93,3.58,15%
LNZA,"Lanzatech Global Inc","Waste Removal Svcs",5.92,+1.72%,3,Hold,"80% Sell",-67.04,-69.17%,8.77,5.99,11.6,6.18,44.53,-83.47,-67.3,71832,Average,Average,17.16%,0.9,5.78,6.58,18%
NCEL,"Newcelx Ltd","Medical - Biomedical",3.39,+2.11%,3,Sell,"24% Buy",-67.08,-84.01%,3.49,3.52,3.21,3.33,51.22,-98.31,68.1,58569,Weakening,Minimum,48.00%,0.3,3.18,3.48,70%
PN,"Pn Smart Energy Limited","Other Alt Energy",2.49,+3.32%,3,Sell,"88% Sell",-67.64,-85.93%,4.41,4.83,5.81,2.54,43.59,-100.23,-93.17,762198,Weakening,Soft,43.47%,0.26,2.15,2.93,44%
LCFY,"Locafy Ltd","Internet - Software",2.34,+3.32%,2,Sell,"100% Sell",-67.74,-62.34%,3.23,2.55,3.63,2.43,44.23,-76.64,-26.93,234096,Strengthening,Strong,39.01%,0.3,2.19,2.67,30%
GURE,"Gulf Resources Inc","Chemical - Diversified",3.4,-2.89%,6,Hold,"72% Sell",-67.75,-51.43%,3.72,3.4,4.25,3.47,49.04,-65.73,-18.46,73925,Strengthening,Average,53.87%,0.26,3.11,3.82,40%
SOC,"Sable Offshore Corp","Oil - US Integrated",4.58,-7.66%,4,Hold,"64% Sell",-68.03,-79.58%,8.13,4.57,9.86,4.82,44.97,-93.88,-59.54,8019796,Average,Soft,36.13%,0.73,4.48,5.16,15%
CGTL,"Creative Global Technology Ltd","Consumer Prdts - Misc Discr",3.7,-11.90%,3,Sell,"96% Sell",-68.34,-58.81%,6.72,4.33,12.61,4.33,36.41,-73.11,-89.59,291990,Strengthening,Average,17.42%,0.07,3.75,4.9,-4%
CJMB,"Callan Jmb Inc","Transportation - Services",2.2,-3.08%,2,Buy,"72% Buy",-68.63,-56.69%,1.36,1.86,1.41,2.24,53.29,-70.99,87.88,1899399,Weakening,Soft,69.75%,0.08,2.01,2.46,42%
EDHL,"Everbright Digital Holding Limited","Advertising Marketing Services",4.64,-2.11%,6,Buy,"56% Buy",-68.68,-68.01%,3.81,4.06,3.52,4.12,64.5,-82.31,-33.01,897874,Average,Weak,84.97%,0.32,3.63,4.62,102%
GOGO,"Gogo Inc","Wireless National",2.55,-0.78%,3,Sell,"100% Sell",-68.84,-72.79%,3.56,3.22,3.87,2.65,39.27,-87.09,-55.6,2157593,Strengthening,Average,32.57%,0.63,2.46,2.84,24%
PLYX,"Polaryx Therapeutics Inc","Medical - Biomedical",2.03,-0.73%,1,Hold,N/A,-69.24,N/A,2.65,2.16,3.41,2.04,46.41,N/A,N/A,N/A,N/A,N/A,50.64%,0.31,1.91,2.16,48%
BYRN,"Byrna Technologies Inc","Technology Services",3.71,-0.54%,1,Sell,"88% Sell",-69.47,-81.77%,4.88,3.91,6.55,3.62,46.65,-96.07,-88.22,573766,Weakening,Average,72.33%,0.23,3.4,3.85,70%
LBGJ,"Li Bang International Corporation Inc","Steel - Specialty",2.05,-1.91%,3,Sell,"100% Sell",-69.94,-99.99%,132.48,55.39,1618.36,2.65,31.57,-114.29,-110.3,230611,Weakening,Average,10.29%,0.12,1.7,3.6,18%
CLGN,"Collplant Biotechnologies Ltd ADR","Medical - Biomedical",3.48,+2.35%,7,Buy,"40% Sell",-70.04,-86.52%,3.57,3.3,4.19,3.37,52.79,-100.82,-85.46,114168,Weakest,Weak,11.77%,0.24,2.85,3.89,61%
SVRE,"Saverone 2014 Ltd ADR","Technology Services",2.15,-4.44%,3,Sell,"100% Sell",-70.56,-88.80%,3.59,3.05,3.45,2.64,31.33,-103.1,-71.09,259989,Strongest,Soft,9.33%,0.23,2.22,3.06,-9%
CDIO,"Cardio Diagnostics Hldgs Inc","Medical - Biomedical",2,0.00%,2,Buy,"8% Sell",-70.60,-48.56%,1.86,1.83,2.18,1.95,54.4,-62.86,-36.52,1280613,Weakest,Minimum,63.51%,0.52,1.76,2.15,62%
WKHS,"Workhorse Grp","Auto - Truck Original Parts",3.03,-0.66%,3,Buy,"48% Sell",-70.74,-77.46%,3.1,3.03,3.12,3.15,46.77,-91.76,-50.79,161574,Weakest,Weak,6.94%,0.53,2.86,3.44,29%
ICU,"Seastar Medical Hldg Corp","Medical Services",3.08,+1.99%,4,Sell,"56% Sell",-70.80,-65.20%,3.63,3.49,3.45,3.1,45.84,-79.5,18.01,113571,Weakening,Weak,43.44%,0.26,2.85,3.35,47%
JDZG,"Jiade Limited",Schools,4.25,+14.25%,7,Sell,"88% Sell",-71.11,-99.19%,16.87,15.04,102.06,3.68,40.91,-113.49,-108.22,119940,Weakest,Average,51.09%,3.59,2.71,4.66,79%
EMAT,"Evolution Metals & Technologies Corp","Machinery - Construct & Mining",3.8,+14.80%,4,Sell,N/A,-71.20,N/A,5.77,3.84,6.63,3.41,55.26,N/A,N/A,N/A,N/A,N/A,47.78%,2.05,2.7,4.12,78%
CLRO,"Clearone Inc","Communications Components",4.19,-4.99%,7,Sell,"24% Sell",-71.41,-18.80%,4.79,5.92,4.78,5.19,38.14,-33.1,-28.,1424734,Weakening,Weak,2.22%,0.01,4.17,6.22,1%
CTSO,"Cytosorbents Cor","Medical Products",5.73,-5.45%,2,Sell,"100% Sell",-72.08,-68.49%,8.51,7.17,10.09,6.75,35.07,-82.79,-65.5,7725,Strongest,Maximum,19.13%,0.4,5.75,7.75,-1%
MENS,"Jyong Biotech Ltd","Medical - Biomedical",2.06,-2.83%,10,Sell,"56% Sell",-72.85,-96.21%,2.11,2.21,2.13,2.19,44.71,-110.51,-58.17,353750,Weakening,Weak,25.61%,0.61,1.97,2.4,21%
MSGY,"Masonglory Limited","Auto - Foreign",2.08,0.00%,1,Sell,"88% Sell",-73.05,-98.20%,3.27,2.57,3.54,2.04,45.09,-112.5,-100.65,316732,Weakening,Weak,53.33%,0.07,1.61,2.48,54%
AIFA,"All IN Futuretech Alliance Inc",Gaming,2.88,-1.03%,2,Buy,"72% Buy",-73.47,-56.76%,2.57,2.47,2.39,3.01,51.17,-71.06,12.19,965715,Weakening,Weak,44.69%,0.16,2.78,3.24,21%
KDK,"Kodiak AI Inc","Technology Services",3.6,-5.51%,1,Sell,"100% Sell",-73.97,-68.42%,5.56,4.14,6.47,3.8,38,-82.72,-77.35,904771,Strongest,Strong,34.07%,1.74,3.54,4.07,11%
MFI,"Mf International Limited","Internet - Software",9.27,+0.54%,4,Buy,"8% Sell",-74.04,-78.80%,9.23,8.73,10.35,9.25,53.98,-93.1,-60.45,32058,Weakening,Minimum,38.00%,0.38,8.66,9.84,52%
BKYI,"Bio-Key International Inc","Electronics Products - Misc",2.56,-3.94%,1,Sell,"100% Sell",-74.04,-69.38%,4.15,3.74,4.8,2.88,28.03,-83.68,-62.83,135266,Strongest,Maximum,12.97%,0.12,2.53,3.24,5%
SERV,"Serve Robotics Inc","IT Services",4.29,-0.92%,1,Sell,"100% Sell",-74.10,-64.57%,6.51,5.02,7.44,4.72,36.24,-78.87,-68.99,4999229,Strengthening,Strong,10.19%,0.92,4.29,5.16,0%
STG,"Sunlands Online Education Group ADR","Internet - Services",2.9,-0.34%,2,Sell,"100% Sell",-74.17,-65.64%,3.35,3.29,3.64,2.94,40.06,-79.94,-61.33,145873,Strengthening,Average,65.77%,0.15,2.82,3.07,33%
NRSN,"Neurosense Therapeutics Ltd","Medical - Biomedical",6.49,-7.68%,2,Sell,"100% Sell",-74.58,-72.26%,12.92,10.04,14.02,7.84,36.24,-86.56,-68.12,12866,Strongest,Maximum,24.56%,1.22,6.12,9.56,11%
ARBK,"Argo Blockchain Plc ADR","Finance - Misc Services",2.8,0.00%,4,Sell,"100% Sell",-74.87,-94.98%,3.3,2.97,3.19,2.93,39.24,-109.28,-28.21,55748,Average,Weak,17.87%,0.13,2.8,3.05,-1%
AVX,"Avax One Technology Ltd","Finance - Misc Services",3.39,-11.02%,5,Buy,"88% Sell",-75.13,-87.72%,4.76,3.57,5.79,3.55,43.72,-102.02,-91.61,46914,Strengthening,Weak,58.92%,3.08,3.04,4.05,34%
DOMO,"Domo Inc Cl B","Internet - Software",3.84,-2.04%,2,Buy,"40% Buy",-75.58,-77.24%,3.57,3.72,3.61,3.8,52.7,-91.54,-64.77,1691120,Weakening,Minimum,68.72%,0.47,3.67,3.94,63%
ANTA,"Antalpha Platform Holding Company","Finance - Misc Services",3.45,-1.71%,2,Sell,"100% Sell",-75.63,-70.35%,5.76,3.87,6.59,3.77,42.62,-84.65,-71.51,5797,Strengthening,Strong,24.88%,0.38,3.37,4.17,11%
TGEN,"Tecogen Inc","Building Prdcts - Air Heating",2.94,-1.01%,1,Sell,"88% Sell",-76.23,-58.06%,4.44,3.46,4.04,3.11,36.93,-72.36,-50.81,430131,Strongest,Average,37.22%,0.31,2.86,3.36,16%
LFS,"Leifras Co. Ltd ADR","Leisure & Recreation Services",2.17,+0.46%,3,Hold,"88% Sell",-76.25,N/A,2.23,2.24,2.29,2.22,46.23,N/A,-31.98,1067950,Average,Average,21.60%,0.06,2.09,2.36,30%
WNW,"Meiwu Technology Ltd","Technology Services",2.52,+7.23%,2,Sell,"88% Sell",-76.30,-98.80%,3.12,2.7,28.09,2.48,49.35,-113.1,-108.51,859852,Weakest,Average,9.67%,1.03,2.04,2.92,55%
STI,"Solidion Technology Inc","Electronics Products - Misc",6.55,-1.21%,2,Sell,"72% Sell",-76.56,+43.96%,8.8,7.2,7.59,7.36,37.4,29.66,-17.94,959162,Strongest,Weak,10.29%,0.41,6.68,8.03,-10%
GEMI,"Gemini Space Station Inc Cl A","Finance - Misc Services",4.18,-4.02%,6,Buy,"72% Sell",-77.01,-85.14%,4.5,4.3,4.98,4.43,46.48,-99.44,-68.18,1985026,Average,Weak,40.90%,1.18,3.94,4.91,25%
MB,"Masterbeef Group","Retail - Restaurants",4.13,+1.23%,1,Hold,"96% Sell",-77.04,-57.86%,5.64,4.66,5.58,4.42,43.32,-72.16,-52.4,188385,Strongest,Average,33.47%,0.01,3.82,5.01,26%
SSTK,"Shutterstock Inc","Internet - Content",4.94,+1.44%,3,Sell,"100% Sell",-77.37,-77.55%,10.41,6.09,12.53,5.4,35.79,-91.85,-84.46,595745,Average,Strong,14.44%,0.88,4.79,6.01,12%
TANH,"Tantech Holdings Ltd","Chemical - Diversified",14.94,-23.89%,6,Hold,"96% Sell",-77.83,-87.34%,20.54,20.02,25.04,18.75,42.13,-101.64,-80.44,21077,Strengthening,Average,43.55%,0.76,13.78,23.73,12%
UK,"Ucommune Intl Ltd","Real Estate Operations",2.01,+0.50%,2,Sell,"100% Sell",-77.88,-80.49%,2.41,2.09,3.21,2.06,46.19,-94.79,-78.42,130266,Weakening,Average,36.09%,0.27,1.91,2.21,32%
ATPC,"Agape Atp Corp","Medical Products",2.3,-0.43%,1,Sell,"100% Sell",-78.61,-96.52%,2.72,2.51,2.68,2.37,41.59,-110.82,-67.13,2139438,Strengthening,Weak,12.55%,0.13,2.27,2.48,13%
DXST,"Decent Holding Inc","Waste Removal Svcs",2.52,-1.95%,2,Hold,"16% Sell",-78.99,-93.78%,2.4,2.5,2.96,2.59,47.77,-108.08,-103.07,1446396,Weakest,Weak,25.34%,0.02,2.41,2.78,30%
CD,"Chaince Digital Holdings Inc","Financial Transaction Services",2.95,-1.34%,4,Hold,"80% Sell",-79.43,-69.08%,4.66,3.22,4.7,3.28,43.87,-83.38,-50.96,201469,Strengthening,Average,10.66%,1.11,2.7,3.85,21%
CURX,"Curanex Pharmaceuticals Inc","Medical - Drugs",4.19,-2.33%,4,Buy,"72% Sell",-79.46,-97.71%,5.38,4.32,6.4,4.64,43.99,-112.01,-46.95,74578,Average,Weak,18.26%,0.44,3.98,5.3,16%
INSG,"Inseego Corp","Internet - Software",4.11,-0.72%,1,Sell,"100% Sell",-79.49,-67.97%,9.34,5.76,10.32,4.28,34.63,-82.27,-70.3,259349,Strengthening,Maximum,37.14%,0.68,3.98,4.59,22%
CRVO,"Cervomed Inc","Medical - Biomedical",2.44,-0.41%,2,Sell,"100% Sell",-80.32,-69.91%,3.07,2.76,3.45,2.58,38.49,-84.21,-79.43,1827845,Strengthening,Average,20.78%,0.28,2.43,2.72,2%
MLEC,"Moolec Science Sa","Agriculture Operations",6.03,-8.99%,1,Sell,"88% Sell",-81.20,-68.35%,7.58,7.12,8.19,6.91,38,-82.65,47.57,506475,Strongest,Weak,24.74%,1.03,6.37,7.46,-31%
SPHL,"Springview Holdings Ltd","Building & Construction - Misc",2.33,-2.51%,2,Sell,"100% Sell",-82.71,-43.67%,2.73,2.61,2.78,2.46,38.12,-57.97,1.7,976256,Strengthening,Soft,27.41%,0.74,2.3,2.62,9%
SCLX,"Scilex Holding Co.","Medical - Biomedical",5.17,+4.87%,1,Sell,"100% Sell",-83.65,-77.08%,7.1,6.61,7.27,5.39,36.58,-91.38,-67.94,81230,Average,Average,17.79%,0.7,4.9,5.89,28%
EDSA,"Edesa Biotech Inc","Medical - Biomedical",3.87,-6.07%,1,Sell,"88% Sell",-83.90,+57.32%,7.58,5.32,6.67,4.61,27.71,43.02,162.22,1519435,Strongest,Weak,6.88%,1.35,3.86,5.36,1%
SKYQ,"Sky Quarry Inc","Oil - US Integrated",2.97,-8.05%,3,Sell,"72% Sell",-84.92,-33.02%,3.21,3.41,3.67,2.79,49.29,-47.32,55.79,6354860,Average,Weak,46.35%,0.31,2.37,3.21,72%
ABTC,"American Bitcoin Corp","Finance - Misc Services",8.14,+1.88%,7,Buy,"56% Sell",-84.97,-92.98%,10.75,6.99,12.39,8.27,51.28,-107.28,-78.4,1187440,Weakest,Weak,39.50%,0.71,7.38,9.17,43%
JEM,"707 Cayman Holdings Limited","Textile - Apparel",3.62,-6.70%,3,Sell,"100% Sell",-85.04,-96.52%,13.04,5.07,16.57,4.37,38.95,-110.82,-101.79,493443,Strengthening,Weak,2.26%,0.02,2.98,5.76,23%
SLE,"Super League Enterprise Inc",Gaming,4.23,-4.30%,2,Buy,"8% Buy",-85.21,-89.02%,3.58,3.43,3.74,4.15,53.51,-103.32,-52.58,693557,Weakest,Minimum,56.27%,0.06,3.42,4.89,55%
NNNN,"Anbio Biotechnology Cl A","Medical - Biomedical",5.58,+1.27%,1,Sell,"100% Sell",-86.20,-87.23%,16.02,8.73,18.95,6.91,24.68,-101.53,-91.76,69116,Strongest,Maximum,7.58%,1.92,5.47,8.36,4%
YXT,"Yxt.com Group ADR","Internet - Software",2.31,+3.12%,1,Sell,"100% Sell",-87.02,-76.90%,4.2,3.75,4.59,2.67,43.85,-91.2,-81.44,484443,Strengthening,Strong,12.55%,0.01,2.15,3.19,15%
NIPG,"Nip Group Inc ADR",Gaming,13.55,-0.55%,4,Buy,"24% Sell",-87.56,-76.84%,12.51,11.27,16.15,14.4,51.1,-91.14,-65.01,13809,Weakest,Weak,28.88%,0.42,12.37,16.42,29%
SNAL,"Snail Inc Cl A",Gaming,2.51,-1.57%,1,Sell,"40% Sell",-87.62,-46.59%,3.7,3.74,3.53,2.76,32.34,-60.89,-53.85,1460232,Average,Average,20.97%,0.16,2.42,3.1,13%
QNTM,"Quantum Biopharma Ltd","Medical - Biomedical",3.65,+5.49%,1,Buy,"40% Sell",-88.24,-78.08%,4.13,3.24,3.9,3.28,58.38,-92.38,-60.32,267345,Weakest,Minimum,74.01%,1.03,2.9,3.66,98%
SOWG,"Sow Good Inc","Consumer Prdts - Misc Discr",2.86,-9.78%,3,Hold,"48% Sell",-89.46,-76.25%,2.73,3.29,3.8,3.22,41.2,-90.55,-54.91,150427,Weakening,Weak,10.38%,0.68,2.85,3.59,2%
CIIT,"Tianci International Inc","Transportation - Ship",2.58,+7.50%,1,Sell,"100% Sell",-89.69,-96.39%,7.53,3.46,13,3,34,-110.69,-99.24,291387,Weakening,Average,12.62%,0.55,2.37,3.63,17%
OMH,"Ohmyhome Limited","Technology Services",2.39,+7.66%,3,Sell,"100% Sell",-90.48,-96.49%,23.5,8.27,36.12,3.41,35.68,-110.79,-104.4,225253,Weakening,Strong,6.97%,0.07,1.36,5.46,25%
BIRD,"Smartbird Inc","Shoes and Related Apparel",2.37,+0.64%,2,Hold,"96% Sell",-90.56,-60.57%,3.65,2.56,3.77,2.45,43.06,-74.87,-52.52,2464592,Strengthening,Average,10.47%,0.43,2.27,2.63,27%
LNAI,"Lunai Bioworks Inc","Medical Information Systems",2.17,-0.91%,4,Hold,"96% Sell",-90.61,-85.18%,2.58,2.41,2.8,2.31,42.76,-99.48,-79.56,1159906,Average,Weak,8.10%,0.14,2.03,2.59,26%
HAO,"Haoxi Health Technology Limited Class A Ord Shar","Advertising Marketing Services",2.82,0.00%,1,Sell,"100% Sell",-91.16,-99.91%,250.47,4.27,1144.91,3.18,20.98,-114.21,-110.22,130167,Weakening,Good,19.00%,0.06,2.57,3.79,20%
DCOY,"Decoy Therapeutics Inc","Medical - Biomedical",2.89,+6.64%,1,Sell,"100% Sell",-91.40,-95.77%,5.14,3.95,5.86,2.93,39.26,-110.07,-73.2,145923,Average,Weak,25.45%,0.51,2.51,3.35,45%
SHPH,"Shuttle Pharmaceuticals Holdings Inc","Medical - Drugs",3.13,-11.33%,2,Hold,"96% Sell",-91.69,-91.26%,4.63,3.57,6.15,3.54,39.06,-105.56,-92.93,792302,Strengthening,Soft,14.39%,0.01,3.23,3.85,-17%
ICCM,"Icecure Medical Ltd Ord","Medical Services",2.06,+0.49%,1,Sell,"100% Sell",-91.73,-93.27%,4.48,2.84,8.03,2.25,31.32,-107.57,-99.07,1061449,Weakening,Strong,5.78%,0.67,2.01,2.49,11%
ASTC,"Astrotech Corp","Aerospace - Defense Equipment",6.01,-7.25%,1,Sell,"56% Sell",-92.31,+23.41%,10.35,7.68,7.89,7.15,31.82,9.11,63.38,2006456,Strengthening,Minimum,15.04%,0.28,6.3,7.99,-17%
RAYA,"Erayak Power Solution Group Inc Cl A","Electronics Products - Misc",2.23,+14.36%,1,Sell,"100% Sell",-93.30,-97.84%,2.88,2.43,4.18,2.24,47.64,-112.14,-104.45,312452,Weakening,Weak,51.08%,6.59,2.02,2.45,49%
GAUZ,"Gauzy Ltd","Electronics Products - Misc",7.61,+0.13%,4,Buy,"56% Sell",-93.46,-93.04%,9.96,7.5,11,7.79,49.07,-107.34,-80.82,85155,Weakest,Weak,35.40%,0.03,6.33,9.26,44%
INLF,"Inlif Limited","Medical Products",2.93,+1.56%,2,Sell,"100% Sell",-93.57,-99.89%,293.16,3.94,543.54,3.86,23.32,-114.19,-110.13,994535,Weakening,Good,2.63%,0.01,2.7,5.03,10%
SXTC,"China Sxt Pharmaceuticals Inc","Medical - Drugs",2.19,-7.20%,2,Sell,"100% Sell",-93.65,-99.99%,101.2,47.12,121.11,2.87,24.59,-114.29,-110.31,402634,Average,Weak,31.90%,0.07,1.37,4.38,27%
HKIT,"Hitek Global Inc Ordinary Share","Technology Services",2.56,+5.79%,4,Sell,"100% Sell",-93.68,-99.96%,18.75,3.14,1037.77,2.81,35.95,-114.26,-110.29,249733,Weakening,Average,17.03%,0.62,2.38,3.24,21%
MNTS,"Momentus Inc","Aerospace - Defense",4.09,+1.74%,1,Sell,"100% Sell",-93.78,-81.06%,6.74,4.59,6.04,4.15,41.91,-95.36,-26.34,3250335,Average,Soft,23.42%,0.41,3.97,4.34,33%
DSY,"Big Tree Cloud Holdings Limited","Consumer Prdts - Misc Staple",3.42,-5.79%,1,Sell,"8% Sell",-93.84,-88.97%,3.25,3.77,3.17,3.87,38.03,-103.27,-47.57,1062463,Weakening,Minimum,10.06%,0.03,3.51,4.23,-12%
PCLA,"Picocela Inc ADR","Diversified Comm Services",7.19,-11.89%,3,Buy,"88% Buy",-93.85,-52.11%,5.41,6.34,4.61,7.41,49.93,-66.41,-30.96,865345,Average,Soft,17.92%,0.15,5.36,9.46,45%
VEEE,"Twin Vee Powercats Co.","Leisure & Recreational Prdcts",8.6,-4.44%,1,Sell,"72% Sell",-93.97,-90.15%,9.85,13.5,11.67,9.77,39.93,-104.45,-96.96,803930,Average,Weak,20.20%,0,8.74,10.8,-7%
CETX,"Cemtrex Inc","Conglomerates - Div Operations",2.45,+1.66%,1,Sell,"100% Sell",-94.41,-97.47%,4.77,2.7,6.48,2.57,38.68,-111.77,-100.86,481424,Weakening,Weak,14.49%,1.24,2.32,2.82,26%
FXHO,"Utime Ltd","Wireless Equipment",11.2,-9.53%,3,Hold,"64% Sell",-94.43,-99.80%,11.51,12.36,17.14,11.51,47.33,-114.1,-88.36,154372,Weakening,Weak,67.90%,0.49,9.01,14.02,44%
VBIO,"Valion Bio Inc","Medical - Biomedical",2.08,-1.42%,1,Sell,"100% Sell",-94.74,-97.36%,12.88,6.14,16.35,2.93,27.78,-111.66,-104.58,139286,Average,Good,2.70%,0.24,1.68,4.18,16%
TRNR,"Interactive Strength Inc","Leisure & Recreation Services",2.76,-1.08%,1,Sell,"100% Sell",-95.38,-98.92%,4.36,3.12,6.97,2.97,37.65,-113.22,-105.72,119846,Average,Weak,23.16%,0.07,2.79,3.16,-9%
PAVS,"Paranovus Entertainment Technology Ltd","Conglomerates - Div Operations",3.97,-8.94%,1,Sell,"100% Sell",-95.76,-100.00%,41.47,5.19,310.16,4.86,29.44,-114.3,-110.13,410015,Average,Weak,14.36%,0.03,4.07,5.65,-7%
RBNE,"Robin Energy Ltd","Transportation - Ship",2.34,-8.59%,2,Sell,"100% Sell",-96.46,-97.62%,9.92,3.36,19.18,2.68,35.26,-111.92,-105.,160441,Average,Soft,36.65%,0.37,2.38,2.97,-6%
GNPX,"Genprex Inc","Medical - Biomedical",3.41,+3.02%,1,Sell,"100% Sell",-96.48,-98.86%,10.8,5.71,20.01,3.63,31.18,-113.16,-101.46,79025,Weakening,Weak,12.44%,0.13,3.14,4.13,27%
ELPW,"Elong Power Holding Cl A","Electronics Products - Misc",2.62,-4.73%,3,Sell,"100% Sell",-96.64,-99.99%,49.89,7.09,187.7,3.39,30.9,-114.29,-110.28,222433,Weakening,Weak,5.55%,0.06,2.29,4.49,15%
SMX,"Smx [Security Matters] Plc Cl A","Technology Services",15.79,-3.84%,5,Hold,"80% Sell",-96.78,-99.86%,22.51,16.68,296.23,16.8,43.71,-114.16,-109.3,52690,Weakening,Weak,11.04%,0.39,14.96,18.64,22%
CPOP,"Pop Culture Group Company Cl A","Advertising Marketing Services",3.13,-6.57%,1,Sell,"100% Sell",-97.29,-98.74%,23.73,5.57,31.98,4.59,32.57,-113.04,-105.35,123610,Average,Average,8.82%,0.13,3.14,6.04,0%
AEHL,"Antelope Enterprise Hldg Ltd","Conglomerates - Div Operations",9.22,+78.68%,8,Hold,"64% Sell",-97.41,-97.12%,14.8,8.08,20.58,6.46,57.81,-111.42,-104.89,720780,Weakest,Weak,53.25%,2.7,3.77,9.16,101%
BYAH,"Park Ha Biological Technology Co. Ltd","Consumer Prdts - Misc Staple",2.37,-13.50%,2,Sell,"100% Sell",-97.52,-98.68%,6.43,3.12,8.22,2.67,38.46,-112.98,-106.59,310418,Average,Weak,40.22%,3.76,2.25,3.1,14%
NXTT,"Next Technology Holding Inc","Internet - Software",5.29,+0.86%,3,Sell,"100% Sell",-97.55,-99.78%,89.81,33.91,140.06,6.03,22,-114.08,-109.44,51989,Weakening,Weak,29.15%,0.06,4.09,7.96,31%
YMT,"Yimutian Inc ADR","Agriculture Products",2.06,+1.98%,2,Sell,"100% Sell",-98.34,-99.63%,12.85,4.62,44.32,2.58,28.92,-113.93,-109.78,94548,Weakening,Average,13.22%,0.14,1.59,3.56,24%
BIYA,"Baiya International Group Inc","Internet - Software",2.08,+0.48%,1,Sell,"100% Sell",-98.56,-98.57%,5.85,2.97,9.07,2.27,37.25,-112.87,-104.95,1861945,Weakening,Weak,15.07%,0.01,2.07,2.46,2%
LGHL,"Lion Group Holding Ltd ADR","Finance - Misc Services",5.75,-20.47%,2,Sell,"100% Sell",-98.90,-99.84%,74.16,19.93,114.7,9.71,22.13,-114.14,-109.08,77527,Average,Weak,11.73%,0.21,5.52,13.9,3%
VMAR,"Vision Marine Technologies Inc","Leisure & Recreational Prdcts",7.25,-5.23%,4,Sell,"100% Sell",-98.98,-99.87%,33.93,8.17,95.95,7.73,41.59,-114.17,-109.41,159972,Weakening,Weak,19.56%,0.06,6.26,9.21,34%
KIDZ,"Kidz AI Inc",Schools,3.06,+1.49%,4,Sell,"100% Sell",-99.67,-99.97%,32.94,6.09,195.54,4.03,29.8,-114.27,-110.09,356670,Weakening,Weak,10.99%,0.02,2.73,5.34,13%
HUBC,"Hub Cyber Security Ltd","Protection - Safety",6.03,-4.74%,5,Sell,"100% Sell",-99.72,-100.00%,82.09,21.72,6395.91,15.49,22.93,-114.3,-110.32,59930,Weakening,Weak,3.25%,0.99,6.23,24.76,-1%
JAN,"Janus Living Inc Class A-1","REIT - Equity Trust Resident",30.55,-3.29%,5,Buy,N/A,N/A,N/A,28.57,30.44,0,30.89,48.81,N/A,N/A,N/A,N/A,N/A,62.96%,1.27,30.03,31.74,30%
LABT,"Lakewood-Amedex Biotherapeutics Inc","Medical - Biomedical",2.09,-3.69%,7,N/A,N/A,N/A,N/A,8.45,2.29,0,2.23,42.94,N/A,N/A,N/A,N/A,N/A,26.67%,0.02,1.82,2.64,33%
LFTO,"Liftoff Mobile Inc","Advertising Marketing Services",17.59,-3.72%,1,N/A,N/A,N/A,N/A,0,21.28,0,18.58,36.88,N/A,N/A,N/A,N/A,N/A,40.44%,1.04,17.71,19.46,-7%
MOBI,"Mobia Medical Inc","Medical Instruments",10.71,-0.56%,2,N/A,N/A,N/A,N/A,0,11.46,0,10.99,45.76,N/A,N/A,N/A,N/A,N/A,26.12%,1.14,9.89,12.09,37%
NHP,"National Healthcare Properties Inc Cl A","REIT - Equity Trust Resident",16.12,+0.88%,5,Hold,N/A,N/A,N/A,15.1,16.04,0,16.32,49.47,N/A,N/A,N/A,N/A,N/A,30.85%,0.79,15.6,17.05,36%
NINE,"Nine Energy Service Inc","Oil - Field Services",9.91,-3.22%,3,Sell,N/A,N/A,N/A,10.81,10.92,0,10.44,42.66,N/A,N/A,N/A,N/A,N/A,27.90%,0.67,9.72,11.16,13%
OPTH,"Optimi Health Corp","Medical - Drugs",4.9,-3.35%,4,N/A,N/A,N/A,N/A,0,4.78,0,4.81,52.8,N/A,N/A,N/A,N/A,N/A,77.82%,1.27,4.43,5.18,62%
QH,"Quhuo Limited ADR","Technology Services",3.95,-1.00%,1,N/A,N/A,N/A,N/A,0,4.79,0,4.14,40.47,N/A,N/A,N/A,N/A,N/A,14.00%,0.1,3.83,4.45,19%
QNT,"Quantinuum Inc Cl A","Internet - Software",52.01,+6.91%,1,N/A,N/A,N/A,N/A,0,56.15,0,51.08,48.59,N/A,N/A,N/A,N/A,N/A,41.02%,1.32,45.63,56.53,59%
SPCX,"SpaceX Corp","Wireless National",150.88,+5.15%,3,N/A,N/A,N/A,N/A,0,134.49,0,143.64,57.27,N/A,N/A,N/A,N/A,N/A,61.22%,1.21,132.53,154.76,83%
AIIR,"Air Global Plc",Tobacco,7.16,-1.78%,2,N/A,N/A,N/A,N/A,0,6.85,0,7.38,49.24,N/A,N/A,N/A,N/A,N/A,29.08%,0.36,6.77,7.99,32%
AMAN,"Amanat Acquisition Corp",Unclassified,10.65,-0.56%,4,N/A,N/A,N/A,N/A,0,10.4,0,10.69,54.82,N/A,N/A,N/A,N/A,N/A,66.12%,0.14,10.6,10.79,26%
ARXS,"Arxis Inc Cl A","Electronics - Misc Components",49.51,-0.42%,1,Hold,N/A,N/A,N/A,45.08,50.47,0,52.43,40.45,N/A,N/A,N/A,N/A,N/A,14.57%,0.95,49.22,55.63,4%
AZUL,"Azul S.A. ADR","Transportation - Airline",6.57,+0.46%,1,N/A,N/A,N/A,N/A,0,8.03,0,7.27,16.84,N/A,N/A,N/A,N/A,N/A,5.31%,0.09,6.56,7.99,1%
BOT,"Robostrategy Inc","Finance - Investment Mgmt",26.09,-2.25%,1,N/A,N/A,N/A,N/A,0,28.54,0,27.02,43.73,N/A,N/A,N/A,N/A,N/A,33.59%,0.42,25.31,28.73,23%
CBRS,"Cerebras Systems Cl A","Technology Services",190.47,+3.50%,1,N/A,N/A,N/A,N/A,0,201.44,0,190.79,47.41,N/A,N/A,N/A,N/A,N/A,30.74%,0.78,169.11,212.46,49%
CLBR,"Colombier Acquisition Corp III Cl A",Unclassified,10.205,-0.10%,4,Sell,N/A,N/A,N/A,10.2,10.27,0,10.24,41.03,N/A,N/A,N/A,N/A,N/A,16.27%,2.51,10.21,10.27,-9%
FCBM,"First Carolina Financial Services Inc","Banks - Southeast",12.96,-0.08%,8,N/A,N/A,N/A,N/A,0,12.69,0,12.71,60.89,N/A,N/A,N/A,N/A,N/A,57.62%,2.53,12.44,12.99,95%
FISN,"Deep Fission Inc","Machinery - General Industrial",7.1,-0.14%,1,N/A,N/A,N/A,N/A,0,8.71,0,7.11,41.71,N/A,N/A,N/A,N/A,N/A,71.75%,1.04,6.24,7.98,49%
FRBT,"Forbright Inc Cl A","Banks - West",18.52,-0.16%,1,N/A,N/A,N/A,N/A,0,19.13,0,18.64,45.52,N/A,N/A,N/A,N/A,N/A,53.45%,1.34,18.03,19.24,40%
GMRS,"Gmr Solutions Inc Cl A","Medical Services",12.97,+1.89%,4,N/A,N/A,N/A,N/A,0,13.23,0,13.09,49.08,N/A,N/A,N/A,N/A,N/A,43.74%,3.59,11.98,14.2,45%
HMH,"Hmh Holding Inc","Oil Field Machinery & Equip",19.7,-1.70%,3,Buy,N/A,N/A,N/A,20.35,19.93,0,19.74,48.73,N/A,N/A,N/A,N/A,N/A,49.40%,1.63,18.53,20.95,48%
HONA,"Honeywell Aerospace Inc","Aerospace - Defense Equipment",164.18,+3.59%,2,N/A,N/A,N/A,N/A,0,181.59,0,159.82,49.1,N/A,N/A,N/A,N/A,N/A,73.24%,1.22,150.05,169.58,72%
"Downloaded from Barchart.com as of 09-16-2026 09:56pm CDT"
