Symbol,Name,Industry,Latest,%Change,"1M #Hi",Trend,Opinion,"Wtd Alpha","52W %Chg","100D MA","50D MA","150D MA","20D MA","14D RSI","1Y vs IDX","YTD vs IDX","200D Avg Vol",Direction,Strength,"14D Stoch %K","50D RelVol","BB Lower","BB Upper",BB%
SYRE,"Spyre Therapeutics Inc","Medical - Biomedical",103.42,-0.89%,7,Buy,"100% Buy",+451.90,+547.99%,76.06,89.93,62.69,99.68,57.74,526.48,203.06,1004815,Average,Maximum,81.21%,0.33,93.47,105.88,80%
RLAY,"Relay Therapeutics Inc","Medical - Drugs",19.75,+0.30%,2,Buy,"100% Buy",+411.15,+459.49%,15.17,17.47,13.02,19.16,59.15,437.98,120.82,3002269,Strengthening,Maximum,72.76%,0.67,18.17,20.16,80%
STX,"Seagate Technology Holdings","Computer - Integrated Systems",852.95,+1.83%,3,Sell,"56% Buy",+397.87,+479.17%,740.85,893.31,618.72,839.09,50.1,457.66,197.09,4374219,Weakening,Average,61.61%,1.13,740.7,937.47,57%
CLYM,"Climb Bio Inc","Medical - Biomedical",14,+12.27%,5,Hold,"96% Buy",+270.49,+700.00%,10.58,12.28,8.88,12.76,63.17,678.49,237.37,1023899,Strengthening,Maximum,54.01%,1.05,11.48,14.03,99%
RVMD,"Revolution Medicines Inc","Medical - Biomedical",197.81,+0.26%,6,Buy,"100% Buy",+225.49,+439.43%,150.82,174.82,134.45,186.69,62.56,417.92,135.72,2934978,Strengthening,Maximum,89.60%,0.63,176.48,196.91,104%
ANRO,"Alto Neuroscience Inc","Medical - Biomedical",28.47,+1.57%,6,Buy,"100% Buy",+218.14,+818.39%,23.95,24.56,21.91,27.43,58.55,796.88,47.31,482236,Strongest,Strong,76.57%,0.79,26.07,28.78,88%
STTK,"Shattuck Labs Inc","Medical - Biomedical",7.16,-2.85%,5,Buy,"88% Buy",+208.08,+774.45%,6.43,6.17,5.75,7.05,53.08,752.94,83.53,742635,Weakening,Good,66.97%,0.53,6.3,7.79,58%
NBTX,"Nanobiotix S.A. ADR","Medical - Biomedical",37.79,-4.74%,2,Buy,"72% Buy",+198.39,+447.68%,36.95,37.81,33.02,39.06,47.15,426.17,50.82,71301,Weakest,Average,66.06%,1.31,36.44,41.67,26%
EVC,"Entravision Communications Corp","Broadcast - Radio & TV",11.41,-1.64%,1,Hold,"96% Buy",+178.83,+379.41%,7.73,10.71,6.17,11.09,53.97,357.9,276.79,1260939,Weakening,Strong,75.34%,0.69,10.3,11.88,70%
ROIV,"Roivant Sciences Ltd","Medical - Biomedical",35.12,+1.50%,4,Hold,"96% Buy",+177.17,+201.46%,30.67,32.86,28.84,34.51,56.39,179.95,49.21,6526431,Strongest,Strong,71.32%,1.48,33.15,35.88,72%
LASR,"Nlight Inc","Electronics - Semiconductors",75.44,+0.25%,6,Buy,"88% Buy",+173.59,+283.53%,69.08,68.71,63.02,69.84,57,262.02,88.49,1235966,Average,Good,82.34%,0.99,61.18,78.49,82%
APGE,"Apogee Therapeutics Inc","Medical - Biomedical",134.49,+0.19%,9,Buy,"100% Buy",+171.39,+270.29%,99.6,116.95,90.49,134.14,79.5,248.78,65.55,1459071,Average,Maximum,62.99%,0.39,133.78,134.5,98%
HUT,"Hut 8 Corp","Finance - Misc Services",90.65,-2.27%,5,Sell,"24% Buy",+165.84,+338.13%,92.66,110.99,80.08,102,42.09,316.62,84.69,5537022,Weakening,Soft,28.30%,0.7,86.23,117.77,14%
PTGX,"Protagonist Therapeutics Inc","Medical - Biomedical",146.18,+6.45%,4,Buy,"100% Buy",+159.97,+171.38%,111.97,122.54,103.23,135.64,65.3,149.87,54.74,786456,Strongest,"Top 1%",61.09%,1.12,128.38,142.9,123%
NRXS,"Neuraxis Inc","Medical Information Systems",6.93,+2.06%,1,Sell,"16% Buy",+158.34,+178.31%,7.21,6.93,6.49,6.77,52.31,156.8,40.01,305743,Weakest,Weak,75.84%,0.65,6.19,7.35,64%
GHRS,"Gh Research Plc","Medical - Biomedical",30.64,+5.18%,5,Buy,"100% Buy",+156.29,+152.18%,21.84,25.48,19.76,28,68.97,130.67,128.63,306479,Strongest,"Top 1%",73.31%,1.72,25.77,30.23,109%
RCUS,"Arcus Biosciences Inc","Medical - Biomedical",28.33,+2.27%,4,Hold,"96% Buy",+148.17,+198.52%,25.34,27.17,24.11,28.17,51.53,177.01,6.25,1431978,Strengthening,Average,46.23%,2.01,26.36,29.97,55%
CGON,"Cg Oncology Inc","Medical - Biomedical",74.85,+3.36%,4,Buy,"88% Buy",+145.32,+195.97%,66.96,66.67,62.71,71.64,57.98,174.46,67.64,1088429,Strengthening,Strong,72.35%,0.88,68.08,75.21,95%
TRVI,"Trevi Therapeutics Inc","Medical - Biomedical",18.5,-0.80%,2,Buy,"100% Buy",+143.05,+154.47%,15.04,16.76,13.77,17.95,54.94,132.96,35.13,1771719,Strengthening,Maximum,61.31%,0.87,16.66,19.23,71%
IRDM,"Iridium Comm Inc","Satellite Communication",48.31,-0.12%,1,Sell,"72% Buy",+140.84,+100.54%,42.35,48.03,35.36,47.44,52.34,79.03,165.33,2471384,Weakest,Strong,77.70%,0.31,44.61,50.27,65%
DHC,"Diversified Healthcare Trust","REIT - Equity Trust Other",8.72,-4.80%,4,Hold,"64% Buy",+140.49,+158.75%,8.27,8.97,7.57,9.06,43.5,137.24,67.16,1619550,Weakest,Good,43.21%,1.24,8.57,9.56,16%
INNV,"Innovage Holding Corp","Medical Services",10.98,-0.99%,2,Buy,"88% Buy",+137.31,+224.85%,9.04,10.18,8.45,11.43,48.74,203.34,98.93,279504,Average,Strong,28.62%,0.4,10.86,11.99,10%
KOD,"Kodiak Sciences Inc","Medical - Biomedical",45.4,+4.10%,7,Buy,"88% Buy",+135.56,+452.98%,38.11,38.04,33.9,41.88,62.93,431.47,49.74,884961,Strongest,Good,81.17%,0.87,39.29,44.47,118%
SION,"Sionna Therapeutics Inc","Medical - Biomedical",49.61,+4.80%,7,Buy,"100% Buy",+134.58,+192.17%,41.07,42.28,40.25,46.27,59.92,170.66,7.96,376859,Strongest,Good,66.72%,1.51,42.25,50.29,92%
RAPP,"Rapport Therapeutics Inc","Medical - Biomedical",46.35,+9.21%,6,Buy,"100% Buy",+133.37,+217.25%,36.9,39.71,33.99,41.66,65.43,195.74,40.14,362281,Strongest,Maximum,73.71%,1.09,38.91,44.41,135%
CGEM,"Cullinan Therapeutics Inc","Medical - Biomedical",17.95,+1.93%,2,Hold,"96% Buy",+130.12,+127.79%,15.38,16.53,14.48,17.44,56.33,106.28,60.8,945875,Strongest,Strong,71.52%,0.59,16.41,18.47,75%
IMVT,"Immunovant Inc","Medical - Biomedical",39.74,+1.17%,2,Buy,"100% Buy",+128.92,+149.00%,32.03,36.95,30.11,39.31,57.14,127.49,43.7,1620567,Strongest,Maximum,60.50%,0.68,38.28,40.33,71%
JBIO,"Jade Biosciences Inc","Medical - Biomedical",22.24,+2.49%,2,Buy,"88% Buy",+128.41,+184.04%,20.01,19.75,18.22,20.49,60.43,162.53,31.5,611466,Strengthening,Soft,81.11%,0.9,18.72,22.26,100%
FIX,"Comfort Systems USA","Building Prdcts - Air Heating",1713.6,-1.35%,4,Sell,"8% Buy",+127.50,+148.19%,1743.3,1809.96,1572.87,1724.89,47.39,126.68,70.98,501046,Weakening,Weak,64.54%,0.74,1595.28,1854.5,46%
LXRX,"Lexicon Pharmaceutcl","Medical - Biomedical",2.36,-3.67%,2,Buy,"100% Buy",+127.08,+105.22%,2,2.2,1.8,2.3,53.68,83.71,92.59,2709990,Average,Strong,81.22%,1.42,2.12,2.48,66%
PVLA,"Palvella Therapeutics Inc","Medical - Biomedical",154.93,+0.01%,5,Buy,"100% Buy",+126.66,+296.54%,127.07,132.42,118.45,145.4,58.19,275.03,35.39,269410,Strengthening,Strong,87.13%,0.35,130.78,160.02,83%
ALMS,"Alumis Inc","Medical - Biomedical",27.8,+2.51%,2,Buy,"88% Buy",+126.30,+536.16%,24.62,25.36,24.7,27.87,52.48,514.65,172.21,1778855,Strengthening,Average,42.67%,0.46,26,29.74,48%
TWIN,"Twin Disc Inc","Machinery - General Industrial",23.35,-1.93%,6,Buy,"100% Buy",+123.44,+158.01%,19.1,21.54,18.51,22.91,56.2,136.5,27.36,67853,Strengthening,Strong,67.15%,0.62,21.89,23.94,71%
ACHV,"Achieve Life Sciences Inc","Medical - Drugs",6.55,-1.65%,4,Buy,"100% Buy",+122.59,+148.11%,5.01,5.88,4.9,6.28,59.38,126.6,19.16,1210549,Strongest,Strong,83.06%,0.3,5.95,6.62,90%
NRIX,"Nurix Therapeutics Inc","Medical - Biomedical",25.22,+0.40%,4,Buy,"100% Buy",+118.44,+141.11%,18.54,20.98,18.03,23.6,68.17,119.6,20.32,1600797,Strongest,Strong,91.81%,0.36,22.21,24.99,108%
RZLT,"Rezolute Inc","Medical - Biomedical",4.7,+0.43%,3,Buy,"56% Buy",+118.22,-17.40%,3.89,4.62,3.61,4.82,48.27,-38.91,86.52,3561636,Weakening,Weak,46.55%,0.47,4.39,5.24,36%
HYLN,"Hyliion Hldg Corp Cl A","Auto - Truck Original Parts",3.95,+0.25%,4,Sell,"40% Buy",+117.36,+161.59%,3.82,5.21,3.23,3.81,47.14,140.08,102.04,2319585,Weakest,Soft,58.71%,0.55,3.36,4.26,65%
NAT,"Nordic American Tanker Shipping Ltd","Transportation - Ship",6.4,+4.40%,9,Buy,"100% Buy",+117.10,+124.56%,5.79,5.9,5.36,6.32,55.19,103.05,73.42,3840094,Strongest,Strong,35.95%,0.68,6,6.65,62%
MOG.A,"Moog Inc Cl A","Aerospace - Defense Equipment",411.13,+0.63%,1,Buy,"100% Buy",+115.94,+111.91%,352.71,398.18,337.4,402.1,53.93,90.4,56.18,271170,Strongest,Strong,71.81%,0.78,381.61,422.58,72%
NVRI,"Enviri Corporation","Waste Removal Svcs",22.41,-2.61%,5,Buy,"88% Buy",+113.38,+170.98%,20.47,21.75,19.84,22.6,50.3,149.47,12.43,1396960,Weakening,Average,60.49%,0.2,21.6,23.6,40%
LCUT,"Lifetime Brands Inc","Consumer Prdts - Misc Discr",8.7,+3.33%,6,Hold,"80% Buy",+112.10,+108.13%,7.58,8.62,6.23,8.55,53.44,86.62,107.62,152331,Strengthening,Strong,36.70%,2.13,8.19,8.9,72%
GTX,"Garrett Motion Inc","Auto - Truck Original Parts",30.47,-2.99%,2,Sell,"40% Buy",+111.26,+142.40%,27.58,32.47,24.67,31.24,44.53,120.89,62.18,2693910,Weakest,Average,61.47%,0.41,29.63,32.86,26%
MOV,"Movado Group Inc","Retail - Jewelry",37.77,-3.20%,7,Buy,"72% Buy",+110.93,+143.21%,32.12,37.86,29.26,38.14,49.46,121.7,70.54,175402,Weakening,Strong,74.88%,0.75,36.38,39.9,40%
BHE,"Benchmark Electronics","Electronic Manufacturing",82.37,-2.01%,2,Sell,"56% Buy",+109.80,+113.12%,77.54,85.7,69.39,81.18,49.46,91.61,80,385049,Weakest,Average,83.21%,0.46,75.38,86.97,60%
FRD,"Friedman Industries Inc","Metal Production & Fabrication",37.72,+2.22%,7,Buy,"100% Buy",+108.18,+148.65%,25.75,32.15,23.58,34.8,64.25,127.14,71.46,38882,Strongest,Maximum,71.32%,1.78,32.14,37.46,105%
CLDT,"Chatham Lodging Trust REIT","REIT - Equity Trust Other",13.03,-2.62%,7,Buy,"88% Buy",+107.74,+91.34%,10.78,12.77,9.64,13.33,47.81,69.83,78.71,329263,Weakening,Strong,35.41%,1.04,12.87,13.8,17%
NBR,"Nabors Industries","Oil & Gas - Drilling",83.11,+5.75%,7,Sell,"8% Buy",+107.57,+147.35%,88.94,86.77,82.46,82.47,49.68,125.84,40.43,352539,Weakest,Minimum,51.31%,1.35,77.51,87.42,56%
EC,"Ecopetrol S.A. ADR","Oil - International Integrated",17.4,+6.16%,12,Buy,"100% Buy",+106.41,+103.03%,14.88,15.71,13.96,16.28,64.85,81.52,61.02,2905561,Strongest,Maximum,66.08%,0.85,15.38,17.18,112%
SILC,"Silicom Ltd","Computer - Networks",41.52,-5.89%,5,Hold,"48% Buy",+105.77,+152.86%,36.89,42.78,30.62,41.85,49.36,131.35,169.82,91510,Weakest,Average,71.88%,0.82,36.02,47.68,47%
CLOV,"Clover Health Investments Corp","Medical Information Systems",4.66,+12.56%,1,Sell,"72% Buy",+105.71,+106.19%,3.52,4.58,3.1,4.46,54.22,84.68,85.67,6674954,Strengthening,Strong,24.30%,1.63,4.06,4.86,76%
GRC,"Gorman-Rupp Company","Machinery - General Industrial",84.58,-0.75%,5,Buy,"88% Buy",+104.52,+101.91%,75.63,81.89,69.87,81.01,56.8,80.4,64.5,144851,Average,Strong,85.89%,0.75,76.92,85.1,94%
CTOS,"Custom Truck One Source","Auto - Truck Original Parts",11.06,+0.27%,6,Sell,"80% Buy",+103.90,+89.38%,9.31,10.52,8.41,10.52,58.64,67.87,79.38,940321,Strengthening,Strong,54.88%,0.71,9.82,11.22,89%
RLYB,"Rallybio Corporaton","Medical - Biomedical",16.19,+0.31%,6,Hold,"88% Buy",+103.49,+283.50%,13.22,15.96,10.92,16.19,54.69,261.99,182.33,130618,Strengthening,Strong,22.57%,0.52,15.6,16.78,50%
LGND,"Ligand Pharm","Medical - Biomedical",300.14,-0.80%,2,Buy,"100% Buy",+103.04,+110.77%,249.5,282.27,231.77,299.51,53.84,89.26,46.12,262363,Strengthening,Strong,64.35%,1.01,286.27,312.74,52%
BLTE,"Belite Bio Inc ADR","Medical - Biomedical",160.67,+1.37%,4,Buy,"56% Buy",+101.14,+136.31%,153.68,149.15,159.45,154.53,57.67,114.8,-12.19,194422,Strengthening,Weak,72.40%,0.62,145.69,163.36,85%
KOP,"Koppers Holdings Inc","Chemical - Diversified",52.33,+2.55%,12,Buy,"100% Buy",+98.00,+61.31%,42.62,46.12,39.19,49.78,67,39.8,80.61,178017,"Top 1%","Top 1%",84.72%,1.48,47.17,52.4,99%
LION,"Lionsgate Studios Corp","Media Conglomerates",12.93,-0.39%,1,Sell,"40% Buy",+96.28,+120.27%,12.68,14.05,11.51,13.39,38.85,98.76,28.99,2948577,Weakest,Average,14.00%,1.08,12.81,13.96,10%
FRO,"Frontline Plc","Transportation - Ship",39.56,+4.19%,8,Hold,"96% Buy",+95.81,+100.00%,36.66,37.57,34.35,38.39,55.79,78.49,68.67,3226656,Strengthening,Good,67.96%,0.66,36.53,40.25,81%
OVID,"Ovid Therapeutics Inc","Medical - Biomedical",2.65,+1.15%,1,Buy,"56% Buy",+95.77,+419.40%,2.52,2.46,2.23,2.42,59.66,397.89,49.95,2296711,Average,Average,92.02%,0.51,2.21,2.63,105%
MSGE,"Madison Square Garden Entmt Corp","Media Conglomerates",76.67,-1.45%,8,Buy,"100% Buy",+94.85,+100.97%,68.99,75.3,65.83,76.31,51.42,79.46,29.64,379391,Weakening,Strong,64.40%,0.69,73.38,79.24,56%
VTVT,"Vtv Theraptcs Cl A","Medical - Biomedical",34.61,+0.64%,1,Buy,"8% Sell",+94.61,+136.77%,34.51,33.3,35.05,32.31,58.93,115.26,-26.08,43831,Weakest,Minimum,79.38%,1.93,30.31,34.31,108%
MSGS,"Madison Square Garden Sports Corp","Leisure & Recreation Services",391.56,+0.05%,2,Hold,"80% Buy",+93.70,+92.66%,359.38,386.78,337.38,393.19,50.55,71.15,38.76,223971,Weakest,Strong,41.78%,0.58,381.69,404.69,43%
TNGX,"Tango Therapeutics Inc","Medical - Biomedical",29,+0.73%,2,Sell,"88% Buy",+93.27,+346.15%,25.07,28.02,20.88,28.13,53.58,324.64,214.68,3542934,Strengthening,Strong,77.13%,0.32,25.53,30.73,67%
CSTM,"Constellium Se","Metal Products - Distribution",28.61,-3.57%,2,Sell,"8% Buy",+92.61,+113.51%,30.48,31.43,28.18,28.83,44.92,92,39.15,1901726,Weakening,Minimum,71.68%,0.84,27.52,30.15,41%
FLXS,"Flexsteel Inds",Furniture,76.89,-0.59%,10,Buy,"100% Buy",+92.23,+130.28%,59.41,68.64,55.11,74.63,63.43,108.77,82.08,44306,Strengthening,Maximum,73.74%,0.62,70.46,78.8,77%
PACS,"Pacs Group Inc","Medical Services",46.67,+2.26%,8,Buy,"100% Buy",+91.56,+322.35%,38.05,41.43,37.91,45.52,60.62,300.84,8.94,1135886,Strongest,Good,59.24%,1.15,43.28,47.76,76%
HP,"Helmerich & Payne","Oil & Gas - Drilling",37.07,+11.39%,9,Hold,"32% Buy",+89.66,+139.32%,36.28,35.19,35.35,34.17,61.48,117.81,16.62,1433096,Weakening,Weak,53.37%,2.16,32.31,36.04,128%
VNCE,"Vince Holding Corp","Textile - Apparel",6.86,+5.05%,6,Buy,"100% Buy",+88.59,+336.94%,4.78,6.05,4.16,6.37,60.48,315.43,55.51,162913,Strongest,Strong,76.32%,0.7,5.88,6.85,101%
BELFA,"BEL Fuse Cl A","Electronics Products - Misc",232.65,-1.21%,9,Sell,"24% Buy",+88.33,+99.29%,233.51,242.13,219.11,227.32,50.26,77.78,40.63,88673,Weakest,Weak,83.87%,0.6,206.43,248.21,63%
ICCC,"Immucell Corp","Medical Products",11.02,+2.51%,5,Buy,"88% Buy",+87.66,+78.32%,9.09,10.41,8.2,11.08,53.5,56.81,66.56,24528,Weakening,Maximum,35.27%,1.51,10.69,11.48,42%
ZURA,"Zura Bio Ltd","Medical - Biomedical",5.71,+1.24%,7,Buy,"56% Buy",+85.85,+275.66%,5.05,4.77,5.39,5.4,58.93,254.15,-3.66,741927,Average,Weak,80.59%,0.5,5.02,5.78,90%
DRUG,"Bright Minds Biosciences Inc","Medical - Biomedical",80.8,+1.00%,6,Buy,"24% Buy",+84.91,+127.03%,76.43,71.45,78.46,74.94,63.63,105.52,-9.09,218857,Weakening,Minimum,88.87%,0.42,69.49,80.39,104%
PGC,"Peapack Gladstone FI","Banks - Northeast",45.99,-0.88%,1,Buy,"88% Buy",+84.55,+84.77%,42.41,45.76,38.94,46.33,48.66,63.26,52.5,150337,Weakest,Strong,70.04%,0.78,45.36,47.31,33%
KFRC,"Kforce Inc",Staffing,58.54,-0.15%,6,Buy,"100% Buy",+84.53,+80.12%,43.2,51.86,39.16,57.31,62.24,58.61,76.7,258148,Strengthening,Maximum,56.92%,0.9,54.71,59.91,74%
TEN,"Tsakos Energy Navigation Ltd","Transportation - Ship",39.06,+2.76%,6,Sell,"40% Buy",+84.03,+86.89%,39.25,38.38,35.8,39.27,50.33,65.38,61.59,346042,Weakest,Soft,29.36%,0.63,38.05,40.49,41%
MRX,"Marex Group Ltd","Finance - Misc Services",62.34,-2.94%,3,Hold,"80% Buy",+83.59,+78.68%,55.61,62.23,50.29,64.27,46.18,57.17,49.88,824997,Weakening,Strong,52.52%,0.64,61.51,67.03,15%
CMBT,"Cmb.Tech NV","Transportation - Ship",16.41,+3.14%,10,Buy,"100% Buy",+83.34,+72.92%,14.47,15.24,13.8,15.66,61.64,51.41,57.42,1803246,Strongest,Strong,76.40%,0.91,14.94,16.38,102%
CCO,"Clear Channel Outdoor Holdings","Advertising Marketing Services",2.41,-0.41%,16,Buy,"80% Buy",+82.09,+119.09%,2.4,2.41,2.34,2.41,49.23,97.58,-3.58,6033964,Weakest,Weak,50.00%,0.44,2.4,2.43,45%
CTNM,"Contineum Therapeutics Inc","Medical - Biomedical",15.35,+0.52%,5,Buy,"100% Buy",+82.09,+142.50%,13.52,13.8,13.52,14.7,56.22,120.99,21.67,267464,Strengthening,Average,65.31%,0.66,13.28,16.11,73%
CXW,"Corecivic Inc","REIT - Equity Trust Other",32.24,+3.23%,5,Buy,"100% Buy",+81.20,+64.49%,24.46,28.65,22.53,31.07,65.12,42.98,56.08,1131767,Strongest,Maximum,48.07%,2,29.5,32.64,87%
GRDN,"Guardian Pharmacy Services Inc Cl A","Medical - Drugs",39.47,-2.54%,4,Hold,"48% Buy",+80.99,+88.49%,38.83,40.7,36.53,40.42,44.79,66.98,18.54,370888,Weakest,Average,50.28%,0.72,39.08,41.77,15%
MAZE,"Maze Therapeutics Inc","Medical - Biomedical",28.53,+2.59%,2,Hold,"48% Sell",+80.75,+100.21%,28.79,27.41,34.1,28.28,52.49,78.7,-43.77,607450,Weakest,Soft,57.81%,0.39,26.37,30.18,57%
TRVG,"Trivago NV ADR","Internet - Services",5.49,+5.98%,6,Hold,"96% Buy",+80.73,+57.08%,3.92,4.94,3.58,5.4,58.24,35.57,76.68,64221,Strongest,Maximum,45.38%,1.75,5.18,5.62,71%
CMDB,"Costamare Bulkers Holdings Limited","Transportation - Services",18.56,-0.85%,7,Buy,"88% Buy",+80.24,+89.58%,17.56,18.06,17.41,19.09,47.81,68.07,7.81,55028,Weakest,Average,27.67%,2.1,18,20.18,26%
BKD,"Brookdale Senior Living Inc","Medical - Nursing Homes",14.36,-0.49%,1,Buy,"88% Buy",+79.37,+84.10%,13.98,14.24,13.97,14.72,45.87,62.59,20.46,4238630,Weakening,Weak,26.04%,0.56,13.92,15.51,27%
SVRA,"Savara Inc","Medical - Drugs",5.79,+5.08%,1,Sell,"64% Buy",+78.92,+111.31%,5.44,5.58,5.52,5.58,55.33,89.8,-16.61,1927322,Average,Weak,46.15%,0.53,5.2,5.97,77%
NSYS,"Nortech Systems IN","Electronics - Misc Components",14.32,+1.56%,4,Sell,"56% Buy",+78.60,+81.85%,14.01,15.26,12.23,14.1,49.12,60.34,80.23,16611,Weakening,Average,52.19%,0.66,13.33,14.86,64%
CYTK,Cytokinetics,"Medical - Biomedical",81.37,+3.20%,1,Sell,"88% Buy",+78.45,+131.56%,73.22,78.69,70.1,80.43,54.05,110.05,15.43,2110831,Strengthening,Good,52.80%,1.21,76.52,84.33,62%
LLY,"Eli Lilly and Company","Large Cap Pharma",1191.9399,+1.89%,1,Hold,"96% Buy",+77.62,+59.70%,1050.21,1155.49,1046.43,1171.3,54.93,38.19,-1.72,3265627,Strongest,Good,40.71%,1.12,1118.46,1224.14,70%
TALK,"Talkspace Inc","Medical Information Systems",5.21,-0.19%,3,Hold,"72% Buy",+76.34,+116.18%,5.19,5.21,4.87,5.21,50.3,94.67,30.9,2388070,Weakening,Average,59.26%,0.33,5.18,5.24,46%
MGTX,"Meiragtx Holdings Plc","Medical - Biomedical",12.79,+1.91%,1,Buy,"100% Buy",+75.64,+60.88%,10.37,11.57,9.44,12.26,57.74,39.37,48.25,678513,Strongest,Strong,78.30%,0.39,11.46,13.06,83%
STT,"State Street Corp","Banks - Major Regional",184.92,-1.14%,5,Buy,"100% Buy",+74.65,+66.96%,157.63,173.73,148.09,183.43,58.11,45.45,30.71,2160635,Average,Maximum,71.42%,0.86,178.16,188.7,64%
PCVX,"Vaxcyte Inc","Medical - Biomedical",58.89,+5.31%,1,Buy,"72% Buy",+73.97,+78.45%,54.96,53.57,54.61,55.82,59.48,56.94,15,1420329,Strengthening,Average,63.65%,0.89,52.87,58.77,102%
PBI,"Pitney Bowes Inc","Office Automation & Equipment",17.95,-1.91%,7,Buy,"88% Buy",+73.92,+57.46%,15.4,17.48,13.76,18.11,51.57,35.95,57.19,2803184,Weakening,Strong,62.43%,0.62,17.53,18.69,36%
TDAY,"USA Today CO Inc","Media Conglomerates",8,-7.62%,5,Hold,"64% Buy",+73.54,+94.17%,7.7,8.29,7.13,8.57,39.97,72.66,42.71,1777748,Weakest,Strong,59.76%,3.43,8.11,9.02,-12%
BTE,"Baytex Energy Corp","Oil - C$ Exploration & Product",4.14,+1.22%,6,Hold,"16% Sell",+72.40,+96.21%,4.45,4.32,4.15,4.22,46.91,74.7,15.54,20361740,Weakening,Minimum,27.62%,1.09,3.96,4.47,35%
CADL,"Candel Therapeutics Inc","Medical - Biomedical",10.58,+1.15%,4,Buy,"100% Buy",+72.31,+77.52%,7.85,9.36,7.09,9.91,61.17,56.01,74.63,1349350,Strongest,Maximum,86.24%,0.76,9.21,10.6,98%
AGCC,"Agencia Comercial Spirits Ltd Cl A","Beverages - Alcohol",14.93,-0.86%,5,Sell,N/A,+71.70,N/A,16.17,15.31,14.78,15.16,46.66,N/A,40.34,N/A,N/A,N/A,31.67%,1.32,14.44,15.87,34%
NTRA,"Natera Inc","Medical Services",265.38,-3.36%,1,Buy,"88% Buy",+70.66,+92.12%,225.88,250.18,223.97,267.09,52.02,70.61,3.21,1358227,Weakening,Strong,72.51%,1.13,253.78,280.41,44%
PHVS,"Pharvaris N.V.","Medical - Biomedical",34.45,+3.08%,3,Hold,"96% Buy",+70.06,+62.27%,30.82,32.99,29.46,33.94,54.11,40.76,11.51,311849,Strongest,Strong,57.05%,1.32,32.3,35.58,66%
CMPR,"Cimpress N.V. Ord","Consumer Services - Misc",96.51,-4.17%,6,Buy,"88% Buy",+69.99,+77.28%,89.57,96.2,84.45,99.79,47.13,55.77,32.3,172424,Weakening,Strong,75.65%,1.35,94.72,104.86,18%
ESE,"Esco Technologies Inc","Technology Services",328.03,+0.12%,2,Sell,"88% Buy",+69.09,+70.86%,311.29,322.44,289.55,322.49,53.08,49.35,55.25,248626,Average,Good,76.97%,0.68,307.45,337.53,68%
INBX,"Inhibrx Biosciences Inc","Medical - Biomedical",85.79,+2.26%,2,Sell,"8% Sell",+69.09,+308.91%,92.97,91.44,87.48,85.72,46.93,287.4,-4.04,352689,Weakest,Minimum,51.62%,0.29,77.47,93.96,50%
SHIM,"Shimmick Corp","Engineering & R&D Services",4.18,0.00%,9,Buy,"56% Buy",+68.89,+136.16%,4.13,3.83,3.97,3.87,57.99,114.65,30.52,107311,Weakening,Weak,83.71%,0.29,3.51,4.23,93%
GEO,"Geo Group Inc","Government Services",30.14,-4.07%,7,Hold,"80% Buy",+68.51,+31.73%,23.96,28.84,21.21,30.6,50.3,10.22,74.34,2074561,Weakening,Strong,64.25%,1.52,29.37,31.82,31%
MD,"Pediatrix Medical Group Inc","Medical Services",26.51,+2.00%,1,Hold,"96% Buy",+67.71,+83.59%,23.37,24.81,22.55,26.03,55.19,62.08,11.31,863153,Strongest,Good,66.74%,1.32,24.77,27.29,69%
SRZN,"Consonance-Hfw Acq Corp","Medical - Drugs",21.64,-1.41%,1,Sell,"72% Sell",+67.54,+108.89%,25.94,22.96,25.07,21.45,47.34,87.38,-16.88,126965,Strongest,Soft,70.90%,1.07,19.19,23.71,54%
LOCO,"El Pollo Loco","Retail - Restaurants",16.37,-3.65%,5,Buy,"88% Buy",+67.02,+59.86%,14.82,15.83,13.49,16.38,51.85,38.35,43.87,294069,Average,Strong,77.85%,1.32,15.71,17.05,49%
ALGT,"Allegiant Travel Com","Transportation - Airline",97.17,-6.56%,1,Sell,"56% Buy",+66.93,+93.17%,90.42,100.17,91.86,101.69,44.78,71.66,1.32,502780,Weakest,Soft,62.03%,0.82,93.3,110.09,23%
DHX,"Dice Holdings","Internet - Content",4.13,-1.20%,4,Buy,"100% Buy",+66.66,+52.40%,3.4,3.82,2.97,4.03,55.94,30.89,153.82,341820,Average,Maximum,70.45%,2.91,3.79,4.27,70%
HLIO,"Helios Technologies Inc","Machinery - General Industrial",82.32,-0.08%,4,Sell,"56% Buy",+66.49,+71.43%,76.26,83.03,73.25,80,54.66,49.92,41.27,347915,Weakening,Good,77.24%,0.75,76.27,83.74,81%
NVCT,"Nuvectis Pharma Inc","Medical - Biomedical",18.83,-2.23%,8,Buy,"88% Buy",+66.23,+191.49%,12.99,16.93,11.55,19.62,48.36,169.98,136.77,149568,Weakening,Strong,28.81%,0.6,17.21,22.02,34%
BWA,"Borgwarner Inc","Auto - Truck Original Parts",65.8,-1.47%,3,Hold,"64% Buy",+65.98,+72.93%,62.32,67.75,59,63.81,53.53,51.42,33.4,2941447,Weakening,Average,66.96%,1.06,61.49,66.14,93%
CMTV,"Community Bancorp Inc VT","Banks - Northeast",40.04,-1.48%,5,Buy,"100% Buy",+65.75,+79.55%,38.57,39.29,35.76,40.01,50.89,58.04,48.24,23287,Average,Good,47.84%,0.62,38.67,41.35,51%
FDX,"Fedex Corp","Transportation - Air Freight",315.87,+1.66%,4,Sell,"56% Buy",+65.36,+74.36%,309.15,319.99,297.98,312.84,52.19,52.85,24.06,2148739,Weakening,Soft,53.89%,0.96,305.64,320.05,71%
GCBC,"Greene County Bncp","Finance - Savings & Loan",34.5,-1.15%,1,Buy,"100% Buy",+65.00,+46.25%,27.32,31.13,25.8,33.33,63.11,24.74,42.57,21219,Strengthening,Maximum,82.92%,1.04,31.74,34.91,87%
LB,"Landbridge Company Llc Cl A","Oil - US Integrated",80.4,+6.31%,4,Buy,"100% Buy",+64.47,+35.47%,71.13,72.66,67.82,76.69,61.37,13.96,51.49,418708,Strengthening,Strong,45.19%,1.83,73.58,79.8,110%
ABX,"Abacus Global Management Inc","Finance - Misc Services",10.4,-1.52%,1,Buy,"88% Buy",+63.29,+87.39%,9.56,10.13,9.24,10.55,48.81,65.88,9.01,645688,Weakening,Strong,56.77%,0.92,9.96,11.14,37%
SWBI,"Smith & Wesson Brands Inc","Leisure & Recreational Prdcts",14.55,-1.09%,5,Hold,"16% Buy",+63.02,+83.02%,14.94,15.05,13.81,14.9,44.88,61.51,34.79,611727,Weakening,Weak,36.64%,0.46,14.23,15.57,24%
HLX,"Helix Energy Solutions Group","Oil - Field Services",9.81,+5.26%,9,Buy,"72% Buy",+62.54,+64.87%,9.55,9.28,9.09,9.49,57.3,43.36,43.83,1795683,Strengthening,Soft,56.65%,1.27,9.04,9.93,86%
SOTK,"Sono-Tek Corp","Electronics - Semiconductors",5.42,+0.56%,3,Buy,"100% Buy",+62.39,+62.76%,4.89,5.31,4.64,5.33,53.4,41.25,18.6,33674,Strengthening,Strong,47.22%,0.41,4.99,5.67,63%
KRNY,"Kearny Financial","Finance - Savings & Loan",9.59,-0.93%,6,Buy,"100% Buy",+61.73,+63.65%,8.44,9.05,8.23,9.52,56.54,42.14,16.79,408717,Average,Maximum,86.39%,0.88,9.22,9.82,62%
TLYS,"Tilly's Inc","Retail - Apparel & Shoes",4.12,-1.44%,3,Sell,"24% Buy",+60.69,+164.10%,4.3,4.33,3.4,3.95,52.14,142.59,94.41,577520,Weakest,Weak,81.74%,0.64,3.61,4.29,74%
SENEA,"Seneca Foods Corp A","Food - Misc & Diversified",166.58,-2.44%,1,Buy,"88% Buy",+60.65,+62.06%,154.2,163.55,144.34,168.54,48.59,40.55,37.94,100973,Weakening,Strong,65.57%,0.73,160.61,176.48,38%
CRI,"Carter's Inc","Shoes and Related Apparel",40.29,+0.85%,3,Sell,"72% Buy",+60.34,+58.93%,37.78,39.85,37.41,38.85,55.25,37.42,11.61,1135012,Strengthening,Average,78.58%,0.95,37.13,40.57,92%
DIN,"Dineequity Inc","Retail - Restaurants",35.5,-0.70%,5,Buy,"88% Buy",+60.24,+73.93%,31.01,34.05,31.91,35.45,52.49,52.42,-2.18,419758,Average,Average,58.51%,0.92,33.97,36.93,52%
APYX,"Apyx Medical Corp","Medical Products",4.16,+0.48%,2,Sell,"56% Buy",+60.23,+103.92%,3.99,4.24,3.91,4.12,50.59,82.41,6.23,131283,Weakest,Weak,66.43%,1,3.75,4.48,56%
OBT,"Orange County Bancor","Banks - Northeast",38.39,-1.29%,5,Buy,"100% Buy",+60.22,+63.36%,35.17,36.64,34.04,37.83,56.93,41.85,21.84,54026,Strengthening,Strong,83.59%,0.54,36.51,39.16,71%
ADI,"Analog Devices","Semi Analog & Mixed",377.31,-0.10%,5,Sell,"24% Buy",+60.17,+70.97%,381.42,395.55,360.47,376.88,48.38,49.46,26.5,4127325,Weakest,Weak,72.87%,0.75,355.81,397.96,51%
OCC,"Optical Cable Corp","Fiber Optics",15.63,+0.06%,3,Sell,"56% Buy",+60.05,+173.25%,13.58,16.97,10.86,15.14,50.16,151.74,238.61,323561,Weakening,Average,69.11%,0.13,13.15,17.13,62%
UNFI,"United Nat Foods","Food - Misc & Diversified",47.86,-0.40%,11,Sell,"24% Buy",+59.92,+74.04%,48.41,49.61,44.7,49.23,45.49,52.53,29.51,763190,Weakest,Weak,28.38%,0.45,47.37,51.08,13%
NPO,"Enpro Inc","Technology Services",336.37,+2.39%,4,Sell,"72% Buy",+59.88,+52.27%,308.06,335.53,288.57,326.6,53.13,30.76,44.46,229923,Average,Good,75.00%,0.73,305.97,347.24,74%
CM,"Canadian Imperial Bank of Commerce","Banks - Foreign",118.44,-0.20%,7,Buy,"96% Buy",+59.79,+64.11%,110.06,114.81,105.21,118.44,53.99,42.6,18.08,1245719,Average,Strong,40.56%,0.47,115.81,121.07,50%
CASY,"Casey's General Stor","Retail - Convenience Stores",832.42,-2.40%,10,Buy,"88% Buy",+59.18,+59.62%,801.59,826.22,747.66,852.57,46.1,38.11,37.98,460986,Weakening,Good,45.04%,0.6,818.26,886.87,21%
FSTR,"Foster L B Company","Steel - Producers",41.88,-0.10%,2,Sell,"40% Buy",+59.15,+85.64%,37.45,42.26,34.9,41.89,49.72,64.13,42.77,61453,Weakest,Good,54.39%,0.67,40.65,43.12,50%
EGBN,"Eagle Bancorp Inc","Banks - Northeast",27.86,-1.38%,5,Hold,"96% Buy",+59.05,+68.64%,26.7,27.59,26.12,27.61,51.82,47.13,17.44,366224,Weakening,Average,83.18%,0.72,26.54,28.68,62%
BPOP,"Popular Inc","Banks - Southeast",176.14,-0.78%,10,Buy,"100% Buy",+58.91,+54.09%,153.96,164.91,147.47,172.85,62.4,32.58,28.83,548410,Strengthening,Maximum,75.52%,0.58,168.23,177.47,86%
CAMT,"Camtek Ltd","Electronics - Measuring Inst",149.67,+1.40%,6,Sell,"40% Sell",+58.27,+83.89%,167.15,159.48,160.78,145.59,50.36,62.38,28.11,501035,Weakest,Weak,66.93%,1.52,130.16,161.01,63%
STRZ,"Starz Entertainment Corp","Media Conglomerates",25.74,-1.98%,1,Sell,"40% Buy",+58.21,+75.82%,22.02,27.05,18.31,26.36,45.85,54.31,107.37,149781,Weakest,Good,53.90%,1.31,24.31,28.41,35%
LITB,"Lightinthebox Holding Ltd ADR","Internet Services - Delivery",3.15,-0.63%,6,Sell,"40% Buy",+58.07,+141.29%,2.78,3.23,2.73,3.17,50.38,119.78,28,13399,Weakest,Soft,66.11%,0.3,2.92,3.42,45%
JRSH,"Jerash Holdings Inc","Textile - Apparel",5.03,+4.79%,6,Buy,"100% Buy",+58.06,+52.42%,3.75,4.3,3.55,4.63,66.34,30.91,52.29,306119,Strongest,Maximum,85.88%,0.13,4.35,4.92,120%
IFS,"Intercorp Financial Services Inc","Finance - Misc Services",58.97,-0.47%,3,Buy,"88% Buy",+57.96,+63.35%,51.8,56.19,50.32,59.25,53.88,41.84,26.58,258702,Weakening,Maximum,61.20%,1.15,57.48,61.02,42%
BAP,"Credicorp Ltd","Banks - Foreign",392.57,-0.58%,5,Buy,"100% Buy",+57.80,+61.56%,353.25,375.84,347.4,392.41,53.56,40.05,24.15,409450,Average,Strong,42.22%,0.38,382.59,402.24,51%
ILPT,"Industrial Logistics Properties Trust","REIT - Equity Trust Other",8.61,-1.60%,4,Hold,"64% Buy",+57.80,+50.00%,7.81,8.81,7.14,8.87,45.82,28.49,42.79,386648,Weakest,Strong,54.44%,0.77,8.43,9.3,21%
CENX,"Century Aluminum C","Metal Production & Fabrication",45.95,-2.03%,5,Sell,"56% Sell",+57.66,+113.72%,55.17,50.72,53.28,44.8,48.42,92.21,4.65,2190890,Average,Soft,77.91%,1.82,41.85,47.76,69%
KTCC,"Key Tronic Corp","Electronics Products - Misc",4.12,+1.23%,2,Sell,"88% Buy",+57.46,+40.14%,3.4,3.9,3.22,3.96,57.19,18.63,35.04,19962,Strongest,Strong,75.65%,0.42,3.7,4.23,80%
SNDA,"Sonida Senior Living Inc","Medical Services",40.36,+1.33%,2,Hold,"80% Buy",+57.46,+63.27%,36.73,38.4,35.68,40.56,51.67,41.76,11.14,384737,Average,Strong,20.43%,0.57,38.5,42.62,45%
MPWR,"Monolithic Power Sys","Semi Analog & Mixed",1359.08,+1.01%,5,Sell,"24% Buy",+57.17,+68.65%,1406.62,1424.77,1302.18,1341.42,49.76,47.14,37.32,741787,Weakening,Weak,33.69%,0.61,1258.05,1424.78,61%
CCCC,"C4 Therapeutics Inc","Medical - Biomedical",3.64,+0.55%,1,Sell,"40% Buy",+57.09,+85.71%,3.42,3.92,3.04,3.66,47.06,64.2,77.95,2460947,Weakening,Average,44.63%,0.56,3.35,3.97,47%
RAL,"Ralliant Corporation","Technology Services",65.95,-0.62%,3,Hold,"64% Buy",+56.89,+51.54%,57.34,67.28,54.34,68.02,44.25,30.03,16.91,1630150,Weakest,Strong,38.84%,0.57,64.51,71.53,21%
CMI,"Cummins Inc","Engines - Internal Combustion",643.98,-0.96%,3,Sell,"40% Buy",+56.52,+68.72%,643.64,667.98,619.54,651.21,46.81,47.21,13.53,960046,Weakest,Soft,70.15%,0.76,618.14,684.28,39%
PLGO,"Pelagos Insurance Capital Ltd","Insurance - Multi Line",25.54,-0.04%,6,Buy,"100% Buy",+56.24,+58.93%,22.33,24.13,21.28,25.37,57.1,37.42,17.88,442086,Strengthening,Maximum,55.66%,0.66,24.8,25.95,64%
BVN,"Compania Mina Buenaventura S.A. ADR","Mining - Silver",32.56,-1.33%,5,Buy,"24% Sell",+56.22,+77.54%,33.01,31.58,34.2,31.02,56.02,56.03,4.37,1468116,Weakest,Minimum,77.52%,0.76,29.17,32.86,92%
DHT,"Dht Holdings","Transportation - Ship",18.35,+2.69%,9,Buy,"88% Buy",+56.02,+59.15%,17.87,17.69,17.05,18.17,53.26,37.64,37.66,3250562,Strengthening,Average,48.30%,1.12,17.41,18.92,62%
HZO,"Marinemax Inc","Retail - Misc & Diversified",35.13,-2.47%,6,Hold,"80% Buy",+55.92,+49.81%,32.08,34.82,30.76,34.74,51.2,28.3,32.36,359600,Weakest,Strong,79.16%,1.35,32.83,36.65,60%
AMN,"Amn Healthcare Services Inc","Business Services",30.8,-6.10%,1,Hold,"64% Buy",+55.82,+78.86%,26.92,32.16,24.3,33.48,39.74,57.35,82.8,1107318,Weakest,Strong,28.32%,1.38,31.45,35.51,-16%
ACA,"Arcosa Inc","Building & Construction - Misc",144.89,-0.30%,5,Buy,"88% Buy",+55.54,+71.06%,127.23,138.87,123.43,145.06,61.98,49.55,23.65,397427,Weakening,Maximum,47.71%,1.05,144.67,145.44,28%
NOV,"Nov Inc","Oil Field Machinery & Equip",19.9,+2.05%,14,Hold,"80% Buy",+55.45,+66.39%,19.66,19.61,19.33,19.68,53.54,44.88,14.69,4483666,Strengthening,Soft,38.04%,0.68,18.71,20.65,61%
STNG,"Scorpio Tankers Inc","Transportation - Ship",76.38,+3.15%,5,Sell,"24% Buy",+55.39,+60.43%,77.05,76.7,73.26,77.82,47.98,38.92,37.64,1021301,Weakest,Weak,24.42%,1.35,75,80.65,24%
FNRN,"First Northern Community Bancorp","Banks - West",17.81,-2.04%,8,Hold,"64% Buy",+55.39,+59.44%,16.98,17.92,15.94,18.25,43.21,37.93,20.68,66862,Weakest,Strong,35.06%,0.21,17.72,18.79,9%
SABS,"Sab Biotherapeutics Inc","Medical - Biomedical",3.85,+2.12%,2,Buy,"8% Sell",+55.35,+75.80%,3.73,3.66,3.82,3.63,58.52,54.29,-9.69,577765,Weakest,Minimum,76.34%,0.37,3.37,3.89,93%
UVSP,"Univest Corp of Penn","Banks - Northeast",43.76,-1.17%,3,Hold,"80% Buy",+54.90,+53.49%,39.78,42.92,37.82,44.24,49,31.98,21.03,187180,Weakening,Strong,66.14%,1.04,43.32,45.17,24%
OKUR,"Onkure Therapeutics Inc","Medical - Biomedical",4.15,-0.24%,2,Sell,"16% Buy",+54.73,+103.43%,4.24,4.24,3.78,4.11,50,81.92,30.47,232759,Weakest,Weak,54.11%,0.26,3.88,4.35,58%
ARQT,"Arcutis Biotherapeutics Inc","Medical - Biomedical",26.43,-2.47%,3,Hold,"64% Buy",+54.73,+72.07%,24.24,25.78,24.94,27.43,47.1,50.56,-21.62,1785092,Average,Weak,25.99%,1.99,26,28.85,15%
MG,"Mistras Group Inc","Electronics Products - Misc",15.64,-1.14%,2,Sell,"8% Sell",+54.13,+96.24%,16.92,17.02,16.07,15.69,42.7,74.73,11.01,175624,Weakening,Minimum,65.11%,0.84,14.96,16.42,46%
NET,"Cloudflare Inc Cl A","Internet - Software",284.43,-2.91%,9,Buy,"100% Buy",+54.13,+31.97%,231.7,255.26,216.35,275.25,58.67,10.46,31.64,3889174,Strengthening,Maximum,78.46%,1.56,255.29,295.2,73%
COKE,"Coca-Cola Consolidated Inc","Beverages - Soft",188.23,+1.89%,2,Buy,"72% Buy",+53.86,+65.83%,186.8,182.7,181.08,183.67,54.33,44.32,10.16,526771,Strengthening,Weak,39.81%,1.98,173.82,193.51,73%
TBBB,"BBB Foods Inc Cl A","Consumer Prdts - Misc Staple",40.67,-3.05%,4,Hold,"80% Buy",+53.67,+67.09%,38.39,40.66,37.33,40.85,48.81,45.58,9.17,639539,Weakening,Good,50.22%,0.42,38.98,42.71,45%
ENTA,"Enanta Pharmaceutica","Medical - Biomedical",13.34,+0.91%,1,Sell,"48% Sell",+53.44,+87.36%,13.34,13.04,13.44,13.11,52.01,65.85,-28.04,246659,Weakening,Weak,58.28%,1.05,12.4,13.82,66%
SFST,"Southern First Bancs","Banks - Southeast",63.8,-0.59%,7,Buy,"100% Buy",+53.41,+56.45%,58.16,60.55,57.36,62.08,60.79,34.94,11.21,95543,Strengthening,Strong,86.22%,0.93,59.77,64.39,87%
PLBC,"Plumas Bancorp","Banks - West",61.43,+0.21%,3,Buy,"100% Buy",+53.40,+53.54%,54.32,57.91,52.71,60.84,60.41,32.03,24.83,40048,Strongest,Maximum,55.43%,0.72,58.57,63.12,63%
FRAF,"Franklin Finl Svcs Corp","Banks - Northeast",63.04,-0.57%,4,Buy,"100% Buy",+53.22,+61.97%,58.14,61.55,55.58,62.9,52.48,40.46,12.95,40174,Average,Strong,73.14%,0.82,61.5,64.3,55%
XPRO,"Expro Group Hldgs N.V.","Oil - Production & Pipeline",16.99,+4.11%,10,Buy,"40% Buy",+53.10,+61.66%,16.09,15.36,16.11,15.97,61.47,40.15,14.64,1157003,Average,Weak,84.96%,0.74,14.84,17.1,95%
PTHS,"Pelthos Therapeutics Inc","Medical - Biomedical",29.45,+3.19%,7,Hold,"64% Buy",+52.76,+47.10%,25.59,27.14,25.17,27.08,57.52,25.59,-17.63,27140,Strengthening,Weak,73.38%,1.38,25.02,29.13,108%
VOYA,"VOYA Financial Inc","Insurance - Life",101.5,+1.39%,6,Buy,"100% Buy",+52.75,+38.70%,84.19,93.28,80.67,99.21,66.14,17.19,23.63,1049445,Strongest,"Top 1%",75.10%,1.15,96.97,101.46,101%
EPC,"Edgewell Personal Care","Consumer Prdts - Misc Staple",28.12,-3.70%,7,Buy,"100% Buy",+52.71,+29.47%,22.85,24.95,21.91,27.92,56.07,7.96,52.3,790615,Strengthening,Maximum,75.45%,0.76,26.31,29.53,56%
KOPN,"Kopin Corp","Electronics Products - Misc",4.08,+3.29%,3,Sell,"40% Buy",+52.47,+109.23%,3.94,4.41,3.46,3.77,52.52,87.72,61.73,5089511,Weakening,Soft,82.06%,0.53,3.28,4.26,82%
PLX,"Protalix Biotherapeutics","Medical - Biomedical",2.44,0.00%,6,Buy,"72% Buy",+52.08,+64.86%,2.2,2.24,2.31,2.36,60.35,43.35,22.93,855714,Strengthening,Weak,77.40%,0.84,2.26,2.46,89%
CFG,"Citizens Financial Group","Banks - Northeast",72.43,-1.59%,2,Buy,"100% Buy",+52.06,+54.34%,65.57,69,64.47,71.98,55.04,32.83,11.37,4724827,Strengthening,Strong,70.16%,0.82,69.8,74.17,60%
ETSY,"Etsy Inc","Internet Commerce",82.26,-4.19%,8,Buy,"88% Buy",+51.87,+46.37%,67.31,76.67,63.38,83.21,52.47,24.86,35.75,3386094,Average,Maximum,71.27%,2.43,79.24,87.18,38%
MLAB,"Mesa Labs Inc","Medical Instruments",101.01,-1.57%,3,Sell,"72% Buy",+51.76,+62.89%,98.02,100.19,94.32,98.9,52.13,41.38,16.05,141654,Weakening,Soft,64.03%,0.41,93.51,104.3,70%
WTI,"W&T Offshore","Oil - US Exploration & Product",3.34,+2.77%,4,Sell,"8% Sell",+51.68,+85.56%,3.57,3.52,3.15,3.48,46.49,64.05,92.28,4807437,Weakening,Weak,24.12%,1.18,3.16,3.81,27%
MSM,"Msc Industrial Direct Company","Industrial Services",123.91,-1.32%,6,Buy,"88% Buy",+51.61,+44.72%,108.77,119.84,102.32,124.65,52.81,23.21,34.71,708964,Average,Maximum,57.45%,0.62,121.39,127.9,39%
JLHL,"Julong Holding Limited Cl A","Building & Construction - Misc",8.6,-8.02%,3,Sell,"24% Sell",+51.54,+107.72%,13.77,16.02,10.8,7.64,48.04,86.21,100.77,911875,Weakest,Minimum,24.63%,0.23,4.23,11.05,64%
BIIB,"Biogen Inc","Medical - Biomedical",206.28,-0.17%,3,Hold,"96% Buy",+51.42,+59.49%,193.83,201.7,190.54,203.25,52.63,37.98,4.58,1480471,Strengthening,Average,48.54%,0.71,194.02,212.48,66%
GNK,"Genco Shipping & Trading Ltd","Transportation - Ship",25.13,-1.72%,4,Buy,"88% Buy",+51.35,+49.85%,24.23,24.66,23.2,25.48,49.01,28.34,23.72,413340,Weakening,Good,53.32%,1.76,24.45,26.5,33%
EE,"Excelerate Energy Inc Cl A","Other Alt Energy",37.86,-1.66%,5,Buy,"88% Buy",+51.19,+54.09%,35.47,36.58,35.71,38.71,48.15,32.58,22.34,405333,Weakest,Average,43.91%,1.63,37.3,40.12,20%
OSPN,"Onespan Inc","Internet - Software",16.24,-0.37%,7,Buy,"100% Buy",+51.12,+16.92%,13.08,14.77,12.58,15.5,66.82,-4.59,13.85,578711,Strongest,Maximum,57.79%,1.04,14.71,16.29,97%
ARMK,"Aramark Holdings Corp","Retail - Restaurants",56.31,-1.00%,5,Buy,"88% Buy",+50.99,+43.03%,50.22,55.56,46.64,57.05,49.23,21.52,40.14,2746965,Weakening,Strong,32.18%,0.76,55.9,58.21,18%
OGN,"Organon & Co.","Medical Services",13.55,-0.15%,5,Buy,"100% Buy",+50.97,+55.39%,11.66,13.48,10.39,13.53,60.37,33.88,76.35,6094953,Weakening,Strong,77.78%,0.73,13.48,13.58,71%
BOF,"Branchout Food Inc","Food - Misc & Diversified",4.12,-1.67%,1,Hold,"96% Buy",+50.59,+82.30%,3.87,4.04,3.72,4.06,51.29,60.79,16.93,441295,Average,Average,66.67%,0.03,3.85,4.27,64%
IMUX,"Immunic Inc","Medical - Biomedical",14.54,+3.78%,2,Sell,"88% Buy",+50.09,+48.46%,12.81,14.33,11.29,14.36,53.76,26.95,159.81,246933,Strengthening,Strong,47.72%,0.74,13.08,15.64,57%
IDYA,"Ideaya Biosciences Inc","Medical - Biomedical",36.24,+0.55%,1,Buy,"88% Buy",+50.05,+53.36%,32.36,34.02,32.86,36.04,53.48,31.85,-7.8,1073289,Strengthening,Average,54.50%,0.42,35.01,37.07,60%
KMT,"Kennametal Inc","Machinery - Tools & Related",33.85,-0.91%,9,Hold,"16% Sell",+49.96,+64.72%,35.8,34.34,36,34.47,46.48,43.21,6.52,1239422,Weakening,Minimum,41.69%,1.83,32.91,36.02,30%
INGM,"Ingram Micro Holding Corp","Technology Services",28.55,-0.73%,10,Hold,"64% Buy",+49.87,+51.22%,27.56,28.74,25.56,29.15,48.19,29.71,21.16,997310,Weakening,Average,43.23%,0.89,27.83,30.47,27%
CCSI,"Consensus Cloud Solutions","Internet - Software",37.33,-2.20%,5,Buy,"100% Buy",+49.69,+85.54%,31.35,35.81,29.39,36.91,54.15,64.03,58.45,176172,Average,Maximum,84.05%,0.62,34.69,39.13,60%
LEE,"Lee Enterprises Inc","Publishing - Newspapers",8.12,+1.88%,1,Sell,"24% Buy",+49.38,+67.42%,8.74,8.98,8.04,7.88,48.75,45.91,56.89,68882,Weakest,Weak,79.26%,0.6,7.52,8.24,83%
QXL,"Quantum X Labs Inc","Technology Services",4.71,+3.18%,1,Sell,"40% Buy",+49.35,+22.34%,3.86,5.05,3.16,4.79,47.88,0.83,195.21,85029,Weakening,Average,50.36%,0.12,4.26,5.33,42%
FRST,"Primis Financial Corp","Finance - Misc Services",16.29,-0.85%,6,Buy,"100% Buy",+49.29,+47.42%,14.75,15.64,14.35,15.98,57.8,25.91,4.48,158426,Strengthening,Strong,93.68%,0.84,15.41,16.54,78%
NGVT,"Ingevity Corp","Chemical - Specialty",77.34,+0.30%,6,Buy,"100% Buy",+48.87,+58.19%,71.98,72.22,70.73,74.02,61.79,36.68,18.06,297560,"Top 1%",Good,90.48%,0.99,70.23,77.8,94%
CIVB,"Civista Bncshrs","Banks - Midwest",28.67,-0.59%,6,Buy,"100% Buy",+48.61,+48.01%,25.82,27.66,24.99,28.62,53.93,26.5,16.4,102763,Average,Maximum,62.85%,1.21,27.69,29.56,53%
NKTR,"Nektar Therapeutics","Medical - Drugs",73.45,+0.49%,1,Buy,"72% Buy",+48.58,+227.17%,72.26,66.17,65.85,69.86,60.63,205.66,61.09,1006830,Average,Weak,89.42%,0.4,65.62,74.1,92%
FCEL,"Fuelcell Energy Inc","Other Alt Energy",20.32,-3.88%,1,Sell,"40% Buy",+48.30,+360.77%,16.65,21.91,13.75,20.79,47.41,339.26,165.35,5962701,Weakest,Average,48.59%,0.46,17.51,24.06,43%
AVIR,"Atea Pharmaceuticals Inc","Medical - Biomedical",4.99,+5.05%,2,Buy,"40% Buy",+48.22,+42.98%,5,4.61,4.78,4.76,59.05,21.47,27.15,421585,Average,Weak,84.51%,0.69,4.53,4.99,99%
RBB,"Rbb Bancorp","Banks - West",26.81,-0.19%,3,Buy,"100% Buy",+48.15,+44.06%,24.35,25.95,23.41,26.75,55.49,22.55,17.26,103949,Average,Maximum,55.53%,0.95,25.95,27.55,54%
MCY,"Mercury General Corp","Insurance - Proprty & Casualty",107.44,-1.98%,1,Buy,"100% Buy",+48.07,+50.50%,99.68,104.92,96.4,107.25,51.63,28.99,1.59,255887,Average,Strong,65.29%,1.39,103.8,110.71,53%
PEBK,"Peoples Bancorp NC","Banks - Southeast",43.04,-0.94%,6,Sell,"72% Buy",+47.65,+53.33%,41.46,42.88,40.12,42.85,51.19,31.82,6.27,25454,Weakest,Good,55.33%,1.67,41.8,43.9,59%
EBMT,"Eagle Bancorp [Mt]","Banks - Midwest",23.94,+1.06%,4,Buy,"100% Buy",+47.62,+51.04%,22.49,23.29,22.15,23.48,56.41,29.53,7.67,52034,Strongest,Good,64.66%,0.86,22.83,24.13,85%
KYTX,"Kyverna Therapeutics Inc","Medical - Biomedical",7.75,+1.44%,2,Sell,"72% Sell",+47.60,+132.73%,8.56,8.07,8.5,7.58,48.85,111.22,-30.18,1097730,Average,Weak,64.08%,0.47,6.97,8.19,64%
CPAC,"Cementos Pacasmayo S.A.A ADR","Building - CMT & CNT & AG",11.93,-0.17%,4,Buy,"100% Buy",+47.18,+90.12%,11,11.49,10.88,11.86,55.12,68.61,1.86,56970,Average,Average,49.58%,0.22,11.54,12.18,61%
TRMD,"Torm Plc Cl A","Transportation - Ship",29.49,+3.04%,8,Buy,"56% Buy",+47.05,+49.39%,29.57,28.89,28.06,29.59,50.7,27.88,37.98,715680,Weakening,Soft,34.09%,0.48,28.54,30.64,45%
CPF,"Central Pacific Financial Company","Banks - West",39.27,-1.03%,7,Buy,"100% Buy",+46.43,+49.37%,35.41,37.46,34.42,39.1,56.19,27.86,13.4,156768,Average,Maximum,55.67%,0.77,38.03,40.17,58%
UTHR,"United Therapeutic","Medical - Drugs",532.94,+2.68%,1,Sell,"8% Buy",+46.28,+76.23%,552.88,540.59,531.12,528.14,50.84,54.72,-3.25,492136,Weakest,Minimum,52.78%,1.96,513.77,542.51,67%
RBKB,"Rhinebeck Bancorp Inc","Banks - Northeast",12.52,+2.96%,4,Hold,"96% Buy",+45.78,+40.34%,11.65,12.08,11.02,12.22,57.23,18.83,33.19,39987,Strengthening,Strong,71.98%,3.51,11.78,12.66,84%
GPCR,"Structure Therapeutics Inc","Medical - Biomedical",52.62,+4.14%,1,Buy,"24% Buy",+45.73,+222.62%,46.51,46.99,55.35,49.45,60.11,201.11,-36.97,1076760,Weakening,Minimum,77.71%,0.46,45.85,53.05,94%
CENT,"Central Garden","Consumer Prdts - Misc Discr",46.54,+5.63%,6,Buy,"100% Buy",+45.63,+18.09%,40.04,42.68,38.53,43.67,67.51,-3.42,32.13,79649,"Top 1%","Top 1%",74.34%,3.29,41.97,45.36,135%
BDSX,"Biodesix Inc","Medical Services",22.1,-2.99%,5,Buy,"100% Buy",+45.27,+183.33%,16.61,19.35,14.94,21.38,56.28,161.82,212.37,521343,Average,Maximum,66.71%,2.99,19.7,23.06,71%
FNLC,"First Bancorp Inc","Banks - Northeast",35.31,-0.23%,9,Buy,"100% Buy",+45.13,+40.34%,30.72,32.91,29.74,34.68,59.83,18.83,20.92,23387,Strengthening,Maximum,75.67%,0.49,33.24,36.13,72%
KVHI,"K V H Inds Inc","Communications Components",8.29,-14.71%,3,Sell,"8% Sell",+44.42,+58.81%,9.31,9.01,8.42,9.08,40.29,37.3,6.31,156921,Weakening,Minimum,64.11%,1.55,8.51,9.65,-19%
RIG,"Transocean Inc","Oil & Gas - Drilling",5.16,+0.39%,4,Sell,"72% Sell",+44.07,+70.30%,6,5.44,5.8,5.19,46.91,48.79,12.31,40482250,Average,Soft,52.34%,1.29,4.96,5.43,43%
AG,"First Majestic Silver","Mining - Silver",17.28,-1.87%,5,Hold,"56% Sell",+44.03,+106.21%,18.99,17.28,20.53,16.33,54.32,84.7,-8.91,17955037,Weakening,Weak,80.61%,0.78,14.93,17.72,84%
FLNT,"Fluent Inc","Advertising Marketing Services",3.81,+9.33%,1,Buy,"88% Buy",+43.84,+70.09%,3.16,3.18,3.21,3.55,62.27,48.58,46.12,56433,Strongest,Average,51.83%,0.63,3.3,3.8,103%
TFSL,"Tfs Financial Corp","Finance - Savings & Loan",17.86,-2.51%,4,Hold,"80% Buy",+43.54,+40.41%,16,17.35,15.42,18.16,48.65,18.9,20.85,771043,Weakening,Strong,23.41%,1,17.61,18.72,23%
PDLB,"Ponce Financial Group Inc","Finance - Misc Services",20.15,-1.52%,4,Buy,"88% Buy",+43.44,+42.60%,18.55,19.7,17.86,20.16,51.76,21.09,10.61,74450,Weakening,Strong,72.57%,0.6,19.67,20.66,49%
TBPH,"Theravance Bio Ord","Medical - Drugs",16.92,+0.12%,1,Buy,"8% Buy",+43.25,+51.34%,16.43,16.73,17.09,16.88,54.35,29.83,-22.2,550844,Weakest,Minimum,56.22%,0.42,16.8,16.97,73%
BSRR,"Sierra Bancorp","Banks - West",40.87,+0.34%,5,Buy,"88% Buy",+43.00,+44.26%,38.07,40.38,37.16,41.28,50.21,22.75,12.43,59195,Strengthening,Strong,51.84%,0.78,40.09,42.48,33%
USB,"U.S. Bancorp","Banks - Major Regional",63.81,-0.62%,5,Buy,"100% Buy",+42.80,+43.59%,57.32,60.35,56.8,63.43,57.54,22.08,6.95,9497990,Strengthening,Maximum,68.28%,0.68,62.05,64.81,64%
CW,"Curtiss-Wright Corp","Aerospace - Defense Equipment",714.04,-4.59%,1,Sell,"24% Buy",+42.23,+40.19%,728.34,744.41,705.38,732.3,44.48,18.68,16.9,275776,Weakening,Weak,70.48%,1.14,691.8,772.8,27%
SLAB,"Silicon Labs Inc","Semi Analog & Mixed",218.47,+0.11%,4,Sell,"72% Buy",+42.13,+76.53%,215.48,218.23,202.58,217.67,56.73,55.02,54.52,481204,Weakening,Average,69.44%,0.41,216.34,219.01,80%
INN,"Summit Hotel Properties","REIT - Equity Trust Other",6.68,-2.05%,11,Buy,"88% Buy",+42.11,+30.21%,5.69,6.53,5.31,6.81,47.81,8.7,24.54,1160033,Weakening,Strong,42.34%,0.5,6.46,7.16,32%
PBFS,"Pioneer Bancorp Inc","Banks - Northeast",17.27,+0.58%,10,Hold,"80% Buy",+41.59,+39.39%,15.57,16.89,15.05,17.33,51.4,17.88,15.49,15033,Strengthening,Strong,15.00%,0.33,16.65,18.01,45%
TXMD,"Therapeuticsmd Inc","Medical - Drugs",2.09,+0.97%,6,Buy,"24% Buy",+41.54,+89.14%,2.07,2.05,2.13,2.04,55.42,67.63,15.59,66940,Weakening,Minimum,61.83%,0.24,1.96,2.12,82%
LXFR,"Luxfer Holdings Plc","Machinery - General Industrial",17.09,-0.06%,2,Sell,"56% Buy",+41.41,+43.13%,15.55,17.43,15.15,16.98,49.71,21.62,13.68,182801,Weakest,Good,73.05%,0.88,16.46,17.5,60%
NTB,"Bank of Butterfield Ltd","Banks - Foreign",62,+0.23%,4,Buy,"100% Buy",+40.88,+36.71%,57.09,59.6,55.15,61.16,59.23,15.2,11.82,180170,Average,Maximum,83.96%,0.99,59.81,62.52,81%
CMT,"Core Molding Technologies Inc","Rubber & Plastics",24.43,-0.08%,9,Hold,"80% Buy",+40.54,+43.71%,24.04,23.87,22.46,24.19,53.78,22.2,9.22,27261,Average,Average,51.07%,0.61,23.13,25.26,61%
HWBK,"Hawthorn Bancshares","Banks - Northeast",40.22,+1.23%,7,Buy,"100% Buy",+40.52,+40.58%,36.25,38.1,35.39,38.81,61.82,19.07,2.68,10066,"Top 1%",Maximum,88.32%,1.27,37.22,40.39,95%
BCH,"Banco DE Chile ADR","Banks - Foreign",42.16,+1.25%,9,Buy,"72% Buy",+40.36,+51.98%,38.74,39.75,39.77,40.96,59.8,30.47,-1.68,348926,Strongest,Soft,78.20%,0.56,39.62,42.3,95%
TS,"Tenaris S.A. ADR","Steel - Pipe & Tube",53.4,-6.40%,10,Sell,"24% Sell",+40.31,+51.15%,59.02,58.03,55.1,56.57,36.61,29.64,26.25,1522022,Average,Minimum,46.36%,3.85,54.45,58.7,-25%
PLOW,"Douglas Dynamics","Auto - Truck Replacement Parts",44.91,-1.58%,2,Sell,"24% Buy",+40.27,+46.91%,45.3,46.33,43.51,44.56,48.7,25.4,24.92,221256,Weakening,Weak,56.64%,0.99,41.98,47.13,57%
CGEN,"Compugen Ltd","Medical - Biomedical",2.3,+0.88%,3,Buy,"40% Buy",+40.25,+57.53%,2.42,2.26,2.24,2.34,48.71,36.02,37.7,393331,Weakest,Weak,42.86%,0.63,2.23,2.46,32%
CENTA,"Central Garden & Pet","Consumer Prdts - Misc Discr",40.6,+5.32%,5,Buy,"100% Buy",+40.17,+13.60%,35.43,37.46,34.21,38.3,67.47,-7.91,26.46,323282,"Top 1%",Maximum,69.47%,1.97,36.88,39.73,131%
KNOP,"Knot Offshore Partners LP","Transportation - Ship",10.64,+1.92%,3,Buy,"64% Buy",+40.03,+50.28%,10.52,10.52,10.51,10.5,54.16,28.77,-9.83,107617,Weakening,Weak,44.44%,0.29,10.12,10.88,68%
AZZ,"Azz Inc","Machinery - Electrical",150.85,-0.73%,5,Sell,"88% Buy",+40.01,+39.03%,141.51,147.63,136.52,148.7,53.53,17.52,28.11,227586,Average,Strong,80.91%,0.53,142.83,154.56,68%
FUNC,"First United Corp","Banks - Northeast",45.3,+1.27%,5,Hold,"96% Buy",+39.90,+41.08%,40.18,43.04,39.24,44.68,58.55,19.57,8.36,19642,Strongest,Strong,63.47%,1.24,43.62,45.74,79%
Q,"Qnity Electronics Inc","Electronics - Semiconductors",133.37,-1.67%,3,Sell,N/A,+39.84,N/A,140.74,146.52,128.48,135.71,44.82,N/A,50.71,N/A,N/A,N/A,60.76%,0.77,125.78,145.65,38%
RAMP,"Liveramp Holdings Inc","Technology Services",37.82,+0.05%,5,Hold,"88% Buy",+39.63,+16.08%,33.45,37.68,31.01,37.82,57.5,-5.43,16.14,975485,Weakening,Strong,43.33%,0.48,37.64,38,51%
HAFC,"Hanmi Financial Corp","Banks - West",32.18,-0.68%,3,Hold,"96% Buy",+39.56,+42.90%,29.97,31.64,29.04,32.11,52.64,21.39,6.42,273626,Weakening,Strong,74.92%,0.98,31.25,32.96,54%
IRON,"Disc Medicine Inc","Medical - Biomedical",77.44,-1.86%,1,Buy,"72% Buy",+39.51,+31.25%,69.7,73.3,70.38,75.85,54.99,9.74,-15.11,593168,Weakening,Weak,77.77%,0.57,72.66,79.04,75%
LAMR,"Lamar Advertis A","REIT - Equity Trust Other",160,+1.15%,5,Buy,"100% Buy",+39.36,+28.45%,146.46,156.03,141.55,159.74,53.48,6.94,13.77,577040,Strengthening,Maximum,32.00%,1.57,155.46,164.02,53%
PRPO,"Precipio Inc","Medical Information Systems",23.46,-0.09%,3,Sell,"56% Sell",+39.30,+60.91%,25.54,23.41,25.1,23.19,50.87,39.4,-10.54,31425,Weakening,Weak,69.16%,0.65,21.28,25.1,57%
HASI,"Ha Sustainable Infrastructure Capital Inc","Finance - Misc Services",38.24,+0.18%,5,Hold,Hold,+39.06,+56.46%,39.07,38.63,37.82,38.26,48.64,34.95,9.04,1031050,Bearish,,53.02%,1.11,37.55,38.98,48%
FULT,"Fulton Financial Cor","Banks - Northeast",24.4,-1.29%,3,Buy,"88% Buy",+39.04,+38.87%,22.31,23.61,21.8,24.51,52.37,17.36,13.6,1923328,Weakening,Maximum,64.28%,0.78,24.01,25.01,39%
SBFG,"Sb Financial Group","Banks - Northeast",27.06,+2.04%,3,Buy,"100% Buy",+39.04,+33.17%,23.07,24.65,22.52,26.61,59.12,11.66,8.88,19583,Strongest,Maximum,67.67%,0.51,25.72,27.49,76%
HELE,"Helen of Troy Ltd","Cosmetics & Toiletries",28.82,-2.50%,5,Buy,"100% Buy",+39.00,+29.70%,23.72,27.59,21.87,28.07,53.91,8.19,22.99,709872,Strengthening,Strong,75.37%,0.6,26.57,29.56,75%
BCAL,"California Bancorp","Banks - Southwest",21.37,-0.19%,4,Buy,"100% Buy",+38.71,+40.13%,19.39,20.42,19.1,21.19,57.36,18.62,1.83,213428,Strengthening,Strong,65.63%,0.56,20.65,21.73,66%
ACTG,"Acacia Res-Acacia","Business Services",4.67,+2.86%,4,Sell,"24% Buy",+38.61,+43.25%,4.75,4.61,4.51,4.54,56,21.74,12.24,255368,Weakening,Weak,43.35%,1.56,4.35,4.72,86%
AVBH,"Avidbank Holdings Inc","Banks - West",32.6,-0.34%,3,Buy,"100% Buy",+38.50,+46.98%,30.64,32.11,29.88,32.37,54.83,25.47,10.11,86803,Average,Strong,64.90%,0.27,31.71,33.03,67%
FBLA,"Fb Bancorp Inc","Banks - Southeast",15.52,-1.90%,13,Buy,"100% Buy",+38.05,+36.02%,14.39,14.9,13.97,15.43,56.33,14.51,8.15,114604,Strengthening,Maximum,70.68%,1.63,15,15.87,60%
EXEL,"Exelixis Inc","Medical - Biomedical",52.2,-7.94%,1,Sell,"56% Buy",+38.04,+38.42%,49.65,53.97,47.54,55.49,41.18,16.91,6.47,2752801,Weakest,Good,61.44%,2,53.36,57.61,-27%
FITB,"Fifth Third Bancorp","Banks - Major Regional",56.96,-1.11%,2,Buy,"88% Buy",+37.83,+38.08%,51.71,55.17,51.24,57.38,52.03,16.57,9.05,8512858,Weakening,Strong,54.70%,0.64,56.11,58.65,34%
TK,"Teekay Corporation Ltd","Oil - International Integrated",11.27,+3.68%,9,Sell,"24% Sell",+37.69,+46.94%,12.03,11.3,11.62,11.15,50.43,25.43,12.18,595833,Weakest,Weak,41.78%,0.95,10.59,11.71,61%
LOB,"Live Oak Bancsh","Banks - Southeast",42.51,-2.86%,6,Buy,"100% Buy",+37.62,+38.33%,38.03,40.48,37.97,42.44,53.48,16.82,11.13,288607,Strengthening,Strong,71.02%,0.63,40.85,44.04,52%
OPLN,"Openlane Inc","Auto - Truck Original Parts",37.62,-1.57%,5,Sell,"56% Buy",+37.58,+30.17%,35.34,39.18,33.31,39.78,40.67,8.66,13.7,944685,Weakest,Good,15.72%,0.92,37.98,41.57,-10%
ALXO,"Alx Oncology Holdings Inc","Medical - Biomedical",2.11,+9.90%,3,Buy,"88% Buy",+37.46,+201.00%,1.89,1.88,1.88,2.01,57.95,179.49,74.1,816925,Strengthening,Soft,50.32%,0.42,1.88,2.13,92%
DJCO,"Daily Journal Corp","Publishing - Newspapers",576.85,-3.66%,3,Hold,"80% Buy",+37.36,+39.03%,532.91,563.64,542.18,587.16,48.32,17.52,5.74,112636,Average,Average,56.54%,1.97,568.23,606.09,23%
RMCO,"Royalty Management Holding Corp","Finance - Investment Mgmt",2.39,-2.05%,3,Sell,"88% Sell",+37.31,+59.65%,2.65,2.45,3.08,2.29,51.61,38.14,-35.28,41818,Weakening,Average,57.20%,0.32,2.13,2.44,84%
CRBP,"Corbus Pharmaceuticals Hldgs Inc","Medical - Drugs",9.74,+1.78%,3,Buy,"8% Buy",+37.24,+6.92%,9.32,8.64,8.98,9.13,62.37,-14.59,7.03,371612,Weakening,Minimum,86.48%,0.35,8.59,9.66,108%
PHIN,"Borgwarner Inc","Auto - Truck Original Parts",74.89,-2.12%,4,Sell,"24% Buy",+37.09,+48.03%,75.68,79.47,74.01,78.21,43.95,26.52,6.83,392812,Weakening,Weak,62.29%,0.71,73.65,82.78,14%
BH,"Biglari Holdings Inc","Retail - Restaurants",390.23,-1.95%,1,Buy,"88% Buy",+36.79,+33.74%,333.09,363.34,351.43,386.5,53.58,12.23,4.76,92607,Weakening,Average,71.65%,2.3,370.28,402.72,62%
ISTR,"Investar Holding","Banks - Southeast",30.12,-1.28%,5,Buy,"100% Buy",+36.70,+40.16%,28.67,29.49,28.51,29.86,54.21,18.65,0.09,126823,Average,Average,84.12%,0.41,29.1,30.63,67%
RBC,"RBC Bearings Inc","Machinery - General Industrial",566.61,-0.97%,1,Sell,"8% Buy",+36.62,+40.12%,585.93,595.21,566.07,577.49,43.42,18.61,13.72,220152,Weakening,Minimum,34.19%,0.96,550.37,604.62,30%
BH.A,"Biglari Holdings Inc Cl A","Retail - Restaurants",1939.33,-2.84%,1,Hold,"80% Buy",+36.52,+35.49%,1729.69,1844.94,1825.78,1933.45,51.57,13.98,-1.18,17698,Weakening,Soft,60.82%,1.52,1843.14,2023.76,53%
BVFL,"Bv Financial Inc MD","Banks - Northeast",21.31,+0.85%,6,Buy,"100% Buy",+36.08,+39.65%,20.16,20.76,19.77,21.13,53.03,18.14,4.85,21687,Average,Strong,78.20%,0.17,20.32,21.94,61%
COSO,"Coastalsouth Bancshares Inc","Banks - Southeast",27.67,+1.43%,6,Buy,"100% Buy",+36.07,+38.91%,25.9,26.67,25.36,27.03,61.5,17.4,6.38,86870,"Top 1%",Maximum,70.33%,1.37,26.27,27.8,92%
MTLS,"Materialise NV ADR","Internet - Software",6.75,-0.59%,1,Sell,"72% Buy",+36.01,+33.40%,6.01,6.7,5.84,6.58,55.24,11.89,8.99,127340,Average,Strong,86.45%,0.28,6.27,6.89,77%
PNC,"PNC Bank","Finance - Investment Brokers",252.76,-1.02%,5,Buy,"100% Buy",+35.91,+34.05%,228.67,242.06,226.09,251.72,57.13,12.54,8.46,2240080,Average,Maximum,72.75%,0.71,247.73,255.71,63%
HSIC,"Henry Schein Inc","Medical - Dental Suppliers",88.23,-1.52%,4,Buy,"100% Buy",+35.90,+33.05%,78.61,82.97,78.44,86.39,60.99,11.54,4.11,1408035,Strengthening,Maximum,64.37%,0.81,83.4,89.38,81%
MCBS,"Metrocity Bankshares Inc","Banks - Southeast",35.88,+0.14%,2,Hold,"96% Buy",+35.74,+31.72%,32.94,35.01,31.34,35.84,52.84,10.21,22.56,79152,Average,Strong,70.94%,0.67,34.79,36.89,52%
AUPH,"Aurinia Pharm Ord","Medical - Drugs",16.13,+6.19%,3,Sell,"56% Buy",+35.73,+38.93%,15.67,15.91,15.35,15.43,56.82,17.42,-11.5,1342943,Average,Weak,55.08%,1.43,14.51,16.36,88%
YOU,"Clear Secure Inc Cl A","Internet - Software",53.02,-6.09%,3,Buy,"56% Buy",+34.97,+63.09%,54.19,54.44,48.54,54.73,44.92,41.58,38.51,1585550,Weakest,Average,30.23%,1.38,51.18,58.28,26%
BC,"Brunswick Corp","Leisure & Recreational Prdcts",81.25,-2.79%,7,Sell,"56% Buy",+34.92,+38.84%,79.08,81.26,80.27,80.22,51.37,17.33,-3.19,835220,Weakening,Weak,75.06%,0.7,76.73,83.71,65%
EQIX,"Equinix Inc","REIT - Equity Trust Retail",1052.86,-0.32%,6,Hold,"64% Buy",+34.86,+36.20%,1047.99,1052.1,987.74,1035.31,52.65,14.69,24.79,596820,Weakening,Average,52.50%,1.56,998.94,1071.69,74%
HWC,"Hancock Whitney Corp","Banks - Southeast",77.35,-1.24%,5,Buy,"100% Buy",+34.85,+31.97%,69.77,73.68,69.18,76.94,57.06,10.46,8.84,878893,Strengthening,Maximum,79.99%,0.65,74.85,79.04,60%
UMBF,"UMB Financial Corp","Banks - Midwest",145.13,-1.14%,5,Buy,"100% Buy",+34.83,+31.94%,130.55,139.62,127.9,144.6,53.54,10.43,13.53,595933,Average,Maximum,74.60%,0.62,139.52,149.68,55%
BLX,"Bladex Inc","Finance - Misc Services",57.79,-2.15%,7,Sell,"56% Buy",+34.80,+39.93%,56,58.74,53.23,58.84,45.15,18.42,16.94,159503,Weakest,Good,33.04%,0.82,57.21,60.46,18%
IRM,"Iron Mountain Inc","Business Information",121.96,-4.07%,10,Sell,"40% Buy",+34.76,+35.45%,120.16,125.12,112.93,124.09,46.1,13.94,34.4,1865874,Weakest,Average,40.38%,1.53,120.1,128.08,23%
LSBK,"Lake Shore Bancorp","Finance - Savings & Loan",17.15,+0.47%,5,Buy,"100% Buy",+34.69,+38.64%,16.14,16.72,15.87,17.11,54.56,17.13,4.35,11892,Average,Strong,63.64%,1.42,16.94,17.27,64%
DAN,"Dana Inc","Auto - Truck Original Parts",27.32,-2.50%,8,Sell,"56% Sell",+34.57,+55.05%,32.07,29.42,31.64,27.25,47.02,33.54,2.35,1616653,Average,Soft,61.15%,1.29,26.34,28.16,54%
WSBK,"Winchester Bancorp Inc","Banks - Northeast",12.99,-0.23%,2,Buy,"88% Buy",+34.54,+35.03%,12.9,12.96,12.54,13.03,48.27,13.52,11.68,8423,Weakest,Average,82.98%,1.11,12.96,13.09,22%
ENIC,"Enersis Chile S.A. ADR","Utility - Electric Power",4.57,+1.78%,6,Buy,"100% Buy",+34.46,+39.33%,4.35,4.4,4.3,4.43,59.11,17.82,1.05,592636,Strongest,Good,63.38%,1.36,4.29,4.57,101%
RVTY,"Revvity Inc","Medical Services",114.24,-0.68%,5,Buy,"88% Buy",+34.35,+32.99%,99.15,107.46,100.11,111.69,56.5,11.48,5.45,1405011,Average,Strong,74.54%,0.81,107.51,115.88,80%
IMPP,"Imperial Petroleum Inc","Transportation - Ship",4.65,+0.43%,3,Sell,"8% Buy",+34.17,+46.69%,4.8,4.92,4.49,4.76,43.01,25.18,15.82,650208,Weakest,Minimum,35.77%,0.64,4.54,4.97,25%
ELPC,"Companhia Paranaense DE Energia [Copel] ADR","Utility - Electric Power",11.69,+0.86%,2,Buy,"48% Buy",+34.14,+42.39%,11.99,11.58,11.45,11.69,50.71,20.88,10.29,264417,Weakest,Weak,56.76%,0.8,11.34,12.05,50%
AKO.B,"Embotell Andna Sa Cl B ADR","Beverages - Soft",31.31,+0.16%,6,Buy,"100% Buy",+33.83,+37.32%,28.69,29.51,29.02,30.08,61.59,15.81,-0.41,15757,Strongest,Average,82.51%,0.76,28.89,31.26,102%
ELAN,"Elanco Animal Health Inc","Medical - Outpatient & Hm Care",24.2,-7.70%,9,Hold,"64% Buy",+33.76,+73.48%,23.84,24.7,24.04,25.52,41.95,51.97,-5.69,5496096,Weakening,Weak,35.36%,3.03,24.36,26.67,-7%
RNR,"Renaissancere Holdings Ltd","Insurance - Proprty & Casualty",323.49,-0.03%,5,Buy,"100% Buy",+33.68,+33.81%,305.24,309.22,299.78,321.74,54.13,12.3,2.43,380274,Strongest,Strong,51.10%,0.61,309.79,333.69,57%
RL,"Ralph Lauren Corp","Textile - Apparel",395.83,+3.95%,2,Sell,"72% Buy",+33.49,+30.65%,371.01,386.44,367.15,380.34,57.59,9.14,-0.69,653276,Strengthening,Average,53.60%,1.89,366.41,394.28,106%
NEWT,"Newtekone Inc","Finance - Misc Services",14.95,-1.19%,6,Buy,"100% Buy",+33.39,+33.36%,13.37,14.33,13.25,14.86,54.36,11.85,19.09,232372,Strengthening,Strong,69.86%,0.91,14.24,15.49,57%
EWBC,"East West Bancorp","Banks - West",131.88,-1.03%,4,Buy,"88% Buy",+33.38,+33.90%,122.99,129.54,120.22,132.09,52.59,12.39,4.71,934593,Weakening,Strong,57.09%,0.48,129.03,135.16,47%
MNKD,"Mannkind Corp","Medical - Biomedical",3.89,-5.12%,1,Hold,"8% Sell",+33.24,+12.27%,3.36,3.9,3.89,3.98,48.16,-9.24,-44.02,5066190,Weakest,Minimum,52.86%,1.73,3.78,4.18,28%
ECBK,"ECB Bancorp Inc","Banks - Northeast",20.58,-0.27%,5,Buy,"100% Buy",+33.08,+29.16%,18.69,19.68,18.3,20.28,58.85,7.65,5.69,11200,Average,Maximum,90.79%,0.46,19.77,20.8,78%
IMKTA,"Ingles Markets Inc","Retail - Supermarket",86.71,-1.30%,3,Sell,"24% Buy",+32.97,+36.87%,89.2,89.72,85.94,89.6,41.99,15.36,13.86,128865,Weakest,Weak,49.10%,1.23,85.68,93.52,13%
MANU,"Manchester United Ltd","Leisure & Recreation Services",21.91,-1.62%,8,Hold,"64% Buy",+32.86,+21.86%,20.11,22.34,19.12,22.52,42.94,0.35,25,351432,Weakest,Strong,16.22%,0.61,21.6,23.45,17%
HAFN,"Hafnia Ltd","Transportation - Ship",7.55,+3.85%,9,Hold,"48% Buy",+32.75,+29.95%,7.81,7.39,7.36,7.49,52.34,8.44,29.02,1542372,Average,Weak,36.87%,0.66,7.21,7.76,61%
AUB,"Atlantic Union Bancshares Corp","Banks - Northeast",42.44,-1.35%,3,Buy,"88% Buy",+32.60,+33.92%,38.84,40.84,38.66,42.5,53.02,12.41,7.6,1126780,Average,Strong,75.84%,0.66,41.64,43.35,47%
PNRG,"Primeenergy Corp","Oil - US Exploration & Product",182.74,-2.12%,7,Buy,"40% Sell",+32.56,+9.01%,205.78,182.4,198.69,185.52,47.04,-12.5,-5.76,63007,Average,Weak,34.88%,1,178.05,192.98,31%
NECB,"Northeast Community Bancorp","Banks - Northeast",26.94,-0.88%,3,Buy,"100% Buy",+32.41,+30.46%,25.19,26.23,24.66,26.74,53.44,8.95,6.52,44795,Strengthening,Strong,66.02%,0.79,26.1,27.38,66%
TEX,"Terex Corp","Machinery - Construct & Mining",65.35,-1.06%,4,Sell,"56% Buy",+32.25,+34.52%,62.99,65.48,62.85,65.86,48.66,13.01,9.79,1509974,Weakening,Soft,48.70%,1.01,61.81,69.92,44%
LEGH,"Legacy Housing Corp","Real Estate Operations",28.9,+5.01%,7,Buy,"100% Buy",+32.12,+22.10%,23.41,25.61,22.64,26.61,73,0.59,35.42,106522,"Top 1%",Maximum,80.73%,2.23,25.25,27.97,134%
HFWA,"Heritage Financial","Finance - Savings & Loan",29.65,-1.20%,4,Buy,"88% Buy",+32.04,+32.37%,27.88,29.11,27.29,30.07,49.05,10.86,12.74,288350,Weakening,Strong,49.36%,1.14,29.21,30.93,26%
CVCO,"Cavco Inds Inc","Building - Mobile Homes & RV",578.17,-1.63%,2,Sell,"56% Buy",+32.02,+28.28%,535.3,574.53,553.31,568.44,52.68,6.77,-14.76,157127,Strengthening,Weak,73.36%,0.71,545.5,591.38,71%
MRBK,"Meridian Bank","Banks - Northeast",19.73,-0.60%,7,Hold,"80% Buy",+31.95,+36.16%,19.2,19.56,19.13,20.03,47.51,14.65,-0.4,101132,Weakening,Average,34.58%,0.59,19.52,20.53,21%
VCEL,"Vericel Corporation","Medical - Biomedical",44.75,-1.34%,4,Hold,"80% Buy",+31.86,+23.31%,38.18,42.47,37.59,46.16,48.29,1.8,11.64,603982,Average,Strong,28.55%,0.55,44.32,48,12%
SLP,"Simulations Plus Inc","Computer - Software",18.34,+0.11%,1,Buy,"88% Buy",+31.68,+40.64%,15.69,17.75,15.64,18.28,62.53,19.13,-12.03,393418,Average,Average,73.33%,0.28,18.18,18.38,80%
STHO,"Star Holdings","Real Estate Operations",9.48,+1.07%,4,Buy,"100% Buy",+31.37,+30.67%,8.69,9.12,8.58,9.29,60.48,9.16,2.56,33395,"Top 1%",Maximum,44.80%,4.62,9.06,9.53,90%
CLH,"Clean Harbors","Waste Removal Svcs",307.64,-0.52%,9,Buy,"88% Buy",+31.37,+26.91%,296.89,297.25,287.65,308.48,52.01,5.4,18.57,532976,Weakening,Good,27.21%,0.64,297.27,319.68,46%
ASB,"Associated Banc-Corp","Banks - Midwest",31.16,-1.17%,4,Buy,"100% Buy",+31.13,+29.73%,28.49,29.96,27.98,30.99,54.94,8.22,8.33,2115267,Average,Maximum,75.18%,0.73,30.21,31.76,61%
FUSB,"First US Bancshares Inc","Banks - Southeast",16.7,+0.15%,3,Hold,"96% Buy",+31.07,+27.32%,16.02,16.41,15.58,16.54,53.49,5.81,6.95,6378,Average,Good,61.38%,0.53,16.26,16.83,79%
NAAS,"Nass Technology Inc ADR","Electrical Power",3.33,+2.15%,1,Buy,"88% Buy",+31.04,+43.53%,2.81,3.17,2.76,3.26,55.59,22.02,-14.11,15715,Average,Average,67.17%,0.88,3.04,3.49,65%
FBNC,"First Bancorp [Nc]","Banks - Southeast",64.2,-1.03%,3,Buy,"100% Buy",+31.01,+29.70%,59.84,62.3,59.06,63.92,53.6,8.19,13.77,232092,Average,Strong,77.03%,0.65,62.03,65.82,57%
CZR,"Caesars Entertainment Inc","Leisure & Recreation Services",30.05,-0.17%,1,Hold,"96% Buy",+30.78,+20.78%,28.47,29.7,26.67,29.9,55.98,-0.73,15.84,6465600,Weakening,Strong,84.73%,0.51,29.61,30.18,77%
CV,"Capsovision Inc","Medical Information Systems",6.9,+1.92%,6,Hold,"48% Buy",+30.76,+63.51%,6.73,6.79,6.4,6.63,53.33,42,-48.08,242650,Weakening,Weak,54.77%,0.44,6.08,7.19,74%
OSS,"One Stop Systems Inc","Computer - Micro",13.32,+1.52%,1,Sell,"40% Buy",+30.65,+170.73%,13.21,15.36,11.92,12.83,48.64,149.22,72.89,1557450,Weakest,Soft,73.57%,0.8,11.26,14.4,66%
NREF,"Nexpoint Real Estate Finance Inc","REIT - Mortgage Trusts",17.59,+3.96%,12,Buy,"100% Buy",+30.55,+26.91%,15.13,16.04,14.95,16.87,66.11,5.4,12.3,58076,"Top 1%","Top 1%",72.31%,0.75,16.25,17.49,108%
DOW,"Dow Inc","Chemical - Diversified",30.3,+2.12%,7,Sell,"56% Sell",+30.42,+42.25%,34.81,30.97,33.18,30,50.52,20.74,16.97,12938801,Weakening,Weak,41.56%,0.79,28.74,31.27,62%
ONB,"Old National Bncp","Banks - Midwest",26.67,-1.22%,3,Buy,"100% Buy",+30.33,+28.72%,24.37,25.6,24.17,26.58,54.65,7.21,6.91,3427444,Average,Maximum,74.32%,0.93,25.94,27.22,57%
GMAB,"Genmab A/S ADR","Medical - Biomedical",29.83,+1.95%,4,Buy,"40% Buy",+30.08,+38.68%,27.09,27.22,28.38,28.85,64.67,17.17,-15.78,1841068,Average,Weak,82.65%,2.77,28.12,29.59,116%
AFRI,"Forafric Global Plc","Agriculture Operations",10.52,+0.29%,5,Buy,"88% Buy",+29.88,+35.92%,10.05,10.26,10.05,10.58,52.94,14.41,-17.25,15087,Average,Soft,41.69%,0.6,10.36,10.79,37%
KEN,"Kenon Holdings Ltd","Utility - Electric Power",65.45,+1.79%,5,Sell,"88% Sell",+29.85,+52.28%,78.15,70.91,77.29,67.04,44.24,30.77,-13.93,20096,Strengthening,Average,29.41%,1.21,63.74,70.34,26%
SNA,"Snap-On Inc","Tools - Hand Held",414.68,-1.00%,6,Buy,"100% Buy",+29.82,+28.31%,384.02,396.76,379.98,408.79,56.87,6.8,7.71,350673,Strengthening,Maximum,85.23%,0.82,396.09,421.5,73%
ISOU,"Isoenergy Ltd","Mining - Misc",10.18,+2.62%,2,Sell,"72% Sell",+29.68,+50.59%,10.75,10.28,10.84,9.71,53.67,29.08,-0.76,114558,Weakening,Weak,60.33%,1.23,8.95,10.47,81%
IMTX,"Immatics NV","Medical - Biomedical",9.42,-3.58%,2,Hold,"64% Sell",+29.44,+48.58%,10.15,9.65,10.06,9.24,50.44,27.07,-22.92,490436,Average,Weak,80.58%,0.7,8.62,9.85,65%
RFL,"Rafael Holdings Inc","Medical - Drugs",2.02,-0.49%,1,Sell,"40% Buy",+29.23,+20.96%,1.74,2.21,1.59,2.14,45.12,-0.55,58.56,129372,Weakening,Average,21.01%,0.17,1.85,2.44,29%
ITRN,"Ituran Location","Protection - Safety",54.36,-2.41%,1,Sell,"8% Buy",+29.09,+30.89%,57.45,59.87,53.71,55.58,39.57,9.38,13.76,121883,Weakening,Minimum,37.67%,0.59,54.15,57.01,7%
VABK,"Virginia Natl Bnk","Banks - Northeast",46.89,-1.49%,10,Buy,"100% Buy",+28.91,+27.77%,42.82,44.65,41.92,45.87,58.71,6.26,5.04,8422,Strengthening,Maximum,64.04%,0.4,43.96,47.78,77%
DY,"Dycom Industries","Building - Heavy Construction",399.57,-2.21%,5,Sell,"8% Sell",+28.83,+47.50%,421.59,449.17,408.35,414.78,43.2,25.99,5.62,470496,Average,Minimum,46.89%,0.48,385.38,444.18,24%
ABEV,"Ambev S.A. ADR","Beverages - Alcohol",3.01,-0.66%,4,Sell,"16% Buy",+28.70,+33.19%,3.08,3.12,3,3.07,40.79,11.68,9.23,29324539,Weakest,Weak,28.33%,1.21,3,3.15,6%
HMN,"Horace Mann Educators Corp","Insurance - Multi Line",54.12,+3.88%,1,Buy,"100% Buy",+28.70,+27.82%,47.48,50.43,46.15,52.09,67.06,6.31,4.56,250573,Strongest,Maximum,61.59%,1.39,50.82,53.35,130%
INDB,"Independent Bk Corp","Banks - Northeast",83.98,-2.03%,3,Buy,"88% Buy",+28.65,+32.06%,80.14,82.98,79.83,84.89,48.44,10.55,2.29,344731,Weakening,Good,63.94%,0.92,83.16,86.62,24%
ROK,"Rockwell Automation Inc","Electronics Products - Misc",441.8,-1.83%,3,Sell,"40% Buy",+28.59,+34.42%,433.56,464.3,423.57,463.25,40.82,12.91,0.92,892625,Weakest,Average,22.33%,1.29,443.65,482.85,-5%
OSW,"Onespaworld Holdings Ltd","Leisure & Recreation Services",26.53,-0.28%,2,Buy,"100% Buy",+28.37,+17.93%,24.89,26.16,23.61,26.39,51.03,-3.58,15.31,892539,Average,Strong,50.22%,1.69,25.48,27.3,58%
ALSN,"Allison Transmission Holdings","Auto - Truck Original Parts",116.24,-1.60%,7,Buy,"8% Sell",+28.37,+31.69%,119.31,116.83,117.22,117.03,48.26,10.18,6.1,986690,Weakest,Minimum,54.41%,0.49,111.13,122.93,43%
AIRG,"Airgain Inc","Communications Components",5.7,-0.35%,3,Sell,"8% Buy",+28.24,+31.64%,6.24,6.33,5.65,5.87,39.34,10.13,27.76,73869,Weakest,Minimum,29.11%,1.16,5.54,6.2,24%
PENN,"Penn Entertainment Inc",Gaming,20.13,+2.60%,2,Sell,"40% Buy",+28.08,+18.27%,18.2,20.66,16.75,20.62,46.35,-3.24,23.84,3889899,Weakening,Good,19.33%,1.04,19.64,21.6,25%
PLUS,"Eplus Inc","Business Software Services",90.35,-4.45%,11,Buy,"72% Buy",+28.06,+42.06%,83.74,85.77,83.72,90.38,52.17,20.55,-9.61,205865,Average,Average,65.90%,0.97,84.97,95.8,50%
EIG,"Employers Holdings Inc","Insurance - Accident & Health",50.58,-0.37%,2,Buy,"100% Buy",+28.02,+21.03%,45.1,48.5,44.35,50.23,55.51,-0.48,4.53,259287,Average,Maximum,57.32%,0.66,48.9,51.57,63%
VRTX,"Vertex Pharmaceutic","Medical - Biomedical",484.03,-0.17%,1,Buy,"100% Buy",+27.89,+25.51%,455.8,471.98,460.36,480.3,52.89,4,-5.86,1438693,Strengthening,Good,57.45%,0.63,470.4,490.21,69%
BMRC,"Bank of Marin Bancrp","Banks - West",28.73,-1.41%,6,Buy,"88% Buy",+27.80,+28.55%,26.62,27.51,26.49,28.85,51.91,7.04,-2.17,110623,Average,Strong,41.20%,0.69,27.84,29.86,44%
WRLD,"World Acceptance Corp","Finance - Consumer Loans",190.03,-1.29%,3,Hold,"80% Buy",+27.77,+18.18%,166.15,187.24,155.57,190.96,50.03,-3.33,22.73,124739,Weakening,Strong,38.73%,0.95,178.5,203.42,46%
BKTI,"Bk Technologies Inc","Wireless Equipment",78.01,-0.04%,1,Sell,"72% Sell",+27.76,+103.84%,84.14,81.6,83.42,80.03,42.9,82.33,-8.04,47171,Strongest,Weak,55.45%,0.72,75.88,84.18,26%
NVGS,"Navigator Holdings","Transportation - Ship",20.87,+1.46%,11,Sell,"40% Buy",+27.71,+30.60%,21.18,21.34,20.45,21.35,45.44,9.09,7.87,389426,Weakest,Weak,24.84%,0.7,20.3,22.39,27%
MTX,"Minerals Technologies Inc","Chemical - Specialty",75.32,-2.30%,4,Hold,"48% Buy",+27.67,+31.31%,74.32,75.53,72.42,74.24,51.47,9.8,10.95,213961,Weakest,Soft,52.95%,1.15,71.57,76.91,70%
SIGI,"Selective Ins Group","Insurance - Proprty & Casualty",96.78,+0.09%,1,Buy,"100% Buy",+27.47,+22.46%,87.64,93.86,86.27,95.99,54.07,0.95,3.04,561686,Strengthening,Maximum,67.65%,0.49,93.19,98.8,64%
PDM,"Piedmont Realty Trust Inc","REIT - Equity Trust Other",9.43,-2.38%,5,Hold,"80% Buy",+26.91,+21.05%,8.41,9.28,8.3,9.68,46.73,-0.46,0.44,958039,Weakening,Strong,29.84%,0.8,9.35,10.01,12%
SMC,"Summit Midstream Corporation","Oil Gas Prod Pipeline MLP",30.71,+1.72%,5,Buy,"88% Buy",+26.81,+23.28%,30.12,29.7,29.62,30.32,54.06,1.77,2.47,61255,Average,Soft,47.56%,0.98,29.35,31.29,70%
CODA,"Coda Octopus Group","Electronics - Semiconductors",10.53,+1.94%,9,Buy,"40% Sell",+26.15,+41.72%,11.22,10.44,11.55,10.1,58.2,20.21,0.6,162340,Weakest,Weak,77.16%,0.37,9.7,10.49,106%
MKTW,"Marketwise Inc","Technology Services",21.34,+0.99%,6,Buy,"100% Buy",+26.05,+8.41%,17.89,18.6,17,20.38,66.35,-13.1,29.45,17750,Strongest,Maximum,55.62%,0.38,19.39,21.37,99%
GROW,"U S Global Inv Inc","Finance - Investment Mgmt",3.1,+1.64%,3,Hold,"96% Buy",+26.01,+32.48%,2.81,2.93,2.87,2.95,62.08,10.97,16,40134,Strongest,Average,85.83%,0.49,2.84,3.06,117%
MCFT,"Mastercraft Boat Holdings Inc","Leisure & Recreational Prdcts",24.39,-3.14%,6,Buy,"88% Buy",+25.92,+22.01%,23.24,23.97,22.79,24.54,49.78,0.5,16.35,148307,Average,Good,63.22%,0.78,23.65,25.42,42%
BEP,"Brookfield Renewable","Utility - Electric Power",32.73,+0.09%,3,Sell,"24% Buy",+25.86,+27.21%,33.8,34.14,32.46,32.42,47.4,5.7,8.73,817214,Weakest,Minimum,46.67%,1.58,31.36,33.49,64%
FNB,"F.N.B. Corp","Banks - Southeast",18.97,-1.25%,2,Buy,"88% Buy",+25.62,+27.40%,17.93,18.61,17.79,19.04,50.73,5.89,-1.69,6331376,Average,Strong,66.08%,0.51,18.67,19.4,41%
ABUS,"Arbutus Biopharma Corp","Medical - Biomedical",4.54,-1.73%,2,Sell,"64% Buy",+25.57,+30.84%,4.45,4.52,4.42,4.49,51.12,9.33,-18.24,1826204,Average,Weak,53.21%,0.59,4.22,4.77,59%
EFSI,"Eagle Financial Services Inc","Banks - Southeast",41.95,+4.17%,2,Sell,"88% Buy",+25.43,+27.12%,38.99,41.21,38.62,41.22,56.71,5.61,-7.21,27677,Strongest,Good,43.27%,2.23,39.73,42.71,74%
PFGC,"Performance Food Group Company","Food Items - Wholesale",114.58,+2.30%,3,Buy,"100% Buy",+25.29,+16.59%,98.49,107.72,96.69,112.84,58.37,-4.92,14.79,1801032,Strongest,Maximum,51.08%,0.84,109.02,116.66,73%
RYTM,"Rhythm Pharmaceuticals Inc","Medical - Biomedical",112.1,+1.26%,2,Buy,"88% Buy",+24.98,+24.54%,94.27,101.43,96.34,106.26,60.22,3.03,-7.9,796099,Strongest,Good,85.65%,1.14,100.11,112.41,97%
HCI,"HCI Group","Insurance - Proprty & Casualty",180.89,+1.36%,2,Buy,"88% Buy",+24.96,+29.34%,162.96,171.17,164.08,178.86,55.87,7.83,-18.26,168146,Strongest,Average,59.15%,0.76,173.57,184.15,69%
CMRE,"Costamare Inc","Transportation - Ship",14.91,+1.50%,7,Sell,"72% Sell",+24.73,+34.93%,16.12,15.27,16.25,15.28,44.34,13.42,-18.2,467555,Strengthening,Soft,20.92%,0.72,14.69,15.87,18%
EFSC,"Enterprises Finl Svc","Banks - Midwest",66.38,-0.75%,3,Buy,"100% Buy",+24.55,+20.58%,60.91,64.51,59.61,66.36,53.33,-0.93,10.3,226158,Average,Maximum,82.53%,1.11,64.74,67.98,51%
IMDX,"Insight Molecular Diagnostics Inc","Medical Information Systems",4.8,-4.00%,1,Sell,"64% Sell",+24.12,+81.13%,4.81,5.3,5.3,4.79,46.76,59.62,-48.63,190855,Strengthening,Weak,64.26%,0.62,4.38,5.2,51%
GASS,"Stealthgas Inc","Transportation - Ship",8.67,+1.29%,6,Sell,"40% Sell",+24.01,+26.75%,9.2,8.8,8.88,8.78,47.53,5.24,10.87,132770,Weakening,Minimum,23.58%,0.55,8.52,9.05,29%
LYV,"Live Nation Entertainment","Movie & TV Production & Dist",181.77,-0.95%,3,Hold,"96% Buy",+23.86,+21.76%,167.36,175.84,161.92,180.3,53.59,0.25,14.93,2815173,Average,Strong,74.05%,0.7,174.89,185.72,64%
UTMD,"Utah Medical Prod","Medical Products",69.97,-1.74%,5,Buy,"100% Buy",+23.82,+24.39%,67.01,68.79,65.57,69.72,50.74,2.88,12.41,15566,Strengthening,Strong,65.70%,0.42,65.97,73.47,53%
NODK,"Ni Holdings Inc","Insurance - Proprty & Casualty",15.55,+1.24%,3,Sell,"72% Buy",+23.68,+21.77%,14.31,15.48,13.98,15.69,49.42,0.26,4.29,17503,Average,Strong,30.92%,0.28,15.26,16.12,34%
VLGEA,"Village Super Mkt","Retail - Supermarket",43.22,+0.23%,6,Buy,"72% Buy",+23.60,+23.63%,42.91,42.59,41.09,43.58,49.52,2.12,9.48,49569,Weakening,Average,54.35%,0.98,42.35,44.81,35%
RNST,"Renasant Corp","Banks - Southeast",43.3,-1.88%,3,Buy,"88% Buy",+23.46,+19.25%,40.56,42.48,39.73,43.44,50.78,-2.26,10.31,670115,Average,Strong,85.07%,0.65,42.38,44.49,43%
CVBF,"Cvb Financial Corp","Banks - West",22.71,-0.79%,2,Buy,"100% Buy",+23.41,+19.28%,20.91,21.88,20.54,22.66,54.1,-2.23,9.47,1498387,Average,Maximum,75.69%,0.83,22.14,23.17,55%
CQP,"Cheniere Energy Partners LP","Other Alt Energy",66.04,+2.98%,6,Buy,"88% Buy",+23.26,+18.22%,63.55,62.83,61.74,64.35,55.95,-3.29,10.86,121833,Average,Average,63.31%,1.38,61.63,67.07,81%
COFS,"Choiceone Financial","Finance - Misc Services",34.36,+0.59%,3,Buy,"100% Buy",+23.24,+19.35%,31.36,32.99,30.55,33.86,56.24,-2.16,3.77,103372,Strongest,Maximum,85.74%,0.71,32.77,34.96,73%
DVN,"Devon Energy Corp","Oil - US Exploration & Product",43.11,+2.42%,8,Hold,"16% Sell",+23.16,+32.85%,45.92,43.61,44.34,43.78,47.38,11.34,5.06,12234507,Weakening,Minimum,23.37%,0.83,41.93,45.63,32%
SEG,"Seaport Entertainment Group Inc","Real Estate Operations",27.01,+0.48%,5,Buy,"100% Buy",+23.00,+18.36%,23.95,25.65,22.9,26.27,62.68,-3.15,23.99,72464,Strongest,Maximum,77.04%,1.56,25.56,26.98,102%
ET,"Energy Transfer LP","Oil Gas Prod Pipeline MLP",20.67,+1.62%,9,Buy,"100% Buy",+22.84,+15.73%,19.52,19.62,19.04,20.23,66.01,-5.78,12.72,13843989,Strongest,Strong,67.04%,1.4,19.81,20.65,103%
FLOC,"Flowco Holdings Inc Cl A","Oil - International Integrated",20.95,+1.11%,5,Sell,"56% Sell",+22.71,+31.18%,22.72,21.55,22.31,20.25,53.19,9.67,-0.84,551792,Weakening,Weak,84.49%,0.4,19.21,21.29,84%
FLNG,"Flex Lng Ltd","Transportation - Ship",31.02,+2.72%,3,Hold,"80% Buy",+22.64,+22.32%,30.73,30.32,29.49,30.79,53.35,0.81,11.7,463618,Strengthening,Average,30.00%,0.65,30.05,31.54,65%
BNED,"Barnes & Noble Education Inc C","Consumer Prdts - Misc Discr",12.64,-0.32%,6,Buy,"100% Buy",+22.56,+50.84%,10.77,11.81,10.04,12.53,54.19,29.33,24.91,321416,Strengthening,Maximum,70.16%,0.44,11.87,13.2,58%
LEVI,"Levi Strauss & Company Cl A","Retail - Apparel & Shoes",24.3,-1.82%,4,Hold,"80% Buy",+22.33,+19.23%,22.55,24.04,22.03,24.51,49.03,-2.28,4.53,2550588,Average,Strong,41.71%,0.61,23.62,25.4,38%
WHG,"Westwood Holdings Group Inc","Finance - Investment Mgmt",19.48,+1.72%,1,Buy,"100% Buy",+22.32,+11.00%,17.4,18.63,17.37,19.41,54.98,-10.51,0.56,15081,Strongest,Strong,34.62%,0.39,18.87,19.96,56%
AURA,"Aura Biosciences Inc","Medical - Biomedical",7.72,+7.52%,3,Buy,"80% Buy",+22.24,+12.87%,7.06,6.94,6.55,7.06,65.17,-8.64,29.02,373836,Strengthening,Good,83.24%,1.06,6.7,7.42,141%
LYB,"Lyondellbasell Industries NV","Chemical - Diversified",61.44,+4.08%,9,Buy,"8% Buy",+22.18,+24.00%,67.11,60.31,63.07,59.83,54.79,2.49,29.26,6346208,Weakest,Minimum,37.99%,0.99,56.6,63.05,75%
TFX,"Teleflex Inc","Medical Instruments",138.89,+1.54%,7,Buy,"100% Buy",+22.12,+23.93%,127.49,131.53,121.84,134.77,58.47,2.42,1.18,765911,Strengthening,Strong,58.23%,2.56,129.24,140.3,87%
OVBC,"Ohio Valley Banc Corp","Banks - Midwest",43.73,+1.93%,7,Sell,"8% Buy",+22.10,+26.75%,44.86,45.02,43.83,42.91,52.96,5.24,-3.25,21062,Weakening,Minimum,55.22%,0.86,41.4,44.43,77%
LLYVK,"Liberty Live Holdings Inc Series C","Conglomerates - Div Operations",103.73,+0.02%,2,Buy,"100% Buy",+21.83,+21.99%,98.44,101.15,95.31,102.15,53.58,0.48,12.11,381207,Strengthening,Strong,73.37%,0.63,97.98,106.31,69%
PALI,"Palisade Bio Inc","Medical - Biomedical",2.09,-1.42%,2,Buy,"80% Buy",+21.69,+109.00%,1.97,1.94,1.91,1.97,56.52,87.49,-23.69,4128296,Strengthening,Weak,69.93%,0.23,1.84,2.11,93%
IHS,"IHS Holding Ltd","Communications Infrastructure",8.24,+0.73%,3,Sell,"32% Buy",+21.51,+29.76%,8.24,8.24,8.14,8.22,52.16,8.25,-2.17,1351193,Weakening,Weak,61.69%,0.18,8.14,8.29,66%
TFC,"Truist Financial Corp","Banks - Major Regional",52.59,-0.49%,7,Buy,"100% Buy",+21.33,+22.27%,49.35,50.55,49.74,52.12,56.83,0.76,-5.76,8890438,Strengthening,Average,63.64%,0.65,50.94,53.31,70%
BGSF,"Bgsf Inc","Business Services",5.66,+0.35%,3,Buy,"32% Buy",+20.96,-16.64%,5.66,5.46,5.68,5.56,54.17,-38.15,9.62,31128,Weakest,Weak,79.72%,0.45,5.24,5.87,66%
IRMD,"Iradimed Corp","Medical Instruments",91.21,-0.71%,1,Sell,"24% Sell",+20.90,+29.71%,93.23,94.33,95.52,94.37,42.19,8.2,-18.87,101446,Average,Weak,28.34%,0.68,90.06,98.68,13%
ACNT,"Ascent Industries Co.","Machinery - General Industrial",15.25,-2.12%,2,Buy,"40% Buy",+20.48,+16.68%,14.16,14.61,14.84,15.29,52.87,-4.83,-18.44,89756,Weakest,Weak,48.41%,0.59,14.96,15.61,45%
EPD,"Enterprise Products Partners LP","Oil Gas Prod Pipeline MLP",38.05,+0.87%,11,Buy,"72% Buy",+20.47,+21.84%,37.84,37.55,36.78,38.21,50.93,0.33,6.05,4061245,Average,Average,36.08%,0.77,37.31,39.1,41%
NTWK,"Netsol Tech Inc","Computer - Software",4.37,+2.10%,1,Sell,"56% Buy",+20.47,+2.58%,4.06,4.46,3.81,4.35,50.04,-18.93,31.59,41786,Average,Average,33.60%,0.18,4.24,4.46,58%
GDOT,"Green Dot Corp","Financial Transaction Services",13.39,-0.67%,5,Buy,"100% Buy",+20.29,+37.47%,12.55,13.15,12.38,13.31,54.28,15.96,-8.1,619127,Strongest,Average,65.66%,0.55,13.07,13.56,66%
NP,"Neptune Insurance Holdings Inc Cl A","Insurance - Multi Line",32.83,+0.06%,2,Buy,"100% Buy",+20.16,N/A,27.85,29.81,26.34,31.56,56.98,N/A,-0.04,546089,Strengthening,Maximum,62.01%,0.4,29.26,33.87,77%
CPSS,"Consumer Portfol","Finance - Misc Services",9.57,+4.25%,6,Sell,"72% Buy",+20.15,+21.60%,9.11,9.45,8.91,9.35,53.36,0.09,-10.06,22127,Average,Average,59.72%,1,8.95,9.75,77%
HLT,"Hilton Inc","Hotels & Motels",321.98,-0.79%,1,Sell,"8% Buy",+20.04,+23.39%,324.44,332.74,317.61,323.2,46.69,1.88,-0.54,1876700,Weakest,Weak,36.27%,0.43,313.41,332.99,44%
TORO,"Toro Corp","Transportation - Ship",5.33,+0.66%,9,Buy,"100% Buy",+19.92,+81.91%,4.95,5.05,4.7,5.08,63.41,60.4,-11.68,280788,Strengthening,Soft,82.43%,0.41,4.81,5.35,97%
PBHC,"Pathfinder Bcp MD","Finance - Savings & Loan",16.53,+1.47%,6,Buy,"88% Buy",+19.75,+14.63%,14.54,15.56,14.38,16.15,61.5,-6.88,4.52,6800,Strongest,Strong,55.52%,0.16,15.76,16.54,99%
LLYVA,"Liberty Live Holdings Inc Series A","Conglomerates - Div Operations",99.61,-0.33%,1,Buy,"100% Buy",+19.55,+20.49%,95.46,97.64,92.65,98.42,52.46,-1.02,9.59,212861,Average,Strong,68.45%,0.38,94.31,102.53,64%
CMP,"Compass Minerals Intl Inc","Chemical - Diversified",25.66,-14.55%,5,Sell,"8% Buy",+19.47,+25.97%,27.95,30.1,26.5,29.44,30.53,4.46,18.02,543738,Weakening,Weak,58.37%,3.67,27.6,31.29,-52%
CINF,"Cincinnati Financial","Insurance - Proprty & Casualty",179.04,+0.70%,1,Buy,"88% Buy",+19.18,+16.22%,168.91,175.1,167.11,179.43,50.57,-5.29,-3.,729080,Strengthening,Strong,43.69%,0.62,173.92,184.95,46%
PFBC,"Preferred Bank LA","Banks - West",105.54,-0.66%,4,Hold,"80% Buy",+19.13,+16.66%,97.71,102.69,95.48,105.55,53.26,-4.85,-0.86,103079,Weakening,Strong,63.55%,0.47,102.25,108.85,50%
BSVN,"Bank7 Corp","Banks - Southeast",50.35,+0.50%,4,Buy,"100% Buy",+18.85,+14.90%,45.15,48.14,44.41,50.25,54.35,-6.61,10.23,15575,Strengthening,Maximum,62.00%,0.53,48.78,51.73,53%
CR,"Crane Company","Machinery - General Industrial",218.55,-2.03%,4,Hold,"80% Buy",+18.60,+12.41%,194.23,210.51,195.11,218.9,51.92,-9.1,5.87,458698,Weakening,Strong,66.13%,0.94,209.6,228.19,48%
FHN,"First Horizon Corp","Banks - Southwest",25.49,-2.60%,4,Buy,"88% Buy",+18.60,+19.06%,24.46,25.2,24.41,25.65,48.87,-2.45,-5.98,5862554,Weakening,Good,67.76%,0.84,25.12,26.19,35%
OVLY,"Oak Valley Bancp CA","Banks - West",33.25,-0.60%,2,Buy,"40% Buy",+18.59,+26.09%,33.41,33.62,32.97,33.44,47.63,4.58,-2.02,27799,Weakest,Weak,65.87%,0.23,32.45,34.44,40%
AVTX,"Avalo Therapeutics Inc","Medical - Drugs",18.7,-0.74%,1,Buy,"88% Buy",+18.44,+125.03%,16.39,17.19,16.27,18.68,52.18,103.52,-9.66,987986,Strengthening,Average,46.49%,0.4,17.62,19.73,51%
CNL,"Collective Mng Ltd","Mining - Gold",13.38,+1.59%,3,Sell,"72% Sell",+18.39,+33.13%,15.52,13.45,15.99,12.7,53.39,11.62,-20.92,64898,Weakening,Average,72.38%,1.05,11.87,13.52,91%
ARCO,"Arcos Dorados Holdings Inc","Retail - Restaurants",8.34,-1.53%,3,Sell,"8% Sell",+18.26,+22.11%,8.46,8.36,8.35,8.29,50.99,0.6,0.99,1254574,Weakest,Minimum,63.84%,0.41,8.11,8.48,63%
TEO,"Telecom Argentina Stet France Telecom ADR","Wireline Non-US",13.8,+0.29%,6,Buy,"100% Buy",+18.22,+42.12%,12.69,13.65,12.37,13.66,53.7,20.61,6.23,352405,Strongest,Average,68.92%,0.24,13.17,14.16,64%
TOL,"Toll Brothers Inc","Building - Residential & Comm",151.33,-2.35%,3,Hold,"96% Buy",+18.21,+20.23%,143.78,149.56,145.59,150.58,50.77,-1.28,-0.72,1157675,Strengthening,Average,66.97%,0.63,144.96,156.2,57%
SBUX,"Starbucks Corp","Retail - Restaurants",105.16,-0.79%,7,Buy,"100% Buy",+18.09,+18.17%,100.76,102.43,98.81,104.98,53.07,-3.34,12.25,8695717,Average,Strong,49.88%,0.76,102.24,107.73,53%
IPI,"Intrepid Potash Inc",Fertilizers,34.92,+3.47%,2,Sell,"24% Sell",+18.03,+12.54%,37.57,34.96,36.51,34.57,51.89,-8.97,13.3,236548,Weakest,Minimum,46.82%,0.87,33.26,35.88,63%
ZTO,"Zto Express Cayman Inc ADR","Transportation - Services",24.07,+1.60%,8,Buy,"72% Buy",+17.80,+20.65%,23.91,23.1,23.64,24.06,55,-0.86,2.59,1792401,Strengthening,Soft,32.66%,1.29,23.57,24.55,51%
VTOL,"Bristow Group Inc","Transportation - Airline",45.01,+1.74%,7,Buy,"72% Buy",+17.73,+17.83%,44.68,43.3,44.3,44.87,52.4,-3.68,10.28,214385,Average,Weak,63.73%,1.12,42.88,46.86,54%
SBGI,"Sinclair Inc","Media Conglomerates",14.76,+6.11%,2,Buy,"8% Sell",+17.50,+4.46%,14.21,14.04,14.42,13.97,59.59,-17.05,-16.16,473189,Weakest,Minimum,55.68%,2.76,13.31,14.62,110%
OTTR,"Otter Tail Corp","Utility - Electric Power",93.05,+0.16%,4,Hold,"96% Buy",+17.37,+18.41%,88.82,89.57,88.01,91.34,57.31,-3.1,2.52,258184,Strongest,Strong,81.40%,0.75,88.14,94.54,77%
OC,"Owens Corning Inc","Building & Construction - Misc",150.6,-1.23%,2,Buy,"100% Buy",+17.21,+1.94%,125.29,135.4,124.26,142.68,62.4,-19.57,21.94,1378463,Strongest,Strong,76.86%,0.97,135.21,150.15,103%
F,"Ford Motor Company","Auto - Domestic",13.79,-2.41%,9,Hold,"48% Buy",+17.17,+23.02%,13.44,14.52,13.47,14.33,41.95,1.51,-7.52,67060609,Weakest,Average,9.68%,1.02,13.57,15.09,14%
RMBI,"Richmond Mutual Bancorp Inc","Banks - Northeast",15.93,+0.25%,5,Buy,"100% Buy",+17.12,+13.38%,14.73,15.16,14.48,15.53,62.83,-8.13,0.83,32343,Strongest,Maximum,76.62%,0.6,15.04,16.02,91%
XPOF,"Xponential Fitness Inc Cl A","Leisure & Recreation Services",6.36,-5.36%,1,Hold,"32% Sell",+17.05,-38.37%,6.34,6.46,6.76,6.56,44.8,-59.88,-35.35,606678,Weakening,Weak,61.34%,2.18,6.11,7.01,28%
QMCO,"Quantum Corp","Computer - Storage Devices",11.68,+0.86%,8,Sell,"56% Buy",+17.03,+47.66%,9.36,11.75,8.33,10.84,54.69,26.15,68.46,757719,Strengthening,Average,64.23%,0.44,9.55,12.14,82%
MATW,"Matthews Intl Corp","Funeral Services & Related",27.66,+0.69%,5,Buy,"100% Buy",+16.71,+10.11%,26.76,26.81,26.68,27.56,51.98,-11.4,-6.73,259009,Strengthening,Average,47.49%,1.09,26.32,28.81,54%
KLC,"Kindercare Learning Companies Inc",Schools,5.11,-3.22%,8,Buy,"72% Buy",+16.65,-47.32%,3.88,4.6,3.98,5.19,52.86,-68.83,5.66,1003260,Weakening,Average,64.86%,0.8,4.83,5.54,39%
ALGN,"Align Technology","Medical - Dental Suppliers",169.08,-3.29%,1,Hold,"16% Buy",+16.63,+23.51%,174.35,174.48,174.58,174.58,44.81,2,-4.35,1185179,Weakening,Minimum,32.96%,0.62,165.76,183.4,19%
OCFC,"Oceanfirst Financial Corp","Finance - Savings & Loan",19.52,-1.76%,6,Buy,"88% Buy",+16.40,+18.09%,18.75,19,18.69,19.64,51.07,-3.42,-3.88,738227,Average,Good,58.13%,1.02,19.07,20.2,40%
VAL,"Valaris Ltd","Oil & Gas - Drilling",77.21,+0.31%,5,Sell,"40% Sell",+15.95,+60.32%,89.32,80.94,83.8,77.35,47.52,38.81,40.56,1179421,Weakening,Weak,56.57%,1.21,74.12,80.57,48%
VTMX,"Corp Inmobiliaria Vesta S.A.B DE C.V. ADR","Real Estate Operations",33.69,+0.27%,1,Buy,"8% Buy",+15.78,+19.13%,34.37,34.2,33.84,34.23,43.76,-2.38,-2.13,85454,Weakening,Minimum,25.30%,0.52,33.41,35.04,17%
DLO,"Dlocal Ltd Cl A","Financial Transaction Services",14.77,-2.83%,2,Buy,"72% Buy",+15.75,+42.57%,13.19,13.53,13.2,14.81,54.06,21.06,-8.17,1961427,Weakening,Average,70.92%,0.48,14.17,15.46,47%
TRIN,"Trinity Capital Inc","Finance - SBIC & Commercial",17.6,+2.09%,5,Hold,"80% Buy",+15.38,+14.81%,16.55,17.32,16.25,17.63,51.24,-6.7,7.51,1135246,Average,Strong,55.42%,1.37,17.19,18.07,46%
EPRX,"Eupraxia Pharmaceuticals Inc","Medical - Biomedical",6.66,+2.78%,3,Sell,"72% Sell",+15.36,+22.88%,6.81,6.44,7.29,6.36,54.79,1.37,-24.42,234369,Average,Soft,75.08%,0.54,5.92,6.81,83%
CSIQ,"Canadian Solar Inc",Solar,15.47,+0.45%,5,Hold,"64% Sell",+14.98,+32.00%,15.59,15.91,17.11,14.91,52.12,10.49,-47.55,3490838,Average,Weak,80.42%,0.85,13.4,16.43,68%
EHLD,"Euroholdings Ltd","Transportation - Ship",8.3,+2.85%,5,Hold,"80% Buy",+14.92,+8.45%,8.11,8.25,7.66,8.15,54.24,-13.06,9.43,5666,Strengthening,Average,34.31%,0.71,7.81,8.49,72%
ISBA,"Isabella Bank Corp","Banks - Northeast",40.81,-0.05%,1,Sell,"72% Sell",+14.90,+24.42%,42.28,40.33,44.65,39.58,55.36,2.91,-31.01,36234,Weakening,Soft,88.16%,0.69,37.65,41.5,82%
TRS,"Trimas Corp","Metal Production & Fabrication",40.48,-1.05%,3,Sell,"56% Buy",+14.84,+13.93%,39.48,41.19,38.31,40.28,49.25,-7.58,1.56,531576,Weakest,Soft,84.55%,0.96,38.95,41.62,57%
LGCY,"Legacy Education Inc",Schools,11.98,0.00%,5,Buy,"56% Buy",+14.55,+9.31%,11.95,11.54,11.79,11.93,52.95,-12.2,4.94,56583,Weakening,Weak,53.26%,0.6,11.5,12.35,56%
BLCO,"Bausch & Lomb Corp","Medical Services",16.35,-2.45%,1,Buy,"16% Sell",+14.39,+15.88%,16.06,15.98,16.46,16.37,49.71,-5.63,-16.9,432305,Weakening,Minimum,65.30%,0.74,15.69,17.04,49%
BBDO,"Banco Bradesco S.A. ADR","Banks - Foreign",3.15,-1.56%,8,Buy,"48% Sell",+14.38,+21.15%,3.22,3.08,3.28,3.21,48.22,-0.36,-2.87,71675,Average,Weak,31.97%,0.6,3.06,3.36,30%
DEA,"Easterly Government Properties","REIT - Equity Trust Other",24.89,-0.60%,3,Buy,"88% Buy",+14.38,+12.12%,23.68,24.56,23.47,25.08,49.67,-9.39,4.83,450715,Weakening,Strong,53.19%,0.82,24.47,25.69,34%
FLR,"Fluor Corp","Engineering & R&D Services",48.75,-3.31%,8,Hold,"40% Buy",+14.23,+11.02%,48.95,50.38,48.16,50.39,45.01,-10.49,10.38,2832407,Weakest,Average,52.13%,1.79,47.62,53.16,20%
VNO,"Vornado Realty Trust","REIT - Equity Trust Other",38.94,-2.43%,5,Buy,"88% Buy",+13.98,+3.07%,33.43,38.25,32.49,39.66,48.36,-18.44,4.38,1814499,Average,Strong,50.59%,0.86,38.17,41.15,26%
BOC,"Boston Omaha Corp Cl A","Real Estate Operations",14.3,-1.38%,1,Buy,"100% Buy",+13.81,+6.48%,12.96,13.85,12.78,14.24,53.68,-15.03,2.97,170436,Average,Strong,62.30%,0.47,13.9,14.58,59%
ARVN,"Arvinas Inc","Medical - Biomedical",8.68,+3.33%,2,Buy,"40% Sell",+13.73,+34.99%,9.24,8.09,10.41,8.24,57.04,13.48,-39.44,1129824,Weakest,Average,45.49%,3.13,7.77,8.71,97%
MHO,"M/I Homes","Building - Residential & Comm",146.83,-2.46%,4,Hold,"64% Buy",+13.71,+13.39%,136.66,147.04,136.87,149.08,46.85,-8.12,2.13,239538,Weakening,Average,32.74%,0.61,144.49,153.68,25%
AVNW,"Aviat Networks Inc","Wireless Equipment",21.05,-0.94%,3,Hold,"16% Sell",+13.70,-2.37%,20.51,20.16,21.57,20.75,54,-23.88,-14.17,149726,Weakest,Weak,76.84%,0.63,19.82,21.68,66%
MMI,"Marcus & Millichap","Real Estate Developers",31.69,+1.44%,2,Buy,"100% Buy",+13.65,-1.68%,28.95,30.41,28.11,30.87,58.6,-23.19,3.49,254472,Strongest,Strong,60.00%,1.01,29.8,31.94,88%
GATX,"GATX Corp","Transportation - Equip & Lease",178.79,-0.41%,8,Buy,"24% Buy",+13.50,+17.62%,179.59,176.8,180.59,180.62,48.19,-3.89,-7.21,209516,Weakest,Minimum,33.56%,0.58,176.03,185.21,30%
TAYD,"Taylor Devices Inc","Machinery - General Industrial",53.13,+0.64%,1,Sell,"100% Sell",+13.19,+17.60%,56.55,55.07,63.55,54.57,45.23,-3.91,-21.75,34293,Strengthening,Soft,31.90%,0.61,51.45,57.69,27%
PB,"Prosperity Bancshares","Banks - Southwest",74.08,-0.72%,10,Buy,"100% Buy",+13.08,+12.14%,69.99,72.02,70.39,73.59,55.14,-9.37,-5.44,1115585,Strengthening,Strong,70.03%,0.81,71.62,75.56,63%
RCMT,"R C M Tech Inc",Staffing,28.53,-1.82%,4,Buy,"100% Buy",+12.88,+19.57%,26.2,26.67,23.99,28.03,58.08,-1.94,26.92,55522,Average,Strong,73.23%,0.77,26.99,29.07,74%
TV,"Grupo Televisa S.A. ADR","Media Conglomerates",2.84,+3.65%,8,Buy,"32% Sell",+12.82,+16.87%,2.84,2.76,2.93,2.77,55.61,-4.64,-15.04,1640683,Weakest,Weak,56.57%,0.47,2.67,2.87,85%
UI,"Ubiquiti Networks","Wireless Equipment",567.22,-0.33%,8,Buy,"40% Sell",+12.76,+23.51%,703.15,554.61,685.39,543.32,56,2,-10.12,118983,Weakest,Average,84.22%,0.81,518.22,568.42,98%
ACEL,"Accel Entertainment Inc",Gaming,12.29,-1.13%,5,Sell,"56% Buy",+12.74,+17.05%,12.03,12.47,11.8,12.25,49.64,-4.46,-4.92,359400,Weakening,Average,48.08%,1.01,11.82,12.67,55%
UBCP,"United Bncp Inc","Banks - Midwest",15.76,-1.25%,1,Sell,"40% Buy",+12.54,+10.83%,15.73,15.72,15.3,15.52,51.56,-10.68,-2.8,8304,Weakening,Weak,79.20%,0.18,14.96,16.07,72%
FSBW,"FS Bancorp Inc","Banks - West",43.27,-0.46%,5,Hold,"80% Buy",+12.50,+10.38%,41.34,42.59,41.28,43.41,51.13,-11.13,-7.53,14438,Strengthening,Strong,48.99%,0.79,42.19,44.63,44%
CL,"Colgate-Palmolive Company","Consumer Prdts - Misc Staple",93,-0.30%,1,Hold,"96% Buy",+12.34,+9.92%,88.58,91.03,88.94,91.98,53.84,-11.59,5.06,6122505,Strengthening,Average,57.13%,0.91,89.68,94.28,72%
ZD,"Ziff Davis Inc","Internet - Software",50.95,-3.36%,5,Hold,"80% Buy",+12.25,+64.41%,46.89,49.9,43.04,52.82,46.11,42.9,32.32,758477,Average,Strong,49.54%,1.15,50.63,55.01,7%
WFC,"Wells Fargo & Company","Finance - Investment Brokers",87.59,-1.77%,5,Buy,"72% Buy",+11.91,+12.86%,81.73,84.38,83.82,86.96,54.64,-8.65,-18.65,16090896,Average,Soft,75.61%,0.82,84.59,89.32,63%
RRR,"Red Rock Resorts Inc",Gaming,62.91,+3.18%,4,Hold,"64% Buy",+11.83,+9.60%,58.88,62.63,59.91,64.47,47.29,-11.91,-11.08,855729,Average,Average,25.49%,1.26,61.98,66.95,19%
BMRN,"Biomarin Pharmaceuticals","Medical - Biomedical",61.46,+2.59%,4,Buy,"88% Buy",+11.27,+1.30%,56.12,57.89,57.1,59.84,60.31,-20.21,-9.21,2310771,Strongest,Strong,58.20%,1.74,57.89,61.79,92%
CDRO,"Codere Online Luxembourg S.A.",Gaming,8.91,+0.17%,3,Sell,"24% Buy",+11.23,+6.45%,9.13,9.48,8.73,9.27,37.48,-15.06,-1.67,28099,Weakest,Weak,18.36%,0.37,8.89,9.65,3%
PAL,"Proficient Auto Logistics Inc","Transportation - Services",7.08,+0.57%,9,Buy,"8% Buy",+11.21,+12.92%,6.72,6.95,7.38,7.05,52.66,-8.59,-39.19,283277,Weakening,Weak,53.02%,0.27,6.63,7.47,54%
GILT,"Gilat Satellite Ntwk","Satellite Communication",11.29,-2.84%,1,Sell,"88% Sell",+11.16,+23.39%,15.15,12.94,15.64,11.32,44.37,1.88,-25.38,808166,Strongest,Strong,72.26%,1.56,10.44,12.19,48%
SD,"Sandridge Energy Inc","Oil - US Integrated",13.44,+1.82%,5,Sell,"100% Sell",+11.09,+32.94%,14.79,14.01,15.2,13.64,45.54,11.43,-19.49,352147,Strongest,Average,21.78%,1.42,13.16,14.12,30%
PCG,"Pacific Gas & Electric Company","Utility - Electric Power",17,-1.16%,6,Hold,"24% Buy",+10.92,+12.36%,17.08,17.07,17,17.5,43.42,-9.15,-6.84,21694498,Weakest,Weak,18.11%,1.02,17.01,18,-1%
PPG,"PPG Industries","Chemical - Specialty",117.16,-1.65%,1,Sell,"72% Buy",+10.88,+10.86%,111.78,116.84,113.07,115.76,51.64,-10.65,1.72,2097879,Weakening,Average,61.04%,0.69,110.87,120.64,64%
MHH,"Mastech Holdings Inc","IT Services",7.98,+1.40%,2,Buy,"88% Buy",+10.80,+9.55%,6.93,7.44,6.88,7.71,59.03,-11.96,1.7,20059,Strongest,Strong,89.94%,0.31,7.31,8.12,83%
RAVE,"Rave Restaurant Group","Retail - Restaurants",3.13,-2.19%,2,Sell,"40% Buy",+10.77,+13.00%,2.91,3.19,2.97,3.2,45.93,-8.51,-17.78,53875,Weakest,Average,46.76%,0.91,3.03,3.38,29%
MSEX,"Middlesex Water Company","Utility - Water Supply",57.37,+0.03%,4,Buy,"100% Buy",+10.60,+10.92%,53.44,54.83,53.26,56.52,56.95,-10.59,1.15,151169,Strongest,Strong,57.30%,0.77,54.75,58.3,74%
IBOC,"Intl Bancshares","Banks - Southwest",75.11,-1.04%,3,Hold,"64% Buy",+10.50,+8.29%,72.86,75.26,71.83,76.2,44.71,-13.22,0.42,333005,Weakest,Strong,38.90%,1.05,74.81,77.6,11%
QSR,"Restaurant Brands International","Retail - Restaurants",72.92,-2.11%,5,Hold,Hold,+10.21,+6.30%,75.34,73.77,73.33,74.25,45.48,-15.21,-5.76,3145847,Falling,,38.14%,1.39,71.98,76.52,21%
ACOG,"Alpha Cognition Inc","Medical - Biomedical",8.67,+1.76%,5,Buy,"100% Buy",+10.12,-7.27%,6.71,7.34,6.38,8.38,58.19,-28.78,20.75,73587,Strongest,Strong,68.36%,0.22,7.81,8.95,75%
CAAS,"China Automotive Sys","Auto - Truck Original Parts",4.52,+3.91%,4,Buy,"72% Buy",+10.09,+17.10%,4.42,4.44,4.43,4.39,56.75,-4.41,-6.53,29433,Strengthening,Soft,55.56%,0.42,4.27,4.52,101%
RSKD,"Riskified Ltd Cl A","Internet - Software",5.19,-0.95%,3,Buy,"96% Buy",+9.96,-0.19%,4.73,5.05,4.66,5.19,52.18,-21.7,-8.2,741248,Weakening,Strong,50.00%,0.44,4.99,5.39,51%
WMK,"Weis Markets","Retail - Supermarket",76.24,+2.12%,1,Sell,"40% Buy",+9.93,+4.30%,73.77,77.82,72.05,77.21,46.88,-17.21,6.33,144891,Weakest,Average,48.96%,1.12,73.94,80.49,35%
IVA,"Inventiva S.A. ADR","Medical - Biomedical",4.66,-1.27%,4,Buy,"40% Sell",+9.91,+33.14%,4.84,4.2,5.26,4.5,56.66,11.63,-12.41,576242,Weakest,Soft,75.13%,0.32,4.26,4.74,83%
UTL,"Unitil Corp","Utility - Electric Power",53.8,+0.52%,9,Buy,"88% Buy",+9.85,+8.40%,52.45,52.68,51.95,54.33,49.92,-13.11,-1.56,125910,Strongest,Good,33.52%,0.87,52.65,56.02,34%
OZK,"Bank Ozk","Banks - Northeast",51.59,-0.02%,6,Buy,"100% Buy",+9.73,+7.59%,48.8,50.57,48.44,51.25,53.91,-13.92,-0.53,1232716,Strengthening,Strong,67.07%,0.78,49.84,52.65,62%
CTW,"Ctw Cl A",Gaming,2.44,+2.52%,2,Hold,"56% Buy",+9.59,-45.05%,2.44,2.42,2.18,2.44,50.24,-66.56,28.41,62657,Average,Average,50.37%,1.57,2.26,2.61,51%
CABA,"Cabaletta Bio Inc","Medical - Biomedical",2.76,+1.85%,3,Sell,"40% Sell",+9.52,+90.34%,3.11,3.01,2.99,2.74,46.64,68.83,13.4,3640552,Weakening,Weak,55.95%,0.59,2.59,2.89,57%
RGR,"Sturm Ruger & Company","Leisure & Recreational Prdcts",37.81,-1.59%,9,Hold,"48% Sell",+9.48,+13.17%,39.7,38.6,38.91,38.32,46.45,-8.34,3.17,199609,Average,Minimum,42.65%,0.65,37.35,39.29,24%
LUMN,"Lumen Technologies Inc","Diversified Comm Services",5.9,-2.96%,6,Sell,"100% Sell",+9.44,+56.91%,7.92,7.65,7.87,6.4,34.92,35.4,-36.7,14935458,Strongest,Average,37.54%,1.27,5.97,6.84,-8%
UEIC,"Universal Elect IN","Electronics Products - Misc",4.8,+0.84%,3,Buy,"100% Buy",+9.17,-24.05%,4.3,4.39,4.17,4.64,63.55,-45.56,20.33,65813,Strongest,Average,63.70%,0.99,4.46,4.83,93%
CBSH,"Commerce Bancshares","Banks - Midwest",59.13,-0.89%,3,Buy,"100% Buy",+9.03,+3.01%,53.64,56.78,53.37,59.08,55.11,-18.5,0.34,1242004,Average,Strong,56.70%,0.6,57.8,60.35,52%
GRBK,"Green Brick Partners","Building - Residential & Comm",71.44,-2.44%,1,Sell,"40% Buy",+8.91,+9.29%,69.4,72.77,70.22,72.11,46.75,-12.22,1.38,231654,Weakest,Weak,45.74%,0.83,69.61,74.61,37%
NNI,"Nelnet Inc","Finance - Consumer Loans",134.85,-0.73%,8,Buy,"72% Buy",+8.57,+7.19%,132.41,132.31,132.34,134.44,51.7,-14.32,-11.21,127711,Average,Weak,53.35%,1.56,130.46,138.42,55%
RVSB,"Riverview Bancorp","Finance - Savings & Loan",5.44,+0.74%,3,Hold,"16% Buy",+8.54,+9.68%,5.46,5.48,5.39,5.32,55.11,-11.83,-4.26,64096,Weakest,Minimum,63.96%,0.26,5.21,5.44,99%
API,"Agora Inc Ads","Technology Services",4.15,+0.48%,3,Sell,"40% Buy",+8.40,+11.56%,3.97,4.2,4.11,4.01,55.8,-9.95,-10.66,408657,Average,Weak,94.87%,0.54,3.81,4.21,86%
INMD,"Inmode Ltd","Medical Products",15.12,-0.59%,4,Buy,"72% Buy",+8.38,+8.15%,14.22,14.48,14.29,15.26,52.7,-13.36,-9.7,830925,Weakening,Strong,41.05%,0.71,14.94,15.57,28%
ZDGE,"Zedge Inc Cl B","Internet - Content",3.1,+4.38%,2,Sell,Hold,+8.30,-10.66%,3.06,3.08,3.14,3.01,55.47,-32.17,-18.12,367794,Falling,,42.86%,0.96,2.89,3.13,88%
LOAR,"Loar Holdings Inc","Aerospace - Defense Equipment",72.54,-4.12%,2,Buy,"88% Buy",+8.27,+2.68%,65.62,70.71,66.8,71.02,52.53,-18.83,-5.95,850879,Strengthening,Average,74.70%,1.36,66.72,75.31,68%
OABI,"Omniab Inc","Medical - Drugs",2.24,+10.34%,1,Hold,"64% Buy",+8.14,+16.06%,1.99,2.27,1.94,2.06,58.47,-5.45,8.45,538873,Weakening,Average,60.25%,1.34,1.89,2.24,101%
LGIH,"LGI Homes Inc","Building - Residential & Comm",59.18,-3.74%,4,Hold,"96% Buy",+7.92,+2.00%,49.54,56.69,50.07,58.7,52.11,-19.51,25.13,415631,Strengthening,Strong,74.75%,0.6,54.91,62.5,56%
CRWS,"Crown Crafts Inc","Textile - Home Furnishings",3,+0.67%,3,Buy,"88% Buy",+7.89,+4.90%,2.81,2.89,2.85,2.98,57.38,-16.61,-4.33,46982,Strongest,Good,46.97%,1.08,2.93,3.03,69%
APD,"Air Products and Chemicals","Chemical - Diversified",299.92,+1.64%,1,Buy,"88% Buy",+7.73,+3.76%,292.31,289.92,285.68,296.36,56.02,-17.75,8.79,1410356,Strengthening,Average,37.15%,0.5,291.01,301.7,83%
NATR,"Nature S Sunshine","Medical - Drugs",20.34,+1.40%,1,Sell,"88% Sell",+7.68,+32.08%,22.76,20.76,23.48,20.7,45.45,10.57,-18.38,123060,Strongest,Average,27.31%,1.61,19.9,21.5,28%
SEB,"Seaboard Corp","Food - Misc & Diversified",4279,-0.57%,6,Sell,"88% Sell",+7.67,+22.67%,5049.03,4760.48,5016.32,4542.7,31.73,1.16,-16.36,12552,Strongest,Average,18.61%,1.75,4294.57,4790.83,-3%
MGRC,"Mcgrath Rentcorp","Finance - Leasing Companies",121.75,+0.61%,8,Buy,"100% Buy",+7.62,+2.73%,113.99,116.16,113.26,118.33,60.48,-18.78,3.4,172982,"Top 1%",Good,88.05%,0.84,114.37,122.29,93%
HOV,"Hovnanian Enterprises Inc","Building - Residential & Comm",134.63,-2.40%,6,Hold,"96% Buy",+7.36,+2.40%,117.89,126.76,117.97,131.46,54.19,-19.11,25.4,116343,Strengthening,Strong,74.53%,0.7,123.86,139.07,71%
GILD,"Gilead Sciences Inc","Medical - Biomedical",130.86,-0.68%,3,Buy,"40% Sell",+7.30,+18.66%,132.68,129.73,135.09,131.78,49.22,-2.85,-6.01,7106195,Strengthening,Weak,40.86%,1.13,127.99,135.57,38%
SUPN,"Supernus Pharm","Medical - Generic Drugs",46.76,-0.32%,4,Sell,"72% Sell",+6.73,+10.18%,48.01,46.16,49.07,46.83,50.68,-11.33,-18.55,793206,Average,Weak,30.53%,1.46,44.38,49.27,49%
PCRX,"Pacira Pharm Inc","Medical - Biomedical",25.58,+2.85%,4,Hold,"80% Buy",+6.71,+14.20%,24.1,24.65,23.46,25.96,49.26,-7.31,-13.79,718393,Average,Good,52.48%,1.52,24.55,27.37,37%
MKDW,"Mkdwell Tech Inc","Electronics Products - Misc",11.02,-4.55%,3,Hold,"80% Buy",+6.58,+73.84%,8.42,10.42,6.7,11.56,47.14,52.33,117.67,100466,Weakening,Strong,31.20%,0.1,11,12.11,1%
AUDC,"Audiocodes Ltd","Communications Components",9.9,+0.20%,5,Sell,"88% Buy",+6.57,-0.60%,9.21,9.65,8.82,9.75,55.1,-22.11,0.77,121057,Strengthening,Good,48.89%,0.99,9.27,10.23,66%
INVH,"Invitation Homes Inc","REIT - Equity Trust Resident",30.37,-0.43%,3,Buy,"100% Buy",+6.48,+0.36%,28.32,29.72,27.73,30,56.41,-21.15,-3.35,5873341,Average,Strong,77.02%,1.28,29.32,30.67,78%
ELS,"Equity Lifestyle Properties","REIT - Equity Trust Resident",64.66,-0.52%,4,Buy,"72% Buy",+6.43,+5.40%,63.83,64.08,64.16,65.26,48.29,-16.11,-5.95,1712543,Average,Weak,16.05%,0.43,63.47,67.06,33%
BSBK,"Bogota Financial Corp","Banks - Northeast",8.93,-0.11%,6,Sell,"56% Buy",+6.38,+6.75%,8.71,8.98,8.63,9,46.59,-14.76,-6.95,8634,Weakest,Average,19.08%,2.32,8.88,9.11,21%
NU,"NU Holdings Ltd Cl A","Banks - Foreign",14.12,-2.49%,5,Buy,"24% Sell",+6.33,+15.55%,13.7,13.3,14.71,14.16,52.17,-5.96,-28.28,54381508,Weakest,Weak,61.68%,0.71,13.54,14.79,46%
TKO,"Tko Group Holdings Cl A","Movie & TV Production & Dist",187.29,+2.31%,1,Sell,"72% Sell",+6.33,+20.36%,192.75,194.17,197.41,183.62,50.18,-1.15,-23.02,1258729,Weakening,Average,40.33%,0.63,179.38,187.86,93%
RHLD,"Resolute Holdings Management","Finance - Misc Services",128.59,-5.55%,1,Hold,"80% Sell",+6.31,+210.98%,134.25,129.82,152.68,131.95,46.76,189.47,-50.34,156337,Strongest,Weak,56.14%,0.91,123.55,140.35,30%
CIG,"Comp En DE MN Cemig ADR","Utility - Electric Power",2.14,0.00%,4,Buy,"40% Sell",+6.18,+14.44%,2.28,2.12,2.24,2.16,48.51,-7.07,-5.63,5323922,Weakening,Weak,29.82%,0.45,2.11,2.21,30%
TISI,"Team Inc","Building - Maint & Service",17.01,-0.35%,3,Buy,"100% Buy",+5.93,+1.16%,16.5,16.81,15.75,16.86,51.35,-20.35,7.75,11922,Strengthening,Average,44.40%,0.13,16,17.72,59%
FFIN,"First Finl Bkshs Inc","Banks - Southwest",34.71,-1.70%,3,Buy,"88% Buy",+5.85,+2.06%,32.63,34.12,32.43,35.02,49.43,-19.45,3.57,812932,Weakening,Strong,53.52%,0.5,34.08,35.96,33%
CPT,"Camden Property Trust","REIT - Equity Trust Resident",110.74,-1.05%,1,Hold,"64% Buy",+5.69,+4.01%,107.42,112.56,107.57,112.79,44.12,-17.5,-12.03,1255719,Weakest,Average,28.76%,0.54,109.88,115.71,15%
USAC,"USA Compression Partners LP","Oil Field Machinery & Equip",26.08,+1.44%,4,Sell,"40% Sell",+5.55,+9.40%,27.29,26.66,26.89,26.35,47.98,-12.11,0.76,238117,Weakening,Weak,36.46%,0.86,25.36,27.34,36%
MLYS,"Mineralys Therapeutics Inc","Medical - Biomedical",26.99,+0.52%,1,Hold,"48% Sell",+5.49,+100.52%,27.04,26.75,28.25,26.9,51.2,79.01,-38.26,1357952,Weakest,Weak,56.55%,0.3,25.66,28.15,54%
PAYO,"Payoneer Global Inc","Financial Transaction Services",7.11,-0.14%,5,Buy,"88% Buy",+5.39,-4.18%,5.81,6.71,5.68,7.12,62.77,-25.69,13.88,4751366,Average,Strong,37.41%,0.38,7.08,7.16,36%
CBIO,"Crescent Biopharma Inc","Medical - Biomedical",16.43,+4.19%,4,Sell,"8% Buy",+5.36,+49.36%,17.79,17.13,15.6,15.79,51.11,27.85,25.9,240290,Weakest,Minimum,57.83%,0.41,14.12,17.46,69%
TTWO,"Take-Two Interactive",Gaming,232.47,-1.04%,1,Buy,"56% Buy",+5.33,+2.32%,223.77,234.73,223.45,239.79,42.88,-19.19,-21.83,2089829,Weakest,Weak,33.21%,1.58,229.1,250.49,16%
LPCN,"Lipocine Inc","Medical - Drugs",2.13,-1.84%,2,Sell,"100% Sell",+5.29,-29.47%,2.97,2.27,4.98,2.2,42.45,-50.98,-86.1,190342,Average,Average,41.64%,0.51,2,2.39,33%
ARTNA,"Artesian Res Corp A","Utility - Water Supply",34.4,+0.97%,3,Buy,"100% Buy",+5.22,+3.71%,32.73,33.49,32.85,34.18,55.83,-17.8,-3.8,42476,Strongest,Strong,40.31%,0.55,33.42,34.95,64%
NERV,"Minerva Neuroscie","Medical - Drugs",4.44,+2.07%,1,Sell,"72% Sell",+4.88,+145.86%,5.33,4.54,5.36,4.25,51.96,124.35,-2.18,1040691,Weakening,Average,51.41%,1.14,3.85,4.64,74%
GNLX,"Genelux Corp","Medical - Biomedical",2.7,+7.57%,1,Sell,"56% Sell",+4.82,-24.79%,2.81,2.93,2.81,2.89,42.93,-46.3,-50.7,224652,Average,Weak,16.99%,1.01,2.66,3.12,9%
DLTH,"Duluth Holdings Cl B","Textile - Apparel",4.16,+0.97%,1,Hold,"72% Buy",+4.74,+80.87%,3.68,4.16,3.22,4.19,49.33,59.36,87.37,175893,Weakening,Strong,24.29%,0.76,3.96,4.42,44%
PRKS,"United Parks & Resorts Inc","Leisure & Recreation Services",44.26,-3.91%,5,Sell,"56% Buy",+4.68,-4.12%,39.81,45.04,38.49,45.78,44.8,-25.63,9.3,1056304,Weakening,Average,34.16%,0.7,43.77,47.79,12%
CATO,"Cato Corp","Retail - Apparel & Shoes",3.3,-3.79%,4,Buy,"72% Buy",+4.62,+17.02%,3.09,3.27,3.11,3.32,49.56,-4.49,-5.83,69670,Weakening,Weak,61.54%,0.58,3.16,3.48,43%
MPAA,"Motorcar Parts Amer","Auto - Truck Replacement Parts",13.6,-2.02%,3,Sell,"40% Buy",+4.38,+20.57%,12.43,13.78,12.18,13.91,46.12,-0.94,-2.42,129292,Weakest,Soft,29.84%,0.63,13.36,14.46,22%
CRC,"California Resources Corp","Oil - US Exploration & Product",52.58,+2.40%,7,Sell,"72% Sell",+4.33,+7.77%,59.62,54.61,57.79,52.27,49.04,-13.74,4.97,891770,Weakening,Soft,44.55%,1.17,49.96,54.58,57%
PAGS,"Pagseguro Digital Ltd Cl A","Financial Transaction Services",9.36,-0.43%,7,Buy,"56% Sell",+4.20,+12.77%,9.59,9.13,9.91,9.41,50.18,-8.74,-15.53,3834522,Average,Average,51.84%,0.91,9.01,9.81,43%
LKFN,"Lakeland Finl Corp","Banks - Midwest",62.31,-1.03%,3,Buy,"100% Buy",+3.95,+2.03%,60.27,61.32,59.9,62.23,51.13,-19.48,-3.43,178721,Strengthening,Good,65.88%,0.6,60.13,64.34,52%
BMA,"Banco Macro S.A. ADR","Banks - Foreign",86.2,-3.76%,3,Sell,"40% Buy",+3.73,+13.86%,83.09,91.73,84.97,91.84,42.22,-7.65,-17.02,368158,Weakest,Weak,23.66%,1.24,86.82,96.86,-6%
TAVI,"Tavia Acquisition Corp",Unclassified,10.68,-0.19%,4,Buy,"96% Buy",+3.65,+3.92%,10.57,10.64,10.48,10.68,50.79,-17.59,-10.23,31717,Weakening,Strong,3.47%,0.03,10.59,10.77,48%
TNC,"Tennant Company","Machinery - General Industrial",76.9,-11.86%,4,Sell,"8% Sell",+3.63,-6.89%,81.67,86.52,79.23,85.75,34.29,-28.4,-8.29,192488,Weakening,Weak,66.14%,2.87,80.7,90.8,-38%
TRT,"Trio-Tech International","Electronics - Measuring Inst",10.79,+0.28%,4,Hold,"48% Buy",+3.62,+281.95%,10.46,11.22,8.92,10.15,51.56,260.44,50.36,553490,Weakest,Soft,74.37%,0.24,9.01,11.29,78%
ECOR,"Electrocore Inc","Medical - Drugs",6.7,+2.60%,1,Sell,"8% Sell",+3.61,-3.32%,7.09,7.75,6.86,6.22,50.6,-24.83,36.76,79594,Weakest,Minimum,66.46%,1.77,5.75,6.69,101%
AIG,"American International Group","Insurance - Multi Line",79.97,-0.19%,1,Buy,"72% Buy",+3.60,+1.15%,76.71,77.12,76.84,79.24,55.66,-20.36,-19.15,4348246,Strengthening,Average,68.63%,0.79,77.31,81.17,69%
WTRG,"Essential Utilities Inc","Utility - Water Supply",39.88,+0.73%,4,Buy,"40% Buy",+3.53,+5.20%,38.73,38.34,38.85,39.44,55.83,-16.31,-8.67,2209676,Strengthening,Weak,45.98%,0.89,38.04,40.83,66%
PCYO,"Pure Cycle Corp","Utility - Water Supply",10.66,+0.85%,3,Hold,"96% Sell",+3.51,+8.78%,10.77,10.69,10.85,10.67,49.18,-12.73,-15.63,56239,Average,Soft,36.02%,0.68,10.48,10.86,47%
NCI,"Neo-Concept International Group Holdings Limited","Retail - Apparel & Shoes",11.45,-2.64%,5,Hold,"64% Sell",+3.17,-20.49%,13.51,11.35,18.68,11.93,43.81,-42.,14.03,369031,Average,Weak,46.26%,3.71,11.49,12.38,-4%
ADSE,"Ads-Tec Energy Plc","Electronic Misc Services",11.7,+1.12%,3,Hold,"64% Buy",+3.11,+2.36%,11.62,11.8,11.59,12.03,45.02,-19.15,-20.36,20781,Weakening,Weak,32.96%,0.4,11.51,12.55,18%
KPRX,"Kiora Pharmaceuticals Inc.","Medical - Drugs",2.56,+0.79%,2,Sell,"56% Buy",+3.09,+5.35%,2.46,2.58,2.35,2.54,50.93,-16.16,17.32,183066,Average,Soft,70.31%,0.57,2.45,2.63,62%
SZZL,"Sizzle Acquisition Corp. II Cl A",Unclassified,10.39,+0.10%,5,Buy,"100% Buy",+3.03,+3.08%,10.33,10.37,10.29,10.38,60.61,-18.43,-10.37,51111,Strongest,Strong,66.67%,1.47,10.37,10.39,94%
WMT,"Walmart Inc","Retail - Supermarket",112.07,-0.24%,6,Sell,"88% Sell",+3.03,+8.43%,120.79,114.75,121.38,112.1,47.4,-13.08,-12.04,23780521,Average,Average,49.46%,0.98,108.44,115.75,50%
PJT,"Pjt Partners Inc Cl A","Finance - Misc Services",172.75,-0.72%,3,Buy,"88% Buy",+2.94,-4.54%,154.83,160.71,157.61,167.08,59.41,-26.05,-9.31,352707,Strengthening,Average,71.43%,1.24,158.2,175.95,82%
SELF,"Global Self Storage","REIT - Equity Trust Other",5.28,+2.72%,3,Hold,"16% Buy",+2.69,+0.96%,5.2,5.14,5.16,5.12,61.63,-20.55,-9.1,29067,Weakest,Weak,81.89%,1.8,5.01,5.22,129%
ONL,"Orion Properties Inc","REIT - Equity Trust Other",2.6,-2.26%,1,Sell,"24% Buy",+2.59,+1.56%,2.65,2.77,2.55,2.65,41.4,-19.95,2.41,328039,Weakening,Weak,46.85%,0.86,2.56,2.74,20%
AHRT,"Ah Realty Trust Inc","REIT - Equity Trust Other",6.9,-0.58%,2,Hold,"48% Buy",+2.53,+1.47%,6.48,6.94,6.51,7.03,45.13,-20.04,-8.4,1085760,Weakest,Average,51.76%,0.53,6.9,7.16,-1%
UTSI,"Utstarcom Holdings C","Communications Components",2.55,+2.82%,4,Sell,"24% Buy",+2.50,+3.66%,2.53,2.57,2.51,2.46,54.24,-17.85,-12.24,103992,Weakening,Weak,82.12%,0,2.33,2.59,85%
OGS,"One Gas Inc","Utility - Gas Distribution",79.62,+0.47%,7,Buy,"24% Sell",+2.49,+7.84%,82.36,78.22,82.26,79.3,52.66,-13.67,-9.56,531760,Weakest,Soft,37.26%,0.81,77.39,81.21,58%
ASMB,"Assembly Biosciences","Medical - Generic Drugs",26.45,-0.32%,1,Buy,"40% Sell",+2.49,+36.13%,27.15,25.75,27.68,26.07,52.05,14.62,-34.86,142051,Weakening,Weak,62.30%,0.49,24.7,27.44,64%
LCII,"Lci Industries","Auto - Truck Original Parts",105.81,-1.27%,3,Buy,"40% Sell",+2.46,+10.43%,110,101.33,120,104.97,53.62,-11.08,-25.43,381298,Weakening,Soft,61.60%,0.46,100.66,109.28,60%
CLMB,"Climb Global Solutions Inc","Technology Services",27.47,+1.33%,6,Buy,"72% Buy",+2.28,+1.18%,22.42,24.31,24.07,26.32,61.48,-20.33,-5.73,229762,Strongest,Average,68.35%,0.88,24.32,28.32,79%
YORW,"York Water Company","Utility - Water Supply",31.61,+2.56%,4,Buy,"40% Buy",+2.23,+3.37%,30.33,30.5,31.13,31.07,57.73,-18.14,-13.35,125962,Strengthening,Weak,44.22%,0.99,30.35,31.79,88%
XLO,"Xilio Therapeutics Inc","Medical - Biomedical",9.27,+1.76%,3,Buy,"72% Buy",+2.10,+0.29%,8.49,8.76,8.41,8.96,58.95,-21.22,-9.2,43297,Strengthening,Soft,73.88%,0.89,8.44,9.48,80%
SHMD,"Schmid Group N.V. Cl A","Internet - Software",4.44,0.00%,1,Sell,"88% Sell",+2.03,+72.09%,5.74,5.27,6.48,4.27,46.7,50.58,-40.96,710305,Strengthening,Average,80.48%,0.29,3.84,4.71,69%
CCEC,"Capital Clean Energy Carriers Corp","Transportation - Ship",22.75,-0.35%,8,Buy,"88% Buy",+1.84,-0.91%,21.13,22.04,21.28,22.67,54.14,-22.42,-3.62,9720,Strengthening,Strong,45.40%,0.86,21.95,23.38,56%
WAL,"Western Alliance Bancorp","Banks - West",81.33,-1.99%,4,Buy,"40% Buy",+1.82,+4.60%,78.47,81.25,81.28,82.04,48.46,-16.91,-15.89,1131545,Weakest,Minimum,62.80%,0.72,79.45,84.64,36%
LSAK,"Lesaka Technologies Inc","Technology Services",4.7,-1.05%,2,Hold,"32% Sell",+1.79,+2.17%,4.86,4.75,4.78,4.71,49.13,-19.34,-14.1,97866,Average,Minimum,64.90%,1.06,4.48,4.94,48%
NC,"Nacco Industries",Coal,42.89,-9.15%,5,Sell,"88% Sell",+1.79,+12.31%,49.57,49.23,50.29,47.18,27.65,-9.2,-25.17,11729,Strongest,Good,34.65%,0.98,44.88,49.49,-43%
TR,"Tootsie Roll Industries","Food - Confectionery",39.75,-0.23%,4,Buy,"8% Sell",+1.50,+1.51%,40.24,38.47,39.97,38.93,56.29,-20.,-4.11,167679,Weakest,Minimum,79.06%,0.49,37.62,40.24,81%
ANIP,"ANI Pharma Inc","Medical - Biomedical",82.63,+3.44%,1,Sell,"24% Buy",+1.46,+19.60%,79.7,80.97,79.48,79.95,56.2,-1.91,-7.96,388718,Weakening,Minimum,63.68%,2.28,76.94,82.96,95%
AUBN,"Auburn Natl Bncp","Banks - Southeast",26.4,+0.53%,5,Hold,"64% Buy",+1.45,-1.86%,24.9,26.04,25.11,26.47,51.56,-23.37,-14.67,2700,Strengthening,Average,34.05%,0.5,25.79,27.15,45%
TATT,"T A T Tech Ltd","Aerospace - Defense Equipment",39.89,-6.41%,2,Sell,"88% Sell",+1.36,+7.81%,41.62,43.12,45.3,41.36,44.16,-13.7,-23.31,184671,Strengthening,Soft,32.73%,1.1,38.56,44.16,24%
VEL,"Velocity Financial Inc","Finance - Mortgage & Rel Svs",18.21,+3.06%,1,Hold,"48% Sell",+1.33,+10.36%,17.98,17.61,18.4,17.5,60.79,-11.15,-24.91,96757,Weakest,Average,72.64%,1.89,16.97,18.04,116%
CLAR,"Clarus Corp","Leisure & Recreational Prdcts",3.37,+0.30%,6,Buy,"72% Buy",+1.24,+6.98%,2.97,3.17,3.12,3.32,59.19,-14.53,-12.03,208975,Strengthening,Soft,66.80%,0.62,3.2,3.45,69%
MINE,"Mayfair Gold Corp","Mining - Gold",2.71,+7.97%,4,Hold,"64% Sell",+1.18,+13.96%,2.79,2.53,3.17,2.41,62.1,-7.55,-35.31,58529,Weakest,Average,74.15%,2,2.22,2.6,130%
MTH,"Meritage Corp","Building - Residential & Comm",72.26,-3.58%,1,Sell,"24% Buy",+1.15,+0.44%,69.03,73.91,70.3,73.14,46.51,-21.07,-2.81,940610,Weakest,Weak,50.65%,0.56,69.6,76.67,38%
CRNT,"Ceragon Networks Ltd","Wireless Non-US",2.22,-0.45%,1,Sell,"24% Sell",+1.08,+15.03%,2.47,2.52,2.41,2.21,45.46,-6.48,-6.92,602909,Weakening,Weak,60.00%,0.32,2.07,2.36,52%
JEF,"Jefferies Financial Group Inc","Finance - Misc Services",56.32,+0.23%,4,Sell,"56% Buy",+1.02,-2.53%,50.89,55.55,52.31,55.4,54.4,-24.04,-21.75,2364367,Strengthening,Weak,72.35%,0.68,52.82,57.98,68%
SR,"Spire Inc","Utility - Gas Distribution",80.84,+0.07%,5,Hold,"64% Sell",+1.02,+8.03%,85.2,80.45,85.77,81.27,49.52,-13.48,-14.88,448310,Weakest,Average,34.28%,0.93,79.25,83.29,39%
AWX,"Avalon Holdings Corp","Pollution Controls",2.5599,+0.39%,5,Buy,"24% Sell",+0.91,-1.01%,2.54,2.54,2.58,2.57,51.28,-22.52,-17.47,14429,Weakest,Weak,40.40%,1.57,2.49,2.65,46%
BALY,"Ballys Corporation",Gaming,13.15,-6.14%,6,Hold,"24% Sell",+0.73,+38.71%,12.87,13.93,13.57,13.93,43.84,17.2,-33.03,92252,Weakest,Weak,25.53%,0.65,12.86,14.99,13%
IRT,"Independence Realty Trust Inc","REIT - Equity Trust Resident",16.98,-0.64%,1,Buy,"88% Buy",+0.62,-0.59%,16.23,16.63,16.4,16.69,55.63,-22.1,-15.49,2826790,Average,Average,79.06%,0.99,16.24,17.13,83%
UNCY,"Unicycive Therapeutics Inc","Medical - Drugs",5.05,-3.44%,3,Sell,"88% Sell",+0.31,+21.69%,6.74,6.22,6.66,5.21,42.5,0.18,-25.11,819649,Strengthening,Strong,37.93%,0.33,4.76,5.66,32%
JRVR,"James River Group Hldgs Inc","Insurance - Multi Line",4.79,+1.91%,6,Buy,"40% Sell",+0.23,-17.70%,4.99,4.33,5.54,4.59,60.74,-39.21,-37.32,308815,Weakest,Average,70.91%,0.42,4.37,4.81,95%
PRTA,"Prothena Corp","Medical - Biomedical",8.58,+1.06%,3,Sell,"96% Sell",+0.21,+8.33%,9.5,8.96,9.4,8.58,46.27,-13.18,-22.79,557424,Strengthening,Good,46.02%,0.73,8.14,9.02,50%
GLP,"Global Partners LP","Oil Refining & Marketing MLP",48.52,-0.27%,6,Buy,"88% Buy",+0.16,-3.27%,47.36,47.69,47,48.63,51.03,-24.78,3.31,65532,Weakening,Soft,51.67%,0.48,47.66,49.6,44%
TUSK,"Mammoth Energy Services Inc","Oil - Field Services",2.94,+3.16%,1,Sell,"40% Buy",+0.14,+17.13%,2.83,3.02,2.64,2.77,55.27,-4.38,46.29,285170,Weakening,Average,91.53%,0.77,2.55,2.98,91%
RNW,"Renew Energy Global Plc Cl A","Other Alt Energy",6.23,+1.96%,6,Sell,"56% Buy",-0.45,-16.26%,5.68,6.21,5.6,6.19,52.42,-37.77,-2.36,1176797,Weakening,Weak,63.10%,0.62,6.02,6.36,62%
TII,"Titan Mining Corp","Mining - Misc",2.31,0.00%,1,Hold,"64% Sell",-0.72,+57.09%,2.45,2.17,2.9,2.09,58.5,35.58,-34.59,639519,Weakening,Soft,84.06%,0.21,1.87,2.31,99%
HLF,"Herbalife Ltd","Retail - Drug Stores",11.51,-8.65%,1,Hold,"80% Sell",-0.73,+24.43%,13.58,12.25,14.59,12.36,38.03,2.92,-23.34,1689275,Strengthening,Average,56.90%,2.53,11.56,13.16,-3%
UMH,"Umh Properties","REIT - Equity Trust Resident",15.71,+3.36%,3,Buy,"56% Buy",-1.14,-4.67%,15.23,15.31,15.4,15.47,56.6,-26.18,-13.89,610812,Strengthening,Weak,40.04%,1.24,15.06,15.87,80%
EXC,"Exelon Corp","Utility - Electric Power",45.32,-0.96%,1,Sell,"40% Sell",-1.20,+0.58%,46.6,46.25,46.4,46.42,41.49,-20.93,-8.66,8432682,Average,Weak,24.13%,0.72,45.05,47.79,10%
MGEE,"Mge Energy Inc","Utility - Electric Power",80.85,+0.80%,1,Buy,"56% Buy",-1.48,-3.62%,78.3,79.16,78.69,81.12,51.88,-25.13,-9.53,206898,Strengthening,Soft,38.96%,0.7,79.12,83.13,43%
TXO,"Txo Partners L.P.","E&P MLP",13.48,-0.74%,8,Buy,"100% Buy",-1.60,-10.43%,12.78,12.98,12.47,13.12,58.1,-31.94,13.71,214298,Strongest,Average,72.33%,0.6,12.71,13.52,95%
MC,Moelis,"Finance - Investment Brokers",67.29,-3.11%,1,Hold,"48% Buy",-1.68,-3.99%,64.69,67.35,65.68,67.27,49.79,-25.5,-14.74,1043392,Weakest,Weak,71.06%,0.73,63.85,70.7,50%
AOMR,"Angel Oak Mortgage REIT Inc","REIT - Mortgage Trusts",8.88,-0.11%,3,Buy,"56% Buy",-1.68,-1.33%,8.66,8.72,8.7,8.95,49.82,-22.84,-9.49,109673,Weakening,Weak,53.60%,0.5,8.71,9.18,36%
KVUE,"Kenvue Inc","Consumer Prdts - Misc Staple",19.18,-2.49%,1,Buy,"88% Buy",-1.76,-10.54%,18.04,18.68,17.98,19.22,50.67,-32.05,-1.44,31716945,Average,Soft,57.43%,1.19,18.61,19.84,46%
HBIO,"Harvard Bioscience","Industrial Scientific",6.19,-2.83%,1,Buy,"72% Buy",-1.80,+22.57%,5.92,6.14,5.86,6.11,51.67,1.06,-20.08,227973,Weakening,Weak,73.90%,0.9,5.87,6.36,65%
GBTG,"Global Business Travel Group Inc","Internet - Software",9.43,0.00%,15,Buy,"100% Buy",-1.83,+28.65%,8.13,9.39,7.56,9.41,69.95,7.14,10.64,2389451,Average,Strong,53.33%,0.53,9.39,9.44,82%
GEG,"Great Elm Group Inc","Conglomerates - Div Operations",2.23,+3.24%,3,Buy,"16% Buy",-1.99,+3.24%,2.14,2.23,2.16,2.18,51.79,-18.27,-25.18,26098,Weakest,Minimum,23.25%,0.33,2.09,2.27,77%
HEPS,"D-Market Electronic Services & Trading ADR","Internet Commerce",2.92,+2.46%,2,Buy,"100% Buy",-1.99,+4.66%,2.79,2.85,2.77,2.89,53.12,-16.85,5.11,285476,Strengthening,Average,56.73%,0.48,2.78,3,63%
PERI,"Perion Network Ltd","Internet - Content",9.67,+0.52%,8,Buy,"40% Buy",-2.01,-7.11%,9.53,9,9.33,9.51,56.83,-28.62,-11.69,376488,Weakening,Minimum,70.59%,0.82,9.19,9.83,75%
SBR,"Sabine Royalty Trust","Oil - US Royalty Trusts",70.73,-0.03%,2,Sell,"56% Sell",-2.02,+0.23%,74.72,73.82,73.27,73.01,33.68,-21.28,-9.48,38969,Strengthening,Soft,13.88%,1.27,71.1,74.93,-10%
WLKP,"Westlake Chemical Partners LP","Chemical - Specialty",21.35,+0.38%,3,Sell,"24% Sell",-2.05,-2.60%,22.49,22.4,22.07,21.81,31.6,-24.11,-0.26,49105,Weakest,Weak,23.50%,2.36,21.25,22.38,9%
MSGM,"Motorsport Games Inc Cl A",Gaming,3.89,-12.78%,1,Hold,"16% Buy",-2.14,+21.56%,4.29,4.28,4.08,4.45,41.37,0.05,10.08,731742,Weakening,Weak,37.14%,6.53,4.04,4.85,-19%
ELTK,"Eltek Ltd","Electronics - Misc Components",8.85,-3.07%,7,Sell,"8% Sell",-2.22,-13.57%,8.76,9.06,8.79,8.83,49.56,-35.08,-10.32,12744,Weakest,Minimum,56.58%,0.12,8.25,9.4,52%
NL,"Nli Holdings Inc","Electronics - Misc Components",6.3,+9.57%,5,Hold,"16% Buy",-2.30,+10.53%,6.04,6.03,6.06,5.89,59.43,-10.98,2.54,50299,Weakest,Minimum,56.03%,1.49,5.6,6.18,120%
PFX,"Phenixfin Corp Pr","Finance - SBIC & Commercial",45.61,-1.17%,4,Buy,"24% Buy",-2.36,-7.51%,42.77,42.35,43.35,43.62,56.8,-29.02,-9.39,4494,Average,Weak,45.34%,0.22,41.15,46.08,90%
SPCB,"Supercom Ltd","Protection - Safety",10.48,-2.15%,2,Hold,"48% Buy",-2.43,+3.56%,10.09,10.97,9.6,10.85,45.53,-17.95,3.17,76207,Weakest,Average,45.77%,0.5,10.09,11.62,26%
CXT,"Crane Nxt CO","Technology Services",54.35,+3.78%,8,Buy,"72% Buy",-2.45,-3.58%,44.96,47.16,46.69,52.25,61.43,-25.09,2.84,739825,Strengthening,Average,65.35%,0.77,49.61,54.88,90%
INGN,"Inogen Inc","Medical Instruments",6.49,-1.07%,5,Buy,"16% Sell",-2.50,+3.02%,6.54,6.47,6.42,6.48,49.39,-18.49,-16.05,261491,Weakening,Minimum,66.26%,1.03,6.16,6.8,52%
CHCI,"Comstock Hlds Cos","Building - Residential & Comm",15.02,-2.85%,2,Sell,"8% Sell",-2.53,+12.93%,16.21,15.44,14.65,15.21,47.63,-8.58,16.63,24976,Weakening,Minimum,54.98%,0.38,14.23,16.19,40%
GRVY,"Gravity Ltd ADR","Internet - Content",61.13,-1.72%,4,Hold,"32% Sell",-2.72,-3.55%,62.36,62.53,63,62.07,43.54,-25.06,-7.,32517,Strengthening,Minimum,54.04%,0.49,60.47,63.67,21%
DTI,"Drilling Tools International Corp","Oil - Field Services",2.35,+1.73%,10,Hold,"80% Sell",-3.03,+3.07%,2.88,2.36,3.1,2.29,53.63,-18.44,-16.71,267207,Weakening,Good,47.62%,1.31,2.21,2.37,88%
EPSN,"Epsilon Energy","Oil - US Integrated",5.63,+3.49%,6,Hold,"48% Buy",-3.09,-10.63%,5.84,5.55,5.51,5.56,52.21,-32.14,8.71,183593,Average,Weak,28.07%,1.13,5.27,5.86,61%
IBP,"Installed Building Products","Building & Construction - Misc",241.97,+0.19%,9,Buy,"40% Sell",-3.23,+14.23%,242.21,219.91,263.39,229.16,60.52,-7.28,-19.35,385263,Weakest,Average,84.78%,1.32,216.32,242,100%
MNR,"Mach Natural Resources LP","Oil - US Exploration & Product",13.32,+0.76%,8,Buy,"56% Buy",-3.34,-9.69%,13.37,13.09,12.98,13.26,52.76,-31.2,8.02,473899,Weakening,Weak,43.94%,0.67,12.83,13.69,57%
MXC,"Mexco Energy Corp","Oil - US Exploration & Product",9.455,+0.37%,9,Buy,"24% Sell",-3.34,+18.48%,9.18,8.55,9.77,8.88,64.71,-3.03,-17.22,18051,Weakest,Weak,48.86%,0.13,8.21,9.54,93%
OFLX,"Omega Flex Inc","Steel - Pipe & Tube",30.95,+1.68%,2,Hold,"32% Sell",-3.35,-4.00%,30.63,30.39,31.62,29.97,55.93,-25.51,-7.5,43119,Weakest,Minimum,77.37%,1.22,28.77,31.18,91%
MAA,"Mid-America Apartment Communities","REIT - Equity Trust Resident",133.63,-0.69%,1,Sell,"24% Buy",-3.44,-4.96%,130.84,135.19,131.97,133.78,47.9,-26.47,-16.43,1025812,Weakest,Weak,40.40%,1.04,130.93,136.63,47%
CSR,Centerspace,"REIT - Equity Trust Resident",56,-1.58%,1,Sell,"88% Sell",-3.54,+5.30%,60.63,57.41,61.76,55.77,48.29,-16.21,-28.7,152053,Average,Strong,52.83%,0.73,54.63,56.91,60%
BRT,"BRT Realty Trust","REIT - Equity Trust Resident",14.42,+1.69%,3,Sell,"8% Sell",-3.75,-4.31%,14.51,14.86,14.57,14.9,40.64,-25.82,-14.53,50499,Weakest,Minimum,19.36%,1.5,14.34,15.46,7%
CHNR,"China Natural Res","Mining - Misc",3.8,-5.35%,4,Sell,"56% Sell",-3.81,+13.44%,4.03,3.93,3.91,3.78,49.48,-8.07,-6.92,267535,Weakest,Weak,43.74%,0.03,3.52,4.03,55%
PG,"Procter & Gamble Company","Consumer Prdts - Misc Staple",146.97,+0.12%,2,Sell,"56% Sell",-4.01,-3.85%,146.16,147.6,148.41,147.53,48.9,-25.36,-10.08,9878438,Weakening,Weak,50.76%,0.95,143.91,151.15,42%
AWK,"American Water Works","Utility - Water Supply",134.82,+0.49%,3,Hold,"32% Buy",-4.03,-5.00%,130.82,129.98,130.9,133.82,54.13,-26.51,-9.32,1988240,Average,Weak,40.39%,0.62,129.29,138.36,61%
KBH,"KB Home","Building - Residential & Comm",56.95,-3.00%,1,Buy,"24% Buy",-4.07,-2.88%,53.37,55.65,55.68,56.49,51.09,-24.39,-11.67,1178599,Weakest,Minimum,72.70%,0.54,54.22,58.75,60%
VINP,"Vinci Compass Investments Ltd","Finance - Misc Services",9.92,+0.30%,3,Sell,"72% Sell",-4.08,+3.55%,10.22,9.82,10.94,9.8,53.76,-17.96,-36.56,64592,Weakest,Average,81.79%,0.64,9.5,10.1,71%
CHH,"Choice Hotels International","Hotels & Motels",109.73,-1.84%,6,Buy,"56% Buy",-4.26,-11.97%,109.19,110.44,107.75,110.44,48.33,-33.48,2.56,669615,Weakening,Weak,46.40%,0.99,106.1,114.77,42%
FBIN,"Fortune Brands Innovations Inc","Building Prdcts - Air Heating",50.35,-3.71%,5,Buy,"40% Buy",-4.35,-10.96%,42.86,46.78,46.87,50.83,52.16,-32.47,-11.97,2483148,Weakest,Weak,62.32%,0.99,48.62,53.03,39%
TG,"Tredegar Corp","Chemical - Plastics",7.75,-0.26%,2,Sell,"64% Sell",-4.42,-3.73%,8.16,7.75,8.27,7.58,53.16,-25.24,-4.69,164072,Weakening,Average,66.01%,1.36,7.33,7.84,83%
GNE,"Genie Energy Ltd Cl B","Utility - Electric Power",14.74,+4.39%,2,Buy,"56% Buy",-4.59,-26.08%,14.04,14.15,14.11,14.2,60.31,-47.59,-5.66,81920,Strongest,Weak,44.10%,1.32,13.78,14.62,114%
KDP,"Keurig Dr Pepper Inc","Beverages - Soft",30.37,-1.24%,2,Sell,"40% Buy",-4.78,-9.10%,29.32,31.11,29,30.72,45.15,-30.61,-4.2,13204298,Weakest,Weak,47.50%,1.21,29.53,31.91,35%
HRL,"Hormel Foods Corp","Food - Meat Products",25.09,-0.55%,5,Buy,"72% Buy",-4.85,-11.22%,23.04,24.68,23.42,25.24,50.54,-32.73,-6.77,4932083,Average,Average,29.03%,0.63,24.53,25.96,39%
PPIH,"Perma-Pipe International Holdings Inc","Steel - Pipe & Tube",25.99,+0.74%,10,Sell,"88% Sell",-5.05,+2.52%,29.2,26.91,29.86,25.14,52.2,-18.99,-27.02,99514,Weakening,Good,83.84%,0.49,23.84,26.44,83%
SPH,"Suburban Propane Partners LP","Oil Refining & Marketing MLP",17.74,-0.67%,9,Hold,"80% Sell",-5.33,-1.00%,19.02,18.2,19.29,18.31,43.03,-22.51,-16.94,158094,Strengthening,Good,27.25%,0.94,17.73,18.89,1%
CWCO,"Cons Water Inc","Utility - Water Supply",29.92,+0.71%,4,Hold,"64% Sell",-5.33,+3.78%,30.92,29.53,32.86,29.37,55.63,-17.73,-27.85,109013,Weakest,Good,59.62%,0.7,28.63,30.12,87%
BBUC,"Brookfield Business Corp","Business Services",29.67,-3.20%,3,Sell,"100% Sell",-5.57,-2.82%,32.26,31.52,33.22,30.88,41.71,-24.33,-29.94,247146,Strongest,Strong,52.83%,0.45,29.61,32.15,2%
STVN,"Stevanato Group S.P.A.","Medical - Drugs",20.29,+0.95%,5,Buy,"88% Buy",-5.63,-15.63%,17.31,18.74,17.26,19.76,57.88,-37.14,-11.79,480091,Strengthening,Average,56.06%,1.07,18.84,20.67,79%
CING,"Cingulate Inc","Medical - Biomedical",5.05,+2.23%,1,Hold,"48% Sell",-5.69,+11.73%,5.29,4.78,5.55,4.72,57.77,-9.78,3.73,387469,Weakest,Weak,84.79%,0.21,4.38,5.05,100%
DMRA,"Damora Therapeutics Inc","Medical - Biomedical",29.88,-3.08%,5,Buy,"88% Buy",-5.75,+778.82%,25.56,26.34,25.77,29.94,54.17,757.31,17.23,646513,Average,Soft,30.96%,1.07,27.18,32.7,49%
FPH,"Five Point Holdings Llc Cl A","Real Estate Developers",5.15,-0.19%,10,Buy,"16% Sell",-5.82,-5.85%,5.05,5.15,5.19,5.21,48.06,-27.36,-20.5,171894,Weakest,Minimum,49.49%,1.03,5,5.43,36%
AENT,"Alliance Entertainment Holding Corp","Media Conglomerates",5.69,+2.15%,2,Sell,"88% Sell",-6.08,+9.63%,6.37,5.76,6.51,5.8,47.16,-11.88,-42.21,49137,Average,Average,44.20%,0.35,5.4,6.19,37%
SRI,"Stoneridge Inc","Electronics - Misc Components",7.25,-2.82%,6,Sell,"48% Buy",-6.36,-4.98%,6.77,7.29,6.91,7.25,49.96,-26.49,12.59,209876,Weakest,Weak,70.61%,0.75,6.89,7.6,51%
VRTS,"Virtus Investment Partners","Finance - Investment Mgmt",163.5,+1.04%,8,Buy,"72% Buy",-6.64,-14.16%,145.2,152.95,147.46,164.43,53.42,-35.67,-12.42,104404,Average,Average,62.93%,0.72,157.26,171.59,44%
JL,"J-Long Group Limited","Textile - Apparel",5.4,-3.91%,7,Sell,"40% Sell",-6.80,-3.77%,6.19,6.01,5.66,5.91,35.41,-25.28,-24.33,39286,Strengthening,Minimum,25.12%,0.06,5.46,6.37,-6%
XP,"XP Inc Cl A","Finance - Misc Services",16.68,-1.77%,5,Buy,"56% Sell",-6.92,-2.68%,17.64,16.3,18.22,16.83,49.6,-24.19,-10.74,6111237,Average,Average,55.25%,0.48,16.36,17.3,34%
WKEY,"Wisekey International Holding Ltd ADR","Protection - Safety",6.61,+0.69%,2,Sell,"88% Sell",-6.97,+17.20%,7.33,7.28,7.47,6.51,48.38,-4.31,-28.43,331471,Average,Soft,75.22%,0.24,5.97,7.06,59%
AFYA,"Afya Ltd Cl A",Schools,13.91,+2.05%,2,Sell,"100% Sell",-7.11,-5.37%,14.48,14.31,14.46,14.09,44.52,-26.88,-22.36,102367,Strengthening,Average,24.38%,1.35,13.58,14.6,32%
MBUU,"Malibu Boats Inc","Leisure & Recreational Prdcts",28.61,-2.29%,8,Buy,"40% Buy",-7.22,-13.75%,26.76,27.47,28.07,28,55.2,-35.26,-11.21,279120,Weakening,Weak,75.36%,0.54,26.54,29.46,71%
DOLE,"Dole Plc","Agriculture Operations",13.77,0.00%,4,Hold,"80% Sell",-7.28,-3.84%,14.43,14.1,14.73,14.16,42.43,-25.35,-20.77,913016,Strongest,Average,8.29%,0.61,13.77,14.56,0%
WTF,"Waton Financial Limited","Finance - Misc Services",2.98,-0.33%,5,Sell,"56% Sell",-7.48,-35.91%,3.24,2.88,3.43,2.95,51.95,-57.42,-22.33,74919,Weakening,Soft,70.47%,0.04,2.75,3.15,58%
CHSCP,"CHS Inc","Agriculture Operations",26.66,-0.22%,2,Sell,"96% Sell",-7.70,-6.72%,27.4,27.05,27.64,26.66,41.3,-28.23,-16.38,15926,Strengthening,Strong,47.62%,0.28,26.57,26.76,48%
APT,"Alpha Pro Tech","Protection - Safety",5.22,+6.53%,1,Sell,"40% Buy",-7.85,+7.52%,5.12,5.24,5.07,5.04,54.83,-13.99,4.94,53459,Weakening,Weak,27.16%,1.54,4.79,5.29,87%
PHUN,"Phunware Inc","Internet - Software",2.18,-2.68%,5,Buy,"100% Buy",-7.87,-17.11%,2.02,2.05,1.96,2.16,55.38,-38.62,5.21,153400,Strengthening,Soft,79.56%,0.64,2.08,2.23,65%
VC,"Visteon Corp","Auto - Truck Original Parts",103.2,-1.08%,4,Sell,"8% Buy",-8.03,-9.24%,105.36,109.77,102.37,104.53,44.75,-30.75,-4.11,547107,Weakening,Minimum,64.81%,0.66,101.19,107.88,30%
CNH,"CNH Industrial N.V.","Machinery - Farm",10.85,+0.56%,6,Buy,"64% Buy",-8.28,-12.64%,10.64,10.63,10.88,10.69,51.98,-34.15,5.05,13717873,Strengthening,Weak,44.15%,1.29,10.04,11.33,63%
KBDC,"Kayne Anderson Bdc Inc","Finance - SBIC & Commercial",13.88,+1.39%,5,Sell,"88% Sell",-8.32,-9.87%,14.15,13.91,14.15,13.64,54.08,-31.38,-15.7,329833,Average,Average,77.49%,1.16,13.28,14,83%
NFG,"National Fuel Gas Company","Oil - US Integrated",80.63,+2.19%,6,Hold,"48% Sell",-8.37,-7.31%,83.55,78.93,84.23,81.18,50.02,-28.82,-11.92,743657,Weakest,Average,30.83%,0.89,78.96,83.4,38%
KGEI,"Kolibri Global Energy Inc","Oil - US Exploration & Product",5.1,+5.37%,5,Hold,"24% Buy",-8.81,-13.12%,5.26,5.1,4.83,5.14,49.77,-34.63,17.14,162991,Weakest,Weak,53.14%,0.51,4.84,5.45,43%
MRP,"Millrose Properties Inc","Real Estate Operations",28.81,-1.81%,5,Buy,"56% Sell",-9.02,-8.92%,28.85,28.77,29.38,28.63,50.91,-30.43,-16.18,1777369,Weakening,Weak,63.60%,0.68,27.71,29.56,60%
LYEL,"Lyell Immunopharma Inc","Medical - Drugs",14.21,+5.65%,2,Sell,"72% Sell",-9.12,+28.25%,17.18,13.63,19.56,13.41,55.02,6.74,-66.46,113657,Weakening,Average,57.86%,1.81,12.15,14.67,82%
DEC,"Diversified Energy Company Plc","Other Alt Energy",13.49,+3.06%,2,Sell,"72% Sell",-9.30,-6.84%,14.83,13.53,14.4,13.25,51.66,-28.35,-19.47,854056,Average,Average,66.28%,1.06,12.71,13.8,72%
ASO,"Academy Sports and Outdoors Inc","Leisure & Recreational Prdcts",47.35,-1.09%,6,Hold,"96% Sell",-9.31,-8.43%,51.75,49.11,53.73,47.99,45.89,-29.94,-17.85,1545796,Strongest,Strong,34.26%,0.76,45.76,50.21,36%
GBDC,"Golub Capital Bdc","Finance - SBIC & Commercial",13.06,+1.95%,5,Buy,"8% Buy",-9.58,-11.64%,12.94,12.9,12.93,12.97,53.87,-33.15,-16.39,1864484,Weakest,Minimum,51.45%,1.07,12.66,13.27,65%
GNTX,"Gentex Corp","Auto - Truck Original Parts",23.54,-2.40%,2,Sell,"24% Buy",-9.59,-11.54%,23.45,24.48,23.5,23.85,45.4,-33.05,-11.47,2441525,Weakest,Minimum,68.53%,0.75,22.93,24.77,33%
VSNT,"Versant Media Group Inc","Media Conglomerates",38.22,+6.79%,2,Hold,N/A,-9.64,N/A,38.7,37.85,36.89,36.13,58.29,N/A,-27.7,N/A,N/A,N/A,43.02%,2.54,34.67,37.58,122%
AMR,"Alpha Metallurgical Resources Inc","Mining - Misc",152.12,+4.11%,1,Sell,"88% Sell",-9.68,+23.40%,181.05,168.15,188.04,144.86,51.4,1.89,-36.52,275914,Average,Good,64.37%,1.5,136.06,153.65,91%
TGS,"Transportadora DE Gas Sa Ord B ADR","Oil - Production & Pipeline",29.08,-1.62%,9,Sell,"56% Sell",-9.78,-2.12%,31.04,30.5,30.74,30.53,42.09,-23.63,-19.1,306993,Average,Weak,15.84%,0.75,28.96,32.1,4%
NMRK,"Newmark Group Inc Cl A","Real Estate Operations",15.01,-3.66%,2,Hold,"64% Sell",-10.01,-6.36%,15.23,15.11,15.51,15.39,46.34,-27.87,-26.07,1409049,Average,Weak,45.10%,0.74,14.62,16.15,25%
CRVL,"Corvel Corp","Business Services",62.45,-0.19%,1,Sell,"40% Buy",-10.02,-29.31%,58.63,61,58.65,61.07,55.08,-50.82,-20.34,213688,Weakening,Minimum,47.20%,1.07,58.44,63.71,76%
NEPH,"Nephros Inc","Medical Products",3.59,+0.28%,5,Hold,Hold,-10.45,+19.67%,3.29,3.49,3.61,3.58,52.46,-1.84,-39.06,40381,Falling,,59.49%,1.56,3.33,3.84,52%
HNNA,"Hennessy Advisors","Finance - Investment Mgmt",9.92,+0.66%,2,Sell,"8% Sell",-10.61,-19.68%,9.93,9.99,9.96,9.93,49.13,-41.19,-9.3,11802,Weakest,Minimum,21.43%,0.97,9.72,10.14,48%
CCEL,"Cryo-Cell Intl Inc","Medical Services",3.57,-1.92%,6,Buy,"8% Buy",-10.62,-32.77%,3.48,3.5,3.45,3.47,53.68,-54.28,-8.85,10238,Weakening,Minimum,59.42%,3.34,3.3,3.63,81%
CPS,"Cooper Std Holdings Inc","Auto - Truck Original Parts",27.63,-11.36%,6,Buy,"72% Sell",-10.63,+11.55%,29.16,28.81,30.93,28.84,43.96,-9.96,-28.47,197247,Average,Weak,59.36%,3.02,26.69,30.98,22%
GEL,"Genesis Energy LP","Oil Refining & Marketing MLP",15.18,+2.15%,6,Buy,"40% Sell",-10.70,-9.96%,15.94,14.83,16.35,14.89,54.72,-31.47,-15.32,294822,Weakest,Average,47.77%,0.99,14.36,15.43,77%
TARA,"Artara Therapeutics Inc","Medical - Drugs",4.1,+2.50%,1,Sell,"80% Sell",-10.78,+31.83%,4.63,4.1,5.11,4.05,51.62,10.32,-35.71,832638,Weakening,Average,61.94%,0.53,3.85,4.25,62%
AMPY,"Amplify Energy Corp","Oil - US Exploration & Product",4.08,+5.15%,4,Sell,"88% Sell",-10.86,+8.51%,4.98,4.13,5.05,3.95,52.6,-13.,-23.35,826599,Weakening,Strong,60.00%,1.01,3.7,4.21,74%
WH,"Wyndham Hotels & Resorts Inc","Hotels & Motels",75.21,-1.20%,1,Sell,"72% Sell",-10.96,-12.00%,80.92,79.66,80.03,76.15,41.72,-33.51,-13.09,1340878,Strongest,Average,51.94%,0.68,73.15,79.14,34%
PIPR,"Piper Jaffray Companies","Finance - Misc Services",74.4,-2.34%,4,Sell,"100% Sell",-11.24,-7.81%,78.68,76.46,80.45,75.72,44.91,-29.32,-25.03,637881,Strongest,Good,67.59%,0.78,72.62,78.83,29%
DNUT,"Krispy Kreme Inc","Consumer Prdts - Misc Staple",3.23,+4.19%,1,Sell,"100% Sell",-11.34,-5.56%,3.48,3.46,3.48,3.24,47,-27.07,-32.28,3907439,Strengthening,Average,29.72%,1.73,3.01,3.46,48%
IRS,"Irsa Inversiones Y Representaciones S.A. ADR","Real Estate Developers",14.78,-1.00%,1,Sell,"40% Sell",-11.51,-7.91%,15.22,15.52,15.51,15.23,41.47,-29.42,-23.27,184307,Average,Weak,16.33%,0.66,14.79,15.67,-1%
NXPL,"Nextplat Corp","Internet Commerce",6.44,+6.75%,2,Sell,"24% Buy",-11.53,-9.45%,6.07,6.45,5.99,6.18,53.91,-30.96,7.93,72689,Weakening,Minimum,34.05%,6.1,5.42,6.93,67%
TIPT,"Tiptree Financial Cl A","Insurance - Brokers",17.92,0.00%,2,Buy,"88% Buy",-12.15,-14.63%,17.34,17.8,17.34,17.88,51.35,-36.14,-14.55,241462,Strengthening,Weak,39.37%,0.54,17.43,18.33,54%
SCOR,"Comscore Inc","Business Services",7.49,-1.19%,5,Hold,"72% Buy",-12.16,+25.46%,7.29,7.4,7.4,7.4,52.15,3.95,2.6,21530,Strengthening,Weak,66.04%,0.26,6.98,7.82,61%
WGO,"Winnebago Industries","Building - Mobile Homes & RV",31.29,-2.16%,4,Buy,"24% Sell",-12.37,+2.46%,30.84,29.92,35.13,30.78,53.39,-19.05,-35.41,668779,Weakest,Soft,65.99%,0.61,29.09,32.47,65%
KLXE,"Klx Energy Services Holdings Inc","Oil - Field Services",2.15,+4.88%,3,Sell,"72% Sell",-12.42,+32.72%,2.77,2.48,2.66,2.22,43.96,11.21,1.13,249644,Average,Soft,21.53%,1.09,1.93,2.52,38%
BCSF,"Bain Capital Specialty Finance Inc","Finance - SBIC & Commercial",12.94,+2.05%,6,Hold,"40% Sell",-12.79,-14.59%,12.85,12.7,13.01,12.7,55.54,-36.1,-19.6,426805,Weakest,Weak,76.49%,1.8,12.35,13.05,84%
SLVM,"Sylvamo Corp","Paper & Related Products",37.78,-2.45%,5,Sell,"100% Sell",-12.95,-20.30%,39.92,38.79,42.76,38.2,46.83,-41.81,-34.17,364601,Strengthening,Average,58.99%,0.79,36.77,39.64,35%
INVE,"Identiv Inc","Computers - Peripheral Equpt",2.55,-1.92%,6,Sell,"88% Sell",-12.98,-27.14%,3.62,3.21,3.53,2.74,36.41,-48.65,-46.22,134951,Strongest,Strong,22.85%,0.81,2.5,2.99,10%
BBWI,"Bath & Body Works Inc","Retail - Misc & Diversified",20.14,-3.13%,1,Buy,"24% Sell",-13.01,-30.81%,19.47,20.24,20.39,20.36,47.85,-52.32,-12.33,6256338,Weakest,Minimum,59.50%,0.83,19.45,21.28,38%
KMB,"Kimberly-Clark Corp","Consumer Prdts - Misc Staple",108.66,-3.30%,1,Hold,"64% Buy",-13.23,-20.50%,101.97,106.26,102.38,109.65,49.12,-42.01,-4.93,5362696,Weakening,Soft,52.54%,0.85,105.6,113.71,38%
FC,"Franklin Covey Company",Consulting,21.42,-2.01%,1,Sell,"40% Buy",-13.36,+10.24%,21.31,22.58,19.92,21.08,48.29,-11.27,15.02,140201,Weakest,Soft,76.40%,0.51,19.99,22.18,65%
BDN,"Brandywine Realty Trust","REIT - Equity Trust Other",3.22,+0.63%,1,Sell,"56% Buy",-13.42,-21.27%,3.01,3.14,3.02,3.11,57.1,-42.78,-2.36,2963538,Strengthening,Weak,78.63%,1.33,2.97,3.25,90%
CCM,"Concord Medical Services ADR","Medical - Nursing Homes",4.96,+2.06%,4,Hold,"64% Buy",-13.42,-5.88%,4.44,4.65,4.32,4.48,58.85,-27.39,15.87,26770,Strengthening,Weak,56.92%,0.59,3.95,5.01,95%
ENR,"Energizer Holdings Inc","Consumer Prdts - Misc Staple",21.54,-4.39%,3,Buy,"88% Buy",-13.45,-27.50%,19.29,20.56,19.86,20.93,55.09,-49.01,-4.33,1224130,Strengthening,Soft,76.97%,1.2,19.73,22.12,76%
CURR,"Currenc Group Inc",Unclassified,3.04,-7.03%,6,Buy,"40% Buy",-13.67,+98.69%,3.13,3.07,2.7,3.24,46.2,77.18,57.2,392076,Weakest,Soft,32.77%,0.81,2.89,3.59,21%
GRNT,"Granite Ridge Resources Inc","Oil - US Exploration & Product",4.66,+0.65%,5,Buy,"72% Sell",-13.69,-4.70%,5.13,4.69,5.05,4.68,48.49,-26.21,-13.48,800844,Average,Good,36.33%,0.81,4.47,4.9,44%
AUNA,"Auna Sa Cl A","Medical Services",5.2,-0.19%,1,Hold,"32% Buy",-13.74,-15.99%,5.14,4.97,5.09,5.12,54.06,-37.5,-6.94,296487,Weakening,Minimum,70.55%,0.66,4.95,5.3,72%
CVR,"Chicago Rivet & Machine Company","Machinery - Elect Utilities",10.3773,-0.22%,6,Sell,"72% Sell",-13.83,-18.77%,10.77,10.16,11.76,10.15,52.55,-40.28,-38.03,4231,Weakening,Average,68.83%,1.35,9.68,10.62,74%
LNN,"Lindsay Corp","Machinery - Farm",114.65,-0.15%,2,Sell,"40% Sell",-14.04,-15.34%,113.29,115.3,118.45,114.19,50.1,-36.85,-15.36,154901,Weakest,Weak,62.20%,0.62,110.38,118,56%
CYCN,"Cyclerion Therapeutics Inc","Medical - Biomedical",3.56,+0.28%,3,Buy,"88% Buy",-14.10,+48.95%,3.13,3.38,2.55,3.61,54.4,27.44,167.68,2016013,Strengthening,Good,39.88%,0.2,3.37,3.85,40%
LSE,"Leishen Energy Holding Co. Ltd","Oil Field Machinery & Equip",4.55,-1.09%,5,Buy,"40% Sell",-14.44,-15.11%,4.62,4.35,4.65,4.54,50.41,-36.62,-8.51,11973,Weakening,Weak,42.38%,0.14,4.02,5.07,50%
LOMA,"Loma Negra Comp Indu Argentina Sociedad ADR","Building - Residential & Comm",10.79,-3.40%,2,Sell,"24% Sell",-14.61,-13.54%,11.28,11.59,11.32,11.45,41,-35.05,-29.31,464382,Average,Weak,7.01%,1,10.84,12.06,-4%
RYN,"Rayonier Inc REIT","Building Products - Wood",21.43,-2.68%,5,Buy,"8% Sell",-14.81,-10.11%,21.02,21.37,21.5,21.66,48.14,-31.62,-13.65,2498911,Weakest,Minimum,52.50%,1.44,21.06,22.25,31%
CHDN,"Churchill Downs IN",Gaming,86.88,+0.54%,1,Sell,"72% Sell",-14.84,-15.08%,88.21,86.71,91.3,85.11,52.42,-36.59,-36.27,926285,Weakest,Average,64.28%,1.22,81.17,89.04,73%
QGEN,"Qiagen N.V.","Medical - Biomedical",41.73,-0.52%,2,Buy,"8% Buy",-15.04,-16.52%,38.5,39.22,42.09,41.46,57.41,-38.03,-24.47,2104992,Weakest,Minimum,80.10%,1.49,40.4,42.51,63%
RICK,"RCI Hospitality Hold","Retail - Restaurants",26.24,+1.12%,1,Sell,"56% Buy",-15.08,-26.21%,25.28,26.31,24.77,26.16,51.02,-47.72,-2.56,74086,Strengthening,Weak,45.58%,1.43,25.21,27.1,54%
INR,"Infinity Natural Resources Inc Cl A","Oil - US Exploration & Product",12.74,-0.16%,6,Hold,"80% Sell",-15.27,-11.47%,14.72,13,15.12,12.97,46.36,-32.98,-26.14,339183,Strengthening,Good,42.91%,0.52,12.31,13.63,32%
CE,"Celanese Corp","Chemical - Specialty",43.95,+1.88%,3,Sell,"88% Sell",-15.31,-8.09%,55.12,48.51,53.41,45.6,41.68,-29.6,-8.68,2226133,Strengthening,Good,31.33%,1.82,42.46,48.74,24%
LPX,"Louisiana-Pacific Corp","Building Products - Wood",75.91,-1.87%,2,Sell,"24% Sell",-15.33,-18.59%,73.91,74.99,78.21,73.92,52.91,-40.1,-18.64,1097797,Weakest,Weak,77.88%,1.22,69.98,77.86,75%
TRLV,"Trulieve Cannabis Corp","Medical Products",9,+6.64%,3,Sell,"56% Buy",-15.50,+70.45%,8.32,9.27,7.96,8.64,53.01,48.94,-9.06,720463,Average,Soft,72.47%,0.69,8.11,9.16,85%
ASR,"Grupo Aeroportuario Del Sureste ADR","Transportation - Services",277.63,+1.72%,1,Sell,"88% Sell",-15.71,-11.94%,305.05,288.56,318.64,275.67,46.46,-33.45,-26.78,65573,Average,Strong,63.73%,1.31,266.59,284.74,61%
BBOT,"Bridgebio Oncology Therapeutics Inc","Medical - Biomedical",8.78,-2.01%,2,Buy,"8% Sell",-15.88,-11.22%,8.47,8.21,9.38,8.58,54.59,-32.73,-42.5,312750,Weakest,Weak,64.96%,0.47,8.08,9.07,70%
INKT,"Mink Therapeutics Inc","Medical - Biomedical",11,-5.98%,6,Hold,"48% Sell",-15.91,-15.77%,11.22,11.44,11.31,10.84,49.89,-37.28,-13.98,109195,Weakening,Weak,72.80%,0.74,10.11,11.56,61%
PRIM,"Primoris Services Corp","Building - Heavy Construction",80.22,-3.81%,3,Sell,"100% Sell",-16.07,-27.38%,121.09,97.03,129.74,85.89,41.33,-48.89,-48.01,1355466,Strongest,Strong,58.09%,0.72,77.91,93.86,14%
GSBD,"Goldman Sachs Bdc Inc","Finance - SBIC & Commercial",9.09,+2.94%,1,Sell,"72% Sell",-16.50,-19.06%,9.17,9.03,9.2,8.81,55.17,-40.57,-14.68,1297496,Weakest,Weak,76.01%,1.12,8.54,9.08,102%
MMLP,"Martin Midstrm LP","Transportation - Ship",2.55,+8.28%,7,Hold,"48% Sell",-16.70,-16.67%,2.52,2.42,2.62,2.38,57.72,-38.18,-14.93,22876,Weakest,Weak,64.83%,1.78,2.2,2.57,94%
ZKH,"Zkh Group Limited ADR","Internet - Services",2.82,-1.40%,7,Buy,"40% Sell",-16.84,-5.69%,2.88,2.74,3.08,2.91,49.38,-27.2,-36.,134973,Weakening,Average,62.09%,0.84,2.8,3.02,8%
LSF,"Laird Superfood Inc","Food - Misc & Diversified",4.54,+9.66%,1,Sell,"88% Buy",-16.88,-36.41%,3.48,4.18,3.24,4.24,58.3,-57.92,91.87,82438,Strongest,Average,65.46%,0.65,3.7,4.78,78%
OLMA,"Olema Pharmaceuticals Inc","Medical - Biomedical",11.8,+1.90%,1,Buy,"40% Sell",-16.89,+136.95%,13.11,11.36,16.8,11.62,51.81,115.44,-65.43,2182908,Weakest,Weak,55.13%,0.5,11.12,12.12,68%
FRHC,"The Awareness Group","Finance - Misc Services",147.48,-1.35%,5,Buy,"72% Buy",-16.98,-22.44%,147.4,148.42,139.92,154.34,46.35,-43.95,8.57,120384,Weakest,Soft,20.79%,0.4,144.99,163.68,13%
VYGR,"Voyager Therapeut","Medical - Biomedical",3.13,+0.97%,1,Sell,"88% Sell",-17.01,-7.94%,3.67,3.42,3.76,3.12,45.03,-29.45,-32.99,607303,Average,Strong,53.14%,0.65,2.93,3.31,53%
TBCH,"Turtle Beach Corp","Computers - Peripheral Equpt",12.55,-7.31%,7,Buy,"8% Sell",-17.06,-13.15%,12.01,12.76,12.25,12.73,48.54,-34.66,-23.18,277487,Weakest,Minimum,68.57%,2.14,11.76,13.7,41%
OBDC,"Blue Owl Capital Corp","Finance - Misc Services",11.31,+3.10%,5,Buy,"40% Sell",-17.10,-19.84%,11.12,10.97,11.37,10.95,59.22,-41.35,-21.64,5078896,Weakest,Weak,78.89%,1.64,10.63,11.26,107%
ACIU,"AC Immune S.A.","Medical - Biomedical",2.32,+1.31%,2,Sell,"88% Sell",-17.12,+6.91%,2.67,2.39,2.83,2.29,49.03,-14.6,-38.74,410140,Average,Average,59.20%,0.27,2.15,2.44,60%
BNTX,"Biontech Se ADR","Medical - Biomedical",91.19,-1.07%,1,Hold,"80% Sell",-17.13,-18.07%,92.98,91.37,97.31,91.58,47.88,-39.58,-16.84,1052323,Strengthening,Average,54.32%,1.37,89.76,93.4,39%
OTIS,"Otis Worldwide Corp","Machinery - General Industrial",73.83,+1.00%,3,Hold,"48% Sell",-17.19,-15.11%,74.69,72.08,79.63,72.74,55.11,-36.62,-28.11,3460347,Weakest,Average,66.34%,0.67,70.59,74.89,75%
LUXE,"Luxexperience B.V. ADR","Textile - Apparel",8.05,-5.29%,9,Buy,"24% Sell",-17.30,-3.48%,8.01,7.73,8.24,8.13,49.92,-24.99,-16.22,260411,Weakest,Soft,73.31%,0.93,7.72,8.53,41%
BXSL,"Blackstone Secured Lending Fund","Finance - SBIC & Commercial",24.15,+3.47%,6,Hold,"48% Sell",-17.36,-20.01%,23.78,23.57,24.24,23.44,58.87,-41.52,-20.91,2134556,Weakest,Weak,64.92%,1.59,22.79,24.09,105%
INGR,"Ingredion Inc","Food - Misc & Diversified",102.93,-0.35%,6,Buy,"40% Sell",-17.39,-17.77%,105.01,100.14,108.52,101.27,56.02,-39.28,-19.28,737647,Weakest,Soft,69.18%,1.12,97.92,104.62,75%
LAW,"CS Disco Inc","Internet - Software",4.34,+7.16%,4,Buy,"8% Sell",-17.53,+5.08%,3.93,3.85,4.36,4.01,59.7,-16.43,-56.7,321203,Weakening,Weak,73.66%,1.44,3.59,4.44,89%
ZIP,"Ziprecruiter Inc Cl A","Business Services",4.68,+10.12%,6,Buy,"88% Buy",-17.57,+24.47%,3.23,3.76,3.01,4.09,65.63,2.96,7.37,998891,Strongest,Strong,81.12%,1.89,3.66,4.52,119%
LAZ,"Lazard Inc","Finance - Misc Services",43.32,-0.98%,3,Sell,"88% Sell",-17.61,-16.18%,44.31,43.6,46.54,42.95,51.32,-37.69,-23.42,1472934,Strengthening,Average,66.44%,0.74,40.85,45.04,59%
NCLH,"Norwegian Cruise Ord","Leisure & Recreation Services",19.37,-4.58%,5,Sell,"40% Sell",-17.64,-21.93%,18.99,19.56,20.14,19.63,48.25,-43.44,-25.85,20087992,Weakening,Weak,54.26%,0.58,18.38,20.88,40%
GDS,"Gds Holdings Ltd ADR","Technology Services",31.84,-2.54%,7,Sell,"100% Sell",-17.76,-10.74%,37.36,32.58,39.17,32.18,47.74,-32.25,-21.4,1999010,Strongest,Strong,73.64%,0.42,30.35,34.02,41%
LXEO,"Lexeo Therapeutics Inc","Medical - Drugs",4.55,+2.25%,3,Sell,"88% Sell",-17.84,-4.41%,5.24,4.64,5.98,4.54,49.47,-25.92,-66.81,1053455,Weakening,Average,47.15%,1.57,4.15,4.93,51%
DGXX,"Digi Power X Inc","Technology Services",3.75,0.00%,2,Sell,"40% Sell",-17.87,+25.00%,4.72,5.35,4.05,3.94,39.7,3.49,34.43,6081553,Average,Minimum,42.14%,0.43,3.39,4.5,33%
AERT,"Aeries Technology Inc","Technology Services",6.95,+8.59%,1,Buy,"88% Buy",-17.97,+2.19%,5.46,6.56,4.87,6.54,56.82,-19.32,55.9,52383,Strengthening,Strong,52.71%,0.45,6.12,6.96,99%
CNNE,"Cannae Holdings Inc","Finance - Investment Mgmt",14.84,-0.34%,6,Buy,"80% Buy",-18.15,-27.57%,13.6,14.53,13.74,14.84,52.82,-49.08,-18.29,586342,Weakening,Soft,60.07%,1.06,14.42,15.26,50%
GDEV,"Gdev Inc",Gaming,13.23,-0.53%,2,Hold,"64% Sell",-18.24,-4.47%,14.31,13.03,15.29,12.31,57.43,-25.98,-24.43,6952,Weakening,Average,64.23%,0.33,11.31,13.32,95%
ZNTL,"Zentalis Pharmaceuticals Inc","Medical - Biomedical",5,+1.01%,5,Buy,"100% Buy",-18.28,+262.32%,4,4.31,3.53,4.75,58.89,240.81,257.74,1411039,Strongest,Strong,56.06%,0.6,4.32,5.17,80%
ONON,"On Holding Ag Cl A","Retail - Apparel & Shoes",37.34,-2.23%,4,Sell,"40% Sell",-18.29,-20.23%,36.71,37.46,39.61,37.33,50.53,-41.74,-32.29,6078174,Weakening,Weak,74.21%,0.81,35.6,39.06,50%
MELI,"Mercadolibre Inc","Internet Commerce",1830,-4.81%,6,Buy,"8% Buy",-18.36,-21.03%,1735.84,1745.24,1822.13,1850.57,51.19,-42.54,-21.78,533758,Weakest,Minimum,66.21%,2.63,1781.67,1919.47,35%
CEPU,"Central Puerto S.A. ADR","Other Alt Energy",13.82,-3.29%,4,Sell,"100% Sell",-18.44,+7.21%,15.05,14.99,15.36,14.78,39.74,-14.3,-33.66,344061,Strongest,Soft,12.93%,0.73,13.92,15.65,-6%
WHF,"Whitehorse Finance","Finance - SBIC & Commercial",6.67,+1.83%,2,Hold,"64% Sell",-18.46,-24.03%,6.97,6.56,6.92,6.48,57.74,-45.54,-16.66,121124,Weakest,Weak,76.15%,0.77,6.32,6.64,110%
VICI,"Vici Properties Inc","REIT - Equity Trust Other",26.54,+0.53%,3,Sell,"100% Sell",-18.62,-19.60%,27.58,27.01,28.01,26.59,47.48,-41.11,-18.25,10285313,Average,Average,36.67%,0.75,25.98,27.2,46%
SUZ,"Suzano Papel E Celul ADR","Paper & Related Products",8.25,-1.20%,11,Buy,"56% Sell",-19.03,-11.95%,8.69,8.17,9.18,8.29,48.84,-33.46,-24.3,3001160,Average,Good,39.16%,0.9,8.04,8.55,41%
TPCS,"Techprecision Corp","Metal Production & Fabrication",4.64,-0.85%,1,Buy,"88% Buy",-19.03,-15.48%,4.02,4.32,4.16,4.63,53.45,-36.99,-16.56,43234,Weakening,Average,67.30%,0.51,4.44,4.81,54%
XBIT,"Xbiotech Inc","Medical - Biomedical",2.28,+0.88%,2,Sell,"88% Sell",-19.35,-21.38%,2.37,2.32,2.4,2.27,49.47,-42.89,-17.23,55342,Average,Soft,56.00%,0.28,2.22,2.32,64%
ANGH,"Anghami Inc","Broadcast - Radio & TV",3.42,+4.34%,3,Sell,"8% Buy",-19.39,+0.36%,3.7,3.87,3.45,3.4,46.49,-21.15,-21.85,261307,Weakest,Minimum,31.61%,0.04,3.16,3.64,55%
XZO,"Exzeo Group Inc","Insurance - Proprty & Casualty",16.29,+1.18%,1,Buy,N/A,-19.47,N/A,15.21,15.3,16.34,16.14,52.96,N/A,-45.45,N/A,N/A,N/A,64.77%,0.57,15.05,17.22,57%
CLLS,"Cellectis S.A. ADR","Medical - Biomedical",2.69,-3.58%,1,Sell,"100% Sell",-19.59,-0.74%,3.35,2.99,3.56,2.79,39.48,-22.25,-57.05,55941,"Top 1%",Good,49.38%,2.11,2.6,2.98,24%
ALT,"Altimmune Inc","Medical - Drugs",3.01,-0.66%,3,Buy,"40% Sell",-19.73,-16.39%,3.02,2.9,3.5,2.93,53.81,-37.9,-29.25,4198035,Weakening,Average,51.19%,0.93,2.75,3.11,73%
LMRI,"Lumexa Imaging Holdings Inc","Medical Products",11.44,+1.24%,1,Buy,N/A,-19.86,N/A,9.88,10.24,11.44,11.02,57.98,N/A,-50.79,N/A,N/A,N/A,86.97%,0.51,10.22,11.81,77%
ALG,"Alamo Group","Machinery - Farm",166.17,-0.96%,2,Buy,"8% Sell",-20.08,-26.07%,162.89,160.23,173.09,163.2,54.75,-47.58,-13.64,146866,Weakest,Weak,64.58%,0.87,156.85,169.54,73%
NVR,"NVR Inc","Building - Residential & Comm",6304.8101,-0.96%,2,Sell,"88% Sell",-20.20,-19.89%,6390.54,6406.54,6752.33,6370.92,47.37,-41.4,-26.18,26459,Average,Average,48.61%,1.14,6115.6,6626.24,37%
ARDX,"Ardelyx Inc","Medical - Drugs",4.87,-0.81%,1,Sell,"100% Sell",-20.33,-6.35%,5.79,5.43,6.14,5.08,34.74,-27.86,-29.1,3941789,"Top 1%",Strong,24.77%,1.98,4.86,5.29,2%
TMDX,"Transmedics Group Inc","Medical Instruments",80.21,+4.86%,7,Buy,"40% Sell",-20.55,-32.48%,84.91,73.19,101.72,75.47,58.69,-53.99,-46.69,1035495,Weakest,Average,72.16%,1.01,69.6,81.35,90%
TW,"Tradeweb Markets Inc","Finance - Investment Brokers",103.32,+0.98%,3,Buy,"40% Sell",-20.56,-24.66%,108.05,99.88,109.56,100.72,54.39,-46.17,-16.55,1530364,Weakest,Weak,53.58%,0.78,95.85,105.59,77%
GPGI,"Gpgi Inc","Conglomerates - Div Operations",14.98,-1.58%,1,Buy,"24% Sell",-20.59,+4.24%,14.8,14.03,17.42,14.44,53.98,-17.27,-34.93,2503469,Weakest,Soft,81.29%,0.73,13.24,15.65,72%
IZEA,"Izea Inc","Internet - Software",3.37,-4.26%,2,Sell,"100% Sell",-20.82,-6.39%,3.76,3.57,3.77,3.45,43.02,-27.9,-35.69,76131,Strongest,Average,50.70%,0.7,3.3,3.61,23%
PATK,"Patrick Inds Inc","Auto - Truck Original Parts",86.51,-1.20%,3,Sell,"88% Sell",-20.83,-15.60%,94.7,87.04,105.26,85.54,50.62,-37.11,-32.85,451733,Average,Strong,61.19%,0.61,81.97,89.11,64%
LBTYB,"Liberty Global Ltd Ord B","Cable TV",12.29,+0.74%,3,Sell,"40% Sell",-21.00,+7.81%,13.64,13.35,12.91,12.04,47.99,-13.7,-8.61,19617,Weakening,Weak,42.79%,0.18,10.83,13.25,60%
BRID,"Bridgford Foods Corp","Food - Misc & Diversified",6.29,+0.96%,2,Sell,"100% Sell",-21.02,-17.46%,7.16,6.76,7.37,6.41,41.02,-38.97,-31.99,3670,Strengthening,Maximum,13.68%,0.42,6.2,6.62,21%
FLWS,1-800-Flowers.com,"Retail - Mail Order",4.03,-2.42%,8,Buy,"80% Buy",-21.15,-32.27%,3.85,4.02,3.86,4,52.03,-53.78,-10.09,965840,Weakening,Weak,65.83%,0.38,3.7,4.29,56%
STZ,"Constellation Brands","Beverages - Alcohol",132.52,+1.44%,2,Sell,"88% Sell",-21.24,-21.66%,144.68,136.65,148.1,131.84,47.92,-43.17,-16.57,2294442,Weakening,Good,38.99%,0.72,128.45,135.22,60%
SRTS,"Sensus Healthcare Inc","Medical Instruments",2.98,+1.36%,2,Sell,"72% Sell",-21.34,-44.09%,3.43,2.93,3.8,2.99,49.86,-65.6,-37.76,77949,Weakest,Good,39.83%,0.27,2.86,3.13,45%
PAX,"Patria Investments Ltd Cl A","Finance - Investment Mgmt",11.23,-0.97%,3,Hold,"64% Sell",-21.40,-18.39%,11.65,11.17,12.67,11.04,52.98,-39.9,-41.96,840164,Weakening,Good,68.71%,0.73,10.68,11.41,76%
AKA,"A.K.A. Brands Holding Corp","Retail - Apparel & Shoes",10.86,-3.98%,5,Buy,"8% Buy",-21.54,-4.74%,10.23,10.2,10.52,11.07,49.96,-26.25,-11.13,11264,Weakest,Minimum,49.23%,1.11,10.75,11.39,17%
KEQU,"Kewaunee Scientifi","Industrial Scientific",37.88,+4.07%,5,Hold,Hold,-21.70,-29.00%,36.66,37.01,37.67,36.7,56.19,-50.51,-11.37,6451,Bearish,,46.99%,1.07,35.23,38.16,90%
TLF,"Tandy Leather Fctry","Retail - Apparel & Shoes",2.44,+0.83%,8,Buy,"8% Buy",-21.70,-30.68%,2.35,2.36,2.5,2.4,58.55,-52.19,-23.58,34148,Weakening,Weak,82.70%,1.69,2.35,2.44,95%
SLRC,"Slr Investment Corp","Finance - SBIC & Commercial",12.93,+2.13%,8,Buy,"56% Sell",-21.74,-21.35%,13.67,12.81,14.11,12.98,50.58,-42.86,-28.99,359088,Weakening,Strong,50.04%,1.31,12.62,13.34,43%
RSSS,"Research Solutions Inc","Printing - Commercial",2.18,-1.36%,2,Sell,"100% Sell",-21.75,-15.83%,2.33,2.25,2.43,2.22,40.16,-37.34,-38.48,66261,Strongest,Good,26.59%,0.17,2.15,2.29,22%
VIRC,"Virco MFG Corp",Furniture,6.05,-0.33%,1,Buy,"72% Sell",-21.82,-24.66%,6.09,6.12,6.19,6.08,47.84,-46.17,-17.95,54811,Strengthening,Weak,68.25%,0.25,5.91,6.24,42%
ZH,"Zhihu Inc ADR","Internet - Content",3.25,-0.91%,5,Buy,"8% Sell",-22.47,-25.80%,3.18,3.16,3.28,3.24,52.68,-47.31,-13.54,297458,Weakest,Minimum,65.50%,0.64,3.12,3.36,55%
GWRS,"Global Water Reso","Utility - Water Supply",7.46,+1.91%,6,Buy,"24% Sell",-22.51,-22.93%,7.26,7.16,7.72,7.24,58.91,-44.44,-24.35,90411,Weakening,Weak,59.48%,0.48,6.94,7.53,88%
RTB,"Rtb Digital Inc","Internet - Software",15.91,-5.80%,3,Buy,"88% Buy",-22.80,+50.32%,8.92,12.04,7.86,16.21,52.88,28.81,167.8,186077,Average,Strong,45.25%,0.36,14.23,18.18,42%
FINW,"Finwise Bancorp","Banks - Southwest",14.24,+0.99%,3,Sell,"72% Sell",-23.15,-21.63%,14.73,14.19,15.61,13.88,54.07,-43.14,-33.25,21604,Weakest,Good,66.99%,0.9,13.39,14.36,88%
BENF,"Beneficient Cl A","Finance - Misc Services",3.14,0.00%,2,Sell,"100% Sell",-23.16,+30.57%,3.44,3.44,3.82,3.23,45.12,9.06,-67.96,607338,Strengthening,Average,38.15%,1.13,2.86,3.6,38%
SGRY,"Surgery Partners CS","Medical Services",14.92,-2.61%,1,Hold,"16% Buy",-23.21,-33.42%,14.31,15.3,14.52,15.74,44.14,-54.93,-16.06,1635320,Weakest,Minimum,28.25%,1.53,14.77,16.71,8%
EARN,"Ellington Credit Company","REIT - Mortgage Trusts",4.35,+1.87%,8,Sell,"100% Sell",-23.41,-23.14%,4.56,4.49,4.78,4.39,45.69,-44.65,-30.09,414005,Average,Strong,20.55%,0.77,4.28,4.49,33%
PLUG,"Plug Power Inc","Electronics Products - Misc",2.07,-1.43%,1,Sell,"56% Sell",-23.44,+41.78%,2.8,2.65,2.58,2.13,39.46,20.27,-7.55,84279648,Strengthening,Soft,52.63%,0.92,1.94,2.32,34%
SDHC,"Smith Douglas Homes Corp Cl A","Building - Residential & Comm",14.05,-9.65%,4,Hold,"32% Sell",-23.46,-27.43%,13.67,14.34,14.92,15.09,42.6,-48.94,-28.85,95291,Weakening,Weak,46.31%,0.73,14.16,16.01,-6%
RUM,"Rum Group Inc","Internet - Content",6.2,+0.16%,2,Sell,"24% Sell",-23.57,-24.48%,6.6,6.81,6.37,6,49.67,-45.99,-14.53,2795688,Weakest,Minimum,76.33%,0.39,5.6,6.39,76%
KR,"Kroger Company","Retail - Supermarket",57.32,+1.13%,3,Sell,"100% Sell",-23.73,-22.26%,64.32,59.53,64.97,58.08,45.3,-43.77,-20.89,6835012,Strongest,Strong,41.31%,0.7,55.81,60.34,33%
CPSH,"Cps Technologies","Electronics - Misc Components",4.36,+0.23%,1,Sell,"24% Sell",-23.96,+59.71%,5.26,5.89,5.03,4.33,45.47,38.2,28.47,794772,Weakest,Minimum,54.95%,0.13,3.65,5.02,52%
PTLO,"Portillo's Inc","Retail - Restaurants",4.38,-6.21%,1,Buy,"72% Sell",-24.00,-42.06%,4.86,4.44,5.04,4.57,43.95,-63.57,-16.15,1963379,Average,Weak,42.21%,1.99,4.33,4.82,11%
MOS,"Mosaic Company",Fertilizers,23.46,+0.21%,8,Buy,"24% Sell",-24.07,-24.15%,23.2,22.22,24.71,22.53,58.81,-45.66,-15.25,8442165,Weakest,Weak,74.06%,0.93,21.53,23.52,97%
MFIC,"Midcap Financial Investment Corp","Finance - Misc Services",9.71,+2.43%,1,Sell,"88% Sell",-24.09,-23.18%,10.65,10,10.79,9.69,47.86,-44.69,-27.75,769886,Weakening,Strong,47.27%,2.39,9.4,9.98,54%
WEN,"Wendys Company","Retail - Restaurants",7.39,-7.51%,1,Buy,"24% Sell",-24.35,-26.39%,7.26,7.4,7.46,7.53,47.87,-47.9,-23.91,10935458,Weakening,Minimum,68.70%,0.71,7.05,8,36%
MKC,"Mccormick & Company","Food - Misc & Diversified",52.28,-0.49%,3,Buy,"8% Sell",-24.76,-24.70%,50.35,49.97,55.63,51.79,55.24,-46.21,-35.87,3776549,Weakening,Weak,63.64%,0.45,49.9,53.67,63%
AZO,Autozone,"Retail - Wholesale Auto Parts",3069.6201,+0.12%,6,Sell,"72% Sell",-24.85,-24.63%,3255.54,3058.1,3382.65,3031.82,51.26,-46.14,-22.12,222823,Weakest,Strong,56.46%,0.36,2923.94,3139.71,68%
SSTI,"Soundthinking Inc","Protection - Safety",7.76,-1.27%,1,Sell,"40% Buy",-24.97,-31.93%,7.41,8.14,7.44,8.27,41.63,-53.44,-15.99,150723,Weakest,Weak,33.96%,0.75,7.72,8.82,4%
WLTH,"Wealthfront Corp","Mining - Gold",9.63,-0.21%,3,Buy,N/A,-25.00,N/A,9.9,9.48,9.73,9.35,54.44,N/A,-41.77,N/A,N/A,N/A,84.92%,0.46,8.87,9.83,79%
MDWD,"Mediwound Ltd Ord Sh","Medical - Drugs",14.28,+0.63%,1,Sell,"100% Sell",-25.26,-22.43%,15.58,14.36,16.26,14.33,46.85,-43.94,-35.27,87576,Average,Strong,36.02%,0.35,14.01,14.65,42%
VFF,"Village Farms Intl","Medical Products",2.04,+4.62%,6,Sell,"88% Sell",-25.54,+19.30%,2.39,2.05,2.72,1.98,53,-2.21,-56.74,1529270,Weakening,Average,52.71%,0.98,1.9,2.07,83%
NMAX,"Newsmax Inc Cl B","Broadcast - Radio & TV",8.56,+1.78%,1,Sell,"56% Buy",-25.61,-32.01%,7.36,8.22,7.19,8.09,58.39,-53.52,-1.89,1235907,Strengthening,Weak,83.32%,0.44,7.43,8.75,86%
MKC.V,"Mccormick & Company Inc","Food - Misc & Diversified",51.86,-1.16%,2,Buy,"8% Sell",-25.67,-25.88%,50.42,49.84,55.71,51.68,52.96,-47.39,-36.38,5575,Weakest,Weak,52.29%,3.79,49.92,53.44,55%
NYC,"American Strategic Investment CO","Real Estate Operations",8.65,-1.59%,2,Buy,"8% Sell",-25.71,-32.52%,8.56,8.58,8.74,8.66,48.8,-54.03,-8.27,17261,Weakening,Minimum,49.91%,0.85,7.8,9.52,50%
GEOS,"Geospace Technologie","Electronics - Measuring Inst",6.82,-7.21%,3,Hold,"96% Sell",-26.02,-62.95%,8.59,7.27,10.57,7.08,44.44,-84.46,-72.3,218964,Strengthening,Average,64.34%,0.98,6.56,7.59,25%
ULBI,"Ultralife Corp","Electronics - Misc Components",5.32,+0.19%,1,Sell,"88% Sell",-26.45,-34.80%,6.42,6.09,6.32,5.43,40.14,-56.31,-19.62,43116,Strengthening,Strong,35.66%,1.49,5.07,5.79,35%
UPWK,"Upwork Inc","Internet - Services",9.42,-1.77%,5,Buy,"40% Sell",-26.87,-21.17%,9.62,8.84,12.04,9.26,54.03,-42.68,-65.1,3771950,Weakest,Average,76.48%,1.65,8.66,9.85,64%
MARA,"Mara Holdings Inc","Finance - Misc Services",10.65,-5.25%,2,Sell,"24% Sell",-26.89,-32.98%,11.89,12.94,10.98,11.72,41.12,-54.49,5.97,44622820,Average,Minimum,37.87%,0.82,10.36,13.07,11%
ERII,"Energy Recovery Inc","Pollution Controls",8.73,-1.47%,5,Buy,"40% Sell",-26.90,-35.90%,9.34,8.59,10.84,8.61,51.16,-57.41,-47.92,782114,Weakening,Average,74.39%,1.42,8.2,9.03,64%
RKT,"Rocket Companies Cl A","Finance - Mortgage & Rel Svs",13.22,-4.62%,1,Sell,"100% Sell",-27.43,-27.04%,14.3,13.98,15.93,13.79,44.43,-48.55,-44.34,29983502,Strongest,Good,46.45%,1.3,12.65,14.93,25%
PTLE,"Ptl Ltd","Transportation - Services",9.9,-4.72%,5,Buy,"56% Buy",-27.48,-37.12%,6.96,7.7,7.65,10.09,59.02,-58.63,11,129370,Weakening,Soft,62.59%,0.1,9.86,10.33,9%
AVD,"American Vanguard Corp","Chemical - Specialty",2.57,+0.39%,1,Sell,"88% Sell",-27.71,-42.12%,2.69,2.66,3.34,2.56,48.84,-63.63,-45.35,282091,Weakening,Average,43.37%,0.76,2.38,2.74,52%
FWRG,"First Watch Restaurant Group Inc","Retail - Restaurants",12.45,-3.19%,4,Buy,"8% Sell",-27.95,-33.88%,11.93,12.06,13.01,12.52,49.16,-55.39,-30.07,1416118,Weakest,Weak,51.14%,0.68,11.75,13.29,45%
CATX,"Perspective Therapeutics Inc","Medical - Drugs",2.97,+1.02%,1,Sell,"80% Sell",-28.05,-22.25%,3.68,3.16,3.83,2.97,46.03,-43.76,-4.63,2206747,Average,Average,57.85%,0.28,2.8,3.14,50%
EVAX,"Evaxion A/S ADR","Medical Information Systems",2.99,+0.50%,1,Sell,"88% Sell",-28.20,+5.83%,3.68,3.29,3.73,2.97,46.44,-15.68,-49.84,67673,Weakening,Average,48.52%,0.28,2.75,3.18,56%
CPB,"The Campbell's Company","Food - Misc & Diversified",22.56,-2.13%,1,Buy,"8% Buy",-28.31,-30.99%,21.45,22.05,23.22,22.27,52.65,-52.5,-31.68,7844529,Weakest,Weak,69.91%,0.56,21.45,23.09,68%
CSPI,"C S P Inc","Computer - Integrated Systems",8.26,+1.72%,3,Sell,"88% Sell",-28.46,-22.15%,8.78,8.53,9.31,8.1,50.9,-43.66,-46.55,24771,Average,Average,60.77%,0.24,7.69,8.51,70%
BLRX,"Biolinerx Ltd ADR","Medical - Drugs",2.79,+2.69%,1,Sell,"48% Sell",-28.72,-28.28%,2.85,3.1,2.86,2.86,44.8,-49.79,-11.91,29350,Weakening,Weak,27.58%,0.66,2.62,3.1,36%
STNE,"Stoneco Ltd Cl A","Internet - Software",11.08,-0.81%,7,Buy,"56% Sell",-29.07,-17.38%,11.9,11.02,13.17,11.17,49.05,-38.89,-37.71,5580592,Weakening,Average,55.18%,0.71,10.84,11.5,36%
CCI,"Crown Castle","REIT - Equity Trust Other",74.92,+1.46%,3,Sell,"100% Sell",-29.16,-28.84%,84.29,82.1,85.24,77.11,42.27,-50.35,-28.33,3571775,Strongest,Strong,48.71%,1.23,73.23,80.99,22%
CRK,"Comstock Resources","Oil - US Exploration & Product",13.21,+1.93%,1,Sell,"88% Sell",-29.17,-18.76%,15.55,13.42,17.45,13.15,48.37,-40.27,-55.64,2618994,Average,Strong,45.37%,0.55,12.41,13.88,54%
SBC,"Sbc Medical Group Holdings Inc","Medical Services",2.97,-2.62%,3,Buy,"80% Sell",-29.45,-32.04%,3.36,3.07,3.66,3.07,43.96,-53.55,-43.72,80517,Average,Strong,51.28%,0.64,2.91,3.23,20%
ETOR,"Etoro Group Ltd Cl A","Insurance - Brokers",35.48,-1.74%,1,Sell,"8% Buy",-29.78,-36.97%,36.78,38.48,34.8,37.1,40.27,-58.48,-11.63,1203072,Weakening,Minimum,35.49%,0.81,35.08,39.12,10%
SMID,"Smith-Midland Corp","Building - CMT & CNT & AG",28.09,+0.64%,4,Sell,"100% Sell",-29.91,-26.16%,30.55,29.71,32.2,29.03,43.67,-47.67,-35.33,10144,Average,Strong,24.30%,0.5,27,31.07,27%
ELTX,"Elicio Therapeutics Inc","Medical - Biomedical",3.14,-1.57%,2,Sell,"88% Sell",-30.21,-66.49%,8.39,5.86,8.68,3.08,40.28,-88.,-73.18,613675,Average,Strong,72.40%,0.1,2.77,3.38,60%
SPOT,"Spotify Technology S.A.","Internet - Software",475.07,-1.48%,5,Buy,"40% Sell",-30.26,-28.75%,481.13,484.47,489.49,488.31,45.26,-50.26,-30.82,2267954,Average,Weak,29.17%,0.86,458.01,518.62,28%
MGPI,"MGP Ingredients Inc","Beverages - Alcohol",17.32,-2.09%,7,Buy,"56% Sell",-30.57,-37.45%,17.96,17.15,19.8,17.76,47.66,-58.96,-41.35,277622,Weakest,Average,14.18%,1.6,16.76,18.76,28%
SERA,"Sera Prognostics Inc Cl A","Medical Services",2,0.00%,5,Buy,"32% Sell",-30.63,-27.27%,2,2.02,2.24,2.06,48.3,-48.78,-44.83,52075,Weakest,Soft,18.75%,0.41,1.89,2.24,32%
COOK,"Traeger Inc","Consumer Prdts - Misc Discr",59.43,-12.69%,5,Sell,"40% Buy",-30.76,-30.08%,53.08,68.04,50.65,65.77,40.7,-51.59,-2.57,26322,Weakest,Soft,62.59%,1.22,57.88,73.66,10%
JVA,"Coffee Holding Company","Beverages - Soft",3.5,+0.29%,2,Sell,"72% Sell",-30.81,-16.07%,4.04,3.66,3.82,3.45,50.52,-37.58,-22.42,73286,Weakening,Average,69.52%,0.78,3.31,3.6,66%
KOSS,"Koss Corp","Audio & Video Products",3.73,0.00%,1,Sell,"100% Sell",-30.84,-34.90%,3.95,3.9,4.08,3.77,45.59,-56.41,-22.53,30306,Strengthening,Average,32.67%,0.35,3.59,3.96,38%
CLPR,"Clipper Realty Inc","REIT - Equity Trust Other",2.8,+2.56%,5,Sell,"100% Sell",-31.13,-21.79%,3.06,2.98,3.2,2.85,43.29,-43.3,-39.33,79522,Average,Strong,27.39%,0.72,2.74,2.95,26%
FLX,"Bingex Limited ADR","Transportation - Services",2.11,+1.93%,1,Sell,"100% Sell",-31.40,-34.06%,2.4,2.2,2.58,2.14,45.09,-55.57,-46.28,189083,Strengthening,Good,38.89%,0.66,2.06,2.22,29%
LRMR,"Larimar Therapeutics Inc","Medical - Drugs",4.2,+2.44%,4,Buy,"32% Buy",-31.51,+11.41%,3.99,3.63,3.95,3.9,61.92,-10.1,-2.39,2514116,Average,Minimum,82.51%,0.34,3.55,4.25,92%
EDN,"Empresa Distribuidora Y Comercializadora ADR","Utility - Electric Power",24.89,-2.62%,5,Buy,"88% Sell",-31.52,-20.50%,26.29,25.99,26.96,25.75,45.18,-42.01,-29.55,139548,Strengthening,Soft,29.14%,0.3,24.14,27.36,23%
HIVE,"Hive Digital Technologies Ltd","Finance - Misc Services",2.76,-2.82%,3,Sell,"56% Sell",-31.96,+30.19%,3.04,3.58,2.89,2.99,40.88,8.68,-5.65,18465863,Strengthening,Weak,38.10%,0.59,2.6,3.39,20%
LUCK,"Lucky Strike Entertainment Corp","Leisure & Recreation Services",6.68,-1.62%,1,Sell,"100% Sell",-33.10,-29.24%,7.87,7.57,8.03,7.04,35.54,-50.75,-33.76,187656,Strongest,Strong,22.55%,0.79,6.6,7.48,9%
INTR,"Inter Cl A","Finance - Misc Services",5.72,+0.18%,2,Sell,"72% Sell",-33.20,-23.32%,6.59,5.64,7.33,5.59,53.39,-44.83,-45.18,4009271,Weakest,Strong,82.90%,1.45,5.34,5.85,75%
USGO,"U.S. Goldmining Inc","Mining - Gold",8.47,+4.70%,1,Hold,"64% Sell",-33.34,+6.54%,10.29,8.28,10.9,7.79,58.54,-14.97,-16.6,76729,Weakening,Strong,63.40%,4.16,7.21,8.37,109%
HUYA,"Huya Inc ADR","Internet Software Services",2.41,-0.82%,5,Buy,"80% Sell",-33.49,-29.53%,2.77,2.42,3.11,2.42,47.59,-51.04,-28.95,1302135,Strengthening,Strong,51.89%,0.47,2.33,2.51,44%
NAII,"Natural Alternativ","Medical - Drugs",2.38,+5.31%,2,Hold,"80% Sell",-33.80,-34.97%,2.54,2.4,2.86,2.29,52.6,-56.48,-46.15,23214,Weakest,Good,50.54%,0.06,2.14,2.44,79%
BBW,"Build-A-Bear Workshop","Retail - Misc & Diversified",34.71,-0.32%,5,Buy,"40% Sell",-34.33,-32.31%,35.67,33.51,42.46,34.28,55.18,-53.82,-55.98,386645,Weakest,Average,51.78%,0.66,33.01,35.56,67%
GLIBK,"Gci Liberty Inc Series C Gci","Wireline National",23.95,+1.96%,6,Buy,"40% Sell",-34.53,-29.74%,27.68,21.94,31.15,22.67,60.2,-51.25,-48.27,614172,Weakest,Good,86.62%,0.51,21.17,24.17,93%
TGLS,"Tecnoglass Inc","Building & Construction - Misc",44.47,-6.87%,5,Buy,"24% Sell",-34.59,-43.23%,43.64,44.64,45.65,45.26,48.01,-64.74,-24.26,383778,Weakest,Minimum,59.69%,1.82,42.57,47.95,35%
BOLT,"Bolt Biotherapeutics Inc","Medical - Biomedical",3.87,-2.03%,5,Sell,"100% Sell",-35.02,-31.02%,4.49,4.27,4.79,4.01,43.36,-52.53,-41.85,29586,Strongest,Strong,19.91%,1.44,3.63,4.38,32%
WRD,"Weride Inc ADR","Auto - Truck Original Parts",5.9,+0.68%,4,Sell,"88% Sell",-35.04,-31.95%,6.82,6.14,7.19,5.85,49.86,-53.46,-44.66,4023877,Average,Good,69.75%,0.51,5.46,6.25,56%
SENS,"Senseonics Holdings Inc","Medical Information Systems",5.15,-0.58%,1,Sell,"88% Sell",-35.26,-47.08%,6.09,5.86,6.45,5.08,45.6,-68.59,-19.33,604338,Strongest,Average,69.74%,0.83,4.76,5.4,60%
HTCO,"High-Trend International Group","Technology Services",3.35,-2.05%,1,Sell,"88% Sell",-35.26,-55.78%,6.26,3.57,7.34,3.23,46.02,-77.29,-72.94,413074,Strengthening,Average,63.54%,0.11,2.79,3.67,64%
AZ,"A2Z Cust2Mate Solutions Corp","Internet - Software",5.98,-0.83%,2,Hold,"48% Sell",-35.29,-38.22%,6.48,5.91,6.46,5.67,53.83,-59.73,-20.77,417700,Weakening,Weak,65.05%,0.52,5.22,6.13,84%
PASG,"Passage Bio Inc","Medical - Biomedical",4.4,-4.56%,1,Sell,"100% Sell",-35.82,-22.20%,5.95,5.08,7.69,4.67,38.91,-43.71,-75.34,69118,Strengthening,Good,32.12%,0.07,4.29,5.05,15%
TOUR,"Tuniu Corporatio ADR","Internet - Content",5.15,-0.96%,6,Buy,"40% Sell",-36.32,-34.29%,5.93,5.08,6.19,5.08,52.76,-55.8,-29.57,18480,Weakest,Good,43.45%,0.68,4.88,5.29,66%
EP,"Empire Petroleum Corp","Oil - US Integrated",2.65,+6.43%,2,Sell,"88% Sell",-36.34,-40.72%,2.76,2.66,2.87,2.56,53.48,-62.23,-25.46,70988,Weakening,Weak,39.58%,0.2,2.43,2.69,86%
VTS,"Vitesse Energy Inc","Oil - US Exploration & Product",15.73,-0.44%,4,Sell,"88% Sell",-36.86,-39.94%,17.32,16.18,18.34,15.64,49.14,-61.45,-30.96,481370,Average,Strong,47.62%,1.06,15.14,16.14,59%
JKS,"Jinkosolar Holding Company ADR",Solar,16.18,+2.53%,4,Sell,"88% Sell",-36.88,-27.41%,20.64,17.52,22.68,15.67,49.98,-48.92,-49.94,716909,Weakening,Strong,51.25%,0.9,14.47,16.87,71%
CIGI,"Colliers Intl Grp IN","Real Estate Operations",98.74,-2.49%,3,Buy,"56% Sell",-37.07,-36.97%,100.72,96.96,110.57,99.22,50.1,-58.48,-45.46,260533,Weakening,Average,55.86%,1.02,94.37,104.08,45%
PIII,"P3 Health Partners Inc","Medical Information Systems",10.89,+7.08%,3,Sell,"56% Buy",-37.09,+60.62%,7.65,11.2,5.96,10.27,54.64,39.11,199.4,431579,Average,Good,58.38%,0.45,9.4,11.14,86%
ADXN,"Addex Therapeutics Ltd ADR","Medical - Drugs",5.8,+1.93%,3,Sell,"100% Sell",-37.16,-28.81%,6.51,6.27,7,5.82,47.89,-50.32,-37.5,13031,Average,Strong,48.70%,0.58,5.35,6.29,48%
CSAN,"Cosan Sa Spon ADR WI","Other Alt Energy",2.97,-2.30%,7,Buy,"56% Sell",-37.42,-30.12%,3.47,2.95,3.8,3.09,44.44,-51.63,-37.44,2095093,Average,Good,30.59%,0.57,2.95,3.23,8%
MDXG,"Mimedx Group Inc","Medical - Biomedical",4.18,+0.48%,7,Buy,"8% Sell",-37.73,-42.27%,3.85,3.96,4.33,4.23,51.66,-63.78,-50.89,1229644,Weakest,Weak,61.15%,0.98,4.06,4.41,35%
QDEL,"Quidelortho Corp","Medical Products",16.32,-6.72%,4,Buy,"8% Sell",-38.26,-30.38%,14.64,15.64,18.63,17.12,47.71,-51.89,-55.49,1633141,Weakest,Weak,54.39%,1.77,15.74,18.51,21%
DOYU,"Douyu International Holdings Ltd ADR",Gaming,4.55,-4.61%,1,Sell,"100% Sell",-39.12,-40.91%,4.79,4.74,5.18,4.62,45.43,-62.42,-45.72,33222,Strengthening,Average,61.75%,1.06,4.44,4.8,31%
YALA,"Yalla Group Ltd ADR","Internet - Software",5.38,+0.19%,1,Buy,"80% Sell",-39.18,-39.89%,6,5.43,6.33,5.38,47.61,-61.4,-35.11,314361,Average,Strong,63.41%,0.48,5.22,5.54,50%
FULC,"Fulcrum Therapeutics Inc","Medical - Biomedical",3.77,0.00%,1,Hold,"80% Sell",-39.47,-45.68%,5.57,3.87,7,3.66,49.07,-67.19,-79.3,1607684,Average,Strong,85.26%,0.34,3.48,3.84,80%
SPCE,"Virgin Galactic Holdings Inc","Aerospace - Defense",2.93,+1.38%,5,Hold,"24% Sell",-40.34,-22.49%,3,3.32,2.93,2.64,54.06,-44.,-21.35,13173089,Weakest,Minimum,85.11%,0.15,2.33,2.95,97%
RPID,"Rapid Micro Biosystems Inc Cl A","Medical Instruments",2.08,-1.42%,6,Buy,"40% Sell",-40.48,-39.00%,2.12,1.91,2.72,2.07,55.73,-60.51,-40.91,193591,Weakest,Average,46.94%,0.4,1.97,2.17,54%
SAMG,"Silvercrest Ast Cm A","Finance - Investment Mgmt",10.14,+0.10%,3,Sell,"100% Sell",-40.53,-38.06%,11.82,10.56,12.94,10.19,46.46,-59.57,-45.88,40563,Strengthening,Maximum,55.60%,0.73,9.69,10.68,45%
GECC,"Great Elm Capital Corp","Finance - Investment Mgmt",5.73,+11.05%,6,Hold,"32% Sell",-40.81,-47.86%,5.47,5.55,5.85,5.27,64.51,-69.37,-31.3,91298,Weakest,Weak,61.04%,1.86,4.98,5.56,130%
RBBN,"Ribbon Communications Inc","Communication Network Software",2.1,-2.33%,6,Sell,"100% Sell",-40.98,-44.59%,2.46,2.43,2.46,2.16,43.54,-66.1,-39.71,861143,Strongest,Average,49.32%,0.77,1.97,2.34,35%
BVC,"Bitventures Limited","Technology Services",10.74,-0.56%,4,Sell,"56% Buy",-41.04,+75.26%,10.07,10.56,9.91,10.82,50.34,53.75,-18.42,49999,Weakening,Weak,36.20%,0.7,9.85,11.79,46%
ACCS,"Access Newswire Inc","Media Conglomerates",6.73,-2.18%,5,Buy,"56% Sell",-42.02,-43.92%,7.18,6.58,7.54,6.79,49.52,-65.43,-40.26,16552,Weakest,Average,53.62%,0.82,6.25,7.32,44%
IMA,"Imagenebio Inc","Medical - Biomedical",5.63,-2.09%,3,Sell,"72% Sell",-42.20,-64.25%,5.67,5.77,6.02,5.74,47.17,-85.76,-31.04,138055,Strengthening,Weak,54.85%,1.73,5.33,6.15,36%
SCWO,"374Water Inc","Waste Removal Svcs",2.23,-1.11%,3,Hold,"64% Sell",-42.49,-3.04%,2.48,2.21,2.55,2.14,53.17,-24.55,-3.32,143966,Weakening,Average,64.44%,0.31,1.95,2.33,73%
STLA,"Stellantis N.V.","Auto - Foreign",5.55,-1.42%,4,Sell,"100% Sell",-42.59,-38.06%,6.88,6.25,7.53,5.75,40.24,-59.57,-61.67,17964105,Strongest,Strong,20.99%,0.69,5.49,6.01,12%
FLNC,"Fluence Energy Inc Cl A","Other Alt Energy",13.21,-7.17%,1,Sell,"72% Sell",-42.91,+56.33%,17.25,18.72,18.56,14.3,40.71,34.82,-45.85,7814483,Strongest,Average,59.11%,2.63,12.19,16.4,24%
XRTX,"Xortx Therapeutics Inc","Medical - Drugs",2.03,-7.31%,4,Hold,"96% Sell",-43.28,-44.78%,2.25,2.13,2.31,2.07,45.15,-66.29,-40.39,411310,Strengthening,Soft,55.21%,1.44,1.95,2.18,35%
ANGX,"Angel Studios Inc Cl A","Media Conglomerates",4.3,+1.42%,8,Buy,"72% Buy",-43.33,N/A,3.2,3.56,3.46,4.17,58.78,N/A,-20.55,1085273,Strengthening,Soft,74.75%,1.01,3.89,4.45,74%
YHGJ,"Yunhong Green Cti Ltd","Consumer Prdts - Misc Staple",3.13,+0.16%,6,Sell,"56% Sell",-43.36,-50.80%,3.09,3.21,3.22,3,52.15,-72.31,-26.54,51362,Weakest,Weak,38.65%,0.93,2.75,3.25,75%
CNVS,"Cineverse Corp","Media Conglomerates",2.66,-0.75%,1,Sell,"48% Buy",-43.64,-53.74%,2.56,2.66,2.51,2.53,53.93,-75.25,13.44,220777,Weakening,Minimum,84.94%,0.2,2.31,2.75,80%
ZTS,"Zoetis Inc Cl A","Medical - Drugs",77.27,+3.87%,4,Sell,"72% Sell",-43.80,-47.26%,92.06,76.85,103.16,75.96,52.12,-68.77,-51.22,5594542,Weakest,Strong,38.96%,2.61,73.6,78.31,78%
SFHG,"Samfine Creation Holdings Group","Printing - Commercial",2.39,+2.58%,3,Hold,"64% Sell",-44.72,-40.26%,2.45,2.43,2.73,2.46,47.03,-61.77,-47.59,28313,Weakening,Soft,23.24%,0.26,2.33,2.59,22%
ASST,"Strive Inc","Finance - Investment Mgmt",12.31,-1.12%,2,Sell,"72% Sell",-44.75,-82.41%,13.58,13.41,13.39,12.08,49.24,-103.92,-29.23,4766176,Average,Weak,60.73%,0.52,11.1,13.06,62%
WVE,"Wave Life Sci Ord Sh","Medical - Biomedical",6.02,+1.52%,1,Sell,"72% Sell",-44.76,-29.59%,6.88,5.95,9.18,5.86,52.99,-51.1,-77.22,4730745,Weakening,Average,80.92%,0.57,5.53,6.18,75%
LFVN,"Lifevantage Corp","Medical - Dental Suppliers",6.58,-1.20%,4,Hold,"48% Buy",-45.09,-49.15%,5.95,7.04,5.77,6.38,52.26,-70.66,-5.81,264142,Weakening,Weak,74.62%,0.1,6.03,6.73,79%
BEEP,"Mobile Infrastructure Corp","Real Estate Operations",2.04,-2.86%,5,Buy,"24% Sell",-45.15,-45.01%,1.98,1.83,2.29,1.85,62.67,-66.52,-32.63,58896,Weakest,Soft,63.57%,0.22,1.66,2.03,102%
BHM,"Bluerock Homes Trust Inc","REIT - Equity Trust Resident",8.22,-2.03%,3,Sell,"88% Sell",-45.16,-38.90%,10.1,9.16,10.1,8.54,38.76,-60.41,-35.59,8121,Strongest,Good,17.06%,0.16,8.08,9,15%
LPA,"Logistic Properties of The Americas","Real Estate Operations",2.94,-0.68%,1,Sell,"56% Sell",-45.59,-51.24%,3.25,3.19,3.06,3.06,43.09,-72.75,-4.94,178319,Average,Weak,27.77%,0.01,2.74,3.39,31%
BBBY,"Bed Bath & Beyond Inc","Internet Commerce",4.5,-2.60%,2,Sell,"72% Sell",-46.28,-46.56%,5.32,5.64,5.49,5.1,38,-68.07,-30.21,2427914,Strongest,Average,35.28%,1.61,4.62,5.58,-12%
HTOO,"Fusion Fuel Green Plc","Industrial Services",2.45,+0.12%,4,Sell,"100% Sell",-46.40,-47.20%,2.89,2.8,3.14,2.6,36.13,-68.71,-39.06,198611,Strengthening,Average,7.90%,0.46,2.47,2.72,-7%
CCOI,"Cogent Comm Hlds","Wireless National",10.91,-15.23%,6,Sell,"100% Sell",-46.49,-75.14%,16.94,14.13,18.91,12.53,36.27,-96.65,-62.03,1356216,Strongest,Average,58.01%,2.53,11.14,13.93,-8%
AHT,"Ashford Hospitality Trust Inc","REIT - Equity Trust Other",3.24,0.00%,12,Buy,"8% Buy",-46.56,-48.24%,3.04,3.15,3.25,3.23,55.69,-69.75,-36.57,83090,Weakening,Minimum,65.19%,0.41,3.19,3.26,67%
MTEX,"Mannatech Inc","Medical - Drugs",5.1,+0.59%,2,Sell,"88% Sell",-46.87,-37.80%,5.31,5.13,6.07,4.74,54.3,-59.31,-50.81,24640,Weakest,Average,72.90%,0.59,4.2,5.27,84%
AD,"Array Digital Infrastructure Inc","Wireless National",35.65,+1.28%,4,Sell,"88% Sell",-47.36,-51.80%,44.14,39.39,46.33,34.78,46.18,-73.31,-46.14,273306,Weakening,Strong,78.12%,0.44,33.91,35.65,100%
YB,"Yuanbao Inc ADR","Insurance - Multi Line",13.67,-0.18%,1,Sell,"100% Sell",-47.57,-51.76%,15.66,14.52,17.1,13.78,46.06,-73.27,-45.16,45675,Strengthening,Strong,59.39%,0.12,13.06,14.5,42%
TIGR,"Up Fintech Holding Ltd ADR","Finance - Investment Brokers",4.74,-1.46%,8,Hold,"72% Sell",-48.61,-51.53%,5.64,4.74,6.6,4.77,47.34,-73.04,-63.05,3469993,Average,Strong,45.90%,0.3,4.53,5,44%
FKWL,"Franklin Wireless Co.","Computer - Networks",2.27,+0.89%,1,Sell,"100% Sell",-48.90,-41.79%,3.05,2.54,3.39,2.33,31.99,-63.3,-60.68,18010,Average,Maximum,26.02%,0.05,2.25,2.4,12%
BAK,"Braskem S.A. ADR","Chemical - Specialty",2.33,+3.10%,5,Sell,"88% Sell",-48.92,-26.03%,3.46,2.92,3.54,2.42,39.77,-47.54,-33.65,2023489,Average,Strong,28.57%,0.6,2.17,2.67,32%
FGI,"Fgi Industries Ltd","Retail - Home Furniture",4.73,+5.58%,3,Sell,"88% Sell",-48.98,+14.53%,5.15,4.82,5.32,4.47,54.54,-6.98,-29.65,151628,Weakening,Average,70.72%,0.43,3.97,4.97,76%
NSRX,"Nasus Pharma Ltd","Medical - Drugs",3.39,+2.11%,2,Hold,"16% Sell",-49.46,N/A,2.94,3.16,3.95,3.12,57.6,N/A,-75.58,75074,Weakest,Soft,73.04%,0.4,2.83,3.41,97%
NUS,"NU Skin Enterprises","Cosmetics & Toiletries",5.19,-0.57%,5,Sell,"100% Sell",-49.65,-39.51%,6.18,5.27,7.29,5.21,47.68,-61.02,-58.68,557187,Average,Strong,56.35%,1.19,5.02,5.4,44%
SOUN,"Soundhound AI Inc Cl A","IT Services",7.08,+10.11%,2,Hold,"64% Sell",-49.82,-34.44%,7.28,6.87,7.89,6.37,59.37,-55.95,-41.62,28651482,Weakest,Soft,69.38%,2.85,5.82,6.92,115%
BUR,"Burford Capital Ltd","Finance - Misc Services",4.3,+0.70%,2,Sell,"72% Sell",-49.91,-66.27%,4.76,4.27,6.23,4.17,53.11,-87.78,-64.42,2752769,Weakest,Average,77.27%,1.27,3.97,4.38,81%
ATXG,"Addentax Group Corp","Conglomerates - Div Operations",3.64,+11.66%,3,Sell,"88% Sell",-50.52,-45.86%,4.61,4.05,4.89,3.59,49.12,-67.37,-50.76,61725,Weakening,Average,35.80%,0.34,3.08,4.1,55%
ENHA,"Enhanced Group Inc Cl A","Leisure & Recreational Prdcts",2.64,-1.49%,6,Sell,"100% Sell",-50.96,N/A,6.08,3.05,7.41,2.8,41.36,N/A,-86.36,444462,Average,Strong,16.34%,0.56,2.4,3.2,30%
VTSI,"Virtra Systems Inc","Electronics - Military",3.07,+1.99%,4,Sell,"88% Sell",-51.12,-57.36%,3.67,3.2,3.95,3.06,47.46,-78.87,-39.53,52248,Weakening,Strong,49.55%,0.35,2.94,3.19,52%
SORA,Asiastrategy,"Leisure & Recreational Prdcts",2.31,-0.22%,5,Hold,"32% Sell",-51.57,-52.57%,2.2,2.09,2.24,1.88,60.87,-74.08,-37.06,64425,Weakest,Weak,37.95%,2.63,1.42,2.33,97%
NXB,"Nextboat Inc","Technology Services",2.18,+2.35%,2,Hold,N/A,-51.99,N/A,2.4,2.16,2.44,2.03,55.02,N/A,-8.32,N/A,N/A,N/A,76.70%,0.42,1.85,2.21,92%
CLRB,"Cellectar Biosciences Inc","Medical Products",2.52,0.00%,3,Sell,"100% Sell",-52.28,-47.28%,2.77,2.6,2.94,2.55,46.52,-68.79,-27.21,398392,Strongest,Weak,54.95%,0.16,2.37,2.73,42%
FMC,"FMC Corp","Agriculture Operations",10.55,-2.13%,2,Sell,"100% Sell",-52.79,-71.26%,13.32,11.47,13.85,11.01,44.59,-92.77,-36.57,4413914,Average,Weak,30.96%,0.72,10.08,11.94,25%
DRIO,"Dario Health Corp","Medical Instruments",7.75,+1.15%,5,Buy,"24% Sell",-52.80,-26.63%,7.45,7.14,8.64,7.18,57.85,-48.14,-44.55,19066,Weakening,Soft,65.25%,0.22,6.39,7.98,86%
SSII,"Ss Innovations International Inc","Technology Services",3.71,-3.64%,6,Buy,"56% Sell",-53.52,-42.35%,4.08,3.7,4.31,3.74,48.1,-63.86,-47.31,76921,Weakening,Average,55.54%,0.2,3.42,4.07,45%
CRCL,"Circle Internet Group Cl A","Finance - Misc Services",63.28,0.00%,2,Sell,"88% Sell",-53.82,-60.87%,90.5,73.75,86.31,63.74,45,-82.38,-32.83,14687861,Average,Good,36.60%,0.91,58.81,68.66,45%
BMBL,"Bumble Inc","Internet - Software",2.85,-6.41%,1,Hold,"96% Sell",-53.89,-62.81%,3.33,2.98,3.31,2.96,44.53,-84.32,-32.94,3400884,Strengthening,Soft,63.66%,1.13,2.74,3.18,24%
CHA,"Chagee Holdings Limited ADR","Beverages - Soft",10.16,-7.38%,3,Sell,"56% Sell",-54.89,-53.22%,10.91,11.46,11.08,11.25,34.4,-74.73,-25.27,690182,Average,Weak,7.29%,1.28,10.57,11.93,-30%
BRBR,"Bellring Brands Inc Cl A","Food - Misc & Diversified",12.11,-3.97%,1,Buy,"56% Sell",-55.00,-68.91%,12.81,11.27,15.62,12.65,46.55,-90.42,-67.33,4495144,Weakening,Weak,58.03%,0.74,11.74,13.55,20%
KRKR,"36Kr Holdings Inc ADR","Business Information",2.97,-0.67%,4,Hold,"64% Sell",-55.24,-41.07%,3.36,2.96,3.62,2.8,55.05,-62.58,-50.24,15311,Weakest,Average,59.93%,0.06,2.56,3.04,85%
AXIL,"Axil Brands Inc","Consumer Prdts - Misc Staple",5.7112,-1.87%,1,Sell,"88% Sell",-55.31,-39.31%,6.52,6.2,6.59,5.87,41.81,-60.82,-30.22,200858,Strongest,Average,59.18%,0.26,5.53,6.22,27%
TAOX,"Tao Synergies Inc","Finance - Misc Services",3.44,-1.43%,3,Sell,"100% Sell",-55.43,-44.69%,4.54,3.71,4.52,3.55,45.69,-66.2,-19.15,193284,Strengthening,Good,50.77%,0.33,3.2,3.9,34%
SER,"Serina Therapeutics Inc","Medical - Biomedical",2.35,+5.38%,3,Buy,"24% Buy",-56.06,-55.32%,1.97,1.98,2.04,2.1,64.85,-76.83,10.21,1454040,Average,Minimum,75.99%,0.88,1.93,2.27,122%
DUKR,"Duke Robotics Corp","Aerospace - Defense",5.65,+4.63%,5,Sell,"72% Sell",-56.15,-48.64%,7.46,5.85,7.56,5.36,52.21,-70.15,-20.42,14134,Weakening,Good,49.48%,0.69,5.07,5.65,100%
MLGO,"Microalgo Inc","Technology Services",4.02,-0.25%,2,Sell,"72% Sell",-56.50,-56.49%,4.24,4.5,4.31,4.07,44.41,-78.,-21.68,240595,Average,Weak,27.81%,0.17,3.89,4.24,37%
VRCA,"Verrica Pharmaceuticals Inc","Medical - Drugs",5.36,-2.72%,2,Sell,"100% Sell",-56.52,-12.35%,5.96,5.81,6.22,5.5,44.75,-33.86,-48.13,147830,Strongest,Soft,47.28%,2.29,4.93,6.07,38%
XTLB,"Xtl Biopharma ADR","Medical - Drugs",2.87,+0.70%,1,Buy,Hold,-56.72,-48.38%,2.64,2.66,2.87,2.89,52.49,-69.89,11.07,674396,Bearish,,76.37%,0.03,2.81,2.98,37%
PRHI,"Presurance Holdings Inc","Insurance - Multi Line",4.92,-2.57%,3,Hold,"8% Sell",-56.79,-11.98%,4.9,5.11,4.92,5.25,45.26,-33.49,-14.01,11545,Weakest,Minimum,24.25%,0.33,4.8,5.7,13%
PLAY,"Dave & Buster's Entertainment","Retail - Restaurants",10.09,-3.44%,7,Hold,"96% Sell",-57.18,-59.90%,11.52,11.18,13.34,10.36,44.87,-81.41,-50.38,1564143,Strengthening,Average,36.31%,1.09,9.49,11.22,35%
HURA,"Tuhura Biosciences Inc","Medical - Biomedical",2.12,+1.20%,3,Sell,Hold,-57.23,-19.27%,2.26,2.26,1.85,2.2,44.07,-40.78,166.87,918565,Bearish,,33.88%,0.18,2,2.4,28%
ABR,"Arbor Realty Trust","REIT - Mortgage Trusts",5.13,-0.77%,5,Sell,"88% Sell",-57.28,-56.00%,6.26,5.18,6.79,5.06,49.75,-77.51,-46.52,4025711,Average,Strong,73.36%,0.91,4.87,5.26,67%
LUD,"Luda Technology Group Limited","Steel - Specialty",4.2,-2.33%,3,Sell,"100% Sell",-58.08,-22.65%,4.85,4.66,5.53,4.21,45.91,-44.16,-47.21,82375,Average,Average,45.98%,0.33,3.94,4.48,48%
NEXM,"Nexmetals Mining Corp","Mining - Misc",2.23,-2.62%,1,Sell,"88% Sell",-58.54,-58.40%,2.49,2.37,2.91,2.2,48.85,-79.91,-55.6,63753,Weakening,Average,52.78%,0.88,2.07,2.32,63%
SKK,"Skk Holdings Limited","Engineering & R&D Services",4.61,-2.60%,6,Buy,"72% Buy",-59.04,-3.46%,3.9,4.64,3.6,4.81,46.08,-24.97,53.98,258078,Weakest,Average,7.35%,0.05,4.45,5.16,22%
NTRB,"Nutriband Inc","Medical - Drugs",2.91,+1.22%,2,Sell,"100% Sell",-59.20,-58.06%,3.48,3.16,3.78,2.97,43.24,-79.57,-48.42,21175,Weakening,Average,22.69%,0.24,2.79,3.15,36%
GITS,"Global Interactive Technologies Inc","Computer - Software",2.09,+6.09%,5,Buy,"72% Buy",-59.26,-11.44%,1.99,2.04,2.07,2.11,50.4,-32.95,182.78,1027819,Average,Weak,34.67%,0.02,1.95,2.27,44%
KG,"Kestrel Group Ltd","Insurance - Multi Line",8.91,+1.25%,2,Sell,"100% Sell",-59.54,-66.77%,10.58,10.26,10.93,9.21,43.21,-88.28,-25.62,18383,Average,Soft,34.43%,0.39,8.18,10.24,35%
BARK,"Bark Inc","Consumer Services - Misc",9.16,-1.40%,1,Hold,"96% Sell",-59.90,-46.41%,9.85,9.46,11.84,9.2,48.07,-67.92,-36.61,71953,Strengthening,Average,62.60%,0.36,8.45,9.95,48%
DOCS,"Doximity Inc Cl A","Medical Information Systems",20.66,-4.48%,1,Hold,"80% Sell",-60.80,-64.46%,22.24,21.14,25.85,21.41,44.27,-85.97,-65.97,3443700,Strengthening,Soft,57.19%,6.45,20.24,22.57,18%
ANPA,"Rich Sparkle Holdings Limited","Business Services",4.8,-2.04%,2,Buy,"56% Sell",-61.08,-83.16%,6.23,4.75,19.62,4.2,58.13,-104.67,-90.96,97252,Weakest,Average,32.56%,1.02,3.61,4.78,102%
CD,"Chaince Digital Holdings Inc","Financial Transaction Services",3.05,+0.33%,2,Sell,"88% Sell",-61.93,-18.23%,5,4.48,5.12,3.04,38.34,-39.74,-51.26,197089,Average,Average,56.48%,0.39,2.76,3.32,51%
NVNO,"Envveno Medical Corp","Medical Instruments",10.15,-8.31%,2,Hold,"96% Sell",-62.31,-94.19%,10.78,10.67,10.85,10.63,43.41,-115.7,-22.23,17163,Strengthening,Weak,56.53%,8.08,9.9,11.37,17%
YHC,"Lqr House Inc","Advertising Marketing Services",2,+15.61%,1,Sell,"88% Sell",-63.18,-98.33%,66.24,40.59,74.3,1.92,25.06,-119.84,-110.41,123018,Weakening,Good,65.29%,0.76,1.38,2.45,58%
ATOS,"Atossa Therapeutics Inc","Medical - Biomedical",2.42,+1.26%,2,Sell,"88% Sell",-64.68,-79.52%,4.05,2.81,4.92,2.35,48.95,-101.03,-85.29,113466,Weakening,Good,58.79%,0.17,2.14,2.56,66%
BRCB,"Black Rock Coffee Bar Cl A","Beverages - Soft",7.51,-11.85%,3,Hold,"80% Sell",-64.70,N/A,10.03,7.73,12.25,8.04,42.89,N/A,-78.88,501401,Average,Strong,44.99%,0.94,7.6,8.48,-10%
SQFT,"Presidio Property Trust Inc","Industrial Services",2.29,-0.43%,1,Sell,"100% Sell",-65.25,-56.95%,2.76,2.5,2.85,2.32,43.47,-78.46,-43.86,312431,Average,Average,54.25%,0.39,2.17,2.48,40%
UONE,"Urban One Inc","Broadcast - Radio & TV",5.22,-0.82%,1,Sell,"88% Sell",-65.56,-68.19%,5.83,5.45,7.6,5.05,51.07,-89.7,-61.98,50700,Weakening,Average,57.00%,0.32,4.81,5.29,85%
CRMT,"America's Car-Mart","Retail - Wsale Auto & Trucks",3.3,-3.23%,6,Sell,"100% Sell",-65.83,-92.58%,8.31,4.29,13.38,3.51,44.38,-114.09,-99.57,635075,Strengthening,Good,24.23%,0.04,2.73,4.28,37%
RGC,"Regencell Bioscience Holdings Ltd","Medical - Biomedical",5.46,-6.98%,2,Sell,"100% Sell",-66.90,-56.67%,19.41,11.08,22.58,5.65,33.88,-78.18,-86.63,290230,Strongest,Strong,52.99%,0.5,4.83,6.48,38%
NOMA,"Nomadar Corp. Cl A","Leisure & Recreation Services",2.75,-3.85%,2,Sell,N/A,-67.24,N/A,3.58,3.32,3.87,3.03,39.95,N/A,-51.25,N/A,N/A,N/A,5.16%,0.88,2.75,3.31,0%
PDC,"Perpetuals.com Ltd ADR","Technology Services",3.07,+1.99%,1,Sell,"88% Sell",-67.68,-23.63%,5.52,4.72,5.45,3.53,36.23,-45.14,-65.22,90432,Strengthening,Strong,11.33%,0.31,2.91,4.15,13%
TTD,"Trade Desk Inc","Internet - Services",17.67,-6.80%,3,Sell,"100% Sell",-67.78,-80.27%,20.82,19.09,24.01,18.52,43.33,-101.78,-66.08,17401934,Strengthening,Average,64.53%,4.57,16.96,20.08,23%
CSGP,"Costar Group Inc","IT Services",29.58,-2.09%,4,Sell,"88% Sell",-67.83,-69.28%,33.95,30.41,40.89,29.07,49.84,-90.79,-68.64,6519794,Average,Good,72.18%,1.03,27.13,31.01,63%
BTGO,"Bitgo Holdings Inc Cl A","Finance - Misc Services",4.99,-0.20%,5,Sell,N/A,-67.86,N/A,7.53,5.27,0,5.05,46.32,N/A,N/A,N/A,N/A,N/A,31.00%,0.4,4.63,5.46,43%
BLSH,"Bullish Ord Shs","Internet - Software",23.04,-3.36%,1,Sell,"100% Sell",-67.90,N/A,32.26,25.53,33.02,23.37,45.23,N/A,-51.79,1752990,Strengthening,Strong,65.58%,0.4,21.49,25.26,41%
CENN,"Cenntro Inc","Auto - Domestic",3.41,-1.16%,1,Sell,"88% Sell",-69.02,-88.33%,4.4,3.72,5.64,3.36,46.84,-109.84,-70.87,53774,Weakening,Weak,73.63%,0.31,3.18,3.53,65%
GLOO,"Gloo Holdings Inc","Internet - Software",3.41,+1.49%,2,Sell,N/A,-69.10,N/A,5.09,4.12,5.36,3.27,44.53,N/A,-52.7,N/A,N/A,N/A,61.29%,0.45,3,3.54,77%
YI,"111 Inc ADR","Medical Information Systems",3.79,+2.43%,2,Sell,"88% Sell",-69.12,-43.93%,5.34,4.3,5.61,3.84,46.03,-65.44,35.42,25504,Average,Good,38.14%,0.43,3.52,4.17,42%
AMCI,"AMC Robotics Corporation",Unclassified,4.6,-4.37%,1,Hold,"80% Sell",-69.18,-61.34%,5.5,4.84,5.91,4.95,46.1,-82.85,-54.48,1426208,Strengthening,Soft,31.84%,1.03,4.33,5.56,22%
ZOOZ,"Zooz Strategy Ltd","Other Alt Energy",5.3,+1.44%,3,Sell,"88% Sell",-69.45,-82.45%,5.88,5.43,6.79,5.18,50.58,-103.96,-52.13,28386,Weakest,Weak,62.54%,0.11,4.94,5.42,75%
QNRX,"Quoin Pharmaceuticals Ltd ADR","Medical - Drugs",4.57,+4.58%,1,Sell,"72% Sell",-71.46,-37.99%,5.42,4.47,6.77,4.32,54.83,-59.5,-80.96,225064,Weakest,Average,75.60%,0.1,4.12,4.53,109%
FABC,"Fabric.Ai Inc","Technology Services",2.69,-1.82%,3,Sell,"24% Sell",-71.76,-56.96%,3.21,3.37,3.04,2.62,46.41,-78.47,-2.83,837573,Weakening,Weak,65.28%,0.29,2.39,2.85,66%
FOXX,"Foxx Development Holdings Inc","Consumer Prdts - Misc Discr",2.5,-5.66%,1,Sell,"100% Sell",-71.80,-62.91%,3.93,3.09,4.13,2.69,40.66,-84.42,-58.75,803480,Strongest,Strong,38.96%,0,2.34,3.04,23%
AIFU,"Aifu Inc","Insurance - Multi Line",36.2,-0.52%,2,Sell,"56% Sell",-71.82,-75.87%,36.6,41.5,38.65,34.92,48,-97.38,-45.09,3524,Weakening,Weak,81.96%,0.29,32.09,37.75,73%
AQMS,"Aqua Metals Inc","Waste Removal Svcs",2.68,+0.37%,2,Sell,"100% Sell",-71.91,-31.28%,3.71,3.04,4.17,2.69,45.02,-52.79,-56.8,236281,Weakening,Good,35.52%,0.09,2.48,2.89,48%
MSTR,"Strategy Inc","Finance - Misc Services",96.85,-1.55%,2,Sell,"88% Sell",-71.93,-74.74%,131.34,107.42,135.83,96.13,46.82,-96.25,-48.89,19965158,Average,Average,54.67%,0.47,90.83,101.44,57%
EH,"Ehang Holdings Ltd ADR","Aerospace - Defense Equipment",5.33,-0.37%,1,Sell,"88% Sell",-73.22,-69.16%,8.44,6.56,9.89,5.27,42.91,-90.67,-72.19,871440,Average,Maximum,70.18%,0.39,4.92,5.62,58%
RAY,"Raytech Holding Limited","Retail - Consumer Electronics",2.87,-1.70%,4,Sell,"96% Sell",-73.49,-93.59%,3.24,3.03,3.42,2.87,48.8,-115.1,33.08,85663,Strengthening,Weak,66.28%,0.27,2.52,3.22,50%
CANF,"Can-Fite Biopharma Ltd ADR","Medical - Drugs",3.56,+11.25%,1,Buy,"8% Buy",-73.51,-74.03%,3.2,3.21,3.58,3.26,60.59,-95.54,-23.63,963022,Average,Minimum,45.44%,0.06,3.06,3.46,126%
IXHL,"Incannex Healthcare Inc ADR","Medical - Drugs",3.11,+0.97%,1,Sell,"88% Sell",-73.91,-69.95%,3.48,3.33,5.1,3.09,46.52,-91.46,-83.67,452991,Weakening,Average,50.72%,0.32,2.82,3.37,53%
DFDV,"DeFi Development Corp","Internet - Software",2.72,-2.86%,2,Sell,"100% Sell",-75.19,-80.46%,3.62,3,4.08,2.83,44.62,-101.97,-58.77,1246375,Strengthening,Soft,42.81%,0.36,2.49,3.18,34%
IOTR,"Iothree Limited","Transportation - Ship",2.88,+0.35%,3,Buy,"56% Buy",-75.23,-34.55%,2.72,3.12,2.75,3.17,44.43,-56.06,5.16,891515,Weakening,Weak,10.71%,0,2.75,3.58,15%
LFS,"Leifras Co. Ltd ADR","Leisure & Recreation Services",2.45,+5.60%,3,Buy,"8% Sell",-75.57,N/A,2.25,2.26,2.38,2.22,58.12,N/A,-24.18,1371106,Weakest,Soft,16.12%,0.12,1.95,2.5,92%
WNW,"Meiwu Technology Ltd","Technology Services",2.73,+3.80%,2,Sell,"100% Sell",-76.56,-98.47%,6.85,3.24,56.42,2.88,42.56,-119.98,-110.67,695534,Weakening,Average,24.07%,0.21,1.98,3.78,42%
INTJ,"Intelligent Group Limited","Finance - Misc Services",2.89,+7.04%,2,Sell,"100% Sell",-76.69,-87.43%,6.68,4.54,7.45,3.28,37.41,-108.94,-88.55,19463,Average,Strong,11.64%,0.35,2.6,3.97,21%
DOMO,"Domo Inc Cl B","Internet - Software",3.8,0.00%,3,Buy,"8% Sell",-77.09,-76.80%,3.42,3.37,4.12,3.58,56.53,-98.31,-67.55,1603021,Weakest,Minimum,54.79%,0.19,3.14,4.02,75%
NNNN,"Anbio Biotechnology Cl A","Medical - Biomedical",9.75,-3.94%,1,Sell,"100% Sell",-77.65,-78.11%,20.99,15.3,22.96,9.92,37.39,-99.62,-80.21,42091,Strongest,Strong,29.51%,0.56,8.81,11.04,42%
BKKT,"Bakkt Inc","Finance - Misc Services",7.12,-3.65%,2,Sell,"100% Sell",-77.73,-27.12%,8.6,8.36,9.94,7.66,41.68,-48.63,-41.71,1488969,Strongest,Average,35.07%,0.6,6.8,8.52,18%
CGTL,"Creative Global Technology Ltd","Consumer Prdts - Misc Discr",3.97,0.00%,2,Sell,"100% Sell",-78.42,-70.81%,10.38,5.31,20.44,4.39,36,-92.32,-90.39,206099,Strengthening,Average,5.92%,0.02,3.9,4.88,7%
FWDI,"Forward Industries Inc","Medical Services",4.16,-1.65%,1,Sell,"96% Sell",-78.96,-69.16%,4.44,4.24,4.95,4.16,49.52,-90.67,-49.7,1000981,Average,Soft,61.47%,0.36,3.83,4.49,50%
ASBP,"Aspire Biopharma Holdings Inc","Medical - Biomedical",7.06,-2.75%,6,Hold,"48% Sell",-79.30,-98.16%,11.18,6.24,28.06,6.73,53.12,-119.67,-108.17,277122,Weakest,Weak,68.18%,0.11,5.54,7.92,64%
SUPX,"Superx AI Technology Limited","Retail - Home Furniture",6.52,-6.86%,1,Sell,"100% Sell",-79.42,-74.36%,8.35,8.06,10.15,7.01,42.52,-95.87,-71.05,314655,Strongest,Average,56.85%,0.6,5.98,8.04,26%
FRMI,"Fermi Inc","Other Alt Energy",6.19,0.00%,1,Sell,"88% Sell",-79.48,N/A,6.5,7.09,7.39,6.37,45.73,N/A,-35.26,12287351,Weakening,Average,38.69%,0.52,5.53,7.21,39%
STI,"Solidion Technology Inc","Electronics Products - Misc",6.87,+7.01%,2,Sell,"24% Sell",-79.59,+96.29%,8.37,11.24,7.68,6.72,43.69,74.78,-15.73,977081,Weakest,Minimum,58.99%,0.03,5.64,7.81,57%
ARBK,"Argo Blockchain Plc ADR","Finance - Misc Services",2.83,0.00%,2,Sell,"88% Sell",-79.63,-95.67%,3.33,3.35,3.4,3.02,35.04,-117.18,-29.64,55207,Strengthening,Weak,16.67%,0.29,2.74,3.29,16%
DXST,"Decent Holding Inc","Waste Removal Svcs",2.64,+1.93%,6,Buy,"40% Sell",-79.63,-90.90%,2.57,2.5,9.25,2.37,56.44,-112.41,-105.03,1373742,Weakest,Soft,47.92%,0.04,1.94,2.81,81%
UK,"Ucommune Intl Ltd","Real Estate Operations",2.06,-2.37%,3,Sell,"100% Sell",-79.98,-79.81%,3.11,2.26,4.07,2.07,45.97,-101.32,-79.93,125025,Average,Strong,42.96%,0.09,1.94,2.19,47%
LNZA,"Lanzatech Global Inc","Waste Removal Svcs",6.13,-4.22%,5,Buy,"56% Sell",-80.09,-84.51%,13.64,6.09,12.85,5.7,49.97,-106.02,-68.08,65954,Weakest,Average,84.76%,0.79,5.14,6.27,88%
EDHL,"Everbright Digital Holding Limited","Advertising Marketing Services",4.02,-0.31%,2,Hold,Hold,-81.11,-57.42%,3.51,4.24,3.57,3.97,49.05,-78.93,-45.65,867837,Bearish,,49.82%,0,3.49,4.45,55%
CUPR,"Cuprina Holdings [Cayman] Limited","Medical - Biomedical",3.35,-6.42%,1,Sell,"8% Sell",-81.55,-95.21%,3.25,3.98,3.3,3.58,46.04,-116.72,-7.97,1061818,Weakest,Minimum,24.47%,0.01,2.47,4.7,39%
CDLX,"Cardlytics Inc","Technology Services",3.52,-13.94%,2,Sell,"100% Sell",-81.78,-80.00%,6.74,4.78,7.84,3.97,34.57,-101.51,-82.02,95611,Strongest,Strong,48.61%,1.96,3.53,4.41,-1%
APUS,"Apimeds Pharmaceuticals US Inc","Medical - Biomedical",4.83,+3.87%,2,Sell,"100% Sell",-82.34,-71.59%,12.25,9.17,14.28,6.16,35.08,-93.1,-83.18,17850,Strengthening,Maximum,15.29%,0.29,4.19,8.12,16%
AIOS,"Aios Tech Inc","Technology Services",12.44,+2.81%,1,Sell,"88% Sell",-82.37,-84.45%,13.28,13.33,14.93,12.57,48.35,-105.96,-54.5,97164,Weakening,Soft,52.21%,0.23,10.78,14.36,46%
EXOD,"Exodus Movement Inc","Internet - Software",5.33,-3.27%,4,Sell,"88% Sell",-82.47,-81.85%,6.54,5.7,8.6,5.22,48.6,-103.36,-76.59,90972,Weakening,Average,70.80%,0.38,4.76,5.68,62%
SPHL,"Springview Holdings Ltd","Building & Construction - Misc",2.87,+8.30%,2,Sell,"56% Sell",-83.53,-30.76%,2.75,2.89,3.15,2.66,55.49,-52.27,25.35,987196,Weakest,Weak,53.52%,0.23,2.34,2.98,83%
MSAI,"Multisensor AI Holdings Inc","Internet - Software",5.11,-2.85%,3,Sell,"100% Sell",-83.61,-83.83%,6.31,5.31,8.34,5.12,48.81,-105.34,-68.27,204106,Average,Average,63.37%,0.03,4.57,5.66,49%
MFI,"Mf International Limited","Internet - Software",7.54,-4.92%,3,Sell,"100% Sell",-83.71,-72.43%,9.94,8.73,11.86,8.39,37.18,-93.94,-72.05,30807,Strongest,Average,36.55%,0.4,7.71,9.07,-12%
MI,"Nft Limited Class A Ordinary Share","Internet Commerce",8,+4.44%,3,Sell,"100% Sell",-83.77,-96.60%,17.82,11.3,128.89,8.8,38.11,-118.11,-110.14,11325,Weakening,Good,22.39%,15,7.33,10.27,23%
YDES,"Yd Bio Limited","Medical - Biomedical",2.36,+5.07%,3,Sell,"88% Sell",-84.00,N/A,4.2,2.57,6.24,2.26,49.29,N/A,-93.24,75095,Weakest,Strong,56.27%,0.12,2.06,2.45,77%
GMM,"Global Mofy AI Limited","Technology Services",3.08,+4.41%,2,Sell,"88% Sell",-85.66,-97.66%,34.06,3.56,43.98,3.05,38.4,-119.17,-107.41,1468598,Weakest,Strong,28.05%,0.03,2.18,3.92,52%
EEIQ,"Epicquest Education Group Intl Ltd",Schools,2.34,-3.70%,3,Sell,"88% Sell",-85.69,-72.77%,3.47,2.82,3.5,2.32,45.84,-94.28,-46.33,789023,Average,Average,41.69%,0.05,1.93,2.72,52%
NCT,"Intercont [Cayman] Limited","Transportation - Ship",3.52,+1.73%,7,Buy,"16% Buy",-85.88,-95.54%,2.78,3.12,3.52,3.17,61.9,-117.05,-39.03,425455,Average,Minimum,59.51%,0.84,2.64,3.71,82%
CRIS,"Curis Inc","Medical - Biomedical",4.41,-2.97%,1,Sell,"100% Sell",-86.31,-86.80%,9.37,6.87,12.83,4.79,37.85,-108.31,-90.29,70526,Strengthening,Strong,21.98%,0.35,4.41,5.16,0%
CIIT,"Tianci International Inc","Transportation - Ship",3.76,+2.45%,1,Sell,"88% Sell",-86.35,-94.79%,11.24,7.13,18.41,3.71,40.3,-116.3,-96.48,265836,Weakening,Soft,70.61%,0.09,2.93,4.49,53%
ICCM,"Icecure Medical Ltd Ord","Medical Services",3.08,-4.05%,1,Sell,"100% Sell",-86.54,-88.58%,7.33,4.22,11.15,3.23,41.48,-110.09,-95.8,1043414,Average,Strong,46.21%,0.02,2.62,3.84,38%
PBM,"Psyence Biomedical Ltd","Medical - Biomedical",3.49,+6.08%,3,Buy,"56% Sell",-86.59,-86.35%,3.91,3.24,3.79,3.07,59.32,-107.86,-38.51,953147,Weakest,Weak,58.75%,1.49,2.73,3.42,110%
LHSW,"Lianhe Sowell International Group Ltd","Industrial Services",2.79,+4.89%,1,Buy,"56% Sell",-86.69,-93.63%,2.9,2.59,4.45,2.52,52.35,-115.14,-78.48,763844,Weakest,Weak,68.15%,0.03,1.97,3.08,74%
AMOD,"Alpha Modus Holdings Inc",Unclassified,4.41,+0.46%,4,Hold,"80% Sell",-86.73,-90.07%,8.73,5.11,14.77,3.97,51.51,-111.58,-88.67,36923,Weakest,Strong,89.95%,0.32,3.47,4.47,94%
MLEC,"Moolec Science Sa","Agriculture Operations",6.82,-3.94%,4,Sell,"88% Sell",-88.38,-84.85%,7.82,7.43,7.89,7.18,43.72,-106.36,65.95,504504,Strongest,Weak,15.42%,0.3,6.4,7.96,27%
YMAT,"J-Star Holding Co. Ltd","Chemical - Specialty",2.03,-2.87%,1,Sell,"56% Sell",-88.64,-90.71%,2.61,2.99,2.5,2.06,45.56,-112.22,-25.51,991756,Weakening,Weak,61.54%,0.04,1.58,2.54,47%
JEM,"707 Cayman Holdings Limited","Textile - Apparel",4.72,-6.53%,1,Sell,"100% Sell",-88.71,-99.70%,18.31,16.47,23.85,5.25,38.66,-121.21,-101.51,376943,Strengthening,Weak,42.72%,0.06,3.69,6.81,33%
SLE,"Super League Enterprise Inc",Gaming,2.77,+6.13%,3,Sell,"100% Sell",-89.02,-94.41%,3.62,3.05,4.27,2.79,45.83,-115.92,-74.82,301902,Weakening,Weak,24.25%,0.18,2.59,2.99,45%
NAMI,"Jinxin Technology Holding ADR","Technology Services",2.91,-2.02%,5,Sell,"100% Sell",-89.32,-87.35%,8.73,4.74,10.68,3.09,36.01,-108.86,-97.4,68720,Weakening,Strong,38.35%,39.65,2.44,3.74,36%
ASTC,"Astrotech Corp","Aerospace - Defense Equipment",9.01,-1.10%,2,Sell,"24% Buy",-90.06,+60.89%,9.11,15.2,7.11,7.61,50.55,39.38,147.77,1998222,Weakening,Soft,45.22%,0.07,5.77,9.45,88%
INLF,"Inlif Limited","Medical Products",5.44,-13.24%,3,Sell,"88% Sell",-90.65,-99.86%,544.17,243.27,849.27,3.66,23.3,-121.37,-112.28,974607,Weakening,Good,39.66%,0.25,1.44,5.88,90%
PCLA,"Picocela Inc ADR","Diversified Comm Services",6.85,+24.55%,7,Buy,"40% Buy",-91.83,-48.11%,4,5.63,4.5,5.09,62.8,-69.62,-37.02,745511,Average,Weak,53.16%,0.64,4.09,6.09,138%
HKIT,"Hitek Global Inc Ordinary Share","Technology Services",3.44,+18.62%,1,Sell,"88% Sell",-91.84,-99.94%,253.81,11.16,2454.66,3.37,34.67,-121.45,-112.59,231400,Weakest,Average,49.88%,0.39,2.61,4.12,55%
SDOT,"Sadot Group Inc","Consumer Prdts - Misc Staple",12.7,-5.01%,1,Buy,"88% Sell",-91.90,-93.02%,20.93,18.83,31.17,17.21,43.21,-114.53,-60.15,1198905,Strengthening,Weak,3.30%,0.02,9.03,25.39,22%
TDIC,"Dreamland Limited Cl A","Advertising Marketing Services",2.67,+1.91%,1,Sell,"100% Sell",-92.38,-99.42%,19.05,5.5,20.21,2.91,45.27,-120.93,-101.12,533841,Weakening,Weak,43.76%,0.05,2.03,3.8,36%
JZ,"Jianzhi Education Technology Group ADR","Technology Services",2.53,-9.96%,3,Sell,"100% Sell",-93.21,-96.49%,28.22,11.25,34.14,2.68,40.45,-118.,-107.72,45216,Average,Good,53.18%,0.4,1.65,3.7,43%
QNTM,"Quantum Biopharma Ltd","Medical - Biomedical",3.23,+11.38%,4,Sell,"88% Sell",-93.86,-87.64%,4.16,3.78,4.38,3.08,49.3,-109.15,-68.38,244405,Weakening,Soft,50.39%,0.35,2.63,3.54,66%
PAVS,"Paranovus Entertainment Technology Ltd","Conglomerates - Div Operations",6.88,+40.12%,3,Sell,"88% Sell",-94.22,-99.99%,108.9,28.36,700.28,4.88,32.97,-121.5,-112.3,400918,Weakest,Weak,30.85%,19.75,3.5,6.27,122%
MEDS,"Datameds AI Inc","Medical Information Systems",2.64,-5.71%,3,Hold,"96% Sell",-94.41,-93.48%,4.58,3.29,8.27,3.05,40.9,-114.99,-99.41,344866,Average,Weak,21.85%,0.55,2.48,3.62,14%
MNTS,"Momentus Inc","Aerospace - Defense",4.39,+3.54%,1,Sell,"72% Sell",-94.62,-78.61%,6.82,8.43,6.75,4.82,39.01,-100.12,-22.49,3143537,Weakening,Weak,33.82%,0.26,3.76,5.88,30%
VSA,"Visionsys AI Inc ADR","Technology Services",3.05,-3.79%,1,Sell,"100% Sell",-95.10,-99.63%,5.28,3.97,9.88,3.26,40.71,-121.14,-100.08,485049,Weakening,Weak,29.35%,0.02,2.71,3.8,31%
NTCL,"Netclass Technology Inc Cl A","Internet - Software",2.89,+2.48%,2,Sell,"72% Sell",-95.37,-96.96%,21.78,23.59,20.63,3.44,37.01,-118.47,-95.9,60984,Weakest,Soft,18.53%,0.41,2.24,4.64,27%
DSY,"Big Tree Cloud Holdings Limited","Consumer Prdts - Misc Staple",3.45,+3.29%,1,Buy,"24% Buy",-95.57,-85.59%,2.86,3.33,3.44,3.36,50.74,-107.1,-49.33,925458,Weakest,Minimum,62.54%,2.31,2.78,3.94,58%
TRNR,"Interactive Strength Inc","Leisure & Recreation Services",3.44,+2.08%,1,Sell,"88% Sell",-95.75,-98.80%,5.94,3.92,15.75,3.13,49.52,-120.31,-106.9,117753,Weakest,Weak,76.00%,0.06,2.72,3.54,88%
DRCT,"Direct Digital Holdings Inc Cl A","Advertising Marketing Services",2.62,-5.42%,3,Sell,"88% Sell",-95.90,-97.54%,3.06,2.76,4.52,2.59,47.88,-119.05,-94.14,300755,Average,Weak,77.44%,0.27,2.4,2.78,58%
WOK,"Work Medical Technology Group Ltd","Medical Instruments",2.07,-2.82%,3,Sell,"88% Sell",-96.13,-100.00%,65.3,4.36,98.64,1.99,40.15,-121.51,-111.68,363715,Weakening,Weak,79.17%,0.04,1.76,2.22,68%
CETX,"Cemtrex Inc","Conglomerates - Div Operations",2.87,-0.69%,6,Sell,"88% Sell",-96.62,-98.54%,6.54,3.93,9.89,2.73,44.06,-120.05,-101.55,479008,Weakening,Weak,56.12%,0.07,2.41,3.06,71%
BYAH,"Park Ha Biological Technology Co. Ltd","Consumer Prdts - Misc Staple",3.22,+21.93%,1,Sell,"100% Sell",-97.67,-98.89%,8.04,7.12,17.79,3.29,39.04,-120.4,-107.57,288528,Average,Weak,9.26%,15.26,2.28,4.3,46%
IPST,"Ip Strategy Holdings Inc","Finance - Misc Services",2.16,-3.35%,4,Sell,"100% Sell",-97.98,-98.99%,4.87,2.92,10.32,2.35,37.61,-120.5,-105.69,78138,Weakening,Soft,60.78%,0.17,2.09,2.62,15%
ZNB,"Zeta Network Group","Media Conglomerates",2.47,-12.10%,3,Sell,"100% Sell",-98.23,-99.98%,10.94,5.95,132.71,2.83,33.96,-121.49,-112.1,98707,Weakening,Weak,51.56%,0.18,2,3.66,28%
XXII,"22nd Century Group Inc",Tobacco,4.32,-0.92%,3,Sell,"88% Sell",-98.40,-99.42%,21.23,5.69,67.01,4.22,40.34,-120.93,-110.76,27339,Weakest,Weak,70.41%,0.08,3.8,4.65,61%
SMX,"Smx [Security Matters] Plc Cl A","Technology Services",16.79,-0.94%,2,Sell,"72% Sell",-98.49,-99.96%,112.54,15.83,625.89,16.99,43.44,-121.47,-111.54,52705,Weakest,Weak,31.28%,0.34,14.56,19.42,46%
BIYA,"Baiya International Group Inc","Internet - Software",2.83,-1.05%,3,Hold,"96% Sell",-98.59,-98.40%,8.8,5.43,16.44,3.6,43.15,-119.91,-105.32,1856101,Weakening,Weak,11.69%,0.07,1.52,5.67,32%
NEXR,"Nexera Technologies Ltd","Technology Services",2.53,-0.78%,1,Sell,"100% Sell",-99.29,-99.73%,15.51,7.19,37.46,3.92,33.54,-121.24,-110.63,350884,Weakening,Weak,10.57%,0.24,2.24,5.61,9%
CDT,"Cdt Equity Inc","Medical - Drugs",3.23,-10.03%,1,Sell,"100% Sell",-99.40,-99.91%,26.56,5.9,106.09,3.25,38.75,-121.42,-111.62,228762,Weakening,Weak,57.66%,0.15,2.53,3.97,49%
RUBI,"Rubico Inc","Transportation - Ship",2.34,-2.09%,2,Sell,"100% Sell",-99.82,-100.00%,51.07,7.26,383.56,2.78,21.08,-121.51,-112.52,346973,Weakening,Weak,30.21%,0.07,1.11,4.46,37%
MANE,"Veradermics Incorporated","Medical - Biomedical",108.65,-2.42%,3,Hold,N/A,N/A,N/A,94.9,107.87,0,110.05,49.14,N/A,N/A,N/A,N/A,N/A,59.12%,0.61,100.16,119.95,43%
MOBI,"Mobia Medical Inc","Medical Instruments",12.32,+0.57%,2,N/A,N/A,N/A,N/A,0,12.56,0,11.53,54.47,N/A,N/A,N/A,N/A,N/A,82.01%,0.34,10.43,12.63,86%
NHP,"National Healthcare Properties Inc Cl A","REIT - Equity Trust Resident",16.83,+4.99%,11,N/A,N/A,N/A,N/A,0,14.98,0,15.71,67.55,N/A,N/A,N/A,N/A,N/A,62.56%,2.85,14.84,16.57,115%
NINE,"Nine Energy Service Inc","Oil - Field Services",10.43,-7.04%,3,N/A,N/A,N/A,N/A,0,11.33,0,11.51,41.74,N/A,N/A,N/A,N/A,N/A,54.10%,3.27,10.59,12.44,-9%
PAYP,"Paypay Corporation ADR","Financial Transaction Services",15.4,-1.72%,3,Buy,N/A,N/A,N/A,17.99,15.4,0,15.56,48.85,N/A,N/A,N/A,N/A,N/A,55.81%,0.46,14.66,16.46,41%
PLYX,"Polaryx Therapeutics Inc","Medical - Biomedical",2.22,-0.89%,1,Sell,N/A,N/A,N/A,3.77,2.39,0,2.2,46.27,N/A,N/A,N/A,N/A,N/A,62.03%,0.27,1.96,2.45,54%
PS,"Pershing Square Inc","Finance - Investment Mgmt",37.61,+3.78%,5,N/A,N/A,N/A,N/A,0,34.46,0,34.69,62.22,N/A,N/A,N/A,N/A,N/A,89.93%,0.74,32.29,37.1,111%
ROC,"Rank One Computing Corp","Internet - Software",4.91,-0.81%,2,Hold,N/A,N/A,N/A,5.54,4.84,0,4.8,51.74,N/A,N/A,N/A,N/A,N/A,74.11%,0.06,4.23,5.38,59%
SBMT,"Silver Bow Mining Corp","Mining - Misc",6.78,-2.31%,1,N/A,N/A,N/A,N/A,0,7.42,0,6.58,48.63,N/A,N/A,N/A,N/A,N/A,43.67%,0.22,6.02,7.14,68%
SPTX,"Seaport Therapeutics Inc","Medical - Drugs",23.09,+3.36%,6,N/A,N/A,N/A,N/A,0,19.57,0,20.86,63.93,N/A,N/A,N/A,N/A,N/A,85.63%,0.61,19.13,22.6,114%
SWMR,"Swarmer Inc","Computer - Software",34.6,-3.70%,5,N/A,N/A,N/A,N/A,0,45.28,0,38.78,41.03,N/A,N/A,N/A,N/A,N/A,17.65%,0.36,33.52,44.03,10%
TMCR,"The Metals Royalty Company Inc","Mining - Misc",5.66,-7.21%,2,N/A,N/A,N/A,N/A,0,7.89,0,5.82,40.22,N/A,N/A,N/A,N/A,N/A,50.57%,0.57,5.15,6.5,38%
XNDU,"Xanadu Quantum Technologies Cl B","Computer - Integrated Systems",10.39,-9.26%,1,N/A,N/A,N/A,N/A,0,12.15,0,10.71,43.72,N/A,N/A,N/A,N/A,N/A,69.14%,0.45,9.69,11.72,34%
AGBK,"Agi Inc Cl A","Technology Services",6.36,-7.56%,1,Sell,N/A,N/A,N/A,7.25,6.97,0,6.96,34.74,N/A,N/A,N/A,N/A,N/A,32.93%,2.89,6.48,7.44,-12%
ALMR,"Alamar Biosciences Inc Cl A","Medical - Biomedical",28.1,-0.88%,4,N/A,N/A,N/A,N/A,0,24.09,0,26.02,62.44,N/A,N/A,N/A,N/A,N/A,83.05%,0.83,23.32,28.72,89%
AZUL,"Azul S.A. ADR","Transportation - Airline",8.65,0.00%,2,N/A,N/A,N/A,N/A,0,8.79,0,8.61,8.25,N/A,N/A,N/A,N/A,N/A,27.91%,0.18,8.25,8.97,55%
BOT,"Robostrategy Inc","Finance - Investment Mgmt",28.19,+4.60%,4,N/A,N/A,N/A,N/A,0,31.08,0,28.83,47.35,N/A,N/A,N/A,N/A,N/A,51.17%,0.23,23.32,34.34,44%
BRAI,"Braiin Limited","IT Services",5.65,0.00%,3,Sell,N/A,N/A,N/A,7.16,6.92,0,5.71,45.55,N/A,N/A,N/A,N/A,N/A,19.37%,0.1,5.12,6.3,45%
EIKN,"Eikon Therapeutics Inc","Medical - Biomedical",9.21,-3.56%,1,Sell,N/A,N/A,N/A,10.3,10.01,0,9.66,43.88,N/A,N/A,N/A,N/A,N/A,43.65%,0.99,8.8,10.52,24%
GENB,"Generate Biomedicines Inc","Medical - Biomedical",13.89,-4.14%,1,Sell,N/A,N/A,N/A,13.67,14.31,0,13.91,46.68,N/A,N/A,N/A,N/A,N/A,69.24%,1.01,13.1,14.71,49%
GLND,"Greenland Energy Company","Oil - Field Services",2.21,-1.78%,4,N/A,N/A,N/A,N/A,0,2.45,0,2.15,47.47,N/A,N/A,N/A,N/A,N/A,72.00%,0.5,1.85,2.46,59%
HMH,"Hmh Holding Inc","Oil Field Machinery & Equip",19.93,-3.35%,7,N/A,N/A,N/A,N/A,0,20,0,20.02,49.65,N/A,N/A,N/A,N/A,N/A,45.23%,1.61,18.53,21.51,47%
LABT,"Lakewood-Amedex Biotherapeutics Inc","Medical - Biomedical",2.23,-3.46%,3,N/A,N/A,N/A,N/A,0,4.04,0,2.32,31.73,N/A,N/A,N/A,N/A,N/A,11.03%,0.06,1.5,3.15,45%
"Downloaded from Barchart.com as of 08-06-2026 10:08pm CDT"
