Symbol,Name,Industry,Latest,%Change,"1M #Hi",Trend,Opinion,"Wtd Alpha","52W %Chg","100D MA","50D MA","150D MA","20D MA","14D RSI","1Y vs IDX","YTD vs IDX","200D Avg Vol",Direction,Strength,"14D Stoch %K","50D RelVol","BB Lower","BB Upper",BB%
ERAS,"Erasca Inc","Medical - Biomedical",16.37,-2.33%,6,Sell,"40% Buy",+664.95,+923.13%,15.97,18.25,15.32,18.01,39.06,903.63,328.06,5445173,Weakest,Soft,14.44%,1.14,16.6,19.41,-8%
MU,"Micron Technology","Computer - Integrated Systems",956.08,+2.43%,7,Hold,"80% Buy",+393.79,+706.95%,852.62,944.03,702.73,932.52,53.23,687.45,222.99,41227285,Strengthening,Average,41.62%,0.52,857.44,1007.59,66%
ATEX,"Anterix Inc.","Communications Infrastructure",86.61,-3.28%,2,Sell,"40% Buy",+280.61,+282.05%,77.09,95.96,63.24,91.88,41.93,262.55,284.76,366003,Weakest,Average,47.96%,0.72,84.9,98.87,12%
LITE,"Lumentum Holdings","Communications Components",870.58,+0.19%,7,Buy,"72% Buy",+265.82,+556.77%,860.04,815.91,792.99,883.87,50.76,537.27,124.2,5407063,Weakening,Soft,46.60%,0.6,795.88,971.85,42%
BUUU,"BuUU Group Limited Class A Ordinary Share","Internet - Software",29.6,+1.72%,6,Buy,"100% Buy",+226.02,+342.45%,20.89,24.49,18.42,29.01,55.2,322.95,349.07,49232,Strongest,Maximum,34.39%,0.55,26.09,31.94,60%
DNTH,"Dianthus Therapeutics Inc","Medical - Biomedical",106.24,-0.36%,7,Hold,"80% Buy",+223.64,+345.45%,95.62,104.57,86.05,110.53,47.03,325.95,145.81,906627,Weakening,Strong,24.37%,0.6,104.5,116.56,14%
ASX,"Ase Industrial Holding Ltd ADR","Electronics - Semiconductors",37.08,-0.94%,6,Sell,"40% Buy",+210.80,+260.70%,36.43,38.69,31.69,37.65,48,241.2,118.32,8380899,Weakest,Average,35.52%,0.38,35.22,40.08,38%
UMC,"United Microelectronics Corp ADR","Electronics - Semiconductors",19.97,-2.44%,2,Sell,"40% Buy",+183.19,+201.66%,19.21,21.22,16.05,19.14,52.25,182.16,142.08,12753531,Weakest,Soft,75.70%,0.59,17.9,20.38,83%
ANAB,"Anaptysbio Inc","Medical - Biomedical",55.84,+1.01%,9,Sell,"8% Buy",+165.64,+306.40%,57.99,58.25,51.5,57.25,46.29,286.9,60.78,718239,Weakest,Weak,22.39%,0.7,54.54,59.97,24%
APGE,"Apogee Therapeutics Inc","Medical - Biomedical",135.07,-0.01%,9,Buy,"100% Buy",+148.71,+256.76%,110.37,134.13,97.77,134.77,78.68,237.26,66.96,1524046,Weakening,Strong,98.48%,2.84,134.37,135.16,88%
ABSI,"Absci Corp","Medical - Biomedical",8.8,-0.45%,8,Buy,"56% Buy",+143.06,+276.07%,7.39,9.3,5.85,9.16,48.3,256.57,140.16,4307409,Weakest,Good,26.35%,0.65,8.4,9.92,26%
ARWR,"Arrowhead Pharma","Medical - Biomedical",85.37,+3.18%,4,Sell,"72% Buy",+140.52,+232.44%,79.24,83.73,73.56,86.99,49.42,212.94,16.6,2387448,Weakening,Average,28.83%,0.72,83.05,90.93,29%
AMD,"Adv Micro Devices","Computer - Integrated Systems",457.06,-0.55%,2,Sell,"24% Buy",+140.01,+181.58%,462.24,501.65,377.95,477.14,42.98,162.08,101.43,34194629,Weakest,Soft,17.28%,0.47,448.5,505.78,15%
GH,"Guardant Health Inc","Medical - Biomedical",163.06,-0.82%,5,Buy,"88% Buy",+136.63,+145.17%,133.17,158.67,120.5,163.97,51.83,125.67,47.65,2253418,Average,Strong,39.42%,0.66,155.94,172.01,44%
MGRT,"Mega Fortune Company Limited","Internet - Software",105.01,-2.76%,8,Buy,"88% Buy",+135.07,"+2,926.22%",98.06,90.27,68.84,98.07,61.19,2906.72,1286.28,80359,Strengthening,Average,61.42%,0.59,91.11,105.02,100%
WHWK,"Whitehawk Therapeutics Inc","Medical - Biomedical",4.71,+1.73%,9,Buy,"88% Buy",+132.43,+158.79%,4.26,4.28,3.95,4.73,54.63,139.29,82.64,293806,Strengthening,Strong,31.40%,0.28,4.45,5,47%
EWTX,"Edgewise Therapeutics Inc","Medical - Biomedical",41.98,-0.64%,4,Buy,"72% Buy",+131.77,+182.50%,38.1,42.22,35.48,43.8,46.59,163,57.18,1273136,Weakest,Strong,22.86%,0.83,41.71,45.89,6%
BTSG,"Brightspring Health Services Inc","Medical Services",60.25,+1.84%,3,Sell,"24% Buy",+123.09,+152.30%,60.58,65.41,54.13,59.88,46.91,132.8,48.89,2804109,Weakest,Weak,42.32%,0.49,57.32,62.43,57%
ACMR,"Acm Research Inc","Semi-Eqpt Material Services",69.9,-0.20%,3,Sell,"8% Sell",+121.17,+153.44%,78.76,87.14,70.04,78.72,37.34,133.94,65.2,1368276,Weakening,Weak,6.65%,0.66,70.5,86.94,-4%
KNSA,"Kiniksa Pharmaceuticals International Plc","Medical - Biomedical",79.89,+0.77%,7,Buy,"100% Buy",+120.91,+133.05%,61.29,71.02,56.14,78.53,60.86,113.55,81.68,646545,Strongest,Maximum,63.30%,0.73,75.96,81.1,77%
QXL,"Quantum X Labs Inc","Technology Services",4.87,+1.25%,2,Sell,"56% Buy",+119.27,+67.93%,4.37,4.91,3.52,4.64,53.39,48.43,206.31,80564,Average,Average,77.90%,0.23,4.25,5.03,80%
MNPR,"Monopar Therapeutics Inc","Medical - Biomedical",116.28,-1.10%,3,Hold,"96% Buy",+118.97,+242.71%,84.16,108.38,75.15,114.7,55.56,223.21,66.08,219763,Strengthening,Strong,54.47%,0.84,106.99,122.42,60%
BVS,"Bioventus Inc Cl A","Medical - Drugs",14.37,+5.12%,2,Buy,"100% Buy",+118.69,+99.03%,11.15,12.69,10.33,14.05,60.33,79.53,81.16,499974,Strongest,Maximum,30.86%,0.89,13.53,14.57,81%
ZBIO,"Zenas Biopharma Inc","Medical - Biomedical",33.13,+3.60%,6,Buy,"88% Buy",+117.47,+89.10%,24.7,30.2,24.18,31.82,57.69,69.6,-20.75,756604,Strongest,Average,75.23%,0.85,29.63,34.01,80%
CNC,"Centene Corp","Medical - HMO",67.34,+3.23%,3,Buy,"100% Buy",+116.51,+127.35%,60.09,65.39,52.99,65.43,57.68,107.85,51.66,5964739,Strengthening,Strong,49.85%,1.05,63.46,67.4,98%
LCUT,"Lifetime Brands Inc","Consumer Prdts - Misc Discr",9.35,+4.00%,5,Buy,"88% Buy",+114.21,+122.62%,8.31,8.81,6.93,9.36,53.3,103.12,124.72,166654,Strengthening,Strong,33.82%,1.05,8.82,9.9,49%
SIMO,"Silicon Motion Techn ADR","Computer - Integrated Systems",242.51,+2.17%,4,Sell,"8% Buy",+112.81,+203.90%,254.69,271.25,211.35,249.42,46.28,184.4,149.62,805260,Weakest,Weak,27.16%,0.6,224.87,273.98,36%
MT,"Arcelormittal ADR","Steel - Producers",75.13,+2.48%,4,Buy,"100% Buy",+112.12,+131.60%,66.27,68.89,63.37,73.6,59.84,112.1,52.88,1729084,Strongest,Strong,76.15%,0.81,71.62,75.57,89%
IRWD,"Ironwood Pharmaceuti","Medical - Drugs",4.41,+3.28%,1,Buy,"100% Buy",+111.04,+236.64%,4.01,4.16,3.95,4.26,55.94,217.14,18.87,3013670,Strongest,Weak,65.54%,1.08,4.06,4.46,87%
ANIK,"Anika Therapeutics","Medical - Biomedical",21.55,+2.08%,3,Buy,"100% Buy",+109.58,+135.52%,16.47,18.13,15.26,21.27,61.77,116.02,112.26,126201,"Top 1%",Maximum,43.70%,0.76,20.46,22.09,67%
BE,"Bloom Energy Corp Cl A","Other Alt Energy",217.28,+1.71%,6,Sell,"8% Buy",+108.39,+323.14%,248.78,229.42,216.16,216.53,49.8,303.64,138.07,12582046,Weakest,Minimum,40.46%,0.59,194.85,238.22,52%
RCUS,"Arcus Biosciences Inc","Medical - Biomedical",29.85,+0.47%,7,Buy,"100% Buy",+108.20,+176.13%,26.82,29.18,25.03,29.6,53.23,156.63,13.27,1363261,Strongest,Average,45.52%,0.99,27.99,31.22,58%
INNV,"Innovage Holding Corp","Medical Services",10.81,-0.18%,2,Hold,"48% Buy",+104.16,+192.95%,9.56,11.19,9.11,10.83,47.89,173.45,96.3,280993,Weakest,Good,30.70%,0.77,10.38,11.29,47%
LXRX,"Lexicon Pharmaceutcl","Medical - Biomedical",2.24,+2.28%,2,Sell,"48% Buy",+102.87,+100.00%,2.13,2.33,1.93,2.33,45.53,80.5,82.79,2754176,Weakest,Good,18.58%,0.64,2.18,2.48,20%
QTTB,"Q32 Bio Inc","Medical - Biomedical",13.59,-5.36%,5,Sell,"56% Buy",+101.39,+694.74%,11.66,15,9.52,15.53,36.82,675.24,297.35,1534331,Weakest,Good,6.14%,0.33,14.17,16.89,-21%
SMTC,"Semtech Corp","Semi Analog & Mixed",133.85,+1.19%,5,Hold,"48% Buy",+99.33,+131.73%,134.06,133.59,117.43,133.81,50.84,112.23,69.65,2575742,Average,Soft,44.22%,0.55,118.78,148.85,50%
ADPT,"Adaptive Biotechnologies Corp","Medical - Biomedical",24.66,+1.31%,8,Hold,"80% Buy",+99.12,+92.06%,19.12,23.28,17.77,25.18,51.3,72.56,39.86,2363560,Average,Strong,25.79%,0.62,23.79,26.57,31%
PBT,"Permian Basin Royalty Trust","Oil - US Royalty Trusts",34.29,+0.70%,5,Buy,"100% Buy",+97.18,+93.84%,27.95,30,25.36,33.47,63.74,74.34,89.95,120840,Strongest,Maximum,55.52%,1.05,31.79,35.14,75%
CGON,"Cg Oncology Inc","Medical - Biomedical",74.59,-1.67%,8,Hold,"80% Buy",+95.18,+171.63%,68.93,73.51,66.08,76.82,48.34,152.13,67.66,1072309,Weakening,Good,34.84%,0.69,73.12,80.51,20%
OPTX,"Syntec Optics Holdings Inc","Technology Services",7.53,+3.43%,7,Sell,"40% Sell",+93.93,+382.69%,9.26,8.44,8.59,8.29,43.6,363.19,151.3,1409745,Average,Minimum,17.52%,0.31,7.25,9.34,14%
ELVN,"Enliven Therapeutics Inc","Medical - Drugs",59.01,+1.99%,3,Hold,"80% Buy",+93.22,+182.48%,48.52,55.23,42.74,59.38,55.44,162.98,271.19,1148573,Strengthening,Strong,33.92%,0.53,57.21,61.55,41%
CHEF,"The Chefs Warehouse","Food - Misc & Diversified",113.43,-1.81%,2,Buy,"100% Buy",+93.01,+75.67%,90.93,103.94,81.98,111.01,58.42,56.17,69.99,506772,Average,Maximum,71.63%,1.44,106.67,115.35,78%
RLYB,"Rallybio Corporaton","Medical - Biomedical",16.94,+1.50%,5,Buy,"100% Buy",+90.38,+279.82%,14.76,16.33,12.35,16.73,59.04,260.32,196.64,128895,Strengthening,Strong,41.05%,0.97,16.25,17.22,71%
USEA,"United Maritime Corp","Transportation - Ship",2.97,+5.32%,7,Buy,"100% Buy",+89.11,+78.92%,2.51,2.67,2.33,2.74,71.83,59.42,62.72,69360,Strongest,Maximum,65.71%,3.43,2.6,2.88,133%
MSBI,"Midland Sts BNC","Banks - Northeast",33.22,+1.93%,3,Buy,"100% Buy",+88.94,+79.86%,29.6,32.2,27.24,33.06,56.2,60.36,44.93,170176,Strengthening,Strong,41.66%,0.88,32.28,33.84,60%
TRDA,"Entrada Therapeutics Inc","Medical - Biomedical",7.3,+3.25%,2,Buy,"40% Sell",+88.73,+35.69%,8.15,7.07,9.45,7.27,52.23,16.19,-40.98,307160,Weakest,Soft,36.89%,0.81,6.72,7.83,52%
BAND,"Bandwidth Inc","Communications Infrastructure",47.55,-6.38%,8,Sell,"8% Buy",+86.77,+211.80%,51.79,56.14,39.63,50.01,44.02,192.3,195.78,763758,Weakest,Weak,38.28%,0.56,44.47,55.55,28%
AMRX,"Amneal Pharmaceuticals Inc","Medical - Drugs",18.06,+2.15%,2,Hold,"96% Buy",+86.41,+88.52%,15.63,17.75,14.87,17.86,53.71,69.02,31.34,2063292,Strengthening,Strong,47.00%,1.34,17.22,18.5,65%
HNGE,"Hinge Health Inc Cl A","Medical Information Systems",91.85,+2.03%,8,Buy,"100% Buy",+85.43,+64.96%,69.44,84.63,59.62,88.79,58.71,45.46,85.75,1578558,Strongest,Maximum,63.90%,1.28,83.27,94.31,78%
CXW,"Corecivic Inc","REIT - Equity Trust Other",32.61,-0.34%,4,Buy,"88% Buy",+83.61,+62.16%,27,31.71,24.25,33.1,50.84,42.66,58.65,1190769,Weakening,Strong,51.80%,1.13,31.66,34.54,33%
MITK,"Mitek Systems Inc","Computer - Optical",17.96,+0.67%,3,Buy,"72% Buy",+82.87,+81.97%,16.89,18.35,15.69,18.39,48.03,62.47,58.25,889725,Weakening,Strong,30.83%,1.17,17.26,19.53,31%
HUT,"Hut 8 Corp","Finance - Misc Services",80.68,+4.01%,1,Sell,"24% Sell",+82.53,+194.45%,98.74,96.85,83.38,84.34,43.21,174.95,63.63,5168268,Weakest,Minimum,18.09%,0.79,76.16,92.51,28%
FTRE,"Fortrea Holdings Inc","Medical - Biomedical",18.36,+3.61%,2,Buy,"100% Buy",+82.07,+83.42%,15.97,18.26,14.27,18.29,50.53,63.92,-5.56,1465934,Average,Good,52.32%,0.63,17.3,19.28,53%
LNTH,"Lantheus Holdings","Medical Products",100.81,-0.07%,1,Sell,"56% Buy",+80.33,+82.33%,98.53,103.35,90.47,100.73,46.77,62.83,39.49,1097938,Weakest,Average,64.22%,0.53,100.15,101.3,57%
PHOE,"Phoenix Asia Holdings Limited","Building - Heavy Construction",20.55,-0.96%,5,Hold,"48% Buy",+78.49,+159.63%,19.36,21.55,18.7,21.18,47.04,140.13,16.45,51646,Weakest,Soft,28.52%,0.08,18.34,24.02,39%
UFCS,"United Fire Group","Insurance - Proprty & Casualty",54.85,+1.29%,3,Buy,"100% Buy",+78.25,+80.55%,48.58,52.62,44.93,53.82,60.99,61.05,38.9,130840,Strengthening,Strong,71.26%,0.99,52.73,54.91,97%
JAZZ,"Jazz Pharma Plc","Medical - Biomedical",245.57,+0.76%,4,Hold,"64% Buy",+77.60,+89.40%,234.82,248.11,216.43,250.68,46.1,69.9,32.46,1023401,Weakest,Good,23.39%,1.27,241.51,259.86,22%
MGNX,Macrogenics,"Medical Products",4.32,+6.93%,8,Hold,"80% Buy",+76.42,+148.28%,3.99,4.22,3.47,4.08,57.45,128.78,156.33,1120357,Strengthening,Average,59.74%,0.67,3.91,4.25,119%
PVLA,"Palvella Therapeutics Inc","Medical - Biomedical",152.95,+1.59%,4,Buy,"100% Buy",+74.08,+190.17%,133.12,147.45,125.58,151.51,54.58,170.67,34.14,272412,Strengthening,Strong,65.80%,0.53,143.08,159.94,59%
UVE,"Universal Insurance Holdings Inc","Insurance - Proprty & Casualty",43.92,+0.48%,3,Buy,"100% Buy",+73.21,+79.34%,40.05,42.22,37.76,43.2,57.39,59.84,17.95,197990,Strongest,Strong,68.78%,0.48,41.76,44.64,75%
BOTJ,"Bank of The Jame Fnl","Banks - Southeast",27,+1.31%,2,Hold,"80% Buy",+73.11,+73.97%,24.94,26.59,23.48,27.17,51.55,54.47,33.33,14812,Weakening,Strong,28.18%,1.55,26.52,27.82,37%
PYPD,"Polypid Ltd","Medical - Drugs",5.3,-0.56%,11,Buy,"100% Buy",+72.62,+55.43%,4.73,4.83,4.6,4.97,63.09,35.93,10.13,120390,Strongest,Strong,79.73%,0.6,4.59,5.34,94%
LGND,"Ligand Pharm","Medical - Biomedical",286.92,+0.93%,4,Sell,"40% Buy",+72.10,+75.24%,265.49,297.63,243.29,288.41,48.38,55.74,39.76,263014,Weakening,Good,41.85%,0.57,278.15,298.68,43%
ROMA,"Roma Green Finance Limited","Finance - Misc Services",8.56,-4.05%,1,Hold,"64% Buy",+71.82,+378.11%,7.83,8.86,6.48,8.98,44.31,358.61,394.41,222632,Weakest,Good,37.25%,0.22,8.53,9.42,3%
SNX,"Synnex Corp","IT Services",253.06,+0.66%,2,Sell,"56% Buy",+71.15,+72.64%,248.89,253.59,220.81,254.29,49.26,53.14,56.46,771202,Weakening,Average,42.00%,0.54,245.63,262.96,43%
GEO,"Geo Group Inc","Government Services",30.56,+0.10%,6,Hold,"64% Buy",+70.92,+45.66%,26.7,30.74,23.04,31.42,44.91,26.16,77.59,2085333,Weakest,Strong,30.47%,1.48,29.78,33.05,24%
CMTV,"Community Bancorp Inc VT","Banks - Northeast",41.17,+2.36%,4,Buy,"100% Buy",+69.67,+82.41%,39.4,40.02,37.5,40.65,53.73,62.91,53.42,25701,Strengthening,Average,39.83%,0.61,39.31,41.98,70%
HUM,"Humana Inc","Medical - HMO",400.97,+1.54%,6,Hold,"80% Buy",+69.28,+29.32%,337.69,386.94,285.51,385.11,60.64,9.82,44.56,1673838,Strengthening,Strong,64.39%,0.86,370.38,399.84,104%
CHMG,"Chemung Financial Corp","Banks - Southeast",83.9,+5.02%,2,Buy,"100% Buy",+68.72,+56.73%,73.46,79.19,67.93,82.28,60.33,37.23,38.37,28163,Strongest,Maximum,35.99%,1.75,80.11,84.45,87%
IMOS,"Chipmos Tech ADR","Semi-Eqpt Material Services",56.15,-1.96%,7,Sell,"24% Buy",+68.65,+269.65%,56.56,58.91,50.22,55.49,50.13,250.15,77.51,73185,Weakening,Weak,61.40%,0.5,51.39,59.59,58%
PCVX,"Vaxcyte Inc","Medical - Biomedical",61.58,+1.27%,10,Buy,"100% Buy",+68.39,+95.12%,55.62,57.89,56.14,60.32,58.2,75.62,21.47,1388804,"Top 1%",Average,56.04%,0.8,57.42,63.23,72%
ARCB,"Arcbest Corp","Transportation - Truck",133.93,+0.91%,4,Sell,"24% Buy",+68.05,+83.77%,138.16,144.23,125.07,138.22,42.76,64.27,68.53,366803,Weakest,Weak,22.80%,0.57,131.02,145.42,20%
ARW,"Arrow Electronics","Electronics - Parts Distrib",208.13,+1.04%,3,Sell,"40% Buy",+67.84,+68.42%,207.18,209.96,186.94,208.41,49.13,48.92,76.91,602723,Weakening,Soft,29.57%,0.85,197.48,219.34,49%
DYN,"Dyne Therapeutics Inc","Medical - Drugs",25.14,+0.16%,5,Hold,"80% Buy",+67.40,+86.22%,21.47,24.59,20.06,25.99,47.48,66.72,16.54,2203243,Weakening,Strong,25.65%,0.96,25.03,26.94,6%
VSH,"Vishay Intertechnology","Semi Discretes",30.61,+3.31%,2,Sell,"24% Sell",+66.99,+106.13%,40.3,38.29,33.11,32.32,40.51,86.63,99.26,4056008,Weakest,Minimum,10.37%,0.56,28.89,35.76,25%
QUAD,"Quad Graphics Inc","Advertising Marketing Services",10.39,+3.08%,1,Buy,"100% Buy",+66.53,+57.42%,8.39,9.28,7.82,10.06,64.78,37.92,53.72,234565,Strongest,Maximum,65.47%,1.56,9.73,10.4,98%
OPY,"Oppenheimer Holdings","Finance - Investment Brokers",117.36,-1.88%,4,Buy,"100% Buy",+66.49,+60.28%,107.63,113.08,101.19,115.81,54.83,40.78,50.36,78660,Weakening,Strong,59.62%,0.57,110.77,120.85,65%
AGCC,"Agencia Comercial Spirits Ltd Cl A","Beverages - Alcohol",14.71,+1.34%,2,Sell,"24% Sell",+65.55,N/A,16.07,14.96,15.29,14.69,48.92,N/A,38.73,112493,Weakening,Minimum,41.11%,0.09,14.15,15.23,52%
NEOG,"Neogen Corp","Medical Products",11.81,+1.46%,1,Buy,"100% Buy",+64.71,+109.40%,9.86,10.62,9.93,11.67,58.8,89.9,56.97,2840480,Strongest,Good,34.42%,1.11,11.27,12.07,68%
IKT,"Inhibikase Therapeutics Inc","Medical - Drugs",2.5,+5.04%,6,Hold,"96% Buy",+63.52,+42.05%,2.01,2.24,1.94,2.43,59.39,22.55,9.96,1084015,Strongest,Maximum,43.36%,0.47,2.32,2.53,85%
LAR,"Lithium Argentina Ag","Mining - Misc",6.86,+3.47%,6,Sell,"56% Sell",+62.93,+107.25%,8.23,6.8,7.82,6.68,52.99,87.75,10.95,2855865,Weakening,Soft,62.22%,0.68,6.14,7.22,67%
RZLT,"Rezolute Inc","Medical - Biomedical",4.56,+1.33%,3,Sell,"40% Buy",+62.86,-36.40%,4.23,4.83,3.87,4.74,43.83,-55.9,81.23,3533984,Weakening,Minimum,12.51%,0.54,4.39,5.09,24%
ALKS,"Alkermes Plc","Medical - Biomedical",47.72,+1.10%,3,Sell,"40% Buy",+61.99,+62.31%,44.57,50.77,40.2,48.81,42.87,42.81,58.56,2097722,Weakening,Average,16.84%,0.86,46.97,50.66,20%
SMHI,"Seacor Marine Holdings Inc","Transportation - Ship",9.78,0.00%,8,Buy,"100% Buy",+61.82,+45.75%,8.05,8.71,7.83,9.69,61.18,26.25,50.47,118202,Strongest,Maximum,57.62%,0.71,9.37,10,65%
PEB,"Pebblebrook Hotel Trust","REIT - Equity Trust Other",18.19,+2.54%,1,Sell,"40% Buy",+61.32,+65.21%,17.01,18.64,15.5,18.22,47.19,45.71,48.7,2312260,Weakest,Good,43.62%,1.04,17.75,18.69,47%
GCBC,"Greene County Bncp","Finance - Savings & Loan",34.74,+1.34%,4,Hold,"96% Buy",+61.21,+44.93%,29.61,33.75,27.38,34.7,55.52,25.43,44.29,22809,Strengthening,Strong,40.28%,0.4,34.03,35.37,53%
ASYS,"Amtech Systems Inc","Semi General",14.6,+0.55%,3,Sell,"40% Sell",+60.56,+146.41%,18.19,16.71,16.41,15.24,43.57,126.91,4.34,351742,Weakening,Weak,22.42%,0.59,13.67,16.81,30%
KFRC,"Kforce Inc",Staffing,54.04,-1.55%,4,Sell,"56% Buy",+60.20,+68.35%,48.81,55.9,42.23,57.75,38.14,48.85,62.78,250501,Weakest,Strong,14.06%,0.94,55.12,60.39,-20%
TSM,"Taiwan Semiconductor ADR","Semi Fab Foundries",415.5,+0.36%,5,Sell,"40% Buy",+59.91,+81.93%,414.99,421.01,393.52,419.55,48.62,62.43,24.74,13133073,Weakest,Soft,31.81%,0.5,407.46,431.64,33%
ETSY,"Etsy Inc","Internet Commerce",81.72,-0.04%,3,Buy,"100% Buy",+59.78,+58.07%,72.99,81.23,66.09,81.67,50.05,38.57,35.41,3236577,Average,Strong,38.91%,0.96,77.49,85.86,51%
PGC,"Peapack Gladstone FI","Banks - Northeast",45.44,+1.91%,5,Sell,"40% Buy",+59.55,+56.91%,44.35,46.19,41.04,45.56,48.61,37.41,51.17,151409,Weakening,Average,19.66%,0.57,44.32,46.8,45%
ANGO,"Angiodynamics Inc","Medical Instruments",15.62,-1.51%,6,Buy,"88% Buy",+59.11,+49.33%,12.94,14.53,12.23,15.77,55.15,29.83,9.66,463979,Average,Maximum,59.07%,0.68,15.37,16.16,31%
ANTX,"An2 Therapeutics Inc","Medical - Biomedical",5.95,+8.58%,4,Buy,"100% Buy",+58.94,+417.39%,4.82,5.28,4.06,5.82,58.53,397.89,409.94,582269,Strengthening,Strong,28.19%,1.24,5.42,6.23,66%
PESI,"Perma-Fix Envir","Pollution Controls",18.03,+1.07%,6,Buy,"100% Buy",+58.72,+55.03%,13.56,16.2,13.46,17.8,54.92,35.53,31.22,248781,Strengthening,Strong,46.98%,0.36,16.41,19.18,59%
HSBC,"HSBC Holdings Plc ADR","Banks - Foreign",104.94,+1.49%,1,Buy,"100% Buy",+58.63,+63.76%,96.48,101.46,92.9,103.53,58.81,44.26,21.4,1785381,Strongest,Strong,64.40%,1.12,102.18,104.87,103%
BWFG,"Bankwell Financial","Banks - Northeast",65.88,+0.64%,1,Buy,"88% Buy",+58.23,+57.08%,58.05,63.42,54.83,66.68,52.75,37.58,31.79,51306,Average,Maximum,40.14%,0.97,64.92,68.45,27%
CAH,"Cardinal Health","Medical - Dental Suppliers",245.49,+2.57%,5,Buy,"100% Buy",+58.07,+64.15%,218.9,233.66,218.49,235.67,64.72,44.65,7.47,2027443,Strongest,Strong,79.36%,0.66,228.22,243.11,116%
RRBI,"Red River Bancshares Inc","Banks - Southwest",102.81,+2.66%,4,Buy,"100% Buy",+57.76,+59.62%,95.13,98.8,93.17,101.36,59.7,40.12,31.94,64260,Strongest,Strong,40.50%,0.79,99.34,103.38,86%
CELC,"Celcuity Inc","Medical - Biomedical",96.2,+4.59%,8,Sell,"72% Sell",+57.48,+79.54%,105.62,94.42,107.21,91.81,55.62,60.04,-15.54,1059193,Weakest,Soft,69.57%,0.64,87.17,96.44,97%
SPB,"Spectrum Brands Holdings Inc","Consumer Prdts - Misc Discr",89.29,+3.75%,4,Sell,"88% Buy",+57.37,+62.73%,84.23,87.53,81.12,88.3,54.26,43.23,39.14,359530,Strengthening,Good,32.16%,1.01,85.85,90.75,70%
ANL,"Adlai Nortye Group Ltd ADR","Medical - Biomedical",13.85,+1.65%,7,Buy,"88% Buy",+56.87,+678.37%,12.49,12.38,11.28,13.73,53.66,658.87,863.71,453514,Average,Average,50.90%,0.4,12.68,14.78,56%
PHVS,"Pharvaris N.V.","Medical - Biomedical",35.17,+0.69%,8,Buy,"88% Buy",+55.23,+56.31%,32.45,34.7,30.65,35.66,49.55,36.81,14.75,357221,Strengthening,Strong,32.39%,0.57,33.65,37.67,38%
ATLO,"Ames Natl Corp","Banks - Midwest",31.75,+1.67%,9,Buy,"100% Buy",+55.05,+60.52%,29.7,30.6,28.96,31.58,57.36,41.02,26.29,49355,Strengthening,Strong,47.17%,1.05,31.05,32.1,66%
VBNK,Versabank,"Banks - Foreign",19.28,+1.66%,4,Sell,"40% Buy",+54.68,+74.95%,19.23,20.25,17.92,19.59,45.28,55.45,16.71,74260,Weakest,Average,15.53%,1,18.71,20.47,33%
ALRS,"Alerus Financial Corp","Finance - Misc Services",33.31,+2.15%,2,Hold,"96% Buy",+54.54,+47.06%,30.02,32.48,28.17,33.22,55.47,27.56,35.92,162568,Strengthening,Strong,42.01%,0.68,32.44,33.99,56%
BVN,"Compania Mina Buenaventura S.A. ADR","Mining - Silver",34.21,+2.36%,10,Buy,"8% Buy",+54.16,+74.19%,32.96,32.03,34.27,34.48,52.16,54.69,10.93,1445260,Weakest,Minimum,26.65%,0.91,32.53,36.42,43%
BOLD,"Boundless Bio Inc","Medical - Biomedical",2.89,0.00%,7,Buy,"100% Buy",+53.10,+151.30%,2.07,2.65,1.76,2.86,61.51,131.8,128.84,527365,Strengthening,Maximum,33.51%,0.29,2.74,2.98,62%
PNTG,"The Pennant Group Inc","Medical - Outpatient & Hm Care",37.86,+0.32%,1,Sell,"40% Buy",+52.77,+58.01%,35.88,39.13,34.44,38.52,44.27,38.51,22.5,274163,Average,Good,25.48%,0.7,37.01,40.04,28%
COKE,"Coca-Cola Consolidated Inc","Beverages - Soft",195.26,+1.09%,6,Buy,"100% Buy",+52.45,+66.97%,185.48,186.69,186.21,190.76,56.67,47.47,15.38,521472,Strengthening,Soft,67.66%,0.68,182.37,199.14,77%
ACA,"Arcosa Inc","Building & Construction - Misc",145.45,-0.02%,1,Buy,"100% Buy",+51.32,+50.65%,134.69,145.07,127.65,145.17,60.01,31.15,24.81,427918,Average,Strong,75.69%,0.66,144.71,145.64,80%
HSLV,"Highlander Silver Corp",Unclassified,5.63,+8.27%,12,Buy,"56% Buy",+51.24,+104.73%,5.21,4.85,5.49,5.34,59.73,85.23,33.08,294917,Strengthening,Weak,47.06%,1.68,4.96,5.73,87%
AMG,"Affiliated Managers Group","Finance - Investment Mgmt",356.47,-1.19%,2,Hold,"64% Buy",+51.10,+55.01%,336.44,361.08,322.12,364.45,44.49,35.51,11.66,354934,Weakest,Good,42.49%,1.52,351.77,377.13,19%
AVBP,"Arrivent Biopharma Inc","Medical - Biomedical",30.51,+1.19%,2,Sell,"24% Buy",+50.93,+53.78%,30.54,31.41,28.13,30.26,50.44,34.28,39.65,494006,Weakest,Soft,58.86%,0.82,28.49,32.02,57%
LEE,"Lee Enterprises Inc","Publishing - Newspapers",8.02,+2.69%,3,Sell,"40% Sell",+50.82,+86.51%,8.67,8.23,8.43,8.19,46.67,67.01,55.44,65385,Weakening,Minimum,20.32%,0.52,7.86,8.53,24%
ACNB,"Acnb Corp","Banks - Southwest",65.2,+1.91%,2,Buy,"100% Buy",+50.02,+45.49%,57.98,62.56,55.18,64.41,59.2,25.99,22.86,54274,Strongest,Maximum,55.72%,1.42,63.41,65.41,90%
FORR,"Forrester Resrch","Computer - Services",12.2,-0.25%,4,Buy,"100% Buy",+49.68,+27.22%,8.55,10.54,7.75,11.83,62.38,7.72,38.26,120890,Average,Maximum,75.74%,0.72,11.17,12.49,78%
VTVT,"Vtv Theraptcs Cl A","Medical - Biomedical",33.4,+4.54%,6,Sell,"72% Sell",+49.50,+81.52%,33.53,33.13,34.51,32.8,53.76,62.02,-28.47,49781,Weakening,Weak,61.51%,0.48,30.21,35.38,62%
JXN,"Jackson Financial Inc Cl A","Insurance - Life",137.1,+3.25%,3,Buy,"100% Buy",+49.19,+41.11%,116.28,123.37,114.22,132.49,64.75,21.61,16.56,589140,Strongest,Maximum,62.06%,1,128.21,136.77,104%
NGNE,"Neurogene Inc","Medical - Biomedical",38.36,+1.29%,11,Hold,"96% Buy",+49.18,+95.32%,32.08,36.09,28.03,37.33,55.11,75.82,74.22,191369,Strongest,Strong,40.09%,1.02,34.33,40.33,67%
AMTB,"Mercantil Bank Holding Cl A","Banks - Southeast",29.16,+2.57%,1,Buy,"100% Buy",+48.32,+37.22%,25.35,27.62,24.24,28.86,59.33,17.72,37.47,296556,Strongest,Maximum,46.26%,0.78,28.33,29.4,78%
MD,"Pediatrix Medical Group Inc","Medical Services",26.86,+1.47%,2,Hold,"96% Buy",+48.17,+59.12%,24.47,26.17,23.15,26.54,55.63,39.62,13.58,837741,Strongest,Good,64.68%,1.03,25.97,27.1,79%
TRST,"Trustco Bank Corp NY","Banks - Northeast",57.28,+2.01%,2,Buy,"100% Buy",+47.37,+42.81%,52.86,55.99,50.04,56.67,55.09,23.31,26.6,119107,Strengthening,Strong,43.16%,1.31,55.23,58.11,71%
KYTX,"Kyverna Therapeutics Inc","Medical - Biomedical",8.61,+3.17%,9,Buy,"24% Buy",+47.29,+139.97%,8.53,8.19,8.44,8.35,54.76,120.47,-20.34,1092984,Average,Minimum,55.24%,0.57,7.68,9.01,70%
FNWB,"First Nw Banc","Banks - West",11.08,-0.18%,2,Sell,"40% Buy",+47.00,+47.73%,10.64,11.31,10.27,11.18,44.49,28.23,6.13,34752,Weakest,Average,20.76%,1.22,10.87,11.49,34%
EPC,"Edgewell Personal Care","Consumer Prdts - Misc Staple",28.4,+1.65%,2,Hold,"80% Buy",+46.33,+19.73%,24.32,27.87,23.19,28.44,52,0.23,54.58,772141,Weakening,Strong,46.58%,0.71,27.73,29.14,47%
AVBC,"Avidia Bancorp Inc","Banks - Northeast",22.16,+2.12%,5,Buy,"100% Buy",+46.25,+42.97%,20.61,21.34,20.13,21.94,56.16,23.47,19.84,94727,Strengthening,Strong,46.06%,1.11,21.38,22.49,70%
HG,"Hamilton Insurance Group Ltd Cl B","Insurance - Multi Line",35.5,+1.28%,2,Hold,"96% Buy",+45.39,+49.79%,33.1,34.94,31.99,35.2,54.87,30.29,15.25,487697,Strongest,Strong,63.91%,1.05,34.55,35.85,73%
IVZ,"Invesco Limited","Finance - Investment Mgmt",31.72,-0.84%,11,Buy,"88% Buy",+45.22,+46.51%,28.55,30.15,27.37,32.21,50.56,27.01,8.76,5328707,Weakening,Strong,39.72%,0.65,31.09,33.33,28%
PARK,"Park Dental Partners Inc","Medical Services",20.75,-1.52%,5,Buy,N/A,+45.08,N/A,19.25,20.29,18.72,21.38,49.92,N/A,28.59,N/A,N/A,N/A,23.27%,0.25,19.81,22.94,30%
LODE,"Comstock Inc","Waste Removal Svcs",3.25,-1.22%,7,Sell,"56% Sell",+44.96,+35.98%,3.62,3.61,3.43,3.41,42.14,16.48,-25.55,1474927,Strengthening,Weak,23.54%,0.52,3.15,3.66,20%
AGIO,"Agios Pharmaceuticals","Medical - Biomedical",34.13,-0.23%,11,Sell,"56% Buy",+44.95,-13.04%,32.45,35.77,31.4,33.54,50.68,-32.54,13.4,1263354,Strengthening,Soft,44.52%,0.68,31.97,35.1,69%
OBK,"Origin Bancorp Inc","Banks - Southeast",53.82,+2.11%,2,Buy,"100% Buy",+44.92,+39.76%,50.02,52.87,47.5,53.44,55.5,20.26,31.11,178757,Strengthening,Strong,37.54%,1.02,52.27,54.62,66%
FBIZ,"First Business Finan","Banks - Midwest",71.85,+2.94%,1,Buy,"100% Buy",+44.87,+38.71%,62.58,67.65,60.27,70.49,62.67,19.21,20.33,41585,Strongest,"Top 1%",61.28%,1.1,68.5,72.48,84%
ZVRA,"Zevra Therapeutics Inc","Medical - Drugs",12.3,+1.99%,5,Sell,"72% Buy",+44.83,+35.16%,11.57,12.07,10.78,11.71,58.11,15.66,25.29,1277165,Strengthening,Average,84.48%,1.04,11.13,12.28,102%
NTCT,"Netscout Systems","Computer - Networks",37.49,-1.34%,2,Sell,"8% Buy",+44.72,+52.15%,39.17,40.41,36.14,38.74,38.78,32.65,26.55,587779,Weakening,Weak,25.25%,1.04,37.37,40.12,4%
NAVN,"Navan Inc Cl A","Internet - Software",26.9,-1.50%,7,Hold,"80% Buy",+44.67,N/A,22.73,26.76,18.67,28.87,44.08,N/A,45.5,2944025,Weakening,Strong,17.80%,0.71,27.3,30.45,-13%
CZFS,"Citizens Fincl Svcs","Banks - Northeast",82.6,+3.38%,6,Buy,"100% Buy",+44.66,+38.03%,71.19,76.93,68.27,81.43,60.08,18.53,32.87,14130,Strongest,Maximum,43.01%,1.2,79.43,83.44,79%
PLBC,"Plumas Bancorp","Banks - West",62.36,+2.53%,5,Buy,"100% Buy",+44.24,+43.49%,56.73,60.68,54.66,61.82,57.41,23.99,27.55,44076,Strongest,Maximum,43.77%,0.83,60.33,63.31,68%
SABS,"Sab Biotherapeutics Inc","Medical - Biomedical",3.75,+1.35%,3,Buy,"8% Sell",+44.24,+76.89%,3.72,3.74,3.8,3.78,50.13,57.39,-11.72,584133,Weakest,Minimum,29.49%,0.56,3.63,3.92,41%
CNO,"Cno Financial Group","Insurance - Multi Line",55.32,+1.43%,1,Buy,"100% Buy",+44.19,+41.34%,50.11,53.67,47.31,54.63,58.81,21.84,18.27,722164,Strengthening,Maximum,71.52%,1.28,53.28,55.98,76%
VOYA,"VOYA Financial Inc","Insurance - Life",102.39,+1.33%,8,Buy,"100% Buy",+44.05,+37.58%,90.32,98.29,83.68,100.34,60.09,18.08,25.46,1062385,Strengthening,Maximum,70.94%,0.7,97.39,103.29,85%
TROO,"Troops Inc","Conglomerates - Div Operations",2.14,-8.33%,8,Buy,"56% Sell",+43.90,+106.25%,2.71,2.08,2.82,2.04,52.3,86.75,-44.96,345888,Average,Weak,78.54%,1.31,1.76,2.32,69%
WSBF,"Waterstone Financial","Finance - Savings & Loan",21.23,+1.87%,4,Buy,"100% Buy",+43.87,+43.35%,19.5,20.48,19.01,21.03,60.02,23.85,16.29,61277,Strongest,Maximum,49.48%,1.12,20.66,21.39,78%
ANNX,"Annexon Inc","Medical - Biomedical",4.93,+0.82%,4,Sell,"72% Sell",+43.78,+138.16%,5.44,5.39,5.47,5.2,42.89,118.66,-13.78,2976974,Average,Weak,15.88%,0.51,4.81,5.59,16%
NSP,"Insperity Inc",Staffing,50.52,-0.55%,4,Hold,"80% Buy",+43.60,-7.18%,41.03,49.25,36.36,51.93,47.9,-26.68,18.49,926483,Average,Strong,52.37%,0.59,49.99,53.88,14%
BZH,"Beazer Homes USA","Building - Residential & Comm",33.2,0.00%,3,Buy,"100% Buy",+43.39,+33.66%,27.81,32.03,26.16,33.18,58.92,14.16,51.8,558601,Strengthening,Strong,45.68%,0.62,33.02,33.33,58%
ASH,"Ashland Inc","Chemical - Specialty",74.22,-1.88%,2,Buy,"100% Buy",+43.00,+35.27%,63.99,70.15,61.84,73.99,56.42,15.77,14.51,829276,Strengthening,Maximum,64.96%,0.92,71.94,76.03,56%
BAP,"Credicorp Ltd","Banks - Foreign",379.56,+1.89%,1,Sell,"56% Buy",+42.99,+45.92%,361.14,384.89,354.77,377.15,50.75,26.42,20.26,417598,Weakening,Average,28.59%,0.94,363.17,391.12,59%
CAC,"Camden Natl Corp","Banks - Northeast",57.09,+1.64%,3,Hold,"80% Buy",+42.95,+41.42%,52.97,56.07,51.25,57.39,52.48,21.92,19.61,96976,Strengthening,Strong,44.98%,1.04,55.55,59.23,42%
WBI,"Waterbridge Infrastructure Llc Cl A","Real Estate Operations",32.26,-1.13%,2,Sell,"56% Buy",+42.43,N/A,31.13,32.9,29.09,31.97,49.72,N/A,49.23,844500,Weakening,Average,68.08%,0.47,31.13,32.81,67%
KINS,"Kingstone Cos Inc","Insurance - Proprty & Casualty",19.85,+1.28%,2,Hold,"96% Buy",+42.01,+47.36%,17.91,19.72,17.1,19.76,51.84,27.86,5.95,128116,Strengthening,Strong,41.25%,0.86,18.97,20.54,56%
FMAO,"Farmers & Merch Banc","Banks - Northeast",34.56,+1.98%,6,Buy,"100% Buy",+41.25,+32.41%,30.03,32.53,28.82,34.37,58.67,12.91,27.82,59001,Strongest,Maximum,48.31%,0.65,33.24,35.5,58%
PFIS,"Peoples Finl Svcs Company","Banks - Northeast",70.43,+2.53%,2,Hold,"96% Buy",+41.24,+33.62%,64.07,69.1,60.79,70.31,54.29,14.12,32.6,47806,Strongest,Strong,31.03%,1.12,68.54,72.08,53%
FVCB,"Fvcbankcorp Inc","Banks - Southeast",18.39,+1.60%,2,Hold,"80% Buy",+41.20,+36.12%,17,18.12,16.44,18.51,51.36,16.62,20.22,111299,Strengthening,Strong,38.98%,0.9,18.06,18.95,37%
OBT,"Orange County Bancor","Banks - Northeast",37.77,+0.72%,5,Hold,"64% Buy",+41.17,+42.42%,36.29,37.82,35.17,38.29,47.06,22.92,20.3,56346,Weakest,Average,28.03%,0.91,37.32,39.27,23%
SNEX,"Stonex Group Inc","Finance - Misc Services",66.86,-1.40%,2,Sell,"24% Sell",+40.83,+47.07%,74.97,73.67,67.67,67.45,41.64,27.57,46.15,1061134,Average,Minimum,49.10%,0.82,64.79,70.11,39%
WKC,"World Kinect Corp","Oil - Refining and Marketing",35.13,-0.43%,1,Sell,"56% Buy",+40.83,+29.87%,32.02,36.09,29.59,36.12,41.26,10.37,37.95,958235,Weakest,Good,21.37%,0.62,34.86,37.38,11%
FSBC,"Five Star Bancorp","Banks - West",46.36,+2.25%,2,Sell,"56% Buy",+40.21,+42.25%,44.59,47.2,42.69,45.95,52.26,22.75,17.58,111078,Weakening,Good,41.90%,0.95,44.44,47.46,64%
MS,"Morgan Stanley","Finance - Investment Brokers",211.82,+0.37%,5,Sell,"40% Buy",+39.87,+42.30%,207.9,215.71,194.89,214.81,45.73,22.8,7.33,6141116,Weakest,Average,33.43%,0.71,209.61,220.01,21%
WLY,"John Wiley Sons Cl A","Publishing - Books",51.05,-2.56%,3,Buy,"72% Buy",+39.78,+28.33%,46.65,51.24,42.36,52.08,46.11,8.83,54.68,536546,Weakening,Strong,47.10%,2.36,49.62,54.54,29%
LITB,"Lightinthebox Holding Ltd ADR","Internet Services - Delivery",3,-0.66%,2,Sell,"40% Buy",+39.64,+153.16%,2.92,3.09,2.79,3.06,46.45,133.66,21.94,11126,Weakest,Weak,36.46%,0.52,2.89,3.23,32%
IRON,"Disc Medicine Inc","Medical - Biomedical",80.05,+1.75%,8,Hold,"80% Buy",+39.56,+30.37%,73.03,77.37,70.73,79.95,53.49,10.87,-11.18,581544,Strongest,Soft,50.85%,0.99,76.96,82.94,52%
NUAI,"New Era Energy & Digital Inc","Other Alt Energy",5.14,+5.98%,8,Sell,"88% Buy",+39.46,"+1,106.86%",4.92,5.02,4.91,5.12,51.62,1087.36,63.44,6468081,Strengthening,Weak,28.65%,0.75,4.61,5.63,52%
TYRA,"Tyra Biosciences Inc","Medical - Biomedical",25.13,-0.67%,2,Sell,"88% Sell",+38.97,+100.56%,30.9,29.2,32.01,25.84,38.32,81.06,-16.4,819489,Strengthening,Good,34.08%,0.87,24.57,27.11,22%
GM,"General Motors Company","Auto - Domestic",84.87,-0.89%,1,Buy,"88% Buy",+38.83,+45.00%,81.06,82.97,80.02,86.36,47.58,25.5,-7.62,7833895,Weakening,Soft,39.66%,0.9,83.81,88.92,21%
WEST,"Westrock Coffee Company","Beverages - Soft",7.84,+1.82%,6,Sell,"56% Buy",+38.75,+45.72%,7.66,7.99,6.62,8.18,43.73,26.22,80.64,516726,Weakening,Average,8.34%,0.4,7.75,8.62,11%
WST,"West Pharmaceutical Services","Medical - Dental Suppliers",342.63,+1.18%,6,Sell,"40% Buy",+38.66,+40.57%,329.09,350.2,301.06,348.23,45.71,21.07,12.54,823191,Weakening,Average,21.34%,0.47,338.38,358.07,22%
VMET,"Versamet Royalties Corp","Mining - Misc",10.32,+3.93%,8,Buy,"24% Sell",+38.42,+87.64%,11.08,10.09,10.82,10.26,52.17,68.14,5.15,161092,Weakest,Weak,27.02%,1.11,9.69,10.83,55%
SBFG,"Sb Financial Group","Banks - Northeast",28.19,+1.44%,5,Buy,"100% Buy",+38.41,+31.42%,24.3,26.53,23.22,27.28,61.53,11.92,14.59,20058,"Top 1%",Maximum,68.18%,0.57,26.27,28.29,95%
INTG,"Intergroup Corp","Real Estate Developers",34.88,+0.75%,6,Sell,"24% Sell",+38.06,+112.42%,36.99,36.68,35.73,33.9,52.37,92.92,10.87,48395,Weakening,Minimum,59.88%,1.55,30.84,36.96,66%
PDLB,"Ponce Financial Group Inc","Finance - Misc Services",20.34,+2.11%,6,Hold,"80% Buy",+37.73,+36.79%,19.23,20.19,18.37,20.36,51.42,17.29,12.41,75482,Average,Strong,28.68%,1.95,19.85,20.86,48%
BMHL,"Bluemount Holdings Limited Cl B","Finance - Misc Services",5.9,-0.19%,6,Buy,"100% Buy",+37.66,+57.48%,4.75,5.75,4.37,5.77,56.22,37.98,65.19,4845,Strengthening,Strong,86.28%,0.16,5.52,6.02,76%
FVR,"Frontview REIT Inc","REIT - Equity Trust Other",19.03,-1.91%,1,Sell,"24% Buy",+37.47,+46.27%,19.21,20.34,18.2,19.64,35,26.77,16.94,162524,Weakening,Weak,20.54%,0.47,19.16,20.13,-13%
PEBK,"Peoples Bancorp NC","Banks - Southeast",43.88,+1.57%,5,Buy,"88% Buy",+37.38,+39.70%,42.38,43.32,41.1,43.93,51.94,20.2,9.23,27900,Average,Good,28.56%,0.86,42.63,45.22,48%
ENTA,"Enanta Pharmaceutica","Medical - Biomedical",14.09,+4.29%,7,Buy,"56% Buy",+37.31,+56.56%,13.46,13.56,13.47,13.57,57.65,37.06,-22.64,226557,Strengthening,Weak,42.82%,1.15,12.87,14.27,87%
CASS,"Cass Information Sys","Computer - Services",56.26,+1.92%,6,Hold,"80% Buy",+37.16,+30.17%,51.09,54.91,49.02,57.18,50.44,10.67,23.51,82641,Strengthening,Strong,52.54%,0.66,55.56,58.8,22%
ITRN,"Ituran Location","Protection - Safety",51.4,+0.67%,4,Sell,"40% Sell",+37.04,+50.87%,57.61,54.94,54.68,52.01,41.13,31.37,7.52,129379,Weakening,Weak,22.21%,0.48,49.65,54.36,37%
RBKB,"Rhinebeck Bancorp Inc","Banks - Northeast",12.67,+0.72%,9,Buy,"100% Buy",+36.94,+32.97%,11.96,12.4,11.54,12.65,55.03,13.47,35.58,48868,Strengthening,Strong,25.96%,0.72,12.42,12.88,55%
BEN,"Franklin Resources","Finance - Investment Mgmt",33.01,-0.27%,3,Hold,"64% Buy",+36.71,+29.86%,32.05,33.65,29.92,34.04,40.24,10.36,26.18,4745480,Weakest,Good,17.25%,0.84,32.91,35.17,4%
FCBC,"First Community Bksh","Banks - Southeast",48.7,+1.21%,5,Hold,"80% Buy",+36.70,+30.01%,44.94,47.02,43.39,48.86,54.26,10.51,32.39,76086,Average,Strong,30.04%,1.2,47.91,49.8,42%
WASH,"Washington TR Bncorp","Banks - Northeast",39.46,+2.33%,4,Hold,"88% Buy",+36.62,+30.53%,35.57,38.17,35.12,39.46,53.87,11.03,21.55,160849,Strengthening,Strong,26.46%,0.81,38.45,40.47,50%
LXP,"Lxp Industrial Trust","REIT - Equity Trust Resident",60.73,-0.13%,12,Buy,"88% Buy",+36.39,+37.09%,55.31,58.95,53,60.77,59.87,17.59,10.5,614471,Average,Strong,35.07%,1.14,60.44,61.11,43%
ALTO,"Alto Ingredients Inc","Consumer Prdts - Misc Discr",4.11,+2.24%,3,Sell,"24% Sell",+36.18,+263.72%,4.98,4.81,4.51,4.17,42.61,244.22,30.72,1906002,Weakest,Weak,33.64%,0.89,3.9,4.44,38%
WAT,"Waters Corp","Medical Instruments",412.2,+1.57%,10,Buy,"100% Buy",+36.13,+39.03%,366.22,390.17,350.61,411.17,56.16,19.53,-3.47,923623,Strengthening,Strong,49.27%,0.73,400.72,421.62,55%
SNDR,"Schneider National Inc","Transportation - Services",33.58,-0.09%,3,Sell,"24% Buy",+36.00,+37.45%,34.47,35.98,32.02,35.15,37.82,17.95,14.58,974985,Weakening,Weak,16.05%,0.67,33.66,36.64,-3%
BPRN,"Princeton Bancorp Inc","Banks - Northeast",42.98,+1.70%,3,Buy,"100% Buy",+35.79,+29.46%,38.1,40.53,36.98,42.55,63.47,9.96,11.91,14942,Strongest,Maximum,34.81%,1.19,41.68,43.43,74%
BSAC,"Banco Santander Chile ADR","Banks - Foreign",35.74,+2.49%,7,Buy,"100% Buy",+35.66,+48.30%,33.12,34.14,33.37,35.04,58.24,28.8,2.89,366889,Strongest,Average,49.43%,1.19,33.91,36.17,81%
STOK,"Stoke Therapeutics Inc","Medical - Biomedical",30.5,-1.26%,5,Hold,"48% Sell",+35.64,+55.69%,31.55,31.18,32.24,32.1,43.31,36.19,-15.9,788172,Strengthening,Weak,24.59%,0.69,30.5,33.7,0%
MYFW,"First Western Financial Inc","Banks - Midwest",31.02,+1.94%,3,Sell,"40% Buy",+35.60,+34.81%,30.21,31.9,28.51,31.2,47.16,15.31,3.71,40034,Weakening,Average,29.45%,0.89,30.38,32.03,39%
FRAF,"Franklin Finl Svcs Corp","Banks - Northeast",63.12,+3.07%,3,Sell,"72% Buy",+35.11,+35.57%,60.27,62.73,57.08,62.61,54.69,16.07,13.75,41038,Average,Good,33.87%,1.45,60.85,64.37,65%
INGM,"Ingram Micro Holding Corp","Technology Services",27.69,+0.29%,2,Hold,Hold,+35.01,+45.43%,28.4,28.35,26.44,28.11,44.69,25.93,17.77,1047661,Falling,,35.26%,0.67,26.9,29.33,33%
DCOM,"Dime Commercial Bancshares Inc","Banks - Southeast",40.4,+2.41%,2,Hold,"80% Buy",+34.88,+32.24%,38.76,40.37,37.11,40.49,50.38,12.74,22.27,297711,Weakening,Strong,33.49%,1,39.7,41.27,45%
IBRX,"Immunitybio Inc","Medical - Biomedical",7.95,+1.02%,9,Buy,"88% Buy",+34.83,+234.03%,7.71,7.87,7.75,7.83,52.49,214.53,289.53,20400395,Average,Soft,37.09%,0.71,7.29,8.37,61%
BCH,"Banco DE Chile ADR","Banks - Foreign",42.38,+2.24%,5,Buy,"88% Buy",+34.69,+46.54%,39.43,40.8,39.8,41.49,57.08,27.04,-0.46,347646,Strongest,Average,55.49%,1.82,40.03,42.95,80%
USCB,"Uscb Financial Hldgs Inc","Banks - Southeast",22.72,+2.07%,2,Buy,"100% Buy",+34.60,+32.32%,20.17,21.49,19.79,22.41,62.59,12.82,11.35,52297,Strongest,Maximum,26.30%,1.35,22.1,22.72,101%
TSBK,"Timberland Bancorp","Finance - Savings & Loan",45.66,+1.42%,7,Hold,"80% Buy",+34.56,+36.52%,42.95,44.89,41.68,45.93,51.39,17.02,15.55,29601,Weakening,Strong,11.47%,0.94,44.98,46.88,36%
KNOP,"Knot Offshore Partners LP","Transportation - Ship",11.29,+2.92%,10,Buy,"72% Buy",+34.37,+33.61%,10.64,10.52,10.53,10.69,68.77,14.11,-2.91,98193,Strongest,Average,79.84%,1.61,10.32,11.05,133%
SLAB,"Silicon Labs Inc","Semi Analog & Mixed",220.23,+0.51%,4,Buy,"100% Buy",+34.12,+69.03%,217.59,218.22,211.97,218.75,65.4,49.53,56.51,481018,Strengthening,Average,83.23%,1.69,217.73,219.78,122%
ZURA,"Zura Bio Ltd","Medical - Biomedical",5.67,+0.35%,6,Hold,"64% Buy",+34.07,+180.69%,5.04,5.51,5.43,5.79,49.89,161.19,-3.78,840413,Average,Weak,13.77%,0.7,5.37,6.21,36%
VOD,"Vodafone Grp Plc ADR","Wireless Non-US",16.07,+0.12%,4,Buy,"100% Buy",+33.95,+37.12%,15.27,15.27,15.19,16.06,55.14,17.62,9.66,4243992,Strengthening,Average,50.11%,0.63,15.77,16.34,52%
SLP,"Simulations Plus Inc","Computer - Software",18.43,+0.05%,13,Buy,"100% Buy",+33.93,+28.08%,16.89,18.32,15.49,18.37,64.82,8.58,-10.89,369274,Strengthening,Good,88.89%,0.7,18.3,18.45,89%
THG,"The Hanover Insurance Group","Insurance - Proprty & Casualty",227.12,+0.53%,1,Hold,"96% Buy",+33.83,+29.06%,204.89,220.87,194.8,225.29,56.63,9.56,12.28,309099,Strengthening,Strong,71.33%,0.76,219.27,231.31,65%
HSIC,"Henry Schein Inc","Medical - Dental Suppliers",90.39,+2.11%,2,Buy,"100% Buy",+33.72,+32.17%,81.55,87.15,79.95,89.36,59.63,12.67,7.61,1326698,Strongest,Maximum,50.04%,0.69,87.77,90.96,82%
TECH,"Bio-Techne Corp","Medical - Biomedical",72.3,+0.17%,5,Buy,"100% Buy",+33.54,+35.34%,62.02,71.54,60.27,72.28,63.24,15.84,10.95,3103502,Average,Strong,36.36%,0.32,72.02,72.55,53%
CTW,"Ctw Cl A",Gaming,2.48,-2.36%,6,Hold,"40% Buy",+33.45,+16.98%,2.53,2.52,2.29,2.64,43.71,-2.52,31.36,37708,Weakening,Average,33.27%,0.87,2.39,2.88,18%
ASND,"Ascendis Pharma ADR","Medical - Biomedical",267.31,+2.71%,9,Buy,"88% Buy",+33.22,+34.22%,244.1,256.73,238.59,253.63,63.13,14.72,13.37,674860,Strongest,Strong,80.78%,0.64,242.76,264.5,113%
BSRR,"Sierra Bancorp","Banks - West",40.38,+2.44%,3,Sell,"56% Buy",+32.85,+32.57%,39.26,40.73,37.91,40.15,52.18,13.07,11.57,59838,Weakening,Average,23.50%,0.93,39.04,41.25,61%
FBLA,"Fb Bancorp Inc","Banks - Southeast",15.71,+0.77%,6,Hold,"96% Buy",+32.68,+32.24%,14.78,15.45,14.32,15.69,53.9,12.74,10.27,116533,Strengthening,Maximum,45.16%,2.11,15.47,15.9,56%
FNLC,"First Bancorp Inc","Banks - Northeast",34.66,+2.09%,2,Sell,"56% Buy",+32.57,+28.18%,32.01,34.74,30.76,34.94,49.89,8.68,19.1,24202,Weakening,Strong,18.83%,0.74,33.95,35.93,36%
FUSB,"First US Bancshares Inc","Banks - Southeast",16.45,+0.30%,2,Sell,"40% Buy",+32.57,+45.19%,16.27,16.53,15.9,16.48,49.39,25.69,5.76,9748,Weakening,Soft,49.60%,0.15,16.26,16.7,44%
VG,"Venture Global Inc Cl A","Oil - US Exploration & Product",14.73,-2.51%,9,Buy,"100% Buy",+32.42,+13.31%,12.88,13.19,12.64,14.09,57.31,-6.19,103.99,17445260,Strongest,Average,87.03%,0.99,13.14,15.03,84%
NVCR,"Novocure Ltd Ord Sh","Medical - Biomedical",17.83,+2.59%,7,Buy,"100% Buy",+32.38,+46.27%,16.22,16.68,14.74,17.39,55.09,26.77,25.91,1703921,Strongest,Strong,56.58%,0.84,16.24,18.54,69%
WSBK,"Winchester Bancorp Inc","Banks - Northeast",13,+0.23%,4,Sell,"56% Buy",+32.05,+37.52%,12.93,13.02,12.82,12.99,50.34,18.02,12.41,9153,Average,Weak,19.55%,2.19,12.96,13.03,57%
AFRI,"Forafric Global Plc","Agriculture Operations",11.1,-1.77%,4,Buy,"100% Buy",+32.04,+35.04%,10.28,10.58,10.1,10.81,56.73,15.54,-11.36,16615,Strongest,Average,50.87%,1.65,10.35,11.26,82%
CZNC,"Citizens Nrthn Corp","Banks - Northeast",25.83,+2.01%,3,Buy,"100% Buy",+31.92,+27.43%,23.19,24.53,23.03,25.67,60.44,7.93,16.07,57096,Strongest,Maximum,39.59%,1.03,25.12,26.21,65%
SAIC,"Science Applications International","IT Services",127.18,+0.32%,11,Buy,"100% Buy",+31.90,+7.53%,110.07,119.33,104.76,126.67,57.19,-11.97,14.36,593917,Strongest,Maximum,22.21%,1.14,124.19,129.15,60%
JAKK,"Jakks Pacific Inc","Toys & Game & Hobby",24.53,-0.73%,1,Hold,"64% Buy",+31.79,+39.85%,23.41,24.65,22.25,25.4,41.54,20.35,33.33,94188,Weakening,Strong,14.86%,0.5,24.7,26.09,-13%
MOH,"Molina Healthcare Inc","Medical - HMO",202.62,-0.22%,6,Sell,"56% Buy",+31.76,+10.57%,196.87,211.08,180.08,200.74,50.17,-8.93,4.77,1441691,Average,Soft,29.12%,0.42,191.98,209.49,61%
NWFL,"Norwood Financial Corp","Banks - Northeast",34.61,+1.88%,1,Buy,"100% Buy",+31.74,+29.43%,31.68,32.96,31.12,34.07,61.42,9.93,11.4,31774,Strongest,Maximum,57.84%,1.25,33.45,34.68,94%
AA,"Alcoa Corp","Metal Products - Distribution",51.05,+0.29%,7,Buy,"24% Sell",+31.62,+65.00%,58.23,48.83,59.68,50.68,52.62,45.5,-15.92,6090503,Weakest,Soft,38.72%,0.58,48.13,53.23,57%
FXNC,"First Natl Corp Strasburg VA","Banks - Northeast",30.89,+1.95%,1,Hold,"80% Buy",+31.57,+32.92%,29.41,30.58,28.63,31.3,49.47,13.42,10.4,56847,Average,Strong,16.30%,0.54,30.2,32.41,31%
ESEA,"Euroseas Ltd","Transportation - Ship",77.1,+0.48%,1,Buy,"100% Buy",+31.56,+26.30%,71.21,73.27,68.49,75.37,56.22,6.8,29.22,57801,Strongest,Strong,65.90%,0.74,72.33,78.41,78%
GOOGL,"Alphabet Cl A","Internet - Services",337.12,+0.63%,3,Hold,"16% Sell",+31.53,+59.51%,358.65,348.73,341.88,345.17,43.14,40.01,-4.28,32745988,Weakening,Minimum,16.24%,0.76,333.6,356.74,15%
RAMP,"Liveramp Holdings Inc","Technology Services",37.8,-0.05%,3,Hold,"88% Buy",+31.21,+38.46%,35.54,37.73,32.43,37.73,54.5,18.96,16.71,1014306,Weakening,Strong,69.91%,0.93,37.52,37.94,67%
AROW,"Arrow Financial Corp","Banks - Northeast",38.82,+3.82%,2,Sell,"56% Buy",+31.16,+31.42%,38.44,39.87,36.96,38.62,49.82,11.92,11.64,87111,Weakening,Average,39.03%,1.32,37.42,39.82,58%
GS,"Goldman Sachs Group","Finance - Investment Brokers",1004.42,+0.19%,3,Sell,"24% Buy",+31.06,+37.43%,1013.33,1045.01,966.42,1032.92,41.76,17.93,2.28,2186808,Weakest,Weak,19.59%,1.11,1003.54,1062.3,2%
TFSL,"Tfs Financial Corp","Finance - Savings & Loan",17.47,+0.52%,1,Sell,"40% Buy",+30.77,+27.52%,16.68,17.8,15.87,17.56,45.31,8.02,18.58,808096,Weakest,Average,27.45%,0.7,17.17,17.95,39%
ELV,"Elevance Health Inc","Medical Services",405.84,+0.69%,9,Buy,"100% Buy",+30.68,+25.91%,386.55,395.27,361.75,397.71,57.5,6.41,3.78,1643960,Strongest,Good,58.22%,0.76,389.17,406.25,98%
PCB,"Pcb Bancorp","Banks - Southwest",27.78,+2.09%,4,Sell,"40% Buy",+30.51,+27.20%,26.52,28.31,25.23,27.83,49.23,7.7,16.32,29427,Weakening,Average,22.50%,0.8,27.06,28.6,47%
GSBC,"Great Southern Bncp","Finance - Savings & Loan",79.49,+1.94%,1,Sell,"72% Buy",+30.47,+25.80%,74.77,79.15,70.85,79.6,52.34,6.3,17.14,83679,Average,Strong,28.09%,0.88,77.36,81.84,47%
MBWM,"Mercantile Bank Corp","Banks - Midwest",61,+3.15%,4,Buy,"100% Buy",+30.37,+24.34%,55.77,59.16,54.5,60.45,57.34,4.84,14.83,113488,Strongest,Maximum,41.48%,1.25,59.05,61.86,69%
WERN,"Werner Enterprise","Transportation - Truck",37.88,+0.11%,5,Sell,"8% Buy",+30.24,+32.87%,39.36,40.66,36.91,38.06,44.6,13.37,14.23,1103438,Weakening,Weak,55.66%,0.51,36.52,39.6,44%
ECBK,"ECB Bancorp Inc","Banks - Northeast",21.07,+2.23%,8,Buy,"100% Buy",+30.00,+23.58%,19.42,20.36,18.73,20.66,60.27,4.08,9.17,11329,Strengthening,Maximum,65.17%,1.22,20.21,21.11,96%
LXFR,"Luxfer Holdings Plc","Machinery - General Industrial",17.19,0.00%,8,Buy,"72% Buy",+29.94,+30.13%,16.48,17.2,15.47,17.13,53.89,10.63,15.06,200318,Weakening,Average,80.04%,0.92,17.04,17.21,87%
PAG,"Penske Automotive Group","Retail - Wsale Auto & Trucks",218.06,+0.53%,1,Buy,"100% Buy",+29.78,+18.11%,187.29,206.66,176.81,217.46,59,-1.39,25.77,310422,Strongest,Maximum,29.12%,0.42,215.35,219.57,64%
DLTR,"Dollar Tree Inc","Retail - Discount",131.91,+0.15%,5,Hold,"80% Buy",+29.71,+18.46%,114.38,126.81,115.08,130.31,55.16,-1.04,-4.75,3271375,Strengthening,Good,63.08%,0.43,125.52,135.1,67%
MVBF,"Mvb Financial Corp","Banks - Northeast",30.85,+1.98%,2,Buy,"100% Buy",+29.65,+28.54%,28.11,29.75,27.61,30.35,59.57,9.04,7.44,49794,Strongest,Strong,60.39%,1.37,29.76,30.95,92%
IMTX,"Immatics NV","Medical - Biomedical",9.5,+0.74%,7,Sell,"56% Sell",+29.64,+77.90%,10.05,9.42,10,9.35,52.91,58.4,-21.51,485056,Weakening,Weak,70.18%,1.55,8.71,9.98,62%
LSBK,"Lake Shore Bancorp","Finance - Savings & Loan",17.23,-0.12%,1,Buy,"100% Buy",+29.35,+29.65%,16.53,17.13,16.13,17.19,55.1,10.15,5.54,10062,Average,Strong,82.61%,0.62,17.07,17.3,69%
ISTR,"Investar Holding","Banks - Southeast",30.4,+2.15%,4,Hold,"96% Buy",+29.26,+31.15%,29.24,29.97,28.9,30.32,53.47,11.65,1.78,132714,Strengthening,Average,34.41%,0.56,29.6,31.03,56%
HPQ,"HP Inc","Computer - Micro",31.99,+2.14%,7,Buy,"100% Buy",+29.25,+10.54%,24.68,26.84,22.77,29.92,64.24,-8.96,31.59,17600869,"Top 1%",Maximum,78.23%,1,28.15,31.69,109%
DSP,"Viant Technology Inc","Technology Services",13.12,+3.88%,5,Buy,"100% Buy",+29.02,+29.01%,11.84,12.39,11.44,12.79,56.12,9.51,-3.02,243881,Strongest,Good,50.75%,0.87,11.92,13.66,69%
BVFL,"Bv Financial Inc MD","Banks - Northeast",21.55,+1.56%,3,Hold,"96% Buy",+28.98,+28.73%,20.58,21.27,20.13,21.34,54.37,9.23,6.81,17718,Strengthening,Good,51.92%,1.33,20.88,21.8,73%
ACOG,"Alpha Cognition Inc","Medical - Biomedical",9.31,+1.58%,9,Buy,"100% Buy",+28.94,+14.29%,7.34,8.49,6.78,9.16,55.53,-5.21,31.32,78940,Strongest,Maximum,54.21%,0.45,8.39,9.92,60%
BHB,"Bar Harbor Bankshares","Banks - Northeast",39.81,+2.47%,2,Hold,"96% Buy",+28.83,+24.60%,37,38.99,35.76,39.75,54.5,5.1,16.22,107450,Strengthening,Strong,31.04%,0.79,38.72,40.78,53%
NPCE,"Neuropace Inc","Medical Instruments",15.19,+3.05%,7,Sell,"56% Sell",+28.70,+66.19%,15.73,15.17,15.29,14.49,56.34,46.69,-13.61,204441,Weakest,Weak,71.23%,0.82,13.77,15.22,98%
GWW,"W.W. Grainger","Industrial Services",1284.85,-1.86%,1,Sell,"24% Buy",+28.60,+26.35%,1287.28,1341.04,1230.27,1307.48,40.23,6.85,15.34,282578,Weakening,Soft,23.95%,1.01,1279.11,1335.86,10%
TNET,"Trinet Group Inc",Outsourcing,67.35,+0.61%,3,Hold,"80% Buy",+28.36,-5.43%,53.04,62.93,49.1,68.73,50.65,-24.93,1.91,438352,Average,Strong,40.67%,1.01,65.95,71.51,25%
CZWI,"Citizens Community","Finance - Savings & Loan",21.47,+3.72%,1,Sell,"40% Buy",+28.30,+30.44%,21.44,22.06,20.56,20.93,53.2,10.94,8.49,52957,Weakening,Soft,54.75%,1.08,20.37,21.5,97%
HTO,"H2O America","Waste Removal Svcs",63.45,-0.55%,6,Buy,"100% Buy",+28.26,+29.75%,60.15,62.69,58.76,63.24,52.45,10.25,17.53,476749,Average,Strong,58.67%,1.15,61.69,64.79,57%
BH.A,"Biglari Holdings Inc Cl A","Retail - Restaurants",1972.39,0.00%,1,Sell,"56% Buy",+27.52,+29.34%,1774.17,1962.7,1800.31,1945.29,54.3,9.84,1.36,18813,Average,Average,71.13%,0.7,1894.96,1995.62,77%
BCAL,"California Bancorp","Banks - Southwest",21.53,+2.09%,4,Hold,"96% Buy",+27.51,+28.00%,20.09,21.17,19.46,21.41,55.53,8.5,3.33,210416,Strongest,Strong,43.48%,0.89,21.02,21.79,66%
SVRA,"Savara Inc","Medical - Drugs",5.46,+2.06%,5,Sell,"32% Sell",+27.46,+64.95%,5.46,5.67,5.47,5.52,48.37,45.45,-21.44,1908583,Weakest,Minimum,39.84%,0.69,5.2,5.84,41%
RYAM,"Rayonier Advanced Materials Inc","Paper & Related Products",8.59,+3.12%,3,Buy,"8% Buy",+27.44,+52.85%,8.68,8.28,8.97,8.57,51.33,33.35,33.85,948372,Weakest,Minimum,52.44%,0.66,8.12,9.02,52%
LARK,"Landmark Bancorp Inc","Finance - Savings & Loan",31.82,+0.90%,6,Hold,"80% Buy",+27.34,+25.32%,29.68,31.43,28.63,32.01,51.73,5.82,9.51,9184,Strengthening,Strong,45.29%,1.44,31.57,32.46,28%
OVBC,"Ohio Valley Banc Corp","Banks - Midwest",46.8,+3.67%,9,Buy,"56% Buy",+27.19,+27.31%,45.26,43.75,44.44,44.99,65.09,7.81,5.07,23557,Average,Soft,73.04%,0.47,43.41,46.57,107%
ESP,"Espey Mfg. & Electronics","Electronics - Military",62,-0.35%,6,Buy,"56% Buy",+27.09,+33.45%,62.77,61.62,60.75,63.26,48.72,13.95,19.56,31507,Weakest,Weak,15.23%,0.48,61.1,65.43,21%
PBA,"Pembina Pipeline Cor","Oil - Production & Pipeline",48.59,-0.90%,8,Sell,"48% Buy",+26.92,+29.57%,47.61,48.72,46.42,48.59,49.06,10.07,15.68,1283504,Weakest,Average,46.84%,0.8,47.63,49.55,50%
MIRM,"Mirum Pharmaceuticals Inc","Medical - Biomedical",99.83,+1.52%,3,Sell,"8% Buy",+26.89,+34.29%,104.4,109.68,101.63,98.66,46.04,14.79,14.39,833211,Weakest,Minimum,38.72%,0.66,95.06,102.25,66%
SIBN,"Si-Bone Inc","Medical Instruments",19.16,+1.27%,6,Buy,"88% Buy",+26.78,+16.47%,16.11,18.04,15.53,19.12,55.84,-3.03,-14.83,604354,Strengthening,Strong,31.25%,1.34,18.27,19.97,52%
BH,"Biglari Holdings Inc","Retail - Restaurants",393.99,+1.02%,1,Hold,"64% Buy",+26.70,+27.77%,345.61,390.84,347.67,386.17,56.39,8.27,6.53,107586,Strengthening,Average,68.64%,2.89,376.47,395.86,90%
CURB,"Curbline Properties Corp","REIT - Equity Trust Retail",29.44,-0.51%,1,Sell,"24% Buy",+26.63,+32.49%,29.47,30.42,28.45,29.83,40.63,12.99,14.85,985437,Weakening,Soft,26.31%,1.15,29.33,30.33,11%
LILA,"Liberty Latin America Cl A","Wireless National",8.75,+2.22%,4,Buy,"88% Buy",+26.53,+11.75%,7.87,7.99,7.91,8.53,59.9,-7.75,6.41,463687,Strongest,Average,82.25%,0.6,8.25,8.8,90%
ICLR,"Icon Plc","Medical Services",159.84,-0.97%,9,Sell,"24% Buy",+26.42,-10.12%,146.85,167.81,136.07,167.39,40.79,-29.62,-24.27,1243924,Weakest,Weak,11.89%,1.12,159.35,175.44,3%
ZD,"Ziff Davis Inc","Internet - Software",56.69,+2.62%,3,Buy,"100% Buy",+25.99,+49.34%,49.25,53.48,45.37,55.04,61.3,29.84,49.29,755294,Strongest,Maximum,62.24%,1.36,52.64,57.43,84%
HNVR,"Hanover Bancorp Inc","Banks - Northeast",27.25,+2.10%,7,Buy,"100% Buy",+25.97,+22.20%,24.36,25.64,23.52,27.13,60.28,2.7,5.92,32188,Strongest,Maximum,32.44%,1.49,26.61,27.64,62%
ACNT,"Ascent Industries Co.","Machinery - General Industrial",15.31,+1.39%,2,Hold,"80% Buy",+25.92,+26.69%,14.59,15.16,14.7,15.2,52.1,7.19,-17.43,82025,Strengthening,Weak,47.58%,0.43,14.63,15.77,60%
TEO,"Telecom Argentina Stet France Telecom ADR","Wireline Non-US",13.31,+1.60%,3,Sell,"56% Buy",+25.82,+56.22%,13.04,13.37,12.58,13.39,48.64,36.72,2.65,326947,Average,Weak,49.70%,0.67,12.79,13.99,43%
SBUX,"Starbucks Corp","Retail - Restaurants",106.72,+0.54%,3,Buy,"100% Buy",+25.74,+18.87%,103.33,105.37,100.75,106.64,51.95,-0.63,14.74,8184192,Strengthening,Strong,48.56%,0.74,104.01,109.27,52%
TBPH,"Theravance Bio Ord","Medical - Drugs",17.07,+0.23%,14,Buy,"40% Buy",+25.58,+23.34%,16.75,16.97,16.77,16.98,63.73,3.84,-20.76,564383,Average,Minimum,71.25%,0.82,16.87,17.09,92%
HWBK,"Hawthorn Bancshares","Banks - Northeast",39.05,+0.80%,4,Hold,"64% Buy",+25.46,+19.13%,37.39,39.06,36.25,39.49,48.51,-0.37,-0.03,10258,Weakening,Strong,32.88%,1.18,38.54,40.44,27%
CCK,"Crown Cork & Seal Company","Containers - Metal & Glass",117,+0.29%,4,Hold,"80% Buy",+25.26,+18.47%,107.89,116.22,107.81,118.6,48.37,-1.03,1.64,1230699,Strengthening,Strong,27.59%,0.77,115.37,121.83,25%
PTRN,"Pattern Group Inc Series A","Internet Commerce",20.4,+1.85%,2,Sell,"24% Buy",+24.97,N/A,20.42,23.85,17.52,21.27,40.91,N/A,64.79,1349672,Weakest,Soft,21.17%,0.51,19.72,22.83,22%
LAUR,"Laureate Education Inc",Schools,36.19,-2.89%,7,Hold,"48% Buy",+24.92,+29.37%,35.59,37.77,35.06,37.7,39.25,9.87,-4.52,1334418,Weakest,Soft,19.42%,1.49,36.27,39.13,-3%
CACC,"Credit Acceptance","Finance - Consumer Loans",607.77,+2.29%,3,Sell,"72% Buy",+24.75,+18.68%,570.19,601.97,538,588.97,57.86,-0.82,25.06,162529,Strengthening,Good,76.63%,0.68,566.66,611.28,92%
MDGL,"Madrigal Pharmaceuticals Inc","Medical - Drugs",546.93,+1.53%,8,Sell,"72% Buy",+24.66,+25.41%,518.92,528.39,502.44,525.67,57.55,5.91,-18.07,338301,Strongest,Weak,84.15%,0.55,499.03,552.32,90%
MCBS,"Metrocity Bankshares Inc","Banks - Southeast",35.27,+1.85%,5,Sell,"40% Buy",+24.46,+19.28%,34.17,35.72,32.41,35.55,47.93,-0.22,20.9,81698,Weakest,Average,22.81%,0.96,34.62,36.48,35%
RLGT,"Radiant Logistics","Transportation - Air Freight",8.18,-1.33%,6,Sell,"8% Sell",+24.36,+28.21%,8.66,8.86,8.19,8.53,36.76,8.71,17.24,151016,Average,Minimum,14.02%,1.81,8.2,8.86,-4%
KFY,"Korn/Ferry International",Staffing,83.59,-1.25%,7,Buy,"88% Buy",+24.13,+13.11%,73.71,79.35,70.22,84.21,52.73,-6.39,14.62,503454,Weakening,Maximum,42.19%,0.91,82.44,85.98,32%
FCCO,"First Community Corp","Banks - Southeast",33.84,+2.67%,1,Hold,"80% Buy",+24.02,+24.64%,31.99,33.45,31.12,33.88,52.07,5.14,2.14,68435,Strengthening,Strong,25.21%,1.25,32.96,34.8,48%
BALL,"Ball Corporation","Containers - Metal & Glass",63.3,+0.84%,1,Hold,"96% Buy",+23.97,+23.97%,60.52,62.85,61.26,62.92,52.05,4.47,7.51,2448135,Strengthening,Soft,52.57%,1.01,61.22,64.62,61%
SOTK,"Sono-Tek Corp","Electronics - Semiconductors",4.95,0.00%,4,Sell,"24% Buy",+23.94,+47.76%,5.11,5.3,4.77,5.2,43.39,28.26,7.86,32418,Weakest,Soft,25.30%,0.48,4.88,5.52,11%
CTO,"Cto Realty Growth Inc","REIT - Equity Trust Other",21.43,-0.33%,1,Sell,"40% Buy",+23.89,+25.98%,21.03,21.77,20.32,21.75,43.24,6.48,4.41,314452,Weakest,Average,17.59%,0.76,21.31,22.19,14%
CWBC,"Community West Bank","Finance - Misc Services",26.24,+1.98%,4,Sell,"64% Buy",+23.68,+24.89%,25.22,26.24,24.67,25.83,55.54,5.39,4.63,233549,Average,Good,50.03%,0.46,25.17,26.49,81%
LILAK,"Liberty Latin America Cl C","Wireless National",8.63,+1.89%,3,Buy,"56% Buy",+23.61,+7.88%,7.89,7.92,7.96,8.44,59.92,-11.62,3.69,1089498,Strengthening,Soft,84.66%,1.02,8.22,8.66,93%
TTC,"Toro Company","Tools - Hand Held",99.15,+1.21%,7,Buy,"100% Buy",+23.32,+21.75%,94.31,96.3,95.11,98.48,56.14,2.25,13.96,860279,Strongest,Average,50.63%,1.5,96.43,100.54,66%
CYCN,"Cyclerion Therapeutics Inc","Medical - Biomedical",4.52,+8.39%,10,Buy,"100% Buy",+23.13,+80.08%,3.4,3.69,2.86,3.92,67.91,60.58,243.92,1917889,Strongest,Strong,57.85%,3,3.43,4.41,112%
BOW,"Bowhead Specialty Holdings Inc","Insurance - Proprty & Casualty",33.65,+0.12%,1,Buy,"100% Buy",+23.07,+7.30%,29.04,32.03,27.28,33.57,61.69,-12.2,5.91,233725,Strengthening,Maximum,35.26%,0.73,33.36,33.78,70%
RSVR,"Reservoir Media Inc","Media Conglomerates",9.8,+1.77%,2,Sell,"8% Sell",+23.02,+25.32%,10.13,10.12,9.69,9.86,45.34,5.82,17.47,74813,Weakest,Minimum,33.77%,0.76,9.54,10.17,41%
CCEP,"Coca-Cola Europacific Partners Plc","Beverages - Soft",107.78,+0.17%,1,Buy,"100% Buy",+22.92,+23.28%,100.71,106.54,99.97,107.73,51.24,3.78,6.84,1790359,Strengthening,Strong,48.08%,0.71,105.45,110.02,51%
LCNB,"Lcnb Corp","Banks - Northeast",19.2,+1.91%,2,Hold,"80% Buy",+22.83,+24.59%,17.85,19.15,17.49,19.6,47.02,5.09,5.15,30247,Average,Strong,19.05%,0.86,18.95,20.25,19%
NECB,"Northeast Community Bancorp","Banks - Northeast",26.74,+2.06%,3,Hold,"64% Buy",+22.81,+21.49%,25.68,26.77,25.12,26.59,53.46,1.99,6.28,44220,Weakening,Good,35.81%,0.97,26.05,27.12,64%
AM,"Antero Midstream Corp","Oil - US Integrated",22.51,+0.13%,7,Hold,"80% Buy",+22.62,+27.32%,21.91,22.31,21.89,22.21,54.28,7.82,14.54,2579650,Strengthening,Soft,64.46%,1.09,21.51,22.91,71%
GLNG,"Golar Lng Ltd","Oil - International Integrated",53.13,+1.53%,7,Buy,"72% Buy",+22.40,+23.16%,51.74,50.51,50.25,51.61,62.03,3.66,30.79,1513956,Strengthening,Average,49.92%,0.9,50.11,53.11,101%
WFCF,"Where Food Comes From Inc","Consumer Services - Misc",14.07,-0.35%,7,Buy,"100% Buy",+22.29,+17.25%,12.5,12.62,12.27,12.83,62.44,-2.25,10.46,9016,Strongest,Average,35.19%,0.67,11.76,13.89,108%
CMT,"Core Molding Technologies Inc","Rubber & Plastics",24.16,-2.27%,5,Hold,"32% Buy",+22.19,+27.63%,24.73,24.53,23.27,25.41,41.12,8.13,8.51,27886,Weakest,Weak,11.80%,1.85,24.17,26.66,0%
HELE,"Helen of Troy Ltd","Cosmetics & Toiletries",28.59,+0.28%,5,Buy,"88% Buy",+22.18,+15.66%,26.34,28.41,23.09,29.02,49.35,-3.84,22.55,666664,Weakening,Good,54.93%,0.62,27.66,30.38,34%
PINE,"Alpine Income Property Trust Inc","REIT - Equity Trust Other",19.45,-0.46%,1,Sell,"8% Sell",+22.05,+28.04%,19.81,20.21,19.55,19.66,40.95,8.54,4.34,170689,Weakening,Minimum,29.46%,0.68,19.35,19.97,16%
NREF,"Nexpoint Real Estate Finance Inc","REIT - Mortgage Trusts",17.56,+1.56%,4,Buy,"100% Buy",+22.03,+18.25%,15.87,16.73,15.31,17.25,57.69,-1.25,12.73,56815,Strongest,Maximum,47.52%,1.11,16.58,17.92,73%
GNW,"Genworth Financial Inc","Insurance - Life",10.13,+1.30%,4,Buy,"100% Buy",+22.03,+19.74%,9.34,9.8,9.05,9.93,63.13,0.24,0.19,3277076,Strongest,Maximum,48.13%,1.31,9.68,10.18,89%
COSO,"Coastalsouth Bancshares Inc","Banks - Southeast",27.2,+0.04%,4,Hold,"80% Buy",+21.97,+25.64%,26.49,27.18,25.88,27.56,46.58,6.14,5,93798,Weakest,Strong,38.16%,1.34,26.99,28.13,18%
MRBK,"Meridian Bank","Banks - Northeast",19.48,+2.15%,3,Sell,"40% Buy",+21.84,+24.00%,19.29,19.83,19.35,19.65,46.6,4.5,-1.18,104724,Weakening,Weak,13.32%,0.44,19.06,20.23,36%
TTRX,"Turn Therapeutics Inc","Medical - Biomedical",9.67,-1.53%,5,Buy,"88% Buy",+21.37,N/A,6.82,9.03,5.73,9.83,52.52,N/A,133.44,57112,Average,Strong,39.94%,1.24,9.26,10.4,36%
WRLD,"World Acceptance Corp","Finance - Consumer Loans",190.57,+5.69%,3,Sell,"56% Buy",+21.29,+12.15%,175.69,193.6,161.69,188.35,52.07,-7.35,23.75,125095,Weakening,Good,33.46%,0.51,181.74,194.97,67%
CCBG,"Capital City Bank Gr","Banks - Southeast",50.98,+1.68%,4,Sell,"72% Buy",+20.97,+17.68%,48.56,50.92,46.72,51.53,48.22,-1.82,7.77,87227,Average,Strong,18.11%,0.76,50.26,52.79,28%
CRD.A,"Crawford Company Cl A","Business Services",13.24,+3.04%,5,Buy,"100% Buy",+20.97,+24.20%,11.3,12.01,10.97,13.15,59.99,4.7,5.7,62447,Strongest,Maximum,47.47%,1.02,12.73,13.58,60%
WABC,"Westamerica Bancorp","Banks - West",58.92,+1.29%,1,Sell,"56% Buy",+20.94,+18.34%,57.33,59.32,55.39,58.75,51.09,-1.16,11.2,173931,Weakening,Good,57.40%,0.65,57.44,60.06,57%
NBBK,"Nb Bancorp Inc","Banks - Northeast",22.6,+2.54%,1,Hold,"96% Buy",+20.86,+19.51%,21.16,22,21.27,22.5,54.79,0.01,2.04,311335,Strongest,Good,54.65%,0.92,21.85,23.14,58%
JOYY,"Joyy Inc ADR","Internet - Services",74.56,+0.70%,5,Buy,"100% Buy",+20.61,+26.93%,67.14,72.1,65.06,74.12,56.08,7.43,3.14,346768,Strengthening,Strong,27.47%,1.01,72.65,75.58,65%
AURA,"Aura Biosciences Inc","Medical - Biomedical",7.5,+0.94%,9,Hold,"80% Buy",+20.40,+18.86%,7.27,7.31,6.86,7.72,49.54,-0.64,25.62,433255,Strongest,Average,24.71%,0.74,7.28,8.16,25%
PROV,"Provident Financial","Finance - Savings & Loan",18.33,+0.11%,10,Buy,"100% Buy",+20.30,+18.18%,17.35,17.64,16.96,18.11,71.49,-1.32,3.22,8328,Strengthening,Maximum,53.79%,2.39,17.75,18.46,81%
XYZ,"Block Inc","Internet - Software",82.46,+5.88%,4,Hold,"96% Buy",+20.25,+8.17%,75.5,80.01,69.9,81.06,53.09,-11.33,14.7,6745215,Strengthening,Strong,35.78%,1.18,77.1,85.01,68%
LAD,"Lithia Motors","Retail - Wsale Auto & Trucks",372.22,+0.71%,1,Hold,"88% Buy",+20.21,+11.89%,317.39,348.39,304.87,372.22,55.47,-7.61,0.01,302647,Strengthening,Strong,48.69%,0.5,361.82,382.63,50%
FSEA,"First Seacoast Bancorp Inc","Banks - Northeast",17.17,-0.06%,6,Buy,"100% Buy",+20.18,+49.05%,16.01,16.99,14.98,17.11,68.59,29.55,18.09,14935,Weakening,Strong,81.25%,0.15,17.03,17.19,89%
AGL,"Agilon Health Inc","Medical Services",87.38,-0.10%,2,Sell,"40% Buy",+20.09,+175.21%,85.36,102.78,61.47,92.39,40.94,155.71,395.52,347191,Weakest,Average,28.58%,0.53,84.47,100.32,18%
EIG,"Employers Holdings Inc","Insurance - Accident & Health",49.34,+0.45%,1,Sell,"56% Buy",+19.89,+15.77%,46.61,49.76,44.94,48.83,52.8,-3.73,2.3,253495,Average,Good,76.24%,0.64,47.59,50.06,71%
CB,"Chubb Ltd","Insurance - Proprty & Casualty",339.42,+0.20%,2,Sell,"40% Buy",+19.59,+22.62%,336,347.45,333.28,343.49,44.01,3.12,-3.24,1733769,Weakening,Soft,18.78%,0.96,335.41,351.57,25%
MNSB,"Mainstreet Bank","Banks - Northeast",25.23,+2.31%,10,Buy,"100% Buy",+19.41,+12.71%,23.91,24.33,23.35,24.83,57.43,-6.79,11.93,46142,Strongest,Strong,44.29%,0.71,24.06,25.6,76%
VABK,"Virginia Natl Bnk","Banks - Northeast",46.75,+0.86%,2,Buy,"96% Buy",+19.31,+12.73%,44.32,45.94,42.78,46.75,53.78,-6.77,5.32,7851,Strongest,Strong,23.30%,0.8,45.93,47.58,50%
ALXO,"Alx Oncology Holdings Inc","Medical - Biomedical",2.08,+5.05%,3,Hold,"80% Buy",+19.20,+101.94%,1.89,2.02,1.96,2.01,55.33,82.44,72.08,893373,Strongest,Weak,42.36%,0.68,1.9,2.12,81%
PLUS,"Eplus Inc","Business Software Services",87.27,+0.80%,2,Hold,"64% Buy",+19.16,+22.85%,85.76,87.6,83.79,87.68,47.89,3.35,-12.48,207753,Average,Weak,45.17%,0.65,85.03,90.34,42%
HSTM,"Healthstream Inc","Internet - Services",29.77,+0.34%,2,Buy,"100% Buy",+19.09,+6.21%,25.92,28.32,24.24,28.83,60.36,-13.29,17.05,257528,Strongest,Maximum,83.68%,0.87,27.92,29.74,102%
IOSP,"Innospec Inc","Chemical - Diversified",93.76,+1.24%,9,Buy,"96% Buy",+18.58,+7.66%,83.66,87.8,81.32,93.76,58.8,-11.84,10.51,216076,Strengthening,Maximum,32.99%,0.89,91.75,95.76,50%
STHO,"Star Holdings","Real Estate Operations",9.72,+1.04%,7,Buy,"100% Buy",+18.53,+14.76%,9.03,9.39,8.73,9.65,55.08,-4.74,6.11,30873,Strengthening,Maximum,77.36%,0.73,9.34,9.97,61%
PLOW,"Douglas Dynamics","Auto - Truck Replacement Parts",41.63,+2.29%,4,Sell,"40% Sell",+18.42,+24.60%,45.2,44.68,44.26,42.09,44.02,5.1,15.51,231124,Weakening,Weak,32.63%,0.67,40.13,44.05,38%
SABR,"Sabre Corp","Internet Software Services",2.09,+3.98%,6,Buy,"88% Buy",+18.37,+19.43%,1.88,1.99,1.7,2.14,50.78,-0.07,41.69,6748813,Weakening,Good,34.71%,0.82,1.98,2.29,35%
RGS,"Regis Corp","Retail - Misc & Diversified",28.59,-0.69%,5,Hold,"64% Buy",+18.35,+29.31%,27.57,27.7,26.05,27.51,59.73,9.81,-8.96,8861,Average,Soft,50.72%,1.88,26.1,28.91,89%
SD,"Sandridge Energy Inc","Oil - US Integrated",14.47,+0.70%,4,Buy,"24% Sell",+18.17,+19.59%,14.38,13.81,15.14,14.12,58.65,0.09,-11.71,353349,Weakening,Minimum,68.93%,0.99,13.59,14.65,83%
GAIN,"Gladstone Investment","Finance - SBIC & Commercial",16.4,+0.18%,4,Buy,"88% Buy",+17.95,+16.31%,16.07,16.22,15.39,16.43,50.97,-3.19,5.4,253504,Average,Good,53.33%,0.57,16.15,16.71,45%
XIFR,"Xplr Infrastructure LP","Other Alt Energy",11.9,+1.45%,2,Sell,"72% Buy",+17.94,+14.64%,11.56,11.89,11.16,11.57,53.97,-4.86,7.01,1122226,Average,Average,83.12%,0.59,11.15,11.99,89%
VTOL,"Bristow Group Inc","Transportation - Airline",45.19,-0.35%,2,Hold,"48% Buy",+17.89,+19.87%,44.59,44.57,44.95,45.74,49.18,0.37,11.41,215432,Weakening,Weak,61.70%,1.34,44.39,47.09,30%
PM,"Philip Morris International",Tobacco,187.94,+0.42%,3,Buy,"88% Buy",+17.84,+12.27%,181.2,187.71,178.82,189.07,48.12,-7.23,5.18,5176049,Strengthening,Good,26.23%,0.6,183.94,194.2,39%
IART,"Integra Lifesciences","Medical Instruments",16.81,+1.14%,2,Sell,"40% Buy",+17.82,+10.88%,16.02,17.87,14.1,17.15,44.12,-8.62,23.36,861331,Weakest,Average,18.03%,0.63,16.18,18.11,32%
F,"Ford Motor Company","Auto - Domestic",14.14,+2.17%,1,Hold,"80% Buy",+17.74,+20.65%,13.88,14.09,13.51,14.01,51.06,1.15,-4.22,57126758,Strengthening,Soft,28.91%,1.2,13.63,14.39,67%
SNDX,"Syndax Pharma","Medical - Biomedical",20.78,+3.38%,9,Sell,"56% Sell",+17.67,+28.91%,20.59,20.92,21.2,19.94,55.57,9.41,-13.08,1617025,Weakest,Weak,58.36%,1.22,19.08,20.8,99%
CRD.B,"Crawford Company Cl B","Building & Construction - Misc",12.05,+0.50%,6,Buy,"88% Buy",+17.46,+15.09%,10.54,11.08,10.41,12.1,56.25,-4.41,0.42,12206,Strongest,Maximum,35.10%,0.9,11.61,12.6,45%
CPSS,"Consumer Portfol","Finance - Misc Services",9.29,+0.54%,4,Sell,"8% Sell",+17.33,+19.56%,9.39,9.37,8.98,9.34,48.62,0.06,-12.42,21408,Weakest,Weak,28.85%,1.95,9.05,9.62,41%
JMSB,"John Marshall Bk Fal","Banks - Southeast",23.02,+2.04%,2,Hold,"88% Buy",+17.30,+19.09%,21.93,22.65,21.33,23.02,52.56,-0.41,3.17,33923,Strongest,Strong,30.84%,1.2,22.56,23.47,50%
DBRG,"Digitalbridge Group Inc","Finance - Investment Mgmt",15.97,+0.38%,10,Buy,"100% Buy",+17.15,+42.08%,15.75,15.85,15.64,15.93,61.33,22.58,-7.88,4354121,Strengthening,Soft,44.17%,0.88,15.89,15.98,88%
CBIO,"Crescent Biopharma Inc","Medical - Biomedical",18.54,+3.40%,8,Buy,"72% Buy",+17.09,+35.53%,18.22,16.66,16.27,17.15,58.94,16.03,44.33,253044,Strengthening,Weak,61.82%,0.61,15.94,18.35,108%
AEBI,"Aebi Schmidt Holding Ag","Auto - Domestic",12.8,+6.22%,3,Sell,"24% Buy",+17.03,+6.67%,12.28,12.63,12.54,12.56,52.91,-12.83,-10.8,289875,Weakening,Minimum,30.02%,1.24,11.74,13.39,64%
NODK,"Ni Holdings Inc","Insurance - Proprty & Casualty",15.34,+2.20%,3,Sell,"56% Buy",+17.03,+17.37%,14.75,15.57,14.23,15.28,50.68,-2.13,3.35,18420,Average,Good,20.70%,1.14,14.97,15.59,60%
HGTY,"Hagerty Inc","Insurance - Proprty & Casualty",13.23,+0.84%,3,Buy,"88% Buy",+16.94,+17.60%,11.48,12.41,11.38,13.14,58.35,-1.9,-13.55,146661,Strengthening,Strong,42.80%,0.55,12.61,13.66,59%
IHS,"IHS Holding Ltd","Communications Infrastructure",8.43,+0.36%,11,Buy,"96% Buy",+16.93,+17.41%,8.26,8.26,8.23,8.34,63.07,-2.09,1.01,1410587,Strongest,Soft,88.10%,2.5,8.26,8.43,101%
OVLY,"Oak Valley Bancp CA","Banks - West",34.34,+1.51%,5,Buy,"88% Buy",+16.91,+21.51%,33.71,33.69,33.36,33.93,55.5,2.01,2.25,29602,Strengthening,Soft,29.43%,0.94,33.14,34.72,76%
BNED,"Barnes & Noble Education Inc C","Consumer Prdts - Misc Discr",12.12,+2.80%,3,Sell,"40% Buy",+16.83,+37.88%,11.35,12.37,10.48,12.24,48.47,18.38,19.89,325359,Weakening,Good,28.49%,0.52,11.63,12.86,40%
BSVN,"Bank7 Corp","Banks - Southeast",52.24,+1.59%,4,Buy,"100% Buy",+16.79,+7.01%,47.31,50.65,45.51,51.69,58.44,-12.49,15.49,18348,Strongest,Maximum,14.85%,1.33,50.47,52.9,73%
NWE,"Northwestern Energy Group Inc","Utility - Electric Power",70.19,+0.40%,5,Sell,"8% Buy",+16.76,+22.39%,71.07,71.14,70.13,70.65,47.71,2.89,-3.24,516066,Weakest,Minimum,27.01%,1.19,69.16,72.14,35%
UTMD,"Utah Medical Prod","Medical Products",71.64,-0.17%,1,Buy,"100% Buy",+16.71,+16.53%,68.48,70.48,67.05,71.46,52.45,-2.97,16.03,17940,Average,Strong,47.56%,1.02,70.12,72.79,57%
NWL,"Newell Rubbermaid Inc","Consumer Prdts - Misc Staple",5.98,+0.67%,1,Buy,"88% Buy",+16.50,+2.40%,4.92,5.71,4.66,6.04,52.26,-17.1,48.76,7990348,Weakening,Strong,50.99%,0.82,5.79,6.29,38%
PTCT,"Ptc Therapeutics","Medical - Biomedical",71.79,+1.74%,7,Sell,"40% Sell",+16.18,+36.93%,73.94,76.38,72.21,71.97,47.41,17.43,-17.48,1464870,Weakest,Weak,43.17%,0.61,69.15,74.78,47%
ETR,"Entergy Corp","Utility - Electric Power",106.75,-0.25%,4,Sell,"24% Sell",+16.18,+22.13%,111.37,110.61,109.22,106.83,45.32,2.63,3.5,2937875,Weakest,Minimum,39.80%,1.45,104.94,108.72,48%
NATL,"NCR Atleos Corporation","Internet - Software",45.79,-1.06%,2,Sell,"56% Buy",+16.02,+18.11%,45.3,46.08,44.43,46.42,43.2,-1.39,8.16,753955,Weakest,Soft,14.81%,0.72,45.73,47.11,5%
VLGEA,"Village Super Mkt","Retail - Supermarket",42.89,-0.21%,1,Buy,"48% Buy",+15.99,+17.22%,43.07,43.14,42.14,43.14,46.24,-2.28,9.19,52033,Weakest,Weak,41.48%,0.92,41.76,44.52,41%
MRAM,"Everspin Technologies Inc","Technology Services",15.9,+0.25%,4,Hold,"16% Sell",+15.95,+150.00%,20.73,17.26,17.22,17.03,44.1,130.5,59.35,1608831,Weakening,Minimum,10.71%,0.45,14.92,19.15,23%
MPLX,"Mplx LP","Oil - Production & Pipeline",58.99,-0.17%,3,Buy,"88% Buy",+15.93,+15.73%,56.9,58.06,57.05,59.09,52.11,-3.77,-1.46,1676078,Weakening,Average,59.88%,0.93,58.08,60.1,45%
BKH,"Black Hills Corp","Utility - Electric Power",72.59,+0.26%,4,Sell,"40% Sell",+15.93,+21.71%,73.68,73.64,73.17,73.11,47.32,2.21,-7.42,970669,Weakest,Weak,30.01%,1.26,71.58,74.64,33%
SBH,"Sally Beauty Holdings","Retail - Misc & Diversified",16.33,-0.24%,2,Buy,"72% Buy",+15.90,+13.40%,14.43,15.49,14.61,16.5,53.57,-6.1,2.53,1550153,Weakening,Good,37.30%,0.78,16.1,16.9,29%
TFX,"Teleflex Inc","Medical Instruments",140.97,+0.35%,2,Buy,"100% Buy",+15.87,+10.97%,132.09,134.7,125.26,137.2,58.03,-8.53,3.52,761568,Strongest,Strong,83.87%,1.37,131.52,142.88,83%
GIC,"Global Industrial Co.","Industrial Services",39.01,+0.91%,4,Buy,"88% Buy",+15.67,+4.28%,33.92,36.42,33.23,39.22,58.29,-15.22,21.51,106835,Average,Strong,35.42%,0.84,38.51,39.93,35%
QRVO,"Qorvo Inc","Semi Radio Frequency",100.63,+4.39%,6,Buy,"88% Buy",+15.59,+11.39%,92.93,92,88.7,96.61,65.45,-8.11,7.08,1227943,Strongest,Good,69.22%,1.1,93.52,99.69,115%
NRXP,"Nrx Pharmaceuticals Inc","Medical - Drugs",3.46,+0.58%,3,Sell,"24% Buy",+15.49,+33.08%,3.55,3.68,3.02,3.44,48.13,13.58,15.69,1020793,Weakest,Weak,61.67%,0.42,3.18,3.7,54%
FRT,"Federal Realty Investment Trust","REIT - Equity Trust Retail",117.94,+0.78%,1,Sell,"24% Buy",+15.42,+18.96%,119,121.19,114.65,117.48,45.55,-0.54,5.01,827270,Weakest,Weak,30.61%,0.95,116.1,118.86,67%
FAF,"First American Corp","Insurance - Proprty & Casualty",74.05,+0.63%,1,Buy,"100% Buy",+15.17,+14.98%,69.83,72.32,68,73.27,54.18,-4.52,8.53,890575,Strengthening,Strong,62.11%,0.86,71.26,75.28,69%
MCB,"Metropolitan Bank Holding Corp","Banks - Northeast",91.45,+2.19%,3,Sell,"8% Buy",+15.15,+15.79%,92.52,94.55,90.62,92.14,46.04,-3.71,7.77,142973,Weakest,Weak,20.80%,0.47,89.53,94.74,37%
TRP,"TC Energy Corp","Other Alt Energy",62.49,-1.03%,1,Sell,"24% Sell",+14.94,+20.89%,66.13,66.02,64.98,62.92,41.94,1.39,1.61,2369506,Weakening,Weak,43.85%,0.73,61.5,64.34,35%
MTG,"Mgic Investment Corp","Insurance - Multi Line",31.04,+1.14%,5,Buy,"100% Buy",+14.89,+11.53%,28.11,29.73,27.59,30.84,59.56,-7.97,-5.76,1932777,Strongest,Maximum,30.28%,0.93,30.21,31.47,66%
TLYS,"Tilly's Inc","Retail - Apparel & Shoes",3.81,-3.79%,4,Sell,"8% Sell",+14.78,+112.85%,4.27,3.99,3.68,3.93,45.5,93.35,79.47,603284,Average,Minimum,46.57%,18.74,3.61,4.25,31%
SGP,"Spyglass Pharma Inc","Medical - Biomedical",28.28,+5.29%,10,Buy,N/A,+14.77,N/A,22.36,22.99,0,26.12,70.24,N/A,N/A,N/A,N/A,N/A,69.54%,0.92,24.4,27.84,113%
CTMX,"Cytomx Thera","Medical - Biomedical",3.72,+1.36%,8,Buy,"40% Sell",+14.74,+78.85%,3.62,3.47,4.1,3.41,61.17,59.35,-24.67,4513555,Weakest,Weak,70.13%,1.67,3.16,3.66,112%
ALX,"Alexander's Inc","REIT - Equity Trust Other",265.01,-0.84%,4,Sell,"40% Buy",+14.72,+16.18%,260.8,272.26,253.65,270.52,43.69,-3.32,9.61,55993,Weakest,Average,47.05%,1.09,264.69,276.35,3%
MGYR,"Magyar Bancorp Inc","Banks - Northeast",19.33,-1.78%,3,Buy,"88% Buy",+14.72,+12.97%,18.01,18.55,17.88,19.37,53.93,-6.53,-0.13,4161,Average,Maximum,57.56%,1.16,18.97,19.76,45%
PLD,"Prologis Inc","REIT - Equity Trust Other",136.59,-2.21%,1,Sell,"40% Sell",+14.39,+22.72%,142.59,142.19,140.19,140.65,34.52,3.22,-4.99,3741761,Strengthening,Weak,16.99%,0.84,137.56,143.74,-16%
UPS,"United Parcel Service","Transportation - Air Freight",103.01,+0.34%,2,Sell,"40% Sell",+14.35,+20.86%,106.07,107.92,106.18,103.83,42.84,1.36,-8.14,5803874,Strengthening,Weak,34.03%,0.65,101.29,106.37,34%
EW,"Edwards Lifesciences Corp","Medical Instruments",90.82,+0.09%,5,Buy,"88% Buy",+14.28,+11.07%,86.6,89.63,84.92,91.01,54.09,-8.43,-5.46,4431292,Strengthening,Strong,41.45%,0.61,88.72,93.31,46%
IMMR,"Immersion Corp","Computers - Peripheral Equpt",7.54,+1.89%,5,Buy,"88% Buy",+14.23,+7.87%,6.76,7.17,6.55,7.57,52.7,-11.63,-1.11,528685,Average,Strong,34.44%,0.51,7.35,7.79,44%
ACCO,"Acco Brands Corp","Consumer Prdts - Misc Discr",4.33,+1.88%,1,Buy,"100% Buy",+14.17,+9.62%,3.96,4.18,3.84,4.29,56.87,-9.88,4.1,883669,Strongest,Strong,59.32%,0.9,4.16,4.41,67%
MKDW,"Mkdwell Tech Inc","Electronics Products - Misc",11.47,+4.33%,1,Sell,"88% Buy",+14.17,+82.24%,9.45,11.21,7.29,11.33,52.62,62.74,127.72,99466,Strengthening,Strong,53.28%,0.33,10.66,12,61%
COFS,"Choiceone Financial","Finance - Misc Services",33.73,+1.95%,2,Sell,"88% Buy",+14.12,+10.12%,32.41,33.68,31.18,33.71,52.15,-9.38,2.27,96849,Strengthening,Strong,30.04%,1.01,32.73,34.7,51%
FR,"First Industrial Realty Trust","REIT - Equity Trust Other",61.65,-1.25%,1,Sell,"8% Sell",+13.98,+20.25%,63.19,64.23,62.09,62.81,36.45,0.75,-4.34,1020396,Average,Minimum,23.03%,0.84,61.71,63.91,-3%
UTL,"Unitil Corp","Utility - Electric Power",53.53,-0.15%,2,Sell,"40% Buy",+13.97,+16.32%,52.63,53.78,52.49,53.75,47.9,-3.18,-1.48,127046,Weakening,Soft,42.15%,1.23,52.96,54.55,36%
IPAR,"Interparfums Inc","Consumer Prdts - Misc Discr",116.46,-0.56%,2,Sell,"40% Buy",+13.94,+2.22%,106.01,118.58,102.55,116.92,47.5,-17.28,25.3,275414,Weakest,Average,68.01%,0.78,112.18,121.66,45%
HCI,"HCI Group","Insurance - Proprty & Casualty",187.37,-0.26%,4,Buy,"100% Buy",+13.72,+10.50%,168.77,181.25,165.78,185.03,58.78,-9.,-14.24,165066,Strongest,Strong,67.46%,0.72,180.93,189.12,79%
EGP,"Eastgroup Properties","REIT - Equity Trust Other",197.49,-1.29%,1,Sell,"8% Sell",+13.70,+19.08%,204.2,207.22,199.07,201.58,33.25,-0.42,-1.13,378910,Average,Minimum,14.11%,0.73,198.22,204.94,-11%
STRW,"Strawberry Fields REIT Inc","REIT - Equity Trust Other",13.6,0.00%,1,Sell,"40% Buy",+13.32,+12.58%,13.4,13.85,13.17,13.77,45.18,-6.92,-8.17,31243,Weakest,Weak,49.58%,0.88,13.33,14.21,30%
GLRE,"Greenlight Cap. Re.","Insurance - Proprty & Casualty",15.23,-0.20%,1,Sell,"72% Sell",+13.08,+18.98%,16.64,16.14,16.22,15.43,40,-0.52,-7.53,170417,Strengthening,Weak,8.48%,0.72,15.12,15.74,18%
CBFV,"Cb Financial Svc","Banks - Northeast",37.27,+0.46%,4,Buy,"88% Buy",+13.03,+13.91%,36.33,37.19,35.92,37.49,49.75,-5.59,-5.08,5745,Average,Average,21.11%,0.82,36.99,37.98,28%
LEGH,"Legacy Housing Corp","Real Estate Operations",27.77,+0.36%,5,Hold,"80% Buy",+12.75,+0.69%,25.03,27.22,23.58,28.61,47.64,-18.81,30.27,105754,Average,Strong,9.38%,0.34,27.73,29.48,2%
ARDT,"Ardent Health Inc","Medical Services",10.91,-0.27%,4,Buy,"88% Buy",+12.74,-13.89%,10.07,10.63,9.74,11.03,51,-33.39,11.57,482485,Average,Average,45.00%,1.11,10.51,11.54,39%
WHG,"Westwood Holdings Group Inc","Finance - Investment Mgmt",19.01,-1.30%,4,Hold,"64% Buy",+12.70,+9.69%,18.06,19.44,17.57,19.46,43.04,-9.81,-1.53,16322,Weakening,Strong,14.52%,1.86,18.92,19.99,8%
CODA,"Coda Octopus Group","Electronics - Semiconductors",9.98,-0.80%,4,Buy,"72% Sell",+12.67,+24.36%,10.87,10.02,11.51,10.22,45.15,4.86,-4.68,161051,Strengthening,Soft,18.86%,2.08,9.81,10.63,20%
ERIC,"Ericsson ADR","Wireless Equipment",10.04,-0.20%,4,Sell,"88% Sell",+12.66,+29.55%,11.24,10.28,11.27,10.13,46.1,10.05,-7.95,10376443,Strengthening,Average,33.33%,0.57,9.93,10.33,27%
RMBI,"Richmond Mutual Bancorp Inc","Banks - Northeast",15.9,+1.40%,4,Hold,"80% Buy",+12.33,+9.58%,15.18,15.63,14.72,15.92,53.3,-9.92,1.26,35448,Strengthening,Strong,19.97%,1.13,15.72,16.13,45%
GRND,"Grindr Inc","Internet - Software",15.67,+0.90%,1,Hold,"64% Buy",+12.28,+2.49%,14.36,15.76,13.43,15.86,48.46,-17.01,3.74,1548828,Strengthening,Average,27.85%,0.41,15.01,16.7,39%
ASUR,"Asure Software","Internet Services - Delivery",9.02,-0.44%,4,Buy,"40% Buy",+12.26,+8.94%,8.57,8.32,8.56,8.66,61.05,-10.56,-16.24,105769,Weakening,Weak,80.83%,0.77,8.13,9.2,83%
KRP,"Kimbell Royalty Partners","Oil - US Royalty Trusts",14.94,+0.27%,5,Buy,"72% Buy",+12.26,+7.25%,14.92,14.88,14.72,15.07,48.03,-12.25,15.05,781032,Average,Average,20.19%,1.19,14.67,15.47,34%
MSGM,"Motorsport Games Inc Cl A",Gaming,4.08,+4.35%,1,Sell,"8% Sell",+12.21,+39.25%,4.28,4.26,4.16,4.07,49.15,19.75,16.72,85615,Weakest,Minimum,38.06%,1.98,3.64,4.49,52%
WTM,"White Mountains Insurance Group","Insurance - Proprty & Casualty",2104.75,+0.28%,5,Sell,"40% Sell",+12.17,+14.60%,2135.95,2137.3,2151.98,2125.09,44.3,-4.9,-10.7,19348,Weakest,Weak,16.46%,1.03,2094.65,2155.54,17%
AERT,"Aeries Technology Inc","Technology Services",7.23,-0.69%,6,Buy,"100% Buy",+12.12,+46.24%,6.2,6.87,5.2,6.98,61.08,26.74,63.33,42768,Strongest,Strong,60.65%,0.5,6.68,7.27,93%
NWN,"Northwest Natural Gas Company","Utility - Gas Distribution",49.24,-0.34%,6,Sell,"56% Sell",+11.84,+18.88%,50.51,50.23,50.8,50.13,43.81,-0.62,-6.64,274529,Average,Weak,17.09%,0.68,48.94,51.31,13%
APD,"Air Products and Chemicals","Chemical - Diversified",309.45,+1.35%,8,Buy,"100% Buy",+11.78,+5.91%,295.31,299.24,291.36,305.33,57.95,-13.59,13.28,1363775,Strongest,Strong,63.60%,0.75,299.47,311.2,85%
AES,"The Aes Corp","Utility - Electric Power",14.8,+0.20%,8,Buy,"80% Buy",+11.63,+10.37%,14.64,14.74,14.75,14.74,58.95,-9.13,-8.78,9904056,Strengthening,Weak,65.93%,1.26,14.69,14.79,110%
OSK,"Oshkosh Truck Corp","Auto - Domestic",152.89,+3.53%,3,Hold,"64% Buy",+11.42,+10.98%,144.24,149.94,148.75,153.82,51.1,-8.52,9.71,731388,Weakening,Weak,37.85%,0.69,148.37,159.28,41%
HIPO,"Hippo Holdings Inc","Insurance - Multi Line",33.9,+2.08%,5,Buy,"88% Buy",+11.30,+4.21%,28.66,30.69,28.19,33.02,63.16,-15.29,0.71,153378,Strongest,Strong,67.39%,1.02,32.29,33.74,111%
ARTNA,"Artesian Res Corp A","Utility - Water Supply",35.75,+0.22%,8,Buy,"100% Buy",+11.25,+8.76%,33.39,34.57,33.2,35.35,60.49,-10.74,1.11,43171,Strongest,Maximum,70.66%,1.19,34.5,36.2,74%
VKTX,"Viking Thera","Medical - Biomedical",33.5,-0.50%,8,Sell,Hold,+11.14,+21.86%,33.5,35.55,33.09,33.75,47.85,2.36,-16.77,2528572,Falling,,35.45%,0.72,32.2,35.29,42%
GTY,"Getty Realty Corp","REIT - Equity Trust Other",32.49,+0.34%,1,Sell,"8% Sell",+11.06,+15.05%,33.53,33.92,33.12,32.97,37.88,-4.45,6.72,490125,Weakest,Minimum,13.35%,0.75,32.24,33.71,17%
GNL,"Global Net Lease Inc","REIT - Equity Trust Other",9.15,+0.22%,4,Hold,"16% Sell",+11.00,+17.16%,9.18,9,9.29,9.08,54.36,-2.34,-5.59,2129017,Weakest,Minimum,72.73%,0.58,8.8,9.35,63%
ACIW,"Aci Worldwide Inc","Computer - Software",52.46,+2.40%,1,Sell,"40% Buy",+10.91,+7.10%,48.83,54.32,46.16,52.82,46.05,-12.4,-2.26,860278,Weakening,Average,37.62%,0.57,50.91,54.73,41%
RDWR,"Radware Ltd","Internet - Software",27.8,-0.47%,6,Sell,"24% Buy",+10.79,+13.05%,28.29,28.93,27.29,28.35,46.51,-6.45,3.41,256244,Weakening,Weak,45.89%,0.71,26.88,29.81,31%
BCPC,"Balchem Corp","Chemical - Specialty",175.47,+1.25%,6,Buy,"88% Buy",+10.73,+9.33%,167.99,171.09,169.6,178.29,50.4,-10.17,2.43,198674,Average,Average,19.23%,0.81,174.54,182.03,12%
AUDC,"Audiocodes Ltd","Communications Components",10.09,+0.95%,2,Buy,"100% Buy",+10.32,+9.03%,9.46,9.79,8.98,9.96,55.66,-10.47,3.53,120336,Strongest,Strong,57.97%,0.64,9.52,10.39,65%
CWT,"California Water Service Group Holding","Utility - Water Supply",50.14,+0.80%,2,Hold,"96% Buy",+10.27,+8.91%,47.33,50.04,46.64,50.06,51,-10.59,3.73,480917,Strengthening,Strong,49.03%,3.02,49.3,50.81,56%
PRTA,"Prothena Corp","Medical - Biomedical",9.69,+0.78%,11,Buy,"8% Buy",+10.24,+17.11%,9.44,9.06,9.38,9.17,61.94,-2.39,-10.58,538849,Weakening,Minimum,78.09%,0.68,8.59,9.75,95%
TLIH,"Ten-League International Holdings Limited","Business Services",5.78,-1.26%,2,Buy,"100% Buy",+10.12,+3.16%,4.49,5.49,4.06,5.76,57.04,-16.34,44.18,205477,Average,Average,95.17%,0.21,5.67,5.84,63%
GLP,"Global Partners LP","Oil Refining & Marketing MLP",52.59,+1.15%,5,Buy,"100% Buy",+9.96,-0.25%,48.29,49.06,47.88,50.52,69.47,-19.75,13.67,68174,"Top 1%",Strong,95.74%,0.81,48.88,52.16,113%
WNEB,"Western New England Bancorp Inc","Banks - Foreign",13.73,+1.40%,5,Sell,"24% Buy",+9.95,+9.66%,13.82,14.01,13.63,13.83,47.74,-9.84,-3.19,56168,Weakest,Minimum,34.89%,1.25,13.55,14.11,32%
ZDGE,"Zedge Inc Cl B","Internet - Content",2.98,-0.67%,2,Hold,"72% Sell",+9.95,-1.65%,3.06,3,3.06,2.95,51.53,-21.15,-21.14,366028,Average,Weak,79.37%,1.54,2.83,3.06,64%
MSEX,"Middlesex Water Company","Utility - Water Supply",57.91,-0.41%,5,Hold,"80% Buy",+9.90,+10.53%,54.6,57.05,54.04,58.36,50.51,-8.97,2.87,146385,Weakening,Strong,40.07%,0.54,57.41,59.31,26%
PRGS,"Progress Software","Computer - Software",43.33,-4.18%,7,Hold,"64% Buy",+9.89,-2.93%,35.04,40.42,35.17,43.78,52.22,-22.43,-11.13,820650,Weakening,Good,65.78%,1.25,41.78,45.79,39%
AAT,"American Assets Trust","REIT - Equity Trust Retail",22.4,-0.04%,1,Sell,"8% Buy",+9.87,+9.00%,22.97,23.87,21.61,22.66,36.77,-10.5,6.34,425349,Weakest,Weak,23.67%,1.35,22.23,23.09,20%
IGIC,"International General Insurance Hldg Inc","Insurance - Multi Line",26.39,+0.61%,2,Sell,"40% Buy",+9.75,+8.60%,26.36,27.25,25.8,26.66,44.43,-10.9,-6.81,68098,Weakest,Average,19.01%,0.66,26.1,27.22,26%
KVHI,"K V H Inds Inc","Communications Components",7.23,+4.33%,3,Sell,"56% Sell",+9.65,+26.18%,9.12,8.59,8.48,7.72,37.38,6.68,-8.26,162742,Strengthening,Soft,28.74%,0.61,7.11,8.34,10%
PLMR,"Palomar Holdings Inc","Insurance - Proprty & Casualty",132.12,+0.20%,4,Sell,"40% Buy",+9.64,+8.06%,124.69,133.19,124.27,130.44,51.45,-11.44,-13.95,258970,Weakening,Soft,75.96%,0.59,125.1,135.77,66%
WULF,"Terawulf Inc","Finance - Misc Services",14.82,+1.16%,2,Sell,"72% Sell",+9.59,+53.89%,21.21,18.84,19.32,16.18,38.92,34.39,16.99,31963375,Strengthening,Average,12.57%,0.65,14.42,17.94,11%
ADSE,"Ads-Tec Energy Plc","Electronic Misc Services",11.6,0.00%,1,Sell,"8% Sell",+9.49,+2.29%,11.72,11.89,11.52,11.66,47.61,-17.21,-20.51,15382,Weakest,Minimum,62.61%,0.86,11.2,12.12,44%
CERT,"Certara Inc","Medical - Biomedical",8.28,+2.22%,2,Hold,"80% Buy",+9.38,-22.33%,6.57,7.51,6.6,8.2,56.14,-41.83,-18.01,3381236,Average,Average,35.57%,0.41,7.83,8.57,61%
TRNO,"Terreno Realty Corp","REIT - Equity Trust Other",65.74,-1.07%,2,Sell,"8% Buy",+9.27,+17.54%,67.47,69.29,66.19,67.9,31.73,-1.96,-0.02,739582,Weakening,Weak,11.12%,0.95,66.04,69.76,-8%
ALLT,"Allot Communications","Internet - Software",7.46,-1.32%,3,Sell,"64% Sell",+9.12,-7.44%,7.7,7.93,7.76,7.7,43.85,-26.94,-36.1,422563,Strengthening,Weak,28.25%,0.64,7.37,8.02,14%
ALRM,Alarm.com,"Protection - Safety",56.55,+1.69%,5,Hold,"80% Buy",+9.01,-1.53%,49.21,53.51,48.18,56.59,54.74,-21.03,-1.15,459531,Average,Strong,61.43%,0.81,54.92,58.26,49%
MTX,"Minerals Technologies Inc","Chemical - Specialty",70.97,+0.30%,3,Sell,"24% Sell",+8.96,+9.29%,74.81,73.7,73.24,72.34,40.8,-10.21,4.45,211988,Weakening,Weak,21.48%,0.82,69.59,75.1,25%
SONO,"Sonos Inc","Audio & Video Products",15.98,+5.52%,4,Buy,"72% Buy",+8.82,+16.27%,14.98,15.06,14.82,15.64,54.2,-3.23,-21.02,1711744,Strengthening,Soft,30.26%,1.11,14.81,16.47,70%
SGU,"Star Gas Partners LP","Electronics Products - Misc",12.86,+0.55%,5,Hold,"64% Buy",+8.81,+9.82%,12.74,12.78,12.75,12.66,59.44,-9.68,-3.38,25958,Average,Weak,90.45%,1.37,12.45,12.86,99%
IRMD,"Iradimed Corp","Medical Instruments",86.17,-0.24%,1,Sell,"88% Sell",+8.79,+20.31%,91.28,92.43,93.97,87.87,36.17,0.81,-23.41,103333,Strongest,Average,28.00%,0.78,84.64,91.1,24%
ARTV,"Artiva Biotherapeutics Inc","Medical - Biomedical",11.31,+0.27%,5,Hold,"80% Buy",+8.72,+266.02%,9.95,10.48,8.4,11.47,52.66,246.52,151.65,602173,Weakening,Good,50.52%,0.79,10.93,12,36%
UI,"Ubiquiti Networks","Wireless Equipment",598.37,+1.98%,9,Buy,"24% Sell",+8.59,+13.22%,657.9,555.75,688.07,579.71,59.36,-6.28,-3.85,116503,Weakest,Weak,68.32%,1.37,554.35,605.07,87%
LAKE,"Lakeland Inds Inc","Protection - Safety",11.72,-0.17%,4,Hold,"80% Buy",+8.55,-22.59%,10.84,11.48,10.21,11.79,51.76,-42.09,20.59,153249,Average,Weak,55.04%,0.37,11.26,12.32,43%
DSGR,"Distribution Solutions Group Inc","Industrial Services",34.66,-0.12%,3,Buy,"88% Buy",+8.45,+9.13%,29.91,32.48,29.06,34.81,67.5,-10.37,14.55,134855,Weakening,Strong,38.41%,2.45,34.67,34.95,-2%
FSUN,"Firstsun Capital Bancorp","Banks - Midwest",40.17,+2.01%,5,Buy,"88% Buy",+8.40,+4.39%,37.44,38.43,37.45,40.23,56.52,-15.11,-5.25,217294,Strengthening,Strong,28.58%,0.95,39.32,41.15,47%
PJT,"Pjt Partners Inc Cl A","Finance - Misc Services",181.15,+0.86%,10,Buy,"100% Buy",+8.39,+2.43%,161.88,167.93,156.9,175.03,60.48,-17.07,-3.65,366562,Strongest,Good,75.47%,0.52,167.05,183,88%
COLD,"Americold Realty Trust","REIT - Equity Trust Other",14.59,-1.02%,6,Hold,"48% Buy",+8.32,+3.55%,14.47,15.1,13.72,14.9,44.52,-15.95,1.46,4863515,Weakest,Soft,32.81%,0.74,14.32,15.47,23%
WTRG,"Essential Utilities Inc","Utility - Water Supply",41.55,+1.07%,7,Buy,"88% Buy",+8.31,+7.00%,38.74,39.66,39.06,40.53,61.61,-12.5,-3.67,2177041,Strongest,Strong,84.32%,1.29,39.46,41.6,98%
NTWK,"Netsol Tech Inc","Computer - Software",4.05,-0.98%,1,Sell,"8% Buy",+8.04,+3.05%,4.19,4.31,3.94,4.11,42.39,-16.45,21.67,33910,Weakening,Weak,18.02%,0.93,3.93,4.29,33%
TMCI,"Treace Medical Concepts Inc","Medical Instruments",4.7,+2.17%,3,Buy,"100% Buy",+8.03,-34.45%,3.6,4.43,2.96,4.6,54.73,-53.95,79.85,748117,Strengthening,Good,54.82%,0.29,4.31,4.89,67%
AIRG,"Airgain Inc","Communications Components",5.02,0.00%,2,Sell,"72% Sell",+7.83,+20.96%,6.27,5.72,5.79,5.33,33.79,1.46,11.66,76281,Strongest,Soft,22.39%,0.36,5,5.65,2%
CDRO,"Codere Online Luxembourg S.A.",Gaming,8.7,+0.58%,1,Sell,"24% Sell",+7.61,+3.45%,9.26,9.22,8.87,8.98,34.57,-16.05,-3.65,25640,Average,Minimum,15.02%,0.97,8.72,9.25,-3%
KVUE,"Kenvue Inc","Consumer Prdts - Misc Staple",19.13,+2.03%,2,Sell,"56% Buy",+7.55,-7.94%,18.36,19.18,18.22,19.08,50.78,-27.44,-1.09,29015922,Average,Weak,26.46%,0.95,18.73,19.44,56%
DEA,"Easterly Government Properties","REIT - Equity Trust Other",24.49,-0.08%,1,Sell,"40% Buy",+7.51,+6.99%,24.19,24.86,23.74,24.62,46.12,-12.51,3.58,430740,Weakest,Average,33.61%,0.83,24.06,25.18,38%
ED,"Consolidated Edison Company","Utility - Electric Power",107.67,-0.03%,3,Sell,"8% Sell",+7.48,+10.77%,108.75,109.85,109.65,107.8,47.13,-8.73,-3.58,2258369,Weakest,Minimum,40.11%,0.97,106.17,109.42,46%
ACGL,"Arch Capital Grp Ltd","Insurance - Proprty & Casualty",98.21,-0.41%,1,Hold,"48% Buy",+7.44,+7.54%,96.81,99.89,96.83,98.86,45.43,-11.96,-9.6,2096534,Weakest,Average,23.08%,2.14,96.93,100.79,33%
GPC,"Genuine Parts Company","Retail - Wholesale Auto Parts",137.15,+1.71%,7,Buy,"88% Buy",+7.44,+0.82%,115.68,128.25,116.54,135.16,59.4,-18.68,-0.45,1580437,Strongest,Strong,61.84%,0.47,131.39,138.94,76%
ES,"Eversource Energy","Utility - Electric Power",70.44,-0.09%,3,Sell,"8% Buy",+7.42,+10.58%,70.82,72.8,70.92,71.4,41.62,-8.92,-7.37,2530956,Weakest,Minimum,21.34%,0.85,69.96,72.85,17%
KIM,"Kimco Realty Corp","REIT - Equity Trust Retail",24.08,-0.17%,1,Sell,"8% Buy",+7.41,+8.22%,24.49,24.98,23.88,24.14,42.81,-11.28,6.81,5057297,Weakest,Weak,33.04%,1.08,23.72,24.57,43%
CCEC,"Capital Clean Energy Carriers Corp","Transportation - Ship",22.65,+0.20%,1,Buy,"100% Buy",+7.34,+6.89%,21.72,22.39,21.5,22.63,51.07,-12.61,-3.46,9711,Strengthening,Strong,59.50%,0.54,22.29,22.97,53%
LYFT,"Lyft Inc Cl A","Internet - Services",17.35,+3.46%,8,Buy,"88% Buy",+7.33,+3.27%,15.05,16.09,14.71,17.25,55.77,-16.23,-22.42,14301264,Strongest,Average,37.67%,0.78,16.52,17.98,57%
UBCP,"United Bncp Inc","Banks - Midwest",15.58,-0.83%,5,Hold,Hold,+7.21,+9.64%,15.71,15.7,15.45,15.66,49.14,-9.86,-3.42,8179,Bearish,,32.74%,0.18,15.15,16.17,42%
BBDO,"Banco Bradesco S.A. ADR","Banks - Foreign",3.08,+0.65%,1,Sell,"96% Sell",+7.16,+17.56%,3.18,3.11,3.27,3.08,48.83,-1.94,-4.67,73161,Average,Average,43.43%,1.33,2.93,3.22,51%
BSBR,"Banco Santander Brasil S.A. ADR","Banks - Foreign",5.89,+2.97%,4,Buy,"8% Buy",+6.91,+12.84%,5.58,5.49,5.82,5.74,61.49,-6.66,-15.59,1562564,Weakening,Minimum,70.64%,2,5.59,5.9,96%
GRCE,"Grace Therapeutics Inc","Medical - Biomedical",2.14,+1.90%,5,Sell,"96% Sell",+6.85,-28.43%,2.44,2.26,2.97,2.14,46.2,-47.93,-50.14,354784,Weakening,Strong,44.93%,0.23,2.07,2.21,49%
CL,"Colgate-Palmolive Company","Consumer Prdts - Misc Staple",90.1,+0.52%,2,Sell,"40% Buy",+6.67,+6.77%,89.67,91.91,90.06,91.47,45.09,-12.73,2.03,5762782,Weakest,Weak,15.59%,0.93,89.12,93.83,21%
NKTR,"Nektar Therapeutics","Medical - Drugs",72.74,+1.38%,5,Hold,"64% Buy",+6.67,+150.09%,72.36,71.19,70.3,74.08,49.95,130.59,60.05,980750,Average,Weak,27.90%,0.42,71.19,76.96,27%
BBCP,"Concrete Pumping Holdings Inc","Waste Removal Svcs",8.88,-1.44%,3,Sell,"24% Buy",+6.57,+31.17%,9.31,10.17,8.47,9.34,34.09,11.67,20.35,181947,Weakening,Weak,24.25%,1.44,8.85,9.84,3%
AVTX,"Avalo Therapeutics Inc","Medical - Drugs",19.34,+2.06%,8,Hold,"80% Buy",+6.52,+114.41%,17.32,19.06,16.7,19.59,50.11,94.91,-5.49,1020493,Average,Average,32.46%,0.88,18.5,20.67,39%
CVR,"Chicago Rivet & Machine Company","Machinery - Elect Utilities",10.1,-3.44%,4,Sell,"100% Sell",+6.42,+3.59%,10.33,10.26,11.39,10.25,47.63,-15.91,-39.38,4221,Strongest,Average,48.29%,3.39,9.88,10.63,30%
HIW,"Highwoods Properties","REIT - Equity Trust Other",30.86,+1.51%,1,Sell,"40% Buy",+6.41,-1.31%,28.92,31.78,26.87,31.23,44.02,-20.81,7.53,1465438,Weakening,Average,22.20%,0.91,30.4,32.06,28%
MTD,"Mettler-Toledo International","Medical Instruments",1367.74,-0.60%,3,Hold,"64% Buy",+6.28,+7.19%,1272.28,1355.5,1282.96,1409.44,44.26,-12.31,-13.89,171111,Weakening,Average,17.67%,0.96,1371.54,1447.34,-5%
VOR,"Vor Biopharma Inc","Medical - Biomedical",24.76,+9.36%,7,Buy,"100% Buy",+6.03,-39.31%,17.8,20.8,16.64,23.29,64.33,-58.81,77.31,1273338,Strongest,Good,50.93%,0.7,22.16,24.41,116%
TOWN,"Towne Bank","Banks - Southeast",37.27,+2.17%,3,Sell,"72% Buy",+6.01,+2.42%,35.93,37.04,35.49,37.49,49.44,-17.08,-0.3,528542,Average,Strong,21.22%,0.72,36.85,38.13,33%
PAYO,"Payoneer Global Inc","Financial Transaction Services",7.12,+0.28%,1,Buy,"96% Buy",+5.88,+5.64%,6.26,7.11,5.87,7.11,58.07,-13.86,14.7,4808441,Average,Strong,48.81%,0.82,7.08,7.14,65%
EQT,"Eqt Corp","Oil - US Exploration & Product",55.75,+0.29%,6,Buy,"24% Sell",+5.73,+6.43%,54.23,52.51,56.41,53.96,64.6,-13.07,-7.98,8292253,Weakest,Weak,68.34%,0.87,51.93,55.98,94%
SPCB,"Supercom Ltd","Protection - Safety",10.25,-0.19%,3,Sell,"24% Buy",+5.67,+14.02%,10.6,10.89,9.87,10.75,43.16,-5.48,1.27,80995,Weakest,Soft,19.98%,0.45,9.96,11.54,18%
AFG,"American Financial Group","Insurance - Proprty & Casualty",142.6,+0.13%,4,Hold,"64% Buy",+5.62,+4.19%,137.48,142.63,134.8,144.35,47.3,-15.31,-7.66,507171,Weakening,Strong,16.51%,0.54,141.66,147.04,17%
CNMD,"C O N M E D Corp","Medical - Dental Suppliers",49.43,+0.63%,1,Buy,"72% Buy",+5.59,-7.69%,40.31,44.43,40.07,50.08,55.44,-27.19,9.76,544019,Weakening,Strong,18.05%,0.52,48.51,51.65,29%
ELLO,"Ellomay Capital Ltd","Utility - Electric Power",20.89,+6.04%,4,Buy,"40% Sell",+5.50,+19.54%,21.76,19.59,23.37,20.15,54.45,0.04,-26.02,6837,Weakest,Soft,66.41%,0.32,19.16,21.13,88%
GDYN,"Grid Dynamics Holdings Inc","IT Services",7.85,0.00%,8,Buy,"72% Buy",+5.46,-2.00%,6.55,6.74,6.52,7.81,60.91,-21.5,-25.06,1682691,Average,Average,54.08%,0.33,7.52,8.1,58%
RGR,"Sturm Ruger & Company","Leisure & Recreational Prdcts",37.98,+0.03%,2,Hold,"16% Sell",+5.40,+10.06%,39.2,38.1,39.06,37.83,49.47,-9.44,4.33,190739,Weakest,Minimum,42.84%,0.92,36.89,38.78,58%
MIAX,"Miami International Holdings Inc","Technology Services",40.62,-3.54%,2,Sell,"72% Sell",+5.35,+11.81%,44.26,42.53,43.02,42.99,39.5,-7.69,-20.46,1424178,Average,Weak,52.13%,1.41,40.52,45.46,2%
BWMX,"Betterware DE Mexico Sapi DE Cv","Consumer Prdts - Misc Discr",15.5,-2.33%,1,Sell,"72% Sell",+5.29,+15.93%,17.28,17.1,17.43,16.14,33.04,-3.57,-2.91,83122,Strongest,Soft,28.16%,1.92,15.55,16.73,-4%
CARS,"Cars.com Inc","Internet Commerce",11.99,+3.45%,2,Hold,"80% Buy",+5.13,-5.89%,11,11.73,10.46,12.07,51.06,-25.39,-13.71,960834,Strengthening,Average,24.66%,0.61,11.53,12.62,42%
DGICA,"Donegal Group Cl A","Insurance - Proprty & Casualty",19.35,+0.94%,1,Buy,"72% Buy",+5.05,+5.45%,18.09,18.92,17.95,18.91,59.44,-14.05,-15.14,124456,Strengthening,Average,77.21%,0.77,18.31,19.51,86%
GNE,"Genie Energy Ltd Cl B","Utility - Electric Power",15.26,+0.53%,9,Buy,"96% Buy",+5.01,+0.59%,14.2,14.49,14.19,14.86,61.76,-18.91,-1.25,78527,"Top 1%",Good,64.40%,0.94,14.3,15.42,86%
CRC,"California Resources Corp","Oil - US Exploration & Product",53.57,-0.58%,5,Sell,"40% Sell",+4.96,+7.12%,57.13,52.6,58.51,53.07,53.17,-12.38,7.83,887861,Weakest,Weak,59.81%,0.79,51.77,54.37,69%
CIFR,"Cipher Digital Inc","Technology Services",15.18,+3.90%,1,Sell,"56% Sell",+4.77,+82.45%,20.69,19.78,18.8,16.48,42.09,62.95,-9.14,29522746,Weakening,Average,13.88%,0.7,14.34,18.62,20%
SR,"Spire Inc","Utility - Gas Distribution",82.77,-0.01%,8,Buy,"40% Sell",+4.76,+9.01%,83.46,81.38,85.71,82.48,52.97,-10.49,-11.91,450666,Weakest,Soft,53.96%,1.25,80.9,84.07,59%
FSBW,"FS Bancorp Inc","Banks - West",43.11,+1.60%,3,Hold,"64% Buy",+4.66,+2.20%,42.07,43.2,41.47,42.94,51.99,-17.3,-7.28,15040,Average,Good,39.54%,1.15,42.05,43.83,59%
MAX,"Mediaalpha Inc Cl A","Technology Services",12.53,+1.87%,3,Sell,"40% Buy",+4.65,+16.45%,11.15,13.08,10.52,12.92,45.81,-3.05,-15.23,715228,Weakening,Average,19.16%,0.38,12.21,13.63,23%
NL,"Nli Holdings Inc","Electronics - Misc Components",6.75,+0.45%,9,Buy,"88% Buy",+4.54,+2.43%,6.19,6.16,6.12,6.52,62.9,-17.07,11.41,51300,Strongest,Average,68.64%,0.92,6.25,6.79,93%
TROW,"T Rowe Price Group","Finance - Investment Mgmt",109.38,+0.37%,3,Sell,"40% Buy",+4.40,+3.58%,108.72,114.29,103.36,111.81,38.67,-15.92,-5.15,2080383,Weakest,Average,21.29%,0.58,109.01,114.6,7%
VALU,"Value Line Inc","Finance - Investment Mgmt",38.09,-1.60%,4,Hold,"64% Buy",+4.39,-1.40%,36.02,37.86,36.16,37.38,52.84,-20.9,-12.87,2644,Strengthening,Average,54.45%,0.85,35.24,39.52,67%
NNN,"NNN REIT Inc","REIT - Equity Trust Other",45.07,-0.38%,2,Sell,"8% Buy",+4.35,+6.98%,45.83,47.03,45.11,45.9,37.17,-12.52,1.74,1564825,Weakening,Weak,11.18%,1.37,44.89,46.9,9%
ORI,"Old Republic International Corp","Insurance - Multi Line",42.09,+0.89%,2,Hold,"48% Buy",+4.25,+5.20%,40.75,42.13,40.77,42.3,48.98,-14.3,-19.77,1617203,Average,Weak,23.02%,0.78,41.36,43.23,39%
RDN,"Radian Group Inc","Insurance - Multi Line",36.49,+1.93%,1,Sell,"24% Buy",+4.17,+5.25%,36.56,37.61,35.54,36.58,45.38,-14.25,-10.6,1214584,Weakening,Soft,15.82%,0.66,35.87,37.28,44%
SFBC,"Sound Financial","Banks - West",47.1,-0.32%,3,Buy,"100% Buy",+4.08,+0.08%,44.2,45.85,43.87,46.95,54.59,-19.42,-4.04,8882,Strongest,Strong,66.29%,0.43,46.04,47.87,58%
OLP,"One Liberty Properties","REIT - Equity Trust Other",23.84,-0.08%,1,Sell,"24% Buy",+3.91,+1.40%,23.97,24.51,23.53,24.14,42.53,-18.1,5.51,83000,Weakening,Weak,14.71%,0.91,23.55,24.73,25%
CUZ,"Cousins Properties Inc","REIT - Equity Trust Other",28.84,+0.95%,1,Sell,"40% Buy",+3.90,-0.89%,28.4,30.37,26.7,29.46,38.93,-20.39,-0.12,1823302,Weakest,Average,12.41%,0.95,28.67,30.25,11%
GOOD,"Gladstone Comml","REIT - Equity Trust Other",13,+0.08%,4,Buy,"100% Buy",+3.89,-2.40%,12.67,12.78,12.41,12.98,52.98,-21.9,9.85,478620,Strengthening,Average,40.56%,0.94,12.76,13.2,55%
HESM,"Hess Midstream Partners LP","E&P MLP",40.03,-0.50%,1,Hold,"96% Buy",+3.78,-3.05%,38.99,39.56,38.74,39.85,52.39,-22.55,4.04,1548526,Average,Average,71.90%,2.08,38.91,40.8,59%
LIN,"Linde Plc","Chemical - Specialty",487.45,+0.14%,4,Sell,"8% Sell",+3.76,+2.81%,504.71,503.08,498.65,485.63,46.54,-16.69,2.33,2462053,Weakening,Minimum,69.37%,0.55,475.54,495.73,59%
CPK,"Chesapeake Utilities Corp","Utility - Gas Distribution",130.86,-1.09%,5,Sell,"40% Buy",+3.75,+6.26%,128.39,131.77,129.08,134.26,41.26,-13.24,-7.1,155574,Weakest,Soft,15.74%,1.06,131.07,137.45,-3%
OGE,"Oge Energy Corp","Utility - Electric Power",46.46,+1.02%,1,Sell,"40% Sell",+3.44,+4.31%,47.68,47.78,47.51,46.49,46.74,-15.19,-3.18,1521449,Weakening,Weak,28.23%,1.6,45.36,47.62,49%
TRS,"Trimas Corp","Metal Production & Fabrication",39.19,+0.72%,4,Sell,"8% Buy",+3.38,+3.13%,40.11,40.48,38.87,39.36,46.01,-16.37,-1.44,508620,Weakest,Minimum,37.70%,0.62,38.24,40.49,42%
INVA,"Innoviva Inc","Large Cap Pharma",21.35,+1.28%,2,Sell,"72% Sell",+3.26,+2.25%,22.16,21.55,22.27,21.01,52.96,-17.25,-5.19,780768,Weakening,Soft,42.17%,0.79,20.53,21.48,86%
GVA,"Granite Construction Incorporated","Building - Heavy Construction",119.03,+0.93%,4,Sell,"72% Sell",+3.20,+11.69%,132.21,129.02,130.2,123.86,40.76,-7.81,-8.8,726123,Strengthening,Soft,9.43%,0.48,118.44,129.29,5%
WLKP,"Westlake Chemical Partners LP","Chemical - Specialty",22.11,+1.75%,4,Hold,Hold,+3.09,+0.05%,22.38,21.89,22.23,21.67,60.82,-19.45,4.38,41004,Bearish,,63.78%,0.83,21.35,22,116%
GATX,"GATX Corp","Transportation - Equip & Lease",175.78,+1.29%,4,Sell,"72% Sell",+2.99,+4.51%,180.57,178.67,180.56,177.75,44.27,-14.99,-8.35,206807,Average,Weak,17.57%,0.9,174.2,181.31,22%
CVNA,"Carvana Company Cl A","Internet Commerce",74.16,+2.74%,9,Buy,"24% Buy",+2.91,+1.20%,70.31,68.49,69.22,72.2,55.96,-18.3,-24.13,15510457,Average,Minimum,70.65%,0.7,67.15,77.26,69%
BILL,"Bill Holdings Inc","Internet - Software",48.76,+2.39%,5,Buy,"88% Buy",+2.87,+4.34%,40.83,44.73,41.14,48.64,55.03,-15.16,-22.59,2539543,Average,Good,38.12%,0.67,46.56,50.72,53%
FE,"Firstenergy Corp","Utility - Electric Power",46.29,+0.28%,2,Sell,"72% Sell",+2.85,+6.49%,47.35,47.79,48.16,46.76,41.33,-13.01,-8.59,4691087,Average,Weak,26.64%,0.81,45.7,47.81,28%
SBSI,"Southside Bancshares","Banks - Southwest",32.06,+2.04%,2,Sell,"40% Sell",+2.74,+3.49%,33.22,33.38,32.72,32.24,44.5,-16.01,-6.49,121195,Weakening,Weak,16.52%,0.95,31.35,33.14,40%
OKUR,"Onkure Therapeutics Inc","Medical - Biomedical",3.54,-0.56%,2,Sell,"40% Sell",+2.68,+27.80%,4.2,4.11,3.9,3.92,30.74,8.3,10.08,233475,Strengthening,Minimum,10.09%,0.54,3.55,4.3,-1%
PMN,"Promis Neurosciences Inc","Medical - Biomedical",13.98,+4.68%,2,Hold,"64% Buy",+2.50,+4.17%,12.22,13.74,13.73,14.42,49.35,-15.33,92.77,93376,Strengthening,Weak,22.64%,0.88,13.2,15.64,32%
SWKS,"Skyworks Solutions","Semi Radio Frequency",71.67,+6.32%,7,Buy,"88% Buy",+2.45,-1.92%,67.25,64.79,63.91,68.04,63.43,-21.42,1.04,4334051,Strongest,Average,65.83%,1.32,64.96,71.12,109%
O,"Realty Income Corp","REIT - Equity Trust Retail",61.5,+0.23%,2,Sell,"24% Sell",+2.38,+6.51%,62.79,63.27,63.08,62.32,39.74,-12.99,-2.89,6045444,Weakest,Minimum,13.76%,1,61.2,63.45,13%
AEE,"Ameren Corp","Utility - Electric Power",105.89,-0.19%,2,Sell,"40% Sell",+2.31,+6.19%,110.16,110.49,109.93,107.78,38.05,-13.31,-5.95,1716469,Average,Weak,19.64%,0.75,105.1,110.45,15%
OGS,"One Gas Inc","Utility - Gas Distribution",79.95,-0.51%,8,Hold,"64% Sell",+2.30,+5.00%,81.08,79.33,82.59,80.19,50.33,-14.5,-8.49,528333,Weakest,Soft,42.33%,0.74,78.65,81.74,42%
GDOT,"Green Dot Corp","Financial Transaction Services",13.3,+1.45%,6,Hold,"64% Buy",+2.29,-4.59%,12.97,13.35,12.5,13.38,48.66,-24.09,-8.16,596579,Weakening,Average,37.22%,0.66,13.16,13.59,33%
INMD,"Inmode Ltd","Medical Products",14.95,-0.53%,1,Sell,"48% Buy",+2.26,+3.75%,14.48,15.06,14.35,15.05,47.49,-15.75,-10.22,815557,Weakening,Average,37.82%,0.66,14.81,15.3,29%
AUBN,"Auburn Natl Bncp","Banks - Southeast",26.5,0.00%,2,Hold,"80% Buy",+2.24,+2.68%,25.35,26.46,25.09,26.35,52.43,-16.82,-13.66,2641,Strengthening,Average,37.05%,1.5,25.95,26.75,69%
TACO,"Berto Acquisition Corp",Unclassified,10.48,-0.10%,3,Buy,"88% Buy",+2.20,+2.04%,10.43,10.47,10.35,10.47,53.37,-17.46,-8.64,80904,Weakening,Strong,55.95%,0.31,10.43,10.5,71%
REG,"Regency Centers Corp","REIT - Equity Trust Retail",75.81,-0.33%,1,Sell,"24% Sell",+2.18,+4.81%,78.71,78.92,77.96,76.21,40.82,-14.69,-2.17,1361807,Weakening,Weak,35.14%,0.78,75.08,77.35,32%
BKTI,"Bk Technologies Inc","Wireless Equipment",73.6,+1.21%,2,Sell,"88% Sell",+2.14,+10.15%,83.32,79.29,82.76,76.04,40.72,-9.35,-13.32,46159,Average,Average,16.35%,0.6,72.04,80.03,20%
WPC,"W.P. Carey & Company Llc","REIT - Equity Trust Other",70.58,+0.60%,1,Sell,"40% Sell",+2.09,+6.50%,73.04,72.41,72.4,71.1,42.25,-13.,-2.33,1357569,Weakening,Weak,21.56%,1,69.77,72.42,31%
MXC,"Mexco Energy Corp","Oil - US Exploration & Product",9.95,+5.69%,3,Buy,"24% Buy",+1.88,+21.05%,8.98,8.92,9.67,9.59,57.52,1.55,-11.59,19810,Weakening,Minimum,73.10%,12.58,9.02,10.15,82%
BCML,"Bay Commercial Bk CA","Banks - West",30.41,+1.88%,7,Sell,"8% Sell",+1.68,+1.88%,31.09,31.72,30.63,30.45,46.65,-17.62,-8.55,44596,Weakest,Minimum,21.16%,0.65,29.53,31.37,48%
AWK,"American Water Works","Utility - Water Supply",139.49,+1.52%,6,Buy,"88% Buy",+1.65,-1.36%,130.83,134.67,131.75,136.81,58.44,-20.86,-5.1,2016124,Strongest,Strong,67.29%,1.06,133.74,139.89,94%
RILY,"Brc Group Holdings Inc","Finance - Misc Services",6.97,+3.26%,5,Sell,"80% Sell",+1.57,+27.66%,8,7.24,7.74,7.16,45.3,8.16,37.26,1129565,Average,Weak,13.84%,0.58,6.77,7.56,26%
LMNR,"Limoneira Company","Agriculture Operations",14.8,+4.15%,10,Buy,"88% Buy",+1.50,-5.43%,13.2,13.57,13.4,13.89,69.35,-24.93,5.24,84153,Strongest,Good,73.43%,1.84,13.38,14.41,137%
IBTA,"Ibotta Inc Cl A","Technology Services",37.69,+1.13%,4,Buy,"88% Buy",+1.42,+38.92%,33.52,33.4,30.61,37.28,56.79,19.42,53.83,285492,Strongest,Strong,49.67%,0.85,35.41,39.16,61%
PERI,"Perion Network Ltd","Internet - Content",9.4,-0.21%,4,Sell,"8% Buy",+1.40,+3.64%,9.53,9.52,9.37,9.67,43.97,-15.86,-13.87,382815,Weakest,Minimum,41.90%,2.76,9.42,9.92,-3%
STRA,"Strategic Education",Schools,82.17,-1.38%,6,Buy,"72% Buy",+1.38,-0.58%,79.99,81.25,80.25,82.92,48.6,-20.08,-9.53,264875,Weakening,Average,42.83%,0.94,79.51,86.32,39%
CTAS,"Cintas Corp","Textile - Apparel",198.09,-1.25%,1,Hold,"64% Buy",+1.38,-3.61%,184.59,196.05,186.12,202.57,44.11,-23.11,-6.66,2148304,Weakening,Average,33.21%,1,197.58,207.56,5%
SYY,"Sysco Corp","Food - Misc & Diversified",81.76,-0.43%,1,Sell,"24% Buy",+1.33,+1.50%,79.25,83.11,80.71,83.07,44.08,-18.,-1.04,3840732,Weakest,Weak,23.11%,0.92,81.01,85.13,18%
TXNM,"Txnm Energy Inc","Other Alt Energy",58.07,+0.38%,4,Buy,"40% Sell",+1.30,+2.34%,58.09,57.43,58.35,57.49,62.49,-17.16,-13.37,1236411,Weakest,Weak,88.38%,2.6,57.07,57.92,118%
SSP,"E.W. Scripps Company","Broadcast - Radio & TV",3.25,-0.31%,3,Buy,"56% Sell",+1.17,+12.85%,3.49,3.1,3.57,3.29,51.7,-6.65,-30.54,806622,Weakening,Soft,45.38%,1.3,3.07,3.5,42%
ZBH,"Zimmer Biomet Holdings","Medical Products",99.5,+0.10%,5,Buy,"88% Buy",+1.13,-5.25%,90.72,94.62,91.36,99.34,54.64,-24.75,-1.34,2231770,Strengthening,Strong,46.72%,0.63,96.51,102.17,53%
UE,"Urban Edge Properties","REIT - Equity Trust Retail",21.31,-0.33%,1,Sell,"8% Sell",+1.10,+3.90%,22.29,22.43,21.71,21.59,38.04,-15.6,-0.94,898167,Weakening,Minimum,18.50%,1.21,21.16,22.02,17%
EVER,"Everquote Inc Cl A","Internet - Software",25.5,+2.70%,3,Buy,"100% Buy",+0.95,+9.63%,21.67,25.04,19.89,25.14,52.43,-9.87,-17.55,757184,Strengthening,Strong,47.06%,0.41,23.54,26.74,61%
AVO,"Mission Produce Inc","Agriculture Operations",12.77,-0.39%,5,Hold,Hold,+0.88,+2.74%,12.63,12.85,13.01,12.96,47.97,-16.76,-1.9,943253,Bearish,,33.59%,0.51,12.52,13.4,29%
MMI,"Marcus & Millichap","Real Estate Developers",31.1,-0.54%,5,Hold,"64% Buy",+0.85,-2.75%,30.04,31.28,28.74,31.76,45.54,-22.25,1.97,249690,Weakening,Strong,15.17%,0.69,30.57,32.95,22%
BOSC,"Bos Better Online","Computer - Networks",4.66,0.00%,3,Buy,"24% Buy",+0.64,-0.64%,4.47,4.46,4.59,4.58,58.31,-20.14,-9.8,58783,Weakening,Minimum,33.91%,0.4,4.42,4.73,77%
CWST,"Casella Waste Sys","Waste Removal Svcs",93.4,+0.81%,5,Buy,"56% Buy",+0.64,-3.36%,88.77,93.02,89.8,91.94,53.96,-22.86,-16.63,793549,Strengthening,Weak,64.77%,0.73,88.76,95.11,73%
RLI,"Rli Corp","Insurance - Proprty & Casualty",63.35,0.00%,6,Hold,"64% Buy",+0.12,-5.90%,57.41,62.1,58.28,64.17,49.94,-25.4,-12.97,830096,Weakening,Good,21.35%,0.53,62.35,65.98,27%
UHT,"Universal Health Realty Income Trust","REIT - Equity Trust Other",41.32,+0.51%,1,Sell,"40% Sell",+0.04,+1.60%,41.74,42.67,41.89,41.37,45.7,-17.9,-6.61,103341,Weakest,Minimum,41.11%,0.63,40.22,42.53,48%
BSBK,"Bogota Financial Corp","Banks - Northeast",9.05,-0.55%,2,Buy,"72% Buy",+0.03,-3.21%,8.85,9.07,8.71,9.14,46.53,-22.71,-4.89,9138,Weakening,Good,42.37%,1.15,8.89,9.39,31%
QCOM,"Qualcomm Inc","Electronics - Semiconductors",169.96,+2.01%,5,Hold,Hold,-0.03,+7.04%,182.72,170.61,167.25,163.57,54.63,-12.46,-12.63,14430089,Bearish,,84.41%,0.56,157.18,169.96,100%
ECHO,"Echostar Corp","Satellite Communication",86.69,+0.76%,4,Sell,"88% Sell",-0.14,+32.88%,107.75,91.33,109.73,88.24,43.65,13.38,-32.24,6430374,Average,Average,19.93%,0.42,83.6,92.89,33%
RARE,"Ultragenyx Pharmaceu","Medical - Biomedical",26.53,+2.79%,4,Sell,"24% Buy",-0.29,-17.17%,26.4,28.27,25,26.11,50.83,-36.67,3.36,2274509,Weakening,Weak,29.69%,2.82,25.12,27.11,71%
UNCY,"Unicycive Therapeutics Inc","Medical - Drugs",5.19,+2.77%,6,Sell,"88% Sell",-0.31,+20.14%,6.49,5.48,6.54,5.34,45.01,0.64,-22.04,839464,Strengthening,Strong,13.10%,0.48,4.92,5.76,32%
APC,"Arko Petroleum Corp. Cl A","Oil - Refining and Marketing",18.37,+2.11%,2,Sell,N/A,-0.31,N/A,19.35,19.36,0,18.75,42.27,N/A,N/A,N/A,N/A,N/A,13.07%,0.86,17.85,19.66,29%
MHO,"M/I Homes","Building - Residential & Comm",146.8,+0.53%,6,Sell,"40% Buy",-0.33,+0.06%,142,151.26,139.07,150.79,44.44,-19.44,2.74,234322,Weakest,Average,5.72%,1.09,145.86,155.73,10%
ATHE,"Alterity Therapeutics Ltd ADR","Medical - Biomedical",4.52,-0.66%,3,Sell,"24% Buy",-0.39,-12.40%,4.59,4.81,4.21,4.61,47.16,-31.9,34.76,25146,Weakest,Soft,29.65%,0.42,4.35,4.86,33%
IRS,"Irsa Inversiones Y Representaciones S.A. ADR","Real Estate Developers",15.29,+1.73%,1,Sell,"24% Sell",-0.40,+6.03%,15.09,15.14,15.27,14.82,56.1,-13.47,-19.55,166702,Weakest,Minimum,80.06%,0.53,14.37,15.27,102%
GRBK,"Green Brick Partners","Building - Residential & Comm",70.98,+0.07%,7,Sell,"40% Buy",-0.59,+2.87%,70.74,73.17,70.51,71.62,46.05,-16.63,1.29,241140,Weakest,Soft,38.09%,1.77,69.21,74.03,37%
NTIC,"Northern Technologies Intl Corp","Chemical - Diversified",7.9,-1.25%,3,Sell,"88% Sell",-0.77,+8.22%,8.11,8.21,8.28,8.08,40.22,-11.28,-11.1,14774,Strongest,Weak,36.41%,0.81,7.88,8.28,4%
DLNG,"Dynagas Lng Partners LP","Transportation - Services",3.76,-0.79%,6,Buy,"24% Sell",-0.87,+1.08%,3.75,3.66,3.84,3.8,49.89,-18.42,-12.26,74798,Weakening,Weak,42.95%,0.76,3.7,3.9,28%
DMAC,"Diamedica Therapeutics Inc","Medical - Biomedical",6.75,+4.65%,6,Sell,"24% Sell",-0.92,+26.88%,6.48,6.89,6.84,6.65,52.73,7.38,-27.19,248368,Weakest,Minimum,39.55%,0.9,6.36,6.94,67%
RIOT,"Riot Platforms Inc","Finance - Misc Services",18.64,+4.75%,3,Sell,"24% Sell",-0.99,+32.26%,22.22,21.32,19.75,19.81,43.39,12.76,35.09,18366104,Weakening,Minimum,18.12%,0.71,17.95,21.67,18%
WOR,"Worthington Enterprises Inc","Building Products - Wood",59.54,+4.93%,4,Buy,"100% Buy",-1.02,-7.62%,56.15,56.22,55.31,57.51,61.64,-27.12,3.46,214264,Strongest,Good,50.46%,1.73,56.02,59.01,118%
ALV,"Autoliv Inc","Auto - Truck Original Parts",121.17,+1.64%,2,Hold,"80% Buy",-1.04,-2.60%,120.66,120.82,118.33,121.97,48.27,-22.1,-9.91,712692,Average,Weak,21.78%,1.13,119.21,124.74,35%
MSCI,"MSCI Inc","Finance - Investment Mgmt",560.63,-0.44%,2,Sell,"56% Sell",-1.07,+1.21%,584.66,578.02,573.96,565.37,43.9,-18.29,-14.27,646499,Strengthening,Weak,50.73%,0.57,555.18,575.56,27%
TR,"Tootsie Roll Industries","Food - Confectionery",39.94,-0.92%,9,Hold,"16% Buy",-1.25,-1.55%,39.87,39.54,40.43,40.61,46.56,-21.05,-2.95,160887,Weakest,Minimum,36.22%,0.73,39.27,41.95,25%
MC,Moelis,"Finance - Investment Brokers",67.52,+1.14%,4,Sell,"88% Buy",-1.49,-5.18%,66.85,67.15,64.79,67.47,49.85,-24.68,-13.76,1018003,Weakening,Weak,45.05%,0.68,64.84,70.1,51%
TGS,"Transportadora DE Gas Sa Ord B ADR","Oil - Production & Pipeline",29.67,+1.51%,1,Sell,"72% Sell",-1.62,+12.90%,30.06,29.48,30.49,28.44,56.5,-6.6,-16.56,268785,Weakening,Weak,82.87%,0.62,27.35,29.54,106%
KPRX,"Kiora Pharmaceuticals Inc.","Medical - Drugs",2.59,+3.19%,8,Buy,"88% Buy",-1.69,-5.13%,2.56,2.57,2.41,2.6,50.16,-24.63,19.48,179730,Strengthening,Average,20.99%,0.55,2.5,2.71,44%
MAGN,"Magnera Corporation","Engineering & R&D Services",12.58,+2.19%,2,Sell,"40% Buy",-1.74,+3.62%,11.92,12.81,11.88,12.43,49.92,-15.88,-28.9,580955,Weakening,Weak,59.16%,0.85,11.88,12.97,64%
VACI,"Viking Acquisition Corp. I Cl A",Unclassified,9.84,-6.69%,16,Hold,N/A,-2.05,N/A,10.19,10.19,10.11,10.22,31.27,N/A,-12.6,N/A,N/A,N/A,61.79%,0.09,9.95,10.49,-20%
KSS,"Kohl's Corp","Retail - Regional Dept Stores",19.21,+7.80%,1,Buy,"88% Buy",-2.07,+19.09%,16.47,18.27,16.13,18.48,56.5,-0.41,-17.87,4800238,Strengthening,Average,60.84%,1.01,17.08,19.88,76%
CRNC,"Cerence Inc","IT Services",8.51,+1.07%,3,Sell,"56% Sell",-2.17,-13.16%,9.61,9.16,8.99,8.44,48.72,-32.66,-32.38,1004706,Weakening,Soft,61.62%,0.72,7.66,9.22,55%
ATR,Aptargroup,"Containers - Paper Products",130.33,-0.45%,2,Hold,"48% Buy",-2.24,-4.46%,125.55,131.13,127.8,133.25,41.84,-23.96,-5.13,505299,Weakest,Weak,19.73%,1.05,130.16,136.34,3%
POCI,"Precision Optics Corp Inc","Medical Instruments",4.45,+4.95%,4,Sell,"72% Sell",-2.34,-3.68%,4.74,4.52,4.67,4.33,52.11,-23.18,-5.66,34875,Weakening,Weak,24.58%,0.51,4.11,4.55,77%
ATO,"Atmos Energy Corp","Utility - Gas Distribution",167.68,-0.01%,1,Sell,"96% Sell",-2.48,+1.34%,175.64,173.05,177.65,168.9,42,-18.16,-11.96,1233272,Strengthening,Good,29.98%,0.82,165.65,172.15,31%
MRSH,"Marsh & Mclennan Companies","Business Services",187.84,+0.14%,2,Buy,"72% Buy",-2.52,-8.57%,175.23,184.02,176.06,190.18,48.97,-28.07,-10.74,2794431,Weakening,Good,37.06%,1.25,184.96,195.39,28%
NFG,"National Fuel Gas Company","Oil - US Integrated",83.21,-0.74%,4,Buy,"8% Sell",-2.88,-4.43%,81.35,81.06,84.44,82.48,55.37,-23.93,-8.06,723221,Weakest,Weak,60.54%,0.67,80.57,84.4,69%
NC,"Nacco Industries",Coal,41.69,-0.74%,1,Sell,"100% Sell",-3.35,+5.41%,47.83,45.65,49.58,41.96,39.13,-14.09,-26.98,12588,"Top 1%",Strong,44.60%,1.49,40.49,43.42,41%
SRE,Sempra,"Other Alt Energy",83.79,-0.56%,1,Sell,"100% Sell",-3.46,+1.09%,90.65,89.12,91.65,84.93,43.02,-18.41,-17.09,3797218,Strongest,Strong,42.81%,1.74,82.17,87.68,29%
VLTO,"Veralto Corporation","Waste Removal Svcs",97.21,+0.16%,7,Buy,"72% Buy",-3.61,-7.67%,90.58,94.76,91.05,98.05,51.24,-27.17,-14.57,1980483,Average,Average,32.85%,0.99,96.02,100.08,29%
SRL,"Scully Royalty Ltd","Conglomerates - Div Operations",5.82,+1.22%,3,Buy,"56% Sell",-3.68,+11.54%,6.86,5.76,7.2,5.84,50.95,-7.96,-43.92,21207,Weakening,Average,26.26%,0.26,5.69,5.99,42%
SBGI,"Sinclair Inc","Media Conglomerates",13.75,-0.79%,2,Hold,"80% Sell",-3.84,-3.31%,14.36,14.16,14.31,14.25,44,-22.81,-22.12,465968,Average,Soft,18.95%,0.97,13.58,14.92,13%
FCPT,"Four Corners Property Trust IN","REIT - Equity Trust Other",24.73,-0.44%,1,Sell,"16% Sell",-3.88,-3.51%,25.14,25.32,25.06,25.06,40.99,-23.01,-4.75,813114,Average,Minimum,17.74%,1.27,24.53,25.59,19%
IVA,"Inventiva S.A. ADR","Medical - Biomedical",4.86,+1.89%,7,Buy,"8% Sell",-3.94,-7.60%,4.65,4.45,5.12,4.72,58.43,-27.1,-7.47,591181,Weakening,Weak,58.57%,0.78,4.56,4.88,95%
BNTC,"Benitec Biopharma Ltd ADR","Medical - Biomedical",12.88,+4.63%,8,Hold,"80% Buy",-4.03,-6.50%,12.29,12.71,11.96,12.92,52.26,-26.,-16.37,153900,Strengthening,Average,32.68%,1.25,12.02,13.82,48%
NXPI,"Nxp Semiconductors","Semi Analog & Mixed",228.5,+2.74%,5,Sell,"56% Sell",-4.23,-1.79%,269.14,253.07,250.57,228.62,43.56,-21.29,-6.72,3463267,Weakening,Weak,35.08%,0.7,218.4,238.85,49%
CI,"The Cigna Group","Medical - HMO",282.84,-0.08%,4,Sell,"8% Sell",-4.25,-5.95%,283.68,283.3,281.15,278.52,52.55,-25.45,-9.23,1680894,Weakest,Minimum,56.99%,0.87,273.02,284.01,89%
DMRA,"Damora Therapeutics Inc","Medical - Biomedical",28.18,+0.14%,6,Sell,"56% Buy",-4.34,+839.33%,26.73,29.37,26.57,30.22,41.21,819.83,10.48,345665,Weakening,Weak,23.34%,0.79,27.97,32.47,5%
RGCO,"Rgc Resources Inc","Oil - Refining and Marketing",21.67,+0.46%,2,Sell,"56% Sell",-4.56,-2.06%,22.89,22.79,22.56,21.73,44.82,-21.56,-10.25,12542,Weakening,Weak,28.30%,1.21,21.23,22.22,44%
COST,"Costco Wholesale","Retail - Discount",928.48,-1.22%,3,Sell,"72% Sell",-4.57,-1.10%,971.74,944.82,978.72,949.98,42.17,-20.6,-4.32,2274470,Strengthening,Average,25.01%,0.99,928.87,971.1,-1%
RAVE,"Rave Restaurant Group","Retail - Restaurants",3.09,0.00%,2,Sell,"40% Buy",-4.69,-3.39%,3.01,3.19,2.96,3.1,46.15,-22.89,-18.35,50540,Weakest,Weak,62.75%,0.22,3.03,3.16,46%
VEL,"Velocity Financial Inc","Finance - Mortgage & Rel Svs",18.13,+1.12%,4,Buy,"16% Sell",-4.81,-4.48%,18.02,17.87,18.25,18.13,53.17,-23.98,-24.66,102488,Weakening,Weak,28.20%,0.77,17.76,18.5,50%
STE,"Steris Corp","Medical Instruments",230.35,+0.30%,4,Buy,"32% Buy",-4.95,-4.82%,219.19,224.65,224.65,234.78,48.59,-24.32,-21.13,751753,Weakening,Weak,22.80%,0.65,228.95,240.61,12%
IBM,"Intl Business Machines","Computer - Integrated Systems",231.7,+0.13%,5,Sell,"100% Sell",-5.01,-4.06%,246.95,242.38,250.08,234.37,46.91,-23.56,-33.77,7178015,Strengthening,Good,36.72%,0.51,228.86,239.88,26%
CEG,"Constellation Energy","Other Alt Energy",290.04,+3.47%,7,Buy,"8% Buy",-5.18,-5.58%,274.75,265.47,281.39,276.01,63.83,-25.08,-29.89,3259562,Average,Minimum,70.58%,1,263.79,288.24,107%
AQN,"Algonquin Power & Util","Utility - Electric Power",5.63,-0.53%,4,Sell,"100% Sell",-5.21,-0.35%,5.92,5.79,6.11,5.74,39.43,-19.85,-20.45,4423534,Strongest,Strong,15.28%,0.84,5.6,5.89,11%
INDO,"Indonesia Energy Corp Ltd","Oil - International Integrated",2.99,-0.99%,9,Buy,"24% Sell",-5.21,+2.05%,2.96,2.86,3.38,2.9,56.88,-17.45,-9.94,1288510,Weakest,Weak,56.24%,2.17,2.75,3.06,78%
CLMB,"Climb Global Solutions Inc","Technology Services",27.41,-2.07%,8,Buy,"72% Buy",-5.24,-12.01%,23.9,26.4,23.92,28.01,49.28,-31.51,-5.33,228410,Weakening,Average,51.27%,0.96,27.01,29,20%
DXR,"Daxor Corp","Medical - Outpatient & Hm Care",10.74,-1.47%,3,Hold,"8% Sell",-5.41,+3.07%,10.22,10.31,10.84,10.31,56.36,-16.43,-39.18,6568,Weakest,Weak,74.88%,7.57,9.71,10.9,86%
ARCC,"Ares Capital Corp","Finance - SBIC & Commercial",20.02,+0.55%,6,Buy,"72% Buy",-5.48,-10.30%,19,19.21,18.91,19.9,59.27,-29.8,-13.03,5815902,Strengthening,Average,65.15%,0.85,19.62,20.19,71%
CKX,"Ckx Lands","Real Estate Operations",10.78,-5.02%,4,Buy,"40% Buy",-5.57,-4.67%,10.8,10.96,10.58,10.9,48.51,-24.17,5.82,5901,Weakening,Weak,69.37%,1.91,10.33,11.48,39%
GBTG,"Global Business Travel Group Inc","Internet - Software",9.48,+0.21%,10,Buy,"100% Buy",-5.58,+16.89%,8.88,9.43,7.78,9.46,62.65,-2.61,11.93,2428680,Average,Strong,33.33%,7.66,9.43,9.48,93%
SMG,"Scotts Miracle-Gro Company","Agriculture Operations",59.97,+1.47%,1,Sell,"40% Sell",-5.61,-0.43%,63.21,65.27,63.91,61.03,41.2,-19.93,-9.21,915958,Weakening,Weak,20.62%,0.65,58.84,63.23,26%
NAAS,"Nass Technology Inc ADR","Electrical Power",3.04,-3.80%,3,Sell,"56% Buy",-5.63,-2.88%,2.97,3.25,2.78,3.3,38.61,-22.38,-22.05,16309,Weakest,Weak,16.44%,0.63,3.09,3.51,-11%
PG,"Procter & Gamble","Consumer Prdts - Misc Staple",147.64,+0.98%,3,Sell,"24% Sell",-5.70,-6.55%,146.15,146.86,148.44,144.94,56.53,-26.05,-8.97,9970135,Weakest,Weak,72.63%,0.82,142.3,147.58,101%
JLHL,"Julong Holding Limited Cl A","Building & Construction - Misc",6.33,+12.63%,2,Sell,"88% Sell",-5.79,+42.73%,14.02,8.05,11.17,7.11,43.86,23.23,45.08,980648,Average,Weak,12.36%,3.24,5.33,8.9,28%
USLM,"U S Lime & Mineral","Building - CMT & CNT & AG",115.47,+0.37%,6,Buy,"8% Buy",-5.89,-6.23%,113.13,111.71,115.23,118.58,47.65,-25.73,-15.56,145337,Weakest,Minimum,16.00%,0.77,115.31,121.85,2%
GFL,"Gfl Environmental Inc","Waste Removal Svcs",42.59,+2.63%,3,Buy,"72% Buy",-5.94,-14.27%,38.59,40.21,40.02,41.47,58.68,-33.77,-12.83,2185660,Strengthening,Soft,60.19%,0.81,40.33,42.61,99%
NATH,"Nathan's Famous IN","Retail - Restaurants",97.86,+0.16%,1,Sell,"56% Sell",-5.97,-5.99%,100.02,98.87,100.28,97.66,47.92,-25.49,-7.41,36130,Average,Weak,51.37%,0.71,96.7,98.61,61%
AMC,"AMC Entertainment Holdings","Leisure & Recreation Services",2.64,+2.33%,1,Buy,"100% Buy",-6.03,-4.69%,2.05,2.34,1.76,2.55,55.28,-24.19,57.24,34389637,Strengthening,Strong,65.22%,0.46,2.37,2.74,73%
BRT,"BRT Realty Trust","REIT - Equity Trust Resident",14.49,+0.42%,4,Hold,"16% Sell",-6.10,-6.64%,14.64,14.77,14.53,14.47,47.94,-26.14,-13.42,48814,Weakest,Minimum,29.35%,1.2,14.01,14.92,53%
PEP,"Pepsico Inc","Beverages - Soft",140.52,+0.52%,3,Buy,"56% Sell",-6.12,-6.49%,144.69,139.73,149.85,140.54,49.86,-25.99,-14.08,7767062,Weakest,Average,33.31%,0.88,136.86,144.22,50%
QTWO,"Q2 Holdings Inc","Internet - Software",64.01,+0.16%,6,Buy,"72% Buy",-6.32,-16.58%,52.84,58.14,52.19,64.12,57.69,-36.08,-23.28,853776,Average,Average,50.60%,0.48,62.25,65.99,47%
QGEN,"Qiagen N.V.","Medical - Biomedical",44.2,+1.87%,4,Buy,"72% Buy",-6.59,-10.51%,39.06,41.7,41.16,43.23,58.15,-30.01,-18.62,2311838,Strongest,Soft,53.69%,0.72,41.57,44.89,79%
EVTC,"Evertec Inc","Financial Transaction Services",30.02,+2.95%,3,Buy,"72% Buy",-6.61,-13.93%,28.03,29.76,28,30.04,50.92,-33.43,-8.79,509990,Strengthening,Average,20.54%,0.89,28.65,31.43,49%
OPCH,"Option Care Health Inc","Medical - Outpatient & Hm Care",23.85,+0.89%,3,Buy,"8% Sell",-6.64,-16.14%,22.72,22.69,25.53,23.77,56.36,-35.64,-37.13,2376134,Weakest,Weak,54.05%,0.55,23.2,24.33,57%
AB,"Alliancebernstein Holding LP","Finance - Investment Mgmt",36.63,-0.11%,3,Sell,"88% Sell",-6.65,-6.84%,37.38,36.78,37.92,36.61,48.44,-26.34,-16.8,323541,Strengthening,Strong,65.87%,0.87,35.97,37.25,52%
KEEL,"Keel Infrastructure Corp","Technology Services",3.11,+1.30%,2,Sell,"40% Sell",-6.79,+132.09%,4.28,4.11,3.57,3.39,40.62,112.59,20.35,41545219,Weakening,Minimum,15.62%,0.7,2.94,3.84,19%
DDL,"Dingdong [Cayman] Ltd ADR","Internet Commerce",2.26,-1.74%,1,Hold,"64% Sell",-6.80,+6.60%,2.38,2.25,2.5,2.31,46.47,-12.9,-21.23,1123973,Average,Soft,26.11%,0.38,2.2,2.42,28%
WCN,"Waste Connections Inc","Waste Removal Svcs",164.09,+0.12%,3,Sell,"8% Buy",-6.87,-10.26%,162.27,167.89,163.38,166.43,42.62,-29.76,-18.42,1470956,Weakest,Minimum,12.01%,0.87,163.43,169.42,11%
CREX,"Creative Realities Inc","Internet - Software",2.64,-7.69%,3,Sell,"88% Sell",-7.07,+14.78%,3.55,3.3,3.51,2.93,36.19,-4.72,-10.84,46894,Strongest,Strong,8.20%,1.29,2.6,3.25,6%
PPHC,"Public Policy Holding Company Inc","Conglomerates - Div Operations",11.44,+4.47%,1,Buy,N/A,-7.09,N/A,10.81,9.67,11.44,10.79,58.52,N/A,N/A,N/A,N/A,N/A,66.86%,0.89,9.95,11.63,89%
CC,"Chemours Company","Chemical - Diversified",15.68,+3.84%,2,Sell,"72% Sell",-7.11,+2.35%,20.18,17.12,19.79,15.5,46.25,-17.15,21,2884034,Weakening,Average,49.16%,0.69,14.76,16.25,62%
GNLX,"Genelux Corp","Medical - Biomedical",2.55,-1.92%,2,Sell,"88% Sell",-7.12,-24.33%,2.84,2.82,2.77,2.69,40.46,-43.83,-53.5,221003,Strengthening,Soft,19.65%,0.59,2.55,2.82,1%
IOT,"Samsara Inc Cl A","Internet - Software",36.79,-5.81%,7,Hold,"64% Buy",-7.13,+3.66%,34.19,37.26,32.61,39.76,42.95,-15.84,-8.21,6642470,Weakening,Average,29.86%,0.98,37.52,42.01,-16%
SLGN,"Silgan Holdings","Containers - Metal & Glass",41.33,-0.19%,6,Sell,"40% Sell",-7.35,-10.35%,41.5,43.68,42.3,41.74,43.78,-29.85,-9.61,993862,Strengthening,Minimum,31.91%,1.12,40.51,42.96,33%
RGP,"Resources Connection Inc",Staffing,4.46,+7.73%,3,Sell,"16% Buy",-7.49,-13.15%,4.31,4.33,4.15,4.25,57.68,-32.65,-23.5,419044,Weakening,Minimum,38.56%,0.71,4.09,4.42,113%
BCO,"Brink's Company","Financial Transaction Services",107.47,-2.32%,1,Sell,"56% Sell",-7.49,-5.17%,107.95,110.78,110.8,111.43,41.31,-24.67,-19.92,433145,Average,Weak,13.99%,0.79,107.51,115.35,0%
XLO,"Xilio Therapeutics Inc","Medical - Biomedical",8.84,-0.45%,3,Sell,"40% Buy",-7.50,-10.40%,8.67,9.08,8.41,9.15,40.05,-29.9,-13.36,37413,Weakest,Weak,21.82%,0.15,8.79,9.5,7%
TRC,"Tejon Ranch Company","Real Estate Operations",16.11,+0.19%,1,Sell,"88% Sell",-7.53,-6.34%,18.37,17.33,18.22,16.33,35.95,-25.84,-9.83,109229,Average,Strong,25.00%,1.02,15.93,16.73,23%
PPIH,"Perma-Pipe International Holdings Inc","Steel - Pipe & Tube",27.27,+1.00%,10,Buy,"40% Sell",-7.63,-8.92%,28.57,26,29.31,26.72,55.92,-28.42,-22.17,99175,Weakest,Average,56.71%,0.82,25.84,27.6,81%
SRI,"Stoneridge Inc","Electronics - Misc Components",7.23,+1.83%,3,Sell,"64% Buy",-7.69,-11.83%,7.13,7.18,7.04,7.12,52.02,-31.33,12.88,203215,Average,Weak,48.63%,0.56,6.83,7.41,69%
SPH,"Suburban Propane Partners LP","Oil Refining & Marketing MLP",17.58,0.00%,1,Hold,"96% Sell",-7.90,-4.66%,18.54,17.87,19.11,17.63,44.61,-24.16,-17.17,165357,Strengthening,Strong,38.30%,1.14,17.46,17.81,35%
CHSCP,"CHS Inc","Agriculture Operations",26.67,+0.08%,2,Sell,"88% Sell",-7.95,-6.78%,27.19,26.69,27.49,26.65,48.8,-26.28,-15.7,16312,Average,Strong,48.37%,0.12,26.58,26.73,63%
ARL,"American Realty Investors","Real Estate Operations",15.95,+5.98%,2,Sell,"8% Buy",-8.08,+5.49%,15.56,16.71,15.86,15.16,56.55,-14.01,-12.67,6584,Weakening,Weak,55.03%,0.13,14.58,15.73,119%
CRNT,"Ceragon Networks Ltd","Wireless Non-US",2.07,+0.98%,4,Sell,"88% Sell",-8.12,+6.15%,2.45,2.23,2.39,2.13,41.69,-13.35,-13.42,559456,Strengthening,Average,16.77%,0.5,2.01,2.24,25%
LYEL,"Lyell Immunopharma Inc","Medical - Drugs",14.95,+2.96%,6,Buy,"40% Sell",-8.20,+31.07%,16.03,13.99,18.24,14.7,54.05,11.57,-63.4,122623,Weakest,Soft,32.18%,0.3,13.45,15.95,60%
CE,"Celanese Corp","Chemical - Specialty",46.66,+5.73%,7,Sell,"56% Sell",-8.25,+1.28%,51.96,45.8,53.35,45.04,55.01,-18.22,-1.63,2114607,Weakest,Average,48.04%,1.31,43.06,47.01,91%
DBVT,"Dbv Technologies ADR","Medical - Biomedical",13.61,+1.42%,8,Sell,"100% Sell",-8.25,+48.26%,16.78,14.68,18.27,14.15,43.34,28.76,-40.99,340355,Average,Good,21.23%,0.62,13.28,15.02,19%
CRAI,"Cra International",Consulting,170.98,-0.87%,1,Buy,"56% Buy",-8.33,-11.65%,158.14,167.18,161.1,171.56,49.45,-31.15,-26.8,151174,Weakest,Weak,56.43%,1.68,165.06,178.06,46%
MLYS,"Mineralys Therapeutics Inc","Medical - Biomedical",29.04,+13.57%,6,Hold,"32% Sell",-8.45,+0.62%,27.22,26.91,27.35,26.41,65.79,-18.88,-31.97,1320566,Weakest,Minimum,47.25%,2.12,24.61,28.21,123%
SBAC,"SBA Communications","REIT - Equity Trust Other",186.42,-1.27%,5,Hold,"32% Sell",-8.48,-7.71%,195.67,182.89,193.9,184.73,52.19,-27.21,-15.61,994221,Weakening,Soft,73.74%,0.81,178.83,190.63,64%
ZKH,"Zkh Group Limited ADR","Internet - Services",2.92,-0.34%,5,Buy,"8% Sell",-8.49,+2.10%,2.85,2.8,3.01,2.91,52.24,-17.4,-32.64,170956,Weakest,Weak,78.73%,0.16,2.83,3,55%
LONA,"Leonabio Inc","Medical - Biomedical",7.67,+1.05%,6,Sell,"40% Sell",-8.70,+98.19%,8.62,8.04,8.11,7.8,46.7,78.69,-10.67,362964,Weakening,Weak,15.49%,0.13,7.48,8.11,30%
AGMB,"Agomab Therapeutics NV Adrs","Medical - Biomedical",13.66,+0.89%,6,Hold,N/A,-8.72,N/A,12.16,13.28,0,13.77,51.82,N/A,N/A,N/A,N/A,N/A,37.94%,1.42,12.66,14.88,45%
STFS,"Star Fashion Culture Holdings Limited Cl A","Advertising Marketing Services",4.52,-0.22%,3,Sell,"24% Sell",-8.73,-23.39%,7.58,7.81,6.42,4.15,44.62,-42.89,0.67,291776,Weakest,Weak,19.83%,0.07,3.59,4.7,84%
APT,"Alpha Pro Tech","Protection - Safety",5.25,-0.19%,5,Buy,"56% Buy",-8.79,+9.83%,5.26,5.22,5.15,5.34,48.81,-9.67,6.25,55056,Weakening,Weak,34.88%,0.75,5.16,5.52,26%
KMB,"Kimberly-Clark Corp","Consumer Prdts - Misc Staple",109.29,+2.06%,2,Sell,"56% Buy",-9.03,-15.17%,104.13,109.76,103.58,109.25,50.24,-34.67,-3.66,4941465,Average,Soft,20.64%,1.02,106.94,111.56,51%
NPB,"Northpointe Bancshares Inc","Finance - Savings & Loan",16.89,+1.81%,1,Sell,"40% Sell",-9.21,-6.17%,17.75,17.77,17.69,17.12,42.87,-25.67,-11.33,236700,Average,Average,29.69%,1.11,16.7,17.55,23%
HNRG,"Hallador Energy Company","Other Alt Energy",16.35,-0.12%,9,Hold,"64% Sell",-9.29,-1.80%,16.69,15.99,17.1,15.93,53.61,-21.3,-26.12,763163,Average,Average,81.39%,0.64,14.89,16.96,70%
LSPD,"Lightspeed Commerce Inc","Internet - Software",10.41,+2.56%,3,Buy,"72% Buy",-9.44,-13.32%,9.84,10.36,9.62,10.49,49.81,-32.82,-25.81,901976,Average,Soft,26.62%,0.67,10.12,10.87,39%
LNN,"Lindsay Corp","Machinery - Farm",120.11,+4.61%,6,Hold,"16% Buy",-9.56,-12.34%,113.41,115.74,117.37,115.07,64.3,-31.84,-10.09,148510,Weakening,Minimum,60.82%,1.25,112,118.13,132%
ATAT,"Atour Lifestyle Holdings ADR","Leisure & Recreation Services",35.05,+1.62%,6,Buy,"8% Sell",-9.58,-9.27%,34.81,33.57,35.61,34.91,52.46,-28.77,-23.03,1131392,Weakest,Weak,43.55%,0.55,33.29,36.53,54%
NVO,"Novo Nordisk A/S ADR","Large Cap Pharma",46.77,+3.66%,2,Sell,"40% Buy",-9.64,-17.05%,45.6,47.91,44.29,46.45,50.09,-36.55,-20.07,17589564,Average,Weak,26.63%,1.15,44.65,48.24,59%
ADT,"ADT Inc","Protection - Safety",7.49,+1.63%,1,Buy,"72% Buy",-9.71,-12.81%,7.04,7.15,7.08,7.43,55.84,-32.31,-19.18,9331213,Strengthening,Weak,57.72%,0.8,7.2,7.66,63%
GBDC,"Golub Capital Bdc","Finance - SBIC & Commercial",12.95,+0.47%,4,Hold,"16% Sell",-9.72,-12.20%,13.05,12.98,12.86,13.13,45.87,-31.7,-16.56,1827177,Weakest,Minimum,21.61%,1.2,12.91,13.35,8%
HNNA,"Hennessy Advisors","Finance - Investment Mgmt",10.23,+1.19%,7,Buy,"80% Buy",-9.82,-12.89%,10,10,9.96,10,63.85,-32.39,-5.38,11156,Strongest,Weak,89.07%,0.94,9.82,10.17,117%
KRC,"Kilroy Realty Corp","REIT - Equity Trust Other",36.47,+0.69%,2,Sell,"40% Buy",-9.88,-11.01%,36.22,38.02,34.32,36.67,43.59,-30.51,-14.4,1725005,Weakening,Weak,42.31%,1.01,35.74,37.61,39%
PIPR,"Piper Jaffray Companies","Finance - Misc Services",75.19,+0.94%,3,Sell,"72% Sell",-9.99,-8.54%,78.46,75.11,78.48,75.1,49.77,-28.04,-23.46,620204,Average,Average,39.27%,1.57,73.06,77.14,52%
CLSK,"Cleanspark Inc","Finance - Misc Services",11.33,+2.44%,2,Sell,"56% Sell",-10.10,+17.53%,13.91,13.2,12.55,11.99,42.87,-1.97,-0.03,24392857,Average,Weak,17.36%,0.49,10.98,13,17%
IBP,"Installed Building Products","Building & Construction - Misc",235.52,+0.59%,4,Hold,"48% Sell",-10.11,-9.18%,236.76,233.55,257.24,243.03,47.01,-28.68,-21.19,375412,Weakening,Weak,28.24%,0.83,234.42,251.64,6%
KNSL,"Kinsale Capital Group Inc","Insurance - Proprty & Casualty",376.78,+1.15%,10,Buy,"56% Buy",-10.12,-17.25%,337.74,357.73,347.81,378.16,53.71,-36.75,-15.66,272211,Strengthening,Average,24.07%,0.67,364.82,391.5,45%
RHLD,"Resolute Holdings Management","Finance - Misc Services",131.8,+0.78%,3,Hold,"32% Sell",-10.15,+95.69%,129.79,133.67,143.45,131.35,49.77,76.19,-48.14,166249,Weakening,Weak,51.19%,1.04,120.6,142.1,52%
DFIN,"Donnelly Financial Solutions Inc","Internet Software Services",47.87,-0.60%,2,Buy,"72% Buy",-10.22,-14.64%,45.18,47.19,46.06,48.08,49.98,-34.14,-9.46,277500,Weakening,Weak,40.48%,0.66,46.88,49.27,41%
UG,"United Guardian Inc","Medical Products",7.07,-0.84%,3,Sell,"24% Buy",-10.29,-17.12%,7.12,7.28,6.96,7.17,43.93,-36.62,2.78,8446,Weakening,Weak,20.77%,0.89,7.04,7.31,12%
TAC,"Transalta Corp","Utility - Electric Power",11.84,+0.59%,3,Sell,"100% Sell",-10.41,-2.15%,13.08,13.06,13.08,12.36,37.72,-21.65,-18.32,1571394,Strongest,Good,14.54%,0.71,11.83,12.89,1%
CHNR,"China Natural Res","Mining - Misc",3.9,-0.06%,6,Buy,"8% Sell",-10.43,+3.04%,4.02,3.92,3.94,4.07,45.59,-16.46,-3.51,263895,Weakening,Minimum,19.83%,0.63,3.85,4.29,11%
UTSI,"Utstarcom Holdings C","Communications Components",2.27,-1.30%,5,Sell,"88% Sell",-10.73,+3.18%,2.52,2.42,2.5,2.4,39.76,-16.32,-22.62,104209,Strongest,Average,54.83%,0.24,2.26,2.53,5%
EGAN,"Egain Corp","Internet - Software",7.23,-1.36%,8,Buy,"24% Sell",-10.76,+14.22%,7.14,6.89,7.76,7.32,51.02,-5.28,-41.73,237164,Weakest,Weak,55.94%,0.97,7.11,7.54,28%
TIPT,"Tiptree Financial Cl A","Insurance - Brokers",18.4,+0.44%,8,Buy,"100% Buy",-10.81,-21.23%,17.67,18.02,17.41,18.19,55.14,-40.73,-11.28,242553,Strengthening,Average,72.96%,0.61,17.72,18.67,72%
DRVN,"Driven Brands Holdings Inc","Retail - Wholesale Auto Parts",12.88,+0.62%,1,Sell,"40% Sell",-10.90,-32.60%,13.55,13.88,13.47,12.85,45.31,-52.1,-25.08,1372896,Weakest,Weak,45.38%,1.71,12.28,13.41,53%
PHUN,"Phunware Inc","Internet - Software",2.07,+0.49%,3,Hold,"40% Buy",-11.15,-18.18%,2.08,2.1,1.98,2.09,46.37,-37.68,-0.1,143426,Weakest,Weak,34.91%,0.57,2.03,2.16,33%
LBTYA,"Liberty Global Ltd Ord A","Diversified Comm Services",10.68,+1.33%,2,Sell,"72% Sell",-11.17,-8.09%,11.31,10.65,11.57,10.57,51.41,-27.59,-16.12,2294243,Weakening,Good,62.23%,0.99,10.21,10.93,66%
WKEY,"Wisekey International Holding Ltd ADR","Protection - Safety",6.31,+2.60%,3,Sell,"100% Sell",-11.26,+17.07%,7.35,6.64,7.2,6.53,45.56,-2.43,-31.61,139946,Strongest,Average,19.47%,0.34,6.16,6.9,20%
AMT,"American Tower Corp","REIT - Equity Trust Other",172.92,-1.76%,8,Buy,"56% Sell",-11.33,-13.75%,176.25,170.91,177.73,174.04,48.02,-33.25,-13.5,3122021,Strengthening,Weak,45.32%,0.88,168.8,179.29,39%
FPH,"Five Point Holdings Llc Cl A","Real Estate Developers",5.05,0.00%,4,Hold,"48% Sell",-11.42,-10.46%,5.09,5.18,5.13,5.14,41.71,-29.96,-21.65,173514,Weakening,Weak,14.68%,0.64,5.03,5.25,10%
BXSL,"Blackstone Secured Lending Fund","Finance - SBIC & Commercial",24.68,0.00%,9,Buy,"24% Buy",-11.59,-16.59%,23.94,23.95,24.03,24.63,54.9,-36.09,-18.26,2102506,Weakening,Weak,57.68%,0.65,24.13,25.14,55%
EPAC,"Actuant Corp","Machinery - Tools & Related",36.52,-0.30%,6,Buy,"8% Sell",-11.69,-12.92%,35.46,36.1,36.59,37.14,47.53,-32.42,-16.49,443177,Weakest,Minimum,30.24%,0.76,36.42,37.86,7%
REXR,"Rexford Industrial Realty Inc","REIT - Equity Trust Other",36.63,-1.16%,1,Buy,"24% Buy",-11.80,-9.06%,35.8,36.3,35.91,36.86,47.04,-28.56,-17.39,2500584,Weakest,Minimum,49.70%,0.85,35.87,37.85,38%
ALG,"Alamo Group","Machinery - Farm",171.31,+4.39%,2,Buy,"24% Buy",-11.82,-17.94%,162.16,164.56,170.29,164.96,61.85,-37.44,-9.94,152230,Average,Minimum,65.13%,0.98,159.26,170.66,106%
TW,"Tradeweb Markets Inc","Finance - Investment Brokers",103.47,-3.04%,12,Buy,"40% Sell",-12.32,-17.21%,104.96,102.06,109.63,105.77,45.91,-36.71,-15.77,1498749,Weakening,Weak,44.91%,0.72,101.96,109.58,20%
MSDL,"MS Direct Lending Fund","Finance - SBIC & Commercial",15.27,+0.13%,6,Sell,"24% Sell",-12.33,-15.50%,15.28,15.3,15.17,15.35,49.07,-35.,-19.33,699364,Weakest,Minimum,32.68%,0.86,15.16,15.53,29%
TSQ,"Townsquare Media Llc","Broadcast - Radio & TV",5.69,+0.53%,5,Sell,"72% Sell",-12.48,-20.42%,6.39,6.26,6.41,5.82,41.51,-39.92,-1.29,113633,Strongest,Soft,34.67%,0.61,5.38,6.26,35%
EQ,"Equillium Inc","Medical - Biomedical",2.25,+2.04%,4,Sell,Hold,-12.55,+30.81%,2.46,2.51,2.25,2.26,46.41,11.31,33.17,639961,Bearish,,47.74%,0.15,2.03,2.49,47%
ALKT,"Alkami Technology Inc","Internet - Software",19.88,+2.26%,6,Buy,"72% Buy",-12.56,-19.06%,17.59,18.68,17.39,20.11,53.73,-38.56,-25.82,1688097,Average,Average,34.98%,0.66,19.44,20.79,33%
AMRN,"Amarin Corp ADR","Medical - Biomedical",13.7,-1.05%,5,Sell,"100% Sell",-12.66,-9.75%,14.57,14.49,14.67,14.08,39.95,-29.25,-13.82,79898,Strongest,Average,6.26%,0.61,13.72,14.43,-3%
AKA,"A.K.A. Brands Holding Corp","Retail - Apparel & Shoes",10.92,+4.00%,2,Sell,"24% Buy",-12.89,+4.80%,10.43,10.81,10.45,10.73,53.85,-14.7,-9.93,5301,Weakening,Minimum,33.75%,0.78,10.34,11.12,74%
PGY,"Pagaya Technologies Ltd Cl A","Finance - Misc Services",22,+5.06%,4,Buy,"88% Buy",-12.91,-39.49%,16.76,19.23,15.41,21.44,57.34,-58.99,-6.73,3526466,Strengthening,Average,48.67%,0.42,19.94,22.95,68%
BBOT,"Bridgebio Oncology Therapeutics Inc","Medical - Biomedical",8.89,+0.79%,8,Hold,"16% Sell",-13.15,-7.20%,8.52,8.67,9,9.11,49.17,-26.7,-40.98,325083,Weakening,Weak,31.14%,0.73,8.66,9.57,26%
ABG,"Asbury Automotive Group Inc","Retail - Wsale Auto & Trucks",213.07,+1.77%,1,Sell,"8% Sell",-13.25,-15.90%,205.39,214.6,206.91,211.38,49.76,-35.4,-20.36,233984,Weakest,Minimum,55.72%,0.67,205.55,217.2,65%
FCN,"Fti Consulting",Consulting,149.99,-0.91%,1,Sell,"100% Sell",-13.42,-11.04%,158.96,155.09,162.4,152.25,42.09,-30.54,-24.19,411126,Strongest,Strong,18.68%,0.81,149.05,155.45,15%
ALT,"Altimmune Inc","Medical - Drugs",3.28,+6.15%,8,Buy,"8% Buy",-13.51,-12.53%,2.97,3,3.32,3.07,60.75,-32.03,-21.13,4334378,Average,Weak,71.44%,1.64,2.86,3.27,101%
NOMD,"Nomad Foods Ltd","Food - Misc & Diversified",11.59,-0.69%,2,Buy,"56% Buy",-13.56,-24.64%,10.77,11.66,10.86,11.75,47.33,-44.14,-19.34,1653319,Weakest,Soft,36.26%,0.52,11.27,12.23,33%
CYH,"Community Health Systems","Medical - Hospitals",2.9,-1.02%,7,Sell,"72% Sell",-13.58,+2.84%,3,3.11,3.07,2.95,44.42,-16.66,-19.04,1670540,Average,Soft,35.67%,0.88,2.86,3.03,21%
SOHU,"Sohu.com Inc ADR","Internet - Services",13.63,-1.80%,5,Hold,"48% Sell",-13.62,-15.97%,13.95,13.45,14.66,14.2,43.03,-35.47,-24.84,48306,Weakening,Soft,12.88%,1.1,13.68,14.72,-5%
AUNA,"Auna Sa Cl A","Medical Services",5.22,+1.36%,7,Buy,"88% Buy",-13.63,-17.54%,5.06,5.18,5.12,5.26,50.42,-37.04,-5.89,308037,Strengthening,Weak,55.77%,0.45,5.09,5.43,38%
AFRM,"Affirm Holdings Inc Cl A","Internet - Software",74.09,+5.93%,4,Sell,"40% Buy",-13.96,-9.89%,71.82,77.24,64.64,75.83,47.39,-29.39,-12.45,5306091,Weakest,Average,13.85%,1.35,71.75,79.92,29%
LBTYK,"Liberty Global Ltd Ord C","Broadcast - Radio & TV",10.42,+0.68%,2,Sell,"72% Sell",-14.08,-11.77%,10.98,10.35,11.26,10.31,51.82,-31.27,-17.61,1211321,Weakening,Strong,68.94%,0.62,9.98,10.64,67%
UHS,"Universal Health Services","Medical - Hospitals",167.49,-1.91%,5,Buy,"8% Sell",-14.33,-7.72%,161.89,162.31,175.09,172.41,47,-27.22,-35.17,844609,Weakest,Weak,18.54%,0.96,166.83,177.99,6%
JBS,"Jbs N.V. Cl A","Food - Misc & Diversified",13.54,+0.97%,2,Buy,"56% Sell",-14.46,-15.95%,13.68,12.96,14.53,13.6,51.69,-35.45,-18.09,5651651,Weakest,Average,28.21%,0.7,13.04,14.16,45%
GLAD,"Gladstone Cap Corp","Finance - SBIC & Commercial",20.09,+0.80%,8,Buy,"88% Buy",-14.57,-23.14%,19.29,19.5,18.97,19.76,58.99,-42.64,-14.75,193178,Strongest,Soft,71.13%,1.27,19.38,20.14,93%
TARA,"Artara Therapeutics Inc","Medical - Drugs",3.94,+1.03%,4,Sell,"100% Sell",-14.59,+24.29%,4.4,4.02,4.89,3.95,48.81,4.79,-38.07,831125,Weakening,Average,46.25%,0.66,3.78,4.11,47%
ATHM,"Autohome Inc ADR","Internet - Services",21.93,-0.77%,2,Hold,"64% Buy",-14.69,-23.67%,19.74,21.47,19.62,22.42,48.26,-43.17,-13.47,693406,Weakening,Average,50.73%,0.54,21.53,23.32,22%
EEFT,"Euronet Worldwide","Financial Transaction Services",72.96,+7.08%,3,Sell,"8% Buy",-14.97,-20.02%,72.19,74.25,71.47,70.7,52.91,-39.52,-16.12,719831,Weakening,Minimum,33.18%,1.43,67.41,73.99,84%
LADR,"Ladder Capital Corp","REIT - Mortgage Trusts",9.81,+1.24%,6,Hold,"80% Sell",-15.26,-15.14%,10.03,9.86,10.09,9.87,48.35,-34.64,-22.73,882026,Weakening,Average,9.33%,0.83,9.59,10.14,40%
LMRI,"Lumexa Imaging Holdings Inc","Medical Products",11.75,+0.95%,5,Hold,N/A,-15.35,N/A,10.2,11.48,10.93,11.81,52.68,N/A,-48.48,N/A,N/A,N/A,22.26%,0.47,11.35,12.28,43%
STEP,"Stepstone Group Inc Cl A","Finance - Misc Services",50.5,+1.65%,7,Buy,"8% Buy",-15.36,-17.32%,48.2,45.67,49.1,49.5,55.84,-36.82,-33.29,1163083,Weakening,Minimum,61.08%,0.77,46.55,52.46,67%
KREF,"KKR Real Estate Finance Trust Inc","REIT - Mortgage Trusts",7.59,+1.88%,5,Buy,"88% Buy",-15.39,-20.11%,7,7.36,6.95,7.57,53.8,-39.61,-19.65,1171230,Strengthening,Average,44.27%,0.38,7.34,7.79,55%
WTF,"Waton Financial Limited","Finance - Misc Services",2.78,+4.51%,2,Sell,"88% Sell",-15.47,-35.80%,3.15,2.84,3.37,2.86,47.69,-55.3,-27.75,66096,Weakening,Average,28.36%,0.17,2.63,3.08,33%
ULH,"Universal Logis Holdings","Transportation - Services",18.13,-1.52%,8,Buy,"40% Buy",-15.88,-27.88%,17.16,16.72,17.39,19.15,49,-47.38,7.36,58935,Weakest,Weak,13.63%,0.74,18.16,20.14,-2%
ANGH,"Anghami Inc","Broadcast - Radio & TV",3.48,+4.50%,6,Sell,Hold,-15.88,+11.54%,3.72,3.51,3.45,3.48,50.32,-7.96,-19.68,263835,Bearish,,24.76%,0.06,3.2,3.76,50%
DXC,"Dxc Technology Company","IT Services",11.63,+4.21%,1,Buy,"16% Buy",-15.96,-18.84%,10.24,10.24,11.09,10.9,62.76,-38.34,-32.6,3541439,Average,Minimum,87.21%,0.57,10.31,11.49,112%
TBCH,"Turtle Beach Corp","Computers - Peripheral Equpt",12.47,+3.49%,4,Hold,"32% Buy",-16.09,-17.20%,12.34,12.65,12.15,12.66,48.31,-36.7,-23.11,294374,Weakest,Weak,38.69%,1.02,11.88,13.45,38%
RYAN,"Ryan Specialty Holdings","Insurance - Brokers",42.34,+0.05%,3,Hold,"64% Buy",-16.10,-23.62%,37.78,41.99,38.08,42.83,48.52,-43.12,-29.98,2084262,Average,Weak,32.25%,0.93,41.11,44.56,36%
GXO,"Gxo Logistics Inc","Transportation - Air Freight",46.37,+0.43%,2,Sell,"100% Sell",-16.10,-9.52%,50.66,49.78,52.83,47.17,41.47,-29.02,-23.9,1313448,Strongest,Strong,44.59%,0.79,45.42,48.93,27%
LFWD,"Lifeward Ltd","Medical Services",7.26,+0.83%,5,Sell,"24% Buy",-16.50,-2.01%,7.27,7.51,7.01,7.46,45.94,-21.51,-7.06,22102,Weakest,Minimum,30.07%,0.31,7.1,7.83,22%
BRO,"Brown & Brown","Insurance - Brokers",72.04,-0.01%,2,Buy,"88% Buy",-16.62,-24.51%,64.84,69.61,66.19,71.76,53.4,-44.01,-21.6,2952733,Average,Average,55.72%,0.71,69.2,74.33,55%
FBIO,"Fortress Biotech Inc","Medical - Biomedical",2.73,+1.87%,2,Sell,"48% Sell",-16.65,-8.39%,2.8,3.04,2.91,2.8,42.93,-27.89,-37.4,660202,Average,Weak,23.81%,0.44,2.61,2.98,32%
LXEO,"Lexeo Therapeutics Inc","Medical - Drugs",4.78,+1.70%,9,Buy,"56% Sell",-16.74,-0.21%,5.06,4.73,5.54,4.89,48.8,-19.71,-63.85,995782,Weakest,Soft,19.90%,0.5,4.54,5.24,34%
ERIE,"Erie Indemnity Company","Insurance - Brokers",258.41,+0.91%,7,Buy,"72% Buy",-17.01,-23.56%,235.48,245.46,244.17,257.93,54.56,-43.06,-21.84,230188,Strengthening,Soft,39.61%,0.73,248.15,267.71,52%
NXST,"Nexstar Media Group Inc","Media Conglomerates",177.19,-0.37%,4,Sell,"88% Sell",-17.03,-12.70%,186.47,183.09,198.73,185.55,40.22,-32.2,-24.73,371474,Strengthening,Average,14.79%,0.8,177.21,193.9,0%
CXDO,"Crexendo Inc","Internet - Services",5.93,+0.34%,2,Sell,"88% Sell",-17.08,-7.78%,7.55,7.01,7.15,6.38,33.97,-27.28,-20.34,348314,Strongest,Average,5.63%,1.01,5.97,6.79,-5%
RDY,"Dr. Reddy's Laboratories Ltd ADR","Medical - Generic Drugs",12.17,0.00%,5,Sell,"100% Sell",-17.35,-13.81%,13.06,12.73,13.37,12.21,45.15,-33.31,-25.31,2181547,Average,Strong,35.70%,1.41,12.01,12.42,40%
CRVS,"Corvus Pharma Com","Medical - Biomedical",14.2,-0.49%,8,Buy,"40% Buy",-17.51,+150.44%,14.05,14.35,14.97,14.5,48.47,130.94,72.43,1943534,Weakening,Minimum,22.89%,0.62,13.6,15.41,33%
GEG,"Great Elm Group Inc","Conglomerates - Div Operations",2.2,+0.46%,1,Buy,"8% Buy",-18.25,-14.06%,2.18,2.19,2.12,2.17,53.99,-33.56,-25.72,25212,Weakest,Minimum,61.11%,1.16,2.12,2.22,82%
LMND,"Lemonade Inc","Insurance - Multi Line",53.14,+3.51%,4,Sell,"72% Sell",-18.29,+2.63%,58.58,58.87,59.9,52.43,47.15,-16.87,-37.33,1975025,Weakest,Average,43.88%,0.58,49.97,54.89,65%
CATX,"Perspective Therapeutics Inc","Medical - Drugs",3.1,0.00%,9,Buy,"72% Sell",-18.49,-6.63%,3.44,3.13,3.9,3.17,47.8,-26.13,0.74,2133557,Average,Soft,17.25%,0.57,2.94,3.4,34%
NCDL,"Nuveen Churchill Direct Lending Corp","Finance - SBIC & Commercial",12.6,+0.48%,3,Sell,"72% Sell",-18.57,-20.50%,12.97,12.52,13.1,12.44,54.64,-40.,-17.54,235294,Weakest,Average,58.50%,0.92,12.15,12.73,77%
MAT,"Mattel Inc","Toys & Game & Hobby",14.64,+0.34%,2,Buy,"24% Sell",-18.84,-19.21%,14.56,14.4,15.27,14.8,48.26,-38.71,-38.2,4583605,Weakest,Soft,32.28%,0.58,14.32,15.28,33%
TRTX,"Tpg Re Finance Trust Inc","Real Estate Operations",7.8,+1.56%,2,Sell,"100% Sell",-18.89,-16.31%,8.3,8.2,8.32,7.86,40.93,-35.81,-21.4,727250,Average,Strong,17.74%,0.66,7.65,8.08,35%
OMSE,"Oms Energy Technologies Inc","Oil Field Machinery & Equip",4.76,+0.63%,4,Buy,"24% Buy",-18.90,-23.47%,4.45,4.32,4.46,4.5,65.25,-42.97,-3.81,19900,Average,Weak,74.39%,1.77,4.23,4.77,98%
DHI,"D.R. Horton","Building - Residential & Comm",142.26,+0.63%,4,Sell,"56% Sell",-18.97,-16.45%,149.53,150.24,149.41,147.52,42.64,-35.95,-13.22,2693375,Strengthening,Soft,5.76%,0.76,141.95,153.1,3%
WU,"Western Union Company","Financial Transaction Services",7.3,+3.40%,4,Sell,"88% Sell",-18.99,-16.57%,8.01,7.6,8.47,7.22,48.48,-36.07,-33.58,8895651,Weakest,Strong,38.40%,0.8,6.98,7.47,66%
PLUG,"Plug Power Inc","Electronics Products - Misc",2.09,0.00%,4,Sell,"88% Sell",-19.15,+41.22%,2.77,2.26,2.57,2.2,43.05,21.72,-5.9,79972422,Strengthening,Average,10.35%,0.72,2.05,2.35,12%
SNAP,"Snap Inc","Internet - Software",5.59,+4.49%,4,Buy,"8% Buy",-19.16,-23.74%,5.31,4.96,5.21,5.37,56.68,-43.24,-42.72,45683586,Weakening,Minimum,48.11%,0.78,5.01,5.73,80%
ELTK,"Eltek Ltd","Electronics - Misc Components",7.6,-5.02%,3,Sell,"96% Sell",-19.55,-25.56%,8.67,8.67,8.71,8.28,35.84,-45.06,-24.13,12878,Strongest,Good,18.70%,0.35,7.52,9.04,5%
CULP,"Culp Inc","Textile - Home Furnishings",3.27,-0.91%,1,Sell,"8% Sell",-19.80,-24.22%,3.29,3.42,3.24,3.39,40.09,-43.72,-20.14,31222,Weakening,Minimum,29.03%,1.52,3.24,3.54,9%
VFS,"Vinfast Auto Ltd","Auto - Domestic",3.11,0.00%,3,Buy,"48% Sell",-19.89,-7.44%,3.44,3.11,3.41,3.14,48.58,-26.94,-18.88,521651,Weakening,Soft,27.27%,0.57,3.01,3.27,37%
JYNT,"The Joint Corp","Medical - HMO",8.24,-1.44%,5,Sell,"100% Sell",-19.91,-22.70%,8.72,8.61,8.77,8.42,41.94,-42.2,-17.49,85620,Strongest,Average,30.36%,0.91,8.17,8.68,14%
DSGX,"Descartes Sys Group","Computer - Software",78.49,-2.41%,7,Buy,"72% Buy",-20.02,-20.23%,73.39,74.67,71.95,78.4,53.25,-39.73,-22.45,587570,Weakening,Weak,68.07%,1.07,74.97,81.83,51%
PAX,"Patria Investments Ltd Cl A","Finance - Investment Mgmt",11.33,+0.71%,4,Buy,"56% Sell",-20.17,-16.72%,11.56,11.17,11.98,11.4,49.68,-36.22,-40.69,901975,Weakest,Average,40.91%,0.95,11.06,11.75,39%
LMAT,"Lemaitre Vascular","Medical Products",81.72,+0.79%,1,Sell,"72% Sell",-20.49,-14.01%,97.18,92.24,98.56,81.33,40.85,-33.51,-11.23,264380,Weakening,Good,45.34%,0.66,78.92,83.74,58%
DGXX,"Digi Power X Inc","Technology Services",3.43,+0.29%,5,Sell,"72% Sell",-20.52,+44.73%,5.02,4.16,4.16,3.83,38.32,25.23,22.52,5615354,Strengthening,Weak,11.03%,0.37,3.39,4.27,4%
UPBD,"Upbound Group Inc","Finance - Leasing Companies",18.8,+2.06%,3,Sell,"24% Sell",-20.65,-24.35%,19.39,20.15,19.39,19.17,43.85,-43.85,-4.93,865097,Weakest,Minimum,26.34%,0.68,18.36,19.99,27%
GIB,"CGI Group","Computer - Services",72.85,-1.18%,4,Buy,"8% Buy",-20.74,-24.64%,69.21,70.33,71.05,74.22,49.24,-44.14,-33.06,453000,Weakest,Minimum,47.77%,0.61,72.58,75.86,8%
MDBH,"Mdb Capital Holdings Cl A","Finance - Misc Services",2.95,+3.51%,1,Sell,"96% Sell",-20.80,-14.99%,3.28,3.07,3.23,3,46.35,-34.49,-21.08,7170,Average,Good,23.47%,1.3,2.82,3.18,36%
LFCR,"Lifecore Biomedical Inc","Medical - Biomedical",4.74,+7.97%,3,Sell,"72% Sell",-21.01,-36.46%,4.91,4.7,5.31,4.63,54.92,-55.96,-54.04,215605,Weakest,Soft,39.56%,1.37,4.31,4.94,68%
EARN,"Ellington Credit Company","REIT - Mortgage Trusts",4.4,+2.09%,9,Sell,"80% Sell",-21.16,-21.85%,4.55,4.4,4.64,4.4,49.47,-41.35,-28.5,418179,Weakening,Average,27.59%,0.64,4.32,4.49,49%
INKT,"Mink Therapeutics Inc","Medical - Biomedical",11.33,+3.47%,8,Buy,"24% Sell",-21.35,-18.25%,11.45,11.18,11.22,11.37,50.21,-37.75,-10.38,107925,Weakest,Minimum,21.36%,0.75,10.65,12.09,47%
COTY,"Coty Inc","Cosmetics & Toiletries",2.9,+2.11%,3,Buy,"72% Buy",-21.40,-33.18%,2.38,2.58,2.4,2.8,58.04,-52.68,-17.83,9044936,Strengthening,Average,60.92%,0.55,2.63,2.96,82%
DPZ,"Domino's Pizza Inc","Retail - Restaurants",346.68,+1.85%,2,Buy,"8% Buy",-21.47,-25.81%,329.14,331.39,348.37,345.22,52.9,-45.31,-28.82,867148,Weakest,Minimum,52.20%,0.75,330.28,360.17,55%
KBR,"KBR Inc","Engineering & R&D Services",36.93,-0.08%,6,Buy,Hold,-21.51,-26.49%,35.57,36.5,36.93,37.83,46.85,-45.99,-20.12,1560479,Bearish,,22.09%,0.63,37,38.67,-4%
TMUS,"T-Mobile US","Wireless National",187.3,+2.82%,9,Hold,"48% Sell",-21.84,-26.80%,185.21,181.27,193.32,180.97,58.81,-46.3,-19.74,5568404,Weakest,Weak,62.13%,1.25,176.08,185.86,115%
PSBD,"Palmer Square Capital Bdc Inc","Finance - SBIC & Commercial",10.33,+0.10%,4,Buy,"56% Sell",-21.93,-26.48%,10.49,10.19,10.59,10.35,53.17,-45.98,-27.25,112248,Weakening,Weak,66.38%,0.5,10.19,10.52,43%
LAZ,"Lazard Inc","Finance - Misc Services",42.95,+1.49%,6,Hold,"64% Sell",-22.15,-23.82%,44.74,42.86,45.51,43.67,47.86,-43.32,-23.54,1512722,Average,Average,19.06%,0.43,42.06,45.28,28%
BBWI,"Bath & Body Works Inc","Retail - Misc & Diversified",18.53,-0.43%,3,Sell,"56% Sell",-22.87,-37.31%,19.53,20.18,20.01,19.12,44.11,-56.81,-19.71,6393163,Strengthening,Weak,40.72%,0.91,17.79,20.45,28%
CCI,"Crown Castle","REIT - Equity Trust Other",75.38,-0.61%,1,Sell,"88% Sell",-22.93,-23.16%,82.81,76.58,83.75,75.21,46.9,-42.66,-27.17,3479832,Strongest,Strong,61.41%,0.88,73.48,76.94,55%
NVR,"NVR Inc","Building - Residential & Comm",6326.9502,+0.81%,5,Sell,"88% Sell",-22.97,-22.56%,6347.22,6434.72,6604.23,6344.89,48.61,-42.06,-25.23,27516,Weakening,Average,28.68%,1.15,6237.3,6452.48,42%
CCM,"Concord Medical Services ADR","Medical - Nursing Homes",4.65,+2.88%,4,Buy,"80% Buy",-23.44,-11.17%,4.64,4.64,4.39,4.8,48.04,-30.67,8.48,33914,Average,Weak,15.02%,1.09,4.3,5.3,35%
AI,"C3.Ai Inc Cl A","IT Services",10.52,+1.74%,8,Buy,"8% Buy",-23.53,-37.46%,9.57,9.48,9.54,10.2,57.75,-56.96,-33.95,6022957,Weakest,Minimum,75.26%,1.66,9.58,10.82,76%
MOB,"Mobilicom Limited ADR","Protection - Safety",5.39,+1.32%,8,Buy,"40% Sell",-23.64,-7.23%,5.68,5.34,5.69,5.79,45.45,-26.73,-23.63,254903,Weakening,Weak,9.79%,0.59,5.34,6.24,6%
LOAN,"Manhattan Bridge","Finance - Consumer Loans",4.05,-0.74%,2,Sell,"100% Sell",-23.76,-24.30%,4.28,4.22,4.33,4.09,44.52,-43.8,-24.89,31388,Strongest,Average,39.01%,0.58,4,4.18,28%
WAY,"Waystar Holding Corp","Internet - Software",25.72,-0.16%,7,Buy,"56% Buy",-23.76,-30.56%,22.07,23.24,22.88,24.88,59.72,-50.06,-33.46,2560217,Weakening,Weak,70.82%,0.59,23.47,26.29,80%
DSWL,"Deswell Inds Inc","Electronics - Misc Components",3.1,+6.53%,4,Sell,"88% Sell",-23.84,-23.83%,3.36,3.36,3.37,3.13,45.63,-43.33,-22.39,12066,Average,Good,38.30%,0.78,2.94,3.33,42%
PWP,"Perella Weinberg Partners","Finance - Misc Services",16.39,-0.06%,5,Buy,"56% Sell",-23.89,-24.89%,17.38,16.31,18,16.85,47.92,-44.39,-17.25,1053149,Average,Average,28.90%,0.55,15.82,17.88,28%
LOPE,"Grand Canyon Educati",Schools,149.59,-0.33%,4,Buy,"40% Sell",-24.04,-26.38%,152.79,146.98,156.99,147.38,53.26,-45.88,-22.04,318408,Weakening,Weak,80.51%,0.99,141.84,152.92,70%
SGI,"Somnigroup International Inc","Retail - Home Furniture",67.82,+6.55%,3,Sell,"88% Sell",-24.06,-19.43%,71.11,69.65,75.15,64.75,54.74,-38.93,-36.03,2573137,Average,Good,65.54%,1.54,62.39,67.11,115%
MSB,"Mesabi Trust","Mining - Iron",24.62,-0.28%,9,Buy,"56% Sell",-24.15,-19.07%,25.51,23.78,27.74,23.5,60.77,-38.57,-48.08,48723,Weakest,Average,82.19%,0.65,22.42,24.58,102%
VST,"Vistra Energy Corp","Utility - Electric Power",143.46,+3.90%,2,Sell,"88% Sell",-24.15,-22.79%,152.49,150.38,154.94,141.3,49.86,-42.29,-23.07,4771298,Weakening,Average,32.76%,1.11,134.03,148.56,65%
DAIO,"Data I O Corp","Electronics - Misc Components",2.82,-0.35%,4,Sell,"40% Sell",-24.23,-7.54%,3.2,3.21,3.04,2.96,38.17,-27.04,-23.03,46931,Average,Weak,5.61%,0.38,2.76,3.16,15%
DPU,"Top Kingwin Ltd Cl A","Finance - Misc Services",2.09,+4.96%,6,Hold,"24% Sell",-24.32,-47.72%,2.07,2.07,2.17,2.18,47.38,-67.22,-13.93,76778,Weakest,Minimum,19.77%,0.07,1.92,2.45,32%
SNN,"Smith & Nephew Snats ADR","Medical Products",28.66,-1.07%,1,Sell,"100% Sell",-24.41,-22.33%,30.56,30.16,31.74,29.49,38.8,-41.83,-24.64,1123252,Strongest,Strong,7.58%,1.95,28.54,30.44,6%
SAM,"Boston Beer Company","Beverages - Alcohol",175.43,+0.27%,3,Hold,"80% Sell",-24.73,-18.68%,189.9,181.4,204.24,183.42,41.12,-38.18,-22.09,225048,Average,Good,10.48%,0.57,174.73,192.11,4%
MFIC,"Midcap Financial Investment Corp","Finance - Misc Services",9.67,+0.10%,5,Sell,"100% Sell",-25.02,-26.01%,10.39,9.75,10.57,9.72,47.52,-45.51,-27.46,781523,Average,Strong,34.67%,0.66,9.59,9.85,31%
ADNT,"Adient Plc","Auto - Truck Original Parts",19.24,+5.42%,3,Sell,"96% Sell",-25.07,-21.31%,20.7,19.69,21.25,19.24,48.13,-40.81,-11.62,1042329,Strengthening,Average,23.61%,0.71,18.13,20.35,50%
RXRX,"Recursion Pharmaceuticals Inc Cl A","Medical - Biomedical",3.38,+1.50%,6,Buy,"8% Sell",-25.15,-27.47%,3.32,3.32,3.38,3.33,52.21,-46.97,-29.35,18917125,Weakening,Minimum,63.39%,0.72,3.07,3.59,60%
CALM,"Cal-Maine Foods IN","Agriculture Products",78.82,-0.25%,1,Sell,"24% Sell",-25.22,-32.06%,80.47,84.12,81.34,81.81,37.87,-51.56,-12.93,980034,Weakening,Weak,7.98%,0.64,77.98,85.65,11%
KAZR,"Skyline Builders Group Holding Limited Cl A","Engineering & R&D Services",2.09,-0.95%,1,Sell,"100% Sell",-25.28,+104.90%,2.84,2.33,2.92,2.12,46.71,85.4,-40.9,201307,Strengthening,Average,52.56%,0.33,1.88,2.37,43%
DEI,"Douglas Emmett","REIT - Equity Trust Other",11.33,-0.70%,4,Sell,"24% Buy",-25.35,-30.02%,11.69,11.94,11.11,11.7,38.47,-49.52,-8.9,2321173,Weakening,Minimum,11.10%,0.99,11.29,12.12,4%
LKQ,"LKQ Corp","Auto - Truck Replacement Parts",24.73,+0.08%,9,Sell,"100% Sell",-25.74,-22.62%,26.51,25.33,28.14,25.22,44.76,-42.12,-30.1,3257118,Strengthening,Strong,24.39%,0.67,24.3,26.14,23%
RPC,"Ridgepost Capital Inc","Finance - Misc Services",8.31,-1.42%,3,Hold,Hold,-25.91,-32.33%,8.27,8.42,8.26,8.7,41.58,-51.83,-27.28,592002,Bearish,,16.45%,0.98,8.36,9.03,-8%
EVAX,"Evaxion A/S ADR","Medical Information Systems",3.07,+3.02%,9,Hold,"80% Sell",-25.96,+10.63%,3.55,3.1,3.54,3.15,46.94,-8.87,-47.63,100066,Weakest,Soft,23.05%,0.25,2.9,3.41,34%
ONEW,"Onewater Marine Inc Cl A","Leisure & Recreational Prdcts",11.81,-1.17%,4,Hold,"32% Buy",-26.17,-26.74%,11.41,12.03,11.24,11.92,47.07,-46.24,-2.84,146726,Weakest,Weak,56.81%,1.65,11.27,12.57,41%
PFLT,"Pennantpark Fltng Rt","Finance - Investment Mgmt",7.43,+0.54%,8,Buy,"40% Sell",-26.28,-27.01%,7.84,7.27,8.05,7.41,53.13,-46.51,-31.84,1097895,Weakest,Good,56.94%,0.52,7.26,7.56,57%
VIRC,"Virco MFG Corp",Furniture,6.01,-0.83%,2,Sell,"72% Sell",-26.33,-29.29%,6.08,6.09,6.13,5.99,49.76,-48.79,-17.94,50847,Weakening,Weak,52.06%,0.4,5.83,6.16,55%
MMLP,"Martin Midstrm LP","Transportation - Ship",2.3,-1.29%,3,Sell,"96% Sell",-26.38,-31.14%,2.46,2.34,2.56,2.35,47.33,-50.64,-23.87,21621,Strengthening,Good,37.78%,0.5,2.17,2.52,37%
FINW,"Finwise Bancorp","Banks - Southwest",14.08,+0.72%,3,Sell,"72% Sell",-26.40,-27.05%,14.35,14.04,15.11,13.97,52.32,-46.55,-33.51,22752,Weakest,Average,60.23%,1.54,13.65,14.3,66%
SMSI,"Smith Micro Software","Computer - Software",2.85,+0.35%,6,Buy,"40% Sell",-26.58,-23.15%,3.3,2.74,3.25,2.92,48.11,-42.65,-6.47,78628,Weakening,Soft,18.53%,0.49,2.8,3.04,21%
OFRM,"Once Upon A Farm Pbc","Food - Misc & Diversified",17.78,+2.36%,5,Sell,N/A,-26.75,N/A,16.89,17.75,0,17.38,54.81,N/A,N/A,N/A,N/A,N/A,62.37%,0.69,16.6,18.16,76%
PMT,"Pennymac Mortgage Investment Trust","REIT - Mortgage Trusts",9.51,+2.92%,3,Sell,"88% Sell",-26.99,-21.60%,10.38,9.83,10.91,9.41,50.48,-41.1,-36.21,1228052,Weakening,Strong,29.17%,0.59,9.18,9.64,73%
TLK,"P.T. Telekomunikasi Indonesia Tbk ADR","Diversified Comm Services",14.73,-0.07%,2,Buy,"56% Sell",-27.21,-22.15%,15.57,14.51,16.94,14.79,49.61,-41.65,-42.01,753956,Weakest,Good,23.88%,0.75,14.42,15.16,42%
FSV,"Firstsrvce Sub VT Sh","Real Estate Operations",138.1,-0.98%,3,Sell,"72% Sell",-27.21,-30.09%,140.28,142.43,143.09,142.16,41.18,-49.59,-23.2,217178,Average,Weak,16.07%,1.23,138.11,146.21,0%
ATLX,"Atlas Lithium Corp","Mining - Misc",3.22,+2.88%,13,Buy,"40% Sell",-27.23,-37.48%,3.85,3.17,4.16,3.19,51.61,-56.98,-35.87,543728,Weakest,Good,41.67%,0.38,2.97,3.41,56%
BZUN,"Baozun Inc ADR","IT Services",2.82,+2.92%,3,Hold,"80% Buy",-27.47,-25.59%,2.76,2.81,2.67,2.86,49.04,-45.09,-5.97,277302,Average,Weak,13.51%,0.94,2.7,3.01,39%
CSBR,"Champions Oncolog","Medical - Drugs",5.15,+3.00%,1,Sell,"88% Sell",-27.48,-27.05%,5.78,5.55,5.88,5.04,48.17,-46.55,-37.46,9780,Average,Strong,40.43%,1.03,4.86,5.22,81%
OTEX,"Open Text Corp","Computer - Software",23.58,-1.09%,3,Hold,Hold,-27.50,-28.31%,23.35,23.81,23.46,24.52,42.88,-47.81,-39.61,1916392,Bearish,,26.92%,0.66,23.51,25.53,3%
YALA,"Yalla Group Ltd ADR","Internet - Software",5.5,+1.10%,4,Buy,"40% Sell",-27.66,-27.34%,5.84,5.43,6.14,5.49,50.77,-46.84,-32.74,307004,Weakest,Average,52.12%,1.36,5.33,5.65,53%
CLFD,"Clearfield Inc","Wireless Equipment",28.72,+1.66%,3,Sell,"72% Sell",-27.75,-10.64%,34.67,31.42,33.03,28.58,45.29,-30.14,-13.47,195382,Strengthening,Soft,48.91%,0.54,26.74,30.43,54%
PTON,"Peloton Interactive Inc","Leisure & Recreational Prdcts",5.33,+4.72%,2,Sell,"24% Sell",-27.89,-27.63%,5.66,5.85,5.21,5.43,43.67,-47.13,-25.46,11473887,Weakening,Weak,23.35%,0.97,5.15,5.71,32%
LAW,"CS Disco Inc","Internet - Software",4.3,+1.65%,5,Buy,"24% Buy",-27.91,-19.17%,4,4.07,4.02,4.31,52.71,-38.67,-56.58,327830,Weakening,Minimum,56.77%,1.9,4.09,4.52,48%
WSO,"Watsco Inc","Machinery - General Industrial",308.92,-1.92%,2,Sell,"88% Sell",-28.15,-21.62%,376.61,350.01,381.91,314.37,39.67,-41.12,-20.31,441896,Strengthening,Strong,55.05%,1.14,302.01,326.72,28%
CAR,"Avis Budget Group","Transportation - Services",137.84,-2.03%,6,Sell,"88% Sell",-28.22,-14.49%,186.71,150.38,167.14,141.24,42.39,-33.99,-4.57,1283131,Strengthening,Weak,46.74%,0.47,134.66,147.82,24%
BSY,"Bentley Systems Inc Cl B","Internet - Software",35.12,-1.40%,6,Buy,"24% Buy",-28.25,-35.32%,33.25,33.88,34.03,36.17,47.06,-54.82,-19.97,2740021,Weakest,Minimum,34.94%,0.42,34.35,37.98,21%
PHAR,"Pharming Group N.V. ADR","Medical - Biomedical",11.2,+0.81%,8,Sell,"100% Sell",-28.51,-20.06%,13.33,12.4,14.34,11.64,41.98,-39.56,-48.61,19840,Strengthening,Strong,5.56%,0.32,10.87,12.41,21%
BRID,"Bridgford Foods Corp","Food - Misc & Diversified",5.96,-3.56%,1,Sell,"100% Sell",-28.55,-23.39%,6.92,6.38,7.17,6.22,38.27,-42.89,-35.58,3667,Strongest,Maximum,20.87%,1.62,6,6.44,-8%
COYA,"Coya Therapeutics Inc","Medical - Biomedical",4.42,-2.00%,10,Sell,"56% Sell",-28.56,-32.21%,4.72,4.83,4.66,4.75,40.22,-51.71,-35.78,187237,Average,Weak,4.65%,0.34,4.42,5.09,0%
WAVE,"Eco Wave Power Global Ab ADR","Other Alt Energy",6.1,+4.63%,2,Sell,"56% Sell",-28.60,-25.70%,7.9,7.79,7.11,6.77,34.71,-45.2,-7.53,31569,Average,Soft,9.35%,0.35,6,7.54,6%
TRI,"Thomson Reuters Corp","Business Services",105.87,-0.45%,3,Buy,"72% Buy",-28.71,-40.41%,92.18,97.11,92.76,104.29,55.34,-59.91,-31.72,2073287,Weakening,Weak,72.42%,0.86,99.48,109.09,66%
SOFI,"Sofi Technologies Inc","Finance - Misc Services",17.84,+4.63%,9,Hold,"8% Buy",-28.77,-28.38%,17.41,17.84,17.75,18.23,48.83,-47.88,-43.85,65373887,Weakest,Minimum,18.49%,0.59,17.25,19.2,30%
MDXG,"Mimedx Group Inc","Medical - Biomedical",4.55,+0.66%,3,Buy,"40% Buy",-29.07,-36.72%,3.91,4.23,4.15,4.36,61.93,-56.22,-44.78,1214162,Average,Minimum,65.10%,0.79,4.12,4.59,92%
NAMS,"Newamsterdam Pharma Company N.V.","Medical - Drugs",25.59,+2.69%,4,Sell,"100% Sell",-29.07,+3.90%,31.36,29.91,31.74,27.06,36.97,-15.6,-39.04,1032665,Strengthening,Good,12.21%,0.91,25.17,28.95,11%
BGS,"B&G Foods Holdings","Food - Misc & Diversified",3.45,-1.15%,3,Sell,"100% Sell",-29.27,-20.87%,4.15,3.67,4.46,3.49,44.63,-40.37,-31.76,2021714,Strongest,Strong,38.75%,0.77,3.34,3.65,37%
IPWR,"Ideal Power Inc","Machinery - Electrical",4.89,+3.16%,8,Buy,"56% Buy",-29.34,-4.86%,4.96,4.55,4.44,4.72,54.1,-24.36,46.26,310346,Average,Weak,57.32%,0.44,4.1,5.35,63%
MRDN,"Meridian Holdings Inc",Gaming,13.65,+0.96%,2,Sell,"56% Buy",-29.49,+14.54%,12.15,13.66,10.72,13.96,48.64,-4.96,30.06,45165,Weakest,Average,27.38%,0.79,13.42,14.51,21%
PPSI,"Pioneer Power Solutions","Machinery - Electrical",2.89,+1.05%,3,Sell,"100% Sell",-29.87,-24.35%,3.63,3.2,3.63,2.93,43.78,-43.85,-50.89,147871,Strengthening,Strong,33.36%,0.28,2.79,3.07,35%
ACI,"Albertsons Companies Inc Cl A","Consumer Prdts - Misc Staple",12.48,+0.16%,8,Sell,"88% Sell",-29.87,-35.20%,14.49,12.96,15.49,12.28,49.58,-54.7,-39.31,7798101,Weakening,Strong,64.80%,1.39,11.92,12.64,77%
JVA,"Coffee Holding Company","Beverages - Soft",3.45,+0.58%,2,Hold,"56% Sell",-29.90,-16.06%,3.89,3.45,3.78,3.49,45.46,-35.56,-23.07,71820,Weakest,Average,21.90%,0.63,3.41,3.56,26%
AZO,Autozone,"Retail - Wholesale Auto Parts",2934.52,-1.06%,5,Sell,"100% Sell",-30.24,-29.79%,3182.85,3040.24,3319.3,3016.49,41.92,-49.29,-25.46,233764,Strongest,Strong,23.51%,1.15,2912.89,3120.09,10%
BLRX,"Biolinerx Ltd ADR","Medical - Drugs",2.74,-0.72%,4,Sell,"72% Sell",-30.25,-26.93%,2.92,2.89,2.84,2.77,47.7,-46.43,-13.07,29446,Strengthening,Weak,39.39%,1.4,2.59,2.95,42%
ABAT,"American Battery Technology Co.","Electronics Products - Misc",2.79,+7.72%,7,Buy,"40% Sell",-30.29,+15.77%,2.9,2.5,3.07,2.54,59.22,-3.73,-28.46,5197908,Weakest,Weak,87.97%,1.14,2.29,2.79,100%
SUNS,"Sunrise Realty Trust","Real Estate Operations",7.46,-0.13%,1,Sell,"100% Sell",-30.54,-33.03%,7.98,7.91,8.26,7.62,37.45,-52.53,-32.88,98889,Strongest,Good,15.66%,0.41,7.36,7.89,19%
LUXE,"Luxexperience B.V. ADR","Textile - Apparel",7.6,+2.43%,3,Sell,"100% Sell",-30.57,-19.58%,7.95,7.89,8.18,7.77,44.05,-39.08,-20.97,239738,Strengthening,Average,27.30%,0.52,7.42,8.13,26%
KROS,"Keros Therapeutics Inc","Medical - Biomedical",11.23,+1.45%,6,Buy,"8% Sell",-30.59,-28.56%,10.92,10.78,11.87,10.92,54.98,-48.06,-56.83,423350,Weakening,Weak,65.89%,0.41,10.25,11.6,73%
GENI,"Genius Sports Ltd","Internet - Content",7.42,+3.34%,3,Hold,"64% Buy",-30.87,-41.20%,6.15,7.07,5.98,7.76,48.48,-60.7,-44.66,6157343,Average,Weak,10.28%,0.86,7.22,8.31,18%
LPL,"Lg Display Company Ltd ADR","Computers - Peripheral Equpt",3.26,-0.31%,8,Sell,"100% Sell",-30.90,-23.83%,4.07,3.41,4.11,3.35,44.2,-43.33,-34.56,1811640,Strongest,Strong,17.85%,0.69,3.2,3.51,19%
BRAI,"Braiin Limited","IT Services",5.76,-1.20%,3,Hold,N/A,-30.97,N/A,6.79,5.67,0,5.54,52.85,N/A,N/A,N/A,N/A,N/A,71.59%,0.08,5.25,5.83,88%
GRAB,"Grab Holdings Ltd Cl A","Internet - Software",3.53,+2.02%,2,Sell,"100% Sell",-31.38,-28.40%,3.63,3.62,3.75,3.59,47.59,-47.9,-41.25,47679734,Average,Average,29.81%,0.79,3.43,3.74,33%
FWRG,"First Watch Restaurant Group Inc","Retail - Restaurants",12.11,+0.29%,2,Buy,"40% Sell",-31.39,-35.38%,12.15,12.57,12.55,12.51,44.36,-54.88,-31.68,1380716,Weakening,Weak,23.92%,1.29,11.76,13.27,23%
RDDT,"Reddit Cl A","Internet - Software",158.1,+9.31%,4,Sell,"56% Sell",-32.17,-28.16%,166.3,170.18,158.7,156.16,49.33,-47.66,-43.21,5277603,Weakest,Weak,15.76%,1.02,142.26,170.07,57%
JFB,"Jfb Construction Holdings Cl A","Building & Construction - Misc",4.74,-2.07%,7,Hold,"48% Sell",-32.26,+37.39%,4.97,4.39,6.58,4.45,56.46,17.89,-47.15,313062,Weakest,Soft,67.20%,3.24,3.94,4.96,78%
STN,"Stantec Inc",Consulting,72.66,+1.20%,7,Hold,"64% Sell",-32.38,-32.87%,76.08,71.28,81.15,73.88,48.07,-52.37,-34.99,373323,Weakening,Average,23.00%,0.69,72.23,75.53,13%
RSSS,"Research Solutions Inc","Printing - Commercial",2.2,+1.85%,3,Hold,"96% Sell",-32.41,-30.82%,2.31,2.24,2.35,2.22,47.42,-50.32,-37.16,64054,Average,Average,27.58%,2.25,2.12,2.32,41%
CSPI,"C S P Inc","Computer - Integrated Systems",7.94,-1.37%,2,Sell,"88% Sell",-32.42,-34.54%,8.68,8.08,8.83,7.91,49.72,-54.04,-48.47,24058,Strengthening,Average,64.98%,0.53,7.26,8.55,52%
BFAM,"Bright Horizons Family Solutions Inc","Business Services",71.95,-1.53%,1,Sell,"72% Sell",-32.77,-37.93%,72.6,74.01,74.82,73.03,44.17,-57.43,-41.03,943073,Strengthening,Soft,56.38%,0.94,70.64,75.41,27%
LEGN,"Legend Biotech Corp ADR","Medical - Biomedical",21.89,+3.60%,9,Sell,"72% Sell",-32.88,-36.03%,25.47,22.98,23.04,20.96,52.49,-55.53,-11.3,2432694,Weakening,Weak,44.16%,0.65,19.43,22.49,81%
USAR,"USA Rare Earth Inc","Mining - Misc",17.85,+3.42%,8,Buy,"40% Sell",-32.92,+27.87%,20.88,17.81,20.21,18.54,48.65,8.37,38.01,15287483,Weakest,Weak,19.42%,0.69,16.98,20.1,28%
CHTR,"Charter Communications","Cable TV",158.97,+8.74%,8,Buy,"24% Sell",-32.99,-39.88%,152.42,142.42,176.24,152.19,58.28,-59.38,-35.84,2592916,Weakest,Weak,54.72%,0.96,144.38,159.99,93%
NOAH,"Noah Holdings Ltd ADR","Finance - Investment Mgmt",8.34,+0.48%,4,Sell,"100% Sell",-33.19,-31.97%,9.66,8.95,10.23,8.64,37.41,-51.47,-28.92,110580,Strengthening,Maximum,16.32%,0.78,8.35,8.93,-1%
RPAY,"Repay Holdings Corp Cl A","Financial Transaction Services",3.83,+9.12%,2,Sell,"56% Buy",-33.22,-32.45%,3.72,3.87,3.47,3.77,51.46,-51.95,-7.06,1103293,Average,Weak,30.33%,1.62,3.5,4.04,62%
SCYX,"Scynexis Inc","Medical - Drugs",5.22,+0.97%,3,Buy,"40% Sell",-33.43,-21.90%,5.45,4.65,5.84,5.19,54.3,-41.4,-8.81,88133,Weakening,Soft,31.08%,0.26,4.82,5.57,53%
RDCM,"Radcom Ltd","Computer - Networks",9.97,-0.40%,4,Sell,"88% Sell",-33.72,-24.24%,13.13,11.94,12.66,10.21,32.54,-43.74,-35.77,137215,Strengthening,Strong,13.34%,1.01,9.94,10.48,6%
PASG,"Passage Bio Inc","Medical - Biomedical",4.61,+3.83%,4,Sell,"88% Sell",-35.02,-35.16%,5.32,4.64,6.42,4.5,51.28,-54.66,-72.92,66439,Weakening,Average,28.86%,0.05,4.28,4.72,75%
HDB,"Hdfc Bank Ltd ADR","Banks - Foreign",23.21,+1.13%,1,Sell,"100% Sell",-35.37,-33.58%,24.61,24.34,26.3,23.24,46.36,-53.08,-48.47,8049573,Weakening,Good,45.21%,1.22,22.62,23.87,47%
MIR,"Mirion Technologies Inc","Technology Services",15.57,+0.39%,2,Sell,"88% Sell",-35.73,-24.45%,17.26,16.03,18.49,15.21,51.64,-43.95,-45.51,3581265,Weakening,Strong,62.34%,0.86,14.41,16.01,73%
DUKR,"Duke Robotics Corp","Aerospace - Defense",5.66,-2.75%,3,Buy,"40% Sell",-35.95,-19.34%,6.95,5.46,7.3,5.57,52.49,-38.84,-19.62,15337,Weakening,Average,80.90%,0.49,5.33,5.8,70%
MYSE,"Myseum.Ai Inc","IT Services",2.89,+5.09%,12,Buy,"100% Buy",-35.97,+47.45%,2.32,2.55,2.12,2.66,64.59,27.95,57.02,1635156,Strongest,Strong,66.04%,0.94,2.41,2.91,97%
ADVB,"Advanced Biomed Inc","Medical - Biomedical",9.77,-6.42%,5,Buy,"100% Buy",-35.98,+6.73%,6.47,7.96,5.9,8.58,55.71,-12.77,55.42,748888,Strongest,Average,80.49%,0.04,6.69,10.47,81%
MMYT,"Makemytrip Ltd","Internet Services - Delivery",57.68,+2.76%,1,Hold,"64% Buy",-36.09,-39.69%,51.4,57.31,50.83,59.74,47.6,-59.19,-41.75,1288067,Average,Weak,15.50%,0.42,57.14,62.33,10%
SYM,"Symbotic Inc","Technology Services",39.87,+4.32%,3,Sell,"100% Sell",-36.26,-12.55%,46.71,41.89,49.02,40.76,45.48,-32.05,-44.98,2099489,Average,Good,18.53%,0.74,38.58,42.95,30%
KLRS,"Kalaris Therapeutics Inc","Medical - Biomedical",3.9,-0.51%,2,Sell,"100% Sell",-36.31,-2.50%,4.65,4.14,5.89,4.04,43.58,-22.,-65.78,149079,Strongest,Average,24.67%,0.06,3.85,4.24,13%
NEUP,"Neuphoria Therapeutics Inc","Medical - Biomedical",3.75,-1.06%,3,Hold,"64% Sell",-36.42,-68.62%,4.35,3.8,4.34,3.85,43.74,-88.12,-15.34,101003,Average,Weak,8.99%,0.08,3.72,3.99,13%
ATEC,"Alphatec Holdings","Medical Instruments",9.19,-0.22%,2,Buy,"24% Sell",-36.44,-41.39%,9.04,9.24,10.28,9.44,46.75,-60.89,-68.31,2826176,Weakest,Weak,19.20%,0.61,9.08,9.8,15%
LEN.B,"Lennar Corp Cl B","Building - Residential & Comm",82.15,+0.92%,6,Sell,"88% Sell",-36.46,-35.24%,85.85,84.43,89.66,84.53,45.08,-54.74,-25.63,69868,Average,Average,19.65%,0.91,81.46,87.6,11%
SERA,"Sera Prognostics Inc Cl A","Medical Services",2.01,-3.37%,3,Buy,"32% Sell",-36.59,-39.64%,2.01,2.03,2.08,2.05,46.91,-59.14,-43.85,50361,Weakening,Weak,52.72%,0.48,1.9,2.19,37%
SITE,"Siteone Landscape Supply","Industrial Services",98.29,+0.84%,3,Sell,"88% Sell",-36.65,-30.72%,111.03,102.16,120.62,97.34,49.65,-50.22,-33.08,742037,Weakening,Strong,79.19%,0.86,93.23,101.44,62%
BCIC,"Bcp Investment Corporation","Finance - Misc Services",7.55,-0.92%,6,Buy,"32% Sell",-37.24,-37.91%,7.55,7.4,8.33,7.65,48.79,-57.41,-48.17,82271,Weakest,Weak,49.57%,1.03,7.47,7.83,22%
SCM,"Stellus Capital Investment Cor","Finance - SBIC & Commercial",8.74,+0.23%,6,Buy,"24% Sell",-37.29,-39.47%,8.72,8.19,9.22,8.67,59.03,-58.97,-43.06,210376,Weakest,Weak,48.33%,0.79,8.43,8.91,65%
GLOB,"Globant S.A.","Internet Software Services",38.88,-2.02%,5,Buy,"24% Sell",-37.33,-39.41%,37.63,35.05,41.58,39,53.01,-58.91,-52.51,1614406,Weakest,Weak,69.65%,0.45,36.45,41.55,48%
PSN,"Parsons Corp","Technology Services",45.37,-2.16%,5,Sell,"100% Sell",-37.64,-43.75%,52.56,51.05,55.28,47.61,39.96,-63.25,-38.58,1381460,Strengthening,Good,34.16%,0.92,45.25,49.97,2%
FISV,"Fiserv Inc","Financial Transaction Services",51.98,+0.60%,3,Buy,"56% Sell",-38.03,-62.00%,54.28,51.96,55.91,52.67,47.29,-81.5,-34.6,8051261,Average,Weak,29.22%,0.75,50.67,54.67,33%
FIRY,"Firy Inc","Conglomerates - Div Operations",9.95,+0.40%,4,Buy,"100% Buy",-38.44,+14.24%,8.36,9.38,6.63,9.92,53.69,-5.26,118.87,578554,Strengthening,Strong,50.41%,0.18,9.3,10.55,52%
LEN,"Lennar Corp","Building - Residential & Comm",83.58,+1.00%,6,Sell,"96% Sell",-38.64,-37.01%,87.74,86.09,92.88,86.09,44.52,-56.51,-30.69,3650376,Strengthening,Average,4.88%,0.93,83.04,89.14,9%
NVNO,"Envveno Medical Corp","Medical Instruments",11.3,+2.91%,4,Buy,"56% Buy",-39.07,-60.19%,10.8,10.82,10.73,10.86,54.16,-79.69,-11.35,17936,Strengthening,Weak,47.46%,0.25,9.95,11.77,74%
SAMG,"Silvercrest Ast Cm A","Finance - Investment Mgmt",9.98,-1.87%,2,Sell,"100% Sell",-39.10,-38.17%,11.2,10.21,12.26,10.08,45.88,-57.67,-46.29,44349,Strengthening,Strong,49.25%,0.85,9.84,10.33,29%
MZTI,"The Marzetti Company","Food - Misc & Diversified",111.37,-0.41%,7,Buy,"72% Sell",-39.11,-38.65%,114.95,112.23,127.94,114.19,46.4,-58.15,-44.25,280565,Average,Average,16.84%,1.12,110.11,118.27,15%
MBLY,"Mobileye Global Inc Cl A","Auto - Truck Original Parts",8.5,+1.67%,7,Sell,"88% Sell",-39.33,-38.09%,8.98,8.77,8.71,8.75,46.11,-57.59,-30.57,6700298,Average,Weak,12.09%,0.47,8.3,9.2,23%
LUCK,"Lucky Strike Entertainment Corp","Leisure & Recreation Services",6.24,+2.30%,3,Sell,"100% Sell",-39.60,-40.17%,7.57,6.99,7.74,6.6,38.62,-59.67,-38.32,166333,Strongest,Strong,46.53%,0.7,6.16,7.04,9%
XNET,"Xunlei Ltd ADR","Internet - Services",4.76,-1.35%,1,Sell,"100% Sell",-40.23,-34.79%,5.58,5.35,5.68,5.01,37.14,-54.29,-44.85,291905,Strongest,Average,18.21%,1.1,4.8,5.23,-8%
CUE,"Cue Biopharma Inc","Medical - Biomedical",26.96,-5.20%,6,Sell,"40% Buy",-40.48,+13.32%,26.68,29.2,20.67,27.41,48.29,-6.18,182.27,298431,Weakest,Average,36.64%,0.75,22.48,32.33,45%
HTT,"High Templar Tech Ltd WT","Technology Services",2.55,+0.39%,4,Buy,"64% Sell",-40.52,-45.28%,2.59,2.55,2.61,2.53,50.02,-64.78,-40.16,220337,Average,Weak,48.00%,0.33,2.44,2.63,58%
TTGT,"Techtarget Inc.","Technology Services",3.81,+1.06%,1,Hold,"96% Sell",-40.57,-32.45%,4.32,3.9,4.3,3.85,45.82,-51.95,-41.43,438771,Strengthening,Average,55.77%,1.01,3.61,4.1,41%
LPA,"Logistic Properties of The Americas","Real Estate Operations",3.09,-0.96%,4,Hold,"16% Sell",-40.68,-51.79%,3.27,3.22,3.1,3.15,47.3,-71.29,1.2,147661,Weakest,Minimum,29.29%,0.07,2.87,3.44,39%
NAII,"Natural Alternativ","Medical - Drugs",2.12,+2.42%,2,Sell,"100% Sell",-40.76,-41.60%,2.44,2.25,2.6,2.16,45.49,-61.1,-52.77,28162,Average,Strong,23.80%,0.39,1.96,2.37,40%
FTLF,"Fitlife Brands Inc","Medical Products",10.1,+4.23%,6,Sell,"88% Sell",-40.86,-44.04%,10.22,10.5,11.48,10.11,49.19,-63.54,-49.91,22623,Weakening,Average,18.00%,0.85,9.43,10.8,49%
SEDG,"Solaredge Tech",Solar,33.98,+4.59%,2,Sell,"56% Sell",-41.15,+7.77%,47.86,42.43,45.32,31.91,46.29,-11.73,5.79,3411240,Weakening,Average,69.51%,0.75,29.56,34.26,94%
BHM,"Bluerock Homes Trust Inc","REIT - Equity Trust Resident",8.2,-3.53%,3,Sell,"100% Sell",-41.36,-36.83%,9.64,8.72,9.89,8.58,40.25,-56.33,-35.14,8006,Strongest,Good,27.72%,0.42,8.18,8.98,2%
YB,"Yuanbao Inc ADR","Insurance - Multi Line",13.71,+0.59%,3,Sell,"96% Sell",-41.89,-42.39%,14.79,13.99,16.27,13.71,49.19,-61.89,-44.32,44153,Weakening,Good,70.91%,0.87,13.24,14.17,50%
HIVE,"Hive Digital Technologies Ltd","Finance - Misc Services",2.72,+3.03%,6,Sell,"56% Sell",-42.15,-7.80%,3.2,3.05,2.85,2.82,45.51,-27.3,-6.56,18663963,Average,Weak,22.51%,0.39,2.5,3.14,34%
XYF,"X Financial ADR","Finance - Misc Services",5.53,-0.18%,10,Buy,"72% Buy",-42.27,-64.46%,4.96,5.08,4.9,5.41,57.15,-83.96,-13.24,149833,Average,Weak,75.00%,0.59,5.16,5.67,73%
FULC,"Fulcrum Therapeutics Inc","Medical - Biomedical",3.85,-0.52%,4,Buy,"40% Sell",-42.49,-39.94%,4.91,3.74,6.16,3.82,52.02,-59.44,-77.95,1708158,Weakest,Average,76.75%,0.89,3.69,3.95,61%
ARQ,"Arq Inc","Chemical - Specialty",2.2,+7.32%,6,Hold,"56% Sell",-42.73,-69.86%,2.35,2.18,2.54,2.2,51.24,-89.36,-44.71,497081,Weakest,Weak,27.31%,1.13,2.03,2.37,50%
PRCT,"Procept Biorobotics Corp","Medical Instruments",21.97,+5.07%,6,Buy,"40% Sell",-42.86,-44.48%,22.92,20.35,24.09,21.3,56.8,-63.98,-42.16,1535464,Weakest,Weak,48.36%,0.84,20.04,22.57,76%
ORCL,"Oracle Corp","Computer - Software",145.75,+3.13%,6,Buy,"56% Sell",-42.87,-35.31%,164.73,139.78,160.03,147.19,50.69,-54.81,-37.21,28952217,Average,Soft,38.42%,0.68,139.11,155.28,41%
TU,"Telus Corp","Diversified Comm Services",9.57,-0.83%,5,Sell,"100% Sell",-42.96,-41.43%,11.21,10.14,11.95,9.74,38.64,-60.93,-39.32,6387372,Strongest,Maximum,24.65%,0.62,9.47,10,19%
AMBO,"Ambow Education Holding Ltd ADR",Schools,2.1,+3.45%,2,Sell,"88% Sell",-43.08,-38.24%,2.28,2.15,2.24,2.04,50.68,-57.74,-35.9,94106,Weakening,Soft,45.88%,0.16,1.87,2.21,66%
ECC,"Eagle Point Credit Inc","Finance - Investment Mgmt",3.87,-0.26%,4,Buy,"40% Sell",-43.47,-48.54%,3.91,3.8,3.99,3.85,52.99,-68.04,-44.8,1562009,Weakening,Weak,73.08%,1.09,3.76,3.94,61%
CNCK,"Coincheck Group N.V.","Finance - Misc Services",2.06,-0.96%,1,Sell,"64% Sell",-43.68,-59.53%,2.09,2.3,2.13,2.06,45.02,-79.03,-30.24,566768,Strengthening,Weak,42.86%,0.24,1.95,2.17,50%
ROL,"Rollins Inc","Building - Maint & Service",35.71,-1.33%,1,Sell,"100% Sell",-43.85,-36.99%,45.65,39.83,49.77,36.51,34.25,-56.49,-52.49,3695346,Strengthening,Maximum,14.52%,0.92,35.51,37.51,10%
CPNG,"Coupang Cl A","Internet Commerce",15.97,+1.08%,2,Sell,"100% Sell",-43.89,-43.79%,17.33,16.75,17.85,16.25,45.58,-63.29,-44.29,21225021,Average,Soft,31.32%,0.44,15.66,16.83,27%
PRT,"Permrock Royalty Trust Trust Units","Oil - US Integrated",2.18,-0.46%,4,Hold,"96% Sell",-44.03,-44.95%,2.36,2.23,2.69,2.21,44.85,-64.45,-33.85,55750,Strengthening,Good,23.04%,1,2.17,2.26,12%
OFS,"Ofs Capital Corp","Finance - SBIC & Commercial",3.97,+2.85%,8,Buy,"8% Buy",-44.41,-53.51%,3.64,3.58,3.7,3.67,66.11,-73.01,-28.59,81019,Average,Minimum,65.74%,1.03,3.44,3.89,117%
ZTS,"Zoetis Inc Cl A","Medical - Drugs",76.17,-1.40%,1,Sell,"56% Sell",-44.41,-50.18%,84.14,75.65,96.85,75.72,49.91,-69.68,-51.45,5717553,Weakening,Average,75.36%,0.72,72.48,78.97,57%
LFVN,"Lifevantage Corp","Medical - Dental Suppliers",6.13,-1.61%,4,Sell,"40% Buy",-44.88,-54.76%,6.36,6.42,5.82,6.54,37.62,-74.26,-12.48,252683,Weakest,Minimum,35.58%,0.39,6.17,6.91,-5%
PLCE,"Children's Place Inc","Retail - Apparel & Shoes",2.63,+4.78%,4,Sell,"88% Sell",-44.96,-49.42%,3.06,2.69,3.31,2.51,52.7,-68.92,-45.91,414552,Weakest,Average,62.92%,1.54,2.25,2.77,73%
PW,"Power REIT","REIT - Equity Trust Other",7.21,-2.83%,2,Sell,"56% Sell",-45.35,-30.67%,8.25,8.57,8.35,7.78,34.64,-50.17,-29.62,29835,Strengthening,Weak,39.67%,0.26,7.3,8.26,-10%
NXB,"Nextboat Inc","Technology Services",2.3,+4.07%,5,Buy,N/A,-45.71,N/A,2.33,2.09,2.39,2.07,65.43,N/A,-1.94,67184,N/A,N/A,82.57%,3.84,1.83,2.32,96%
VTSI,"Virtra Systems Inc","Electronics - Military",3.01,+0.67%,6,Buy,"72% Sell",-45.91,-48.90%,3.48,3.1,3.74,3.1,45.02,-68.4,-40.32,52403,Weakening,Good,13.01%,0.5,2.91,3.29,25%
RENT,"Rent The Runway Inc Cl A","Retail - Apparel & Shoes",3.8,+2.70%,1,Buy,"40% Sell",-46.06,-33.33%,3.82,3.45,4.39,3.65,58.6,-52.83,-63.95,112210,Weakest,Soft,52.71%,1.14,3.49,3.8,99%
HCKT,"Hackett Grp Inc",Consulting,10.95,-0.18%,4,Buy,"56% Sell",-46.11,-46.82%,11.16,10.72,12.16,11.04,50.09,-66.32,-56.21,336159,Weakening,Soft,57.74%,0.53,10.48,11.61,42%
WBX,"Wallbox N.V. Cl A","Electronics Products - Misc",2.93,-0.34%,3,Sell,"40% Sell",-46.16,-25.82%,3.35,3.73,3.19,3.05,40.1,-45.32,13.22,67868,Average,Weak,19.14%,0.14,2.72,3.38,32%
BNR,"Burning Rock Biotech Ltd ADR","Technology Services",9.15,-0.76%,4,Hold,"80% Sell",-46.23,+16.71%,12.07,9.5,16.12,9.64,45.7,-2.79,-66.58,29282,Average,Average,21.44%,0.28,8.47,10.81,29%
VRCA,"Verrica Pharmaceuticals Inc","Medical - Drugs",5.39,+2.86%,3,Hold,"80% Sell",-46.56,+0.75%,5.91,5.5,5.87,5.08,53.53,-18.75,-47.13,134533,Strengthening,Average,60.27%,0.47,4.58,5.57,82%
PNNT,"Pennantpark Investme","Finance - SBIC & Commercial",3.7,-0.80%,9,Buy,"56% Sell",-46.68,-48.47%,3.85,3.52,4.22,3.73,52.91,-67.97,-49.91,745377,Weakening,Average,44.18%,0.88,3.62,3.84,37%
ROC,"Rank One Computing Corp","Internet - Software",4.1,-0.49%,2,Sell,N/A,-47.23,N/A,5.04,4.68,0,4.28,41.47,N/A,N/A,N/A,N/A,N/A,11.94%,0.17,3.9,4.65,26%
SFHG,"Samfine Creation Holdings Group","Printing - Commercial",2.28,-4.60%,5,Hold,"96% Sell",-47.46,-41.49%,2.44,2.41,2.55,2.41,42.27,-60.99,-49.94,82932,Strongest,Average,44.29%,0.16,2.25,2.56,10%
TULP,"Bloomia Holdings Inc","Advertising Marketing Services",3.27,-3.82%,3,Sell,"100% Sell",-47.87,-40.33%,3.77,3.59,3.85,3.45,43.24,-59.83,-17.21,22302,Strongest,Good,32.83%,0.35,3.17,3.73,18%
MLGO,"Microalgo Inc","Technology Services",4.11,+7.87%,7,Sell,"80% Sell",-48.43,-53.45%,4.34,4.11,4.16,4.13,49.58,-72.95,-19.,227752,Weakening,Weak,26.47%,1.1,3.91,4.35,46%
BUR,"Burford Capital Ltd","Finance - Misc Services",4.25,+0.95%,5,Buy,"56% Sell",-48.45,-69.23%,4.44,4.23,5.57,4.31,48.54,-88.73,-64.34,2597512,Weakest,Soft,24.31%,1.37,4.15,4.48,31%
AUC,"Atif Holdings Ltd",Consulting,6.3,-5.98%,2,Sell,"72% Sell",-48.87,+9.76%,7.31,7.08,7.06,6.86,41.36,-9.74,-0.88,15231,Strongest,Soft,43.39%,2.76,6.04,7.69,16%
EGG,"Enigmatig Limited Cl A","Business Services",2.76,-4.33%,3,Sell,"88% Sell",-49.01,-51.49%,6.24,4.91,6.05,3.1,33.89,-70.99,-59.42,171208,Strengthening,Strong,27.99%,0.05,2.63,3.58,14%
DRIO,"Dario Health Corp","Medical Instruments",7.3,+3.99%,4,Hold,"56% Sell",-49.08,-20.22%,7.34,7.14,8.05,7.3,51.24,-39.72,-47.84,19097,Weakest,Soft,48.45%,3.15,6.77,7.83,50%
SLDP,"Solid Power Inc Cl A","Auto - Truck Original Parts",2.46,+5.58%,6,Hold,"56% Sell",-49.53,-39.56%,2.75,2.34,2.97,2.34,58.06,-59.06,-54.11,5645892,Weakest,Average,61.82%,0.92,2.23,2.46,102%
LIVE,"Live Ventures","Conglomerates - Div Operations",9.02,-2.06%,1,Sell,"100% Sell",-49.81,-55.42%,10.85,10.06,12.38,9.71,39.31,-74.92,-51.04,9073,Strongest,Strong,14.59%,1.47,8.74,10.68,14%
NNE,"Nano Nuclear Energy Inc","Other Alt Energy",17.59,+0.69%,8,Hold,"80% Sell",-49.83,-46.06%,21.94,18.42,22.72,18.71,45.44,-65.56,-38.73,2172428,Average,Average,13.26%,0.65,17.18,20.24,13%
WVVI,"Willamette Valley","Beverages - Alcohol",2.23,-3.88%,2,Sell,"100% Sell",-49.85,-48.97%,2.62,2.5,2.62,2.27,41.55,-68.47,-38.88,9290,Strongest,Average,56.70%,0.64,2.13,2.41,36%
CCOI,"Cogent Comm Hlds","Wireless National",10.22,+13.43%,1,Sell,"88% Sell",-49.90,-72.32%,15.24,11.69,17.29,10.08,46.62,-91.82,-64.59,1365996,Average,Average,25.98%,1.66,8.93,11.24,56%
SPRY,"Ars Pharmaceuticals Inc","Medical - Drugs",5.82,+0.87%,9,Sell,"100% Sell",-50.01,-47.66%,7.63,6.62,8.05,5.9,45.77,-67.16,-62.03,1767396,Strengthening,Strong,54.64%,0.55,5.34,6.45,43%
NMAD,"Nomad Power Solutions Inc","IT Services",3.71,-9.51%,1,Sell,"56% Sell",-50.05,-10.39%,5.16,5.05,4.43,4.06,38.08,-29.89,-17.59,178821,Strengthening,Weak,35.04%,1.04,3.6,4.52,12%
WFF,"Wf Holding Limited","Containers - Paper Products",2.02,+2.54%,6,Sell,"40% Sell",-50.12,-58.52%,2.06,2.25,2.03,2.01,48.86,-78.02,-24.16,882820,Weakening,Weak,6.58%,0.06,1.46,2.57,51%
XBP,"Xbp Global Holdings Inc","Internet - Software",2.81,-1.40%,2,Hold,"16% Sell",-50.78,-53.71%,2.69,2.79,3.78,2.89,47.63,-73.21,-70.73,20231,Weakening,Weak,67.22%,0.78,2.68,3.09,32%
LBGJ,"Li Bang International Corporation Inc","Steel - Specialty",3.09,-1.90%,2,Sell,"100% Sell",-50.79,-99.99%,152.23,97.97,2602.65,3.18,31.81,-119.49,-111.97,188469,Weakening,Average,21.25%,0.08,2.67,3.68,41%
KRKR,"36Kr Holdings Inc ADR","Business Information",3.11,-2.17%,6,Buy,"56% Sell",-51.03,-35.88%,3.19,2.91,3.44,3.12,52.67,-55.38,-46.65,15743,Weakening,Soft,52.26%,0.49,2.99,3.26,45%
CWH,"Camping World Holdings Inc","Auto - Truck Original Parts",6.79,+4.62%,3,Hold,"64% Sell",-51.20,-60.61%,6.9,6.53,7.6,6.44,57.31,-80.11,-42.21,2620728,Weakest,Weak,62.98%,0.75,6.12,6.76,104%
RENX,"Renx Enterprises Corp","Real Estate Developers",2.14,+3.88%,5,Buy,"24% Sell",-51.46,-90.09%,2.01,1.95,2.25,1.97,62.21,-109.59,-55.67,1160232,Weakening,Minimum,83.98%,1.29,1.82,2.12,108%
TRAK,"Repositrak Inc","Internet - Software",7.9,-0.38%,2,Sell,"100% Sell",-52.25,-50.81%,8.99,8.59,8.89,8.22,40.76,-70.31,-48.13,104394,Strongest,Average,41.73%,0.78,7.65,8.79,22%
ASPS,"Altisource Portfolio","REIT - Mortgage Trusts",5.61,-0.53%,2,Sell,"88% Sell",-52.35,-50.49%,6.35,6.11,6.34,5.58,47.52,-69.99,-31.27,24209,Average,Soft,45.63%,0.41,5.35,5.8,58%
FAC,"Factorial Energy Inc","Technology Services",4.95,+3.99%,2,Sell,"100% Sell",-52.36,-50.55%,9.17,6.55,9.54,5.2,41.96,-70.05,-63.91,297588,Strengthening,Strong,26.00%,0.7,4.26,6.14,37%
BRCC,"Brc Inc Cl A","Consumer Prdts - Misc Staple",8.4,+1.57%,2,Sell,"88% Sell",-52.83,-45.45%,11.65,10.3,10.38,8.61,40.46,-64.95,-36.31,105015,Average,Average,17.86%,1.07,7.63,9.58,39%
PDC,"Perpetuals.com Ltd ADR","Technology Services",2.95,-2.96%,2,Sell,"100% Sell",-52.94,+29.96%,5.16,3.74,5.05,3.07,40.93,10.46,-66.43,86839,Strengthening,Strong,23.80%,1.09,2.86,3.28,21%
SMPL,"The Simply Good Foods Company","Food - Confectionery",11.28,-0.88%,4,Sell,"88% Sell",-53.06,-60.64%,11.83,11.52,13.09,11.01,52.4,-80.14,-55.81,2367595,Average,Soft,77.27%,0.77,10.42,11.6,73%
SRAD,"Sportradar Group Ag Cl A","Internet - Software",12.92,+4.96%,7,Sell,"100% Sell",-53.27,-58.08%,14.15,14.04,15.36,12.99,46.1,-77.58,-57.64,2750131,Weakening,Average,16.88%,1.2,12.3,13.67,45%
DFH,"Dream Finders Homes Inc Cl A","Building - Residential & Comm",13.38,-2.41%,6,Sell,"88% Sell",-53.32,-51.19%,14.88,15.21,15.55,14.54,41.01,-70.69,-33.74,607307,Strongest,Average,20.86%,1.11,13.43,15.65,-2%
LFMD,"Lifemd Inc","Medical Services",3.07,-0.97%,3,Sell,"88% Sell",-53.55,-50.24%,4.21,3.85,3.92,3.3,35.55,-69.74,-21.96,1135532,Strengthening,Average,7.32%,0.79,3,3.6,11%
SJT,"San Juan Basin Royalty Trust","Oil - US Royalty Trusts",2.87,+0.70%,10,Buy,"40% Sell",-53.59,-50.09%,3.39,2.74,4,2.75,55.46,-69.59,-60.92,203296,Weakest,Good,43.06%,0.37,2.52,2.98,75%
ELTX,"Elicio Therapeutics Inc","Medical - Biomedical",2.55,-0.39%,5,Sell,"100% Sell",-53.74,-75.36%,6.89,3.18,8.04,2.99,30.29,-94.86,-79.95,628561,Strengthening,Strong,7.82%,0.61,2.63,3.35,-11%
BMBL,"Bumble Inc","Internet - Software",2.83,+5.60%,3,Sell,"88% Sell",-53.78,-53.61%,3.18,2.91,3.2,2.75,51.08,-73.11,-32.72,3408968,Weakening,Weak,50.72%,0.95,2.61,2.89,77%
NLOP,"Net Lease Office Properties","REIT - Equity Trust Other",11.13,-0.45%,1,Sell,"88% Sell",-53.79,-61.75%,11.83,11.48,12.9,11.5,35.72,-81.25,-68.83,205443,Strengthening,Soft,11.43%,0.77,11.23,11.77,-19%
BXBL,"Boxabl Inc","Real Estate Developers",4.14,+3.24%,2,Sell,"100% Sell",-53.84,-58.60%,8.4,6.48,8.96,4.32,39.16,-78.1,-70.75,156678,Average,Maximum,18.57%,0.31,3.79,4.85,33%
CLRB,"Cellectar Biosciences Inc","Medical Products",2.43,-1.22%,3,Sell,"100% Sell",-53.95,-49.59%,2.71,2.58,2.82,2.55,38.61,-69.09,-29.62,370227,Strongest,Weak,10.52%,0.75,2.44,2.66,-7%
HUHU,"Huhutech International Group Inc","Machinery - General Industrial",4.22,-0.24%,2,Sell,"100% Sell",-54.89,-31.38%,7.75,5.83,7.58,4.73,34.03,-50.88,-70.21,39233,Strengthening,Strong,11.15%,1.87,3.96,5.5,17%
OCCI,"Ofs Credit Company","Finance - Investment Mgmt",2.56,+0.39%,7,Buy,"56% Sell",-55.02,-57.19%,2.84,2.52,2.99,2.57,49.51,-76.69,-59.1,304166,Weakest,Soft,31.43%,0.78,2.44,2.69,47%
RGC,"Regencell Bioscience Holdings Ltd","Medical - Biomedical",6.31,+14.73%,1,Hold,"64% Sell",-55.02,-50.89%,15.35,5.8,19.19,5.45,55.81,-70.39,-81.94,292776,Weakest,Strong,55.18%,1.1,4.93,5.97,133%
INLX,"Intellinetics Inc","Internet - Content",5.1,-2.91%,4,Sell,"100% Sell",-55.11,-54.26%,6.63,5.8,7.19,5.48,39.97,-73.76,-48.06,3421,Strongest,Strong,29.13%,0.79,5.12,5.84,-2%
NCTY,"The9 Ltd ADR","Internet - Content",4.88,+1.24%,6,Buy,"40% Sell",-55.19,-45.14%,4.92,4.53,5.18,4.63,53.21,-64.64,-35.38,78289,Weakest,Weak,22.70%,1.03,3.77,5.49,64%
UPST,"Upstart Holdings Inc","Finance - Misc Services",28.17,+2.85%,3,Sell,"88% Sell",-55.53,-59.27%,30.77,30.46,30.41,29.74,43.51,-78.77,-47.57,4751536,Strengthening,Weak,15.42%,0.72,27.84,31.64,9%
AISP,"Airship AI Holdings Inc","Technology Services",2.13,+3.90%,8,Buy,"56% Sell",-55.85,-49.88%,2.35,2.1,2.41,2.07,52.46,-69.38,-38.29,633094,Weakest,Weak,59.41%,0.52,1.91,2.23,68%
ROLR,"High Roller Technologies Inc",Gaming,6,-1.80%,6,Sell,"8% Sell",-56.76,+115.05%,6.51,6.18,5.78,6.05,47.7,95.55,179.27,1475698,Weakening,Minimum,69.38%,0.64,5.48,6.62,46%
PODD,"Insulet Corp","Medical Products",148.14,-0.16%,1,Sell,"88% Sell",-56.89,-57.05%,158.62,154.42,183.59,145.13,48.77,-76.55,-59.87,1252838,Weakening,Average,59.89%,0.68,138.92,151.35,74%
Z,"Zillow Group Cl C","Internet - Services",34.58,+3.38%,5,Buy,"56% Sell",-57.18,-57.73%,36.22,33.58,39.57,34.88,49.65,-77.23,-61.3,3887978,Weakening,Soft,28.96%,0.72,32.66,37.09,43%
HTCO,"High-Trend International Group","Technology Services",2.4,-8.75%,1,Sell,"100% Sell",-57.32,-68.79%,5.14,3.23,6.41,2.88,29.8,-88.29,-83.55,415498,Strengthening,Average,28.15%,1.85,2.4,3.37,0%
SONM,"Dna X Inc","Wireless Equipment",3.28,-6.92%,1,Sell,"100% Sell",-57.47,-69.26%,4.12,3.74,4.28,3.44,44.21,-88.76,-7.83,41470,Strongest,Weak,65.25%,0.85,3.06,3.82,29%
SSII,"Ss Innovations International Inc","Technology Services",3.4,+1.80%,1,Sell,"100% Sell",-57.66,-51.36%,3.85,3.68,4.08,3.61,40.27,-70.86,-52.13,72030,Strengthening,Average,17.78%,1.1,3.31,3.91,15%
QTI,"Qt Imaging Holdings Inc","Medical Instruments",2.77,0.00%,6,Sell,"100% Sell",-58.13,+11.24%,4.37,3.19,4.93,2.93,41.23,-8.26,-66.58,39222,Strengthening,Strong,15.93%,0.54,2.58,3.28,27%
CMCM,"Cheetah Mobile Inc ADR","Internet - Software",3.24,+0.93%,5,Buy,"40% Sell",-58.51,-44.62%,3.96,3.08,4.75,3.12,54.32,-64.12,-57.99,22589,Weakest,Good,64.05%,0.9,2.87,3.38,73%
ASPI,"Asp Isotopes Inc","Chemical - Diversified",3.93,+3.97%,3,Sell,"100% Sell",-58.92,-54.67%,5.28,4.49,5.25,4.07,44.63,-74.17,-38.53,4986890,Average,Average,23.22%,0.79,3.71,4.43,30%
CGTL,"Creative Global Technology Ltd","Consumer Prdts - Misc Discr",4.45,-0.22%,2,Hold,"80% Sell",-59.09,-46.48%,7.99,4.59,16.19,4.35,48.69,-65.98,-87.06,304681,Weakening,Average,39.16%,0.19,3.6,5.09,57%
PLBL,"Polibeli Group Ltd Cl A",Unclassified,5.59,-0.27%,2,Sell,"100% Sell",-59.22,-43.82%,7,6.96,7.69,6.04,41.83,-63.32,-60.99,100390,Strengthening,Strong,18.15%,0.42,5.21,6.86,23%
HIMS,"Hims & Hers Health Inc","Medical Information Systems",28.68,+0.84%,5,Sell,"24% Buy",-59.60,-30.94%,29.5,31.81,26.38,30.15,45.61,-50.44,-23.66,23788752,Weakest,Minimum,21.48%,0.56,26.96,33.34,27%
CNF,"Cnfinance Holdings Ltd ADR","Finance - Mortgage & Rel Svs",2.2,-2.22%,5,Sell,"100% Sell",-59.72,-44.58%,2.76,2.42,3.48,2.25,44.08,-64.08,-75.63,9675,Average,Strong,34.66%,0.21,2.13,2.36,30%
BSEM,"Biostem Technologies New","Medical - Biomedical",3.54,+1.14%,3,Hold,"80% Sell",-59.88,-46.07%,3.93,3.57,4.44,3.59,49.12,-65.57,-19.08,80719,Weakening,Weak,65.37%,0.79,3,4.19,46%
LUD,"Luda Technology Group Limited","Steel - Specialty",4.3,+0.47%,1,Sell,"88% Sell",-60.24,-56.43%,4.86,4.35,5.04,4.29,49.71,-75.93,-45.01,79426,Weakening,Average,44.57%,0.52,4.17,4.42,54%
ATOS,"Atossa Therapeutics Inc","Medical - Biomedical",2.46,+1.65%,10,Buy,"56% Sell",-61.43,-78.58%,3.56,2.37,4.04,2.54,46.58,-98.08,-84.19,115789,Weakest,Average,23.51%,0.46,2.29,2.78,34%
SERV,"Serve Robotics Inc","IT Services",4.87,+3.84%,3,Sell,"100% Sell",-62.50,-52.67%,6.95,5.32,7.79,4.9,46.46,-72.17,-65.07,5108359,Strengthening,Strong,43.68%,0.72,4.46,5.34,47%
RAY,"Raytech Holding Limited","Retail - Consumer Electronics",2.65,-1.85%,3,Sell,"100% Sell",-62.83,-80.28%,3.03,2.86,3.4,2.8,42.66,-99.78,22.53,32261,Strongest,Weak,26.74%,0.94,2.62,2.99,9%
HIND,"Vyome Holdings Inc","Medical - Drugs",2.18,+0.46%,6,Buy,"16% Sell",-63.79,-74.46%,2.17,2.18,2.28,2.21,48.49,-93.96,-48.62,284216,Weakest,Minimum,20.92%,0.39,2.12,2.31,33%
SUNE,"Sunation Energy Inc","Other Alt Energy",2.37,-0.42%,4,Sell,"40% Buy",-64.72,+64.58%,2.09,2.44,1.93,2.38,50.61,45.08,118.11,3733941,Weakest,Weak,37.38%,0.14,2.06,2.7,48%
WING,"Wingstop Inc","Retail - Restaurants",113.15,+3.24%,1,Sell,"100% Sell",-65.09,-64.48%,145.37,135,169.95,114.65,42.54,-83.98,-64.54,1102177,Average,Strong,25.54%,1.16,107,122.3,40%
SQNS,"Sequans Communications S A ADR","Electronics - Semiconductors",2.75,-0.36%,4,Hold,"96% Sell",-65.48,-68.75%,3.19,2.92,3.16,2.9,41.07,-88.25,-50.74,161100,Average,Weak,12.29%,0.22,2.67,3.13,17%
FOXX,"Foxx Development Holdings Inc","Consumer Prdts - Misc Discr",2.62,-2.78%,7,Buy,"88% Sell",-66.09,-52.45%,3.63,2.8,3.95,2.7,45.15,-71.95,-55.52,803245,Strengthening,Strong,35.83%,0.09,2.33,3.07,39%
LNZA,"Lanzatech Global Inc","Waste Removal Svcs",6.52,+3.66%,5,Buy,"40% Sell",-66.11,-69.58%,10.92,6.06,11.91,6.27,56.25,-89.08,-64.61,70488,Weakest,Average,64.77%,0.68,6.02,6.53,98%
YI,"111 Inc ADR","Medical Information Systems",3.48,+4.82%,4,Sell,"100% Sell",-66.67,-43.41%,4.82,3.83,5.56,3.64,44.36,-62.91,23.95,25698,Average,Good,43.11%,0.07,3.25,4.03,29%
CCG,"Cheche Group Inc Cl A","Auto - Truck Original Parts",15.47,+2.52%,5,Buy,"56% Sell",-66.71,-60.18%,17.96,15.02,21.3,15.6,49.94,-79.68,-58.74,6431,Weakest,Good,36.52%,1.57,13.01,18.19,47%
PAVM,"Pavmed Inc","Medical Instruments",5.35,+7.21%,5,Sell,"72% Sell",-67.37,-59.68%,6.05,5.21,7.35,5.02,53.95,-79.18,-31.22,326324,Weakest,Average,68.58%,0.25,4.47,5.56,80%
TC,"Token Cat Limited ADR","Internet Commerce",2.01,0.00%,2,Sell,"100% Sell",-67.57,-84.14%,6.11,2.61,7.61,2.06,42.42,-103.64,-83.15,572607,Average,Strong,29.41%,0.03,1.83,2.29,39%
NCEL,"Newcelx Ltd","Medical - Biomedical",3.35,+1.82%,3,Sell,"24% Buy",-67.93,-83.74%,3.46,3.6,3.17,3.34,48,-103.24,64.33,59789,Weakest,Minimum,39.78%,0.16,3.14,3.53,53%
FABC,"Fabric.Ai Inc","Technology Services",2.54,+3.67%,4,Sell,"88% Sell",-68.02,-53.35%,3.31,2.79,3.01,2.74,42.74,-72.85,-8.32,850085,Strengthening,Soft,16.40%,0.31,2.5,2.99,9%
GLMD,"Galmed Pharmaceutica","Medical - Drugs",4.12,+4.94%,2,Sell,"100% Sell",-68.22,-59.46%,4.73,4.43,4.79,4.36,44.81,-78.96,-43.39,232269,Average,Soft,21.20%,0.24,3.84,4.88,26%
STEM,"Stem Inc","IT Services",5.46,-0.55%,4,Sell,"100% Sell",-68.42,-63.21%,7.83,6.2,8.9,5.74,42.7,-82.71,-75.71,168698,Average,Strong,11.93%,0.59,5.25,6.24,22%
INTJ,"Intelligent Group Limited","Finance - Misc Services",3,+5.26%,6,Sell,"100% Sell",-69.08,-73.69%,5.92,3.44,6.41,3.32,40.9,-93.19,-86.99,16676,Average,Strong,10.70%,0.05,2.86,3.77,15%
ANPA,"Rich Sparkle Holdings Limited","Business Services",4.11,+2.74%,5,Buy,"88% Sell",-69.35,-90.24%,5.36,4.19,11.76,4.18,48.19,-109.74,-93.44,97475,Weakest,Average,43.41%,0.08,3.74,4.61,42%
AQMS,"Aqua Metals Inc","Waste Removal Svcs",2.86,+0.70%,5,Hold,"48% Sell",-69.43,-20.78%,3.46,2.76,3.81,2.77,52.9,-40.28,-52.41,147700,Weakest,Average,72.76%,0.36,2.6,2.95,74%
SMR,"Nuscale Power Corp","Electrical Power",9.56,+3.80%,6,Hold,"48% Sell",-69.63,-74.33%,10.37,9.12,11.22,9.4,52.68,-93.83,-44.52,29579738,Weakest,Weak,47.34%,0.89,8.77,10.03,63%
ALIT,"Alight Inc Cl A","Internet - Software",14.16,+2.46%,2,Sell,"88% Sell",-69.67,-81.98%,15.58,16.25,16.64,14.21,44.8,-101.48,-75.68,1139546,Weakening,Weak,39.80%,0.49,13.02,15.4,48%
WKHS,"Workhorse Grp","Auto - Truck Original Parts",3.26,-8.43%,4,Buy,"8% Buy",-71.35,-78.94%,3.07,3,3.21,3.2,52.59,-98.44,-47.94,185970,Weakest,Minimum,58.14%,1.04,2.93,3.47,61%
ARBK,"Argo Blockchain Plc ADR","Finance - Misc Services",2.94,-0.34%,3,Sell,"88% Sell",-71.62,-94.73%,3.33,3.07,3.23,2.92,47.46,-114.23,-25.77,55761,Weakening,Weak,29.46%,0.31,2.81,3.03,60%
SSTK,"Shutterstock Inc","Internet - Content",5.75,0.00%,3,Sell,"88% Sell",-71.67,-71.84%,11.54,7.31,13.36,5.61,43.58,-91.34,-81.89,560609,Average,Maximum,59.35%,0.62,5.18,6.04,66%
GLOO,"Gloo Holdings Inc","Internet - Software",3.05,-2.24%,4,Sell,N/A,-71.72,N/A,4.72,3.5,5.02,3.35,37.09,N/A,-58.39,N/A,N/A,N/A,14.70%,0.4,3.1,3.61,-9%
EDHL,"Everbright Digital Holding Limited","Advertising Marketing Services",4.1,-2.84%,4,Buy,"24% Buy",-72.22,-38.92%,3.67,4.05,3.47,3.99,52.15,-58.42,-43.67,863093,Weakest,Minimum,53.92%,2.98,3.77,4.22,73%
TLRY,"Tilray Brands Inc","Medical Products",4.52,+0.44%,3,Buy,"56% Sell",-73.58,-63.84%,5.09,4.46,5.78,4.63,48,-83.34,-61.93,5878996,Weakest,Soft,26.55%,0.78,4.36,4.89,30%
FRMM,"Forum Markets Inc","Finance - Misc Services",5.53,+4.73%,4,Hold,"48% Buy",-73.72,-79.29%,5.19,5.81,4.5,5.87,46.4,-98.79,0.87,759781,Weakening,Weak,23.38%,0.36,5.3,6.44,20%
DOMO,"Domo Inc Cl B","Internet - Software",3.69,+0.27%,4,Buy,"8% Sell",-74.43,-74.03%,3.54,3.59,3.7,3.83,47.58,-93.53,-68.22,1643709,Weakest,Minimum,15.96%,0.36,3.64,4.01,14%
AVX,"Avax One Technology Ltd","Finance - Misc Services",3.61,+4.34%,5,Sell,"88% Sell",-74.60,-88.06%,5.05,3.91,6.08,3.31,53.4,-107.56,-92.07,41271,Weakest,Weak,60.17%,3.3,2.84,3.78,82%
CUPR,"Cuprina Holdings [Cayman] Limited","Medical - Biomedical",2.79,-3.79%,3,Sell,"56% Sell",-74.68,-60.74%,3.27,3.79,3.21,2.98,41.59,-80.24,-24.82,1061682,Strengthening,Weak,34.96%,0.07,2.68,3.28,18%
CDLX,"Cardlytics Inc","Technology Services",3.72,0.00%,5,Sell,"100% Sell",-74.79,-63.17%,5.72,4.13,6.79,4.03,37.1,-82.67,-79.64,89131,Average,Strong,11.09%,0.54,3.55,4.52,17%
ANY,"Sphere 3D Corp","Finance - Misc Services",2.19,-2.67%,4,Buy,"40% Sell",-76.42,-64.09%,2.26,2.21,2.03,2.22,48.29,-83.59,-38.4,1285554,Average,Minimum,32.62%,0.33,1.85,2.59,46%
IOTR,"Iothree Limited","Transportation - Ship",2.55,+1.19%,1,Sell,"40% Sell",-76.79,-39.67%,2.81,2.88,2.68,2.65,43.65,-59.17,-7.7,895133,Weakest,Weak,43.39%,0.03,2.34,2.96,34%
STI,"Solidion Technology Inc","Electronics Products - Misc",7.59,-0.91%,4,Sell,"56% Sell",-77.05,+131.40%,8.7,7.66,7.59,7.59,49.27,111.9,-4.94,961091,Average,Weak,58.76%,0.18,6.95,8.23,50%
LFS,"Leifras Co. Ltd ADR","Leisure & Recreation Services",2.15,-2.27%,2,Buy,"40% Sell",-77.65,N/A,2.22,2.27,2.3,2.29,43.38,N/A,-34.37,1321834,Weakening,Soft,3.09%,0.09,2.14,2.45,5%
MLEC,"Moolec Science Sa","Agriculture Operations",6.81,-1.23%,4,Hold,"80% Sell",-78.79,-63.97%,7.63,7.28,8.12,7.08,45.51,-83.47,66.33,504993,Average,Weak,7.19%,0.79,6.34,7.83,32%
EEIQ,"Epicquest Education Group Intl Ltd",Schools,2.75,-8.03%,8,Buy,"40% Sell",-79.11,-67.74%,2.98,2.55,3.27,2.6,54.5,-87.24,-34.08,787998,Weakening,Weak,79.49%,0.18,2.23,2.96,71%
JEM,"707 Cayman Holdings Limited","Textile - Apparel",4.4,+2.80%,3,Sell,"100% Sell",-79.13,-99.17%,14.34,9.31,18.43,4.48,42.95,-118.67,-101.62,491778,Average,Weak,13.73%,0.03,3.17,5.78,47%
BMGL,"Basel Medical Group Ltd","Medical Services",4.94,-2.76%,2,Sell,"100% Sell",-79.14,-79.42%,6.67,5.92,6.99,5.19,44.75,-98.92,-27.98,24074,Strongest,Soft,51.83%,0.12,4.45,5.93,33%
MSAI,"Multisensor AI Holdings Inc","Internet - Software",5.05,-0.78%,4,Hold,"80% Sell",-79.15,-81.43%,5.54,5.26,7.37,5.39,43.63,-100.93,-68.15,116681,Average,Soft,6.01%,0.5,4.98,5.8,9%
DXST,"Decent Holding Inc","Waste Removal Svcs",2.55,-1.54%,3,Buy,"8% Sell",-79.25,-91.50%,2.4,2.41,4.57,2.62,49.62,-111.,-104.65,1446040,Weakest,Weak,16.75%,0.02,2.43,2.8,32%
ATPC,"Agape Atp Corp","Medical Products",2.31,-2.12%,3,Sell,"100% Sell",-79.58,-96.50%,2.73,2.62,2.74,2.45,40.85,-116.,-68.61,2138194,Strengthening,Weak,10.87%,0.01,2.29,2.62,7%
WNW,"Meiwu Technology Ltd","Technology Services",2.35,-3.69%,5,Sell,"100% Sell",-79.60,-98.66%,3.29,2.94,37.29,2.61,42.01,-118.16,-110.3,849557,Average,Average,11.67%,0.1,2.19,3.02,19%
EDSA,"Edesa Biotech Inc","Medical - Biomedical",4.76,-0.42%,5,Sell,"72% Sell",-79.97,+103.33%,7.74,5.9,6.48,5.04,41.96,83.83,223.22,1518625,Average,Weak,25.03%,0.38,4.17,5.91,34%
JDZG,"Jiade Limited",Schools,3.08,+8.83%,2,Sell,"100% Sell",-80.17,-99.31%,22.07,16.86,122.85,3.65,35.6,-118.81,-110.47,96829,Weakening,Average,16.69%,0.29,2.55,4.74,24%
ZSQR,"Z Squared Inc","Internet - Software",3.05,+4.81%,2,Sell,"100% Sell",-80.24,-76.43%,9.14,5.9,10.07,3.81,33.86,-95.93,-90.59,240736,Strengthening,Maximum,6.43%,0.78,3.03,4.6,1%
TVGN,"Tevogen Inc","Medical Services",7.17,0.00%,1,Buy,"40% Sell",-80.31,-83.89%,7.27,6.14,8,6.69,60.51,-103.39,-68.68,23478,Weakest,Weak,100.00%,0.1,6.18,7.2,97%
HTCR,"Heartcore Enterprises Inc","Internet Software Services",2.37,-6.08%,3,Sell,"100% Sell",-83.96,-88.38%,2.94,2.68,3.57,2.6,42.92,-107.88,-73.16,43802,Strengthening,Soft,22.09%,0.4,2.35,2.85,4%
ERNA,"Ernexa Therapeutics Inc","Medical - Drugs",4.54,+4.37%,7,Sell,"88% Sell",-84.28,-86.45%,6.22,5.04,7.18,4.51,47.85,-105.95,-96.86,675580,Weakening,Soft,31.32%,0.04,4,5.02,53%
HCAI,"Hauchen AI Parking Management Ltd","Technology Services",4.54,+2.02%,3,Sell,"100% Sell",-84.30,-78.39%,7.35,5.87,7.01,4.68,40.46,-97.89,-68.65,482572,Strengthening,Soft,38.80%,0.1,4.3,5.07,31%
RGNT,"Regentis Biomaterials Ltd","Medical - Biomedical",2.02,-1.94%,4,Sell,N/A,-85.34,N/A,2.61,2.5,3.1,2.02,45.77,N/A,-82.02,N/A,N/A,N/A,28.31%,0.13,1.82,2.21,51%
SLMT,"Brera Holdings Plc Cl B",Gaming,3.8,-5.00%,4,Sell,"100% Sell",-85.87,-93.35%,5.49,4.53,7.09,4.09,41.27,-112.85,-91.67,106142,Average,Weak,24.80%,1.2,3.77,4.4,5%
CSAI,"Cloudastructure Inc Cl A","Internet - Software",5.05,-1.66%,4,Sell,"100% Sell",-86.04,-88.32%,11.26,7.57,13.93,5.37,40.91,-107.82,-91.1,26718,Weakening,Average,18.74%,0.1,4.45,6.29,32%
OMH,"Ohmyhome Limited","Technology Services",3.19,-4.20%,3,Sell,"100% Sell",-86.65,-94.50%,28.08,12.7,39.66,4.41,36.52,-114.,-104.09,221143,Average,Maximum,3.08%,0.11,3.07,5.76,5%
VRAX,"Virax Biolabs Group Limited","Medical - Biomedical",2.55,-2.12%,4,Sell,"100% Sell",-87.54,-82.17%,3.81,3.19,4.23,2.89,39.86,-101.67,-82.55,1014637,Strengthening,Soft,3.19%,0.01,2.49,3.29,7%
FOFO,"Hang Feng Technology Innovation Co. Ltd","Business Services",2.47,0.00%,1,Sell,"100% Sell",-87.97,N/A,2.87,2.65,3.41,2.5,48.4,N/A,-86.45,105846,Weakening,Average,46.09%,0.09,2.34,2.66,41%
GMM,"Global Mofy AI Limited","Technology Services",2.25,-5.46%,3,Sell,"100% Sell",-87.99,-97.92%,21.93,2.75,35.37,2.69,31.82,-117.42,-108.18,1473810,Average,Strong,14.83%,0.01,2.25,3.13,0%
ATGL,"Alpha Technology Group Limited","Technology Services",6.5,-1.81%,2,Sell,"100% Sell",-88.22,-79.69%,12.31,9.3,14.95,7.32,35.26,-99.19,-80.93,18483,Strongest,Maximum,15.78%,0.06,5.89,8.76,21%
OPAD,"Offerpad Solutions Inc","Real Estate Operations",4.33,+5.61%,4,Sell,"100% Sell",-88.34,-91.53%,5.72,4.6,6.43,4.4,47.31,-111.03,-76.2,164263,Weakening,Soft,36.49%,0.47,3.96,4.84,42%
CIIT,"Tianci International Inc","Transportation - Ship",2.87,-0.35%,4,Sell,"100% Sell",-88.60,-93.28%,8.66,4.11,15.36,3.4,32.09,-112.78,-99.66,287588,Weakening,Soft,16.05%,0.08,2.87,3.93,0%
HAO,"Haoxi Health Technology Limited Class A Ord Shar","Advertising Marketing Services",3.13,+2.79%,4,Sell,"100% Sell",-89.83,-99.90%,506.46,7.55,1346.63,3.39,20.27,-119.4,-111.88,127129,Weakening,Strong,10.74%,0.12,2.58,4.21,34%
SDOT,"Sadot Group Inc","Consumer Prdts - Misc Staple",13.22,-0.60%,4,Hold,"64% Sell",-89.86,-92.81%,17.02,19.17,25.73,13.15,47.16,-112.31,-57.36,1481465,Weakening,Weak,23.02%,0.03,6.72,19.58,51%
APUS,"Apimeds Pharmaceuticals US Inc","Medical - Biomedical",2.63,-25.71%,3,Sell,"100% Sell",-90.02,-85.39%,10.56,5.95,12.29,4.3,26.89,-104.89,-95.95,33602,Strongest,Maximum,11.83%,0.98,3.23,5.37,-28%
LNAI,"Lunai Bioworks Inc","Medical Information Systems",2.4,+11.63%,1,Sell,"88% Sell",-91.03,-86.81%,2.61,2.56,3.03,2.28,52.07,-106.31,-77.96,1192743,Weakening,Weak,43.93%,0.24,2.09,2.48,80%
BIRD,"Smartbird Inc","Shoes and Related Apparel",2.43,+3.62%,9,Hold,"80% Sell",-91.05,-64.14%,4.22,2.86,3.84,2.49,44.84,-83.64,-52.6,2459140,Average,Average,19.26%,0.81,2.28,2.69,37%
INLF,"Inlif Limited","Medical Products",3.91,-2.98%,2,Sell,"100% Sell",-91.42,-99.90%,358.78,4.75,656.91,4.58,24.02,-119.4,-111.74,992050,Weakening,Good,12.19%,0.01,3.62,5.54,15%
TDIC,"Dreamland Limited Cl A","Advertising Marketing Services",2.43,-2.21%,3,Sell,"100% Sell",-92.13,-99.49%,16.19,3.29,17.47,2.64,43.99,-118.99,-101.52,551067,Weakening,Weak,3.76%,0.03,2.41,2.86,4%
HKIT,"Hitek Global Inc Ordinary Share","Technology Services",2.85,+1.42%,4,Sell,"100% Sell",-92.44,-99.95%,25.38,3.71,1478.86,3.04,35.59,-119.45,-111.96,248106,Weakening,Average,23.77%,0.03,2.75,3.33,18%
SPRC,"Scisparc Ltd","Medical - Drugs",5.85,+3.17%,1,Hold,"48% Sell",-92.80,-73.36%,6.46,6.03,5.92,6.59,41.93,-92.86,-64.2,490483,Weakening,Weak,24.15%,0.21,6,7.17,-13%
RAYA,"Erayak Power Solution Group Inc Cl A","Electronics Products - Misc",2.3,+1.77%,3,Sell,"100% Sell",-92.87,-97.93%,3.15,2.53,4.74,2.35,43.8,-117.43,-105.94,295152,Weakening,Weak,24.38%,0.16,2.18,2.52,35%
IMCC,"IM Cannabis Corp","Medical Products",3,+3.81%,4,Sell,"100% Sell",-92.88,-95.50%,6.09,3.89,11.91,3.46,38.69,-115.,-104.8,73441,Weakening,Average,26.03%,0.22,2.78,4.14,16%
SXTC,"China Sxt Pharmaceuticals Inc","Medical - Drugs",2.22,-9.76%,2,Sell,"100% Sell",-93.20,-99.99%,115.78,80.65,141.36,3.59,23.27,-119.49,-111.98,327639,Weakening,Soft,2.58%,0.08,2.22,4.96,0%
PCLA,"Picocela Inc ADR","Diversified Comm Services",6.46,-1.37%,5,Buy,"72% Buy",-93.22,-50.60%,4.92,5.87,4.49,7.14,48.75,-70.1,-40.69,801069,Average,Weak,6.34%,0.04,5.7,8.58,26%
ARTL,"Artelo Biosciences Inc","Medical - Biomedical",6.52,+5.93%,3,Sell,"88% Sell",-94.08,-97.33%,15.17,8.07,25.16,6.45,42.64,-116.83,-92.2,173193,Weakest,Weak,47.44%,0.75,5.9,7,56%
MNTS,"Momentus Inc","Aerospace - Defense",4.2,+3.19%,5,Sell,"100% Sell",-94.11,-82.04%,6.92,5.08,6.18,4.43,41.9,-101.54,-25.75,3228871,Average,Soft,13.06%,0.39,3.83,5.02,31%
FXHO,"Utime Ltd","Wireless Equipment",11.9,-4.34%,2,Sell,"72% Sell",-94.29,-99.74%,12.57,11.79,18.55,10.81,53.07,-119.24,-88.66,152858,Weakening,Weak,72.22%,0.31,8.38,13.23,73%
PAVS,"Paranovus Entertainment Technology Ltd","Conglomerates - Div Operations",4.9,+2.08%,3,Sell,"88% Sell",-94.47,-99.99%,55.65,5.78,406.13,5.84,34.04,-119.49,-111.75,409318,Weakest,Weak,10.38%,0.01,4.14,7.53,22%
VEEE,"Twin Vee Powercats Co.","Leisure & Recreational Prdcts",9.14,-2.77%,3,Sell,"72% Sell",-94.60,-89.07%,9.72,12.73,14.26,10.45,41.84,-108.57,-97.79,806194,Average,Weak,9.64%,0,8.32,12.59,19%
VSA,"Visionsys AI Inc ADR","Technology Services",3.25,-1.52%,3,Hold,"96% Sell",-94.89,-99.66%,4.58,3.49,7.26,3.44,44.54,-119.16,-98.62,506852,Average,Weak,18.70%,0.01,3.07,3.8,25%
WOK,"Work Medical Technology Group Ltd","Medical Instruments",2.15,-3.15%,6,Sell,"72% Sell",-95.02,-100.00%,43.62,2.11,71.74,2.21,41.1,-119.5,-111.,415764,Weakening,Weak,17.37%,0.12,2.03,2.39,34%
ELPW,"Elong Power Holding Cl A","Electronics Products - Misc",3.48,+6.42%,2,Sell,"100% Sell",-95.13,-99.98%,57.63,14.37,719.01,4.04,33.24,-119.48,-111.94,219690,Weakening,Weak,14.06%,0.07,3.22,4.87,16%
SEGG,"Sports Entertainment Gaming Global Corp",Gaming,2.45,-8.92%,1,Sell,"100% Sell",-95.80,-93.72%,6.62,4.06,6.75,2.58,33.36,-113.22,-64.04,652543,Strongest,Weak,51.10%,0.24,2.31,2.85,26%
AKAN,"Akanda Corp","Medical Products",3.74,+1.08%,2,Sell,"88% Sell",-96.66,-95.28%,13.29,7.56,10.17,4.61,35.7,-114.78,-75.64,1040095,Average,Weak,5.77%,0.12,3.11,6.1,21%
RBNE,"Robin Energy Ltd","Transportation - Ship",2.65,+1.15%,4,Sell,"88% Sell",-96.77,-98.13%,12.27,4.64,22.75,2.64,35.63,-117.63,-105.96,158947,Weakest,Soft,27.37%,0.1,2.27,3.02,51%
SMX,"Smx [Security Matters] Plc Cl A","Technology Services",16.11,-3.81%,4,Sell,"100% Sell",-96.90,-99.88%,40.74,16.24,369.01,16.15,45.82,-119.38,-110.95,53315,Average,Weak,46.62%,0.36,14.8,17.5,48%
BYAH,"Park Ha Biological Technology Co. Ltd","Consumer Prdts - Misc Staple",2.7,-2.88%,2,Sell,"100% Sell",-97.05,-98.66%,7,4.12,10.23,3,38.16,-118.16,-107.74,299633,Average,Weak,19.24%,0.02,2.51,3.49,20%
FEED,"Envue Medical Inc","Medical Instruments",4.11,-4.64%,8,Sell,"100% Sell",-97.54,-93.68%,9.06,5.08,15.06,4.72,37.16,-113.18,-97.16,363723,Weakening,Weak,16.78%,0.39,3.98,5.46,9%
AEHL,"Antelope Enterprise Hldg Ltd","Conglomerates - Div Operations",5.43,+8.60%,2,Sell,"88% Sell",-98.11,-98.45%,15.18,9.7,24.48,5.41,43.66,-117.95,-108.79,572102,Weakening,Soft,48.32%,0.28,4.04,6.78,51%
INHD,"Inno Holdings Inc","Electronic Misc Services",4.95,-4.26%,1,Buy,"72% Sell",-98.15,-99.80%,9.9,5.16,17.74,6.91,45.43,-119.3,-90.28,1856096,Average,Weak,3.52%,0.01,4.06,9.75,16%
BIYA,"Baiya International Group Inc","Internet - Software",2.19,-0.45%,2,Sell,"100% Sell",-98.50,-98.39%,6.65,3.38,11.03,2.48,38.74,-117.89,-106.33,1860229,Weakening,Weak,11.32%,0.01,2.07,2.88,14%
VMAR,"Vision Marine Technologies Inc","Leisure & Recreational Prdcts",8.45,+6.96%,4,Sell,"88% Sell",-98.85,-99.85%,47.47,9.84,114.35,7.15,47.4,-119.35,-110.93,157119,Weakest,Weak,33.60%,0.1,5.6,8.7,92%
KIDZ,"Kidz AI Inc",Schools,3.76,-7.16%,1,Sell,"100% Sell",-99.59,-99.96%,54.81,7.63,266.93,4.67,30.67,-119.46,-111.71,354036,Weakening,Weak,27.42%,0.53,3.29,6.05,17%
AIIR,"Air Global Plc",Tobacco,7.4,-0.94%,6,N/A,N/A,N/A,N/A,0,6.75,0,7.25,53.2,N/A,N/A,N/A,N/A,N/A,37.45%,0.64,6.25,8.25,58%
AZUL,"Azul S.A. ADR","Transportation - Airline",7.4,+2.07%,1,N/A,N/A,N/A,N/A,0,8.42,0,7.87,16.73,N/A,N/A,N/A,N/A,N/A,24.21%,0.28,6.99,8.74,23%
BXDC,"Blackstone Digital Infrastructure Trust Inc","REIT - Equity Trust Other",20.23,-0.34%,3,N/A,N/A,N/A,N/A,0,20.63,0,20.33,47.79,N/A,N/A,N/A,N/A,N/A,34.15%,0.98,19.58,21.08,43%
CLBR,"Colombier Acquisition Corp III Cl A",Unclassified,10.24,-0.10%,3,N/A,N/A,N/A,N/A,0,10.28,0,10.27,45.89,N/A,N/A,N/A,N/A,N/A,15.15%,5.53,10.21,10.32,26%
DETX,"Liberty Defense Holdings Ltd","Aerospace - Defense Equipment",3.56,+5.64%,3,N/A,N/A,N/A,N/A,0,3.54,0,3.54,51.38,N/A,N/A,N/A,N/A,N/A,26.35%,0.46,3.12,3.96,52%
JAN,"Janus Living Inc Class A-1","REIT - Equity Trust Resident",30.7,-0.65%,3,Buy,N/A,N/A,N/A,28.04,30.07,0,30.46,52.59,N/A,N/A,N/A,N/A,N/A,43.84%,0.74,29.23,31.69,60%
LABT,"Lakewood-Amedex Biotherapeutics Inc","Medical - Biomedical",2.07,-25.00%,6,N/A,N/A,N/A,N/A,0,2.48,0,2.31,38.63,N/A,N/A,N/A,N/A,N/A,56.72%,0.23,2.01,2.61,10%
MOBI,"Mobia Medical Inc","Medical Instruments",12.09,+5.59%,6,N/A,N/A,N/A,N/A,0,11.94,0,11.56,54.93,N/A,N/A,N/A,N/A,N/A,47.74%,3.43,10.33,12.78,72%
NHP,"National Healthcare Properties Inc Cl A","REIT - Equity Trust Resident",16.14,+0.69%,5,N/A,N/A,N/A,N/A,0,15.81,0,16.5,48.73,N/A,N/A,N/A,N/A,N/A,20.09%,0.63,15.85,17.14,22%
NINE,"Nine Energy Service Inc","Oil - Field Services",10.64,+2.01%,3,Sell,N/A,N/A,N/A,10.69,11.27,0,10.58,48.28,N/A,N/A,N/A,N/A,N/A,16.99%,0.59,9.9,11.25,55%
OPTH,"Optimi Health Corp","Medical - Drugs",4.75,-4.81%,5,N/A,N/A,N/A,N/A,0,4.76,0,4.87,45.7,N/A,N/A,N/A,N/A,N/A,62.09%,1.41,4.64,5.11,23%
PAYP,"Paypay Corporation ADR","Financial Transaction Services",15.73,+4.94%,2,Buy,N/A,N/A,N/A,16.87,15.21,0,15.12,54,N/A,N/A,N/A,N/A,N/A,50.39%,0.69,14.28,15.96,86%
QH,"Quhuo Limited ADR","Technology Services",4.07,-1.21%,5,N/A,N/A,N/A,N/A,0,5.16,0,4.4,41,N/A,N/A,N/A,N/A,N/A,11.72%,0.04,3.84,4.97,21%
SPTX,"Seaport Therapeutics Inc","Medical - Drugs",24.91,+5.51%,11,N/A,N/A,N/A,N/A,0,22.1,0,24.26,56.53,N/A,N/A,N/A,N/A,N/A,19.70%,1.17,22.11,26.41,65%
TMCR,"The Metals Royalty Company Inc","Mining - Misc",5.89,+1.20%,4,Hold,N/A,N/A,N/A,9.59,6.18,0,6.24,44.99,N/A,N/A,N/A,N/A,N/A,38.74%,0.1,5.44,7.05,28%
TRAX,"First Tracks Biotherapeutics Inc","Medical - Biomedical",45.28,+9.98%,3,Buy,N/A,N/A,N/A,27.9,37.18,0,44.25,58.24,N/A,N/A,N/A,N/A,N/A,36.58%,1.7,40.83,47.67,65%
VIDA,"Vida Global Inc Cl A","Technology Services",2.56,-0.39%,5,N/A,N/A,N/A,N/A,0,2.54,0,2.48,50.7,N/A,N/A,N/A,N/A,N/A,66.34%,1.62,2.2,2.76,65%
WHK,"Whitehawk Minerals Corp Cl A","Mining - Misc",27.83,+1.02%,9,N/A,N/A,N/A,N/A,0,26.49,0,26.53,63.76,N/A,N/A,N/A,N/A,N/A,80.85%,1.05,25.41,27.66,107%
XNDU,"Xanadu Quantum Technologies Cl B","Computer - Integrated Systems",9.94,+0.10%,2,Sell,N/A,N/A,N/A,14.51,10.85,0,10.56,42.87,N/A,N/A,N/A,N/A,N/A,22.07%,1.73,9.77,11.35,11%
"Downloaded from Barchart.com as of 09-03-2026 01:15am CDT"
