Symbol,Name,Industry,Latest,%Change,"1M #Hi",Trend,Opinion,"Wtd Alpha","52W %Chg","100D MA","50D MA","150D MA","20D MA","14D RSI","1Y vs IDX","YTD vs IDX","200D Avg Vol",Direction,Strength,"14D Stoch %K","50D RelVol","BB Lower","BB Upper",BB%
SYRE,"Spyre Therapeutics Inc","Medical - Biomedical",85.79,+0.12%,4,Sell,"8% Buy",+252.85,+428.26%,89.61,96.82,77.49,89.24,36.31,412.61,149.63,1077874,Weakening,Weak,26.59%,0.98,85.07,93.4,9%
LITE,"Lumentum Holdings","Communications Components",921.32,-2.16%,3,Buy,"88% Buy",+249.81,+473.14%,866.1,862.84,835.79,913.01,51.99,457.49,137.72,5371879,Weakening,Soft,50.63%,0.95,827.4,998.63,55%
ORKA,"Oruka Therapeutics Inc","Medical - Drugs",84.19,-0.32%,6,Sell,"24% Buy",+235.99,+453.88%,84.31,96.5,73.26,91.8,35.15,438.23,165.52,1076674,Weakening,Soft,12.94%,1.08,84.88,98.72,-5%
FET,"Forum Energy Technologies Inc","Oil Field Machinery & Equip",82.99,+0.19%,6,Buy,"100% Buy",+206.78,+188.46%,63.86,75.39,62.27,81.76,60.55,172.81,112.36,193988,Average,Strong,74.58%,0.53,79.71,83.81,80%
ETON,"Eton Pharmaceutcials Inc","Medical - Biomedical",59.18,+2.60%,3,Buy,"100% Buy",+198.46,+178.23%,43.42,53.69,36.45,58.01,56.12,162.58,237.73,415157,Strongest,Strong,74.75%,0.68,54.22,61.79,65%
MAAS,"Maase Inc ADR","Finance - Misc Services",17.95,+16.79%,4,Hold,"80% Buy",+186.72,+424.70%,15.07,16.82,12.34,16.05,58.34,409.05,220.17,164460,Average,Good,61.84%,2.27,14.19,17.91,101%
GLBS,"Globus Maritime Limi","Transportation - Ship",3.5,+1.74%,5,Buy,"88% Buy",+184.72,+215.32%,2.96,3.47,2.64,3.68,45.84,199.67,87.76,125870,Strengthening,Strong,26.67%,1.61,3.38,3.97,20%
AP,"Ampco-Pittsburgh Corp","Metal Production & Fabrication",8.88,+2.78%,3,Sell,"8% Sell",+177.32,+266.94%,9.32,8.64,9.11,8.44,55.25,251.29,54.36,202817,Weakest,Minimum,78.60%,0.77,7.86,9.03,87%
DRTS,"Alpha Tau Medical Ltd Cl A","Medical Instruments",15.04,+3.44%,5,Buy,"100% Buy",+176.61,+265.94%,12.32,13.99,10.68,14.73,55.54,250.29,191.6,565680,Strengthening,Maximum,49.41%,0.69,13.88,15.58,68%
LQDA,"Liquidia Corp","Medical - Biomedical",73.67,+7.66%,8,Sell,"40% Buy",+167.82,+237.94%,71.16,75.5,59.68,68.19,56.64,222.29,101.36,1655016,Weakening,Average,82.63%,0.86,64.57,71.81,126%
RLAY,"Relay Therapeutics Inc","Medical - Drugs",17.69,+1.26%,7,Sell,"40% Buy",+165.76,+242.17%,17.45,19.15,15.65,18.62,40.31,226.52,96.86,3164004,Weakest,Average,18.34%,0.67,17.56,19.67,6%
CORT,"Corcept Therapeutics","Medical - Drugs",115.63,-0.40%,8,Buy,"100% Buy",+161.28,+37.87%,93.13,111.29,75.41,113.65,53.25,22.22,220.03,1612870,Average,Strong,72.85%,0.84,109.21,118.09,72%
WDC,"Western Digital Corp","Computer - Storage Devices",453.23,-0.78%,4,Sell,"8% Buy",+159.85,+324.06%,513.77,473.46,450.48,449.73,48.69,308.41,150.85,8523149,Weakening,Minimum,52.43%,1.03,412.44,487.02,55%
PBF,"PBF Energy Inc","Oil - Refining and Marketing",74.39,+0.95%,6,Hold,"80% Buy",+157.68,+128.05%,57.47,70.5,52.64,74.58,53.52,112.4,162.06,3339095,Strengthening,Strong,34.67%,0.72,70,79.15,48%
TOP,"Zhong Yang Financial Group Ltd","Finance - Investment Brokers",15.13,-2.20%,1,Buy,"88% Buy",+155.76,+136.41%,9.98,13.31,8.1,15.18,55.59,120.76,188.85,84740,Weakening,Maximum,43.08%,0.73,14.37,15.99,47%
SIF,"Sifco Industries","Aerospace - Defense Equipment",22.42,+1.63%,2,Sell,"40% Buy",+155.00,+212.26%,21.85,22.77,19.39,21.44,55.21,196.61,289.55,92721,Weakening,Average,77.08%,0.28,20.15,22.73,88%
PLSE,"Pulse Biosciences CS","Medical Instruments",52.32,+1.34%,4,Buy,"88% Buy",+142.79,+194.43%,35.49,45.38,30.6,52.48,55.87,178.78,268.82,374328,Strengthening,Maximum,36.38%,0.69,49.18,55.79,48%
OPHC,"Optimumbank Hlds","Banks - Southeast",8.85,0.00%,5,Sell,"72% Buy",+122.04,+112.23%,7.16,8.64,6.55,9.06,47.57,96.58,96,60559,Weakening,Strong,44.94%,0.44,8.78,9.34,12%
BDSX,"Biodesix Inc","Medical Services",30.42,+4.54%,10,Buy,"100% Buy",+120.71,+292.52%,21.36,25.25,19.02,27.72,64.42,276.87,335.11,504491,Strongest,Maximum,67.88%,2.03,24.98,30.46,99%
ECPG,"Encore Capital Group","Finance - Consumer Loans",96.49,-1.95%,4,Sell,"56% Buy",+117.65,+120.70%,90.85,97.14,85.14,97.81,46.69,105.05,65.29,309613,Weakest,Good,41.55%,0.57,94.3,101.31,31%
MBX,"Mbx Biosciences Inc","Medical - Biomedical",57.54,+7.29%,3,Sell,"40% Buy",+114.84,+228.61%,52.93,63.4,45.59,60.44,42.65,212.96,70.19,666868,Weakening,Average,20.25%,0.89,55.35,65.52,22%
URGN,"Urogen Pharma Ltd","Medical - Biomedical",40.9,-1.09%,3,Sell,"40% Buy",+114.49,+123.01%,38.12,43.96,32.25,42.97,38.79,107.36,62.4,806964,Weakest,Average,19.62%,1.41,40.61,45.33,6%
PKOH,"Park Ohio Holdings Corp","Metal Products - Fasteners",47.44,-1.25%,5,Buy,"100% Buy",+113.31,+127.75%,39.39,44.75,34.91,46.05,57.79,112.1,114.31,60480,Strengthening,Strong,84.44%,1.29,43.95,48.15,83%
AAMI,"Acadian Asset Management Inc","Finance - Misc Services",93.79,-0.10%,1,Hold,"96% Buy",+109.61,+91.64%,82.38,90.14,74.31,91.66,56.93,75.99,87.31,373753,Average,Strong,81.66%,0.87,87.96,95.37,79%
CLDT,"Chatham Lodging Trust REIT","REIT - Equity Trust Other",13.33,-0.15%,1,Hold,"80% Buy",+105.29,+91.25%,12.51,13.18,11.05,13.05,55.41,75.6,83.5,329115,Weakening,Good,85.44%,1.22,12.69,13.4,90%
CHEF,"The Chefs Warehouse","Food - Misc & Diversified",111.76,+1.35%,2,Sell,"88% Buy",+102.14,+90.91%,97.99,108.61,86.97,110.93,54.29,75.26,67.06,522492,Strengthening,Strong,54.28%,0.66,106.49,115.38,59%
PBYI,"Puma Biotechnology","Medical - Biomedical",9.82,+0.51%,5,Buy,"100% Buy",+96.99,+102.89%,8.2,8.91,7.74,9.44,60.12,87.24,52.8,343008,Strongest,"Top 1%",84.15%,0.79,8.94,9.95,87%
RLYB,"Rallybio Corporaton","Medical - Biomedical",17.05,+2.59%,3,Hold,"96% Buy",+96.19,+287.50%,16.07,16.66,13.72,16.88,55.05,271.85,198.39,127871,Strengthening,Average,39.24%,0.93,16.48,17.28,71%
PTGX,"Protagonist Therapeutics Inc","Medical - Biomedical",142.44,+0.41%,4,Sell,"40% Buy",+95.52,+111.27%,128.65,144.63,118.76,144.52,47.06,95.62,50.85,724258,Weakening,Good,37.61%,1.6,138.72,150.31,32%
MCS,"Marcus Corp","Leisure & Recreation Services",28.7,+2.17%,1,Hold,"80% Buy",+94.57,+83.15%,24.47,28.13,22.16,27.7,58.28,67.5,72.8,204387,Strengthening,Strong,93.17%,1,26.8,28.61,105%
MSBI,"Midland Sts BNC","Banks - Northeast",33.17,-0.27%,7,Sell,"72% Buy",+92.11,+89.00%,31.07,33.09,28.37,33.24,50.71,73.35,44.44,166995,Weakest,Strong,58.53%,1.74,32.52,33.97,45%
HNGE,"Hinge Health Inc Cl A","Medical Information Systems",92.45,-3.26%,8,Buy,"88% Buy",+90.83,+90.78%,77.72,87.31,65.99,92.49,52.48,75.13,86.79,1529070,Weakening,Strong,67.92%,0.7,88.54,96.44,49%
ANIK,"Anika Therapeutics","Medical - Biomedical",20.68,+1.52%,3,Sell,"72% Buy",+89.61,+129.27%,17.46,19.94,16.46,20.86,51.29,113.62,102.95,116962,Strengthening,Strong,30.47%,1.42,20.28,21.44,35%
KNSA,"Kiniksa Pharmaceuticals International Plc","Medical - Biomedical",76.1,+1.36%,4,Sell,"72% Buy",+89.47,+108.55%,66.22,76.01,59.79,77.46,48.03,92.9,72.24,666105,Strengthening,Strong,19.68%,1.24,74.37,80.55,28%
DFTX,"Definium Therapeutics Inc","Medical - Drugs",38.41,+6.19%,2,Sell,"56% Buy",+87.86,+259.98%,36.29,41.6,30.81,38.35,46.74,244.33,174.62,2257301,Weakening,Average,16.44%,1.4,36.24,40.47,51%
SEPN,"Septerna Inc","Medical - Biomedical",39.74,+5.22%,6,Hold,"80% Buy",+86.31,+127.74%,35.15,38.67,31.97,38.33,53.81,112.09,30.3,352265,Strengthening,Good,48.77%,0.93,36.47,40.19,88%
SPHR,"Sphere Entertainment CO","Media Conglomerates",138.72,-1.71%,7,Sell,"8% Buy",+85.17,+135.20%,147.11,148.61,138.68,141.58,41.92,119.55,33.66,749703,Weakest,Minimum,34.27%,0.6,134.64,148.53,29%
WTTR,"Select Water Solutions Inc","Waste Removal Svcs",20.18,+1.71%,5,Hold,"80% Buy",+84.68,+82.62%,19.4,20.03,17.94,20.19,50.94,66.97,79.59,1625511,Strengthening,Average,38.14%,1.11,19.34,21.03,50%
OOMA,"Ooma Inc","Communications Components",21.18,-2.71%,3,Hold,"64% Buy",+84.21,+69.71%,20.15,21.67,18.29,22.5,40.96,54.06,68.32,319393,Weakest,Good,13.01%,1.25,21.47,23.53,-14%
NHC,"National Healthcare Corp","Medical - Nursing Homes",225.97,-0.61%,4,Hold,"80% Buy",+82.26,+78.76%,211.18,223.89,195.88,223.17,53.13,63.11,52.59,110307,Average,Strong,60.42%,0.85,216.58,229.76,71%
SOPH,"Sophia Genetics Sa","Medical Information Systems",8.49,+1.80%,4,Buy,"100% Buy",+81.67,+105.57%,6.38,7.53,5.87,8.15,59.47,89.92,69.56,275800,Strongest,Maximum,70.52%,0.97,7.64,8.66,83%
CVU,"CPI Aerostructures","Aerospace - Defense Equipment",5.08,0.00%,1,Hold,"48% Buy",+81.53,+100.00%,4.96,5.14,4.62,5.11,46.31,84.35,16.04,101539,Weakest,Average,42.23%,0.45,4.98,5.23,39%
BJRI,"Bj's Restaurants Inc","Retail - Restaurants",60.02,-0.18%,1,Sell,"40% Buy",+81.48,+98.28%,57.83,64.81,50.84,60.77,43.05,82.63,40.1,425698,Weakest,Average,48.14%,0.57,58.61,62.93,33%
SND,"Smart Sand Inc","Chemical - Diversified",5.26,+0.48%,6,Buy,"88% Buy",+81.01,+145.56%,4.91,4.9,4.87,5.23,55.72,129.91,19.14,359620,Strongest,Soft,42.52%,0.74,5.03,5.43,55%
FIX,"Comfort Systems USA","Building Prdcts - Air Heating",1658.3,-0.04%,8,Sell,"24% Sell",+80.00,+106.16%,1766.62,1664.39,1686.55,1610.62,52.8,90.51,65.44,472584,Weakest,Minimum,72.04%,0.83,1531.61,1689.63,80%
ANL,"Adlai Nortye Group Ltd ADR","Medical - Biomedical",15.4,-0.84%,8,Buy,"100% Buy",+79.75,+795.35%,12.64,14.06,11.94,15.2,53.92,779.7,972.27,466568,Average,Good,46.12%,0.38,13.8,16.61,57%
CBLL,"Ceribell Inc","Medical Products",24.51,+3.46%,5,Buy,"100% Buy",+79.11,+115.57%,20.37,22.08,19.98,24.29,57.48,99.92,-0.48,355216,Strongest,Good,37.37%,0.56,23.39,25.2,62%
CGAU,"Centerra Gold Inc","Mining - Gold",21.76,-3.55%,3,Hold,"80% Buy",+77.40,+112.09%,18.84,21.07,18.69,22.6,46.1,96.44,39.19,1743377,Average,Good,43.52%,0.78,21.6,23.59,8%
PSNL,"Personalis Inc","Medical - Generic Drugs",16.32,-0.85%,2,Buy,"88% Buy",+75.83,+170.20%,12.89,15.12,10.91,16.48,53.38,154.55,92.79,2574326,Weakest,Strong,42.71%,0.5,15.89,17.07,37%
LNTH,"Lantheus Holdings","Medical Products",99.74,0.00%,2,Sell,"8% Sell",+74.22,+97.08%,101.34,101.23,94.08,100.44,39.66,81.43,37.63,1093246,Weakening,Weak,4.97%,0.86,99.61,101.27,8%
TIGO,"Millicom International Cellular S.A.","Wireless Non-US",89.78,-3.08%,6,Sell,"24% Buy",+73.96,+86.15%,91.19,94.57,86.5,94.33,39.58,70.5,49.7,1392766,Weakening,Weak,18.29%,1.25,90.63,98.02,-12%
ACU,"Acme United Corp","Consumer Prdts - Misc Discr",63.76,+1.61%,2,Buy,"100% Buy",+71.71,+53.82%,52.06,59.53,49.39,62.26,62.01,38.17,45.93,22294,Strongest,Maximum,85.64%,1.74,60.3,64.23,88%
DCO,"Ducommun Inc","Aerospace - Defense Equipment",169.04,-1.81%,1,Sell,"24% Buy",+71.56,+80.97%,169.78,180.07,157.23,168.66,45.26,65.32,65.45,215743,Weakening,Weak,75.86%,0.62,163.1,174.21,53%
PEB,"Pebblebrook Hotel Trust","REIT - Equity Trust Other",18.73,+1.68%,5,Buy,"88% Buy",+71.41,+63.30%,17.7,18.44,16.16,18.08,58.76,47.65,53.22,2339690,Strengthening,Good,84.50%,0.89,17.53,18.64,108%
GSAT,Globalstar,"Satellite Communication",82.34,-0.65%,6,Buy,"100% Buy",+71.39,+140.83%,81.63,81.95,77.49,82.19,51.03,125.18,22.66,1065818,Weakening,Average,68.88%,0.78,81.26,83.13,58%
GCT,"Gigacloud Technology Inc Cl A","Technology Services",52.62,-2.52%,7,Buy,"100% Buy",+71.30,+77.41%,42.16,48.91,42.77,51.95,55.21,61.76,21.72,663774,Average,Strong,70.61%,0.7,48.76,55.14,60%
VSH,"Vishay Intertechnology","Semi Discretes",32.23,-0.98%,4,Sell,"24% Sell",+71.10,+114.44%,41.11,33.21,34.49,31.67,48.64,98.79,110.19,4176995,Weakening,Minimum,52.03%,0.71,29.8,33.55,65%
KYMR,"Kymera Therapeutics Inc","Medical - Biomedical",112,+0.04%,2,Hold,"64% Buy",+70.03,+99.11%,103.79,114.58,97.27,116.52,42.55,83.46,31.7,771703,Weakest,Good,23.31%,1.06,111.69,121.34,3%
MITK,"Mitek Systems Inc","Computer - Optical",17.22,-2.49%,2,Sell,"24% Buy",+69.58,+73.41%,17.42,17.82,16.38,17.7,45.11,57.76,50.98,902918,Weakening,Soft,55.75%,0.87,16.65,18.75,27%
BOTJ,"Bank of The Jame Fnl","Banks - Southeast",27.21,+1.72%,8,Sell,"72% Buy",+68.75,+72.87%,25.68,27.19,24.27,27.24,52.08,57.22,34.21,17841,Average,Strong,49.40%,1.55,26.35,28.12,49%
UFCS,"United Fire Group","Insurance - Proprty & Casualty",53.34,+0.02%,5,Hold,"64% Buy",+68.27,+73.29%,51.06,53.51,46.84,54.42,44.78,57.64,34.5,135065,Weakest,Good,43.11%,0.76,52.71,56.13,19%
NSIT,"Insight Enterpr","Retail - Mail Order",155.96,-1.93%,6,Hold,"80% Buy",+68.17,+38.30%,126.61,147.05,109.51,158.06,51.85,22.65,79.19,445333,Weakening,Strong,38.49%,0.71,151.24,164.88,35%
VAC,"Marriot Vacations Worldwide Cor","Leisure & Recreation Services",104.56,+1.69%,1,Sell,"56% Buy",+67.71,+49.69%,97.54,105.96,87.99,102.05,50.96,34.04,69,564154,Weakening,Average,56.99%,0.67,97.99,106.12,81%
GEF.B,"Greif Bros Corp Cl B","Electronics - Semiconductors",106.92,-1.14%,7,Buy,"72% Buy",+67.68,+72.84%,96.09,107.22,92.55,107.77,47.84,57.19,30.91,54282,Weakening,Strong,38.77%,1.74,103.72,111.82,40%
PYPD,"Polypid Ltd","Medical - Drugs",5.31,+1.72%,3,Buy,"100% Buy",+67.38,+59.22%,4.85,4.87,4.69,5.25,54.79,43.57,10.11,119898,Strengthening,Strong,56.47%,0.41,5.05,5.45,65%
RELL,"Richardson Electrncs","Electronics - Parts Distrib",17.11,-2.34%,1,Sell,"24% Buy",+67.06,+72.13%,17.57,18.1,15.88,16.97,48.2,56.48,45.02,182658,Weakest,Weak,72.97%,0.47,16.08,17.87,58%
HZO,"Marinemax Inc","Retail - Misc & Diversified",52.37,-0.13%,6,Buy,"100% Buy",+66.83,+99.81%,40.72,47.03,36.47,52.29,75,84.16,103.9,470003,Average,Maximum,63.77%,0.89,52.02,52.56,64%
GEO,"Geo Group Inc","Government Services",30.22,-3.20%,1,Sell,"40% Buy",+66.46,+44.59%,28.86,31.23,24.85,31.18,44.48,28.94,75.23,2122503,Weakest,Average,60.77%,1.26,29.84,32.51,14%
CBL,"Cbl & Associates Properties Inc","REIT - Equity Trust Retail",52.33,+0.81%,5,Sell,"24% Buy",+66.45,+72.76%,52.56,55.66,48.48,53.95,38.21,57.11,29.19,222156,Weakest,Soft,21.20%,0.53,51.95,55.95,10%
RDVT,"Red Violet Inc","Internet Software Services",78.61,+0.08%,6,Buy,"100% Buy",+65.54,+50.97%,63.75,71.13,55.65,75.72,61.14,35.32,25.79,167221,Strengthening,Maximum,79.60%,0.61,71.85,79.58,87%
CMTV,"Community Bancorp Inc VT","Banks - Northeast",41.42,+1.47%,5,Sell,"88% Buy",+65.48,+84.01%,39.8,40.58,38.52,40.74,54.28,68.36,54.17,30083,Strengthening,Average,61.14%,0.64,39.5,41.98,77%
FROG,"Jfrog Ltd","Internet - Software",88.81,-0.41%,1,Buy,"72% Buy",+65.48,+77.30%,84.59,88.89,71.2,91.27,46.46,61.65,29.95,2753587,Weakest,Good,54.81%,0.75,84.93,97.61,31%
KOP,"Koppers Holdings Inc","Chemical - Diversified",46.17,-0.22%,3,Sell,"40% Buy",+65.27,+62.51%,45.57,47.54,43.02,46.27,48.13,46.86,58.25,184417,Weakest,Average,43.44%,0.57,45.19,47.35,45%
AMAL,"Amalgamated Financial Corp","Finance - SBIC & Commercial",47.28,-0.63%,2,Sell,"40% Buy",+64.54,+70.75%,46.14,48.67,44.02,47.7,45.62,55.1,35.37,171839,Weakest,Average,42.88%,1.17,46.32,49.08,35%
RCMT,"R C M Tech Inc",Staffing,40.67,+0.49%,1,Buy,"100% Buy",+64.28,+50.57%,30.91,35.85,28.58,40.4,59.24,34.92,86.68,64886,Strengthening,Maximum,54.96%,0.82,38.88,41.93,59%
FDMT,"4D Molecular Therapeutics Inc","Medical - Drugs",14.56,+0.62%,7,Buy,"100% Buy",+62.64,+73.54%,11.75,13.16,10.95,14.47,52.64,57.89,81.89,879203,Strengthening,Strong,49.85%,1.68,13.16,15.79,53%
SBFG,"Sb Financial Group","Banks - Northeast",29.99,+0.44%,9,Buy,"100% Buy",+62.30,+47.88%,25.62,27.86,24.11,29.34,61.18,32.23,22.43,20291,Strengthening,Maximum,83.50%,0.54,27.83,30.84,72%
DIOD,"Diodes Inc","Electronics - Semiconductors",96.37,+0.55%,6,Buy,"40% Buy",+61.61,+81.49%,98.24,92.23,91.86,91.98,55.69,65.84,83.08,548151,Average,Weak,83.26%,0.8,86.84,97.13,93%
GCBC,"Greene County Bncp","Finance - Savings & Loan",34.31,-0.44%,6,Hold,"64% Buy",+60.52,+49.69%,31.57,34.55,28.68,35.07,44,34.04,42.1,25624,Weakest,Strong,14.47%,0.68,34.04,36.09,13%
SU,"Suncor Energy Inc","Oil - C$ Integrated",68.77,+0.85%,7,Hold,"96% Buy",+60.41,+61.36%,63.96,66.51,63.5,68.53,54.31,45.71,42.79,4663127,Strongest,Average,43.17%,0.95,66.37,70.69,56%
AMTB,"Mercantil Bank Holding Cl A","Banks - Southeast",29.3,-0.91%,8,Hold,"96% Buy",+60.08,+46.94%,26.37,28.92,25.02,29.29,52.21,31.29,37.94,304631,Average,Strong,50.87%,0.83,28.56,30.02,51%
ESP,"Espey Mfg. & Electronics","Electronics - Military",65.52,-0.17%,9,Buy,"100% Buy",+59.85,+67.14%,62,62.24,61.56,63.51,59.01,51.49,26.78,33484,Strongest,Soft,74.60%,0.9,61.42,65.61,98%
IESC,"Ies Holdings Inc","Electronic Misc Services",322.09,-0.63%,5,Sell,"8% Buy",+59.81,+63.98%,338.15,334.2,310.65,320.05,48.18,48.33,53.35,412615,Weakest,Weak,33.68%,0.47,298.43,341.68,55%
XMAX,"Xmax Inc",Furniture,8.76,+0.57%,1,Hold,"64% Buy",+59.29,+67.82%,8.63,8.79,8.07,8.72,49.94,52.17,33.76,973544,Weakening,Soft,58.11%,1.65,8.47,8.96,58%
ICCC,"Immucell Corp","Medical Products",9.88,-0.45%,4,Sell,"8% Buy",+58.94,+63.85%,10.11,10.34,9.08,9.89,45.34,48.2,48.41,25381,Weakening,Weak,66.43%,0.2,9.63,10.15,48%
JAZZ,"Jazz Pharma Plc","Medical - Biomedical",238.28,+0.14%,1,Sell,"24% Buy",+57.31,+87.62%,241.6,248.62,224.89,242.31,42.96,71.97,27.92,938500,Weakest,Weak,34.79%,0.89,234.52,250.11,24%
EPC,"Edgewell Personal Care","Consumer Prdts - Misc Staple",28.29,+1.69%,2,Sell,"72% Buy",+56.83,+43.31%,25.11,27.95,23.93,27.56,55.97,27.66,53.68,754333,Average,Strong,68.51%,1.26,26.17,28.94,76%
RLJ,"Rlj Lodging Trust","REIT - Equity Trust Other",11.07,-1.16%,1,Sell,"40% Buy",+55.74,+48.79%,10.98,11.41,9.94,10.95,49.42,33.14,36.35,2050876,Weakest,Average,83.58%,1.42,10.72,11.18,76%
TGTX,"Tg Therapeutics","Medical - Biomedical",56.19,-2.16%,5,Buy,"100% Buy",+55.57,+58.28%,50.51,53.63,44.46,55.91,53.29,42.63,76.25,2118322,Weakening,Strong,70.82%,0.71,53.28,58.55,55%
WEST,"Westrock Coffee Company","Beverages - Soft",8.25,+1.98%,4,Hold,"48% Buy",+55.38,+76.66%,8.06,8.01,6.95,7.85,58.7,61.01,90.46,501800,Weakening,Average,78.78%,0.73,7.52,8.18,110%
ASRV,"Ameriserv Financial","Banks - Northeast",4.6,-1.71%,5,Sell,"56% Buy",+54.74,+57.00%,4.27,4.73,4.1,4.79,44.84,41.35,31.96,15845,Weakest,Good,25.02%,0.28,4.5,5.08,17%
MBIN,"Merchants Bancorp","Banks - Northeast",51.55,-1.06%,3,Sell,"40% Buy",+54.52,+60.84%,50.29,52.76,48.43,52.4,42.1,45.19,39.11,224123,Weakest,Average,25.45%,0.58,51.39,53.4,8%
BWFG,"Bankwell Financial","Banks - Northeast",66.16,-0.48%,6,Sell,"64% Buy",+54.50,+44.52%,60.6,66.16,56.85,66.6,49.07,28.87,32.15,55542,Weakening,Strong,28.04%,0.86,64.88,68.31,37%
PGC,"Peapack Gladstone FI","Banks - Northeast",44.12,-2.02%,5,Sell,"24% Buy",+54.08,+56.79%,45.19,45.7,42.35,45.29,38.09,41.14,46.18,146986,Weakening,Weak,22.87%,0.77,44.08,46.5,2%
AMN,"Amn Healthcare Services Inc","Business Services",34.26,-0.87%,3,Buy,"88% Buy",+53.53,+81.56%,32.27,34.07,28.08,34.05,50.95,65.91,105.15,1031472,Weakening,Good,62.07%,0.53,33.06,35.04,61%
CBNA,"Chain Bridge Bancorp Inc Cl A","Banks - Northeast",47.48,-0.59%,7,Buy,"100% Buy",+53.32,+45.47%,42.36,46.15,40.11,46.91,54.27,29.82,24.83,10848,Average,Strong,62.82%,0.74,45.07,48.74,66%
IRWD,"Ironwood Pharmaceuti","Medical - Drugs",4.12,-0.24%,6,Buy,"72% Buy",+53.31,+196.40%,4.01,4.16,3.91,4.22,46.61,180.75,10.02,2987611,Weakening,Weak,31.55%,0.98,3.95,4.49,31%
DCTH,"Delcath Systems Inc","Medical Instruments",15.81,+1.35%,3,Hold,"80% Buy",+53.15,+47.14%,13.59,15.35,12.34,16.17,47.67,31.49,44.29,476168,Average,Strong,34.23%,0.59,15.64,16.69,16%
HBIO,"Harvard Bioscience","Industrial Scientific",7.98,+0.25%,3,Buy,"88% Buy",+52.99,+79.77%,6.62,7.18,6.28,8.02,59.3,64.12,7.08,36870,Average,Strong,35.62%,1.76,7.88,8.16,35%
ATLO,"Ames Natl Corp","Banks - Midwest",31.79,-0.09%,6,Hold,"80% Buy",+52.41,+55.76%,30.33,31.43,29.49,32.01,49.88,40.11,26.22,50321,Weakening,Good,40.82%,0.47,31.17,32.85,37%
PKBK,"Parke Bancorp Inc","Banks - Northeast",33.65,-0.36%,7,Hold,"64% Buy",+52.30,+52.37%,32.89,34.02,31.51,34.08,44.62,36.72,22.14,73956,Weakest,Good,21.24%,0.9,33.26,34.91,24%
KELYA,"Kelly Svcs Cl A",Staffing,16.54,+0.36%,2,Hold,"96% Buy",+52.14,+25.88%,13.93,16.1,12.33,16.39,55.15,10.23,75.71,427174,Average,Strong,71.01%,0.71,15.74,17.05,61%
GRC,"Gorman-Rupp Company","Machinery - General Industrial",76.06,+2.49%,1,Sell,"8% Buy",+51.97,+65.60%,78.92,77.87,74.6,74.02,52.98,49.95,47.05,161401,Weakest,Minimum,78.93%,1.09,71.31,76.73,88%
TAYD,"Taylor Devices Inc","Machinery - General Industrial",65.14,+3.02%,6,Buy,"40% Buy",+51.49,+31.17%,55.9,57.56,59.7,60.98,70.65,15.52,-0.81,41404,Strengthening,Weak,79.18%,0.82,57.74,64.22,114%
EXPD,"Expeditors Intl","Transportation - Services",188.58,+0.60%,4,Hold,"80% Buy",+51.11,+54.78%,173.38,184.01,163.95,188.98,52.09,39.13,14.32,1271183,Average,Strong,28.55%,0.74,183.89,194.07,46%
BWAY,"Brainsway Ltd ADR","Medical Products",13.25,-0.45%,2,Sell,"40% Sell",+50.31,+80.76%,14.94,14.76,14.63,13.81,35.86,65.11,27.09,152138,Strengthening,Weak,16.49%,1.46,12.97,14.66,17%
ATLC,"Atlanticus Holdings Corp","Finance - Misc Services",87.1,-5.84%,3,Sell,"8% Buy",+49.92,+37.43%,93.83,96.83,83,92.59,36.95,21.78,17.86,107571,Weakening,Weak,29.40%,0.55,88.37,96.8,-15%
OBK,"Origin Bancorp Inc","Banks - Southeast",53.01,-1.17%,6,Sell,"56% Buy",+49.83,+49.92%,51.33,53.66,48.6,53.7,44.76,34.27,28.71,180304,Weakest,Good,31.66%,0.88,52.6,54.8,19%
CURV,"Torrid Holdings Inc","Retail - Apparel & Shoes",2.4,+2.13%,4,Hold,"80% Buy",+49.71,+35.59%,2.04,2.35,1.9,2.31,55.09,19.94,133.06,560097,Average,Average,46.80%,0.45,2.11,2.5,74%
PK,"Park Hotels & Resorts Inc","REIT - Equity Trust Other",15.72,+1.88%,2,Buy,"100% Buy",+49.39,+36.46%,14.24,15.2,13.14,15.23,60.13,20.81,38.05,4254310,Strengthening,Strong,73.41%,1.32,14.86,15.61,115%
CAT,"Caterpillar Inc","Machinery - Construct & Mining",819.95,-0.20%,4,Sell,"24% Sell",+49.35,+76.05%,878.52,828.03,837.55,804.29,51.67,60.4,30.89,2819615,Weakest,Weak,75.39%,0.81,776.99,831.58,79%
MTA,"Metalla Royalty and Streaming Ltd","Mining - Misc",9.65,-4.17%,3,Hold,"80% Buy",+49.06,+56.40%,8.35,9.45,8,10.12,45.28,40.75,11.8,498116,Average,Strong,46.38%,0.58,9.59,10.65,6%
RBKB,"Rhinebeck Bancorp Inc","Banks - Northeast",12.69,-1.09%,5,Hold,"80% Buy",+49.05,+50.05%,12.23,12.63,11.89,12.85,46.47,34.4,35.56,62712,Weakening,Average,24.29%,0.4,12.56,13.14,23%
BELFA,"BEL Fuse Cl A","Electronics Products - Misc",200.5,-1.28%,3,Sell,"72% Sell",+48.82,+68.46%,231.74,215.57,224.38,200.64,44.45,52.81,19.84,104771,Strengthening,Average,63.85%,0.98,190.62,210.67,49%
SKE,"Skeena Resources Ltd","Mining - Misc",29.87,-5.80%,3,Sell,"8% Buy",+48.12,+59.31%,29.85,31.13,30.42,31.68,42.37,43.66,13.63,815885,Weakest,Minimum,41.73%,0.91,29.59,33.76,7%
COKE,"Coca-Cola Consolidated Inc","Beverages - Soft",193.57,+1.72%,5,Hold,"96% Buy",+47.88,+67.75%,184.92,190.04,189.71,193.02,52.47,52.1,14.03,532937,Strongest,Weak,38.30%,0.97,184.98,201.05,53%
IDT,"IDT Corp","Diversified Comm Services",69.56,+3.11%,7,Hold,"96% Buy",+47.88,+11.17%,61.62,67.39,57.79,69.01,56.76,-4.48,23.59,182997,Strengthening,Strong,38.84%,1.73,67.02,71,64%
RRBI,"Red River Bancshares Inc","Banks - Southwest",99.77,-1.22%,7,Sell,"56% Buy",+47.65,+51.12%,96.57,101.16,94.71,101.84,41.91,35.47,27.44,67021,Weakest,Average,15.03%,0.85,99.4,104.28,7%
STLD,"Steel Dynamics Inc","Steel - Producers",230.39,-1.40%,3,Sell,"8% Sell",+47.58,+65.00%,244.82,243.71,227.6,237.52,42.32,49.35,23.72,1225531,Average,Minimum,24.86%,0.88,227.68,247.36,14%
HBT,"Hbt Financial Inc","Banks - Northeast",35.9,-0.97%,6,Sell,"72% Buy",+47.40,+40.02%,32.83,35.72,31.01,36.05,50.66,24.37,26.64,100393,Average,Strong,49.95%,0.92,35.15,36.94,42%
LION,"Lionsgate Studios Corp","Media Conglomerates",10.97,+1.11%,2,Sell,"72% Sell",+47.20,+56.71%,12.94,11.96,12.09,11.17,42.05,41.06,7.91,3072492,Strengthening,Soft,32.87%,0.98,10.76,11.58,26%
BZH,"Beazer Homes USA","Building - Residential & Comm",33.36,-0.03%,9,Buy,"100% Buy",+46.99,+36.22%,29.82,33.16,27.04,33.29,61.63,20.57,52.34,578573,Weakening,Strong,68.53%,1.82,33.16,33.42,77%
DDI,"Doubledown Interactive ADR",Gaming,13.09,+0.69%,2,Buy,"100% Buy",+46.99,+40.45%,11.99,12.41,11.02,12.84,64.21,24.8,39.44,111149,Strongest,Strong,82.02%,3.3,12.54,13.15,90%
CAC,"Camden Natl Corp","Banks - Northeast",57.4,-0.73%,4,Hold,"96% Buy",+46.76,+44.33%,54.29,57.21,52.18,57.35,51.38,28.68,20.08,99326,Average,Strong,57.60%,0.92,56.15,58.55,52%
JBL,"Jabil Circuit","Electronic Manufacturing",318.93,+0.69%,5,Sell,"8% Sell",+46.65,+47.76%,337,317.96,320.12,306.01,55.25,32.11,27.63,1222379,Weakest,Minimum,64.22%,1.65,291.62,320.39,95%
PLBC,"Plumas Bancorp","Banks - West",62.34,+0.08%,4,Hold,"96% Buy",+46.64,+41.71%,58.58,61.86,55.81,62.2,53.12,26.06,27.25,47295,Strengthening,Strong,56.45%,0.73,60.96,63.44,56%
TMP,Tompkinstrustco,"Banks - Northeast",97.71,-1.87%,4,Hold,"48% Buy",+46.35,+42.37%,93.7,98.37,89.09,98.12,48.54,26.72,22.5,80709,Weakest,Good,50.16%,0.96,96.11,100.12,40%
ANGO,"Angiodynamics Inc","Medical Instruments",15.54,+0.32%,2,Hold,"96% Buy",+46.33,+45.51%,13.72,15.28,12.75,15.48,53.03,29.86,8.79,465370,Strengthening,Strong,52.65%,1.23,15.04,15.93,56%
PSTL,"Postal Realty Trust Cl A","REIT - Equity Trust Other",23.22,-1.82%,6,Buy,"40% Buy",+45.67,+46.13%,23.49,23.41,22.32,23.64,45.3,30.48,31.63,313464,Weakest,Soft,30.18%,1.31,23.08,24.2,13%
CSCO,"Cisco Systems Inc","Computer - Networks",106.74,+0.04%,2,Sell,"8% Sell",+45.62,+58.79%,114.15,112.34,103.54,108.9,41.79,43.14,26.33,22676158,Weakening,Weak,29.76%,1,105.59,112.21,17%
PAYS,"Paysign Inc","Financial Transaction Services",12.72,+0.39%,5,Hold,"96% Buy",+45.57,+119.31%,9.63,11.92,8.08,12.71,52.35,103.66,134.75,673588,Average,Strong,60.88%,0.77,11.95,13.47,51%
NKSH,"Natl Bankshares Inc","Banks - Southeast",42.56,+0.45%,8,Buy,"100% Buy",+45.39,+39.18%,38.46,41.1,37.93,42.18,55.89,23.53,14.69,33506,Strongest,Strong,53.99%,0.89,40.8,43.56,64%
BOF,"Branchout Food Inc","Food - Misc & Diversified",3.96,+6.74%,3,Sell,"48% Buy",+45.32,+84.19%,3.91,3.96,3.9,3.82,54.03,68.54,12.29,68586,Average,Weak,63.01%,1.05,3.61,4.03,84%
OBT,"Orange County Bancor","Banks - Northeast",37.68,-0.37%,6,Sell,"40% Buy",+44.99,+46.90%,36.8,38.14,35.63,38.01,46.35,31.25,19.74,59548,Weakest,Average,49.42%,1.17,37.14,38.88,31%
CFFI,"C&F Financial Corp","Banks - Southeast",94.69,+1.16%,6,Buy,"100% Buy",+44.55,+38.03%,82.58,88.56,79.81,93.65,58.88,22.38,18.2,17233,Strongest,Maximum,42.25%,2.76,90.87,96.43,69%
MOV,"Movado Group Inc","Retail - Jewelry",33.48,-1.88%,2,Sell,"24% Buy",+44.35,+77.33%,35.15,35.36,31.92,33.3,45.19,61.68,50.13,187458,Weakest,Weak,75.34%,1.06,32.41,34.19,60%
PWR,"Quanta Services","Engineering & R&D Services",644.36,-0.73%,9,Sell,"8% Sell",+44.22,+58.93%,674.41,641.74,646.64,628.71,52.71,43.28,40.43,1119170,Weakest,Minimum,80.28%,0.82,601.29,656.12,79%
FMAO,"Farmers & Merch Banc","Banks - Northeast",34.96,+0.09%,10,Buy,"88% Buy",+44.22,+32.98%,31.45,34.22,29.67,35.12,52.16,17.33,29.18,61723,Average,Strong,51.99%,1.14,34.03,36.21,43%
CZFS,"Citizens Fincl Svcs","Banks - Northeast",80.44,+0.74%,3,Sell,"72% Buy",+44.13,+30.82%,73.87,80.07,70.24,81.39,49.08,15.17,28.83,16740,Strengthening,Strong,31.84%,1.41,78.5,84.28,34%
INCY,"Incyte Corp","Medical - Biomedical",124.82,+0.75%,4,Buy,"88% Buy",+44.13,+50.93%,114.03,123.4,107.88,124.9,51.11,35.28,14.13,1731353,Strengthening,Strong,50.44%,0.91,120.96,128.84,49%
PANL,"Pangaea Logistics So","Transportation - Ship",8.01,0.00%,5,Buy,"80% Buy",+44.13,+50.00%,7.68,7.89,7.67,8.29,45.66,34.35,4.18,544873,Weakening,Weak,12.29%,0.74,7.99,8.58,3%
KFFB,"Kentucky First Fed","Finance - Savings & Loan",5.64,+1.02%,1,Buy,"88% Buy",+43.88,+47.17%,5.12,5.58,4.93,5.75,49.06,31.52,8.98,5194,Strengthening,Strong,37.83%,0.7,5.37,6.13,35%
FLEX,"Flextronics Intl Ltd","Electronics Products - Misc",113.04,-1.43%,5,Sell,"8% Buy",+43.36,+98.84%,129.05,115.08,110.26,110.52,50.28,83.19,74.85,4936497,Weakest,Minimum,54.27%,0.63,104.72,116.32,72%
TD,"Toronto Dominion Bank","Banks - Foreign",119.55,-0.91%,4,Buy,"72% Buy",+43.31,+50.85%,118.05,120.64,111.65,121.01,46.04,35.2,14.67,2326221,Weakening,Average,23.68%,1.07,118.36,123.67,22%
ACNB,"Acnb Corp","Banks - Southwest",63.18,-0.86%,2,Sell,"56% Buy",+43.29,+41.44%,60.27,64.14,56.6,64.5,43.49,25.79,18.43,58442,Weakest,Good,34.62%,0.57,62.84,66.17,10%
TS,"Tenaris S.A. ADR","Steel - Pipe & Tube",56.12,+1.17%,4,Buy,"8% Buy",+43.23,+58.71%,57.45,55.49,57.56,56.28,52.13,43.06,33.72,1538599,Weakening,Minimum,35.06%,0.93,55.04,57.51,44%
PACS,"Pacs Group Inc","Medical Services",43.06,+4.26%,6,Sell,"56% Buy",+42.95,+208.01%,41.6,44.27,39.24,42.75,50.67,192.36,-0.08,918031,Average,Weak,25.38%,1.4,40.43,45.07,57%
WTBA,"West Bancorp","Finance - Savings & Loan",28.96,-0.79%,6,Buy,"88% Buy",+42.91,+39.23%,26.77,28.62,25.87,29.06,50.55,23.58,18.27,51677,Average,Strong,41.24%,1.05,28.23,29.9,44%
SCSC,"Scansource Inc","Technology Services",57.78,-0.89%,7,Buy,"100% Buy",+42.77,+30.72%,52.11,56.05,47.31,57.49,53.85,15.07,35.69,236378,Weakening,Strong,72.01%,0.45,55.9,59.08,59%
MAKO,"Mako Mining Corp","Mining - Gold",9.43,-5.51%,6,Hold,"80% Buy",+42.67,+79.62%,8.61,9.38,8.14,10.09,42.03,63.97,50.35,140320,Weakening,Strong,27.35%,1.27,9.55,10.62,-11%
ATKR,"Atkore Inc","Wire & Cable Products",94.6,+0.03%,10,Buy,"100% Buy",+42.32,+55.69%,83.43,89.91,77.29,94.19,72.02,40.04,37.33,555133,Average,Maximum,89.16%,2.01,93.47,94.91,78%
JNJ,"Johnson & Johnson","Large Cap Pharma",271.95,+0.27%,3,Hold,"96% Buy",+42.05,+51.33%,252,265.35,247.25,269.84,58.1,35.68,19.17,7996098,Strongest,Strong,69.44%,1.06,263.17,276.5,66%
BAP,"Credicorp Ltd","Banks - Foreign",385.95,-0.05%,7,Hold,"80% Buy",+41.98,+46.38%,370.08,382.73,358.2,380.74,53.87,30.73,22.24,416399,Average,Average,60.62%,0.66,368.42,393.06,71%
SPB,"Spectrum Brands Holdings Inc","Consumer Prdts - Misc Discr",82.84,-2.44%,3,Sell,"24% Buy",+41.95,+54.55%,84.88,87.78,82.56,86.33,37.59,38.9,27.98,354883,Weakening,Weak,17.40%,0.88,83.41,89.25,-10%
AVBP,"Arrivent Biopharma Inc","Medical - Biomedical",29.3,+2.99%,6,Sell,"8% Sell",+41.46,+62.51%,30.44,29.94,28.93,29.51,47.9,46.86,33.39,518237,Weakening,Weak,47.59%,1.94,27.56,31.45,45%
BPRN,"Princeton Bancorp Inc","Banks - Northeast",43.47,+0.14%,5,Hold,"96% Buy",+41.28,+34.79%,39.42,42.29,37.82,43.23,55.6,19.14,13.07,16807,Strongest,Maximum,59.60%,1.58,42.34,44.11,64%
PRSU,"Pursuit Attractions and Hospitality Inc","Leisure & Recreation Services",49.65,+0.75%,3,Sell,"56% Buy",+41.19,+35.66%,48.63,49.17,45.22,48.46,56.74,20.01,35.18,248293,Average,Average,57.40%,0.66,47.12,49.8,94%
WKC,"World Kinect Corp","Oil - Refining and Marketing",35.22,-0.56%,3,Sell,"40% Buy",+40.85,+34.02%,33.8,36.51,30.58,35.51,43.26,18.37,38.08,997312,Weakest,Average,47.26%,0.93,34.91,36.12,26%
BOW,"Bowhead Specialty Holdings Inc","Insurance - Proprty & Casualty",33.8,+0.12%,8,Buy,"100% Buy",+40.68,+23.90%,30.68,33.05,28.3,33.71,61.42,8.25,6.19,242531,Average,Strong,60.00%,0.45,33.53,33.89,76%
SRCE,"1st Source Corp","Banks - Midwest",85.53,-0.65%,6,Sell,"40% Buy",+40.55,+36.17%,81.99,86.83,78.14,86.07,46.51,20.52,24.63,127724,Weakest,Good,36.12%,0.78,84.51,87.64,33%
AVBC,"Avidia Bancorp Inc","Banks - Northeast",21.71,+0.14%,4,Hold,"64% Buy",+40.42,+42.17%,20.83,21.79,20.47,21.94,46.99,26.52,16.91,103316,Average,Average,19.49%,0.55,21.44,22.45,27%
OCC,"Optical Cable Corp","Fiber Optics",14.95,+2.89%,4,Sell,"24% Buy",+39.60,+85.71%,15.26,14.61,13.14,13.94,54.87,70.06,223.72,360152,Weakening,Weak,70.21%,0.87,12.5,15.38,85%
BDL,"Flanigan's Enterprises","Retail - Restaurants",44.7,-0.93%,2,Sell,"72% Buy",+39.37,+49.77%,40.97,44.37,38.03,44.75,49.93,34.12,38.77,12934,Average,Good,59.14%,1.17,41.93,47.57,49%
RBB,"Rbb Bancorp","Banks - West",26.33,-0.94%,6,Hold,"48% Buy",+39.17,+38.14%,25.88,26.63,24.64,26.54,45.13,22.49,15.33,112023,Weakest,Average,30.68%,0.76,25.99,27.09,31%
FCBC,"First Community Bksh","Banks - Southeast",47.54,-0.17%,2,Sell,"40% Buy",+38.97,+33.39%,45.73,48.04,44.32,47.65,48.77,17.74,28.7,81919,Weakest,Average,63.61%,0.67,46.27,49.04,46%
CVEO,"Civeo Corp","Hotels & Motels",32.19,-0.86%,7,Sell,"24% Buy",+38.84,+42.18%,33.42,33.39,31.88,33.59,37.47,26.53,28.51,91606,Weakest,Weak,26.62%,0.75,32.46,34.73,-12%
FF,"Futurefuel Corp",Biofuels,5.08,-0.78%,5,Sell,"56% Buy",+38.46,+29.26%,4.83,5.27,4.62,5.35,40.48,13.61,47.01,390288,Weakest,Good,14.11%,1.03,5.07,5.62,2%
SAIC,"Science Applications International","IT Services",130.93,-1.27%,1,Buy,"100% Buy",+38.23,+34.05%,116.07,125.66,109.02,130.25,54.29,18.4,17.83,568685,Average,Maximum,64.45%,0.57,124.83,135.67,56%
MBBC,"Marathon Bancorp Inc","Banks - Northeast",15.12,-1.03%,4,Hold,"80% Buy",+37.64,+44.99%,14.82,15.08,14.37,15.17,49.31,29.34,12.12,7808,Weakest,Average,81.30%,0.41,14.95,15.39,40%
SHBI,"Shore Bancshares Inc","Banks - Northeast",22.8,-0.91%,6,Sell,"40% Buy",+37.59,+34.59%,22.45,23.48,21.22,23.16,41.32,18.94,16.72,220426,Weakest,Average,24.64%,1,22.65,23.68,14%
SNEX,"Stonex Group Inc","Finance - Misc Services",65.9,-1.36%,6,Sell,"24% Sell",+37.55,+49.04%,74.72,69.6,69.29,68.18,42.35,33.39,43.63,1055427,Average,Minimum,41.47%,0.98,65.59,70.77,6%
MSM,"Msc Industrial Direct Company","Industrial Services",122.14,+0.76%,7,Hold,"80% Buy",+37.15,+34.32%,118.18,121.83,110.08,120.36,53.32,18.67,32.99,703120,Average,Average,55.67%,0.81,116.89,123.83,76%
CBC,"Central Bancompany Inc Cl A","Banks - Northeast",31.85,-0.66%,3,Sell,"40% Buy",+37.11,N/A,30.66,32.34,28.69,32.03,47.64,N/A,19.81,691903,Weakest,Good,44.79%,0.84,31.26,32.8,38%
CCNE,"Cnb Financial Corp","Banks - Northeast",33.84,-0.73%,5,Sell,"40% Buy",+37.11,+35.74%,33.22,34.4,31.89,34.13,45.87,20.09,17.07,156935,Weakest,Average,31.69%,0.87,33.37,34.9,31%
QUIK,"Quicklogic Corp","Electronics - Semiconductors",10.91,-0.46%,5,Sell,"72% Sell",+37.00,+78.27%,15.53,11.91,13.94,10.7,45.27,62.62,69.29,328354,Strengthening,Soft,80.68%,0.59,10.13,11.27,69%
FCFS,"Firstcash Holdings Inc","Financial Transaction Services",216.95,-0.23%,6,Buy,"56% Buy",+36.92,+41.52%,218.49,215,212.04,220.37,47.73,25.87,23.88,369638,Weakest,Weak,29.40%,0.71,211.6,229.15,31%
IFF,"International Flavors & Fragrances","Chemical - Specialty",85.72,+0.04%,1,Buy,"100% Buy",+36.79,+41.17%,80.05,83.34,77.54,85.09,55.61,25.52,14.96,1852121,Strengthening,Strong,77.37%,1.13,82.81,87.37,64%
AUPH,"Aurinia Pharm Ord","Medical - Drugs",16.52,+0.49%,5,Buy,"88% Buy",+36.76,+25.72%,15.98,15.93,15.68,16.39,53.07,10.07,-8.67,1176229,Strengthening,Weak,51.02%,0.62,15.78,16.99,61%
PDLB,"Ponce Financial Group Inc","Finance - Misc Services",20.21,-0.64%,4,Buy,"72% Buy",+36.73,+36.00%,19.7,20.33,18.79,20.35,47.12,20.35,11.37,76805,Weakest,Good,31.65%,1.04,20.03,20.68,28%
GHM,"Graham Corp","Machinery - General Industrial",87.23,+0.02%,4,Sell,"40% Sell",+36.46,+63.02%,100.73,96.12,96.08,86.01,44.26,47.37,23.57,179238,Average,Soft,61.79%,0.68,82.47,89.54,67%
PBFS,"Pioneer Bancorp Inc","Banks - Northeast",17.72,+0.28%,5,Hold,"80% Buy",+36.35,+35.58%,16.88,17.62,15.94,17.97,48.65,19.93,19.21,15395,Strengthening,Strong,16.82%,0.9,17.4,18.55,28%
PEBK,"Peoples Bancorp NC","Banks - Southeast",43.15,-0.21%,4,Hold,"64% Buy",+36.35,+38.39%,42.95,43.64,41.72,43.72,45.75,22.74,6.96,29185,Weakest,Average,32.54%,0.37,42.68,44.77,22%
CASS,"Cass Information Sys","Computer - Services",54.25,+0.22%,1,Sell,"40% Buy",+36.21,+34.32%,52.4,55.93,50.12,55.19,39.87,18.67,18.42,81729,Weakening,Average,18.34%,0.99,53.93,56.45,13%
PKE,"Park Electrochemical Corp","Aerospace - Defense Equipment",29.78,-1.10%,1,Sell,"40% Sell",+36.16,+53.27%,33.81,33.44,32.48,30.84,37.09,37.62,27.31,277389,Weakening,Weak,25.26%,0.94,29.19,32.5,18%
MD,"Pediatrix Medical Group Inc","Medical Services",25.93,-1.44%,4,Sell,"56% Buy",+36.08,+59.08%,25.11,26.37,23.77,26.4,46.14,43.43,8.98,801338,Weakest,Average,33.05%,0.84,25.42,27.38,26%
RS,"Reliance Inc","Mining - Misc",391.53,+1.10%,5,Sell,"8% Buy",+35.75,+37.89%,391.89,399.84,367.78,391.75,48.8,22.24,23.3,346855,Weakest,Weak,26.63%,0.56,380.48,403.03,49%
FRAF,"Franklin Finl Svcs Corp","Banks - Northeast",62.75,+0.16%,5,Hold,"64% Buy",+35.64,+31.08%,61.34,62.92,58.59,62.97,49.47,15.43,12.76,41319,Average,Average,47.95%,2.11,61.36,64.57,43%
GPRE,"Green Plains Inc","Chemical - Specialty",14.8,-0.80%,6,Sell,"40% Sell",+35.57,+60.69%,15.77,15.63,15.8,15.05,44.51,45.04,38.78,1484263,Average,Minimum,34.53%,0.58,14.42,15.68,30%
CCO,"Clear Channel Outdoor Holdings","Advertising Marketing Services",2.36,0.00%,10,Sell,"32% Sell",+35.38,+59.46%,2.39,2.38,2.39,2.37,43.36,43.81,-5.45,6801496,Weakest,Weak,38.10%,0.56,2.35,2.4,20%
UVSP,"Univest Corp of Penn","Banks - Northeast",41.6,-1.33%,8,Sell,"24% Buy",+35.34,+35.81%,42.05,42.78,39.79,42.12,41.9,20.16,14.82,205574,Weakest,Weak,25.97%,0.76,41.15,43.1,23%
PSMT,"Pricesmart Inc","Retail - Discount",172.97,-1.01%,5,Sell,"8% Buy",+35.25,+43.02%,177.39,177.28,169.16,171.16,49.86,27.37,28.76,246545,Weakest,Weak,58.94%,0.98,166.72,175.61,70%
MLR,"Miller Industries","Auto - Truck Original Parts",54.03,-0.02%,1,Hold,"64% Buy",+35.23,+36.89%,51.4,54.16,49.52,54.7,45.93,21.24,32.34,83800,Weakening,Strong,37.77%,0.82,53.37,56.03,25%
ECBK,"ECB Bancorp Inc","Banks - Northeast",21.23,+2.56%,3,Hold,"96% Buy",+35.04,+32.11%,19.87,20.64,19.05,20.86,55.98,16.46,9.84,11250,Strengthening,Strong,55.86%,1.35,20.21,21.51,78%
TSBK,"Timberland Bancorp","Finance - Savings & Loan",45.02,-0.86%,2,Hold,"64% Buy",+34.97,+31.64%,43.83,45.53,42.48,45.91,42.84,15.99,13.51,31046,Weakest,Good,20.69%,0.64,44.65,47.18,15%
THC,"Tenet Healthcare Corp","Medical - Hospitals",257.93,-0.69%,2,Sell,"72% Buy",+34.95,+27.69%,220.92,256.92,215.76,261.79,48.43,12.04,17.56,1149365,Average,Strong,30.78%,0.56,253.45,270.13,27%
LGN,"Legence Corp. Cl A","Engineering & R&D Services",53.41,+1.69%,2,Sell,"88% Sell",+34.91,+68.65%,71.54,59.78,68.65,53.74,43.37,53,11.85,1410995,Weakening,Average,26.46%,0.86,50.74,56.75,44%
ENS,"Enersys Inc","Machinery - Electrical",177.98,-0.51%,1,Sell,"88% Sell",+34.55,+59.42%,204.61,186.17,196.99,178.13,44.18,43.77,9.04,482215,Strengthening,Average,63.57%,0.82,170.96,185.29,49%
VREX,"Varex Imaging Corp","Medical Products",18.46,+0.05%,5,Buy,"88% Buy",+34.55,+53.07%,13.38,16.34,12.78,18.48,79.17,37.42,46.21,514806,Average,Strong,27.27%,0.47,18.43,18.53,29%
CLH,"Clean Harbors","Waste Removal Svcs",313.26,+0.07%,6,Buy,"72% Buy",+34.28,+35.05%,303.55,314.34,300.87,316.47,46.92,19.4,21.36,483375,Weakening,Average,26.77%,0.79,310.21,322.73,24%
GEF,"Greif Bros Corp","Containers - Paper Products",81.62,-1.26%,3,Sell,"40% Buy",+34.22,+37.43%,76.36,84.37,73.57,83.34,41.25,21.78,8.32,251387,Weakest,Good,46.38%,1.19,81.01,85.67,13%
GCO,"Genesco Inc","Retail - Apparel & Shoes",34.89,+1.01%,4,Sell,"8% Buy",+33.95,+15.30%,35.56,35.46,33.67,34.12,52.27,-0.35,28.62,223996,Weakest,Weak,54.10%,0.58,32.44,35.8,73%
PARK,"Park Dental Partners Inc","Medical Services",19.77,-0.70%,2,Hold,"64% Buy",+33.94,N/A,19.68,20.4,19.03,20.49,43.38,N/A,21.7,36421,Weakest,Good,20.62%,0.66,19.61,21.38,9%
SLAB,"Silicon Labs Inc","Semi Analog & Mixed",221.03,-0.09%,5,Buy,"100% Buy",+33.62,+69.19%,218.56,218.96,215.34,220.29,58.18,53.54,56.87,481556,Average,Average,78.50%,0.5,218.66,221.93,73%
BIO,"Bio-Rad Laboratories","Medical Products",377.69,-0.87%,2,Buy,"88% Buy",+33.42,+39.18%,323.75,360.52,308.11,379.56,53.46,23.53,12.41,305530,Weakening,Strong,66.39%,0.95,367.87,391.25,42%
FATE,"Fate Therapeutics","Medical - Biomedical",2.38,+1.28%,6,Sell,"16% Buy",+33.40,+138.00%,2.43,2.5,2.06,2.43,45.32,122.35,129.97,2402532,Weakest,Weak,20.08%,0.68,2.27,2.58,35%
USCB,"Uscb Financial Hldgs Inc","Banks - Southeast",22.65,+0.09%,6,Hold,"80% Buy",+33.34,+29.43%,20.82,22.41,20.18,22.9,49.18,13.78,10.72,58312,Average,Strong,25.74%,0.86,22.25,23.54,31%
FNLC,"First Bancorp Inc","Banks - Northeast",34.3,-0.15%,8,Sell,"40% Buy",+33.22,+27.99%,33.01,34.9,31.45,34.76,44.35,12.34,17.49,26303,Weakest,Average,34.34%,1.56,33.85,35.67,25%
NDLS,"Noodles & Company","Retail - Restaurants",13.45,+6.66%,3,Sell,"8% Buy",+33.14,+171.61%,13.91,14.92,11.99,13.67,45.15,155.96,125.9,61483,Weakest,Weak,16.14%,1.06,12.63,14.71,39%
RHP,"Ryman Hospitality Properties REIT","REIT - Equity Trust Other",122.09,+0.52%,1,Sell,"24% Buy",+32.94,+31.68%,122.69,126.05,114.36,122.05,46.06,16.03,16.79,600490,Weakest,Weak,55.39%,0.63,119.23,124.87,51%
LXP,"Lxp Industrial Trust","REIT - Equity Trust Resident",60.91,+0.05%,3,Buy,"100% Buy",+32.76,+34.31%,57.03,60.79,54.27,60.82,61.76,18.66,10.61,629570,Average,Strong,65.81%,1.43,60.7,60.94,87%
RGA,"Reinsurance Group of America Inc","Insurance - Life",252.97,+1.74%,4,Buy,"100% Buy",+32.61,+32.40%,229.09,244.35,222.02,248.27,62.81,16.75,12.09,374536,Strongest,Maximum,57.47%,1.47,242.26,254.27,89%
BSRR,"Sierra Bancorp","Banks - West",39.77,-0.33%,6,Sell,"24% Buy",+32.57,+34.13%,39.96,40.48,38.29,40.28,43.96,18.48,9.46,60498,Weakest,Soft,29.29%,0.66,39.23,41.34,26%
IFS,"Intercorp Financial Services Inc","Finance - Misc Services",55.52,-1.30%,5,Sell,"56% Buy",+32.57,+38.25%,54.48,56.28,52.16,55.2,50.71,22.6,18.83,265530,Weakest,Average,71.26%,1.03,54.05,56.36,64%
RCKY,"Rocky Brands Inc","Shoes and Related Apparel",45.03,-0.16%,1,Sell,"56% Buy",+32.24,+51.36%,41.87,45.3,41.75,44.07,53.86,35.71,41.29,54978,Weakening,Average,81.32%,1.01,42.58,45.56,82%
PCB,"Pcb Bancorp","Banks - Southwest",27.59,-0.43%,6,Sell,"40% Buy",+32.21,+30.20%,27.13,27.97,25.76,27.72,47.07,14.55,15.2,30278,Weakest,Average,37.31%,1.16,27.18,28.26,38%
LITB,"Lightinthebox Holding Ltd ADR","Internet Services - Delivery",2.99,-2.45%,4,Sell,"24% Buy",+32.16,+56.96%,3.06,3.09,2.83,3.07,46.23,41.31,21.24,10795,Weakest,Weak,17.51%,0.52,2.93,3.21,22%
SIBN,"Si-Bone Inc","Medical Instruments",18.76,+0.91%,3,Sell,"88% Buy",+32.08,+33.52%,16.96,18.5,15.85,18.58,53.15,17.87,-17.11,597784,Strengthening,Strong,59.95%,0.86,18.04,19.12,67%
SMBC,"Southern MO Bancorp","Finance - Savings & Loan",71.5,-1.05%,3,Sell,"8% Buy",+31.81,+31.68%,73.37,75.01,70.48,72.73,35.81,16.03,8.7,84589,Weakening,Weak,26.51%,0.58,71.2,74.26,10%
FNRN,"First Northern Community Bancorp","Banks - West",17.24,+0.41%,5,Sell,"8% Buy",+31.34,+35.53%,17.63,17.52,16.8,17.17,48.77,19.88,16.8,83525,Weakest,Weak,33.63%,0.78,16.77,17.58,58%
CZNC,"Citizens Nrthn Corp","Banks - Northeast",25.56,-0.54%,5,Sell,"72% Buy",+31.32,+28.44%,23.66,25.42,23.31,25.76,48.8,12.79,14.48,57276,Average,Strong,36.03%,1.06,25.25,26.27,31%
HVT,"Haverty Furniture Companies","Retail - Home Furniture",27.83,-0.43%,5,Buy,"100% Buy",+30.87,+23.96%,25.44,27.34,24.35,27.64,53.11,8.31,6.9,109207,Strengthening,Strong,46.97%,0.85,26.91,28.37,63%
MYFW,"First Western Financial Inc","Banks - Midwest",30.52,-0.03%,5,Sell,"8% Buy",+30.74,+34.87%,30.82,31.25,29.09,30.78,44.55,19.22,1.6,41927,Weakest,Weak,17.32%,0.55,30.18,31.38,28%
NWFL,"Norwood Financial Corp","Banks - Northeast",33.9,+0.36%,3,Sell,"56% Buy",+30.67,+30.38%,32.37,33.91,31.5,34.4,46.68,14.73,8.62,32265,Strengthening,Strong,30.44%,1.48,33.45,35.35,24%
PEBO,"Peoples Bancorp Inc","Banks - Southeast",39.11,-0.28%,6,Sell,"40% Buy",+30.65,+28.57%,38.14,40.17,36.46,39.43,44.27,12.92,18,274165,Weakest,Average,40.29%,0.73,38.6,40.26,31%
ITRN,"Ituran Location","Protection - Safety",51.73,+0.08%,9,Sell,"72% Sell",+30.62,+47.46%,56.88,52.9,55.28,51.79,46.31,31.81,8.03,127983,Strengthening,Soft,41.38%,0.52,50.74,52.83,47%
IA,"Innovative Solutions and Support","Aerospace - Defense Equipment",18.9,+0.05%,1,Sell,"56% Sell",+30.33,+59.49%,18.78,19.66,20.69,18.51,48.76,43.84,-12.45,500152,Weakening,Weak,44.25%,0.86,17.93,19.09,84%
WELL,"Welltower Inc","REIT - Equity Trust Other",232.96,+0.69%,2,Sell,"40% Buy",+30.33,+33.20%,227.68,236.97,220.59,234.53,47.73,17.55,13.27,3220035,Weakest,Average,36.47%,0.82,228.08,240.98,38%
QCRH,"Qcr Holdings Inc","Banks - Midwest",99.98,-0.93%,5,Sell,"40% Buy",+30.26,+30.27%,97.79,101.73,94.29,101,44.56,14.62,7.78,110139,Weakest,Average,45.23%,0.62,98.41,103.58,30%
DCOM,"Dime Commercial Bancshares Inc","Banks - Southeast",39.59,-1.93%,4,Sell,"40% Buy",+30.21,+30.19%,39.51,40.51,37.74,40.51,39.99,14.54,19.33,300781,Weakest,Average,20.76%,0.76,39.63,41.38,-2%
HST,"Host Marriott Financial Trust","REIT - Equity Trust Other",22.66,+1.07%,4,Sell,"8% Buy",+29.90,+29.12%,23.25,23.07,22.13,22.11,54.81,13.47,15.57,8815813,Weakest,Weak,74.01%,1.05,21.65,22.58,109%
SNDA,"Sonida Senior Living Inc","Medical Services",37.61,-0.27%,6,Sell,"16% Buy",+29.87,+36.22%,38.47,39.47,37.19,38.46,40.27,20.57,3.09,459763,Weakest,Weak,11.15%,0.6,36.74,40.18,25%
SII,"Sprott Inc","Finance - Investment Mgmt",120.35,-3.21%,2,Hold,"48% Sell",+29.66,+47.20%,121.71,121.07,129.37,127.72,42.32,31.55,10.67,205954,Average,Weak,16.90%,0.67,121.38,134.06,-8%
SNOW,"Snowflake Cl A","Internet - Software",328.12,-2.33%,2,Buy,"88% Buy",+29.60,+46.06%,270.68,318.22,232.8,332.12,50.08,30.41,37.34,6427839,Weakening,Strong,45.76%,0.92,313.54,350.71,39%
JAN,"Janus Living Inc Cl A-1","REIT - Equity Trust Resident",30.04,-0.03%,6,Sell,N/A,+29.43,N/A,28.9,30.54,0,30.53,46.13,N/A,N/A,N/A,N/A,N/A,30.21%,1.08,29.45,31.62,27%
FUSB,"First US Bancshares Inc","Banks - Southeast",16.45,+0.06%,5,Sell,"48% Buy",+29.19,+32.77%,16.38,16.51,16.05,16.5,48.73,17.12,5.51,9627,Weakest,Weak,64.25%,0.45,16.21,16.79,41%
STBA,"S&T Bancorp Inc","Banks - Northeast",49.11,-1.43%,7,Sell,"40% Buy",+29.19,+28.33%,48.64,50.59,46.58,49.81,42.22,12.68,12.56,251910,Weakest,Average,30.35%,1.15,48.9,50.72,12%
JAKK,"Jakks Pacific Inc","Toys & Game & Hobby",25.25,-0.04%,2,Sell,"72% Buy",+29.18,+36.12%,23.76,25.08,22.91,24.46,57.89,20.47,37.35,89682,Weakening,Good,80.16%,0.93,23.65,25.26,99%
BHB,"Bar Harbor Bankshares","Banks - Northeast",39.21,+0.64%,8,Sell,"56% Buy",+29.16,+26.48%,37.95,39.76,36.36,39.98,43.28,10.83,14.04,109512,Weakest,Good,35.32%,0.95,38.84,41.11,16%
AGIO,"Agios Pharmaceuticals","Medical - Biomedical",33.42,+2.58%,4,Hold,"48% Buy",+29.01,-14.15%,33.24,33.82,32.04,33.57,48.78,-29.8,10.54,1102570,Weakening,Weak,39.87%,1.24,32.34,34.8,44%
TPC,"Tutor Perini Corp","Building - Heavy Construction",83.98,+0.01%,3,Sell,"40% Buy",+28.99,+29.86%,82.76,88.11,81.69,86.25,42.79,14.21,13.07,607295,Weakening,Weak,16.67%,0.56,82.67,89.82,18%
DV,"Doubleverify Holdings Inc","Internet - Software",13.4,-0.07%,3,Buy,"88% Buy",+28.90,+12.70%,11.63,12.78,11.19,13.41,61.81,-2.95,4.89,3107703,Average,Strong,22.22%,0.62,13.3,13.52,47%
FDBC,"Fidelity D & D Bancorp Inc","Banks - Northeast",54.84,-1.61%,10,Buy,"100% Buy",+28.88,+23.60%,51.26,53.95,49.01,54.71,51.3,7.95,13.74,9625,Strengthening,Strong,55.25%,0.79,52.86,56.56,54%
KO,"Coca-Cola Company","Beverages - Soft",87.18,-0.72%,3,Buy,"72% Buy",+28.88,+32.75%,84.33,87.59,81.91,88.15,44.98,17.1,12.46,16824791,Weakening,Strong,19.97%,0.94,87.1,89.19,4%
KIDS,"Orthopediatrics Corp","Medical Instruments",22.58,+0.13%,2,Hold,"80% Buy",+28.87,+23.52%,20.54,22.52,19.26,22.46,49.54,7.87,14.9,174736,Average,Strong,63.35%,0.72,21.47,23.45,56%
LXFR,"Luxfer Holdings Plc","Machinery - General Industrial",17.28,+0.17%,6,Buy,"100% Buy",+28.81,+23.43%,17.1,17.12,15.67,17.24,56.96,7.78,15.48,227448,Average,Average,40.54%,0.46,17.16,17.32,77%
FXNC,"First Natl Corp Strasburg VA","Banks - Northeast",29.98,+2.04%,4,Sell,"40% Buy",+28.78,+29.56%,29.82,30.89,28.98,30.65,43.06,13.91,6.54,57861,Weakening,Soft,38.63%,2.24,29.4,31.9,23%
NBN,"Northeast Bncp","Finance - Savings & Loan",126.26,-3.06%,7,Sell,"24% Buy",+28.75,+23.00%,128.58,130.66,124.32,130.55,39.97,7.35,9.25,122191,Weakest,Weak,21.48%,1.16,125.59,135.51,7%
ECG,"Everus Construction Group Inc","Building & Construction - Misc",116.66,-0.24%,4,Sell,"56% Sell",+28.72,+39.96%,137.2,124.02,133.11,115.25,46.76,24.31,24.11,609484,Weakening,Soft,59.93%,0.64,109.98,120.53,63%
NECB,"Northeast Community Bancorp","Banks - Northeast",26.63,-0.52%,9,Hold,"64% Buy",+28.67,+27.60%,26.09,26.76,25.42,26.84,46.87,11.95,5.54,43095,Weakest,Average,32.51%,0.93,26.24,27.45,32%
ACOG,"Alpha Cognition Inc","Medical - Biomedical",8.6,+1.53%,4,Sell,"56% Buy",+28.52,+21.47%,7.75,8.86,7.19,8.94,44.63,5.82,20.07,80853,Weakest,Good,18.18%,0.49,8.32,9.57,23%
BGC,"Bgc Partners Cl A","Finance - Investment Brokers",11.77,-0.59%,4,Buy,"88% Buy",+28.52,+24.29%,11.4,11.63,11.03,12.1,46,8.64,19.56,2912036,Weakest,Good,40.14%,0.88,11.78,12.42,-2%
GSBC,"Great Southern Bncp","Finance - Savings & Loan",77.99,-1.17%,6,Sell,"40% Buy",+28.48,+25.04%,76.73,79.56,72.65,79.16,41.98,9.39,14.45,86370,Weakest,Average,26.03%,0.64,77.56,80.76,13%
SAFT,"Safety Ins Group Inc","Insurance - Proprty & Casualty",103.57,+0.06%,2,Buy,"100% Buy",+28.45,+45.48%,86.8,101,82.74,103.43,72.23,29.83,20.7,130104,Strengthening,Strong,53.26%,0.42,103.07,103.78,70%
MFIN,"Medallion Fin Corp","Finance - SBIC & Commercial",12.05,+0.75%,4,Hold,"96% Buy",+28.41,+14.98%,10.52,11.28,10.08,11.98,57.2,-0.67,4.86,65879,Strongest,Maximum,63.98%,0.9,11.68,12.28,62%
BCH,"Banco DE Chile ADR","Banks - Foreign",41.45,-1.40%,3,Buy,"72% Buy",+28.28,+38.17%,39.98,41.49,39.53,41.76,48.66,22.52,-3.16,349208,Weakening,Weak,55.96%,0.66,40.72,42.79,35%
KELYB,"Kelly Services Inc Cl B",Staffing,22.59,+1.80%,2,Hold,"80% Buy",+28.08,+56.33%,19.63,22.37,17.92,22.86,49.95,40.68,147.27,20778,Strengthening,Strong,17.66%,2.2,21.56,24.17,40%
CERS,"Cerus Corp","Medical Products",2.45,-6.49%,3,Sell,"24% Sell",+28.02,+70.14%,2.72,2.66,2.48,2.57,40.45,54.49,6.69,2119409,Average,Minimum,47.79%,0.67,2.44,2.7,3%
WTS,"Watts Water Technologies","Machinery - General Industrial",358.01,+0.06%,2,Sell,"56% Buy",+27.71,+28.59%,344.81,360.74,330.65,355.01,50.27,12.94,17.46,257578,Weakening,Average,53.88%,0.6,346.03,364,67%
BUSE,"First Busey Corp","Banks - Midwest",29.76,-1.10%,3,Sell,"40% Buy",+27.45,+24.00%,29.23,30.42,28.06,30.21,41.91,8.35,12.85,691209,Weakest,Average,37.94%,1.03,29.6,30.82,13%
KOF,"Coca Cola Femsa S.A.B. DE C.V. ADR","Beverages - Soft",108.77,-1.32%,4,Hold,"64% Buy",+27.34,+29.15%,108.04,109.97,105.9,110.95,43.62,13.5,2.61,162223,Weakest,Weak,18.74%,0.6,108.61,113.29,3%
BVFL,"Bv Financial Inc MD","Banks - Northeast",20.88,+0.05%,4,Sell,"56% Buy",+27.25,+27.08%,20.8,21.19,20.32,21.21,46.4,11.43,2.86,17824,Weakening,Soft,37.80%,0.63,20.56,21.85,25%
MCBS,"Metrocity Bankshares Inc","Banks - Southeast",34.88,-0.29%,4,Sell,"40% Buy",+26.98,+21.58%,34.73,35.48,33.1,35.13,45.57,5.93,19.18,83856,Weakest,Average,35.09%,1,34.44,35.82,32%
CZWI,"Citizens Community","Finance - Savings & Loan",21.12,-1.03%,4,Buy,"24% Buy",+26.93,+28.94%,21.61,21.55,20.91,21.57,43.5,13.29,6.28,56640,Weakest,Weak,12.77%,0.9,20.76,22.37,22%
GABC,"German Amer Bncp Inc","Banks - Midwest",49.35,-0.30%,4,Sell,"40% Buy",+26.79,+23.41%,47.43,49.78,45.67,49.39,49.01,7.76,13.72,150223,Weakest,Good,48.55%,0.81,48.66,50.12,47%
ST,"Sensata Technologies Holding N.V.","Industrial Controls",41.74,-1.07%,5,Sell,"24% Sell",+26.75,+38.21%,45.89,43.87,43,41.96,45.48,22.56,13.14,1840969,Weakest,Minimum,30.82%,0.63,40.69,43.23,41%
MPTI,"M-Tron Industries Inc","Engineering & R&D Services",75.44,+1.88%,5,Sell,"8% Sell",+26.45,+44.69%,83.68,80,77.74,75.3,45.85,29.04,29.51,108210,Weakest,Minimum,27.16%,0.45,71.71,78.89,52%
AFRI,"Forafric Global Plc","Agriculture Operations",11.15,+1.64%,2,Buy,"100% Buy",+26.35,+25.28%,10.48,10.84,10.24,11.1,53.85,9.63,-11.15,17576,Strongest,Good,21.01%,0.63,10.89,11.32,61%
U,"Unity Software Inc","Internet - Software",39.86,-4.07%,3,Sell,"56% Buy",+26.21,-6.78%,34.35,40.33,30.23,42.2,41.64,-22.43,-22.,12470946,Weakening,Average,33.75%,0.94,40.07,44.32,-5%
BCAL,"California Bancorp","Banks - Southwest",21.59,-0.23%,8,Buy,"88% Buy",+26.13,+27.53%,20.61,21.47,19.79,21.66,50.38,11.88,3.4,221410,Average,Strong,25.65%,0.66,21.19,22.13,43%
PHOE,"Phoenix Asia Holdings Limited","Building - Heavy Construction",18.95,-5.20%,2,Sell,"24% Buy",+26.09,+116.57%,19.62,21.22,18.58,20.04,44.47,100.92,6.2,51567,Weakest,Weak,12.22%,0.76,18.34,21.74,18%
HOPE,"Hope Bancorp Inc","Banks - West",13.64,-1.37%,4,Sell,"40% Buy",+26.03,+25.37%,13.42,13.96,12.84,13.88,41.63,9.72,12.21,981739,Weakest,Average,32.91%,0.76,13.58,14.18,9%
NIC,"Nicolet Bankshares Inc","Banks - Northeast",166.75,-0.98%,3,Sell,"40% Buy",+25.97,+24.28%,160.75,171.11,157.2,168.84,43.13,8.63,25.23,207999,Weakest,Good,37.74%,0.85,164.4,173.27,27%
ADEA,"Adeia Inc","Technology Services",24.92,-2.20%,3,Sell,"40% Sell",+25.93,+48.07%,28.11,26.56,27.22,25.48,43.55,32.42,32.22,1368250,Average,Weak,25.43%,0.7,23.91,27.05,32%
CIVB,"Civista Bncshrs","Banks - Midwest",26.71,-1.29%,3,Sell,"8% Buy",+25.87,+29.28%,27.24,27.9,25.98,27.22,38.49,13.63,7.97,116055,Weakest,Weak,39.74%,0.81,26.64,27.8,6%
JOE,"St. Joe Company","Real Estate Developers",65.99,+1.06%,1,Sell,"24% Buy",+25.49,+33.75%,64.57,65.47,65.58,65.02,52.92,18.1,-1.09,240247,Weakening,Minimum,58.93%,0.79,63.3,66.74,78%
MUSA,"Murphy USA Inc","Retail - Convenience Stores",520.12,+1.68%,2,Sell,"8% Sell",+25.49,+32.54%,558.4,552.81,533.23,519.03,46.63,16.89,16.66,321194,Weakest,Minimum,57.26%,0.74,504.09,533.97,54%
HAFC,"Hanmi Financial Corp","Banks - West",31.6,-1.56%,13,Buy,"72% Buy",+25.20,+25.85%,31.42,31.8,30.02,31.82,46.56,10.2,4.67,278003,Weakening,Average,48.84%,0.82,31.06,32.58,36%
CATY,"Cathay Genl Bncp","Banks - West",60.74,-1.16%,5,Sell,"24% Buy",+25.01,+25.01%,60.93,62.53,57.76,61.68,40.88,9.36,13.28,471137,Weakest,Weak,30.71%,0.9,60.35,63.01,15%
HURC,"Hurco Cos Inc","Machinery - Tools & Related",21.99,+1.57%,2,Sell,"64% Buy",+24.90,+26.45%,20.97,21.99,19.31,22.08,48.98,10.8,30.09,28149,Average,Average,28.06%,1.15,20.89,23.28,46%
HWBK,"Hawthorn Bancshares","Banks - Northeast",38.54,+1.00%,5,Sell,"40% Buy",+24.66,+22.62%,38.22,39.08,36.72,38.98,45.81,6.97,-1.75,11197,Weakening,Average,59.11%,0.76,37.75,40.2,32%
SRBK,"Sr Bancorp Inc","Banks - Northeast",19.08,-0.63%,5,Sell,"24% Buy",+24.66,+26.19%,19.24,19.62,18.64,19.51,38.06,10.54,8.98,37956,Weakening,Soft,22.84%,0.81,19.15,19.88,-9%
NBBK,"Nb Bancorp Inc","Banks - Northeast",22.56,-0.18%,6,Buy,"72% Buy",+24.62,+24.43%,21.48,22.57,21.37,22.7,48.89,8.78,1.58,301729,Average,Average,31.02%,0.88,22.2,23.21,36%
CWBC,"Community West Bank","Finance - Misc Services",26.34,-1.61%,5,Buy,"100% Buy",+24.44,+24.83%,25.6,25.95,24.85,26.14,53.7,9.18,4.83,239777,Strengthening,Good,79.99%,1.11,25.53,26.74,67%
REX,"Rex American Resources Corp","Chemical - Specialty",42.61,-0.54%,8,Hold,"16% Sell",+24.29,+36.88%,44.88,43.26,44.11,42.54,47.7,21.23,19.6,199249,Weakening,Minimum,50.00%,1.16,40.95,44.13,52%
LCNB,"Lcnb Corp","Banks - Northeast",18.82,-0.05%,4,Sell,"40% Buy",+24.03,+19.80%,18.28,19.5,17.67,19.03,45.56,4.15,2.59,31177,Weakest,Average,32.37%,0.62,18.47,19.59,31%
RNR,"Renaissancere Holdings Ltd","Insurance - Proprty & Casualty",324.9,-0.21%,3,Hold,"64% Buy",+24.02,+29.64%,313.54,325.28,309.56,327.98,47.43,13.99,3.32,349469,Weakest,Average,49.10%,0.82,321.32,334.65,27%
EQIX,"Equinix Inc","REIT - Equity Trust Retail",1011.07,+0.30%,5,Sell,"24% Sell",+23.92,+27.93%,1053.21,1044.68,1039.61,1029.67,42.89,12.28,19.73,590682,Average,Minimum,38.34%,0.84,997.24,1062.09,21%
AII,"American Integrity Insurance Group Inc","Insurance - Proprty & Casualty",24.98,-0.83%,6,Hold,"80% Buy",+23.91,+13.65%,20.74,23.68,20.25,25.89,47.62,-2.,7.68,143708,Weakening,Strong,22.66%,0.62,24.93,26.85,3%
UBSI,"United Bkshs Inc","Banks - Southeast",46.72,-0.30%,5,Sell,"40% Buy",+23.83,+25.09%,46.14,47.75,44.75,47.08,44.32,9.44,9.43,949056,Weakest,Average,30.02%,0.99,46.19,47.98,30%
OFG,"OFG Bancorp","Banks - Northeast",51.2,-1.42%,3,Sell,"40% Buy",+23.75,+14.59%,49.79,52.45,47.11,52.32,39.14,-1.06,12.7,319924,Weakest,Average,17.21%,0.97,51.31,53.32,-6%
NXPL,"Nextplat Corp","Internet Commerce",9.2,+2.11%,2,Buy,"100% Buy",+23.58,+8.86%,7.26,7.98,6.6,9.18,57.09,-6.79,60.04,63014,Strongest,Maximum,29.73%,0.04,8.7,9.65,52%
WABC,"Westamerica Bancorp","Banks - West",59.38,-2.13%,8,Buy,"72% Buy",+23.52,+18.64%,58.23,59.43,56.26,59.35,49.89,2.99,11.91,187389,Weakening,Good,66.93%,1.49,57.84,60.85,51%
RXO,"Rxo Inc","Transportation - Services",20.15,+1.82%,1,Sell,"8% Sell",+23.22,+34.87%,23.6,21.77,21.02,19.93,46.01,19.22,47.17,2171076,Weakest,Minimum,51.92%,0.8,19.02,20.83,62%
MPB,"Mid Penn Bancorp Inc","Banks - Northeast",36.04,-0.74%,5,Sell,"40% Buy",+23.15,+22.63%,35.28,37.14,34.4,36.71,40,6.98,3.94,142171,Weakest,Average,22.69%,0.68,35.86,37.55,11%
SHO,"Sunstone Hotel Investors","REIT - Equity Trust Other",11.3,+0.98%,3,Hold,"64% Buy",+23.08,+17.22%,11.2,11.24,10.59,11.05,60.23,1.57,14.16,2162667,Weakening,Average,82.46%,0.81,10.86,11.23,117%
NBTB,"NBT Bancorp Inc","Banks - Northeast",50.82,-1.45%,5,Sell,"40% Buy",+22.91,+19.46%,49.79,52.09,47.62,51.38,43.88,3.81,10.16,293993,Weakest,Average,34.96%,1.35,50.38,52.39,22%
MNSB,"Mainstreet Bank","Banks - Northeast",24.76,-0.28%,4,Buy,"88% Buy",+22.45,+17.74%,24.15,24.56,23.66,25.08,47.02,2.09,9.37,45666,Weakest,Good,40.49%,0.49,24.49,25.67,23%
KRO,"Kronos Worldwide Inc","Chemical - Diversified",8.13,-1.45%,1,Buy,"88% Buy",+22.41,+41.88%,7.28,7.85,6.93,8.32,49.02,26.23,71.7,362882,Weakening,Strong,28.57%,0.75,7.84,8.79,30%
MET,"Metlife Inc","Insurance - Multi Line",95.82,-1.92%,3,Buy,"72% Buy",+22.30,+17.40%,90.83,96.31,85.03,96.8,46.83,1.75,9.14,3635660,Weakest,Strong,52.83%,0.94,94.59,99.02,28%
NWBI,"Northwest Bancshares","Finance - Savings & Loan",15.12,-1.24%,5,Sell,"40% Buy",+22.29,+20.77%,14.97,15.49,14.29,15.37,42.04,5.12,13.76,1129724,Weakest,Average,32.07%,1.03,15.05,15.7,11%
ORRF,"Orrstown Finl Svcs","Banks - Northeast",41.48,-0.69%,6,Sell,"40% Buy",+22.27,+19.88%,40.46,42.35,39.09,42.03,44.34,4.23,4.87,172786,Weakest,Average,31.32%,0.75,41.07,42.98,21%
CBNK,"Capital Bancorp Inc","Banks - Northeast",36.12,+0.19%,3,Sell,"40% Buy",+22.25,+12.52%,34.9,36.66,33.38,36.2,47.7,-3.13,15.98,60023,Weakening,Average,36.67%,1.02,35.6,36.81,43%
FUNC,"First United Corp","Banks - Northeast",43.84,+1.27%,7,Sell,"56% Buy",+22.24,+15.01%,42.57,44.11,40.69,43.71,50.57,-0.64,4.85,20104,Average,Average,51.56%,1.25,42.43,44.98,55%
VMD,"Viemed Healthcare Inc","Medical Products",9.11,+2.24%,4,Sell,"56% Sell",+21.99,+35.77%,10.09,9.65,9.85,8.88,50.84,20.12,10.37,284469,Weakening,Soft,69.30%,0.91,8.67,9.09,104%
SMTI,"Sanara Medtech Inc","Medical Products",35.1,+0.11%,7,Buy,"100% Buy",+21.57,+10.20%,27.92,33.27,24.91,35,69.05,-5.45,38.08,121649,Average,Maximum,62.66%,0.3,34.71,35.3,66%
HOFT,"Hooker Furnishings Corp",Furniture,13.11,-0.23%,4,Sell,"40% Sell",+21.51,+16.33%,14.06,13.81,13.71,13.08,45.15,0.68,3.88,50489,Average,Weak,50.55%,0.65,12.46,13.7,52%
SGC,"Superior Uniform Group","Textile - Apparel",12.55,-2.56%,7,Hold,"24% Buy",+21.50,+17.18%,12.7,12.7,12,12.46,49.7,1.53,17.41,46119,Weakest,Weak,80.40%,0.94,12.08,12.84,62%
FSEA,"First Seacoast Bancorp Inc","Banks - Northeast",17.25,+0.06%,3,Buy,"100% Buy",+21.36,+50.00%,16.89,17.09,15.44,17.19,71.69,34.35,18.44,15295,Average,Good,86.67%,9.87,17.14,17.23,124%
OVLY,"Oak Valley Bancp CA","Banks - West",34.28,+0.32%,5,Hold,"80% Buy",+21.28,+17.08%,33.77,33.94,33.51,34.33,50.95,1.43,1.8,30597,Strengthening,Soft,32.99%,0.78,33.63,35.03,46%
NEU,"Newmarket Corp","Chemical - Specialty",912.44,+1.60%,1,Hold,"96% Buy",+20.85,+9.91%,823.15,882.88,761.49,889.9,60.43,-5.74,20.52,128516,Strongest,Strong,81.74%,0.89,866.19,913.61,98%
SLP,"Simulations Plus Inc","Computer - Software",18.48,+0.11%,7,Buy,"100% Buy",+20.81,+24.11%,17.55,18.37,16.01,18.43,68.03,8.46,-10.87,346772,Strengthening,Average,95.24%,0.53,18.39,18.47,118%
CHE,"Chemed Inc","Medical - Outpatient & Hm Care",514.3,+0.42%,2,Sell,"56% Buy",+20.79,+11.26%,485.97,523.31,456.67,511.36,51.02,-4.39,7.96,202914,Weakening,Good,40.45%,1.32,493.95,528.78,58%
BVN,"Compania Mina Buenaventura S.A. ADR","Mining - Silver",32.05,-3.38%,2,Sell,"40% Sell",+20.74,+37.91%,33.02,33.4,33.85,33.82,41.65,22.26,2.92,1433328,Average,Weak,21.91%,1.36,32.28,35.36,-7%
VCEL,"Vericel Corporation","Medical - Biomedical",40.24,+1.33%,3,Sell,"24% Buy",+20.67,+33.11%,40.9,42.56,38.6,39.68,48,17.46,-0.49,578203,Weakening,Weak,66.85%,1.29,38.19,41.17,69%
TECH,"Bio-Techne Corp","Medical - Biomedical",72.51,-0.14%,3,Buy,"100% Buy",+20.45,+39.85%,64.74,72.21,61.4,72.37,61.09,24.2,11.06,3225234,Weakening,Strong,79.23%,1.23,72.08,72.66,74%
FCAP,"First Capital Inc","Finance - Savings & Loan",60.63,+0.56%,4,Sell,"24% Buy",+20.41,+31.92%,61.86,62.75,58.35,62.29,42.47,16.27,-9.82,11161,Weakest,Weak,23.61%,0.89,59.98,64.61,14%
AVBH,"Avidbank Holdings Inc","Banks - West",31.41,0.00%,3,Sell,"8% Buy",+20.32,+24.64%,31.68,32.01,30.74,31.49,45.67,8.99,6.02,93648,Weakest,Weak,22.26%,0.58,31.07,31.92,40%
FBNC,"First Bancorp [Nc]","Banks - Southeast",63.07,-0.68%,5,Sell,"40% Buy",+20.13,+18.57%,62.46,64.05,60.61,63.59,46.48,2.92,11.94,236168,Weakest,Average,40.58%,0.96,61.87,65.31,35%
HBCP,"Home Bancorp Inc","Banks - Southeast",67.06,-0.80%,4,Sell,"24% Buy",+20.11,+19.79%,68.1,69.86,65.88,68.69,35.88,4.14,3.78,82405,Weakening,Weak,12.95%,1.26,66.9,70.47,5%
MRBK,"Meridian Bank","Banks - Northeast",19.11,-0.83%,5,Sell,"8% Buy",+20.00,+18.99%,19.28,19.67,19.29,19.42,41.74,3.34,-3.54,105588,Weakening,Minimum,14.69%,0.64,18.92,19.92,19%
OPLN,"Openlane Inc","Auto - Truck Original Parts",34.68,-0.40%,3,Sell,"8% Sell",+19.80,+23.46%,37.19,36.26,34.57,34.87,45.98,7.81,4.21,1025468,Weakest,Minimum,39.64%,0.81,34.08,35.67,38%
FMX,"Fomento Economico Mexicano S.A.B. DE C.V. ADR","Beverages - Soft",118.85,-0.64%,2,Sell,"24% Sell",+19.76,+20.65%,123.36,121.81,119.56,119.81,46.17,5,5.35,459468,Average,Minimum,45.38%,1.26,116.98,122.63,33%
ORIC,"Oric Pharmaceuticals Inc","Medical - Biomedical",13.27,+0.84%,4,Hold,"96% Buy",+19.74,+19.33%,10.95,12.79,11.04,12.81,55.07,3.68,49.98,1686580,Strengthening,Strong,62.77%,1.02,12.04,13.58,80%
VVX,"V2X Inc","Technology Services",73.71,-2.56%,3,Sell,"8% Sell",+19.44,+34.51%,78.44,79.12,75.21,74.92,43.34,18.86,22.88,574748,Average,Minimum,51.09%,0.5,71.5,78.34,32%
PLUS,"Eplus Inc","Business Software Services",89.41,-1.22%,7,Buy,"72% Buy",+19.32,+24.82%,86.88,89.78,84.55,90.51,47.11,9.17,-10.29,209641,Weakening,Soft,42.02%,0.62,86.74,94.29,35%
SVRA,"Savara Inc","Medical - Drugs",5.07,+1.40%,3,Sell,"100% Sell",+19.29,+44.03%,5.45,5.43,5.44,5.3,41.65,28.38,-28.16,1798760,Strengthening,Soft,23.87%,2.56,4.99,5.6,13%
BLX,"Bladex Inc","Finance - Misc Services",54.97,+0.42%,6,Sell,"8% Sell",+19.15,+17.71%,56.7,56.03,55.09,54.91,49.03,2.06,11.01,165615,Weakest,Minimum,52.11%,0.77,53.46,56.35,52%
AAOI,"Applied Optoelect","Electronics - Semiconductors",96.82,-4.52%,2,Sell,"72% Sell",+19.12,+275.71%,135.69,111.59,130.14,102.76,41.27,260.06,165.5,9907325,Strengthening,Soft,26.33%,0.86,93.66,111.86,17%
AZZ,"Azz Inc","Machinery - Electrical",135.13,-1.49%,3,Sell,"40% Sell",+19.11,+21.87%,144.3,142.68,140.11,136.02,42.63,6.22,13.84,227941,Strengthening,Weak,62.21%,0.93,131.52,140.51,40%
CBZ,"Cbiz Inc",Consulting,54.71,+0.05%,2,Buy,"100% Buy",+19.11,+4.03%,43.21,52.98,38.31,54.64,69.78,-11.62,-3.8,1098932,Strengthening,Strong,63.92%,0.84,54.41,54.86,66%
HIMX,"Himax Technologies ADR","Electronics - Semiconductors",13.96,-3.32%,4,Buy,"56% Buy",+18.93,+63.47%,15.69,13.77,13.58,13.91,49.47,47.82,58.21,2571993,Weakest,Weak,64.27%,0.64,12.97,14.84,53%
JMSB,"John Marshall Bk Fal","Banks - Southeast",23.1,+0.04%,4,Hold,"80% Buy",+18.91,+13.91%,22.27,23.04,21.63,23.11,50.9,-1.74,3.32,40074,Strengthening,Strong,33.77%,0.99,22.67,23.54,49%
HCSG,"Healthcare Svcs Gp","Business Services",20.78,-1.28%,3,Sell,"40% Sell",+18.82,+27.02%,22.34,22.27,21.6,21.62,32.45,11.37,-3.56,741260,Strengthening,Weak,9.57%,0.78,20.89,22.36,-8%
BWB,"Bridgewater Bancshares Inc","Banks - Northeast",20.63,-0.67%,3,Sell,"40% Buy",+18.81,+20.08%,20.52,21.24,19.71,21.08,40.45,4.43,5.44,117578,Weakest,Average,21.92%,0.51,20.39,21.78,18%
CRD.B,"Crawford Company Cl B","Building & Construction - Misc",11.93,+0.85%,5,Buy,"96% Buy",+18.64,+15.71%,10.88,11.59,10.58,11.93,50.59,0.06,-0.95,15928,Strengthening,Strong,36.32%,0.86,11.2,12.67,50%
SFNC,"Simmons First Natl","Banks - Southeast",22.83,-1.72%,5,Sell,"40% Buy",+18.53,+15.83%,22.56,23.18,21.75,22.94,47.17,0.18,8.87,1288311,Weakest,Average,50.01%,1.36,22.3,23.57,41%
ELE,"Elemental Royalty Corp","Mining - Misc",19.69,-5.06%,3,Sell,"56% Buy",+18.32,+13.49%,18.16,19.66,18.72,20.99,43.44,-2.16,3.79,343222,Weakening,Weak,25.96%,1.28,19.88,22.1,-8%
HGTY,"Hagerty Inc","Insurance - Proprty & Casualty",13.53,-0.44%,5,Buy,"88% Buy",+18.32,+12.66%,12,12.97,11.55,13.58,52.87,-2.99,-11.57,201219,Weakening,Strong,72.07%,1.38,13.08,14.07,45%
CPF,"Central Pacific Financial Company","Banks - West",36.36,-1.33%,7,Sell,"24% Buy",+18.25,+18.32%,37.11,38.11,35.62,37.32,37.22,2.67,4.45,162661,Weakening,Weak,20.16%,0.97,36.31,38.33,3%
SEZL,"Sezzle Inc","Financial Transaction Services",108.3,-2.77%,2,Sell,"24% Sell",+18.24,+28.64%,134.49,131.8,113.65,116.17,37.44,12.99,58.38,733188,Weakening,Minimum,28.36%,0.63,106.87,125.47,8%
HNVR,"Hanover Bancorp Inc","Banks - Northeast",25.73,-2.94%,4,Sell,"56% Buy",+18.21,+11.63%,25.04,26.67,23.97,26.79,39.58,-4.02,-0.9,34013,Weakest,Average,9.72%,0.37,25.88,27.7,-8%
FSTR,"Foster L B Company","Steel - Producers",37.6,+0.35%,6,Sell,"8% Buy",+18.17,+36.53%,40.31,38.96,36.83,37.45,46.8,20.88,27.28,67683,Weakest,Minimum,38.18%,0.65,36.85,38.04,63%
PI,"Impinj Inc","Electronics - Semiconductors",176.88,-0.79%,7,Buy,"100% Buy",+18.17,+0.82%,152.64,165.25,138.54,175.56,54.28,-14.83,-10.59,544869,Strengthening,Good,63.06%,0.85,166.64,184.47,57%
TDAY,"USA Today CO Inc","Media Conglomerates",6.37,-0.78%,5,Sell,"72% Sell",+18.05,+50.24%,7.54,7.11,7.29,6.39,42.72,34.59,11.45,1812667,Strengthening,Average,44.38%,0.95,6.17,6.6,46%
KVHI,"K V H Inds Inc","Communications Components",7.33,-0.81%,1,Sell,"72% Sell",+18.00,+27.70%,8.7,7.92,8.58,7.19,47.13,12.05,-7.08,167044,Strengthening,Average,79.94%,0.44,6.91,7.48,74%
ASTL,"Algoma Steel Group Inc","Steel - Producers",4.35,+2.11%,4,Buy,"24% Sell",+17.99,+10.13%,4.44,4.26,4.42,4.32,51.69,-5.52,-6.14,1227876,Weakest,Minimum,33.02%,0.57,4.07,4.57,56%
GRND,"Grindr Inc","Internet - Software",15.61,-1.01%,3,Sell,"56% Buy",+17.97,-0.70%,14.74,15.86,13.98,15.53,49.69,-16.35,3.05,1524203,Weakest,Average,65.71%,0.74,15.05,16.01,58%
CCSI,"Consensus Cloud Solutions","Internet - Software",34.44,-2.21%,2,Sell,"24% Buy",+17.94,+17.18%,35.23,36.79,32.59,35.97,40.97,1.53,45.6,175916,Weakening,Weak,20.81%,0.88,33.82,38.13,14%
HYNE,"Hoyne Bancorp Inc","Banks - Northeast",16.4,-0.18%,4,Buy,"72% Buy",+17.89,N/A,16.35,16.47,15.91,16.51,44.81,N/A,0.94,34376,Weakest,Good,6.86%,1.3,16.35,16.67,16%
LILA,"Liberty Latin America Cl A","Wireless National",8.49,+0.12%,7,Hold,"80% Buy",+17.84,+3.16%,7.93,8.41,8,8.66,47.96,-12.49,2.64,470789,Average,Average,33.57%,0.87,8.39,8.93,19%
SHC,"Sotera Health Company","Medical Services",18.45,+0.60%,4,Sell,"56% Buy",+17.70,+16.70%,17.48,18.55,16.64,18.67,46.32,1.05,-7.65,2710922,Average,Average,24.74%,0.55,18.09,19.25,31%
BFC,"Bank First National Corp [Wisconsin]","Banks - Northeast",151.06,-0.70%,5,Hold,"48% Buy",+17.68,+21.46%,148.58,152.71,145.27,152.5,46.86,5.81,11.76,86666,Weakest,Average,31.24%,0.73,148.47,156.53,32%
EWBC,"East West Bancorp","Banks - West",126.72,-0.40%,5,Sell,"8% Buy",+17.56,+16.94%,128.53,130.25,123.36,127.74,44.85,1.29,0.51,953396,Weakest,Weak,32.87%,1.15,124.24,131.24,35%
ALGM,"Allegro Microsystems Inc","Electronics - Semiconductors",36.94,+0.49%,3,Sell,"72% Sell",+17.53,+24.34%,45.38,39.43,42.44,35.28,51.13,8.69,27.79,2511083,Weakening,Soft,73.40%,1.21,32.91,37.65,85%
HYMC,"Hycroft Mining Holding Corp","Mining - Misc",19.6,-8.75%,2,Sell,"100% Sell",+17.49,+223.43%,25.77,22.94,30.24,21.66,39.81,207.78,-29.78,3191355,Strongest,Average,26.29%,1.2,19.44,23.89,4%
NSYS,"Nortech Systems IN","Electronics - Misc Components",11,-2.48%,1,Sell,"72% Sell",+17.36,+18.92%,13.76,12.64,13.09,11.44,37.65,3.27,35.91,17738,Strongest,Soft,20.83%,0.53,11.04,11.84,-5%
HSTM,"Healthstream Inc","Internet - Services",29.14,+0.14%,4,Hold,"80% Buy",+17.28,0.00%,27.25,28.74,25.21,29.19,52.23,-15.65,14.07,257642,Average,Strong,49.53%,0.73,28.52,29.87,46%
CVBF,"Cvb Financial Corp","Banks - West",22.19,-1.51%,9,Sell,"40% Buy",+17.02,+14.44%,21.87,22.56,21.15,22.41,45.26,-1.21,7.06,1558549,Weakest,Average,36.94%,0.95,21.85,22.96,30%
GENB,"Generate Biomedicines Inc","Medical - Biomedical",14.91,-1.58%,5,Hold,N/A,+16.97,N/A,14.93,15.43,0,16.11,42.03,N/A,N/A,N/A,N/A,N/A,15.22%,1.02,14.67,17.54,8%
ESE,"Esco Technologies Inc","Technology Services",266.04,-0.76%,3,Sell,"72% Sell",+16.94,+29.71%,303.73,290.46,299.96,266.87,41.24,14.06,23.92,256885,Strengthening,Average,50.61%,1.61,257.78,275.95,45%
PROV,"Provident Financial","Finance - Savings & Loan",18.27,-0.81%,2,Hold,"80% Buy",+16.84,+14.19%,17.59,18.11,17.23,18.52,44.56,-1.46,2.59,9337,Weakening,Strong,19.00%,0.63,18.23,18.82,7%
WHG,"Westwood Holdings Group Inc","Finance - Investment Mgmt",19.2,+0.89%,1,Sell,"72% Buy",+16.79,+13.68%,18.46,19.18,17.71,18.85,54.83,-1.97,-0.68,17156,Average,Average,71.04%,0.91,18.37,19.33,87%
ALTO,"Alto Ingredients Inc","Consumer Prdts - Misc Discr",3.67,-1.61%,2,Sell,"72% Sell",+16.78,+236.70%,4.76,4.27,4.66,3.94,32.35,221.05,15.19,1856888,Strengthening,Soft,13.01%,0.51,3.68,4.2,-2%
WNEB,"Western New England Bancorp Inc","Banks - Foreign",13.97,0.00%,4,Buy,"72% Buy",+16.61,+14.32%,13.8,13.84,13.62,13.79,54.29,-1.33,-1.54,57085,Average,Weak,68.46%,1.01,13.52,14.06,84%
CCBG,"Capital City Bank Gr","Banks - Southeast",49.24,-1.24%,2,Sell,"40% Buy",+16.39,+15.53%,49.21,51.17,47.59,50.31,39.43,-0.12,3.43,89688,Weakest,Average,27.60%,1.51,48.89,51.73,12%
VOC,"Voc Energy Trust","Oil - US Exploration & Product",3.44,+0.88%,7,Buy,"88% Buy",+16.25,+17.81%,3.14,3.29,3.23,3.38,58.87,2.16,15.17,103965,Strongest,Average,78.14%,0.45,3.3,3.46,90%
ZDGE,"Zedge Inc Cl B","Internet - Content",3.09,+3.00%,5,Buy,Hold,+16.21,+3.34%,3.03,2.98,3.05,3.03,56.02,-12.31,-18.03,366573,Falling,,60.44%,0.99,2.93,3.12,82%
DDS,Dillard's,"Retail - Regional Dept Stores",681.94,+2.69%,7,Buy,"88% Buy",+16.21,+9.33%,590.44,620.07,589.83,644.39,66.29,-6.32,0.23,136640,Strongest,Strong,88.10%,1.2,616.24,672.55,117%
NATL,"NCR Atleos Corporation","Internet - Software",45.75,-0.72%,5,Sell,"40% Buy",+16.02,+17.82%,45.5,46.49,45.09,45.99,45.61,2.17,7.81,778455,Weakest,Weak,41.34%,2.16,45.44,46.54,28%
CZR,"Caesars Entertainment Inc","Leisure & Recreation Services",29.59,0.00%,2,Sell,"40% Buy",+15.68,+9.43%,29.4,29.75,28.48,29.65,41.54,-6.22,14.27,5609863,Weakest,Soft,40.00%,0.81,29.59,29.72,-1%
HWC,"Hancock Whitney Corp","Banks - Southeast",72.83,-1.38%,4,Sell,"24% Buy",+15.66,+15.13%,73.38,75.92,70.71,74.44,39.62,-0.52,2.13,858530,Weakest,Weak,26.05%,1.06,72.48,76.4,9%
LILAK,"Liberty Latin America Cl C","Wireless National",8.39,-1.18%,7,Hold,"64% Buy",+15.54,0.00%,7.92,8.34,8.03,8.61,46.66,-15.65,0.23,1147502,Weakening,Average,36.01%,1.07,8.34,8.88,9%
DSGR,"Distribution Solutions Group Inc","Industrial Services",35,+0.11%,8,Buy,"100% Buy",+15.51,+20.81%,31.2,34.76,29.6,34.82,74.97,5.16,15.54,145871,Average,Strong,91.22%,0.93,34.62,35.02,95%
MGYR,"Magyar Bancorp Inc","Banks - Northeast",19.5,+0.70%,5,Buy,"100% Buy",+15.50,+12.98%,18.29,19.13,18.06,19.44,52.96,-2.67,0.61,4127,Strongest,Maximum,44.00%,1.49,19.04,19.83,58%
AIRG,"Airgain Inc","Communications Components",5.15,+0.19%,2,Sell,"88% Sell",+14.79,+25.30%,6.04,5.44,5.83,5.26,42.18,9.65,14.61,74740,Strengthening,Soft,18.57%,0.34,5.03,5.48,26%
AERT,"Aeries Technology Inc","Technology Services",7.22,+1.76%,3,Buy,"100% Buy",+14.69,+32.62%,6.58,6.86,5.58,7.02,57.01,16.97,62.95,42059,Strengthening,Strong,77.73%,1.52,6.66,7.38,78%
CCEL,"Cryo-Cell Intl Inc","Medical Services",4.16,-1.89%,7,Hold,"80% Buy",+14.65,-13.33%,3.72,3.93,3.61,4.19,51.14,-28.98,8.69,15451,Strengthening,Good,57.56%,0.07,3.79,4.58,46%
PLOW,"Douglas Dynamics","Auto - Truck Replacement Parts",39.54,-0.50%,4,Sell,"88% Sell",+14.58,+25.52%,44.22,42.17,44.22,40.36,37.75,9.87,8.86,235255,Strongest,Average,27.88%,1.22,38.68,42.04,26%
MCB,"Metropolitan Bank Holding Corp","Banks - Northeast",88.64,-1.07%,4,Sell,"40% Sell",+14.57,+16.13%,92.65,91.69,90.17,90.1,41.44,0.48,3.84,147256,Weakening,Minimum,30.04%,1.03,87.39,92.8,23%
CRD.A,"Crawford Company Cl A","Business Services",12.6,+0.80%,3,Hold,"80% Buy",+14.52,+16.56%,11.64,12.5,11.18,12.72,49.39,0.91,-0.24,63653,Strengthening,Strong,36.28%,1.35,12.07,13.37,41%
MCRI,"Monarch Casino",Gaming,117.26,-0.41%,5,Sell,"8% Sell",+14.34,+12.16%,122.75,121.72,115.72,120.02,39.11,-3.49,10.29,142301,Average,Minimum,21.52%,1.3,116.06,123.97,15%
NTNX,"Nutanix Inc","IT Services",68.7,+0.98%,4,Buy,"100% Buy",+14.01,-10.95%,57.21,64.58,51.38,68.12,56.59,-26.6,20.67,3916369,Strengthening,Strong,54.72%,0.7,65.57,70.67,61%
MYRG,"MYR Group Inc","Electrical Construction",285.93,-2.27%,3,Sell,"72% Sell",+13.99,+43.96%,382.34,317.15,356.1,285.14,41.56,28.31,18.62,278505,Strengthening,Average,75.42%,0.76,271.32,298.96,53%
SYBT,"Stock Yards Bancorp","Banks - Southeast",78.02,-0.70%,6,Sell,"40% Buy",+13.99,+9.55%,77.6,81.43,74.22,79.01,42.67,-6.1,7.88,167806,Weakest,Average,22.49%,0.89,77.07,80.95,24%
INVA,"Innoviva Inc","Large Cap Pharma",21.23,+2.36%,5,Sell,"72% Sell",+13.91,+12.57%,21.73,21.05,22.15,20.98,53.73,-3.08,-6.04,805464,Weakening,Soft,52.61%,1.07,20.4,21.57,71%
IMKTA,"Ingles Markets Inc","Retail - Supermarket",85.09,+1.58%,6,Hold,"32% Sell",+13.73,+23.84%,87.21,85.4,87.64,82.74,56.4,8.19,11.89,131526,Weakest,Weak,84.17%,0.7,80.64,84.84,106%
CMT,"Core Molding Technologies Inc","Rubber & Plastics",22.5,-3.06%,1,Sell,"24% Sell",+13.50,+3.78%,24.16,24.44,23.7,23.71,34.61,-11.87,-0.02,29350,Strengthening,Minimum,16.65%,1.4,22.58,24.85,-3%
EBC,"Eastern Bankshares Inc","Banks - Northeast",21.13,-1.35%,3,Sell,"24% Buy",+13.22,+15.21%,21.62,22.44,21.02,21.64,34.86,-0.44,2.41,2467201,Weakest,Weak,22.76%,0.98,21.06,22.22,6%
DLX,"Deluxe Corp","Business Office Products",23.88,-1.85%,4,Sell,"72% Sell",+13.19,+22.21%,24.29,24.53,25.66,23.72,49.3,6.56,-5.3,446520,Strengthening,Weak,80.44%,1.13,22.93,24.52,60%
CUBI,"Customers Bancorp","Banks - Southeast",75.79,-1.65%,4,Sell,"24% Buy",+13.17,+12.36%,77.69,79.2,75.63,78.14,37.55,-3.29,-8.59,351961,Weakening,Minimum,12.95%,0.81,75.75,80.52,1%
FR,"First Industrial Realty Trust","REIT - Equity Trust Other",61.26,+0.15%,2,Sell,"24% Sell",+13.12,+19.25%,63.08,63.26,62.32,61.57,42.05,3.6,-5.27,1029361,Weakest,Weak,41.00%,1.12,60.72,62.43,32%
ONB,"Old National Bncp","Banks - Midwest",25.21,-1.10%,4,Sell,"24% Buy",+13.12,+13.87%,25.45,26.06,24.59,25.45,43.87,-1.78,0.76,3511417,Weakest,Weak,42.34%,1.11,24.8,26.11,31%
DNOW,"Dnow Inc","Machinery - General Industrial",16.14,+1.32%,3,Buy,"100% Buy",+13.03,+4.13%,14.36,15.46,13.61,15.84,57.64,-11.52,9.57,2874426,Strongest,Strong,55.82%,0.76,15.39,16.28,84%
PRU,"Prudential Financial Inc","Insurance - Multi Line",116.09,-2.81%,4,Sell,"40% Buy",+12.96,+11.19%,113.63,120.48,108.04,118.74,40.67,-4.46,-9.4,2012918,Weakest,Average,41.61%,0.88,115.5,121.97,9%
SABR,"Sabre Corp","Internet Software Services",2.1,-3.67%,6,Hold,"80% Buy",+12.94,+19.32%,1.94,2.08,1.83,2.18,46.21,3.67,42.17,6829900,Weakening,Average,26.26%,1.07,2,2.36,27%
CB,"Chubb Ltd","Insurance - Proprty & Casualty",331.37,-0.60%,3,Sell,"8% Buy",+12.87,+18.06%,337.89,344.48,334.81,338.67,35.27,2.41,-6.07,1740063,Weakening,Weak,9.53%,1.53,331.35,345.98,0%
EME,"Emcor Group","Building - Heavy Construction",765.52,+0.43%,5,Sell,"56% Sell",+12.86,+19.51%,803.36,771.04,796.08,750.29,51.71,3.86,12.89,390195,Weakest,Weak,61.34%,1,723.67,776.9,79%
FSBW,"FS Bancorp Inc","Banks - West",44.47,+0.66%,7,Buy,"100% Buy",+12.83,+9.45%,42.56,43.34,41.68,43.66,58.12,-6.2,-4.22,16328,Strongest,Strong,67.23%,1.27,42.42,44.9,83%
MDGL,"Madrigal Pharmaceuticals Inc","Medical - Drugs",517.04,+0.09%,4,Sell,"40% Buy",+12.82,+21.88%,520.34,526.27,508.7,530.84,44.62,6.23,-23.45,329882,Weakening,Minimum,27.41%,1.15,509.24,552.44,18%
HTH,"Hilltop Holdings Inc","Banks - Southeast",38.12,-1.14%,4,Sell,"24% Buy",+12.55,+12.08%,38.37,38.82,37.82,38.56,42.98,-3.57,0.08,328388,Weakening,Weak,25.77%,0.89,37.86,39.26,18%
NL,"Nli Holdings Inc","Electronics - Misc Components",7,-0.28%,5,Buy,"100% Buy",+12.47,+14.57%,6.36,6.48,6.21,6.9,57.78,-1.08,15.73,51914,Strengthening,Strong,75.62%,0.49,6.62,7.18,68%
PAYO,"Payoneer Global Inc","Financial Transaction Services",7.14,-0.42%,5,Buy,"100% Buy",+12.47,+12.80%,6.61,7.12,6.02,7.13,53.41,-2.85,14.81,4845859,Average,Strong,58.15%,0.69,7.09,7.17,59%
UNFI,"United Nat Foods","Food - Misc & Diversified",45.75,-0.22%,2,Sell,"8% Sell",+12.39,+44.69%,48.54,47,46.97,45.08,49.18,29.04,23.64,706451,Weakening,Minimum,58.99%,1.43,43.12,47.04,67%
TRNO,"Terreno Realty Corp","REIT - Equity Trust Other",66.57,+0.76%,3,Sell,"24% Buy",+12.13,+15.39%,67.49,68.34,66.33,65.86,49.73,-0.26,1.15,751893,Weakest,Weak,78.62%,1.32,64.91,66.82,87%
NODK,"Ni Holdings Inc","Insurance - Proprty & Casualty",14.91,+0.74%,7,Sell,"8% Buy",+12.11,+9.39%,15.1,15.29,14.41,15.05,43.51,-6.26,-0.13,20730,Weakest,Weak,18.32%,1.11,14.7,15.4,30%
VMI,"Valmont Industries","Steel - Pipe & Tube",467.84,+0.22%,5,Sell,"72% Sell",+11.90,+21.56%,509.92,482.34,485.51,472.97,42.14,5.91,4.05,192719,Average,Weak,18.84%,1.27,461.4,484.54,28%
ACCO,"Acco Brands Corp","Consumer Prdts - Misc Discr",4.32,+0.23%,3,Sell,"88% Buy",+11.82,+6.40%,4.11,4.26,3.86,4.28,53.78,-9.25,3.58,872026,Strengthening,Strong,63.73%,0.79,4.16,4.4,66%
FRBA,"First Bank","Banks - Southwest",17.68,-0.67%,6,Sell,"40% Buy",+11.68,+7.41%,17.25,18.16,16.83,17.85,43.65,-8.24,-4.83,82544,Weakest,Average,36.44%,0.65,17.47,18.22,28%
OPBK,"Open Bank","Banks - Southwest",15.21,+0.20%,6,Sell,"40% Buy",+11.50,+6.81%,14.9,15.38,14.49,15.26,48,-8.84,-4.52,43398,Weakening,Average,38.85%,0.74,14.93,15.58,43%
NWE,"Northwestern Energy Group Inc","Utility - Electric Power",68.06,-1.13%,5,Sell,"40% Sell",+11.42,+17.30%,70.66,70.31,70.22,69.44,42.2,1.65,-6.79,507914,Strengthening,Weak,27.12%,1.41,67.37,71.51,17%
CGNX,"Cognex Corp","Electronic Test Equipment",58.75,+0.15%,5,Sell,"24% Sell",+11.37,+28.30%,63.6,62.1,59.91,60.49,43.72,12.65,51.05,2134505,Weakest,Minimum,17.54%,0.82,57.28,63.71,23%
ALCO,"Alico Inc","Agriculture Operations",39.15,+0.20%,2,Hold,"64% Sell",+11.14,+16.69%,40.22,39.5,40.5,39.56,45.89,1.04,-4.63,24595,Average,Weak,36.33%,0.86,38.68,40.43,27%
CPSS,"Consumer Portfol","Finance - Misc Services",8.97,-6.17%,2,Sell,"32% Sell",+10.98,+14.12%,9.48,9.35,9.07,9.35,42.15,-1.53,-16.1,22156,Average,Minimum,50.93%,1.35,8.92,9.78,6%
JCTC,"Jewett-Cameron Trading Company Ltd","Building Prds Retail - Wsale",2.95,+1.37%,4,Buy,"100% Buy",+10.94,-15.23%,2.53,2.87,2.29,2.93,53.78,-30.88,18.87,24142,Strengthening,Good,54.17%,0.06,2.87,2.99,64%
CBFV,"Cb Financial Svc","Banks - Northeast",37.04,-0.03%,4,Sell,"56% Buy",+10.87,+9.07%,36.62,37.19,36.04,37.27,47.12,-6.58,-5.99,5601,Weakest,Weak,45.05%,0.91,36.75,37.78,28%
FIBK,"First Interstate Ban","Banks - Midwest",36.33,-1.57%,4,Sell,"8% Buy",+10.73,+11.61%,37.16,37.58,36.17,36.94,42.33,-4.04,-7.24,1159774,Weakening,Minimum,30.78%,0.9,36.06,37.82,15%
TMCI,"Treace Medical Concepts Inc","Medical Instruments",4.48,-0.44%,3,Hold,"64% Buy",+10.57,-32.73%,4.05,4.5,3.25,4.58,47.42,-48.38,70.62,698516,Weakest,Average,38.60%,0.53,4.34,4.82,29%
INN,"Summit Hotel Properties","REIT - Equity Trust Other",5.82,+1.39%,1,Sell,"24% Buy",+10.53,+3.74%,6.15,6.17,5.62,5.71,48.89,-11.91,7.27,1193302,Weakening,Weak,74.75%,1.07,5.58,5.84,91%
EFOR,"Everforth Inc","Technology Services",32.83,-0.88%,4,Buy,"40% Buy",+10.16,-31.42%,24.64,30.04,28.34,32.2,55.82,-47.07,-44.09,956782,Weakening,Minimum,65.46%,0.56,30.04,34.36,65%
AGL,"Agilon Health Inc","Medical Services",79.53,-1.49%,4,Sell,"8% Sell",+10.03,+191.85%,95.68,93.59,69.84,87.65,36.59,176.2,349.67,327925,Weakening,Weak,26.04%,0.72,78.76,96.54,4%
AMZN,"Amazon.com Inc","Internet Commerce",246.15,-1.41%,1,Sell,"8% Buy",+9.90,+12.00%,254.14,256.15,245.23,253.29,41.24,-3.65,-5.6,46197902,Weakening,Weak,25.91%,0.82,245.02,261.56,7%
OHI,"Omega Healthcare Investors","REIT - Equity Trust Other",46.68,+0.86%,6,Sell,"8% Sell",+9.90,+11.57%,47.41,47.7,47.07,46.76,47.74,-4.08,-6.96,2058739,Weakest,Minimum,28.84%,0.87,45.93,47.59,45%
MTUS,"Metallus Inc","Steel - Specialty",18.97,+0.69%,3,Sell,"8% Buy",+9.88,+11.52%,19.58,20.02,18.75,19.17,45.54,-4.13,-1.69,382923,Weakest,Minimum,24.48%,1.03,18.51,19.83,35%
GRCE,"Grace Therapeutics Inc","Medical - Biomedical",2.12,0.00%,6,Buy,"88% Sell",+9.87,-31.39%,2.26,2.17,2.8,2.15,46.01,-47.04,-50.97,363393,Average,Good,18.91%,0.33,2.04,2.26,36%
EHC,"Encompass Health Corp","Medical - Outpatient & Hm Care",124.02,+0.45%,8,Buy,"100% Buy",+9.33,-2.12%,112.16,119.67,109.18,122.1,60.25,-17.77,4.61,1048683,Strongest,Strong,67.67%,1.12,120.1,124.1,98%
GLRE,"Greenlight Cap. Re.","Insurance - Proprty & Casualty",14.81,-0.54%,4,Sell,"88% Sell",+9.23,+14.72%,16.08,15.64,16.34,15.09,34.79,-0.93,-10.66,173590,Strongest,Soft,22.80%,0.83,14.77,15.41,6%
HNI,"Hon Industries Inc","Business Office Products",46.86,-0.74%,4,Hold,"48% Buy",+9.08,+1.65%,40.8,46.93,39.81,47.2,48.91,-14.,-0.77,699685,Weakest,Good,46.94%,1.03,45.28,49.12,41%
OTTR,"Otter Tail Corp","Utility - Electric Power",88.51,-0.93%,2,Sell,"8% Sell",+8.60,+7.38%,89.66,90.72,89.01,88.91,45.92,-8.27,-2.71,259659,Weakening,Minimum,40.29%,0.9,87.17,90.65,39%
BCML,"Bay Commercial Bk CA","Banks - West",30.87,0.00%,7,Hold,"16% Buy",+8.31,+4.75%,31.27,30.67,30.64,30.21,56.41,-10.9,-7.24,47861,Weakest,Minimum,65.72%,1.38,29.52,30.89,98%
TAL,"Tal Education Group ADR",Schools,11.89,-0.92%,3,Buy,"88% Buy",+8.16,+6.16%,10.84,11.68,10.95,11.88,51.75,-9.49,-3.26,4000798,Average,Good,63.02%,0.33,11.42,12.35,51%
TDC,"Teradata Corp","Computer - Storage Devices",28.55,-1.35%,4,Buy,"56% Sell",+8.14,+28.66%,30.85,28.64,29.62,28.73,47.73,13.01,-18.45,2264561,Average,Weak,59.96%,0.49,27.45,30.01,43%
AVO,"Mission Produce Inc","Agriculture Operations",13.1,-0.30%,2,Hold,"16% Buy",+7.58,+8.89%,12.46,12.84,12.88,12.82,55.33,-6.76,0.69,1000552,Weakest,Minimum,43.19%,1.04,12.3,13.34,76%
NPCE,"Neuropace Inc","Medical Instruments",14.15,+0.64%,3,Sell,"88% Sell",+7.54,+38.73%,15.37,14.42,15.19,14.42,46.55,23.08,-20.59,194289,Average,Soft,32.47%,0.74,13.72,15.12,31%
CACI,"Caci International","Computer - Services",616.4,-0.31%,3,Buy,"72% Buy",+7.41,+26.94%,545.04,596.72,552.32,623.93,49.3,11.29,3.45,286728,Weakening,Average,29.86%,0.93,607.42,640.44,27%
RNW,"Renew Energy Global Plc Cl A","Other Alt Energy",6.84,0.00%,4,Buy,"96% Buy",+7.27,-11.17%,6.33,6.62,5.92,6.84,62.11,-26.82,8.82,1477063,Average,Average,38.89%,0.42,6.8,6.87,54%
DOC,"Healthpeak Properties","REIT - Equity Trust Other",20.1,-1.03%,4,Sell,"8% Buy",+7.22,+6.12%,20.77,21.12,19.48,20.51,38.3,-9.53,12.76,7880864,Weakening,Weak,25.72%,1.03,19.99,21.02,11%
COLM,"Columbia Sprtswr","Textile - Apparel",58.69,+1.89%,4,Hold,"48% Sell",+7.20,+11.49%,61.05,58.6,60.08,57.2,54.85,-4.16,-5.71,638273,Weakening,Weak,70.87%,1.05,55.9,58.5,107%
POWI,"Power Integratn","Semi Power",51.84,-0.73%,2,Sell,"72% Sell",+6.95,+29.54%,66.69,56.78,62.75,50.27,47.41,13.89,33.62,1000370,Average,Average,76.14%,0.87,47.79,52.75,82%
STRW,"Strawberry Fields REIT Inc","REIT - Equity Trust Other",13.1,-2.24%,7,Sell,"8% Sell",+6.82,+6.50%,13.57,13.87,13.26,13.66,34.77,-9.15,-12.24,32098,Average,Minimum,10.53%,0.66,13.23,14.09,-15%
MSFT,"Microsoft Corp","Computer - Software",509.22,-1.35%,3,Buy,"100% Buy",+6.81,-0.44%,439.82,478.12,425.54,499.83,58.56,-16.09,-6.95,34059355,Strongest,Strong,69.19%,0.69,486.54,513.11,85%
TRLV,"Trulieve Cannabis Corp","Medical Products",12.34,+1.06%,5,Buy,"100% Buy",+6.81,+72.17%,9.78,10.39,8.8,11.83,61.91,56.52,29.76,916562,Strengthening,Maximum,70.42%,0.98,10.99,12.68,80%
SGU,"Star Gas Partners LP","Electronics Products - Misc",12.78,-0.39%,3,Buy,"64% Buy",+6.80,+10.08%,12.77,12.73,12.73,12.79,51.07,-5.57,-4.3,24690,Weakening,Weak,38.54%,1.04,12.65,12.93,47%
RNST,"Renasant Corp","Banks - Southeast",39.86,-1.21%,4,Sell,"8% Sell",+6.78,+6.61%,41.73,41.93,40.47,40.52,38.11,-9.04,0.93,688244,Weakening,Minimum,26.98%,0.99,39.6,41.45,14%
PAMT,"Pamt Corp","Transportation - Truck",12.11,+3.06%,5,Sell,"8% Buy",+6.77,-1.38%,13.31,13.42,11.96,12.37,46.08,-17.03,-11.99,21126,Weakest,Minimum,29.86%,1.02,11.31,13.43,38%
AFCG,"Advanced Flower Capital Inc","Finance - SBIC & Commercial",3.59,+0.84%,1,Buy,"88% Buy",+6.40,-13.49%,3.23,3.2,3.04,3.51,60.74,-29.14,13.72,226543,Strengthening,Average,74.37%,1.09,3.4,3.63,83%
MO,"Altria Group",Tobacco,69.13,+0.45%,3,Hold,"8% Buy",+6.28,+5.20%,70.2,68.86,69.16,69.13,51.61,-10.45,7.65,9260760,Weakest,Minimum,42.36%,0.68,67.82,70.43,50%
VALU,"Value Line Inc","Finance - Investment Mgmt",39.78,-0.93%,3,Buy,"88% Buy",+6.27,+2.01%,36.63,37.71,36.35,38.75,55.15,-13.64,-8.71,2766,Strengthening,Strong,68.73%,0.39,36.56,40.93,74%
TRS,"Trimas Corp","Metal Production & Fabrication",39.41,+0.66%,3,Sell,"24% Buy",+6.25,+2.63%,40.27,39.32,39.19,38.76,53.85,-13.02,-1.07,461266,Weakest,Minimum,70.63%,1.01,37.82,39.7,85%
ARX,"Accelerant Holdings Cl A","Insurance - Brokers",19.74,-0.05%,6,Buy,"88% Buy",+6.08,+33.20%,15.67,17.27,14.65,19.78,69.59,17.55,8.49,2069321,Average,Strong,59.83%,0.22,19.66,19.9,33%
TLSI,"Trisalus Life Sciences Inc","Medical Products",4.39,+1.15%,5,Sell,"8% Buy",+6.04,-6.60%,4.36,4.89,4.36,4.84,36.85,-22.25,-49.35,303683,Weakest,Minimum,9.78%,0.88,4.4,5.28,-1%
XRN,"Chiron Real Estate Inc","REIT - Equity Trust Other",35.42,-1.20%,5,Sell,"8% Sell",+6.01,+5.73%,36.27,36.47,35.8,36.3,41.12,-9.92,-7.26,116870,Average,Minimum,16.93%,1.64,35.28,37.32,7%
SNFCA,"Security National Financial Corp","Insurance - Life",8.8,+0.69%,4,Sell,"56% Sell",+5.17,+5.48%,9.13,9.04,9.07,8.76,48.9,-10.17,-9.69,35357,Weakening,Soft,45.29%,0.92,8.58,8.94,62%
DOV,"Dover Corp","Machinery - General Industrial",191.48,-0.21%,1,Sell,"88% Sell",+5.17,+13.98%,207.92,199.19,210.71,189.78,46.53,-1.67,-14.17,1151781,Strengthening,Good,57.52%,1.02,185.09,194.47,68%
WEAV,"Weave Communications Inc","Internet - Software",7.37,+0.27%,9,Buy,"100% Buy",+5.10,+3.51%,6.4,6.84,5.94,7.32,63.26,-12.14,-15.14,1954462,Strengthening,Strong,74.07%,0.27,7.28,7.36,107%
FRME,"First Merchants Corp","Banks - Midwest",40.37,-0.84%,3,Sell,"24% Sell",+4.81,+5.63%,41.78,42.15,40.91,41.08,39.6,-10.02,-4.53,401371,Weakening,Minimum,26.82%,1.25,40.01,42.14,17%
IRM,"Iron Mountain Inc","Business Information",111.05,-0.30%,3,Sell,"40% Sell",+4.73,+10.03%,122.91,120.06,118.6,114.19,38.4,-5.62,21.64,1781598,Strengthening,Weak,30.21%,0.8,110.28,118.11,10%
HURN,"Huron Consulting",Consulting,157.62,-0.23%,1,Buy,"88% Buy",+4.55,+7.97%,127.87,149.85,128.85,155.73,55.72,-7.68,-21.08,274368,Average,Good,76.66%,0.56,148.46,163,63%
KMI,"Kinder Morgan Inc","Oil - Production & Pipeline",30.63,-0.39%,2,Sell,"72% Sell",+4.55,+8.58%,31.93,31.63,32.24,31.36,40.98,-7.07,-0.82,12064626,Strongest,Weak,24.26%,0.9,30.38,32.33,13%
TREX,"Trex Company","Building Products - Wood",44.44,-0.78%,3,Sell,"24% Buy",+4.38,-13.34%,44.47,45.43,42.62,44.07,49.07,-28.99,14.44,1915548,Weakest,Minimum,48.93%,1.15,42.18,45.97,60%
YEXT,"Yext Inc","Technology Services",6.43,-0.62%,2,Hold,"80% Buy",+4.14,-25.84%,5.15,6.07,4.93,6.41,54.53,-41.49,-32.46,1894439,Weakening,Average,68.88%,0.74,6.13,6.69,53%
CTAS,"Cintas Corp","Textile - Apparel",200.58,+0.34%,2,Sell,"56% Buy",+3.80,-1.79%,188.71,202.19,186.56,199.16,52.25,-17.44,-5.59,2150393,Weakening,Average,61.35%,0.89,194.86,203.45,67%
AVY,"Avery Dennison Corp","Containers - Paper Products",171.89,+0.91%,1,Sell,"8% Sell",+3.63,+6.93%,166.28,172.7,168.39,171.36,49.55,-8.72,-17.73,747615,Weakest,Minimum,43.50%,0.67,167.42,175.3,57%
BTI,"British American Tobacco ADR",Tobacco,56.05,+0.75%,3,Sell,"72% Sell",+3.47,+5.75%,59.57,57.49,59.31,55.74,48.18,-9.9,-13.25,4433891,Weakening,Good,50.00%,0.83,54.56,56.93,63%
WPP,"Wpp Plc ADR","Advertising Marketing Services",25.57,-1.62%,4,Buy,"100% Buy",+3.28,+6.36%,21.16,24.3,19.76,25.35,53.12,-9.29,1.61,527425,Strongest,Strong,60.22%,0.67,24.38,26.32,61%
WTM,"White Mountains Insurance Group","Insurance - Proprty & Casualty",2014.97,-0.67%,2,Sell,"88% Sell",+3.26,+17.43%,2102.23,2110.33,2142.39,2062.71,31.46,1.78,-15.27,19416,Strongest,Average,9.76%,0.74,2007.57,2117.86,7%
DDD,"3D Systems Corp","Printing - Commercial",3.52,-1.40%,5,Buy,"100% Buy",+3.06,+13.18%,3.15,3.26,2.81,3.39,54.94,-2.47,86.63,3612680,Strengthening,Strong,66.94%,0.49,3.11,3.68,73%
AES,"The Aes Corp","Utility - Electric Power",14.87,0.00%,8,Buy,"100% Buy",+2.99,+12.31%,14.71,14.78,14.63,14.81,64.14,-3.34,-8.54,9962646,Strengthening,Weak,77.88%,0.93,14.75,14.88,95%
ECL,"Ecolab Inc","Chemical - Specialty",280.23,+0.26%,1,Sell,"56% Buy",+2.95,+3.41%,271.24,278.21,272.07,276.15,55.43,-12.24,-5.49,1443970,Average,Weak,80.87%,0.72,268.71,283.6,77%
CLW,"Clearwater Paper Corp","Paper & Related Products",19.89,-2.21%,5,Sell,"56% Buy",+2.87,-5.47%,18.07,20.67,16.8,20.73,42.15,-21.12,2.07,204008,Weakening,Average,25.93%,0.65,19.64,21.82,11%
COPR,"Idaho Copper Corp","Mining - Misc",3.07,0.00%,3,Buy,"56% Sell",+2.74,-52.03%,4.59,2.92,5.81,3.31,43.86,-67.68,-24.78,27111,Weakest,Good,8.83%,0.37,2.98,3.65,14%
JOUT,"Johnson Outdoors","Leisure & Recreational Prdcts",44.24,-0.43%,5,Sell,"88% Sell",+2.74,+10.99%,45.61,46.16,46.65,44.66,43.99,-4.66,-8.02,64584,Strengthening,Weak,22.50%,1.07,43.41,45.9,33%
IOT,"Samsara Inc Cl A","Internet - Software",37.93,-0.08%,2,Buy,"72% Buy",+2.64,-0.24%,35.85,38.74,34.07,39.33,45.3,-15.89,-5.24,6827538,Weakest,Good,19.78%,0.72,36.51,42.16,25%
AVPT,"Avepoint Inc Cl A","Internet - Software",13.67,+5.15%,1,Sell,"88% Buy",+2.62,-10.94%,12.1,13.19,11.44,13.3,56.54,-26.59,-13.82,2056286,Strengthening,Average,50.70%,1.87,12.69,13.92,80%
SFBS,"Servisfirst Bancs","Finance - Savings & Loan",41.02,-0.70%,2,Sell,"8% Buy",+2.55,-0.67%,41.97,43.34,40.8,41.92,37.89,-16.32,2.04,616951,Weakening,Weak,26.44%,1.01,40.63,43.21,15%
NMAX,"Newsmax Inc Cl B","Broadcast - Radio & TV",10.9,+0.28%,4,Buy,"100% Buy",+2.01,-13.90%,8.87,9.82,8.07,10.81,55,-29.55,28.77,1313278,Average,Good,40.03%,0.49,10.2,11.43,57%
AUBN,"Auburn Natl Bncp","Banks - Southeast",26.81,-1.52%,8,Buy,"100% Buy",+2.01,-2.49%,25.8,26.48,25.25,26.64,52.1,-18.14,-12.76,2772,Strengthening,Average,50.84%,1.29,25.98,27.3,63%
WLFC,"Willis Lease Fin C","Transportation - Equip & Lease",52.3,-3.74%,6,Sell,"88% Sell",+1.99,+11.09%,63.05,58.98,62.85,54.87,36.97,-4.56,3.43,254283,Strongest,Average,9.09%,0.53,52.44,57.3,-3%
ALGT,"Allegiant Travel Com","Transportation - Airline",76.55,-3.21%,7,Sell,"88% Sell",+1.90,+26.36%,89.99,85.69,87.96,77.44,42.22,10.71,-22.47,539117,Strengthening,Average,29.58%,0.82,73.44,81.44,39%
ARDT,"Ardent Health Inc","Medical Services",10.47,-0.66%,3,Sell,"40% Buy",+1.75,-21.04%,10.24,10.86,9.93,10.77,43.47,-36.69,6.33,457646,Weakest,Weak,15.87%,0.93,10.39,11.15,11%
POCI,"Precision Optics Corp Inc","Medical Instruments",4.53,-2.27%,7,Buy,"24% Sell",+1.70,+3.08%,4.76,4.36,4.6,4.42,52.95,-12.57,-4.12,38746,Weakening,Weak,67.13%,10.02,4.1,4.74,66%
SKYH,"Sky Harbour Group Corp","Real Estate Developers",9.95,-0.60%,1,Sell,"24% Buy",+1.62,-1.29%,9.98,10.44,9.94,10.16,41.9,-16.94,-1.31,150264,Weakest,Weak,20.04%,1.05,9.76,10.55,24%
BWEN,"Broadwind Energy Inc","Machinery - General Industrial",4.22,-0.24%,1,Sell,"24% Buy",+1.58,+106.36%,4.27,4.45,3.61,4.15,47.89,90.71,36.88,497159,Weakest,Soft,66.14%,0.21,3.88,4.42,63%
BSBK,"Bogota Financial Corp","Banks - Northeast",9.1,-0.16%,2,Buy,"80% Buy",+1.51,+1.11%,8.97,9.1,8.78,9.13,48.77,-14.54,-4.55,8935,Weakening,Good,23.40%,0.35,8.97,9.28,41%
WMK,"Weis Markets","Retail - Supermarket",72.89,+1.21%,8,Sell,"8% Buy",+1.44,+0.07%,74.63,72.98,72.49,71.85,53.6,-15.58,1.49,156700,Weakening,Minimum,50.28%,0.77,69.89,73.8,77%
AVNW,"Aviat Networks Inc","Wireless Equipment",19.81,-1.39%,5,Sell,"56% Sell",+1.36,-12.11%,19.71,20.49,20.95,19.86,46.06,-27.76,-19.58,159788,Strengthening,Weak,51.35%,0.57,18.87,20.84,48%
VATE,"Innovate Corp","Conglomerates - Div Operations",7.4,-4.76%,2,Hold,"80% Sell",+1.33,+54.49%,11.19,7.78,9.94,7.47,45.36,38.84,51.48,157537,Strengthening,Soft,59.75%,0.23,6.69,8.25,45%
TACT,"Transact Tech Inc","Computers - Peripheral Equpt",4.71,-3.29%,4,Sell,"24% Buy",+0.99,-11.13%,4.9,5.14,4.39,5.1,35.14,-26.78,5.51,46237,Weakening,Weak,10.68%,2.27,4.8,5.4,-16%
WLKP,"Westlake Chemical Partners LP","Chemical - Specialty",21.55,-0.23%,3,Sell,"88% Sell",+0.98,+2.86%,22.2,21.65,22.25,21.56,49.74,-12.79,1.18,37276,Average,Soft,49.88%,0.34,21.1,22.02,49%
BOC,"Boston Omaha Corp Cl A","Real Estate Operations",13.23,-1.78%,3,Sell,"24% Buy",+0.87,+0.99%,13.54,13.92,13.11,13.61,36.47,-14.66,-5.29,163713,Weakening,Weak,20.05%,0.85,13.29,13.93,-9%
SSBI,"Summit State Bank","Banks - West",12.44,+0.06%,6,Sell,"72% Sell",+0.70,+2.91%,13.25,12.91,13.3,12.55,47.08,-12.74,-5.26,6007,Average,Soft,20.75%,0.25,12,13.1,40%
GHC,"Graham Holdings Company",Schools,1140.01,-1.29%,3,Sell,"24% Buy",+0.48,-3.78%,1150.32,1162.54,1129.79,1137.11,47.14,-19.43,-8.47,22403,Weakening,Minimum,62.22%,0.95,1105.2,1169.02,55%
SPSC,"Sps Commerce Inc","Business Services",81.01,-0.36%,3,Buy,"72% Buy",+0.41,-23.81%,66.62,76.81,63.52,81.54,52.89,-39.46,-21.35,663106,Weakening,Average,38.31%,0.54,77.68,85.39,43%
BOSC,"Bos Better Online","Computer - Networks",4.67,-1.48%,3,Buy,"48% Buy",+0.20,-2.30%,4.48,4.58,4.58,4.7,50.1,-17.95,-9.83,49224,Weakening,Weak,40.25%,0.73,4.61,4.8,33%
BBDO,"Banco Bradesco S.A. ADR","Banks - Foreign",3.04,-1.94%,10,Hold,"64% Sell",+0.07,+5.56%,3.11,3.15,3.22,3.14,42.91,-10.09,-6.32,74286,Average,Weak,23.19%,0.9,3.01,3.26,12%
AFL,"Aflac Inc","Insurance - Accident & Health",113.55,-0.15%,4,Sell,"24% Sell",+0.03,+1.97%,118.66,119.74,116.26,115.75,36.05,-13.68,-9.27,2345836,Average,Minimum,11.01%,0.71,113.09,118.41,9%
RGS,"Regis Corp","Retail - Misc & Diversified",28.05,-1.11%,2,Buy,"88% Buy",+0.02,-2.04%,27.72,27.69,26.66,27.87,52.66,-17.69,-11.16,8777,Average,Average,75.66%,0.9,26.69,29.05,58%
CVR,"Chicago Rivet & Machine Company","Machinery - Elect Utilities",10.151,-0.96%,1,Hold,"88% Sell",-0.01,-3.78%,10.25,10.17,11,10.17,49.59,-19.43,-39.26,4292,Average,Average,62.34%,0.93,9.81,10.53,47%
SRTA,"Strata Critical Medical Inc","Medical Services",5.23,-1.88%,1,Sell,"8% Sell",-0.41,+0.97%,5.55,5.51,5.2,5.33,42.47,-14.68,-3.51,942769,Average,Minimum,42.06%,0.7,5.11,5.55,27%
IIPR,"Innovative Industrial Properties","REIT - Equity Trust Other",55.21,-0.56%,2,Sell,"24% Sell",-0.55,+1.38%,58.62,57.73,56.7,56.26,40.54,-14.27,4.34,364049,Average,Minimum,20.84%,1.06,55.02,57.5,8%
ULTA,"Ulta Beauty Inc","Retail - Misc & Diversified",549.13,+0.72%,4,Buy,"40% Buy",-0.58,-0.52%,505.58,529.83,526.33,546.8,53.96,-16.17,-21.48,681635,Strengthening,Minimum,50.04%,0.68,531.36,562.24,58%
STAG,"Stag Industrial Inc","REIT - Equity Trust Other",37.01,+0.60%,5,Sell,"88% Sell",-0.60,+5.95%,38.13,37.79,38.12,37.28,45.86,-9.7,-11.56,1467920,Average,Average,31.75%,1.87,36.7,37.85,27%
IBOC,"Intl Bancshares","Banks - Southwest",69.53,-0.59%,7,Sell,"56% Sell",-0.65,-0.83%,73.39,72.62,72.01,70.53,38.33,-16.48,-7.59,350284,Average,Average,26.86%,1.14,68.92,72.15,19%
RIVN,"Rivian Automotive Cl A","Auto - Domestic",14.79,-4.40%,2,Sell,"80% Sell",-0.80,-5.13%,15.92,15.92,15.84,15.56,40.17,-20.78,-37.2,30987514,Strongest,Weak,19.88%,1.13,14.76,16.36,2%
PG,"Procter & Gamble","Consumer Prdts - Misc Staple",149.03,+1.91%,5,Buy,"8% Buy",-0.82,-2.28%,146.29,145.95,147.12,146.26,58.77,-17.93,-8.25,9748449,Weakening,Minimum,68.56%,1.03,143.27,149.25,96%
ELLO,"Ellomay Capital Ltd","Utility - Electric Power",20.7148,-5.76%,2,Buy,"56% Sell",-0.91,+19.88%,21.33,19.95,22.9,20.74,50.43,4.23,-26.99,6813,Weakening,Soft,45.81%,1.2,19.13,22.35,49%
BCC,"Boise Cascade L.L.C.","Building Products - Wood",76.59,-0.71%,2,Sell,"8% Buy",-0.92,-0.73%,75.49,79.15,76.1,76.49,47.02,-16.38,-8.18,412158,Weakest,Minimum,48.57%,1.41,74.11,78.86,52%
RYAM,"Rayonier Advanced Materials Inc","Paper & Related Products",8.15,-4.90%,4,Hold,"56% Sell",-0.99,+18.63%,8.49,8.59,9.03,8.51,42.6,2.98,26.13,976879,Strengthening,Weak,30.00%,1.01,8,9.02,14%
ENSG,"The Ensign Group IN","Medical - Nursing Homes",176.36,+0.67%,5,Sell,"40% Sell",-1.06,+2.24%,171.46,176.51,181.24,173.78,53.19,-13.41,-11.,511731,Weakest,Weak,65.44%,0.89,170.03,177.52,84%
GVA,"Granite Construction Incorporated","Building - Heavy Construction",115.77,+0.60%,1,Sell,"88% Sell",-1.11,+6.22%,130.19,120.8,128.7,116.33,45.62,-9.43,-11.88,722078,Average,Good,36.52%,1,111.41,121.25,44%
III,"Information Svcs Group",Consulting,5.37,+2.09%,6,Buy,"88% Buy",-1.15,-10.05%,4.53,4.87,4.41,5.22,62.2,-25.7,-19.33,264215,Strongest,Good,66.52%,2.36,4.98,5.46,81%
CSTE,"Caesarstone Sdot-Yam","Building & Construction - Misc",2.87,-2.38%,4,Buy,"88% Buy",-1.20,+95.24%,2.36,2.82,1.98,2.97,47.41,79.59,42.06,422199,Average,Strong,34.34%,0.29,2.72,3.22,31%
PCYO,"Pure Cycle Corp","Utility - Water Supply",10.93,+0.55%,1,Hold,"32% Buy",-1.30,-0.46%,10.89,11.06,10.85,11.07,43.4,-16.11,-12.79,63249,Weakening,Weak,37.10%,1.24,10.89,11.26,11%
BLZE,"Backblaze Inc Cl A","Internet - Software",13.54,+2.65%,2,Sell,"56% Buy",-1.45,+41.93%,12.65,14.89,9.73,13.38,46.35,26.28,178.32,2033075,Weakest,Average,51.29%,0.62,12.36,14.4,58%
CKX,"Ckx Lands","Real Estate Operations",10.7,-1.06%,2,Buy,"24% Buy",-1.69,-6.75%,10.82,10.89,10.71,10.87,47.7,-22.4,4.7,5990,Weakest,Weak,32.33%,0.21,10.35,11.39,34%
MHH,"Mastech Holdings Inc","IT Services",7.26,-1.22%,9,Sell,"8% Buy",-1.79,-6.68%,7.37,7.55,7,7.35,46.21,-22.33,-8.23,17678,Weakest,Weak,55.00%,0.12,7.15,7.55,28%
HIW,"Highwoods Properties","REIT - Equity Trust Other",29.41,-2.26%,2,Sell,"24% Buy",-1.84,-6.04%,30.05,31.52,27.55,30.53,36.85,-21.69,1.66,1448262,Weakest,Soft,18.45%,0.76,29.64,31.42,-13%
MDLZ,"Mondelez Intl Inc","Food - Misc & Diversified",60.18,-0.12%,4,Sell,"8% Buy",-2.13,-5.02%,61.54,62.08,60.4,61.58,39.24,-20.67,-0.44,9556881,Weakening,Minimum,12.52%,0.89,60.02,63.13,5%
RGCO,"Rgc Resources Inc","Oil - Refining and Marketing",21.6,+1.50%,2,Sell,"72% Sell",-2.15,-4.93%,22.7,21.78,22.52,21.41,51.26,-20.58,-10.83,12920,Weakening,Average,47.26%,0.81,20.81,22,66%
LUNR,"Intuitive Machines Inc","Aerospace - Defense",15.2,-2.63%,4,Hold,"64% Sell",-2.15,+50.79%,21.01,15.25,21.15,14.9,48.67,35.14,-18.59,12106343,Average,Average,72.78%,0.88,13.54,16.26,61%
RMCO,"Royalty Management Holding Corp","Finance - Investment Mgmt",2.56,-1.92%,1,Sell,"56% Sell",-2.32,+18.52%,2.59,2.66,2.82,2.69,41.45,2.87,-29.39,27444,Average,Weak,20.73%,0.37,2.45,2.93,23%
FSS,"Federal Signal Corp","Auto - Domestic",115.01,+0.23%,3,Sell,"40% Sell",-2.53,-5.91%,117.86,119.54,116.15,115.06,46.17,-21.56,-6.33,469549,Weakening,Weak,43.00%,1.01,111.41,118.72,49%
LASR,"Nlight Inc","Electronics - Semiconductors",39.55,-1.93%,1,Sell,"88% Sell",-2.67,+35.77%,60.81,51.23,62.4,40.09,38.75,20.12,-6.8,1336719,Strongest,Strong,58.08%,0.47,37.81,42.37,38%
AWX,"Avalon Holdings Corp","Pollution Controls",2.56,-1.02%,3,Sell,"24% Sell",-2.71,-1.92%,2.58,2.63,2.58,2.61,43.74,-17.57,-17.07,19107,Weakening,Minimum,25.69%,0.03,2.55,2.68,11%
EXTR,"Extreme Networks","Computer - Networks",21,-2.42%,2,Sell,"40% Sell",-2.77,+3.19%,26.58,24.47,23.17,21.88,35.14,-12.46,13.89,1904094,Strengthening,Weak,20.60%,1.03,21.05,22.71,-3%
ADV,"Advantage Solutions Inc","Consumer Prdts - Misc Discr",31.93,-3.59%,3,Sell,"24% Sell",-2.80,-18.13%,36.48,33.94,32.26,32.62,43.83,-33.78,32.9,83744,Average,Minimum,58.02%,0.82,31.02,34.22,28%
TCMD,"Tactile Systems Technology Inc","Medical Instruments",22.82,+0.40%,1,Sell,"88% Sell",-2.81,+65.60%,25.71,24.74,25.86,22.42,46.06,49.95,-33.55,317818,Average,Average,77.13%,0.48,21.73,23.11,79%
ISBA,"Isabella Bank Corp","Banks - Northeast",37.88,-1.48%,3,Sell,"100% Sell",-2.83,+7.77%,40.18,39.41,42.01,38.74,42.89,-7.88,-36.48,44950,Average,Average,32.08%,0.51,37.18,40.29,22%
MOD,"Modine Manufacturing Company","Auto - Truck Original Parts",175.04,-11.63%,7,Sell,"88% Sell",-3.18,+26.25%,231.98,197.56,230.07,186.98,39.62,10.6,18.87,1362885,Strongest,Good,56.03%,2.19,172.51,201.44,9%
TRC,"Tejon Ranch Company","Real Estate Operations",16.41,-0.24%,7,Sell,"72% Sell",-3.18,+1.99%,17.79,16.55,18.18,16.21,51.76,-13.66,-8.18,114424,Weakening,Good,54.60%,0.52,15.83,16.59,76%
KT,"Korea Telecom Corp ADR","Wireless Non-US",19.16,-2.74%,5,Hold,"16% Sell",-3.30,-0.83%,18.77,19.05,19.87,19.63,44.15,-16.48,-11.24,1612918,Weakest,Weak,37.23%,0.58,19.23,20.02,-9%
UG,"United Guardian Inc","Medical Products",7.1,+0.29%,2,Sell,"8% Buy",-3.47,-8.48%,7.17,7.25,6.99,7.15,46.29,-24.13,3.03,7719,Weakening,Minimum,25.64%,0.57,7.04,7.27,28%
BCBP,"Bcb Bancorp Inc","Banks - Northeast",8.55,-2.29%,4,Sell,"88% Sell",-3.53,-3.61%,9.75,9.03,9.49,8.61,42.36,-19.26,-6.29,155721,Strongest,Average,69.55%,1.05,8.38,8.85,36%
GBTG,"Global Business Travel Group Inc","Internet - Software",9.5,0.00%,5,Buy,"100% Buy",-3.78,+16.71%,9.42,9.45,8.21,9.47,67.62,1.06,11.94,2474778,Average,Good,43.33%,2.23,9.45,9.5,103%
HRI,"Herc Holdings Inc","Transportation - Equip & Lease",133.9,-1.08%,2,Sell,"40% Sell",-3.88,+12.64%,146.62,152.44,136.03,140.17,39.5,-3.01,-22.,594347,Average,Minimum,19.51%,0.76,130.95,149.39,16%
HNNA,"Hennessy Advisors","Finance - Investment Mgmt",10.03,-1.47%,4,Hold,"48% Buy",-4.03,-6.96%,10.06,10.06,9.98,10.26,43.08,-22.61,-7.76,11116,Weakening,Weak,11.31%,1.29,10.02,10.5,1%
SAIA,"Saia Inc","Transportation - Truck",330.25,+1.86%,3,Sell,"88% Sell",-4.06,+12.49%,405.67,363.69,398.58,344.07,37.95,-3.16,-11.1,473914,Strongest,Good,10.96%,0.9,325.73,362.4,12%
STIM,"Neuronetics Inc","Medical Instruments",2.56,-6.75%,6,Sell,"56% Buy",-4.70,-5.72%,2.04,2.66,1.85,2.86,39.67,-21.37,72.9,2086201,Weakening,Average,16.83%,0.46,2.63,3.09,-16%
CE,"Celanese Corp","Chemical - Specialty",45.92,-2.48%,6,Buy,"56% Sell",-4.93,+12.60%,48.56,45.4,52.52,45.94,49.47,-3.05,-3.63,2115906,Average,Average,49.94%,1.11,43.48,48.41,49%
BTG,"B2Gold Corp","Mining - Gold",5.28,-3.65%,3,Buy,"72% Buy",-4.95,+7.32%,4.65,4.96,4.72,5.4,49.58,-8.33,4.83,30727293,Weakening,Good,47.76%,0.96,5.11,5.68,29%
TLF,"Tandy Leather Fctry","Retail - Apparel & Shoes",2.59,-1.52%,4,Hold,"64% Buy",-5.09,-15.08%,2.45,2.54,2.42,2.62,49.41,-30.73,-17.71,35314,Average,Weak,36.66%,0.25,2.57,2.67,17%
UMAC,"Unusual Machines Inc","Wireless Equipment",23.96,-0.37%,5,Buy,"72% Buy",-5.14,+85.59%,22.43,24.05,20,23.63,50.08,69.94,75.83,4544952,Average,Average,54.41%,0.53,21.94,25.32,60%
BF.A,"Brown Forman Inc Cl A","Beverages - Alcohol",26.57,-0.45%,2,Sell,"56% Sell",-5.27,-0.64%,27.31,27.76,27.2,26.86,43.79,-16.29,-11.25,196046,Weakening,Minimum,32.04%,0.98,26.01,27.7,33%
VLTO,"Veralto Corporation","Waste Removal Svcs",96.2,-0.97%,2,Sell,"40% Buy",-5.48,-8.06%,91.66,96.27,91.22,95.92,50.71,-23.71,-15.83,1974566,Weakening,Soft,77.19%,0.76,93.47,98.37,56%
FWONK,"Liberty Media Formula One Sr C","Media Conglomerates",94.86,+0.26%,1,Sell,"24% Buy",-5.62,-9.60%,95.61,98.91,92.62,95.64,43.32,-25.25,-15.95,2011205,Weakest,Weak,31.28%,0.55,92.81,98.48,36%
MSCI,"MSCI Inc","Finance - Investment Mgmt",542.72,-1.57%,2,Sell,"88% Sell",-5.67,-4.01%,579.95,563.57,573.74,555.25,41.11,-19.66,-17.64,638870,Strongest,Good,38.42%,0.92,536.87,573.64,16%
ELWT,"Elauwit Connection Inc","Wireless National",6.7,-5.96%,2,Sell,"24% Sell",-5.69,N/A,7.34,7.56,7.14,7.15,40.53,N/A,19.91,42382,Average,Minimum,16.21%,0.76,6.82,7.48,-18%
NAAS,"Nass Technology Inc ADR","Electrical Power",3.23,-0.97%,6,Hold,"64% Buy",-5.70,-17.22%,3.13,3.24,2.85,3.18,50.59,-32.87,-16.73,14470,Weakest,Weak,56.21%,0.73,2.97,3.4,61%
CPK,"Chesapeake Utilities Corp","Utility - Gas Distribution",127.3,-1.14%,2,Sell,"8% Sell",-5.73,-5.06%,128.97,132.96,128.96,130.58,36.45,-20.71,-10.2,159205,Average,Weak,16.50%,1.01,127.25,133.91,1%
WYHG,"Wing Yip Food Holdings Group ADR","Food - Meat Products",3.88,-6.05%,2,Hold,"32% Buy",-5.80,-26.52%,4.27,4.58,3.51,4.35,42.98,-42.17,64.12,662476,Weakest,Weak,8.44%,0.02,3.49,5.2,23%
WWW,"Wolverine World Wide","Shoes and Related Apparel",19.13,+0.31%,2,Buy,"56% Buy",-5.87,-31.38%,18.25,19.61,17.84,19.48,46.84,-47.03,-6.84,1140721,Weakening,Weak,17.69%,0.83,18.65,20.31,29%
BKTI,"Bk Technologies Inc","Wireless Equipment",74.82,+0.05%,4,Sell,"88% Sell",-5.89,-6.92%,79.86,75.84,81.95,73.06,52.09,-22.57,-11.93,46381,Average,Average,79.52%,1.88,70.68,75.44,87%
NUCL,"Eagle Nuclear Energy Corp","Other Alt Energy",6.33,+2.76%,1,Sell,N/A,-6.03,N/A,8.03,6.64,0,6.42,44.55,N/A,N/A,N/A,N/A,N/A,40.01%,0.52,5.87,6.98,42%
BXSL,"Blackstone Secured Lending Fund","Finance - SBIC & Commercial",24.39,-1.09%,2,Hold,"32% Buy",-6.15,-9.63%,24,24.3,24.02,24.69,45.65,-25.28,-19.61,2087247,Weakest,Weak,26.26%,1.42,24.21,25.16,19%
DDL,"Dingdong [Cayman] Ltd ADR","Internet Commerce",2.19,-1.35%,3,Sell,"100% Sell",-6.15,+7.88%,2.32,2.3,2.43,2.23,43.69,-7.77,-24.29,1090073,Strongest,Average,52.17%,0.56,2.13,2.33,29%
NNI,"Nelnet Inc","Finance - Consumer Loans",124.05,-0.23%,4,Sell,"100% Sell",-6.44,-1.66%,129.69,128.93,130.91,126.06,34.75,-17.31,-18.94,135303,Strongest,Strong,17.06%,0.93,123.92,128.19,3%
GDRX,"Goodrx Holdings Inc Cl A","Medical Services",3.31,-1.19%,2,Sell,"56% Buy",-6.46,-18.07%,3.1,3.4,2.8,3.42,43.85,-33.72,9.9,1982255,Weakest,Soft,20.00%,0.5,3.28,3.56,12%
DFIN,"Donnelly Financial Solutions Inc","Internet Software Services",47.68,-2.53%,4,Hold,"48% Buy",-6.52,-7.33%,44.87,48.52,46.3,48.58,45.88,-22.98,-10.12,276754,Weakest,Weak,55.38%,0.83,47.07,50.1,20%
SIFY,"Sify Techs Ltd ADR","Internet - Services",13.33,-0.15%,1,Sell,"88% Sell",-6.53,+3.41%,15.16,14.51,14.87,13.93,37.88,-12.24,-2.89,61711,Strongest,Average,18.19%,0.81,13.08,14.79,15%
UTSI,"Utstarcom Holdings C","Communications Components",2.36,+1.51%,3,Hold,"64% Sell",-6.60,-5.04%,2.5,2.37,2.47,2.29,52.26,-20.69,-19.52,105930,Weakest,Average,58.55%,0.23,2.13,2.45,71%
LKFN,"Lakeland Finl Corp","Banks - Midwest",58.76,-1.26%,6,Sell,"40% Sell",-6.82,-10.66%,60.72,60.89,60.04,59.76,40.56,-26.31,-9.26,186534,Average,Weak,23.45%,0.94,58.36,61.15,14%
CNNE,"Cannae Holdings Inc","Finance - Investment Mgmt",15.58,-1.02%,4,Buy,"100% Buy",-6.98,-14.91%,14.7,15.2,13.87,15.52,52.95,-30.56,-13.19,569589,Average,Average,67.28%,0.94,15.04,15.99,57%
ADSE,"Ads-Tec Energy Plc","Electronic Misc Services",10.89,+0.74%,2,Sell,"56% Sell",-6.99,-6.44%,11.64,11.63,11.56,11.33,38.19,-22.09,-26.36,13896,Average,Average,19.33%,1,10.76,11.9,12%
ALLE,"Allegion Plc","Protection - Safety",155.38,+0.59%,3,Sell,"40% Buy",-7.34,-11.22%,145.35,157.33,145.57,153.88,51.22,-26.87,-14.65,1078853,Average,Weak,51.37%,0.8,150.57,157.19,73%
UNB,"Union Bankshares Inc","Banks - Northeast",23.14,-1.95%,3,Sell,"100% Sell",-7.41,-8.32%,23.97,23.88,24,23.7,37.78,-23.97,-14.73,12368,Strongest,Average,23.44%,0.87,23.28,24.11,-17%
BF.B,"Brown Forman Cl B","Beverages - Alcohol",26.03,-0.50%,2,Sell,"56% Sell",-7.51,-3.95%,26.77,27.27,26.7,26.38,43.56,-19.6,-12.36,4162647,Average,Minimum,29.38%,0.88,25.53,27.24,29%
GFL,"Gfl Environmental Inc","Waste Removal Svcs",41.4,-2.06%,6,Buy,"56% Buy",-7.53,-11.22%,39.12,41.43,39.97,42.35,46.83,-26.87,-15.85,2333563,Weakest,Weak,24.09%,1.11,40.99,43.71,15%
CTW,"Ctw Cl A",Gaming,2.11,+0.48%,2,Sell,"40% Sell",-7.70,+0.48%,2.48,2.44,2.37,2.29,36.3,-15.17,9.73,33618,Weakening,Weak,15.87%,1.15,1.98,2.6,21%
GGG,"Graco Inc","Machinery - General Industrial",78.25,+0.50%,1,Sell,"56% Sell",-7.82,-7.63%,77.22,79.07,80.19,77.11,52.37,-23.28,-16.78,1359500,Weakest,Soft,73.69%,0.71,75.71,78.5,91%
CLF,"Cleveland-Cliffs Inc","Steel - Producers",11.22,-7.88%,4,Hold,"32% Buy",-8.04,-9.30%,11.57,11.78,10.85,12.14,41.77,-24.95,-27.75,18107523,Weakest,Weak,37.56%,1.39,11.29,12.99,-4%
AXR,"Amrep Corp","Real Estate Developers",22.28,-0.40%,2,Sell,"88% Sell",-8.17,-9.87%,24.33,23.06,25.18,22.82,40.78,-25.52,6.27,9467,Strongest,Average,41.98%,0.18,22.31,23.33,-3%
MLP,"Maui Land & Pineapple Company","Real Estate Operations",16.17,+0.50%,4,Sell,"72% Sell",-8.48,-15.03%,16.7,16.38,16.44,16.13,50.19,-30.68,-16.79,18153,Weakening,Weak,64.70%,0.45,15.8,16.45,57%
MATV,"Mativ Holdings Inc","Chemical - Specialty",11.84,-0.67%,4,Hold,"64% Buy",-8.52,+3.77%,9.7,11.28,9.55,12.19,48.27,-11.88,-14.79,457207,Weakening,Good,29.18%,0.62,11.65,12.72,18%
ACHC,"Acadia Healthcr Company","Medical - Hospitals",27.91,-0.64%,4,Sell,"8% Buy",-8.71,+13.78%,28.21,29.74,27.1,28.17,45.84,-1.87,84.45,2959872,Weakening,Weak,36.72%,0.57,27.26,29.08,36%
TRN,"Trinity Industries","Transportation - Equip & Lease",27.6,-1.11%,1,Sell,"88% Sell",-8.95,-1.57%,32.5,30.43,32.47,28.11,33.37,-17.22,-7.85,739258,Strongest,Strong,29.47%,1.98,27.56,28.66,3%
BWMN,"Bowman Consulting Group Ltd","Business Services",42.61,+0.09%,4,Buy,"100% Buy",-9.04,+1.26%,34.22,37.73,32.95,42.52,81.03,-14.39,16.8,201452,Average,Strong,49.04%,1.57,42.39,42.66,82%
BNTX,"Biontech Se ADR","Medical - Biomedical",99.08,+0.57%,2,Hold,"64% Buy",-9.22,+1.02%,94.73,98.08,95.54,99.21,49.66,-14.63,-8.16,1103983,Strengthening,Weak,44.07%,0.63,94.36,104.06,49%
MH,"McGraw Hill Inc",Schools,12.5,-1.81%,5,Buy,"32% Buy",-9.26,-9.09%,11.63,12.25,12.25,13.01,45.56,-24.74,-36.48,620318,Weakest,Minimum,44.81%,1.75,12.11,13.9,22%
RACE,"Ferrari N.V.","Auto - Truck Original Parts",398,-3.24%,1,Hold,"64% Buy",-9.57,-16.27%,380.12,405.85,368.78,410.86,41.11,-31.92,-4.54,610718,Weakening,Average,42.26%,1.62,400.3,421.43,-11%
PPHC,"Public Policy Holding Company Inc","Conglomerates - Div Operations",11.23,+1.54%,7,Hold,N/A,-9.68,N/A,10.43,10.89,11.36,11.56,48.67,N/A,N/A,N/A,N/A,N/A,28.33%,1.2,10.43,12.68,35%
CAL,"Caleres Inc","Shoes and Related Apparel",12.53,+0.08%,5,Sell,"8% Sell",-9.96,-8.21%,12.8,12.82,12.43,12.23,50.66,-23.86,-9.28,635487,Weakest,Minimum,45.99%,0.83,11.66,12.8,77%
TKO,"Tko Group Holdings Cl A","Movie & TV Production & Dist",181.58,-0.60%,5,Hold,"96% Sell",-10.22,-8.77%,192.18,188.49,193.86,188.48,39.34,-24.42,-25.36,1245432,Strongest,Average,17.42%,0.86,180.9,196.07,4%
BCO,"Brink's Company","Financial Transaction Services",104.75,-1.94%,4,Sell,"72% Sell",-10.28,-10.47%,107.7,112.13,108.34,107.62,41.04,-26.12,-22.5,449786,Strengthening,Weak,23.35%,0.91,104,111.23,10%
SHIM,"Shimmick Corp","Engineering & R&D Services",3.09,-2.06%,1,Sell,"88% Sell",-10.48,+16.60%,3.88,3.72,3.96,3.44,35.09,0.95,-6.42,133354,Strongest,Average,9.50%,1.55,3.11,3.77,-3%
AIG,"American International Group","Insurance - Multi Line",72.78,-1.87%,3,Sell,"72% Sell",-10.78,-6.67%,76.67,76.91,76.73,75.4,32.68,-22.32,-27.17,4329361,Strongest,Average,14.93%,1.14,73.58,77.21,-22%
CING,"Cingulate Inc","Medical - Biomedical",4.82,-0.21%,2,Sell,"56% Sell",-10.98,+26.51%,4.93,5.08,5.44,5.11,38.87,10.86,-1.18,381433,Average,Weak,22.50%,1.32,4.88,5.34,-13%
WAL,"Western Alliance Bancorp","Banks - West",76.55,-1.37%,4,Sell,"72% Sell",-11.04,-13.28%,80.14,80.18,78.67,78.55,40.79,-28.93,-21.18,1150261,Average,Soft,33.03%,0.87,75.74,81.37,14%
FN,Fabrinet,"Electronics - Misc Components",409.96,-1.78%,2,Sell,"88% Sell",-11.06,+14.23%,527.34,453.76,550.44,400.87,46.98,-1.42,-22.19,823909,Average,Strong,64.71%,0.91,376.41,425.33,69%
JG,"Aurora Mobile Ltd ADR","Internet - Software",6.8,+0.15%,4,Buy,"56% Buy",-11.27,-16.36%,5.52,5.74,6.09,6.41,59.82,-32.01,-3.44,5716,Average,Soft,86.87%,0.36,5.93,6.89,90%
ZKH,"Zkh Group Limited ADR","Internet - Services",2.85,-0.35%,3,Sell,"56% Sell",-11.52,0.00%,2.83,2.91,2.94,2.9,46.49,-15.65,-34.79,172100,Average,Weak,50.13%,0.55,2.8,3,24%
APT,"Alpha Pro Tech","Protection - Safety",5.04,-1.95%,1,Sell,"24% Sell",-11.57,+3.49%,5.37,5.2,5.16,5.22,43.66,-12.16,1.27,54772,Weakening,Minimum,24.28%,0.76,4.99,5.45,11%
JYNT,"The Joint Corp","Medical - HMO",8.1,-1.58%,5,Sell,"100% Sell",-11.95,-17.93%,8.61,8.38,8.65,8.3,41.44,-33.58,-19.35,81939,Strongest,Average,44.57%,0.73,7.94,8.65,22%
SMA,"Smartstop Self Storage REIT Inc","REIT - Equity Trust Other",31.2,-1.67%,3,Sell,"40% Sell",-11.99,-15.45%,32.71,33.35,32.4,32.23,34.53,-31.1,-11.4,778751,Strengthening,Soft,14.89%,1.07,31.28,33.18,-4%
VERA,"Vera Therapeutics Inc Cl A","Medical - Biomedical",32.5,-0.12%,6,Hold,"80% Sell",-12.04,+15.25%,35.3,33.49,36.85,34.11,45.06,-0.4,-48.06,1596906,Strengthening,Soft,26.95%,0.65,31.83,36.4,15%
ENTX,"Entera Bio Ltd","Medical - Biomedical",2.69,-2.00%,3,Sell,"48% Buy",-12.33,+47.80%,2.15,2.89,1.84,2.89,40.2,32.15,26.42,965445,Weakest,Good,16.25%,0.15,2.7,3.08,-4%
GEG,"Great Elm Group Inc","Conglomerates - Div Operations",2.15,-0.46%,4,Hold,"24% Sell",-12.41,-19.17%,2.2,2.17,2.14,2.18,44.92,-34.82,-27.93,25081,Weakest,Minimum,13.33%,1.12,2.13,2.23,21%
LMAT,"Lemaitre Vascular","Medical Products",82.34,+1.01%,4,Sell,"88% Sell",-12.54,-2.20%,91.64,85.64,97.68,80.39,52.37,-17.85,-10.71,271119,Weakening,Good,83.98%,0.69,78.56,82.23,103%
DXR,"Daxor Corp","Medical - Outpatient & Hm Care",11.35,+3.09%,8,Buy,"56% Buy",-12.57,-5.81%,10.48,10.64,10.62,11.02,55.69,-21.46,-35.29,10269,Strengthening,Weak,55.06%,0.6,10.14,11.89,69%
CVGI,"Commercial Vehicle G","Auto - Truck Original Parts",2.96,-0.67%,5,Sell,"72% Sell",-12.76,+74.12%,4.24,3.48,3.93,3.06,38.35,58.47,93.32,644021,Strengthening,Soft,19.72%,0.77,2.9,3.22,19%
CLPR,"Clipper Realty Inc","REIT - Equity Trust Other",3.28,-1.20%,5,Buy,"56% Buy",-12.77,-14.14%,3.1,3.16,3.13,3.33,48.61,-29.79,-26.38,81227,Weakening,Weak,44.75%,2.08,3.18,3.49,32%
BUDA,"Buda Juice Inc","Beverages - Soft",7.96,+11.33%,1,Sell,N/A,-12.88,N/A,8.62,8.26,8.93,7.81,50.26,N/A,N/A,N/A,N/A,N/A,22.44%,0.81,7.2,8.43,62%
HOV,"Hovnanian Enterprises Inc","Building - Residential & Comm",113.48,-1.45%,1,Sell,"40% Sell",-13.08,-12.94%,122.24,125.48,118.93,117.14,41.79,-28.59,4.1,118141,Average,Minimum,15.41%,0.69,111.16,123.12,19%
TBCH,"Turtle Beach Corp","Computers - Peripheral Equpt",12.69,-0.39%,3,Sell,"56% Buy",-13.10,-17.38%,12.54,12.62,12.23,12.53,51.53,-33.03,-21.79,300907,Weakest,Weak,77.69%,0.93,11.99,13.07,65%
PXLW,"Pixelworks Inc","Technology Services",6.98,+0.72%,6,Buy,"96% Buy",-13.13,-27.37%,6.46,6.64,6.22,6.98,51.88,-43.02,-2.49,64369,Strengthening,Average,53.68%,0.8,6.67,7.28,51%
SRI,"Stoneridge Inc","Electronics - Misc Components",6.67,-3.75%,4,Sell,"40% Sell",-13.20,-11.42%,7.2,7.16,6.92,7.11,38.9,-27.07,2.96,204449,Strengthening,Minimum,24.66%,0.84,6.75,7.46,-12%
INKT,"Mink Therapeutics Inc","Medical - Biomedical",12.11,-0.57%,5,Buy,"64% Buy",-13.47,-13.25%,11.42,11.39,11.29,11.79,55.19,-28.9,-3.63,107520,Average,Weak,65.24%,1.24,10.96,12.62,69%
XLO,"Xilio Therapeutics Inc","Medical - Biomedical",9.05,+0.11%,3,Sell,"72% Buy",-13.48,-18.78%,8.79,9.03,8.54,8.98,51.67,-34.43,-11.27,35171,Strengthening,Weak,26.43%,0.78,8.85,9.12,76%
NEPH,"Nephros Inc","Medical Products",4.03,-4.73%,3,Hold,"48% Buy",-13.70,-9.44%,3.78,4.11,3.6,4.28,44.49,-25.09,-29.66,31626,Weakest,Weak,14.19%,2.17,4,4.55,6%
ALTG,"Alta Equipment Group Inc","Machinery - General Industrial",5.78,-7.07%,4,Sell,"72% Sell",-13.77,-19.72%,6.51,6.39,6.49,5.95,43.72,-35.37,13.41,234994,Strengthening,Soft,43.48%,2.51,5.62,6.28,25%
JLHL,"Julong Holding Limited Cl A","Building & Construction - Misc",5.92,+2.33%,2,Sell,"72% Sell",-13.99,+48.37%,13.2,6.58,11.27,5.83,45.6,32.72,34.66,979777,Weakening,Soft,46.23%,0.04,5.28,6.39,58%
CXDO,"Crexendo Inc","Internet - Services",5.86,-3.78%,1,Sell,"72% Sell",-14.72,-12.54%,7.38,6.36,7.09,5.83,44.53,-28.19,-21.67,356671,Average,Average,72.12%,0.62,5.55,6.11,55%
CRNT,"Ceragon Networks Ltd","Wireless Non-US",2.07,-1.90%,7,Hold,"80% Sell",-15.28,-12.66%,2.38,2.13,2.37,2.08,46.38,-28.31,-13.67,543337,Strengthening,Average,51.52%,0.74,1.99,2.16,46%
LINK,"Interlink Electronics Inc","Electronic Misc Services",5.93,+6.85%,3,Buy,"100% Buy",-15.39,-34.69%,4.75,5.13,4.19,5.46,61.23,-50.34,40.6,55109,Strongest,Strong,46.04%,8.81,4.92,6,93%
STRR,"Star Equity Holdings Inc","Conglomerates - Div Operations",9.85,-3.15%,3,Sell,"56% Sell",-15.53,-13.60%,10.65,10.54,10.36,10.23,41.18,-29.25,-24.68,6896,Strengthening,Soft,57.18%,0.35,9.77,10.7,9%
NTLA,"Intellia Thera CS","Medical - Biomedical",11.42,-2.81%,2,Hold,"64% Sell",-15.60,-29.98%,13.07,11.94,13.26,12.2,40.48,-45.63,14.79,4951785,Strengthening,Soft,30.91%,0.9,11.27,13.13,8%
AFRM,"Affirm Holdings Inc Cl A","Internet - Software",67.21,-6.03%,1,Sell,"8% Buy",-15.61,-11.60%,73.13,73.61,66.33,71.23,40.2,-27.25,-21.94,5249142,Weakening,Minimum,45.88%,0.84,67.11,75.34,1%
ELTK,"Eltek Ltd","Electronics - Misc Components",8.15,+0.37%,5,Hold,"96% Sell",-15.62,-25.91%,8.64,8.43,8.65,8.16,48,-41.56,-18.02,13740,Strengthening,Average,30.16%,0.42,7.6,8.72,49%
USAU,"U.S. Gold Corp","Mining - Gold",14.8,-5.07%,3,Hold,"64% Sell",-15.73,-8.81%,15.33,15.08,15.7,15.53,42.34,-24.46,-35.99,280241,Average,Weak,46.54%,0.86,14.62,16.45,10%
MKTX,"Marketaxess Holdings","Finance - Investment Brokers",163.94,-0.15%,9,Buy,"72% Buy",-15.88,-8.99%,140.14,155.54,150.91,163.33,78.72,-24.64,-21.79,753852,Average,Soft,85.56%,1.06,162.56,164.09,90%
TSLX,"Sixth Street Specialty Lending Inc","Finance - SBIC & Commercial",18.11,-0.17%,1,Sell,"16% Sell",-15.97,-20.57%,17.68,18.15,17.93,18.15,48.4,-36.22,-28.86,726052,Weakening,Minimum,56.83%,0.62,17.65,18.65,46%
REFI,"Chicago Atlantic Real Estate Finance Inc","Finance - Misc Services",10.66,+0.09%,7,Buy,"56% Sell",-16.16,-19.79%,10.83,10.5,11.21,10.83,46.9,-35.44,-25.29,167401,Weakest,Average,14.68%,1.21,10.56,11.09,19%
TMDX,"Transmedics Group Inc","Medical Instruments",82.73,-3.00%,3,Hold,"32% Sell",-16.22,-27.35%,77.66,84.54,90.37,85.96,43.34,-43.,-44.23,991389,Weakening,Weak,41.46%,0.51,81.81,90.1,11%
GNTX,"Gentex Corp","Auto - Truck Original Parts",22.34,-1.06%,4,Sell,"88% Sell",-16.41,-22.70%,23.77,23.19,23.26,22.49,43.74,-38.35,-16.24,2321646,Strengthening,Average,34.55%,1.12,21.91,23.07,37%
CYH,"Community Health Systems","Medical - Hospitals",2.89,-1.70%,9,Hold,"88% Sell",-16.49,-9.12%,3,2.93,3.03,2.92,46.36,-24.77,-19.61,1594615,Strengthening,Average,41.11%,0.86,2.83,3.01,31%
VTEX,"Vtex Cl A","Internet - Software",3.58,-0.83%,5,Sell,"48% Sell",-16.52,-17.13%,3.8,3.83,3.83,3.61,41.47,-32.78,-17.03,1146169,Average,Weak,42.03%,0.79,3.53,3.69,32%
NXT,"Nextpower Inc",Solar,79.13,-2.13%,3,Sell,"100% Sell",-16.69,+8.29%,107.28,90.59,109.74,81.97,39.38,-7.36,-21.4,2363070,Strongest,Strong,29.81%,0.83,78.4,85.54,10%
VIV,"Telecomunicacoes DE Sao Paulo ADR","Diversified Comm Services",11.29,-2.16%,6,Sell,"100% Sell",-16.70,-8.14%,12.85,12.1,13.9,11.78,34.08,-23.79,-17.05,1133373,Strongest,Strong,13.09%,0.55,11.43,12.14,-19%
VIVO,"Vivopower Plc","IT Services",3.94,-4.37%,3,Sell,"8% Buy",-16.83,-15.81%,4.43,4.02,3.8,3.92,47.86,-31.46,61.71,1006313,Weakening,Minimum,65.88%,0.79,3.68,4.17,53%
PUSA,"Aureus Greenway Holdings Inc","Leisure & Recreation Services",3.65,-1.88%,2,Buy,"56% Sell",-16.99,+27.18%,3.89,3.5,3.97,3.68,50.33,11.53,3.63,880229,Average,Weak,54.29%,0.96,3.42,3.95,44%
FBGL,"Fbs Global Limited","Building & Construction - Misc",4.3,+12.01%,3,Hold,"80% Sell",-17.08,-39.53%,5.05,4.39,5.59,3.93,53.42,-55.18,-67.89,148277,Weakening,Good,20.11%,0.19,3.48,4.38,91%
CAE,"Cae Inc","Aerospace - Defense Equipment",24.28,-2.33%,6,Sell,"88% Sell",-17.10,-14.84%,25.33,25.17,25.97,24.17,47.04,-30.49,-32.42,783727,Strengthening,Good,77.75%,0.94,23.44,24.91,57%
ATHM,"Autohome Inc ADR","Internet - Services",21.21,-0.56%,1,Sell,"24% Buy",-17.14,-26.96%,20.25,22.04,19.64,21.53,43.15,-42.61,-16.96,695232,Weakest,Weak,38.34%,0.3,20.92,22.14,24%
MED,"Medifast Inc","Food - Misc & Diversified",11.71,-3.78%,3,Hold,"64% Buy",-17.25,-14.59%,11.63,11.56,11.25,12.11,45.42,-30.24,-2.6,224536,Weakening,Weak,28.84%,0.73,11.62,12.61,9%
ORN,"Orion Group Holdings Inc","Building - Heavy Construction",8.35,-2.68%,2,Sell,"88% Sell",-17.54,-3.58%,12.24,9.85,12.13,9.03,30.77,-19.23,-28.24,414927,Strongest,Strong,11.44%,0.87,8.52,9.55,-16%
AIRI,"Air Industries Group Inc","Aerospace - Defense",2.649,+1.88%,4,Buy,"40% Sell",-17.64,-15.10%,2.79,2.61,2.94,2.63,52.03,-30.75,-25.95,84443,Weakest,Good,44.73%,0.11,2.55,2.71,62%
CREX,"Creative Realities Inc","Internet - Software",2.45,-1.01%,4,Sell,"96% Sell",-17.78,+6.74%,3.35,2.91,3.45,2.67,35.23,-8.91,-18.18,45484,Strongest,Maximum,10.00%,0.35,2.43,2.91,6%
TSLA,"Tesla Inc","Auto - Domestic",357.45,-3.94%,4,Buy,"56% Sell",-18.08,-18.84%,378.79,347.78,380.23,366.12,47.06,-34.49,-32.76,53958152,Average,Average,46.90%,1.02,349.65,382.58,24%
DHI,"D.R. Horton","Building - Residential & Comm",139.42,-1.48%,1,Sell,"100% Sell",-18.11,-16.61%,147.43,144.65,147.18,140.37,45.44,-32.26,-15.44,2660272,"Top 1%",Good,59.65%,1.07,135.74,145,40%
SHAZ,"Sharonai Holdings Inc","IT Services",52.91,-3.24%,8,Hold,N/A,-18.14,-3.80%,63.98,58.21,52.5,55.82,43.85,-19.45,2672.5,N/A,N/A,N/A,38.53%,0.79,49.76,61.87,26%
XBIT,"Xbiotech Inc","Medical - Biomedical",2.15,-0.92%,1,Sell,"100% Sell",-18.15,-20.37%,2.31,2.24,2.34,2.19,38.77,-36.02,-22.28,38174,Strongest,Good,15.38%,1.02,2.13,2.25,20%
LINC,"Lincoln Educational",Schools,21.72,-3.29%,3,Sell,"88% Sell",-18.71,-5.24%,39.69,30.55,39.55,24.58,21.77,-20.89,-22.3,582448,Strongest,Strong,10.78%,0.9,22.62,26.54,-23%
RMTI,"Rockwell Medical IN","Medical Products",8.63,+3.11%,2,Buy,"40% Buy",-19.21,-32.05%,7.23,7.64,7.9,8.18,62.44,-47.7,-8.7,42086,Average,Weak,76.75%,0.67,7.54,8.81,86%
BEEP,"Mobile Infrastructure Corp","Real Estate Operations",2.83,-1.39%,3,Buy,"72% Buy",-19.28,-17.73%,2.21,2.54,2.26,2.89,53.85,-33.38,-1.26,54222,Weakening,Good,69.04%,0.59,2.75,3.03,29%
TAC,"Transalta Corp","Utility - Electric Power",11.81,+2.43%,2,Sell,"88% Sell",-19.49,-13.29%,12.95,12.45,12.94,11.98,44.56,-28.94,-18.81,1624343,Strengthening,Good,23.61%,1.18,11.47,12.48,34%
SPCB,"Supercom Ltd","Protection - Safety",9.06,-2.27%,2,Sell,"40% Sell",-19.80,-29.74%,10.72,10.41,9.98,9.83,28.58,-45.39,-12.13,76981,Strengthening,Weak,8.80%,0.56,9.19,10.46,-10%
ELVA,"Electrovaya Inc","Electronics Products - Misc",6.13,-3.46%,4,Sell,"88% Sell",-19.81,+0.66%,8.8,7.44,8.68,6.55,37.49,-14.99,-34.65,671887,Strongest,Strong,20.99%,0.88,6.05,7.04,8%
NSSC,"Napco Sec Tech Inc","Protection - Safety",35.06,-1.68%,4,Sell,"100% Sell",-19.84,-18.73%,37.04,36.98,39.09,36.01,38.39,-34.38,-28.16,476223,Strengthening,Average,28.75%,0.77,34.95,37.08,5%
TATT,"T A T Tech Ltd","Aerospace - Defense Equipment",35.64,-5.14%,6,Sell,"100% Sell",-20.09,-10.94%,40.3,39.04,42.24,37.95,36.53,-26.59,-32.44,181788,Strongest,Average,18.50%,1.09,35.82,40.08,-4%
OFLX,"Omega Flex Inc","Steel - Pipe & Tube",25.67,+0.51%,1,Sell,"100% Sell",-20.28,-18.74%,28.95,27.83,29.97,25.95,41.83,-34.39,-25.05,43011,Strengthening,Strong,29.72%,0.75,25.05,26.86,34%
GXO,"Gxo Logistics Inc","Transportation - Air Freight",44.77,-0.95%,3,Sell,"100% Sell",-20.39,-16.41%,48.97,48.03,51.14,46.13,41.09,-32.06,-27.19,1342063,Strongest,Strong,24.78%,0.96,44.21,48.06,15%
AUNA,"Auna Sa Cl A","Medical Services",5.02,-1.57%,4,Sell,"24% Sell",-20.59,-24.62%,5.04,5.19,5.15,5.17,40.99,-40.27,-10.21,305283,Weakening,Minimum,20.74%,1.22,5.02,5.33,1%
APYX,"Apyx Medical Corp","Medical Products",2.5,-15.54%,1,Sell,"88% Sell",-20.69,+23.76%,3.76,3.32,3.71,2.97,28.63,8.11,-40.81,134602,Strongest,Strong,29.47%,2.99,2.71,3.22,-42%
NVR,"NVR Inc","Building - Residential & Comm",6267.8901,-0.47%,2,Sell,"72% Sell",-20.72,-21.97%,6292.04,6299.18,6430.35,6242.53,49.89,-37.62,-26.29,29497,Weakening,Soft,64.97%,1.02,6091.35,6393.71,58%
GRRR,"Gorilla Technology Group Inc","Technology Services",13.71,-2.14%,1,Hold,"16% Sell",-20.83,-31.11%,15.07,13.63,14.02,13.77,48.22,-46.76,13.31,1015419,Weakening,Minimum,65.89%,0.32,12.57,14.97,47%
DSWL,"Deswell Inds Inc","Electronics - Misc Components",3.08,-0.65%,7,Sell,"100% Sell",-20.89,-22.42%,3.32,3.19,3.32,3.09,46.08,-38.07,-23.22,11444,Strongest,Strong,34.67%,1.51,2.95,3.22,47%
PHUN,"Phunware Inc","Internet - Software",2,+1.52%,3,Sell,Hold,-20.98,-27.80%,2.05,2.08,2,2.02,44.84,-43.45,-4.13,138057,Bearish,,23.51%,0.78,1.94,2.1,38%
ALK,"Alaska Air Group","Transportation - Airline",39.7,-3.03%,4,Sell,"88% Sell",-21.10,-21.97%,44.61,43.81,43.51,40.72,41.51,-37.62,-33.31,3512640,Strongest,Average,29.03%,1.37,39.19,42.25,17%
UTZ,"Utz Brands Inc","Food - Misc & Diversified",14.25,+0.07%,6,Buy,"100% Buy",-21.24,+17.57%,10.73,14.04,9.79,14.23,72.02,1.92,25.04,2343921,Strengthening,Strong,32.51%,0.2,14.19,14.28,69%
OEC,"Orion S.A.","Chemical - Specialty",5.87,-0.34%,1,Sell,"88% Sell",-21.52,-26.35%,6.65,6.35,6.49,5.93,44.64,-42.,-1.07,598321,Strongest,Soft,47.78%,0.92,5.65,6.21,40%
SHEN,"Shenandoah Telecom","Diversified Comm Services",11.35,-3.49%,2,Sell,"88% Sell",-21.80,-14.60%,13.64,12.25,14.14,12,37.09,-30.25,-14.06,435318,Strongest,Strong,36.42%,1.03,11.27,12.73,6%
CHNR,"China Natural Res","Mining - Misc",3.92,-3.92%,3,Hold,"40% Sell",-22.12,-20.00%,3.98,3.92,3.96,3.88,50.77,-35.65,-3.2,262461,Weakening,Minimum,53.61%,0.22,3.67,4.08,61%
LPTH,"Lightpath Tech Inc","Electronics - Misc Components",9.83,-1.50%,1,Sell,"72% Sell",-22.39,+24.43%,12.68,11.38,12.49,9.8,43.64,8.78,-21.22,3070457,Strengthening,Average,55.60%,0.69,9.02,10.58,52%
OPXS,"Optex Systems Hlds","Aerospace - Defense Equipment",10.45,+0.29%,4,Sell,"88% Sell",-22.43,-20.11%,11.55,10.92,11.8,10.34,46.6,-35.76,-38.54,44601,Weakening,Average,59.00%,0.23,9.98,10.71,65%
BXC,"Bluelinx Holdings Inc","Building Products - Wood",74.9,-1.90%,3,Hold,"64% Buy",-23.36,+1.11%,64.84,75.37,61.71,77.66,46.1,-14.54,9.69,130070,Weakening,Good,27.11%,1.02,72.3,83.01,24%
ITRG,"Integra Resources Corp","Mining - Misc",2.59,-5.82%,5,Hold,"32% Sell",-23.36,-12.20%,2.54,2.6,2.74,2.77,43.19,-27.85,-47.65,2763740,Weakening,Weak,28.57%,0.79,2.62,2.92,-12%
ASTE,"Astec Inds Inc","Machinery - Construct & Mining",41.11,-0.41%,2,Sell,"100% Sell",-23.42,-13.85%,49.33,45.2,52.15,41.73,40.64,-29.5,-17.34,221949,Strengthening,Strong,32.98%,0.62,40.03,43.44,32%
DAIO,"Data I O Corp","Electronics - Misc Components",2.85,0.00%,3,Sell,"72% Sell",-23.70,-15.68%,3.24,2.94,3.02,2.82,46.92,-31.33,-22.33,46328,Strengthening,Weak,45.03%,0.3,2.73,2.92,64%
JL,"J-Long Group Limited","Textile - Apparel",4.66,-3.92%,2,Sell,"88% Sell",-23.91,-28.85%,5.64,5.07,5.69,4.73,45.87,-44.5,-36.04,36750,Strengthening,Good,74.44%,0.11,4.41,5.06,39%
ACIC,"American Coastal Insurance Corp","Insurance - Proprty & Casualty",9.26,-1.49%,4,Sell,"100% Sell",-23.92,-20.03%,10.23,9.74,10.66,9.29,44.72,-35.68,-38.92,251332,Average,Maximum,45.07%,1.21,9.03,9.56,44%
GDDY,"Godaddy Inc","Internet Services - Delivery",93.71,-3.53%,6,Buy,"40% Buy",-24.27,-33.73%,90.99,96.27,88.95,98.94,45.17,-49.38,-36.72,2256113,Weakest,Weak,29.97%,0.99,92.11,105.76,12%
PSEC,"Prospect Capital Corp","Finance - Investment Mgmt",2.13,-2.74%,1,Sell,"100% Sell",-24.93,-18.39%,2.26,2.22,2.4,2.2,39.8,-34.04,-30.,4813256,Strongest,Good,19.32%,1.47,2.14,2.26,-9%
WAVE,"Eco Wave Power Global Ab ADR","Other Alt Energy",6.05,0.00%,1,Sell,"72% Sell",-25.16,-25.49%,7.71,6.72,7.22,5.92,46.8,-41.14,-8.63,32472,Average,Average,52.07%,1.45,5.45,6.38,65%
SLVM,"Sylvamo Corp","Paper & Related Products",34.98,-2.73%,2,Sell,"100% Sell",-25.24,-18.76%,38.07,37.01,39.58,35.7,41.88,-34.41,-39.59,333454,Strongest,Strong,41.76%,1.02,34.46,36.93,21%
MDXG,"Mimedx Group Inc","Medical - Biomedical",4.68,+0.21%,9,Buy,"72% Buy",-25.41,-32.56%,4.11,4.44,4.09,4.66,54.49,-48.21,-43.11,1253579,Average,Weak,48.31%,0.69,4.44,4.89,54%
DTST,"Data Storage Corp","Internet - Services",3.28,+4.63%,6,Buy,"56% Sell",-25.47,-23.30%,3.36,3.08,3.56,2.97,60.95,-38.95,-48.28,31112,Weakest,Good,46.04%,1.3,2.74,3.21,115%
GNLX,"Genelux Corp","Medical - Biomedical",2.47,-0.40%,1,Sell,"100% Sell",-25.47,-41.19%,2.81,2.68,2.76,2.51,44.4,-56.84,-55.59,226021,Strengthening,Soft,35.71%,0.36,2.38,2.64,34%
WYFI,"Whitefiber Inc","Technology Services",18.83,-4.03%,4,Sell,"56% Sell",-26.19,-17.52%,26.35,22.15,22.68,18.8,45.1,-33.17,6.94,1683131,Average,Weak,66.64%,0.41,16.66,20.93,51%
WSO,"Watsco Inc","Machinery - General Industrial",313.22,-1.26%,8,Hold,"96% Sell",-26.20,-21.30%,356.86,322.19,371.11,313.5,46.45,-36.95,-19.28,446228,Strongest,Strong,54.05%,1,301.58,325.42,49%
TRMB,"Trimble Navigation","Machinery - General Industrial",57.51,-0.59%,1,Hold,"32% Sell",-26.26,-29.21%,55.76,57.76,59.51,58.37,46.65,-44.86,-38.84,2469319,Weakening,Weak,35.95%,0.82,56.46,60.28,28%
YALA,"Yalla Group Ltd ADR","Internet - Software",5.47,-0.18%,4,Buy,"56% Sell",-26.42,-27.16%,5.61,5.46,5.96,5.48,48.96,-42.81,-33.42,304527,Weakening,Average,50.79%,0.47,5.4,5.55,45%
CSBR,"Champions Oncolog","Medical - Drugs",4.93,+0.61%,5,Hold,"96% Sell",-26.49,-21.75%,5.63,5.23,5.73,5.06,44,-37.4,-40.89,10219,Strengthening,Strong,32.06%,0.39,4.77,5.35,27%
SY,"So-Young International Inc ADR","Medical Services",2.69,-0.37%,1,Buy,"40% Buy",-26.76,-32.24%,2.19,2.37,2.44,2.74,54.62,-47.89,-7.16,576583,Weakening,Weak,47.31%,0.35,2.59,2.89,32%
AMRN,"Amarin Corp ADR","Medical - Biomedical",13.25,+0.38%,2,Sell,"100% Sell",-26.90,-17.19%,14.46,13.94,14.52,13.77,37.53,-32.84,-17.29,77468,Strongest,Strong,17.39%,0.35,13.19,14.34,5%
JBLU,"Jetblue Airways Corp","Transportation - Airline",4.22,-4.09%,3,Sell,"72% Sell",-27.34,-16.10%,5.17,5.08,5.05,4.44,35.59,-31.75,-19.49,25292656,Strongest,Good,22.43%,0.83,4.2,4.69,4%
LPX,"Louisiana-Pacific Corp","Building Products - Wood",66.06,-0.96%,1,Sell,"100% Sell",-27.53,-22.03%,72.67,70.95,73.54,66.97,42.1,-37.68,-30.44,1130740,Strongest,Strong,41.74%,0.92,64.12,69.81,34%
AIRJ,"Airjoule Technologies Corp","Technology Services",4.04,-1.22%,2,Sell,"8% Sell",-27.60,-22.16%,4.57,4.75,4.09,4.29,36.47,-37.81,-9.7,987881,Weakening,Weak,16.45%,0.54,3.94,4.63,14%
HWKN,"Hawkins Inc","Chemical - Specialty",127.83,-0.93%,5,Hold,"80% Sell",-27.67,-27.77%,140.76,128.12,144.49,124.75,54.72,-43.42,-22.26,167259,Average,Strong,78.40%,0.87,119.21,130.28,78%
GILT,"Gilat Satellite Ntwk","Satellite Communication",10.01,-1.28%,4,Sell,"88% Sell",-28.01,-14.74%,12.59,10.56,14.13,9.94,45.89,-30.39,-34.88,773202,Average,Strong,63.62%,0.66,9.58,10.3,60%
LOPE,"Grand Canyon Educati",Schools,146.4,-0.60%,5,Sell,"72% Sell",-28.10,-32.52%,149.75,148.22,155.42,150.76,42.54,-48.17,-24.21,315498,Strengthening,Average,25.89%,0.77,146.5,155.02,-1%
TDOC,"Teladoc Health Inc","Medical Services",5.89,-3.28%,4,Sell,"56% Sell",-28.28,-27.82%,7.32,6.89,6.71,6.27,34.74,-43.47,-28.1,5079945,Strengthening,Soft,13.17%,0.94,5.94,6.6,-7%
CRNC,"Cerence Inc","IT Services",7.8,-1.89%,2,Sell,"88% Sell",-28.77,-34.56%,9.5,8.41,8.91,8.19,41.85,-50.21,-39.27,872146,Strongest,Average,22.30%,0.75,7.7,8.68,10%
OSIS,"O S I Systems Inc","Electronics - Misc Components",193.04,-2.13%,2,Sell,"100% Sell",-28.78,-18.35%,215.44,213,238.06,201.97,33.62,-34.,-36.56,269669,Strongest,Strong,23.50%,0.5,194.34,209.6,-9%
MMLP,"Martin Midstrm LP","Transportation - Ship",2.18,+0.93%,2,Sell,"100% Sell",-28.93,-31.66%,2.39,2.32,2.49,2.24,44.63,-47.31,-28.72,21153,Strengthening,Strong,28.73%,0.13,2.09,2.38,30%
WKEY,"Wisekey International Holding Ltd ADR","Protection - Safety",6.05,+1.00%,2,Sell,"100% Sell",-28.96,-9.57%,7.17,6.36,7.08,6.14,45.44,-25.22,-35.17,109253,Average,Average,37.39%,0.95,5.66,6.62,41%
SAM,"Boston Beer Company","Beverages - Alcohol",165.36,+0.97%,1,Sell,"100% Sell",-29.35,-23.10%,178.47,177.9,196.84,169.72,38.08,-38.75,-27.5,235521,Strengthening,Strong,30.35%,0.88,161.46,177.98,24%
AZO,Autozone,"Retail - Wholesale Auto Parts",2913.28,+1.43%,2,Sell,"88% Sell",-29.39,-30.60%,3068.75,2975.38,3224.86,2901.33,49.49,-46.25,-26.34,257858,Weakening,Strong,50.13%,1.57,2793.97,3008.69,56%
KROS,"Keros Therapeutics Inc","Medical - Biomedical",11.28,-2.93%,4,Buy,"8% Buy",-29.45,-29.72%,10.89,10.86,11.2,11.27,51.11,-45.37,-56.84,335446,Weakest,Weak,58.02%,1.07,10.81,11.74,51%
NABL,"N-Able Inc","Technology Services",4.05,+1.25%,2,Sell,"24% Sell",-29.50,-49.94%,3.92,4.04,4.24,3.97,52.39,-65.59,-58.1,1904992,Weakest,Weak,68.19%,0.72,3.76,4.18,69%
CLBT,"Cellebrite Di Ltd","Internet - Software",11.07,+2.59%,1,Sell,"100% Sell",-29.64,-40.58%,13.37,12.75,13.45,11.5,40.62,-56.23,-50.84,2211798,Strongest,Strong,28.58%,0.88,10.93,12.07,12%
ARLO,"Arlo Technologies Inc","Internet - Software",12.6,-1.87%,4,Sell,"56% Sell",-29.81,-25.97%,13.4,13.68,13.64,13.29,39.77,-41.62,-22.18,1335630,Strengthening,Soft,26.04%,0.91,12.5,14.07,6%
EPM,"Evolution Petroleum Corp","Oil - US Exploration & Product",3.45,-1.99%,5,Hold,"88% Sell",-29.84,-30.72%,3.9,3.67,4.12,3.67,40.86,-46.37,-14.78,450232,Strengthening,Good,12.42%,0.72,3.49,3.85,-10%
TOYO,"Toyo Co. Ltd",Solar,4.21,-5.82%,3,Sell,"100% Sell",-30.06,-30.18%,7.98,4.8,8.56,4.35,39.32,-45.83,-40.4,438422,Strongest,Strong,34.57%,0.94,4.16,4.54,14%
RBA,"Rb Global Inc","Financial Transaction Services",80.77,-2.09%,2,Sell,"100% Sell",-30.31,-24.82%,99.7,91.68,100.18,83.09,33.94,-40.47,-33.72,1395776,Strongest,Maximum,31.37%,0.59,80.52,85.66,5%
IPGP,"Ipg Photonics Corp","Lasers - Systems & Components",77.23,-1.14%,6,Sell,"100% Sell",-30.33,-4.00%,96.24,81.97,104.37,77.3,45.84,-19.65,-4.38,498537,Strengthening,Good,42.13%,0.66,74.32,80.28,49%
NN,"Nextnav Inc","Technology Services",14.24,-0.97%,1,Sell,"88% Sell",-30.73,-9.47%,17.27,15.3,17.34,15.03,42.04,-25.12,-26.66,2143051,Strengthening,Good,34.17%,0.7,14.03,16.03,10%
USNA,"Usana Health Sciences Inc","Medical - Drugs",14.82,+2.21%,4,Sell,"88% Sell",-30.74,-48.05%,17.87,16.18,18.08,14.63,49.27,-63.7,-36.74,144607,Weakening,Average,31.40%,0.77,13.87,15.39,63%
RDCM,"Radcom Ltd","Computer - Networks",10.12,-2.32%,2,Hold,"96% Sell",-30.82,-29.45%,12.42,10.67,12.45,10.17,43.27,-45.1,-34.87,138612,Strongest,Strong,32.85%,0.42,9.77,10.57,44%
WOLF,"Wolfspeed Inc","Machinery - General Industrial",27.58,+0.04%,3,Sell,"56% Sell",-30.94,N/A,38.61,26.99,32.98,26.4,51.87,N/A,46.17,3975522,Weakest,Weak,62.28%,0.44,23.3,29.51,69%
SUNS,"Sunrise Realty Trust","Real Estate Operations",7.06,-1.81%,3,Sell,"100% Sell",-31.07,-35.64%,7.93,7.62,8.04,7.38,35.42,-51.29,-37.37,97711,Strongest,Strong,6.62%,1.29,7.12,7.64,-12%
ASTS,"Ast Spacemobile Inc","Wireless Equipment",61,-1.31%,5,Sell,"88% Sell",-31.10,+24.26%,74.2,62.86,78.06,60.94,48.02,8.61,-28.25,16569621,Weakening,Good,41.12%,0.69,56.6,65.27,51%
FSI,"Flexible Solutions International Inc","Chemical - Specialty",5.8,0.00%,1,Buy,"48% Sell",-31.20,-39.01%,5.89,5.45,5.83,5.8,54.89,-54.66,-25.99,23400,Weakening,Weak,48.72%,0.32,5.65,5.95,51%
INFQ,"Infleqtion Inc","Computer - Integrated Systems",14.13,-2.62%,3,Buy,"40% Buy",-31.40,+4.67%,12.87,12.26,12.54,13.35,57.32,-10.98,-21.66,8991935,Weakening,Minimum,72.95%,0.7,12.12,14.58,82%
SPOK,"Spok Holdings Inc","Wireless National",10.37,-0.86%,3,Sell,"88% Sell",-31.64,-40.50%,10.7,10.73,10.97,10.55,42.72,-56.15,-33.62,170587,Average,Soft,22.55%,0.7,10.28,10.83,17%
BRID,"Bridgford Foods Corp","Food - Misc & Diversified",5.72,-1.72%,3,Sell,"100% Sell",-31.74,-28.53%,6.68,6.18,6.96,5.95,37.54,-44.18,-38.84,3780,Strongest,Maximum,26.82%,0.36,5.69,6.2,6%
LFVN,"Lifevantage Corp","Medical - Dental Suppliers",6.19,-1.12%,3,Sell,"8% Sell",-31.76,-39.25%,6.58,6.42,5.96,6.25,44.39,-54.9,-11.75,244309,Weakening,Minimum,34.20%,0.6,6.06,6.43,34%
OFRM,"Once Upon A Farm Pbc","Food - Misc & Diversified",16.44,+1.11%,3,Sell,N/A,-32.44,N/A,17.12,16.74,17.28,16.73,46.37,N/A,N/A,N/A,N/A,N/A,51.19%,0.64,15.68,17.77,36%
SNAP,"Snap Inc","Internet - Software",5.22,-3.69%,4,Hold,"24% Sell",-32.53,-36.88%,5.25,5.27,5.22,5.54,43.9,-52.53,-47.56,45165813,Weakening,Minimum,18.94%,0.77,5.2,5.89,3%
RDDT,"Reddit Cl A","Internet - Software",143.08,-4.51%,4,Sell,"100% Sell",-32.57,-40.41%,165.5,158.75,158.91,153.26,39.93,-56.06,-50.,5342734,Strongest,Average,31.40%,0.68,143.02,163.5,0%
RWAY,"Runway Growth Finance Corp","Finance - SBIC & Commercial",6.69,-1.33%,4,Buy,"24% Buy",-32.59,-34.80%,6.17,6.36,6.45,6.65,55.47,-50.45,-37.32,539343,Weakest,Minimum,76.78%,0.5,6.51,6.8,63%
SERA,"Sera Prognostics Inc Cl A","Medical Services",2.02,-0.98%,4,Buy,"16% Sell",-32.89,-34.63%,2,2.05,2.02,2.05,46.92,-50.28,-43.77,49766,Weakening,Weak,40.20%,0.23,1.96,2.14,35%
AI,"C3.Ai Inc Cl A","IT Services",10.41,-2.25%,3,Buy,"56% Buy",-32.96,-39.26%,9.85,10.03,9.52,10.65,48.63,-54.91,-35.01,5908515,Weakening,Weak,38.66%,0.69,10.23,11.08,21%
BRAI,"Braiin Limited","IT Services",5.49,+0.37%,4,Hold,N/A,-33.04,N/A,6.52,5.59,6.79,5.58,46.72,N/A,N/A,N/A,N/A,N/A,35.75%,0.21,5.36,5.79,30%
ASLE,"Aersale Corp","Aerospace - Defense Equipment",5.32,-1.48%,3,Sell,"100% Sell",-33.08,-36.52%,6.07,5.78,6.28,5.49,36.68,-52.17,-37.42,349426,Strongest,Maximum,27.86%,1.13,5.27,5.71,12%
KRMD,"Koru Medical Systems Inc","Medical Information Systems",3.06,-4.67%,3,Sell,"100% Sell",-33.14,-22.73%,3.8,3.47,3.98,3.21,31.57,-38.38,-59.57,186956,Strongest,Strong,45.30%,0.89,3.08,3.35,-9%
TCPC,"TCP Capital Corp","Finance - SBIC & Commercial",3.98,-0.75%,1,Hold,"16% Buy",-33.18,-36.22%,3.74,3.85,3.81,4.03,49.36,-51.87,-39.48,978601,Weakest,Minimum,64.07%,1.64,3.92,4.15,27%
CHKP,"Check Point Software",Security,129.27,-1.50%,2,Hold,"48% Sell",-33.26,-36.83%,130.42,132.24,135.17,135.2,43.49,-52.48,-42.58,1300194,Average,Weak,30.08%,0.81,129.08,141.33,2%
JWEL,"Jowell Global Ltd","Internet Commerce",2.55,-2.30%,3,Buy,"16% Buy",-33.39,+41.75%,2.32,2.31,2.33,2.29,57.6,26.1,-1.37,453503,Weakening,Minimum,69.71%,0.01,2.01,2.57,97%
CAMP,"Camp4 Therapeutics Corp","Medical - Biomedical",3.85,-1.79%,3,Sell,"88% Sell",-33.46,+29.19%,4.16,4.07,4.32,4.1,43.43,13.54,-49.43,212182,Average,Weak,24.00%,0.45,3.63,4.57,23%
LPA,"Logistic Properties of The Americas","Real Estate Operations",2.87,-1.31%,3,Sell,"56% Sell",-33.64,-52.09%,3.18,3.08,3.16,3.07,41.52,-67.74,-7.11,148471,Strengthening,Weak,11.45%,0.31,2.81,3.33,11%
NSRX,"Nasus Pharma Ltd","Medical - Drugs",3.59,+3.16%,1,Hold,"16% Buy",-33.64,-55.13%,3.31,3.52,3.29,3.62,50.12,-70.78,-73.01,76964,Weakening,Minimum,48.63%,7.65,3.26,3.97,46%
MWH,"Solv Energy Inc Cl A","Electrical Construction",23.81,-5.52%,4,Sell,N/A,-33.79,N/A,31.3,27.37,31.52,25.39,36.36,N/A,N/A,N/A,N/A,N/A,20.04%,0.79,23.87,26.9,-2%
DUKR,"Duke Robotics Corp","Aerospace - Defense",5.39,+1.89%,4,Sell,"100% Sell",-34.02,-38.38%,6.04,5.44,7.03,5.43,48.16,-54.03,-24.28,16402,Average,Good,27.06%,0.39,5.11,5.76,43%
SOGP,"Sound Group Inc ADR","Technology Services",12.03,-1.15%,2,Hold,"64% Sell",-34.13,-40.65%,12.1,11.89,13.08,11.82,52.84,-56.3,-8.71,44388,Weakening,Weak,67.34%,1.46,11.28,12.37,69%
AZ,"A2Z Cust2Mate Solutions Corp","Internet - Software",5.34,-2.02%,1,Sell,"96% Sell",-34.40,-34.72%,6.15,6.16,6.34,5.82,35.99,-50.37,-30.21,438763,Strongest,Average,24.49%,0.73,5.32,6.33,2%
AAP,"Advance Auto Parts Inc","Retail - Wholesale Auto Parts",39.77,-4.70%,4,Sell,"88% Sell",-34.69,-34.80%,52.85,48.98,53.2,42.56,34.69,-50.45,-11.04,1908797,Strongest,Strong,12.52%,1.31,40.09,45.03,-6%
LFWD,"Lifeward Ltd","Medical Services",6.92,-1.00%,1,Sell,"40% Sell",-34.95,-21.68%,7.25,7.26,7.06,7.11,42,-37.33,-12.23,15500,Strengthening,Weak,32.31%,1,6.71,7.5,26%
AMTM,"Amentum Holdings Inc","Engineering & R&D Services",18.49,-3.65%,1,Sell,"100% Sell",-35.21,-18.08%,21.63,21.05,23.59,19.72,33.3,-33.73,-48.48,2030405,Strongest,Strong,9.81%,0.58,18.92,20.53,-26%
SPIR,"Spire Global Inc","Aerospace - Defense",11.74,-2.81%,1,Sell,"88% Sell",-35.31,+5.10%,15.3,12.51,14.97,11.89,43.15,-10.55,44.29,1118463,Strongest,Average,55.20%,0.73,11,12.79,42%
PHAR,"Pharming Group N.V. ADR","Medical - Biomedical",10.52,+0.57%,2,Sell,"100% Sell",-35.46,-23.71%,12.3,11.44,13.66,10.93,41.99,-39.36,-52.7,21546,Strengthening,Strong,13.09%,0.58,10.23,11.62,21%
LAW,"CS Disco Inc","Internet - Software",4.16,-4.37%,2,Hold,Hold,-35.53,-35.60%,3.99,4.18,4.01,4.22,47.47,-51.25,-58.63,312871,Bearish,,66.41%,0.89,4.03,4.41,34%
PRIM,"Primoris Services Corp","Building - Heavy Construction",71.12,-2.11%,5,Sell,"100% Sell",-35.88,-46.69%,91.7,79.01,112.4,74.45,36.52,-62.34,-54.95,1414234,Strengthening,Strong,15.38%,0.97,70.78,78.12,5%
PASG,"Passage Bio Inc","Medical - Biomedical",4.68,-2.60%,6,Buy,"56% Sell",-36.14,-41.56%,4.92,4.67,5.88,4.8,46.8,-57.21,-72.62,65284,Average,Average,22.36%,0.82,4.46,5.14,32%
CSPI,"C S P Inc","Computer - Integrated Systems",7.65,-0.78%,4,Sell,"100% Sell",-36.60,-38.16%,8.4,7.88,8.56,7.79,46.48,-53.81,-51.04,23709,Average,Good,28.39%,0.63,7.41,8.17,31%
ATS,"Ats Corp Cda","Machinery - General Industrial",18.82,-1.47%,4,Sell,"100% Sell",-36.89,-26.88%,25.55,21.45,27.35,19.18,37.15,-42.53,-43.9,187614,Strengthening,Maximum,29.61%,1.14,18.67,19.69,15%
CAPR,"Capricor Therap","Medical Products",8.71,+4.19%,2,Hold,"80% Sell",-37.57,+22.85%,17.92,8.83,22.34,8.99,47.34,7.2,-82.06,2907267,Weakening,Strong,23.01%,0.27,7.95,10.03,37%
XRX,"Xerox Corp","Office Supply & Forms",3.26,-1.81%,7,Buy,"88% Buy",-37.80,-13.07%,3.04,3.11,2.57,3.33,49.66,-28.72,25.31,4332889,Average,Average,40.47%,0.45,3.07,3.59,36%
NYC,"American Strategic Investment CO","Real Estate Operations",6.33,-2.62%,4,Sell,"88% Sell",-38.28,-36.70%,7.95,7.22,8.09,6.2,45.68,-52.35,-35.87,21634,Strengthening,Strong,85.15%,0.44,5.81,6.58,67%
ADTN,"Adtran Holdings Inc","Communications Components",6.8,-4.63%,1,Sell,"88% Sell",-38.59,-26.72%,11.42,8.05,12.05,7.22,35.71,-42.37,-33.99,1957365,Strengthening,Strong,17.57%,0.89,6.76,7.68,4%
EVAX,"Evaxion A/S ADR","Medical Information Systems",3.24,-2.99%,9,Buy,"40% Sell",-38.93,-19.80%,3.36,3.1,3.54,3.16,53.26,-35.45,-44.32,94943,Weakest,Weak,80.00%,0.22,2.94,3.37,69%
EVLV,"Evolv Technologies Hldgs Inc","IT Services",4.65,-2.92%,1,Sell,"100% Sell",-39.39,-39.45%,5.71,5.34,5.79,4.98,29.68,-55.1,-47.3,2675285,Strongest,Strong,15.23%,1.29,4.73,5.23,-17%
BOLT,"Bolt Biotherapeutics Inc","Medical - Biomedical",3.46,-3.35%,3,Sell,"100% Sell",-39.47,-36.16%,4.13,3.77,4.29,3.75,42.06,-51.81,-48.96,27395,Strongest,Strong,35.19%,0.7,3.35,4.15,13%
IMDX,"Insight Molecular Diagnostics Inc","Medical Information Systems",3.18,-18.88%,3,Sell,"100% Sell",-39.60,-4.50%,4.93,4.33,4.7,3.96,31.79,-20.15,-69.84,219169,"Top 1%",Good,36.21%,2.78,3.5,4.42,-35%
TTGT,"Techtarget Inc.","Technology Services",3.78,-1.31%,3,Sell,"100% Sell",-39.80,-33.45%,4.1,3.92,4.16,3.85,44.75,-49.1,-42.24,430355,Average,Average,23.73%,0.97,3.7,4.01,27%
BHM,"Bluerock Homes Trust Inc","REIT - Equity Trust Resident",7.933,-0.92%,6,Sell,"100% Sell",-39.85,-30.58%,9.2,8.49,9.82,8.39,41.62,-46.23,-37.89,7859,Strongest,Strong,10.24%,0.33,7.92,8.85,1%
HDSN,"Hudson Tech Inc","Industrial Services",5.1,-1.16%,3,Sell,"88% Sell",-40.43,-48.17%,5.59,5.6,5.81,5.24,39.47,-63.82,-37.79,433177,Strongest,Average,21.96%,0.47,5.05,5.42,13%
ZJK,"Zjk Industrial Co. Ltd","Machinery - General Industrial",2.03,-3.33%,5,Buy,"24% Sell",-40.69,-42.00%,2.2,2.01,2.17,2.18,44.75,-57.65,-10.74,39102,Weakening,Minimum,40.74%,0.04,2.03,2.34,1%
SHOE,"Shoe Station Group Inc","Shoes and Related Apparel",13.21,+1.62%,2,Sell,"88% Sell",-40.85,-38.50%,15.28,14.38,16.23,13.17,45.32,-54.15,-33.98,635976,Weakening,Maximum,78.21%,0.98,12.41,13.93,53%
TIC,"Tic Solutions Inc","Technology Services",8.73,-1.80%,3,Sell,"8% Buy",-40.99,-39.75%,8.61,8.88,8.47,9.21,41.84,-55.4,-25.89,2346155,Weakest,Minimum,14.44%,0.86,8.7,9.73,3%
QNCX,"Quince Therapeutics Inc","Medical - Biomedical",29,-6.45%,1,Hold,"16% Buy",-41.47,-90.99%,24.47,28.6,24.09,30.03,47.39,-106.64,-107.91,187063,Weakest,Minimum,57.51%,1.54,27.04,33.02,33%
TOUR,"Tuniu Corporatio ADR","Internet - Content",5.18,+1.97%,5,Buy,"40% Sell",-41.52,-43.18%,5.2,5.05,5.81,5.08,55.24,-58.83,-28.69,15843,Weakest,Average,37.62%,0.34,4.86,5.3,72%
BSEM,"Biostem Technologies New","Medical - Biomedical",4.05,-2.17%,3,Buy,"8% Sell",-41.97,-18.43%,3.84,3.76,4.21,4.02,51.73,-34.08,-5.94,91654,Weakening,Minimum,18.52%,1.39,3.4,4.64,52%
TRAK,"Repositrak Inc","Internet - Software",8.2,-0.36%,3,Hold,"80% Sell",-42.37,-51.57%,8.91,8.26,8.67,8.1,49.97,-67.22,-45.95,105754,Average,Weak,63.56%,0.96,7.74,8.47,64%
CPSH,"Cps Technologies","Electronics - Misc Components",3.69,-4.16%,5,Sell,"88% Sell",-42.38,-1.86%,5.09,4.06,4.85,3.89,38.62,-17.51,7.18,759279,Strongest,Average,21.30%,1.14,3.67,4.12,5%
MRDN,"Meridian Holdings Inc",Gaming,12.26,-8.23%,3,Sell,"40% Buy",-42.42,-12.68%,13.14,13.6,11.4,13.63,33.65,-28.33,15.34,48579,Weakest,Weak,15.13%,0.43,12.74,14.52,-27%
ARBB,"Arb Iot Group Ltd","Internet - Software",4.27,-4.47%,6,Hold,"80% Sell",-42.71,-49.11%,4.63,4.33,4.58,4.39,47.39,-64.76,-38.36,35889,Average,Average,51.70%,0.19,4.14,4.63,26%
BLRX,"Biolinerx Ltd ADR","Medical - Drugs",2.43,-6.54%,1,Sell,"88% Sell",-42.77,-36.72%,2.92,2.69,2.8,2.57,41.56,-52.37,-24.51,28138,Strongest,Average,28.96%,0.74,2.35,2.78,18%
ROC,"Rank One Computing Corp","Internet - Software",4.22,+4.20%,4,Sell,N/A,-42.88,N/A,4.71,4.37,5.28,4.24,47.96,N/A,N/A,N/A,N/A,N/A,22.13%,3.82,4.02,4.45,46%
OLN,"Olin Corp","Chemical - Diversified",16.05,-2.13%,4,Sell,"100% Sell",-43.07,-33.01%,21.3,18.63,23.11,17.01,32.96,-48.66,-35.19,2894387,Strongest,Maximum,5.63%,0.85,16.11,17.91,-3%
AIOT,"Powerfleet Inc","Internet - Software",2.62,-6.43%,2,Sell,"100% Sell",-43.90,-49.52%,3.56,3.3,3.45,2.94,30.85,-65.17,-62.99,1614401,Strongest,Strong,8.33%,1.42,2.74,3.14,-29%
EYE,"National Vision Holdings Inc","Consumer Prdts - Misc Staple",16.12,-2.48%,1,Sell,"88% Sell",-44.09,-43.52%,18.59,18.85,20.99,16.74,36.61,-59.17,-49.81,1843526,Strengthening,Strong,27.72%,1.07,15.95,17.53,11%
UUU,"Universal Safety Products Inc","Building & Construction - Misc",4.88,-4.50%,4,Buy,"40% Sell",-44.14,+15.37%,5.05,4.58,5.28,5.14,47.3,-0.28,-17.67,65245,Average,Weak,34.28%,0.18,4.71,5.58,20%
WRD,"Weride Inc ADR","Auto - Truck Original Parts",5.53,0.00%,3,Hold,"96% Sell",-44.56,-45.73%,6.22,5.86,6.59,5.73,42.67,-61.38,-48.53,3313223,Strengthening,Good,35.96%,1.21,5.42,6.05,18%
GBFH,"Gbank Finl Hldgs","Banks - Southwest",19.11,-0.05%,5,Sell,"100% Sell",-44.61,-53.02%,25.88,21.98,26.69,19.55,35.9,-68.67,-55.85,72414,Average,Maximum,29.81%,0.55,18.59,20.52,27%
PSFE,"Paysafe Ltd","Financial Transaction Services",6.02,-6.38%,2,Sell,"100% Sell",-44.68,-53.37%,7.36,7.04,7.44,6.41,39.02,-69.02,-37.83,396197,Strongest,Average,32.13%,0.85,6.02,6.8,0%
PLTK,"Playtika Holding Corp",Gaming,2.13,0.00%,5,Sell,"100% Sell",-45.19,-40.83%,3.18,2.77,3.16,2.25,34.3,-56.48,-58.32,1541242,Strengthening,Maximum,17.17%,0.53,2.11,2.39,7%
IMA,"Imagenebio Inc","Medical - Biomedical",4.64,-1.69%,1,Sell,"100% Sell",-45.22,-39.82%,5.56,5.37,5.62,4.91,32.33,-55.47,-44.99,128520,Strongest,Average,13.33%,0.16,4.65,5.17,-3%
ONDS,"Ondas Inc","Wireless National",7.68,+0.52%,3,Sell,"88% Sell",-45.28,+0.26%,8.62,8.02,9.09,7.44,49.63,-15.39,-33.55,81454133,Weakening,Soft,66.00%,0.68,7.04,7.84,80%
UTI,"Universal Technical Institute Inc",Schools,18.47,-9.01%,2,Sell,"88% Sell",-45.78,-42.01%,34.07,26.86,34.85,20.78,25.95,-57.66,-41.55,1099236,Strongest,Strong,20.79%,1.47,19.32,22.23,-29%
AMRC,"Ameresco Inc","Other Alt Energy",20.32,-5.40%,7,Sell,"100% Sell",-45.81,-41.59%,26.14,23.32,26.52,22.78,36.35,-57.24,-42.86,587372,Strongest,Strong,11.57%,0.65,20.85,24.71,-14%
GIBO,"Gibo Holdings Limited Cl A","Media Conglomerates",32.48,-1.58%,3,Buy,"24% Sell",-46.00,-48.24%,31.63,30.37,32.88,32.58,51.96,-63.89,-48.71,13756,Weakest,Minimum,49.89%,7.61,30.72,34.44,47%
WFF,"Wf Holding Limited","Containers - Paper Products",2.17,-9.58%,2,Hold,"24% Buy",-46.05,-49.62%,2.17,2.1,2.03,2.05,52.87,-65.27,-17.89,919325,Weakening,Minimum,43.33%,0.11,1.8,2.3,73%
XNET,"Xunlei Ltd ADR","Internet - Services",4.87,-2.79%,3,Sell,"100% Sell",-46.22,-42.16%,5.34,5.11,5.58,4.92,42.57,-57.81,-43.55,279279,Strongest,Average,55.85%,0.76,4.77,5.07,33%
SEDG,"Solaredge Tech",Solar,31.53,-3.52%,6,Sell,"88% Sell",-46.33,-20.08%,46.52,35.88,45.27,34.34,40.74,-35.73,-2.95,3387326,Strongest,Average,27.31%,0.39,31.29,37.39,4%
INCR,"Intercure Ltd","Medical Products",5.09,-2.30%,1,Buy,"88% Buy",-46.45,-30.27%,4.91,5.04,4.6,5.32,45.74,-45.92,-0.37,16754,Weakening,Soft,22.35%,0.07,5.03,5.61,11%
NEUP,"Neuphoria Therapeutics Inc","Medical - Biomedical",3.65,0.00%,5,Sell,"100% Sell",-46.58,-70.35%,4.13,3.78,4.3,3.73,37.8,-86.,-18.17,94805,Strengthening,Weak,18.60%,0.01,3.64,3.82,5%
GFUZ,"General Fusion Group Ltd","Machinery - General Industrial",7.76,-0.13%,4,Hold,"96% Sell",-46.79,N/A,9.19,8.07,9.55,8.05,46.47,N/A,-35.79,315536,Strengthening,Strong,30.12%,0.26,7.5,8.59,24%
VTSI,"Virtra Systems Inc","Electronics - Military",2.82,-1.40%,2,Sell,"100% Sell",-46.82,-47.58%,3.2,3.04,3.57,2.94,37.09,-63.23,-45.1,49063,Strongest,Strong,11.11%,0.27,2.8,3.09,7%
ACHR,"Archer Aviation Inc","Aerospace - Defense",5.2,-7.31%,2,Sell,"96% Sell",-47.27,-43.97%,5.61,5.61,5.74,5.55,41,-59.62,-43.09,36028805,Strengthening,Average,50.67%,0.53,5.19,5.91,2%
SIDU,"Sidus Space Inc Cl A","Aerospace - Defense",2.01,-5.19%,1,Sell,"100% Sell",-47.49,+99.01%,2.79,2.12,2.85,2.05,44.53,83.36,-48.23,22389381,Strongest,Average,53.76%,1.07,1.92,2.19,34%
PW,"Power REIT","REIT - Equity Trust Other",6.9,-2.27%,4,Sell,"100% Sell",-47.50,-30.55%,8.08,7.74,8.15,7.06,42.45,-46.2,-33.41,10857,Strengthening,Average,28.78%,0.38,6.6,7.52,32%
OPRX,"Optimizerx Corp","Computer - Software",7.81,-2.86%,3,Buy,"40% Buy",-47.80,-58.41%,6.45,7.37,6.53,7.66,54.37,-74.06,-48.54,376601,Weakening,Weak,73.74%,0.71,7.12,8.2,64%
BLDP,"Ballard Power Sys","Utility - Electric Power",2.06,-3.29%,4,Sell,"88% Sell",-48.01,-25.09%,3.4,2.45,3.15,2.21,33.1,-40.74,-31.14,5171404,Strongest,Average,11.34%,0.38,2.04,2.38,5%
FTLF,"Fitlife Brands Inc","Medical Products",9.29,+0.38%,2,Sell,"100% Sell",-48.04,-53.27%,10.23,9.88,10.82,9.48,42.14,-68.92,-55.14,22487,Average,Average,24.85%,0.67,8.91,10.05,33%
SRAD,"Sportradar Group Ag Cl A","Internet - Software",12.48,-5.74%,5,Hold,"96% Sell",-48.37,-56.92%,13.84,13.27,14.86,12.86,44.23,-72.57,-59.74,2801495,Strengthening,Average,46.51%,0.78,12.09,13.63,25%
STFS,"Star Fashion Culture Holdings Limited Cl A","Advertising Marketing Services",3.54,-4.20%,1,Sell,"88% Sell",-48.66,-61.58%,7.53,4.05,6.35,3.82,43.16,-77.23,-24.13,295011,Strengthening,Weak,43.33%,0.04,2.94,4.71,34%
EBON,"Ebang International Holdings Cl A","Machinery - Tools & Related",2.02,-1.94%,2,Hold,"72% Sell",-49.15,-58.26%,2.12,2.08,2.18,2.13,44.34,-73.91,-46.23,8766,Weakening,Weak,18.08%,0.16,1.93,2.32,22%
EQPT,"Equipmentshare.com Inc","Industrial Services",18.21,+4.96%,5,Sell,N/A,-49.31,N/A,19.72,18.71,20.92,18,50,N/A,N/A,N/A,N/A,N/A,27.23%,0.72,16.54,19.46,57%
FULC,"Fulcrum Therapeutics Inc","Medical - Biomedical",3.72,-0.53%,1,Sell,"88% Sell",-49.91,-57.92%,4.25,3.78,5.39,3.81,39.75,-73.57,-79.35,1609574,Weakening,Average,20.48%,0.59,3.72,3.89,-2%
ATTT,"Atlas Trinity Tech Limited","Retail - Consumer Electronics",2.73,-0.16%,5,Hold,"96% Sell",-50.00,-67.24%,3.01,2.81,3.24,2.78,46.75,-82.89,26.11,74815,Strongest,Weak,13.11%,0.19,2.49,3.07,41%
PLBL,"Polibeli Group Ltd Cl A",Unclassified,5.61,+6.65%,5,Sell,"100% Sell",-50.07,-32.65%,6.74,6.06,7.19,5.62,47.28,-48.3,-61.05,111250,Strongest,Strong,27.76%,0.86,5.15,6.08,49%
REZI,"Resideo Technologies Inc","Protection - Safety",18.22,-0.27%,3,Sell,"100% Sell",-50.38,-55.92%,27.9,23.72,30.94,18.94,31.73,-71.57,-60.36,1610105,Strengthening,Maximum,10.24%,0.57,17.98,19.89,13%
AMPX,"Amprius Technologies Inc","Technology Services",9.6,-1.54%,3,Sell,"100% Sell",-50.41,-12.17%,13,10.19,14.5,9.62,45.11,-27.82,9.43,7622544,Strongest,Good,46.25%,2.8,9.04,10.21,48%
AMPG,"Amplitech Group","Communications Components",3.15,-5.69%,5,Sell,"56% Sell",-50.45,-17.97%,5.03,4.26,4.12,3.38,33.96,-33.62,-6.89,2128095,Strengthening,Weak,23.33%,0.4,3.21,3.55,-19%
DJT,"Trump Media & Technology Group Corp","Internet - Software",9.12,-0.22%,1,Sell,"8% Sell",-50.59,-46.13%,8.82,9.19,9.1,9.02,51.61,-61.78,-43.36,5446575,Weakest,Minimum,69.68%,0.75,8.4,9.63,58%
SCOR,"Comscore Inc","Business Services",4.86,-1.02%,1,Sell,"100% Sell",-50.72,-20.59%,6.59,5.94,6.8,5,38.71,-36.24,-37.47,27051,Strongest,Maximum,33.87%,0.74,4.74,5.26,23%
LAES,"Sealsq Corp","Electronics - Semiconductors",2.28,-2.98%,2,Sell,"100% Sell",-50.82,-39.52%,2.79,2.47,2.88,2.35,42.56,-55.17,-51.92,11426145,Strengthening,Average,42.83%,0.4,2.21,2.49,25%
DOCS,"Doximity Inc Cl A","Medical Information Systems",26.2,-0.57%,4,Buy,"40% Buy",-50.88,-64.78%,22.95,24.53,23.38,26.05,53.63,-80.43,-53.07,3935437,Weakening,Minimum,63.59%,0.62,24.53,27.58,55%
LI,"Li Auto Inc ADR","Auto - Foreign",11.71,+1.83%,3,Sell,"100% Sell",-51.26,-51.93%,13.41,12.35,14.93,11.91,44.76,-67.58,-43.07,3709978,Average,Good,20.06%,1.07,11.4,12.42,30%
NMAD,"Nomad Power Solutions Inc","IT Services",3.6,+0.56%,1,Sell,"88% Sell",-51.64,-28.85%,5.17,4.03,4.49,3.68,44.08,-44.5,-20.64,189128,Strengthening,Average,50.95%,0.38,3.25,4.12,41%
PDYN,"Palladyne AI Corp","Technology Services",5.28,-2.04%,3,Sell,"100% Sell",-52.36,-40.41%,6.07,5.71,6.28,5.61,36.19,-56.06,11.7,2349357,Strongest,Average,7.16%,0.97,5.31,5.9,-6%
ACCS,"Access Newswire Inc","Media Conglomerates",4.7,-1.88%,1,Sell,"100% Sell",-53.37,-56.28%,6.14,5.6,6.7,5.04,38.15,-71.93,-61.7,19187,Strongest,Strong,13.33%,0.36,4.61,5.47,10%
PTLE,"Ptl Ltd","Transportation - Services",6.74,-5.73%,4,Sell,"56% Sell",-53.43,-55.56%,7.3,8.29,7.29,7.19,41.31,-71.21,-28.07,90704,Strengthening,Weak,12.00%,3.68,6.62,7.75,11%
HURA,"Tuhura Biosciences Inc","Medical - Biomedical",2.09,-0.48%,1,Sell,"24% Sell",-53.83,-15.04%,2.24,2.14,2.17,2.08,48.47,-30.69,163.96,914781,Weakening,Minimum,48.61%,1.68,1.99,2.17,54%
AARD,"Aardvark Therapeutics Inc","Medical - Biomedical",5.27,+4.15%,2,Sell,"72% Sell",-54.32,-60.17%,5.52,6.16,5.5,5.44,44.73,-75.82,-72.09,235465,Strengthening,Soft,54.30%,0.46,4.78,6.1,37%
SKK,"Skk Holdings Limited","Engineering & R&D Services",4.57,+2.93%,3,Sell,"24% Buy",-54.41,+12.29%,4.58,4.6,3.93,4.35,54.02,-3.36,52.92,296448,Weakening,Weak,39.64%,0.21,3.96,4.74,78%
GITS,"Global Interactive Technologies Inc","Computer - Software",2.06,+1.60%,7,Hold,"24% Buy",-54.46,-12.71%,1.96,2.07,2.07,2.15,48.9,-28.36,178.93,1043542,Weakening,Minimum,12.95%,0.1,1.93,2.36,29%
ALMU,"Aeluma Inc","Electronics - Semiconductors",12.76,-3.99%,5,Sell,"88% Sell",-54.77,-27.66%,18.61,14.76,17.76,13.05,43.27,-43.31,-37.92,887823,Strongest,Good,71.89%,0.48,12.06,14.03,35%
DRIO,"Dario Health Corp","Medical Instruments",6.71,+1.21%,3,Sell,"100% Sell",-55.49,-49.43%,7.25,7.17,7.61,6.94,44.9,-65.08,-53.28,18231,Average,Average,23.97%,0.29,6.51,7.38,23%
BXBL,"Boxabl Inc","Real Estate Developers",3.9,-3.23%,6,Sell,"100% Sell",-55.84,-60.99%,7.38,4.54,8.29,4.11,38.17,-76.64,-73.4,168707,Strongest,Strong,19.62%,0.25,3.78,4.43,18%
CVRX,"Cvrx Inc","Medical Instruments",2.59,-4.07%,4,Sell,"100% Sell",-56.19,-65.70%,4.54,3.53,5.71,2.9,35.77,-81.35,-75.76,477623,Strengthening,Strong,15.59%,0.4,2.6,3.21,-1%
EFOI,"Energy Focus Inc","Building Products - Ltg FX",2.75,+1.10%,2,Sell,"48% Sell",-56.60,-3.17%,3.14,2.86,2.94,2.75,47.81,-18.82,6.81,910658,Weakest,Minimum,36.33%,0.44,2.6,2.91,49%
NAGE,"Niagen Bioscience Inc","Medical - Biomedical",2.98,-2.30%,1,Sell,"100% Sell",-57.26,-69.47%,3.37,3.15,3.83,3.06,41.61,-85.12,-65.38,870966,Strengthening,Average,31.52%,0.76,2.94,3.17,18%
VHC,"Virnetx Holding Corp","Internet - Software",10.23,-1.25%,4,Sell,"100% Sell",-57.27,-40.32%,12.92,12.79,13.63,11.64,35.74,-55.97,-50.95,35479,Strongest,Strong,24.97%,0.27,10.35,12.93,-4%
BESS,"Bimergen Energy Corp","Utility - Electric Power",2.63,-5.73%,2,Sell,"100% Sell",-57.48,-59.54%,3.46,3.04,3.23,2.85,40.33,-75.19,-87.19,219900,Strongest,Average,17.84%,0.76,2.59,3.12,8%
JFU,"9F Inc ADR","Finance - Misc Services",2.57,-3.74%,2,Hold,"64% Sell",-57.51,-2.12%,2.82,2.51,3.22,2.67,48.4,-17.77,-72.02,47303,Average,Soft,54.59%,0.02,2.36,2.98,34%
NUS,"NU Skin Enterprises","Cosmetics & Toiletries",4.64,+0.22%,3,Sell,"100% Sell",-57.67,-62.09%,5.24,4.9,5.99,4.72,44.83,-77.74,-64.01,580533,Weakening,Good,22.22%,0.58,4.5,4.94,32%
YI,"111 Inc ADR","Medical Information Systems",3.52,-2.22%,5,Sell,"88% Sell",-57.80,-25.27%,4.27,3.63,5.15,3.47,48.44,-40.92,25.26,26288,Strengthening,Good,59.46%,1.61,3.17,3.76,59%
FOXX,"Foxx Development Holdings Inc","Consumer Prdts - Misc Discr",2.57,+2.86%,2,Sell,"96% Sell",-57.84,-47.44%,3.13,2.63,3.72,2.57,48.8,-63.09,-56.85,524686,Average,Strong,52.29%,0.69,2.35,2.8,49%
ASPS,"Altisource Portfolio","REIT - Mortgage Trusts",5.3,-3.46%,6,Sell,"96% Sell",-58.02,-52.34%,6.16,5.62,6.36,5.62,37.64,-67.99,-35.98,23618,Strongest,Soft,19.30%,0.06,5.36,5.88,-12%
WXM,"Wf International Ltd","Machinery - Electrical",3.56,-11.00%,4,Hold,"96% Sell",-58.25,-90.14%,4.28,4.14,4.45,4.08,40.31,-105.79,-42.44,269161,Strengthening,Weak,29.68%,0.01,3.6,4.55,-4%
GEOS,"Geospace Technologie","Electronics - Measuring Inst",4.89,-2.00%,1,Sell,"100% Sell",-58.57,-74.38%,6.71,5.79,7.97,5.14,36.46,-90.03,-83.32,186971,Strengthening,Good,9.04%,0.76,4.89,5.38,-1%
EVEX,"Eve Holding Inc","Aerospace - Defense",2,-7.83%,1,Sell,"100% Sell",-58.62,-48.45%,2.6,2.38,2.66,2.13,37.64,-64.1,-62.11,1183478,Strongest,Good,30.99%,0.99,1.98,2.29,8%
ASTI,"Ascent Solar Technologies",Solar,2.72,-6.85%,3,Sell,"100% Sell",-58.71,+38.07%,4.25,3.05,4.49,2.89,39.97,22.42,-46.06,1751124,Strongest,Good,29.26%,0.92,2.68,3.11,10%
HIMS,"Hims & Hers Health Inc","Medical Information Systems",28.78,-2.18%,3,Sell,"8% Buy",-59.09,-50.72%,29.7,29.55,27.3,28.47,48.73,-66.37,-23.6,23011506,Weakest,Minimum,47.83%,0.52,26.91,30.04,60%
EXOZ,"Exozymes Inc","Medical - Biomedical",6,-3.92%,1,Buy,"56% Sell",-59.24,-61.24%,7.22,5.97,7.77,6.38,43.22,-76.89,-57.19,6285,Average,Average,25.60%,1.17,5.89,6.87,11%
APP,"Applovin Corp Cl A","Technology Services",308.24,-0.81%,5,Sell,"100% Sell",-59.32,-53.98%,423.13,341.09,429.53,318,41.55,-69.63,-66.49,5443819,Strongest,Strong,27.18%,0.71,301.08,334.93,21%
NA,"Nano Labs Ltd ADR","Electronics - Semiconductors",2.19,-7.98%,2,Buy,"24% Sell",-59.75,-58.76%,2.07,2.05,2.3,2.27,48.84,-74.41,-42.72,153436,Weakening,Minimum,34.30%,0.08,2.06,2.48,30%
LIF,"Life360 Inc","Protection - Safety",39.98,-2.73%,3,Sell,"72% Sell",-59.84,-61.75%,47.64,47.83,46.32,41.88,38.35,-77.4,-49.91,983244,Strengthening,Soft,23.67%,0.5,39.19,44.57,15%
ROLR,"High Roller Technologies Inc",Gaming,5.6,-5.08%,6,Sell,"32% Sell",-60.02,+93.04%,6.16,6.15,5.9,6.14,36.3,77.39,159.6,1474063,Average,Minimum,18.21%,0.8,5.78,6.5,-25%
ATHR,"Aether Holdings Inc","Technology Services",3.49,-5.68%,6,Hold,"48% Sell",-60.15,-29.65%,3.68,3.58,3.48,3.36,50.14,-45.3,-55.95,13861,Average,Weak,49.72%,0.2,2.86,3.85,63%
VRM,"Vroom Inc","Auto - Domestic",9.75,+0.93%,5,Buy,"24% Sell",-60.85,-65.71%,9.44,9.18,11.06,9.9,50.92,-81.36,-63.2,19894,Weakest,Weak,29.97%,0.04,8.92,10.89,42%
QTI,"Qt Imaging Holdings Inc","Medical Instruments",2.45,0.00%,2,Sell,"100% Sell",-60.95,-3.92%,3.67,2.79,4.6,2.64,33.95,-19.57,-72.08,39543,Strengthening,Strong,3.90%,0.32,2.41,2.87,9%
PN,"Pn Smart Energy Limited","Other Alt Energy",2.62,-7.42%,4,Sell,"72% Sell",-61.58,-79.89%,4.36,4.66,5.48,2.56,44.57,-95.54,-94.19,768243,Weakening,Weak,75.36%,0.1,2.12,3,57%
KULR,"Kulr Technology Group Inc","Electronics - Semiconductors",2.45,+0.41%,2,Sell,"72% Sell",-62.03,-42.35%,3.17,2.59,2.97,2.43,46.82,-58.,-29.47,1692558,Weakening,Average,69.24%,0.56,2.28,2.58,58%
LBGJ,"Li Bang International Corporation Inc","Steel - Specialty",2,-5.21%,3,Sell,"100% Sell",-62.36,-99.98%,117.58,4.2,693.8,2.24,31.76,-115.63,-112.22,235612,Average,Soft,26.83%,0.08,1.5,2.98,34%
FTCI,"Ftc Solar Inc",Solar,2.38,-10.53%,8,Buy,"80% Sell",-62.43,-66.99%,3.68,2.56,4.08,2.38,46.77,-82.64,-90.43,181579,Average,Good,70.04%,1.79,2.05,2.71,50%
BBAI,"Bigbear.Ai Holdings Inc","IT Services",2.66,-5.00%,1,Sell,"100% Sell",-62.73,-60.48%,3.46,2.97,3.56,2.87,35.87,-76.13,-62.98,42859035,Strongest,Good,35.98%,0.67,2.67,3.06,-4%
YSG,"Yatsen Holding Ltd ADR","Consumer Prdts - Misc Staple",2.53,-0.39%,1,Sell,"100% Sell",-63.23,-71.89%,3.06,2.99,3.18,2.61,41.62,-87.54,-47.2,137140,Strengthening,Soft,18.95%,0.71,2.41,2.82,30%
RGTI,"Rigetti Computing Inc","Internet - Software",15.95,-4.26%,3,Sell,"88% Sell",-63.53,-48.85%,18,16.09,17.46,15.62,49.22,-64.5,-40.23,30465570,Strengthening,Soft,60.31%,0.71,14.45,16.79,64%
AEVA,"Aeva Technologies Inc","Auto - Truck Original Parts",14.27,-7.04%,5,Sell,"72% Sell",-63.60,-5.81%,19.93,17.48,18.16,15.17,39.48,-21.46,-4.79,2146078,Strongest,Average,43.54%,0.97,14.14,16.2,6%
FATN,"Fatpipe Inc","Internet - Software",5.18,-2.45%,1,Sell,"24% Buy",-63.87,-18.81%,5.57,5.79,4.4,5.66,37.75,-34.46,144.2,821577,Weakest,Weak,20.16%,0.2,5.15,6.17,3%
QBTS,"D-Wave Quantum Inc","Internet - Software",16.78,-3.62%,3,Sell,"100% Sell",-64.67,-37.29%,20.78,18.21,19.74,17,44.73,-52.94,-48.07,27664148,Strengthening,Average,45.30%,0.81,16.1,17.89,38%
CJMB,"Callan Jmb Inc","Transportation - Services",2.28,+3.17%,7,Hold,"80% Buy",-64.94,-54.12%,1.46,2.08,1.45,2.21,55.3,-69.77,93.17,1899227,Strongest,Average,56.74%,0.06,2.05,2.37,72%
CGTL,"Creative Global Technology Ltd","Consumer Prdts - Misc Discr",4.03,-1.95%,2,Sell,"96% Sell",-64.98,-52.84%,5.65,4.23,10.39,4.03,48.37,-68.49,-89.66,292598,Weakening,Average,37.56%,0.04,3.51,4.56,50%
JDZG,"Jiade Limited",Schools,4.48,+3.94%,4,Buy,"72% Sell",-65.23,-99.01%,14.66,11.89,88.46,3.71,43.6,-114.66,-110.03,171957,Weakest,Soft,42.21%,4.24,2.76,4.67,90%
DMRC,"Digimarc Corporation","Internet - Software",4.9,-0.20%,1,Sell,"88% Sell",-65.28,-50.15%,8.06,6.09,7.35,5.17,35.27,-65.8,-37.54,212783,Strengthening,Average,24.01%,0.93,4.62,5.71,25%
UPC,"Universe Pharmaceuticals Inc","Medical - Drugs",4.8,+1.05%,2,Sell,"56% Buy",-65.43,+8.11%,4.31,4.83,3.83,4.52,51.23,-7.54,13.74,716527,Average,Soft,76.64%,0.03,3.96,5.09,75%
KTOS,"Kratos Defense & Security Inc","Aerospace - Defense Equipment",44.07,-3.40%,1,Sell,"100% Sell",-65.91,-48.92%,53.02,51.56,61.03,47.45,32.02,-64.57,-54.18,4158543,Strongest,Good,20.14%,1.23,44.73,50.16,-12%
ASBP,"Aspire Biopharma Holdings Inc","Electronics Products - Misc",8.5,+2.16%,5,Buy,"8% Sell",-66.10,-98.03%,6.9,7.97,13.1,8.75,51.1,-113.68,-106.87,277220,Weakest,Minimum,43.41%,1.45,8.1,9.39,31%
SQNS,"Sequans Communications S A ADR","Electronics - Semiconductors",2.72,-4.56%,7,Hold,"80% Sell",-66.68,-70.11%,3.17,2.82,3.09,2.88,40.14,-85.76,-51.66,146736,Average,Weak,39.67%,1.42,2.7,3.05,5%
AIRO,"Airo Group Holdings Inc","Aerospace - Defense",6.97,-3.73%,1,Sell,"88% Sell",-66.96,-63.47%,7.52,7.6,8.02,7.19,42.35,-79.12,-27.03,566106,Strengthening,Weak,43.21%,0.52,6.82,7.55,20%
SORA,Asiastrategy,"Leisure & Recreational Prdcts",2.08,+4.00%,4,Sell,"88% Sell",-67.05,-56.44%,2.23,2.17,2.19,2.2,46.1,-72.09,-44.04,78550,Weakening,Weak,22.98%,0.27,1.96,2.44,25%
GSIW,"Garden Stage Limited","Finance - Misc Services",13,-7.37%,2,Sell,"100% Sell",-67.23,-56.67%,23.62,17.73,23.01,15.05,32.99,-72.32,-61.93,25522,Strongest,Average,26.15%,1.84,12.79,17.31,5%
PSQH,"Psq Holdings Inc","Internet Commerce",5,-5.66%,1,Buy,"56% Sell",-67.29,-83.50%,6.16,4.72,7.29,5.17,47.3,-99.15,-79.88,114851,Average,Weak,47.44%,0.08,4.68,5.66,33%
CLGN,"Collplant Biotechnologies Ltd ADR","Medical - Biomedical",3.87,-8.94%,1,Buy,"8% Sell",-67.67,-87.68%,3.58,3.39,4.07,3.78,52.84,-103.33,-84.6,117789,Weakest,Minimum,55.28%,0.07,3.09,4.47,57%
CURX,"Curanex Pharmaceuticals Inc","Medical - Drugs",5.03,+6.22%,5,Buy,"40% Sell",-67.67,-68.14%,5.1,4.37,6.33,4.54,59.38,-83.79,-36.09,74888,Weakest,Minimum,46.26%,1.03,4.03,5.06,98%
PLYX,"Polaryx Therapeutics Inc","Medical - Biomedical",2.04,-2.39%,4,Hold,N/A,-67.73,N/A,2.42,2.12,3.37,2.05,46.14,N/A,N/A,N/A,N/A,N/A,53.18%,0.21,1.94,2.17,44%
TCX,"Tucows Inc Cl A","Internet - Content",9.59,-3.91%,3,Sell,"100% Sell",-67.75,-49.63%,12.16,10.79,13.69,10.45,36.95,-65.28,-69.47,47313,Strengthening,Strong,16.32%,0.61,9.81,11.09,-17%
GURE,"Gulf Resources Inc","Chemical - Diversified",3.15,-3.37%,1,Hold,"80% Sell",-68.02,-48.21%,3.64,3.36,4.15,3.47,44.38,-63.86,-27.1,88883,Strongest,Average,24.41%,1.19,3.06,3.88,11%
MFI,"Mf International Limited","Internet - Software",9.72,+1.25%,3,Buy,"8% Sell",-70.33,-72.80%,9.1,8.84,10.02,9.42,61.18,-88.45,-59.93,16917,Weakening,Minimum,58.30%,0.41,9.12,9.72,100%
LNZA,"Lanzatech Global Inc","Waste Removal Svcs",5.94,-1.49%,2,Sell,"88% Sell",-70.62,-74.75%,7.3,6.02,11.43,6.06,46.95,-90.4,-69.07,74969,Average,Average,38.81%,0.46,5.69,6.43,34%
SVRE,"Saverone 2014 Ltd ADR","Technology Services",2.11,-1.86%,4,Sell,"100% Sell",-71.77,-88.87%,3.41,2.97,3.42,2.43,38.9,-104.52,-73.74,261982,Strengthening,Weak,9.35%,0.1,1.92,2.94,18%
ATXG,"Addentax Group Corp","Conglomerates - Div Operations",3.41,-5.28%,5,Hold,"96% Sell",-71.93,-77.27%,4.11,3.71,4.47,3.59,43.64,-92.92,-54.28,60711,Strengthening,Soft,53.99%,0.18,3.29,3.89,20%
CLRO,"Clearone Inc","Communications Components",5.1,+47.83%,2,Sell,"8% Buy",-72.24,+0.79%,4.86,5.31,4.65,4.6,53.52,-14.86,-12.04,1572361,Weakest,Minimum,25.68%,11.92,3.52,5.68,73%
FABC,"Fabric.Ai Inc","Technology Services",2.36,-2.07%,1,Sell,"88% Sell",-72.58,-52.03%,3.25,2.57,2.99,2.37,45.79,-67.68,-15.91,853450,Strengthening,Average,53.86%,0.58,2.1,2.64,48%
INTS,"Intensity Therapeutics Inc","Medical - Biomedical",3.65,-3.95%,3,Sell,"100% Sell",-73.29,-39.82%,4.3,4.21,4.92,3.98,35.17,-55.47,-76.65,44511,Strongest,Average,12.51%,1.38,3.72,4.24,-13%
BYRN,"Byrna Technologies Inc","Technology Services",3.37,-3.44%,4,Sell,"100% Sell",-73.40,-83.88%,4.71,3.86,6.06,3.58,38.17,-99.53,-92.17,573636,Strengthening,Average,40.53%,0.37,3.34,3.82,6%
ADXN,"Addex Therapeutics Ltd ADR","Medical - Drugs",2.81,-23.01%,1,Sell,"100% Sell",-73.48,-68.57%,5.67,4.67,6.2,3.5,29.87,-84.22,-75.84,48082,Strongest,"Top 1%",46.31%,0.51,3.06,3.93,-29%
TGEN,"Tecogen Inc","Building Prdcts - Air Heating",3.16,+3.61%,3,Sell,"72% Sell",-73.62,-59.75%,4.33,3.33,4.01,3.09,48.1,-75.4,-48.27,418720,Weakest,Soft,38.73%,0.67,2.88,3.3,67%
AIOS,"Aios Tech Inc","Technology Services",13.71,+9.68%,1,Hold,"32% Sell",-74.39,-82.82%,13.92,13.24,13.35,13.47,50.82,-98.47,-48.17,106722,Weakest,Minimum,25.62%,1.14,11.63,15.32,56%
MB,"Masterbeef Group","Retail - Restaurants",3.99,-0.25%,5,Sell,"100% Sell",-74.45,-59.03%,5.48,4.54,5.53,4.14,41.47,-74.68,-56.28,188512,Strengthening,Good,18.52%,0.01,3.89,4.4,20%
LFS,"Leifras Co. Ltd ADR","Leisure & Recreation Services",2.14,0.00%,2,Sell,"100% Sell",-75.61,N/A,2.24,2.23,2.26,2.17,44.89,N/A,-34.98,1080054,Average,Average,16.96%,0.07,2.11,2.23,28%
STI,"Solidion Technology Inc","Electronics Products - Misc",6.68,+2.45%,2,Sell,"88% Sell",-75.66,+37.45%,8.98,7.09,7.72,7.06,43.05,21.8,-18.02,993568,Average,Weak,10.91%,0.56,6.24,7.88,27%
UK,"Ucommune Intl Ltd","Real Estate Operations",2.03,-3.33%,4,Sell,"96% Sell",-75.71,-79.90%,2.32,2.08,3.06,2.03,48.69,-95.55,-80.02,130684,Average,Average,60.90%,0.99,1.89,2.17,49%
WNW,"Meiwu Technology Ltd","Technology Services",2.4,-4.76%,2,Sell,"88% Sell",-75.80,-98.70%,3.02,2.53,20.54,2.39,46.77,-114.35,-110.51,871282,Average,Soft,37.55%,0.06,2.26,2.52,54%
TVGN,"Tevogen Inc","Medical Services",6.76,-6.76%,7,Hold,"48% Sell",-76.34,-83.02%,7.35,6.61,7.32,7.39,41.76,-98.67,-71.41,23593,Weakening,Weak,72.88%,1.58,6.76,8.02,0%
EH,"Ehang Holdings Ltd ADR","Aerospace - Defense Equipment",4.4,-2.44%,4,Sell,"100% Sell",-77.27,-75.65%,6.43,5.03,7.93,4.56,35.88,-91.3,-78.86,795562,Strengthening,Strong,29.97%,0.9,4.36,4.77,10%
ATPC,"Agape Atp Corp","Medical Products",2.2,-1.79%,5,Sell,"100% Sell",-77.31,-96.54%,2.71,2.4,2.68,2.31,38.77,-112.19,-70.93,2139607,Strengthening,Weak,10.68%,0.06,2.19,2.43,5%
BGDE,"Big Digital Energy Inc","IT Services",5.26,-8.68%,5,Sell,"24% Sell",-77.56,-47.40%,6.79,6.23,5.77,6.25,37.67,-63.05,12.7,675559,Average,Minimum,25.35%,2.96,5.4,7.09,-8%
EMAT,"Evolution Metals & Technologies Corp","Machinery - Construct & Mining",3.2,0.00%,4,Hold,N/A,-78.11,N/A,5.3,3.54,6.28,3.41,45.06,N/A,N/A,N/A,N/A,N/A,14.81%,0.99,2.8,4.02,33%
CRVO,"Cervomed Inc","Medical - Biomedical",2.67,+5.12%,3,Hold,"64% Sell",-78.31,-67.75%,2.98,2.64,3.33,2.53,55.36,-83.4,-78.44,1830989,Weakest,Soft,68.31%,0.64,2.4,2.66,102%
MSAI,"Multisensor AI Holdings Inc","Internet - Software",4.7,-2.59%,2,Sell,"100% Sell",-78.82,-82.52%,5.33,5.09,6.55,4.84,41.88,-98.17,-71.44,112718,Strengthening,Soft,44.46%,0.21,4.56,5.13,25%
MTNB,"Matinas Biopharma Hl","Medical - Drugs",2.53,+5.42%,3,Sell,"100% Sell",-79.46,-91.12%,6.58,3.35,7.32,2.68,39.79,-106.77,-83.46,123823,Average,Good,33.74%,0.26,2.29,3.07,31%
CANG,"Cango Inc Cl A","Finance - Misc Services",2.29,+19.90%,2,Buy,"40% Sell",-79.82,N/A,2.72,1.94,3.55,2.08,54.53,N/A,-96.97,206804,Weakest,Average,29.08%,3.45,1.64,2.52,74%
NNNN,"Anbio Biotechnology Cl A","Medical - Biomedical",6.09,-3.33%,1,Sell,"100% Sell",-80.27,-82.57%,14.22,8.07,17.92,6.21,39.68,-98.22,-91.99,77089,Average,Strong,57.69%,0.17,5.11,7.31,45%
JEM,"707 Cayman Holdings Ltd","Textile - Apparel",3.69,-2.64%,1,Sell,"100% Sell",-81.32,-96.42%,12.13,4.45,15.25,3.99,40.64,-112.07,-103.54,494952,Weakening,Weak,38.03%,0.01,3.51,4.47,18%
CRE,"Cre8 Enterprise Limited Cl A","Business Services",2.62,-7.09%,2,Buy,"56% Sell",-81.38,-68.81%,2.9,2.91,2.84,2.89,43.81,-84.46,-17.85,851352,Strengthening,Weak,29.60%,0.03,2.62,3.15,0%
WCT,"Wellchange Holdings Company Ltd","Internet - Software",7.94,+0.13%,3,Buy,"8% Sell",-83.38,-91.86%,6.6,5.6,9.84,7.32,65.66,-107.51,-92.39,323722,Weakening,Minimum,76.02%,2.08,6.27,8.38,79%
ATCX,"Atlas Critical Minerals Corp","Mining - Misc",2.93,-5.48%,1,Sell,"100% Sell",-83.46,-86.13%,3.69,3.19,4.36,3.18,36.72,-101.78,-84.34,41825,Strengthening,Soft,37.70%,2.49,2.95,3.42,-4%
SCLX,"Scilex Holding Co.","Medical - Biomedical",4.49,-8.18%,3,Sell,"100% Sell",-83.53,-84.63%,6.78,5.97,7.1,5.16,30.7,-100.28,-75.44,79967,Strongest,Average,7.21%,1.41,4.69,5.62,-21%
INSG,"Inseego Corp","Internet - Software",3.61,-4.12%,3,Sell,"100% Sell",-84.93,-74.98%,8.31,5.11,9.96,4.14,27.84,-90.63,-77.14,261759,Strongest,Strong,4.26%,0.56,3.75,4.52,-19%
ZSTK,"Zerostack Corp","Finance - Misc Services",4.24,+4.18%,1,Buy,"24% Sell",-85.15,-79.91%,3.7,3.42,4.76,4.52,50.39,-95.56,-44.51,193904,Weakest,Minimum,20.14%,0.04,3.71,5.32,33%
YXT,"Yxt.com Group ADR","Internet - Software",2.46,+2.07%,1,Sell,"88% Sell",-85.33,-75.38%,3.93,3.56,4.39,2.43,45.82,-91.03,-81.49,483431,Weakest,Good,52.92%,0.01,2.19,2.67,56%
CIIT,"Tianci International Inc","Transportation - Ship",2.71,-1.27%,2,Sell,"88% Sell",-87.19,-93.43%,6.56,3.2,10.92,2.7,42.88,-109.08,-100.58,291364,Weakening,Weak,56.69%,0.11,2.32,3.07,52%
AKTX,"Akari Therapeutics ADR","Medical - Biomedical",9.81,+0.56%,5,Buy,"40% Buy",-87.56,-74.72%,10.16,9.05,8.99,10.31,50.1,-90.37,-27.38,275336,Weakening,Minimum,37.15%,1.23,9.08,11.53,30%
SKYQ,"Sky Quarry Inc","Oil - US Integrated",2.6,-2.62%,3,Sell,"88% Sell",-87.75,-28.51%,2.96,3.27,3.67,2.8,43.57,-44.16,33.17,6520687,Strengthening,Weak,15.49%,0.24,2.38,3.23,26%
VRAX,"Virax Biolabs Group Ltd","Medical - Biomedical",2.31,-3.37%,2,Sell,"100% Sell",-88.21,-84.91%,3.63,2.84,3.86,2.56,38.39,-100.56,-85.47,955981,Strongest,Average,30.73%,0.01,2.29,2.84,5%
SNAL,"Snail Inc Cl A",Gaming,2.42,-3.20%,1,Sell,"88% Sell",-88.23,-52.53%,3.66,3.41,3.5,2.61,32.08,-68.18,-57.8,1460959,Strongest,Average,22.62%,0.15,2.41,2.82,4%
NIPG,"Nip Group Inc ADR",Gaming,11.7,-6.40%,3,Hold,"48% Sell",-88.62,-77.37%,11.91,12.38,15.49,13.82,43.17,-93.02,-73.11,14187,Weakening,Weak,19.49%,0.13,11.92,15.71,-6%
LGCL,"Lucas Gc Limited","Technology Services",2.89,-2.69%,2,Sell,"100% Sell",-89.17,-99.63%,140.08,72.58,165.79,3.37,26.13,-115.28,-111.17,103842,Average,Soft,25.25%,0.08,2.37,4.37,26%
AMIX,"Autonomix Medical Inc","Medical Instruments",3.83,-4.73%,1,Sell,"100% Sell",-89.63,-82.63%,6.42,5.57,7.09,4.32,38.85,-98.28,-79.08,1484206,Strongest,Average,13.50%,0.01,3.78,4.87,5%
OMH,"Ohmyhome Limited","Technology Services",2.45,+4.26%,1,Sell,"100% Sell",-89.63,-95.98%,19.72,5.95,32.46,2.57,37.51,-111.63,-106.17,227253,Weakening,Strong,49.66%,0.05,1.88,3.27,41%
ASTC,"Astrotech Corp","Aerospace - Defense Equipment",7.64,+6.78%,5,Hold,Hold,-89.87,+52.80%,10.64,7.41,8.1,6.97,55.38,37.15,108.57,2007734,Bearish,,78.61%,0.41,6,7.93,85%
SDOT,"Sadot Group Inc","Consumer Prdts - Misc Staple",10.53,-4.36%,1,Sell,"100% Sell",-90.11,-89.97%,14.61,13.71,20.88,12.22,41.01,-105.62,-68.73,1489557,Strengthening,Weak,4.39%,0.03,10.3,14.13,6%
DBGI,"Digital Brands Group Inc","Retail - Apparel & Shoes",4.75,+0.42%,2,Sell,"100% Sell",-90.12,-98.61%,22.12,10.25,45.29,4.78,38.64,-114.26,-111.3,287046,Weakening,Average,37.56%,0.12,3.06,6.5,49%
HAO,"Haoxi Health Technology Limited Cl A Ord Shar","Advertising Marketing Services",2.89,-0.34%,4,Sell,"100% Sell",-90.42,-99.91%,68.61,3.25,982.76,2.99,25.54,-115.56,-112.13,139196,Average,Average,30.39%,0.12,2.59,3.39,37%
BIRD,"Smartbird Inc","Shoes and Related Apparel",2.33,+0.43%,2,Sell,"100% Sell",-90.45,-59.41%,3.32,2.45,3.74,2.41,43.12,-75.06,-55.41,2473577,Strengthening,Average,32.42%,0.46,2.28,2.54,20%
GNLN,"Greenlane Holdings Inc Cl A","Food - Misc & Diversified",2.71,-11.73%,4,Buy,"56% Sell",-90.54,-90.21%,2.79,2.46,3.41,2.73,50.83,-105.86,-90.66,83764,Weakening,Weak,67.63%,0.77,2.38,3.08,47%
SXTC,"China Sxt Pharmaceuticals Inc","Medical - Drugs",2.52,-1.95%,1,Sell,"88% Sell",-90.58,-99.99%,88.35,15.22,110.85,2.38,26.11,-115.64,-112.23,405453,Weakening,Weak,62.84%,0.03,2.02,2.74,69%
MI,"Nft Limited Cl A","Internet Commerce",2.37,+4.41%,1,Sell,"88% Sell",-90.97,-99.17%,9.55,5.22,48.25,2.29,33.03,-114.82,-111.5,29589,Weakest,Average,48.63%,0.3,2.02,2.55,66%
INLF,"Inlif Limited","Medical Products",5.23,+2.55%,2,Buy,"56% Sell",-91.27,-99.79%,240.1,3.99,475.5,3.47,38.12,-115.44,-111.9,1295846,Weakest,Average,48.67%,0.26,2.04,4.9,112%
DSY,"Big Tree Cloud Holdings Ltd","Consumer Prdts - Misc Staple",3.58,-0.83%,1,Sell,"8% Sell",-91.46,-86.02%,3.36,3.75,3.16,3.69,44.6,-101.67,-46.55,1063244,Weakest,Minimum,30.46%,0,3.38,3.99,33%
XCH,"Xchg Limited Ads","Electronics Products - Misc",3.1,-4.02%,2,Sell,"100% Sell",-91.70,-88.17%,10.16,5.78,14.63,3.27,28.71,-103.82,-98.52,17286,Average,Maximum,42.04%,0.08,2.81,3.72,32%
DCOY,"Decoy Therapeutics Inc","Medical - Biomedical",2.31,-25.24%,3,Sell,"100% Sell",-92.13,-94.95%,4.92,3.47,5.54,2.87,38.09,-110.6,-82.57,817531,Strongest,Weak,12.09%,0.2,2.26,3.47,4%
IPDN,"Professional Diversity Network Inc",Outsourcing,3.89,-13.56%,4,Sell,"88% Sell",-93.09,-96.73%,12.83,6.93,19.99,3.75,42.45,-112.38,-100.87,331889,Average,Average,25.87%,0.12,2.73,4.77,57%
HKIT,"Hitek Global Inc","Technology Services",2.57,-10.76%,1,Sell,"100% Sell",-93.31,-99.96%,14,2.93,637.66,2.66,38.79,-115.61,-112.21,251927,Average,Average,63.85%,0.67,2.31,3.01,37%
VBIO,"Valion Bio Inc","Medical - Biomedical",2.7,-10.89%,1,Sell,"88% Sell",-93.54,-96.35%,10.93,4.6,15.42,2.61,42.1,-112.,-104.79,213082,Average,Average,58.62%,0.28,1.71,3.5,55%
CPOP,"Pop Culture Group Company Cl A","Advertising Marketing Services",4.93,-2.95%,3,Buy,"72% Sell",-93.58,-96.43%,20.32,5.07,29.57,4.34,48.97,-112.08,-104.41,177269,Weakening,Average,57.53%,0.07,3.11,5.58,74%
MNTS,"Momentus Inc","Aerospace - Defense",4.03,-4.73%,5,Sell,"88% Sell",-94.23,-82.08%,6.68,4.38,5.99,4.17,42.18,-97.73,-29.49,3274031,Strengthening,Weak,44.16%,0.62,3.92,4.43,22%
NTCL,"Netclass Technology Inc Cl A","Internet - Software",2.09,-1.65%,1,Sell,"88% Sell",-94.46,-97.35%,15.11,2.5,16.36,2.02,40.64,-113.,-100.17,67686,Weakest,Soft,72.07%,0.48,1.82,2.23,65%
SEGG,"Sports Entertainment Gaming Global Corp",Gaming,2.42,-15.68%,3,Hold,"96% Sell",-94.48,-92.81%,6.11,3.08,6.03,2.96,35.89,-108.46,-64.88,654190,Strengthening,Weak,14.26%,0.77,2.34,3.58,6%
TDIC,"Dreamland Limited Cl A","Advertising Marketing Services",2.73,-13.61%,2,Buy,"56% Sell",-94.62,-99.61%,12.44,2.49,15.25,2.23,54.33,-115.26,-100.47,766749,Weakest,Weak,41.80%,0.86,1.6,2.85,91%
GAUZ,"Gauzy Ltd","Electronics Products - Misc",5.89,+10.71%,3,Sell,"100% Sell",-95.00,-95.21%,9.43,7.27,10.62,7.04,40.77,-110.86,-89.41,85978,Strengthening,Weak,16.04%,0.18,5.64,8.45,9%
PAVS,"Paranovus Entertainment Technology Ltd","Conglomerates - Div Operations",4.38,-1.13%,1,Sell,"100% Sell",-95.07,-100.00%,32,5.04,228.71,4.45,37.09,-115.65,-112.03,410455,Weakening,Weak,48.49%,0.02,3.79,5.12,45%
JUNS,"Jupiter Neurosciences Inc","Medical - Drugs",2.51,-5.99%,2,Sell,"100% Sell",-95.89,-97.90%,12.04,5.35,18.26,3.07,27.69,-113.55,-108.96,340473,Weakening,Average,10.56%,0.04,2.56,3.57,-5%
RBNE,"Robin Energy Ltd","Transportation - Ship",2.36,-0.50%,6,Sell,"100% Sell",-96.11,-97.52%,8.12,2.79,16.06,2.55,37.77,-113.17,-106.87,161471,Weakening,Soft,8.37%,0.06,2.21,2.88,22%
ELPW,"Elong Power Holding Cl A","Electronics Products - Misc",3.03,-5.02%,3,Sell,"88% Sell",-96.39,-99.98%,33.28,4.85,91.49,2.88,38.06,-115.63,-112.19,267281,Weakest,Weak,28.90%,0.28,2.23,3.53,62%
GNPX,"Genprex Inc","Medical - Biomedical",2.81,-14.59%,2,Sell,"100% Sell",-96.74,-98.57%,9.43,4.54,17.87,3.44,27.15,-114.22,-104.94,97201,Strengthening,Weak,12.73%,2.02,3.08,3.81,-36%
AKAN,"Akanda Corp","Medical Products",2.83,-7.38%,2,Sell,"88% Sell",-96.99,-96.76%,10.94,4.61,10,3.19,35.28,-112.41,-84.78,1270308,Strengthening,Weak,30.17%,0.08,2.48,3.91,24%
RPGL,"Republic Power Group Limited Cl A","Internet - Software",12.27,-5.62%,1,Sell,"100% Sell",-97.02,N/A,83.84,27.3,305.58,21.47,27.3,N/A,-112.07,22359,Average,Soft,8.40%,0.28,13.75,29.2,-10%
BYAH,"Park Ha Biological Technology Co. Ltd","Consumer Prdts - Misc Staple",2.41,-13.00%,2,Sell,"100% Sell",-97.09,-98.80%,5.93,2.86,7.17,2.55,42.06,-114.45,-108.45,316007,Average,Weak,33.68%,0.12,2.2,2.91,30%
CYCU,"Cycurion Inc","Protection - Safety",2.77,-1.42%,1,Sell,"100% Sell",-97.12,-96.51%,5.02,4.21,6.72,3.27,36.44,-112.16,-99.69,816458,Average,Weak,2.33%,0.05,2.76,3.79,1%
NXTT,"Next Technology Holding Inc","Internet - Software",5.24,-7.58%,2,Sell,"100% Sell",-97.58,-99.77%,77.95,18.95,124.59,5.51,26.65,-115.42,-111.37,54720,Weakening,Weak,38.93%,0.15,4.6,6.42,35%
BRNX,"Brenx Ltd","Other Alt Energy",2.3,-7.63%,1,Hold,"96% Sell",-97.82,-99.43%,5.71,3.22,11.29,2.69,41.78,-115.08,-110.01,433639,Weakening,Weak,23.57%,0.08,1.72,3.66,30%
IPST,"Ip Strategy Holdings Inc","Finance - Misc Services",3.42,-7.82%,3,Hold,"96% Sell",-97.88,-98.98%,3.93,3.92,5.45,3.44,47.47,-114.63,-101.28,854735,Weakening,Weak,42.11%,0.09,2.38,4.49,49%
INHD,"Inno Holdings Inc","Electronic Misc Services",2.99,-3.55%,1,Sell,"100% Sell",-98.13,-99.57%,6.85,5.9,12.65,3.88,39.8,-115.22,-99.13,1863523,Weakening,Weak,10.69%,0,2.42,5.35,20%
BIYA,"Baiya International Group Inc","Internet - Software",2.03,-3.79%,3,Sell,"100% Sell",-98.38,-98.60%,4.91,2.65,7.93,2.16,37.01,-114.25,-106.99,1862349,Weakening,Weak,16.93%,0.01,2,2.33,10%
ELAB,"Pmgc Holdings Inc","Conglomerates - Div Operations",4.78,+4.60%,3,Sell,"88% Sell",-98.59,-99.63%,11.1,6.97,21.8,4.76,37.79,-115.28,-110.89,336826,Weakest,Weak,37.83%,4.51,4.22,5.29,52%
VMAR,"Vision Marine Technologies Inc","Leisure & Recreational Prdcts",7.4,-5.49%,5,Sell,"88% Sell",-98.85,-99.87%,24.87,7.44,81.96,7.82,44.4,-115.52,-111.31,161290,Weakening,Weak,44.48%,0.04,6.76,8.88,30%
LGHL,"Lion Group Holding Ltd ADR","Finance - Misc Services",5.78,-20.82%,1,Sell,"100% Sell",-98.97,-99.81%,62.16,13.67,102.1,7.86,29.62,-115.46,-110.99,89924,Average,Weak,29.36%,0.15,5.72,10.01,1%
LRHC,"LA Rosa Holdings Corp","Conglomerates - Div Operations",2.53,-2.69%,5,Sell,"100% Sell",-99.38,-99.94%,5.54,3.83,15.59,2.65,38.53,-115.59,-111.57,108514,Weakening,Weak,35.59%,0.05,2.34,2.97,31%
DFNS,"T3 Defense Inc","Aerospace - Defense",7.21,-7.45%,1,Sell,"100% Sell",-99.41,-99.08%,26.94,20.2,58.06,8.94,36.44,-114.73,-110.81,1176695,Average,Soft,8.56%,0.06,6.55,11.33,14%
KIDZ,"Kidz AI Inc",Schools,2.57,+2.80%,1,Sell,"100% Sell",-99.69,-99.97%,22.24,5.03,142.03,3.29,28.45,-115.62,-112.05,413277,Weakening,Weak,8.52%,0.06,2.22,4.36,16%
WHLR,"Wheeler Real Estate","REIT - Equity Trust Retail",4.09,-21.35%,2,Sell,"88% Sell",-99.75,-100.00%,270.72,16.01,981.49,3.82,29.12,-115.65,-112.2,678229,Weakest,Weak,38.15%,0.2,1.64,6,56%
MFP,"Midera Food Processing Inc","Food - Misc & Diversified",41.15,-3.61%,2,N/A,N/A,N/A,N/A,0,45.43,0,43.62,41.33,N/A,N/A,N/A,N/A,N/A,33.96%,0.38,40.59,46.64,9%
NHP,"National Healthcare Properties Inc Cl A","REIT - Equity Trust Resident",16.12,+0.56%,3,Hold,N/A,N/A,N/A,15.35,16.19,0,16.13,49.18,N/A,N/A,N/A,N/A,N/A,49.82%,1.15,15.82,16.44,49%
OPI,"Office Properties Income Trust","REIT - Equity Trust Other",16.55,-0.30%,3,N/A,N/A,N/A,N/A,0,17.92,0,17.09,41.82,N/A,N/A,N/A,N/A,N/A,58.92%,1.12,15.96,18.23,26%
OPTH,"Optimi Health Corp","Medical - Drugs",4.85,+0.62%,4,N/A,N/A,N/A,N/A,0,4.82,0,4.81,50.37,N/A,N/A,N/A,N/A,N/A,68.45%,0.38,4.44,5.18,55%
QH,"Quhuo Limited ADR","Technology Services",3.88,-2.51%,2,N/A,N/A,N/A,N/A,0,4.42,0,4.01,40.35,N/A,N/A,N/A,N/A,N/A,23.51%,0.63,3.77,4.24,23%
QNT,"Quantinuum Inc Cl A","Internet - Software",49.11,-0.85%,4,N/A,N/A,N/A,N/A,0,53.82,0,49.88,42.98,N/A,N/A,N/A,N/A,N/A,23.67%,1.1,46.75,53.02,38%
SA,"Seabridge Gold Inc Common Shares","Mining - Gold",28.49,-5.97%,2,N/A,N/A,N/A,N/A,0,30.2,0,30.83,41.34,N/A,N/A,N/A,N/A,N/A,25.05%,0.9,28.6,33.07,-2%
SBMT,"Silver Bow Mining Corp","Mining - Misc",8.4,-0.71%,4,Buy,N/A,N/A,N/A,7.94,7.69,0,8.18,54.9,N/A,N/A,N/A,N/A,N/A,56.81%,1.86,7.46,8.91,65%
SPCX,"SpaceX Corp","Wireless National",145.47,-2.16%,6,N/A,N/A,N/A,N/A,0,136.35,0,148.59,49.38,N/A,N/A,N/A,N/A,N/A,29.63%,0.86,140.78,156.41,30%
VGNT,"Versigent Plc","Utility - Electric Power",45.4,-2.85%,2,Hold,N/A,N/A,N/A,44.44,45.45,0,46.66,46.97,N/A,N/A,N/A,N/A,N/A,29.72%,0.83,44.31,49.02,23%
AIAI,"Aiai Holdings Corporation Cl A","Technology Services",3.74,+2.75%,2,N/A,N/A,N/A,N/A,0,4.56,0,3.57,45.73,N/A,N/A,N/A,N/A,N/A,43.20%,0.26,3.03,4.11,66%
AIIR,"Air Global Plc",Tobacco,7.06,-7.35%,1,N/A,N/A,N/A,N/A,0,6.93,0,7.42,46.2,N/A,N/A,N/A,N/A,N/A,54.55%,18.43,6.97,7.87,10%
AMAN,"Amanat Acquisition Corp",Unclassified,10.63,-0.19%,4,N/A,N/A,N/A,N/A,0,10.49,0,10.69,50.36,N/A,N/A,N/A,N/A,N/A,50.00%,0.06,10.61,10.77,15%
ARXS,"Arxis Inc Cl A","Electronics - Misc Components",48.44,-3.35%,4,Sell,N/A,N/A,N/A,46.32,51.84,0,51.22,38,N/A,N/A,N/A,N/A,N/A,28.89%,1.08,48.42,54.02,0%
AVEX,"Aevex Corp Cl A","Aerospace - Defense",15.39,-4.23%,1,Sell,N/A,N/A,N/A,20.12,17.44,0,16.35,39.63,N/A,N/A,N/A,N/A,N/A,29.08%,0.81,15.38,17.31,0%
AZUL,"Azul S.A. ADR","Transportation - Airline",6.87,+5.86%,1,N/A,N/A,N/A,N/A,0,7.67,0,6.85,35.02,N/A,N/A,N/A,N/A,N/A,33.84%,1.46,6.04,7.66,51%
BOT,"Robostrategy Inc","Finance - Investment Mgmt",26.86,-6.15%,8,N/A,N/A,N/A,N/A,0,27.94,0,27.41,45.72,N/A,N/A,N/A,N/A,N/A,54.21%,0.72,24.89,29.93,39%
CLBR,"Colombier Acquisition Corp III Cl A",Unclassified,10.2,0.00%,4,Sell,N/A,N/A,N/A,10.22,10.26,0,10.22,43.33,N/A,N/A,N/A,N/A,N/A,31.67%,0.54,10.18,10.26,22%
DPC,"Dpc Holdings Plc","Aerospace - Defense",40.54,-1.19%,4,N/A,N/A,N/A,N/A,0,45.44,0,41.24,43.08,N/A,N/A,N/A,N/A,N/A,32.38%,1.23,38.77,43.71,36%
ELOX,"Eloxx Pharmaceuticals Inc","Medical - Biomedical",15,-0.20%,5,N/A,N/A,N/A,N/A,0,16.34,0,16.21,42.97,N/A,N/A,N/A,N/A,N/A,26.30%,0.33,14.11,18.31,21%
EROC,"Erock Inc Cl A","Other Alt Energy",11.88,-5.71%,4,N/A,N/A,N/A,N/A,0,12.33,0,12.26,46.2,N/A,N/A,N/A,N/A,N/A,37.06%,0.62,10.81,13.72,37%
FCBM,"First Carolina Financial Services Inc","Banks - Southeast",12.64,-0.32%,8,N/A,N/A,N/A,N/A,0,12.69,0,12.77,45.44,N/A,N/A,N/A,N/A,N/A,27.43%,0.88,12.51,13.03,24%
FRBT,"Forbright Inc Cl A","Banks - West",17.1,-3.23%,4,N/A,N/A,N/A,N/A,0,18.89,0,18.33,34.56,N/A,N/A,N/A,N/A,N/A,7.80%,1.04,17.29,19.37,-9%
HLXC,"Helix Acquisition Corp. III Cl A",Unclassified,10.75,-1.74%,1,Buy,N/A,N/A,N/A,10.42,10.62,0,10.79,51.33,N/A,N/A,N/A,N/A,N/A,75.24%,0.73,10.58,11.01,40%
HMH,"Hmh Holding Inc","Oil Field Machinery & Equip",19.28,+0.63%,6,Hold,N/A,N/A,N/A,20.16,19.81,0,19.43,48.61,N/A,N/A,N/A,N/A,N/A,27.71%,1.62,18.18,20.67,44%
JATT,"Jatt II Acquisition Corp",Unclassified,11.25,+0.90%,4,N/A,N/A,N/A,N/A,0,12.05,0,11.95,36.8,N/A,N/A,N/A,N/A,N/A,17.08%,15.24,11.21,12.7,3%
"Downloaded from Barchart.com as of 09-28-2026 11:26pm CDT"
