Symbol,Name,Industry,Latest,%Change,"1M #Hi",Trend,Opinion,"Wtd Alpha","52W %Chg","100D MA","50D MA","150D MA","20D MA","14D RSI","1Y vs IDX","YTD vs IDX","200D Avg Vol",Direction,Strength,"14D Stoch %K","50D RelVol","BB Lower","BB Upper",BB%
ERAS,"Erasca Inc","Medical - Biomedical",18.58,+1.47%,3,Buy,"88% Buy",+878.99,"+1,091.03%",15.69,16.98,14.39,18.62,53.81,1070.82,386.27,5273239,Strengthening,Good,43.63%,0.72,17.61,19.63,48%
SYRE,"Spyre Therapeutics Inc","Medical - Biomedical",104.09,+1.31%,4,Buy,"100% Buy",+404.14,+555.07%,78.5,92.5,64.64,100.9,57.32,534.86,204.55,1002690,Strengthening,Maximum,74.09%,0.67,94.5,107.31,75%
STX,"Seagate Technology Holdings","Computer - Integrated Systems",878.21,+7.03%,4,Sell,"56% Buy",+399.18,+464.44%,757.37,888.51,632.92,830.83,53.56,444.23,205.71,4399421,Average,Good,58.19%,0.95,737.17,924.49,75%
RLAY,"Relay Therapeutics Inc","Medical - Drugs",20.07,+0.40%,5,Buy,"100% Buy",+380.03,+499.10%,15.56,17.94,13.33,19.28,61.56,478.89,124.04,3006519,Strengthening,Maximum,76.33%,0.45,18.18,20.39,86%
DWSN,"Dawson Geophscl","Oil - Field Services",4.38,-1.57%,1,Sell,"40% Buy",+328.29,+222.06%,4.06,4.87,3.65,4.56,45.49,201.85,167.58,127212,Weakest,Average,26.24%,0.53,4.12,5,29%
ANRO,"Alto Neuroscience Inc","Medical - Biomedical",29.18,+1.39%,4,Buy,"100% Buy",+219.97,+817.61%,24.19,25.25,22.23,27.67,61.01,797.4,50.74,389083,Strongest,Strong,78.76%,0.51,26.01,29.32,96%
NBTX,"Nanobiotix S.A. ADR","Medical - Biomedical",39.44,+1.86%,2,Hold,"96% Buy",+198.15,+432.97%,37.17,37.68,33.46,38.65,52.55,412.76,57.4,71539,Strengthening,Average,47.10%,1.7,36.13,41.16,66%
DFTX,"Definium Therapeutics Inc","Medical - Drugs",42.79,+4.60%,5,Hold,"80% Buy",+186.46,+321.58%,30.01,38.62,25.66,43.52,50.93,301.37,206.38,2216397,Average,Strong,28.27%,2.33,40.72,46.33,37%
STTK,"Shattuck Labs Inc","Medical - Biomedical",7.49,+4.32%,6,Buy,"88% Buy",+184.85,+882.30%,6.48,6.28,5.84,7.19,56.85,862.09,92.02,763125,Strongest,Good,51.45%,0.85,6.66,7.72,78%
ENGS,"Energys Group Limited","Broadcast - Radio & TV",2.86,+3.62%,2,Buy,"100% Buy",+184.31,+0.70%,1.85,2.42,1.55,2.69,59.81,-19.51,222.61,526895,Strongest,Average,84.70%,1.57,2.5,2.87,98%
ROIV,"Roivant Sciences Ltd","Medical - Biomedical",36.16,+2.58%,4,Buy,"100% Buy",+178.50,+212.53%,30.99,33.36,29.22,34.67,59.33,192.32,53.45,6455829,Strengthening,Strong,75.64%,0.9,32.97,36.38,94%
APGE,"Apogee Therapeutics Inc","Medical - Biomedical",134.55,-0.10%,9,Buy,"100% Buy",+158.80,+266.62%,102.23,121.39,92.03,134.29,77.01,246.41,65.07,1467792,Average,Maximum,70.78%,0.26,133.84,134.74,79%
GRAL,"Grail Inc","Medical - Biomedical",68.94,-8.66%,6,Buy,"8% Buy",+152.01,+105.18%,61.58,67.15,67.99,69.93,49.26,84.97,-32.64,956382,Weakest,Minimum,79.48%,0.84,63.07,76.8,43%
IMVT,"Immunovant Inc","Medical - Biomedical",42.6,+4.08%,5,Buy,"100% Buy",+152.00,+180.08%,32.69,37.55,30.52,39.62,69.89,159.87,54.39,1605597,Strongest,Maximum,92.53%,1.52,37.81,41.43,132%
STRO,"Sutro Biopharma Inc","Medical - Biomedical",21.3,-14.94%,1,Sell,"32% Sell",+151.17,+171.79%,28.96,26.95,25.18,24,34.87,151.58,70.91,220707,Strengthening,Weak,63.58%,4,21.81,26.2,-12%
MAAS,"Maase Inc ADR","Finance - Misc Services",16.42,-21.40%,3,Hold,"80% Buy",+146.55,+363.84%,12.34,16.14,10.16,18.48,46.32,343.63,190.88,104210,Strengthening,Strong,61.74%,3.28,15.63,21.32,14%
TWIN,"Twin Disc Inc","Machinery - General Industrial",24.58,+1.74%,6,Buy,"100% Buy",+145.04,+175.25%,19.47,22.1,18.71,23.24,62.91,155.04,34.17,68440,Strongest,Maximum,77.53%,0.78,21.93,24.56,101%
MNPR,"Monopar Therapeutics Inc","Medical - Biomedical",114.9,+0.38%,10,Buy,"100% Buy",+144.87,+220.06%,75.37,93.14,70.62,112.57,59.34,199.85,62.77,218285,Strengthening,Maximum,58.50%,1.55,103.74,121.4,63%
GHRS,"Gh Research Plc","Medical - Biomedical",30.24,+3.99%,4,Buy,"100% Buy",+144.04,+149.09%,22.42,26,20.18,28.68,62.77,128.88,124.92,314586,Strongest,Maximum,64.39%,3.65,26.81,30.54,92%
LCUT,"Lifetime Brands Inc","Consumer Prdts - Misc Discr",9.53,-1.04%,6,Buy,"100% Buy",+143.20,+133.58%,7.78,8.65,6.38,8.75,63.19,113.37,128.08,157199,Strongest,Strong,68.62%,1.26,8.02,9.47,104%
FIX,"Comfort Systems USA","Building Prdcts - Air Heating",1738.8199,+3.01%,3,Sell,"24% Buy",+132.31,+141.97%,1754.2,1799.12,1591.48,1714.7,50.05,121.76,73.12,498019,Weakest,Weak,55.62%,0.61,1585.7,1843.71,59%
CPIX,"Cumberland Pharmaceu","Medical - Drugs",7.91,-0.63%,6,Buy,"100% Buy",+130.22,+171.82%,5.34,6.58,4.87,7.3,61.61,151.61,85.55,406667,Strengthening,Maximum,81.53%,0.77,6.35,8.24,83%
RCUS,"Arcus Biosciences Inc","Medical - Biomedical",28.96,+0.77%,6,Hold,"96% Buy",+130.03,+199.48%,25.59,27.48,24.27,28.25,54.61,179.27,8.34,1427626,Strongest,Average,57.76%,0.72,26.41,30.1,69%
MOG.A,"Moog Inc Cl A","Aerospace - Defense Equipment",428.82,+2.84%,7,Buy,"100% Buy",+125.90,+120.71%,357.06,402.77,341.77,405.69,60.2,100.5,62.88,273074,"Top 1%",Maximum,84.49%,0.66,383.06,428.32,101%
TRVI,"Trevi Therapeutics Inc","Medical - Biomedical",17.73,-0.39%,4,Buy,"88% Buy",+124.69,+141.88%,15.32,17.06,13.94,18.02,49.17,121.67,28.42,1771444,Weakening,Strong,35.99%,0.54,16.88,19.16,37%
ACHV,"Achieve Life Sciences Inc","Medical - Drugs",6.69,-1.18%,13,Buy,"100% Buy",+124.46,+174.18%,5.11,6.01,4.95,6.38,61.06,153.97,21.42,1157339,Strengthening,Strong,81.03%,0.76,5.93,6.83,85%
NRXS,"Neuraxis Inc","Medical Information Systems",6.27,-1.26%,1,Sell,"24% Sell",+124.37,+151.81%,7.2,6.87,6.55,6.69,40.93,131.6,24.92,305475,Average,Minimum,56.99%,1.56,6.1,7.29,15%
CNC,"Centene Corp","Medical - HMO",67.07,+3.38%,2,Sell,"80% Buy",+123.76,+156.29%,55.45,64.65,51,64.65,56.06,136.08,49.8,6574610,Average,Strong,81.16%,0.62,61.05,68.25,84%
QTTB,"Q32 Bio Inc","Medical - Biomedical",15.37,-0.26%,2,Buy,"88% Buy",+119.03,+814.88%,10.28,14.14,8.35,15.46,52.01,794.67,349.76,1513990,Weakening,Strong,42.56%,0.2,14.59,16.33,45%
NAT,"Nordic American Tanker Shipping Ltd","Transportation - Ship",6.44,+4.38%,6,Buy,"100% Buy",+118.49,+126.76%,5.83,5.99,5.44,6.36,55.21,106.55,74.02,3834066,Strongest,Strong,35.50%,0.59,6.06,6.66,64%
INSW,"International Seaways Inc","Transportation - Ship",92.38,+3.73%,9,Buy,"100% Buy",+117.23,+118.65%,82.77,86.45,76.48,91.63,54.64,98.44,77.09,561550,Strengthening,Strong,31.14%,1.3,86.57,96.69,57%
TIGO,"Millicom International Cellular S.A.","Wireless Non-US",96.47,+1.52%,4,Buy,"100% Buy",+114.33,+121.72%,86.86,92.62,79.47,96.11,52.59,101.51,60.82,1377750,Average,Maximum,34.66%,0.37,91.08,101.14,54%
MSGS,"Madison Square Garden Sports Corp","Leisure & Recreation Services",414.12,+5.25%,3,Buy,"100% Buy",+108.61,+111.93%,362.65,388.8,341.14,395.55,65.91,91.72,46.92,226170,Strongest,Maximum,59.44%,1.73,383.45,407.65,127%
BHE,"Benchmark Electronics","Electronic Manufacturing",81.94,+0.76%,4,Sell,"56% Buy",+104.17,+106.50%,78.62,85.44,70.39,80.96,48.96,86.29,78.44,385164,Weakening,Average,67.19%,0.46,75.46,86.45,59%
MANE,"Veradermics Incorporated","Medical - Biomedical",109.05,+0.09%,2,Hold,N/A,+103.15,N/A,96.99,108.63,0,109.03,49.19,N/A,N/A,N/A,N/A,N/A,65.45%,1.8,102.51,115.55,50%
LXRX,"Lexicon Pharmaceutcl","Medical - Biomedical",2.35,-3.29%,6,Buy,"96% Buy",+102.84,+121.70%,2.03,2.22,1.84,2.35,51.35,101.49,91.16,2734730,Average,Strong,77.38%,0.73,2.21,2.49,50%
HYLN,"Hyliion Hldg Corp Cl A","Auto - Truck Original Parts",3.89,-0.77%,4,Sell,"24% Buy",+100.78,+130.18%,3.9,4.98,3.28,3.79,46.33,109.97,98.22,2380478,Weakest,Weak,46.14%,2.69,3.38,4.2,62%
RZLT,"Rezolute Inc","Medical - Biomedical",4.7,+1.73%,5,Buy,"56% Buy",+100.45,-24.19%,3.98,4.72,3.68,4.8,48.61,-44.4,85.96,3535797,Average,Weak,18.46%,1.21,4.36,5.23,39%
FRO,"Frontline Plc","Transportation - Ship",39.57,+3.75%,7,Hold,"96% Buy",+96.87,+112.97%,36.94,37.9,34.82,38.62,55.04,92.76,68.16,3202553,Strengthening,Average,42.18%,0.77,36.77,40.47,76%
ICCC,"Immucell Corp","Medical Products",10.98,+0.27%,2,Buy,"88% Buy",+96.62,+65.11%,9.28,10.48,8.33,11.06,52.73,44.9,65.35,24637,Weakening,Strong,49.16%,1.01,10.83,11.28,33%
LGND,"Ligand Pharm","Medical - Biomedical",293.27,+1.57%,2,Hold,"80% Buy",+94.17,+92.07%,252.82,287.04,234.46,296.91,49.22,71.86,41.92,266168,Average,Strong,26.11%,0.95,286.3,307.53,33%
BOTJ,"Bank of The Jame Fnl","Banks - Southeast",27.51,+0.73%,6,Buy,"100% Buy",+93.52,+96.78%,24.04,25.66,22.6,27.08,66.14,76.57,34.87,12092,Strongest,Maximum,46.78%,1.58,26.34,27.82,79%
ORMP,"Oramed Pharma","Medical Products",4.27,+0.47%,6,Buy,"100% Buy",+93.00,+103.33%,4,4.13,3.81,4.17,52.84,83.12,36.63,222997,Strengthening,Good,51.56%,0.51,3.9,4.44,69%
KOD,"Kodiak Sciences Inc","Medical - Biomedical",43.41,+3.09%,5,Buy,"88% Buy",+92.98,+409.51%,38.94,38.63,34.37,42.19,55.48,389.3,42.07,865535,Average,Good,55.72%,0.52,39.18,45.2,70%
GRC,"Gorman-Rupp Company","Machinery - General Industrial",81.5,-1.56%,8,Buy,"56% Buy",+92.50,+90.87%,76.5,82.5,70.77,81.64,48.48,70.66,57.49,146771,Weakest,Good,57.13%,1.05,77.76,85.51,48%
CTOS,"Custom Truck One Source","Auto - Truck Original Parts",10.82,+1.69%,3,Sell,"72% Buy",+92.34,+82.46%,9.49,10.6,8.53,10.54,54.12,62.25,74.66,948850,Strengthening,Strong,42.28%,0.56,9.83,11.25,70%
BB,"Blackberry Ltd","Internet - Software",8.77,-2.34%,2,Sell,"56% Buy",+91.19,+138.96%,7.45,9.62,6.16,8.69,45.77,118.75,118.21,17130516,Weakest,Average,70.55%,0.36,8.04,9.34,56%
RLYB,"Rallybio Corporaton","Medical - Biomedical",16.59,+1.28%,4,Buy,"100% Buy",+90.95,+311.70%,13.51,16.06,11.21,16.29,60.8,291.49,189.06,130456,Strengthening,Strong,59.88%,0.42,15.72,16.85,77%
CSTM,"Constellium Se","Metal Products - Distribution",29.5,-1.37%,5,Sell,"24% Buy",+89.94,+113.00%,30.67,31.05,28.45,28.92,49.64,92.79,43.31,1895917,Weakest,Weak,76.72%,0.51,27.49,30.36,70%
OCC,"Optical Cable Corp","Fiber Optics",16.89,+5.89%,5,Sell,"56% Buy",+89.29,+199.47%,13.93,17.14,11.16,15.2,55,179.26,266.36,327259,Average,Average,70.30%,0.26,13.12,17.29,90%
NSYS,"Nortech Systems IN","Electronics - Misc Components",15.21,+2.22%,5,Sell,"64% Buy",+87.79,+74.23%,14.22,15.21,12.43,14.32,55.12,54.02,91.66,16824,Average,Average,66.82%,0.31,13.27,15.38,92%
TEN,"Tsakos Energy Navigation Ltd","Transportation - Ship",39.31,+2.83%,3,Sell,"40% Buy",+83.32,+97.24%,39.38,38.41,36.25,39.13,52.27,77.03,62.14,343828,Weakest,Soft,31.02%,0.81,37.83,40.42,57%
STT,"State Street Corp","Banks - Major Regional",190.11,+1.54%,4,Buy,"100% Buy",+80.14,+70.62%,160.28,176.09,149.58,184.43,65.32,50.41,34.17,2127598,Strongest,Maximum,89.69%,0.43,179.11,189.76,103%
GEO,"Geo Group Inc","Government Services",31.45,-0.94%,7,Buy,"100% Buy",+79.52,+51.13%,24.56,29.5,21.61,30.81,59.23,30.92,81.91,2080262,Strongest,Maximum,66.00%,0.93,29.6,32.01,77%
PACS,"Pacs Group Inc","Medical Services",45.47,+1.16%,8,Buy,"88% Buy",+79.08,+306.34%,38.52,42.19,38.1,46.06,51.79,286.13,5.25,1138468,Average,Average,69.11%,0.59,43.79,48.33,37%
KFRC,"Kforce Inc",Staffing,57.71,-0.41%,5,Buy,"88% Buy",+78.54,+80.34%,44.48,52.86,39.87,57.85,57.11,60.13,73.45,259003,Weakening,Maximum,49.32%,0.94,56,59.7,46%
FNKO,"Funko Inc Cl A","Toys & Game & Hobby",5.92,-0.17%,7,Buy,"100% Buy",+77.67,+117.65%,4.96,5.62,4.69,5.88,52.82,97.44,60.93,945252,Average,Strong,45.96%,1.26,5.41,6.34,55%
FLXS,"Flexsteel Inds",Furniture,73.81,-1.91%,8,Hold,"80% Buy",+76.96,+107.56%,60.6,69.99,56.04,75.33,50.16,87.35,73.72,43515,Average,Strong,35.10%,1,72.31,78.34,25%
PGC,"Peapack Gladstone FI","Banks - Northeast",46.24,+1.69%,5,Hold,"96% Buy",+76.80,+73.38%,42.9,45.96,39.41,46.22,51.46,53.17,52.84,150180,Strengthening,Strong,50.10%,0.66,45.06,47.38,51%
LITB,"Lightinthebox Holding Ltd ADR","Internet Services - Delivery",3.16,+3.61%,5,Sell,"48% Buy",+74.68,+135.82%,2.81,3.21,2.75,3.16,51.19,115.61,27.88,12555,Weakening,Average,52.63%,0.99,2.91,3.4,51%
CCCC,"C4 Therapeutics Inc","Medical - Biomedical",3.9,+0.78%,1,Sell,"64% Buy",+73.94,+74.11%,3.46,3.9,3.09,3.64,55.28,53.9,91,2458482,Average,Good,69.38%,0.62,3.39,3.89,102%
TRVG,"Trivago NV ADR","Internet - Services",5.2,-0.57%,6,Buy,"88% Buy",+73.13,+48.57%,4.02,5.07,3.64,5.39,48.02,28.36,66.12,65600,Weakening,Strong,31.25%,0.27,5.13,5.65,13%
VIR,"Vir Biotechnology Inc","Medical - Biomedical",8.96,+0.34%,1,Sell,"8% Sell",+71.98,+105.74%,9.4,9.26,8.92,9.01,46.41,85.53,35.4,2316511,Weakest,Minimum,34.49%,0.52,8.49,9.54,45%
AGCC,"Agencia Comercial Spirits Ltd Cl A","Beverages - Alcohol",14.91,-0.67%,1,Sell,"8% Buy",+70.64,N/A,16.17,15.1,14.9,15.13,46.31,N/A,39.58,122611,Weakening,Soft,32.55%,1.44,14.79,15.47,18%
NTCT,"Netscout Systems","Computer - Networks",39.49,+2.31%,1,Sell,"40% Buy",+70.15,+74.58%,38.19,41.1,35.03,40.22,45.4,54.37,32.74,586110,Weakening,Average,37.88%,1.14,38.09,42.34,33%
PHVS,"Pharvaris N.V.","Medical - Biomedical",36.46,+5.93%,5,Buy,"100% Buy",+70.01,+72.88%,31.16,33.43,29.71,33.99,61.73,52.67,18.2,325186,Strongest,Maximum,78.25%,2.65,32.12,35.85,116%
CCO,"Clear Channel Outdoor Holdings","Advertising Marketing Services",2.41,0.00%,13,Buy,"80% Buy",+68.86,+117.12%,2.4,2.41,2.35,2.41,49.05,96.91,-4.14,5956514,Weakening,Weak,25.00%,0.29,2.4,2.43,40%
ZURA,"Zura Bio Ltd","Medical - Biomedical",5.78,+3.96%,9,Buy,"40% Buy",+68.14,+293.20%,5.04,4.89,5.41,5.51,57.63,272.99,-2.88,757341,Average,Weak,60.30%,1.02,5.12,5.9,84%
OPY,"Oppenheimer Holdings","Finance - Investment Brokers",114.81,+1.47%,2,Hold,"96% Buy",+68.13,+57.64%,103.88,108.89,97.18,111.54,56.23,37.43,45.63,72830,Strongest,Strong,58.44%,0.91,106.49,116.59,82%
MAZE,"Maze Therapeutics Inc","Medical - Biomedical",27.53,+0.81%,2,Hold,"72% Sell",+67.75,+100.36%,27.91,27.53,33.78,27.86,47.03,80.15,-46.74,610796,Weakening,Soft,43.52%,0.74,26.64,29.09,36%
ILPT,"Industrial Logistics Properties Trust","REIT - Equity Trust Other",9.07,+2.49%,5,Hold,"96% Buy",+67.07,+58.29%,7.92,8.81,7.22,8.86,56.41,38.08,50.53,387767,Strengthening,Strong,67.07%,0.63,8.42,9.3,74%
ROMA,"Roma Green Finance Limited","Finance - Misc Services",8.71,-4.28%,4,Buy,"88% Buy",+66.96,+191.32%,7.39,8.43,5.82,9.29,47.1,171.11,402.22,225443,Weakening,Strong,22.11%,0.05,8.53,10.04,12%
RPRX,"Royalty Pharma Plc Cl A","Medical - Biomedical",59.22,+2.47%,7,Buy,"100% Buy",+66.72,+65.14%,53.33,56.65,50.1,58.29,58.74,44.93,40.07,3695315,Strongest,Maximum,48.20%,1.18,56.66,59.91,79%
CMPR,"Cimpress N.V. Ord","Consumer Services - Misc",98.64,+3.42%,3,Buy,"88% Buy",+66.49,+68.85%,90.57,95.85,85.24,98.93,51.85,48.64,34.94,174752,Strengthening,Strong,64.55%,1.26,93.11,104.75,48%
PNRG,"Primeenergy Corp","Oil - US Exploration & Product",199.9,+2.59%,8,Buy,"8% Buy",+66.13,+12.60%,204.98,182.8,199.28,187.54,62.67,-7.61,3.71,61159,Average,Minimum,86.67%,1.44,177.09,197.98,109%
ALRS,"Alerus Financial Corp","Finance - Misc Services",33.84,+1.20%,9,Buy,"100% Buy",+65.76,+57.32%,28.68,31.39,27.24,33.06,65.87,37.11,37.08,157344,"Top 1%","Top 1%",83.87%,0.59,31.77,34.36,80%
VNCE,"Vince Holding Corp","Textile - Apparel",6.04,+4.32%,5,Hold,"64% Buy",+65.56,+294.77%,4.94,6.2,4.21,6.36,45.22,274.56,34.85,161288,Weakening,Strong,30.30%,0.45,5.77,6.95,23%
STRZ,"Starz Entertainment Corp","Media Conglomerates",25.01,+4.43%,1,Sell,"40% Buy",+65.07,+73.32%,22.48,27.11,18.66,25.81,44.63,53.11,100.57,153705,Weakest,Average,25.59%,1.48,23.8,27.81,30%
BOF,"Branchout Food Inc","Food - Misc & Diversified",4.39,+3.54%,2,Buy,"88% Buy",+64.85,+97.75%,3.88,4.1,3.75,4.07,60.33,77.54,24.86,89567,Strongest,Average,80.67%,0.11,3.83,4.32,115%
FCEL,"Fuelcell Energy Inc","Other Alt Energy",21.67,+12.86%,4,Sell,"56% Buy",+64.37,+429.83%,17.18,21.71,14.07,20.76,51.08,409.62,183.25,6077623,Average,Average,29.10%,1.05,17.46,24.06,64%
MPWR,"Monolithic Power Sys","Semi Analog & Mixed",1425.01,+1.63%,5,Sell,"40% Buy",+63.94,+69.53%,1419.6,1409.73,1314.22,1353.24,55.2,49.32,44.03,741777,Average,Weak,49.58%,0.62,1259.62,1446.87,88%
BMO,"Bank of Montreal","Banks - Foreign",183.57,+1.32%,5,Buy,"100% Buy",+63.86,+62.09%,161.97,175.26,154.65,179.84,63.46,41.88,28.25,780138,Strongest,Maximum,82.47%,1,175.79,183.88,96%
DIN,"Dineequity Inc","Retail - Restaurants",36.47,+1.76%,4,Buy,"88% Buy",+63.79,+73.01%,31.31,34.42,31.96,35.51,58.05,52.8,0.28,416945,Strongest,Good,81.75%,0.76,33.97,37.05,81%
RRBI,"Red River Bancshares Inc","Banks - Southwest",102.33,-0.06%,7,Buy,"100% Buy",+62.70,+58.77%,93.59,95.51,90.56,100.03,62.29,38.56,30.07,63167,Strongest,Strong,78.57%,0.51,96.54,103.52,83%
CASY,"Casey's General Stor","Retail - Convenience Stores",839.03,+1.10%,7,Hold,"80% Buy",+62.44,+61.46%,808.16,831.81,755.13,853.7,48.66,41.25,38.61,460400,Average,Good,40.30%,0.46,826.06,881.34,23%
CGEN,"Compugen Ltd","Medical - Biomedical",2.5,+4.17%,3,Buy,"56% Buy",+62.07,+70.07%,2.42,2.24,2.26,2.36,59.39,49.86,50.21,388726,Average,Soft,76.91%,1.42,2.22,2.49,104%
DHT,"Dht Holdings","Transportation - Ship",18.72,+2.86%,6,Buy,"88% Buy",+61.73,+66.40%,17.91,17.84,17.23,18.3,56.21,46.19,40.13,3271874,Strengthening,Average,52.81%,1.26,17.64,18.97,81%
CM,"Canadian Imperial Bank of Commerce","Banks - Foreign",120.9,+1.63%,5,Buy,"100% Buy",+61.64,+65.48%,110.96,115.57,105.96,118.61,60.96,45.27,20.24,1251754,Strongest,Maximum,79.80%,0.96,115.99,121.22,94%
DTIL,"Precision Biosciences Inc","Medical - Biomedical",7.42,-1.20%,2,Sell,"88% Buy",+60.61,+69.41%,7.2,7.37,6.26,7.38,48.7,49.2,65.18,306305,Weakening,Average,72.01%,0.59,6.75,8,54%
TRST,"Trustco Bank Corp NY","Banks - Northeast",56.55,+1.00%,9,Hold,"96% Buy",+60.56,+62.03%,50.95,54.82,48.63,56.32,54.94,41.82,23.64,115519,Strengthening,Maximum,35.69%,1.06,54.5,58.14,56%
HWM,"Howmet Aerospace Inc","Aerospace - Defense",281.63,+0.10%,8,Buy,"88% Buy",+60.54,+55.68%,261.59,273.59,252.51,282.11,51.63,35.47,24.18,2504340,Average,Strong,30.13%,0.63,269.73,294.49,48%
TBBB,"BBB Foods Inc Cl A","Consumer Prdts - Misc Staple",42.3,+2.08%,2,Hold,"80% Buy",+60.22,+50.96%,38.71,41.04,37.52,40.89,57.61,30.75,13.49,634454,Strongest,Strong,48.80%,1.06,39.18,42.59,91%
BBIO,"Bridgebio Pharma Inc","Medical - Generic Drugs",83.84,+0.17%,3,Buy,"100% Buy",+60.05,+70.79%,73.72,76.56,73.36,82.67,58.47,50.58,-3.58,2844079,Average,Good,56.93%,0.82,79.55,85.8,69%
CMTV,"Community Bancorp Inc VT","Banks - Northeast",39.6,-2.92%,4,Buy,"88% Buy",+60.04,+72.40%,38.57,39.51,36.17,40.16,48.19,52.19,45.91,23499,Weakening,Average,35.85%,0.68,39.09,41.23,24%
VTVT,"Vtv Theraptcs Cl A","Medical - Biomedical",31.78,-3.81%,6,Hold,"80% Sell",+59.78,+119.32%,34.38,33.29,34.85,32.55,44.05,99.11,-33.72,46120,Strengthening,Weak,50.83%,0.64,30.08,35.03,34%
CTNM,"Contineum Therapeutics Inc","Medical - Biomedical",14.98,+1.08%,5,Buy,"100% Buy",+59.69,+121.93%,13.6,13.92,13.63,14.71,52.68,101.72,17.87,279623,Strengthening,Average,43.70%,2.54,13.3,16.13,59%
BHVN,"Biohaven Ltd","Medical - Biomedical",14.39,-0.69%,2,Hold,"96% Buy",+59.27,+6.83%,11.79,14,11.65,14.3,51.54,-13.38,14.27,3018786,Average,Average,67.04%,0.74,13.1,15.5,54%
DHX,"Dice Holdings","Internet - Content",3.82,0.00%,5,Hold,"64% Buy",+59.17,+63.25%,3.45,3.84,3.03,4,46.26,43.04,133.26,344813,Weakening,Strong,33.83%,1.88,3.69,4.31,21%
TNGX,"Tango Therapeutics Inc","Medical - Biomedical",25.58,-2.89%,1,Sell,"40% Buy",+59.17,+278.40%,25.39,28.45,21.35,27.5,41.5,258.19,175.52,3404875,Weakest,Average,24.39%,0.59,25.43,29.57,4%
OBT,"Orange County Bancor","Banks - Northeast",38.94,+0.45%,7,Buy,"100% Buy",+59.15,+56.85%,35.47,37.01,34.3,38.16,60.31,36.64,23.22,54766,Strongest,Strong,79.69%,0.53,37.01,39.32,84%
SPB,"Spectrum Brands Holdings Inc","Consumer Prdts - Misc Discr",88.42,+0.58%,10,Buy,"88% Buy",+58.40,+55.04%,82.26,85.77,78.67,88.96,52.29,34.83,36.47,357320,Strengthening,Strong,17.06%,1.52,87.12,90.79,35%
SVRA,"Savara Inc","Medical - Drugs",5.7,+2.33%,2,Sell,"56% Buy",+57.60,+120.93%,5.46,5.63,5.51,5.56,52.22,100.72,-18.66,1920332,Weakening,Weak,60.08%,0.64,5.23,5.89,71%
PLBC,"Plumas Bancorp","Banks - West",63.15,+1.54%,4,Buy,"100% Buy",+57.40,+49.15%,54.87,58.66,53.18,61.5,68.49,28.94,28.12,40366,Strongest,"Top 1%",77.20%,0.49,60.42,62.58,126%
KRNY,"Kearny Financial","Finance - Savings & Loan",9.53,0.00%,7,Buy,"88% Buy",+57.20,+57.78%,8.54,9.15,8.28,9.54,54.03,37.57,15.42,410654,Average,Maximum,64.52%,0.93,9.28,9.81,47%
EGBN,"Eagle Bancorp Inc","Banks - Northeast",28.76,+1.30%,6,Buy,"100% Buy",+56.46,+64.16%,26.85,27.68,26.3,27.84,60.12,43.95,21.08,358954,Strongest,Good,82.65%,0.85,26.86,28.82,97%
MRK,"Merck & Company","Large Cap Pharma",132.92,+1.92%,6,Buy,"100% Buy",+56.17,+65.53%,120.36,124.66,118.76,129.15,63.62,45.32,13.09,11510081,Strongest,Strong,58.89%,1.01,125.13,133.17,97%
STNG,"Scorpio Tankers Inc","Transportation - Ship",76.15,+2.64%,2,Sell,"8% Buy",+55.72,+69.52%,77.36,76.7,73.93,77.32,48.3,49.31,36.62,1025193,Weakest,Weak,27.24%,0.95,74.07,80.56,32%
SWBI,"Smith & Wesson Brands Inc","Leisure & Recreational Prdcts",14.19,-0.21%,1,Sell,"8% Buy",+55.67,+74.32%,14.95,14.97,13.93,14.67,40.63,54.11,30.58,610422,Weakening,Weak,10.74%,0.65,14.05,15.29,11%
AMN,"Amn Healthcare Services Inc","Business Services",32.44,-2.02%,5,Buy,"72% Buy",+55.60,+83.90%,27.57,32.66,24.81,33.83,47.28,63.69,92.65,1119411,Weakest,Strong,55.04%,1.01,31.3,36.35,23%
BPOP,"Popular Inc","Banks - Southeast",176.18,+0.77%,7,Buy,"100% Buy",+55.25,+50.25%,155.72,166.96,148.73,173.84,61.04,30.04,28.3,540838,Strongest,Maximum,61.02%,0.58,170.25,177.43,83%
COKE,"Coca-Cola Consolidated Inc","Beverages - Soft",188.77,+3.89%,5,Hold,"64% Buy",+54.61,+64.30%,185.75,183.74,182.09,185.54,53.51,44.09,9.95,529089,Strengthening,Weak,41.43%,1.19,176.64,194.45,68%
ACA,"Arcosa Inc","Building & Construction - Misc",145.05,+0.10%,3,Buy,"100% Buy",+54.16,+46.15%,128.85,140.35,124.42,145.04,62.61,25.94,23.24,406310,Average,Maximum,26.20%,0.77,144.63,145.45,51%
MD,"Pediatrix Medical Group Inc","Medical Services",26.5,+1.38%,6,Hold,"96% Buy",+53.94,+80.03%,23.64,25.2,22.68,26.2,54.04,59.82,10.7,868029,Strongest,Good,76.97%,0.78,25.21,27.19,65%
GRDN,"Guardian Pharmacy Services Inc Cl A","Medical - Drugs",38.58,-2.23%,4,Hold,"32% Buy",+53.38,+70.56%,39.11,40.85,36.8,40.55,43.45,50.35,15.03,377163,Weakest,Average,23.47%,0.89,38.32,42.77,6%
CFG,"Citizens Financial Group","Banks - Northeast",73.91,+1.26%,3,Buy,"100% Buy",+53.31,+53.53%,66.22,69.87,64.81,72.49,61.08,33.32,13.35,4697545,Strongest,Maximum,70.08%,0.58,70.73,74.25,90%
PEBK,"Peoples Bancorp NC","Banks - Southeast",44.84,+1.54%,9,Buy,"100% Buy",+53.23,+51.90%,41.7,43.01,40.33,43.19,66.05,31.69,10.68,26414,Strongest,Strong,70.71%,1.16,42.1,44.27,126%
SOTK,"Sono-Tek Corp","Electronics - Semiconductors",5.22,+1.36%,4,Hold,"48% Buy",+53.11,+60.12%,4.93,5.31,4.67,5.28,48.34,39.91,13.2,32703,Weakening,Good,38.72%,0.66,4.97,5.58,41%
TROO,"Troops Inc","Conglomerates - Div Operations",2.03,+3.57%,1,Sell,"72% Sell",+52.69,+143.73%,2.76,2.27,3.02,1.95,48.7,123.52,-49.75,328427,Weakening,Average,59.24%,2.03,1.63,2.27,62%
LB,"Landbridge Company Llc Cl A","Oil - US Integrated",76.32,-9.05%,4,Buy,"88% Buy",+52.56,+45.93%,71.33,73.25,68.67,76.95,50,25.72,42.6,423301,Weakening,Good,63.14%,1.27,72.12,81.78,43%
Q,"Qnity Electronics Inc","Electronics - Semiconductors",142.08,+2.78%,2,Sell,N/A,+51.93,N/A,141.75,145.06,129.88,135.01,53.42,N/A,60.82,N/A,N/A,N/A,66.47%,0.74,126.2,143.83,90%
EPC,"Edgewell Personal Care","Consumer Prdts - Misc Staple",28.66,+0.17%,7,Buy,"100% Buy",+51.91,+27.26%,23.18,25.81,22.21,28.15,58.38,7.05,54.9,790341,Strongest,Maximum,66.51%,0.6,26.72,29.59,68%
VIST,"Vista Energy S.A.B. DE C.V. ADR","Oil - International Integrated",66.01,-0.18%,5,Buy,"8% Buy",+51.31,+55.39%,69.11,67.28,64.97,66.4,48.7,35.18,22.47,1253592,Weakest,Weak,44.50%,0.78,62.26,70.55,45%
GNK,"Genco Shipping & Trading Ltd","Transportation - Ship",25.26,+2.18%,2,Buy,"88% Buy",+51.26,+53.37%,24.35,24.75,23.37,25.42,50.37,33.16,23.87,414047,Average,Good,26.29%,0.83,24.34,26.51,42%
PFIS,"Peoples Finl Svcs Company","Banks - Northeast",71.28,+1.54%,6,Buy,"100% Buy",+51.09,+40.18%,61.69,66.52,58.78,70.19,59.91,19.97,33.15,45426,Strongest,Maximum,56.53%,0.44,67.63,72.75,71%
FRAF,"Franklin Finl Svcs Corp","Banks - Northeast",64.16,+1.65%,6,Hold,"96% Buy",+50.79,+49.84%,58.69,61.92,55.93,63.07,57.74,29.63,14.62,40392,Strongest,Strong,65.45%,0.77,61.72,64.42,90%
CMI,"Cummins Inc","Engines - Internal Combustion",637.85,+0.77%,2,Sell,"8% Buy",+50.32,+59.84%,647.42,666.44,622.47,644.61,45.55,39.63,11.77,956550,Weakest,Weak,61.41%,0.76,616.95,672.27,38%
CRI,"Carter's Inc","Shoes and Related Apparel",39.06,-1.71%,1,Sell,"56% Buy",+49.99,+56.99%,37.98,39.91,37.58,39.05,48.16,36.78,7.25,1131958,Weakest,Soft,73.65%,0.79,37.29,40.81,50%
ASC,"Ardmore Shipping Corp","Transportation - Ship",16.67,+2.84%,4,Buy,"72% Buy",+49.97,+60.75%,16.59,16.25,15.63,16.52,51.91,40.54,44.22,653990,Average,Average,28.32%,0.73,15.49,17.56,57%
MS,"Morgan Stanley","Finance - Investment Brokers",217.64,+1.19%,3,Sell,"72% Buy",+49.69,+47.76%,200.73,216.37,191.84,214.19,53.45,27.55,9.4,6233569,Average,Strong,75.49%,0.63,206.88,221.5,74%
ANNX,"Annexon Inc","Medical - Biomedical",5.33,-0.19%,3,Hold,"32% Sell",+49.61,+118.44%,5.5,5.36,5.58,5.34,48.67,98.23,-7.01,2945125,Strengthening,Minimum,63.12%,1.04,4.86,5.82,49%
FFIV,"F5 Inc","Internet - Software",422.95,+2.16%,3,Hold,"96% Buy",+49.53,+29.55%,366.54,404.67,336.44,404.7,58.71,9.34,52.5,893935,Average,Strong,88.44%,0.91,385.9,423.49,99%
LEE,"Lee Enterprises Inc","Publishing - Newspapers",8.15,+0.62%,3,Sell,"24% Buy",+49.50,+111.14%,8.71,8.76,8.13,7.91,49.39,90.93,56.96,68919,Weakest,Weak,52.22%,0.23,7.52,8.31,80%
ANL,"Adlai Nortye Ltd ADR","Medical - Biomedical",13.09,+0.08%,10,Buy,"88% Buy",+49.40,+744.52%,11.66,11.39,10.1,12.76,56.86,724.31,808.64,444272,Weakening,Average,50.89%,0.66,11.51,14.01,63%
YETI,"Yeti Holdings Inc","Leisure & Recreational Prdcts",50.84,+0.10%,5,Buy,"88% Buy",+48.97,+50.59%,44.87,49.69,44.95,51.1,51.45,30.38,1.91,1577866,Average,Strong,49.44%,2.04,49.29,52.91,43%
CPAC,"Cementos Pacasmayo S.A.A ADR","Building - CMT & CNT & AG",11.96,+1.27%,3,Buy,"100% Buy",+48.61,+88.94%,11.07,11.6,10.93,11.87,55.31,68.73,1.59,57650,Strongest,Average,36.00%,1.19,11.63,12.12,67%
CYD,"China Yuchai International","Auto - Truck Original Parts",46.93,+0.36%,10,Sell,"40% Buy",+48.57,+65.25%,46.53,48.1,46.34,46.36,49.86,45.04,19.01,176083,Weakening,Weak,39.80%,0.73,43.43,49.29,60%
IDYA,"Ideaya Biosciences Inc","Medical - Biomedical",36.96,+0.33%,4,Buy,"88% Buy",+48.04,+56.68%,32.49,34.63,32.91,36.09,56.65,36.47,-6.28,1059094,Average,Average,71.60%,0.43,34.96,37.22,88%
IBKR,"Interactive Brokers","Finance - Investment Brokers",91.66,+2.09%,3,Sell,"72% Buy",+47.42,+35.53%,84.39,91.08,80.35,90.24,52.9,15.32,29.34,4671604,Average,Strong,57.44%,0.63,85.74,94.74,66%
QXL,"Quantum X Labs Inc","Technology Services",4.2,-1.18%,1,Sell,"40% Buy",+47.20,+6.33%,3.96,5.02,3.23,4.66,39.83,-13.88,161.32,85149,Weakest,Average,21.46%,0.28,4.12,5.2,7%
BIIB,"Biogen Inc","Medical - Biomedical",208.87,+2.44%,3,Hold,"96% Buy",+47.17,+62.00%,194.76,202.63,191.31,204.77,54.69,41.79,5.49,1472534,Strongest,Good,42.89%,0.63,197.93,211.62,80%
BZH,"Beazer Homes USA","Building - Residential & Comm",33.18,+0.03%,7,Buy,"100% Buy",+47.16,+37.05%,25.82,30.09,25.17,33.03,59.9,16.84,50.5,539546,Strengthening,Maximum,51.19%,1.75,32.2,33.85,59%
CYTK,Cytokinetics,"Medical - Biomedical",75.64,-1.06%,1,Sell,"56% Buy",+47.05,+120.46%,73.8,78.73,70.46,79.16,41.01,100.25,5.85,2122017,Weakest,Soft,19.36%,0.99,75.29,83.04,5%
ST,"Sensata Technologies Holding N.V.","Industrial Controls",46.15,+0.09%,5,Hold,"48% Buy",+46.90,+47.87%,44.59,47.46,41.55,46.28,48.44,27.66,25.44,1852802,Weakest,Average,20.14%,0.54,44.27,48.28,47%
EBC,"Eastern Bankshares Inc","Banks - Northeast",23.35,+0.95%,6,Buy,"100% Buy",+46.77,+47.04%,20.96,22,20.69,23.04,59.56,26.83,13.51,2590451,Strongest,Maximum,60.11%,0.32,22.53,23.56,80%
SMBC,"Southern MO Bancorp","Finance - Savings & Loan",77.43,+0.51%,8,Hold,"80% Buy",+46.70,+40.40%,70.95,74.99,68.19,77.59,53.51,20.19,17.78,78989,Strengthening,Strong,36.12%,0.91,75.7,79.47,46%
VIRT,"Virtu Financial Cm A","Finance - Misc Services",57.09,+3.65%,1,Sell,"40% Buy",+46.62,+35.57%,53.91,58.66,48.82,57.71,46.9,15.36,58.15,1176391,Weakening,Average,32.66%,0.67,54.74,60.68,40%
PDLB,"Ponce Financial Group Inc","Finance - Misc Services",20.68,+1.17%,5,Buy,"100% Buy",+46.42,+38.98%,18.71,19.82,17.97,20.25,59.96,18.77,13.29,74779,Strongest,Maximum,67.39%,0.64,19.79,20.71,96%
RBB,"Rbb Bancorp","Banks - West",27.32,+0.81%,3,Buy,"100% Buy",+46.32,+39.96%,24.6,26.2,23.57,26.71,61.25,19.75,19.17,105047,Strongest,Maximum,81.49%,0.56,25.93,27.5,89%
SNDA,"Sonida Senior Living Inc","Medical Services",39.05,+0.33%,5,Buy,"88% Buy",+45.93,+53.14%,36.92,38.78,35.89,40.58,46.02,32.93,6.56,396598,Average,Strong,28.54%,0.72,38.29,42.86,17%
TK,"Teekay Corporation Ltd","Oil - International Integrated",11.78,+4.25%,7,Hold,"16% Buy",+45.87,+56.86%,12.03,11.28,11.69,11.24,57.98,36.65,17.26,592397,Weakest,Minimum,55.88%,0.87,10.66,11.82,97%
RBKB,"Rhinebeck Bancorp Inc","Banks - Northeast",12.76,+2.24%,6,Buy,"100% Buy",+45.85,+37.20%,11.71,12.17,11.13,12.32,61.53,16.99,35.43,42390,Strongest,Strong,87.40%,1.11,11.87,12.78,98%
RUSHB,"Rush Enterprises  Cl B","Retail - Wsale Auto & Trucks",78.66,-0.52%,6,Buy,"100% Buy",+45.61,+35.74%,71.31,74.48,68.1,77.53,56.07,15.53,26.63,62818,Strengthening,Strong,58.70%,0.49,74.18,80.88,67%
DCOM,"Dime Commercial Bancshares Inc","Banks - Southeast",40.91,+0.69%,5,Buy,"100% Buy",+45.54,+41.02%,37.8,39.85,36.2,40.53,55.14,20.81,22.77,299682,Strongest,Maximum,65.92%,0.98,39.21,41.84,65%
TXN,"Texas Instruments","Semi General",276.59,-1.65%,3,Sell,"40% Buy",+45.48,+43.33%,273.72,293.42,250.96,281.24,44.69,23.12,46.24,7927458,Weakest,Soft,55.38%,0.67,268.77,293.71,31%
CIVB,"Civista Bncshrs","Banks - Midwest",28.71,+0.91%,7,Buy,"88% Buy",+44.73,+40.12%,26.07,27.87,25.16,28.72,54.38,19.91,16.02,102267,Strengthening,Maximum,41.29%,0.87,28.02,29.42,50%
SLDE,"Slide Insurance Holdings Inc","Insurance - Multi Line",20.96,+1.65%,2,Buy,"100% Buy",+44.66,+23.19%,18.84,19.35,18.38,20.69,54.49,2.98,-5.59,1398989,Strongest,Strong,38.25%,0.59,19.58,21.8,62%
BAP,"Credicorp Ltd","Banks - Foreign",372.22,-1.27%,2,Sell,"56% Buy",+44.65,+48.29%,355.23,378.75,349.78,389.31,39.93,28.08,16.5,410074,Weakest,Average,3.86%,0.65,375.49,403.13,-12%
FNLC,"First Bancorp Inc","Banks - Northeast",35.65,+0.65%,11,Buy,"100% Buy",+44.41,+35.40%,31.04,33.42,29.96,35.01,60.74,15.19,21.64,23577,Strongest,Maximum,70.49%,0.8,33.92,36.11,79%
CMT,"Core Molding Technologies Inc","Rubber & Plastics",25.27,-0.24%,7,Buy,"88% Buy",+44.10,+47.35%,24.25,24.01,22.62,24.5,56.64,27.14,12.84,27507,Average,Average,61.50%,0.44,22.98,26.02,75%
CCSI,"Consensus Cloud Solutions","Internet - Software",37.94,+2.68%,3,Buy,"100% Buy",+44.07,+47.91%,31.67,36.11,29.79,36.72,55.95,27.7,60.69,177574,Strengthening,Maximum,69.82%,1.37,34.47,38.97,77%
SBFG,"Sb Financial Group","Banks - Northeast",27.9,+2.42%,4,Buy,"100% Buy",+43.89,+31.11%,23.35,25.08,22.66,26.74,63.38,10.9,12.09,19736,Strongest,"Top 1%",84.74%,0.42,25.68,27.8,105%
VOYA,"VOYA Financial Inc","Insurance - Life",99.49,+1.29%,3,Hold,"80% Buy",+43.69,+36.46%,85.47,94.79,81.3,99.52,55.41,16.25,20.37,1057924,Average,Maximum,54.38%,0.85,97.23,101.8,49%
USB,"U.S. Bancorp","Banks - Major Regional",65.02,+1.14%,8,Buy,"100% Buy",+43.55,+42.06%,57.84,61.15,57.06,63.8,64.02,21.85,8.66,9378642,Strongest,Maximum,79.67%,0.48,62.64,64.97,102%
KTCC,"Key Tronic Corp","Electronics Products - Misc",3.86,+1.58%,6,Hold,"64% Buy",+43.36,+38.85%,3.45,3.94,3.26,3.95,46.53,18.64,25.16,19882,Weakest,Strong,46.38%,0.21,3.67,4.22,34%
KARO,"KaroOOOO Ltd","Internet - Software",62.79,+0.31%,6,Buy,"88% Buy",+42.42,+33.65%,52.47,55.89,50.77,63.76,55.84,13.44,24.82,73307,Strengthening,Maximum,40.27%,0.76,61.64,65.87,27%
CW,"Curtiss-Wright Corp","Aerospace - Defense Equipment",723.71,+2.51%,6,Sell,"24% Buy",+41.16,+44.27%,729.04,741.57,708.79,723.15,48.74,24.06,18.09,278595,Weakest,Weak,37.76%,1.05,680.57,765.72,51%
CATY,"Cathay Genl Bncp","Banks - West",64.46,+1.19%,6,Buy,"100% Buy",+41.11,+35.56%,57.92,61.59,55.55,63.19,62.72,15.35,20.02,459415,Strongest,Maximum,72.18%,0.57,61.61,64.78,90%
GSBC,"Great Southern Bncp","Finance - Savings & Loan",80.5,+0.22%,4,Buy,"100% Buy",+41.00,+35.11%,72.48,77.61,69.19,80,57.1,14.9,17.58,79732,Strengthening,Maximum,58.92%,0.62,77.56,82.44,60%
NGNE,"Neurogene Inc","Medical - Biomedical",36.98,+3.30%,3,Buy,"100% Buy",+40.73,+92.40%,29.52,33.46,26.09,35.31,58.12,72.19,66.32,197010,Strongest,Strong,90.55%,1.44,32.46,38.17,79%
PBFS,"Pioneer Bancorp Inc","Banks - Northeast",17.33,+1.46%,9,Hold,"80% Buy",+40.56,+35.60%,15.71,17.04,15.16,17.4,52.76,15.39,15.37,14941,Strengthening,Strong,13.75%,0.42,16.85,17.95,44%
BSRR,"Sierra Bancorp","Banks - West",40.74,+0.64%,4,Hold,"80% Buy",+40.40,+37.31%,38.38,40.56,37.36,41.11,50.04,17.1,11.47,59341,Strengthening,Strong,46.04%,1.16,39.69,42.53,37%
EBMT,"Eagle Bancorp [Mt]","Banks - Midwest",23.6,+0.47%,4,Buy,"100% Buy",+40.17,+40.64%,22.6,23.4,22.26,23.51,51.44,20.43,5.4,52339,Strengthening,Good,46.51%,0.39,22.87,24.16,57%
HELE,"Helen of Troy Ltd","Cosmetics & Toiletries",29.88,+2.05%,6,Buy,"100% Buy",+40.09,+28.90%,24.29,27.79,22.1,28.51,57.66,8.69,27.42,700547,Strongest,Strong,86.43%,0.59,26.93,30.08,94%
ENTA,"Enanta Pharmaceutica","Medical - Biomedical",13.5,-0.15%,2,Hold,Hold,+39.88,+96.79%,13.36,13.09,13.42,13.16,52.87,76.58,-27.58,238764,Bearish,,83.23%,0.72,12.37,13.94,72%
WYFI,"Whitefiber Inc","Technology Services",28.58,+18.00%,2,Sell,"56% Buy",+39.52,+85.46%,24.54,29.91,22.35,25.29,52.97,65.25,67.7,1475393,Average,Average,57.56%,1.12,21.47,29.11,93%
TRMD,"Torm Plc Cl A","Transportation - Ship",28.97,+1.19%,5,Buy,"40% Buy",+39.09,+54.34%,29.71,28.95,28.31,29.53,47.23,34.13,34.77,715938,Weakest,Weak,22.98%,0.84,28.4,30.67,25%
MCY,"Mercury General Corp","Insurance - Proprty & Casualty",105.52,-0.23%,2,Buy,"72% Buy",+39.06,+42.61%,100.4,105.62,96.82,107,46.46,22.4,-1.01,258499,Weakest,Strong,36.22%,0.6,103.81,110.19,27%
PTHS,"Pelthos Therapeutics Inc","Medical - Biomedical",28.91,+0.98%,5,Hold,"80% Buy",+39.00,+52.16%,25.79,27.33,25.17,27.55,55,31.95,-19.93,27412,Strongest,Soft,83.66%,0.41,25.36,29.74,81%
FITB,"Fifth Third Bancorp","Banks - Major Regional",58.01,+0.71%,4,Buy,"100% Buy",+38.89,+37.33%,52.25,55.8,51.49,57.41,58.87,17.12,10.74,8419904,Strongest,Maximum,62.16%,0.77,56.13,58.68,74%
CPF,"Central Pacific Financial Company","Banks - West",38.71,+0.05%,7,Hold,"80% Buy",+38.81,+38.10%,35.74,37.8,34.62,39.16,50.08,17.89,11.04,157331,Average,Strong,21.35%,0.96,38.22,40.1,26%
RAMP,"Liveramp Holdings Inc","Technology Services",37.81,+0.13%,2,Hold,"96% Buy",+38.46,+45.98%,33.85,37.69,31.27,37.8,56.69,25.77,15.55,981078,Average,Strong,35.67%,0.88,37.63,37.97,52%
AZZ,"Azz Inc","Machinery - Electrical",151.38,-1.14%,9,Hold,"96% Buy",+38.09,+33.29%,142.67,148.76,137.65,149.41,53.53,13.08,28.05,225298,Average,Strong,74.56%,0.63,143.23,155.6,66%
BOKF,"Bok Financial Corp","Banks - Southwest",144.78,+0.52%,8,Buy,"100% Buy",+38.01,+38.61%,134.4,137.89,132.73,142.51,62.74,18.4,9.03,312655,Strongest,Strong,67.69%,0.67,139.46,145.55,87%
SLAB,"Silicon Labs Inc","Semi Analog & Mixed",218.83,-0.05%,3,Hold,"80% Buy",+37.90,+67.21%,216.01,218.3,204.76,217.77,57.03,47,54.24,480435,Weakest,Average,72.28%,0.64,216.21,219.32,84%
ECHO,"Echostar Corp","Satellite Communication",92.5,+5.14%,3,Sell,"72% Sell",+37.86,+230.36%,112.35,99.89,113.28,88.93,50.28,210.15,-28.09,6476015,Average,Average,65.63%,0.58,82.94,94.93,80%
FBLA,"Fb Bancorp Inc","Banks - Southeast",15.67,-0.13%,10,Buy,"100% Buy",+37.70,+35.20%,14.49,15.03,14.04,15.54,59.49,14.99,8.76,114840,Strengthening,Maximum,54.08%,0.77,15.23,15.85,71%
ISTR,"Investar Holding","Banks - Southeast",30.75,+1.55%,5,Buy,"100% Buy",+37.39,+37.58%,28.81,29.65,28.61,30.03,60.94,17.37,1.89,128393,"Top 1%",Good,68.31%,1.05,29.35,30.71,103%
CTW,"Ctw Cl A",Gaming,2.58,-0.39%,2,Buy,"64% Buy",+37.33,+28.36%,2.46,2.44,2.2,2.44,57.02,8.15,35.94,62655,Average,Average,86.67%,2.1,2.28,2.6,93%
MTB,"M&T Bank Corp","Banks - Major Regional",253.55,+0.55%,5,Buy,"100% Buy",+37.29,+32.69%,225.92,239.37,223.16,250.21,61.96,12.48,12.65,1104057,Strongest,Maximum,76.30%,0.71,245.73,254.68,87%
LAUR,"Laureate Education Inc",Schools,36.99,+0.85%,2,Hold,"64% Buy",+37.07,+39.22%,35.08,37.06,34.78,37.26,47.11,19.01,-3.33,1371458,Weakening,Average,19.53%,0.91,35.68,38.85,41%
OSS,"One Stop Systems Inc","Computer - Micro",13.35,+4.95%,3,Sell,"40% Buy",+37.06,+136.28%,13.31,14.94,12.08,12.76,49.53,116.07,72.74,1563385,Weakening,Soft,56.08%,0.61,11.26,14.25,70%
BCAL,"California Bancorp","Banks - Southwest",21.8,+1.44%,4,Buy,"100% Buy",+37.00,+35.57%,19.55,20.62,19.17,21.31,63.74,15.36,3.57,214367,Strongest,Strong,72.25%,0.55,20.81,21.81,99%
EQIX,"Equinix Inc","REIT - Equity Trust Retail",1069.17,+3.56%,2,Hold,"48% Buy",+36.69,+35.80%,1050.77,1050.68,995.05,1037.85,56.25,15.59,26.36,601555,Average,Average,45.18%,1.1,999.93,1075.77,91%
PNC,"PNC Bank","Finance - Investment Brokers",255.46,+0.48%,5,Buy,"100% Buy",+36.65,+33.59%,230.73,244.79,227.15,251.88,61.07,13.38,9.2,2214865,Strongest,Maximum,62.56%,0.38,247.57,256.19,92%
COSO,"Coastalsouth Bancshares Inc","Banks - Southeast",27.75,-0.50%,9,Buy,"100% Buy",+36.62,+38.40%,26.06,26.85,25.49,27.28,58.94,18.19,6.16,87994,Strengthening,Maximum,64.97%,1.2,26.44,28.12,78%
IRM,"Iron Mountain Inc","Business Information",124.36,+1.61%,6,Sell,"56% Buy",+36.62,+34.95%,120.79,124.74,113.96,124.06,51.2,14.74,36.73,1879196,Average,Average,22.61%,0.58,119.92,128.2,54%
DY,"Dycom Industries","Building - Heavy Construction",410.17,+1.73%,5,Sell,"8% Buy",+36.52,+46.49%,423.54,440.25,409.94,411.71,47.26,26.28,8.2,471270,Weakest,Weak,43.08%,0.62,382.81,440.62,47%
HAFC,"Hanmi Financial Corp","Banks - West",32.25,+0.88%,3,Hold,"96% Buy",+36.00,+34.54%,30.22,31.79,29.16,32.06,53.6,14.33,6.12,272388,Strongest,Strong,62.44%,0.64,31.19,32.93,61%
KELYA,"Kelly Svcs Cl A",Staffing,15.44,+0.13%,7,Buy,"100% Buy",+35.93,+7.75%,11.59,13.57,10.96,15.37,59.11,-12.46,62.26,467313,Strengthening,Maximum,30.43%,0.81,14.76,15.98,56%
HWC,"Hancock Whitney Corp","Banks - Southeast",79.04,+1.05%,4,Buy,"100% Buy",+35.86,+31.12%,70.43,74.5,69.52,77.34,64.1,10.91,10.93,873552,Strongest,Maximum,83.82%,0.57,75.27,79.4,91%
TECH,"Bio-Techne Corp","Medical - Biomedical",72.23,+0.11%,7,Buy,"88% Buy",+35.81,+36.72%,59.14,66.05,59.81,71.95,71.9,16.51,9.63,3091843,Strengthening,Strong,73.19%,0.44,71.52,72.38,82%
FUNC,"First United Corp","Banks - Northeast",45.61,+0.48%,4,Buy,"100% Buy",+35.75,+30.91%,40.54,43.52,39.44,44.76,59.19,10.7,8.63,19146,Strongest,Maximum,74.57%,0.41,43.6,45.92,87%
AVBH,"Avidbank Holdings Inc","Banks - West",32.83,+0.49%,5,Buy,"100% Buy",+35.49,+37.19%,30.86,32.26,30.04,32.46,58.01,16.98,10.42,87377,Strongest,Strong,62.92%,0.39,31.8,33.12,78%
EWBC,"East West Bancorp","Banks - West",135.05,+1.51%,4,Buy,"100% Buy",+35.40,+32.18%,124.13,130.38,120.68,132.35,62.51,11.97,6.97,921455,Strongest,Maximum,71.97%,0.7,129.06,135.63,91%
WSBK,"Winchester Bancorp Inc","Banks - Northeast",13.02,0.00%,5,Buy,"96% Buy",+35.13,+41.52%,12.9,12.98,12.61,13.02,51.09,21.31,11.4,8626,Average,Average,83.46%,5.96,12.97,13.07,50%
ACTG,"Acacia Res-Acacia","Business Services",4.66,+0.87%,6,Hold,"32% Buy",+34.86,+39.52%,4.74,4.61,4.54,4.6,52.82,19.31,11.41,260056,Weakest,Weak,50.93%,1.31,4.4,4.79,66%
FULT,"Fulton Financial Cor","Banks - Northeast",24.4,+0.54%,4,Hold,"80% Buy",+34.77,+32.03%,22.5,23.83,21.92,24.51,52.56,11.82,13.04,1897406,Strengthening,Strong,34.19%,0.7,23.99,25.02,39%
LSBK,"Lake Shore Bancorp","Finance - Savings & Loan",17.23,+0.58%,6,Buy,"100% Buy",+34.46,+35.14%,16.24,16.83,15.93,17.12,57.08,14.93,4.34,11724,Strongest,Strong,60.05%,0.94,16.96,17.28,84%
CLH,"Clean Harbors","Waste Removal Svcs",316.65,+1.64%,5,Buy,"100% Buy",+33.99,+29.21%,297.75,299.67,289.51,309.98,61.11,9,21.85,530896,Strongest,Strong,35.72%,1.08,299.2,320.77,81%
UTHR,"United Therapeutic","Medical - Drugs",511.72,-0.73%,2,Sell,"40% Sell",+33.95,+69.79%,552.52,537.82,531.91,525.87,38.16,49.58,-8.17,494643,Strengthening,Weak,55.95%,0.63,511.4,540.34,1%
LARK,"Landmark Bancorp Inc","Finance - Savings & Loan",32.25,+0.44%,8,Buy,"100% Buy",+33.89,+26.45%,28.66,30.55,28.05,31.57,63.36,6.24,9.95,9102,Strongest,Maximum,88.95%,0.95,30.64,32.5,87%
CLST,"Catalyst Bancorp Inc","Banks - Southeast",17.26,+0.64%,6,Buy,"100% Buy",+33.41,+37.46%,16.38,16.6,16.25,16.97,57.4,17.25,-3.61,5550,Strongest,Good,62.72%,2.94,16.53,17.41,83%
MCBS,"Metrocity Bankshares Inc","Banks - Southeast",36.04,+0.42%,3,Hold,"96% Buy",+33.38,+25.49%,33.24,35.26,31.59,35.87,54.11,5.28,22.61,79753,Strongest,Strong,70.00%,0.72,34.82,36.92,58%
CCBG,"Capital City Bank Gr","Banks - Southeast",52.33,+0.83%,8,Buy,"100% Buy",+33.20,+28.39%,47.46,49.32,45.96,51.76,59.3,8.18,9.74,85708,Strongest,Maximum,54.71%,0.58,50.27,53.25,69%
FUSB,"First US Bancshares Inc","Banks - Southeast",16.45,0.00%,2,Hold,"64% Buy",+33.16,+28.52%,16.08,16.46,15.65,16.54,48.52,8.31,4.56,6403,Weakest,Average,60.16%,0.41,16.25,16.83,35%
ALXO,"Alx Oncology Holdings Inc","Medical - Biomedical",2.01,+4.15%,3,Buy,"88% Buy",+32.78,+226.78%,1.89,1.89,1.9,2,51.18,206.57,64.69,868408,Average,Weak,45.47%,1.64,1.88,2.13,52%
AFRI,"Forafric Global Plc","Agriculture Operations",10.81,+1.60%,6,Buy,"100% Buy",+32.56,+37.53%,10.1,10.32,10.05,10.61,56.62,17.32,-15.18,15298,Strengthening,Average,38.01%,0.28,10.27,10.96,78%
KNOP,"Knot Offshore Partners LP","Transportation - Ship",10.49,-0.38%,2,Buy,"8% Buy",+32.47,+49.86%,10.53,10.48,10.51,10.47,49.39,29.65,-11.84,106694,Weakening,Minimum,48.41%,0.32,10.14,10.8,53%
HAFN,"Hafnia Ltd","Transportation - Ship",7.49,+2.32%,7,Hold,"16% Buy",+32.38,+38.96%,7.83,7.36,7.42,7.5,50.77,18.75,27.34,1536064,Weakest,Minimum,34.88%,0.49,7.24,7.75,48%
CENT,"Central Garden","Consumer Prdts - Misc Discr",44.59,+1.02%,7,Buy,"100% Buy",+32.31,+26.53%,40.36,43.11,38.85,43.96,54.72,6.32,25.5,80584,Strongest,Maximum,61.37%,1.17,42.41,45.51,70%
ACOG,"Alpha Cognition Inc","Medical - Biomedical",8.95,+0.73%,5,Buy,"100% Buy",+32.30,-7.73%,6.83,7.57,6.45,8.52,59.92,-27.94,24.5,72326,Strongest,Maximum,79.43%,1.09,7.8,9.23,80%
WEST,"Westrock Coffee Company","Beverages - Soft",8.27,+0.06%,8,Sell,"72% Buy",+32.01,+25.30%,7.09,8.1,6.25,7.96,56.05,5.09,90,534711,Average,Good,87.78%,0.58,7.38,8.54,76%
JLHL,"Julong Holding Limited Cl A","Building & Construction - Misc",7.7,-6.33%,2,Sell,"24% Sell",+31.92,+99.48%,13.87,15,10.92,7.36,45.88,79.27,77.88,918538,Average,Minimum,26.56%,0.05,4.84,9.89,57%
HBNC,"Horizon Bancorp","Banks - Northeast",20.53,+0.74%,6,Buy,"100% Buy",+31.87,+28.39%,18.77,19.87,18.28,20.44,56.04,8.18,7.86,441056,Strongest,Maximum,58.67%,0.55,20.01,20.87,60%
KZIA,"Kazia Therapeutics Ltd ADR","Medical - Biomedical",12.79,-7.85%,7,Hold,"48% Buy",+31.55,+50.47%,12.06,13.09,10.37,13,47.89,30.26,72.44,380762,Weakest,Average,61.68%,1.32,11.48,14.51,43%
BORR,"Borr Drilling Ltd","Oil & Gas - Drilling",4.11,-3.52%,2,Sell,"72% Sell",+31.49,+73.42%,5.04,4.33,5.07,4.06,48.04,53.21,-11.2,6622588,Strengthening,Average,72.94%,2.36,3.79,4.33,59%
KNTK,"Kinetik Holdings Inc","Oil - Field Services",51.25,+0.27%,7,Buy,"100% Buy",+31.48,+22.17%,48.35,48.61,46.28,50.24,56.84,1.96,28.97,1180284,Strongest,Strong,72.73%,0.64,48.28,52.2,76%
MRBK,"Meridian Bank","Banks - Northeast",19.91,+0.50%,5,Sell,"72% Buy",+31.47,+31.85%,19.24,19.7,19.2,19.96,52.08,11.64,0.06,101465,Strengthening,Soft,32.50%,0.79,19.38,20.55,45%
CV,"Capsovision Inc","Medical Information Systems",6.86,+3.94%,7,Hold,"64% Buy",+31.31,+68.97%,6.78,6.79,6.33,6.75,52.1,48.76,-49.02,243896,Strengthening,Weak,33.69%,0.59,6.35,7.15,64%
TXMD,"Therapeuticsmd Inc","Medical - Drugs",2.08,+0.48%,5,Buy,"40% Buy",+31.07,+88.24%,2.07,2.05,2.14,2.06,54.07,68.03,14.42,63112,Weakening,Minimum,44.40%,0.75,2.02,2.1,75%
EQBK,"Equity Bncsrs Cm A","Banks - Northeast",51.46,+0.41%,8,Buy,"100% Buy",+30.91,+31.91%,47.15,49.03,46.7,50.78,62.03,11.7,2.06,106544,"Top 1%",Maximum,70.13%,0.61,49.72,51.84,82%
ITRN,"Ituran Location","Protection - Safety",54.07,+2.68%,3,Sell,"8% Buy",+30.86,+26.95%,57.53,58.9,53.95,55.01,43.36,6.74,12.52,124367,Weakest,Minimum,21.81%,1.44,52.35,57.67,32%
SLP,"Simulations Plus Inc","Computer - Software",18.32,+0.05%,5,Buy,"88% Buy",+30.86,+29.20%,15.95,17.87,15.63,18.3,60.12,8.99,-12.7,384517,Average,Average,62.75%,0.38,18.2,18.39,62%
IMPP,"Imperial Petroleum Inc","Transportation - Ship",4.53,0.00%,1,Sell,"8% Sell",+30.26,+50.00%,4.79,4.87,4.51,4.69,38.26,29.79,11.95,624374,Weakening,Minimum,17.07%,0.99,4.51,4.86,5%
ONB,"Old National Bncp","Banks - Midwest",27.08,+0.89%,4,Buy,"100% Buy",+30.19,+26.31%,24.58,25.83,24.27,26.67,59.65,6.1,8.19,3397580,Strongest,Maximum,65.21%,0.72,26.06,27.28,83%
TBPH,"Theravance Bio Ord","Medical - Drugs",16.92,0.00%,2,Buy,"8% Buy",+30.12,+41.95%,16.55,16.8,17.05,16.88,54.09,21.74,-22.76,569779,Weakest,Minimum,69.96%,0.69,16.8,16.96,73%
BVFL,"Bv Financial Inc MD","Banks - Northeast",21.24,-0.28%,5,Buy,"100% Buy",+30.01,+30.07%,20.27,20.88,19.85,21.11,51.84,9.86,3.9,21342,Average,Strong,60.66%,0.59,20.35,21.87,58%
ASND,"Ascendis Pharma ADR","Medical - Biomedical",255.46,+0.35%,3,Sell,"88% Buy",+29.53,+30.35%,239.88,246.86,235.1,252.21,54.21,10.14,6.61,672526,Strengthening,Strong,75.78%,0.64,242.56,261.87,67%
ECBK,"ECB Bancorp Inc","Banks - Northeast",20.82,+3.02%,4,Buy,"100% Buy",+29.24,+24.90%,18.85,19.86,18.39,20.34,59.69,4.69,6.53,11253,Strongest,Maximum,71.83%,1.3,19.77,20.92,92%
WES,"Western Midstream Partners LP","Oil Refining & Marketing MLP",48.17,+0.10%,10,Buy,"100% Buy",+28.95,+26.23%,43.92,45.2,43.07,46.97,63.67,6.02,8.76,1308506,Strongest,Maximum,75.38%,0.72,45.73,48.21,98%
DVN,"Devon Energy Corp","Oil - US Exploration & Product",44.86,-1.19%,6,Buy,"40% Buy",+28.74,+34.63%,45.8,43.6,44.55,44.1,54.38,14.42,9.28,12288434,Weakest,Weak,78.90%,0.65,42.16,46.03,70%
KMX,"Carmax Inc","Retail - Wholesale Auto Parts",58.71,+0.91%,5,Buy,"100% Buy",+28.61,+3.62%,47.21,53.84,46.25,58.02,59.91,-16.59,38.75,3876820,Strongest,Strong,47.40%,0.43,56.45,59.58,72%
BCH,"Banco DE Chile ADR","Banks - Foreign",39.9,-2.44%,9,Hold,"48% Buy",+28.59,+37.07%,38.83,39.97,39.82,41.02,44.4,16.86,-8.19,350885,Weakest,Weak,37.79%,0.81,39.66,42.38,9%
LOB,"Live Oak Bancsh","Banks - Southeast",42.76,-0.05%,6,Buy,"100% Buy",+28.39,+28.60%,38.45,40.88,38.17,42.62,54.76,8.39,11.29,284332,Strengthening,Strong,48.85%,0.62,41.2,44.03,55%
ALLT,"Allot Communications","Internet - Software",7.7,-3.99%,2,Sell,"56% Sell",+28.25,+0.79%,7.55,7.84,8.06,7.8,47.57,-19.42,-34.86,428419,Average,Weak,44.91%,1.76,7.28,8.31,41%
AER,"Aercap Holdings N.V.","Transportation - Equip & Lease",150.25,+0.90%,7,Hold,"80% Buy",+28.21,+32.06%,143.94,146.94,144,151.13,49.99,11.85,-8.68,1300234,Strengthening,Average,18.28%,0.61,146.07,156.19,41%
INDB,"Independent Bk Corp","Banks - Northeast",85.33,+0.62%,4,Hold,"96% Buy",+27.99,+27.55%,80.55,83.44,80.1,84.95,54.89,7.34,3.57,342861,Strongest,Good,47.90%,0.59,83.3,86.59,62%
BATRK,"Atlanta Braves Holdings Inc C","Media Conglomerates",53,+4.00%,3,Hold,"80% Buy",+27.95,+19.34%,49.15,50.96,46.63,50.76,61.83,-0.87,21.16,408676,Average,Strong,79.58%,1.45,48.97,52.55,112%
AUB,"Atlantic Union Bancshares Corp","Banks - Northeast",42.44,+0.69%,4,Hold,"80% Buy",+27.91,+27.07%,39.16,41.2,38.83,42.48,53.26,6.86,7.04,1115940,Strengthening,Strong,46.74%,0.58,41.58,43.39,48%
NECB,"Northeast Community Bancorp","Banks - Northeast",26.96,+0.63%,6,Buy,"100% Buy",+27.82,+24.07%,25.33,26.43,24.77,26.8,53.62,3.86,6.05,44783,Strongest,Strong,46.74%,0.8,26.24,27.35,65%
DJCO,"Daily Journal Corp","Publishing - Newspapers",557.01,-0.51%,7,Sell,"56% Buy",+27.31,+31.17%,536.04,567.25,543.17,583.41,40.53,10.96,1.11,106538,Weakest,Weak,20.91%,1.78,555.47,611.36,3%
OSW,"Onespaworld Holdings Ltd","Leisure & Recreation Services",26.6,+2.35%,6,Buy,"100% Buy",+26.52,+20.69%,25.08,26.33,23.75,26.35,52.3,0.48,15.06,892706,Strongest,Strong,35.31%,0.55,25.39,27.31,63%
CENTA,"Central Garden & Pet","Consumer Prdts - Misc Discr",38.83,+1.09%,5,Hold,"96% Buy",+26.46,+21.84%,35.7,37.8,34.46,38.53,53.47,1.63,19.84,324587,Strongest,Strong,38.75%,1.07,37.32,39.73,63%
EML,"Eastern Company","Protection - Safety",25.65,+5.04%,2,Buy,"100% Buy",+26.23,+7.73%,22.84,24.32,21.47,24.71,57.22,-12.48,17.08,20230,Strongest,Strong,62.19%,0.42,23.36,26.05,85%
PRPO,"Precipio Inc","Medical Information Systems",22.54,+0.85%,2,Sell,"88% Sell",+26.22,+58.96%,25.34,23.4,25.09,22.95,45.87,38.75,-15.1,33355,Strengthening,Average,56.30%,1.2,21.28,24.62,38%
GASS,"Stealthgas Inc","Transportation - Ship",8.91,+3.01%,2,Sell,"8% Buy",+26.05,+30.45%,9.18,8.75,8.92,8.77,54.07,10.24,13.73,133158,Weakest,Minimum,55.57%,0.77,8.49,9.04,76%
OKUR,"Onkure Therapeutics Inc","Medical - Biomedical",3.93,-3.91%,2,Sell,"8% Sell",+25.81,+96.50%,4.24,4.23,3.81,4.08,41.56,76.29,22.33,232538,Average,Weak,39.83%,0.17,3.86,4.31,16%
MNKD,"Mannkind Corp","Medical - Biomedical",3.85,+0.26%,5,Hold,"8% Sell",+25.72,+5.19%,3.41,3.93,3.85,3.96,47.15,-15.02,-45.29,5072335,Weakest,Minimum,33.64%,0.61,3.75,4.16,23%
SVCO,"Silvaco Group Inc","Electronics - Semiconductors",7.4,-2.50%,1,Sell,"8% Sell",+25.58,+67.04%,9.68,10.27,7.82,7.95,39.7,46.83,69.53,403004,Weakening,Minimum,24.39%,1.05,6.9,9.01,24%
SNA,"Snap-On Inc","Tools - Hand Held",408.44,-0.81%,7,Buy,"88% Buy",+25.55,+25.46%,385.89,400.03,381.58,410.61,50.56,5.25,5.34,350161,Average,Strong,58.90%,0.75,399.09,422.13,41%
AVTX,"Avalo Therapeutics Inc","Medical - Drugs",19.55,+0.41%,5,Buy,"88% Buy",+25.23,+108.87%,16.56,17.46,16.33,18.78,56.38,88.66,-5.54,988305,Strengthening,Average,83.20%,0.22,17.54,20.02,81%
BH,"Biglari Holdings Inc","Retail - Restaurants",390.96,+2.12%,5,Buy,"88% Buy",+25.21,+37.69%,336.38,371.18,352.39,386.99,53.98,17.48,4.42,96444,Strongest,Average,54.53%,1.38,371.85,402.12,63%
ZD,"Ziff Davis Inc","Internet - Software",54.94,+2.70%,9,Buy,"100% Buy",+25.14,+58.47%,47.36,50.59,43.57,53.25,58.16,38.26,43.11,771729,Strongest,Maximum,50.24%,1.47,50.96,55.53,87%
BH.A,"Biglari Holdings Inc Cl A","Retail - Restaurants",1963.71,+3.09%,3,Hold,"80% Buy",+25.05,+41.83%,1741.47,1881.2,1828.39,1929.36,53.94,21.62,-0.34,18035,Strengthening,Soft,46.49%,0.89,1845.06,2013.66,70%
ET,"Energy Transfer LP","Oil Gas Prod Pipeline MLP",20.95,+0.82%,9,Buy,"100% Buy",+25.04,+20.47%,19.59,19.73,19.15,20.36,64.79,0.26,13.86,13750902,"Top 1%",Maximum,89.01%,0.99,19.9,20.82,114%
MCFT,"Mastercraft Boat Holdings Inc","Leisure & Recreational Prdcts",24.75,+0.28%,4,Buy,"100% Buy",+24.87,+22.65%,23.42,24.04,22.92,24.59,53.03,2.44,17.69,151090,Strongest,Strong,46.66%,1.03,23.78,25.41,60%
STHO,"Star Holdings","Real Estate Operations",9.69,+2.11%,6,Buy,"100% Buy",+24.72,+25.19%,8.75,9.18,8.61,9.38,63.43,4.98,4.55,32625,Strongest,Maximum,63.64%,0.95,9.12,9.64,110%
CNS,"Cohn & Steers Inc","Finance - Investment Mgmt",84.82,+0.60%,7,Buy,"100% Buy",+24.66,+12.58%,73.12,78.7,70.66,82.6,62.16,-7.63,21.92,347576,"Top 1%",Maximum,64.57%,0.9,79.47,85.73,85%
OVBC,"Ohio Valley Banc Corp","Banks - Midwest",44.73,+1.27%,5,Sell,"24% Buy",+24.54,+24.63%,44.98,44.67,43.95,43.1,59.45,4.42,-1.31,21597,Weakening,Minimum,79.97%,0.96,41.29,44.91,95%
SBUX,"Starbucks Corp","Retail - Restaurants",108.49,+1.72%,4,Buy,"100% Buy",+24.47,+16.19%,101.18,102.97,99.35,105.02,61.87,-4.02,15.64,8668064,Strongest,Strong,71.56%,0.51,102.01,108.03,108%
MSGM,"Motorsport Games Inc Cl A",Gaming,4.34,-2.25%,6,Hold,"72% Buy",+24.47,+26.53%,4.28,4.28,4.11,4.41,49.72,6.32,23.72,731954,Weakest,Average,70.78%,0.62,3.99,4.82,42%
RIOT,"Riot Platforms Inc","Finance - Misc Services",20.32,+0.40%,5,Sell,"8% Buy",+24.08,+77.62%,21.38,23.48,19.48,20.91,45.42,57.41,47.19,18900047,Weakest,Weak,28.78%,1.85,17.91,23.9,40%
NODK,"Ni Holdings Inc","Insurance - Proprty & Casualty",15.37,-0.52%,2,Sell,"56% Buy",+23.93,+19.70%,14.41,15.59,14.04,15.63,45.78,-0.51,2.37,17887,Weakening,Good,24.59%,0.59,15.16,16.1,23%
CR,"Crane Company","Machinery - General Industrial",222.93,+1.07%,5,Hold,"96% Buy",+23.77,+12.98%,196.06,213.66,195.91,219.52,56.44,-7.23,7.69,458186,Strongest,Strong,62.35%,0.6,210.25,228.79,68%
FNB,"F.N.B. Corp","Banks - Southeast",19.27,+0.84%,3,Buy,"100% Buy",+23.61,+24.24%,18.05,18.74,17.84,19.06,56.62,4.03,-0.5,6135522,Strongest,Strong,55.94%,0.55,18.69,19.43,79%
CZR,"Caesars Entertainment Inc","Leisure & Recreation Services",29.63,-0.37%,3,Hold,"64% Buy",+23.38,+20.25%,28.57,29.77,26.84,29.9,44.51,0.04,13.49,6508172,Weakest,Good,41.24%,3.45,29.59,30.21,7%
ENIC,"Enersis Chile S.A. ADR","Utility - Electric Power",4.37,-2.24%,4,Hold,"56% Buy",+23.35,+32.42%,4.37,4.41,4.31,4.43,44.9,12.21,-4.48,590935,Weakest,Soft,40.85%,0.7,4.29,4.58,28%
SIGI,"Selective Ins Group","Insurance - Proprty & Casualty",93.84,-0.18%,3,Buy,"72% Buy",+23.33,+19.77%,88.41,94.47,86.55,95.76,45.06,-0.44,-1.04,548737,Weakening,Strong,36.68%,0.62,92.95,98.57,16%
BSVN,"Bank7 Corp","Banks - Southeast",52,+1.84%,3,Buy,"100% Buy",+23.32,+13.33%,45.63,48.69,44.66,50.26,62.9,-6.88,13.7,16146,Strongest,Maximum,81.94%,2.78,48.76,51.75,108%
DOW,"Dow Inc","Chemical - Diversified",30.57,-2.21%,5,Sell,"72% Sell",+23.23,+40.81%,34.55,30.65,33.33,30.12,51.64,20.6,17.56,12759258,Average,Weak,64.15%,0.59,28.77,31.47,67%
CVBF,"Cvb Financial Corp","Banks - West",23,+0.79%,4,Buy,"100% Buy",+23.10,+16.75%,21.07,22.07,20.64,22.7,58.29,-3.46,10.47,1505600,Strongest,Maximum,66.06%,0.57,22.17,23.22,79%
BC,"Brunswick Corp","Leisure & Recreational Prdcts",80.33,-1.33%,6,Sell,"24% Buy",+22.89,+32.82%,79.47,81.07,80.36,80.84,48.72,12.61,-4.99,823033,Weakest,Minimum,47.10%,0.97,78.33,83.35,40%
LYV,"Live Nation Entertainment","Movie & TV Production & Dist",185.33,+1.09%,4,Buy,"100% Buy",+22.66,+16.98%,168.46,177.07,162.95,180.85,57.76,-3.23,16.87,2813998,Strongest,Maximum,82.92%,0.67,174.85,186.85,87%
WRLD,"World Acceptance Corp","Finance - Consumer Loans",189.65,+1.34%,2,Hold,"96% Buy",+22.11,+12.69%,168.27,189.03,156.71,189.18,50.23,-7.52,21.9,125646,Strongest,Strong,28.71%,0.6,178.07,200.29,52%
ACNT,"Ascent Industries Co.","Machinery - General Industrial",14.75,-3.78%,4,Hold,"32% Buy",+22.02,+14.70%,14.27,14.74,14.82,15.32,41.43,-5.51,-22.08,88715,Weakest,Weak,27.79%,0.49,14.9,15.74,-18%
HTH,"Hilltop Holdings Inc","Banks - Southeast",39.36,+0.56%,6,Buy,"100% Buy",+21.89,+25.55%,37.78,38.55,37.53,39.08,53.92,5.34,2.78,341724,Strongest,Good,52.18%,0.6,37.89,40.28,62%
EFSC,"Enterprises Finl Svc","Banks - Midwest",66.56,+0.53%,2,Buy,"100% Buy",+21.27,+16.83%,61.44,64.97,59.92,66.44,54.41,-3.38,10.07,226603,Strongest,Maximum,69.52%,0.76,64.94,67.94,54%
VTOL,"Bristow Group Inc","Transportation - Airline",45.93,-0.52%,5,Buy,"72% Buy",+21.09,+20.24%,44.78,43.64,44.52,45.36,55.44,0.03,12.23,214852,Average,Soft,72.89%,0.86,43.63,47.09,66%
AUPH,"Aurinia Pharm Ord","Medical - Drugs",15.45,+0.52%,4,Sell,"24% Buy",+20.98,+36.48%,15.72,15.92,15.35,15.34,48.79,16.27,-16.32,1344883,Weakest,Minimum,47.62%,0.56,14.56,16.13,57%
ITIC,"Investors Title Company","Insurance - Proprty & Casualty",280.89,-0.87%,6,Hold,"64% Buy",+20.73,+17.53%,252.59,272.23,249.9,287.29,48.13,-2.68,-0.67,28249,Weakening,Strong,35.35%,1.23,277.75,296.83,16%
AVNW,"Aviat Networks Inc","Wireless Equipment",21.83,+3.95%,4,Buy,"40% Buy",+20.48,-3.11%,20.34,20.43,21.55,20.75,60.4,-23.32,-11.09,150151,Average,Minimum,73.81%,0.69,19.79,21.7,107%
PFBC,"Preferred Bank LA","Banks - West",106.65,-0.10%,5,Hold,"96% Buy",+20.21,+14.73%,98.4,103.58,95.76,105.56,56.76,-5.48,-0.25,102830,Strengthening,Strong,77.30%,0.44,102.23,108.9,66%
CODA,"Coda Octopus Group","Electronics - Semiconductors",10.27,+0.98%,8,Buy,"40% Sell",+20.04,+35.85%,11.11,10.25,11.57,10.18,51.18,15.64,-2.76,162566,Weakening,Weak,53.22%,0.18,9.76,10.6,61%
OVLY,"Oak Valley Bancp CA","Banks - West",33.69,+0.99%,2,Buy,"72% Buy",+19.92,+19.68%,33.49,33.66,33.06,33.41,52.17,-0.53,-1.11,28063,Average,Soft,61.19%,0.52,32.43,34.39,64%
COFS,"Choiceone Financial","Finance - Misc Services",34.38,+0.53%,5,Buy,"100% Buy",+19.79,+14.26%,31.63,33.21,30.68,34.06,56.15,-5.95,3.27,102648,Strongest,Maximum,82.40%,0.79,33.22,34.9,69%
VTMX,"Corp Inmobiliaria Vesta S.A.B DE C.V. ADR","Real Estate Operations",34.6,+0.32%,5,Buy,"72% Buy",+19.75,+21.23%,34.45,34.16,33.95,34.24,54.72,1.02,0.29,83057,Average,Weak,62.67%,0.86,33.47,35.02,73%
ALGN,"Align Technology","Medical - Dental Suppliers",174.01,+0.61%,2,Hold,Hold,+19.64,+23.86%,174.37,174.8,174.96,173.42,49.88,3.65,-1.75,1177411,Bearish,,41.33%,0.66,166.37,180.48,54%
SPFI,"South Plains Financial Inc","Banks - Southeast",45.53,+1.18%,4,Buy,"100% Buy",+19.63,+17.38%,42.4,43.09,42.07,44.78,60.17,-2.83,4.16,101239,"Top 1%",Maximum,72.21%,0.45,43.67,45.89,84%
EPD,"Enterprise Products Partners LP","Oil Gas Prod Pipeline MLP",37.92,+0.16%,9,Buy,"72% Buy",+19.49,+21.00%,37.86,37.59,36.94,38.24,49.65,0.79,5.09,4048142,Average,Average,34.14%,0.83,37.49,38.99,29%
HMN,"Horace Mann Educators Corp","Insurance - Multi Line",51.54,-1.38%,3,Hold,"80% Buy",+19.26,+15.56%,47.89,50.92,46.33,52.11,47.97,-4.65,-1.58,253356,Weakening,Strong,34.55%,1.28,50.91,53.31,26%
FHN,"First Horizon Corp","Banks - Southwest",25.88,+1.77%,4,Buy,"100% Buy",+19.20,+18.07%,24.6,25.32,24.44,25.64,54.86,-2.14,-4.91,5737572,Strongest,Strong,31.70%,0.83,25.15,26.14,74%
CPSS,"Consumer Portfol","Finance - Misc Services",9.52,+3.48%,3,Sell,"72% Buy",+19.19,+15.39%,9.17,9.41,8.92,9.35,52.62,-4.82,-11.15,21960,Average,Average,37.48%,0.97,8.98,9.72,73%
RNST,"Renasant Corp","Banks - Southeast",43.35,+0.98%,5,Hold,"80% Buy",+19.14,+16.85%,40.87,42.68,39.92,43.49,52,-3.36,9.89,672704,Strengthening,Strong,63.35%,0.61,42.59,44.4,42%
JOUT,"Johnson Outdoors","Leisure & Recreational Prdcts",47.57,+1.00%,9,Buy,"72% Buy",+19.07,+20.89%,47.01,46.04,46.93,47.15,54.76,0.68,-1.13,63796,Strengthening,Weak,39.79%,0.56,45.57,48.74,63%
AEBI,"Aebi Schmidt Holding Ag","Auto - Domestic",12.99,+0.93%,7,Buy,"40% Buy",+18.95,+13.05%,11.9,12.54,12.73,13.09,52.18,-7.16,-10.5,263157,Average,Weak,25.58%,1.94,12.6,13.59,40%
IMDX,"Insight Molecular Diagnostics Inc","Medical Information Systems",4.5,+1.58%,5,Sell,"88% Sell",+18.85,+79.28%,4.82,5.17,5.23,4.77,41.41,59.07,-53.19,191827,Strengthening,Soft,31.25%,1.26,4.37,5.17,17%
BOC,"Boston Omaha Corp Cl A","Real Estate Operations",14.43,+1.48%,5,Buy,"100% Buy",+18.81,+6.10%,13.05,13.96,12.83,14.29,55.72,-14.11,3.46,169945,Strongest,Strong,41.27%,0.57,13.97,14.61,73%
TFC,"Truist Financial Corp","Banks - Major Regional",52.67,+0.69%,5,Buy,"100% Buy",+18.79,+19.68%,49.67,50.91,49.8,52.17,56.63,-0.53,-6.16,8843778,Strongest,Average,56.93%,0.62,51,53.33,72%
LYB,"Lyondellbasell Industries NV","Chemical - Diversified",62.8,-1.84%,7,Buy,"24% Buy",+18.57,+24.93%,66.68,59.89,63.54,60.72,56.33,4.72,31.84,6332435,Weakest,Minimum,76.40%,0.64,57.52,63.91,83%
HLT,"Hilton Inc","Hotels & Motels",322.53,+2.50%,1,Sell,"24% Buy",+18.41,+20.00%,325.2,331.36,318.32,320.88,49.46,-0.21,-0.91,1871014,Weakest,Weak,24.06%,1.14,311.51,330.24,59%
NSTS,"Nsts Bancorp Inc","Banks - Northeast",13.82,+0.07%,9,Buy,"100% Buy",+18.33,+14.98%,13.2,13.77,12.95,13.8,60.82,-5.23,-6.47,8728,Average,Strong,75.00%,0.5,13.78,13.82,94%
GAIN,"Gladstone Investment","Finance - SBIC & Commercial",16.42,-0.24%,5,Buy,"96% Buy",+18.20,+15.96%,15.76,15.89,15.14,16.42,52.28,-4.25,4.35,250594,Weakening,Strong,50.61%,0.71,15.92,16.93,50%
HCI,"HCI Group","Insurance - Proprty & Casualty",183.6,-0.42%,2,Buy,"88% Buy",+17.90,+17.47%,164.01,173.69,164.14,179.95,56.47,-2.74,-17.41,169753,Average,Average,42.86%,0.82,172.9,186.99,76%
SFBS,"Servisfirst Bancs","Finance - Savings & Loan",90.45,+1.31%,9,Buy,"100% Buy",+17.65,+10.90%,81.11,85.34,80.91,88.7,61.01,-9.31,12.8,295159,"Top 1%",Maximum,64.18%,0.59,85.91,91.49,81%
RMBI,"Richmond Mutual Bancorp Inc","Banks - Northeast",16.05,-0.16%,3,Buy,"100% Buy",+17.47,+9.97%,14.83,15.28,14.53,15.67,63.61,-10.24,1.09,33157,Strongest,Maximum,84.76%,0.78,15.18,16.16,88%
TFX,"Teleflex Inc","Medical Instruments",136.32,+2.08%,5,Buy,"100% Buy",+17.32,+13.94%,128.53,131.97,122.13,134.96,53.68,-6.27,-1.49,770023,Strongest,Strong,28.42%,1.01,129.95,139.97,64%
TEO,"Telecom Argentina Stet France Telecom ADR","Wireline Non-US",13.5,0.00%,7,Buy,"72% Buy",+17.30,+30.31%,12.79,13.62,12.43,13.69,47.9,10.1,3.09,354051,Weakest,Average,52.65%,0.65,13.12,14.26,33%
BNED,"Barnes & Noble Education Inc C","Consumer Prdts - Misc Discr",12.05,-4.14%,2,Hold,"80% Buy",+17.06,+44.48%,10.91,11.98,10.15,12.52,45.68,24.27,17.93,321536,Weakening,Strong,53.71%,0.61,11.82,13.21,16%
TAYD,"Taylor Devices Inc","Machinery - General Industrial",53.4,+0.06%,5,Sell,"100% Sell",+16.70,+22.31%,55.77,55.11,63.27,54.01,47.49,2.1,-21.85,34620,Strengthening,Soft,33.68%,0.33,50.97,57.05,40%
MTX,"Minerals Technologies Inc","Chemical - Specialty",72.33,-2.03%,6,Sell,"8% Sell",+16.54,+18.55%,74.54,75.25,72.74,74.49,42.29,-1.66,5.48,214191,Weakening,Minimum,29.61%,0.63,72.12,76.86,4%
WS,"Worthington Steel Inc","Steel - Specialty",38.04,+0.74%,11,Hold,"16% Buy",+16.51,+20.42%,36.87,37.36,37.97,36.61,56.66,0.21,-3.31,273612,Weakest,Minimum,71.23%,0.57,34.31,38.92,81%
NAAS,"Nass Technology Inc ADR","Electrical Power",3.36,+0.30%,1,Buy,"88% Buy",+16.38,+28.74%,2.85,3.19,2.77,3.26,54.92,8.53,-13.78,15781,Weakening,Average,62.09%,0.74,3.04,3.49,72%
GLAS,"Glass House Brands Inc","Medical Products",10.29,+3.11%,1,Sell,"32% Buy",+16.37,+49.78%,10.29,11.36,9.67,10.07,48.68,29.57,3.08,269126,Weakening,Soft,66.58%,0.76,9.26,10.89,63%
GILT,"Gilat Satellite Ntwk","Satellite Communication",11.62,+3.66%,3,Sell,"72% Sell",+15.75,+27.69%,14.92,12.47,15.57,11.21,49.21,7.48,-23.39,803373,Weakening,Good,53.21%,0.73,10.49,11.92,79%
CDRO,"Codere Online Luxembourg S.A.",Gaming,9.02,+1.18%,2,Sell,"8% Buy",+15.44,+10.87%,9.17,9.44,8.76,9.15,43.79,-9.34,-0.8,27659,Weakest,Weak,17.66%,2.3,8.79,9.52,32%
REAL,"The Realreal Inc","Consumer Prdts - Misc Discr",11.17,-5.34%,11,Hold,"32% Sell",+15.28,+46.01%,10.79,11.29,11.55,11.85,42.76,25.8,-42.4,3417702,Weakest,Minimum,24.27%,0.75,10.83,12.87,17%
SNFCA,"Security National Financial Corp","Insurance - Life",9.3,-0.11%,5,Hold,"64% Buy",+15.06,+5.34%,9.24,9.36,9.01,9.52,44.46,-14.87,-4.81,34513,Weakest,Average,26.47%,0.91,9.18,9.87,18%
WFC,"Wells Fargo & Company","Finance - Investment Brokers",88.93,+1.69%,5,Buy,"88% Buy",+14.93,+11.89%,82.2,85.26,83.62,87.13,58.97,-8.32,-17.77,15975038,Strongest,Average,65.89%,0.93,84.76,89.51,88%
VNO,"Vornado Realty Trust","REIT - Equity Trust Other",39.23,+1.11%,7,Buy,"88% Buy",+14.37,+6.55%,33.95,38.69,32.63,39.69,50.23,-13.66,4.69,1823017,Strengthening,Strong,21.22%,0.67,38.37,41.02,32%
ESNT,"Essent Group Ltd","Insurance - Proprty & Casualty",68.28,+0.98%,8,Buy,"88% Buy",+14.16,+10.08%,61.93,63.28,61.73,66.59,60.99,-10.13,-8.16,709672,Strongest,Maximum,64.13%,0.82,64.43,68.75,89%
PCG,"Pacific Gas & Electric Company","Utility - Electric Power",17.38,+0.46%,5,Hold,"80% Buy",+14.10,+12.42%,17.04,17.15,17.03,17.49,50.84,-7.79,-5.04,21691193,Strengthening,Soft,23.08%,0.87,16.97,18.01,40%
GILD,"Gilead Sciences Inc","Medical - Biomedical",135.87,+0.07%,4,Buy,"56% Buy",+13.57,+13.21%,132.34,129.78,135.45,132.53,58.01,-7.,-2.49,7118360,Strengthening,Weak,71.10%,0.71,128.28,136.77,89%
MKTW,"Marketwise Inc","Technology Services",19.86,+5.08%,2,Hold,"80% Buy",+13.33,+1.22%,18.1,18.79,17.13,20.2,50.45,-18.99,19.03,18052,Average,Strong,16.56%,1.59,19.05,21.35,35%
QSR,"Restaurant Brands International","Retail - Restaurants",74.9,+2.14%,4,Hold,"48% Buy",+13.29,+15.57%,75.31,73.74,73.5,74.02,53.68,-4.64,-3.41,3159430,Average,Weak,53.19%,0.62,71.78,76.26,70%
OTTR,"Otter Tail Corp","Utility - Electric Power",92.14,-2.27%,6,Buy,"100% Buy",+13.05,+11.97%,89.05,90.11,88.33,92.05,52.01,-8.24,0.83,259270,Strengthening,Strong,80.99%,0.67,89.1,95.01,51%
ISBA,"Isabella Bank Corp","Banks - Northeast",40.52,-0.90%,5,Sell,"72% Sell",+12.98,+24.68%,42.1,40.26,44.39,39.8,52.78,4.47,-32.15,37089,Weakening,Soft,85.13%,0.44,37.8,41.81,68%
MSEX,"Middlesex Water Company","Utility - Water Supply",58.27,-0.02%,6,Buy,"100% Buy",+12.96,+8.07%,53.72,55.3,53.46,57.12,60.11,-12.14,2.38,151210,Strongest,Strong,73.97%,0.48,55.62,58.62,88%
EYPT,"Eyepoint Inc","Medical - Biomedical",13.53,+3.68%,1,Hold,"48% Sell",+12.60,+25.86%,13.26,13.09,13.9,12.67,54.47,5.65,-39.13,1287563,Weakening,Weak,60.31%,1.46,11.57,13.78,89%
PB,"Prosperity Bancshares","Banks - Southwest",74.46,+1.11%,9,Buy,"100% Buy",+12.44,+10.79%,70.37,72.43,70.5,73.87,57,-9.42,-5.45,1112891,Strongest,Strong,51.54%,0.64,72.27,75.48,68%
CAAP,"Corporacion America Airports Sa","Transportation - Airline",24.89,+0.81%,7,Hold,"80% Sell",+12.28,+15.34%,25.51,25.65,26.18,25.4,44.64,-4.87,-17.46,222902,Strengthening,Weak,15.85%,0.45,24.22,26.59,28%
ACEL,"Accel Entertainment Inc",Gaming,12.34,+0.73%,2,Sell,"56% Buy",+12.15,+9.40%,12.08,12.48,11.82,12.19,51.56,-10.81,-5.04,361677,Average,Average,42.02%,0.86,11.86,12.51,73%
AFG,"American Financial Group","Insurance - Proprty & Casualty",144.77,+0.29%,5,Buy,"100% Buy",+12.13,+10.70%,135.15,139.12,133.46,143.05,57.16,-9.51,-7.27,520088,Strongest,Maximum,58.60%,0.71,139.07,147.04,72%
WHG,"Westwood Holdings Group Inc","Finance - Investment Mgmt",19.19,+0.89%,4,Hold,"80% Buy",+12.08,+4.75%,17.56,18.87,17.42,19.36,49.79,-15.46,-1.69,15421,Strengthening,Strong,37.17%,0.42,18.79,19.94,35%
ACVA,"Acv Auctions Inc Cl A","Auction Valuation Services",7.76,+6.89%,9,Hold,"80% Buy",+12.07,-30.53%,6.12,7.02,6.34,7.69,55.54,-50.74,-16.43,3635499,Strengthening,Soft,38.54%,2.42,7.15,8.24,56%
BKTI,"Bk Technologies Inc","Wireless Equipment",77.95,+0.78%,1,Sell,"72% Sell",+12.06,+86.89%,84.09,81.06,83.43,78.79,45.39,66.68,-8.69,47064,Average,Soft,35.72%,0.89,75.67,81.9,37%
TOL,"Toll Brothers Inc","Building - Residential & Comm",148.53,-2.86%,5,Hold,"64% Buy",+11.96,+15.78%,144.27,150.59,146.01,150.74,47.1,-4.43,-3.35,1153206,Weakening,Soft,47.79%,0.95,144.91,156.57,31%
CARS,"Cars.com Inc","Internet Commerce",12.1,+2.02%,8,Buy,"88% Buy",+11.89,-6.27%,10.47,10.99,10.46,11.99,55.44,-26.48,-14.01,992373,Average,Average,53.09%,0.72,11.3,12.69,58%
TRT,"Trio-Tech International","Electronics - Measuring Inst",11.4,+1.97%,2,Hold,"64% Buy",+11.82,+307.87%,10.66,11.05,9.04,10.3,54.98,287.66,59.02,555698,Average,Soft,75.60%,0.32,8.96,11.63,91%
DGXX,"Digi Power X Inc","Technology Services",4.19,+10.55%,3,Sell,"8% Buy",+11.55,+52.92%,4.78,5.02,4.08,3.88,49.84,32.71,51.12,5958202,Weakest,Minimum,54.45%,1.26,3.4,4.36,82%
GATX,"GATX Corp","Transportation - Equip & Lease",179.51,+1.10%,6,Hold,"16% Buy",+11.42,+13.26%,180.05,177.49,180.74,180.42,50.58,-6.95,-7.35,207264,Weakening,Minimum,19.97%,0.61,175.5,185.33,41%
CAAS,"China Automotive Sys","Auto - Truck Original Parts",4.56,-0.65%,10,Buy,"56% Buy",+11.25,+10.41%,4.43,4.44,4.44,4.43,56.06,-9.8,-6.15,29403,Weakening,Soft,73.54%,1.28,4.24,4.62,85%
MHO,"M/I Homes","Building - Residential & Comm",151.07,-0.79%,5,Hold,"96% Buy",+11.13,+10.40%,137.64,148.4,137.48,149.7,52.48,-9.81,4.88,237635,Strengthening,Strong,40.43%,0.8,145.05,154.35,65%
NTWK,"Netsol Tech Inc","Computer - Software",4.15,-1.19%,3,Sell,"40% Buy",+10.98,+2.72%,4.09,4.42,3.84,4.33,39.59,-17.49,23.77,40606,Weakest,Average,10.56%,0.78,4.17,4.49,-5%
FSBW,"FS Bancorp Inc","Banks - West",43.79,+0.90%,5,Hold,"96% Buy",+10.87,+8.55%,41.54,42.76,41.34,43.41,54.8,-11.66,-6.83,14702,Strongest,Strong,62.21%,1.02,42.15,44.67,65%
CL,"Colgate-Palmolive Company","Consumer Prdts - Misc Staple",92.32,+0.01%,3,Hold,"96% Buy",+10.70,+8.65%,88.75,91.22,89.34,92.14,51.12,-11.56,3.64,6085338,Weakening,Average,54.43%,0.68,89.84,94.44,54%
SPCB,"Supercom Ltd","Protection - Safety",10.75,-0.46%,1,Hold,"48% Buy",+10.64,-4.91%,10.21,10.92,9.65,10.77,48.78,-25.12,5.59,77365,Weakest,Average,34.98%,0.84,10.3,11.24,48%
NLY,"Annaly Capital Management Inc","REIT - Mortgage Trusts",23.11,-0.13%,5,Buy,"72% Buy",+10.31,+12.18%,22.22,22.48,22.49,22.83,56.75,-8.03,-9.84,7636494,Average,Soft,77.37%,0.99,22.26,23.4,74%
AUDC,"Audiocodes Ltd","Communications Components",10.11,+1.61%,2,Hold,"96% Buy",+10.10,+1.61%,9.27,9.67,8.85,9.74,59.17,-18.6,2.62,122329,Strengthening,Strong,53.33%,1.4,9.29,10.19,91%
EPRX,"Eupraxia Pharmaceuticals Inc","Medical - Biomedical",6.48,-3.28%,1,Hold,"64% Sell",+9.99,+20.59%,6.78,6.4,7.27,6.39,49.93,0.38,-27.36,238454,Strengthening,Soft,76.68%,0.59,5.9,6.89,59%
NCI,"Neo-Concept International Group Holdings Limited","Retail - Apparel & Shoes",12.26,+3.90%,4,Buy,"24% Sell",+9.90,-16.71%,12.2,11.5,18.74,11.92,58.53,-36.92,22.43,379320,Weakest,Minimum,56.57%,2.97,11.41,12.43,83%
ARTNA,"Artesian Res Corp A","Utility - Water Supply",35.08,+0.09%,4,Buy,"100% Buy",+9.83,+3.02%,32.86,33.68,32.94,34.33,63.42,-17.19,-2.21,42652,Strongest,Maximum,71.96%,0.88,33.43,35.23,92%
NP,"Neptune Insurance Holdings Inc Cl A","Insurance - Multi Line",30.77,-1.60%,3,Buy,"88% Buy",+9.80,N/A,28.2,30.11,26.42,31.49,47.27,N/A,-7.67,551104,Weakening,Strong,34.89%,0.5,29.19,33.79,34%
CBSH,"Commerce Bancshares","Banks - Midwest",59.71,+1.17%,3,Hold,"96% Buy",+9.51,+2.08%,54.09,57.36,53.53,59.25,58.98,-18.13,0.89,1237786,Strongest,Strong,39.61%,0.68,58.25,60.26,73%
TV,"Grupo Televisa S.A. ADR","Media Conglomerates",2.83,+1.07%,7,Buy,"40% Sell",+9.38,+23.04%,2.84,2.77,2.93,2.79,53.25,2.83,-15.94,1637418,Weakening,Weak,75.76%,0.52,2.7,2.89,69%
APD,"Air Products and Chemicals","Chemical - Diversified",304.07,-1.69%,4,Buy,"88% Buy",+9.25,+5.12%,293.15,291.88,287.12,297.88,57.22,-15.09,9.91,1404999,Average,Good,82.14%,0.47,288.33,307.43,82%
OZK,"Bank Ozk","Banks - Northeast",52.14,+0.52%,4,Buy,"100% Buy",+9.19,+5.33%,49.11,50.86,48.57,51.43,57.7,-14.88,0.11,1212583,Strongest,Strong,76.86%,0.5,50.05,52.81,76%
IMCR,"Immunocore Holdings Plc ADR","Medical - Biomedical",34.74,+1.64%,6,Buy,"72% Buy",+9.12,+9.01%,30.86,31.9,31.47,34.14,59.17,-11.2,-13.1,424785,Strengthening,Average,57.55%,0.63,32.61,35.67,70%
RAVE,"Rave Restaurant Group","Retail - Restaurants",3.09,-0.32%,3,Sell,"24% Buy",+9.06,+11.55%,2.92,3.2,2.97,3.17,43.67,-8.66,-19.55,52924,Weakest,Soft,34.98%,0.11,3,3.34,27%
BALY,"Ballys Corporation",Gaming,13.7,+5.63%,5,Hold,Hold,+8.91,+35.51%,12.9,13.87,13.47,13.95,49.89,15.3,-30.26,84994,Falling,,24.53%,0.6,12.94,14.97,38%
CPK,"Chesapeake Utilities Corp","Utility - Gas Distribution",134.73,+0.88%,5,Buy,"56% Buy",+8.89,+8.26%,127.32,128.01,128.12,134.13,57.63,-11.95,-5.2,153306,Strengthening,Average,34.47%,0.71,131.2,137.07,60%
CCEC,"Capital Clean Energy Carriers Corp","Transportation - Ship",22.59,+0.98%,6,Buy,"88% Buy",+8.49,+4.78%,21.21,22.02,21.33,22.65,52.4,-15.43,-4.95,9665,Strengthening,Strong,32.47%,0.69,21.92,23.38,46%
SGU,"Star Gas Partners LP","Electronics Products - Misc",12.69,+0.48%,4,Sell,"16% Buy",+8.30,+9.40%,12.72,12.79,12.72,12.79,46.59,-10.81,-6.01,26729,Weakest,Minimum,43.93%,0.24,12.42,13.16,37%
USAC,"USA Compression Partners LP","Oil Field Machinery & Equip",26.5,+2.55%,3,Sell,"8% Sell",+8.26,+8.78%,27.2,26.48,26.95,26.21,52.24,-11.43,2.03,239335,Weakest,Minimum,42.00%,0.63,25.29,27.13,66%
INMD,"Inmode Ltd","Medical Products",15.23,+0.59%,4,Buy,"72% Buy",+8.11,+7.10%,14.28,14.59,14.29,15.27,54.52,-13.11,-9.51,829151,Strengthening,Strong,37.37%,0.54,14.99,15.55,43%
AKTS,"Aktis Oncology Inc","Medical - Drugs",24,-3.11%,1,Sell,N/A,+8.03,N/A,21.66,24.46,0,23.7,49.3,N/A,N/A,N/A,N/A,N/A,74.86%,0.51,21.87,25.53,58%
TCBS,"Texas Community Bancshares Inc","Banks - Southeast",17.36,+0.35%,2,Hold,"64% Buy",+7.98,+9.87%,17.17,17.4,16.99,17.52,47.23,-10.34,-16.58,2907,Average,Average,11.27%,1.18,17.18,17.86,27%
SUPN,"Supernus Pharm","Medical - Generic Drugs",47.87,+2.11%,4,Sell,"56% Sell",+7.54,+16.08%,47.91,46.26,49.01,46.79,54.31,-4.13,-16.87,794130,Weakest,Weak,47.07%,0.72,44.43,49.15,73%
EXR,"Extra Space Storage Inc","REIT - Equity Trust Other",146.76,+0.14%,7,Buy,"72% Buy",+7.46,+8.28%,143.27,147.13,143.25,148.39,47.04,-11.93,-0.49,1249401,Average,Good,16.42%,0.67,144.23,152.55,30%
TRS,"Trimas Corp","Metal Production & Fabrication",39.24,-1.30%,4,Sell,"24% Buy",+7.32,+10.01%,39.69,41.11,38.41,40.1,41.53,-10.2,-2.5,533102,Weakening,Weak,63.51%,0.8,38.82,41.38,17%
GLP,"Global Partners LP","Oil Refining & Marketing MLP",50.8,+1.58%,7,Buy,"100% Buy",+7.03,+1.91%,47.46,47.9,47.22,49,62.93,-18.3,8.2,68168,Strongest,Average,84.21%,1.1,47.43,50.56,108%
LUMN,"Lumen Technologies Inc","Diversified Comm Services",6.29,-1.41%,3,Sell,"100% Sell",+6.87,+59.24%,7.91,7.3,7.83,6.38,44.12,39.03,-32.24,14975820,Strongest,Average,60.96%,0.79,5.95,6.81,39%
CCEL,"Cryo-Cell Intl Inc","Medical Services",3.88,+10.54%,6,Buy,"24% Buy",+6.69,-17.62%,3.51,3.52,3.45,3.5,63.71,-37.83,-0.4,13712,Average,Weak,56.19%,29.65,3.26,3.74,129%
RCMT,"R C M Tech Inc",Staffing,28.52,-0.59%,4,Buy,"100% Buy",+6.54,+18.24%,26.59,27.24,24.22,28.29,54.38,-1.97,26.31,55636,Average,Good,64.91%,0.53,27.16,29.42,60%
MMI,"Marcus & Millichap","Real Estate Developers",31.14,-0.06%,6,Buy,"100% Buy",+6.53,+4.01%,29.17,30.62,28.21,30.98,52.41,-16.2,0.92,254829,Strengthening,Strong,45.16%,0.8,30.01,31.95,58%
CUBE,Cubesmart,"REIT - Equity Trust Other",41.22,+0.93%,6,Buy,"88% Buy",+6.36,+6.07%,39.96,41,39.58,41.65,48.94,-14.14,1.15,2232926,Strongest,Good,18.72%,1.17,40.63,42.66,29%
GDOT,"Green Dot Corp","Financial Transaction Services",13.45,+0.30%,4,Buy,"100% Buy",+6.31,+0.15%,12.64,13.18,12.39,13.3,55.48,-20.06,-8.19,619201,Strongest,Good,77.66%,1.27,13.05,13.55,80%
RGR,"Sturm Ruger & Company","Leisure & Recreational Prdcts",37.54,+0.24%,5,Sell,"56% Sell",+6.23,+10.67%,39.63,38.44,39,38.14,45.87,-9.54,1.79,198191,Weakest,Weak,17.83%,0.83,36.89,39.38,26%
AUBN,"Auburn Natl Bncp","Banks - Southeast",26.6,+1.74%,1,Hold,"80% Buy",+5.58,+0.23%,24.95,26.12,25.1,26.37,53.95,-19.98,-14.49,2682,Strengthening,Average,42.20%,0.54,25.84,26.9,72%
DTI,"Drilling Tools International Corp","Oil - Field Services",2.44,-0.41%,9,Buy,"56% Sell",+5.51,+22.00%,2.83,2.32,3.09,2.31,59.06,1.79,-13.6,274142,Weakening,Average,66.81%,0.38,2.19,2.43,106%
MGRC,"Mcgrath Rentcorp","Finance - Leasing Companies",120.54,-0.28%,7,Buy,"100% Buy",+5.14,-0.59%,114.59,117.01,113.64,119.04,55.9,-20.8,1.69,173647,Strengthening,Good,71.07%,0.8,115.14,122.95,69%
CATO,"Cato Corp","Retail - Apparel & Shoes",3.29,+0.61%,1,Buy,"72% Buy",+4.98,+13.84%,3.11,3.28,3.11,3.32,49.11,-6.37,-6.72,69236,Average,Weak,43.65%,0.57,3.19,3.45,37%
WFCF,"Where Food Comes From Inc","Consumer Services - Misc",12.11,-3.54%,3,Buy,"24% Sell",+4.97,+8.61%,12.43,12.18,12.14,12.38,46.49,-11.6,-7.79,8556,Average,Minimum,40.67%,0.21,11.86,12.9,24%
PAYO,"Payoneer Global Inc","Financial Transaction Services",7.12,+0.42%,9,Buy,"96% Buy",+4.72,+5.01%,5.91,6.87,5.72,7.12,62.97,-15.2,13.5,4840272,Strengthening,Strong,27.87%,1.41,7.08,7.16,49%
TR,"Tootsie Roll Industries","Food - Confectionery",40.53,+2.45%,5,Buy,"24% Buy",+4.67,+2.79%,40.16,38.64,40.07,39.24,61.97,-17.42,-2.54,165967,Average,Minimum,79.65%,0.54,37.94,40.54,100%
CRWS,"Crown Crafts Inc","Textile - Home Furnishings",2.97,-2.30%,4,Buy,"80% Buy",+4.55,+4.21%,2.82,2.91,2.85,2.98,50.91,-16.,-5.97,48371,Weakening,Good,51.52%,2.05,2.93,3.04,37%
SR,"Spire Inc","Utility - Gas Distribution",82.71,+0.32%,4,Buy,"40% Sell",+4.47,+7.72%,84.82,80.37,85.76,81.44,56.83,-12.49,-13.18,448388,Weakest,Soft,61.42%,0.92,79.4,83.49,81%
PERI,"Perion Network Ltd","Internet - Content",9.59,-0.47%,8,Buy,"56% Buy",+4.34,+4.47%,9.57,9.1,9.34,9.57,52.63,-15.74,-13.09,382147,Weakening,Minimum,73.32%,0.92,9.24,9.9,53%
ARCO,"Arcos Dorados Holdings Inc","Retail - Restaurants",7.9,-0.13%,1,Sell,"56% Sell",+4.21,+13.67%,8.47,8.3,8.37,8.24,37.79,-6.54,-5.56,1259491,Strengthening,Weak,6.66%,1.38,7.95,8.53,-8%
ELS,"Equity Lifestyle Properties","REIT - Equity Trust Resident",63.97,-0.12%,5,Hold,"48% Buy",+4.15,+6.19%,63.74,64.29,64.29,65.34,44.88,-14.02,-7.65,1685197,Weakest,Weak,9.03%,0.92,63.74,66.93,7%
ADSE,"Ads-Tec Energy Plc","Electronic Misc Services",11.88,+0.42%,4,Hold,"80% Buy",+4.11,+3.94%,11.66,11.81,11.57,11.99,49.14,-16.27,-19.5,19640,Strengthening,Weak,39.56%,1.37,11.43,12.55,40%
PPG,"PPG Industries","Chemical - Specialty",114.6,-1.34%,4,Sell,"40% Buy",+4.06,+5.38%,112.38,117.14,113.39,116.03,47.12,-14.83,-1.34,2097492,Weakest,Soft,42.22%,0.61,110.95,121.1,36%
MHH,"Mastech Holdings Inc","IT Services",7.72,-1.91%,5,Buy,"88% Buy",+3.93,+5.90%,7.02,7.56,6.89,7.74,49.92,-14.31,-2.59,20377,Average,Strong,51.12%,0.83,7.35,8.12,48%
KGEI,"Kolibri Global Energy Inc","Oil - US Exploration & Product",5.42,+1.69%,3,Buy,"72% Buy",+3.77,-9.52%,5.28,5.11,4.87,5.18,56.94,-29.73,24.72,164146,Strengthening,Soft,76.73%,0.52,4.87,5.48,90%
STVN,"Stevanato Group S.P.A.","Medical - Drugs",21.25,+0.95%,6,Buy,"88% Buy",+3.76,-2.66%,17.53,18.92,17.26,20.01,65.28,-22.87,-7.57,485064,Strongest,Average,88.34%,1.64,18.82,21.19,102%
OGS,"One Gas Inc","Utility - Gas Distribution",80.38,+0.98%,4,Buy,"24% Sell",+3.41,+5.97%,82.1,78.32,82.34,79.41,55.06,-14.24,-9.14,533124,Weakest,Weak,53.53%,0.66,77.54,81.29,76%
HESM,"Hess Midstream Partners LP","E&P MLP",40.08,-1.13%,9,Buy,"88% Buy",+3.26,-4.14%,38.94,39.06,38.23,40.3,52.07,-24.35,2.98,1582269,Average,Good,46.80%,0.76,39.66,40.93,33%
AIIA,"AI Infrastructure Acquisition Corp Cl A",Unclassified,10.21,+0.10%,8,Buy,N/A,+3.21,N/A,10.12,10.18,0,10.2,52.03,N/A,-10.47,N/A,N/A,N/A,53.33%,0.06,10.14,10.25,62%
BSBK,"Bogota Financial Corp","Banks - Northeast",9.09,+1.34%,4,Sell,"72% Buy",+3.15,+6.32%,8.74,9.02,8.64,8.99,56.01,-13.89,-5.62,8762,Strengthening,Good,28.17%,0.57,8.87,9.11,91%
CRNT,"Ceragon Networks Ltd","Wireless Non-US",2.21,+0.91%,3,Sell,"40% Sell",+3.03,+13.92%,2.47,2.47,2.41,2.19,46.52,-6.29,-7.95,606914,Weakest,Weak,36.41%,0.86,2.08,2.3,61%
SMP,"Standard Motor Products","Auto - Truck Replacement Parts",39.27,-1.31%,8,Buy,"88% Buy",+2.75,+1.63%,38.18,38.9,38.85,39.23,50.57,-18.58,-6.62,137914,Average,Weak,47.93%,0.77,37.45,41.02,51%
ARMP,"Armata Pharmaceuticals Inc","Medical - Biomedical",4.31,+1.41%,5,Sell,"88% Sell",+2.74,+75.20%,7.81,5.75,8.04,4.72,39.37,54.99,-44.56,89547,Strengthening,Strong,15.07%,0.77,4,5.43,21%
WTRG,"Essential Utilities Inc","Utility - Water Supply",39.86,-0.55%,5,Buy,"40% Buy",+2.70,+2.78%,38.7,38.59,38.9,39.74,54.54,-17.43,-9.28,2211316,Weakening,Soft,52.00%,0.9,38.79,40.69,56%
MXC,"Mexco Energy Corp","Oil - US Exploration & Product",9.77,+2.84%,7,Buy,"8% Buy",+2.64,+15.90%,9.1,8.6,9.75,9.08,68.06,-4.31,-14.6,17995,Average,Weak,61.23%,0.32,8.39,9.78,99%
LSAK,"Lesaka Technologies Inc","Technology Services",4.76,-1.45%,3,Buy,"8% Buy",+2.55,+0.21%,4.84,4.75,4.78,4.7,50.99,-20.,-13.4,99585,Weakest,Minimum,64.26%,0.35,4.48,4.92,64%
DLTH,"Duluth Holdings Cl B","Textile - Apparel",3.97,-0.75%,5,Sell,"40% Buy",+2.47,+74.89%,3.75,4.2,3.27,4.18,42.64,54.68,77.68,175761,Weakest,Average,21.71%,0.31,3.91,4.44,11%
WLKP,"Westlake Chemical Partners LP","Chemical - Specialty",22.06,+2.27%,1,Sell,"8% Sell",+2.35,+0.59%,22.46,22.31,22.14,21.76,54.8,-19.62,2.92,47558,Weakest,Minimum,56.83%,2.23,21.21,22.32,77%
VACI,"Viking Acquisition Corp. I Cl A",Unclassified,10.14,-0.05%,1,Sell,N/A,+2.30,N/A,10.15,10.18,10.08,10.14,44.92,N/A,-10.77,N/A,N/A,N/A,77.78%,0.1,10.12,10.15,63%
INVH,"Invitation Homes Inc","REIT - Equity Trust Resident",29.78,-0.03%,6,Buy,"88% Buy",+2.18,-0.83%,28.52,29.77,27.79,30,47.36,-21.04,-6.03,5862147,Weakening,Good,30.90%,0.53,29.33,30.67,34%
LKFN,"Lakeland Finl Corp","Banks - Midwest",62.25,+0.63%,4,Buy,"88% Buy",+2.11,-0.19%,60.5,61.46,60.02,62.41,51.36,-20.4,-4.09,179069,Strongest,Good,36.60%,0.65,60.71,64.12,45%
SBR,"Sabine Royalty Trust","Oil - US Royalty Trusts",72.98,+0.47%,5,Sell,"40% Sell",+1.86,+3.30%,74.62,73.61,73.38,72.8,50.57,-16.91,-6.76,38751,Weakening,Weak,59.89%,0.66,71.07,74.54,55%
SELF,"Global Self Storage","REIT - Equity Trust Other",5.13,+0.59%,4,Hold,"40% Sell",+1.77,-2.56%,5.21,5.14,5.16,5.12,49.1,-22.77,-12.6,29244,Weakening,Weak,50.57%,1.68,5.02,5.23,53%
DMAC,"Diamedica Therapeutics Inc","Medical - Biomedical",6.84,-0.44%,1,Hold,Hold,+1.72,+31.03%,6.48,6.62,7.01,6.76,51.88,10.82,-27.26,261579,Bearish,,59.20%,0.66,6.26,7.25,58%
GRBK,"Green Brick Partners","Building - Residential & Comm",70.11,-2.09%,3,Sell,"24% Buy",+1.69,+4.44%,69.68,73.05,70.43,71.81,44,-15.77,-1.3,232032,Weakest,Weak,23.24%,0.68,69.25,74.36,17%
ASMB,"Assembly Biosciences","Medical - Generic Drugs",27.06,-0.77%,2,Buy,"40% Sell",+1.58,+12.80%,27.11,25.71,27.53,26.06,55.28,-7.41,-33.63,142383,Weakest,Weak,90.87%,0.56,24.71,27.42,87%
TACO,"Berto Acquisition Corp",Unclassified,10.45,-0.19%,2,Hold,"72% Buy",+1.53,+1.55%,10.39,10.45,10.32,10.46,47.91,-18.66,-10.13,123618,Weakening,Strong,45.24%,0.03,10.42,10.5,36%
EFC,"Ellington Financial Llc","REIT - Mortgage Trusts",13.62,+0.15%,3,Sell,"56% Buy",+1.35,+1.95%,13.18,13.5,13.07,13.43,55.61,-18.26,-12.9,1610250,Average,Soft,70.13%,0.77,13.15,13.72,83%
RVSB,"Riverview Bancorp","Finance - Savings & Loan",5.25,-0.94%,2,Sell,"56% Sell",+1.31,+2.34%,5.46,5.46,5.4,5.32,41.42,-17.87,-8.61,64141,Strengthening,Weak,22.52%,0.28,5.2,5.44,21%
WAL,"Western Alliance Bancorp","Banks - West",82.62,+1.37%,6,Buy,"88% Buy",+1.16,-0.10%,79.03,81.46,81.15,82.17,52.82,-20.31,-14.91,1114371,Strongest,Weak,35.30%,0.99,79.74,84.61,59%
CABA,"Cabaletta Bio Inc","Medical - Biomedical",2.85,+2.15%,1,Sell,"56% Sell",+0.93,+114.29%,3.1,2.94,3.01,2.74,51.93,94.08,16.95,3641885,Weakest,Weak,87.33%,0.6,2.63,2.86,96%
ZDGE,"Zedge Inc Cl B","Internet - Content",2.95,-0.67%,1,Sell,"56% Sell",+0.56,-16.43%,3.06,3.08,3.12,2.98,45.96,-36.64,-23.25,368133,Average,Weak,25.40%,0.34,2.9,3.06,30%
PRKS,"United Parks & Resorts Inc","Leisure & Recreation Services",44.26,+0.27%,3,Sell,"40% Buy",+0.33,-11.90%,40.3,45.39,38.71,45.25,45.53,-32.11,8.74,1054019,Weakening,Average,15.62%,0.69,43.4,47.11,23%
PJT,"Pjt Partners Inc Cl A","Finance - Misc Services",170.59,-2.64%,5,Buy,"88% Buy",-0.05,-6.72%,156.46,162.06,157.54,169.04,54.15,-26.93,-11.16,356146,Average,Average,66.77%,1.19,162.57,175.5,62%
WKEY,"Wisekey International Holding Ltd ADR","Protection - Safety",6.92,+4.22%,4,Sell,"88% Sell",-0.06,+26.97%,7.32,7.05,7.42,6.48,53.88,6.76,-25.04,323959,Weakening,Soft,75.12%,0.58,5.99,6.98,94%
UNCY,"Unicycive Therapeutics Inc","Medical - Drugs",5.39,+7.80%,6,Sell,"72% Sell",-0.24,+26.82%,6.67,6.04,6.65,5.21,49.62,6.61,-19.78,830104,Weakening,Good,46.25%,0.88,4.74,5.67,70%
DMRA,"Damora Therapeutics Inc","Medical - Biomedical",31,+2.11%,5,Buy,"100% Buy",-0.33,+844.57%,25.88,26.76,25.99,30.06,58.15,824.36,21.53,649352,Strongest,Average,55.50%,0.49,27.56,32.56,69%
TATT,"T A T Tech Ltd","Aerospace - Defense Equipment",39.09,+3.58%,3,Sell,"88% Sell",-1.34,+20.35%,40.95,42.88,45.05,40.56,43.53,0.14,-25.66,185411,Strengthening,Average,13.28%,0.97,37.8,43.31,23%
MGEE,"Mge Energy Inc","Utility - Electric Power",81.32,+0.35%,2,Buy,"88% Buy",-1.38,-4.39%,78.57,79.65,78.77,81.06,53.77,-24.6,-9.49,208070,Strengthening,Average,50.80%,0.48,79.12,83,57%
LPCN,"Lipocine Inc","Medical - Drugs",2.06,-1.44%,1,Sell,"100% Sell",-1.51,-30.64%,2.75,2.25,4.83,2.14,37.46,-50.85,-87.54,190076,Strengthening,Average,23.39%,0.72,2.03,2.26,14%
AEO,"American Eagle Outfitters","Retail - Apparel & Shoes",16.24,-6.45%,7,Hold,"48% Sell",-1.65,+29.51%,17.23,17.34,19.19,17.53,40.14,9.3,-51.6,5921121,Weakening,Weak,43.83%,1.87,16.58,18.48,-18%
LCII,"Lci Industries","Auto - Truck Original Parts",107.15,-0.16%,4,Buy,"40% Sell",-1.65,+6.01%,109.37,101.06,119.55,105.83,54.59,-14.2,-24.88,381625,Weakening,Soft,66.13%,0.26,101.93,109.74,67%
INR,"Infinity Natural Resources Inc Cl A","Oil - US Exploration & Product",13.75,-1.93%,5,Buy,"40% Sell",-1.69,-4.11%,14.55,13.01,15.09,13.13,57.91,-24.32,-19.84,335618,Weakening,Soft,88.79%,0.62,12.22,14.04,84%
IRT,"Independence Realty Trust Inc","REIT - Equity Trust Resident",16.79,+0.84%,7,Buy,"88% Buy",-1.77,-3.45%,16.27,16.68,16.38,16.73,50.69,-23.66,-17.14,2846161,Strongest,Soft,40.58%,1.07,16.24,17.21,56%
MLYS,"Mineralys Therapeutics Inc","Medical - Biomedical",27.05,-1.02%,1,Hold,"48% Sell",-1.95,+100.22%,27.15,26.45,28.02,26.83,50.94,80.01,-38.65,1357975,Average,Weak,71.14%,0.98,25.8,27.86,61%
UTSI,"Utstarcom Holdings C","Communications Components",2.42,-0.81%,5,Sell,"40% Sell",-2.14,+1.04%,2.53,2.55,2.51,2.45,46.6,-19.17,-17.91,104104,Average,Minimum,44.15%,0.02,2.33,2.57,36%
MTH,"Meritage Corp","Building - Residential & Comm",72.89,-1.26%,3,Sell,"32% Buy",-2.15,-2.17%,69.47,74.46,70.48,72.89,48.53,-22.38,-2.41,942497,Weakest,Soft,42.14%,1.01,69.58,76.19,50%
COST,"Costco Wholesale","Retail - Discount",949.58,+0.56%,4,Hold,"64% Sell",-2.23,-4.20%,978.65,950.44,978.98,946.28,50.61,-24.41,-3.07,2323423,Weakening,Soft,44.15%,0.57,922.71,969.86,57%
HBIO,"Harvard Bioscience","Industrial Scientific",6.17,+0.65%,7,Buy,"80% Buy",-2.31,+27.88%,5.97,6.16,5.85,6.16,49.81,7.67,-20.94,227456,Weakening,Weak,41.55%,1.32,5.87,6.45,52%
KVUE,"Kenvue Inc","Consumer Prdts - Misc Staple",18.98,+0.74%,2,Hold,"80% Buy",-2.68,-13.33%,18.1,18.81,18.04,19.23,47.41,-33.54,-3.16,31538621,Weakening,Average,25.27%,0.53,18.69,19.77,27%
IVA,"Inventiva S.A. ADR","Medical - Biomedical",4.68,-0.85%,8,Buy,"40% Sell",-2.73,+27.52%,4.79,4.18,5.27,4.57,55.78,7.31,-12.54,583616,Weakening,Weak,68.98%,0.35,4.32,4.83,71%
HOV,"Hovnanian Enterprises Inc","Building - Residential & Comm",135.4,-1.43%,6,Hold,"96% Buy",-3.14,-7.41%,119.04,128.66,118.96,132.9,53.54,-27.62,25.62,117572,Strengthening,Strong,64.70%,1.28,125.48,140.32,67%
AWK,"American Water Works","Utility - Water Supply",134.92,-0.84%,5,Hold,"64% Buy",-3.21,-5.05%,130.73,131.01,131.06,134.76,53.47,-25.26,-9.8,2010907,Weakening,Soft,49.84%,1.24,131.45,138.07,52%
CURR,"Currenc Group Inc",Unclassified,3.48,-6.45%,5,Buy,"88% Buy",-3.25,+159.70%,3.17,3.09,2.75,3.31,56.1,139.49,81.22,391414,Strengthening,Average,60.27%,1.85,2.97,3.65,76%
CYCN,"Cyclerion Therapeutics Inc","Medical - Biomedical",3.92,+9.80%,3,Buy,"100% Buy",-3.41,+63.33%,3.22,3.42,2.61,3.58,73.85,43.12,195.47,2015879,Strongest,Good,58.87%,4.14,3.37,3.79,132%
LSE,"Leishen Energy Holding Co. Ltd","Oil Field Machinery & Equip",5.02,+4.37%,3,Buy,"8% Buy",-3.50,-4.38%,4.62,4.37,4.66,4.61,58.24,-24.59,1.68,11998,Average,Minimum,53.57%,0.96,4.04,5.17,87%
HLF,"Herbalife Ltd","Retail - Drug Stores",11.69,-0.43%,2,Sell,"100% Sell",-3.66,+27.62%,13.44,12.22,14.56,12.18,43.47,7.41,-22.5,1704954,Strongest,Average,20.77%,0.94,11.42,12.94,18%
CKX,"Ckx Lands","Real Estate Operations",10.9,+0.18%,7,Hold,"88% Buy",-4.13,-7.23%,10.8,10.87,10.51,10.9,49.73,-27.44,5.94,5858,Strengthening,Soft,47.58%,0.44,10.32,11.49,50%
GNE,"Genie Energy Ltd Cl B","Utility - Electric Power",14.44,-0.96%,9,Buy,"88% Buy",-4.26,-9.75%,14.06,14.2,14.12,14.29,53.38,-29.96,-8.4,81364,Strengthening,Weak,73.14%,0.55,13.82,14.75,67%
GBTG,"Global Business Travel Group Inc","Internet - Software",9.44,0.00%,14,Buy,"100% Buy",-4.27,+22.44%,8.29,9.4,7.6,9.42,65.93,2.23,10.21,2387420,Average,Strong,66.67%,0.47,9.39,9.46,76%
SBGI,"Sinclair Inc","Media Conglomerates",13.88,+1.54%,3,Buy,"88% Sell",-4.41,-7.28%,14.22,14.02,14.38,13.91,48.48,-27.49,-22.47,480922,Strengthening,Average,19.40%,0.61,13.28,14.54,48%
JEF,"Jefferies Financial Group Inc","Finance - Misc Services",54.82,-0.33%,5,Sell,"24% Buy",-4.52,-10.47%,51.6,55.77,52.09,55.7,47.6,-30.68,-24.73,2332415,Weakest,Minimum,56.23%,0.63,54.31,57.08,18%
VRTS,"Virtus Investment Partners","Finance - Investment Mgmt",167.55,+0.50%,6,Buy,"88% Buy",-4.67,-13.69%,146.69,154.76,147.48,165.37,57.77,-33.9,-10.49,104670,Strongest,Good,73.91%,1.08,159.75,170.99,69%
MAA,"Mid-America Apartment Communities","REIT - Equity Trust Resident",132.33,+0.45%,2,Sell,"24% Buy",-4.90,-4.37%,131.11,135.45,131.82,133.52,45.41,-24.58,-17.93,1023841,Weakest,Minimum,17.46%,0.64,130.75,136.29,29%
HNNA,"Hennessy Advisors","Finance - Investment Mgmt",9.99,+0.36%,2,Sell,"32% Buy",-4.99,-6.32%,9.94,9.97,9.97,9.91,52.33,-26.53,-9.17,11307,Weakening,Minimum,69.62%,2.18,9.75,10.07,74%
CHT,"Chunghwa Telecom Ltd ADR","Diversified Comm Services",42.34,-0.12%,5,Sell,"40% Sell",-5.09,-6.51%,43.36,43.63,43.12,42.56,44.04,-26.72,-11.68,176124,Weakening,Weak,36.69%,0.88,41.86,43.27,34%
CPHC,"Canterbury Park Hl",Gaming,15.69,+1.82%,2,Sell,"8% Buy",-5.17,-9.04%,15.71,15.75,15.62,15.56,52.21,-29.25,-11.31,1785,Weakest,Minimum,43.20%,0.6,15.07,16.04,63%
ANGH,"Anghami Inc","Broadcast - Radio & TV",3.82,+1.60%,8,Sell,"40% Buy",-5.22,+16.82%,3.73,3.88,3.46,3.47,57.42,-3.39,-11.86,261946,Strengthening,Minimum,71.91%,0.3,3.14,3.81,102%
GEL,"Genesis Energy LP","Oil Refining & Marketing MLP",15.87,+2.45%,9,Buy,"24% Sell",-5.29,-4.68%,15.86,14.85,16.34,15.08,64.08,-24.89,-11.46,298576,Weakening,Weak,76.68%,0.64,14.44,15.72,112%
KPRX,"Kiora Pharmaceuticals Inc.","Medical - Drugs",2.64,+0.76%,5,Hold,"88% Buy",-5.35,+5.60%,2.48,2.57,2.37,2.57,56.56,-14.61,20.82,181666,Strengthening,Average,90.09%,0.92,2.48,2.65,92%
MNR,"Mach Natural Resources LP","Oil - US Exploration & Product",13.06,-0.68%,6,Buy,"24% Buy",-5.36,-9.31%,13.34,13.07,13.04,13.28,46.18,-29.52,5.11,476099,Weakest,Weak,36.48%,1.42,12.9,13.66,21%
GDS,"Gds Holdings Ltd ADR","Technology Services",32.74,+0.34%,4,Sell,"72% Sell",-5.38,-9.83%,36.88,32.35,39.04,32.07,52.35,-30.04,-19.38,2008730,Weakening,Good,67.82%,1.04,30.3,33.83,69%
MC,Moelis,"Finance - Investment Brokers",66.27,-0.50%,3,Sell,"24% Buy",-5.53,-9.96%,65.2,67.23,65.49,67.22,48.28,-30.17,-16.78,1045328,Weakest,Minimum,34.92%,1.07,64.4,70.03,33%
XLO,"Xilio Therapeutics Inc","Medical - Biomedical",9.05,-1.42%,3,Buy,"72% Buy",-5.64,-7.65%,8.55,8.83,8.4,8.96,51.46,-27.86,-12.22,42683,Weakening,Weak,63.39%,0.25,8.44,9.49,58%
AOMR,"Angel Oak Mortgage REIT Inc","REIT - Mortgage Trusts",8.91,-0.78%,3,Buy,"72% Buy",-5.78,-2.84%,8.68,8.77,8.71,8.94,50.23,-23.05,-9.71,109914,Weakening,Soft,57.24%,0.78,8.71,9.17,43%
FPH,"Five Point Holdings Llc Cl A","Real Estate Developers",5.18,-1.52%,8,Buy,Hold,-5.81,-6.50%,5.06,5.17,5.18,5.22,48.93,-26.71,-20.52,174514,Bearish,,45.20%,1.63,5.02,5.43,40%
AENT,"Alliance Entertainment Holding Corp","Media Conglomerates",5.68,+1.97%,7,Sell,"88% Sell",-5.92,+15.45%,6.32,5.72,6.44,5.73,47.73,-4.76,-42.89,48593,Average,Average,47.98%,0.25,5.36,6.1,43%
RHLD,"Resolute Holdings Management","Finance - Misc Services",128.46,-2.95%,2,Hold,"96% Sell",-6.03,+118.92%,133.58,131.01,150.95,130.82,46.57,98.71,-50.96,158447,Strongest,Soft,44.04%,0.89,124.28,137.35,32%
NFG,"National Fuel Gas Company","Oil - US Integrated",81.72,-0.64%,4,Hold,"48% Sell",-6.12,-6.88%,83.08,79.25,84.24,81.5,53.56,-27.09,-11.12,743640,Weakening,Soft,64.76%,0.85,79.65,83.36,56%
ELTK,"Eltek Ltd","Electronics - Misc Components",8.54,-0.47%,5,Sell,"56% Sell",-6.48,-17.01%,8.74,9.04,8.79,8.79,45.07,-37.22,-14.46,12724,Strengthening,Weak,34.80%,0.23,8.19,9.39,29%
PG,"Procter & Gamble Company","Consumer Prdts - Misc Staple",144.08,-0.78%,3,Sell,"72% Sell",-6.88,-7.10%,146.02,147.69,148.52,147.13,42.29,-27.31,-12.65,9897786,Strengthening,Weak,37.41%,0.81,143.12,151.14,12%
CXT,"Crane Nxt CO","Technology Services",51.98,+1.56%,8,Hold,"48% Buy",-7.09,-13.70%,45.37,48.23,46.78,52.48,52.16,-33.91,-2.76,747586,Average,Soft,14.40%,0.45,50.1,54.86,40%
TLIH,"Ten-League International Holdings Limited","Business Services",5.68,-0.70%,5,Buy,"88% Buy",-7.14,-8.24%,3.99,5.05,3.92,5.75,59.08,-28.45,40.28,244513,Average,Average,83.21%,0.25,5.65,5.86,16%
LGIH,"LGI Homes Inc","Building - Residential & Comm",56.9,-1.56%,5,Hold,"64% Buy",-7.15,-7.37%,50.27,57.42,50.47,58.51,47.26,-27.58,19.26,415458,Weakening,Good,31.64%,0.42,54.53,62.49,30%
MFA,"MFA Financial Inc","REIT - Mortgage Trusts",9.15,-0.33%,4,Sell,"100% Sell",-7.37,-4.19%,9.57,9.34,9.68,9.2,45.9,-24.4,-14.91,1422715,Strongest,Strong,61.08%,0.73,8.92,9.47,41%
NXPL,"Nextplat Corp","Internet Commerce",6.71,+3.71%,2,Hold,"32% Buy",-7.38,-12.86%,6.14,6.41,6.01,6.1,58.69,-33.07,12.47,73412,Weakening,Weak,56.09%,1.26,5.6,6.61,110%
OFLX,"Omega Flex Inc","Steel - Pipe & Tube",30.08,+0.50%,3,Hold,"80% Sell",-7.70,-10.82%,30.69,30.37,31.63,30.07,49.1,-31.03,-11.02,43226,Average,Weak,60.36%,0.65,28.82,31.33,50%
VC,"Visteon Corp","Auto - Truck Original Parts",106.39,+0.19%,4,Sell,"40% Buy",-7.71,-10.53%,106.11,108.73,102.55,104.63,51.98,-30.74,-1.32,544020,Average,Weak,70.44%,0.66,101.29,107.96,76%
BWXT,"Bwx Technologies Inc","Aerospace - Defense Equipment",172.56,+1.68%,1,Sell,"72% Sell",-7.76,-3.87%,198.19,183.56,200.03,170.7,47.2,-24.08,-13.35,1043572,Weakening,Good,54.35%,0.98,162.1,179.31,61%
CSR,Centerspace,"REIT - Equity Trust Resident",55.06,+0.51%,3,Sell,"100% Sell",-7.89,-0.04%,60.46,56.45,61.47,55.77,44.49,-20.25,-30.67,152505,Strengthening,Strong,32.38%,0.47,54.47,57.07,23%
HEPS,"D-Market Electronic Services & Trading ADR","Internet Commerce",2.84,-2.41%,2,Sell,"56% Buy",-8.23,-6.89%,2.79,2.85,2.78,2.86,48.1,-27.1,1.33,287085,Weakening,Soft,34.67%,0.74,2.75,2.98,39%
CNH,"CNH Industrial N.V.","Machinery - Farm",10.73,+0.94%,8,Buy,"64% Buy",-8.31,-14.30%,10.65,10.67,10.91,10.73,50.39,-34.51,3.19,13810857,Strengthening,Weak,26.35%,1.17,10.11,11.35,50%
LONA,"Leonabio Inc","Medical - Biomedical",7.87,+3.28%,1,Sell,"8% Sell",-8.32,+104.52%,8.92,8.22,7.95,7.49,50.3,84.31,-9.23,359310,Weakest,Minimum,55.49%,0.13,6.93,8.05,84%
CHSCP,"CHS Inc","Agriculture Operations",26.61,+0.11%,5,Sell,"100% Sell",-8.37,-6.60%,27.34,26.97,27.61,26.66,40.55,-26.81,-17.13,16059,Strengthening,Strong,22.77%,0.39,26.56,26.75,27%
CCU,"Compania Cervecerias Unidas S.A. ADR","Beverages - Alcohol",11.65,-2.92%,7,Buy,"8% Sell",-8.45,-5.67%,11.52,11.39,12.24,11.64,51.05,-25.88,-21.89,181053,Weakest,Soft,66.94%,0.73,11.12,12.16,51%
INVE,"Identiv Inc","Computers - Peripheral Equpt",2.62,+1.55%,3,Sell,"88% Sell",-8.58,-28.61%,3.59,3.09,3.5,2.67,41.57,-48.82,-44.96,139168,Average,Strong,23.09%,2.5,2.5,2.85,35%
GBDC,"Golub Capital Bdc","Finance - SBIC & Commercial",13.09,-0.68%,5,Buy,"8% Buy",-8.71,-11.91%,12.97,12.9,12.92,12.99,53.57,-32.12,-16.73,1850948,Weakest,Minimum,80.36%,0.77,12.67,13.31,66%
OWLT,"Owlet Inc","Electronics Products - Misc",5.81,+6.80%,3,Buy,"8% Buy",-9.06,-28.62%,5.36,5.37,7.29,5.41,58.7,-48.83,-77.3,266976,Weakening,Weak,61.34%,2.9,5.01,5.81,100%
CHCI,"Comstock Hlds Cos","Building - Residential & Comm",14.85,-0.13%,4,Sell,"8% Sell",-9.10,+0.68%,16.23,15.39,14.73,15.05,45.85,-19.53,14.61,23909,Weakening,Minimum,47.49%,0.25,14.25,15.86,37%
WTF,"Waton Financial Limited","Finance - Misc Services",2.92,+6.18%,2,Sell,"72% Sell",-9.40,-31.46%,3.22,2.86,3.42,2.94,50.41,-51.67,-24.71,72611,Weakening,Soft,44.65%,0.14,2.72,3.16,45%
CE,"Celanese Corp","Chemical - Specialty",43.31,-3.41%,2,Sell,"88% Sell",-9.53,+5.07%,54.52,47.74,53.44,44.93,40.45,-15.14,-10.75,2225949,Strongest,Good,38.29%,0.66,42.24,47.62,20%
ASO,"Academy Sports and Outdoors Inc","Leisure & Recreational Prdcts",49.24,-0.65%,5,Hold,"64% Sell",-9.57,-5.34%,51.62,48.78,53.6,48.5,53.06,-25.55,-14.63,1530687,Average,Average,60.95%,0.58,46.55,50.46,69%
RLX,"Rlx Technology Inc ADR","Consumer Prdts - Misc Discr",2.02,+2.02%,8,Buy,"40% Sell",-9.67,-8.18%,2.06,1.97,2.15,2.01,53.7,-28.39,-26.49,2264455,Weakest,Average,55.15%,1.01,1.94,2.08,60%
PIPR,"Piper Jaffray Companies","Finance - Misc Services",75.52,-0.25%,5,Sell,"100% Sell",-9.72,-10.33%,78.74,76.2,80.09,75.93,49.12,-30.54,-24.27,634077,Average,Average,65.42%,0.45,74.08,77.78,39%
HPP,"Hudson Pacific Properties","REIT - Equity Trust Other",14.31,+7.19%,3,Sell,"40% Buy",-9.78,-17.90%,11.73,14.76,10.41,14.45,49.57,-38.11,18.94,1207698,Weakening,Average,35.62%,1.18,13.05,15.85,45%
AFYA,"Afya Ltd Cl A",Schools,13.74,+1.18%,2,Sell,"100% Sell",-9.84,-6.53%,14.45,14.28,14.42,13.99,43.82,-26.74,-24.03,103803,Strengthening,Average,20.46%,1.38,13.39,14.6,29%
DXR,"Daxor Corp","Medical - Outpatient & Hm Care",10.2,-0.39%,4,Hold,"64% Sell",-9.87,-10.37%,10.31,10.3,11.15,10.5,46.52,-30.58,-44.04,6406,Average,Soft,16.39%,1.17,10.04,10.97,18%
CNNE,"Cannae Holdings Inc","Finance - Investment Mgmt",15.02,+1.21%,4,Buy,"88% Buy",-10.09,-15.67%,13.74,14.54,13.71,14.83,56.08,-35.88,-17.7,588812,Strongest,Soft,60.18%,1.42,14.44,15.22,74%
KBH,"KB Home","Building - Residential & Comm",55.8,-3.34%,5,Hold,Hold,-10.16,-8.97%,53.51,56.25,55.68,56.77,47.24,-29.18,-14.27,1177188,Bearish,,39.96%,0.78,54.46,59.08,29%
VSNT,"Versant Media Group Inc","Media Conglomerates",37.87,+3.02%,5,Buy,N/A,-10.64,N/A,38.73,37.4,36.77,36.54,54.94,N/A,-29.03,N/A,N/A,N/A,32.41%,0.89,34.8,38.27,88%
CRVL,"Corvel Corp","Business Services",62.75,+2.53%,2,Sell,"24% Buy",-10.66,-30.13%,58.95,61.06,58.5,61.01,55.6,-50.34,-20.46,213318,Average,Minimum,54.38%,0.55,58.48,63.54,84%
BBOT,"Bridgebio Oncology Therapeutics Inc","Medical - Biomedical",9.42,+2.39%,6,Buy,"8% Buy",-10.84,-2.38%,8.48,8.26,9.31,8.74,61.58,-22.59,-37.95,313033,Average,Minimum,80.25%,0.38,8,9.47,96%
TPCS,"Techprecision Corp","Metal Production & Fabrication",4.82,-0.62%,4,Buy,"88% Buy",-10.89,-13.62%,4.07,4.39,4.16,4.67,57.62,-33.83,-13.4,43228,Average,Average,69.57%,0.28,4.4,4.93,79%
FBIN,"Fortune Brands Innovations Inc","Building Prdcts - Air Heating",48.87,-2.26%,4,Hold,"48% Buy",-10.93,-14.67%,43.15,47.59,46.81,50.53,47.58,-34.88,-15.49,2501966,Weakening,Weak,17.73%,0.66,47.92,53.14,18%
DBVT,"Dbv Technologies ADR","Medical - Biomedical",14.14,+0.35%,2,Sell,"88% Sell",-10.99,+44.14%,17.7,15.42,18.88,13.96,45.73,23.93,-39.43,335389,Strengthening,Good,69.65%,0.44,13.15,14.76,61%
COPR,"Idaho Copper Corp","Mining - Misc",2.69,-0.74%,1,Sell,"88% Sell",-11.03,-61.57%,6.02,4.25,6.62,2.54,41.33,-81.78,-36.55,10479,Average,Strong,73.50%,0.62,2.16,2.93,69%
KMB,"Kimberly-Clark Corp","Consumer Prdts - Misc Staple",108.93,+0.33%,2,Hold,"64% Buy",-11.31,-18.49%,102.34,107.05,102.63,109.62,49.83,-38.7,-5.22,5373391,Strengthening,Soft,28.21%,0.52,106.13,113.11,40%
AMRN,"Amarin Corp ADR","Medical - Biomedical",14.06,+0.36%,1,Sell,"72% Sell",-11.43,-5.64%,14.65,14.77,14.81,14.03,43.38,-25.85,-12.44,85307,Average,Soft,52.21%,0.58,13.51,14.56,53%
IRS,"Irsa Inversiones Y Representaciones S.A. ADR","Real Estate Developers",14.65,+0.76%,3,Sell,"56% Sell",-11.43,-10.40%,15.23,15.48,15.47,15.11,41.05,-30.61,-24.62,180104,Strengthening,Weak,13.82%,0.98,14.54,15.69,10%
FRHC,"The Awareness Group","Finance - Misc Services",151.33,+0.22%,1,Buy,"88% Buy",-11.49,-16.24%,147.92,148.86,140.54,152.73,50.09,-36.45,11.18,119924,Strengthening,Average,25.89%,0.42,145.92,159.53,40%
CVR,"Chicago Rivet & Machine Company","Machinery - Elect Utilities",10.1,-1.94%,6,Hold,"96% Sell",-11.55,-15.83%,10.65,10.21,11.71,10.18,47.39,-36.04,-40.58,4210,Strengthening,Average,38.55%,0.53,9.7,10.67,41%
GNTX,"Gentex Corp","Auto - Truck Original Parts",23.4,-2.21%,2,Sell,"8% Sell",-11.86,-14.07%,23.56,24.45,23.5,23.81,44.32,-34.28,-12.63,2372810,Weakening,Minimum,68.64%,0.79,22.9,24.72,27%
NXST,"Nexstar Media Group Inc","Media Conglomerates",185.14,+0.31%,4,Buy,"56% Sell",-11.88,-8.37%,188.56,179.94,201.41,188.23,48.7,-28.58,-22.01,370798,Weakening,Average,44.79%,0.71,178.56,197.91,34%
TIPT,"Tiptree Financial Cl A","Insurance - Brokers",17.95,-0.44%,1,Buy,"88% Buy",-12.06,-21.38%,17.43,17.83,17.34,17.9,51.16,-41.59,-14.94,241803,Average,Weak,49.71%,0.97,17.5,18.29,57%
MBUU,"Malibu Boats Inc","Leisure & Recreational Prdcts",29.34,-1.15%,6,Buy,"56% Buy",-12.06,-17.12%,26.9,27.58,28.07,28.44,58.58,-37.33,-9.18,279636,Strengthening,Weak,80.35%,0.55,27.15,29.73,85%
LXEO,"Lexeo Therapeutics Inc","Medical - Drugs",4.87,+1.88%,3,Sell,"72% Sell",-12.12,+4.28%,5.19,4.62,5.85,4.55,56.68,-15.93,-64.15,1054574,Weakest,Average,76.93%,1.67,4.14,4.97,88%
PHI,"Philippine Long Distance Telephone ADR","Wireless Non-US",19.61,+0.26%,5,Buy,"24% Sell",-12.25,-14.52%,19.48,18.7,20.61,19.74,53.94,-34.73,-22.99,124818,Weakest,Weak,39.84%,0.77,19.37,20.1,33%
AKA,"A.K.A. Brands Holding Corp","Retail - Apparel & Shoes",10.99,+3.68%,2,Hold,"8% Buy",-12.27,-0.18%,10.27,10.31,10.52,11.04,52.08,-20.39,-10.48,8833,Weakest,Minimum,39.50%,3.64,10.66,11.41,44%
SRI,"Stoneridge Inc","Electronics - Misc Components",6.92,+2.22%,3,Sell,"24% Buy",-12.64,-11.28%,6.83,7.24,6.94,7.22,44.65,-31.49,6.33,209353,Weakest,Weak,18.64%,0.59,6.78,7.66,16%
ZKH,"Zkh Group Limited ADR","Internet - Services",2.92,-0.34%,5,Buy,"16% Sell",-12.80,-2.18%,2.88,2.74,3.06,2.92,56.12,-22.39,-33.84,137178,Weakest,Weak,65.43%,0.63,2.82,3.01,52%
VINP,"Vinci Compass Investments Ltd","Finance - Misc Services",9.55,-3.54%,2,Sell,"100% Sell",-12.82,-2.75%,10.2,9.8,10.85,9.78,40.69,-22.96,-39.95,64836,Strongest,Strong,56.79%,1.98,9.46,10.1,14%
SRTS,"Sensus Healthcare Inc","Medical Instruments",3.13,+0.97%,1,Buy,"40% Sell",-13.46,-4.28%,3.4,2.94,3.77,3,59.96,-24.49,-34.55,76803,Weakest,Average,80.41%,0.28,2.85,3.15,93%
SCOR,"Comscore Inc","Business Services",7.18,+0.14%,3,Hold,"24% Sell",-13.82,+13.97%,7.29,7.39,7.41,7.37,47.71,-6.24,-2.73,21766,Weakest,Minimum,31.23%,1.89,6.93,7.81,28%
LNN,"Lindsay Corp","Machinery - Farm",115.71,+0.63%,4,Sell,"40% Sell",-13.87,-17.44%,113.24,115.73,118.31,114.29,52.32,-37.65,-15.02,149916,Weakest,Weak,64.39%,0.92,110.41,118.18,68%
RTB,"Rtb Digital Inc","Internet - Software",16.62,-2.46%,4,Buy,"100% Buy",-14.10,+60.97%,9.37,13.05,8.16,16.36,54.64,40.76,179.75,185795,Average,Strong,48.50%,0.21,14.52,18.2,57%
POCI,"Precision Optics Corp Inc","Medical Instruments",4.15,-2.12%,1,Sell,"40% Sell",-14.24,-11.70%,4.71,4.91,4.69,4.29,36.03,-31.91,-14.03,33674,Strengthening,Weak,25.50%,0.85,4.07,4.5,18%
PRIM,"Primoris Services Corp","Building - Heavy Construction",81.46,-0.85%,5,Sell,"100% Sell",-14.29,-28.91%,118.73,93.48,128.49,84.68,43.4,-49.12,-47.57,1362566,Strongest,Strong,38.64%,0.4,76.58,92.78,30%
CLLS,"Cellectis S.A. ADR","Medical - Biomedical",2.94,+1.73%,3,Sell,"72% Sell",-14.29,+10.53%,3.32,2.93,3.51,2.78,53.91,-9.68,-52.45,54758,Weakening,Average,77.98%,0.41,2.6,2.96,95%
PHUN,"Phunware Inc","Internet - Software",2.1,-0.47%,2,Hold,"80% Buy",-14.32,-18.29%,2.03,2.06,1.96,2.14,48.69,-38.5,0.32,151647,Average,Weak,34.72%,0.63,2.06,2.23,26%
AUNA,"Auna Sa Cl A","Medical Services",5.2,-2.62%,3,Buy,"56% Buy",-14.40,-17.59%,5.13,5.06,5.1,5.16,52.01,-37.8,-7.5,298543,Weakening,Weak,75.08%,0.78,4.95,5.36,61%
RYN,"Rayonier Inc REIT","Building Products - Wood",21.51,+0.28%,6,Buy,"24% Buy",-14.78,-18.06%,21.08,21.44,21.5,21.67,48.97,-38.27,-13.84,2528485,Weakest,Minimum,30.87%,1.09,21.1,22.24,36%
BCSF,"Bain Capital Specialty Finance Inc","Finance - SBIC & Commercial",12.65,-1.48%,5,Buy,"72% Sell",-14.81,-16.56%,12.88,12.66,12.98,12.72,48.13,-36.77,-22.25,429262,Strengthening,Soft,58.09%,1.15,12.31,13.12,42%
TARA,"Artara Therapeutics Inc","Medical - Drugs",3.89,-0.51%,1,Sell,"100% Sell",-14.98,+26.71%,4.58,4.05,5.08,4.02,42.21,6.5,-40.21,834869,Strongest,Good,49.27%,0.77,3.85,4.18,12%
SLVM,"Sylvamo Corp","Paper & Related Products",38.43,-3.32%,4,Hold,"96% Sell",-15.26,-12.90%,39.89,38.84,42.54,38.49,48.65,-33.11,-33.38,366259,Strengthening,Average,56.44%,1.33,36.43,40.54,49%
WGO,"Winnebago Industries","Building - Mobile Homes & RV",32.38,-1.25%,6,Buy,"8% Sell",-15.35,-0.77%,30.8,30.13,34.9,31.33,57.84,-20.98,-33.28,646956,Weakest,Weak,85.53%,0.64,29.79,32.86,84%
WH,"Wyndham Hotels & Resorts Inc","Hotels & Motels",74.02,+2.14%,2,Sell,"72% Sell",-15.41,-15.51%,80.72,78.98,79.92,75.11,42.71,-35.72,-15.23,1333156,Average,Average,20.53%,1.52,71.87,78.35,33%
DNUT,"Krispy Kreme Inc","Consumer Prdts - Misc Staple",3.3,+6.80%,1,Sell,"88% Sell",-15.87,-0.30%,3.47,3.44,3.45,3.2,51.4,-20.51,-31.1,2976427,Average,Soft,34.11%,1.7,3.02,3.39,77%
BNTX,"Biontech Se ADR","Medical - Biomedical",92.74,-0.06%,7,Hold,"48% Sell",-15.90,-16.45%,93.05,91.32,97.21,91.98,52.31,-36.66,-15.77,1054242,Weakening,Average,73.75%,0.5,90.07,93.89,70%
PTLO,"Portillo's Inc","Retail - Restaurants",4.76,+5.54%,2,Buy,"40% Sell",-15.98,-39.97%,4.81,4.47,5.04,4.56,57.25,-60.18,-8.34,1898531,Weakest,Minimum,59.26%,1.45,4.3,4.81,89%
INGR,"Ingredion Inc","Food - Misc & Diversified",103.75,-0.88%,6,Buy,"40% Sell",-16.15,-18.21%,104.71,100.26,108.35,102.31,56.35,-38.42,-19.09,743447,Weakest,Soft,67.79%,0.92,99.38,105.23,75%
JYNT,"The Joint Corp","Medical - HMO",8.68,+1.05%,1,Sell,"88% Sell",-16.21,-21.66%,8.75,8.74,8.9,8.51,52.68,-41.87,-13.65,89167,Average,Weak,73.99%,0.46,8.05,8.98,68%
PMN,"Promis Neurosciences Inc","Medical - Biomedical",14.5,-3.14%,4,Buy,"88% Buy",-16.32,-17.14%,12.13,12.46,13.18,13.96,55.42,-37.35,99.26,92028,Average,Soft,58.00%,0.13,12.06,15.86,64%
CATX,"Perspective Therapeutics Inc","Medical - Drugs",3.26,+2.52%,5,Hold,"48% Sell",-16.54,-18.09%,3.61,3.09,3.84,2.97,59.87,-38.3,5.36,2176691,Weakest,Weak,83.62%,0.66,2.78,3.17,124%
LMRI,"Lumexa Imaging Holdings Inc","Medical Products",11.73,+0.60%,1,Buy,N/A,-16.60,N/A,9.83,10.57,11.28,11.1,60.88,N/A,-49.78,N/A,N/A,N/A,85.24%,1.23,10.22,11.97,86%
OTIS,"Otis Worldwide Corp","Machinery - General Industrial",73.97,+1.27%,3,Hold,"48% Sell",-16.72,-16.09%,74.37,72.3,79.23,72.87,55.23,-36.3,-28.51,3476626,Weakest,Average,64.39%,0.95,70.63,75.11,75%
CPS,"Cooper Std Holdings Inc","Auto - Truck Original Parts",27.57,+0.55%,6,Hold,"80% Sell",-16.93,-1.99%,29.12,28.68,30.8,29.03,45.54,-22.2,-29.21,197656,Average,Weak,11.93%,1.31,26.73,31.33,18%
TLF,"Tandy Leather Fctry","Retail - Apparel & Shoes",2.49,+3.16%,7,Buy,"16% Buy",-17.23,-26.44%,2.36,2.37,2.49,2.4,63.63,-46.65,-22.18,34750,Average,Minimum,50.33%,3.24,2.34,2.47,115%
PAC,"Grupo Aeroportuario Del Pacifico ADR","Transportation - Services",214.96,+0.65%,1,Sell,"100% Sell",-17.44,-14.05%,239.2,231.9,248.16,218.19,38.13,-34.26,-31.65,113482,Strongest,Strong,20.89%,0.6,212.59,223.79,21%
CCM,"Concord Medical Services ADR","Medical - Nursing Homes",4.79,-7.53%,3,Buy,"88% Buy",-17.75,-4.20%,4.48,4.63,4.33,4.49,52.81,-24.41,10.9,28518,Strengthening,Soft,47.45%,1.13,3.92,5.07,76%
AIRI,"Air Industries Group Inc","Aerospace - Defense",2.6,-0.39%,1,Sell,"100% Sell",-17.84,-23.08%,2.98,2.86,3.09,2.66,36.68,-43.29,-28.5,85947,Strongest,Maximum,15.99%,0.38,2.56,2.75,19%
TAP,"Molson Coors Brewing","Beverages - Alcohol",41.57,-0.98%,6,Buy,"24% Sell",-17.93,-18.55%,41.53,40.52,43.82,41.73,50.86,-38.76,-24.14,3237813,Weakest,Weak,47.19%,0.61,40.2,43.26,45%
SGRY,"Surgery Partners CS","Medical Services",15.32,+2.13%,1,Hold,"48% Buy",-18.01,-33.33%,14.43,15.46,14.52,15.66,47.97,-53.54,-14.03,1669225,Weakening,Weak,41.48%,2.51,14.72,16.61,32%
FLWS,1-800-Flowers.com,"Retail - Mail Order",4.09,+1.24%,6,Buy,"100% Buy",-18.27,-26.04%,3.88,3.98,3.87,4.03,54.54,-46.25,-9.12,760035,Strongest,Weak,68.63%,0.34,3.77,4.29,61%
FTH,"Faeth Therapeutics Inc","Medical - Biomedical",29.38,-2.07%,1,Buy,"88% Buy",-18.28,+288.75%,25.12,23.94,23.1,27.53,57.52,268.54,162.16,173986,Strengthening,Average,73.00%,1.39,24.07,31,77%
PLUG,"Plug Power Inc","Electronics Products - Misc",2.29,+3.15%,3,Sell,"64% Sell",-18.54,+48.70%,2.79,2.51,2.58,2.13,51.95,28.49,3.05,84371859,Weakening,Weak,56.56%,1.62,1.94,2.31,94%
FC,"Franklin Covey Company",Consulting,20.68,-0.48%,7,Sell,"8% Buy",-18.72,+7.93%,21.68,22.35,20.02,21.21,43.16,-12.28,10.05,138649,Weakest,Weak,25.76%,0.83,20.2,22.22,24%
SAM,"Boston Beer Company","Beverages - Alcohol",183.78,+2.12%,4,Hold,"48% Sell",-18.95,-16.75%,197.86,178.41,207.3,181.81,52.45,-36.96,-19.01,228827,Weakest,Good,63.47%,0.48,173.14,190.48,61%
STZ,"Constellation Brands","Beverages - Alcohol",133.96,-0.01%,1,Sell,"88% Sell",-19.04,-21.19%,143.99,136.18,147.91,132.11,50.92,-41.4,-16.09,2285194,Average,Average,66.15%,0.57,128.36,135.86,75%
MELI,"Mercadolibre Inc","Internet Commerce",1828.29,-5.76%,5,Buy,"8% Buy",-19.07,-22.23%,1741.8,1757.14,1816.06,1849.41,49.78,-42.44,-22.42,538778,Weakest,Minimum,54.61%,1.51,1768.29,1930.53,37%
LAZ,"Lazard Inc","Finance - Misc Services",43.54,+0.07%,4,Sell,"72% Sell",-19.16,-19.34%,44.45,43.22,46.36,43.1,51.83,-39.55,-23.53,1484933,Average,Average,60.40%,0.59,41.45,44.74,63%
ASR,"Grupo Aeroportuario Del Sureste ADR","Transportation - Services",274.72,+1.13%,1,Sell,"88% Sell",-19.58,-15.50%,303.06,286.53,317.31,274.41,44.56,-35.71,-28.24,65243,Average,Strong,56.19%,0.65,267.48,281.34,52%
VICI,"Vici Properties Inc","REIT - Equity Trust Other",26.07,+0.35%,6,Sell,"100% Sell",-19.72,-20.69%,27.49,26.85,27.96,26.58,42.35,-40.9,-20.48,10262291,Average,Good,10.56%,0.86,25.91,27.25,12%
CNTB,"Connect Biopharma Holdings Ltd ADR","Medical - Biomedical",2.33,+4.02%,2,Sell,"64% Sell",-19.76,+2.64%,2.42,2.2,2.46,2.17,57.32,-17.57,-30.57,297766,Weakening,Soft,84.00%,0.81,1.96,2.37,89%
DAIO,"Data I O Corp","Electronics - Misc Components",3,+2.74%,1,Sell,"24% Sell",-19.76,-9.68%,3.12,3.48,3.06,3.06,41.29,-29.89,-18.55,46781,Weakest,Minimum,26.72%,2.09,2.78,3.34,39%
CAG,"Conagra Brands","Food - Misc & Diversified",14.96,+0.20%,7,Buy,"8% Sell",-20.05,-23.28%,14.27,14.08,15.53,14.87,54.68,-43.49,-26.77,14406024,Weakening,Weak,42.58%,0.43,14.25,15.5,57%
VIVO,"Vivopower Plc","IT Services",4.22,+4.20%,1,Sell,"40% Buy",-20.11,-33.44%,3.99,4.63,3.39,3.86,51.96,-53.65,73.12,1018574,Weakening,Soft,75.21%,0.25,3.39,4.34,88%
MCI,"Barings Corporate Investors","Finance - Investment Mgmt",16.63,+0.42%,1,Sell,"100% Sell",-20.16,-19.08%,17.41,17.09,18.34,16.66,44.72,-39.29,-21.56,34430,Strengthening,Strong,50.30%,0.64,16.31,17.01,45%
BRID,"Bridgford Foods Corp","Food - Misc & Diversified",6.32,-0.55%,3,Sell,"100% Sell",-20.49,-17.39%,7.12,6.66,7.33,6.38,43.95,-37.6,-32.16,3631,Strongest,Maximum,36.77%,0.38,6.18,6.59,35%
CUVL,"Clinuvel Pharmaceuticals Ltd ADR","Medical - Biomedical",6.68,-2.62%,3,Sell,"88% Sell",-20.61,-14.08%,6.94,6.89,7.31,6.92,45.4,-34.29,-34.42,3155,Strengthening,Average,31.53%,0.53,6.44,7.4,25%
VNDA,"Vanda Pharmaceuticals","Medical - Biomedical",5.19,+5.27%,1,Sell,"100% Sell",-20.75,+20.42%,6.27,5.72,6.78,5.21,43.87,0.21,-54.35,1683936,Strengthening,Good,59.71%,1.13,4.9,5.52,47%
AERO,"Grupo Aeromexico S.A.B. ADR","Aerospace - Defense",15.57,-1.08%,1,Sell,N/A,-20.79,N/A,15.8,16.4,16.76,15.55,45.3,N/A,-42.29,N/A,N/A,N/A,53.20%,0.99,14.81,16.28,52%
LUXE,"Luxexperience B.V. ADR","Textile - Apparel",7.97,+3.37%,7,Hold,"48% Sell",-21.41,+1.14%,8,7.81,8.23,8.15,48.66,-19.07,-17.74,257772,Weakening,Soft,40.19%,2.02,7.78,8.51,26%
VIRC,"Virco MFG Corp",Furniture,6.07,+3.58%,1,Sell,"72% Sell",-21.69,-27.82%,6.08,6.11,6.17,6.05,50.04,-48.03,-18.2,54094,Weakening,Weak,40.48%,0.4,5.91,6.18,59%
NCDL,"Nuveen Churchill Direct Lending Corp","Finance - SBIC & Commercial",12.38,-1.28%,4,Sell,"100% Sell",-21.77,-23.77%,13.08,12.58,13.21,12.5,46.3,-43.98,-20.39,245999,"Top 1%",Good,49.06%,1.35,12.04,12.96,37%
SLRC,"Slr Investment Corp","Finance - SBIC & Commercial",12.83,-0.85%,6,Buy,"56% Sell",-21.81,-22.01%,13.62,12.8,14.05,12.96,48.11,-42.22,-30.2,359626,Average,Strong,56.68%,0.59,12.61,13.31,31%
NERV,"Minerva Neuroscie","Medical - Drugs",3.92,-9.26%,2,Sell,"88% Sell",-22.12,+122.73%,5.18,4.48,5.37,4.24,41.56,102.52,-15.68,186121,Strongest,Average,52.64%,0.58,3.85,4.63,9%
INKT,"Mink Therapeutics Inc","Medical - Biomedical",11.36,+1.16%,4,Hold,"16% Sell",-22.32,-20.00%,11.28,11.39,11.3,10.83,54.1,-40.21,-11.31,108876,Weakest,Minimum,53.74%,0.25,10.11,11.54,87%
AMPH,"Amphastar Pharma","Medical - Generic Drugs",19.98,-2.15%,5,Buy,"24% Sell",-22.36,-34.17%,19.97,19.74,21.69,19.88,50.64,-54.38,-38.58,503637,Weakest,Soft,41.90%,0.66,18.81,20.95,55%
KR,"Kroger Company","Retail - Supermarket",56.06,-0.34%,1,Sell,"100% Sell",-22.47,-23.78%,63.61,59,64.82,57.6,40.61,-43.99,-23.47,6851217,Strongest,Maximum,22.85%,0.67,55.47,59.72,14%
LSF,"Laird Superfood Inc","Food - Misc & Diversified",4.25,-8.21%,2,Sell,"56% Buy",-22.48,-26.09%,3.56,4.26,3.3,4.2,49.43,-46.3,78.25,82550,Weakest,Soft,64.46%,0.55,3.72,4.69,55%
MKC,"Mccormick & Company","Food - Misc & Diversified",52.97,+0.15%,2,Buy,"8% Buy",-22.59,-23.33%,50.23,50.45,55.26,51.89,57.8,-43.54,-35.42,3767230,Weakest,Weak,81.33%,0.44,50.03,53.74,79%
NIO,"Nio Inc ADR","Auto - Foreign",4.54,-1.73%,3,Sell,"88% Sell",-22.65,+1.57%,5.5,4.96,5.32,4.73,39.65,-18.64,-24.17,40277262,Strongest,Average,40.43%,0.79,4.48,4.98,12%
NVR,"NVR Inc","Building - Residential & Comm",6293.9502,-2.12%,3,Sell,"88% Sell",-22.68,-20.95%,6383.97,6424.97,6727.49,6351.55,47.29,-41.16,-26.89,26765,Strengthening,Average,58.06%,1.04,6105.77,6597.33,38%
RPC,"Ridgepost Capital Inc","Finance - Misc Services",8.82,-0.34%,10,Buy,"24% Buy",-22.74,-29.50%,8.04,8.26,8.46,8.7,54.97,-49.71,-23.28,585214,Weakest,Minimum,44.49%,0.98,8.25,9.15,63%
PAX,"Patria Investments Ltd Cl A","Finance - Investment Mgmt",11.11,-0.80%,4,Buy,"72% Sell",-22.80,-19.84%,11.65,11.15,12.53,11.09,49.26,-40.05,-43.27,861503,Average,Good,54.39%,1.27,10.66,11.51,53%
MKC.V,"Mccormick & Company Inc","Food - Misc & Diversified",52.88,-0.19%,2,Buy,"8% Buy",-22.88,-24.36%,50.24,50.27,55.3,51.81,56.16,-44.57,-35.44,5555,Weakening,Weak,73.95%,0.3,50.09,53.53,81%
ZH,"Zhihu Inc ADR","Internet - Content",3.17,-3.94%,4,Buy,"48% Sell",-22.94,-24.16%,3.19,3.19,3.28,3.23,44.13,-44.37,-16.54,299038,Average,Weak,55.66%,1.41,3.11,3.36,25%
EARN,"Ellington Credit Company","REIT - Mortgage Trusts",4.35,-0.23%,5,Sell,"100% Sell",-23.04,-23.14%,4.56,4.45,4.76,4.38,45.93,-43.35,-30.65,414697,Strongest,Strong,42.67%,0.8,4.28,4.48,36%
LPX,"Louisiana-Pacific Corp","Building Products - Wood",73.66,-2.46%,7,Hold,"64% Sell",-23.72,-22.95%,73.93,74.99,78.02,74.32,47.63,-43.16,-21.98,1109869,Average,Soft,46.30%,0.68,70.02,78.62,42%
COOK,"Traeger Inc","Consumer Prdts - Misc Discr",61.29,-3.53%,1,Sell,"40% Buy",-23.75,-11.17%,54.32,67.54,50.94,64.29,44.35,-31.38,0.31,27325,Weakest,Average,53.93%,0.74,56.98,71.6,29%
KYNB,"Kyntra Bio Inc","Medical - Biomedical",7.1,+0.42%,1,Sell,"40% Sell",-23.86,-23.24%,7.04,7.06,7.33,7.03,51.29,-43.45,-32.32,25983,Weakest,Weak,57.47%,0.21,6.67,7.39,59%
TRLV,"Trulieve Cannabis Corp","Medical Products",9.11,-2.04%,4,Hold,"64% Buy",-23.89,+21.47%,8.43,9.26,7.98,8.68,53.59,1.26,-8.36,730261,Weakening,Soft,87.93%,0.33,8.07,9.29,85%
VYGR,"Voyager Therapeut","Medical - Biomedical",3.2,0.00%,1,Sell,"88% Sell",-23.99,-5.60%,3.64,3.37,3.74,3.11,48.81,-25.81,-31.77,601468,Average,Strong,64.56%,0.59,2.97,3.25,83%
TLS,"Telos Corp","IT Services",4.34,+1.17%,2,Sell,"72% Sell",-24.01,-17.18%,4.48,4.57,4.58,4.53,45.23,-37.39,-28.09,801065,Average,Weak,37.46%,0.99,4.15,4.92,25%
SERA,"Sera Prognostics Inc Cl A","Medical Services",2.02,+1.51%,6,Buy,"16% Sell",-24.33,-9.42%,2,2.01,2.22,2.07,49.46,-29.63,-44.72,52157,Weakest,Weak,37.47%,0.67,1.91,2.22,35%
RSSS,"Research Solutions Inc","Printing - Commercial",2.23,+5.19%,1,Sell,"88% Sell",-24.73,-19.20%,2.33,2.24,2.41,2.2,51.98,-39.41,-37.34,65988,Weakening,Average,27.29%,1.68,2.15,2.25,80%
SANG,"Sangoma Technologies Corp","Internet - Software",4.13,-0.48%,3,Buy,"8% Sell",-24.83,-29.10%,3.97,3.87,4.26,4.08,57.62,-49.31,-31.71,6095,Weakest,Weak,81.36%,0.35,3.9,4.25,66%
AZO,Autozone,"Retail - Wholesale Auto Parts",3045.8701,+0.11%,4,Sell,"88% Sell",-25.02,-23.87%,3242.06,3063.96,3376.49,3038.3,48.94,-44.08,-23.38,222817,Average,Strong,54.66%,0.5,2928.34,3148.25,53%
ALT,"Altimmune Inc","Medical - Drugs",2.93,-2.33%,3,Buy,"48% Sell",-25.06,-19.06%,3,2.9,3.48,2.93,48.29,-39.27,-32.03,4245563,Average,Average,43.04%,1.36,2.74,3.12,50%
SSTI,"Soundthinking Inc","Protection - Safety",8.15,+0.49%,3,Sell,"24% Buy",-25.32,-27.10%,7.47,8.19,7.44,8.18,49.95,-47.31,-11.7,150234,Weakening,Minimum,55.12%,0.27,7.67,8.69,47%
XZO,"Exzeo Group Inc","Insurance - Proprty & Casualty",15.35,-6.40%,1,Hold,N/A,-25.33,N/A,15.22,15.45,16.15,15.95,45.38,N/A,-49.89,N/A,N/A,N/A,42.33%,1.96,15.05,16.84,17%
AERT,"Aeries Technology Inc","Technology Services",7.09,+0.28%,1,Buy,"96% Buy",-25.36,+26.61%,5.64,6.65,4.94,6.64,59.01,6.4,58.73,52495,Strengthening,Strong,93.33%,0.35,6.09,7.19,91%
SAR,"Saratoga Investment Corp","Finance - SBIC & Commercial",19.38,-1.02%,4,Sell,"88% Sell",-25.38,-23.28%,21.51,20.63,22.07,19.37,45.65,-43.49,-29.18,122094,Strongest,Strong,62.27%,0.45,18.77,19.96,51%
MFIC,"Midcap Financial Investment Corp","Finance - Misc Services",9.65,-1.13%,2,Sell,"100% Sell",-25.57,-26.11%,10.61,9.91,10.74,9.66,46.2,-46.32,-28.84,780884,Strongest,Strong,63.13%,0.82,9.41,9.92,47%
RKT,"Rocket Companies Cl A","Finance - Mortgage & Rel Svs",14.05,-1.89%,4,Sell,"72% Sell",-25.84,-23.10%,14.28,13.95,15.76,13.72,51.53,-43.31,-40.62,29662098,Weakening,Average,72.55%,1.06,12.68,14.76,66%
SDHC,"Smith Douglas Homes Corp Cl A","Building - Residential & Comm",14.29,-0.69%,3,Sell,"40% Sell",-25.98,-23.75%,13.72,14.47,14.83,14.82,46.06,-43.96,-27.98,94532,Weakest,Weak,34.31%,0.61,13.7,15.95,26%
EVAX,"Evaxion A/S ADR","Medical Information Systems",3.07,+0.33%,3,Sell,"88% Sell",-26.13,+7.72%,3.65,3.21,3.69,2.97,50.62,-12.49,-48.83,58200,Weakening,Average,52.73%,1,2.76,3.18,74%
MDWD,"Mediwound Ltd Ord Sh","Medical - Drugs",13.91,-0.14%,5,Sell,"100% Sell",-26.18,-25.89%,15.46,14.34,16.14,14.29,41.21,-46.1,-37.84,87221,Average,Strong,8.39%,0.63,13.83,14.74,9%
PATK,"Patrick Inds Inc","Auto - Truck Original Parts",86.76,-0.75%,4,Sell,"72% Sell",-26.19,-19.90%,93.66,86.65,104.63,86.21,50.66,-40.11,-33.18,454256,Average,Good,60.60%,0.47,82.88,89.55,58%
FINW,"Finwise Bancorp","Banks - Southwest",13.94,+1.31%,3,Sell,"88% Sell",-26.25,-28.07%,14.66,14.17,15.51,13.87,48.92,-48.28,-35.49,21988,Weakening,Good,45.50%,0.42,13.35,14.39,57%
THO,"Thor Industries","Building - Mobile Homes & RV",78.97,-2.88%,8,Buy,"8% Sell",-26.32,-21.83%,77.05,76.26,86.44,77.64,53.81,-42.04,-36.27,678357,Weakest,Weak,78.37%,0.83,74.05,81.22,69%
FWRG,"First Watch Restaurant Group Inc","Retail - Restaurants",12.65,+7.39%,5,Hold,Hold,-26.37,-28.93%,11.93,12.12,12.92,12.52,52.73,-49.14,-29.3,1424401,Steady,,28.21%,1.14,11.71,13.34,58%
PXED,"Phoenix Education Partners Inc",Schools,26.94,-1.07%,2,Sell,"56% Sell",-26.54,N/A,30.14,30.82,29.99,29.09,35.03,N/A,-24.28,110202,Strengthening,Good,8.84%,0.75,27.07,31.11,-3%
FSCO,"FS Credit Opportunities Corp","Finance - Misc Services",5.1,+1.19%,8,Buy,"24% Sell",-27.03,-31.08%,5,4.9,5.23,4.96,64.53,-51.29,-32.24,1467149,Weakening,Weak,85.32%,1.02,4.85,5.07,111%
MMLP,"Martin Midstrm LP","Transportation - Ship",2.4,+1.69%,7,Hold,"88% Sell",-27.25,-30.23%,2.51,2.42,2.62,2.42,49.38,-50.44,-21.24,22437,Average,Average,42.50%,0.13,2.31,2.54,40%
WLTH,"Wealthfront Corp","Mining - Gold",9.37,-2.40%,8,Buy,N/A,-27.43,N/A,9.96,9.28,9.63,9.41,48.42,N/A,-44.24,N/A,N/A,N/A,63.30%,0.45,8.93,9.89,46%
CPB,"The Campbell's Company","Food - Misc & Diversified",22.6,-0.53%,3,Buy,"8% Buy",-27.93,-29.60%,21.51,22.2,23.1,22.4,52.09,-49.81,-32.1,7842106,Weakest,Minimum,59.72%,0.46,21.54,23.27,62%
PRME,"Prime Medicine Inc","Medical - Biomedical",3.2,-1.84%,1,Sell,"88% Sell",-27.96,-7.51%,3.34,3.26,3.51,3.06,50.86,-27.72,-20.97,3148410,Average,Soft,81.23%,0.42,2.84,3.27,84%
ARKR,"Ark Restaurants Corp","Retail - Restaurants",5.6,-5.08%,2,Sell,"100% Sell",-28.01,-19.77%,6.47,6.07,6.55,5.76,43.01,-39.98,-29.67,6138,Strongest,Strong,69.71%,1.71,5.55,5.97,11%
MOS,"Mosaic Company",Fertilizers,22.6,-2.16%,6,Buy,"56% Sell",-28.24,-27.54%,23.02,22.17,24.67,22.65,50.19,-47.75,-19.38,8446042,Average,Soft,64.41%,0.68,21.68,23.61,48%
BAFN,"Bayfirst Financial Corp","Banks - Southeast",6.28,+0.64%,9,Buy,"24% Sell",-28.34,-32.76%,6.23,5.6,6.34,6.11,55.97,-52.97,-33.19,23267,Weakest,Minimum,29.61%,1.82,5.5,6.73,63%
FIZZ,"Natl Beverage Corp","Beverages - Soft",30.95,+0.39%,6,Sell,"100% Sell",-28.64,-33.20%,33.81,33.09,34.21,31.51,42.53,-53.41,-16.14,357221,Strengthening,Average,27.03%,0.48,30.23,32.79,28%
CCI,"Crown Castle","REIT - Equity Trust Other",73.97,+0.45%,1,Sell,"100% Sell",-28.73,-27.71%,83.81,80.75,84.87,76.05,41.15,-47.92,-29.96,3561042,Strengthening,Strong,39.30%,0.56,72.42,79.68,21%
JVA,"Coffee Holding Company","Beverages - Soft",3.54,+1.72%,2,Hold,"64% Sell",-29.57,-17.75%,4.02,3.59,3.81,3.45,53.88,-37.96,-21.95,72498,Weakening,Average,80.00%,1.23,3.31,3.59,83%
TCRT,"Alaunos Therapeutics Inc","Medical - Drugs",2,+1.52%,4,Sell,"88% Sell",-29.71,-18.03%,2.43,2.1,2.61,1.96,48.42,-38.24,-51.27,25580,Average,Strong,79.17%,0.51,1.84,2.09,64%
MGPI,"MGP Ingredients Inc","Beverages - Alcohol",17.81,-3.05%,5,Buy,"56% Sell",-29.83,-35.73%,17.99,17.15,19.63,17.89,51.62,-55.94,-39.9,278928,Weakest,Average,32.01%,1.34,17,18.77,46%
YALA,"Yalla Group Ltd ADR","Internet - Software",5.41,+0.56%,3,Buy,"48% Sell",-30.78,-35.29%,5.96,5.39,6.29,5.39,49.29,-55.5,-35.24,313556,Weakest,Good,55.28%,0.45,5.22,5.55,57%
ARBB,"Arb Iot Group Limited","Internet - Software",4.15,-1.19%,1,Sell,"88% Sell",-31.04,-9.78%,4.59,4.69,4.87,4.22,44.42,-29.99,-41.39,59819,Strengthening,Average,62.50%,0.38,3.96,4.47,37%
PPSI,"Pioneer Power Solutions","Machinery - Electrical",3.07,+4.07%,2,Sell,"88% Sell",-31.41,-2.54%,3.67,3.65,3.82,3.05,44.3,-22.75,-48.29,146576,Average,Average,39.88%,0.76,2.77,3.33,54%
LPA,"Logistic Properties of The Americas","Real Estate Operations",3.42,+14.00%,2,Hold,"32% Buy",-31.95,-47.22%,3.27,3.2,3.08,3.01,61.42,-67.43,12.08,178418,Weakening,Minimum,54.88%,0.29,2.78,3.24,138%
RAND,"Rand Capital Corp","Finance - SBIC & Commercial",10.06,-1.03%,6,Hold,"96% Sell",-32.23,-37.39%,10.75,10.3,10.94,10.13,45.14,-57.6,-24.64,4713,Average,Average,24.74%,1.44,9.91,10.36,32%
PTLE,"Ptl Ltd","Transportation - Services",9.2,+5.26%,6,Hold,"48% Buy",-32.51,-41.03%,7.09,8.05,7.66,9.97,48.42,-61.24,1.7,129281,Weakening,Weak,42.76%,0.62,9.25,10.69,-3%
OEC,"Orion S.A.","Chemical - Specialty",6.44,-3.45%,9,Buy,"24% Buy",-32.72,-37.05%,6.89,6.85,6.58,6.93,45.04,-57.26,8.78,670467,Weakest,Minimum,25.45%,0.6,6.33,7.53,10%
CSPI,"C S P Inc","Computer - Integrated Systems",8.27,-1.55%,4,Sell,"88% Sell",-32.91,-25.90%,8.77,8.41,9.21,8.08,51.08,-46.11,-47.03,24301,Average,Average,52.60%,0.12,7.75,8.41,79%
LUCK,"Lucky Strike Entertainment Corp","Leisure & Recreation Services",6.87,+4.41%,1,Sell,"100% Sell",-32.97,-30.25%,7.82,7.42,7.97,6.93,45.11,-50.46,-32.08,185279,Strengthening,Strong,21.07%,0.36,6.45,7.4,44%
IDN,"Intellicheck Mobilisia","Protection - Safety",3.69,-2.12%,2,Sell,"100% Sell",-33.23,-26.64%,5.34,3.99,5.33,3.74,41.04,-46.85,-57.95,375841,Strongest,Strong,39.47%,1.39,3.57,3.92,34%
MLCO,"Melco Resorts & Entertainment ADR",Gaming,5.52,-0.54%,7,Buy,"40% Sell",-33.63,-36.41%,5.55,5.49,5.71,5.55,49.97,-56.62,-40.27,2148414,Weakest,Weak,29.79%,0.32,5.35,5.75,42%
BLRX,"Biolinerx Ltd ADR","Medical - Drugs",2.69,-3.06%,1,Sell,"56% Sell",-33.71,-28.27%,2.86,3.03,2.86,2.79,41.42,-48.48,-16.08,28944,Average,Weak,23.33%,0.65,2.63,2.96,18%
FLX,"Bingex Limited ADR","Transportation - Services",2.06,-3.29%,4,Sell,"100% Sell",-33.77,-33.23%,2.38,2.17,2.55,2.13,42.16,-53.44,-48.41,190523,Strengthening,Good,31.82%,0.64,2.04,2.22,11%
KOSS,"Koss Corp","Audio & Video Products",3.65,-2.41%,3,Sell,"100% Sell",-34.23,-31.90%,3.94,3.87,4.06,3.74,41.33,-52.11,-25.03,28797,Strongest,Average,40.13%,0.29,3.61,3.86,14%
BCTX,"Briacell Therapeutics Corp","Medical - Biomedical",3.41,-1.16%,2,Buy,"56% Sell",-34.91,-52.67%,3.68,3.35,3.98,3.55,47.31,-72.88,-65.23,248665,Weakening,Weak,28.21%,0.4,3.27,3.83,26%
IMA,"Imagenebio Inc","Medical - Biomedical",5.99,+6.77%,1,Sell,"24% Sell",-35.08,-59.17%,5.66,5.76,6,5.69,56.15,-79.38,-26.38,137792,Weakest,Minimum,69.08%,0.79,5.36,6.03,95%
HIVE,"Hive Digital Technologies Ltd","Finance - Misc Services",2.74,+3.40%,2,Sell,"48% Sell",-35.24,+27.44%,3.07,3.43,2.88,2.89,42.64,7.23,-6.99,18252359,Weakening,Weak,19.03%,0.82,2.52,3.25,30%
ELTX,"Elicio Therapeutics Inc","Medical - Biomedical",3.06,+0.99%,1,Sell,"88% Sell",-35.26,-67.45%,8.03,5.21,8.55,3.05,39.71,-87.66,-74.75,614688,Average,Strong,61.31%,0.07,2.82,3.28,52%
HUYA,"Huya Inc ADR","Internet Software Services",2.38,-1.65%,7,Buy,"72% Sell",-35.42,-31.21%,2.73,2.41,3.09,2.42,44.6,-51.42,-30.55,1305179,Strengthening,Strong,25.71%,1.63,2.34,2.51,25%
IZEA,"Izea Inc","Internet - Software",3.07,-14.01%,1,Sell,"100% Sell",-35.65,-20.47%,3.75,3.54,3.74,3.43,34.3,-40.68,-43.1,75426,Strongest,Good,56.57%,6.84,3.21,3.64,-33%
MDXG,"Mimedx Group Inc","Medical - Biomedical",4.28,-0.93%,7,Buy,"24% Buy",-35.84,-40.80%,3.85,4.02,4.27,4.26,54.68,-61.01,-49.97,1243481,Weakest,Minimum,73.10%,0.53,4.1,4.42,56%
PASG,"Passage Bio Inc","Medical - Biomedical",4.59,+2.00%,3,Sell,"100% Sell",-36.00,-18.18%,5.83,4.98,7.42,4.64,46.89,-38.39,-74.29,68283,Average,Good,29.33%,0.08,4.25,5.04,43%
CIGI,"Colliers Intl Grp IN","Real Estate Operations",100.86,-2.67%,3,Buy,"24% Sell",-36.31,-36.12%,100.54,97.42,109.36,100.02,52.68,-56.33,-44.58,262444,Weakest,Weak,67.85%,0.91,95.44,104.61,59%
FLNC,"Fluence Energy Inc Cl A","Other Alt Energy",13.2,+0.69%,3,Sell,"88% Sell",-36.42,+79.10%,17.12,17.99,18.33,13.79,41.77,58.89,-46.46,7788230,Average,Average,28.23%,0.41,11.97,15.61,34%
HTCO,"High-Trend International Group","Technology Services",3.06,-3.47%,3,Sell,"100% Sell",-36.52,-54.17%,6.03,3.59,7.18,3.24,40.64,-74.38,-76.93,413327,Strengthening,Average,25.21%,0.11,2.8,3.67,30%
GDEV,"Gdev Inc",Gaming,11.71,-2.42%,4,Hold,"96% Sell",-36.55,-20.34%,14.18,12.76,15.11,12.3,41.6,-40.55,-35.12,6993,Strengthening,Good,19.49%,0.62,11.26,13.34,22%
DOYU,"Douyu International Holdings Ltd ADR",Gaming,4.57,-0.65%,4,Sell,"100% Sell",-36.78,-36.46%,4.77,4.69,5.12,4.62,47.73,-56.67,-45.91,32847,Strengthening,Average,32.28%,0.53,4.43,4.81,38%
VTSI,"Virtra Systems Inc","Electronics - Military",3.3,+4.76%,6,Hold,"64% Sell",-36.80,-39.45%,3.62,3.18,3.92,3.08,59.43,-59.66,-34.62,52482,Weakest,Strong,68.81%,1.33,2.92,3.24,118%
OLMA,"Olema Pharmaceuticals Inc","Medical - Biomedical",10.44,+0.10%,3,Sell,"88% Sell",-37.87,+96.61%,12.95,11.22,16.43,11.49,37.96,76.4,-71.43,2164917,Strongest,Average,39.84%,0.87,10.62,12.36,-10%
SCWO,"374Water Inc","Waste Removal Svcs",2.32,0.00%,3,Buy,"48% Sell",-38.76,-9.76%,2.46,2.18,2.55,2.18,57.27,-29.97,0.54,122218,Weakest,Soft,69.71%,0.94,2.02,2.35,92%
BHM,"Bluerock Homes Trust Inc","REIT - Equity Trust Resident",8.69,+0.81%,4,Sell,"72% Sell",-38.81,-34.76%,10.02,9.03,10.03,8.48,50.2,-54.97,-31.75,8175,Weakening,Good,50.30%,0.43,8.17,8.79,83%
XRTX,"Xortx Therapeutics Inc","Medical - Drugs",2.16,-1.19%,4,Hold,"64% Sell",-38.94,-51.84%,2.26,2.12,2.29,2.09,53.63,-72.05,-36.29,405166,Weakest,Weak,68.54%,0.49,1.96,2.21,80%
OMSE,"Oms Energy Technologies Inc","Oil Field Machinery & Equip",4.28,-4.89%,2,Buy,"64% Sell",-39.00,-41.45%,4.44,4.28,4.49,4.3,48.25,-61.66,-15.92,23476,Strongest,Weak,61.49%,1.68,4.1,4.5,44%
TOUR,"Tuniu Corporatio ADR","Internet - Content",5.1,-1.16%,6,Buy,"56% Sell",-39.10,-34.01%,5.86,5.01,6.14,5.11,50.27,-54.22,-30.93,18434,Weakening,Good,50.19%,0.75,4.93,5.29,48%
PTN,"Palatin Technologies Inc","Medical - Biomedical",9.47,+27.80%,1,Hold,"80% Sell",-39.54,+31.53%,14.45,10.27,15.93,8.08,55.83,11.32,-51.62,31501,Average,Good,40.36%,9.51,7.05,9.12,117%
SAMG,"Silvercrest Ast Cm A","Finance - Investment Mgmt",10.05,+0.20%,1,Sell,"100% Sell",-41.29,-39.78%,11.69,10.45,12.8,10.11,45.67,-59.99,-47.03,41467,Average,Maximum,29.24%,1.09,9.7,10.53,42%
FBYD,"Falcon's Beyond Global Cl A","Conglomerates - Div Operations",10,+0.40%,1,Sell,"40% Sell",-41.68,+63.80%,13.2,13.61,10.97,10.28,38.76,43.59,-46.57,127468,Weakening,Weak,34.88%,0.31,9.05,11.52,39%
RBBN,"Ribbon Communications Inc","Communication Network Software",2.08,+4.52%,3,Sell,"100% Sell",-42.10,-48.77%,2.46,2.35,2.44,2.11,44.72,-68.98,-40.97,849907,Strengthening,Average,21.92%,0.47,1.97,2.25,38%
FULC,"Fulcrum Therapeutics Inc","Medical - Biomedical",3.72,+0.81%,8,Buy,"40% Sell",-42.13,-43.12%,5.43,3.64,6.81,3.7,47.16,-63.33,-80.3,1621866,Weakening,Good,56.82%,0.29,3.54,3.87,55%
HTLM,"Homestolife Ltd",Furniture,2,-2.44%,6,Buy,"8% Sell",-43.17,-46.24%,1.87,1.92,2.08,1.91,54.67,-66.45,-30.55,134183,Weakest,Weak,72.92%,0.77,1.75,2.07,78%
LTRN,"Lantern Pharma Inc","Medical - Biomedical",2.66,-4.32%,2,Sell,"56% Sell",-43.57,-40.22%,2.87,3.34,2.89,2.77,39.42,-60.43,-25.4,276163,Strengthening,Weak,56.10%,0.8,2.53,3.01,27%
SFHG,"Samfine Creation Holdings Group","Printing - Commercial",2.37,+0.85%,3,Hold,"80% Sell",-44.70,-35.29%,2.44,2.42,2.68,2.43,47,-55.5,-48.69,28220,Weakening,Average,27.92%,0.46,2.27,2.6,30%
INTR,"Inter Cl A","Finance - Misc Services",5.05,-2.88%,4,Sell,"100% Sell",-44.76,-38.56%,6.48,5.56,7.24,5.5,36.02,-58.77,-53.64,4165257,Strongest,Maximum,15.78%,1.07,5.13,5.87,-11%
HTOO,"Fusion Fuel Green Plc","Industrial Services",2.54,+3.41%,5,Sell,"100% Sell",-44.79,-42.32%,2.87,2.73,3.12,2.58,45.48,-62.53,-36.8,198242,Average,Soft,19.38%,0.52,2.42,2.74,39%
EIKN,"Eikon Therapeutics Inc","Medical - Biomedical",10.42,+1.86%,3,Sell,N/A,-44.84,N/A,10.22,9.96,0,9.59,56.05,N/A,N/A,N/A,N/A,N/A,77.48%,0.99,8.83,10.35,105%
THH,"Tryhard Holdings Limited","Business Services",2.63,+0.77%,2,Hold,"80% Sell",-45.44,N/A,3.2,2.75,16.46,2.35,51.91,N/A,-111.76,153739,Weakening,Average,28.59%,0.43,1.85,2.85,78%
NAII,"Natural Alternativ","Medical - Drugs",2.1,-3.67%,6,Sell,"100% Sell",-45.51,-45.03%,2.52,2.37,2.82,2.3,38.08,-65.24,-54.53,29739,Strongest,Strong,25.25%,0.51,2.12,2.47,-7%
FGI,"Fgi Industries Ltd","Retail - Home Furniture",4.73,+3.96%,2,Sell,"72% Sell",-45.65,+31.39%,5.18,4.72,5.29,4.43,54.32,11.18,-30.21,97919,Weakening,Average,67.86%,23.73,4.05,4.81,90%
LFVN,"Lifevantage Corp","Medical - Dental Suppliers",6.51,-2.25%,8,Buy,"56% Buy",-45.93,-54.03%,6.02,6.91,5.79,6.47,49.37,-74.24,-7.51,263079,Weakest,Weak,54.70%,0.2,6.1,6.83,56%
DPU,"Top Kingwin Ltd Cl A","Finance - Misc Services",2.2,+4.76%,3,Sell,"32% Sell",-46.19,-75.58%,2.07,2.03,2.17,2.02,59.15,-95.79,-9.9,106519,Weakest,Minimum,74.79%,0.11,1.75,2.29,83%
CLRB,"Cellectar Biosciences Inc","Medical Products",2.6,-1.52%,1,Sell,"72% Sell",-46.46,-43.60%,2.74,2.57,2.92,2.54,51.48,-63.81,-25.05,396977,Weakening,Weak,76.58%,0.27,2.41,2.67,75%
YB,"Yuanbao Inc ADR","Insurance - Multi Line",13.76,+0.22%,1,Sell,"88% Sell",-46.83,-47.86%,15.46,14.48,16.93,13.73,47.19,-68.07,-45.27,45064,Weakening,Strong,58.47%,0.07,13.16,14.3,53%
HUHU,"Huhutech International Group Inc","Machinery - General Industrial",5.01,+5.25%,3,Sell,"88% Sell",-47.40,-22.33%,8.32,7.14,7.91,5.35,39.76,-42.54,-63.59,36218,Strengthening,Strong,19.17%,1.37,4.48,6.22,31%
BUR,"Burford Capital Ltd","Finance - Misc Services",4.38,+0.92%,4,Hold,"64% Sell",-48.07,-68.19%,4.61,4.25,6.11,4.21,55.26,-88.4,-64.09,2756756,Weakest,Average,76.54%,0.86,3.96,4.46,84%
AD,"Array Digital Infrastructure Inc","Wireless National",35.14,+0.83%,10,Sell,"88% Sell",-48.20,-53.75%,43.65,38.11,45.83,34.92,43.36,-73.96,-47.65,274340,Average,Strong,32.24%,0.29,34.17,35.67,65%
DRIO,"Dario Health Corp","Medical Instruments",7.48,-2.48%,5,Buy,"24% Sell",-48.35,-12.68%,7.41,7.13,8.54,7.33,52.71,-32.89,-47.46,18782,Weakest,Soft,70.32%,0.53,6.62,8.03,61%
ZTS,"Zoetis Inc Cl A","Medical - Drugs",73.54,-2.40%,5,Sell,"100% Sell",-48.66,-50.90%,90.29,76.52,101.73,75.8,43.48,-71.11,-54.74,5718134,Strengthening,Strong,35.82%,1.04,72.99,78.61,10%
PETS,"Petmed Express Inc","Internet Commerce",2.01,+1.52%,4,Hold,"48% Sell",-48.98,-35.78%,2.09,1.91,2.39,1.98,55.63,-55.99,-50.38,1062043,Weakest,Soft,30.73%,0.22,1.94,2.03,81%
AHT,"Ashford Hospitality Trust Inc","REIT - Equity Trust Other",3.06,-2.24%,9,Sell,"40% Sell",-49.91,-52.48%,3.04,3.17,3.22,3.22,32.45,-72.69,-41.36,83182,Weakening,Weak,39.17%,2.96,3.13,3.31,-38%
ASST,"Strive Inc","Finance - Investment Mgmt",12.39,-1.82%,4,Sell,"88% Sell",-50.35,-85.00%,13.66,13,13.23,12.11,49.63,-105.21,-29.25,4801620,Strengthening,Weak,74.35%,0.76,11.12,13.1,64%
NSRX,"Nasus Pharma Ltd","Medical - Drugs",3.2384,-2.16%,4,Buy,"8% Buy",-52.07,N/A,2.96,3.17,3.83,3.18,51.01,N/A,-77.8,75059,Weakest,Weak,57.60%,0.15,2.85,3.5,60%
SSII,"Ss Innovations International Inc","Technology Services",3.69,+2.22%,5,Buy,"56% Sell",-52.86,-42.70%,4.03,3.68,4.26,3.75,47.79,-62.91,-48.23,74536,Weakening,Average,40.88%,0.25,3.45,4.06,40%
TIGR,"Up Fintech Holding Ltd ADR","Finance - Investment Brokers",4.58,-3.58%,5,Sell,"88% Sell",-53.18,-54.65%,5.55,4.72,6.45,4.79,41.8,-74.86,-65.28,3433835,Average,Strong,28.04%,1.2,4.58,5.01,1%
MOVE,"Corvex Inc","Technology Services",10.85,-1.36%,2,Sell,"24% Sell",-53.18,+157.88%,15.96,16.41,13.68,12.16,38.29,137.67,64.01,843500,Average,Weak,6.29%,0.27,10.06,14.26,19%
SVRE,"Saverone 2014 Ltd ADR","Technology Services",3.71,-3.64%,11,Buy,"40% Sell",-53.60,-84.81%,3.79,3.45,3.78,3.58,55.12,-105.02,-45.49,254081,Weakest,Minimum,68.67%,0.02,3.09,4.06,64%
BAK,"Braskem S.A. ADR","Chemical - Specialty",2.04,-7.69%,2,Sell,"88% Sell",-53.78,-32.00%,3.37,2.75,3.52,2.33,29.49,-52.21,-44.04,2030661,Strongest,Maximum,5.45%,1.06,2.13,2.54,-21%
NXB,"Nextboat Inc","Technology Services",2.1,-1.41%,3,Hold,N/A,-53.81,N/A,2.39,2.13,2.45,2.04,49.66,N/A,-12.71,N/A,N/A,N/A,69.26%,0.53,1.84,2.25,64%
KXIN,"Kaixin Holdings","Auto - Foreign",5.1,0.00%,4,Buy,"56% Sell",-53.95,-98.71%,5.38,5.07,23.1,5.38,47.31,-118.92,-106.64,112488,Weakening,Weak,46.90%,5.26,4.84,5.91,24%
DUKR,"Duke Robotics Corp","Aerospace - Defense",5.57,+0.18%,4,Sell,"72% Sell",-54.18,-50.04%,7.35,5.72,7.53,5.37,51.04,-70.25,-22.29,14385,Weakening,Good,53.40%,0.81,5.1,5.65,86%
MSGY,"Masonglory Limited","Auto - Foreign",2.95,-13.99%,3,Hold,"80% Sell",-54.23,-96.81%,3.69,3.55,6.71,2.76,50.02,-117.02,-99.48,318810,Average,Weak,29.29%,0.75,1.85,3.68,60%
MLGO,"Microalgo Inc","Technology Services",4.08,-1.69%,4,Sell,"72% Sell",-55.02,-59.80%,4.25,4.36,4.29,4.09,47.24,-80.01,-20.88,237445,Average,Weak,37.66%,0.16,3.95,4.24,45%
AXIL,"Axil Brands Inc","Consumer Prdts - Misc Staple",5.5,-3.59%,3,Sell,"88% Sell",-55.07,-34.91%,6.53,6.11,6.57,5.8,37.62,-55.12,-33.82,200859,Strongest,Average,45.05%,0.56,5.49,6.11,2%
YSG,"Yatsen Holding Ltd ADR","Consumer Prdts - Misc Staple",3.36,+0.60%,3,Hold,"16% Sell",-55.21,-63.56%,3.16,3.33,3.49,3.38,50.57,-83.77,-26.81,161176,Weakest,Minimum,67.04%,0.37,3.09,3.67,47%
HURA,"Tuhura Biosciences Inc","Medical - Biomedical",2.34,+1.74%,1,Sell,"40% Buy",-56.07,-28.00%,2.27,2.25,1.89,2.17,58.16,-48.21,196.05,923013,Weakening,Weak,66.14%,1.34,2.03,2.32,106%
PSNY,"Polestar Automotive Holding UK Cl A","Auto - Foreign",13.72,-0.36%,1,Sell,"88% Sell",-56.29,-57.26%,18.48,17.23,18.35,14.35,36.61,-77.47,-48.99,203555,Strengthening,Average,40.03%,0.58,13.26,15.45,21%
NLOP,"Net Lease Office Properties","REIT - Equity Trust Other",11.57,+0.61%,8,Buy,"64% Sell",-56.55,-65.67%,12.03,11.57,13.71,11.69,48.49,-85.88,-68.33,203645,Weakest,Soft,33.70%,0.85,11.33,12.06,33%
TIL,"Instil Bio Inc","Medical - Biomedical",7.48,-0.13%,2,Sell,"88% Sell",-56.69,-72.12%,7.89,7.58,7.92,7.29,54.61,-92.33,-45.19,60667,Weakening,Weak,91.63%,0.28,7.04,7.53,90%
PLAY,"Dave & Buster's Entertainment","Retail - Restaurants",10.37,+3.39%,5,Sell,"96% Sell",-56.92,-59.99%,11.4,10.93,13.16,10.37,48.58,-80.2,-49.22,1558740,Weakening,Average,18.44%,0.66,9.55,11.18,50%
VRCA,"Verrica Pharmaceuticals Inc","Medical - Drugs",5.09,-2.49%,1,Sell,"100% Sell",-57.06,-25.37%,5.93,5.75,6.13,5.33,40.8,-45.58,-51.94,130390,Strongest,Average,37.89%,0.68,4.97,5.7,17%
OWLS,"Obook Holdings Inc Cl A","Finance - Misc Services",5.39,-0.92%,1,Sell,"100% Sell",-57.41,N/A,5.73,5.59,5.83,5.42,44.22,N/A,-32.5,47255,Strengthening,Average,56.91%,0.21,5.25,5.59,41%
BKYI,"Bio-Key International Inc","Electronics Products - Misc",3.76,-3.59%,2,Sell,"100% Sell",-58.42,-53.49%,4.86,4.4,5.33,4.31,39.82,-73.7,-43.44,541007,Strongest,Strong,20.28%,0.36,3.63,4.99,9%
NVNO,"Envveno Medical Corp","Medical Instruments",10.99,-1.21%,1,Hold,"32% Sell",-58.88,-93.14%,10.77,10.63,10.82,10.58,53.56,-113.35,-15.31,17273,Weakest,Minimum,55.34%,0.19,9.87,11.28,79%
BRCB,"Black Rock Coffee Bar Cl A","Beverages - Soft",8.23,+19.10%,2,Sell,"56% Sell",-59.37,N/A,9.67,7.66,11.85,7.9,54.19,N/A,-76.2,509188,Weakest,Good,31.21%,1.79,7.15,8.65,72%
NUS,"NU Skin Enterprises","Cosmetics & Toiletries",4.85,-0.41%,5,Sell,"100% Sell",-59.49,-56.50%,6.09,5.2,7.16,5.2,39.31,-76.71,-62.77,571572,Average,Strong,33.95%,0.9,4.9,5.49,-9%
TAOX,"Tao Synergies Inc","Finance - Misc Services",3.48,-3.87%,2,Sell,"100% Sell",-59.53,-58.27%,4.44,3.64,4.49,3.5,47.37,-78.48,-18.62,179473,Average,Good,48.43%,0.4,3.21,3.78,47%
NEXM,"Nexmetals Mining Corp","Mining - Misc",2.19,-5.79%,2,Sell,"100% Sell",-59.75,-55.92%,2.47,2.33,2.87,2.2,46.15,-76.13,-57.05,62655,Strengthening,Average,73.82%,0.75,2.05,2.35,47%
WVE,"Wave Life Sciences Inc","Medical - Biomedical",5.24,+3.87%,2,Sell,"100% Sell",-59.78,-37.99%,6.62,5.88,8.91,5.77,37.77,-58.2,-82.37,4772154,Strongest,Average,28.85%,1.71,5.26,6.27,-2%
BSEM,"Biostem Technologies New","Medical - Biomedical",3.8,+5.26%,7,Hold,"64% Sell",-60.11,-63.11%,4.13,3.68,4.63,3.66,52.92,-83.32,-13.45,77225,Weakening,Weak,43.64%,2.93,3.04,4.27,62%
KG,"Kestrel Group Ltd","Insurance - Multi Line",8.48,-3.53%,1,Sell,"100% Sell",-60.55,-71.06%,10.53,10.04,10.91,8.95,39.22,-91.27,-30.38,18490,Strongest,Soft,20.56%,0.84,8.2,9.7,19%
XTLB,"Xtl Biopharma ADR","Medical - Drugs",2.69,+1.51%,2,Hold,"16% Sell",-60.91,-51.45%,2.66,2.68,2.88,2.87,43.32,-71.66,2.76,674032,Weakest,Minimum,49.31%,0.25,2.71,3.02,-7%
RENX,"Renx Enterprises Corp","Real Estate Developers",2,+1.52%,5,Sell,"56% Sell",-61.26,-90.57%,2.05,1.88,2.4,1.93,54.82,-110.78,-60.56,1152656,Weakest,Weak,61.99%,0.29,1.78,2.08,73%
PDC,"Perpetuals.com Ltd ADR","Technology Services",3.05,-0.97%,4,Sell,"88% Sell",-62.17,-23.90%,5.44,4.47,5.37,3.39,37.26,-44.11,-66.09,89147,Strengthening,Strong,14.52%,0.95,2.74,4.05,24%
TC,"Token Cat Limited ADR","Internet Commerce",2.32,+15.42%,4,Sell,"88% Sell",-62.48,-83.66%,7.43,4.73,8.55,2.01,42.64,-103.87,-79.9,561381,Weakening,Maximum,16.77%,0.69,1.62,2.39,91%
SBET,"Sharplink Inc","Finance - Misc Services",6.18,-0.80%,7,Buy,"48% Sell",-63.46,-72.50%,6.3,5.69,6.92,6.18,52.48,-92.71,-44.06,8319664,Weakening,Weak,59.90%,0.6,5.75,6.62,50%
BLSH,"Bullish Ord Shs","Internet - Software",24.63,+0.45%,3,Sell,"88% Sell",-64.19,N/A,31.66,24.73,32.61,23.39,52.39,N/A,-48.15,1732238,Weakening,Strong,89.96%,0.85,21.61,25.16,85%
SUNE,"Sunation Energy Inc","Other Alt Energy",2.62,+1.55%,2,Hold,"80% Buy",-64.86,+74.09%,2.07,2.5,1.81,2.44,53.57,53.88,141.18,3727001,Average,Soft,68.35%,0.01,2.11,2.76,78%
NOMA,"Nomadar Corp. Cl A","Leisure & Recreation Services",2.86,+4.76%,6,Sell,N/A,-64.87,N/A,3.52,3.28,3.84,3.03,44.86,N/A,-49.35,N/A,N/A,N/A,41.95%,4.24,2.71,3.35,24%
ATOS,"Atossa Therapeutics Inc","Medical - Biomedical",2.35,-0.42%,6,Sell,"96% Sell",-65.07,-79.73%,3.94,2.58,4.74,2.35,46.32,-99.94,-86.64,113611,Average,Good,64.73%,0.17,2.15,2.55,50%
CCG,"Cheche Group Inc Cl A","Auto - Truck Original Parts",13.49,-3.16%,1,Sell,"100% Sell",-66.49,-50.14%,19.83,14.96,22.6,13.54,46.28,-70.35,-66.75,4527,Strongest,Strong,58.75%,1.67,11.09,16,49%
UONE,"Urban One Inc","Broadcast - Radio & TV",5.04,-0.98%,11,Sell,"100% Sell",-66.82,-70.00%,5.78,5.36,7.46,5.1,45.18,-90.21,-64.26,50734,Strengthening,Average,38.89%,0.16,4.92,5.28,34%
BTGO,"Bitgo Holdings Inc Cl A","Finance - Misc Services",4.99,+0.60%,4,Sell,N/A,-67.26,N/A,7.32,5.19,0,5.02,46.49,N/A,N/A,N/A,N/A,N/A,44.83%,1.38,4.61,5.43,46%
INTJ,"Intelligent Group Limited","Finance - Misc Services",3.26,-3.00%,4,Sell,"88% Sell",-67.34,-79.49%,6.53,4.03,7.21,3.21,45.32,-99.7,-86.,17096,Strengthening,Strong,46.53%,0.1,2.65,3.77,55%
MCRB,"Seres Therapeutics Inc","Medical - Biomedical",4.72,+1.72%,1,Sell,"100% Sell",-67.61,-69.43%,7.1,6.03,8.72,4.98,37.44,-89.64,-81.47,99118,Average,Strong,18.69%,0.45,4.55,5.41,20%
ANPA,"Rich Sparkle Holdings Limited","Business Services",4.22,-5.59%,2,Buy,"72% Sell",-67.74,-89.42%,6.06,4.6,19.12,4.21,47.3,-109.63,-94.14,97360,Weakening,Average,22.37%,0.27,3.59,4.82,51%
PLYX,"Polaryx Therapeutics Inc","Medical - Biomedical",2.23,+1.36%,3,Sell,N/A,-68.10,N/A,3.64,2.33,0,2.18,47.77,N/A,N/A,N/A,N/A,N/A,61.01%,0.37,1.97,2.4,61%
CRMT,"America's Car-Mart","Retail - Wsale Auto & Trucks",3.15,-2.17%,4,Sell,"100% Sell",-68.22,-93.10%,7.96,3.66,12.79,3.4,42.87,-113.31,-100.72,635336,Weakening,Good,20.63%,0.1,2.82,3.98,28%
RGC,"Regencell Bioscience Holdings Ltd","Medical - Biomedical",5.06,+0.80%,4,Sell,"100% Sell",-68.33,-62.35%,18.62,9.58,22.05,5.61,31.73,-82.56,-89.09,291197,Strengthening,Strong,6.43%,0.54,4.76,6.46,18%
YI,"111 Inc ADR","Medical Information Systems",3.78,+0.27%,3,Sell,"88% Sell",-68.36,-43.32%,5.23,4.17,5.64,3.81,46.21,-63.53,34.47,25507,Strengthening,Average,59.88%,0.09,3.56,4.06,44%
GLOO,"Gloo Holdings Inc","Internet - Software",3.41,-1.45%,5,Sell,N/A,-68.63,N/A,5.01,3.97,5.31,3.32,44.99,N/A,-53.26,N/A,N/A,N/A,64.62%,0.25,3.05,3.59,66%
AMCI,"AMC Robotics Corporation",Unclassified,4.61,+3.83%,3,Hold,"88% Sell",-68.69,-61.42%,5.38,4.81,5.84,4.81,47.1,-81.63,-54.91,1406599,Average,Soft,19.66%,0.98,4.27,5.35,31%
BGDE,"Big Digital Energy Inc","IT Services",6.4,+6.67%,1,Sell,"8% Sell",-68.96,-30.43%,6.07,7.14,5.21,5.67,52.28,-50.64,38.83,695124,Weakest,Minimum,70.45%,1.16,4.88,6.47,96%
IXHL,"Incannex Healthcare Inc ADR","Medical - Drugs",3.17,-0.94%,2,Sell,"88% Sell",-69.71,-74.95%,3.48,3.32,4.87,3.08,49.4,-95.16,-83.67,435800,Average,Average,82.48%,0.33,2.85,3.3,71%
CENN,"Cenntro Inc","Auto - Domestic",3.46,+0.87%,4,Sell,"88% Sell",-69.95,-88.99%,4.26,3.64,5.49,3.39,49.89,-109.2,-70.82,53091,Weakest,Weak,75.65%,0.45,3.25,3.53,75%
FJET,"Starfighters Space Inc","Transportation - Airline",3.96,-3.41%,3,Sell,N/A,-70.01,N/A,5.44,5,6.34,3.78,46.51,N/A,-79.2,N/A,N/A,N/A,75.31%,0.42,3.4,4.17,73%
FOXX,"Foxx Development Holdings Inc","Consumer Prdts - Misc Discr",2.58,+4.45%,1,Sell,"100% Sell",-70.39,-60.91%,3.86,3.07,4.09,2.61,44.75,-81.12,-57.59,803394,Average,Strong,47.57%,0.01,2.35,2.86,45%
CNSY,"Cerenome Inc","Medical - Drugs",3.7,-3.39%,2,Sell,"100% Sell",-70.60,-79.75%,5,4.25,5.83,3.8,42.12,-99.96,-84.3,285709,Strengthening,Average,55.43%,0.43,3.58,4.01,28%
MSTR,"Strategy Inc","Finance - Misc Services",94.83,-1.31%,5,Sell,"100% Sell",-70.79,-75.96%,129.45,102.9,134.21,96.46,44.79,-96.17,-50.78,20087141,Strongest,Average,42.19%,0.53,91.27,101.64,34%
ATHR,"Aether Holdings Inc","Technology Services",3.75,-1.06%,4,Hold,"32% Sell",-72.14,-57.48%,3.53,3.84,3.92,3.92,46.49,-77.69,-52.71,13592,Average,Weak,64.81%,0.15,3.21,4.63,38%
KDK,"Kodiak AI Inc","Technology Services",4.13,-10.13%,1,Sell,"100% Sell",-72.16,-63.75%,6.58,5.12,7.35,4.3,39.55,-83.96,-75.42,835240,Strongest,Maximum,57.73%,1.23,4.02,4.58,19%
AQMS,"Aqua Metals Inc","Waste Removal Svcs",2.69,+1.89%,3,Sell,"100% Sell",-72.26,-34.71%,3.64,2.93,4.1,2.7,46.44,-54.92,-57.15,219563,Strengthening,Good,49.57%,0.13,2.48,2.91,49%
RAY,"Raytech Holding Limited","Retail - Consumer Electronics",2.98,+4.93%,7,Sell,"64% Sell",-72.55,-93.40%,3.19,2.98,3.44,2.87,51.79,-113.61,38.08,84995,Weakest,Weak,64.26%,0.3,2.54,3.2,67%
CANF,"Can-Fite Biopharma Ltd ADR","Medical - Drugs",3.44,+3.93%,3,Buy,"8% Buy",-73.46,-73.94%,3.2,3.21,3.56,3.28,55.09,-94.15,-27.19,963451,Weakening,Minimum,40.43%,0.02,3.05,3.51,86%
FABC,"Fabric.Ai Inc","Technology Services",2.71,-2.17%,4,Sell,"40% Sell",-73.56,-57.05%,3.22,3.15,3.04,2.63,47.48,-77.26,-2.58,841308,Weakening,Weak,54.63%,0.63,2.39,2.88,65%
BKKT,"Bakkt Inc","Finance - Misc Services",7.52,+2.04%,2,Sell,"96% Sell",-74.06,-19.83%,8.53,8.08,9.8,7.52,47.39,-40.04,-38.29,1471141,Average,Average,58.27%,0.86,6.89,8.15,50%
STI,"Solidion Technology Inc","Electronics Products - Misc",7.72,-2.53%,2,Sell,"8% Sell",-74.34,+126.39%,8.48,11.49,7.67,6.76,49.49,106.18,-4.3,971740,Weakest,Weak,72.08%,0.03,5.53,7.99,89%
SOC,"Sable Offshore Corp","Oil - US Integrated",4.38,-5.81%,5,Sell,"88% Sell",-74.43,-84.62%,10.59,6.74,10.68,4.54,40.56,-104.83,-64.63,7948466,Strengthening,Average,49.52%,0.78,3.94,5.15,36%
UK,"Ucommune Intl Ltd","Real Estate Operations",2.37,+5.80%,6,Buy,"56% Sell",-74.62,-76.76%,2.98,2.19,3.95,2.09,60.94,-96.97,-75.57,128778,Weakest,Average,49.12%,0.57,1.9,2.28,125%
HYPD,"Hyperion Defi Inc","Finance - Misc Services",2.69,+1.89%,2,Sell,"88% Sell",-75.16,-62.79%,3.31,2.94,3.36,2.65,46.69,-83.,-37.63,416236,Weakening,Soft,63.08%,0.27,2.43,2.87,60%
WNW,"Meiwu Technology Ltd","Technology Services",2.66,-8.59%,2,Sell,"100% Sell",-75.73,-98.46%,4.06,3.18,52.64,2.7,43.06,-118.67,-111.28,699619,Weakening,Average,49.95%,0.17,2.17,3.23,46%
DFDV,"DeFi Development Corp","Internet - Software",2.87,+0.70%,3,Sell,"88% Sell",-75.89,-83.91%,3.55,2.92,3.99,2.8,49.85,-104.12,-56.36,1227703,Weakening,Weak,69.07%,0.57,2.51,3.09,62%
FWDI,"Forward Industries Inc","Medical Services",4.4,+2.80%,3,Sell,"72% Sell",-75.94,-66.79%,4.41,4.22,4.86,4.16,54.89,-87.,-46.62,1006253,Weakest,Weak,77.78%,0.82,3.85,4.47,89%
BCAB,"Bioatla Inc","Medical - Biomedical",3.38,-3.43%,2,Sell,"100% Sell",-76.42,-81.73%,4.37,3.64,6.78,3.47,44.65,-101.94,-101.28,45101,Average,Average,53.73%,1.16,3.06,3.88,39%
CDLX,"Cardlytics Inc","Technology Services",4.2,+10.24%,2,Sell,"88% Sell",-76.60,-66.40%,6.6,4.53,7.62,3.89,51.78,-86.61,-76.67,93969,Weakest,Strong,53.17%,0.73,3.51,4.27,91%
NNNN,"Anbio Biotechnology Cl A","Medical - Biomedical",9.89,-4.44%,4,Sell,"100% Sell",-76.66,-79.26%,20.54,13.48,22.4,10.08,40.28,-99.47,-80.3,42284,Strongest,Strong,29.39%,0.5,9.04,11.11,41%
LNZA,"Lanzatech Global Inc","Waste Removal Svcs",6.05,-2.73%,3,Buy,"72% Sell",-76.76,-82.68%,13.15,6.07,12.64,5.79,48.19,-102.89,-69.22,66684,Average,Average,77.26%,0.5,5.08,6.5,68%
LFS,"Leifras Co. Ltd ADR","Leisure & Recreation Services",2.29,+0.88%,2,Buy,"24% Sell",-77.20,N/A,2.25,2.22,2.37,2.24,50.54,N/A,-30.52,1372437,Weakest,Soft,12.52%,0.05,1.96,2.53,58%
CGTL,"Creative Global Technology Ltd","Consumer Prdts - Misc Discr",3.65,-6.17%,3,Sell,"100% Sell",-77.71,-72.96%,9.92,5.06,20.07,4.27,33.19,-93.17,-92.74,212049,Strongest,Average,12.73%,0.08,3.62,4.93,2%
SNWV,"Sanuwave Health Inc","Medical Products",5.37,-2.36%,2,Sell,"100% Sell",-78.13,-87.12%,13.42,9.31,17.37,6.07,28.64,-107.33,-95.19,120450,Strongest,Maximum,18.94%,0.22,5.46,6.68,-7%
SUPX,"Superx AI Technology Limited","Retail - Home Furniture",7.1,+3.05%,3,Sell,"88% Sell",-78.96,-73.93%,8.3,7.76,9.93,6.9,49.52,-94.14,-67.91,313698,Weakening,Soft,64.82%,0.78,5.97,7.83,61%
EDHL,"Everbright Digital Holding Limited","Advertising Marketing Services",3.95,+1.02%,2,Hold,"16% Sell",-79.00,-50.23%,3.53,4.32,3.51,3.99,48.01,-70.44,-47.37,866101,Weakest,Minimum,51.71%,0,3.63,4.35,45%
DXST,"Decent Holding Inc","Waste Removal Svcs",2.55,-0.39%,3,Buy,"40% Sell",-79.57,-91.43%,2.49,2.57,8.37,2.45,53.42,-111.64,-105.85,1374717,Weakest,Soft,37.46%,0.01,2.03,2.87,62%
ASBP,"Aspire Biopharma Holdings Inc","Medical - Biomedical",7.13,-6.31%,6,Buy,"40% Sell",-79.58,-98.35%,10.52,6.41,24.31,7.04,51.91,-118.56,-108.69,277915,Weakest,Minimum,81.91%,0.08,5.93,8.15,54%
TNON,"Tenon Medical Inc","Medical Instruments",5.64,-8.14%,1,Sell,"100% Sell",-80.22,-89.04%,19.16,12.02,22.67,6.54,34.59,-109.25,-96.25,78834,Strengthening,Maximum,47.17%,0.17,5.32,7.76,13%
AIOS,"Aios Tech Inc","Technology Services",12.48,-7.21%,1,Sell,"88% Sell",-80.85,-83.92%,13.17,13.09,14.73,12.35,48.96,-104.13,-54.87,97496,Average,Soft,71.64%,0.21,10.84,13.85,55%
CUPR,"Cuprina Holdings [Cayman] Limited","Medical - Biomedical",3,+0.50%,2,Sell,"40% Sell",-81.16,-95.77%,3.26,4.01,3.29,3.32,42.33,-115.98,-19.46,1062267,Weakening,Weak,15.55%,0.02,2.58,4.07,28%
YDES,"Yd Bio Limited","Medical - Biomedical",2.6,-4.76%,8,Hold,"64% Sell",-81.21,N/A,4.04,2.5,5.99,2.33,55.53,N/A,-91.86,74942,Weakest,Strong,86.42%,0.13,2.02,2.63,95%
ATGL,"Alpha Technology Group Limited","Technology Services",7.9,-8.14%,3,Sell,"100% Sell",-81.49,-56.52%,13.83,11.3,16.76,9.18,37.84,-76.73,-75.45,18096,Strongest,Maximum,6.22%,1.32,6.93,11.43,22%
CRE,"Cre8 Enterprise Limited Cl A","Business Services",2.83,+1.14%,2,Sell,"40% Sell",-81.58,-96.61%,2.71,2.95,2.89,2.7,51.74,-116.82,-11.16,510394,Weakest,Minimum,75.95%,0.02,2.3,3.1,66%
EXOD,"Exodus Movement Inc","Internet - Software",5.15,+3.21%,4,Sell,"100% Sell",-81.64,-81.51%,6.41,5.56,8.33,5.25,46.1,-101.72,-78.37,90438,Average,Average,35.48%,1,4.8,5.7,39%
LENZ,"Lenz Therapeutics Inc","Medical - Biomedical",5.04,-3.26%,4,Sell,"100% Sell",-82.46,-86.13%,7.36,5.78,9.79,5.3,41.17,-106.34,-81.69,1007584,Strengthening,Average,22.14%,2.41,4.74,5.85,27%
AEMD,"Aethlon Medical Inc","Medical - HMO",3.04,-4.40%,3,Sell,"100% Sell",-82.53,-95.17%,8.28,5.28,9.27,3.08,36.76,-115.38,-91.24,55063,Average,Soft,42.22%,0.51,2.66,3.5,46%
BMGL,"Basel Medical Group Ltd","Medical Services",4.51,-9.62%,2,Sell,"100% Sell",-82.63,-82.76%,6.98,6.45,7.33,5.63,36.07,-102.97,-36.49,22591,Strongest,Average,26.94%,0.19,4.77,6.5,-15%
MI,"Nft Limited Class A Ordinary Share","Internet Commerce",8.46,+0.71%,1,Sell,"100% Sell",-82.65,-96.38%,16.27,10.67,120.54,8.54,43.98,-116.59,-110.55,11815,Weakening,Good,37.72%,1.08,7.04,10.04,47%
MFI,"Mf International Limited","Internet - Software",7.9,+4.22%,3,Sell,"100% Sell",-82.83,-82.35%,9.77,8.59,11.54,8.23,44.5,-102.56,-70.67,30541,Weakening,Average,39.11%,0.39,7.5,8.95,27%
LHSW,"Lianhe Sowell International Group Ltd","Industrial Services",3.09,-0.32%,1,Buy,"40% Sell",-83.23,-91.64%,2.92,2.6,4.25,2.59,56.12,-111.85,-75.37,764535,Weakest,Weak,83.45%,0.01,2.03,3.16,94%
SPHL,"Springview Holdings Ltd","Building & Construction - Misc",2.77,-0.72%,2,Sell,"56% Sell",-83.44,-34.04%,2.75,2.91,3.17,2.63,51.76,-54.25,19.98,987100,Weakest,Weak,37.62%,0.01,2.44,2.83,86%
FGNX,"Fg Nexus Inc","Finance - Investment Mgmt",7,+0.57%,12,Buy,"8% Sell",-83.50,-94.29%,6.34,6.22,7.72,6.88,53.83,-114.5,-62.28,131969,Weakening,Minimum,56.48%,0.61,5.87,7.89,56%
EEIQ,"Epicquest Education Group Intl Ltd",Schools,2.49,-3.49%,2,Sell,"88% Sell",-83.68,-73.03%,3.48,2.78,3.45,2.3,51.3,-93.24,-42.64,789144,Weakening,Average,66.24%,0.18,1.96,2.64,78%
AVX,"Avax One Technology Ltd","Finance - Misc Services",3.13,+0.71%,1,Sell,"100% Sell",-83.75,-91.71%,5.62,4.52,7.78,3.3,36.71,-111.92,-95.91,40119,Average,Weak,35.00%,0.12,2.82,3.78,33%
GMM,"Global Mofy AI Limited","Technology Services",2.96,-0.34%,3,Sell,"88% Sell",-84.22,-97.41%,31.81,3.19,42.3,2.92,37.79,-117.62,-108.17,1469810,Weakest,Strong,29.30%,0.01,2.49,3.34,55%
NCT,"Intercont [Cayman] Limited","Transportation - Ship",3.57,-0.83%,7,Buy,"24% Buy",-84.33,-94.75%,2.79,3.15,3.47,3.3,62.39,-114.96,-38.54,451965,Weakening,Minimum,62.36%,1.09,2.77,3.83,75%
MLEC,"Moolec Science Sa","Agriculture Operations",7.3,+3.11%,2,Sell,"72% Sell",-85.12,-81.64%,7.72,7.42,7.97,7.14,50.86,-101.85,77.96,504397,Weakest,Weak,42.07%,0.21,6.38,7.9,60%
ICCM,"Icecure Medical Ltd Ord","Medical Services",3.11,-11.54%,2,Sell,"100% Sell",-86.74,-87.38%,6.67,3.96,10.73,3.16,43.23,-107.59,-96.23,1044508,Average,Strong,66.86%,0.03,2.64,3.67,45%
CIIT,"Tianci International Inc","Transportation - Ship",3.49,-6.93%,1,Sell,"100% Sell",-86.81,-94.40%,10.63,6.4,17.86,3.57,38.45,-114.61,-98.2,267480,Average,Average,47.15%,0.07,3.17,3.96,40%
SOWG,"Sow Good Inc","Consumer Prdts - Misc Discr",3.14,-1.87%,1,Hold,"64% Sell",-86.90,-77.90%,3.27,3.03,4.85,3.22,48.77,-98.11,-52.35,150939,Weakest,Soft,49.56%,0.02,2.81,3.62,41%
XAIR,"Beyond Air Inc","Medical - Biomedical",6.05,+3.60%,1,Sell,"88% Sell",-88.97,-90.43%,9.33,7.22,13.73,5.63,47.47,-110.64,-71.52,132530,Weakest,Soft,24.92%,1.54,4.99,6.27,83%
SUGP,"Su Group Holdings Limited","Engineering & R&D Services",2.04,-5.56%,2,Sell,"100% Sell",-89.06,-92.71%,12.52,3.55,17.88,2.3,32.98,-112.92,-106.48,518182,Weakening,Strong,57.80%,0.29,1.83,2.78,22%
JEM,"707 Cayman Holdings Limited","Textile - Apparel",4.02,-1.47%,3,Sell,"100% Sell",-89.18,-99.71%,17.64,15.32,22.71,4.88,37.28,-119.92,-103.72,377839,Weakening,Weak,10.60%,0.02,3.39,6.38,21%
ASTC,"Astrotech Corp","Aerospace - Defense Equipment",8.72,-7.23%,2,Hold,"32% Buy",-89.47,+64.53%,9.38,13.37,7.26,7.72,48.68,44.32,138.83,2002900,Weakest,Soft,48.24%,0.15,5.62,9.82,74%
VRAX,"Virax Biolabs Group Limited","Medical - Biomedical",2.78,-3.14%,1,Sell,"100% Sell",-89.56,-85.66%,3.99,3.71,4.72,3.15,42.28,-105.87,-81.03,918791,Strengthening,Average,29.50%,0.02,2.32,3.97,28%
UP,"Wheels Up Experience Inc","Aerospace - Defense",5.25,-2.05%,1,Sell,"100% Sell",-89.82,-81.90%,7.49,7.03,9.5,5.85,35.7,-102.11,-73.19,185669,Average,Average,15.01%,0.84,5.07,6.64,12%
INLF,"Inlif Limited","Medical Products",4.95,+0.61%,4,Sell,"88% Sell",-90.72,-99.87%,496.99,182.01,806.69,4.06,23.77,-120.08,-112.87,982731,Average,Average,34.79%,0.03,1.74,6.39,69%
NAMI,"Jinxin Technology Holding ADR","Technology Services",3.35,+7.72%,3,Hold,"80% Sell",-90.96,-86.99%,8.37,4.36,10.26,3.09,47.83,-107.2,-95.66,326078,Weakest,Average,11.63%,0.58,2.3,3.88,66%
TDIC,"Dreamland Limited Cl A","Advertising Marketing Services",2.7,-6.57%,1,Sell,"100% Sell",-92.31,-99.44%,18.35,4.87,19.63,2.73,45.45,-119.65,-101.55,547628,Average,Weak,40.21%,0.07,2.29,3.17,47%
SDOT,"Sadot Group Inc","Consumer Prdts - Misc Staple",11.62,-5.30%,4,Buy,"88% Sell",-92.49,-93.40%,19.84,19.56,30.58,15.97,42.07,-113.61,-65.17,1200588,Average,Weak,6.88%,0.02,7.45,24.5,24%
HKIT,"Hitek Global Inc Ordinary Share","Technology Services",3.06,-2.24%,2,Sell,"100% Sell",-92.66,-99.95%,95.51,5.77,2247.81,3.21,34.4,-120.16,-113.15,237629,Weakening,Average,59.36%,0.03,2.69,3.72,36%
PAVS,"Paranovus Entertainment Technology Ltd","Conglomerates - Div Operations",6.82,-2.71%,3,Sell,"88% Sell",-92.96,-99.99%,92.6,20.11,634.54,5.21,35.24,-120.2,-112.86,406592,Weakening,Weak,54.19%,0.03,3.06,7.35,88%
LNAI,"Lunai Bioworks Inc","Medical Information Systems",2.35,-2.08%,6,Sell,"88% Sell",-93.03,-87.62%,2.75,2.78,3.52,2.41,44.51,-107.83,-79.87,1302213,Average,Weak,24.60%,0.18,1.93,2.9,44%
NAKA,"Nakamoto Inc","Finance - Misc Services",4.94,-1.20%,8,Buy,"40% Sell",-93.30,-98.89%,6.22,4.4,8.43,4.75,54.61,-119.1,-78.01,264824,Weakest,Minimum,70.60%,0.2,4.14,5.37,65%
JZ,"Jianzhi Education Technology Group ADR","Technology Services",2.76,+11.74%,1,Sell,"88% Sell",-93.39,-96.14%,26.34,6.2,32.82,2.48,42.14,-116.35,-107.83,48145,Weakening,Average,44.78%,0.35,2.06,2.91,83%
VSA,"Visionsys AI Inc ADR","Technology Services",3.67,-3.17%,4,Hold,"80% Sell",-93.57,-99.57%,5.13,3.95,9.34,3.35,52.61,-119.78,-98.09,506205,Weakening,Weak,16.25%,0.15,2.72,3.98,75%
RAYA,"Erayak Power Solution Group Inc Cl A","Electronics Products - Misc",2.54,+6.28%,2,Sell,"88% Sell",-93.70,-98.21%,3.51,2.84,7.33,2.49,48.45,-118.42,-106.51,294634,Weakest,Weak,33.33%,0.65,2.16,2.83,57%
MNTS,"Momentus Inc","Aerospace - Defense",4.86,+1.04%,2,Sell,"56% Sell",-94.42,-75.47%,6.84,7.37,6.69,4.64,44.87,-95.68,-13.4,3166334,Weakest,Weak,76.78%,0.38,4.07,5.21,69%
ELPW,"Elong Power Holding Cl A","Electronics Products - Misc",4.55,-5.80%,1,Sell,"100% Sell",-94.91,-100.00%,71.01,26.45,1293.44,8.05,33.17,-120.21,-113.12,210724,Weakening,Weak,11.32%,0.67,2.48,13.63,19%
TRNR,"Interactive Strength Inc","Leisure & Recreation Services",3.75,+9.65%,2,Sell,"88% Sell",-94.95,-98.75%,5.71,3.76,14.08,3.26,55.9,-118.96,-106.94,118107,Weakest,Weak,79.12%,0.15,2.82,3.69,107%
DRCT,"Direct Digital Holdings Inc Cl A","Advertising Marketing Services",2.77,+0.73%,6,Sell,"72% Sell",-95.24,-96.91%,3.02,2.73,4.25,2.6,54.79,-117.12,-93.64,301091,Weakest,Weak,73.33%,1.06,2.39,2.82,89%
NTCL,"Netclass Technology Inc Cl A","Internet - Software",2.64,-9.59%,3,Sell,"88% Sell",-95.56,-97.41%,21.3,20.23,20.07,3.16,36.62,-117.62,-97.91,61725,Average,Soft,34.06%,0.25,2.19,4.13,23%
WOK,"Work Medical Technology Group Ltd","Medical Instruments",2.05,-8.07%,6,Sell,"88% Sell",-95.91,-100.00%,60.77,3.71,92.87,2,40.28,-120.21,-112.25,384302,Weakening,Weak,48.08%,0.18,1.78,2.23,61%
CETX,"Cemtrex Inc","Conglomerates - Div Operations",3.02,-0.98%,6,Sell,"88% Sell",-96.20,-98.45%,6.38,3.43,9.26,2.8,48.72,-118.66,-101.53,479578,Weakening,Weak,85.33%,0.03,2.45,3.14,82%
BYAH,"Park Ha Biological Technology Co. Ltd","Consumer Prdts - Misc Staple",3.15,-11.27%,2,Sell,"100% Sell",-97.39,-98.71%,7.82,6.61,16.11,3.2,39.78,-118.92,-108.24,294655,Average,Weak,20.18%,0.09,2.43,3.97,47%
ZNB,"Zeta Network Group","Media Conglomerates",2.58,-2.64%,1,Sell,"100% Sell",-97.68,-99.98%,9.92,5.05,118.91,2.68,36.62,-120.19,-112.63,104879,Weakening,Weak,56.68%,0.69,2.04,3.32,42%
IPST,"Ip Strategy Holdings Inc","Finance - Misc Services",2.01,0.00%,3,Sell,"100% Sell",-97.76,-99.12%,4.53,2.71,9.49,2.26,36.02,-119.33,-106.75,78344,Weakening,Soft,47.46%,0.39,1.92,2.59,13%
SMX,"Smx [Security Matters] Plc Cl A","Technology Services",16.16,+3.99%,3,Sell,"72% Sell",-98.23,-99.96%,94.81,15.76,579.81,16.72,42.74,-120.17,-112.15,52922,Weakest,Weak,29.80%,0.22,14.5,18.95,37%
XXII,"22nd Century Group Inc",Tobacco,4.31,-2.05%,5,Sell,"88% Sell",-98.25,-99.40%,18.48,5.12,60.05,4.25,40.82,-119.61,-111.32,27477,Weakening,Weak,70.10%,0.51,3.82,4.68,57%
NEXR,"Nexera Technologies Ltd","Technology Services",2.83,-3.08%,2,Sell,"100% Sell",-99.22,-99.74%,13.87,6.33,34.2,3.51,36.59,-119.95,-110.95,359476,Weakening,Weak,18.24%,0.56,2.01,5.01,27%
CDT,"Cdt Equity Inc","Medical - Drugs",2.93,-0.84%,2,Sell,"100% Sell",-99.39,-99.92%,21.85,5.35,96.79,3.15,37.3,-120.13,-112.27,229511,Weakening,Weak,38.98%,0.02,2.51,3.79,33%
AZUL,"Azul S.A. ADR","Transportation - Airline",8.295,-0.66%,2,N/A,N/A,N/A,N/A,0,8.74,0,8.55,8.03,N/A,N/A,N/A,N/A,N/A,11.57%,17.29,8.22,8.88,12%
BOT,"Robostrategy Inc","Finance - Investment Mgmt",32.04,+3.42%,2,N/A,N/A,N/A,N/A,0,31.35,0,28.09,54.67,N/A,N/A,N/A,N/A,N/A,73.46%,0.82,24.65,31.53,107%
BRAI,"Braiin Limited","IT Services",5.62,-0.53%,1,Sell,N/A,N/A,N/A,7.08,6.39,0,5.66,45.35,N/A,N/A,N/A,N/A,N/A,17.40%,0.1,5.18,6.14,45%
BXDC,"Blackstone Digital Infrastructure Trust Inc","REIT - Equity Trust Other",20.34,+1.45%,3,N/A,N/A,N/A,N/A,0,21.05,0,20.29,48.56,N/A,N/A,N/A,N/A,N/A,25.17%,0.54,19.4,21.17,53%
GENB,"Generate Biomedicines Inc","Medical - Biomedical",15.09,+5.75%,5,Sell,N/A,N/A,N/A,13.77,14.43,0,13.98,56.94,N/A,N/A,N/A,N/A,N/A,80.27%,0.89,12.98,14.99,105%
GMRS,"Gmr Solutions Inc Cl A","Medical Services",12.86,+8.07%,1,N/A,N/A,N/A,N/A,0,13.12,0,12.76,48.68,N/A,N/A,N/A,N/A,N/A,49.15%,4.44,12.02,13.5,57%
HMH,"Hmh Holding Inc","Oil Field Machinery & Equip",20.03,+0.60%,4,N/A,N/A,N/A,N/A,0,19.9,0,20.08,50.24,N/A,N/A,N/A,N/A,N/A,42.43%,0.54,18.62,21.54,48%
LABT,"Lakewood-Amedex Biotherapeutics Inc","Medical - Biomedical",2.36,0.00%,2,N/A,N/A,N/A,N/A,0,3.66,0,2.27,33.94,N/A,N/A,N/A,N/A,N/A,30.16%,0.04,1.49,3.05,56%
NHP,"National Healthcare Properties Inc Cl A","REIT - Equity Trust Resident",16.14,-0.62%,11,N/A,N/A,N/A,N/A,0,15.12,0,15.95,55.78,N/A,N/A,N/A,N/A,N/A,54.49%,0.56,15.07,16.82,61%
PAYP,"Paypay Corporation ADR","Financial Transaction Services",14.92,+2.12%,6,Buy,N/A,N/A,N/A,17.81,15.05,0,15.48,46.27,N/A,N/A,N/A,N/A,N/A,9.84%,1.03,14.45,16.51,23%
RMIX,"Suncrete Inc Cl A","Building - CMT & CNT & AG",19.11,-1.24%,1,N/A,N/A,N/A,N/A,0,19.68,0,18.33,52.3,N/A,N/A,N/A,N/A,N/A,72.66%,0.81,16.62,20.03,73%
ROC,"Rank One Computing Corp","Internet - Software",4.29,+1.18%,3,Sell,N/A,N/A,N/A,5.44,4.79,0,4.64,41.88,N/A,N/A,N/A,N/A,N/A,4.33%,0.34,4.05,5.23,20%
SWMR,"Swarmer Inc","Computer - Software",39.66,+0.48%,4,Sell,N/A,N/A,N/A,41.53,43.95,0,38.31,50.93,N/A,N/A,N/A,N/A,N/A,51.39%,0.5,33.32,43.31,63%
TMCR,"The Metals Royalty Company Inc","Mining - Misc",6.31,+0.32%,5,N/A,N/A,N/A,N/A,0,7.35,0,5.88,48.83,N/A,N/A,N/A,N/A,N/A,72.28%,0.29,5.14,6.62,79%
VIDA,"Vida Global Inc Cl A","Technology Services",2.35,-6.00%,6,N/A,N/A,N/A,N/A,0,3.13,0,2.51,43.47,N/A,N/A,N/A,N/A,N/A,15.05%,0.29,2.14,2.88,28%
XNDU,"Xanadu Quantum Technologies Cl B","Computer - Integrated Systems",10.62,+2.71%,5,N/A,N/A,N/A,N/A,0,11.66,0,10.65,46.43,N/A,N/A,N/A,N/A,N/A,40.76%,0.38,9.66,11.64,48%
"Downloaded from Barchart.com as of 08-12-2026 10:02pm CDT"
