Symbol,Name,Industry,Latest,%Change,"1M #Hi",Trend,Opinion,"Wtd Alpha","52W %Chg","100D MA","50D MA","150D MA","20D MA","14D RSI","1Y vs IDX","YTD vs IDX","200D Avg Vol",Direction,Strength,"14D Stoch %K","50D RelVol","BB Lower","BB Upper",BB%
LITE,"Lumentum Holdings","Communications Components",954.49,+2.53%,6,Buy,"88% Buy",+277.74,+465.69%,866.17,844.82,825.78,904.57,55.91,449.18,145.53,5368622,Strongest,Average,51.69%,1,811.93,997.22,77%
STX,"Seagate Technology","Computer - Integrated Systems",877.33,+2.16%,5,Hold,"48% Buy",+252.95,+296.57%,855.71,842.67,718.57,831.18,55.04,280.06,205.15,4313328,Weakening,Soft,52.71%,0.91,762.59,899.78,84%
SAIH,"Saiheat Limited","Technology Services",27.02,+4.65%,4,Buy,"100% Buy",+233.61,+150.29%,16.03,20.62,13.25,24.56,66.74,133.78,180.27,7818,Strongest,"Top 1%",59.34%,0.89,22.1,27.02,100%
GLBS,"Globus Maritime Limi","Transportation - Ship",3.85,-1.79%,5,Buy,"100% Buy",+222.12,+196.15%,2.89,3.39,2.58,3.72,58.88,179.64,106.57,130338,Strengthening,Maximum,80.70%,0.82,3.46,3.97,76%
DRTS,"Alpha Tau Medical Ltd Cl A","Medical Instruments",15.5,+1.71%,6,Buy,"100% Buy",+201.68,+278.97%,11.97,13.76,10.43,14.72,63.62,262.46,199.7,565101,Strengthening,Maximum,82.24%,0.69,13.9,15.54,98%
WDC,"Western Digital Corp","Computer - Storage Devices",448.17,+1.54%,6,Sell,"8% Sell",+194.10,+320.30%,512.65,479.02,444.7,448.62,47.59,303.79,146.73,8487226,Weakest,Minimum,34.72%,1.04,411.5,485.73,49%
CHRN,"Chronoscale Holdings Corp","Internet - Software",21.69,+6.22%,1,Sell,"56% Buy",+192.29,+390.72%,19.69,21.51,16.68,19.68,56.01,374.21,137.61,833880,Weakening,Average,72.44%,0.59,16.84,22.52,85%
RLAY,"Relay Therapeutics Inc","Medical - Drugs",18.19,-3.45%,2,Sell,"40% Buy",+191.23,+290.34%,17.19,19.28,15.35,19,39.7,273.83,101.58,3110522,Weakest,Average,45.09%,1.14,17.97,20.03,10%
FET,"Forum Energy Technologies Inc","Oil Field Machinery & Equip",80.86,-1.49%,8,Buy,"100% Buy",+178.78,+206.29%,62.78,72.33,61.33,80.54,56.35,189.78,105.41,193122,Average,Strong,65.40%,0.96,76.38,84.69,54%
PLSE,"Pulse Biosciences CS","Medical Instruments",53.31,-1.04%,5,Buy,"100% Buy",+166.38,+202.73%,33.89,42.85,29.63,51.58,58.4,186.22,274.84,364837,Strongest,"Top 1%",45.32%,0.75,46.7,56.45,68%
TOP,"Zhong Yang Financial Group Limited","Finance - Investment Brokers",15.14,-0.46%,2,Buy,"88% Buy",+161.29,+104.59%,9.42,12.9,7.76,15.32,57.84,88.08,187.86,82789,Weakening,Maximum,29.17%,0.81,14.18,16.45,42%
SIF,"Sifco Industries","Aerospace - Defense Equipment",22.2,+7.66%,7,Sell,"40% Buy",+153.20,+213.56%,21.57,22.85,19.08,21.44,53.49,197.05,284.42,92093,Weakening,Average,27.63%,0.66,20.14,22.74,79%
AP,"Ampco-Pittsburgh Corp","Metal Production & Fabrication",8.6,+2.99%,3,Sell,"8% Sell",+152.57,+249.59%,9.42,8.56,9.1,8.49,51.19,233.08,47.92,205766,Weakest,Minimum,59.97%,0.75,7.8,9.19,58%
IRDM,"Iridium Comm Inc","Satellite Communication",48.21,+3.08%,1,Sell,"72% Buy",+151.75,+166.65%,46.94,47.7,41.17,47.14,54.46,150.14,163.96,2244750,Average,Average,68.09%,1.18,46.29,48,112%
MAAS,"Maase Inc ADR","Finance - Misc Services",15.86,-5.71%,4,Sell,"40% Buy",+139.70,+328.65%,14.78,16.97,12.03,16.12,46.93,312.14,180.27,133378,Weakest,Average,47.63%,6.33,14.7,17.53,41%
LQDA,"Liquidia Corp","Medical - Biomedical",66.43,-0.67%,2,Sell,"8% Buy",+139.48,+179.35%,69.61,76.13,58.49,68.22,40.11,162.84,79.18,1661144,Weakening,Weak,55.01%,0.7,65.06,71.38,22%
EWTX,"Edgewise Therapeutics Inc","Medical - Biomedical",44.64,-1.50%,3,Buy,"100% Buy",+138.60,+213.04%,39.49,42.64,36.66,43.82,53.36,196.53,66.46,1282657,Weakening,Strong,63.19%,0.97,41.21,46.43,66%
ANAB,"Anaptysbio Inc","Medical - Biomedical",54.92,-0.51%,1,Sell,"8% Sell",+138.03,+295.30%,58.36,56.1,53.23,56.02,45.41,278.79,56.5,690137,Weakest,Minimum,33.15%,0.96,53.25,58.79,30%
OPHC,"Optimumbank Hlds","Banks - Southeast",9.2,-1.39%,2,Buy,"100% Buy",+137.56,+118.53%,6.98,8.34,6.42,9.06,57.01,102.02,103.04,59561,Average,Strong,86.81%,0.65,8.78,9.33,76%
LFST,"Lifestance Health Group Inc","Medical - Outpatient & Hm Care",12.67,+0.80%,6,Buy,"100% Buy",+131.74,+142.26%,10.22,11.88,9.07,12.65,54.33,125.75,66.54,3533088,Average,Maximum,34.41%,0.74,12.02,13.29,51%
URGN,"Urogen Pharma Ltd","Medical - Biomedical",43.2,-0.12%,2,Sell,"56% Buy",+125.22,+140.67%,37.22,43.77,31.58,43.95,47.4,124.16,71.03,803021,Weakest,Strong,39.81%,0.58,41.35,46.56,36%
DWSN,"Dawson Geophscl","Oil - Field Services",3.14,-3.38%,4,Sell,"56% Sell",+121.74,+82.56%,4.19,3.88,3.86,3.34,40.04,66.05,87.85,141926,Strengthening,Weak,27.57%,0.36,3.07,3.61,12%
ECPG,"Encore Capital Group","Finance - Consumer Loans",99.37,-0.17%,2,Hold,"96% Buy",+120.36,+120.09%,90.15,96.51,83.83,98.87,52.98,103.58,69.4,309585,Weakest,Strong,66.11%,0.96,94.43,103.31,56%
NRIX,"Nurix Therapeutics Inc","Medical - Biomedical",25.41,-0.12%,3,Sell,"72% Buy",+120.10,+201.07%,21.73,25.2,19.75,25.86,48.36,184.56,20.52,1502852,Weakening,Strong,44.61%,1.27,24.71,27.02,30%
SHIP,"Seanergy Maritime Hl","Transportation - Ship",18.55,-0.22%,6,Buy,"100% Buy",+113.81,+111.52%,16.14,17.04,15.31,18.2,58.36,95.01,87.55,257719,Strengthening,Strong,68.54%,1.41,17.32,19.09,69%
ZBIO,"Zenas Biopharma Inc","Medical - Biomedical",32.55,+3.33%,3,Buy,"100% Buy",+110.62,+71.86%,26.14,31.52,25.02,32.27,54.55,55.35,-23.79,778837,Strongest,Average,52.52%,0.57,30.83,33.7,60%
TRVG,"Trivago NV ADR","Internet - Services",6.3,-3.82%,8,Buy,"100% Buy",+110.00,+86.94%,4.8,5.54,4.15,5.89,58.74,70.43,103.81,86882,Strengthening,Maximum,79.38%,0.8,5.23,6.55,81%
HNGE,"Hinge Health Inc Cl A","Medical Information Systems",94.45,-0.47%,5,Buy,"100% Buy",+106.00,+65.96%,75.38,86.74,64.22,91.7,58.69,49.45,89.91,1537658,Average,Strong,81.59%,0.61,87.3,96.09,81%
KNSA,"Kiniksa Pharmaceuticals International Plc","Medical - Biomedical",78.13,+1.15%,3,Sell,"72% Buy",+105.52,+120.58%,65.18,74.59,58.8,78.24,53.2,104.07,75.98,662844,Average,Strong,54.25%,0.81,75.4,81.07,48%
PKOH,"Park Ohio Holdings Corp","Metal Products - Fasteners",45.73,-0.72%,4,Buy,"100% Buy",+105.10,+112.01%,38.48,43.75,34.23,45.65,52.34,95.5,104.96,59978,Strengthening,Strong,61.76%,0.49,44.02,47.29,52%
TBBB,"BBB Foods Inc Cl A","Consumer Prdts - Misc Staple",52.47,+2.18%,5,Buy,"100% Buy",+103.02,+105.85%,42.46,45.82,40.2,50.41,66.94,89.34,43.71,653328,Strongest,"Top 1%",78.80%,0.83,48.39,52.43,101%
SEPN,"Septerna Inc","Medical - Biomedical",38.54,-0.39%,2,Hold,"80% Buy",+102.73,+145.48%,34.4,38.14,31.61,38.68,48.8,128.97,24.81,349887,Weakest,Good,62.08%,0.68,36.2,41.15,47%
AUGO,"Aura Minerals Inc","Mining - Misc",89.15,+1.02%,3,Buy,"88% Buy",+101.57,+178.90%,71.52,73.14,75.71,86.44,63.49,162.39,63.4,957164,Strengthening,Average,67.87%,0.79,81.4,91.49,77%
PBYI,"Puma Biotechnology","Medical - Biomedical",9.59,-0.10%,5,Buy,"100% Buy",+100.11,+116.97%,8.09,8.77,7.65,9.31,61.1,100.46,47.75,343857,Strengthening,Maximum,81.86%,0.71,8.92,9.7,86%
RLYB,"Rallybio Corporaton","Medical - Biomedical",16.93,-1.51%,5,Buy,"100% Buy",+99.41,+259.54%,15.78,16.59,13.32,16.88,52.44,243.03,195.02,128122,Weakening,Good,79.42%,0.32,16.52,17.24,57%
GSAT,Globalstar,"Satellite Communication",83.04,+0.24%,4,Buy,"100% Buy",+98.70,+136.58%,81.6,81.68,76.72,82.05,60.32,120.07,22.61,1073141,Strengthening,Average,90.66%,0.62,81.2,82.89,109%
HBB,"Hamilton Beach Brands Holding Cl A","Appliances - Household",31.83,+0.60%,1,Buy,"100% Buy",+98.50,+118.61%,24.38,28.64,22.48,31.41,59.02,102.1,80.07,38103,Strongest,Maximum,67.45%,0.86,29.76,33.06,63%
PTGX,"Protagonist Therapeutics Inc","Medical - Biomedical",144.98,+1.38%,1,Hold,"80% Buy",+96.63,+133.09%,126.54,143.91,116.84,146.78,49.07,116.58,52.56,733148,Average,Strong,31.01%,1.47,140.73,152.83,35%
CHEF,"The Chefs Warehouse","Food - Misc & Diversified",110.7,-0.14%,5,Sell,"72% Buy",+93.76,+70.49%,96.39,107.48,85.63,111.63,51.67,53.98,64.17,521652,Average,Strong,41.73%,0.6,107.12,116.14,40%
ANIK,"Anika Therapeutics","Medical - Biomedical",20.7,-0.53%,1,Buy,"88% Buy",+92.07,+132.58%,17.13,19.46,16.13,21.05,51.02,116.07,101.97,119850,Weakening,Strong,46.42%,0.83,20.53,21.56,16%
CBLL,"Ceribell Inc","Medical Products",24.25,-0.49%,5,Buy,"88% Buy",+91.25,+97.96%,20.17,21.6,19.85,24.22,56,81.45,-2.85,370662,Weakening,Good,57.98%,0.78,23.22,25.22,52%
MSBI,"Midland Sts BNC","Banks - Northeast",33.55,+0.03%,5,Buy,"100% Buy",+91.21,+86.70%,30.73,32.89,28.04,33.21,55.82,70.19,45.05,169528,Weakening,Strong,83.74%,0.75,32.48,33.94,73%
GHRS,"Gh Research Plc","Medical - Biomedical",27.93,-1.17%,4,Sell,"40% Buy",+89.98,+109.53%,25.66,28.32,22.41,27.96,49.06,93.02,106.49,290444,Weakest,Good,68.15%,0.47,26.86,29.05,49%
TIGO,"Millicom International Cellular S.A.","Wireless Non-US",95.11,+0.90%,5,Hold,"80% Buy",+89.66,+91.45%,90.78,95.02,85.62,94.89,51,74.94,58.12,1386276,Weakening,Good,55.87%,0.49,92.47,97.32,54%
PENG,"Penguin Solutions Inc","Internet - Software",54.91,+3.02%,4,Hold,"32% Buy",+88.84,+99.46%,55.88,54.9,44.26,50.24,55.34,82.95,167.3,2174093,Weakening,Weak,93.90%,0.6,45.88,54.6,104%
SGHT,"Sight Sciences Inc","Medical Instruments",8.49,+5.86%,5,Buy,"100% Buy",+87.73,+135.83%,6.03,7.09,5.42,8.26,65.73,119.32,-6.37,266470,Strongest,Strong,45.57%,0.98,7.91,8.6,84%
PLPC,"Preformed Line Prd","Electronics Products - Misc",421.59,+2.23%,2,Buy,"100% Buy",+87.49,+108.93%,379.33,395.09,346.95,406.03,54.73,92.42,90.52,116007,Strongest,Strong,67.41%,0.7,386.28,425.78,89%
PUBM,"Pubmatic Inc Cl A","Internet - Software",17.88,+1.88%,5,Buy,"100% Buy",+85.30,+107.18%,13.38,15.45,11.69,16.71,67.85,90.67,88.15,667963,Strongest,Maximum,50.82%,1.12,15.76,17.66,112%
LNTH,"Lantheus Holdings","Medical Products",100.28,-0.27%,3,Sell,"24% Buy",+84.56,+98.93%,100.6,101.74,93.19,100.67,44.16,82.42,37.25,1093626,Weakest,Soft,30.46%,0.55,100.2,101.14,9%
ANL,"Adlai Nortye Group Ltd ADR","Medical - Biomedical",15.57,-1.08%,7,Buy,"100% Buy",+84.05,+781.55%,12.58,13.52,11.74,14.8,58.41,765.04,983.05,464899,Strengthening,Good,75.76%,0.5,13.41,16.2,77%
VSH,"Vishay Intertechnology","Semi Discretes",32.62,+0.34%,6,Sell,"24% Sell",+83.79,+112.37%,40.98,33.93,34.06,31.29,50.26,95.86,111.69,4146894,Weakest,Minimum,63.93%,0.46,29.59,32.99,89%
IRWD,"Ironwood Pharmaceuti","Medical - Drugs",4.41,+1.15%,6,Buy,"100% Buy",+82.55,+212.77%,4.02,4.13,3.92,4.22,57.38,196.26,17.43,2985906,Strongest,Weak,67.75%,1.21,3.98,4.46,90%
CVU,"CPI Aerostructures","Aerospace - Defense Equipment",5.05,-1.17%,1,Hold,"64% Buy",+81.14,+98.04%,4.89,5.11,4.59,5.17,44.28,81.53,14.1,106288,Weakening,Average,27.73%,0.32,4.92,5.41,26%
PBT,"Permian Basin Royalty Trust","Oil - US Royalty Trusts",33.26,-5.78%,3,Hold,"80% Buy",+80.39,+86.96%,29.5,32.3,26.67,34.62,44.91,70.45,82.45,122376,Average,Strong,30.34%,0.96,33.12,36.12,5%
OSCR,"Oscar Health Inc Cl A","Insurance - Multi Line",31.29,-2.61%,3,Buy,"88% Buy",+79.98,+64.94%,28.03,30.75,23.31,31.66,48.77,48.43,104.32,7075824,Weakest,Strong,50.32%,1.6,29.49,33.83,41%
FIX,"Comfort Systems USA","Building Prdcts - Air Heating",1632.59,-1.14%,4,Sell,"24% Sell",+79.46,+104.66%,1777.41,1672.13,1677.85,1596.09,50.05,88.15,61.5,476989,Weakening,Minimum,59.46%,0.78,1516.44,1675.74,73%
BTSG,"Brightspring Health Services Inc","Medical Services",55.86,-1.62%,4,Sell,"8% Buy",+79.33,+104.54%,62.05,62.86,55.74,59.33,38.63,88.03,35.73,2846034,Weakening,Minimum,7.56%,0.77,55.68,62.97,2%
BFH,"Bread Financial Holdings","Finance - Misc Services",108,-0.49%,6,Hold,"96% Buy",+78.67,+70.19%,100.18,106.67,92.51,107.26,51.55,53.68,32.46,706987,Average,Strong,70.14%,0.72,103.58,110.93,60%
HQI,"Hirequest Inc",Staffing,17.42,+0.58%,1,Buy,"100% Buy",+77.30,+76.85%,13.84,15.13,12.8,16.56,63.61,60.34,52.32,24006,Strongest,Maximum,84.80%,0.8,15.45,17.67,89%
MGNX,Macrogenics,"Medical Products",4.12,-0.48%,4,Buy,"88% Buy",+77.00,+154.32%,4.08,4.09,3.66,4.13,50.1,137.81,142.47,1098529,Weakening,Average,40.00%,0.52,3.9,4.36,48%
CNC,"Centene Corp","Medical - HMO",64.99,-0.18%,5,Buy,"72% Buy",+76.89,+104.56%,63.23,65.45,55.03,65.95,47.5,88.05,44.5,5764987,Weakest,Average,50.17%,0.95,63.21,68.68,33%
GEF.B,"Greif Bros Corp Cl B","Electronics - Semiconductors",109.65,+1.30%,1,Buy,"100% Buy",+76.11,+76.31%,94.66,105.29,91.84,107.44,58.87,59.8,33.38,51903,Strongest,Strong,86.51%,2.09,104.75,110.13,91%
MSGE,"Madison Square Garden Entmt Corp","Media Conglomerates",81.2,+2.76%,3,Buy,"100% Buy",+75.93,+79.84%,75.14,78.44,70.13,78.46,56.99,63.33,37.25,394143,Strengthening,Strong,58.54%,1.39,75.34,81.57,94%
NHC,"National Healthcare Corp","Medical - Nursing Homes",223.31,+0.54%,1,Hold,"96% Buy",+75.68,+90.51%,208.56,223.19,193.73,223.19,49.87,74,49.46,109367,Weakening,Strong,57.34%,0.94,216.55,229.84,51%
IMAX,"Imax Corp","Movie & TV Production & Dist",54.04,+2.41%,1,Buy,"100% Buy",+74.66,+69.09%,43.9,49.05,41.99,52.3,60.96,52.58,32.78,1211347,Strongest,Maximum,66.53%,0.88,50.16,54.44,91%
EVC,"Entravision Communications Corp","Broadcast - Radio & TV",7.99,+2.44%,5,Sell,"8% Buy",+74.22,+219.60%,9.37,9.5,7.3,8.18,38.38,203.09,159.27,1391600,Weakest,Weak,13.26%,0.74,7.68,8.67,31%
MSGS,"Madison Square Garden Sports Corp","Leisure & Recreation Services",400.09,+0.34%,1,Sell,"72% Buy",+73.90,+87.29%,381.88,395.64,362.01,393.49,56.09,70.78,41.25,240273,Average,Average,79.61%,1.32,381.62,405.37,78%
CLBK,"Columbia Financial Inc","Finance - Misc Services",11.6,+0.17%,2,Hold,"96% Buy",+73.00,+64.54%,10.19,11.23,9.51,11.59,56.38,48.03,50.79,2191834,Strengthening,Strong,52.48%,0.95,11.4,11.78,52%
KLIC,"Kulicke and Soffa","Electrical - Manufacturing",84.08,+1.13%,3,Sell,"8% Sell",+72.66,+100.24%,99.08,90.17,89.79,81.95,48.43,83.73,71.12,831592,Weakest,Minimum,68.07%,0.9,77.16,86.74,72%
CBL,"Cbl & Associates Properties Inc","REIT - Equity Trust Retail",53.51,-1.53%,3,Sell,"40% Buy",+71.42,+76.31%,52.13,55.72,47.97,54.6,41.69,59.8,31.19,221484,Weakest,Average,44.85%,1.36,53.1,56.1,14%
ICCC,"Immucell Corp","Medical Products",10.13,+1.81%,3,Sell,"40% Buy",+70.72,+69.97%,10.04,10.46,8.96,9.89,52.93,53.46,51.29,25529,Weakening,Average,78.51%,0.12,9.62,10.15,95%
LB,"Landbridge Company Llc Cl A","Oil - US Integrated",87.55,+1.85%,2,Hold,"96% Buy",+70.41,+70.50%,75.79,81.62,73.84,86.68,56.44,53.99,65.28,394820,Strongest,Maximum,61.98%,0.78,84.03,89.33,66%
UFCS,"United Fire Group","Insurance - Proprty & Casualty",53.44,-1.75%,5,Hold,"80% Buy",+69.65,+70.79%,50.38,53.24,46.34,54.52,45.35,54.28,33.59,134956,Weakening,Strong,38.54%,0.7,52.99,56.04,15%
LGND,"Ligand Pharm","Medical - Biomedical",290.07,+2.32%,6,Sell,"56% Buy",+69.31,+74.21%,272.21,291.18,250.81,284.35,53.93,57.7,39.99,263378,Average,Average,65.93%,0.94,276.21,292.5,85%
VTRS,"Viatris Inc","Medical Services",17.1,+0.88%,8,Buy,"88% Buy",+69.05,+72.73%,16.5,16.83,15.76,16.75,57.73,56.22,23.92,10012328,Strengthening,Average,78.15%,0.76,16.26,17.23,87%
ARCB,"Arcbest Corp","Transportation - Truck",129.75,+0.79%,2,Sell,"8% Buy",+68.93,+85.84%,140.14,141.61,127.56,134.99,39.49,69.33,61.46,362188,Weakest,Weak,15.96%,0.89,128.14,141.85,12%
PYPD,"Polypid Ltd","Medical - Drugs",5.17,-0.77%,6,Buy,"88% Buy",+67.71,+49.86%,4.81,4.86,4.65,5.19,52.87,33.35,5.69,122118,Weakening,Good,25.01%,0.21,4.98,5.4,46%
NRC,"Nrc Health","Business Information",21.27,+3.45%,1,Hold,"80% Buy",+67.49,+43.72%,20.35,21.14,18.91,21.37,50.04,27.21,-0.11,111305,Average,Average,40.04%,1.36,20.14,22.61,46%
GCT,"Gigacloud Technology Inc Cl A","Technology Services",53.06,+0.38%,4,Buy,"100% Buy",+67.47,+79.50%,41.68,47.28,42.15,51.61,59.96,62.99,21.65,656133,Strongest,Strong,87.97%,0.81,48.72,54.51,75%
BOTJ,"Bank of The Jame Fnl","Banks - Southeast",26.95,-1.10%,6,Buy,"72% Buy",+66.98,+75.00%,25.5,27.15,24.07,27.26,44.36,58.49,31.62,16211,Weakest,Strong,33.92%,0.96,26.46,28.07,31%
AMAL,"Amalgamated Financial Corp","Finance - SBIC & Commercial",48.02,+1.31%,4,Sell,"40% Buy",+66.62,+70.95%,45.82,48.67,43.78,48.06,49.03,54.44,36.49,170563,Weakening,Average,39.84%,1.32,46.7,49.43,48%
CXW,"Corecivic Inc","REIT - Equity Trust Other",32.41,-8.00%,6,Hold,"64% Buy",+66.52,+55.00%,28.71,32.68,25.53,34.1,43.34,38.49,56.17,1248498,Weakest,Strong,58.17%,1.29,32.26,35.94,4%
MOG.A,"Moog Inc Cl A","Aerospace - Defense Equipment",369.42,+1.31%,1,Sell,"24% Buy",+66.24,+88.11%,378.02,392.16,356.76,369.07,45.15,71.6,38.25,284376,Weakest,Weak,47.35%,1.01,353.75,384.38,51%
PLXS,"Plexus Corp","Electronic Manufacturing",252.36,+2.28%,5,Sell,"8% Buy",+65.58,+78.98%,263.48,252.51,245.45,244.02,53.49,62.47,58.24,306039,Weakest,Minimum,62.32%,0.89,234.39,253.66,93%
FATE,"Fate Therapeutics","Medical - Biomedical",2.53,0.00%,3,Sell,"56% Buy",+65.45,+162.91%,2.39,2.55,2.02,2.45,53.74,146.4,144.05,2388159,Weakening,Average,61.85%,0.68,2.3,2.6,77%
INNV,"Innovage Holding Corp","Medical Services",10.6,-2.93%,2,Sell,"40% Buy",+65.16,+128.94%,9.89,11.04,9.38,10.82,45.37,112.43,90.81,287776,Weakest,Average,25.89%,0.95,10.53,11.12,12%
FOCL,"Edap Tms Sa ADR","Medical Instruments",4.24,+2.17%,4,Sell,"16% Sell",+64.78,+69.60%,4.76,5,4.46,4.22,42.58,53.09,15.45,72193,Weakest,Minimum,52.33%,0.69,4.02,4.41,56%
TRGP,"Targa Resources","Oil Refining & Marketing MLP",289.36,-0.97%,2,Buy,"88% Buy",+64.62,+75.98%,273.17,281.8,261.83,290.54,52.6,59.47,43.4,1339046,Average,Good,42.32%,1.04,283.83,297.26,41%
PVLA,"Palvella Therapeutics Inc","Medical - Biomedical",153.41,+1.89%,7,Buy,"100% Buy",+64.08,+163.41%,136.04,149.36,131.37,151.71,53.78,146.9,33.14,266696,Strengthening,Good,62.15%,0.6,146.73,156.69,67%
TGTX,"Tg Therapeutics","Medical - Biomedical",57.16,+0.51%,4,Buy,"100% Buy",+63.91,+76.58%,49.39,53.45,43.54,55.46,60.35,60.07,78.32,2109653,Strongest,Strong,72.52%,1.02,53.19,57.73,87%
GEO,"Geo Group Inc","Government Services",30.25,-4.75%,1,Sell,"56% Buy",+63.88,+38.70%,28.25,31.13,24.3,31.59,42.23,22.19,74.23,2099143,Weakest,Average,50.36%,1.57,30.22,32.96,1%
AMN,"Amn Healthcare Services Inc","Business Services",34.24,-0.06%,5,Buy,"100% Buy",+63.45,+82.91%,31.6,33.99,27.54,34.08,51.45,66.4,103.83,1043036,Weakening,Strong,65.72%,0.55,33.01,35.14,58%
QMCO,"Quantum Corp","Computer - Storage Devices",26.1,+4.03%,10,Buy,"100% Buy",+63.24,+119.70%,14.53,18.21,11.61,23.73,66.35,103.19,291.22,936516,Strongest,Maximum,78.81%,0.7,21.59,25.88,105%
GCBC,"Greene County Bncp","Finance - Savings & Loan",35.2,-1.29%,4,Buy,"100% Buy",+62.92,+46.73%,31.03,34.37,28.3,35.14,52.57,30.22,44.91,25042,Weakening,Strong,62.87%,2.11,34.21,36.07,53%
FLXS,"Flexsteel Inds",Furniture,81.16,+1.84%,4,Buy,"88% Buy",+62.14,+68.17%,69.46,77.71,62.43,81.39,54.35,51.66,92.09,52188,Average,Strong,28.75%,0.74,78.88,83.9,45%
PEB,"Pebblebrook Hotel Trust","REIT - Equity Trust Other",18.23,+1.05%,1,Sell,"56% Buy",+62.09,+52.42%,17.49,18.47,15.97,18.06,51.66,35.91,47.61,2333116,Weakening,Average,59.20%,0.75,17.59,18.53,68%
DCTH,"Delcath Systems Inc","Medical Instruments",16.11,0.00%,1,Buy,"88% Buy",+61.54,+39.60%,13.33,15.05,12.13,16.31,52.49,23.09,46.07,480112,Average,Strong,43.29%,0.7,15.77,16.85,31%
UVE,"Universal Insurance Holdings Inc","Insurance - Proprty & Casualty",43.62,-1.22%,4,Buy,"88% Buy",+61.49,+70.32%,41.01,42.81,38.8,43.9,49.93,53.81,15.62,197615,Weakening,Strong,53.69%,0.66,42.99,44.82,34%
PESI,"Perma-Fix Envir","Pollution Controls",17.34,-0.63%,5,Buy,"80% Buy",+61.19,+89.72%,14.25,17.34,13.7,18.14,45.78,73.21,24.3,259042,Weakening,Strong,10.89%,0.38,16.88,19.4,18%
TTMI,"TTM Technologies","Electronics - Misc Components",124.02,+5.13%,5,Sell,"40% Sell",+61.14,+137.95%,150.7,125.38,136.12,118.71,51.73,121.44,66.31,2485427,Weakest,Weak,38.74%,0.82,107.28,130.13,73%
ACU,"Acme United Corp","Consumer Prdts - Misc Discr",61.75,+0.41%,5,Hold,"80% Buy",+61.05,+41.99%,50.97,57.95,48.76,62.05,55.99,25.48,39.76,21328,Average,Strong,45.36%,0.65,60.34,63.75,41%
BWAY,"Brainsway Ltd ADR","Medical Products",13.57,-0.29%,5,Sell,"24% Sell",+60.85,+75.44%,15.09,14.9,14.59,14.05,38.54,58.93,29.26,152044,Weakening,Weak,26.67%,0.49,13.32,14.79,17%
CMTV,"Community Bancorp Inc VT","Banks - Northeast",40.15,-3.81%,3,Hold,"64% Buy",+59.44,+78.84%,39.81,40.51,38.23,40.75,46.52,62.33,47.88,29415,Weakest,Soft,66.74%,1.73,39.71,41.8,21%
MBIN,"Merchants Bancorp","Banks - Northeast",52.35,+0.54%,2,Sell,"56% Buy",+59.12,+62.48%,50,52.49,48.22,52.81,46.42,45.97,40.27,225597,Weakening,Average,23.64%,0.91,51.66,53.97,30%
CHMG,"Chemung Financial Corp","Banks - Southeast",82.38,-0.71%,4,Hold,"80% Buy",+58.99,+55.26%,75.87,81.45,69.71,83.17,47.88,38.75,34.2,32433,Weakening,Strong,46.63%,1.24,80.04,86.3,37%
PGC,"Peapack Gladstone FI","Banks - Northeast",45.17,-0.24%,4,Sell,"40% Buy",+58.26,+55.44%,45.06,45.87,42,45.44,45.08,38.93,48.76,145566,Weakest,Soft,42.44%,0.58,44.53,46.34,35%
ASRV,"Ameriserv Financial","Banks - Northeast",4.65,-2.92%,4,Hold,"72% Buy",+57.96,+61.46%,4.23,4.65,4.08,4.86,45.46,44.95,32.34,15840,Weakening,Strong,31.63%,0.41,4.61,5.1,9%
KOP,"Koppers Holdings Inc","Chemical - Diversified",45.61,+0.62%,6,Sell,"40% Buy",+57.92,+57.28%,45.3,47.79,42.64,46.29,44.12,40.77,55,184600,Weakest,Average,35.27%,0.77,45.2,47.39,19%
IESC,"Ies Holdings Inc","Electronic Misc Services",321.69,-0.15%,4,Sell,"8% Buy",+57.46,+69.57%,337.87,332.72,308.34,320.29,47.86,53.06,51.95,417298,Weakening,Weak,48.65%,0.72,296.63,343.95,53%
EXPD,"Expeditors Intl","Transportation - Services",192.15,+0.63%,7,Buy,"100% Buy",+57.36,+59.93%,171.39,183.23,162.74,189.65,60.26,43.42,15.52,1280762,Strongest,Maximum,62.46%,1.19,185.26,194.05,78%
RELL,"Richardson Electrncs","Electronics - Parts Distrib",16.59,+3.30%,5,Sell,"8% Buy",+57.33,+65.73%,17.43,18.09,15.74,17.02,43.79,49.22,39.05,182023,Weakest,Weak,31.04%,0.46,15.95,18.09,30%
DXPE,"Dxp Enterprise","Machinery - General Industrial",188.19,+1.58%,4,Buy,"100% Buy",+57.24,+62.07%,169.65,180.27,161.77,185.39,54.72,45.56,57.98,150887,Strongest,Strong,63.49%,0.84,178.35,192.43,70%
ANET,"Arista Networks Inc","Internet - Software",205.42,+3.02%,4,Buy,"100% Buy",+56.78,+37.30%,174.12,187.9,163.05,194.65,59.85,20.79,43.34,7930114,Strongest,Maximum,83.91%,0.76,184.16,205.14,101%
CARE,"Carter Bankshares Inc","Banks - Northeast",30.7,-0.29%,5,Sell,"40% Buy",+56.55,+55.29%,30.67,32.36,27.84,31.26,41.03,38.78,42.72,275083,Weakest,Soft,34.11%,0.47,30.4,32.13,17%
CSCO,"Cisco Systems Inc","Computer - Networks",111.46,+1.78%,3,Sell,"8% Buy",+56.43,+63.41%,113.41,113.07,102.59,110.03,50.92,46.9,31.27,22437291,Weakest,Weak,61.59%,1.12,107.41,112.65,77%
CAT,"Caterpillar Inc","Machinery - Construct & Mining",816.5,+0.93%,2,Sell,"8% Sell",+56.34,+75.01%,881.54,837.42,835.72,804.02,50.18,58.5,29.1,2816643,Weakest,Minimum,61.97%,0.68,776.86,831.18,73%
ACA,"Arcosa Inc","Building & Construction - Misc",146.22,+0.26%,8,Buy,"100% Buy",+55.58,+52.74%,138.24,145.2,129.52,145.4,68.05,36.23,24.1,456363,Strengthening,Strong,79.92%,0.77,144.87,145.93,127%
AMTB,"Mercantil Bank Holding Cl A","Banks - Southeast",29.54,-0.87%,8,Buy,"100% Buy",+55.33,+42.71%,26.06,28.59,24.8,29.17,56.49,26.2,37.98,301395,Average,Strong,79.30%,0.99,28.33,30.01,72%
CVLG,"Covenant Logistics Group Inc","Transportation - Truck",33.88,+0.24%,5,Sell,"24% Sell",+54.62,+52.82%,39.02,37.95,35.48,34.9,38.75,36.31,40.29,184138,Weakening,Minimum,23.48%,0.76,33.43,36.37,15%
ANGO,"Angiodynamics Inc","Medical Instruments",15.42,-0.13%,4,Hold,"80% Buy",+54.44,+43.18%,13.49,15.08,12.61,15.56,50.98,26.67,6.66,461439,Average,Strong,38.89%,0.66,15.04,16.08,36%
RBKB,"Rhinebeck Bancorp Inc","Banks - Northeast",13.03,+0.31%,3,Buy,"100% Buy",+54.42,+51.51%,12.16,12.55,11.83,12.81,59.93,35,38.33,60117,Strongest,Good,64.35%,0.97,12.51,13.12,86%
PNRG,"Primeenergy Corp","Oil - US Exploration & Product",208.49,-1.29%,5,Buy,"56% Buy",+54.25,+25.96%,202.14,200.21,205.08,212.04,50.03,9.45,8.49,66717,Weakest,Weak,30.80%,1.06,205.43,218.66,23%
ESP,"Espey Mfg. & Electronics","Electronics - Military",63.69,-1.56%,4,Buy,"88% Buy",+53.99,+38.49%,62.26,61.5,61.34,63.12,52.85,21.98,21.71,32363,Weakening,Soft,71.94%,0.47,61.47,64.76,67%
AVR,"Anteris Technologies Global Corp","Medical Instruments",8.15,-0.12%,3,Sell,"8% Sell",+53.43,+55.53%,8.64,8.63,7.72,8.59,40.85,39.02,49.9,1014373,Average,Weak,17.45%,0.9,8.07,9.11,8%
BIIB,"Biogen Inc","Medical - Biomedical",219.07,+1.66%,4,Buy,"100% Buy",+53.29,+53.73%,204.23,210.96,197.8,217.98,54.87,37.22,11.05,1310688,Strongest,Strong,53.02%,0.91,211.44,224.53,58%
WEYS,"Weyco Gp Inc","Shoes and Related Apparel",44.4,-0.67%,2,Buy,"88% Buy",+53.11,+43.83%,39.41,43.02,37.25,44.7,51.39,27.32,31.72,17842,Average,Strong,52.46%,0.85,43.82,45.58,33%
TRDA,"Entrada Therapeutics Inc","Medical - Biomedical",6.64,-1.63%,3,Hold,"80% Sell",+53.05,+22.51%,7.37,6.95,9.12,7.05,43.3,6,-48.84,310763,Strengthening,Average,33.57%,1.05,6.49,7.6,14%
LSCC,"Lattice Semicond","Electronics - Semiconductors",117.24,+5.66%,4,Sell,"8% Sell",+52.94,+62.52%,129.76,121.98,119.74,113.89,51.07,46.01,45.91,1934527,Weakest,Minimum,51.19%,1.34,105.47,122.31,70%
ATLO,"Ames Natl Corp","Banks - Midwest",32.02,+0.34%,4,Buy,"100% Buy",+52.85,+54.61%,30.16,31.22,29.36,31.98,52.43,38.1,26.03,50370,Average,Good,64.05%,0.64,31.13,32.82,52%
PCVX,"Vaxcyte Inc","Medical - Biomedical",58.92,+1.36%,2,Hold,"80% Buy",+52.73,+85.57%,55.46,58.43,56.51,60.18,47.77,69.06,14.27,1373089,Weakening,Average,32.59%,1.05,58.09,62.28,20%
PANL,"Pangaea Logistics So","Transportation - Ship",8.52,+1.67%,5,Buy,"100% Buy",+52.53,+57.20%,7.66,7.79,7.7,8.28,62.16,40.69,10.41,543241,"Top 1%",Average,68.55%,1.3,7.93,8.63,85%
FF,"Futurefuel Corp",Biofuels,5.42,-2.52%,2,Buy,"100% Buy",+52.40,+40.78%,4.81,5.22,4.58,5.39,51.56,24.27,56.48,385886,Average,Strong,70.13%,0.56,5.19,5.59,57%
PHVS,"Pharvaris N.V.","Medical - Biomedical",36.02,-0.96%,2,Buy,"88% Buy",+52.36,+42.03%,33.48,35.39,31.48,36.77,47.72,25.52,16.37,418887,Weakest,Strong,31.71%,0.9,34.33,39.22,35%
VPG,"Vishay Precision Group","Electronics - Misc Components",64.95,+3.67%,2,Sell,"56% Sell",+52.11,+97.30%,94.65,77.31,78.84,62.98,46.3,80.79,55.27,415966,Weakening,Weak,54.14%,0.72,59.36,66.6,77%
STLD,"Steel Dynamics Inc","Steel - Producers",229.99,-2.24%,3,Sell,"8% Sell",+51.90,+65.14%,244.64,243.83,226.25,237.48,41.61,48.63,22.3,1238332,Weakening,Minimum,34.27%,0.74,227.35,247.61,13%
BELFB,"BEL Fuse Inc Cl B","Electronics Products - Misc",243.46,+0.62%,4,Sell,"24% Sell",+51.54,+71.35%,272.81,263.35,256.3,244.21,45.05,54.84,30.09,217721,Weakest,Weak,51.52%,0.71,230.35,258.06,47%
SPB,"Spectrum Brands Holdings Inc","Consumer Prdts - Misc Discr",85.22,-1.10%,6,Sell,"40% Buy",+51.06,+61.89%,84.7,87.94,82.33,87.14,42.36,45.38,30.82,353971,Weakest,Soft,35.73%,0.77,84.41,89.88,15%
CBNA,"Chain Bridge Bancorp Inc Cl A","Banks - Northeast",47.22,+0.43%,5,Buy,"100% Buy",+50.98,+45.52%,41.8,45.53,39.69,46.29,57.35,29.01,22.89,10425,Strongest,Strong,70.14%,0.69,45.01,47.58,86%
CVEO,"Civeo Corp","Hotels & Motels",34.43,+0.29%,1,Buy,"100% Buy",+50.81,+51.81%,33.34,33.43,31.73,33.72,58.31,35.3,37.12,90675,Strongest,Average,74.48%,0.97,33.01,34.42,101%
OBK,"Origin Bancorp Inc","Banks - Southeast",53.64,-0.17%,5,Buy,"88% Buy",+50.72,+50.08%,51.02,53.52,48.28,53.69,49.69,33.57,29.19,179568,Weakest,Strong,50.00%,1.09,52.61,54.78,48%
KNX,"Knight-Swift Transporation","Transportation - Truck",66.62,-0.09%,2,Sell,"24% Sell",+50.55,+66.38%,71.63,70.54,67.54,68.34,42.13,49.87,14,3632491,Weakening,Minimum,22.18%,0.85,65.38,71.3,21%
PHOE,"Phoenix Asia Holdings Limited","Building - Heavy Construction",19.61,+0.56%,2,Sell,"24% Buy",+50.51,+128.02%,19.77,21.82,18.32,20.4,46.14,111.51,9.13,51455,Weakest,Weak,17.39%,0.1,18.77,22.03,26%
PKBK,"Parke Bancorp Inc","Banks - Northeast",33.94,+0.21%,6,Buy,"72% Buy",+50.39,+53.85%,32.73,33.98,31.32,34.12,47.03,37.34,22.11,73921,Weakest,Good,36.04%,0.67,33.37,34.88,38%
NSP,"Insperity Inc",Staffing,50.26,-0.10%,3,Hold,"64% Buy",+50.19,-0.24%,43.41,51.1,37.49,51.24,47.5,-16.75,16.37,903441,Weakest,Good,29.87%,0.58,48.97,53.5,28%
RRBI,"Red River Bancshares Inc","Banks - Southwest",101.61,-0.51%,6,Buy,"88% Buy",+50.15,+53.68%,96.08,100.88,94.32,101.98,49.67,37.17,28.83,66357,Weakening,Average,44.35%,0.97,99.85,104.11,41%
NBIS,"Nebius Group N.V. Cl A","Internet Software Services",232.8,+4.14%,4,Buy,"88% Buy",+49.80,+134.42%,216.85,212.22,184.27,218.08,55.37,117.91,164.69,17125373,Strengthening,Average,50.01%,0.81,194.66,241.49,81%
BZH,"Beazer Homes USA","Building - Residential & Comm",33.36,+0.12%,9,Buy,"100% Buy",+49.76,+33.92%,29.15,33.08,26.83,33.24,62.15,17.41,51.15,570618,Weakening,Strong,72.59%,0.5,33.11,33.38,93%
LION,"Lionsgate Studios Corp","Media Conglomerates",11.48,+6.89%,2,Sell,"8% Sell",+49.35,+67.35%,13.02,12.22,12,11.29,48.68,50.84,12.31,3065414,Weakest,Minimum,44.12%,1.83,10.81,11.77,69%
BWFG,"Bankwell Financial","Banks - Northeast",65.94,-1.23%,6,Hold,"80% Buy",+49.25,+44.64%,59.89,65.5,56.25,66.62,47.04,28.13,30.48,54875,Weakening,Strong,59.21%,0.94,64.93,68.32,30%
COKE,"Coca-Cola Consolidated Inc","Beverages - Soft",189.9,-1.13%,8,Buy,"72% Buy",+49.17,+67.73%,185.77,188.91,189.24,194.23,46.65,51.22,10.44,530617,Weakening,Weak,52.37%,1.04,186.67,201.78,21%
LFUS,"Littelfuse Inc","Electronics - Misc Components",409.54,+0.41%,6,Sell,"8% Sell",+49.12,+55.90%,436.41,422.2,409.53,410.85,46.89,39.39,48.49,287521,Weakest,Minimum,36.19%,0.68,391.54,430.15,47%
ATNI,"Atn International","Wireless National",29.67,+3.27%,1,Hold,"80% Buy",+49.02,+94.94%,27.43,28.18,27.37,30.19,49.82,78.43,16.7,73902,Strengthening,Average,22.52%,1.26,29,31.38,28%
INTG,"Intergroup Corp","Real Estate Developers",38.04,+2.18%,10,Buy,"56% Buy",+48.88,+101.27%,37.11,34.81,36.35,36.21,59.35,84.76,20.56,51769,Average,Weak,66.85%,0.49,33.19,39.22,80%
PBI,"Pitney Bowes Inc","Office Automation & Equipment",16.54,-1.84%,6,Sell,"24% Buy",+48.76,+40.29%,16.94,17.36,15.1,17.13,39.43,23.78,43.05,2569634,Weakest,Soft,29.50%,1.01,16.6,17.65,-6%
ATLC,"Atlanticus Holdings Corp","Finance - Misc Services",91.03,-2.14%,2,Sell,"24% Buy",+48.66,+29.58%,93.16,97.71,81.77,93.19,42.36,13.07,22.54,106681,Weakening,Soft,54.60%,0.65,89.79,96.6,18%
DIOD,"Diodes Inc","Electronics - Semiconductors",90.73,-1.78%,4,Hold,Hold,+48.33,+68.21%,98.83,91.88,90.93,90.67,48.14,51.7,70.46,546166,Bearish,,55.30%,1.18,87.41,93.92,51%
KOPN,"Kopin Corp","Electronics Products - Misc",4.85,+2.32%,3,Buy,"72% Buy",+48.30,+80.30%,4.57,4.32,3.87,4.51,57.86,63.79,93.83,5129919,Strengthening,Average,85.79%,0.54,4.08,4.94,89%
PWR,"Quanta Services","Engineering & R&D Services",642.61,+0.93%,4,Sell,"8% Sell",+48.22,+65.37%,678.54,641.77,643.21,621.07,52.54,48.86,38.83,1118603,Weakest,Minimum,63.58%,0.72,596.14,646,93%
BOLD,"Boundless Bio Inc","Medical - Biomedical",2.83,+0.71%,1,Buy,"88% Buy",+47.80,+148.25%,2.23,2.73,1.9,2.86,53.76,131.74,122.4,520021,Average,Strong,30.70%,0.75,2.77,2.94,35%
ATKR,"Atkore Inc","Wire & Cable Products",94.47,+0.16%,8,Buy,"100% Buy",+47.76,+56.69%,82.48,87.77,76.35,93.95,71.08,40.18,35.93,545003,Average,Maximum,80.77%,0.58,93.23,94.68,86%
AAOI,"Applied Optoelect","Electronics - Semiconductors",108.67,+3.33%,3,Sell,"40% Sell",+47.73,+274.85%,139.16,112.42,128.35,105.1,49.7,258.34,198.3,9836211,Weakening,Weak,43.52%,0.84,93.97,116.23,66%
TRST,"Trustco Bank Corp NY","Banks - Northeast",56.34,-0.58%,8,Hold,"64% Buy",+47.57,+44.02%,54.21,56.74,51.04,57.38,44.56,27.51,22.89,123023,Weakest,Strong,30.91%,0.76,55.81,58.94,17%
IX,"Orix Corp ADR","Finance - Misc Services",39.67,+0.94%,5,Hold,"64% Buy",+47.52,+46.65%,38.77,39.7,36.42,39.57,50.56,30.14,22.33,311561,Weakening,Average,36.21%,0.89,38.47,40.67,55%
POWW,"Outdoor Holding Company","Aerospace - Defense Equipment",2.23,+1.83%,1,Buy,"88% Buy",+46.78,+54.86%,2.16,2.21,2.12,2.16,55.36,38.35,16.98,608995,Strengthening,Average,57.92%,0.98,2.09,2.24,95%
PSTL,"Postal Realty Trust Cl A","REIT - Equity Trust Other",23.62,-0.04%,7,Buy,"96% Buy",+46.47,+45.53%,23.41,23.46,22.18,23.62,51.08,29.02,32.91,310412,Weakening,Average,53.85%,1.34,23.03,24.22,50%
SAIC,"Science Applications International","IT Services",133.35,+0.12%,6,Buy,"100% Buy",+46.37,+28.38%,114.28,123.94,107.57,129.15,65.38,11.87,19.05,590979,Strengthening,Maximum,62.35%,0.68,123.64,134.67,88%
ALRS,"Alerus Financial Corp","Finance - Misc Services",32.44,-0.95%,3,Hold,"64% Buy",+46.36,+40.25%,30.94,32.99,28.79,33.07,41.56,23.74,30.62,168977,Weakest,Good,27.22%,0.69,32.45,33.69,-1%
DDI,"Doubledown Interactive ADR",Gaming,13.1,+2.75%,1,Buy,"100% Buy",+46.17,+38.33%,11.89,12.24,10.87,12.78,65.98,21.82,38.37,106644,Strongest,Strong,58.72%,1.61,12.57,12.98,129%
DAVE,"Dave Inc","Technology Services",350.65,+3.80%,6,Sell,"40% Buy",+45.81,+47.00%,332.59,374.16,290.95,363.61,46.79,30.49,44.94,519794,Weakest,Average,27.83%,0.73,336.32,390.9,26%
BAP,"Credicorp Ltd","Banks - Foreign",389.97,+2.13%,6,Sell,"72% Buy",+45.60,+48.50%,366.77,383.21,356.8,378.42,58.87,31.99,22.45,420205,Average,Average,85.33%,0.64,367.17,389.66,101%
WEST,"Westrock Coffee Company","Beverages - Soft",7.69,-1.91%,1,Sell,"8% Sell",+45.47,+51.38%,7.95,7.94,6.84,7.86,42.44,34.87,75.51,503564,Average,Weak,31.55%,0.9,7.48,8.25,28%
GEV,"GE Vernova Inc","Other Alt Energy",946.22,+0.63%,4,Sell,"8% Sell",+45.34,+51.60%,1009.67,980.61,975.86,929.41,49.68,35.09,31.35,2780197,Weakest,Minimum,59.87%,1.06,879.34,979.48,67%
HRTG,"Heritage Insurance Holdings","Insurance - Proprty & Casualty",34.15,-0.78%,1,Hold,"80% Buy",+45.34,+20.25%,28.17,31.96,27.75,34.41,53.18,3.74,3.28,353457,Average,Strong,60.41%,0.59,33.49,35.33,36%
CERS,"Cerus Corp","Medical Products",2.56,-3.40%,1,Sell,Hold,+44.91,+75.34%,2.71,2.71,2.48,2.6,46.06,58.83,10.84,2103152,Falling,,68.06%,0.87,2.44,2.76,38%
WAT,"Waters Corp","Medical Instruments",423.92,+0.54%,5,Buy,"100% Buy",+44.74,+40.90%,377.28,399.45,355.19,413.48,60.25,24.39,-1.82,929788,Strengthening,Strong,82.78%,1.01,399.39,427.58,87%
FISI,"Financial Institut","Banks - Northeast",40.33,-0.76%,4,Hold,"48% Buy",+44.70,+49.32%,38.71,40.85,36.63,40.81,44.61,32.81,15.96,148988,Weakest,Good,42.16%,0.64,40.09,41.52,17%
GSL,"Global Ship Lease Inc","Transportation - Ship",45.59,-0.55%,5,Buy,"100% Buy",+44.56,+43.09%,41.41,43.63,40.51,45.27,57.1,26.58,16.68,340347,Strengthening,Strong,70.01%,0.85,44.07,46.46,63%
SMBK,"Smartfinancial Inc","Banks - Northeast",51.54,-0.29%,4,Buy,"100% Buy",+44.39,+39.71%,47.23,51.04,44.86,51.32,51.83,23.2,25.9,93715,Average,Strong,65.21%,0.69,50.07,52.57,59%
HBT,"Hbt Financial Inc","Banks - Northeast",35.69,-0.89%,6,Buy,"88% Buy",+44.26,+37.27%,32.44,35.4,30.76,36.06,46.81,20.76,24.64,98075,Weakening,Strong,48.48%,0.8,35.27,36.85,27%
PFIS,"Peoples Finl Svcs Company","Banks - Northeast",69.96,-0.82%,4,Buy,"72% Buy",+44.10,+36.35%,65.71,70.25,62.09,70.59,45.78,19.84,30.2,50094,Weakest,Strong,42.46%,1.03,68.6,72.59,34%
SNEX,"Stonex Group Inc","Finance - Misc Services",67.48,+0.72%,5,Sell,"24% Sell",+44.10,+63.70%,74.85,70.22,68.9,68.4,45.37,47.19,46.17,1047332,Weakest,Minimum,20.17%,0.5,66.12,70.68,30%
OCC,"Optical Cable Corp","Fiber Optics",14.78,-0.27%,4,Sell,"24% Buy",+44.08,+64.22%,15.06,14.7,12.85,13.69,53.35,47.71,218.7,357760,Weakest,Weak,76.33%,0.63,12.33,15.05,90%
ACNB,"Acnb Corp","Banks - Southwest",63.85,-1.12%,4,Sell,"72% Buy",+44.02,+41.39%,59.68,63.84,56.2,64.77,46.21,24.88,18.63,57722,Weakening,Strong,25.54%,0.76,63.68,65.87,8%
TMP,Tompkinstrustco,"Banks - Northeast",98.48,-0.87%,3,Buy,"100% Buy",+43.94,+42.37%,93,97.87,88.56,98.04,51.43,25.86,22.37,79276,Strengthening,Strong,63.10%,0.97,96.21,99.87,62%
KEX,"Kirby Corp","Transportation - Ship",135.63,-1.97%,5,Hold,"16% Sell",+43.85,+61.37%,140.62,139.21,138.75,139.21,41.56,44.86,9.67,650244,Weakening,Minimum,26.79%,0.86,135.73,142.68,-2%
CSTM,"Constellium Se","Metal Products - Distribution",25.5,-0.20%,4,Sell,"72% Sell",+43.70,+65.26%,30.39,27.84,29.16,26.49,38.89,48.75,21.85,1915271,Strongest,Average,23.09%,0.64,25.15,27.82,13%
FRST,"Primis Financial Corp","Finance - Misc Services",15.92,+0.06%,4,Sell,"40% Buy",+43.70,+47.68%,15.55,16.09,14.86,16.02,46.43,31.17,1.02,172671,Weakest,Average,41.67%,0.82,15.68,16.37,35%
TXN,"Texas Instruments","Semi General",270.87,+1.59%,3,Sell,"8% Buy",+43.38,+51.01%,286.33,273.08,261.34,260.92,54.54,34.5,42.7,7655343,Weakest,Minimum,67.80%,1.16,251.81,270.03,105%
CAC,"Camden Natl Corp","Banks - Northeast",57.19,-0.63%,5,Buy,"88% Buy",+43.16,+42.19%,53.85,56.94,51.9,57.25,49.21,25.68,18.4,98827,Weakening,Strong,64.99%,0.89,56,58.5,48%
PARK,"Park Dental Partners Inc","Medical Services",20.69,+1.72%,2,Buy,N/A,+43.05,N/A,19.57,20.39,18.99,20.74,50.12,N/A,26.75,N/A,N/A,N/A,36.68%,0.88,19.98,21.5,47%
ASYS,"Amtech Systems Inc","Semi General",14.98,+5.49%,4,Sell,"72% Sell",+43.01,+65.71%,17.91,15.51,16.43,14.62,50.55,49.2,5.93,364805,Weakening,Weak,42.80%,0.79,13.42,15.82,65%
PLBC,"Plumas Bancorp","Banks - West",62.08,-1.00%,5,Buy,"88% Buy",+42.99,+43.31%,58.03,61.68,55.5,62.1,50.51,26.8,25.48,46388,Weakening,Strong,61.70%,0.71,60.76,63.44,49%
SDRL,"Seadrill 2021 Ltd","Oil & Gas - Drilling",46.58,-1.92%,7,Hold,"80% Buy",+42.84,+50.21%,45.62,45.89,45.48,48.16,46.72,33.7,21.19,798378,Weakening,Soft,23.41%,0.55,45.94,50.37,14%
WKC,"World Kinect Corp","Oil - Refining and Marketing",35.59,-1.00%,5,Sell,"56% Buy",+42.73,+34.81%,33.37,36.59,30.25,35.49,48.22,18.3,38.47,995830,Weakest,Good,62.73%,1.17,34.94,36.04,59%
FA,"First Advantage Corp","Internet - Software",20.49,-1.11%,4,Buy,"56% Buy",+42.68,+33.75%,18.62,21.07,16.19,20.89,46.4,17.24,27.59,1408017,Weakest,Strong,34.81%,0.65,19.82,21.95,31%
SGMT,"Sagimet Biosciences Inc Series A","Medical - Biomedical",10.8,-2.61%,8,Buy,"100% Buy",+42.67,+65.64%,8.26,9.33,7.36,10.73,57.18,49.13,69,1100885,Strengthening,Maximum,66.97%,0.68,10.17,11.29,56%
ICLR,"Icon Plc","Medical Services",169.55,+3.31%,3,Hold,"80% Buy",+42.60,-2.56%,153.48,167.3,137.55,166.86,52.95,-19.07,-20.38,1239802,Weakening,Average,53.27%,1.33,157.8,175.92,65%
MD,"Pediatrix Medical Group Inc","Medical Services",25.77,-0.62%,5,Sell,"56% Buy",+42.36,+58.39%,24.92,26.34,23.58,26.59,41.94,41.88,7.05,812524,Weakest,Soft,21.16%,0.64,25.71,27.48,3%
CFBK,"Central Fed Corp","Banks - Northeast",34.46,-0.12%,6,Hold,"64% Buy",+42.28,+41.23%,32.08,34.78,31.15,34.98,42.14,24.72,24.69,55583,Weakest,Good,12.86%,0.43,34.15,35.8,19%
LIVN,"Livanova Plc OR Sh","Medical Instruments",78.17,+0.21%,6,Sell,"40% Buy",+42.07,+42.13%,77.36,79.86,73.11,79.6,44.96,25.62,13.61,731061,Weakening,Average,16.31%,0.89,76.97,82.23,23%
CURV,"Torrid Holdings Inc","Retail - Apparel & Shoes",2.32,+0.87%,6,Hold,"64% Buy",+42.02,+28.18%,2,2.33,1.85,2.26,52.78,11.67,123.69,571206,Average,Average,25.98%,0.53,2.07,2.44,67%
SAN,"Banco Santander ADR","Banks - Foreign",14.62,+2.17%,3,Buy,"88% Buy",+42.01,+42.77%,13.53,14.35,12.94,14.68,50.9,26.26,11.21,10758623,Average,Strong,37.78%,0.47,14.31,15.05,42%
BELFA,"BEL Fuse Cl A","Electronics Products - Misc",197.66,-0.59%,4,Sell,"72% Sell",+41.67,+67.35%,234.09,218.08,224.74,202.18,41.77,50.84,16.78,103633,Strengthening,Average,39.54%,0.5,189.5,214.86,32%
SCSC,"Scansource Inc","Technology Services",57.29,+0.72%,5,Buy,"100% Buy",+41.55,+30.80%,51.27,55.65,46.61,57.03,53.29,14.29,33.24,235956,Strengthening,Strong,57.12%,0.87,54.92,59.14,56%
OBT,"Orange County Bancor","Banks - Northeast",37.43,-2.75%,3,Hold,"48% Buy",+41.40,+43.74%,36.62,38.13,35.54,38.12,42.52,27.23,17.67,58671,Weakest,Average,72.07%,1.2,37.42,38.82,1%
PKE,"Park Electrochemical Corp","Aerospace - Defense Equipment",30.3,-0.13%,2,Sell,"24% Sell",+41.32,+59.31%,33.98,33.76,32.32,31.56,37.35,42.8,28.56,274107,Average,Weak,17.99%,0.64,29.84,33.28,13%
GPRE,"Green Plains Inc","Chemical - Specialty",14.85,-1.98%,1,Sell,"24% Sell",+41.06,+53.89%,15.91,15.89,15.76,14.97,45.16,37.38,38.1,1484721,Average,Weak,54.25%,0.83,14.17,15.76,43%
MBBC,"Marathon Bancorp Inc","Banks - Northeast",15.29,-0.65%,3,Hold,"96% Buy",+40.92,+45.90%,14.75,15.08,14.27,15.16,55.07,29.39,12.31,7795,Strengthening,Average,90.29%,0.34,14.92,15.4,76%
FBIZ,"First Business Finan","Banks - Midwest",71.1,+0.42%,8,Buy,"88% Buy",+40.91,+35.95%,64.28,69.71,61.32,71.36,51.17,19.44,17.51,43530,Average,Strong,41.78%,0.72,69.28,73.45,44%
AVBC,"Avidia Bancorp Inc","Banks - Northeast",21.92,-2.97%,5,Hold,"80% Buy",+40.87,+39.62%,20.77,21.66,20.37,22.03,49.67,23.11,16.97,102826,Weakening,Good,67.58%,1.15,21.61,22.45,37%
PBFS,"Pioneer Bancorp Inc","Banks - Northeast",18.04,-0.50%,8,Buy,"100% Buy",+40.65,+35.74%,16.71,17.57,15.84,17.95,55.28,19.23,20.4,15156,Average,Strong,27.12%,0.68,17.33,18.57,57%
GEF,"Greif Bros Corp","Containers - Paper Products",83.32,+0.74%,1,Sell,"56% Buy",+40.57,+39.75%,75.51,83.42,73.29,83.78,48.59,23.24,9.64,247939,Average,Good,51.29%,1.24,81.23,86.32,41%
SNOW,"Snowflake Cl A","Internet - Software",339.39,+2.09%,4,Buy,"100% Buy",+40.51,+47.25%,261.03,311.94,227.42,329.26,56.96,30.74,41.29,6642857,Strongest,Maximum,40.72%,0.74,308.65,349.88,75%
SITM,"Sitime Corp","Electronics Products - Misc",638.32,+3.92%,6,Buy,"40% Buy",+40.47,+104.03%,646.42,597.83,564.96,586.95,55.91,87.52,67.3,465152,Weakening,Weak,74.34%,1.58,534.35,639.55,99%
OSBC,"Old Second Bancorp","Banks - Midwest",24.83,-0.64%,3,Sell,"56% Buy",+40.44,+38.79%,23.38,25.02,22.35,25.3,41.83,22.28,13.9,388176,Weakest,Good,30.10%,0.81,24.78,25.83,5%
CTS,"Cts Corp","Electronics - Misc Components",58.67,+0.63%,6,Sell,"8% Buy",+40.35,+40.66%,61.25,59.99,57.91,56.99,52.17,24.15,23.43,238686,Weakest,Minimum,87.24%,1.02,55.62,58.36,111%
FLEX,"Flextronics Intl Ltd","Electronics Products - Misc",111.61,+2.86%,5,Sell,"8% Buy",+40.23,+90.30%,128,116.36,108.65,109.86,48.71,73.79,71.29,5028617,Weakest,Minimum,48.37%,0.77,104.29,115.42,66%
IBRX,"Immunitybio Inc","Medical - Biomedical",8.45,-0.35%,6,Buy,"72% Buy",+40.14,+209.52%,7.77,7.75,7.9,8.11,57.07,193.01,313.34,20334107,Weakening,Weak,69.65%,1.36,7.62,8.61,84%
LITB,"Lightinthebox Holding Ltd ADR","Internet Services - Delivery",3.06,+2.68%,3,Sell,"40% Buy",+39.96,+53.67%,3.02,3.11,2.82,3.08,49.26,37.16,23.18,10982,Weakening,Weak,26.67%,0.6,2.91,3.25,44%
RBB,"Rbb Bancorp","Banks - West",26.75,+0.19%,4,Hold,"80% Buy",+39.92,+37.53%,25.76,26.71,24.5,26.51,52.85,21.02,16.17,110884,Strengthening,Good,63.43%,0.61,25.97,27.06,72%
SCL,"Stepan Company","Chemical - Diversified",61.81,-0.11%,1,Sell,"56% Buy",+39.89,+27.29%,57.47,61.99,55.33,62.13,47.93,10.78,17.08,160464,Weakening,Good,60.40%,0.77,61.01,63.25,36%
BCAX,"Bicara Therapeutics Inc","Medical - Biomedical",22.01,-2.78%,3,Sell,"8% Sell",+39.87,+110.82%,24.22,25.18,22.71,23.31,37.72,94.31,17.35,601854,Weakening,Minimum,21.38%,0.56,21.79,24.82,7%
MGNI,"Magnite Inc","Internet - Software",25.31,+0.64%,6,Buy,"100% Buy",+39.67,-2.35%,19.13,22.43,16.95,24,63.75,-18.86,42.52,2520418,Strengthening,Maximum,66.44%,0.65,22.57,25.42,96%
LGN,"Legence Corp. Cl A","Engineering & R&D Services",54.59,-2.17%,2,Sell,"88% Sell",+39.41,+74.24%,73.37,61.4,68.54,54.61,44.55,57.73,13.41,1408217,Strengthening,Average,57.40%,0.43,50.68,58.55,50%
VOYA,"VOYA Financial Inc","Insurance - Life",100.53,-1.02%,7,Hold,"80% Buy",+39.39,+31.22%,93.46,100.39,85.83,101.86,48.01,14.71,21.53,1096028,Weakening,Strong,26.48%,1.08,99,104.73,27%
SRCE,"1st Source Corp","Banks - Midwest",85.81,-0.08%,6,Sell,"40% Buy",+38.34,+34.82%,81.39,86.57,77.63,86.3,45.87,18.31,23.89,127200,Weakest,Good,43.51%,0.74,85.07,87.52,30%
PRM,"Perimeter Solutions Inc","Chemical - Specialty",31.63,-1.71%,6,Sell,"8% Buy",+38.11,+44.50%,32.9,32.77,30.3,31.37,48.21,27.99,1.46,1263865,Weakening,Minimum,78.72%,0.74,30.17,32.56,61%
BWA,"Borgwarner Inc","Auto - Truck Original Parts",63.32,0.00%,1,Sell,"8% Sell",+38.06,+43.19%,65.97,65.06,62.26,64.61,44.29,26.68,27.09,2853971,Weakening,Weak,32.22%,1.2,61.96,67.26,26%
THC,"Tenet Healthcare Corp","Medical - Hospitals",260.97,-0.39%,1,Buy,"88% Buy",+38.04,+37.25%,217.2,250.51,214.9,265.47,50.22,20.74,17.9,1153462,Average,Strong,40.42%,0.63,255.69,275.24,27%
CNO,"Cno Financial Group","Insurance - Multi Line",54.4,-1.47%,6,Buy,"72% Buy",+38.02,+37.37%,51.54,54.43,48.32,55.19,45.59,20.86,14.66,758316,Weakest,Strong,26.86%,0.77,53.84,56.53,21%
MSM,"Msc Industrial Direct Company","Industrial Services",121.63,-0.47%,5,Sell,"56% Buy",+38.00,+33.67%,117.18,122.09,109.13,119.95,53.23,17.16,31.2,702800,Weakest,Average,83.71%,1.1,116.73,123.16,76%
PDLB,"Ponce Financial Group Inc","Finance - Misc Services",20.5,+0.94%,4,Buy,"100% Buy",+37.76,+37.31%,19.56,20.31,18.66,20.35,53.15,20.8,11.95,76224,Strengthening,Strong,53.99%,0.95,20.02,20.69,71%
FVCB,"Fvcbankcorp Inc","Banks - Southeast",18.12,+0.61%,1,Sell,"40% Buy",+37.60,+35.32%,17.33,18.34,16.66,18.32,45.13,18.81,16.84,113796,Weakest,Good,37.14%,0.9,17.97,18.68,22%
CASS,"Cass Information Sys","Computer - Services",55.09,+0.64%,1,Sell,"56% Buy",+37.54,+32.78%,52.04,55.78,49.79,55.88,44.27,16.27,19.25,81081,Weakest,Good,32.97%,1.12,54.31,57.44,25%
SHBI,"Shore Bancshares Inc","Banks - Northeast",23.19,-0.17%,4,Sell,"40% Buy",+37.53,+34.75%,22.28,23.49,21.11,23.22,47.01,18.24,17.74,218975,Weakest,Good,55.31%,0.71,22.81,23.63,46%
CCO,"Clear Channel Outdoor Holdings","Advertising Marketing Services",2.38,0.00%,3,Sell,"24% Sell",+37.47,+70.00%,2.4,2.39,2.39,2.38,49.53,53.49,-5.74,6740309,Weakening,Minimum,66.03%,0.23,2.35,2.4,56%
CBC,"Central Bancompany Inc Cl A","Banks - Northeast",31.81,-0.13%,4,Sell,"40% Buy",+37.46,N/A,30.41,32.3,28.46,32.21,46,N/A,18.45,663319,Weakest,Good,35.15%,2.28,31.44,32.98,24%
TECH,"Bio-Techne Corp","Medical - Biomedical",72.47,+0.14%,3,Buy,"100% Buy",+37.22,+36.35%,63.85,72.12,60.91,72.33,62.92,19.84,9.8,3189792,Average,Strong,67.33%,1.51,72.12,72.54,84%
BPRN,"Princeton Bancorp Inc","Banks - Northeast",43.18,-0.78%,4,Buy,"100% Buy",+37.09,+35.32%,39.05,41.83,37.55,42.99,54.63,18.81,11.04,16190,Average,Maximum,64.70%,0.72,41.86,44.12,58%
TRV,"The Travelers Companies","Insurance - Proprty & Casualty",371.13,-0.93%,4,Buy,"88% Buy",+37.00,+33.98%,339.88,370.58,326.83,371.29,50.23,17.47,14.52,1656995,Average,Strong,63.06%,0.61,361.92,380.66,49%
PACS,"Pacs Group Inc","Medical Services",42.06,-0.14%,2,Sell,"40% Buy",+36.83,+251.38%,41.17,44.6,39.17,43.31,41.05,234.87,-3.87,926602,Weakest,Weak,13.93%,0.89,41.26,45.35,20%
BGC,"Bgc Partners Cl A","Finance - Investment Brokers",12.45,+1.88%,6,Buy,"100% Buy",+36.70,+27.69%,11.36,11.54,10.95,12.09,64.05,11.18,25.99,2877476,Strongest,Strong,68.65%,1.09,11.79,12.38,111%
NVEC,"Nve Corp","Electronics - Semiconductors",103.94,+3.35%,2,Sell,"40% Buy",+36.61,+57.15%,101.89,106.89,91.68,101.03,51.04,40.64,61.76,125152,Weakening,Soft,73.88%,0.71,94.3,107.77,72%
SLAB,"Silicon Labs Inc","Semi Analog & Mixed",220.87,+0.17%,9,Buy,"100% Buy",+36.55,+61.01%,218.37,218.64,214.79,219.59,61.27,44.5,55.56,483514,Strengthening,Average,61.97%,1.65,218,221.18,90%
CZFS,"Citizens Fincl Svcs","Banks - Northeast",80.01,-1.65%,3,Hold,"80% Buy",+36.53,+26.46%,73.01,79.39,69.67,81.69,45.33,9.95,26.89,16060,Average,Strong,31.78%,0.88,79.53,83.85,11%
DCOM,"Dime Commercial Bancshares Inc","Banks - Southeast",40.89,+0.39%,4,Buy,"100% Buy",+36.22,+32.24%,39.3,40.53,37.54,40.58,54.03,15.73,22.46,300509,Strengthening,Strong,64.50%,0.75,39.86,41.29,72%
ITRN,"Ituran Location","Protection - Safety",52.55,+1.72%,5,Sell,"40% Sell",+36.11,+47.32%,57.16,53.27,55.15,51.61,51.6,30.81,8.75,128881,Weakest,Weak,78.22%,0.65,50.46,52.75,91%
LXP,"Lxp Industrial Trust","REIT - Equity Trust Resident",60.86,+0.08%,1,Buy,"100% Buy",+36.04,+32.02%,56.54,60.35,53.85,60.84,61.17,15.51,9.32,622734,Strengthening,Strong,51.88%,0.89,60.61,61.07,54%
SPNT,"Siriuspoint Ltd","Insurance - Multi Line",25.17,+1.70%,6,Buy,"100% Buy",+36.03,+42.28%,23.65,24.22,23.01,24.38,64.11,25.77,1.55,735891,Strongest,Strong,74.87%,2.66,23.76,24.99,115%
PEBK,"Peoples Bancorp NC","Banks - Southeast",43.57,-1.00%,2,Buy,"88% Buy",+35.94,+39.65%,42.77,43.56,41.59,43.84,47.63,23.14,6.93,28962,Weakest,Average,42.78%,0.78,42.98,44.7,34%
WASH,"Washington TR Bncorp","Banks - Northeast",39.16,-0.38%,3,Buy,"88% Buy",+35.93,+31.10%,36.32,39.04,35.43,39.58,47.56,14.59,19.09,163676,Weakening,Strong,39.61%,0.77,38.8,40.35,23%
CLDX,"Celldex Therapeutics","Medical - Biomedical",37.89,-0.92%,3,Sell,"56% Buy",+35.90,+53.96%,35.99,39.1,34.18,39.19,42.94,37.45,26.08,927077,Weakest,Good,38.21%,0.63,37.19,41.19,18%
AGIO,"Agios Pharmaceuticals","Medical - Biomedical",33.95,+2.66%,6,Sell,"56% Buy",+35.63,-9.95%,32.95,34.43,31.87,33.57,51.81,-26.46,11.29,1099918,Average,Soft,42.04%,0.85,32.52,34.62,68%
DAN,"Dana Inc","Auto - Truck Original Parts",29.99,+0.60%,3,Buy,"40% Sell",+35.61,+46.72%,30.68,29.22,31.94,30.43,48.71,30.21,12.79,1533881,Weakest,Weak,32.10%,0.78,29.19,31.67,32%
VVX,"V2X Inc","Technology Services",77.27,+0.56%,4,Sell,"24% Buy",+35.54,+40.49%,78.16,79.17,75.01,75.66,51.65,23.98,28.22,568508,Weakest,Weak,70.54%,0.75,71.68,79.63,70%
USCB,"Uscb Financial Hldgs Inc","Banks - Southeast",23.08,-0.22%,2,Buy,"100% Buy",+35.42,+34.34%,20.6,22.18,20.08,22.82,58.01,17.83,11.87,57893,Strengthening,Maximum,72.13%,0.78,22.05,23.6,67%
CLST,"Catalyst Bancorp Inc","Banks - Southeast",18.15,+0.28%,10,Buy,"100% Buy",+35.35,+39.62%,16.69,17.29,16.58,17.79,63.54,23.11,1.81,4813,"Top 1%",Strong,62.61%,0.89,17.19,18.38,80%
FBLA,"Fb Bancorp Inc","Banks - Southeast",16.26,+0.96%,9,Buy,"100% Buy",+35.12,+32.41%,15.02,15.68,14.53,15.91,67.42,15.9,13.11,110538,Strongest,Maximum,85.16%,1.1,15.58,16.25,101%
CTBI,"Community TR Bancp","Banks - Southeast",75.56,-0.49%,3,Hold,"48% Buy",+35.05,+33.73%,72.49,76.81,69.02,76.7,41.51,17.22,20.3,95256,Weakest,Good,31.70%,0.75,75.32,78.07,9%
SABR,"Sabre Corp","Internet Software Services",2.33,+3.10%,4,Buy,"100% Buy",+35.01,+23.94%,1.93,2.04,1.79,2.18,59.47,7.43,57.89,6848544,Strengthening,Strong,61.44%,0.87,2.01,2.36,91%
PSMT,"Pricesmart Inc","Retail - Discount",170.61,+1.16%,4,Sell,"8% Buy",+34.99,+47.79%,176.52,178.94,168.47,171.34,45.07,31.28,25.65,245066,Weakest,Weak,22.98%,0.88,165.9,176.78,43%
TBN,"Tamboran Resources Corp","Oil - International Integrated",36.52,-4.52%,4,Hold,"80% Buy",+34.97,+66.23%,35.19,35.88,34.93,38.46,44.74,49.72,20.69,145846,Weakening,Soft,19.65%,0.91,36.41,40.52,3%
MSLE,"Satellos Bioscience Inc","Medical - Biomedical",9.18,-1.50%,4,Hold,"32% Buy",+34.94,+62.77%,8.29,9.51,8.38,9.38,46.01,46.26,42.69,50893,Weakest,Weak,35.86%,0.3,8.69,10.07,35%
IFS,"Intercorp Financial Services Inc","Finance - Misc Services",55.52,+0.98%,4,Sell,"56% Buy",+34.89,+38.52%,53.91,56.66,51.95,54.94,52.02,22.01,17.64,264868,Average,Average,61.02%,0.98,53.97,55.92,80%
CCNE,"Cnb Financial Corp","Banks - Northeast",33.95,-0.59%,5,Hold,"48% Buy",+34.88,+29.83%,33.05,34.43,31.75,34.17,45.25,13.32,16.3,156570,Weakest,Good,42.86%,0.67,33.5,34.85,33%
ON,"On Semiconductor","Semi Analog & Mixed",71.72,+2.49%,6,Sell,"88% Sell",+34.73,+40.43%,94.85,79.06,86.13,72.1,45.63,23.92,19.02,10353380,Average,Soft,40.42%,1.27,67.76,76.44,46%
GASS,"Stealthgas Inc","Transportation - Ship",9.38,-0.85%,2,Buy,"56% Buy",+34.45,+33.62%,9.21,9.13,9.2,9.4,51.6,17.11,20.19,140954,Weakest,Weak,49.25%,0.79,9.11,9.69,46%
PRSU,"Pursuit Attractions and Hospitality Inc","Leisure & Recreation Services",48.38,-0.98%,3,Sell,"40% Buy",+34.39,+32.15%,48.27,49.57,44.83,48.64,46.97,15.64,30.22,247632,Weakest,Soft,49.54%,1.07,47.16,50.11,41%
CBK,"Commercial Bancgroup Inc","Banks - Southeast",32.66,-0.91%,3,Sell,"40% Buy",+34.27,N/A,32.12,34.02,30.31,33.73,36.01,N/A,19.55,66020,Weakest,Average,11.85%,0.59,32.68,34.79,-1%
NWG,"Natwest Group Plc ADR","Banks - Foreign",18.95,+1.50%,6,Hold,"96% Buy",+34.08,+36.43%,17.43,18.55,16.9,18.65,55.2,19.92,-5.14,3690440,Strengthening,Strong,78.82%,0.75,18.21,19.09,84%
INDV,"Indivior Pharmaceuticals Inc","Medical - Drugs",35.53,+1.86%,1,Sell,"40% Sell",+34.03,+57.84%,38.01,37.59,35.97,34.98,47.66,41.33,-14.41,2325088,Weakening,Weak,75.31%,0.6,33.85,36.12,74%
QUIK,"Quicklogic Corp","Electronics - Semiconductors",10.74,+0.19%,2,Sell,"64% Sell",+33.96,+84.85%,15.81,12.19,13.83,10.74,42.27,68.34,65.27,324819,Weakening,Weak,61.62%,0.98,10.05,11.43,50%
BOW,"Bowhead Specialty Holdings Inc","Insurance - Proprty & Casualty",33.78,+0.12%,1,Buy,"100% Buy",+33.92,+22.04%,30.19,32.74,27.99,33.66,63.79,5.53,4.93,242174,Average,Strong,58.90%,0.4,33.53,33.79,97%
MYFW,"First Western Financial Inc","Banks - Midwest",30.83,+0.69%,4,Sell,"40% Buy",+33.61,+32.43%,30.71,31.54,28.92,30.85,47.51,15.92,1.56,41960,Weakening,Soft,21.70%,0.73,30.33,31.37,48%
AGM,"Federal Agricultural Mortgage Corp","Finance - Mortgage & Rel Svs",218.97,-0.89%,5,Sell,"56% Buy",+33.57,+19.26%,202.24,221.41,187.46,222.58,43.06,2.75,11.29,115423,Weakest,Good,35.26%,0.68,217.01,228.14,18%
HG,"Hamilton Insurance Group Ltd Cl B","Insurance - Multi Line",33.87,-3.12%,3,Sell,"40% Buy",+33.55,+38.93%,33.45,35.21,32.45,35.09,37.77,22.42,7.97,484040,Weakest,Average,21.74%,1.37,34.21,35.96,-20%
AII,"American Integrity Insurance Group Inc","Insurance - Proprty & Casualty",25.86,-2.12%,3,Buy,"88% Buy",+33.41,+20.22%,20.44,23.02,20.01,26.15,56.48,3.71,10.72,143871,Average,Maximum,68.11%,1.12,25.53,26.77,26%
TSBK,"Timberland Bancorp","Finance - Savings & Loan",45.55,-0.78%,2,Buy,"88% Buy",+33.41,+30.52%,43.59,45.4,42.26,46.16,45.83,14.01,13.8,30829,Weakening,Strong,46.00%,0.75,45.25,47.07,17%
OVID,"Ovid Therapeutics Inc","Medical - Biomedical",2.71,+0.74%,3,Buy,"88% Buy",+33.25,+123.97%,2.59,2.62,2.47,2.75,50.14,107.46,52.83,2279488,Average,Average,32.45%,0.77,2.59,2.91,37%
FNLC,"First Bancorp Inc","Banks - Northeast",34.8,-1.08%,7,Hold,"48% Buy",+33.13,+30.48%,32.73,34.89,31.26,34.83,48.61,13.97,18.19,25433,Weakest,Good,59.67%,1.06,34.06,35.6,48%
PTRN,"Pattern Group Inc Series A","Internet Commerce",20.24,+3.42%,3,Sell,"8% Buy",+33.10,+29.49%,21.18,22.39,18.11,20.32,46.25,12.98,61.96,1418343,Weakest,Weak,34.34%,1.17,18.87,21.77,47%
ECBK,"ECB Bancorp Inc","Banks - Northeast",21.12,+0.96%,5,Buy,"100% Buy",+33.03,+28.86%,19.74,20.58,18.96,20.85,55.92,12.35,8.02,11422,Strongest,Maximum,45.97%,0.69,20.32,21.39,75%
RS,"Reliance Inc","Mining - Misc",384.65,-1.41%,4,Sell,"24% Buy",+32.98,+33.59%,390.76,400.27,365.84,391.78,42.51,17.08,19.73,347858,Weakening,Weak,42.44%,0.6,380.16,403.39,19%
ADEA,"Adeia Inc","Technology Services",25.53,+2.86%,3,Sell,"40% Sell",+32.95,+53.43%,28.42,26.72,27,25.74,46.22,36.92,34.57,1363978,Weakening,Weak,28.79%,0.71,24.04,27.44,44%
EGBN,"Eagle Bancorp Inc","Banks - Northeast",27.96,-1.27%,2,Sell,"72% Buy",+32.73,+32.07%,27.36,27.84,26.81,27.79,50.78,15.56,17.1,322042,Weakest,Soft,73.36%,0.91,27.04,28.54,61%
FRAF,"Franklin Finl Svcs Corp","Banks - Northeast",63.22,-0.89%,6,Buy,"88% Buy",+32.70,+29.23%,61.04,62.93,58.21,62.89,51.17,12.72,12.51,40789,Average,Good,68.10%,1.08,61.25,64.53,60%
BHB,"Bar Harbor Bankshares","Banks - Northeast",40.28,+0.57%,8,Buy,"100% Buy",+32.65,+29.35%,37.7,39.61,36.2,39.95,54.09,12.84,16.3,106834,Strengthening,Strong,64.65%,0.87,38.84,41.07,65%
SEZL,"Sezzle Inc","Financial Transaction Services",116.55,0.00%,5,Sell,"8% Buy",+32.42,+27.24%,133.15,138.6,112.09,119.62,41.82,10.73,70.19,739267,Weakest,Minimum,21.45%,1.16,112.99,126.26,27%
EMBJ,"Embraer S.A. ADR","Aerospace - Defense",77.02,+2.60%,3,Buy,"88% Buy",+32.41,+32.93%,66.03,71.76,65.61,74.26,64.53,16.42,6.22,1282105,Strongest,Strong,76.40%,0.84,71.47,77.06,99%
RBCAA,"Republic Bancorp Inc","Banks - Southeast",93.76,-0.08%,4,Sell,"40% Buy",+32.40,+25.37%,89.08,95.4,83.11,95.21,42.83,8.86,22.48,79312,Weakest,Good,21.81%,1.12,92.8,97.63,20%
CLH,"Clean Harbors","Waste Removal Svcs",311.43,-1.38%,6,Buy,"72% Buy",+32.23,+32.77%,303.42,313.64,299.69,315.97,43.72,16.26,19.39,485686,Weakest,Average,28.89%,1,308.51,323.43,20%
BY,"Byline Bancorp Inc","Banks - Northeast",37.47,-0.13%,4,Sell,"40% Buy",+31.92,+31.61%,36.42,38.45,34.94,38.14,39.94,15.1,15.11,244044,Weakest,Average,20.12%,0.79,37.35,38.93,7%
FNRN,"First Northern Community Bancorp","Banks - West",17.27,+0.06%,1,Sell,"24% Buy",+31.87,+38.16%,17.61,17.63,16.71,17.18,48.5,21.65,15.84,81850,Weakest,Weak,56.91%,0.54,16.72,17.64,60%
NWFL,"Norwood Financial Corp","Banks - Northeast",34.35,-1.18%,5,Hold,"80% Buy",+31.72,+29.57%,32.17,33.67,31.4,34.44,50.64,13.06,9.03,31621,Average,Strong,59.79%,0.53,33.62,35.26,45%
JBL,"Jabil Circuit","Electronic Manufacturing",303.67,+1.37%,5,Sell,"40% Sell",+31.58,+35.36%,338.28,318.2,318.44,304.71,45.57,18.85,19.75,1217718,Weakening,Weak,26.96%,1.33,292.28,317.14,46%
BSRR,"Sierra Bancorp","Banks - West",40,-0.47%,7,Buy,"56% Buy",+31.56,+32.10%,39.78,40.68,38.21,40.26,44.54,15.59,8.97,60665,Weakest,Average,49.72%,0.69,39.17,41.35,38%
SVRA,"Savara Inc","Medical - Drugs",5.45,+1.49%,2,Sell,"48% Sell",+31.34,+54.39%,5.45,5.49,5.46,5.4,51.21,37.88,-23.05,1815749,Weakest,Weak,58.73%,0.84,5.16,5.64,61%
BCH,"Banco DE Chile ADR","Banks - Foreign",41.62,+2.01%,1,Buy,"72% Buy",+31.24,+41.85%,39.74,41.34,39.56,41.83,50.79,25.34,-3.9,346427,Strengthening,Weak,35.48%,0.72,40.63,43.03,41%
CZNC,"Citizens Nrthn Corp","Banks - Northeast",25.76,-0.19%,3,Buy,"88% Buy",+31.22,+28.35%,23.49,25.19,23.25,25.79,52.8,11.84,14.28,57443,Weakening,Strong,58.07%,0.58,25.29,26.28,47%
SFST,"Southern First Bancs","Banks - Southeast",61.23,-0.73%,3,Sell,"40% Buy",+31.11,+35.52%,60.44,62.55,58.88,62.35,42.91,19.01,5.42,106257,Weakest,Weak,31.22%,1.09,60.72,63.98,16%
BOF,"Branchout Food Inc","Food - Misc & Diversified",3.72,-0.13%,2,Sell,"8% Sell",+31.03,+64.82%,3.9,3.99,3.9,3.87,40.69,48.31,3.71,68465,Weakest,Minimum,19.58%,0.8,3.65,4.09,17%
NDLS,"Noodles & Company","Retail - Restaurants",13.05,-3.83%,1,Sell,"24% Buy",+30.95,+167.42%,13.87,14.78,11.7,14.16,37.47,150.91,117.63,63840,Weakening,Weak,19.17%,1.01,12.83,15.5,8%
NBN,"Northeast Bncp","Finance - Savings & Loan",132.5,-0.70%,5,Hold,"80% Buy",+30.72,+21.10%,128.34,130.95,123.9,130.52,52.93,4.59,14.06,120384,Weakening,Average,66.23%,0.73,125.78,135.25,71%
THFF,"First Finl Corp [In]","Banks - Midwest",75.94,-0.80%,3,Sell,"40% Buy",+30.66,+29.90%,74.99,78.89,71.43,78.14,35.45,13.39,12.26,90080,Weakest,Average,33.22%,0.88,76.08,80.19,-3%
PCB,"Pcb Bancorp","Banks - Southwest",27.62,-0.07%,2,Sell,"40% Buy",+30.63,+28.82%,26.97,28.18,25.61,27.73,45.53,12.31,14.15,29997,Weakest,Average,45.42%,0.61,27.23,28.22,39%
GM,"General Motors Company","Auto - Domestic",83.95,+2.13%,2,Sell,"56% Buy",+30.56,+42.34%,81.86,84.96,80.22,85.71,46.57,25.83,-10.2,7765179,Weakening,Weak,40.49%,1.19,83.08,88.34,16%
VOXR,"Vox Royalty Corp","Mining - Misc",5.6,-2.10%,3,Buy,"24% Buy",+30.45,+51.35%,5.25,5.11,5.34,5.68,52.79,34.84,4.71,554919,Weakest,Weak,63.39%,0.79,5.42,5.93,35%
WSBF,"Waterstone Financial","Finance - Savings & Loan",20.69,+1.12%,5,Sell,"56% Buy",+30.41,+36.39%,19.84,20.71,19.24,21.07,44.47,19.88,11.59,65883,Weakening,Good,29.58%,1.03,20.54,21.6,14%
TPC,"Tutor Perini Corp","Building - Heavy Construction",86.02,+1.20%,2,Hold,"48% Buy",+30.41,+31.37%,83.17,87.47,81.68,87.42,46.63,14.86,14.92,609974,Average,Soft,20.41%,0.42,83.86,90.98,30%
MBWM,"Mercantile Bank Corp","Banks - Midwest",59.67,-0.60%,7,Hold,"64% Buy",+30.38,+26.96%,56.83,60.08,55.08,60.6,44.84,10.45,10.62,117324,Weakest,Strong,32.02%,0.75,58.98,62.23,21%
FSBC,"Five Star Bancorp","Banks - West",44.35,-0.27%,5,Sell,"24% Buy",+30.26,+34.60%,45.2,46.58,43.11,45.63,35.14,18.09,10.52,120701,Weakening,Weak,10.34%,0.9,44.17,47.09,6%
FXNC,"First Natl Corp Strasburg VA","Banks - Northeast",30.62,-0.94%,1,Buy,"72% Buy",+30.16,+28.12%,29.69,30.87,28.9,30.95,45.27,11.61,7.89,57208,Weakest,Good,40.10%,0.62,30.33,31.57,23%
ZVRA,"Zevra Therapeutics Inc","Medical - Drugs",11.67,+0.52%,6,Buy,"56% Buy",+30.05,+52.15%,11.79,11.63,11.04,11.96,46.85,35.64,16.82,1250937,Weakest,Soft,18.41%,0.64,11.35,12.58,26%
ST,"Sensata Technologies Holding N.V.","Industrial Controls",41.84,-0.26%,5,Sell,"24% Sell",+30.02,+33.80%,45.88,44.16,42.84,42.04,44.11,17.29,12.25,1850745,Average,Minimum,44.80%,1.51,40.75,43.33,42%
WSBK,"Winchester Bancorp Inc","Banks - Northeast",12.96,-0.47%,2,Hold,"48% Buy",+30.01,+35.12%,12.93,13,12.93,12.98,47.84,18.61,10.57,9229,Weakest,Weak,52.89%,0.63,12.91,13.04,37%
AGL,"Agilon Health Inc","Medical Services",88.03,-1.27%,2,Sell,"8% Buy",+29.83,+203.55%,92.99,97.72,67.46,90.9,42.76,187.04,397.85,329699,Weakest,Weak,38.78%,0.96,85.2,96.59,25%
KARO,"KaroOOOO Ltd","Internet - Software",65.43,-1.86%,3,Buy,"88% Buy",+29.81,+15.40%,56.6,64.05,53.83,65.72,51.49,-1.11,30.37,74935,Average,Strong,67.95%,0.79,62.92,68.52,45%
RAMP,"Liveramp Holdings Inc","Technology Services",37.61,-0.13%,9,Hold,"48% Buy",+29.68,+36.32%,36.64,37.76,33.56,37.72,45.47,19.81,14.63,1060343,Weakest,Average,34.09%,1.23,37.56,37.89,16%
APH,"Amphenol Corp","Electronics - Connectors",80.72,+4.09%,8,Sell,"88% Buy",+29.62,+30.26%,76.84,79.98,74.33,80.03,51.61,13.75,6.03,17509391,Strongest,Average,27.65%,0.93,76.36,83.69,59%
RCKY,"Rocky Brands Inc","Shoes and Related Apparel",43.75,-0.27%,1,Sell,"40% Buy",+29.57,+50.45%,41.45,44.86,41.37,44.19,45.54,33.94,35.73,54137,Weakening,Soft,44.60%,0.5,42.37,46,38%
SNDA,"Sonida Senior Living Inc","Medical Services",38.12,-0.39%,3,Sell,"24% Buy",+29.57,+41.76%,38.45,39.71,37.09,38.85,43.02,25.25,3.47,451129,Weakening,Weak,35.75%,0.63,36.9,40.8,31%
TNET,"Trinet Group Inc",Outsourcing,66.66,-0.94%,1,Hold,"80% Buy",+29.49,-2.03%,56.42,66.59,50.26,68.3,47.34,-18.54,-0.7,439100,Weakening,Strong,35.14%,0.52,65.28,71.33,23%
HURC,"Hurco Cos Inc","Machinery - Tools & Related",22.05,-0.59%,5,Hold,"64% Buy",+29.40,+23.60%,20.73,22.09,19.17,22.36,47.73,7.09,29.29,28715,Weakest,Good,41.98%,0.37,21.21,23.5,37%
PEBO,"Peoples Bancorp Inc","Banks - Southeast",39.04,-0.89%,1,Sell,"40% Buy",+29.32,+28.08%,37.9,40.18,36.28,39.62,39.35,11.57,16.57,270770,Weakest,Average,33.23%,0.89,39.07,40.17,-3%
AIZ,"Assurant Inc","Insurance - Multi Line",277.38,-1.72%,2,Hold,"64% Buy",+29.23,+32.34%,268.83,282.09,253.32,283.7,41.82,15.83,1.74,388474,Weakest,Good,32.51%,0.94,278.11,289.28,-7%
ALTO,"Alto Ingredients Inc","Consumer Prdts - Misc Discr",3.91,-2.25%,1,Sell,"72% Sell",+29.21,+326.30%,4.85,4.45,4.62,4.03,39.68,309.79,22.33,1876405,Strongest,Soft,31.85%,0.55,3.89,4.17,8%
NECB,"Northeast Community Bancorp","Banks - Northeast",27.1,-0.70%,9,Buy,"100% Buy",+29.20,+26.52%,25.96,26.75,25.33,26.78,55.42,10.01,6.43,43482,Average,Strong,81.28%,0.78,26.08,27.48,73%
STBA,"S&T Bancorp Inc","Banks - Northeast",49.56,-1.22%,2,Sell,"40% Buy",+29.19,+26.17%,48.38,50.61,46.4,49.95,44.34,9.66,12.52,248771,Weakest,Average,42.11%,0.88,49.23,50.67,23%
FMBH,"First Mid Ill Bncshr","Banks - Northeast",49.68,-0.60%,5,Sell,"40% Buy",+29.17,+26.77%,47.89,50.72,45.85,50.47,39.87,10.26,13.95,123181,Weakest,Average,30.56%,0.84,49.51,51.43,9%
C,"Citigroup Inc","Finance - Investment Brokers",135.05,+2.49%,9,Buy,"100% Buy",+29.05,+31.53%,133.72,134.29,127.99,134.76,50.31,15.02,2.3,12882367,Strongest,Average,26.89%,1,129.86,139.66,53%
SMBC,"Southern MO Bancorp","Finance - Savings & Loan",72.03,-0.63%,2,Sell,"24% Buy",+28.95,+28.69%,73.2,75.47,70.23,73.34,34.5,12.18,8.41,83661,Weakening,Weak,22.54%,0.9,71.96,74.72,2%
ESTA,"Establishment Labs Holdings Inc","Medical Services",67.74,-2.25%,3,Sell,"40% Sell",+28.73,+71.67%,78.7,79.95,74.56,71.64,33.86,55.16,-20.48,516853,Average,Soft,17.35%,0.59,67.7,75.58,0%
SAFT,"Safety Ins Group Inc","Insurance - Proprty & Casualty",103.64,+0.13%,5,Buy,"100% Buy",+28.60,+44.77%,85.38,98.1,81.91,103.47,74.57,28.26,19.6,128959,Strengthening,Strong,66.32%,0.49,103.04,103.9,70%
GSBC,"Great Southern Bncp","Finance - Savings & Loan",78.55,-0.46%,5,Hold,"48% Buy",+28.56,+24.92%,76.24,79.52,72.17,79.22,44.12,8.41,14.17,85856,Weakest,Good,40.00%,0.64,77.77,80.68,27%
THG,"The Hanover Insurance Group","Insurance - Proprty & Casualty",223.21,-1.80%,5,Hold,"64% Buy",+28.38,+27.66%,210.69,224.01,199.1,227.56,44.82,11.15,8.7,317741,Weakest,Strong,36.34%,1.11,222.23,232.89,9%
HTO,"H2O America","Waste Removal Svcs",62.61,-0.10%,3,Sell,"56% Buy",+28.34,+28.54%,60.64,63.26,59.61,63.47,45.6,12.03,14.37,480223,Weakest,Good,31.19%,0.96,62.01,64.92,21%
QCRH,"Qcr Holdings Inc","Banks - Midwest",99.55,-0.43%,4,Sell,"40% Buy",+28.18,+27.79%,97.32,101.51,94.01,101.16,40.19,11.28,6.08,111171,Weakest,Average,45.68%,0.65,98.84,103.47,15%
RNR,"Renaissancere Holdings Ltd","Insurance - Proprty & Casualty",326.29,-0.25%,3,Hold,"80% Buy",+28.18,+34.26%,312.33,324.3,308.74,328.78,49.87,17.75,2.62,350650,Weakening,Good,39.07%,1.02,322.23,335.32,31%
REX,"Rex American Resources Corp","Chemical - Specialty",43.13,-0.23%,1,Sell,"24% Sell",+28.11,+41.27%,45.2,43.6,43.79,42.13,52.6,24.76,20.02,200152,Weakening,Minimum,80.53%,1.39,40.83,43.43,89%
HOPE,"Hope Bancorp Inc","Banks - West",13.82,-1.00%,3,Sell,"40% Buy",+27.93,+26.33%,13.35,13.95,12.78,13.93,45.18,9.82,12.66,984169,Weakest,Good,49.46%,0.9,13.71,14.15,24%
CIVB,"Civista Bncshrs","Banks - Midwest",27.08,-0.77%,1,Sell,"24% Buy",+27.79,+30.25%,27.13,28.04,25.89,27.36,40.46,13.74,8.44,114495,Weakening,Soft,53.82%,0.75,26.95,27.76,16%
HIMX,"Himax Technologies ADR","Electronics - Semiconductors",14.61,+4.21%,5,Buy,"56% Buy",+27.57,+71.88%,15.57,13.7,13.36,13.76,56.55,55.37,64.96,2600845,Average,Weak,60.77%,1.53,12.96,14.56,103%
FNWD,"Finward Bancorp","Finance - Misc Services",42.19,-0.92%,5,Sell,"56% Buy",+27.48,+31.84%,38.13,42.84,37.39,43.16,41.22,15.33,6.46,15663,Weakest,Good,14.78%,0.52,42.29,44.04,-6%
LXFR,"Luxfer Holdings Plc","Machinery - General Industrial",17.24,+0.12%,5,Buy,"100% Buy",+27.46,+22.44%,16.99,17.1,15.61,17.21,54.36,5.93,13.99,220333,Strengthening,Average,34.83%,0.46,17.11,17.31,66%
FBP,"First Bancorp","Banks - Foreign",27.46,-0.44%,2,Sell,"40% Buy",+27.39,+24.31%,26.56,28.33,25,27.95,40.18,7.8,19.04,1420683,Weakest,Average,24.70%,0.64,27.34,28.55,10%
GCO,"Genesco Inc","Retail - Apparel & Shoes",33.63,+2.66%,3,Sell,Hold,+27.38,+1.51%,35.56,35.56,33.45,33.94,46.03,-15.,22.34,230543,Bearish,,20.65%,0.67,32.21,35.68,41%
MPTI,"M-Tron Industries Inc","Engineering & R&D Services",74.27,+1.09%,3,Sell,"24% Sell",+27.33,+41.41%,83.35,80.5,77.41,76.36,40.94,24.9,26.12,107117,Average,Minimum,25.45%,0.23,71.99,80.74,26%
LYG,"Lloyds Banking Group Plc ADR","Banks - Foreign",5.89,+1.38%,3,Sell,"40% Buy",+27.17,+32.36%,5.77,6.03,5.63,5.95,46.08,15.85,-2.3,17560086,Weakest,Weak,27.58%,0.51,5.79,6.11,30%
LARK,"Landmark Bancorp Inc","Finance - Savings & Loan",32.05,+0.56%,9,Hold,"80% Buy",+27.01,+24.32%,30.32,31.82,29,32.18,48.85,7.81,8.94,9293,Average,Strong,29.50%,0.45,31.32,33.04,43%
CATY,"Cathay Genl Bncp","Banks - West",61.48,-1.24%,4,Sell,"40% Buy",+27.01,+24.86%,60.69,62.68,57.49,61.97,43.11,8.35,13.62,468471,Weakest,Average,53.99%,1.28,61.03,62.9,24%
BCAL,"California Bancorp","Banks - Southwest",21.51,-1.33%,7,Buy,"88% Buy",+26.94,+23.41%,20.47,21.43,19.7,21.6,48.7,6.9,1.78,219241,Weakening,Strong,52.30%,1.49,21.07,22.14,41%
SLP,"Simulations Plus Inc","Computer - Software",18.43,-0.05%,7,Buy,"100% Buy",+26.77,+20.85%,17.37,18.35,15.79,18.42,61.6,4.34,-12.33,350685,Average,Average,69.05%,0.8,18.39,18.45,71%
SRBK,"Sr Bancorp Inc","Banks - Northeast",19.4,-1.12%,2,Sell,"40% Buy",+26.49,+27.72%,19.22,19.65,18.57,19.58,43.57,11.21,9.82,38303,Weakest,Average,36.80%,1.06,19.38,19.77,5%
KINS,"Kingstone Cos Inc","Insurance - Proprty & Casualty",19.18,+0.37%,2,Sell,"40% Buy",+26.47,+40.10%,18.16,19.78,17.39,19.7,44.45,23.59,0.53,125922,Weakest,Good,31.52%,0.67,19.01,20.38,12%
HVT,"Haverty Furniture Companies","Retail - Home Furniture",27.67,+1.43%,4,Buy,"100% Buy",+26.37,+22.11%,25.12,27.1,24.28,27.52,52.89,5.6,5.02,107798,Strongest,Strong,39.71%,1.03,26.85,28.19,61%
IDT,"IDT Corp","Diversified Comm Services",68.84,-1.43%,8,Hold,"80% Buy",+26.21,+2.85%,60.77,66.83,57.15,69.16,52.87,-13.66,21,181145,Average,Strong,54.44%,1.43,67.47,70.86,40%
FLNG,"Flex Lng Ltd","Transportation - Ship",32.07,-1.08%,4,Buy,"100% Buy",+26.18,+28.43%,31.04,31.18,30.56,31.68,55.06,11.92,15.11,466685,Average,Average,71.68%,0.91,30.66,32.7,69%
AFRI,"Forafric Global Plc","Agriculture Operations",11.25,+0.90%,3,Buy,"100% Buy",+26.17,+22.95%,10.43,10.8,10.2,11.05,56.78,6.44,-11.44,17765,Strongest,Good,39.33%,1.75,10.72,11.37,81%
FUSB,"First US Bancshares Inc","Banks - Southeast",16.27,-1.09%,6,Sell,"24% Buy",+26.12,+18.85%,16.36,16.51,16.01,16.5,43.68,2.34,3.03,9400,Weakest,Weak,27.96%,0.41,16.2,16.81,12%
BUSE,"First Busey Corp","Banks - Midwest",29.96,-1.19%,2,Sell,"40% Buy",+25.97,+21.10%,29.05,30.41,27.93,30.29,42.49,4.59,12.51,680367,Weakest,Good,35.52%,0.66,29.86,30.73,11%
ESEA,"Euroseas Ltd","Transportation - Ship",75.19,-3.09%,4,Buy,"88% Buy",+25.90,+20.23%,71.85,75.04,70.06,75.7,49.89,3.72,24.28,57889,Weakening,Good,49.74%,0.78,73.25,78.15,40%
ECG,"Everus Construction Group Inc","Building & Construction - Misc",116.77,+0.69%,2,Sell,"56% Sell",+25.66,+42.00%,138.89,125.94,132.71,116,46.34,25.49,23.05,613466,Weakening,Soft,49.52%,0.69,109.31,122.7,56%
AROW,"Arrow Financial Corp","Banks - Northeast",37.65,-0.71%,4,Sell,"8% Buy",+25.61,+28.24%,38.7,39.36,37.26,38.48,37.81,11.73,6.47,89228,Weakening,Weak,24.48%,0.99,37.29,39.68,15%
CBZ,"Cbiz Inc",Consulting,54.68,+0.09%,1,Buy,"100% Buy",+25.57,+1.67%,42.07,51.65,37.45,54.63,69.62,-14.84,-5.05,1096297,Strengthening,Strong,45.51%,0.3,54.39,54.87,60%
KNTK,"Kinetik Holdings Inc","Oil - Field Services",53.24,-0.49%,5,Hold,"80% Buy",+25.55,+23.99%,50.24,52.36,48.92,54.35,47.25,7.48,34.25,1169014,Weakening,Strong,12.10%,1.05,53.33,55.37,-4%
TLSI,"Trisalus Life Sciences Inc","Medical Products",4.98,-2.35%,3,Sell,"72% Buy",+25.39,+1.63%,4.34,4.84,4.37,4.92,52.11,-14.88,-42.08,273844,Strengthening,Weak,58.15%,0.92,4.63,5.21,60%
AUPH,"Aurinia Pharm Ord","Medical - Drugs",16.61,-1.72%,4,Buy,"88% Buy",+25.27,+27.77%,15.93,15.88,15.61,16.39,55.4,11.26,-9.29,1199738,Weakening,Soft,74.31%,0.65,15.77,17,68%
GIC,"Global Industrial Co.","Industrial Services",40.8,+1.04%,3,Buy,"100% Buy",+25.23,+13.18%,34.66,37.92,33.84,39.55,67.98,-3.33,26.2,108931,Strongest,Maximum,84.15%,1.24,38.46,40.64,108%
ACT,"Enact Holdings Inc","Insurance - Multi Line",48.05,-0.83%,2,Hold,"64% Buy",+25.18,+25.00%,45.74,48.31,44.41,49.1,41.49,8.49,7.79,329967,Weakening,Strong,20.28%,0.62,48.03,50.17,1%
BUD,"Anheuser-Busch Inbev S.A. ADR","Beverages - Alcohol",77.95,+0.28%,5,Sell,"24% Sell",+25.17,+31.32%,80.57,80.49,78.31,79.04,43.08,14.81,8.29,2103241,Average,Minimum,26.31%,1.12,77.39,80.68,17%
NXPL,"Nextplat Corp","Internet Commerce",9.34,-1.32%,6,Buy,"100% Buy",+25.12,+6.08%,7.13,7.71,6.47,9.2,60.63,-10.43,61.38,63129,Strongest,Maximum,50.51%,0.13,8.73,9.67,65%
DV,"Doubleverify Holdings Inc","Internet - Software",13.44,-0.15%,6,Buy,"100% Buy",+25.08,+5.49%,11.52,12.61,11.05,13.39,66.27,-11.02,4.05,3107139,Average,Strong,41.41%,0.46,13.26,13.52,69%
NCI,"Neo-Concept International Group Holdings Limited","Retail - Apparel & Shoes",13.63,-1.94%,1,Buy,"8% Buy",+24.98,-12.36%,11.29,12.48,19.22,13.17,58.45,-28.87,37.34,497247,Weakening,Minimum,52.98%,1.05,11.99,14.35,69%
NIC,"Nicolet Bankshares Inc","Banks - Northeast",165.77,-1.34%,1,Sell,"40% Buy",+24.91,+24.05%,159.72,171.18,156.89,170.09,37.04,7.54,23.23,206531,Weakest,Average,29.22%,0.69,166.18,173.99,-5%
TRNS,"Transcat Inc","Industrial Controls",88.16,+2.51%,1,Sell,"40% Buy",+24.91,+16.85%,85.97,88.17,82.76,85.46,54.32,0.34,41.97,144365,Weakening,Soft,76.30%,0.73,80.78,90.14,79%
MET,"Metlife Inc","Insurance - Multi Line",96.64,-0.41%,6,Buy,"88% Buy",+24.90,+22.08%,89.97,95.95,84.41,96.68,50.98,5.57,8.99,3642685,Weakening,Strong,58.05%,0.56,94.54,98.82,49%
OUST,"Ouster Inc","Electronics - Misc Components",38.12,+8.76%,5,Sell,"8% Buy",+24.86,+9.98%,38.96,38.37,33.12,35.32,53.47,-6.53,62.73,2982442,Weakest,Weak,61.08%,1.07,32.67,37.98,103%
MPB,"Mid Penn Bancorp Inc","Banks - Northeast",36.65,-0.79%,1,Sell,"40% Buy",+24.73,+16.94%,35.12,37.03,34.31,36.88,45.28,0.43,4.72,142012,Weakest,Good,51.91%,0.46,36.29,37.47,31%
BFST,"Business First Bancshares Inc","Banks - Northeast",30.7,-0.39%,4,Sell,"40% Buy",+24.73,+26.81%,29.97,31.34,29.16,31.2,40.46,10.3,4.01,197988,Weakest,Average,19.87%,0.76,30.61,31.79,7%
GABC,"German Amer Bncp Inc","Banks - Midwest",49.18,+0.10%,2,Hold,"48% Buy",+24.69,+20.54%,47.14,49.68,45.47,49.55,45.05,4.03,12.09,150913,Weakest,Good,35.21%,0.82,48.9,50.21,22%
AKO.B,"Embotell Andna Sa Cl B ADR","Beverages - Soft",30.5,+3.32%,1,Sell,"72% Buy",+24.56,+23.13%,29.42,30.13,28.98,29.73,55.43,6.62,-4.11,12042,Average,Weak,78.51%,0.46,28.76,30.69,90%
ZBRA,"Zebra Technologies","Machinery - Thermal Processing",350.84,+1.21%,2,Buy,"88% Buy",+24.53,+10.14%,287.75,331.3,265.7,352.13,53.11,-6.37,31.06,800105,Strengthening,Strong,40.42%,0.68,338.34,365.92,45%
HTLD,"Heartland Express","Transportation - Truck",11.64,-1.94%,1,Sell,"40% Sell",+24.49,+38.90%,13.72,12.92,12.76,12.22,35.85,22.39,15.47,606581,Strengthening,Weak,19.74%,1,11.73,12.71,-9%
AKAM,"Akamai Technologies","Internet - Services",117.41,+12.33%,5,Hold,Hold,+24.39,+53.92%,123.26,113.85,116.94,107.24,59.64,37.41,21.14,4248650,Bearish,,60.96%,1.4,101.36,113.12,136%
FCAP,"First Capital Inc","Finance - Savings & Loan",61.55,-1.16%,4,Hold,"48% Buy",+24.32,+33.80%,61.49,62.82,58.05,62.43,44.73,17.29,-9.46,10891,Weakest,Soft,37.52%,3.62,60.47,64.38,28%
NWBI,"Northwest Bancshares","Finance - Savings & Loan",15.3,-1.03%,4,Sell,"40% Buy",+24.31,+21.72%,14.91,15.5,14.22,15.41,44.61,5.21,14.07,1127093,Weakest,Average,45.95%,0.8,15.18,15.64,26%
MCBS,"Metrocity Bankshares Inc","Banks - Southeast",34.97,-0.03%,2,Sell,"40% Buy",+24.25,+20.54%,34.59,35.6,32.9,35.23,44.53,4.03,18.33,82586,Weakest,Average,35.20%,0.9,34.65,35.81,28%
NBBK,"Nb Bancorp Inc","Banks - Northeast",22.74,-0.18%,7,Buy,"100% Buy",+24.22,+23.25%,21.35,22.43,21.34,22.67,52.97,6.74,1.3,301172,Strongest,Strong,64.04%,0.89,22.12,23.22,57%
ISTR,"Investar Holding","Banks - Southeast",29.92,-0.63%,4,Hold,"64% Buy",+24.18,+30.03%,29.51,30.21,28.99,30.41,42.59,13.52,-1.45,136954,Weakest,Weak,25.56%,0.67,29.74,31.08,14%
INBK,"First Internet Bcp","Banks - Northeast",27.61,-0.58%,2,Hold,"64% Buy",+24.09,+14.37%,26.64,28.07,24.81,28.19,45.14,-2.14,18.87,52715,Weakest,Good,19.46%,0.49,26.91,29.48,27%
CFR,"Cullen/Frost Bankers","Banks - Southwest",158.74,-0.66%,2,Sell,"40% Buy",+23.99,+24.83%,153.64,163.48,148.78,161.73,38.67,8.32,11.93,553313,Weakest,Average,20.04%,0.78,158.34,165.12,6%
LILAK,"Liberty Latin America Cl C","Wireless National",8.8,+4.76%,8,Hold,"80% Buy",+23.97,+8.91%,7.9,8.23,8.02,8.59,57.91,-7.6,4.53,1126857,Strongest,Average,52.05%,0.9,8.29,8.9,84%
UBSI,"United Bkshs Inc","Banks - Southeast",46.76,-0.74%,1,Sell,"40% Buy",+23.95,+24.59%,45.99,47.79,44.66,47.33,42.11,8.08,8.34,935380,Weakest,Average,33.33%,1.22,46.63,48.03,10%
IOSP,"Innospec Inc","Chemical - Diversified",92.56,-0.63%,4,Buy,"88% Buy",+23.92,+16.35%,85.7,90.45,81.93,93.58,50.46,-0.16,7.5,209062,Weakening,Strong,36.85%,0.87,91.49,95.68,26%
TBPH,"Theravance Bio Ord","Medical - Drugs",17.05,+0.18%,4,Buy,"40% Buy",+23.84,+22.84%,16.79,16.96,16.56,17.04,57.13,6.33,-22.3,549870,Strengthening,Minimum,14.38%,1.31,17,17.08,61%
CNOB,"Connectone Bancorp","Banks - Northeast",31.52,-0.22%,1,Sell,"24% Buy",+23.80,+22.17%,31.73,32.44,30.21,31.75,42.59,5.66,6.78,366164,Weakening,Soft,49.49%,0.9,31.13,32.37,31%
LILA,"Liberty Latin America Cl A","Wireless National",8.77,+4.28%,7,Hold,"80% Buy",+23.71,+10.18%,7.91,8.3,7.97,8.64,55.73,-6.33,5.24,468728,Strongest,Average,40.50%,0.76,8.35,8.94,71%
OFG,"OFG Bancorp","Banks - Northeast",52.24,-0.50%,4,Buy,"72% Buy",+23.60,+17.98%,49.48,52.31,46.79,52.47,48.15,1.47,14.05,318199,Weakest,Strong,48.69%,0.8,51.83,53.11,32%
DC,"Dakota Gold Corp","Mining - Gold",6.34,+3.76%,4,Buy,"72% Buy",+23.59,+32.91%,5.34,5.52,5.45,6.02,62.22,16.4,-1.81,1561308,Strengthening,Average,80.50%,1.87,5.66,6.39,94%
TAYD,"Taylor Devices Inc","Machinery - General Industrial",60.5,+0.70%,6,Buy,"24% Buy",+23.40,+30.08%,55.45,56.81,60.48,60.06,57.38,13.57,-9.94,40340,Average,Minimum,53.93%,1.73,58.37,61.75,63%
BVFL,"Bv Financial Inc MD","Banks - Northeast",20.83,-2.44%,6,Sell,"56% Buy",+23.29,+24.36%,20.73,21.25,20.27,21.27,45.03,7.85,1.4,17833,Weakest,Soft,38.47%,0.68,20.68,21.87,13%
MFIN,"Medallion Fin Corp","Finance - SBIC & Commercial",11.95,-0.25%,6,Buy,"88% Buy",+23.08,+13.59%,10.38,11.09,10.03,11.96,58.27,-2.92,2.7,64868,Strengthening,Maximum,62.62%,0.72,11.67,12.25,48%
R,"Ryder System","Transportation - Equip & Lease",237.14,-0.59%,1,Sell,"8% Sell",+22.89,+29.06%,255.11,255.46,241.15,243.63,32.59,12.55,10.47,370916,Weakening,Minimum,21.97%,0.75,236.48,250.77,5%
GLNG,"Golar Lng Ltd","Oil - International Integrated",51.36,-0.83%,4,Hold,"32% Buy",+22.82,+31.15%,51.59,50.87,51.01,51.63,49.67,14.64,24.6,1524007,Weakest,Weak,39.41%,2.31,50.07,53.19,41%
ORRF,"Orrstown Finl Svcs","Banks - Northeast",42.04,-0.05%,4,Hold,"48% Buy",+22.71,+18.59%,40.22,42.31,38.96,42.15,48.08,2.08,5.26,178700,Weakening,Good,42.52%,1.05,41.41,42.89,42%
AIRG,"Airgain Inc","Communications Components",5.36,+0.19%,3,Sell,"56% Sell",+22.67,+24.65%,6.14,5.52,5.83,5.27,49.89,8.14,18.59,74860,Weakest,Weak,54.76%,0.92,5.05,5.49,71%
NBTB,"NBT Bancorp Inc","Banks - Northeast",51.22,-0.56%,1,Sell,"40% Buy",+22.44,+18.35%,49.44,52.16,47.42,51.53,44.9,1.84,9.93,289845,Weakest,Average,53.20%,0.99,50.7,52.37,31%
FULT,"Fulton Financial Cor","Banks - Northeast",23.28,-0.51%,5,Sell,"40% Buy",+22.36,+20.12%,23.23,24.08,22.44,23.6,40.13,3.61,7,1904420,Weakest,Average,31.01%,0.85,23.19,24.02,11%
SKWD,"Skyward Specialty Insurance Group Inc","Insurance - Proprty & Casualty",56.29,-0.03%,3,Sell,"40% Buy",+22.12,+18.84%,54.28,58.88,51.3,57.22,43.66,2.33,-3.29,477349,Weakest,Average,33.32%,0.58,55.79,58.65,18%
ACTG,"Acacia Res-Acacia","Business Services",4.36,-3.33%,3,Sell,"56% Sell",+22.06,+31.72%,4.63,4.55,4.64,4.52,36.49,15.21,3.15,254835,Strengthening,Weak,33.81%,0.78,4.41,4.63,-21%
MVBF,"Mvb Financial Corp","Banks - Northeast",30.3,-0.95%,7,Buy,"88% Buy",+22.05,+24.64%,28.68,30.26,27.8,30.7,45.67,8.13,3.88,49222,Weakening,Strong,37.39%,0.69,29.75,31.65,29%
CACC,"Credit Acceptance","Finance - Consumer Loans",564.27,-2.42%,5,Sell,"40% Buy",+21.96,+11.23%,580.27,592.34,545.92,597.24,34.92,-5.28,13.81,163637,Weakest,Soft,16.94%,1.22,577.1,617.38,-32%
WBI,"Waterbridge Infrastructure Llc Cl A","Real Estate Operations",29.93,-3.01%,8,Sell,"24% Buy",+21.89,+29.68%,31.69,32.76,29.78,31.84,34.36,13.17,36.15,866820,Weakening,Weak,13.39%,1.07,30.3,33.38,-12%
HNVR,"Hanover Bancorp Inc","Banks - Northeast",26.84,+0.79%,4,Hold,"80% Buy",+21.80,+14.75%,24.9,26.53,23.83,26.98,50.21,-1.76,2.71,33396,Strengthening,Strong,28.07%,0.63,26.41,27.55,38%
HWBK,"Hawthorn Bancshares","Banks - Northeast",38.48,-0.65%,3,Sell,"40% Buy",+21.79,+17.17%,37.98,39.15,36.59,39.15,42,0.66,-3.11,11040,Weakest,Average,46.49%,1.62,38.16,40.14,16%
BWB,"Bridgewater Bancshares Inc","Banks - Northeast",20.92,+0.63%,2,Sell,"40% Buy",+21.69,+20.58%,20.39,21.37,19.66,21.24,43.01,4.07,5.91,117779,Weakest,Average,18.74%,0.92,20.7,21.79,20%
GL,"Globe Life Inc","Insurance - Accident & Health",172.16,-0.73%,3,Sell,"40% Buy",+21.67,+18.38%,169.9,177.16,161.26,172.9,45.26,1.87,9.66,542206,Weakest,Average,53.07%,0.59,169.6,176.21,39%
HPK,"Highpeak Energy Inc","Oil - US Exploration & Product",7.95,-4.56%,7,Buy,"88% Buy",+21.50,+18.83%,7.43,7.72,6.98,8.18,48.32,2.32,54.29,798482,Average,Average,43.65%,0.72,7.72,8.63,25%
EOG,"Eog Resources","Oil - US Exploration & Product",141.38,-1.98%,2,Hold,"64% Buy",+21.40,+21.88%,140.15,144.39,138.03,146.43,42.72,5.37,21.2,4131323,Weakest,Average,14.39%,0.88,141.16,151.7,2%
LCNB,"Lcnb Corp","Banks - Northeast",18.93,+0.75%,3,Sell,"40% Buy",+21.37,+18.16%,18.15,19.47,17.62,19.21,44.87,1.65,2.07,30922,Weakest,Average,17.16%,0.6,18.75,19.66,20%
CWBC,"Community West Bank","Finance - Misc Services",25.94,-0.42%,3,Hold,"64% Buy",+21.25,+20.20%,25.47,26.06,24.79,26.1,47.58,3.69,1.86,238035,Weakest,Average,41.35%,0.63,25.69,26.5,31%
OPLN,"Openlane Inc","Auto - Truck Original Parts",34.77,+1.46%,4,Sell,"8% Sell",+21.19,+19.53%,37.08,36.83,34.36,34.91,45.33,3.02,3.33,1017365,Weakest,Minimum,25.12%,0.67,34.03,35.8,42%
AVBH,"Avidbank Holdings Inc","Banks - West",31.3,-0.32%,1,Sell,"24% Buy",+21.17,+19.33%,31.59,32.11,30.68,31.61,39.83,2.82,4.42,93299,Weakening,Weak,21.37%,0.52,31.14,32.07,17%
CPSS,"Consumer Portfol","Finance - Misc Services",9.62,+3.00%,5,Hold,"56% Buy",+21.16,+18.04%,9.49,9.35,9.03,9.34,55.28,1.53,-10.32,22171,Average,Soft,90.54%,1.17,8.96,9.72,87%
FFBC,"First Finl Bncp [Oh]","Banks - Midwest",31.74,-1.09%,1,Sell,"24% Buy",+21.15,+20.41%,32.51,33.5,31.17,32.52,34.64,3.9,13.43,923879,Weakening,Weak,24.71%,0.8,31.85,33.19,-8%
BFC,"Bank First National Corp [Wisconsin]","Banks - Northeast",151.54,-0.45%,5,Buy,"72% Buy",+21.06,+18.88%,148.28,152.46,145.02,153.13,46,2.37,10.97,86481,Weakening,Good,39.02%,0.41,149.93,156.33,25%
CGNX,"Cognex Corp","Electronic Test Equipment",61.99,+0.70%,6,Sell,"8% Buy",+21.00,+33.37%,63.48,62.65,59.84,61.05,50.78,16.86,58.86,2132485,Weakest,Weak,56.07%,0.82,58.39,63.72,68%
BMRN,"Biomarin Pharmaceuticals","Medical - Biomedical",64.06,+0.19%,3,Buy,"88% Buy",+20.87,+17.84%,59.55,63.78,58.82,65.28,46.24,1.33,-5.64,2160413,Average,Strong,19.07%,0.94,63.6,66.97,14%
HBCP,"Home Bancorp Inc","Banks - Southeast",68.13,-0.64%,3,Sell,"40% Buy",+20.82,+21.51%,67.87,70.05,65.66,69.15,40.18,5,4.44,81011,Weakest,Average,35.66%,0.53,67.95,70.36,7%
SMTI,"Sanara Medtech Inc","Medical Products",35.17,+0.29%,8,Buy,"100% Buy",+20.26,+6.93%,27.12,32.22,24.4,34.86,75.08,-9.58,37.19,119683,Strengthening,Maximum,74.17%,0.22,34.44,35.29,86%
CPF,"Central Pacific Financial Company","Banks - West",36.99,-1.73%,5,Sell,"40% Buy",+20.18,+19.52%,36.97,38.34,35.53,37.62,40.27,3.01,5.28,161760,Weakest,Average,36.80%,0.9,36.99,38.24,0%
MOD,"Modine Manufacturing Company","Auto - Truck Original Parts",197.62,+4.72%,5,Sell,"72% Sell",+20.13,+27.54%,235.25,201.4,231.02,185.4,54.21,11.03,34.59,1352682,Weakening,Average,65.83%,1.28,174.41,196.4,106%
NSYS,"Nortech Systems IN","Electronics - Misc Components",11.33,-3.90%,3,Sell,"72% Sell",+20.07,+14.68%,13.88,12.92,13.04,11.61,40.73,-1.83,39.16,17746,Strengthening,Weak,39.20%,0.35,11.06,12.17,24%
VMD,"Viemed Healthcare Inc","Medical Products",8.85,-0.67%,3,Sell,"56% Sell",+20.03,+31.50%,10.14,9.97,9.83,8.92,40.09,14.99,5.68,281616,Average,Soft,54.15%,0.7,8.62,9.21,38%
EPD,"Enterprise Products Partners LP","Oil Gas Prod Pipeline MLP",38.47,-1.08%,7,Hold,"64% Buy",+19.73,+21.39%,38.09,38.49,37.85,38.86,47.74,4.88,6.56,3809492,Weakening,Soft,37.11%,0.9,38.13,39.59,23%
PROV,"Provident Financial","Finance - Savings & Loan",18.62,+0.05%,5,Buy,"100% Buy",+19.34,+18.22%,17.53,17.99,17.16,18.5,64.94,1.71,3.6,9297,Strongest,Maximum,59.06%,1.29,18.18,18.83,68%
KELYB,"Kelly Services Inc Cl B",Staffing,22.38,+0.86%,4,Hold,"80% Buy",+19.24,+61.71%,19.25,22.01,17.56,23.04,48.14,45.2,143.66,20686,Average,Strong,31.09%,1.42,21.76,24.31,24%
HYNE,"Hoyne Bancorp Inc","Banks - Northeast",16.51,+0.06%,3,Buy,N/A,+19.24,N/A,16.31,16.49,15.85,16.52,50.04,N/A,0.51,N/A,N/A,N/A,55.54%,0.37,16.38,16.67,45%
CCBG,"Capital City Bank Gr","Banks - Southeast",50.19,+0.20%,3,Sell,"40% Buy",+19.15,+15.83%,49.06,51.24,47.36,50.78,42.37,-0.68,4.47,88955,Weakest,Average,29.70%,0.94,49.76,51.81,21%
VLGEA,"Village Super Mkt","Retail - Supermarket",44.3,-0.98%,2,Buy,"100% Buy",+19.12,+14.53%,43.24,43.46,42.62,43.68,56.35,-1.98,11.73,52329,Strengthening,Average,82.27%,0.78,42.49,44.87,76%
HGTY,"Hagerty Inc","Insurance - Proprty & Casualty",13.59,-2.51%,6,Buy,"100% Buy",+19.11,+6.84%,11.83,12.82,11.49,13.53,55.45,-9.67,-12.31,195459,Strengthening,Strong,82.87%,0.81,13.01,14.05,56%
MNSB,"Mainstreet Bank","Banks - Northeast",24.67,0.00%,6,Buy,"88% Buy",+19.08,+14.48%,24.08,24.5,23.58,25.12,45.12,-2.03,7.74,46245,Weakening,Good,29.37%,0.78,24.56,25.68,10%
FMX,"Fomento Economico Mexicano S.A.B. DE C.V. ADR","Beverages - Soft",119.86,+0.96%,2,Sell,"8% Sell",+19.07,+24.47%,123.28,122.84,119.34,120.36,47.74,7.96,5.16,461517,Weakening,Minimum,56.55%,1.16,117.09,123.63,42%
LEGH,"Legacy Housing Corp","Real Estate Operations",28.59,+1.71%,2,Hold,"96% Buy",+19.03,+5.03%,25.79,27.64,24.1,27.97,58.7,-11.48,33.04,101752,Strengthening,Strong,69.82%,0.67,26.96,28.97,81%
NGVT,"Ingevity Corp","Chemical - Specialty",68.96,+1.11%,2,Sell,"24% Sell",+18.78,+22.38%,71.67,72.14,71.43,68.85,45.84,5.87,3.1,293058,Weakest,Weak,39.04%,0.91,67.27,70.44,53%
NATL,"NCR Atleos Corporation","Internet - Software",46.08,+0.96%,4,Sell,"48% Buy",+18.77,+18.55%,45.42,46.53,44.94,46.08,49.28,2.04,7.48,770739,Weakening,Weak,35.28%,0.59,45.48,46.69,50%
MOH,"Molina Healthcare Inc","Medical - HMO",197.8,-1.49%,3,Hold,"16% Buy",+18.70,+12.94%,202.01,205.09,183.91,201.47,45.5,-3.57,0.55,1348409,Weakening,Weak,49.41%,0.65,193.19,209.75,28%
W,"Wayfair Inc","Internet Commerce",104.95,+2.43%,4,Buy,"88% Buy",+18.68,+17.51%,86.71,97.99,83.26,101.12,57.73,1,-8.91,3482857,Strongest,Good,71.45%,0.61,94.32,107.91,78%
KMT,"Kennametal Inc","Machinery - Tools & Related",29.47,-1.01%,6,Sell,"100% Sell",+18.64,+40.40%,33.53,31.78,35.08,29.65,42.8,23.89,-9.7,1338590,Strongest,Average,39.56%,0.73,28.73,30.57,40%
HWC,"Hancock Whitney Corp","Banks - Southeast",74.51,-0.59%,3,Sell,"40% Buy",+18.61,+17.03%,73.07,76.34,70.62,74.89,44.4,0.52,3.58,854242,Weakest,Average,47.95%,1.04,73.68,76.1,34%
INFU,"Infusystems Holdings","Medical Products",12.8,-0.39%,11,Buy,"100% Buy",+18.59,+28.00%,10.3,11.26,10.02,12.22,68.66,11.49,29.27,159260,Strongest,Maximum,75.26%,1.04,11.73,12.71,109%
M,"Macy's Inc","Retail - Regional Dept Stores",22.19,+1.14%,1,Sell,"16% Buy",+18.52,+26.44%,22.63,23.36,21.44,22.19,47.43,9.93,-12.8,6567326,Weakest,Minimum,59.73%,1.04,21.03,23.35,50%
CACI,"Caci International","Computer - Services",632.87,+0.96%,2,Buy,"88% Buy",+18.50,+26.88%,539.66,581.95,550.97,626.63,55.6,10.37,5.35,288068,Strengthening,Good,64.74%,0.7,610.34,642.91,69%
HBNC,"Horizon Bancorp","Banks - Northeast",19.37,-0.56%,4,Sell,"24% Buy",+18.48,+17.39%,19.46,20.01,18.64,19.61,39.39,0.88,0.78,465548,Weakening,Soft,30.32%,0.86,19.29,19.93,13%
EBMT,"Eagle Bancorp [Mt]","Banks - Midwest",21.71,-1.59%,2,Sell,"24% Sell",+18.30,+23.42%,22.94,23.04,22.46,22.43,34.74,6.91,-4.33,54768,Strengthening,Weak,16.18%,0.64,21.8,23.07,-7%
AEG,"Aegon N.V. ADR","Insurance - Multi Line",9.09,+0.55%,4,Sell,"40% Buy",+18.23,+16.54%,8.82,9.19,8.36,9.13,47.3,0.03,4.47,5136036,Weakening,Good,37.11%,0.76,8.99,9.26,36%
FBNC,"First Bancorp [Nc]","Banks - Southeast",62.75,-0.99%,3,Sell,"40% Buy",+18.20,+17.22%,62.2,64.22,60.54,63.89,42.71,0.71,10.12,235161,Weakest,Average,36.17%,0.85,62.28,65.51,15%
PLAB,"Photronics Inc","Semi-Eqpt PhotoMask",29.34,+0.79%,3,Sell,"88% Sell",+18.10,+17.64%,34.5,30.02,36.54,28.64,50.52,1.13,-21.74,1353726,Weakening,Average,67.32%,0.56,26.81,30.47,69%
MDGL,"Madrigal Pharmaceuticals Inc","Medical - Drugs",521.96,-1.80%,5,Sell,"56% Buy",+17.91,+18.65%,520.26,529.04,506.77,533.93,45.91,2.14,-23.8,330072,Weakest,Weak,41.15%,0.63,514.34,553.52,19%
EWBC,"East West Bancorp","Banks - West",127.77,+0.67%,2,Sell,"24% Buy",+17.74,+17.27%,128.47,130.97,123.15,128.65,44.73,0.76,0.25,948485,Weakest,Weak,33.81%,0.82,125.78,131.53,35%
RLMD,"Relmada Therapeutics Inc","Medical - Drugs",4.16,+0.97%,2,Sell,"88% Sell",+17.66,+171.90%,5.84,4.84,5.93,4.36,37.96,155.39,-27.3,1452113,Strengthening,Good,24.62%,0.41,4.03,4.7,20%
MCY,"Mercury General Corp","Insurance - Proprty & Casualty",100.34,-0.59%,2,Sell,"8% Buy",+17.53,+26.20%,103.5,105.13,99.24,102.82,40.4,9.69,-6.75,267823,Weakening,Minimum,18.01%,0.71,99.46,106.18,13%
FCCO,"First Community Corp","Banks - Southeast",33.49,-0.71%,4,Hold,"64% Buy",+17.47,+14.93%,32.4,33.76,31.43,33.79,45.54,-1.58,-0.48,69890,Weakening,Strong,45.01%,0.51,33,34.57,31%
MCRI,"Monarch Casino",Gaming,119.86,-1.33%,1,Sell,"8% Sell",+17.41,+17.25%,122.79,122.47,114.96,121.54,44.04,0.74,11.82,139394,Average,Weak,52.82%,0.91,117.79,125.29,28%
UNTY,"Unity Bancorp Inc","Banks - Northeast",58.56,+0.64%,2,Sell,"40% Buy",+17.40,+13.82%,57.02,58.95,55.53,58.92,46.33,-2.69,-0.2,53917,Weakest,Average,29.89%,1.04,57.64,60.19,36%
CBNK,"Capital Bancorp Inc","Banks - Northeast",36,+0.36%,2,Sell,"40% Buy",+17.38,+10.16%,34.67,36.63,33.21,36.33,44.1,-6.35,14.37,60302,Weakest,Good,30.07%,0.93,35.81,36.85,19%
SHO,"Sunstone Hotel Investors","REIT - Equity Trust Other",11.09,+0.45%,3,Sell,"24% Buy",+17.36,+13.39%,11.13,11.28,10.53,11.08,49.6,-3.12,10.62,2161211,Weakest,Soft,56.78%,0.62,10.81,11.35,52%
ROK,"Rockwell Automation Inc","Electronics Products - Misc",424.89,+2.23%,2,Sell,"8% Sell",+17.35,+22.16%,448.85,442.66,427.15,424.52,47.22,5.65,-4.22,852423,Weakest,Minimum,34.12%,0.97,411.23,437.81,51%
CAAP,"Corporacion America Airports Sa","Transportation - Airline",24.19,+2.41%,3,Sell,"88% Sell",+17.34,+34.39%,25.08,24.63,25.46,24.12,49.52,17.88,-20.39,226804,Weakening,Soft,42.86%,0.98,23.24,25,54%
FUNC,"First United Corp","Banks - Northeast",43.64,-1.51%,7,Hold,"48% Buy",+17.34,+14.27%,42.27,44.28,40.46,43.65,48.1,-2.24,3.13,19770,Weakest,Average,60.32%,3.09,42.33,44.97,50%
ABUS,"Arbutus Biopharma Corp","Medical - Biomedical",5,-0.20%,1,Buy,"88% Buy",+17.33,+17.65%,4.63,4.79,4.57,5.11,50.18,1.14,-9.48,2325830,Weakening,Good,17.59%,1.44,5,5.23,2%
TDAY,"USA Today CO Inc","Media Conglomerates",6.39,+2.40%,2,Sell,"40% Sell",+17.17,+48.60%,7.58,7.32,7.27,6.38,41.82,32.09,10.65,1803406,Weakening,Soft,33.33%,0.82,6.17,6.59,53%
EGP,"Eastgroup Properties","REIT - Equity Trust Other",202.57,+0.10%,3,Hold,"32% Buy",+17.08,+22.02%,204.23,205.05,200.1,199.68,54.93,5.51,0.28,391254,Weakening,Weak,90.77%,1.27,195.97,203.39,89%
VOC,"Voc Energy Trust","Oil - US Exploration & Product",3.38,0.00%,2,Buy,"88% Buy",+17.07,+21.15%,3.13,3.26,3.22,3.36,54.37,4.64,11.76,104826,Average,Average,74.69%,0.48,3.25,3.46,61%
NPCE,"Neuropace Inc","Medical Instruments",14.54,+1.82%,4,Sell,"72% Sell",+17.02,+46.28%,15.51,14.64,15.21,14.43,50.89,29.77,-19.26,194717,Weakening,Weak,29.98%,0.41,13.75,15.12,58%
JMSB,"John Marshall Bk Fal","Banks - Southeast",23.13,-0.09%,4,Buy,"100% Buy",+16.90,+12.50%,22.18,22.95,21.53,23.06,51.32,-4.01,2.28,39176,Strengthening,Strong,41.96%,1.27,22.55,23.56,57%
DSGR,"Distribution Solutions Group Inc","Industrial Services",34.87,+0.11%,7,Buy,"100% Buy",+16.88,+12.85%,30.82,34.3,29.45,34.78,70.88,-3.66,13.88,142288,Strengthening,Strong,84.30%,0.65,34.66,34.89,89%
OVLY,"Oak Valley Bancp CA","Banks - West",34.37,-0.64%,1,Buy,"100% Buy",+16.87,+22.31%,33.72,33.9,33.49,34.32,51.48,5.8,0.91,30447,Average,Soft,48.16%,0.74,33.64,35.01,53%
CZR,"Caesars Entertainment Inc","Leisure & Recreation Services",29.65,+0.03%,1,Sell,"40% Buy",+16.82,+16.00%,29.31,29.77,28.18,29.67,46.3,-0.51,13.33,5573596,Weakest,Average,33.97%,1.24,29.63,29.71,27%
MRBK,"Meridian Bank","Banks - Northeast",19.23,+0.94%,2,Sell,"16% Buy",+16.81,+20.41%,19.23,19.77,19.32,19.48,42.12,3.9,-4.04,106406,Weakening,Minimum,13.52%,0.49,19.03,19.92,22%
CB,"Chubb Ltd","Insurance - Proprty & Casualty",337.26,-0.99%,3,Sell,"24% Buy",+16.78,+23.14%,337.46,345.76,334.71,340.69,43.03,6.63,-5.38,1750317,Weakening,Weak,40.94%,0.52,334.89,346.49,20%
RDNW,"Ridenow Group Inc","Auto - Domestic",6.02,+6.74%,2,Sell,"72% Sell",+16.77,+35.89%,6.7,6.07,6.64,5.73,55.83,19.38,-4.37,73683,Weakening,Soft,64.08%,1.15,5.44,6.02,99%
NNBR,"NN Inc","Metal Production & Fabrication",3.35,+1.21%,1,Sell,"40% Buy",+16.69,+49.55%,3.19,3.53,2.68,3.48,44.4,33.04,148.29,1676636,Weakest,Average,24.93%,0.58,3.2,3.75,27%
LYB,"Lyondellbasell Industries NV","Chemical - Diversified",60.24,-2.73%,2,Sell,"24% Sell",+16.66,+15.82%,63.92,62.52,65.76,63.94,39.42,-0.69,25.69,6099917,Weakening,Minimum,13.66%,0.77,61.11,66.77,-15%
SGC,"Superior Uniform Group","Textile - Apparel",12.34,-0.48%,1,Sell,"8% Buy",+16.64,+9.59%,12.64,12.76,11.92,12.4,45.67,-6.92,14.05,46369,Weakening,Weak,62.30%,1.04,12.03,12.77,41%
EIG,"Employers Holdings Inc","Insurance - Accident & Health",48.45,-1.06%,5,Sell,"40% Buy",+16.63,+14.70%,47.49,49.47,45.36,49.32,41.65,-1.81,-1.2,248680,Weakest,Average,28.74%,0.72,48.46,50.18,0%
PLMR,"Palomar Holdings Inc","Insurance - Proprty & Casualty",134.09,-1.40%,7,Buy,"72% Buy",+16.58,+15.75%,125.46,133.87,125.01,134.25,49.95,-0.76,-13.93,258875,Weakening,Average,46.81%,0.71,128.74,139.76,49%
LAMR,"Lamar Advertis A","REIT - Equity Trust Other",146.08,-0.50%,3,Sell,"8% Buy",+16.56,+18.04%,152.78,154.51,146.04,149.59,33.66,1.53,1.98,581627,Weakening,Minimum,16.09%,0.82,145.76,153.41,4%
ZDGE,"Zedge Inc Cl B","Internet - Content",3.08,+0.33%,8,Buy,"8% Sell",+16.47,+3.01%,3.05,2.99,3.05,3,55.58,-13.5,-19.53,366787,Weakest,Weak,72.20%,0.81,2.86,3.13,81%
CBAN,"Colony Bankcorp Inc","Banks - Southeast",20.8,+0.43%,2,Sell,"40% Buy",+16.46,+18.32%,20.76,21.46,20.54,21.25,38.77,1.81,3.29,214441,Weakest,Weak,17.94%,1.06,20.75,21.74,5%
EBF,"Ennis Inc","Office Supply & Forms",21.49,+0.80%,1,Sell,"56% Buy",+16.44,+18.47%,21.16,21.63,21.15,21.34,50.98,1.96,5.89,168113,Weakening,Weak,67.04%,1.21,21.09,21.6,79%
ACCL,"Acco Group Holdings Limited",Consulting,2.87,-0.35%,2,Buy,"100% Buy",+16.24,N/A,2.08,2.61,1.87,2.85,53.31,N/A,-7.53,429715,Average,Strong,70.61%,0.33,2.62,3.08,54%
PRU,"Prudential Financial Inc","Insurance - Multi Line",118.53,+0.11%,3,Sell,"40% Buy",+16.21,+14.42%,112.65,120.36,107.54,119.42,46.89,-2.09,-8.42,2018890,Weakening,Good,36.00%,0.66,116.06,122.78,37%
NTNX,"Nutanix Inc","IT Services",70.04,+0.34%,2,Buy,"100% Buy",+16.16,-9.15%,55.9,63.22,50.42,67.79,64.99,-25.66,22.07,3964488,Strengthening,Strong,82.81%,0.87,64.87,70.7,89%
CUBI,"Customers Bancorp","Banks - Southeast",78.87,+1.62%,2,Sell,"56% Buy",+16.11,+18.58%,77.68,79.27,75.49,78.62,49.61,2.07,-5.57,353879,Average,Weak,43.53%,0.87,76.91,80.33,57%
MIRM,"Mirum Pharmaceuticals Inc","Medical - Biomedical",92,+0.19%,6,Sell,"40% Sell",+16.06,+23.69%,104.72,103.64,101.26,97.78,37.38,7.18,3.04,849769,Average,Weak,20.94%,1.05,92.76,102.8,-8%
EQBK,"Equity Bncsrs Cm A","Banks - Northeast",48.61,-0.86%,3,Sell,"40% Buy",+15.91,+15.79%,48.49,50.25,47.32,49.73,37.01,-0.72,-4.56,110006,Weakest,Weak,11.08%,0.74,48.53,50.92,3%
BLX,"Bladex Inc","Finance - Misc Services",54.76,+1.73%,9,Sell,"8% Sell",+15.84,+16.56%,56.63,56.38,54.91,54.75,47.52,0.05,9.35,164867,Weakest,Minimum,39.63%,1.61,53.25,56.26,50%
COSO,"Coastalsouth Bancshares Inc","Banks - Southeast",26.74,-0.63%,3,Sell,"56% Buy",+15.83,+12.02%,26.71,27.34,26.08,27.41,37.67,-4.49,1.58,101020,Weakest,Average,17.21%,1.38,26.87,27.94,-12%
OVBC,"Ohio Valley Banc Corp","Banks - Midwest",44.85,0.00%,4,Buy,"40% Buy",+15.75,+15.15%,45.27,44.48,44.73,45.83,44.11,-1.36,-1.25,25035,Weakest,Weak,25.56%,0.85,44.31,47.35,18%
SYNA,"Synaptics Inc","Electronics - Semiconductors",95.36,+2.42%,8,Sell,"40% Sell",+15.74,+32.78%,115.52,104.01,102.91,95.29,46.48,16.27,15.4,830494,Weakening,Weak,39.37%,0.63,90.16,100.42,51%
AZZ,"Azz Inc","Machinery - Electrical",133.63,+0.69%,1,Sell,"40% Sell",+15.73,+17.30%,144.55,143.88,140.05,136.67,37.92,0.79,11.25,226115,Weakening,Weak,28.98%,0.88,131.15,142.2,22%
FR,"First Industrial Realty Trust","REIT - Equity Trust Other",62,+0.32%,3,Sell,"8% Buy",+15.69,+19.90%,63.09,63.79,62.31,61.94,47.2,3.39,-5.17,1035532,Weakest,Minimum,65.08%,0.96,60.54,63.34,52%
TCBK,"Trico Bancshares","Banks - West",53.03,-1.08%,1,Sell,"8% Buy",+15.69,+17.32%,53.88,56.36,52.15,53.74,36.55,0.81,-1.48,207881,Weakening,Weak,43.43%,1.33,52.89,54.59,8%
ITT,"ITT Inc","Conglomerates - Div Operations",205.68,+0.59%,4,Sell,"72% Buy",+15.52,+13.62%,199.68,202.78,200.01,202.04,53.34,-2.89,5.11,935310,Strengthening,Weak,78.32%,0.85,193.62,210.45,72%
IRS,"Irsa Inversiones Y Representaciones S.A. ADR","Real Estate Developers",15.6,+0.84%,9,Buy,"40% Buy",+15.27,+31.20%,15.09,15.12,15.19,15.26,55.99,14.69,-19.11,166980,Average,Minimum,64.51%,1.57,14.66,15.85,79%
API,"Agora Inc Ads","Technology Services",4.32,+8.12%,2,Sell,"32% Buy",+15.20,+12.34%,4.15,4.15,4.09,4.1,57.64,-4.17,-7.16,378292,Weakening,Minimum,52.97%,2.46,3.92,4.28,112%
JPM,"JP Morgan Chase & Company","Finance - Investment Brokers",352.04,+0.68%,7,Sell,"56% Buy",+15.16,+11.84%,334.3,353.51,322.63,354.49,48.08,-4.67,-4.18,9363485,Average,Good,36.73%,0.9,347.9,361.09,31%
PFS,"Provident Financial Services","Finance - Savings & Loan",22.93,-0.56%,1,Sell,"24% Buy",+15.16,+15.23%,23.3,23.92,22.74,23.34,36.27,-1.28,2.67,945828,Weakening,Weak,31.29%,0.66,22.92,23.76,1%
PM,"Philip Morris International",Tobacco,187.48,-0.60%,3,Hold,"64% Buy",+15.14,+15.05%,184.59,189.36,179.36,189.57,46.83,-1.46,3.45,5113224,Weakest,Good,54.21%,1.22,182.88,196.26,34%
TCBX,"Third Coast Bancshares Inc","Banks - Southeast",44.05,-0.72%,1,Hold,"80% Buy",+14.92,+9.36%,41.36,44,40.68,44.9,44.83,-7.15,2.46,93855,Weakening,Strong,35.44%,0.69,43.8,46,11%
STIM,"Neuronetics Inc","Medical Instruments",2.85,-1.72%,6,Buy,"88% Buy",+14.57,+2.52%,2,2.55,1.8,2.9,51.72,-13.99,93.09,2086573,Average,Strong,44.62%,0.26,2.72,3.08,36%
CRD.B,"Crawford Company Cl B","Building & Construction - Misc",11.85,-0.84%,2,Buy,"88% Buy",+14.55,+15.27%,10.77,11.41,10.52,11.92,50.33,-1.24,-2.89,15610,Average,Strong,55.26%,0.78,11.21,12.64,45%
FSTR,"Foster L B Company","Steel - Producers",37.35,-0.16%,4,Sell,"8% Sell",+14.44,+34.55%,40.11,39.38,36.62,37.49,42.57,18.04,25.16,67272,Weakest,Minimum,46.75%,0.46,36.83,38.15,40%
VMI,"Valmont Industries","Steel - Pipe & Tube",469.15,-1.16%,3,Sell,"40% Sell",+14.42,+25.07%,511.88,489.52,485.19,475.43,41.42,8.56,3.18,191164,Strengthening,Weak,36.25%,1.45,464.9,485.96,20%
BKD,"Brookdale Senior Living Inc","Medical - Nursing Homes",11.38,-0.61%,4,Sell,"88% Sell",+14.35,+43.87%,13.45,13.14,13.73,11.9,29.91,27.36,-7.96,4464651,Strongest,Average,4.04%,0.61,11.41,12.39,-3%
MPLX,"Mplx LP","Oil - Production & Pipeline",59.09,-0.59%,7,Sell,"72% Buy",+14.30,+17.41%,57.36,58.67,57.33,59.15,50.79,0.9,-2.71,1672053,Strengthening,Average,55.78%,0.74,58.02,60.29,47%
RDWR,"Radware Ltd","Internet - Software",29.5,+1.27%,5,Buy,"72% Buy",+14.24,+7.51%,28.68,28.63,27.57,28.67,54.67,-9.,9.03,264244,Average,Average,54.18%,1.55,27.06,30.28,76%
IMKTA,"Ingles Markets Inc","Retail - Supermarket",83.1,+0.44%,2,Sell,"56% Sell",+14.20,+19.71%,87.5,86.09,87.74,82.65,46.38,3.2,7.8,131967,Weakening,Weak,63.01%,0.86,80.43,84.87,60%
CHCO,"City Holding Company","Banks - Southeast",140.24,-2.07%,2,Hold,"64% Buy",+13.97,+12.12%,134.89,142.98,130.63,143.86,36.56,-4.39,4.22,115041,Weakening,Strong,22.78%,1.48,141.49,146.24,-26%
SYBT,"Stock Yards Bancorp","Banks - Southeast",78.81,-0.71%,1,Sell,"40% Buy",+13.97,+4.70%,77.28,81.54,73.91,79.59,43.6,-11.81,7.91,168529,Weakest,Average,41.53%,0.68,77.73,81.45,29%
MCB,"Metropolitan Bank Holding Corp","Banks - Northeast",89.27,+0.09%,4,Sell,"8% Sell",+13.95,+12.86%,92.67,92.68,90.33,90.75,40.11,-3.65,3.48,146364,Weakest,Minimum,26.58%,1.3,88.64,92.86,15%
ERIC,"Ericsson ADR","Wireless Equipment",10.25,+0.79%,3,Buy,"24% Sell",+13.78,+27.01%,11.06,10.05,11.2,10.12,53.39,10.5,-7.21,10144530,Weakest,Soft,62.08%,0.43,9.9,10.33,81%
VATE,"Innovate Corp","Conglomerates - Div Operations",8.18,+0.25%,3,Hold,"48% Sell",+13.74,+62.30%,11.42,7.95,9.85,7.46,54.74,45.79,67.54,155766,Weakening,Weak,89.25%,0.33,6.74,8.17,100%
RMBI,"Richmond Mutual Bancorp Inc","Banks - Northeast",15.85,+0.38%,3,Hold,"80% Buy",+13.72,+5.88%,15.32,15.77,14.85,15.88,50.35,-10.63,-0.54,46703,Average,Strong,57.00%,1.81,15.61,16.15,45%
ONB,"Old National Bncp","Banks - Midwest",25.25,-0.08%,2,Sell,"24% Buy",+13.70,+14.10%,25.39,26.21,24.58,25.62,39.34,-2.41,-0.25,3479225,Weakest,Soft,35.41%,0.82,25.12,26.12,13%
FCNCA,"First Citizens Bancs","Banks - Southeast",2121.73,+0.47%,1,Sell,"40% Buy",+13.66,+13.65%,2099.21,2171.42,2043.32,2158.67,43.89,-2.86,-14.57,84151,Weakening,Soft,36.46%,0.87,2099.84,2217.49,19%
OIS,"Oil States International","Oil Field Machinery & Equip",8.31,-1.19%,5,Hold,"80% Sell",+13.63,+45.28%,8.61,8.54,9.66,8.59,42.77,28.77,9.32,855416,Strengthening,Weak,15.11%,0.78,8.18,8.99,16%
COFS,"Choiceone Financial","Finance - Misc Services",32.96,-1.14%,5,Sell,"40% Buy",+13.51,+9.90%,32.81,33.78,31.51,33.57,40.34,-6.61,-1.78,92420,Weakest,Average,34.37%,0.59,32.82,34.32,10%
HTH,"Hilltop Holdings Inc","Banks - Southeast",38.76,+0.28%,3,Sell,"56% Buy",+13.32,+12.77%,38.34,38.86,37.83,38.62,50.27,-3.74,0.77,332167,Average,Soft,62.22%,1.18,38,39.25,61%
UBCP,"United Bncp Inc","Banks - Midwest",15.85,-0.94%,4,Buy,"88% Buy",+13.29,+21.92%,15.7,15.62,15.59,15.72,52.94,5.41,-2.98,8488,Strengthening,Soft,79.81%,0.39,15.3,16.14,65%
EME,"Emcor Group","Building - Heavy Construction",757.71,+1.02%,3,Sell,"56% Sell",+13.04,+19.89%,810.2,771.36,797.52,750.06,49.1,3.38,10.42,393161,Weakening,Weak,38.80%,0.91,720.61,779.52,63%
INTT,"Intest Corp","Electronics - Measuring Inst",10.99,+1.76%,3,Sell,"88% Sell",+12.96,+40.00%,14.84,12.56,14.56,11.06,42.11,23.49,33.69,185965,Average,Average,32.99%,0.92,10.38,11.73,45%
HESM,"Hess Midstream Partners LP","E&P MLP",39.58,-1.44%,7,Buy,"56% Buy",+12.94,+11.93%,39.29,40.02,39.07,39.93,46.06,-4.58,1.29,1509792,Weakest,Soft,31.85%,0.83,39.06,40.81,30%
RYAM,"Rayonier Advanced Materials Inc","Paper & Related Products",8.48,+1.68%,3,Hold,"80% Sell",+12.83,+18.93%,8.52,8.49,9,8.44,50.87,2.42,30.54,967618,Weakening,Weak,41.93%,0.96,8.21,8.67,58%
GRND,"Grindr Inc","Internet - Software",15.89,+3.18%,3,Sell,"72% Buy",+12.58,-0.63%,14.64,15.85,13.82,15.5,54.53,-17.14,3.93,1521634,Strengthening,Average,62.86%,0.91,15.07,15.93,96%
SGP,"Spyglass Pharma Inc","Medical - Biomedical",27.96,-3.85%,6,Buy,N/A,+12.57,N/A,22.88,24.95,23.76,27.79,55.35,N/A,N/A,N/A,N/A,N/A,73.75%,1.58,25.65,29.93,54%
MPLT,"Maplight Therapeutics Inc","Medical - Biomedical",10.9,-0.18%,8,Sell,"88% Sell",+12.52,N/A,23.95,17.29,23.16,12.62,31.49,N/A,-51.37,475440,Strengthening,Strong,9.24%,0.56,10.72,14.52,5%
SPFI,"South Plains Financial Inc","Banks - Southeast",44.08,+0.46%,3,Sell,"40% Buy",+12.52,+12.39%,42.81,44.46,42.62,44.25,47.06,-4.12,0.18,110996,Average,Average,34.90%,1.15,42.96,45.54,43%
TTEK,"Tetra Tech Inc","Engineering & R&D Services",35.96,+0.77%,1,Hold,"64% Buy",+12.33,-0.28%,31.75,34.7,32.01,36.22,52.52,-16.79,-6.21,2930342,Average,Good,31.39%,0.56,35.36,37.08,35%
INDB,"Independent Bk Corp","Banks - Northeast",81.2,-1.26%,1,Sell,"24% Buy",+12.30,+14.16%,82.06,83.89,80.67,82.46,39.91,-2.35,-2.32,348099,Weakening,Weak,48.67%,0.93,80.62,84.3,16%
HSTM,"Healthstream Inc","Internet - Services",29.08,-0.51%,4,Buy,"88% Buy",+12.17,+0.28%,26.89,28.7,24.92,29.18,50.98,-16.23,12.62,258581,Weakening,Strong,47.29%,0.9,28.46,29.9,43%
IBCP,"Independent Bank Corp","Banks - Northeast",35.89,-0.94%,3,Sell,"40% Buy",+12.10,+14.48%,35.87,37.25,35.3,36.75,37.17,-2.03,-3.1,172572,Weakest,Soft,18.25%,0.85,35.94,37.55,-3%
HFWA,"Heritage Financial","Finance - Savings & Loan",28,-0.67%,2,Sell,"8% Buy",+12.08,+13.04%,28.65,29.36,27.92,28.61,35.25,-3.47,4.96,314431,Weakening,Weak,26.77%,0.65,27.85,29.37,10%
ATRA,"Atara Biotherap","Medical - Biomedical",9.38,-3.20%,3,Buy,"72% Buy",+12.07,-22.16%,9.19,8.92,7.82,9.54,49.53,-38.67,-61.58,603385,Weakening,Weak,31.36%,0.52,8.86,10.22,38%
CMRE,"Costamare Inc","Transportation - Ship",15.09,-2.39%,2,Buy,"72% Sell",+12.05,+22.88%,15.54,15.17,16.02,15.28,48.04,6.37,-17.86,442375,Average,Weak,59.08%,0.75,14.82,15.74,29%
WNEB,"Western New England Bancorp Inc","Banks - Foreign",13.82,-0.43%,3,Hold,"48% Buy",+11.94,+9.60%,13.8,13.9,13.62,13.76,50.52,-6.91,-3.92,56953,Weakening,Weak,57.35%,0.86,13.53,13.99,63%
CMP,"Compass Minerals Intl Inc","Chemical - Diversified",23.57,-1.26%,1,Sell,"72% Sell",+11.82,+30.80%,28.26,26.79,26.86,24.66,35.22,14.29,6.58,558722,Strongest,Average,12.95%,0.9,23.39,25.92,7%
AMP,"Ameriprise Financial Services","Finance - Investment Mgmt",535.72,-1.58%,3,Sell,"56% Buy",+11.76,+9.44%,506.85,548.71,489.81,553.71,40.16,-7.07,-4.18,640180,Weakening,Good,28.86%,1.29,538.2,569.22,-8%
FLOC,"Flowco Holdings Inc Cl A","Oil - International Integrated",19.87,-1.88%,1,Sell,"88% Sell",+11.75,+30.30%,22.44,21.07,22.52,20.9,39.94,13.79,-7.4,589620,Strongest,Average,23.49%,1.14,19.63,22.16,10%
STRW,"Strawberry Fields REIT Inc","REIT - Equity Trust Other",13.75,+0.15%,5,Sell,"40% Buy",+11.69,+11.88%,13.54,13.9,13.23,13.77,48.65,-4.63,-8.47,31844,Weakening,Soft,57.65%,1.08,13.49,14.04,47%
KVHI,"K V H Inds Inc","Communications Components",7.19,-0.28%,4,Sell,"88% Sell",+11.58,+28.16%,8.8,8.09,8.55,7.26,42.5,11.65,-10.27,166607,Strengthening,Average,38.94%,0.84,6.84,7.69,41%
ASPN,"Aspen Aerogels Inc","Building & Construction - Misc",5.19,+2.37%,3,Hold,"32% Buy",+11.57,-24.12%,5.34,5.18,4.69,4.97,53.1,-40.63,69.96,1517825,Weakening,Weak,75.15%,0.58,4.68,5.26,87%
LUNR,"Intuitive Machines Inc","Aerospace - Defense",15.72,+12.93%,1,Hold,"48% Sell",+11.55,+61.89%,21.49,15.13,21.22,15.05,52.41,45.38,-16.57,12068070,Weakening,Average,51.96%,1.28,13.32,16.78,69%
EFOR,"Everforth Inc","Technology Services",32.89,+0.40%,4,Buy,"24% Buy",+11.53,-33.20%,24.07,28.57,28.69,31.97,58.17,-49.71,-45.15,958122,Weakening,Minimum,66.88%,0.67,29.89,34.04,72%
FIBK,"First Interstate Ban","Banks - Midwest",36.83,-1.39%,2,Sell,"24% Buy",+11.42,+10.10%,37.1,37.87,36.19,37.11,44.03,-6.41,-6.98,1160071,Weakest,Minimum,53.56%,0.99,36.48,37.74,27%
BHRB,"Burke Herbert Financial Services Corp","Finance - Misc Services",69.55,-0.50%,1,Sell,"40% Buy",+11.33,+10.68%,68.73,71.97,67.18,71.38,35.73,-5.83,-1.81,126074,Weakest,Average,6.89%,1,69.76,72.99,-7%
COLB,"Columbia Banking Sys","Banks - West",29.9,-0.10%,1,Sell,"8% Sell",+11.19,+12.62%,30.72,31.16,29.97,30.15,42.19,-3.89,-6.45,2863020,Weakening,Minimum,43.19%,0.73,29.38,30.91,34%
BMA,"Banco Macro S.A. ADR","Banks - Foreign",75.21,+0.20%,6,Sell,"88% Sell",+11.14,+91.52%,83.87,83.07,81.51,77.48,37.68,75.01,-30.01,299600,Average,Average,18.62%,0.48,74.89,80.07,6%
NODK,"Ni Holdings Inc","Insurance - Proprty & Casualty",14.97,+0.13%,2,Sell,"24% Buy",+10.98,+7.08%,15.01,15.39,14.36,15.15,42.13,-9.43,-0.87,19986,Weakest,Soft,22.60%,1.36,14.89,15.41,15%
DLX,"Deluxe Corp","Business Office Products",23.45,+0.60%,2,Sell,"88% Sell",+10.95,+20.75%,24.64,24.69,25.76,23.66,44.85,4.24,-8.41,442518,Strengthening,Soft,50.86%,0.97,22.94,24.37,36%
APYX,"Apyx Medical Corp","Medical Products",2.91,-4.90%,2,Sell,"88% Sell",+10.91,+27.07%,3.77,3.47,3.74,3.02,36.84,10.56,-30.29,132596,Strongest,Strong,53.66%,1.51,2.9,3.15,3%
BSM,"Black Stone Minerals LP","E&P MLP",14.86,+0.27%,4,Buy,"72% Buy",+10.86,+14.75%,14.25,14.67,14.42,14.87,52.38,-1.76,-1.62,400797,Strengthening,Average,45.89%,0.66,14.64,15.11,47%
TNGX,"Tango Therapeutics Inc","Medical - Biomedical",22.33,+2.67%,3,Sell,"24% Sell",+10.86,+193.82%,25.75,25.64,23.48,23.47,40.28,177.31,138.6,3289987,Average,Minimum,22.88%,1.09,21.42,25.52,22%
TACT,"Transact Tech Inc","Computers - Peripheral Equpt",5.15,+0.98%,4,Sell,"56% Buy",+10.62,+6.63%,4.82,5.17,4.34,5.13,50.2,-9.88,15.32,47566,Average,Average,41.48%,0.13,4.88,5.37,55%
KMI,"Kinder Morgan Inc","Oil - Production & Pipeline",31.72,-0.38%,5,Sell,"24% Sell",+10.48,+15.68%,32,31.76,32.29,31.44,52.36,-0.83,1.96,12119658,Weakest,Minimum,52.96%,1.08,30.5,32.39,65%
CLW,"Clearwater Paper Corp","Paper & Related Products",21.29,+1.91%,1,Hold,"96% Buy",+10.46,+1.19%,17.69,20.15,16.63,20.86,56.48,-15.32,8.93,204296,Strongest,Strong,76.16%,0.68,19.9,21.82,72%
NRIM,"Northrim Bancorp Inc","Banks - West",25.22,-0.86%,7,Sell,"8% Sell",+10.30,+10.81%,25.87,26.49,25.19,25.78,35.56,-5.7,-18.65,161436,Average,Minimum,28.39%,0.83,25.17,26.39,4%
RNW,"Renew Energy Global Plc Cl A","Other Alt Energy",6.84,0.00%,6,Buy,"100% Buy",+10.28,-10.12%,6.25,6.56,5.87,6.83,63.15,-26.63,7.63,1465953,Average,Good,58.52%,0.48,6.79,6.87,63%
GLRE,"Greenlight Cap. Re.","Insurance - Proprty & Casualty",15.09,+0.40%,1,Sell,"72% Sell",+10.22,+17.34%,16.23,15.82,16.31,15.21,42.11,0.83,-9.93,173676,Weakening,Weak,35.13%,0.75,14.84,15.58,34%
CMT,"Core Molding Technologies Inc","Rubber & Plastics",23.52,-2.81%,2,Sell,"8% Sell",+10.11,+9.40%,24.33,24.56,23.57,24.22,41.01,-7.11,3.88,28692,Weakening,Minimum,36.26%,1.16,22.89,25.55,24%
UGI,"Ugi Corp","Utility - Gas Distribution",37.23,-1.14%,5,Buy,"72% Buy",+10.11,+13.16%,35.84,36.99,36.23,38.07,45.96,-3.35,-13.96,1935525,Weakening,Soft,26.40%,1.1,37.43,38.7,-16%
SHAZ,"Sharonai Holdings Inc","IT Services",59.93,+4.12%,3,Sell,N/A,+10.09,+8.96%,63.36,59.3,51.44,56.1,53.17,-7.55,3040.78,N/A,N/A,N/A,77.63%,0.54,50.03,62.16,82%
OPBK,"Open Bank","Banks - Southwest",15.29,-0.78%,4,Sell,"56% Buy",+9.99,+3.80%,14.87,15.36,14.45,15.27,48.51,-12.71,-5.14,43438,Weakest,Good,61.37%,1.07,14.97,15.56,54%
BBDO,"Banco Bradesco S.A. ADR","Banks - Foreign",3.24,+2.91%,6,Hold,"8% Buy",+9.78,+12.70%,3.13,3.15,3.24,3.14,57.38,-3.81,-0.54,74146,Weakening,Minimum,84.34%,1.48,3,3.28,87%
JCTC,"Jewett-Cameron Trading Company Ltd","Building Prds Retail - Wsale",2.92,-0.34%,5,Buy,"88% Buy",+9.73,-17.28%,2.49,2.84,2.25,2.94,51.18,-33.79,16.35,25215,Weakening,Good,54.17%,0.38,2.88,3,35%
FRBA,"First Bank","Banks - Southwest",17.71,-0.39%,1,Sell,"40% Buy",+9.59,+6.30%,17.11,18.17,16.8,17.92,41.29,-10.21,-5.84,82117,Weakest,Average,40.44%,0.56,17.61,18.23,16%
BANR,"Banner Corp","Finance - Savings & Loan",69.72,-1.43%,4,Sell,"40% Buy",+9.48,+3.86%,68.23,70.88,66.09,70.6,43.39,-12.65,-2.16,296690,Weakest,Average,48.82%,0.43,69.07,72.14,21%
PAYO,"Payoneer Global Inc","Financial Transaction Services",7.11,-0.28%,9,Hold,"56% Buy",+9.41,+7.89%,6.51,7.12,5.96,7.13,49.46,-8.62,13.08,4834177,Weakest,Strong,34.07%,0.36,7.08,7.17,31%
TRLV,"Trulieve Cannabis Corp","Medical Products",11.5,+3.88%,7,Buy,"88% Buy",+9.38,+50.72%,9.65,10.04,8.6,11.58,55.86,34.21,18.91,871175,Average,Strong,32.46%,1.13,10.9,12.26,44%
FMNB,"Farmers Natl Banc Corp","Banks - Midwest",15.31,-1.57%,3,Sell,"56% Buy",+9.31,+4.90%,14.91,15.59,14.36,15.71,40.67,-11.61,1.55,388540,Weakening,Good,23.90%,1.09,15.37,16.05,-8%
OHI,"Omega Healthcare Investors","REIT - Equity Trust Other",46.83,+0.36%,5,Sell,"8% Buy",+9.23,+12.76%,47.42,47.96,47.09,46.81,47.27,-3.75,-7.81,2057582,Weakest,Minimum,58.79%,0.85,45.97,47.64,51%
NL,"Nli Holdings Inc","Electronics - Misc Components",6.83,-0.44%,6,Buy,"100% Buy",+9.14,+16.35%,6.31,6.37,6.18,6.79,54.77,-0.16,11.43,52133,Strengthening,Good,59.57%,0.57,6.42,7.16,56%
UMAC,"Unusual Machines Inc","Wireless Equipment",24.25,+4.62%,2,Buy,"100% Buy",+9.02,+85.11%,21.94,23.43,19.66,23.85,50.7,68.6,76.92,4547033,Strongest,Good,50.10%,0.58,21.82,25.88,60%
DNOW,"Dnow Inc","Machinery - General Industrial",15.57,-0.13%,6,Buy,"88% Buy",+8.89,+3.18%,14.24,15.23,13.58,15.85,48.62,-13.33,4.08,2876926,Weakening,Strong,32.80%,0.7,15.36,16.33,21%
EG,"Everest Re Group","Insurance - Multi Line",369.42,-1.45%,6,Hold,"64% Buy",+8.85,+10.15%,361.16,374.97,351.91,376.38,44.97,-6.36,-4.57,376273,Weakest,Good,49.75%,1.06,367.46,385.3,11%
HIW,"Highwoods Properties","REIT - Equity Trust Other",31.08,+2.17%,1,Sell,"56% Buy",+8.62,-1.83%,29.78,31.77,27.32,30.92,50.82,-18.34,6.94,1468169,Weakening,Average,54.25%,0.88,30.02,31.81,59%
UCB,"United Community Banks Inc","Banks - Southeast",34.59,-0.29%,1,Sell,"24% Buy",+8.56,+7.32%,34.61,35.53,33.87,35.07,40.68,-9.19,-2.64,876093,Weakening,Weak,36.99%,0.72,34.36,35.77,16%
SGU,"Star Gas Partners LP","Electronics Products - Misc",12.78,+1.19%,5,Buy,"56% Buy",+8.43,+11.81%,12.76,12.76,12.73,12.75,51.84,-4.7,-5.49,25320,Average,Weak,44.83%,1.29,12.55,12.94,59%
CBFV,"Cb Financial Svc","Banks - Northeast",36.89,-1.05%,5,Sell,"56% Buy",+8.43,+8.82%,36.54,37.11,35.95,37.33,44.36,-7.69,-7.61,5720,Weakest,Weak,41.59%,0.69,36.86,37.8,3%
MCHP,"Microchip Technology","Semi Analog & Mixed",74.78,+2.06%,4,Sell,"72% Sell",+8.32,+14.78%,85.25,76.82,80.68,72.93,51.06,-1.73,3.93,10085987,Weakening,Soft,64.92%,1,70.07,75.79,82%
SBCF,"Seacoast Banking Corp","Banks - Southeast",33.29,-1.22%,1,Sell,"40% Buy",+8.32,+7.60%,32.74,34.27,32.27,34.04,39.85,-8.91,-7.48,848351,Weakest,Weak,35.62%,0.9,33.24,34.84,3%
RNST,"Renasant Corp","Banks - Southeast",40.52,-0.25%,1,Sell,"8% Buy",+8.17,+5.77%,41.72,42.26,40.47,40.83,40.3,-10.74,1.62,684036,Weakening,Minimum,49.46%,2.02,40.11,41.55,29%
FNB,"F.N.B. Corp","Banks - Southeast",17.91,-0.11%,2,Sell,"8% Sell",+8.17,+9.94%,18.39,18.73,17.96,18.26,38.21,-6.57,-8.69,5783290,Weakening,Minimum,35.32%,0.69,17.82,18.7,11%
EXTR,"Extreme Networks","Computer - Networks",22.73,+1.88%,4,Sell,"8% Sell",+8.15,+1.93%,26.62,25.44,22.91,22.15,47.29,-14.58,23.09,1889526,Weakest,Minimum,70.14%,0.57,21.14,23.15,79%
ABCB,"Ameris Bancorp","Banks - Southeast",83,-0.60%,1,Sell,"24% Sell",+8.14,+9.34%,86.86,87.15,84.52,84.71,35.86,-7.17,-1.68,504237,Average,Weak,23.28%,1.27,82.8,86.62,5%
ACDC,"Profrac Holding Corp. Cl A","Oil - Field Services",4.96,-4.06%,5,Buy,"40% Sell",+7.96,+38.16%,5.72,4.81,5.83,5.04,48.87,21.65,14.08,1405499,Weakening,Soft,40.99%,1.05,4.61,5.48,41%
CR,"Crane Company","Machinery - General Industrial",198.96,+0.68%,1,Sell,"8% Buy",+7.89,+9.29%,203.03,211.52,197.21,201.98,41.45,-7.22,-5.55,469508,Weakest,Weak,20.25%,1.54,193.77,210.19,32%
SMCI,"Super Micro Computer","Computer - Storage Devices",41.2,+5.40%,6,Buy,"100% Buy",+7.88,-10.06%,33.62,33.81,31.73,38.08,59.62,-26.57,27.33,42253707,Strongest,Good,77.72%,1.01,34.87,41.29,99%
ACCO,"Acco Brands Corp","Consumer Prdts - Misc Discr",4.17,0.00%,4,Sell,"56% Buy",+7.81,+1.71%,4.08,4.23,3.85,4.26,44,-14.8,-1.63,871690,Weakening,Average,29.59%,0.65,4.13,4.39,15%
XRN,"Chiron Real Estate Inc","REIT - Equity Trust Other",36.22,+1.31%,1,Sell,"40% Buy",+7.75,-3.80%,36.24,36.61,35.81,36.65,47.34,-20.31,-6.08,117493,Weakening,Weak,34.14%,0.93,35.58,37.71,30%
ALGM,"Allegro Microsystems Inc","Electronics - Semiconductors",35.5,+4.11%,4,Sell,"56% Sell",+7.69,+12.88%,46,40.78,42.53,35.47,43.87,-3.63,21.14,2474270,Weakening,Soft,31.30%,1.19,32.81,38.13,51%
ARDT,"Ardent Health Inc","Medical Services",10.61,+1.24%,3,Sell,"56% Buy",+7.68,-17.24%,10.21,10.8,9.9,10.9,45.04,-33.75,6.73,462486,Weakening,Weak,22.28%,1.01,10.48,11.33,16%
TPL,"Texas Pacific Land Trust","Other Alt Energy",366.8,+4.01%,2,Sell,"88% Sell",+7.66,+25.75%,387.52,379.5,419.01,366.68,49.56,9.24,14.28,451033,Average,Weak,20.91%,1.64,349.85,383.5,50%
NJR,"Newjersey Resources Corp","Utility - Gas Distribution",52.92,-0.75%,3,Sell,"56% Sell",+7.40,+12.76%,55.9,55.7,55.56,53.56,37.98,-3.75,1.31,607882,Strengthening,Weak,30.54%,1,52.84,54.28,6%
UTL,"Unitil Corp","Utility - Electric Power",51.85,-0.13%,5,Sell,"8% Sell",+7.40,+14.43%,52.63,53.81,52.64,53.2,37.09,-2.08,-6.39,127266,Average,Minimum,26.73%,0.88,51.89,54.51,-2%
TRP,"TC Energy Corp","Other Alt Energy",60.48,-1.72%,5,Sell,"72% Sell",+7.20,+15.11%,66.21,64.55,65.12,62.06,35.9,-1.4,-3.49,2424554,Strongest,Average,23.68%,1.26,60.39,63.73,3%
BWEN,"Broadwind Energy Inc","Machinery - General Industrial",4.31,+0.94%,3,Sell,"48% Buy",+7.17,+106.22%,4.19,4.5,3.55,4.19,51.01,89.71,38.87,498404,Weakening,Average,67.48%,0.41,3.83,4.55,67%
TAL,"Tal Education Group ADR",Schools,11.82,+0.08%,6,Hold,"80% Buy",+7.10,+6.10%,10.79,11.51,10.91,11.81,51.87,-10.41,-5.09,4007419,Strengthening,Good,34.21%,0.3,11.33,12.29,51%
ARTW,"Art S Way MFG Company","Machinery - Farm",3.22,+0.31%,4,Buy,"100% Buy",+7.03,+16.67%,2.65,2.69,2.57,3,61.97,0.16,23.59,196732,Strongest,Strong,77.37%,0,2.74,3.27,91%
TRT,"Trio-Tech International","Electronics - Measuring Inst",11.02,+0.46%,5,Hold,"32% Buy",+6.95,+300.00%,11.48,10.48,9.83,10.38,55.11,283.49,53.04,572575,Weakest,Weak,68.01%,0.64,9.61,11.14,92%
TMCI,"Treace Medical Concepts Inc","Medical Instruments",4.48,-0.22%,2,Hold,"64% Buy",+6.94,-34.98%,3.92,4.49,3.16,4.61,47.51,-51.49,69.43,710535,Weakest,Average,30.65%,0.92,4.34,4.88,27%
INVA,"Innoviva Inc","Large Cap Pharma",21.04,-0.47%,6,Sell,"88% Sell",+6.93,+9.64%,21.84,21.17,22.24,21.06,48.91,-6.87,-8.18,785495,Strengthening,Average,59.12%,0.97,20.63,21.49,48%
GRCE,"Grace Therapeutics Inc","Medical - Biomedical",2.1,-0.47%,3,Buy,"88% Sell",+6.78,-32.26%,2.26,2.2,2.86,2.16,43.31,-48.77,-52.74,362588,Strengthening,Good,15.45%,0.59,2.05,2.27,23%
MTUS,"Metallus Inc","Steel - Specialty",18.64,-2.46%,2,Sell,"24% Sell",+6.52,+13.59%,19.59,20.07,18.78,19.29,40.6,-2.92,-4.81,381177,Average,Minimum,43.41%,0.67,18.58,19.99,4%
SBH,"Sally Beauty Holdings","Retail - Misc & Diversified",16.12,+2.09%,1,Sell,"56% Buy",+6.37,+3.93%,14.62,15.89,14.61,16.22,51.16,-12.58,-0.39,1523816,Strengthening,Average,31.48%,0.96,15.59,16.84,42%
FRME,"First Merchants Corp","Banks - Midwest",40.9,+0.07%,1,Sell,"8% Sell",+6.31,+1.49%,41.77,42.51,40.96,41.4,40.94,-15.02,-4.31,395186,Weakening,Weak,27.69%,0.94,40.54,42.26,21%
WLFC,"Willis Lease Fin C","Transportation - Equip & Lease",54.74,+0.77%,4,Sell,"88% Sell",+6.14,+12.63%,63.69,60.45,63.29,55.09,42.12,-3.88,7.64,253856,Strengthening,Average,27.74%,0.44,53.1,57.08,41%
SVCO,"Silvaco Group Inc","Electronics - Semiconductors",7.35,+7.46%,4,Hold,"32% Sell",+5.92,+39.73%,9.38,7.46,8.26,6.71,55.36,23.22,68.05,426917,Weakest,Weak,67.24%,1.2,6.15,7.26,108%
BSBR,"Banco Santander Brasil S.A. ADR","Banks - Foreign",5.88,+2.26%,6,Buy,"24% Buy",+5.79,+6.72%,5.54,5.67,5.75,5.86,53.25,-9.79,-17.19,1779997,Average,Weak,45.71%,0.3,5.68,6.04,55%
ESNT,"Essent Group Ltd","Insurance - Proprty & Casualty",66.47,-1.07%,3,Hold,"64% Buy",+5.75,+1.82%,64.1,67.54,62.76,68.41,39.46,-14.69,-11.18,721831,Weakening,Strong,21.67%,1.03,66.82,70,-11%
WYHG,"Wing Yip Food Holdings Group ADR","Food - Meat Products",4.19,0.00%,3,Buy,"40% Buy",+5.53,-23.54%,4.21,4.61,3.43,4.59,46.13,-40.05,77.02,661652,Weakest,Weak,14.87%,0.01,3.63,5.55,29%
DDS,Dillard's,"Retail - Regional Dept Stores",639.11,+0.45%,5,Buy,"88% Buy",+5.48,+6.71%,585.57,607.9,589.92,637.86,53.91,-9.8,-8.03,135671,Strongest,Average,48.02%,0.96,616.9,658.83,53%
RNGR,"Ranger Energy Services Inc Cl A","Oil - Field Services",15.67,-3.63%,3,Hold,Hold,+5.44,+14.21%,16.2,16.43,16.51,16.6,37.69,-2.3,-1.34,204956,Falling,,11.38%,0.63,15.68,17.53,0%
WTRG,"Essential Utilities Inc","Utility - Water Supply",40.48,-1.36%,7,Hold,"64% Buy",+5.41,+9.35%,39,40.38,39.33,41.32,44.67,-7.16,-7.9,2207224,Weakening,Strong,28.84%,1.13,40.43,42.21,3%
BSBK,"Bogota Financial Corp","Banks - Northeast",9.2,-0.43%,3,Buy,"100% Buy",+5.37,-2.13%,8.93,9.09,8.76,9.16,52.85,-18.64,-4.55,9121,Strengthening,Strong,32.81%,0.16,8.99,9.33,63%
COPR,"Idaho Copper Corp","Mining - Misc",3.14,-2.48%,6,Buy,"56% Sell",+5.31,-49.35%,4.78,2.91,5.97,3.34,46.15,-65.86,-23.97,25959,Average,Good,11.62%,0.84,3.05,3.62,15%
TOWN,"Towne Bank","Banks - Southeast",36.7,-1.02%,1,Sell,"40% Buy",+5.10,+2.31%,36.11,37.3,35.55,37.23,42.54,-14.2,-3.45,541679,Weakest,Average,43.30%,1.04,36.57,37.9,10%
MO,"Altria Group",Tobacco,68.53,-1.42%,4,Hold,"16% Sell",+5.05,+5.61%,70.37,69.17,69.12,69,48.14,-10.9,5.42,9265380,Weakening,Minimum,50.75%,0.9,67.48,70.53,34%
HOMB,"Home Bancshares Inc","Banks - Southeast",29.61,-0.60%,1,Sell,"40% Buy",+5.02,+1.13%,28.84,30.36,28.33,29.79,42.87,-15.38,-6.84,1558573,Weakest,Average,49.80%,0.72,29.3,30.28,31%
KPRX,"Kiora Pharmaceuticals Inc.","Medical - Drugs",2.68,-2.90%,3,Buy,"96% Buy",+4.99,+5.93%,2.58,2.58,2.44,2.61,55.53,-10.58,22.61,176768,Strengthening,Average,72.85%,0.32,2.46,2.75,75%
IOT,"Samsara Inc Cl A","Internet - Software",38.05,-3.79%,3,Buy,"72% Buy",+4.91,-5.06%,35.42,38.61,33.66,39.82,45.54,-21.57,-6.1,6979796,Weakest,Good,29.98%,0.92,36.95,42.69,19%
JOUT,"Johnson Outdoors","Leisure & Recreational Prdcts",43.88,-1.13%,2,Sell,"88% Sell",+4.89,+7.36%,46.01,46.29,46.82,45.07,37.61,-9.15,-10.06,64561,Strongest,Soft,14.75%,0.77,43.51,46.64,12%
AVO,"Mission Produce Inc","Agriculture Operations",12.8,-0.78%,2,Hold,"32% Sell",+4.81,+2.24%,12.5,12.89,12.94,12.82,49.72,-14.27,-3.09,984115,Weakening,Minimum,26.11%,1.56,12.29,13.34,48%
SBSI,"Southside Bancshares","Banks - Southwest",31.52,+0.22%,5,Sell,"56% Sell",+4.78,+4.58%,33.1,32.7,32.62,31.93,39.97,-11.93,-9.71,119514,Average,Soft,15.75%,1.31,31.25,32.6,20%
SSB,"Southstate Bank Corporation","Banks - Southeast",103.11,-0.32%,2,Sell,"40% Buy",+4.56,+1.70%,101.26,105.97,99.54,105.57,37.73,-14.81,-3.87,827142,Weakest,Average,22.00%,0.55,102.98,108.16,3%
GDRX,"Goodrx Holdings Inc Cl A","Medical Services",3.39,+0.30%,3,Hold,"80% Buy",+4.49,-17.92%,3.05,3.37,2.77,3.46,47.53,-34.43,11.66,2006359,Weakening,Average,35.65%,0.4,3.31,3.61,27%
ANGH,"Anghami Inc","Broadcast - Radio & TV",3.82,+4.62%,7,Buy,"56% Buy",+4.39,+23.23%,3.69,3.47,3.54,3.49,58.38,6.72,-12.1,265674,Average,Weak,76.04%,1.85,3.13,3.85,96%
BOC,"Boston Omaha Corp Cl A","Real Estate Operations",13.46,-0.44%,2,Sell,"24% Buy",+4.39,+2.28%,13.47,13.99,13.07,13.74,40.81,-14.23,-4.62,164997,Weakening,Soft,24.42%,1.14,13.43,14.05,5%
EHC,"Encompass Health Corp","Medical - Outpatient & Hm Care",121.56,-0.16%,6,Buy,"100% Buy",+4.39,-2.02%,111.23,118.45,108.67,121.49,52.8,-18.53,1.1,1044183,Average,Strong,54.58%,0.9,119.42,123.55,52%
IIPR,"Innovative Industrial Properties","REIT - Equity Trust Other",56.16,+0.97%,2,Sell,"24% Sell",+4.36,-2.21%,58.59,58.57,56.39,56.56,44.59,-18.72,5.15,360779,Weakest,Minimum,33.05%,1.36,55.51,57.6,31%
ADUS,"Addus Homecare Corp","Medical - Outpatient & Hm Care",115.36,-1.46%,2,Sell,"56% Buy",+4.29,+3.09%,106.42,116.6,104.24,117.87,44.42,-13.42,-6.01,230929,Weakest,Good,41.77%,0.73,114.08,121.66,17%
AMC,"AMC Entertainment Holdings","Leisure & Recreation Services",2.89,+7.04%,5,Buy,"100% Buy",+4.15,-3.99%,2.16,2.5,1.86,2.61,64.17,-20.5,71.83,35201340,Strongest,Strong,79.88%,1.66,2.38,2.83,114%
CINF,"Cincinnati Financial","Insurance - Proprty & Casualty",166.85,-1.27%,5,Sell,"24% Sell",+4.14,+6.88%,171.82,174.29,168.82,170.76,37.11,-9.63,-11.27,723339,Average,Minimum,17.89%,0.79,167.47,174.06,-9%
BANC,"First Pactrust Bancorp","Banks - Southwest",18.29,-0.16%,3,Sell,"56% Sell",+3.99,+8.48%,19.43,19.39,19,18.56,41.23,-8.03,-18.61,2804729,Average,Weak,38.93%,0.5,18.15,18.96,17%
SAIA,"Saia Inc","Transportation - Truck",348.04,+1.70%,1,Sell,"72% Sell",+3.94,+12.26%,410.27,373.23,400.58,347.5,45.21,-4.25,-6.84,480159,Weakening,Good,51.35%,0.54,333.82,361.18,52%
CLF,"Cleveland-Cliffs Inc","Steel - Producers",12.07,-3.44%,4,Buy,"100% Buy",+3.87,+3.96%,11.47,11.52,10.8,11.96,51.72,-12.55,-22.54,18003004,Strengthening,Soft,63.94%,0.86,11.17,12.76,57%
STAG,"Stag Industrial Inc","REIT - Equity Trust Other",37.51,-0.24%,9,Sell,"56% Sell",+3.86,+7.26%,38.18,38.12,38.18,37.29,51.6,-9.25,-11.39,1442443,Weakening,Weak,65.94%,0.95,36.79,37.8,72%
HCI,"HCI Group","Insurance - Proprty & Casualty",184.19,-1.85%,5,Hold,"80% Buy",+3.80,+1.61%,172.59,183.13,167.93,186.72,46.82,-14.9,-17.34,165381,Average,Strong,35.60%,0.86,184.26,189.17,-1%
EVRG,"Evergy Inc","Utility - Electric Power",79.26,-0.65%,4,Sell,"40% Sell",+3.54,+9.64%,83.28,83.02,82.84,81.08,35.86,-6.87,-4.09,2060811,Strengthening,Weak,16.68%,0.96,79.59,82.58,-11%
SNFCA,"Security National Financial Corp","Insurance - Life",8.79,+0.92%,2,Sell,"32% Sell",+3.53,+4.05%,9.16,9.15,9.07,8.77,46.81,-12.46,-10.99,35606,Weakest,Weak,30.13%,1.31,8.6,8.93,57%
PMN,"Promis Neurosciences Inc","Medical - Biomedical",13.63,-2.71%,1,Sell,"24% Buy",+3.50,+23.49%,12.44,13.91,13.67,13.61,49.94,6.98,86.28,92480,Weakest,Minimum,53.33%,0.28,12.16,15.07,51%
L,"Loews Corp","Insurance - Multi Line",106.75,-0.95%,1,Sell,"24% Sell",+3.37,+10.40%,110.6,112.47,110.08,109.15,30.49,-6.11,-12.06,790525,Average,Weak,15.03%,1.27,106.98,111.31,-5%
COLM,"Columbia Sprtswr","Textile - Apparel",56.73,-0.19%,1,Sell,"88% Sell",+3.18,+6.34%,61.2,59.18,60.27,57.38,43.8,-10.17,-10.45,635443,Strongest,Average,57.89%,1.09,55.55,59.21,32%
AEP,"American Electric Power","Utility - Electric Power",120.03,+0.02%,6,Sell,"88% Sell",+3.13,+12.11%,128.93,126.41,130.01,122.67,34.61,-4.4,-9.34,3936014,Strengthening,Good,13.74%,1.86,119.64,125.69,6%
NRXP,"Nrx Pharmaceuticals Inc","Medical - Drugs",3.29,-0.90%,2,Sell,"8% Sell",+3.06,+10.77%,3.62,3.56,3.13,3.45,42.51,-5.74,7.97,1031687,Weakening,Weak,36.47%,0.41,3.27,3.63,7%
SG,"Sweetgreen Inc Cl A","Retail - Restaurants",7.48,+3.60%,4,Buy,"40% Buy",+3.04,-12.92%,7.38,6.53,6.85,6.9,60.79,-29.43,-2.78,4996236,Average,Weak,72.05%,0.95,6.44,7.36,114%
DTM,"Dt Midstream Inc","Oil - US Integrated",125.05,+0.06%,3,Sell,"72% Sell",+3.04,+16.44%,139.6,134.28,138.37,128.4,35.67,-0.07,-8.94,815615,Strengthening,Good,18.11%,0.89,123.71,133.08,14%
GTES,"Gates Industrial Corp Plc","Machinery - General Industrial",25.45,-0.62%,4,Sell,"8% Sell",+3.03,+0.63%,26.38,26.63,25.84,25.71,44.32,-15.88,5.11,2178792,Weakening,Minimum,54.03%,0.69,24.8,26.62,36%
FSUN,"Firstsun Capital Bancorp","Banks - Midwest",39.52,+0.46%,4,Hold,"64% Buy",+2.97,-0.38%,37.63,38.88,37.47,40.06,47.5,-16.89,-8.42,236149,Strengthening,Good,29.18%,1.19,39.11,41,22%
FHN,"First Horizon Corp","Banks - Southwest",23.93,-0.04%,2,Sell,"24% Sell",+2.96,+3.59%,24.9,25.12,24.44,24.42,37.72,-12.92,-13.3,5376437,Average,Weak,27.74%,0.72,23.8,25.05,10%
GATX,"GATX Corp","Transportation - Equip & Lease",180.4,+1.41%,5,Sell,"8% Sell",+2.82,+4.84%,178.2,178.87,179.83,177.57,55.61,-11.67,-7.06,210639,Weakening,Minimum,70.20%,0.99,174.3,180.84,93%
RDNT,"Radnet Inc","Medical - Outpatient & Hm Care",72.67,-4.38%,3,Buy,"72% Buy",+2.80,-4.93%,64.1,70.79,63.34,75.04,46.66,-21.44,-11.58,841821,Weakening,Good,55.76%,1.07,71.7,78.38,14%
CBSH,"Commerce Bancshares","Banks - Midwest",56.55,-0.95%,1,Sell,"40% Buy",+2.66,+0.25%,56.34,58.69,54.33,57.97,34.08,-16.26,-5.39,1206913,Weakest,Average,17.04%,1.08,56.84,59.11,-13%
AFL,"Aflac Inc","Insurance - Accident & Health",115.18,-0.99%,3,Sell,"8% Sell",+2.63,+6.61%,118.65,120.6,116.24,116.44,40.22,-9.9,-8.98,2354320,Average,Minimum,43.59%,0.87,114.3,118.57,21%
AERT,"Aeries Technology Inc","Technology Services",6.85,-3.25%,6,Hold,"80% Buy",+2.56,+0.74%,6.47,6.8,5.45,6.98,48.18,-15.77,52.67,42373,Weakening,Good,37.20%,0.32,6.64,7.32,31%
SIFY,"Sify Techs Ltd ADR","Internet - Services",14.08,+3.07%,5,Sell,"72% Sell",+2.41,+18.32%,15.24,14.62,14.92,14.18,47.05,1.81,2.07,61479,Average,Weak,37.15%,1.56,13.35,15.01,44%
BBAR,"Bbva Banco Frances S.A.","Banks - Foreign",14.3,+0.35%,6,Sell,"72% Sell",+2.40,+74.60%,17.15,16.66,16.48,14.82,35.81,58.09,-34.29,678500,Average,Average,14.31%,0.43,14.21,15.42,7%
CNA,"CNA Financial Corp","Insurance - Proprty & Casualty",47.79,-0.48%,1,Sell,"8% Buy",+2.34,+5.01%,48.03,50.52,47.8,48.44,39.63,-11.5,-13.33,489375,Weakening,Weak,38.44%,1.94,47.13,49.75,25%
NVTS,"Navitas Semiconductor Corp","Electronics - Semiconductors",12.16,+6.39%,2,Sell,"56% Sell",+2.25,+73.47%,16.55,12.1,14.45,11.56,52.05,56.96,56.88,22866934,Weakening,Weak,55.37%,0.87,10.36,12.77,75%
MKTW,"Marketwise Inc","Technology Services",17.52,-4.05%,3,Sell,"8% Sell",+2.15,+5.42%,18.35,19.19,17.57,18.05,41.25,-11.09,3.21,19208,Average,Weak,28.68%,0.9,17.47,18.63,5%
ULTA,"Ulta Beauty Inc","Retail - Misc & Diversified",557.86,+3.12%,5,Buy,"40% Buy",+2.03,+6.98%,504.67,522.35,531,543.6,58.17,-9.53,-21.22,715308,Strengthening,Weak,60.22%,0.81,523.65,563.55,86%
ASTL,"Algoma Steel Group Inc","Steel - Producers",4.27,+0.47%,3,Buy,"32% Sell",+2.01,-2.73%,4.46,4.2,4.44,4.27,49.46,-19.24,-9.28,1242348,Weakest,Weak,37.09%,0.45,3.96,4.58,50%
TGS,"Transportadora DE Gas Sa Ord B ADR","Oil - Production & Pipeline",27.89,-1.52%,7,Sell,"100% Sell",+1.93,+35.39%,29.85,29.42,30.4,29.06,39.76,18.88,-23.72,272220,Strongest,Average,18.01%,1.07,27.68,30.44,7%
CEPU,"Central Puerto S.A. ADR","Other Alt Energy",13.38,-0.59%,6,Hold,"96% Sell",+1.84,+74.22%,14.43,14.05,14.81,13.85,43.6,57.71,-36.97,309182,Strengthening,Average,28.67%,1.17,13.14,14.56,17%
WMK,"Weis Markets","Retail - Supermarket",73.04,+1.08%,6,Sell,"8% Buy",+1.82,+2.99%,74.49,73.56,72.52,71.44,54.3,-13.52,0.53,154925,Weakening,Minimum,70.38%,1.48,69.52,73.37,91%
AEBI,"Aebi Schmidt Holding Ag","Auto - Domestic",12.06,+0.58%,3,Sell,"72% Sell",+1.77,-3.44%,12.33,12.63,12.31,12.28,45.16,-19.95,-18.09,290698,Weakening,Weak,21.88%,0.42,11.7,12.85,31%
NMAX,"Newsmax Inc Cl B","Broadcast - Radio & TV",10.88,+5.43%,4,Buy,"100% Buy",+1.74,-15.26%,8.63,9.57,7.89,10.73,56.33,-31.77,27.32,1317357,Strongest,Strong,17.04%,0.94,10.13,11.34,62%
RKLB,"Rocket Lab Corp","Aerospace - Defense Equipment",69.89,+8.24%,1,Sell,"56% Sell",+1.42,+46.24%,88.38,69.67,82.97,64.84,53.96,29.73,-13.24,23611113,Weakening,Soft,80.72%,1.39,60.49,69.19,108%
GDYN,"Grid Dynamics Holdings Inc","IT Services",7.7,+1.45%,5,Hold,"64% Buy",+1.31,+2.26%,6.81,7.27,6.58,7.93,48.52,-14.25,-28.16,1703127,Average,Average,25.54%,0.6,7.61,8.25,14%
DDD,"3D Systems Corp","Printing - Commercial",3.48,-4.13%,8,Buy,"100% Buy",+1.29,+42.04%,3.1,3.19,2.77,3.33,55.43,25.53,83.18,3675066,Strengthening,Strong,75.90%,1,3.07,3.59,79%
NEPH,"Nephros Inc","Medical Products",4.38,+1.51%,5,Buy,"88% Buy",+1.19,+4.67%,3.73,4.06,3.59,4.31,53.52,-11.84,-23.78,33748,Strongest,Average,40.66%,0.91,4.02,4.6,61%
DMAC,"Diamedica Therapeutics Inc","Medical - Biomedical",7.26,+5.99%,6,Buy,"40% Buy",+1.13,+6.45%,6.5,6.74,6.72,6.63,66.14,-10.06,-22.22,220496,Average,Weak,84.41%,1.78,6.23,7.04,127%
BOSC,"Bos Better Online","Computer - Networks",4.71,-0.21%,6,Buy,"56% Buy",+1.08,-3.78%,4.48,4.53,4.58,4.67,55.59,-20.29,-10.14,52569,Weakening,Weak,43.74%,1.27,4.53,4.81,65%
ELWT,"Elauwit Connection Inc","Wireless National",7.05,+0.79%,2,Sell,"8% Sell",+1.03,N/A,7.34,7.57,7.11,7.2,44.58,N/A,25.52,42995,Weakest,Weak,4.44%,0.18,6.92,7.49,22%
ED,"Consolidated Edison Company","Utility - Electric Power",103.86,-1.49%,5,Sell,"56% Sell",+0.94,+7.82%,108.35,108.61,109.5,106.86,36.74,-8.69,-8.86,2195122,Strengthening,Average,23.33%,0.85,104.53,109.2,-14%
QGEN,"Qiagen N.V.","Medical - Biomedical",44.78,+3.35%,4,Buy,"72% Buy",+0.90,-7.40%,39.46,42.54,40.48,43.16,59.43,-23.91,-18.83,2340462,Strengthening,Soft,76.33%,0.73,41.54,44.77,100%
WHF,"Whitehorse Finance","Finance - SBIC & Commercial",7.08,-3.93%,7,Buy,"24% Buy",+0.89,-11.94%,6.87,6.86,6.97,7.11,50.25,-28.45,-11.56,110481,Weakest,Weak,64.18%,2.7,6.84,7.38,44%
AFG,"American Financial Group","Insurance - Proprty & Casualty",141.24,-0.75%,1,Sell,"40% Buy",+0.83,-0.02%,138.87,143.08,135.85,142.79,43.65,-16.53,-10.09,509715,Weakest,Average,45.62%,0.79,140.46,145.12,17%
WLKP,"Westlake Chemical Partners LP","Chemical - Specialty",21.29,+0.33%,5,Sell,"88% Sell",+0.82,+0.71%,22.27,21.69,22.24,21.6,39.24,-15.8,-1.38,38023,Strengthening,Soft,8.03%,0.98,21.15,22.04,16%
ULCC,"Frontier Group Holdings Inc","Transportation - Airline",6.12,+5.15%,2,Sell,"40% Buy",+0.78,+17.92%,6.1,6.25,5.38,5.76,54.12,1.41,16.51,4335003,Weakening,Soft,77.65%,0.68,5.44,6.09,105%
RGS,"Regis Corp","Retail - Misc & Diversified",27.74,+3.86%,3,Hold,"48% Buy",+0.77,-1.87%,27.68,27.8,26.48,27.62,50.98,-18.38,-13.47,8781,Average,Weak,19.63%,1.43,26.28,28.96,55%
SSP,"E.W. Scripps Company","Broadcast - Radio & TV",3.09,+2.32%,2,Sell,"88% Sell",+0.69,+7.67%,3.29,3.15,3.54,3.2,45.1,-8.84,-35.99,695792,Average,Average,13.93%,0.66,3.02,3.38,20%
CBU,"Community Financial System Inc","Finance - Misc Services",61.09,-1.47%,2,Sell,"24% Sell",+0.40,+0.79%,64.5,64.74,63.17,62.77,34.55,-15.72,-7.08,259466,Average,Weak,18.74%,1.27,61.57,63.97,-20%
NPKI,"Npk International Inc","Oil - US Exploration & Product",12.48,-1.96%,2,Sell,"88% Sell",+0.04,+14.29%,14.32,13.56,14.35,13.13,32.51,-2.22,-8.73,817341,Strongest,Strong,6.74%,0.82,12.61,13.65,-12%
MDT,"Medtronic Inc","Medical Products",91.75,-0.41%,2,Buy,"56% Buy",-0.04,-3.50%,83.96,88.86,85.75,92.15,51.76,-20.01,-17.92,8574700,Weakening,Soft,39.86%,0.94,90.04,94.26,40%
NBHC,"National Bank Holdings Corp","Banks - Southeast",40.23,-1.81%,2,Sell,"56% Sell",-0.07,+0.68%,42.72,42.7,41.95,41.4,30.6,-15.83,-7.59,438601,Strengthening,Weak,25.00%,1.45,40.58,42.22,-21%
ACHC,"Acadia Healthcr Company","Medical - Hospitals",28.37,+0.14%,3,Sell,"40% Buy",-0.08,+28.14%,28.14,30.16,26.72,28.48,47.92,11.63,86.5,3064153,Weakest,Soft,52.56%,0.71,26.82,30.14,47%
GHC,"Graham Holdings Company",Schools,1146.11,+0.23%,2,Sell,"24% Buy",-0.16,-0.38%,1149.49,1166.26,1127.56,1141.31,49.2,-16.89,-9.11,22104,Weakest,Weak,62.70%,0.95,1099.94,1182.68,56%
BCML,"Bay Commercial Bk CA","Banks - West",29.73,-1.23%,1,Sell,"56% Sell",-0.41,-0.07%,31.24,31.04,30.63,30.16,41.05,-16.58,-12.31,46570,Strengthening,Weak,35.98%,1.19,29.68,30.64,6%
BANX,"Arrowmark Financial Corp","Finance - Investment Mgmt",21.08,+0.84%,4,Buy,"88% Buy",-0.49,-7.77%,20.09,20.52,19.87,20.87,60.28,-24.28,-16.84,43627,Strongest,Average,50.06%,1.28,20.51,21.22,79%
CUBE,Cubesmart,"REIT - Equity Trust Other",39.72,+0.43%,2,Sell,"8% Sell",-0.59,-1.19%,40.52,40.79,39.95,39.81,45.63,-17.7,-3.25,2272797,Weakening,Minimum,66.46%,1.05,38.88,40.74,45%
CPK,"Chesapeake Utilities Corp","Utility - Gas Distribution",131.15,-0.18%,1,Sell,"40% Buy",-0.61,+2.01%,128.82,133.29,129.11,131.81,47.37,-14.5,-8.31,157107,Weakening,Average,48.70%,1.3,128.08,135.54,41%
POCI,"Precision Optics Corp Inc","Medical Instruments",4.45,-0.22%,1,Sell,"48% Sell",-0.62,+2.30%,4.74,4.36,4.59,4.36,53.97,-14.21,-7.1,35507,Weakening,Weak,56.63%,0.61,4.21,4.52,79%
DDL,"Dingdong [Cayman] Ltd ADR","Internet Commerce",2.28,0.00%,1,Sell,"88% Sell",-0.63,+8.06%,2.33,2.31,2.45,2.24,52.53,-8.45,-21.86,1112220,Average,Soft,69.87%,0.85,2.13,2.35,67%
AWX,"Avalon Holdings Corp","Pollution Controls",2.59,-1.89%,1,Hold,"32% Buy",-0.66,-0.77%,2.58,2.64,2.58,2.64,45.35,-17.28,-17.15,19195,Weakest,Weak,33.70%,0.06,2.54,2.75,24%
PXLW,"Pixelworks Inc","Technology Services",7.02,+4.15%,2,Buy,"100% Buy",-0.70,-34.70%,6.4,6.51,6.17,6.92,54.53,-51.21,-3.05,65252,Strongest,Average,48.09%,0.65,6.67,7.18,69%
TRS,"Trimas Corp","Metal Production & Fabrication",37.86,-0.58%,2,Sell,"40% Sell",-0.72,-5.16%,40.23,39.47,39.11,38.89,39.01,-21.67,-6.63,472388,Strengthening,Weak,31.71%,0.52,37.66,40.13,8%
DLNG,"Dynagas Lng Partners LP","Transportation - Services",3.68,-0.81%,2,Hold,"56% Sell",-0.74,-1.60%,3.72,3.72,3.84,3.77,44.41,-18.11,-15.82,75618,Average,Soft,30.11%,0.7,3.66,3.89,10%
MHH,"Mastech Holdings Inc","IT Services",7.47,+3.46%,3,Sell,"56% Buy",-0.80,-4.84%,7.34,7.59,6.98,7.4,50.4,-21.35,-6.41,18375,Average,Average,57.16%,0.49,7.22,7.59,68%
IBOC,"Intl Bancshares","Banks - Southwest",70.16,-0.11%,1,Sell,"56% Sell",-0.85,+0.56%,73.49,73.29,72.07,70.88,38.48,-15.95,-7.83,349660,Strengthening,Soft,32.86%,0.97,69.72,72.04,19%
WEAV,"Weave Communications Inc","Internet - Software",7.32,+0.41%,3,Buy,"100% Buy",-0.86,-3.81%,6.31,6.84,5.88,7.31,61.66,-20.32,-16.99,1948142,Average,Strong,47.62%,0.4,7.28,7.34,69%
LINC,"Lincoln Educational",Schools,25.18,-0.75%,3,Sell,"72% Sell",-0.95,+20.02%,40.62,33,39.81,25.1,33.97,3.51,-9.16,567934,Strengthening,Strong,59.33%,1.01,24.25,25.94,55%
CVR,"Chicago Rivet & Machine Company","Machinery - Elect Utilities",10.2452,-2.52%,3,Hold,"64% Sell",-1.10,-5.66%,10.3,10.18,11.09,10.16,51.33,-22.17,-39.78,4321,Average,Average,56.34%,1.56,9.78,10.55,61%
VERA,"Vera Therapeutics Inc Cl A","Medical - Biomedical",34.25,+0.74%,4,Sell,"72% Sell",-1.20,+33.84%,35.39,34.23,37.15,34.46,50.87,17.33,-45.8,1613829,Weakening,Weak,50.14%,0.54,32.39,36.53,45%
NXPI,"Nxp Semiconductors","Semi Analog & Mixed",232.41,+1.94%,7,Sell,"72% Sell",-1.31,+3.73%,269.54,239.45,250.13,225.82,51.66,-12.78,-6.36,3500078,Weakening,Soft,58.30%,1.27,218.35,233.29,94%
AXS,"Axis Capital Holdings","Insurance - Proprty & Casualty",97.97,-1.24%,4,Sell,"40% Sell",-1.51,+2.74%,102.93,104.08,102.53,99.47,40.02,-13.77,-21.95,642930,Average,Weak,37.69%,0.84,97.72,101.23,7%
OPCH,"Option Care Health Inc","Medical - Outpatient & Hm Care",23.95,-1.44%,5,Buy,"8% Buy",-1.55,-15.40%,22.19,23.29,24.72,23.9,52.29,-31.91,-38.26,2420476,Weakest,Weak,61.93%,1.35,23.24,24.56,54%
FHB,"First Hawaiian Inc","Banks - West",25.5,-1.01%,1,Sell,"56% Sell",-1.59,-0.66%,27.51,27.1,26.79,25.76,36.39,-17.17,-12.64,1745554,Strengthening,Average,51.49%,1.05,25.39,26.13,15%
GDOT,"Green Dot Corp","Financial Transaction Services",13.15,-0.15%,1,Sell,"40% Buy",-1.61,-9.31%,13.1,13.31,12.6,13.26,44.76,-25.82,-10.78,529752,Weakest,Soft,34.72%,1.19,13.06,13.47,22%
HCA,"Hca Holdings Inc","Medical Services",425.97,-0.41%,1,Buy,"8% Buy",-1.65,+5.88%,403.28,406.69,436.44,420.05,56.98,-10.63,-22.19,1352578,Weakest,Minimum,80.36%,0.91,401.83,438.28,66%
ISBA,"Isabella Bank Corp","Banks - Northeast",38.2,-0.91%,2,Sell,"100% Sell",-1.70,+9.02%,40.34,39.58,42.46,39.04,41.56,-7.49,-37.03,44653,Strongest,Average,30.31%,0.58,37.87,40.22,14%
TUSK,"Mammoth Energy Services Inc","Oil - Field Services",3.14,-1.26%,5,Buy,"88% Buy",-1.74,+36.52%,3.05,3.01,2.83,3.13,51.88,20.01,56.3,293516,Weakening,Average,65.67%,0.52,3.02,3.24,55%
RYZ,"Ryerson Holding Corp","Metal Products - Distribution",23.94,-1.36%,3,Sell,"40% Sell",-2.17,+6.64%,26.98,27.01,26.01,25.07,38.87,-9.87,-18.28,465649,Strengthening,Soft,19.39%,0.75,23.61,26.53,11%
UG,"United Guardian Inc","Medical Products",7.17,-0.55%,2,Sell,"32% Buy",-2.28,-9.81%,7.17,7.27,6.97,7.16,49.62,-26.32,2.97,7914,Weakest,Weak,39.48%,0.2,7.05,7.27,55%
FFIN,"First Finl Bkshs Inc","Banks - Southwest",32.74,-0.21%,1,Sell,"8% Buy",-2.29,-6.11%,33.59,34.23,32.69,33.21,39.34,-22.62,-3.82,821245,Weakening,Minimum,34.05%,0.71,32.5,33.92,17%
NNI,"Nelnet Inc","Finance - Consumer Loans",126.29,+0.17%,2,Sell,"100% Sell",-2.35,-0.63%,130.52,129.74,131.09,126.78,44.01,-17.14,-18.45,135947,Strengthening,Average,52.72%,1.06,124.79,128.77,38%
DFIN,"Donnelly Financial Solutions Inc","Internet Software Services",48.41,+1.25%,3,Hold,"48% Buy",-2.48,-8.92%,44.9,48.48,46.25,48.39,50.72,-25.43,-9.75,278628,Average,Weak,29.92%,0.75,46.79,49.99,51%
FDUS,"Fidus Investment Cor","Finance - SBIC & Commercial",19.3,-0.31%,3,Sell,"24% Buy",-2.59,-7.17%,19.32,19.79,18.9,19.57,42.86,-23.68,-13.43,321557,Weakest,Weak,46.49%,0.57,19.2,19.93,13%
DGICA,"Donegal Group Cl A","Insurance - Proprty & Casualty",18.6,-0.69%,6,Sell,"40% Buy",-2.63,-3.78%,18.28,18.99,17.98,19.13,39.6,-20.29,-20.34,124132,Weakest,Soft,25.48%,0.77,18.66,19.61,-6%
CE,"Celanese Corp","Chemical - Specialty",44.38,-2.27%,3,Hold,"96% Sell",-2.72,+0.29%,49.59,45.36,52.76,45.34,45.1,-16.22,-8.46,2109164,Strongest,Average,41.05%,1.11,43.52,47.16,24%
HTGC,"Hercules Technology Growth Capital","Finance - SBIC & Commercial",17.37,+0.23%,7,Hold,"64% Buy",-2.83,-11.01%,16.29,16.9,15.84,17.57,51.08,-27.52,-21.13,1896124,Average,Soft,32.22%,0.7,17.33,17.82,8%
APEI,"American Public Education",Schools,43.43,-1.03%,2,Sell,"88% Sell",-2.86,+20.91%,50.83,47.54,51.55,45.2,30.99,4.4,1.46,295232,Strongest,Average,15.29%,0.95,43.62,46.78,-6%
CLMB,"Climb Global Solutions Inc","Technology Services",28.56,+2.37%,2,Buy,"88% Buy",-2.87,-13.57%,24.61,27.39,23.77,27.99,55.66,-30.08,-2.29,220719,Strengthening,Average,56.37%,0.92,26.82,29.16,74%
CPHC,"Canterbury Park Hl",Gaming,15.63,+0.16%,5,Buy,"24% Buy",-3.01,-4.20%,15.77,15.71,15.7,15.8,45.97,-20.71,-11.97,1801,Weakening,Minimum,40.88%,1.36,15.54,16.07,16%
ADV,"Advantage Solutions Inc","Consumer Prdts - Misc Discr",32.69,+0.66%,3,Sell,"8% Sell",-3.07,-26.11%,36.61,34.56,31.65,32.75,47.61,-42.62,35.18,83169,Weakening,Minimum,53.06%,0.43,30.99,34.51,48%
APC,"Arko Petroleum Corp. Cl A","Oil - Refining and Marketing",18.01,-4.30%,8,Sell,N/A,-3.08,N/A,19.41,19.35,19.1,18.63,40.23,N/A,N/A,N/A,N/A,N/A,40.09%,0.66,18.02,19.23,-1%
LIEN,"Chicago Atlantic Bdc Inc","Finance - SBIC & Commercial",10.27,+0.98%,5,Buy,"72% Buy",-3.12,-5.08%,9.8,9.83,9.77,10.22,61.5,-21.59,-14.01,66259,Strongest,Average,41.39%,0.8,10.1,10.34,71%
OGE,"Oge Energy Corp","Utility - Electric Power",45.05,-1.01%,5,Sell,"72% Sell",-3.32,+2.08%,47.51,47.19,47.66,46.22,36.23,-14.43,-7.93,1507667,Strongest,Average,25.48%,1.04,45.1,47.33,-2%
PPHC,"Public Policy Holding Company Inc","Conglomerates - Div Operations",11.78,-10.14%,5,Buy,N/A,-3.37,N/A,10.55,10.59,11.38,11.43,54.07,N/A,N/A,N/A,N/A,N/A,76.63%,0.89,10.22,12.63,65%
GFL,"Gfl Environmental Inc","Waste Removal Svcs",42.76,+0.54%,8,Buy,"88% Buy",-3.40,-7.94%,38.96,41.15,40,42.24,54.23,-24.45,-13.87,2287818,Strongest,Average,53.63%,0.96,40.56,43.91,66%
AFCG,"Advanced Flower Capital Inc","Finance - SBIC & Commercial",3.45,+0.58%,5,Buy,"72% Buy",-3.42,-22.12%,3.19,3.13,3,3.5,53.59,-38.63,7.62,229980,Average,Average,20.61%,0.3,3.37,3.63,32%
CKX,"Ckx Lands","Real Estate Operations",10.79,-4.17%,3,Buy,"40% Buy",-3.46,-7.78%,10.81,10.94,10.67,10.83,49.13,-24.29,4.49,5960,Weakening,Weak,44.74%,1.43,10.29,11.37,46%
PG,"Procter & Gamble","Consumer Prdts - Misc Staple",146.08,-0.21%,2,Sell,"88% Sell",-3.68,-6.38%,146.22,146.1,147.55,145.63,51.11,-22.89,-11.5,9878374,Strengthening,Weak,74.06%,0.68,142.73,148.52,58%
CI,"The Cigna Group","Medical - HMO",274.47,-0.29%,4,Hold,"32% Sell",-3.71,-5.47%,284.12,282.56,280.97,280.44,43.54,-21.98,-13.71,1661759,Average,Weak,15.65%,0.84,272.02,288.85,15%
BCBP,"Bcb Bancorp Inc","Banks - Northeast",8.7,-0.23%,3,Sell,"56% Sell",-3.77,+0.35%,9.82,9.21,9.49,8.61,47.47,-16.16,-5.62,143252,Weakening,Average,75.00%,1.32,8.39,8.83,70%
ADSE,"Ads-Tec Energy Plc","Electronic Misc Services",11.23,-3.19%,3,Sell,"40% Sell",-3.97,+20.36%,11.68,11.74,11.55,11.44,43.33,3.85,-24.87,14148,Weakening,Weak,38.28%,0.57,11.1,11.78,19%
TEL,"Te Connectivity Ltd","Electronics - Misc Components",210.01,+2.23%,8,Buy,"24% Sell",-4.05,-2.85%,206.79,206.89,210.33,205.17,54.47,-19.36,-21.12,2359933,Weakening,Minimum,54.16%,0.75,199.2,211.13,91%
FE,"Firstenergy Corp","Utility - Electric Power",44.97,-0.64%,5,Sell,"88% Sell",-4.17,+4.07%,46.88,47.31,48.03,46.09,33.49,-12.44,-12.98,4649552,Strongest,Average,13.25%,0.76,45,47.17,-2%
TKO,"Tko Group Holdings Cl A","Movie & TV Production & Dist",191.12,+0.98%,2,Buy,"40% Sell",-4.35,-4.97%,192.19,188.37,194.68,189.31,51.24,-21.48,-21.99,1243161,Weakest,Weak,55.02%,0.94,182.08,196.53,63%
TRC,"Tejon Ranch Company","Real Estate Operations",16.22,+0.37%,3,Sell,"72% Sell",-4.36,-0.25%,17.95,16.75,18.2,16.15,46.62,-16.76,-10.58,113678,Weakening,Strong,31.43%,0.88,15.81,16.5,60%
BXSL,"Blackstone Secured Lending Fund","Finance - SBIC & Commercial",24.96,+0.48%,4,Buy,"72% Buy",-4.65,-9.92%,24.01,24.21,24,24.75,56.56,-26.43,-18.63,2088781,Strengthening,Soft,63.64%,0.82,24.28,25.22,72%
SRI,"Stoneridge Inc","Electronics - Misc Components",7.11,+1.57%,5,Sell,"8% Sell",-4.83,-15.86%,7.2,7.18,6.97,7.17,48.45,-32.37,9.37,202810,Weakest,Minimum,43.48%,0.96,6.95,7.39,37%
BILL,"Bill Holdings Inc","Internet - Software",47.06,-1.07%,5,Hold,"48% Buy",-4.99,-10.09%,42.06,47.24,41.49,48.5,46.48,-26.6,-27.14,2527101,Weakest,Average,23.18%,0.61,46.37,50.63,16%
TLF,"Tandy Leather Fctry","Retail - Apparel & Shoes",2.6,-2.99%,8,Hold,"48% Buy",-5.33,-15.86%,2.43,2.51,2.43,2.62,51.18,-32.37,-18.54,35599,Weakening,Weak,58.87%,0.29,2.57,2.67,27%
UNB,"Union Bankshares Inc","Banks - Northeast",23.64,-1.34%,2,Sell,"64% Sell",-5.37,-10.01%,24.03,24.04,24.02,23.74,45.46,-26.52,-13.81,12497,Strengthening,Weak,72.22%,0.46,23.44,24.04,33%
AIG,"American International Group","Insurance - Multi Line",74.54,-1.05%,1,Sell,"56% Sell",-5.41,-3.17%,76.78,77.35,76.91,75.98,38.84,-19.68,-26.3,4334840,Strengthening,Soft,34.84%,0.93,74.43,77.54,3%
PAMT,"Pamt Corp","Transportation - Truck",11.55,-3.99%,7,Sell,"24% Sell",-5.48,-6.78%,13.21,13.66,11.97,12.37,39.41,-23.29,-17.82,21257,Average,Minimum,14.70%,0.84,11.22,13.51,14%
CREX,"Creative Realities Inc","Internet - Software",2.64,0.00%,3,Sell,"88% Sell",-5.54,+12.82%,3.41,3,3.47,2.75,41.84,-3.69,-12.28,45604,Strengthening,Strong,16.67%,0.68,2.54,2.97,24%
GBTG,"Global Business Travel Group Inc","Internet - Software",9.46,0.00%,2,Buy,"88% Buy",-5.61,+16.22%,9.31,9.45,8.07,9.47,51.03,-0.29,10.23,2440937,Weakening,Good,16.67%,0.42,9.45,9.49,25%
LGCY,"Legacy Education Inc",Schools,10.09,-4.45%,5,Sell,"100% Sell",-5.81,-21.54%,11.24,11.11,11.86,10.53,36.69,-38.05,-14.41,51636,Strongest,Average,23.61%,1.24,9.98,11.09,10%
LKFN,"Lakeland Finl Corp","Banks - Midwest",59.93,+0.39%,3,Sell,"8% Buy",-6.24,-8.57%,60.82,61.18,60.09,59.92,45.47,-25.08,-8.4,184456,Weakest,Minimum,38.73%,1.54,58.85,61,50%
MATV,"Mativ Holdings Inc","Chemical - Specialty",12.2,+1.75%,2,Buy,"72% Buy",-6.77,-0.65%,9.56,10.85,9.57,12.21,57.48,-17.16,-13.02,453009,Strengthening,Good,40.03%,1.12,11.73,12.69,49%
GGAL,"Grupo Fin Galicia ADR","Banks - Foreign",41.76,0.00%,4,Sell,"100% Sell",-7.09,+57.88%,46.89,46.03,46.39,43.47,37.68,41.37,-36.01,1106355,Strengthening,Good,12.59%,0.55,41.42,45.52,8%
CURR,"Currenc Group Inc",Unclassified,3.23,+1.25%,3,Hold,"48% Buy",-7.12,+99.38%,3.31,3.4,3.08,3.42,46.61,82.87,67.02,231734,Weakening,Soft,12.54%,0.16,2.95,3.89,30%
RGCO,"Rgc Resources Inc","Oil - Refining and Marketing",21.32,-0.23%,3,Sell,"88% Sell",-7.15,-6.08%,22.8,22.18,22.53,21.61,43.32,-22.59,-13.34,12742,Strongest,Average,39.04%,0.76,21.12,22.11,20%
AXR,"Amrep Corp","Real Estate Developers",22.85,+1.02%,4,Hold,"80% Sell",-7.54,-17.21%,24.58,23.35,25.31,22.93,47.65,-33.72,8.11,9455,Average,Average,58.30%,0.41,22.58,23.29,38%
ELVA,"Electrovaya Inc","Electronics Products - Misc",6.77,+2.42%,6,Sell,"72% Sell",-7.55,-3.29%,8.96,7.73,8.72,6.6,46.87,-19.8,-27.73,678729,Weakening,Average,46.20%,0.32,6.15,7.05,69%
CVGI,"Commercial Vehicle G","Auto - Truck Original Parts",2.99,+2.05%,4,Sell,"72% Sell",-7.62,+67.04%,4.3,3.66,3.89,3.08,39.15,50.53,94.21,639617,Average,Soft,10.19%,0.68,2.93,3.24,19%
COYA,"Coya Therapeutics Inc","Medical - Biomedical",4.95,+1.23%,1,Buy,"8% Buy",-7.63,-10.00%,4.74,4.61,4.66,4.68,57.95,-26.51,-28.09,185339,Weakening,Minimum,77.69%,1.03,4.3,5.06,86%
ORN,"Orion Group Holdings Inc","Building - Heavy Construction",9.18,+1.44%,4,Sell,"88% Sell",-7.63,+13.75%,12.5,10.31,12.29,9.2,42.51,-2.76,-21.08,408398,Average,Strong,32.19%,1.09,8.85,9.54,48%
NXT,"Nextpower Inc",Solar,83.15,+3.33%,3,Sell,"88% Sell",-7.78,+16.54%,109.17,92.97,111.04,83.35,44.58,0.03,-17.98,2358745,Average,Strong,47.72%,0.69,78.34,88.35,48%
INKT,"Mink Therapeutics Inc","Medical - Biomedical",12.25,+1.66%,3,Buy,"56% Buy",-7.81,-18.82%,11.4,11.27,11.26,11.64,58.65,-35.33,-3.56,107840,Strengthening,Weak,63.28%,0.71,10.95,12.33,94%
BKTI,"Bk Technologies Inc","Wireless Equipment",74.72,+1.74%,1,Sell,"88% Sell",-8.17,-3.75%,80.83,76.56,82.23,73.28,51.71,-20.26,-13.26,46026,Average,Average,65.46%,1.54,69.99,76.57,72%
EDN,"Empresa Distribuidora Y Comercializadora ADR","Utility - Electric Power",23.56,+0.60%,4,Sell,"100% Sell",-8.31,+55.20%,24.94,24.48,25.83,24.06,44.18,38.69,-34.79,115948,Strengthening,Average,36.40%,0.34,22.99,25.13,26%
AMT,"American Tower Corp","REIT - Equity Trust Other",174.6,+0.36%,3,Buy,"56% Sell",-8.44,-9.68%,175.96,172.94,177.53,175.93,49.07,-26.19,-13.98,3089353,Average,Weak,37.08%,1.4,172.72,179.13,29%
NATH,"Nathan's Famous IN","Retail - Restaurants",97.48,-1.52%,5,Hold,"80% Sell",-8.66,-5.33%,99.66,98.14,100.04,98.05,45.54,-21.84,-9.25,34728,Strongest,Weak,43.59%,1.05,97.28,98.82,13%
BCO,"Brink's Company","Financial Transaction Services",107.05,+0.88%,3,Sell,"40% Sell",-8.88,-6.07%,107.71,112.86,109.12,108.93,44.47,-22.58,-21.72,446424,Weakest,Weak,26.13%,0.61,104.94,112.92,26%
PUSA,"Aureus Greenway Holdings Inc","Leisure & Recreation Services",3.57,+2.29%,1,Buy,"56% Sell",-8.89,+7.21%,3.93,3.48,3.99,3.7,48.66,-9.3,-0.1,867669,Weakest,Weak,19.81%,1.19,3.42,3.98,27%
WAL,"Western Alliance Bancorp","Banks - West",78.65,+0.14%,5,Sell,"72% Sell",-8.91,-13.55%,80.34,80.68,79.19,79.11,45.26,-30.06,-19.88,1145488,Average,Weak,47.62%,0.82,77.3,80.91,37%
CNNE,"Cannae Holdings Inc","Finance - Investment Mgmt",15.23,+1.80%,5,Hold,"80% Buy",-9.12,-20.26%,14.6,15.14,13.78,15.48,48.74,-36.77,-16.61,573025,Average,Soft,15.22%,1.12,15.03,15.93,22%
IIIN,"Insteel Industries","Steel - Specialty",29.83,+0.57%,3,Sell,"40% Sell",-9.37,-22.52%,29.53,31.1,30.71,30.36,41.99,-39.03,-19.24,222693,Weakening,Weak,23.64%,0.62,29.55,31.16,17%
TATT,"T A T Tech Ltd","Aerospace - Defense Equipment",38.05,+0.11%,5,Sell,"88% Sell",-9.42,-7.85%,40.23,39.48,42.74,38.01,47.35,-24.36,-28.23,181691,Weakening,Average,34.67%,0.45,35.9,40.12,51%
CLPR,"Clipper Realty Inc","REIT - Equity Trust Other",3.29,-3.52%,4,Buy,"40% Buy",-9.63,-19.95%,3.09,3.11,3.13,3.33,51.35,-36.46,-27.3,81664,Weakest,Weak,54.27%,1.18,3.19,3.48,35%
NI,"NiSource Inc","Utility - Electric Power",40.52,-0.15%,6,Sell,"88% Sell",-9.72,+0.50%,45.03,42.92,45.67,41.05,36.36,-16.01,-16.4,4480021,Strengthening,Maximum,24.64%,1.5,40.24,41.85,17%
USLM,"U S Lime & Mineral","Building - CMT & CNT & AG",114.55,+0.93%,3,Sell,"40% Sell",-9.75,-10.25%,110.99,114.68,115.48,116.81,46.04,-26.76,-17.76,150924,Weakest,Minimum,18.00%,0.73,112.75,120.88,22%
ZKH,"Zkh Group Limited ADR","Internet - Services",2.87,-2.38%,1,Sell,"40% Sell",-10.04,-1.03%,2.83,2.92,2.96,2.93,47.24,-17.54,-35.44,179499,Weakening,Weak,49.69%,0.46,2.83,3.02,20%
PRDO,"Perdoceo Education Corp",Schools,32.33,-0.68%,4,Sell,"56% Sell",-10.11,-7.47%,33.27,32.64,33.81,33.1,43.14,-23.98,-3.2,650127,Strengthening,Weak,25.33%,1.3,32.44,33.76,-8%
WYFI,"Whitefiber Inc","Technology Services",19.86,+4.69%,2,Sell,"40% Sell",-10.33,-24.49%,26.22,23.14,22.61,18.81,48.18,-41.,12.27,1674697,Weakest,Weak,50.26%,0.54,16.48,21.15,72%
MKL,"Markel Corp","Insurance - Multi Line",1774.64,-0.10%,5,Sell,"88% Sell",-10.61,-8.28%,1856.87,1860.75,1892.98,1800.19,37.8,-24.79,-30.88,61012,Strengthening,Strong,13.67%,1.36,1764.22,1836.17,14%
MED,"Medifast Inc","Food - Misc & Diversified",12.26,+4.16%,4,Buy,"88% Buy",-10.83,-14.56%,11.6,11.42,11.2,12.16,57.22,-31.07,1.36,227387,Strongest,Average,18.80%,0.99,11.71,12.6,62%
APT,"Alpha Pro Tech","Protection - Safety",5.13,+0.39%,5,Hold,Hold,-10.88,+9.38%,5.34,5.2,5.16,5.28,44.3,-7.13,2.11,54664,Bearish,,25.61%,0.68,5.08,5.47,12%
ALG,"Alamo Group","Machinery - Farm",164.87,-1.07%,4,Hold,"32% Sell",-10.93,-16.93%,161.88,165.35,167.58,167.68,45.21,-33.44,-15.22,155467,Weakest,Weak,33.68%,1.29,161.28,174.08,28%
VIVO,"Vivopower Plc","IT Services",3.86,0.00%,2,Sell,"8% Sell",-10.96,-20.08%,4.39,4.05,3.75,3.99,44.71,-36.59,56.99,1001020,Weakest,Minimum,38.81%,0.77,3.64,4.34,32%
NAAS,"Nass Technology Inc ADR","Electrical Power",3.1,+2.65%,2,Sell,"40% Buy",-10.98,-24.39%,3.08,3.24,2.82,3.16,45.39,-40.9,-21.71,16511,Weakest,Weak,30.07%,0.87,2.99,3.33,32%
JYNT,"The Joint Corp","Medical - HMO",8.49,+0.59%,6,Hold,"64% Sell",-11.42,-14.76%,8.64,8.46,8.68,8.34,53.48,-31.27,-16.07,83433,Weakening,Weak,73.09%,0.86,7.98,8.71,70%
PODC,"Podcastone Inc","Internet - Content",2.39,+1.27%,3,Sell,"72% Sell",-11.57,+31.32%,3.6,3.12,3.21,2.56,35.77,14.81,-16.67,108896,Average,Average,33.68%,1.46,2.2,2.92,26%
NPB,"Northpointe Bancshares Inc","Finance - Savings & Loan",16.16,-1.76%,2,Sell,"100% Sell",-11.84,-12.55%,17.58,17.33,17.66,16.92,31.92,-29.06,-17.12,246553,"Top 1%",Strong,6.47%,1.43,16.36,17.48,-18%
HY,"Hyster-Yale Inc","Machinery - Construct & Mining",32.6,-2.80%,3,Sell,"88% Sell",-11.90,-11.00%,34.83,34.04,35.02,34.01,41.42,-27.51,-3.7,105666,Strengthening,Average,23.61%,1.16,32.33,35.69,8%
UHS,"Universal Health Services","Medical - Hospitals",174.74,-1.10%,4,Buy,"24% Buy",-12.01,-7.37%,161.44,167.73,171.89,174.06,52.92,-23.88,-33.28,850078,Weakest,Minimum,66.65%,1.11,166.71,181.42,55%
SHEN,"Shenandoah Telecom","Diversified Comm Services",12.13,+4.84%,5,Sell,"72% Sell",-12.25,-11.85%,13.84,12.27,14.18,12.1,49.19,-28.36,-8.5,421930,Weakening,Good,31.25%,1.66,11.41,12.8,52%
XLO,"Xilio Therapeutics Inc","Medical - Biomedical",9.02,-1.20%,3,Sell,"56% Buy",-12.46,-17.40%,8.74,9.03,8.5,8.99,49.78,-33.91,-12.79,36483,Weakest,Weak,47.64%,0.32,8.83,9.16,58%
HUN,"Huntsman Corp","Chemical - Diversified",8.86,-2.53%,2,Sell,"100% Sell",-12.57,-9.59%,11.95,10.43,12.21,9.44,31.1,-26.1,-24.83,5342702,Strongest,Strong,9.07%,0.98,8.97,9.91,-12%
IBM,"Intl Business Machines","Computer - Integrated Systems",231.93,+1.04%,7,Hold,"64% Sell",-12.78,-12.94%,246.43,229.97,245.71,236.16,45.98,-29.45,-35.13,7316066,Average,Average,18.44%,0.92,225.46,246.87,30%
TBCH,"Turtle Beach Corp","Computers - Peripheral Equpt",12.69,+0.08%,3,Sell,"56% Buy",-12.93,-17.00%,12.48,12.64,12.2,12.52,52.03,-33.51,-22.98,297487,Average,Weak,73.53%,0.68,11.96,13.09,65%
OBDC,"Blue Owl Capital Corp","Finance - Misc Services",11.19,+0.18%,2,Hold,"32% Sell",-12.97,-20.13%,11.16,11.2,11.21,11.25,48.33,-36.64,-23.41,4630120,Weakest,Weak,41.03%,0.88,10.98,11.52,38%
BANF,"Bancfirst Corp","Banks - Southwest",109.46,+1.08%,1,Sell,"40% Sell",-13.06,-16.96%,112.44,113.07,112,110.59,42.6,-33.47,-10.19,144484,Weakening,Weak,26.34%,0.88,107.96,113.21,29%
STRR,"Star Equity Holdings Inc","Conglomerates - Div Operations",9.88,+0.41%,4,Sell,"56% Sell",-13.22,-13.86%,10.63,10.62,10.36,10.22,39.12,-30.37,-25.61,7147,Average,Weak,38.21%,2.93,9.73,10.71,15%
CRNT,"Ceragon Networks Ltd","Wireless Non-US",2.11,+1.44%,2,Sell,"72% Sell",-13.24,-15.26%,2.4,2.14,2.37,2.07,51.12,-31.77,-12.95,544037,Weakening,Average,77.45%,0.61,2,2.13,84%
PSBD,"Palmer Square Capital Bdc Inc","Finance - SBIC & Commercial",10.38,+0.48%,2,Buy,"40% Sell",-13.31,-22.94%,10.43,10.14,10.49,10.3,55.7,-39.45,-28.28,113382,Weakest,Weak,74.30%,0.65,10.15,10.45,76%
CCEL,"Cryo-Cell Intl Inc","Medical Services",3.53,-19.77%,1,Hold,"16% Buy",-13.33,-27.22%,3.69,3.86,3.59,4.22,36.58,-43.73,-10.81,15387,Weakest,Weak,35.84%,0.4,3.82,4.61,-37%
XZO,"Exzeo Group Inc","Insurance - Proprty & Casualty",16.75,+1.15%,1,Buy,"56% Buy",-13.53,N/A,15.46,16.23,15.5,16.55,55.23,N/A,-44.36,210956,Strengthening,Weak,69.91%,1.39,15.8,17.31,63%
CAL,"Caleres Inc","Shoes and Related Apparel",11.91,+1.45%,1,Sell,"56% Sell",-13.61,-16.83%,12.83,12.74,12.43,12.33,43.02,-33.34,-15.57,665219,Average,Weak,23.31%,0.89,11.39,13.27,28%
MLP,"Maui Land & Pineapple Company","Real Estate Operations",15.98,-0.44%,6,Sell,"88% Sell",-13.69,-16.16%,16.66,16.43,16.47,16.06,46.44,-32.67,-19.1,19677,Weakening,Soft,36.65%,0.92,15.66,16.45,40%
ALTG,"Alta Equipment Group Inc","Machinery - General Industrial",6.03,-0.82%,1,Sell,"56% Sell",-13.99,-14.95%,6.6,6.45,6.52,5.98,46.68,-31.46,17.66,232223,Strengthening,Weak,64.48%,1.47,5.63,6.34,57%
TSLA,"Tesla Inc","Auto - Domestic",375.3,+3.03%,3,Buy,"40% Sell",-14.07,-11.92%,379.4,349.6,381.43,360.22,58.61,-28.43,-29.98,54828051,Weakest,Weak,58.29%,0.96,343.26,377.18,94%
UA,"Under Armour Inc Cl C","Textile - Apparel",4.68,-2.50%,1,Sell,"100% Sell",-14.57,-1.27%,5.74,5.72,5.94,4.93,34.03,-17.78,-15.93,3761726,"Top 1%",Good,23.06%,1.16,4.67,5.19,1%
WMG,"Warner Music Group Corp Cl A","Movie & TV Production & Dist",27.69,-1.18%,6,Buy,"40% Sell",-14.75,-17.44%,28.77,27.47,28.31,28.27,47.79,-33.95,-23.15,2326096,Average,Weak,22.73%,1.16,27.29,29.25,20%
LMAT,"Lemaitre Vascular","Medical Products",79.2,+0.42%,3,Sell,"100% Sell",-14.87,-14.15%,93.1,87.57,98.01,80.01,38.74,-30.66,-15.77,268571,Strengthening,Strong,19.01%,0.64,78.49,81.54,23%
VINP,"Vinci Compass Investments Ltd","Finance - Misc Services",9.48,+1.72%,6,Sell,"100% Sell",-14.96,-9.28%,9.88,9.64,10.27,9.54,48.54,-25.79,-40.73,63995,Weakening,Good,27.59%,0.64,9.15,9.93,42%
VOYG,"Voyager Technologies Inc Cl A","Aerospace - Defense Equipment",37.66,+4.99%,1,Buy,"72% Buy",-15.02,+30.00%,34.96,33.46,32.54,34.45,58.56,13.49,30.64,1843509,Strengthening,Soft,80.51%,0.71,31.91,36.99,113%
HITI,"High Tide Inc","Medical Products",2.63,+1.94%,7,Buy,"56% Buy",-15.12,-30.61%,2.36,2.37,2.38,2.56,57.66,-47.12,-14.18,559058,Average,Average,59.65%,1.15,2.44,2.69,76%
FSLR,"First Solar Inc",Solar,199.84,+1.98%,4,Sell,"88% Sell",-15.18,-5.95%,230.96,213.54,220.86,204.08,44.18,-22.46,-36.93,2317085,Strengthening,Average,30.36%,0.82,194.12,214.04,29%
VTEX,"Vtex Cl A","Internet - Software",3.59,-1.37%,3,Sell,"40% Sell",-15.28,-20.75%,3.81,3.87,3.81,3.61,41.43,-37.26,-17.95,1154458,Average,Weak,59.85%,1.14,3.52,3.7,39%
ELTK,"Eltek Ltd","Electronics - Misc Components",8.17,+2.13%,5,Hold,"80% Sell",-15.50,-22.19%,8.67,8.48,8.66,8.12,48.24,-38.7,-18.98,13900,Strengthening,Soft,39.43%,0.2,7.55,8.7,54%
SUPV,"Grupo Supervielle S.A. ADR","Banks - Foreign",7.99,-0.62%,5,Sell,"100% Sell",-15.55,+59.16%,9.03,8.84,9.1,8.56,36.08,42.65,-45.83,832810,Strongest,Average,9.95%,1.29,8.05,9.06,-6%
TNC,"Tennant Company","Machinery - General Industrial",65.83,-2.33%,5,Sell,"88% Sell",-15.63,-18.39%,80.51,75.4,77.31,69.35,34.08,-34.9,-24.11,213763,Strongest,Strong,11.98%,0.61,65.91,72.8,-1%
IMDX,"Insight Molecular Diagnostics Inc","Medical Information Systems",4.01,+0.25%,2,Sell,"100% Sell",-15.78,+17.60%,4.96,4.41,4.76,4.08,46.05,1.09,-59.96,209435,Strengthening,Average,56.30%,1.27,3.7,4.46,41%
AERO,"Grupo Aeromexico S.A.B. ADR","Aerospace - Defense",15.95,+3.44%,5,Buy,"24% Sell",-16.08,N/A,15.87,15.25,15.86,15.09,57.79,N/A,-40.8,355416,Weakest,Soft,58.12%,1.33,14.2,15.99,98%
UAA,"Under Armour","Textile - Apparel",4.77,-2.25%,1,Sell,"100% Sell",-16.13,-1.24%,5.89,5.85,6.1,5.05,33.41,-17.75,-17.45,9759269,"Top 1%",Good,22.99%,1.34,4.78,5.32,-2%
ALT,"Altimmune Inc","Medical - Drugs",3.27,+0.62%,6,Buy,"24% Buy",-16.37,-13.49%,2.98,3.06,3.19,3.24,55.7,-30.,-22.85,4368202,Average,Minimum,44.03%,0.83,3.06,3.41,59%
AMRN,"Amarin Corp ADR","Medical - Biomedical",13.48,-1.10%,3,Hold,"96% Sell",-16.37,-12.18%,14.5,14.03,14.59,13.92,39.12,-28.69,-16.83,78262,Strongest,Average,33.45%,0.59,13.45,14.39,4%
AUNA,"Auna Sa Cl A","Medical Services",5.18,+1.57%,3,Hold,"40% Buy",-16.44,-19.69%,5.03,5.19,5.15,5.2,49.19,-36.2,-8.15,306363,Weakening,Weak,31.33%,0.82,5.05,5.34,43%
TDOC,"Teladoc Health Inc","Medical Services",6.27,-0.48%,5,Sell,"56% Sell",-16.63,-21.13%,7.33,7.23,6.66,6.32,42.39,-37.64,-23.86,5101813,Average,Weak,38.81%,0.66,6.05,6.59,41%
ULH,"Universal Logis Holdings","Transportation - Services",17.12,-3.28%,5,Sell,"8% Buy",-16.64,-30.18%,16.59,17.63,17.47,18.59,39.63,-46.69,-0.72,58096,Weakest,Minimum,5.15%,0.6,17.51,19.67,-18%
ALK,"Alaska Air Group","Transportation - Airline",41.9,+3.35%,3,Sell,"72% Sell",-17.31,-26.81%,44.5,44.46,43.95,41.23,48.99,-43.32,-30.13,3559544,Weakening,Soft,49.51%,0.9,39.23,43.23,67%
NCDL,"Nuveen Churchill Direct Lending Corp","Finance - SBIC & Commercial",12.06,0.00%,4,Sell,"100% Sell",-17.47,-19.76%,12.73,12.42,12.98,12.3,41.36,-36.27,-23.03,238176,Strengthening,Strong,17.66%,0.95,11.95,12.64,15%
TAOX,"Tao Synergies Inc","Finance - Misc Services",4.8,+5.03%,5,Buy,"8% Buy",-17.64,-17.67%,4.06,3.71,4.37,4,69.3,-34.18,17,155645,Average,Minimum,73.91%,5.53,3.47,4.53,125%
REFI,"Chicago Atlantic Real Estate Finance Inc","Finance - Misc Services",10.8,-1.64%,9,Buy,"56% Sell",-17.65,-19.76%,10.9,10.51,11.25,10.84,51.68,-36.27,-25.34,165145,Average,Average,50.13%,1.35,10.59,11.08,43%
ATHM,"Autohome Inc ADR","Internet - Services",21.35,+1.76%,4,Sell,"24% Buy",-17.86,-26.71%,20.11,22.03,19.63,21.76,44.98,-43.22,-17.52,697940,Weakening,Weak,13.87%,0.69,20.89,22.63,27%
CYH,"Community Health Systems","Medical - Hospitals",2.89,+0.70%,1,Sell,"100% Sell",-17.90,-4.93%,3,2.96,3.05,2.92,45.65,-21.44,-20.8,1609672,Strongest,Average,45.70%,0.68,2.85,3,28%
APPS,"Digital Turbine","Internet - Software",12.05,+13.04%,7,Buy,"100% Buy",-17.99,+118.30%,9.21,10.67,7.32,11.03,57.74,101.79,127.57,3784257,Strongest,Strong,59.75%,1.08,9.91,12.15,95%
GEG,"Great Elm Group Inc","Conglomerates - Div Operations",2.15,0.00%,6,Hold,"48% Sell",-18.11,-20.96%,2.19,2.18,2.13,2.18,43.88,-37.47,-29.12,25615,Weakening,Weak,8.42%,2.49,2.13,2.23,23%
NAVI,"Navient Corp","Finance - Consumer Loans",9.57,+0.63%,5,Buy,"72% Buy",-18.28,-28.10%,8.71,9.09,8.65,9.52,53.34,-44.61,-39.81,1108479,Average,Weak,51.20%,0.94,9.11,9.92,57%
NSSC,"Napco Sec Tech Inc","Protection - Safety",35.82,-0.86%,1,Sell,"100% Sell",-18.40,-15.97%,37.46,37.01,39.4,36.12,44.14,-32.48,-27.53,478013,Strongest,Average,42.48%,0.67,34.85,37.38,38%
GXO,"Gxo Logistics Inc","Transportation - Air Freight",45.4,-1.13%,4,Sell,"100% Sell",-18.95,-8.58%,49.36,48.71,51.8,46.78,41.16,-25.09,-27.18,1337504,Strengthening,Strong,26.64%,0.7,45.09,48.46,9%
CEPL,"Capstone Energy Plus Inc","Other Alt Energy",6.13,-8.37%,3,Sell,"56% Sell",-19.01,+122.91%,9,7.44,7.93,5.99,46.79,106.4,8.2,311712,Strengthening,Soft,80.16%,1.54,5.22,6.75,59%
TBLA,"Taboola.com Ltd","IT Services",3.62,+0.56%,6,Sell,"56% Sell",-19.01,+3.43%,4.55,4.28,4.14,3.76,36.67,-13.08,-34.91,2335146,Average,Soft,11.28%,0.72,3.59,3.92,8%
PAC,"Grupo Aeroportuario Del Pacifico ADR","Transportation - Services",208,+2.57%,2,Sell,"88% Sell",-19.24,-16.91%,228.02,212.56,235.54,206.17,50.2,-33.42,-34.53,117289,Average,Strong,40.23%,1.77,198.18,214.17,61%
FPH,"Five Point Holdings Llc Cl A","Real Estate Developers",4.92,0.00%,1,Sell,"72% Sell",-19.26,-21.03%,5.08,5.14,5.11,5.06,37.38,-37.54,-25.42,167778,Average,Soft,25.26%,0.94,4.92,5.19,0%
HEPS,"D-Market Electronic Services & Trading ADR","Internet Commerce",2.49,-0.40%,2,Sell,"72% Sell",-19.40,-15.02%,2.77,2.75,2.76,2.64,38.59,-31.53,-13.03,304548,Strongest,Average,28.11%,2.28,2.51,2.76,-8%
POET,"Poet Technologies Inc","Electronics - Semiconductors",8.41,+7.82%,5,Sell,"40% Sell",-19.76,+62.98%,9.79,7.91,8.83,7.72,55.75,46.47,19.43,20071482,Weakest,Weak,51.25%,1.19,6.96,8.47,96%
AOSL,"Alpha and Omega Semi","Electronics - Semiconductors",26.27,+3.43%,3,Sell,"72% Sell",-19.83,-8.21%,36.09,29.21,32.56,25.22,47.61,-24.72,19.18,623965,Weakening,Soft,77.11%,0.76,23.68,26.75,84%
CSBR,"Champions Oncolog","Medical - Drugs",5.26,-0.75%,4,Hold,"80% Sell",-19.90,-19.88%,5.68,5.31,5.76,5.05,54.27,-36.39,-37.31,10318,Average,Strong,61.56%,0.89,4.78,5.32,89%
DSWL,"Deswell Inds Inc","Electronics - Misc Components",3.12,-1.89%,2,Sell,"88% Sell",-19.91,-23.61%,3.33,3.23,3.33,3.08,49.27,-40.12,-23.26,11413,Strengthening,Good,79.32%,0.89,2.94,3.22,64%
RERE,"Aihuishou International Ltd ADR","Technology Services",3.94,+0.51%,4,Sell,"100% Sell",-19.96,-6.19%,4.21,4.14,4.52,4.03,41.2,-22.7,-39.09,1177001,Average,Average,9.90%,1.56,3.84,4.21,27%
SLVM,"Sylvamo Corp","Paper & Related Products",36.11,+1.52%,3,Sell,"88% Sell",-20.06,-17.46%,38.43,37.26,39.96,35.85,48.77,-33.97,-38.44,331754,Weakening,Strong,63.57%,1,34.48,37.22,60%
CLFD,"Clearfield Inc","Wireless Equipment",30.88,+2.39%,6,Buy,"40% Sell",-20.21,-9.10%,34.65,29.82,32.91,29.2,56.66,-25.61,-7.5,195726,Weakest,Weak,80.32%,0.4,27.37,31.04,96%
JLHL,"Julong Holding Limited Cl A","Building & Construction - Misc",5.43,-1.09%,2,Sell,"88% Sell",-20.32,+32.76%,13.7,6.9,11.27,6,38.65,16.25,21.31,979775,Strengthening,Soft,4.73%,0.04,5.28,6.72,10%
UTZ,"Utz Brands Inc","Food - Misc & Diversified",14.22,+0.30%,5,Buy,"88% Buy",-20.35,+11.35%,10.41,13.36,9.63,14.23,70.5,-5.16,23.56,2358829,Weakening,Strong,42.22%,0.39,14.18,14.28,43%
SPCB,"Supercom Ltd","Protection - Safety",9.57,-1.69%,1,Sell,"40% Sell",-20.40,-18.51%,10.73,10.57,9.95,10.11,36.16,-35.02,-7.63,76782,Strengthening,Minimum,19.04%,0.65,9.44,10.78,10%
ASTE,"Astec Inds Inc","Machinery - Construct & Mining",41.67,+0.65%,5,Sell,"100% Sell",-20.41,-12.84%,50.41,46.66,52.71,42.35,40.46,-29.35,-17.24,222070,Average,Strong,30.17%,0.65,40.06,44.63,35%
BETA,"Beta Technologies Inc Cl A","Aerospace - Defense",22.07,+5.60%,1,Sell,"56% Buy",-20.54,N/A,19.01,21.14,18.36,21.08,53.53,N/A,-35.2,1701177,Strengthening,Soft,60.26%,2.29,19.07,23.09,75%
BEEP,"Mobile Infrastructure Corp","Real Estate Operations",2.84,-1.39%,4,Buy,"72% Buy",-20.64,-13.68%,2.16,2.45,2.27,2.91,55.58,-30.19,-2.06,55666,Average,Average,67.03%,0.54,2.77,3.06,25%
GILT,"Gilat Satellite Ntwk","Satellite Communication",10.06,+2.44%,4,Sell,"88% Sell",-20.64,-13.50%,13.02,10.71,14.28,9.96,46.34,-30.01,-35.69,774614,Weakening,Strong,52.12%,0.84,9.55,10.37,62%
ASTS,"Ast Spacemobile Inc","Wireless Equipment",61.89,+5.76%,2,Sell,"88% Sell",-20.73,+37.23%,74.6,63.02,78.8,60.75,49.16,20.72,-28.22,16725586,Strengthening,Good,46.43%,1,56.35,65.15,63%
RMTI,"Rockwell Medical IN","Medical Products",8.7,+7.87%,5,Buy,"40% Buy",-21.02,-34.59%,7.24,7.35,7.94,8.01,69.57,-51.1,-9.05,42318,Strengthening,Weak,67.88%,2.12,7.6,8.42,134%
BBSI,"Barrett Business S",Outsourcing,32.86,+0.18%,4,Sell,"24% Sell",-21.27,-28.77%,34.26,35.58,32.62,33.55,42.46,-45.28,-22.68,229518,Weakening,Minimum,43.11%,0.58,32.39,34.71,20%
AMTM,"Amentum Holdings Inc","Engineering & R&D Services",19.9,+1.53%,1,Sell,"100% Sell",-21.30,-10.96%,21.94,21.19,23.97,19.98,45.11,-27.47,-44.81,2065729,Average,Good,53.45%,0.65,19.34,20.62,44%
ACET,"Adicet Bio Inc","Medical - Biomedical",8.93,-2.72%,6,Hold,"80% Buy",-21.32,-29.78%,8.5,8.81,8.08,9.19,47.75,-46.29,-7.37,134411,Weakest,Weak,54.96%,0.47,8.53,9.85,30%
NVR,"NVR Inc","Building - Residential & Comm",6188.9502,+0.63%,2,Sell,"88% Sell",-21.40,-23.54%,6284.37,6321.66,6471.19,6271.51,46.05,-40.05,-28.57,29087,Average,Average,33.61%,1.07,6071.72,6471.3,29%
ASIX,"Advansix Inc","Chemical - Specialty",16.25,+0.25%,3,Sell,"88% Sell",-21.58,-20.38%,20,18.21,20.49,16.73,39.69,-36.89,-19.5,386315,Strengthening,Good,18.50%,0.92,16,17.46,17%
INSM,"Insmed Inc","Medical - Biomedical",121,+0.83%,4,Buy,"8% Sell",-21.89,-16.41%,113.75,118.39,125.32,123.91,47.51,-32.92,-43.91,3022074,Weakest,Minimum,29.97%,0.73,117.98,129.85,25%
CRNC,"Cerence Inc","IT Services",8.15,+5.43%,7,Sell,"88% Sell",-22.12,-34.75%,9.57,8.58,8.9,8.22,47.03,-51.26,-37.19,896219,Weakening,Average,28.45%,0.85,7.67,8.76,44%
OSIS,"O S I Systems Inc","Electronics - Misc Components",200.4,+1.36%,3,Sell,"100% Sell",-22.16,-14.88%,219.18,214.52,240.83,204.03,40.33,-31.39,-34.86,270900,Average,Strong,25.99%,0.66,196.37,211.7,26%
JG,"Aurora Mobile Ltd ADR","Internet - Software",6.08,-4.55%,2,Buy,"8% Sell",-22.29,-37.13%,5.54,5.48,6.12,6.36,49.85,-53.64,-16.15,5723,Weakest,Minimum,41.19%,0.52,5.93,6.78,17%
RM,"Regional Managment Corp","Finance - Consumer Loans",31.5,+0.35%,1,Sell,"88% Sell",-22.39,-28.73%,36.23,35.28,35.58,32.67,36.19,-45.24,-32.14,67904,Strengthening,Strong,12.36%,0.73,31.2,34.15,10%
SNAP,"Snap Inc","Internet - Software",5.7,+3.07%,5,Buy,"16% Buy",-22.56,-30.15%,5.29,5.2,5.2,5.57,55.62,-46.66,-42.8,45208188,Average,Minimum,49.62%,0.93,5.23,5.92,68%
DAIO,"Data I O Corp","Electronics - Misc Components",2.9,+3.20%,2,Sell,"72% Sell",-22.75,-9.66%,3.23,2.99,3.02,2.84,51.07,-26.17,-21.95,46847,Weakening,Weak,40.80%,0.8,2.71,2.97,74%
WSO,"Watsco Inc","Machinery - General Industrial",317.69,+1.90%,4,Sell,"88% Sell",-22.89,-18.51%,362.15,328.82,374.25,310.98,51.36,-35.02,-19.15,446385,Weakening,Strong,50.84%,1.1,302.27,319.7,88%
PRVA,"Privia Health Group Inc","Medical Information Systems",19.54,-1.56%,2,Sell,"88% Sell",-22.90,-12.65%,23.19,22.63,22.96,20.56,25.94,-29.16,-31.02,984319,Strongest,Strong,5.20%,0.8,19.77,21.35,-14%
RDW,"Redwire Corp","Aerospace - Defense",11.6,+8.01%,3,Buy,"24% Buy",-23.86,+45.91%,12.43,10.73,11.4,10.89,54.68,29.4,39.2,25572934,Weakest,Minimum,72.30%,0.93,10.07,11.71,93%
TOYO,"Toyo Co. Ltd",Solar,4.47,+1.36%,3,Sell,"72% Sell",-23.86,-22.60%,8.35,4.92,8.68,4.39,44.38,-39.11,-37.15,429416,Weakening,Strong,54.49%,0.47,4.13,4.66,65%
AI,"C3.Ai Inc Cl A","IT Services",10.84,+3.44%,6,Buy,"72% Buy",-23.86,-39.44%,9.77,9.87,9.51,10.5,56.33,-55.95,-33.01,6032757,Strongest,Weak,48.67%,0.82,9.81,11.19,75%
ARLO,"Arlo Technologies Inc","Internet - Software",13.33,+0.68%,5,Sell,"40% Sell",-23.87,-26.23%,13.46,13.68,13.59,13.28,48.17,-42.74,-18.15,1327911,Weakening,Weak,46.33%,0.65,12.58,13.99,53%
BV,"Brightview Holdings Inc","Agriculture Products",10.64,-0.09%,1,Sell,"100% Sell",-23.91,-20.36%,12.55,12.13,12.51,11.07,34.41,-36.87,-29.45,744205,Strongest,Strong,3.91%,0.84,10.66,11.48,-3%
OPXS,"Optex Systems Hlds","Aerospace - Defense Equipment",10.45,-0.48%,1,Sell,"88% Sell",-24.18,-17.26%,11.57,11.17,11.86,10.32,46.17,-33.77,-39.73,44192,Strongest,Good,73.96%,1.7,9.89,10.76,64%
CCI,"Crown Castle","REIT - Equity Trust Other",73.22,+0.22%,5,Sell,"100% Sell",-24.63,-21.77%,81.39,75.72,82.91,75.06,41.81,-38.28,-31.04,3532709,Strengthening,Strong,31.01%,0.88,72.56,77.55,13%
ACIC,"American Coastal Insurance Corp","Insurance - Proprty & Casualty",9.19,+0.11%,3,Sell,"100% Sell",-24.64,-17.95%,10.36,9.87,10.72,9.35,37.38,-34.46,-40.67,245045,Average,Maximum,22.86%,1.26,9.1,9.6,18%
AMBA,"Ambarella Inc","Electronics - Semiconductors",68.85,+4.08%,1,Sell,"8% Sell",-24.82,-16.98%,73.29,71.95,68.02,67.19,49.82,-33.49,-16.24,1278411,Weakest,Minimum,66.52%,0.7,61.68,72.7,65%
LMRI,"Lumexa Imaging Holdings Inc","Medical Products",10.68,-3.61%,1,Sell,N/A,-24.82,N/A,10.43,11.42,10.86,11.59,37.94,N/A,-55.7,N/A,N/A,N/A,15.50%,1.08,10.9,12.28,-16%
YALA,"Yalla Group Ltd ADR","Internet - Software",5.57,+2.39%,2,Buy,"40% Sell",-24.91,-25.63%,5.68,5.45,6.01,5.49,57.15,-42.14,-33.17,305314,Weakest,Average,53.59%,0.98,5.38,5.6,85%
CRTO,"Criteo S.A. ADR","Internet Software Services",16.8,+0.60%,5,Sell,"56% Sell",-24.95,-23.36%,18.57,19,18.47,17.36,38.96,-39.87,-31.92,446009,Average,Soft,12.57%,0.34,16.55,18.16,15%
CAMP,"Camp4 Therapeutics Corp","Medical - Biomedical",4.17,-1.65%,3,Hold,"40% Sell",-25.39,+82.89%,4.17,4.1,4.33,4.19,49.13,66.38,-45.4,209561,Weakening,Weak,47.52%,1.14,3.78,4.59,48%
LOPE,"Grand Canyon Educati",Schools,150.55,-0.48%,7,Buy,"40% Sell",-25.55,-28.25%,150.7,147.93,155.78,150.99,50.59,-44.76,-22.91,317364,Weakening,Weak,34.55%,0.88,147.54,154.43,44%
CLBT,"Cellebrite Di Ltd","Internet - Software",11.56,-0.52%,3,Sell,"100% Sell",-25.79,-34.36%,13.47,13.21,13.52,11.62,44.23,-50.87,-49.31,2162519,Strengthening,Strong,54.28%,1.42,11.06,12.18,45%
SGRY,"Surgery Partners CS","Medical Services",13.66,+3.09%,2,Sell,"40% Sell",-26.05,-36.82%,14.72,14.8,14.32,13.95,44.19,-53.33,-25.02,1710945,Weakening,Weak,18.42%,1.07,13.33,14.57,27%
OEC,"Orion S.A.","Chemical - Specialty",5.93,+3.49%,3,Sell,"72% Sell",-26.12,-30.07%,6.74,6.4,6.5,5.97,46.31,-46.58,-1.12,599273,Weakening,Weak,25.13%,0.84,5.61,6.34,44%
SERA,"Sera Prognostics Inc Cl A","Medical Services",2.12,+1.68%,1,Buy,"40% Buy",-26.27,-35.76%,1.99,2.05,2.03,2.06,57.5,-52.27,-41.57,50167,Average,Minimum,57.77%,0.52,1.94,2.17,77%
NN,"Nextnav Inc","Technology Services",15.66,+10.13%,1,Sell,"56% Sell",-26.57,-8.26%,17.47,15.3,17.41,15.29,50.92,-24.77,-19.32,2128094,Weakening,Average,49.08%,1.01,14.46,16.12,72%
KAZR,"Skyline Builders Group Holding Limited Cl A","Engineering & R&D Services",2.42,+8.74%,6,Hold,"64% Sell",-26.76,+1.89%,2.67,2.16,2.85,2.1,59.33,-14.62,-30.95,201408,Weakening,Soft,64.65%,1.62,1.77,2.42,101%
MNRO,"Monro Muffler Brak","Consumer Services - Misc",12.9,+6.61%,3,Sell,"88% Sell",-27.12,-28.61%,14.92,13.56,15.87,12.65,51.33,-45.12,-49.06,959591,Weakening,Strong,36.15%,1.2,11.82,13.48,65%
ACI,"Albertsons Companies Inc Cl A","Consumer Prdts - Misc Staple",12.12,-1.86%,3,Buy,"88% Sell",-27.57,-32.29%,13.97,12.56,15.07,12.38,45,-48.8,-42.84,7764082,Strongest,Strong,50.95%,0.97,11.82,12.93,27%
JL,"J-Long Group Limited","Textile - Apparel",4.64,+0.87%,3,Sell,"88% Sell",-27.72,-28.94%,5.74,5.21,5.68,4.76,44.7,-45.45,-37.56,37210,Weakening,Good,48.11%,0.73,4.43,5.09,32%
PRIM,"Primoris Services Corp","Building - Heavy Construction",76.91,-0.29%,5,Sell,"88% Sell",-27.72,-40.30%,97.19,80.45,115.44,75.04,48.77,-56.81,-51.48,1415567,Weakening,Strong,68.80%,0.95,71.57,78.52,77%
ONIT,"Onity Group Inc","Finance - Mortgage & Rel Svs",31.71,-0.25%,1,Sell,"100% Sell",-28.40,-26.10%,37.29,36.91,38.7,34.26,30.41,-42.61,-44.18,67963,Strongest,Strong,4.72%,0.97,32.13,36.39,-10%
KROS,"Keros Therapeutics Inc","Medical - Biomedical",11.48,+2.59%,3,Buy,"8% Buy",-28.45,-26.22%,10.88,10.78,11.36,11.18,56.43,-42.73,-57.04,360181,Average,Weak,58.77%,0.62,10.77,11.58,87%
AMRC,"Ameresco Inc","Other Alt Energy",24.08,+1.39%,8,Hold,"64% Sell",-28.45,-21.84%,26.54,23.51,26.89,22.76,53.51,-38.35,-31.22,587482,Weakest,Average,75.04%,0.66,21.19,24.33,92%
SGA,"Saga Communications","Broadcast - Radio & TV",9,+1.24%,2,Sell,"88% Sell",-28.72,-25.12%,9.33,9.11,10.1,8.98,48.54,-41.63,-34.83,13753,Weakening,Good,43.92%,0.33,8.67,9.3,53%
BRID,"Bridgford Foods Corp","Food - Misc & Diversified",5.89,+2.70%,4,Sell,"100% Sell",-29.25,-26.77%,6.73,6.21,7,6.01,43.46,-43.28,-37.85,3782,Strengthening,Maximum,22.83%,0.24,5.72,6.29,30%
KRMD,"Koru Medical Systems Inc","Medical Information Systems",3.23,0.00%,4,Sell,"88% Sell",-29.69,-22.36%,3.84,3.56,4.03,3.21,41.35,-38.87,-57.84,180449,Weakening,Average,43.18%,1.19,3.12,3.31,59%
INFQ,"Infleqtion Inc","Computer - Integrated Systems",13.96,+5.52%,4,Buy,"24% Buy",-29.77,+14.71%,12.77,11.81,12.53,13.18,58.04,-1.8,-23.94,8820951,Average,Minimum,65.35%,1.11,12.18,14.18,89%
SSYS,"Stratasys Ltd","Printing - Commercial",7.91,-1.13%,7,Sell,"88% Sell",-29.79,-24.88%,8.48,8.13,8.55,7.76,49.56,-41.39,-22.3,889325,Strengthening,Average,72.18%,1.41,7.43,8.09,73%
OWLT,"Owlet Inc","Electronics Products - Misc",4.98,+5.06%,2,Sell,"88% Sell",-29.80,-39.05%,5.33,5.32,5.88,4.89,49.07,-55.56,-82.67,270840,Weakening,Average,34.44%,0.94,4.5,5.27,62%
RDDT,"Reddit Cl A","Internet - Software",158.73,+5.22%,4,Sell,"56% Sell",-30.07,-39.98%,165.99,163.06,158.72,154.47,51.39,-56.49,-44.38,5340240,Weakest,Weak,46.97%,0.86,144.86,164.08,72%
WTF,"Waton Financial Limited","Finance - Misc Services",2.54,+0.79%,1,Sell,"100% Sell",-30.14,-62.48%,3.05,2.83,3.31,2.71,42.61,-78.99,-36.46,60434,Strengthening,Average,32.65%,0.33,2.41,3,22%
RDCM,"Radcom Ltd","Computer - Networks",10.4,+0.29%,5,Hold,"64% Sell",-30.40,-28.47%,12.7,11.03,12.49,10.15,50.01,-44.98,-33.92,140518,Weakening,Strong,47.28%,0.44,9.79,10.52,83%
AMTX,"Aemetis Inc",Biofuels,2.09,-3.24%,5,Buy,"8% Buy",-30.63,-13.99%,2.01,1.76,2.1,1.91,60.71,-30.5,36.93,1226577,Weakening,Minimum,69.37%,1.62,1.72,2.1,98%
CHKP,"Check Point Software",Security,134.25,+1.16%,5,Buy,"8% Sell",-30.83,-32.12%,129.68,132.29,136.02,134.48,50.74,-48.63,-41.08,1324451,Weakest,Weak,43.87%,0.76,128.29,140.67,48%
SMSI,"Smith Micro Software","Computer - Software",2.68,-0.74%,1,Sell,"72% Sell",-30.91,-33.45%,3.2,2.78,3.27,2.87,38.38,-49.96,-14.21,78511,Strengthening,Average,38.53%,0.53,2.71,3.04,-9%
BRAI,"Braiin Limited","IT Services",5.64,+1.26%,3,Hold,N/A,-31.11,N/A,6.6,5.61,6.84,5.53,51.53,N/A,N/A,N/A,N/A,N/A,50.19%,0.08,5.25,5.81,69%
SPCE,"Virgin Galactic Holdings Inc","Aerospace - Defense",3.31,+7.82%,4,Buy,"24% Buy",-31.21,+0.61%,3.13,2.9,2.96,3,61.93,-15.9,-10.31,13825429,Average,Minimum,79.23%,0.98,2.8,3.19,130%
WOLF,"Wolfspeed Inc","Machinery - General Industrial",27.71,+8.28%,7,Sell,"56% Sell",-31.30,N/A,38.89,27.54,32.71,26.06,52.31,N/A,45.73,3952497,Weakening,Weak,39.37%,0.72,23.07,29.06,78%
MMLP,"Martin Midstrm LP","Transportation - Ship",2.17,+2.36%,2,Sell,"100% Sell",-31.52,-27.42%,2.41,2.33,2.52,2.25,43.02,-43.93,-30.29,21677,Strengthening,Strong,27.38%,1.31,2.11,2.39,21%
FIRY,"Firy Inc","Conglomerates - Div Operations",10.7,+3.48%,5,Buy,"100% Buy",-31.79,+46.37%,8.96,9.58,7.15,9.98,62.35,29.86,134.83,581051,Strongest,Strong,89.71%,0.15,9.29,10.67,102%
LFWD,"Lifeward Ltd","Medical Services",7,+1.16%,4,Sell,"24% Sell",-31.89,+3.63%,7.26,7.36,7.03,7.21,43.6,-12.88,-12.26,20785,Weakest,Minimum,14.77%,0.32,6.8,7.62,25%
EVAX,"Evaxion A/S ADR","Medical Information Systems",3.21,-1.83%,2,Buy,"40% Sell",-31.97,+4.02%,3.42,3.08,3.54,3.15,53.71,-12.49,-46.13,97769,Weakest,Weak,77.07%,0.15,2.91,3.38,64%
AAP,"Advance Auto Parts Inc","Retail - Wholesale Auto Parts",41.01,-3.62%,3,Sell,"88% Sell",-32.06,-30.14%,53.67,50.22,53.69,43.12,34.18,-46.65,-9.08,1892480,Strongest,Strong,13.27%,0.98,41.21,45.03,-5%
BW,"Babcock & Wilcox Enterprises","Electrical Power",7.34,-0.27%,1,Sell,"72% Sell",-32.09,+124.46%,12.53,8.74,12.97,7.33,44.14,107.95,2.34,3998636,Weakening,Good,48.73%,0.7,6.68,7.98,51%
SUNS,"Sunrise Realty Trust","Real Estate Operations",7.25,-0.82%,1,Sell,"100% Sell",-32.66,-34.68%,7.95,7.72,8.11,7.45,34.91,-51.19,-36.55,97584,Strongest,Strong,31.47%,1.55,7.25,7.65,0%
KD,"Kyndryl Holdings","Technology Services",12.2,+1.08%,5,Sell,"40% Sell",-32.85,-61.08%,12.48,12.93,12.63,12.98,41.88,-77.59,-67.5,4256067,Weakest,Weak,16.34%,0.85,12.24,13.71,-3%
KOSS,"Koss Corp","Audio & Video Products",3.47,-3.34%,3,Sell,"96% Sell",-32.92,-38.80%,3.82,3.62,3.89,3.47,46.56,-55.31,-29.61,27204,Strengthening,Good,65.71%,1.15,3.35,3.59,49%
HLI,"Houlihan Lokey","Finance - Misc Services",132.61,+1.58%,6,Buy,"72% Sell",-33.15,-36.47%,138.34,132.99,143.02,133.3,49.29,-52.98,-37.3,694784,Weakest,Average,23.51%,0.99,127.87,138.72,44%
OFRM,"Once Upon A Farm Pbc","Food - Misc & Diversified",16.4,-0.97%,3,Sell,N/A,-33.17,N/A,17.05,16.91,17.55,16.92,44.58,N/A,N/A,N/A,N/A,N/A,40.53%,0.6,15.89,17.95,25%
RWAY,"Runway Growth Finance Corp","Finance - SBIC & Commercial",6.69,0.00%,3,Buy,"24% Buy",-33.36,-36.71%,6.17,6.25,6.51,6.61,57.72,-53.22,-38.51,542518,Weakening,Minimum,66.10%,0.37,6.49,6.73,83%
MRDN,"Meridian Holdings Inc",Gaming,13.8,-1.57%,1,Buy,"88% Buy",-33.42,+15.89%,13.01,13.69,11.19,13.82,49.8,-0.62,30.18,48104,Weakest,Average,64.83%,0.53,13.24,14.4,48%
PLUG,"Plug Power Inc","Electronics Products - Misc",2.09,0.00%,4,Sell,"88% Sell",-33.45,-4.13%,2.66,2.15,2.57,2.14,45.71,-20.64,-7.34,76388547,Strengthening,Average,34.29%,0.62,2,2.28,33%
WRBY,"Warby Parker Inc Cl A","Consumer Prdts - Misc Staple",23.25,+3.33%,1,Sell,"56% Sell",-33.52,-18.36%,25.9,25.67,25.05,24.51,41.8,-34.87,-6.73,3336297,Strengthening,Weak,21.85%,1.55,22.66,26.36,16%
ASLE,"Aersale Corp","Aerospace - Defense Equipment",5.47,0.00%,3,Sell,"100% Sell",-33.72,-34.41%,6.14,5.84,6.35,5.54,42.33,-50.92,-36.5,347547,Average,Strong,33.33%,1.02,5.3,5.78,36%
ADNT,"Adient Plc","Auto - Truck Original Parts",17.46,-1.24%,2,Sell,"100% Sell",-33.76,-29.00%,20.37,19.55,20.8,18.73,38.23,-45.51,-22.35,1027619,Strongest,Strong,12.76%,1.05,17.57,19.9,-5%
ATS,"Ats Corp Cda","Machinery - General Industrial",19.16,-0.93%,3,Sell,"100% Sell",-33.81,-31.23%,26.22,22.29,27.79,19.29,38.65,-47.74,-43.86,184346,Strengthening,Maximum,64.63%,0.68,18.73,19.85,38%
NABL,"N-Able Inc","Technology Services",3.92,+2.08%,5,Sell,"80% Sell",-34.32,-52.20%,3.99,4.09,4.27,3.92,49.79,-68.71,-61.02,1868720,Weakening,Soft,49.65%,1.24,3.64,4.19,50%
LFVN,"Lifevantage Corp","Medical - Dental Suppliers",6.22,-2.05%,2,Sell,"8% Sell",-35.07,-41.49%,6.53,6.41,5.91,6.35,45.12,-58.,-12.46,246544,Weakest,Minimum,38.13%,0.52,5.93,6.76,35%
BLDP,"Ballard Power Sys","Utility - Electric Power",2.22,+2.30%,4,Sell,"88% Sell",-35.08,-18.98%,3.47,2.52,3.15,2.25,41.13,-35.49,-26.03,5211621,Average,Average,28.72%,0.46,2.1,2.4,40%
LAW,"CS Disco Inc","Internet - Software",4.21,+1.20%,5,Hold,"16% Buy",-35.31,-34.12%,4,4.17,3.98,4.22,50.35,-50.63,-59.18,314929,Weakening,Minimum,42.22%,0.63,4.01,4.43,48%
LPA,"Logistic Properties of The Americas","Real Estate Operations",3.15,+0.32%,2,Hold,"24% Buy",-35.33,-50.00%,3.2,3.11,3.14,3.11,51.14,-66.51,1.95,148203,Weakening,Minimum,31.77%,0.56,2.92,3.3,60%
SPOK,"Spok Holdings Inc","Wireless National",10.43,+0.38%,4,Sell,"88% Sell",-35.40,-40.13%,10.71,10.74,11.08,10.58,42.75,-56.64,-34.35,171313,Weakening,Soft,19.59%,0.83,10.32,10.84,21%
SATL,"Satellogic Inc Cl A","Satellite Communication",5.58,+9.20%,3,Buy,"8% Buy",-35.48,+52.46%,5.95,4.74,5.61,5.01,57.36,35.95,184.97,8353357,Weakest,Minimum,75.63%,1.13,4.42,5.61,98%
ENPH,"Enphase Energy Inc",Solar,34.76,+0.35%,4,Sell,"88% Sell",-35.53,-9.53%,44.22,38.52,42.67,36.64,39.32,-26.04,-4.97,6435883,Strongest,Average,19.77%,1.24,34.28,39,10%
LZ,"Legalzoom.com Inc","Industrial Services",5.95,+0.68%,6,Sell,"72% Sell",-35.80,-45.66%,6.42,6.58,6.38,6.08,45.06,-62.17,-53.51,2905674,Average,Soft,21.79%,0.92,5.73,6.44,31%
LSF,"Laird Superfood Inc","Food - Misc & Diversified",3.63,-3.97%,3,Sell,"8% Buy",-35.81,-40.49%,3.95,4.12,3.5,3.92,41.2,-57.,50.08,75721,Weakest,Minimum,33.33%,0.59,3.58,4.25,7%
EVLV,"Evolv Technologies Hldgs Inc","IT Services",4.93,-1.60%,3,Sell,"100% Sell",-36.07,-38.61%,5.83,5.44,5.81,5.09,38.07,-55.12,-44.58,2675434,"Top 1%",Strong,31.01%,1.13,4.85,5.33,16%
TE,"T1 Energy Inc",Solar,4.45,+6.71%,5,Sell,"100% Sell",-36.10,+128.21%,6.52,4.96,6.37,4.51,46.26,111.7,-46.81,26547773,Average,Good,23.77%,0.54,3.99,5.03,44%
OLLI,"Ollies Bargain CS","Consumer Prdts - Misc Staple",79.71,+5.10%,4,Buy,"24% Sell",-36.52,-42.02%,75.56,73.36,83.39,74.56,59.38,-58.53,-40.71,1627583,Weakening,Weak,77.43%,1.16,70.41,78.71,112%
DTST,"Data Storage Corp","Internet - Services",2.88,+3.23%,4,Sell,"100% Sell",-37.18,-37.12%,3.41,3.12,3.6,2.97,43.35,-53.63,-57.18,36510,Strengthening,Maximum,24.51%,1.03,2.81,3.12,21%
UTI,"Universal Technical Institute Inc",Schools,20.72,-3.49%,3,Sell,"88% Sell",-37.63,-26.76%,34.93,29.17,35.23,21.24,33.33,-43.27,-34.13,1075139,Strengthening,Strong,47.23%,2.71,19.99,22.49,29%
TIC,"Tic Solutions Inc","Technology Services",9.24,+1.99%,5,Hold,"48% Buy",-37.65,-35.83%,8.63,8.69,8.49,9.39,50.61,-52.34,-22.04,2371509,Average,Weak,25.98%,0.45,8.89,9.9,35%
BOLT,"Bolt Biotherapeutics Inc","Medical - Biomedical",3.59,+0.84%,5,Sell,"100% Sell",-37.74,-31.36%,4.19,3.82,4.33,3.82,45.33,-47.87,-47.78,30780,Average,Strong,29.30%,0.77,3.46,4.18,18%
PSFE,"Paysafe Ltd","Financial Transaction Services",6.48,+4.01%,2,Sell,"96% Sell",-38.06,-53.25%,7.49,7.23,7.43,6.5,46.43,-69.76,-33.33,398925,Average,Soft,26.05%,1.19,6.06,6.93,48%
OLN,"Olin Corp","Chemical - Diversified",16.54,-1.78%,1,Sell,"100% Sell",-38.13,-31.51%,21.9,19.15,23.37,17.24,34.55,-48.02,-34.03,2900201,Strongest,Maximum,13.59%,0.89,16.62,17.85,-7%
AIOT,"Powerfleet Inc","Internet - Software",2.85,-1.04%,2,Sell,"100% Sell",-38.29,-46.63%,3.58,3.44,3.48,2.98,36.16,-63.14,-59.86,1605106,Strongest,Average,16.87%,1.06,2.88,3.09,-14%
IMA,"Imagenebio Inc","Medical - Biomedical",4.81,-1.64%,1,Sell,"100% Sell",-38.38,-41.70%,5.61,5.47,5.68,5.09,34.66,-58.21,-43.72,130228,Strongest,Average,28.75%,1.7,4.63,5.55,19%
AMSC,"Amer Superconductor","Electronics - Misc Components",30.24,+0.17%,6,Sell,"72% Sell",-38.43,-50.87%,38.48,30.74,37.28,29.05,52.05,-67.38,-8.36,1017149,Weakening,Average,70.00%,0.8,27.38,30.73,85%
NEUP,"Neuphoria Therapeutics Inc","Medical - Biomedical",3.71,+0.27%,1,Sell,"88% Sell",-38.46,-63.25%,4.21,3.76,4.32,3.77,42.17,-79.76,-17.81,96566,Average,Weak,15.12%,0.09,3.66,3.89,23%
CPSH,"Cps Technologies","Electronics - Misc Components",4.09,+1.74%,7,Sell,"72% Sell",-38.47,+18.55%,5.13,4.13,4.87,3.9,52.11,2.04,18.93,757515,Weakening,Soft,80.09%,0.8,3.69,4.12,93%
XNET,"Xunlei Ltd ADR","Internet - Services",5,+1.01%,5,Sell,"88% Sell",-38.58,-35.40%,5.4,5.2,5.6,4.92,50.55,-51.91,-42.91,280940,Weakening,Average,59.51%,1.25,4.78,5.06,77%
TTGT,"Techtarget Inc.","Technology Services",3.84,0.00%,6,Buy,"88% Sell",-38.75,-42.94%,4.2,3.91,4.19,3.87,47.07,-59.45,-42.32,429378,Average,Soft,36.11%,0.63,3.73,4.01,38%
WFF,"Wf Holding Limited","Containers - Paper Products",2.22,+0.45%,2,Sell,"24% Buy",-39.14,-51.18%,2.13,2.12,2.02,1.99,56.79,-67.69,-16.91,895919,Weakening,Minimum,51.58%,0.04,1.76,2.22,100%
INTR,"Inter Cl A","Finance - Misc Services",5.57,+4.11%,5,Buy,"40% Sell",-39.25,-36.63%,5.76,5.5,6.6,5.56,51.57,-53.14,-47.75,4369640,Weakest,Average,21.41%,0.7,5.27,5.86,51%
DUKR,"Duke Robotics Corp","Aerospace - Defense",5.47,+0.18%,4,Sell,"72% Sell",-39.73,-38.02%,6.36,5.44,7.1,5.5,49.94,-54.53,-24.16,16194,Weakening,Average,38.44%,0.13,5.16,5.84,45%
CSPI,"C S P Inc","Computer - Integrated Systems",7.52,-0.40%,7,Sell,"100% Sell",-39.77,-43.50%,8.49,7.94,8.61,7.83,39.82,-60.01,-53.27,23976,Strongest,Good,10.68%,1.18,7.44,8.23,10%
PLBL,"Polibeli Group Ltd Cl A",Unclassified,6.37,+15.40%,4,Hold,"64% Sell",-40.16,-29.22%,6.81,6.26,7.31,5.66,58.82,-45.73,-55.31,106787,Weakening,Good,61.67%,1.84,5.18,6.14,123%
EBON,"Ebang International Holdings Cl A","Machinery - Tools & Related",2.2,+1.85%,2,Hold,"8% Sell",-40.62,-56.52%,2.15,2.09,2.2,2.18,54.64,-73.03,-41.53,8660,Weakening,Minimum,36.89%,3.81,1.99,2.37,56%
ARBB,"Arb Iot Group Limited","Internet - Software",4.4,-4.86%,1,Hold,"56% Sell",-40.78,-29.60%,4.63,4.34,4.61,4.4,49.82,-46.11,-37.31,36278,Average,Soft,70.76%,0.29,4.13,4.68,49%
AAON,"Aaon Inc","Building Prdcts - Air Heating",76.4,-0.47%,3,Sell,"88% Sell",-40.80,-16.56%,107,87.94,101.6,76.86,40.92,-33.07,-13.23,1054324,Strengthening,Good,38.45%,0.74,73.59,80.13,43%
HDSN,"Hudson Tech Inc","Industrial Services",5.19,+0.39%,1,Sell,"88% Sell",-41.12,-47.36%,5.65,5.71,5.88,5.3,40.93,-63.87,-37.66,439280,Average,Average,17.70%,1.01,5.07,5.54,26%
AMPG,"Amplitech Group","Communications Components",3.39,-0.29%,3,Sell,"56% Sell",-41.14,-28.33%,4.97,4.58,4.09,3.43,38.71,-44.84,-0.05,2123576,Average,Weak,45.77%,0.41,3.21,3.65,41%
LAES,"Sealsq Corp","Electronics - Semiconductors",2.36,+5.36%,3,Sell,"100% Sell",-42.00,-44.99%,2.81,2.5,2.94,2.4,46.13,-61.5,-51.,11581936,Average,Good,35.50%,0.54,2.2,2.6,40%
CVRX,"Cvrx Inc","Medical Instruments",2.97,-2.30%,2,Sell,"100% Sell",-42.01,-58.58%,4.78,3.78,5.81,3.02,41.96,-75.09,-71.6,467477,Strengthening,Strong,63.86%,0.31,2.77,3.27,40%
JWEL,"Jowell Global Ltd","Internet Commerce",2.33,+2.19%,3,Hold,"16% Buy",-42.31,+31.64%,2.32,2.27,2.32,2.29,50.9,15.13,-12.13,453762,Weakening,Minimum,40.92%,0.08,2.02,2.55,58%
SIDU,"Sidus Space Inc Cl A","Aerospace - Defense",2.07,+5.08%,4,Sell,"88% Sell",-42.63,+91.67%,2.84,2.11,2.85,2.1,46.59,75.16,-47.51,22331189,Average,Average,34.56%,0.95,1.88,2.32,43%
VHC,"Virnetx Holding Corp","Internet - Software",12.95,+7.92%,3,Sell,"72% Sell",-42.87,-26.04%,13,12.73,13.83,11.89,56.63,-42.55,-35.84,34215,Weakest,Soft,72.91%,2.62,10.73,13.06,95%
ROC,"Rank One Computing Corp","Internet - Software",4.24,+2.17%,2,Sell,N/A,-43.06,N/A,4.81,4.46,0,4.24,47.13,N/A,N/A,N/A,N/A,N/A,44.82%,1.16,4.02,4.46,51%
XBP,"Xbp Global Holdings Inc","Internet - Software",3.29,-5.46%,6,Buy,"8% Buy",-43.14,-71.14%,2.71,2.94,3.4,2.96,59.37,-87.65,-65.12,20774,Weakening,Minimum,74.44%,0.46,2.59,3.34,94%
SLDP,"Solid Power Inc Cl A","Auto - Truck Original Parts",2.48,+0.40%,7,Buy,"40% Sell",-43.17,-40.53%,2.63,2.33,2.84,2.43,53.81,-57.04,-55.08,5274101,Weakest,Weak,61.51%,0.98,2.27,2.59,66%
ODYS,"Odysight.Ai Inc","Technology Services",3.35,+1.21%,3,Sell,"100% Sell",-43.24,-15.19%,4.21,4.03,4.76,3.55,38.08,-31.7,-11.91,240915,Strengthening,Good,5.06%,0.18,3.22,3.87,20%
GIBO,"Gibo Holdings Limited Cl A","Media Conglomerates",33.31,-0.36%,3,Buy,"8% Buy",-43.27,-55.59%,31.65,29.99,33.05,32.34,57.01,-72.1,-48.28,13059,Weakening,Minimum,59.65%,0.72,30.11,34.56,72%
PDYN,"Palladyne AI Corp","Technology Services",5.65,-0.53%,3,Hold,"80% Sell",-44.22,-28.48%,6.1,5.67,6.33,5.72,46.25,-44.99,19.2,2387575,Strengthening,Weak,51.71%,1.03,5.43,6.02,38%
NYC,"American Strategic Investment CO","Real Estate Operations",5.97,+2.05%,2,Sell,"100% Sell",-44.24,-36.96%,8.04,7.44,8.18,6.22,34.86,-53.47,-41.41,21469,Strengthening,Strong,33.06%,0.71,5.82,6.62,18%
VTSI,"Virtra Systems Inc","Electronics - Military",2.9,-1.69%,2,Sell,"100% Sell",-44.25,-46.00%,3.28,3.05,3.61,2.99,41.88,-62.51,-44.38,50289,Strengthening,Strong,20.99%,0.39,2.85,3.14,17%
PTLE,"Ptl Ltd","Transportation - Services",7.25,+1.40%,3,Sell,"32% Sell",-44.27,-52.08%,7.25,8.6,7.36,7.3,46.45,-68.59,-22.9,90450,Weakest,Minimum,13.46%,0.07,6.61,7.98,46%
SCOR,"Comscore Inc","Business Services",4.87,-1.81%,2,Sell,"100% Sell",-44.41,-25.08%,6.71,6.18,6.88,5.05,36.26,-41.59,-38.51,26708,Strongest,Maximum,28.47%,1.12,4.79,5.32,15%
KMPR,"Kemper Corp","Insurance - Multi Line",26.55,+0.26%,5,Sell,"96% Sell",-44.61,-48.77%,27.91,27.91,29.09,27.57,42.71,-65.28,-47.94,991623,Average,Soft,27.11%,0.83,26.36,28.78,8%
GBFH,"Gbank Finl Hldgs","Banks - Southwest",19.19,+1.43%,2,Sell,"100% Sell",-44.79,-53.22%,26.38,23.18,27.15,19.95,32.66,-69.73,-56.81,71676,Strengthening,Maximum,14.52%,0.57,18.86,21.03,15%
AMBO,"Ambow Education Holding Ltd ADR",Schools,2.105,+3.46%,7,Sell,"80% Sell",-44.85,-46.84%,2.25,2.11,2.2,2.07,51.66,-63.35,-37.16,93279,Average,Weak,56.21%,0.2,1.98,2.15,72%
GFUZ,"General Fusion Group Ltd","Machinery - General Industrial",7.98,+0.38%,5,Sell,"88% Sell",-45.27,N/A,9.3,8.32,9.63,7.77,49.75,N/A,-34.81,313762,Weakening,Strong,44.01%,0.16,6.86,8.68,61%
RUN,"Sunrun Inc",Solar,8.79,+3.05%,3,Sell,"88% Sell",-45.36,-46.98%,11.68,9.77,12.39,8.75,45.91,-63.49,-65.66,8994818,Weakening,Strong,41.05%,0.96,8.19,9.32,53%
AMPX,"Amprius Technologies Inc","Technology Services",9.61,+1.16%,4,Sell,"88% Sell",-45.38,-18.35%,13.55,10.29,14.51,9.72,44.81,-34.86,8.37,7586952,Average,Good,43.09%,0.76,8.95,10.49,43%
FLY,"Firefly Aerospace Inc","Aerospace - Defense",22.83,+8.85%,1,Sell,"56% Sell",-45.43,-49.50%,29,22.22,28.72,21.55,52.91,-66.01,-11.4,4930835,Weakening,Soft,58.57%,0.91,19.97,23.14,90%
CURI,"Curiositystream Inc","Movie & TV Production & Dist",2.84,+2.16%,2,Buy,"24% Sell",-45.73,-46.11%,2.76,2.72,2.92,2.75,53.07,-62.62,-38.69,667257,Weakest,Weak,54.79%,0.34,2.55,2.94,75%
DRIO,"Dario Health Corp","Medical Instruments",7.07,-1.81%,2,Sell,"88% Sell",-46.16,+7.12%,7.29,7.16,7.77,7.02,50.06,-9.39,-51.3,18110,Weakening,Average,52.39%,1.15,6.58,7.45,56%
HCKT,"Hackett Grp Inc",Consulting,10.29,-0.87%,2,Sell,"72% Sell",-46.16,-48.08%,10.86,10.8,11.74,11.02,38.64,-64.59,-61.01,329233,Average,Average,9.43%,0.47,10.46,11.58,-16%
CCB,"Coastal Financial Corp","Banks - West",45.14,-1.81%,8,Sell,"100% Sell",-46.17,-60.27%,63.81,54.6,68.97,47.42,36.89,-76.78,-74.04,178652,Strongest,Strong,14.82%,0.43,44.82,50.02,6%
WBX,"Wallbox N.V. Cl A","Electronics Products - Misc",3.055,+1.83%,6,Hold,"32% Sell",-46.77,-26.56%,3.37,3.41,3.22,3.09,46.02,-43.07,17.13,67150,Weakest,Minimum,14.88%,0.94,2.76,3.41,45%
PW,"Power REIT","REIT - Equity Trust Other",6.9,-0.43%,1,Sell,"100% Sell",-46.85,-25.95%,8.12,7.98,8.19,7.28,39.89,-42.46,-34.6,11132,Strongest,Average,32.88%,0.09,6.55,8.01,24%
LVO,"Liveone Inc","Audio & Video Products",3.26,+5.50%,3,Sell,"88% Sell",-47.03,-36.65%,5.06,4.18,5.05,3.64,37.56,-53.16,-44.36,82118,Strengthening,Maximum,16.67%,0.99,3.1,4.19,15%
TRAK,"Repositrak Inc","Internet - Software",8.25,+0.73%,4,Hold,"80% Sell",-47.13,-53.20%,8.99,8.33,8.7,8.05,51.58,-69.71,-46.74,105757,Weakening,Weak,71.50%,1.04,7.68,8.43,76%
REZI,"Resideo Technologies Inc","Protection - Safety",18.81,+2.40%,1,Sell,"100% Sell",-47.24,-55.25%,28.99,25.49,31.53,19.25,34.71,-71.76,-59.87,1613510,Average,Maximum,15.95%,0.94,18.29,20.22,27%
STNE,"Stoneco Ltd Cl A","Internet - Software",9.71,+1.89%,4,Sell,"100% Sell",-47.43,-49.95%,10.58,10.33,11.92,9.85,45.34,-66.46,-47.78,5411319,Weakening,Good,15.68%,0.82,9.34,10.36,36%
FULC,"Fulcrum Therapeutics Inc","Medical - Biomedical",3.8,+1.06%,4,Hold,"64% Sell",-47.50,-48.58%,4.42,3.76,5.63,3.83,48.7,-65.09,-79.83,1731293,Weakest,Average,17.17%,0.47,3.75,3.9,32%
ARQ,"Arq Inc","Chemical - Specialty",2.02,-1.46%,1,Sell,"88% Sell",-48.10,-72.55%,2.33,2.14,2.42,2.15,39.96,-89.06,-51.66,477081,Strengthening,Soft,16.57%,0.65,2,2.3,5%
EGG,"Enigmatig Limited Cl A","Business Services",2.85,+10.47%,2,Sell,"72% Sell",-48.30,-49.11%,5.74,3.85,5.8,2.82,43.19,-65.62,-59.14,170770,Weakening,Strong,20.26%,0.05,2.51,3.13,54%
INOD,"Innodata Inc","Engineering & R&D Services",61.05,+6.84%,1,Hold,"32% Sell",-48.90,-13.49%,72.49,59.97,62.62,55.96,57.34,-30.,6.39,1411886,Weakening,Minimum,82.25%,1.47,52.26,59.67,119%
CNTN,"Canton Strategic Holdings Inc","Finance - Misc Services",2.44,+6.09%,4,Buy,"40% Sell",-49.00,-32.22%,2.56,2.11,3,2.21,62.94,-48.73,-32.9,801773,Weakest,Average,69.56%,1.06,2,2.42,105%
ASPS,"Altisource Portfolio","REIT - Mortgage Trusts",5.68,-0.87%,3,Hold,"80% Sell",-49.41,-49.38%,6.23,5.75,6.37,5.64,49.48,-65.89,-31.7,23737,Weakening,Weak,59.22%,0.44,5.44,5.84,60%
LRMR,"Larimar Therapeutics Inc","Medical - Drugs",3.83,+1.06%,2,Sell,"40% Sell",-49.69,-8.81%,3.8,3.97,4.08,3.92,45.95,-25.32,-12.91,2415407,Weakening,Weak,22.70%,0.5,3.69,4.16,30%
WXM,"Wf International Limited","Machinery - Electrical",4.23,+7.36%,2,Buy,"48% Sell",-49.71,-88.05%,4.3,4.06,4.47,4.23,50.82,-104.56,-30.49,268888,Weakest,Weak,31.87%,0.02,3.62,4.84,50%
GGR,"Gogoro Inc","Technology Services",2.8,-0.71%,1,Sell,"88% Sell",-49.93,-56.92%,3.41,2.83,3.5,2.67,54.03,-73.43,-11.24,22738,Average,Average,89.72%,0.11,2.45,2.9,77%
HURA,"Tuhura Biosciences Inc","Medical - Biomedical",2.18,+3.81%,2,Sell,"24% Buy",-49.94,-16.48%,2.25,2.16,2.14,2.09,54.79,-32.99,174.66,927479,Weakening,Weak,62.41%,0.96,1.99,2.18,98%
KLAR,"Klarna Group Plc","Financial Transaction Services",13.68,-0.87%,3,Sell,"88% Sell",-49.95,-68.19%,16.91,16.83,15.96,14.13,33.39,-84.7,-66.11,5463478,Strongest,Average,21.51%,0.84,13.61,14.65,7%
ACCS,"Access Newswire Inc","Media Conglomerates",5.005,-4.30%,4,Sell,"100% Sell",-50.00,-50.54%,6.31,5.81,6.77,5.16,43.63,-67.05,-59.61,19586,Strengthening,Strong,35.34%,0.18,4.72,5.6,32%
EQPT,"Equipmentshare.com Inc","Industrial Services",18.17,+0.78%,4,Sell,N/A,-50.06,N/A,19.83,18.65,21.4,18.14,47.99,N/A,N/A,N/A,N/A,N/A,41.71%,1.08,16.9,19.38,51%
ASTI,"Ascent Solar Technologies",Solar,2.92,+1.39%,4,Sell,"96% Sell",-50.13,+35.81%,4.32,3.11,4.59,2.92,45.28,19.3,-42.38,1748853,Average,Good,33.47%,0.53,2.7,3.14,50%
DOCS,"Doximity Inc Cl A","Medical Information Systems",26.84,+2.80%,4,Buy,"40% Buy",-50.33,-63.14%,22.88,24.1,23.33,25.82,58.38,-79.65,-52.82,3964054,Strengthening,Minimum,75.83%,0.54,24.11,27.54,80%
ALMU,"Aeluma Inc","Electronics - Semiconductors",13.61,+6.95%,3,Sell,"72% Sell",-50.57,-30.17%,19.13,15.02,17.84,13.16,48.02,-46.68,-34.16,884995,Average,Average,55.80%,1.85,12,14.32,70%
SSII,"Ss Innovations International Inc","Technology Services",3.29,+0.92%,2,Sell,"100% Sell",-50.95,-42.68%,3.69,3.58,4.03,3.37,41.06,-59.19,-55.51,72102,Average,Average,12.50%,1.26,3.17,3.56,31%
AVD,"American Vanguard Corp","Chemical - Specialty",2.06,-5.07%,4,Sell,"100% Sell",-51.19,-61.85%,2.56,2.35,2.85,2.22,37.44,-78.36,-59.5,303908,Strongest,Good,14.97%,1.22,2.09,2.36,-10%
NXB,"Nextboat Inc","Technology Services",2.08,-7.56%,6,Buy,"72% Sell",-51.20,N/A,2.23,2.09,2.36,2.19,44.89,N/A,-13.91,62380,Average,Good,39.17%,0.49,1.99,2.39,23%
ATTT,"Atlas Trinity Tech Limited","Retail - Consumer Electronics",2.95,-0.34%,3,Hold,"64% Sell",-51.46,-63.85%,2.99,2.83,3.28,2.77,54.96,-80.36,36.32,74682,Weakening,Weak,22.44%,0.19,2.48,3.06,80%
SRAD,"Sportradar Group Ag Cl A","Internet - Software",12.54,+3.47%,2,Sell,"100% Sell",-51.53,-58.39%,13.84,13.45,15,12.81,44.3,-74.9,-60.67,2761382,Strengthening,Average,17.53%,0.55,12.18,13.45,28%
BXBL,"Boxabl Inc","Real Estate Developers",4.19,-0.48%,2,Sell,"88% Sell",-51.69,-57.93%,7.68,5.06,8.49,4.15,43.88,-74.44,-71.7,168786,Average,Strong,49.53%,0.35,3.82,4.48,56%
AEYE,"Audioeye Inc","Internet - Software",6.92,-5.72%,3,Buy,"8% Sell",-51.93,-47.69%,6.93,6.82,6.78,7.41,45.47,-64.2,-44.16,156379,Weakest,Minimum,26.35%,1.61,6.81,8.02,9%
LI,"Li Auto Inc ADR","Auto - Foreign",11.52,-5.11%,1,Sell,"100% Sell",-52.28,-55.26%,13.72,12.44,15.15,12.06,40.18,-71.77,-45.39,3764744,Strongest,Good,31.20%,1.56,11.56,12.55,-5%
IONQ,"Ionq Inc","Computer - Integrated Systems",40.51,+3.53%,2,Hold,"48% Sell",-52.42,-42.47%,47.14,39.21,43.1,39.08,52.19,-58.98,-23.15,23784484,Weakening,Weak,52.95%,0.72,35.69,42.48,71%
ARRY,"Array Technologies Inc",Solar,4.07,+0.25%,3,Sell,"100% Sell",-52.45,-49.57%,6.51,5.06,6.95,4.46,32.12,-66.08,-69.29,6146691,Strengthening,Maximum,16.77%,0.81,4.08,4.84,-2%
PDC,"Perpetuals.com Ltd ADR","Technology Services",3.22,+0.62%,2,Sell,"80% Sell",-52.55,+39.39%,4.72,3.22,4.94,3.02,52.22,22.88,-63.7,86728,Weakening,Strong,48.25%,0.35,2.66,3.38,78%
NIU,"Niu Technologies ADR","Auto - Truck Original Parts",2.06,-0.48%,5,Sell,"88% Sell",-52.88,-52.20%,2.33,2.22,2.63,2.01,48.95,-68.71,-45.44,423667,Weakening,Good,57.64%,2.45,1.9,2.11,76%
BESS,"Bimergen Energy Corp","Utility - Electric Power",2.8,+3.70%,3,Sell,"100% Sell",-54.41,-60.00%,3.45,3.13,3.33,2.96,42.84,-76.51,-86.76,218445,Average,Average,15.73%,1.19,2.6,3.32,27%
GEOS,"Geospace Technologie","Electronics - Measuring Inst",5.22,+2.35%,2,Sell,"88% Sell",-54.50,-73.22%,6.91,5.98,8.11,5.2,43.9,-89.73,-82.56,190791,Weakening,Average,30.87%,0.81,4.93,5.47,54%
NA,"Nano Labs Ltd ADR","Electronics - Semiconductors",2.35,+5.86%,7,Buy,"8% Buy",-54.50,-56.56%,2.05,2,2.32,2.22,58.92,-73.07,-38.83,160604,Average,Minimum,48.84%,0.49,1.97,2.47,76%
ROLR,"High Roller Technologies Inc",Gaming,6.23,+0.97%,9,Sell,"24% Buy",-54.69,+106.29%,6.28,6.22,5.85,6.2,51.43,89.78,189,1476735,Weakest,Minimum,46.46%,0.59,5.95,6.44,57%
ATHR,"Aether Holdings Inc","Technology Services",3.63,-2.94%,2,Hold,"48% Sell",-54.86,-29.38%,3.7,3.65,3.52,3.24,55.61,-45.89,-54.88,13961,Weakening,Weak,72.85%,2.26,2.76,3.71,91%
FATN,"Fatpipe Inc","Internet - Software",5.81,+1.40%,1,Hold,"80% Buy",-55.07,-34.65%,5.45,5.73,4.28,5.82,49.73,-51.16,174.19,820903,Strengthening,Average,35.65%,0.98,5.44,6.2,49%
APP,"Applovin Corp Cl A","Technology Services",330.17,+7.18%,5,Sell,"88% Sell",-55.39,-49.17%,430.41,353.66,432.3,316.61,50.19,-65.68,-64.43,5428945,Weakening,Strong,51.90%,0.99,298.44,334.79,87%
PN,"Pn Smart Energy Limited","Other Alt Energy",2.83,+1.43%,2,Sell,"72% Sell",-55.41,-82.09%,4.42,4.77,5.69,2.55,47.06,-98.6,-93.93,764702,Weakest,Weak,86.46%,0.08,2.14,2.95,85%
UAMY,"United States Antimony Corp","Mining - Non Ferrous",4.91,+6.05%,3,Sell,"100% Sell",-56.01,-24.35%,6.96,5.39,7.74,4.96,46.22,-40.86,-15.62,10658473,Average,Strong,23.45%,0.81,4.45,5.47,45%
CCOI,"Cogent Comm Hlds","Wireless National",9.29,+3.11%,4,Sell,"100% Sell",-56.29,-74.63%,13.53,10.82,16.04,9.48,44.19,-91.14,-70.34,1400679,Weakening,Average,32.80%,0.94,8.68,10.27,38%
RGTI,"Rigetti Computing Inc","Internet - Software",16.53,+4.89%,1,Sell,"72% Sell",-57.07,-42.04%,18.06,15.95,17.46,15.6,54.45,-58.55,-38.8,31146645,Weakening,Weak,63.76%,0.88,14.42,16.79,89%
YI,"111 Inc ADR","Medical Information Systems",3.64,+1.25%,3,Sell,"88% Sell",-57.64,-30.17%,4.42,3.67,5.3,3.48,52.73,-46.68,28.95,26181,Weakening,Good,73.69%,2.26,3.15,3.8,76%
GSIW,"Garden Stage Limited","Finance - Misc Services",15.46,-0.26%,1,Sell,"88% Sell",-57.98,-48.05%,24.42,19.11,23.55,15.37,44.31,-64.56,-53.6,24712,Average,Average,44.71%,0.12,13.32,17.41,52%
LIF,"Life360 Inc","Protection - Safety",41.07,+3.66%,3,Sell,"72% Sell",-58.04,-60.10%,47.82,49.14,46.61,42.68,40.69,-76.61,-49.4,989789,Weakening,Soft,11.86%,0.68,39.83,45.52,22%
LUD,"Luda Technology Group Limited","Steel - Specialty",4.12,-1.92%,3,Sell,"96% Sell",-58.23,-64.70%,4.77,4.26,4.84,4.26,40.51,-81.21,-49.26,73159,Strengthening,Average,27.56%,0.63,4.16,4.37,-19%
AEVA,"Aeva Technologies Inc","Auto - Truck Original Parts",15.28,+3.24%,1,Sell,"72% Sell",-58.50,-16.41%,19.95,17.78,18.08,15.4,43.86,-32.92,1.63,2193435,Average,Weak,44.65%,0.78,14.14,16.65,45%
EFOI,"Energy Focus Inc","Building Products - Ltg FX",2.76,+2.42%,4,Sell,"40% Sell",-59.71,-8.17%,3.19,2.89,2.91,2.8,46.25,-24.68,5.83,910450,Weakest,Minimum,31.91%,1.96,2.61,2.98,39%
NUS,"NU Skin Enterprises","Cosmetics & Toiletries",4.68,+2.18%,6,Sell,"100% Sell",-59.81,-61.29%,5.36,4.95,6.12,4.76,44.89,-77.8,-64.78,580247,Weakening,Good,18.69%,1.06,4.55,4.96,32%
UONEK,"Urban One Inc","Broadcast - Radio & TV",3.92,-1.03%,1,Sell,"100% Sell",-60.28,-49.88%,4.77,4.61,5.45,4.24,37.43,-66.39,-67.8,29651,Strongest,Strong,17.41%,0.05,3.85,4.62,9%
WING,"Wingstop Inc","Retail - Restaurants",107.33,+3.12%,3,Sell,"100% Sell",-60.57,-57.67%,135.73,121.17,157.79,109.88,43.58,-74.18,-68.43,1137536,Average,Strong,25.01%,0.75,100.84,118.92,36%
HIMS,"Hims & Hers Health Inc","Medical Information Systems",29.35,+4.86%,1,Sell,"24% Buy",-61.48,-49.24%,29.58,30.09,26.85,28.82,51.43,-65.75,-23.04,23112324,Weakest,Minimum,49.47%,0.68,26.2,31.43,60%
SQNS,"Sequans Communications S A ADR","Electronics - Semiconductors",2.93,+0.34%,1,Buy,"40% Sell",-61.82,-70.22%,3.19,2.83,3.1,2.89,52.37,-86.73,-48.17,148737,Weakest,Minimum,66.97%,1.44,2.74,3.04,64%
STFS,"Star Fashion Culture Holdings Limited Cl A","Advertising Marketing Services",2.9,-19.89%,4,Sell,"88% Sell",-61.92,-55.52%,7.55,5.08,6.37,4,30.51,-72.03,-41.15,294586,Strongest,Soft,17.71%,0.65,3.11,4.89,-12%
SKK,"Skk Holdings Limited","Engineering & R&D Services",4.09,+0.25%,1,Sell,"8% Buy",-61.99,-2.01%,4.6,4.65,3.89,4.4,41.97,-18.52,34.38,295583,Weakest,Weak,33.73%,0.03,4.02,4.79,9%
FTCI,"Ftc Solar Inc",Solar,2.34,+1.30%,5,Sell,"88% Sell",-62.47,-71.00%,3.79,2.76,4.27,2.3,46.17,-87.51,-91.98,170286,Weakening,Good,32.79%,0.72,2.01,2.6,56%
RGC,"Regencell Bioscience Holdings Ltd","Medical - Biomedical",5.92,+2.25%,8,Buy,"40% Sell",-63.14,-62.15%,12.56,5.65,17.46,5.83,49.62,-78.66,-85.24,296451,Weakest,Good,28.74%,0.55,4.96,6.71,55%
MLCI,"Mount Logan Capital Inc","Finance - Investment Mgmt",3.15,0.00%,3,Hold,"80% Sell",-63.34,-60.63%,3.3,3.18,3.72,3.21,46.55,-77.14,-75.25,61244,Weakening,Average,28.15%,0.33,3.13,3.3,12%
THRY,"Thryv Holdings Inc","Internet - Software",2,+9.29%,2,Sell,"88% Sell",-63.65,-83.54%,3.23,2.67,3.18,1.91,44.88,-100.05,-80.37,965502,Weakening,Soft,32.04%,1.21,1.77,2.06,80%
SIGA,"Siga Technologies Inc","Medical - Drugs",3.16,+0.64%,5,Sell,"80% Sell",-63.66,-64.01%,3.73,3.16,4.28,3.11,51.6,-80.52,-61.71,585275,Weakest,Strong,47.86%,0.64,2.93,3.29,64%
ASBP,"Aspire Biopharma Holdings Inc","Electronics Products - Misc",8.72,+2.11%,7,Buy,"8% Buy",-63.95,-98.24%,6.81,7.74,14.28,8.7,53.83,-114.75,-107.92,276347,Weakening,Minimum,58.43%,0.24,7.94,9.46,51%
VRM,"Vroom Inc","Auto - Domestic",9.43,-1.87%,4,Buy,"40% Sell",-65.28,-65.66%,9.67,8.95,11.31,9.85,46.35,-82.17,-66.,19848,Weakening,Soft,28.47%,0.4,8.76,10.94,31%
AIFA,"All IN Futuretech Alliance Inc",Gaming,3.27,+9.36%,1,Buy,"88% Buy",-65.43,-48.10%,2.57,2.53,2.42,3.01,63.19,-64.61,25.67,965754,Strengthening,Soft,60.97%,0.24,2.77,3.26,103%
GURE,"Gulf Resources Inc","Chemical - Diversified",3.29,-1.50%,5,Hold,"80% Sell",-65.80,-52.35%,3.68,3.38,4.23,3.47,46.9,-68.86,-24.51,73978,Strengthening,Average,34.46%,1.76,3.11,3.83,25%
SOC,"Sable Offshore Corp","Oil - US Integrated",4.33,-5.04%,3,Sell,"88% Sell",-66.05,-81.62%,7.86,4.59,9.78,4.73,41.95,-98.13,-65.43,8085188,Strengthening,Average,13.36%,0.78,4.33,5.13,0%
PLYX,"Polaryx Therapeutics Inc","Medical - Biomedical",2.14,+4.90%,3,Hold,N/A,-66.22,N/A,2.56,2.14,3.39,2.03,52.67,N/A,N/A,N/A,N/A,N/A,72.65%,0.37,1.91,2.15,94%
UPC,"Universe Pharmaceuticals Inc","Medical - Drugs",4.64,-4.53%,3,Sell,"56% Buy",-66.32,+3.34%,4.23,4.82,3.77,4.63,48.87,-13.17,8.35,720581,Weakest,Average,60.23%,0.04,3.83,5.42,51%
CJMB,"Callan Jmb Inc","Transportation - Services",2.25,-1.32%,1,Buy,"88% Buy",-66.84,-54.91%,1.4,1.95,1.43,2.21,54.39,-71.42,89.27,1899981,Average,Average,65.89%,0.02,2.07,2.35,64%
AVX,"Avax One Technology Ltd","Finance - Misc Services",4.42,+13.62%,3,Buy,"40% Sell",-67.62,-84.72%,4.69,3.49,5.71,3.69,66.13,-101.23,-89.04,56831,Weakest,Minimum,73.70%,18.79,3.23,4.15,130%
CGTL,"Creative Global Technology Ltd","Consumer Prdts - Misc Discr",3.66,-2.14%,3,Sell,"100% Sell",-68.31,-56.83%,6.3,4.29,11.6,4.17,37.19,-73.34,-92.93,292438,Strengthening,Average,8.47%,0.01,3.6,4.75,5%
MENS,"Jyong Biotech Ltd","Medical - Biomedical",2.15,+4.37%,6,Sell,"32% Sell",-68.63,-96.72%,2.11,2.2,2.15,2.18,50.38,-113.23,-59.,354085,Weakest,Minimum,27.72%,3.02,1.96,2.4,43%
TGEN,"Tecogen Inc","Building Prdcts - Air Heating",3.31,+6.09%,1,Sell,"72% Sell",-69.20,-62.17%,4.41,3.4,4.03,3.09,52.7,-78.68,-46.43,424957,Weakest,Average,71.67%,0.99,2.91,3.27,111%
LNZA,"Lanzatech Global Inc","Waste Removal Svcs",6.08,+6.29%,2,Sell,"72% Sell",-69.33,-65.20%,8.19,5.99,11.54,6.14,49.62,-81.71,-69.24,74011,Weakest,Average,31.19%,0.94,5.69,6.58,44%
GOGO,"Gogo Inc","Wireless National",2.51,+3.29%,4,Sell,"100% Sell",-69.50,-71.73%,3.51,3.15,3.84,2.62,39.71,-88.24,-59.57,2174106,Average,Average,15.98%,0.63,2.4,2.85,24%
WKHS,"Workhorse Grp","Auto - Truck Original Parts",3,+4.90%,4,Hold,"72% Sell",-69.84,-77.68%,3.11,3.05,3.1,3.11,46.84,-94.19,-54.49,162451,Weakening,Weak,10.31%,1.57,2.81,3.41,32%
MFI,"Mf International Limited","Internet - Software",9.53,+2.47%,3,Buy,"8% Sell",-70.38,-76.02%,9.17,8.75,10.22,9.32,58.32,-92.53,-62.14,31855,Weakening,Minimum,46.28%,0.3,8.99,9.65,82%
BYRN,"Byrna Technologies Inc","Technology Services",3.52,-4.35%,5,Sell,"100% Sell",-70.78,-83.40%,4.81,3.86,6.36,3.62,41.14,-99.91,-92.47,575380,Strengthening,Average,60.38%,0.82,3.39,3.85,28%
BETR,"Better Home & Finance Holding CO","Finance - Mortgage & Rel Svs",12.42,+2.99%,3,Sell,"100% Sell",-71.04,-63.57%,22.82,16.73,26.83,12.99,40.12,-80.08,-75.31,497167,Average,Good,14.10%,0.67,11.42,14.56,32%
JDZG,"Jiade Limited",Schools,3.89,-6.04%,3,Sell,"88% Sell",-71.30,-99.23%,15.99,14.18,96.33,3.65,39.65,-115.74,-111.51,133188,Weakest,Average,39.93%,1.61,2.75,4.55,63%
MGN,"Megan Holdings Limited","Agriculture Operations",3.78,-3.20%,6,Buy,"56% Sell",-72.10,N/A,4.06,3.46,19.79,4.02,48.73,N/A,-105.25,610832,Weakest,Average,3.88%,0.13,1.56,6.48,45%
CD,"Chaince Digital Holdings Inc","Financial Transaction Services",3.89,+11.14%,3,Buy,"40% Sell",-73.04,-61.10%,4.61,3.21,4.67,3.27,59.59,-77.61,-35.16,203114,Weakest,Weak,47.30%,1.13,2.63,3.91,98%
KDK,"Kodiak AI Inc","Technology Services",3.27,-0.30%,3,Sell,"100% Sell",-73.12,-70.49%,5.41,4.05,6.37,3.74,34.11,-87.,-83.48,933859,Strengthening,Maximum,20.61%,1.45,3.34,4.14,-9%
NCEL,"Newcelx Ltd","Medical - Biomedical",2.97,-5.71%,2,Sell,"32% Sell",-73.42,-85.44%,3.46,3.46,3.22,3.31,35.36,-101.95,42.89,57910,Average,Weak,27.91%,1.11,3.09,3.54,-26%
STI,"Solidion Technology Inc","Electronics Products - Misc",7.26,+6.61%,5,Sell,"40% Sell",-73.48,+59.56%,8.88,7.12,7.62,7.25,49.83,43.05,-11.03,960610,Weakest,Minimum,22.44%,2.83,6.51,7.99,51%
DOMO,"Domo Inc Cl B","Internet - Software",3.72,-1.06%,4,Hold,Hold,-73.82,-79.40%,3.57,3.74,3.59,3.8,45.95,-95.91,-69.3,1703288,Bearish,,41.77%,0.71,3.66,3.95,20%
CURX,"Curanex Pharmaceuticals Inc","Medical - Drugs",4.37,-0.68%,5,Buy,"56% Sell",-74.13,-81.64%,5.26,4.33,6.38,4.54,47.63,-98.15,-47.34,74636,Weakening,Weak,22.66%,0.92,4.07,5.01,32%
STG,"Sunlands Online Education Group ADR","Internet - Services",2.83,-5.67%,1,Sell,"100% Sell",-74.22,-65.23%,3.34,3.24,3.6,2.93,38.2,-81.74,-65.63,146085,Strongest,Average,71.64%,0.12,2.83,3.03,1%
BKYI,"Bio-Key International Inc","Electronics Products - Misc",2.47,-0.40%,2,Sell,"100% Sell",-74.28,-68.13%,4.06,3.58,4.73,2.8,26.11,-84.64,-67.61,134817,Strengthening,Maximum,9.69%,0.14,2.39,3.21,10%
LFS,"Leifras Co. Ltd ADR","Leisure & Recreation Services",2.15,-1.38%,1,Hold,"88% Sell",-76.01,N/A,2.24,2.23,2.29,2.2,44.98,N/A,-35.81,1066957,Strengthening,Average,26.69%,0.03,2.1,2.31,26%
WNW,"Meiwu Technology Ltd","Technology Services",2.39,+2.14%,2,Sell,"100% Sell",-76.03,-98.81%,3.1,2.63,25.22,2.46,45.95,-115.32,-111.71,861018,Weakening,Average,14.80%,0.05,2.01,2.9,42%
TVGN,"Tevogen Inc","Medical Services",7.43,-4.87%,9,Buy,"24% Sell",-76.42,-80.41%,7.32,6.4,7.5,7.26,56.7,-96.92,-68.55,23600,Weakest,Minimum,79.49%,0.16,6.59,7.94,62%
EMAT,"Evolution Metals & Technologies Corp","Machinery - Construct & Mining",3.43,-14.68%,1,Hold,N/A,-76.53,N/A,5.61,3.74,6.55,3.48,48.18,N/A,N/A,N/A,N/A,N/A,57.65%,3.05,2.77,4.19,47%
MB,"Masterbeef Group","Retail - Restaurants",4.05,+0.25%,1,Hold,"96% Sell",-77.03,-58.63%,5.59,4.59,5.56,4.28,42.49,-75.14,-56.63,188452,Average,Average,41.08%,0.01,3.83,4.74,24%
BMGL,"Basel Medical Group Ltd","Medical Services",4.59,-0.43%,3,Sell,"100% Sell",-77.70,-78.63%,6.47,5.52,6.76,5.08,45.85,-95.14,-35.37,187090,Average,Soft,11.34%,0.03,3.81,6.35,31%
ATPC,"Agape Atp Corp","Medical Products",2.29,+2.69%,3,Sell,"100% Sell",-77.95,-96.45%,2.72,2.48,2.68,2.35,43.23,-112.96,-70.43,2139641,Strengthening,Weak,13.27%,0.02,2.26,2.43,16%
DXST,"Decent Holding Inc","Waste Removal Svcs",2.59,+1.57%,1,Hold,"16% Sell",-78.69,-92.03%,2.41,2.51,2.89,2.6,52.14,-108.54,-105.98,1445981,Weakening,Weak,49.12%,0.02,2.42,2.78,48%
SNWV,"Sanuwave Health Inc","Medical Products",4.44,-2.42%,2,Sell,"88% Sell",-79.07,-87.27%,9.66,5.48,13.31,4.41,42.18,-103.78,-98.55,113884,Weakening,Strong,51.83%,0.36,3.89,4.93,53%
INSG,"Inseego Corp","Internet - Software",4.18,+1.21%,4,Sell,"100% Sell",-79.50,-68.83%,9.02,5.5,10.2,4.27,37.34,-85.34,-72.73,261332,Average,Strong,30.16%,0.83,3.96,4.57,36%
CRVO,"Cervomed Inc","Medical - Biomedical",2.41,-0.82%,2,Sell,"100% Sell",-80.98,-69.06%,3.03,2.7,3.41,2.55,39.34,-85.57,-82.92,1828504,Strengthening,Average,23.46%,0.31,2.4,2.7,4%
JEM,"707 Cayman Holdings Limited","Textile - Apparel",3.98,+2.31%,2,Sell,"100% Sell",-81.17,-96.50%,12.7,4.62,16.03,4.33,42.76,-113.01,-104.05,493749,Weakening,Weak,32.87%,0.01,2.91,5.75,38%
EDSA,"Edesa Biotech Inc","Medical - Biomedical",4.11,-0.72%,4,Sell,"88% Sell",-82.04,+66.40%,7.38,5.14,6.74,4.48,35.5,49.89,176.01,1519481,Average,Weak,23.05%,0.61,3.88,5.09,19%
RGNT,"Regentis Biomaterials Ltd","Medical - Biomedical",2.23,+23.20%,2,Hold,N/A,-82.38,N/A,2.48,2.03,2.78,1.98,59.28,N/A,-80.34,N/A,N/A,N/A,29.55%,5.16,1.74,2.23,101%
SPHL,"Springview Holdings Ltd","Building & Construction - Misc",2.2,-1.79%,2,Sell,"100% Sell",-82.38,-45.91%,2.73,2.56,2.74,2.42,33.17,-62.42,-7.66,975235,Strongest,Soft,26.36%,0.24,2.23,2.6,-8%
MLEC,"Moolec Science Sa","Agriculture Operations",5.5,-9.84%,4,Sell,"88% Sell",-82.72,-68.66%,7.53,7.02,8.21,6.75,34.09,-85.17,30.59,506547,Strongest,Weak,5.97%,1.12,5.86,7.65,-20%
SCLX,"Scilex Holding Co.","Medical - Biomedical",5.16,+2.38%,3,Sell,"100% Sell",-83.24,-82.26%,7.05,6.37,7.2,5.31,39.81,-98.77,-71.13,81031,Strengthening,Average,36.49%,0.39,4.88,5.75,32%
SKYQ,"Sky Quarry Inc","Oil - US Integrated",2.67,-3.26%,6,Sell,"88% Sell",-86.06,-30.47%,3.12,3.37,3.67,2.8,42.98,-46.98,35.9,6360656,Strengthening,Weak,19.79%,0.21,2.4,3.21,34%
NIPG,"Nip Group Inc ADR",Gaming,13.25,-3.99%,3,Buy,"24% Sell",-86.83,-76.38%,12.29,11.66,15.91,14.17,49.88,-92.89,-69.12,14097,Weakest,Weak,22.89%,0.4,12.04,16.3,28%
TNON,"Tenon Medical Inc","Medical Instruments",3.73,-8.58%,2,Sell,"100% Sell",-86.92,-91.54%,13.26,5.82,18.07,4.59,42.05,-108.05,-102.23,1791800,Strengthening,Strong,19.00%,0.08,2.72,6.45,27%
GMM,"Global Mofy AI Limited","Technology Services",2.08,+8.33%,3,Sell,"100% Sell",-86.92,-97.91%,13.76,2.64,30.85,2.23,36.99,-114.42,-109.9,1475063,Weakening,Good,26.38%,0.05,1.74,2.72,35%
YXT,"Yxt.com Group ADR","Internet - Software",2.29,-0.43%,2,Sell,"100% Sell",-87.20,-75.89%,4.09,3.67,4.51,2.56,43.72,-92.4,-84.81,484671,Average,Strong,13.67%,0.01,2.09,3.03,21%
LNAI,"Lunai Bioworks Inc","Medical Information Systems",2.3,-1.29%,5,Hold,"96% Sell",-87.74,-83.57%,2.58,2.38,2.72,2.32,48.37,-100.08,-80.82,1159052,Weakening,Weak,24.33%,0.06,2.06,2.59,45%
VRAX,"Virax Biolabs Group Limited","Medical - Biomedical",2.31,-9.06%,1,Sell,"100% Sell",-88.62,-85.29%,3.67,2.98,3.95,2.68,35.91,-101.8,-86.71,1016591,Strongest,Average,18.87%,0.1,2.34,3.02,-4%
CIIT,"Tianci International Inc","Transportation - Ship",2.43,+0.62%,2,Sell,"100% Sell",-88.76,-95.17%,7.16,3.31,12.2,2.84,31.91,-111.68,-102.97,290597,Weakening,Soft,15.87%,0.05,2.23,3.45,16%
BIRD,"Smartbird Inc","Shoes and Related Apparel",2.37,+3.04%,2,Sell,"100% Sell",-89.78,-61.21%,3.51,2.5,3.76,2.44,44.67,-77.72,-55.63,2469707,Average,Average,28.72%,0.54,2.25,2.64,31%
SHPH,"Shuttle Pharmaceuticals Holdings Inc","Medical - Drugs",3.47,+8.10%,3,Hold,"96% Sell",-89.90,-91.52%,4.41,3.57,6,3.48,48.43,-108.03,-94.15,792488,Weakening,Weak,23.42%,0.02,3.19,3.78,48%
GNLN,"Greenlane Holdings Inc Cl A","Food - Misc & Diversified",2.48,+4.64%,5,Hold,"64% Sell",-89.97,-91.27%,2.89,2.42,3.53,2.73,46.16,-107.78,-93.68,83637,Weakest,Weak,13.03%,1.2,2.42,3.05,10%
OMH,"Ohmyhome Limited","Technology Services",2.34,-2.09%,2,Sell,"100% Sell",-90.22,-96.26%,22.12,7.28,34.73,3.07,35.74,-112.77,-107.64,226101,Weakening,Strong,22.22%,0.03,1.27,4.86,30%
LGCL,"Lucas Gc Limited","Technology Services",2.74,-10.46%,3,Sell,"100% Sell",-90.34,-99.65%,151.08,88.26,173.2,4.13,25.74,-116.16,-112.42,97810,Strengthening,Average,6.78%,0.19,1.66,6.61,22%
HAO,"Haoxi Health Technology Limited Class A Ord Shar","Advertising Marketing Services",2.75,-4.18%,3,Sell,"100% Sell",-91.17,-99.91%,165.82,3.45,1081.82,3.07,21.57,-116.42,-113.33,130461,Weakening,Good,23.52%,0.04,2.57,3.57,18%
ASTC,"Astrotech Corp","Aerospace - Defense Equipment",6.44,+5.06%,1,Sell,"56% Sell",-91.32,+31.97%,10.43,7.5,7.95,6.93,39.52,15.46,72.7,2006745,Weakening,Minimum,19.07%,0.21,6.02,7.85,23%
SXTC,"China Sxt Pharmaceuticals Inc","Medical - Drugs",2.38,-0.83%,1,Sell,"100% Sell",-91.58,-99.99%,96.26,35.06,117.03,2.62,25.36,-116.5,-113.42,404235,Average,Weak,46.66%,0.04,1.54,3.7,39%
DCOY,"Decoy Therapeutics Inc","Medical - Biomedical",2.56,-7.91%,2,Sell,"100% Sell",-91.78,-95.06%,5.06,3.75,5.74,2.85,31.63,-111.57,-80.55,146347,Strongest,Weak,32.02%,1.83,2.53,3.16,4%
MNTS,"Momentus Inc","Aerospace - Defense",4.48,+7.18%,4,Hold,"80% Sell",-92.88,-79.08%,6.7,4.49,6.02,4.17,53.3,-95.59,-21.44,3263757,Weakening,Weak,70.62%,0.82,3.93,4.4,117%
VBIO,"Valion Bio Inc","Medical - Biomedical",2.38,+12.26%,1,Sell,"100% Sell",-93.22,-96.90%,12.02,5.52,15.98,2.79,34.14,-113.41,-106.86,141277,Weakening,Average,12.38%,0.26,1.48,4.11,34%
PCLA,"Picocela Inc ADR","Diversified Comm Services",6.65,-4.32%,5,Hold,"80% Buy",-93.63,-55.33%,5.56,6.46,4.64,7.32,46.87,-71.84,-40.03,866215,Weakening,Weak,9.31%,0.08,5.34,9.3,33%
FXHO,"Utime Ltd","Wireless Equipment",11.26,-7.10%,8,Hold,"48% Sell",-93.65,-99.81%,11.21,12.05,16.74,11.67,47.61,-116.32,-91.35,155038,Weakening,Weak,43.26%,0.37,9.27,14.06,42%
INLF,"Inlif Limited","Medical Products",2.66,-1.12%,1,Sell,"100% Sell",-93.90,-99.90%,273.77,3.89,515.68,3.56,23.15,-116.41,-113.26,995137,Weakening,Good,5.78%,0.01,2.49,4.64,8%
HKIT,"Hitek Global Inc Ordinary Share","Technology Services",2.46,-1.80%,2,Sell,"100% Sell",-93.93,-99.96%,16.84,3.03,888.57,2.73,35.17,-116.47,-113.4,250060,Weakening,Average,20.88%,0.13,2.3,3.17,19%
IPDN,"Professional Diversity Network Inc",Outsourcing,3.36,-0.59%,4,Sell,"100% Sell",-94.02,-95.94%,13.75,7.82,21.71,3.65,30.63,-112.45,-103.61,109956,Weakening,Average,11.90%,0.54,3.01,4.29,28%
CPOP,"Pop Culture Group Company Cl A","Advertising Marketing Services",4.29,+4.38%,3,Sell,"100% Sell",-94.89,-98.19%,22.38,5.24,31.02,4.4,43.75,-114.7,-106.62,173679,Weakening,Average,35.24%,2.4,3.04,5.75,46%
TRNR,"Interactive Strength Inc","Leisure & Recreation Services",2.8,-6.66%,5,Sell,"100% Sell",-95.08,-98.81%,4.22,3.13,6.5,2.96,41.8,-115.32,-108.76,119985,Weakening,Weak,28.94%,0.06,2.74,3.17,14%
NTCL,"Netclass Technology Inc Cl A","Internet - Software",2.02,0.00%,1,Sell,"100% Sell",-95.34,-97.48%,15.98,2.71,16.79,2.11,38.52,-113.99,-101.74,67388,Weakening,Average,51.36%,0.15,1.71,2.51,39%
PAVS,"Paranovus Entertainment Technology Ltd","Conglomerates - Div Operations",4.06,-0.27%,4,Sell,"100% Sell",-95.51,-100.00%,37.72,5.09,278.48,4.68,30.86,-116.51,-113.23,410122,Weakening,Weak,6.12%,0.01,3.8,5.56,15%
GNPX,"Genprex Inc","Medical - Biomedical",3.48,+0.87%,2,Sell,"100% Sell",-95.59,-98.64%,10.27,5.17,19.16,3.56,33.6,-115.15,-104.39,80205,Weakening,Weak,41.22%,0.53,3.14,3.98,40%
RBNE,"Robin Energy Ltd","Transportation - Ship",2.39,-2.85%,5,Sell,"100% Sell",-96.03,-97.60%,9.18,3.08,18.03,2.61,37.7,-114.11,-107.99,160643,Weakening,Soft,21.01%,0.19,2.34,2.88,9%
NXTT,"Next Technology Holding Inc","Internet - Software",6.76,+26.12%,1,Sell,"88% Sell",-96.57,-99.71%,85.26,27.92,134.51,5.79,29.9,-116.22,-112.31,54094,Weakening,Weak,56.11%,1.42,4.25,7.34,81%
ELPW,"Elong Power Holding Cl A","Electronics Products - Misc",2.49,0.00%,2,Sell,"100% Sell",-96.72,-99.99%,44.57,5.89,144.08,3.15,30.33,-116.5,-113.39,223086,Weakening,Weak,4.78%,0.05,2.08,4.22,19%
BYAH,"Park Ha Biological Technology Co. Ltd","Consumer Prdts - Misc Staple",2.45,+1.66%,3,Sell,"100% Sell",-97.23,-98.80%,6.25,2.95,7.73,2.58,41.37,-115.31,-109.58,311712,Weakening,Weak,18.32%,0.07,2.2,2.96,32%
SMX,"Smx [Security Matters] Plc Cl A","Technology Services",10.98,-35.45%,3,Sell,"88% Sell",-97.29,-99.91%,20.53,16.62,270.19,16.68,30.59,-116.42,-112.72,52555,Weakening,Weak,21.25%,7.54,13.64,19.72,-44%
LGHL,"Lion Group Holding Ltd ADR","Finance - Misc Services",8.6,+8.80%,1,Sell,"100% Sell",-98.13,-99.75%,69.26,17,110.52,8.9,36.26,-116.26,-111.57,88911,Weakening,Weak,43.82%,5.81,5.59,12.21,45%
BIYA,"Baiya International Group Inc","Internet - Software",2.13,0.00%,1,Sell,"100% Sell",-98.37,-98.58%,5.59,2.81,8.59,2.22,39.1,-115.09,-107.93,1861548,Weakening,Weak,26.81%,0.01,2.05,2.4,24%
VMAR,"Vision Marine Technologies Inc","Leisure & Recreational Prdcts",7.52,+3.30%,3,Sell,"100% Sell",-98.83,-99.87%,30.56,7.86,90.66,7.82,44.19,-116.38,-112.49,160505,Weakening,Weak,29.04%,0.05,6.51,9.12,39%
DFNS,"T3 Defense Inc","Aerospace - Defense",8.2,+7.05%,1,Sell,"100% Sell",-99.26,-98.95%,29.35,20.24,66.58,10.03,38.08,-115.46,-111.8,1170445,Weakening,Soft,10.90%,0.09,6.8,13.27,22%
LRHC,"LA Rosa Holdings Corp","Conglomerates - Div Operations",2.43,-5.08%,1,Sell,"100% Sell",-99.44,-99.95%,5.99,4.21,17.97,2.78,34.92,-116.46,-112.79,105592,Average,Weak,32.03%,0.2,2.24,3.31,18%
HUBC,"Hub Cyber Security Ltd","Protection - Safety",6,+30.43%,4,Sell,"100% Sell",-99.57,-100.00%,59.44,19.98,5182.68,13.59,25.74,-116.51,-113.43,66188,Weakening,Weak,4.27%,31.5,2.16,25.02,17%
KIDZ,"Kidz AI Inc",Schools,3.08,+3.70%,4,Sell,"100% Sell",-99.61,-99.97%,28.51,5.59,171.2,3.78,31.23,-116.48,-113.2,361993,Weakening,Weak,16.92%,0.08,2.48,5.07,23%
JAN,"Janus Living Inc Class A-1","REIT - Equity Trust Resident",30.11,-0.76%,3,Hold,N/A,N/A,N/A,28.72,30.51,0,30.83,45.21,N/A,N/A,N/A,N/A,N/A,24.69%,0.74,29.86,31.8,13%
JATT,"Jatt II Acquisition Corp",Unclassified,12.23,-0.16%,1,N/A,N/A,N/A,N/A,0,12.05,0,12.19,51.22,N/A,N/A,N/A,N/A,N/A,35.96%,0.67,11.69,12.68,55%
LABT,"Lakewood-Amedex Biotherapeutics Inc","Medical - Biomedical",2.05,+3.02%,5,Sell,N/A,N/A,N/A,7.02,2.25,0,2.19,43.7,N/A,N/A,N/A,N/A,N/A,12.42%,0.16,1.74,2.64,34%
LFTO,"Liftoff Mobile Inc","Advertising Marketing Services",17.65,+7.69%,1,N/A,N/A,N/A,N/A,0,20.84,0,18.32,41.32,N/A,N/A,N/A,N/A,N/A,23.20%,1,17.02,19.61,24%
MBGL,"Mobility Global Inc","Auto - Truck Original Parts",19.2,-1.49%,3,N/A,N/A,N/A,N/A,0,20.28,0,20.12,39.39,N/A,N/A,N/A,N/A,N/A,15.80%,0.97,19.41,20.84,-14%
MOBI,"Mobia Medical Inc","Medical Instruments",9.71,-7.87%,5,N/A,N/A,N/A,N/A,0,11.3,0,10.9,37.65,N/A,N/A,N/A,N/A,N/A,23.12%,1.21,9.68,12.11,1%
NHP,"National Healthcare Properties Inc Cl A","REIT - Equity Trust Resident",16.32,+2.00%,2,Hold,N/A,N/A,N/A,15.19,16.12,0,16.2,53.07,N/A,N/A,N/A,N/A,N/A,51.65%,1.08,15.72,16.69,62%
NINE,"Nine Energy Service Inc","Oil - Field Services",9.42,-10.71%,1,Sell,N/A,N/A,N/A,10.83,10.84,0,10.32,39.87,N/A,N/A,N/A,N/A,N/A,30.13%,1.77,9.65,11,-17%
OPI,"Office Properties Income Trust","REIT - Equity Trust Other",17.73,+0.62%,1,N/A,N/A,N/A,N/A,0,18.02,0,17.29,52.67,N/A,N/A,N/A,N/A,N/A,77.63%,0.19,16.02,18.56,67%
OPTH,"Optimi Health Corp","Medical - Drugs",4.84,-2.22%,4,N/A,N/A,N/A,N/A,0,4.8,0,4.82,50.71,N/A,N/A,N/A,N/A,N/A,73.96%,1.7,4.44,5.19,53%
PBLS,"Parabilis Medicines Inc","Medical - Biomedical",36.93,-11.50%,5,N/A,N/A,N/A,N/A,0,35.86,0,38.76,47.25,N/A,N/A,N/A,N/A,N/A,66.28%,2.69,35.39,42.13,23%
QH,"Quhuo Limited ADR","Technology Services",3.87,-0.77%,3,N/A,N/A,N/A,N/A,0,4.64,0,4.07,38.99,N/A,N/A,N/A,N/A,N/A,9.40%,0.06,3.79,4.36,14%
QNT,"Quantinuum Inc Cl A","Internet - Software",51.15,-0.83%,2,N/A,N/A,N/A,N/A,0,54.91,0,50.57,46.96,N/A,N/A,N/A,N/A,N/A,63.94%,1.02,46.42,54.71,57%
SPCX,"SpaceX Corp","Wireless National",151.85,-0.56%,11,N/A,N/A,N/A,N/A,0,134.76,0,146.08,56.98,N/A,N/A,N/A,N/A,N/A,78.49%,0.85,134.94,157.21,76%
VGNT,"Versigent Plc","Utility - Electric Power",47.07,+2.64%,2,Hold,N/A,N/A,N/A,43.94,44.86,0,47.05,52.45,N/A,N/A,N/A,N/A,N/A,36.16%,0.84,44.7,49.39,51%
AIAI,"Aiai Holdings Corporation Cl A","Technology Services",3.45,-2.54%,1,N/A,N/A,N/A,N/A,0,5.04,0,3.77,40,N/A,N/A,N/A,N/A,N/A,31.24%,1.67,2.82,4.73,33%
AIIR,"Air Global Plc",Tobacco,7.53,+1.14%,3,N/A,N/A,N/A,N/A,0,6.9,0,7.37,53.41,N/A,N/A,N/A,N/A,N/A,46.41%,0.09,6.8,7.94,64%
AMAN,"Amanat Acquisition Corp",Unclassified,10.7,+0.75%,3,N/A,N/A,N/A,N/A,0,10.43,0,10.7,58.57,N/A,N/A,N/A,N/A,N/A,56.84%,0.12,10.63,10.77,52%
ARXS,"Arxis Inc Cl A","Electronics - Misc Components",51.21,-1.56%,3,Hold,N/A,N/A,N/A,45.56,50.98,0,51.94,47.93,N/A,N/A,N/A,N/A,N/A,43.13%,1.3,49.02,54.85,38%
AVEX,"Aevex Corp Cl A","Aerospace - Defense",16.51,+1.91%,2,Hold,N/A,N/A,N/A,20.72,17.44,0,16.84,45.2,N/A,N/A,N/A,N/A,N/A,40.47%,0.59,15.15,18.53,40%
AZUL,"Azul S.A. ADR","Transportation - Airline",6.65,+3.91%,2,N/A,N/A,N/A,N/A,0,7.89,0,7.12,22.69,N/A,N/A,N/A,N/A,N/A,18.88%,0.51,6.3,7.94,21%
BOT,"Robostrategy Inc","Finance - Investment Mgmt",29.38,-0.58%,6,N/A,N/A,N/A,N/A,0,28.28,0,27.12,56.18,N/A,N/A,N/A,N/A,N/A,83.23%,1.18,25.06,29.19,105%
CLBR,"Colombier Acquisition Corp III Cl A",Unclassified,10.22,+0.49%,7,Sell,N/A,N/A,N/A,10.21,10.27,0,10.23,46.99,N/A,N/A,N/A,N/A,N/A,23.81%,9.22,10.19,10.27,36%
DPC,"Dpc Holdings Plc","Aerospace - Defense",41.18,+1.03%,2,N/A,N/A,N/A,N/A,0,45.97,0,42.04,44.16,N/A,N/A,N/A,N/A,N/A,33.24%,0.5,38.36,45.72,38%
ELOX,"Eloxx Pharmaceuticals Inc","Medical - Biomedical",17.19,-1.49%,1,N/A,N/A,N/A,N/A,0,15.96,0,16.74,52.36,N/A,N/A,N/A,N/A,N/A,69.54%,0.44,13.81,19.68,58%
EROC,"Erock Inc Cl A","Other Alt Energy",13.38,+2.22%,3,N/A,N/A,N/A,N/A,0,12.24,0,12.4,54,N/A,N/A,N/A,N/A,N/A,70.16%,0.86,10.83,13.96,81%
FCBM,"First Carolina Financial Services Inc","Banks - Southeast",12.75,+0.47%,6,N/A,N/A,N/A,N/A,0,12.7,0,12.75,49.84,N/A,N/A,N/A,N/A,N/A,41.28%,3.83,12.47,13.02,50%
FRBT,"Forbright Inc Cl A","Banks - West",18,+1.98%,4,N/A,N/A,N/A,N/A,0,19.03,0,18.52,41.63,N/A,N/A,N/A,N/A,N/A,29.60%,1.39,17.8,19.24,14%
GMRS,"Gmr Solutions Inc Cl A","Medical Services",11.55,-7.82%,2,N/A,N/A,N/A,N/A,0,13.03,0,12.83,37.83,N/A,N/A,N/A,N/A,N/A,18.62%,1.42,11.86,13.79,-16%
HMH,"Hmh Holding Inc","Oil Field Machinery & Equip",18.61,-1.27%,3,Hold,N/A,N/A,N/A,20.3,19.89,0,19.49,41.35,N/A,N/A,N/A,N/A,N/A,13.20%,0.74,18.37,20.61,11%
HONA,"Honeywell Aerospace Inc","Aerospace - Defense Equipment",169.03,+3.32%,4,N/A,N/A,N/A,N/A,0,178.22,0,159.75,52.79,N/A,N/A,N/A,N/A,N/A,83.77%,0.97,150.19,169.31,99%
"Downloaded from Barchart.com as of 09-21-2026 09:52pm CDT"
