Symbol,Name,Industry,Latest,%Change,"1M #Hi",Trend,Opinion,"Wtd Alpha","52W %Chg","100D MA","50D MA","150D MA","20D MA","14D RSI","1Y vs IDX","YTD vs IDX","200D Avg Vol",Direction,Strength,"14D Stoch %K","50D RelVol","BB Lower","BB Upper",BB%
ERAS,"Erasca Inc","Medical - Biomedical",16.76,-6.26%,6,Hold,"48% Buy",+691.22,+967.52%,15.97,18.22,15.27,18.12,41.17,949.39,339.06,5426072,Weakest,Average,21.08%,1.49,16.91,19.33,-6%
MU,"Micron Technology","Computer - Integrated Systems",933.44,-2.64%,7,Hold,"64% Buy",+377.74,+684.34%,847.27,945.94,699.26,929.37,50.45,666.21,215.57,41281707,Weakest,Average,41.61%,0.66,853.25,1005.5,53%
ATEX,"Anterix Inc.","Communications Infrastructure",89.55,-1.47%,2,Hold,"48% Buy",+298.98,+277.21%,76.59,95.82,62.85,92.52,45.54,259.08,298.74,367565,Weakest,Good,63.95%,0.67,85.25,99.8,30%
LITE,"Lumentum Holdings","Communications Components",868.95,-5.01%,7,Buy,"72% Buy",+264.86,+554.28%,860.31,815.05,789.75,881.65,50.62,536.15,124.27,5420261,Weakening,Soft,50.39%,0.81,790.27,973.03,43%
DNTH,"Dianthus Therapeutics Inc","Medical - Biomedical",106.62,+0.96%,7,Hold,"80% Buy",+225.24,+352.35%,95.45,104.19,85.68,110.84,47.59,334.22,147.24,907378,Strengthening,Strong,18.12%,0.6,105.1,116.59,13%
BUUU,"BuUU Group Limited Class A Ordinary Share","Internet - Software",29.1,-5.03%,6,Buy,"100% Buy",+218.48,+347.69%,20.75,24.32,18.28,28.83,54.11,329.56,341.79,49438,Strengthening,Maximum,32.23%,0.48,25.64,32.03,54%
ASX,"Ase Industrial Holding Ltd ADR","Electronics - Semiconductors",37.43,+1.30%,6,Sell,"40% Buy",+214.90,+277.70%,36.31,38.74,31.58,37.64,49.3,259.57,121,8409171,Weakest,Average,40.26%,0.79,35.19,40.09,46%
UMC,"United Microelectronics Corp ADR","Electronics - Semiconductors",20.47,+2.97%,2,Sell,"48% Buy",+192.98,+211.09%,19.11,21.35,15.99,19.11,55.93,192.96,148.95,12750491,Weakening,Average,74.11%,1.19,17.93,20.29,108%
ANAB,"Anaptysbio Inc","Medical - Biomedical",55.28,-3.07%,9,Sell,"8% Buy",+161.93,+307.87%,57.9,58.33,51.34,57.21,44.47,289.74,59.56,727497,Weakening,Weak,21.94%,1.28,54.39,60.04,16%
APGE,"Apogee Therapeutics Inc","Medical - Biomedical",135.08,0.00%,8,Buy,"100% Buy",+148.74,+271.41%,109.88,134.09,97.34,134.73,78.97,253.28,67.48,1503132,Average,Strong,98.39%,0.56,134.29,135.16,91%
ABSI,"Absci Corp","Medical - Biomedical",8.84,-2.21%,8,Buy,"56% Buy",+144.58,+269.87%,7.33,9.27,5.81,9.14,48.66,251.74,141.82,4383788,Weakest,Good,21.17%,0.7,8.32,9.96,32%
MGRT,"Mega Fortune Company Limited","Internet - Software",107.99,+10.12%,7,Buy,"88% Buy",+144.13,"+2,985.43%",97.5,89.66,68.18,97.53,66.13,2967.3,1326.47,80635,Strengthening,Average,63.74%,1.91,91.17,103.89,132%
AMD,"Adv Micro Devices","Computer - Integrated Systems",459.61,-2.36%,2,Sell,"24% Buy",+141.87,+182.61%,460.12,502.9,376.58,478.39,43.6,164.48,103.13,34450828,Weakest,Soft,21.56%,0.63,451.22,505.56,15%
GH,"Guardant Health Inc","Medical - Biomedical",164.41,+3.39%,5,Buy,"100% Buy",+139.33,+143.86%,132.33,158.02,120.14,163.98,53.17,125.73,49.49,2255394,Strengthening,Strong,36.56%,0.91,155.95,172.01,53%
EWTX,"Edgewise Therapeutics Inc","Medical - Biomedical",42.25,+1.15%,4,Buy,"88% Buy",+133.85,+194.43%,38.01,42.16,35.39,43.95,47.53,176.3,58.78,1273564,Average,Strong,21.02%,0.86,41.98,45.93,7%
ARWR,"Arrowhead Pharma","Medical - Biomedical",82.74,+0.42%,4,Sell,"56% Buy",+130.27,+275.58%,79.04,83.62,73.43,87.07,43,257.45,13.15,2387502,Weakest,Soft,17.79%,0.63,83.2,90.94,-6%
MNPR,"Monopar Therapeutics Inc","Medical - Biomedical",117.57,+5.04%,3,Hold,"96% Buy",+122.28,+244.28%,83.56,107.69,74.83,114.85,57.31,226.15,68.57,219499,Strongest,Maximum,47.08%,0.39,106.91,122.79,67%
ACMR,"Acm Research Inc","Semi-Eqpt Material Services",70.04,-3.82%,3,Sell,"24% Buy",+121.80,+148.19%,78.54,87.72,69.94,79.22,37.47,130.06,66.06,1375011,Weakest,Weak,5.45%,1.38,72.06,86.38,-14%
KNSA,"Kiniksa Pharmaceuticals International Plc","Medical - Biomedical",79.28,+0.83%,7,Buy,"100% Buy",+118.60,+136.73%,60.96,70.62,55.89,78.44,59.48,118.6,80.71,645026,Strongest,Maximum,53.67%,0.49,75.94,80.94,67%
QTTB,"Q32 Bio Inc","Medical - Biomedical",14.36,-3.43%,5,Sell,"56% Buy",+117.86,+739.77%,11.57,14.97,9.46,15.67,41.55,721.64,321.05,1532856,Weakest,Strong,7.59%,0.25,14.58,16.77,-10%
STTK,"Shattuck Labs Inc","Medical - Biomedical",6.87,-2.00%,4,Hold,"64% Buy",+117.74,+600.45%,6.62,7.08,6.12,7.4,43.48,582.32,76.74,805682,Weakest,Average,10.19%,0.48,6.79,8.02,7%
BTSG,"Brightspring Health Services Inc","Medical Services",59.16,+1.30%,3,Sell,"8% Buy",+117.54,+149.73%,60.43,65.54,54,60.01,43.93,131.6,46.49,2807248,Weakest,Weak,36.76%,0.41,57.12,62.91,35%
QXL,"Quantum X Labs Inc","Technology Services",4.81,+1.05%,2,Sell,"56% Buy",+115.55,+66.15%,4.34,4.93,3.5,4.62,52.17,48.02,202.9,80559,Average,Average,74.85%,0.47,4.25,5,75%
IRD,"Opus Genetics Inc","Medical - Biomedical",3.83,+5.80%,8,Buy,"24% Buy",+111.42,+213.93%,4.22,3.72,4.16,3.82,51.52,195.8,79.07,853752,Weakening,Minimum,21.06%,0.88,3.48,4.15,52%
CNC,"Centene Corp","Medical - HMO",65.23,+1.38%,3,Hold,"64% Buy",+107.25,+124.62%,59.79,65.3,52.82,65.41,50.92,106.49,47.04,5976815,Weakening,Good,30.31%,0.99,63.5,67.32,45%
ZBIO,"Zenas Biopharma Inc","Medical - Biomedical",31.98,-1.05%,6,Buy,"88% Buy",+107.23,+99.88%,24.57,29.94,24.1,31.76,53.37,81.75,-23.41,755023,Average,Average,65.48%,0.49,29.65,33.86,55%
RCUS,"Arcus Biosciences Inc","Medical - Biomedical",29.71,+1.47%,7,Buy,"100% Buy",+106.86,+180.55%,26.74,29.14,24.98,29.5,52.39,162.42,13.19,1362719,Strongest,Average,39.73%,1.21,27.69,31.3,56%
SIMO,"Silicon Motion Techn ADR","Computer - Integrated Systems",237.35,-3.84%,4,Sell,"8% Buy",+106.50,+197.88%,253.54,272.78,210.52,249.63,44.48,179.75,144.56,804555,Weakening,Weak,32.75%,0.67,225.24,274.02,25%
MT,"Arcelormittal ADR","Steel - Producers",73.31,-1.73%,4,Buy,"88% Buy",+105.02,+119.75%,66.12,68.65,63.25,73.61,54.34,101.62,49.39,1728174,Weakening,Strong,72.44%,0.72,71.59,75.62,43%
INNV,"Innovage Holding Corp","Medical Services",10.83,+0.28%,2,Hold,"48% Buy",+104.68,+182.77%,9.54,11.16,9.08,10.85,48.29,164.64,97.19,281738,Weakest,Good,35.63%,0.61,10.38,11.31,48%
BAND,"Bandwidth Inc","Communications Infrastructure",50.79,+4.87%,8,Sell,"24% Buy",+104.61,+238.60%,51.48,56.24,39.41,49.92,49.19,220.47,217.26,761995,Weakening,Soft,42.73%,0.8,44.16,55.68,58%
BE,"Bloom Energy Corp Cl A","Other Alt Energy",213.63,+3.55%,6,Sell,"24% Sell",+103.59,+303.53%,248.27,231.51,215.82,217.39,48.09,285.4,134.38,12680748,Weakest,Minimum,36.07%,0.69,194.35,240.42,42%
LCUT,"Lifetime Brands Inc","Consumer Prdts - Misc Discr",8.99,-4.87%,5,Buy,"88% Buy",+102.85,+127.59%,8.29,8.79,6.89,9.32,47.63,109.46,116.11,165484,Weakening,Good,30.66%,0.5,8.64,9.99,26%
IRWD,"Ironwood Pharmaceuti","Medical - Drugs",4.27,+0.47%,1,Buy,"100% Buy",+101.98,+223.48%,4.01,4.15,3.96,4.25,52.31,205.35,15.23,3024499,Strongest,Weak,47.63%,0.65,4.05,4.44,56%
CGON,"Cg Oncology Inc","Medical - Biomedical",75.86,+0.93%,8,Hold,"80% Buy",+99.78,+182.85%,68.86,73.33,65.94,76.71,51.12,164.72,71.23,1074139,Strongest,Good,29.29%,0.91,72.65,80.76,40%
CHEF,"The Chefs Warehouse","Food - Misc & Diversified",115.52,+2.71%,2,Buy,"100% Buy",+97.96,+82.96%,90.44,103.56,81.65,110.77,63.18,64.83,73.86,504681,Strengthening,Maximum,82.08%,1.77,106.45,115.09,105%
LXRX,"Lexicon Pharmaceutcl","Medical - Biomedical",2.19,-2.67%,2,Sell,"56% Buy",+96.55,+99.09%,2.13,2.32,1.92,2.34,41.72,80.96,78.95,2750163,Weakest,Good,24.04%,0.55,2.19,2.49,1%
ADPT,"Adaptive Biotechnologies Corp","Medical - Biomedical",24.34,-2.33%,8,Hold,"80% Buy",+95.51,+84.67%,19,23.13,17.73,25.18,49.08,66.54,38.4,2367034,Average,Strong,31.32%,0.61,23.78,26.57,20%
PBT,"Permian Basin Royalty Trust","Oil - US Royalty Trusts",34.05,+0.83%,5,Buy,"100% Buy",+95.28,+103.16%,27.81,29.83,25.26,33.48,62.38,85.03,89.05,120460,Strongest,Maximum,51.79%,0.7,31.78,35.18,67%
ELVN,"Enliven Therapeutics Inc","Medical - Drugs",57.86,-0.05%,3,Hold,"80% Buy",+88.04,+185.45%,48.39,55.02,42.52,59.42,50.65,167.32,264.23,1147822,Weakening,Strong,25.51%,0.89,57.24,61.59,14%
RLYB,"Rallybio Corporaton","Medical - Biomedical",16.69,-0.60%,5,Buy,"96% Buy",+86.50,+288.79%,14.68,16.31,12.28,16.69,53.24,270.66,192.59,128993,Weakening,Strong,38.17%,0.35,16.15,17.23,50%
SILC,"Silicom Ltd","Computer - Networks",40.06,-6.95%,4,Buy,"56% Buy",+85.28,+143.75%,41.14,42.82,34.08,44.12,44.49,125.62,161.04,108869,Weakest,Average,12.43%,0.74,39.07,49.17,10%
OPTX,"Syntec Optics Holdings Inc","Technology Services",7.28,-11.11%,7,Sell,"40% Sell",+84.53,+355.00%,9.28,8.51,8.58,8.3,41.05,336.87,143.07,1409629,Average,Weak,28.58%,0.75,7.27,9.33,0%
CXW,"Corecivic Inc","REIT - Equity Trust Other",32.72,-1.51%,4,Buy,"88% Buy",+84.48,+61.34%,26.87,31.65,24.16,33.03,51.56,43.21,59.74,1189144,Weakening,Strong,62.09%,1.54,31.39,34.68,40%
MSBI,"Midland Sts BNC","Banks - Northeast",32.59,-0.61%,3,Buy,"88% Buy",+83.99,+76.93%,29.51,32.14,27.17,33.11,48.31,58.8,42.46,170217,Weakening,Strong,32.16%,0.79,32.18,34.04,22%
ROMA,"Roma Green Finance Limited","Finance - Misc Services",8.92,+0.33%,1,Hold,"80% Buy",+82.15,+301.77%,7.8,8.85,6.44,9.01,49.17,283.64,416.3,222626,Weakest,Strong,47.66%,0.16,8.59,9.44,39%
MITK,"Mitek Systems Inc","Computer - Optical",17.84,-3.36%,3,Buy,"72% Buy",+81.15,+75.42%,16.84,18.34,15.64,18.35,47.05,57.29,57.62,886286,Weakest,Good,45.17%,0.67,17.1,19.61,30%
AMRX,"Amneal Pharmaceuticals Inc","Medical - Drugs",17.68,+1.20%,2,Hold,"64% Buy",+81.04,+84.94%,15.57,17.72,14.84,17.88,48.38,66.81,28.84,2057181,Average,Strong,38.91%,0.7,17.2,18.57,35%
PHOE,"Phoenix Asia Holdings Limited","Building - Heavy Construction",20.75,-2.40%,5,Hold,"48% Buy",+80.90,+165.52%,19.3,21.5,18.66,21.13,47.71,147.39,18.21,51657,Weakest,Soft,32.15%,0.14,18.2,24.05,44%
TRDA,"Entrada Therapeutics Inc","Medical - Biomedical",7.07,+0.28%,2,Buy,"64% Sell",+80.63,+29.25%,8.21,7.07,9.47,7.26,48.37,11.12,-42.71,308883,Weakening,Average,26.15%,0.55,6.7,7.82,33%
LNTH,"Lantheus Holdings","Medical Products",100.88,-0.08%,1,Sell,"56% Buy",+80.50,+83.75%,98.32,103.46,90.24,100.76,47.17,65.62,40.11,1100119,Weakest,Average,64.65%,0.95,100.1,101.43,59%
USEA,"United Maritime Corp","Transportation - Ship",2.82,+2.17%,6,Buy,"100% Buy",+76.23,+68.57%,2.5,2.66,2.32,2.73,62.36,50.44,54.4,68528,Strongest,Maximum,51.54%,4.57,2.64,2.82,99%
JAZZ,"Jazz Pharma Plc","Medical - Biomedical",243.71,-2.78%,4,Hold,"64% Buy",+75.74,+90.77%,234.31,247.8,215.9,251.48,44.27,72.64,31.88,1021917,Weakest,Good,22.06%,1.18,241.48,261.49,11%
UFCS,"United Fire Group","Insurance - Proprty & Casualty",54.15,+0.52%,3,Buy,"100% Buy",+75.12,+76.15%,48.43,52.53,44.79,53.79,57.06,58.02,37.49,130587,Average,Strong,64.20%,0.67,52.78,54.81,67%
PYPD,"Polypid Ltd","Medical - Drugs",5.33,+3.70%,11,Buy,"100% Buy",+73.95,+59.10%,4.72,4.82,4.6,4.93,64.35,40.97,11.33,119759,Strongest,Strong,79.88%,1,4.56,5.31,103%
FTRE,"Fortrea Holdings Inc","Medical - Biomedical",17.72,-3.54%,2,Buy,"72% Buy",+73.19,+79.90%,15.88,18.22,14.26,18.33,44.9,61.77,-8.76,1470359,Weakening,Average,55.97%,0.82,17.28,19.37,21%
HUT,"Hut 8 Corp","Finance - Misc Services",77.57,-1.36%,1,Sell,"24% Sell",+72.84,+190.20%,98.59,97.64,83.27,84.94,40.02,172.07,57.37,5211108,Average,Minimum,14.08%,0.78,76.17,93.71,8%
UVE,"Universal Insurance Holdings Inc","Insurance - Proprty & Casualty",43.71,+1.70%,3,Buy,"100% Buy",+72.06,+79.21%,39.95,42.14,37.67,43.21,56.18,61.08,17.84,198173,Strongest,Strong,65.68%,0.61,41.74,44.68,67%
OPY,"Oppenheimer Holdings","Finance - Investment Brokers",119.61,+0.69%,4,Buy,"100% Buy",+70.94,+64.82%,107.51,112.98,100.91,115.74,60.62,46.69,53.98,78447,Strengthening,Strong,63.94%,1.19,110.75,120.73,89%
GEO,"Geo Group Inc","Government Services",30.53,-4.02%,6,Hold,"64% Buy",+70.69,+47.20%,26.57,30.73,22.94,31.46,44.67,29.07,77.91,2078710,Weakest,Strong,48.73%,1.63,29.87,33.05,21%
PVLA,"Palvella Therapeutics Inc","Medical - Biomedical",150.55,-1.34%,4,Buy,"88% Buy",+70.32,+178.02%,132.86,146.76,125.08,151.61,52.2,159.89,32.35,272402,Average,Good,61.71%,0.5,143.07,160.15,44%
BOTJ,"Bank of The Jame Fnl","Banks - Southeast",26.65,-1.44%,2,Hold,"80% Buy",+70.00,+71.49%,24.89,26.54,23.42,27.18,43.85,53.36,31.95,14551,Weakest,Strong,28.35%,0.86,26.53,27.82,9%
LGND,"Ligand Pharm","Medical - Biomedical",284.27,+0.06%,4,Sell,"40% Buy",+69.91,+75.79%,264.67,297.48,242.65,289.19,45.78,57.66,38.87,263168,Weakest,Good,30.42%,0.5,277.25,301.13,29%
SNX,"Synnex Corp","IT Services",251.39,-0.58%,2,Sell,"56% Buy",+69.58,+69.78%,248.36,254.33,220.18,254.79,47.55,51.65,55.86,771526,Weakest,Average,43.41%,0.61,245.35,264.24,32%
DYN,"Dyne Therapeutics Inc","Medical - Drugs",25.1,-1.30%,5,Hold,"80% Buy",+67.03,+86.06%,21.41,24.5,20.01,26.04,47.1,67.93,16.84,2199826,Weakening,Strong,20.97%,0.72,25.16,26.91,-3%
TX,"Ternium S.A. ADR","Steel - Producers",55.67,+1.55%,7,Buy,"100% Buy",+66.38,+67.88%,47.38,49.06,45.35,54.51,66.17,49.75,34.29,356030,Strongest,Maximum,41.60%,1.64,52.77,56.25,83%
ARCB,"Arcbest Corp","Transportation - Truck",132.72,-3.81%,4,Sell,"24% Buy",+65.93,+79.93%,137.91,144.43,124.75,138.61,41.14,61.8,67.41,367785,Weakening,Weak,26.87%,0.66,131.54,145.68,8%
HUM,"Humana Inc","Medical - HMO",394.88,+3.04%,5,Sell,"72% Buy",+65.77,+30.04%,335.6,386.1,284.13,383.25,57.45,11.91,42.69,1675432,Strengthening,Strong,53.12%,0.8,367.65,398.86,87%
TWIN,"Twin Disc Inc","Machinery - General Industrial",22.42,-2.31%,6,Sell,"56% Buy",+64.48,+77.44%,20.59,23.19,19.27,23.78,42.79,59.31,22.93,73635,Weakest,Good,20.30%,0.51,22.34,25.22,3%
CMTV,"Community Bancorp Inc VT","Banks - Northeast",40.22,-0.64%,4,Buy,"88% Buy",+64.26,+78.20%,39.33,40,37.41,40.62,48.73,60.07,50.11,25573,Weakening,Average,34.61%,0.48,39.3,41.94,35%
KFRC,"Kforce Inc",Staffing,54.89,-4.67%,4,Hold,"64% Buy",+63.80,+68.37%,48.55,55.73,42.09,57.98,40.83,50.24,66.04,250682,Weakening,Strong,26.44%,1.36,55.95,60.02,-26%
ANGO,"Angiodynamics Inc","Medical Instruments",15.86,-1.67%,6,Buy,"100% Buy",+62.52,+54.58%,12.88,14.47,12.19,15.74,60.47,36.45,12.04,463876,Strengthening,Maximum,67.26%,0.52,15.24,16.24,62%
AGCC,"Agencia Comercial Spirits Ltd Cl A","Beverages - Alcohol",14.52,-0.99%,2,Sell,"40% Sell",+62.50,N/A,16.07,14.96,15.25,14.71,45.59,N/A,37.24,112835,Strengthening,Minimum,41.06%,0.08,14.15,15.27,33%
TROO,"Troops Inc","Conglomerates - Div Operations",2.34,+3.08%,8,Buy,"56% Sell",+62.04,+129.41%,2.71,2.09,2.83,2.03,59.71,111.28,-38.36,343980,Weakest,Weak,80.96%,1.12,1.75,2.31,105%
SMHI,"Seacor Marine Holdings Inc","Transportation - Ship",9.78,+2.41%,7,Buy,"100% Buy",+61.82,+52.57%,8.03,8.68,7.81,9.67,61.18,34.44,50.98,118222,Strongest,Maximum,40.00%,0.91,9.34,9.99,67%
NEOG,"Neogen Corp","Medical Products",11.64,+0.69%,1,Buy,"88% Buy",+61.44,+102.43%,9.83,10.56,9.92,11.65,56.12,84.3,55.04,2844825,Average,Good,31.00%,1.02,11.24,12.06,49%
MGNX,Macrogenics,"Medical Products",4.04,+1.25%,7,Sell,"40% Buy",+60.84,+128.25%,3.98,4.22,3.45,4.06,48.64,110.12,139.45,1131670,Weakest,Average,51.20%,0.56,3.91,4.21,43%
RZLT,"Rezolute Inc","Medical - Biomedical",4.5,-4.05%,3,Sell,"40% Buy",+59.88,-36.80%,4.22,4.84,3.86,4.75,41.76,-54.93,79.2,3535148,Weakest,Minimum,13.93%,0.63,4.41,5.08,14%
ETSY,"Etsy Inc","Internet Commerce",81.75,+0.52%,3,Buy,"88% Buy",+59.86,+54.22%,72.7,81.09,65.92,81.88,50.12,36.09,35.98,3258244,Average,Strong,45.46%,0.75,77.32,86.45,49%
QUAD,"Quad Graphics Inc","Advertising Marketing Services",10.08,+0.20%,1,Buy,"100% Buy",+59.72,+51.35%,8.36,9.23,7.79,10.06,58.23,33.22,49.29,232848,Strengthening,Maximum,54.21%,1.24,9.74,10.37,54%
VSH,"Vishay Intertechnology","Semi Discretes",29.63,-2.63%,2,Sell,"24% Sell",+59.59,+91.66%,40.22,38.86,33.03,32.45,36.93,73.53,93.01,4052823,Average,Minimum,7.76%,1.1,29.09,35.81,8%
ALKS,"Alkermes Plc","Medical - Biomedical",47.2,+0.45%,3,Sell,"40% Buy",+59.56,+62.93%,44.42,50.78,40.1,48.91,39.45,44.8,57.21,2106661,Weakest,Average,9.35%,0.73,47.1,50.71,3%
ASYS,"Amtech Systems Inc","Semi General",14.52,-0.68%,3,Sell,"40% Sell",+59.33,+129.38%,18.19,16.82,16.44,15.31,43,111.25,4.22,350823,Average,Weak,26.11%,0.91,13.73,16.89,25%
TSM,"Taiwan Semiconductor ADR","Semi Fab Foundries",414,-0.32%,5,Sell,"24% Buy",+59.10,+79.32%,414.54,421.42,393.03,419.48,47.66,61.19,24.75,13170707,Weakest,Soft,33.87%,0.61,407.27,431.68,28%
GCBC,"Greene County Bncp","Finance - Savings & Loan",34.28,-0.32%,4,Hold,"80% Buy",+58.25,+42.89%,29.5,33.63,27.29,34.71,50.65,24.76,42.73,22749,Weakening,Strong,38.98%,0.28,34.03,35.39,18%
CHMG,"Chemung Financial Corp","Banks - Southeast",79.89,-1.46%,2,Buy,"88% Buy",+57.66,+48.16%,73.21,78.98,67.76,82.22,44.77,30.03,31.69,27681,Weakening,Strong,19.52%,0.5,80.17,84.27,-7%
YPF,"Ypf Sociedad Anonima ADR","Oil - International Integrated",52.46,+1.71%,3,Buy,"100% Buy",+57.26,+72.17%,48.39,49.4,45.44,50.39,58.63,54.04,33.6,1773032,Strongest,Strong,63.38%,0.74,48.23,52.54,98%
BWFG,"Bankwell Financial","Banks - Northeast",65.46,-0.43%,1,Buy,"88% Buy",+56.83,+54.82%,57.92,63.26,54.7,66.75,49.94,36.69,31.38,51023,Weakening,Strong,43.10%,0.59,65.01,68.49,13%
PESI,"Perma-Fix Envir","Pollution Controls",17.84,-1.71%,6,Buy,"100% Buy",+56.40,+50.04%,13.51,16.07,13.45,17.78,53.85,31.91,30.22,248885,Average,Strong,40.86%,0.49,16.4,19.16,52%
PEB,"Pebblebrook Hotel Trust","REIT - Equity Trust Other",17.74,-2.10%,1,Sell,"40% Buy",+55.76,+59.25%,16.96,18.64,15.45,18.27,38.5,41.12,45.23,2308567,Weakest,Average,50.60%,1.5,17.66,18.87,6%
ALAB,"Astera Labs Inc","Internet - Software",279.91,-5.75%,2,Sell,"24% Buy",+55.68,+53.63%,300.62,337,243.67,304.28,41.9,35.5,56.78,5391415,Weakest,Weak,25.63%,0.77,269.04,339.52,15%
PGC,"Peapack Gladstone FI","Banks - Northeast",44.59,-0.11%,5,Sell,"40% Buy",+55.43,+53.71%,44.28,46.2,40.94,45.61,38.65,35.58,48.63,153023,Weakest,Average,15.55%,0.63,44.32,46.9,11%
HSBC,"HSBC Holdings Plc ADR","Banks - Foreign",103.4,+0.25%,1,Buy,"88% Buy",+55.42,+60.38%,96.33,101.27,92.78,103.41,52.45,42.25,19.96,1789589,Strengthening,Strong,50.25%,0.95,102.19,104.64,49%
LAR,"Lithium Argentina Ag","Mining - Misc",6.63,-2.36%,6,Sell,"88% Sell",+55.35,+93.86%,8.24,6.83,7.83,6.65,48.67,75.73,7.34,2875397,Strongest,Average,62.47%,0.68,6.1,7.21,48%
PHVS,"Pharvaris N.V.","Medical - Biomedical",34.93,+0.92%,8,Buy,"88% Buy",+53.76,+61.34%,32.37,34.66,30.6,35.57,48.16,43.21,14.39,356964,Average,Strong,35.63%,0.7,33.35,37.8,36%
AMG,"Affiliated Managers Group","Finance - Investment Mgmt",360.75,-2.02%,2,Buy,"72% Buy",+53.66,+60.46%,335.73,360.96,321.83,365.41,47.55,42.33,13.66,354363,Weakest,Strong,60.96%,0.8,352.4,378.42,32%
ANL,"Adlai Nortye Group Ltd ADR","Medical - Biomedical",13.63,-3.95%,7,Buy,"72% Buy",+53.34,+706.51%,12.47,12.32,11.21,13.69,51.95,688.38,848.38,453148,Weakening,Average,51.33%,0.54,12.61,14.78,47%
BOLD,"Boundless Bio Inc","Medical - Biomedical",2.89,+2.85%,7,Buy,"100% Buy",+53.10,+158.04%,2.06,2.65,1.75,2.86,61.51,139.91,129.35,527112,Strongest,Maximum,29.08%,0.09,2.73,2.98,63%
IKT,"Inhibikase Therapeutics Inc","Medical - Drugs",2.38,+3.03%,6,Hold,"80% Buy",+52.79,+32.22%,2,2.23,1.93,2.42,51.88,14.09,4.62,1082315,Average,Strong,29.46%,0.65,2.32,2.52,28%
CAH,"Cardinal Health","Medical - Dental Suppliers",239.35,+2.02%,5,Hold,"96% Buy",+52.68,+60.88%,218.6,233.33,218.26,235.35,58.31,42.75,4.99,2031535,Strongest,Average,54.47%,0.65,229.17,241.54,82%
AVAL,"Grupo Aval Acciones Y Valores S ADR","Finance - Investment Mgmt",5.24,0.00%,7,Buy,"88% Buy",+52.39,+57.36%,4.93,5.16,4.73,5.35,47.77,39.23,17.9,188020,Weakening,Good,20.38%,0.62,5.09,5.61,29%
RRBI,"Red River Bancshares Inc","Banks - Southwest",100.15,+0.11%,4,Buy,"88% Buy",+52.15,+53.13%,95.04,98.55,93,101.27,49.06,35,28.73,64034,Weakening,Good,27.65%,0.69,99.36,103.18,21%
PNTG,"The Pennant Group Inc","Medical - Outpatient & Hm Care",37.74,+2.67%,1,Sell,"40% Buy",+52.11,+57.18%,35.81,39.06,34.37,38.57,43.19,39.05,22.59,274306,Average,Good,13.88%,0.82,37.08,40.06,22%
ATLO,"Ames Natl Corp","Banks - Midwest",31.23,-0.83%,9,Buy,"88% Buy",+51.54,+56.31%,29.68,30.59,28.91,31.56,50.3,38.18,24.54,49161,Weakest,Good,41.89%,0.81,31.03,32.09,19%
ACA,"Arcosa Inc","Building & Construction - Misc",145.48,+0.12%,1,Buy,"100% Buy",+51.36,+47.02%,134.35,145.06,127.44,145.17,60.54,28.89,25.35,427168,Average,Strong,70.04%,0.66,144.71,145.62,85%
VBNK,Versabank,"Banks - Foreign",18.97,-1.20%,4,Sell,"24% Buy",+51.14,+72.88%,19.21,20.25,17.9,19.59,41.43,54.75,15.12,73821,Weakening,Soft,24.39%,1.05,18.72,20.47,14%
KRNY,"Kearny Financial","Finance - Savings & Loan",9.77,-1.01%,7,Buy,"100% Buy",+50.37,+44.74%,8.85,9.52,8.47,9.71,54.35,26.61,20.37,445724,Average,Maximum,61.03%,1.15,9.42,9.99,61%
FORR,"Forrester Resrch","Computer - Services",12.23,-0.57%,3,Buy,"100% Buy",+50.19,+25.56%,8.48,10.45,7.72,11.8,62.96,7.43,39.14,120841,Average,Maximum,79.51%,0.51,11.16,12.44,83%
COKE,"Coca-Cola Consolidated Inc","Beverages - Soft",193.16,-1.23%,6,Buy,"100% Buy",+50.16,+64.76%,185.56,186.45,185.9,190.23,54.3,46.63,14.52,523869,Strengthening,Soft,75.72%,0.62,181.72,198.74,67%
ENS,"Enersys Inc","Machinery - Electrical",181.09,-1.51%,4,Sell,"40% Sell",+50.15,+76.41%,209.32,198.08,196.99,191.09,38.32,58.28,11.92,475465,Strengthening,Weak,5.05%,1.34,179.17,203.01,8%
ALRS,"Alerus Financial Corp","Finance - Misc Services",32.61,-0.88%,2,Hold,"80% Buy",+50.05,+46.43%,29.94,32.42,28.1,33.24,45.26,28.3,33.32,162321,Weakening,Strong,37.79%,0.52,32.43,34.05,11%
SPB,"Spectrum Brands Holdings Inc","Consumer Prdts - Misc Discr",86.06,-0.29%,4,Sell,"56% Buy",+49.51,+51.01%,84.13,87.42,80.94,88.36,43.25,32.88,34.19,362428,Weakest,Average,28.82%,0.79,85.76,90.95,6%
AVBP,"Arrivent Biopharma Inc","Medical - Biomedical",30.15,+0.33%,2,Sell,"8% Buy",+48.48,+57.69%,30.49,31.47,28.08,30.26,48.31,39.56,38.37,493136,Weakest,Weak,55.81%,0.68,28.49,32.03,47%
CELC,"Celcuity Inc","Medical - Biomedical",91.98,+3.28%,7,Sell,"88% Sell",+48.20,+79.54%,105.83,94.3,107.33,91.64,50.02,61.41,-19.26,1061101,Average,Average,51.73%,0.92,87.42,95.86,54%
PARK,"Park Dental Partners Inc","Medical Services",21.07,+1.59%,5,Buy,N/A,+48.18,N/A,19.22,20.22,18.7,21.38,52.06,N/A,31.27,N/A,N/A,N/A,20.65%,0.7,19.81,22.94,40%
DNLI,"Denali Therapeutics Inc","Medical - Biomedical",23.26,-2.08%,5,Sell,"56% Buy",+48.15,+52.36%,22.32,24.56,21.69,24.59,41.59,34.23,29.43,1685916,Weakest,Average,16.27%,0.91,23.54,25.64,-13%
NAVN,"Navan Inc Cl A","Internet - Software",27.31,-6.02%,7,Hold,"80% Buy",+47.79,N/A,22.58,26.65,18.58,28.91,45.97,N/A,48.41,2936290,Weakening,Strong,18.79%,0.6,27.5,30.32,-7%
NTCT,"Netscout Systems","Computer - Networks",38,-2.14%,2,Sell,"8% Buy",+47.49,+52.67%,39.11,40.47,36.08,38.92,41.44,34.54,28.95,587373,Weakening,Weak,44.65%,1.48,37.34,40.5,21%
LODE,"Comstock Inc","Waste Removal Svcs",3.29,-0.60%,7,Sell,"40% Sell",+47.48,+35.39%,3.62,3.63,3.43,3.4,43.53,17.26,-23.98,1475670,Average,Minimum,27.62%,0.86,3.12,3.68,31%
FNWB,"First Nw Banc","Banks - West",11.1,-1.42%,2,Sell,"40% Buy",+47.37,+49.19%,10.63,11.3,10.27,11.18,45.12,31.06,6.86,34966,Weakest,Average,30.85%,1.46,10.87,11.49,37%
NSP,"Insperity Inc",Staffing,51.4,-3.66%,4,Buy,"88% Buy",+47.15,-6.92%,40.78,48.98,36.29,51.96,50.89,-25.05,21.27,927789,Weakening,Strong,69.55%,0.87,50.09,53.83,35%
IVZ,"Invesco Limited","Finance - Investment Mgmt",31.99,-2.41%,11,Buy,"88% Buy",+46.96,+46.14%,28.47,30.06,27.35,32.22,52.97,28.01,10.29,5329348,Weakening,Strong,55.54%,1,31.12,33.32,39%
ASH,"Ashland Inc","Chemical - Specialty",75.64,+3.74%,2,Buy,"100% Buy",+46.79,+34.71%,63.82,69.94,61.76,73.86,63.36,16.58,17.44,835676,Strongest,Maximum,63.85%,0.88,71.59,76.13,89%
NGNE,"Neurogene Inc","Medical - Biomedical",37.87,+4.50%,11,Hold,"96% Buy",+46.58,+104.92%,31.9,35.94,27.9,37.21,53.63,86.79,72.35,192357,Strongest,Strong,40.40%,0.55,34.2,40.23,61%
GNK,"Genco Shipping & Trading Ltd","Transportation - Ship",26.03,-0.76%,3,Hold,"96% Buy",+46.16,+54.57%,24.81,25.42,24,25.93,51.56,36.44,29.76,424707,Strengthening,Good,41.70%,1.5,24.69,27.16,54%
ACNB,"Acnb Corp","Banks - Southwest",63.98,-1.55%,2,Buy,"88% Buy",+46.15,+41.17%,57.84,62.42,55.06,64.41,51.82,23.04,20.85,53831,Weakening,Strong,57.43%,1.2,63.41,65.42,29%
CSX,"CSX Corp","Transportation - Rail",48.7,-3.58%,7,Sell,"56% Buy",+45.86,+49.80%,47.66,49.99,45.29,50.67,35.76,31.67,22.86,12800892,Weakest,Good,39.12%,1.35,49.2,52.13,-17%
AGIO,"Agios Pharmaceuticals","Medical - Biomedical",34.21,+1.57%,11,Sell,"56% Buy",+45.42,-9.28%,32.44,35.8,31.36,33.42,51.13,-27.41,14.2,1262829,Strengthening,Soft,38.56%,0.82,31.69,35.14,73%
LEE,"Lee Enterprises Inc","Publishing - Newspapers",7.81,-2.38%,3,Sell,"40% Sell",+45.26,+80.16%,8.67,8.25,8.41,8.19,42.05,62.03,51.57,65424,Strengthening,Minimum,26.61%,0.69,7.85,8.53,-6%
MD,"Pediatrix Medical Group Inc","Medical Services",26.47,+0.91%,2,Hold,"80% Buy",+45.20,+53.81%,24.41,26.11,23.11,26.49,51.56,35.68,12.27,836600,Average,Average,60.98%,0.9,25.9,27.08,48%
KNX,"Knight-Swift Transporation","Transportation - Truck",66.73,-2.60%,6,Sell,"8% Buy",+45.01,+52.00%,71.06,72.55,66.71,69.86,39.7,33.87,16.16,3541116,Weakening,Minimum,16.01%,0.89,66.41,73.31,5%
WBI,"Waterbridge Infrastructure Llc Cl A","Real Estate Operations",32.63,+2.61%,2,Sell,"56% Buy",+44.67,N/A,31.07,32.82,29.03,32.03,52.07,N/A,51.59,845406,Weakening,Good,57.12%,0.88,30.95,33.11,78%
BZH,"Beazer Homes USA","Building - Residential & Comm",33.2,+0.06%,3,Buy,"88% Buy",+43.39,+31.96%,27.7,31.9,26.09,33.22,58.92,13.83,52.31,558539,Average,Strong,46.30%,1,32.8,33.64,48%
TRST,"Trustco Bank Corp NY","Banks - Northeast",56.15,-1.00%,2,Buy,"88% Buy",+43.35,+41.12%,52.75,55.92,49.94,56.65,47.28,22.99,24.38,118847,Weakest,Strong,43.36%,1.42,55.23,58.07,32%
AMTB,"Mercantil Bank Holding Cl A","Banks - Southeast",28.43,-0.98%,1,Buy,"88% Buy",+43.20,+32.23%,25.3,27.52,24.19,28.88,50.07,14.1,34.24,296413,Weakening,Strong,35.39%,0.98,28.28,29.49,12%
EPC,"Edgewell Personal Care","Consumer Prdts - Misc Staple",27.94,-2.72%,2,Hold,"80% Buy",+43.02,+16.32%,24.25,27.83,23.13,28.48,48.48,-1.81,52.39,776503,Weakening,Strong,53.24%,0.6,27.7,29.26,15%
HG,"Hamilton Insurance Group Ltd Cl B","Insurance - Multi Line",35.05,-0.31%,2,Hold,"80% Buy",+42.84,+47.02%,33.05,34.88,31.93,35.19,49.77,28.89,14.15,488042,Weakening,Strong,61.85%,0.52,34.55,35.83,39%
ANNX,"Annexon Inc","Medical - Biomedical",4.89,-1.01%,4,Sell,"72% Sell",+42.16,+137.38%,5.45,5.4,5.48,5.22,41.68,119.25,-14.07,2987029,Strengthening,Weak,16.88%,0.4,4.84,5.6,6%
AVBC,"Avidia Bancorp Inc","Banks - Northeast",21.7,-2.03%,5,Buy,"88% Buy",+42.05,+40.27%,20.6,21.3,20.09,21.92,49.3,22.14,17.61,93979,Weakening,Strong,47.44%,0.94,21.37,22.47,30%
SABS,"Sab Biotherapeutics Inc","Medical - Biomedical",3.7,-0.27%,3,Buy,"40% Sell",+41.56,+77.88%,3.72,3.74,3.81,3.78,47.61,59.75,-12.55,583610,Average,Minimum,32.46%,0.37,3.63,3.92,23%
VOYA,"VOYA Financial Inc","Insurance - Life",101.05,-0.27%,7,Buy,"100% Buy",+41.43,+34.57%,90,98.08,83.5,100.23,55.82,16.44,24.18,1062511,Average,Maximum,73.79%,0.89,97.42,103.03,65%
PBFS,"Pioneer Bancorp Inc","Banks - Northeast",18.02,+3.21%,3,Buy,"100% Buy",+41.27,+37.45%,16.21,17.28,15.52,17.36,63.39,19.32,22.2,14696,Strongest,Maximum,67.12%,0.85,16.89,17.84,119%
FVR,"Frontview REIT Inc","REIT - Equity Trust Other",19.4,+0.52%,1,Sell,"40% Buy",+41.21,+45.10%,19.19,20.36,18.18,19.7,40.26,26.97,19.96,163133,Weakest,Average,30.46%,0.78,19.25,20.15,17%
KYTX,"Kyverna Therapeutics Inc","Medical - Biomedical",8.35,-1.47%,9,Buy,"24% Sell",+41.08,+125.07%,8.54,8.19,8.44,8.3,51.26,106.94,-22.65,1102185,Weakening,Minimum,47.73%,1.69,7.58,9.02,54%
ZVRA,"Zevra Therapeutics Inc","Medical - Drugs",12.06,+2.73%,4,Sell,"56% Buy",+41.00,+32.97%,11.55,12.08,10.75,11.62,55.42,14.84,23.12,1276581,Strengthening,Average,71.41%,0.8,10.91,12.33,81%
LITB,"Lightinthebox Holding Ltd ADR","Internet Services - Delivery",3.02,-0.17%,2,Sell,"40% Buy",+40.96,+151.67%,2.92,3.09,2.78,3.07,47.26,133.54,23.34,11155,Weakest,Weak,50.35%,0.94,2.89,3.24,36%
TYRA,"Tyra Biosciences Inc","Medical - Biomedical",25.3,+1.08%,2,Sell,"88% Sell",+40.27,+99.68%,31,29.3,32.05,25.87,39.11,81.55,-15.25,818011,Strengthening,Average,27.49%,0.64,24.64,27.1,27%
WSBF,"Waterstone Financial","Finance - Savings & Loan",20.84,-0.57%,4,Buy,"88% Buy",+40.22,+39.03%,19.47,20.45,18.99,21.01,51.28,20.9,14.44,61019,Weakening,Strong,43.99%,0.97,20.66,21.36,26%
OBT,"Orange County Bancor","Banks - Northeast",37.5,-1.19%,5,Hold,"64% Buy",+39.77,+40.55%,36.26,37.8,35.11,38.35,43.63,22.42,19.87,56115,Weakest,Good,31.53%,0.5,37.38,39.33,6%
KINS,"Kingstone Cos Inc","Insurance - Proprty & Casualty",19.6,-0.25%,2,Hold,"64% Buy",+39.53,+45.62%,17.86,19.67,17.06,19.78,48.15,27.49,4.98,128137,Weakening,Strong,47.40%,0.42,18.95,20.61,39%
BAP,"Credicorp Ltd","Banks - Foreign",372.52,+1.68%,1,Sell,"40% Buy",+39.36,+44.84%,360.83,384.67,354.63,377.91,45.31,26.71,18.32,417325,Weakest,Average,14.09%,0.98,361.95,393.87,33%
PLBC,"Plumas Bancorp","Banks - West",60.82,-0.67%,5,Hold,"80% Buy",+39.33,+40.17%,56.62,60.58,54.58,61.77,46.73,22.04,24.61,43856,Weakening,Strong,39.85%,0.78,60.28,63.25,18%
UBS,"UBS Group Ag ADR","Banks - Foreign",54.14,-2.84%,7,Buy,"100% Buy",+39.33,+33.61%,49.14,52.59,46.38,53.84,54.56,15.48,5.43,2259566,Average,Strong,74.39%,1.35,52.5,55.17,61%
MS,"Morgan Stanley","Finance - Investment Brokers",211.04,-1.07%,5,Sell,"40% Buy",+39.16,+40.24%,207.56,215.99,194.69,215.13,44.38,22.11,7.4,6153491,Weakest,Average,38.99%,0.68,209.92,220.35,11%
CZFS,"Citizens Fincl Svcs","Banks - Northeast",79.9,-0.55%,6,Buy,"88% Buy",+38.16,+33.26%,71.03,76.67,68.13,81.4,51.47,15.13,28.65,14020,Weakening,Maximum,33.97%,0.81,79.45,83.36,12%
STOK,"Stoke Therapeutics Inc","Medical - Biomedical",30.89,-0.99%,5,Buy,"40% Sell",+38.08,+56.33%,31.59,31.19,32.23,32.17,45.37,38.2,-14.16,791724,Average,Minimum,33.74%,0.79,30.75,33.6,5%
CTW,"Ctw Cl A",Gaming,2.54,-1.93%,6,Buy,"80% Buy",+38.00,+22.71%,2.53,2.52,2.28,2.63,46.51,4.58,35.34,40744,Average,Average,37.84%,0.89,2.37,2.89,32%
BEN,"Franklin Resources","Finance - Investment Mgmt",33.1,-3.07%,3,Hold,"64% Buy",+37.23,+28.99%,31.97,33.67,29.87,34.13,40.98,10.86,27.07,4744376,Weakest,Good,36.76%,0.82,33.05,35.22,2%
LXP,"Lxp Industrial Trust","REIT - Equity Trust Resident",60.81,+0.16%,12,Buy,"100% Buy",+36.64,+33.94%,55.2,58.82,52.92,60.77,61.84,15.81,11.17,619534,Strengthening,Maximum,33.08%,1.38,60.43,61.11,56%
INTG,"Intergroup Corp","Real Estate Developers",34.62,-2.31%,6,Sell,"24% Sell",+36.63,+108.43%,36.98,36.85,35.71,33.7,51.24,90.3,10.46,47641,Weakening,Weak,62.53%,0.93,30.4,37,64%
WST,"West Pharmaceutical Services","Medical - Dental Suppliers",338.65,-0.72%,6,Sell,"40% Buy",+36.44,+37.13%,328.23,350.08,300.35,348.65,40.88,19,11.6,824477,Weakest,Average,13.61%,0.69,339.08,358.22,-2%
PFIS,"Peoples Finl Svcs Company","Banks - Northeast",68.69,+0.03%,2,Hold,"64% Buy",+36.43,+31.06%,63.94,68.98,60.66,70.36,43.33,12.93,29.54,47524,Weakening,Strong,22.86%,0.49,68.52,72.21,5%
IRON,"Disc Medicine Inc","Medical - Biomedical",78.67,+0.03%,8,Hold,"64% Buy",+36.23,+31.90%,72.9,77.18,70.73,79.89,48.97,13.77,-12.41,581115,Average,Weak,50.78%,1.04,76.87,82.91,30%
SNDR,"Schneider National Inc","Transportation - Services",33.61,-2.61%,3,Sell,"24% Buy",+36.17,+35.96%,34.41,36.01,32,35.3,37.97,17.83,15.21,977388,Weakening,Weak,15.58%,1.34,33.88,36.72,-9%
KARO,"KaroOOOO Ltd","Internet - Software",65,-2.27%,5,Buy,"100% Buy",+36.09,+23.45%,54.64,60.63,52.41,64.03,56.37,5.32,31.38,74163,Average,Maximum,70.50%,0.5,60.83,67.24,65%
FSBC,"Five Star Bancorp","Banks - West",45.34,-1.05%,2,Sell,"40% Buy",+35.97,+38.36%,44.53,47.21,42.64,45.97,41.45,20.23,15.24,110529,Weakest,Average,31.87%,1.07,44.43,47.51,30%
SNDA,"Sonida Senior Living Inc","Medical Services",37.8,+0.80%,3,Hold,"32% Buy",+35.72,+45.95%,37.94,40.03,36.58,39.48,42.09,27.82,4.44,425965,Weakest,Average,10.69%,1.14,37.27,41.69,12%
SBFG,"Sb Financial Group","Banks - Northeast",27.79,+0.32%,4,Buy,"100% Buy",+35.71,+32.33%,24.25,26.43,23.17,27.19,58.37,14.2,13.31,19989,Strongest,Maximum,67.18%,0.42,26.22,28.16,81%
RBKB,"Rhinebeck Bancorp Inc","Banks - Northeast",12.58,-0.12%,9,Buy,"88% Buy",+35.59,+31.73%,11.95,12.4,11.51,12.62,51.77,13.6,35.04,48428,Weakening,Good,30.67%,0.91,12.31,12.94,43%
AFRI,"Forafric Global Plc","Agriculture Operations",11.3,+3.76%,4,Buy,"100% Buy",+35.30,+30.03%,10.27,10.56,10.09,10.78,61.29,11.9,-9.03,16434,"Top 1%",Good,44.14%,1.55,10.32,11.23,107%
WEST,"Westrock Coffee Company","Beverages - Soft",7.7,-1.16%,6,Sell,"56% Buy",+35.29,+42.33%,7.63,8.01,6.6,8.2,39.49,24.2,77.71,520523,Weakest,Average,7.77%,0.49,7.8,8.6,-12%
INGM,"Ingram Micro Holding Corp","Technology Services",27.61,-1.99%,2,Hold,Hold,+34.46,+41.08%,28.4,28.36,26.4,28.17,43.97,22.95,17.9,1045488,Steady,,47.85%,1.08,26.94,29.4,27%
FCBC,"First Community Bksh","Banks - Southeast",48.12,-0.76%,5,Hold,"80% Buy",+34.44,+26.70%,44.89,46.94,43.29,48.85,48.55,8.57,31.18,75752,Weakening,Strong,33.17%,1.01,47.91,49.8,11%
PEBK,"Peoples Bancorp NC","Banks - Southeast",43.2,-1.14%,5,Buy,"72% Buy",+34.44,+36.36%,42.36,43.32,41.05,43.91,45.78,18.23,7.86,27758,Weakest,Average,27.65%,0.4,42.59,45.22,23%
SLP,"Simulations Plus Inc","Computer - Software",18.42,+0.11%,12,Buy,"100% Buy",+33.83,+29.99%,16.84,18.31,15.49,18.37,63.93,11.86,-10.44,369586,Strengthening,Good,86.11%,0.46,18.29,18.44,87%
PDLB,"Ponce Financial Group Inc","Finance - Misc Services",19.92,-1.78%,6,Hold,"64% Buy",+33.78,+34.23%,19.2,20.17,18.35,20.36,43.3,16.1,10.35,75405,Weakest,Strong,31.52%,1.56,19.86,20.87,6%
CASS,"Cass Information Sys","Computer - Services",55.2,-1.62%,6,Hold,"80% Buy",+33.57,+28.01%,51,54.78,48.93,57.23,42.4,9.88,21.47,82876,Average,Strong,54.17%,1.05,55.66,58.79,-15%
ZURA,"Zura Bio Ltd","Medical - Biomedical",5.65,+1.99%,6,Hold,"64% Buy",+33.41,+176.96%,5.04,5.48,5.43,5.79,49.42,158.83,-3.66,838487,Weakening,Weak,14.28%,0.82,5.36,6.21,34%
TECH,"Bio-Techne Corp","Medical - Biomedical",72.18,-0.18%,5,Buy,"88% Buy",+33.24,+32.13%,61.85,71.22,60.23,72.27,61.37,14,11.25,3107800,Weakening,Strong,41.24%,0.55,71.98,72.56,35%
WAT,"Waters Corp","Medical Instruments",405.84,-2.12%,10,Buy,"88% Buy",+33.21,+34.47%,365.3,389.07,350.43,410.56,52.07,16.34,-4.63,923701,Average,Strong,52.02%,0.61,399.05,422.07,30%
SLAB,"Silicon Labs Inc","Semi Analog & Mixed",219.12,+0.03%,3,Buy,"100% Buy",+33.19,+63.10%,217.5,218.19,211.46,218.65,57.13,44.97,56.17,479335,Average,Average,69.16%,0.91,217.86,219.44,80%
JAKK,"Jakks Pacific Inc","Toys & Game & Hobby",24.71,-1.59%,1,Hold,"80% Buy",+33.14,+39.05%,23.38,24.6,22.21,25.47,43.49,20.92,34.91,94455,Weakening,Strong,30.98%,0.61,24.86,26.07,-12%
UNFI,"United Nat Foods","Food - Misc & Diversified",44.64,+1.78%,1,Sell,"24% Sell",+32.69,+57.85%,49.11,48.13,46.23,47.18,37.83,39.72,21.1,736823,Average,Minimum,7.69%,1.06,44.73,49.64,-2%
BPRN,"Princeton Bancorp Inc","Banks - Northeast",42.26,+0.09%,3,Buy,"88% Buy",+32.66,+23.71%,38.03,40.42,36.94,42.51,56.41,5.58,10.34,14837,Average,Maximum,21.38%,1.08,41.64,43.38,36%
MOH,"Molina Healthcare Inc","Medical - HMO",203.06,+2.16%,6,Sell,"56% Buy",+32.16,+12.29%,196.3,210.95,179.97,200.36,50.67,-5.84,5.53,1448702,Strengthening,Soft,27.50%,0.55,191.32,209.4,65%
MYFW,"First Western Financial Inc","Banks - Midwest",30.43,-1.74%,3,Sell,"40% Buy",+32.04,+30.27%,30.17,31.9,28.47,31.27,39.57,12.14,2.02,39798,Weakest,Average,25.11%,0.35,30.32,32.21,6%
FUSB,"First US Bancshares Inc","Banks - Southeast",16.4,0.00%,2,Sell,"40% Buy",+32.01,+31.73%,16.26,16.53,15.89,16.49,47.86,13.6,5.91,9752,Weakest,Soft,45.41%,0.57,16.25,16.73,31%
GWW,"W.W. Grainger","Industrial Services",1309.21,-0.02%,1,Sell,"56% Buy",+32.00,+29.18%,1286.15,1341.75,1228.84,1307.49,46.34,11.05,18.27,282280,Weakest,Average,32.80%,0.67,1279.16,1335.83,53%
TSBK,"Timberland Bancorp","Finance - Savings & Loan",45.02,-1.25%,7,Hold,"80% Buy",+31.93,+34.59%,42.91,44.86,41.63,45.89,45.68,16.46,14.27,29471,Weakening,Strong,13.42%,0.93,44.81,46.96,10%
WSBK,"Winchester Bancorp Inc","Banks - Northeast",12.97,+0.08%,4,Sell,"40% Buy",+31.63,+37.26%,12.93,13.02,12.81,13,46.54,19.13,12.63,9076,Weakest,Weak,14.51%,0.16,12.96,13.03,16%
SAIC,"Science Applications International","IT Services",126.78,-1.12%,11,Buy,"100% Buy",+31.32,+7.71%,109.71,118.89,104.6,126.33,56.39,-10.42,14.47,592733,Strengthening,Maximum,28.05%,1.24,122.62,130.04,56%
RAMP,"Liveramp Holdings Inc","Technology Services",37.82,+0.27%,3,Hold,"88% Buy",+31.30,+35.46%,35.42,37.73,32.34,37.73,55.42,17.33,17.29,1012436,Average,Strong,66.37%,1.17,37.52,37.94,71%
FBLA,"Fb Bancorp Inc","Banks - Southeast",15.59,-0.57%,6,Hold,"80% Buy",+31.28,+30.13%,14.77,15.44,14.3,15.69,49.37,12,9.84,115967,Weakening,Strong,45.28%,1.47,15.47,15.91,27%
VMET,"Versamet Royalties Corp","Mining - Misc",9.93,-3.12%,8,Buy,"56% Sell",+31.20,+83.89%,11.1,10.11,10.83,10.22,45.97,65.76,1.23,159402,Strengthening,Soft,25.73%,1.51,9.59,10.86,27%
BSAC,"Banco Santander Chile ADR","Banks - Foreign",34.87,+0.35%,7,Buy,"88% Buy",+31.12,+45.05%,33.12,34.07,33.37,35.01,51.36,26.92,0.61,367741,Average,Soft,42.64%,1.22,33.92,36.11,43%
AA,"Alcoa Corp","Metal Products - Distribution",50.9,+1.90%,7,Buy,"24% Sell",+31.09,+58.12%,58.45,48.91,59.74,50.51,52.21,39.99,-15.7,6111094,Weakest,Soft,30.33%,0.82,47.65,53.37,57%
USCB,"Uscb Financial Hldgs Inc","Banks - Southeast",22.26,+0.09%,2,Buy,"88% Buy",+30.84,+28.00%,20.14,21.43,19.76,22.39,54.45,9.87,9.37,52146,Average,Maximum,18.19%,0.84,22.12,22.66,26%
GS,"Goldman Sachs Group","Finance - Investment Brokers",1002.56,-1.80%,3,Sell,"24% Buy",+30.72,+34.53%,1012.37,1046.81,965.97,1035.72,41.2,16.4,2.58,2188625,Weakest,Weak,33.27%,0.94,1007.08,1064.36,-8%
ESEA,"Euroseas Ltd","Transportation - Ship",76.73,-0.13%,1,Buy,"100% Buy",+30.69,+23.22%,71.12,73.1,68.35,75.3,55.19,5.09,29.05,57758,Strengthening,Strong,65.89%,1.01,72.36,78.23,74%
BCH,"Banco DE Chile ADR","Banks - Foreign",41.45,+0.83%,5,Buy,"80% Buy",+30.62,+44.27%,39.4,40.74,39.83,41.45,51.14,26.14,-2.4,346597,Weakening,Soft,50.19%,0.94,40.05,42.86,50%
DCOM,"Dime Commercial Bancshares Inc","Banks - Southeast",39.45,-2.35%,2,Hold,"64% Buy",+30.48,+28.25%,38.72,40.36,37.06,40.54,38.19,10.12,19.63,297215,Weakest,Good,32.47%,1.23,39.64,41.45,-10%
LAUR,"Laureate Education Inc",Schools,37.26,-0.72%,7,Buy,"72% Buy",+30.21,+35.59%,35.56,37.78,35.05,37.8,45.92,17.46,-0.82,1334743,Weakest,Average,45.60%,1.05,36.54,39.05,29%
WERN,"Werner Enterprise","Transportation - Truck",37.84,-3.42%,5,Sell,"8% Buy",+30.05,+31.16%,39.31,40.72,36.88,38.06,44.37,13.03,14.61,1104028,Weakening,Weak,66.65%,0.57,36.52,39.59,43%
CCSI,"Consensus Cloud Solutions","Internet - Software",36.13,-5.54%,6,Hold,"64% Buy",+29.97,+35.98%,33.55,37.24,31.31,37.9,44.04,17.85,54.1,177600,Weakest,Strong,29.12%,1.59,35.7,40.09,10%
LXFR,"Luxfer Holdings Plc","Machinery - General Industrial",17.19,+0.06%,7,Buy,"72% Buy",+29.94,+28.09%,16.44,17.23,15.45,17.12,53.89,9.96,15.57,199442,Weakening,Average,76.92%,1.29,17.04,17.2,92%
HSIC,"Henry Schein Inc","Medical - Dental Suppliers",88.52,-1.43%,2,Buy,"88% Buy",+29.91,+27.22%,81.4,86.95,79.85,89.32,50.79,9.09,5.64,1329641,Average,Strong,41.60%,0.57,87.8,90.85,24%
TFSL,"Tfs Financial Corp","Finance - Savings & Loan",17.38,-0.52%,1,Sell,"40% Buy",+29.83,+23.61%,16.66,17.79,15.85,17.6,42.86,5.48,18.42,807219,Weakest,Average,29.62%,0.85,17.09,18.11,28%
ENTA,"Enanta Pharmaceutica","Medical - Biomedical",13.51,+1.35%,7,Buy,"8% Sell",+29.59,+60.83%,13.46,13.56,13.46,13.53,50.45,42.7,-25.81,226329,Weakest,Minimum,36.18%,0.98,12.86,14.2,49%
FRAF,"Franklin Finl Svcs Corp","Banks - Northeast",61.24,-1.15%,3,Sell,"40% Buy",+29.58,+31.13%,60.21,62.73,56.99,62.62,39.6,13,10.51,40839,Weakest,Average,26.80%,1.55,60.84,64.4,11%
LSBK,"Lake Shore Bancorp","Finance - Savings & Loan",17.25,+0.06%,1,Buy,"100% Buy",+29.55,+28.35%,16.51,17.13,16.12,17.18,56.56,10.22,6.19,10114,Strengthening,Strong,75.10%,0.74,17.05,17.3,79%
DLTR,"Dollar Tree Inc","Retail - Discount",131.71,+4.04%,5,Hold,"80% Buy",+29.44,+20.65%,114.06,126.44,115,130.15,54.87,2.52,-4.41,3281216,Strengthening,Good,56.66%,0.74,125.38,134.93,66%
ELV,"Elevance Health Inc","Medical Services",403.04,+2.67%,9,Hold,"96% Buy",+29.44,+26.48%,385.61,395.06,361.33,396.98,55.69,8.35,3.49,1647854,Strongest,Good,43.29%,0.85,388.86,405.1,87%
HTO,"H2O America","Waste Removal Svcs",63.8,+0.68%,6,Buy,"100% Buy",+29.24,+26.66%,60.11,62.57,58.68,63.16,54.99,8.53,18.75,475031,Strongest,Strong,64.41%,0.84,61.49,64.82,69%
KNOP,"Knot Offshore Partners LP","Transportation - Ship",10.97,+1.57%,9,Buy,"72% Buy",+29.16,+31.85%,10.63,10.5,10.52,10.64,61.71,13.72,-5.49,98251,Strongest,Weak,78.08%,1.02,10.39,10.9,114%
NUAI,"New Era Energy & Digital Inc","Other Alt Energy",4.85,+2.21%,8,Sell,"24% Buy",+28.93,+873.90%,4.91,5.04,4.93,5.12,47.46,855.77,54.05,6473257,Weakest,Minimum,15.98%,0.71,4.61,5.64,23%
VRNS,"Varonis Systems Inc",Security,42.35,-3.24%,5,Hold,"48% Buy",+28.88,-28.24%,36.11,43.25,32.12,42.8,48.82,-46.37,17.64,2429722,Weakest,Average,57.16%,0.86,40,45.59,42%
PAG,"Penske Automotive Group","Retail - Wsale Auto & Trucks",216.92,+0.15%,1,Buy,"88% Buy",+28.85,+17.63%,186.67,205.83,176.42,217.35,56.69,-0.5,25.56,310768,Average,Strong,19.94%,0.67,215.13,219.56,40%
FNLC,"First Bancorp Inc","Banks - Northeast",33.95,-0.90%,2,Sell,"56% Buy",+28.80,+24.91%,31.96,34.72,30.71,34.97,41.25,6.78,16.92,24139,Weakest,Strong,18.47%,0.43,33.97,35.98,-1%
HRMY,"Harmony Biosciences Holdings Inc","Medical - Biomedical",41.25,+4.75%,5,Buy,"100% Buy",+28.72,+11.82%,34.31,37.08,33.14,39.01,65.6,-6.31,-1.24,818560,"Top 1%",Maximum,71.40%,1.12,37.41,40.61,120%
EQIX,"Equinix Inc","REIT - Equity Trust Retail",1027.59,-1.83%,7,Buy,"40% Buy",+28.69,+30.71%,1062.68,1049.73,1020.79,1064.19,41.59,12.58,22.64,597451,Weakest,Weak,16.36%,0.83,1023.43,1104.94,5%
BSRR,"Sierra Bancorp","Banks - West",39.42,-0.50%,3,Sell,"40% Buy",+28.50,+28.57%,39.22,40.73,37.86,40.16,39.19,10.44,9.14,59738,Weakest,Soft,17.60%,0.71,39.03,41.29,17%
PBA,"Pembina Pipeline Cor","Oil - Production & Pipeline",49.03,+0.68%,8,Sell,"72% Buy",+28.50,+29.81%,47.57,48.69,46.38,48.52,52.33,11.68,17.34,1296908,Average,Average,37.69%,1.04,47.37,49.67,72%
ASND,"Ascendis Pharma ADR","Medical - Biomedical",260.25,-1.06%,9,Hold,"80% Buy",+28.48,+33.96%,243.82,256.15,238.3,252.48,57.68,15.83,10.57,682307,Strengthening,Strong,60.97%,0.92,242.82,262.13,90%
NWFL,"Norwood Financial Corp","Banks - Northeast",33.97,-0.56%,1,Buy,"88% Buy",+28.39,+25.54%,31.65,32.89,31.07,34.04,54.43,7.41,9.63,31774,Weakening,Strong,52.69%,0.81,33.48,34.6,44%
CZNC,"Citizens Nrthn Corp","Banks - Northeast",25.32,-0.08%,3,Buy,"88% Buy",+28.33,+25.35%,23.17,24.45,23,25.64,51.97,7.22,14.05,56896,Weakening,Strong,31.75%,0.68,25.06,26.21,22%
IMTX,"Immatics NV","Medical - Biomedical",9.43,-1.05%,7,Sell,"64% Sell",+28.32,+85.27%,10.06,9.43,10,9.36,51.75,67.14,-21.67,485587,Average,Weak,67.72%,1.26,8.7,10.02,55%
ICLR,"Icon Plc","Medical Services",161.4,-2.18%,9,Sell,"40% Buy",+28.17,-9.30%,146.32,167.47,136.24,167.58,42.49,-27.43,-22.91,1241725,Weakest,Weak,26.07%,0.76,160.08,175.08,9%
FXNC,"First Natl Corp Strasburg VA","Banks - Northeast",30.3,-0.82%,1,Hold,"64% Buy",+28.10,+29.71%,29.39,30.56,28.59,31.35,41.79,11.58,8.57,56789,Weakest,Strong,11.32%,0.33,30.24,32.45,3%
NVCR,"Novocure Ltd Ord Sh","Medical - Biomedical",17.38,-1.53%,7,Buy,"100% Buy",+27.75,+40.96%,16.14,16.61,14.71,17.3,51.8,22.83,22.94,1705270,Strengthening,Strong,56.43%,0.51,16.03,18.57,53%
ESP,"Espey Mfg. & Electronics","Electronics - Military",62.22,-0.62%,6,Buy,"56% Buy",+27.72,+33.92%,62.74,61.7,60.69,63.23,49.56,15.79,20.54,31446,Weakest,Weak,17.87%,0.49,60.98,65.49,28%
RUSHB,"Rush Enterprises  Cl B","Retail - Wsale Auto & Trucks",49.46,-4.57%,3,Sell,"56% Buy",+27.63,+27.83%,48.77,51.35,46.62,52.21,38.24,9.7,20.39,97098,Weakest,Average,21.59%,0.5,50.35,54.08,-24%
BH.A,"Biglari Holdings Inc Cl A","Retail - Restaurants",1972.4399,+0.77%,1,Sell,"56% Buy",+27.53,+26.30%,1771.93,1958.51,1800.41,1946.47,54.31,8.17,1.88,18774,Average,Average,56.75%,1.01,1892.66,2000.29,74%
CURB,"Curbline Properties Corp","REIT - Equity Trust Retail",29.59,-0.80%,1,Sell,"40% Buy",+27.53,+31.34%,29.45,30.45,28.42,29.86,42.63,13.21,16.01,979314,Weakest,Average,37.28%,1.04,29.39,30.33,21%
TNET,"Trinet Group Inc",Outsourcing,66.94,-4.77%,3,Hold,"80% Buy",+27.26,-7.57%,52.71,62.5,49.04,68.78,49.51,-25.7,1.73,438177,Average,Strong,54.74%,1.76,66.07,71.49,16%
PCB,"Pcb Bancorp","Banks - Southwest",27.21,-0.44%,4,Sell,"40% Buy",+26.81,+23.12%,26.48,28.3,25.18,27.85,39.41,4.99,14.2,29419,Weakest,Average,14.33%,0.83,27.06,28.64,10%
RLGT,"Radiant Logistics","Transportation - Air Freight",8.29,-2.93%,6,Sell,"8% Buy",+26.74,+28.13%,8.66,8.87,8.18,8.54,39.34,10,19.48,150387,Weakening,Weak,33.35%,1.39,8.24,8.84,8%
KFY,"Korn/Ferry International",Staffing,84.65,-1.05%,7,Buy,"100% Buy",+26.34,+14.18%,73.48,79.12,70.1,84.21,57.83,-3.95,16.74,502956,Average,Maximum,62.74%,0.7,82.43,85.98,62%
BVFL,"Bv Financial Inc MD","Banks - Northeast",21.22,-0.09%,3,Hold,"64% Buy",+26.26,+26.46%,20.57,21.26,20.11,21.32,49.69,8.33,5.5,17671,Weakest,Average,46.11%,0.55,20.86,21.78,39%
ACOG,"Alpha Cognition Inc","Medical - Biomedical",9.17,-1.08%,9,Buy,"100% Buy",+26.18,+10.48%,7.31,8.43,6.75,9.12,53.47,-7.65,29.6,79051,Strengthening,Maximum,51.55%,1.4,8.31,9.92,53%
MVBF,"Mvb Financial Corp","Banks - Northeast",30.25,-0.07%,2,Hold,"80% Buy",+26.17,+23.98%,28.06,29.7,27.59,30.34,52.24,5.85,5.63,49508,Average,Strong,52.69%,1.16,29.78,30.89,42%
CMT,"Core Molding Technologies Inc","Rubber & Plastics",24.72,-1.32%,5,Buy,"56% Buy",+26.16,+28.75%,24.73,24.52,23.23,25.43,46.19,10.62,11.81,27699,Weakest,Soft,12.68%,0.61,24.23,26.62,20%
ECBK,"ECB Bancorp Inc","Banks - Northeast",20.61,-0.43%,7,Buy,"88% Buy",+26.09,+21.09%,19.39,20.34,18.7,20.64,51.82,2.96,7.04,11293,Weakening,Strong,63.93%,0.49,20.23,21.04,47%
LARK,"Landmark Bancorp Inc","Finance - Savings & Loan",31.53,-0.77%,6,Hold,"80% Buy",+25.77,+24.62%,29.62,31.39,28.59,32.01,46.68,6.49,8.93,9121,Weakening,Strong,33.60%,0.75,31.54,32.47,0%
HPQ,"HP Inc","Computer - Micro",31.32,+4.33%,6,Buy,"100% Buy",+25.57,+9.74%,24.55,26.67,22.69,29.74,61.88,-8.39,29.09,17585984,"Top 1%",Maximum,71.25%,0.98,28.15,31.34,99%
ISTR,"Investar Holding","Banks - Southeast",29.76,-1.23%,4,Hold,"64% Buy",+25.50,+26.96%,29.22,29.96,28.88,30.32,43.54,8.83,-0.1,132365,Weakest,Soft,31.64%,0.46,29.6,31.04,11%
TBPH,"Theravance Bio Ord","Medical - Drugs",17.03,-0.06%,14,Buy,"32% Buy",+25.17,+22.69%,16.74,16.97,16.78,16.97,59.67,4.56,-20.46,565638,Weakening,Minimum,68.29%,1.25,16.87,17.08,78%
BH,"Biglari Holdings Inc","Retail - Restaurants",390.01,+0.39%,1,Hold,"64% Buy",+24.95,+25.46%,344.92,389.87,347.59,386.37,53.91,7.33,5.84,105959,Strengthening,Average,49.55%,2.01,375.9,396.83,67%
MBWM,"Mercantile Bank Corp","Banks - Midwest",59.14,-1.04%,4,Hold,"80% Buy",+24.89,+20.08%,55.69,59.04,54.43,60.5,44.8,1.95,11.47,113003,Weakening,Strong,33.06%,0.83,58.97,62.04,6%
SBUX,"Starbucks Corp","Retail - Restaurants",106.15,-0.09%,3,Buy,"88% Buy",+24.81,+20.37%,103.23,105.26,100.67,106.6,50.19,2.24,14.57,8210707,Average,Good,50.17%,0.65,103.96,109.25,41%
CTO,"Cto Realty Growth Inc","REIT - Equity Trust Other",21.5,+0.75%,1,Sell,"48% Buy",+24.45,+24.42%,21.01,21.76,20.29,21.76,44.64,6.29,5.3,314030,Weakening,Good,20.42%,0.71,21.35,22.18,18%
MIRM,"Mirum Pharmaceuticals Inc","Medical - Biomedical",98.34,+0.30%,3,Sell,"8% Sell",+24.29,+33.13%,104.35,109.9,101.64,98.95,42.64,15,13.02,840789,Weakest,Minimum,30.54%,0.52,94.22,103.69,44%
HWBK,"Hawthorn Bancshares","Banks - Northeast",38.74,-0.44%,4,Hold,"64% Buy",+24.08,+15.88%,37.35,39.07,36.21,39.53,43.43,-2.25,-0.41,10188,Weakest,Strong,33.40%,0.88,38.59,40.46,8%
TTRX,"Turn Therapeutics Inc","Medical - Biomedical",9.82,+2.29%,5,Buy,"96% Buy",+23.99,N/A,6.76,8.96,5.69,9.82,54.45,N/A,137.76,56756,Strengthening,Maximum,38.99%,0.51,9.22,10.41,50%
SVRA,"Savara Inc","Medical - Drugs",5.35,-0.74%,5,Sell,"40% Sell",+23.95,+63.11%,5.47,5.68,5.47,5.52,44.53,44.98,-22.76,1921905,Weakening,Weak,26.21%,0.58,5.2,5.84,23%
SOTK,"Sono-Tek Corp","Electronics - Semiconductors",4.95,-6.78%,4,Sell,"24% Buy",+23.94,+45.59%,5.1,5.31,4.77,5.22,43.39,27.46,8.37,32376,Weakest,Soft,22.50%,0.37,4.91,5.53,6%
BCAL,"California Bancorp","Banks - Southwest",21.09,-0.89%,4,Hold,"64% Buy",+23.91,+25.24%,20.05,21.15,19.44,21.4,45.51,7.11,1.48,210489,Weakening,Good,35.03%,0.67,21.01,21.78,10%
ACNT,"Ascent Industries Co.","Machinery - General Industrial",15.1,-0.46%,2,Hold,"48% Buy",+23.52,+23.57%,14.57,15.14,14.71,15.21,48.51,5.44,-18.21,82246,Weakest,Weak,50.64%,0.34,14.62,15.8,40%
NPCE,"Neuropace Inc","Medical Instruments",14.74,+0.61%,6,Sell,"72% Sell",+23.52,+61.09%,15.72,15.18,15.29,14.42,51.76,42.96,-16.01,204225,Weakening,Weak,59.60%,0.66,13.69,15.15,72%
TEO,"Telecom Argentina Stet France Telecom ADR","Wireline Non-US",13.1,-1.36%,3,Sell,"56% Buy",+23.09,+45.56%,13.02,13.37,12.58,13.41,44.12,27.43,1.35,327596,Weakening,Weak,33.94%,0.41,12.79,14.04,25%
WFCF,"Where Food Comes From Inc","Consumer Services - Misc",14.12,+9.88%,7,Buy,"100% Buy",+22.88,+17.67%,12.49,12.58,12.25,12.73,63.05,-0.46,11.41,8993,"Top 1%",Average,37.93%,2.73,11.78,13.67,124%
BOW,"Bowhead Specialty Holdings Inc","Insurance - Proprty & Casualty",33.61,+0.27%,1,Buy,"100% Buy",+22.86,+8.21%,28.95,31.92,27.22,33.57,61.19,-9.92,6.28,234400,Strengthening,Maximum,32.05%,1.26,33.36,33.78,61%
PINE,"Alpine Income Property Trust Inc","REIT - Equity Trust Other",19.54,+0.41%,1,Sell,"8% Buy",+22.84,+27.96%,19.81,20.21,19.53,19.69,42.8,9.83,5.39,170603,Weakest,Minimum,30.63%,0.65,19.36,20.02,28%
LILA,"Liberty Latin America Cl A","Wireless National",8.56,-0.58%,4,Buy,"88% Buy",+22.76,+6.20%,7.86,7.94,7.9,8.51,55.93,-11.93,4.35,462740,Strengthening,Average,74.38%,0.42,8.24,8.77,60%
CCEP,"Coca-Cola Europacific Partners Plc","Beverages - Soft",107.6,-0.39%,1,Buy,"88% Buy",+22.63,+21.09%,100.61,106.34,99.86,107.77,50.64,2.96,7.15,1793795,Average,Strong,57.34%,0.71,105.46,110.09,46%
BALL,"Ball Corporation","Containers - Metal & Glass",62.77,0.00%,1,Hold,"64% Buy",+22.52,+19.24%,60.51,62.79,61.21,62.93,48.55,1.11,7.02,2456278,Weakest,Weak,56.47%,0.78,61.22,64.64,45%
HNVR,"Hanover Bancorp Inc","Banks - Northeast",26.69,-0.11%,7,Buy,"88% Buy",+22.40,+18.36%,24.31,25.56,23.5,27.12,51.73,0.23,4.01,31900,Weakening,Maximum,22.56%,0.49,26.6,27.64,8%
DSP,"Viant Technology Inc","Technology Services",12.63,-1.94%,5,Buy,"88% Buy",+22.32,+21.44%,11.8,12.35,11.43,12.75,51.21,3.31,-6.58,244346,Average,Average,46.44%,0.76,11.87,13.63,43%
MDGL,"Madrigal Pharmaceuticals Inc","Medical - Drugs",538.71,-0.24%,7,Sell,"72% Buy",+22.09,+23.04%,518.64,527.72,502.1,524.03,54.86,4.91,-18.97,338767,Strengthening,Weak,76.85%,0.45,498.82,549.24,79%
CZWI,"Citizens Community","Finance - Savings & Loan",20.7,-0.62%,1,Sell,"8% Buy",+21.97,+25.23%,21.43,22.09,20.54,20.95,40.02,7.1,4.68,53014,Weakening,Weak,51.15%,0.56,20.32,21.57,30%
COSO,"Coastalsouth Bancshares Inc","Banks - Southeast",27.19,-0.80%,4,Hold,"80% Buy",+21.90,+25.42%,26.47,27.18,25.85,27.57,46.36,7.29,5.47,93084,Weakest,Strong,43.52%,0.71,27.01,28.12,16%
HELE,"Helen of Troy Ltd","Cosmetics & Toiletries",28.51,-5.28%,5,Buy,"88% Buy",+21.71,+16.13%,26.22,28.36,23.02,29.07,48.94,-2.,22.68,669111,Weakening,Good,55.09%,0.82,27.7,30.44,30%
MCBS,"Metrocity Bankshares Inc","Banks - Southeast",34.63,-0.55%,5,Sell,"40% Buy",+21.33,+15.66%,34.13,35.71,32.35,35.58,38.28,-2.47,19,81579,Weakest,Average,18.61%,0.79,34.65,36.51,-1%
CNX,"CNX Resources Corp","Oil - US Exploration & Product",37.56,+3.24%,7,Buy,"24% Buy",+21.32,+28.63%,35.3,34.61,36.85,35.89,69.11,10.5,-9.33,1989431,Average,Minimum,75.75%,0.88,34.63,37.16,116%
ACCL,"Acco Group Holdings Limited",Consulting,2.96,+1.02%,2,Buy,"88% Buy",+21.27,N/A,1.9,2.32,1.75,2.89,71.05,N/A,-2.25,410934,Strongest,Strong,78.16%,0.08,2.79,2.98,89%
TTC,"Toro Company","Tools - Hand Held",97.96,+0.15%,7,Buy,"88% Buy",+21.27,+20.85%,94.28,96.14,95.05,98.47,51.84,2.72,12.96,858471,Average,Soft,49.83%,1.38,96.43,100.51,38%
TLYS,"Tilly's Inc","Retail - Apparel & Shoes",3.96,+1.02%,4,Sell,"8% Buy",+21.14,+101.02%,4.29,4.01,3.66,3.95,50.56,82.89,87.51,580923,Weakest,Weak,52.78%,2.02,3.62,4.28,52%
OVBC,"Ohio Valley Banc Corp","Banks - Midwest",45.15,-1.28%,8,Buy,"40% Buy",+21.02,+22.01%,45.25,43.8,44.4,44.8,54.69,3.88,1.44,23500,Weakest,Weak,63.65%,0.39,43.2,46.39,61%
CACC,"Credit Acceptance","Finance - Consumer Loans",594.18,-0.93%,3,Sell,"56% Buy",+20.91,+15.44%,568.77,601.61,536.84,588.21,51.72,-2.69,22.51,162633,Weakest,Average,68.49%,1.11,567.54,608.88,64%
FHI,"Federated Investors","Finance - Investment Mgmt",62.17,-2.33%,3,Hold,"80% Buy",+20.83,+17.08%,58.53,60.66,57.56,63.82,45.99,-1.05,7.92,680503,Weakening,Strong,35.14%,1.05,62.24,65.4,-2%
LILAK,"Liberty Latin America Cl C","Wireless National",8.47,-0.94%,3,Buy,"40% Buy",+20.46,+2.79%,7.89,7.86,7.95,8.42,56.21,-15.34,2.06,1084354,Weakening,Weak,81.05%,0.57,8.2,8.64,61%
BLCO,"Bausch & Lomb Corp","Medical Services",17.88,+2.29%,5,Buy,"88% Buy",+20.41,+22.21%,16.25,16.67,16.46,17.09,68.72,4.08,-6.8,421462,Strongest,Good,78.00%,1.57,16.45,17.73,112%
CWBC,"Community West Bank","Finance - Misc Services",25.73,-0.77%,4,Sell,"40% Buy",+20.37,+20.68%,25.2,26.23,24.65,25.81,46.91,2.55,2.88,233191,Weakest,Average,43.11%,0.5,25.17,26.44,44%
AGL,"Agilon Health Inc","Medical Services",87.47,-0.48%,2,Sell,"40% Buy",+20.27,+173.34%,84.67,103.27,61.03,93.42,41.02,155.21,396.55,347733,Weakest,Average,33.36%,0.29,83.35,103.49,20%
PROV,"Provident Financial","Finance - Savings & Loan",18.31,0.00%,10,Buy,"100% Buy",+20.12,+18.05%,17.33,17.62,16.95,18.09,70.78,-0.08,3.6,8266,Strengthening,"Top 1%",61.23%,1.34,17.75,18.43,82%
RSVR,"Reservoir Media Inc","Media Conglomerates",9.63,-0.31%,2,Sell,"24% Sell",+20.08,+22.21%,10.13,10.13,9.68,9.88,38.6,4.08,15.73,74962,Strengthening,Minimum,26.66%,0.94,9.52,10.23,15%
GLNG,"Golar Lng Ltd","Oil - International Integrated",52.33,+1.63%,7,Buy,"72% Buy",+19.90,+19.42%,51.74,50.47,50.17,51.46,57.98,1.29,29.15,1514902,Strengthening,Soft,21.48%,1,50.01,52.91,80%
GNW,"Genworth Financial Inc","Insurance - Life",10,+0.60%,4,Buy,"100% Buy",+19.87,+16.69%,9.33,9.78,9.04,9.91,57.32,-1.44,-0.74,3279286,Strongest,Strong,41.01%,1.34,9.65,10.16,68%
FCEL,"Fuelcell Energy Inc","Other Alt Energy",17.08,-0.87%,5,Sell,"24% Buy",+19.82,+306.67%,18.99,21.69,15.11,19.8,40.24,288.54,122.17,6334354,Weakest,Soft,6.82%,0.57,16.77,22.84,5%
LCNB,"Lcnb Corp","Banks - Northeast",18.84,-2.53%,2,Hold,"64% Buy",+19.62,+16.44%,17.83,19.11,17.47,19.63,41.45,-1.69,3.47,30198,Weakest,Strong,20.85%,0.42,19,20.25,-13%
FCCO,"First Community Corp","Banks - Southeast",32.96,-0.42%,1,Hold,"64% Buy",+19.57,+20.87%,31.96,33.42,31.09,33.91,41.86,2.74,-0.32,68127,Weakest,Good,21.39%,0.48,32.96,34.87,0%
RGS,"Regis Corp","Retail - Misc & Diversified",28.79,+5.46%,5,Hold,"64% Buy",+19.48,+29.98%,27.53,27.67,26.02,27.45,61.87,11.85,-7.73,8917,Strengthening,Soft,37.47%,7.79,26.14,28.76,101%
NREF,"Nexpoint Real Estate Finance Inc","REIT - Mortgage Trusts",17.29,+0.35%,4,Buy,"100% Buy",+19.45,+15.27%,15.84,16.68,15.29,17.22,53.75,-2.86,11.32,56729,Strengthening,Maximum,43.78%,0.53,16.55,17.88,55%
JOYY,"Joyy Inc ADR","Internet - Services",74.04,-0.80%,5,Buy,"88% Buy",+19.45,+36.96%,67,71.93,65.01,74.13,53.18,18.83,2.85,346359,Weakening,Strong,28.76%,0.96,72.64,75.61,47%
NECB,"Northeast Community Bancorp","Banks - Northeast",26.2,-0.57%,3,Hold,"48% Buy",+19.39,+16.19%,25.67,26.77,25.09,26.61,42.92,-1.94,4.4,44296,Weakest,Good,28.96%,0.71,26.02,27.2,16%
EIG,"Employers Holdings Inc","Insurance - Accident & Health",49.12,+0.06%,1,Sell,"56% Buy",+19.15,+13.55%,46.54,49.73,44.9,48.9,50.68,-4.58,2.3,253801,Weakest,Good,75.89%,0.74,47.41,50.38,57%
LAD,"Lithia Motors","Retail - Wsale Auto & Trucks",369.61,+0.62%,1,Hold,"80% Buy",+19.05,+9.78%,316.39,346.89,304.58,372.04,53.71,-8.35,-0.26,303770,Average,Strong,46.29%,0.67,361.52,382.57,38%
LPCN,"Lipocine Inc","Medical - Drugs",2.3,+2.68%,5,Buy,"40% Sell",+19.04,-20.96%,2.26,2.23,4.11,2.12,62.34,-39.09,-82.84,189949,Weakest,Soft,77.38%,0.24,1.99,2.26,114%
WABC,"Westamerica Bancorp","Banks - West",58.17,+0.21%,1,Sell,"40% Buy",+18.82,+16.32%,57.28,59.32,55.33,58.81,42.17,-1.81,10.14,173932,Weakest,Average,52.26%,1.06,57.37,60.25,28%
HSTM,"Healthstream Inc","Internet - Services",29.67,+2.13%,2,Buy,"100% Buy",+18.53,+5.66%,25.83,28.24,24.19,28.74,59.63,-12.47,17.13,257448,Strongest,Maximum,80.96%,1.14,27.87,29.61,104%
VTOL,"Bristow Group Inc","Transportation - Airline",45.35,-0.09%,2,Hold,"48% Buy",+18.46,+17.76%,44.64,44.52,44.94,45.69,49.99,-0.37,12.36,214942,Weakening,Weak,43.34%,1.56,44.21,47.18,38%
MRBK,"Meridian Bank","Banks - Northeast",19.07,-1.04%,3,Sell,"8% Buy",+18.30,+21.16%,19.29,19.84,19.34,19.67,35.32,3.03,-3.,104615,Weakening,Minimum,8.94%,0.39,19.08,20.25,-1%
CCBG,"Capital City Bank Gr","Banks - Southeast",50.14,-0.67%,4,Sell,"56% Buy",+18.20,+14.32%,48.51,50.86,46.65,51.59,39.56,-3.81,6.3,87110,Weakest,Good,17.15%,1.01,50.31,52.87,-7%
CDP,"Copt Defense Properties","REIT - Equity Trust Other",35.52,-1.33%,1,Sell,"40% Buy",+18.11,+23.42%,34.64,36.99,33.64,36.92,32.68,5.29,16.29,1035830,Weakest,Average,43.40%,1.07,35.92,37.92,-20%
PLD,"Prologis Inc","REIT - Equity Trust Other",139.68,-0.17%,1,Sell,"24% Sell",+18.01,+22.76%,142.6,142.36,140.13,140.86,42.33,4.63,-2.06,3742473,Average,Minimum,33.32%,0.72,138.39,143.32,26%
VABK,"Virginia Natl Bnk","Banks - Northeast",46.35,+0.11%,2,Buy,"88% Buy",+17.90,+11.39%,44.26,45.89,42.73,46.8,49.82,-6.74,4.83,7889,Average,Strong,10.60%,0.84,45.89,47.7,25%
PLUS,"Eplus Inc","Business Software Services",86.58,-1.58%,2,Hold,"64% Buy",+17.86,+19.64%,85.7,87.44,83.77,88.05,45,1.51,-12.76,207805,Weakening,Weak,42.12%,0.81,84.06,92.04,32%
NATL,"NCR Atleos Corporation","Internet - Software",46.28,+0.78%,2,Sell,"72% Buy",+17.74,+16.81%,45.28,46.03,44.37,46.47,48.9,-1.32,9.96,754935,Average,Soft,20.73%,0.88,45.82,47.12,35%
GAIN,"Gladstone Investment","Finance - SBIC & Commercial",16.37,-1.15%,4,Buy,"88% Buy",+17.65,+15.53%,16.05,16.19,15.37,16.43,50.13,-2.6,5.7,253391,Weakening,Good,55.15%,0.72,16.15,16.71,39%
PM,"Philip Morris International",Tobacco,187.15,-0.08%,3,Buy,"72% Buy",+17.15,+11.98%,180.92,187.52,178.76,189.12,46.83,-6.15,5.2,5187830,Weakening,Good,37.13%,0.84,184.01,194.23,31%
CENT,"Central Garden","Consumer Prdts - Misc Discr",42.12,-2.00%,5,Hold,"64% Buy",+17.08,+15.62%,41.36,43.81,39.92,44.09,37.88,-2.51,19.53,85133,Weakest,Good,12.05%,0.98,42.47,45.71,-11%
MCRI,"Monarch Casino",Gaming,117.53,-2.42%,3,Sell,"24% Buy",+17.07,+12.65%,120.75,124.54,112.65,123.11,34.01,-5.48,11.33,132198,Weakening,Soft,16.98%,1.41,119.35,126.88,-24%
UTMD,"Utah Medical Prod","Medical Products",71.76,+0.89%,1,Buy,"100% Buy",+16.98,+15.35%,68.42,70.35,66.98,71.44,52.99,-2.78,16.75,17853,Average,Strong,57.49%,0.47,70.1,72.77,62%
STHO,"Star Holdings","Real Estate Operations",9.62,-2.14%,7,Buy,"88% Buy",+16.83,+10.70%,9.02,9.37,8.71,9.64,51.81,-7.43,5.41,31029,Average,Strong,82.00%,0.74,9.3,9.97,48%
CRD.B,"Crawford Company Cl B","Building & Construction - Misc",11.99,+0.25%,6,Buy,"88% Buy",+16.65,+13.22%,10.52,11.06,10.4,12.09,55.36,-4.91,0.37,12189,Strongest,Maximum,37.41%,1,11.57,12.6,40%
PRGS,"Progress Software","Computer - Software",45.22,-2.27%,7,Buy,"88% Buy",+16.62,-2.31%,34.88,40.13,35.16,43.73,61.05,-20.44,-6.22,818219,Strengthening,Strong,82.78%,1.47,41.62,45.84,85%
TRP,"TC Energy Corp","Other Alt Energy",63.14,+0.98%,1,Sell,"8% Buy",+16.59,+21.28%,66.15,66.16,64.95,62.99,45.12,3.15,3.3,2374654,Weakest,Minimum,38.24%,0.69,61.53,64.45,55%
ETR,"Entergy Corp","Utility - Electric Power",107.02,+0.67%,4,Sell,"8% Sell",+16.58,+21.49%,111.47,110.76,109.15,106.83,46.32,3.36,4.3,2932882,Weakest,Minimum,34.23%,0.9,104.95,108.72,55%
DBRG,"Digitalbridge Group Inc","Finance - Investment Mgmt",15.91,0.00%,10,Buy,"88% Buy",+16.54,+39.44%,15.75,15.85,15.64,15.93,51.3,21.31,-7.76,4359504,Weakening,Weak,26.67%,1.6,15.89,15.98,25%
CPSS,"Consumer Portfol","Finance - Misc Services",9.24,+0.11%,3,Sell,"8% Sell",+16.45,+15.64%,9.38,9.37,8.97,9.33,47.14,-2.49,-12.44,21260,Weakening,Weak,36.56%,1.1,9.04,9.63,34%
VLGEA,"Village Super Mkt","Retail - Supermarket",42.98,-0.69%,1,Buy,"56% Buy",+16.33,+18.47%,43.08,43.13,42.08,43.15,47.01,0.34,9.95,51972,Weakest,Soft,54.38%,0.78,41.78,44.53,44%
SBH,"Sally Beauty Holdings","Retail - Misc & Diversified",16.37,-0.06%,2,Buy,"72% Buy",+16.29,+18.11%,14.4,15.43,14.6,16.47,54.27,-0.02,3.32,1566484,Weakening,Good,38.53%,0.7,15.97,16.97,40%
MPLX,"Mplx LP","Oil - Production & Pipeline",59.09,-0.14%,3,Buy,"88% Buy",+16.20,+16.16%,56.87,58.04,57.03,59.1,52.99,-1.97,-0.76,1679069,Weakening,Good,61.19%,0.93,58.09,60.12,49%
VMI,"Valmont Industries","Steel - Pipe & Tube",467.96,-0.36%,3,Sell,"8% Sell",+16.15,+27.47%,508.43,511.61,484.03,485.98,36.57,9.34,4.84,190538,Weakening,Minimum,11.06%,0.72,466.43,505.54,4%
NWE,"Northwestern Energy Group Inc","Utility - Electric Power",69.91,+1.08%,5,Sell,"8% Sell",+16.12,+21.56%,71.08,71.16,70.1,70.6,46.15,3.43,-3.16,516113,Weakest,Minimum,26.42%,0.84,68.98,72.22,29%
ALX,"Alexander's Inc","REIT - Equity Trust Other",267.25,-1.62%,4,Sell,"40% Buy",+16.07,+16.02%,260.63,272.26,253.47,271.13,46.12,-2.11,11.15,55932,Weakest,Average,57.21%,1,265.19,277.06,17%
CRD.A,"Crawford Company Cl A","Business Services",12.85,-2.06%,5,Buy,"88% Buy",+16.06,+18.54%,11.27,11.98,10.96,13.14,53.67,0.41,2.74,62286,Average,Maximum,44.30%,0.37,12.7,13.58,17%
FR,"First Industrial Realty Trust","REIT - Equity Trust Other",62.43,+0.89%,1,Sell,"8% Buy",+15.98,+18.69%,63.18,64.27,62.06,62.94,41.6,0.56,-2.47,1020407,Weakest,Minimum,20.15%,0.79,61.82,64.05,27%
IART,"Integra Lifesciences","Medical Instruments",16.62,-1.77%,2,Sell,"40% Buy",+15.97,+9.85%,15.95,17.88,14.06,17.19,41.42,-8.28,22.34,862995,Weakest,Average,18.63%,0.66,16.21,18.17,21%
EGP,"Eastgroup Properties","REIT - Equity Trust Other",200.07,+0.29%,1,Sell,"8% Buy",+15.77,+17.99%,204.16,207.36,198.93,201.84,38.88,-0.14,0.83,379135,Weakest,Weak,15.34%,0.92,199.02,204.65,19%
MNSB,"Mainstreet Bank","Banks - Northeast",24.66,-1.12%,10,Buy,"88% Buy",+15.67,+8.87%,23.89,24.32,23.32,24.75,50.88,-9.26,9.64,46147,Weakening,Good,44.35%,0.69,23.84,25.66,45%
XIFR,"Xplr Infrastructure LP","Other Alt Energy",11.73,-2.25%,2,Sell,"56% Buy",+15.62,+10.66%,11.54,11.89,11.14,11.55,50.71,-7.47,5.82,1124824,Weakest,Average,77.60%,0.97,11.16,11.94,73%
MRAM,"Everspin Technologies Inc","Technology Services",15.86,-2.40%,4,Hold,"16% Sell",+15.54,+146.66%,20.67,17.4,17.2,17.04,43.88,128.53,59.43,1607150,Average,Minimum,12.28%,0.77,14.95,19.14,22%
BKH,"Black Hills Corp","Utility - Electric Power",72.4,+1.00%,4,Sell,"40% Sell",+15.51,+21.05%,73.69,73.67,73.17,73.07,46.23,2.92,-7.19,973930,Weakening,Weak,32.06%,0.77,71.43,74.7,30%
NWL,"Newell Rubbermaid Inc","Consumer Prdts - Misc Staple",5.94,-4.96%,1,Buy,"88% Buy",+15.41,+0.34%,4.9,5.69,4.65,6.05,51.38,-17.79,48.2,8017701,Average,Strong,60.50%,0.85,5.8,6.31,28%
TFX,"Teleflex Inc","Medical Instruments",140.48,-1.11%,2,Buy,"100% Buy",+15.32,+11.13%,131.86,134.36,125.02,136.99,57.23,-7.,3.63,760465,Strongest,Strong,88.79%,1.08,131.58,142.4,82%
BIP,"Brookfield Infrastructure Partners LP","REIT - Equity Trust Other",37.11,-1.83%,1,Sell,"8% Buy",+14.97,+18.00%,38.18,38.77,37.92,38.85,36.09,-0.13,-4.66,828115,Weakest,Minimum,11.97%,1.66,37.46,40.24,-13%
IPAR,"Interparfums Inc","Consumer Prdts - Misc Discr",117.11,-0.27%,2,Sell,"40% Buy",+14.83,+1.89%,105.77,118.24,102.4,117.26,49.08,-16.24,26.57,275012,Weakening,Average,67.86%,0.64,111.76,122.77,49%
WHG,"Westwood Holdings Group Inc","Finance - Investment Mgmt",19.26,+0.21%,4,Buy,"72% Buy",+14.78,+8.45%,18.03,19.43,17.56,19.46,47.02,-9.68,0.43,16111,Weakening,Strong,34.11%,0.67,18.95,19.98,30%
NRXP,"Nrx Pharmaceuticals Inc","Medical - Drugs",3.44,-1.15%,3,Sell,"24% Buy",+14.55,+48.28%,3.53,3.69,3.01,3.42,47.47,30.15,15.46,1021076,Weakest,Soft,66.67%,0.39,3.11,3.73,53%
OVLY,"Oak Valley Bancp CA","Banks - West",33.83,+0.71%,5,Buy,"72% Buy",+14.51,+18.74%,33.71,33.69,33.34,33.89,49.75,0.61,1.06,29499,Weakening,Weak,30.01%,0.71,33.09,34.68,46%
F,"Ford Motor Company","Auto - Domestic",13.84,-0.72%,1,Hold,"32% Buy",+14.31,+17.59%,13.86,14.09,13.51,14.01,45.53,-0.54,-5.99,57193082,Weakest,Weak,17.24%,1.03,13.63,14.39,27%
BSVN,"Bank7 Corp","Banks - Southeast",51.42,+0.12%,4,Buy,"88% Buy",+14.25,+3.65%,47.22,50.54,45.45,51.58,51.97,-14.48,14,18129,Average,Strong,19.78%,1.13,50.21,52.95,44%
GIC,"Global Industrial Co.","Industrial Services",38.66,-1.13%,4,Buy,"88% Buy",+14.22,+3.56%,33.86,36.3,33.17,39.21,55.19,-14.57,20.83,106809,Average,Strong,41.09%,0.78,38.47,39.94,13%
UTL,"Unitil Corp","Utility - Electric Power",53.61,+0.13%,2,Sell,"48% Buy",+14.20,+14.16%,52.64,53.75,52.46,53.75,48.7,-3.97,-0.81,126598,Average,Average,35.01%,0.67,52.96,54.55,41%
FAF,"First American Corp","Insurance - Proprty & Casualty",73.59,-0.45%,1,Buy,"100% Buy",+14.17,+11.50%,69.72,72.23,67.93,73.32,52.09,-6.63,8.3,889252,Average,Strong,65.41%,1.08,71.2,75.44,56%
EW,"Edwards Lifesciences Corp","Medical Instruments",90.74,-0.01%,5,Buy,"88% Buy",+14.15,+11.56%,86.47,89.55,84.86,90.92,53.72,-6.57,-5.04,4440538,Strengthening,Strong,35.52%,0.59,88.46,93.38,46%
HCI,"HCI Group","Insurance - Proprty & Casualty",187.86,+1.15%,4,Buy,"88% Buy",+14.13,+12.69%,168.39,180.96,165.57,184.58,60.01,-5.44,-13.48,165213,Strongest,Strong,66.09%,0.81,179.74,189.43,84%
JMSB,"John Marshall Bk Fal","Banks - Southeast",22.56,-1.23%,2,Hold,"64% Buy",+14.06,+13.88%,21.91,22.63,21.31,23.05,44.23,-4.25,1.38,33720,Weakest,Strong,29.05%,0.69,22.49,23.62,6%
CODA,"Coda Octopus Group","Electronics - Semiconductors",10.06,+0.10%,4,Buy,"56% Sell",+13.93,+24.12%,10.89,10.01,11.51,10.24,47.01,5.99,-3.31,160378,Weakening,Weak,17.07%,0.47,9.84,10.64,27%
NODK,"Ni Holdings Inc","Insurance - Proprty & Casualty",15.01,+0.07%,3,Sell,"40% Buy",+13.56,+12.10%,14.73,15.58,14.22,15.28,39.8,-6.03,1.38,18340,Weakest,Average,13.86%,0.56,14.97,15.59,6%
MDU,"Mdu Res Group Inc","Utility - Gas Distribution",19.95,+0.15%,3,Sell,"88% Sell",+13.46,+22.47%,21.22,20.66,21.05,20.28,41.71,4.34,-9.28,1832729,Average,Average,22.71%,0.91,19.71,20.84,21%
PTCT,"Ptc Therapeutics","Medical - Biomedical",70.56,+1.47%,7,Sell,"40% Sell",+13.45,+43.04%,73.91,76.59,72.24,71.84,43.43,24.91,-18.59,1464428,Weakest,Weak,32.15%,0.46,68.78,74.9,29%
GLRE,"Greenlight Cap. Re.","Insurance - Proprty & Casualty",15.26,+0.66%,1,Sell,"72% Sell",+13.39,+18.39%,16.67,16.17,16.21,15.45,40.52,0.26,-6.82,170499,Strengthening,Weak,11.87%,0.63,15.13,15.78,20%
STRW,"Strawberry Fields REIT Inc","REIT - Equity Trust Other",13.6,+0.82%,1,Sell,"40% Buy",+13.32,+16.64%,13.4,13.85,13.16,13.81,45.18,-1.49,-7.66,31147,Weakest,Soft,43.25%,1.46,13.33,14.28,29%
LYV,"Live Nation Entertainment","Movie & TV Production & Dist",177.2,-1.50%,6,Hold,"64% Buy",+13.31,+6.43%,172.47,181.26,166.49,182.97,42.89,-11.7,12.87,2679889,Weakest,Good,17.71%,0.78,177.72,188.23,-5%
AERT,"Aeries Technology Inc","Technology Services",7.28,+2.25%,6,Buy,"100% Buy",+13.18,+25.45%,6.18,6.86,5.18,6.94,63.02,7.32,65.05,42821,Strongest,Strong,67.97%,1.42,6.57,7.3,97%
ARDT,"Ardent Health Inc","Medical Services",10.94,+1.11%,4,Buy,"88% Buy",+13.17,-13.79%,10.06,10.59,9.72,11.04,51.68,-31.92,12.42,498635,Strengthening,Average,46.39%,0.61,10.52,11.56,41%
MTG,"Mgic Investment Corp","Insurance - Multi Line",30.69,+0.13%,5,Buy,"88% Buy",+13.10,+10.28%,28.07,29.64,27.56,30.82,54.12,-7.85,-6.45,1931373,Average,Strong,34.10%,0.92,30.19,31.44,40%
ERIC,"Ericsson ADR","Wireless Equipment",10.06,-0.30%,4,Sell,"88% Sell",+12.97,+27.83%,11.26,10.3,11.28,10.13,46.64,9.7,-7.23,10429307,Strengthening,Average,27.21%,1.33,9.94,10.33,32%
ASUR,"Asure Software","Internet Services - Delivery",9.06,-0.66%,4,Buy,"40% Buy",+12.96,+7.86%,8.57,8.3,8.57,8.64,62.38,-10.27,-15.3,105924,Weakening,Weak,86.89%,0.82,8.13,9.15,91%
CTMX,"Cytomx Thera","Medical - Biomedical",3.67,+9.23%,7,Hold,"48% Sell",+12.71,+79.90%,3.63,3.46,4.12,3.39,59.79,61.77,-25.33,4500413,Weakest,Weak,47.24%,2.31,3.19,3.6,117%
SNDX,"Syndax Pharma","Medical - Biomedical",20.1,+4.20%,8,Sell,"72% Sell",+12.46,+23.09%,20.62,20.89,21.2,19.9,50.18,4.96,-15.81,1629793,Weakest,Weak,40.06%,0.86,19.13,20.67,63%
BNED,"Barnes & Noble Education Inc C","Consumer Prdts - Misc Discr",11.79,-2.56%,3,Sell,"40% Buy",+12.45,+36.62%,11.33,12.34,10.46,12.27,42.5,18.49,16.81,325490,Weakest,Good,24.07%,0.89,11.63,12.91,12%
NWN,"Northwest Natural Gas Company","Utility - Gas Distribution",49.41,+0.69%,6,Sell,"56% Sell",+12.38,+18.97%,50.58,50.24,50.78,50.13,44.95,0.84,-5.77,274937,Weakening,Weak,16.85%,0.94,48.96,51.3,19%
CBFV,"Cb Financial Svc","Banks - Northeast",37.1,-0.72%,4,Buy,"72% Buy",+12.31,+11.44%,36.32,37.18,35.91,37.48,47.38,-6.69,-5.05,5741,Weakening,Average,31.60%,0.48,36.95,38,14%
WRLD,"World Acceptance Corp","Finance - Consumer Loans",180.31,-1.90%,3,Sell,"40% Buy",+12.28,+5.18%,175.27,193.49,161.19,188.45,40.63,-12.95,16.96,125089,Weakest,Average,29.54%,0.47,181.65,195.25,-10%
LEGH,"Legacy Housing Corp","Real Estate Operations",27.67,-1.64%,5,Hold,"80% Buy",+12.18,-0.98%,24.96,27.16,23.53,28.6,46.35,-19.11,30.27,106507,Average,Strong,9.56%,0.48,27.67,29.52,0%
TLIH,"Ten-League International Holdings Limited","Business Services",5.85,+1.19%,2,Buy,"100% Buy",+12.08,+6.46%,4.46,5.47,4.05,5.76,63.37,-11.67,46.69,205561,Strongest,Average,96.12%,0.69,5.67,5.84,109%
SABR,"Sabre Corp","Internet Software Services",2.01,-7.37%,6,Buy,"88% Buy",+11.97,+12.29%,1.87,1.98,1.7,2.14,46.24,-5.84,36.31,6763804,Average,Good,48.20%,0.76,1.98,2.29,9%
VKTX,"Viking Thera","Medical - Biomedical",33.67,+2.72%,8,Sell,"24% Buy",+11.91,+24.47%,33.51,35.57,33.07,33.75,48.6,6.34,-15.77,2539837,Average,Weak,23.70%,0.73,32.2,35.29,48%
CBIO,"Crescent Biopharma Inc","Medical - Biomedical",17.93,+8.01%,7,Buy,"56% Buy",+11.84,+24.51%,18.21,16.64,16.22,17.01,55.92,6.38,39.7,252193,Average,Weak,57.24%,2.25,15.84,18.17,90%
WTM,"White Mountains Insurance Group","Insurance - Proprty & Casualty",2098.96,-0.15%,5,Sell,"56% Sell",+11.74,+14.69%,2137.91,2135.68,2151.54,2125.45,42.68,-3.44,-10.47,19340,Average,Weak,29.50%,1.15,2095.81,2155.09,5%
MCB,"Metropolitan Bank Holding Corp","Banks - Northeast",89.49,-1.42%,3,Sell,"8% Sell",+11.73,+12.72%,92.5,94.66,90.61,92.27,35.79,-5.41,5.71,143031,Average,Minimum,16.68%,0.52,89.56,94.98,-1%
RDWR,"Radware Ltd","Internet - Software",27.93,-3.29%,6,Sell,"24% Buy",+11.52,+10.66%,28.25,28.93,27.27,28.38,47.2,-7.47,4.46,256310,Weakest,Soft,53.24%,0.78,26.94,29.83,34%
GCMG,"Gcm Grosvenor Inc","Finance - Investment Mgmt",13.3,-3.55%,5,Hold,"80% Buy",+11.44,+2.62%,12.05,13.17,11.61,13.68,47.35,-15.51,6.01,602240,Weakening,Strong,33.03%,0.67,13.31,14.06,-1%
AES,"The Aes Corp","Utility - Electric Power",14.77,+0.20%,7,Buy,"80% Buy",+11.32,+9.08%,14.64,14.73,14.75,14.73,54.9,-9.05,-8.48,9903865,Strengthening,Weak,49.26%,0.72,14.69,14.78,90%
IMMR,"Immersion Corp","Computers - Peripheral Equpt",7.4,-2.37%,5,Buy,"88% Buy",+11.27,+4.82%,6.75,7.16,6.54,7.57,48.52,-13.31,-2.66,529352,Weakening,Strong,40.56%,0.51,7.35,7.8,11%
ACCO,"Acco Brands Corp","Consumer Prdts - Misc Discr",4.25,-0.70%,1,Buy,"88% Buy",+11.26,+5.72%,3.94,4.17,3.83,4.29,51.16,-12.41,2.46,884319,Weakening,Strong,57.29%,0.99,4.16,4.42,35%
ALLT,"Allot Communications","Internet - Software",7.56,-2.07%,3,Sell,"56% Sell",+11.18,-3.82%,7.69,7.93,7.78,7.72,45.83,-21.95,-34.57,424292,Average,Weak,36.19%,0.64,7.4,8.03,25%
COFS,"Choiceone Financial","Finance - Misc Services",33.08,-0.38%,2,Sell,"56% Buy",+11.11,+7.21%,32.37,33.66,31.15,33.74,42.5,-10.92,0.6,98282,Weakest,Good,22.36%,0.72,32.73,34.74,18%
ZDGE,"Zedge Inc Cl B","Internet - Content",3,-1.32%,2,Hold,"64% Sell",+10.95,-1.32%,3.06,3,3.06,2.95,53.15,-19.45,-20.02,365585,Weakening,Weak,63.39%,1.12,2.83,3.06,74%
TRNO,"Terreno Realty Corp","REIT - Equity Trust Other",66.45,+0.36%,2,Sell,"24% Buy",+10.91,+15.03%,67.47,69.29,66.15,68.09,35.07,-3.1,1.7,738987,Weakest,Soft,10.37%,0.89,66.4,69.78,2%
ARTNA,"Artesian Res Corp A","Utility - Water Supply",35.67,+0.28%,7,Buy,"100% Buy",+10.90,+7.60%,33.36,34.51,33.18,35.26,59.48,-10.53,1.36,43087,Strongest,Maximum,69.44%,0.72,34.27,36.26,70%
MIAX,"Miami International Holdings Inc","Technology Services",42.11,-1.77%,2,Hold,"64% Sell",+10.83,+12.05%,44.27,42.44,43.02,43.25,45.02,-6.08,-16.59,1416888,Strengthening,Weak,65.24%,0.82,40.71,45.8,28%
CYCN,"Cyclerion Therapeutics Inc","Medical - Biomedical",4.17,+13.32%,9,Buy,"100% Buy",+10.70,+68.83%,3.39,3.67,2.84,3.87,60.88,50.7,216.87,1918700,Strongest,Strong,40.07%,3.43,3.44,4.3,85%
MSEX,"Middlesex Water Company","Utility - Water Supply",58.15,+0.26%,5,Hold,"80% Buy",+10.54,+8.61%,54.57,56.95,53.99,58.33,52.27,-9.52,3.85,146463,Strengthening,Strong,46.58%,0.48,57.3,59.36,41%
GTY,"Getty Realty Corp","REIT - Equity Trust Other",32.38,-0.12%,1,Sell,"8% Sell",+10.53,+13.26%,33.54,33.94,33.1,33.03,35.82,-4.87,6.82,490404,Average,Minimum,21.74%,1.59,32.29,33.76,6%
RMBI,"Richmond Mutual Bancorp Inc","Banks - Northeast",15.68,-0.70%,4,Hold,"80% Buy",+10.17,+6.02%,15.16,15.62,14.71,15.92,46.37,-12.11,0.2,35230,Weakening,Strong,16.38%,1,15.72,16.13,-9%
AAT,"American Assets Trust","REIT - Equity Trust Retail",22.41,-0.22%,1,Sell,"8% Buy",+9.94,+7.22%,22.94,23.91,21.58,22.7,36.92,-10.91,6.9,424093,Weakest,Weak,23.22%,0.96,22.25,23.14,18%
APD,"Air Products and Chemicals","Chemical - Diversified",305.32,-1.34%,8,Buy,"100% Buy",+9.72,+3.81%,295.2,298.7,291.01,304.62,53.38,-14.32,12.12,1365638,Strengthening,Good,64.54%,0.8,297.55,311.68,55%
NTWK,"Netsol Tech Inc","Computer - Software",4.09,+0.99%,1,Sell,"8% Buy",+9.53,+0.99%,4.18,4.31,3.93,4.12,44.89,-17.14,23.5,34647,Weakest,Weak,25.56%,1.57,3.93,4.32,42%
ADSE,"Ads-Tec Energy Plc","Electronic Misc Services",11.6,-1.19%,1,Sell,"8% Sell",+9.49,-10.63%,11.73,11.88,11.53,11.65,47.61,-28.76,-20.,15464,Weakest,Minimum,50.79%,0.4,11.19,12.12,44%
PLMR,"Palomar Holdings Inc","Insurance - Proprty & Casualty",131.86,-0.54%,4,Sell,"40% Buy",+9.34,+7.19%,124.65,132.87,124.19,130.53,51.01,-10.94,-13.63,259646,Weakening,Soft,74.51%,0.64,125.02,136.05,62%
IRMD,"Iradimed Corp","Medical Instruments",86.38,0.00%,1,Sell,"88% Sell",+9.16,+19.24%,91.35,92.56,94.05,88.16,36.89,1.11,-22.68,103096,Strongest,Average,27.52%,0.55,84.59,91.72,25%
CWT,"California Water Service Group Holding","Utility - Water Supply",49.74,-0.46%,2,Hold,"64% Buy",+9.04,+5.99%,47.3,49.96,46.6,50.04,47.7,-12.14,3.31,474125,Weakening,Strong,54.53%,0.93,49.27,50.8,31%
QRVO,"Qorvo Inc","Semi Radio Frequency",96.4,+0.33%,5,Buy,"88% Buy",+9.01,+6.28%,92.72,91.98,88.54,96.34,55.67,-11.85,2.59,1226677,Strengthening,Average,53.77%,0.74,93.82,98.86,51%
AUDC,"Audiocodes Ltd","Communications Components",9.99,-0.10%,2,Buy,"100% Buy",+8.88,+3.63%,9.45,9.77,8.97,9.95,53.27,-14.5,2.95,120345,Average,Strong,56.52%,1,9.52,10.38,55%
BCPC,"Balchem Corp","Chemical - Specialty",173.31,-1.47%,6,Buy,"88% Buy",+8.83,+6.92%,167.98,170.9,169.55,178.45,45.91,-11.21,1.53,198548,Weakening,Average,24.32%,0.74,174.93,181.97,-23%
IGIC,"International General Insurance Hldg Inc","Insurance - Multi Line",26.23,-0.98%,2,Sell,"24% Buy",+8.82,+8.66%,26.35,27.24,25.79,26.69,42.26,-9.47,-6.94,68165,Weakest,Soft,22.14%,0.42,26.13,27.26,9%
BWMX,"Betterware DE Mexico Sapi DE Cv","Consumer Prdts - Misc Discr",15.87,-0.06%,1,Sell,"72% Sell",+8.80,+18.70%,17.31,17.14,17.45,16.23,38.08,0.57,0.2,82618,Average,Soft,27.97%,0.69,15.55,16.9,24%
LAKE,"Lakeland Inds Inc","Protection - Safety",11.74,+0.95%,4,Hold,"80% Buy",+8.80,-22.71%,10.81,11.46,10.19,11.83,52.14,-40.84,21.33,153577,Average,Weak,56.31%,0.25,11.23,12.42,43%
BBCP,"Concrete Pumping Holdings Inc","Waste Removal Svcs",9.01,-0.22%,3,Sell,"24% Buy",+8.76,+29.45%,9.3,10.21,8.45,9.39,36.32,11.32,22.8,181105,Weakest,Soft,33.94%,0.54,8.91,9.86,10%
AMX,"America Movil S.A.B. DE C.V. ADR","Wireless Non-US",22.98,-0.26%,2,Sell,"72% Sell",+8.63,+14.96%,25.65,24.96,25.08,23.54,29.01,-3.17,-0.3,2053768,Strongest,Average,5.49%,0.69,22.96,24.12,1%
DSGR,"Distribution Solutions Group Inc","Industrial Services",34.7,-0.26%,3,Buy,"88% Buy",+8.62,+7.73%,29.84,32.34,29.02,34.81,69.48,-10.4,15.21,132633,Weakening,Strong,46.38%,1.03,34.69,34.94,4%
UBCP,"United Bncp Inc","Banks - Midwest",15.71,+1.62%,5,Hold,"32% Buy",+8.45,+8.30%,15.72,15.69,15.44,15.65,50.8,-9.83,-2.,8191,Weakest,Weak,37.28%,0.16,15.1,16.19,56%
ARTV,"Artiva Biotherapeutics Inc","Medical - Biomedical",11.28,-0.18%,5,Hold,"80% Buy",+8.33,+258.10%,9.9,10.45,8.36,11.48,52.29,239.97,151.46,602101,Weakening,Good,44.57%,0.69,10.94,12.02,31%
MOD,"Modine Manufacturing Company","Auto - Truck Original Parts",180.91,+1.39%,4,Sell,"72% Sell",+8.31,+32.90%,243.1,218.65,232.31,193.63,37.54,14.77,24.02,1359052,Average,Average,9.86%,0.75,174.49,212.77,17%
GLP,"Global Partners LP","Oil Refining & Marketing MLP",51.99,+1.25%,4,Buy,"100% Buy",+8.25,-2.11%,48.22,48.93,47.84,50.33,66.41,-20.24,12.75,68178,Strongest,Strong,83.62%,0.8,48.78,51.87,104%
HIPO,"Hippo Holdings Inc","Insurance - Multi Line",33.21,+1.03%,4,Buy,"88% Buy",+8.18,-1.77%,28.58,30.53,28.17,32.94,58.9,-19.9,-1.07,153472,Strongest,Strong,57.04%,1.22,32.27,33.6,70%
ACGL,"Arch Capital Grp Ltd","Insurance - Proprty & Casualty",98.61,+0.55%,1,Hold,"48% Buy",+8.05,+7.74%,96.79,99.8,96.8,98.9,47.02,-10.39,-8.68,2088266,Weakest,Average,32.61%,1.04,96.99,100.81,42%
SGU,"Star Gas Partners LP","Electronics Products - Misc",12.79,+0.08%,5,Sell,"56% Buy",+8.00,+9.79%,12.74,12.78,12.74,12.65,56.16,-8.34,-3.46,25924,Average,Weak,82.09%,0.4,12.45,12.86,83%
VACI,"Viking Acquisition Corp. I Cl A",Unclassified,10.546,+0.34%,16,Buy,N/A,+7.84,N/A,10.19,10.19,10.11,10.23,90.48,N/A,-4.95,N/A,N/A,N/A,79.66%,0.32,10.02,10.45,123%
WNEB,"Western New England Bancorp Inc","Banks - Foreign",13.54,-1.46%,5,Sell,"8% Buy",+7.84,+7.97%,13.82,14.02,13.62,13.84,42.45,-10.16,-4.19,55960,Weakest,Minimum,28.42%,0.78,13.56,14.13,-3%
AIRG,"Airgain Inc","Communications Components",5.02,-4.56%,2,Sell,"56% Sell",+7.83,+18.40%,6.28,5.75,5.79,5.36,33.79,0.27,12.17,76854,Strengthening,Weak,20.47%,1.36,5.03,5.7,-2%
WULF,"Terawulf Inc","Finance - Misc Services",14.65,-3.17%,2,Sell,"72% Sell",+7.82,+55.03%,21.25,19.12,19.32,16.34,37.82,36.9,16.02,32070162,Strongest,Average,12.82%,0.77,14.51,18.17,4%
AEBI,"Aebi Schmidt Holding Ag","Auto - Domestic",12.05,-4.74%,3,Sell,"56% Sell",+7.66,-1.95%,12.26,12.62,12.55,12.58,43.28,-20.08,-16.22,288654,Strengthening,Weak,21.45%,1.07,11.72,13.44,19%
DEA,"Easterly Government Properties","REIT - Equity Trust Other",24.51,-0.08%,1,Sell,"40% Buy",+7.63,+7.08%,24.18,24.85,23.72,24.65,46.45,-11.05,4.19,432123,Weakest,Average,42.62%,0.69,24.06,25.24,38%
ES,"Eversource Energy","Utility - Electric Power",70.5,+0.51%,3,Sell,"8% Buy",+7.55,+10.04%,70.81,72.81,70.91,71.51,41.95,-8.09,-6.77,2532321,Weakest,Minimum,21.35%,0.7,70.06,72.95,15%
ED,"Consolidated Edison Company","Utility - Electric Power",107.7,+0.64%,3,Sell,"8% Sell",+7.53,+9.64%,108.81,109.87,109.63,107.83,47.26,-8.49,-3.04,2257524,Weakest,Minimum,38.88%,0.84,106.19,109.47,46%
PJT,"Pjt Partners Inc Cl A","Finance - Misc Services",179.85,-0.30%,10,Buy,"100% Buy",+7.31,+0.47%,161.58,167.41,156.88,174.67,59.07,-17.66,-3.91,366099,Strengthening,Good,82.88%,0.9,167.2,182.14,85%
MTD,"Mettler-Toledo International","Medical Instruments",1375.96,-2.08%,3,Hold,"64% Buy",+7.17,+5.76%,1271.85,1351.28,1283.18,1412.13,46.43,-12.37,-12.79,170945,Weakening,Average,23.12%,0.89,1379.13,1445.13,-5%
CCEC,"Capital Clean Energy Carriers Corp","Transportation - Ship",22.6,-1.07%,1,Buy,"88% Buy",+7.04,+7.13%,21.68,22.34,21.49,22.64,50.18,-11.,-3.17,9821,Weakening,Good,65.72%,0.45,22.29,22.99,45%
SGP,"Spyglass Pharma Inc","Medical - Biomedical",26.86,+2.91%,9,Buy,N/A,+6.99,N/A,22.29,22.82,0,25.89,63.85,N/A,N/A,N/A,N/A,N/A,59.07%,0.71,24.16,27.62,78%
OTTR,"Otter Tail Corp","Utility - Electric Power",89.59,-0.97%,4,Hold,"48% Buy",+6.95,+6.67%,89.64,91.18,88.81,92.08,42.35,-11.46,-0.62,255937,Weakest,Average,7.95%,1.11,89.87,94.29,-6%
PBHC,"Pathfinder Bcp MD","Finance - Savings & Loan",15.57,-0.89%,3,Sell,"56% Buy",+6.92,+4.36%,15.04,16.19,14.61,16.29,36.79,-13.77,-1.13,6665,Weakest,Average,19.01%,0.18,15.75,16.82,-17%
CDRO,"Codere Online Luxembourg S.A.",Gaming,8.65,-2.26%,1,Sell,"24% Sell",+6.74,+4.72%,9.25,9.24,8.87,8.99,31.69,-13.41,-3.76,25743,Average,Minimum,19.97%,0.87,8.76,9.23,-23%
WTRG,"Essential Utilities Inc","Utility - Water Supply",41.11,-0.15%,6,Buy,"88% Buy",+6.72,+4.05%,38.73,39.57,39.03,40.43,58.26,-14.08,-4.31,2173468,Strengthening,Strong,82.41%,0.98,39.39,41.47,83%
ALRM,Alarm.com,"Protection - Safety",55.61,-3.39%,5,Hold,"80% Buy",+6.49,-5.15%,49.07,53.24,48.13,56.6,49.95,-23.28,-2.48,459445,Average,Strong,68.96%,0.93,54.92,58.27,21%
NGG,"National Grid Transco Plc ADR","Other Alt Energy",79.15,-0.01%,6,Sell,"88% Sell",+6.27,+12.16%,83.18,81.47,84.93,80.4,41.06,-5.97,-9.15,1010690,Strengthening,Average,12.97%,1,78.82,81.97,10%
BBDO,"Banco Bradesco S.A. ADR","Banks - Foreign",3.06,+2.34%,1,Sell,"100% Sell",+6.21,+13.75%,3.19,3.11,3.27,3.08,47.42,-4.38,-4.86,72695,Average,Average,38.38%,1.17,2.93,3.24,42%
OSK,"Oshkosh Truck Corp","Auto - Domestic",147.68,-4.17%,3,Hold,"32% Buy",+6.14,+5.96%,144.22,149.68,148.71,153.82,43.18,-12.17,6.07,732476,Weakest,Weak,40.13%,0.58,148.36,159.28,-6%
CERT,"Certara Inc","Medical - Biomedical",8.1,-2.29%,2,Hold,"64% Buy",+6.08,-25.28%,6.54,7.45,6.6,8.19,52.76,-43.41,-19.54,3385943,Weakening,Average,38.03%,0.66,7.81,8.56,39%
SPCB,"Supercom Ltd","Protection - Safety",10.27,+0.59%,3,Sell,"24% Buy",+5.95,+15.20%,10.58,10.9,9.86,10.77,43.41,-2.93,2,81737,Weakest,Soft,16.60%,1.72,10.02,11.53,17%
CL,"Colgate-Palmolive Company","Consumer Prdts - Misc Staple",89.63,-0.21%,2,Sell,"24% Buy",+5.89,+6.61%,89.61,91.94,90.03,91.63,42.95,-11.52,1.95,5772999,Weakening,Minimum,19.21%,1.02,89.24,94.02,8%
MSGM,"Motorsport Games Inc Cl A",Gaming,3.91,+0.77%,1,Sell,"24% Sell",+5.85,+37.68%,4.28,4.26,4.16,4.09,44,19.55,11.86,93252,Weakest,Minimum,32.78%,1.16,3.63,4.54,31%
ESS,"Essex Property Trust","REIT - Equity Trust Resident",279,-1.40%,5,Sell,"24% Buy",+5.83,+3.25%,279.25,289.55,269.9,285.72,40.41,-14.88,-4.86,493767,Weakest,Soft,16.60%,1.74,278.37,293.08,4%
CRC,"California Resources Corp","Oil - US Exploration & Product",53.88,+1.60%,5,Sell,"40% Sell",+5.79,+8.45%,57.26,52.59,58.5,52.96,54.94,-9.68,9.03,891659,Weakest,Weak,48.98%,0.87,51.49,54.43,81%
UI,"Ubiquiti Networks","Wireless Equipment",586.78,-0.55%,9,Buy,"24% Sell",+5.67,+11.11%,661.18,555.05,687.78,578.25,55.41,-7.02,-5.44,116509,Weakening,Weak,68.61%,1.63,554.02,602.48,68%
PAYO,"Payoneer Global Inc","Financial Transaction Services",7.1,-0.14%,1,Buy,"64% Buy",+5.47,+2.16%,6.24,7.11,5.86,7.11,53.84,-15.97,14.85,4803435,Weakest,Strong,51.19%,0.51,7.08,7.14,29%
GDYN,"Grid Dynamics Holdings Inc","IT Services",7.85,-1.63%,8,Buy,"72% Buy",+5.46,-5.31%,6.52,6.7,6.52,7.78,60.91,-23.44,-24.55,1686286,Average,Average,59.38%,0.34,7.44,8.12,60%
FSUN,"Firstsun Capital Bancorp","Banks - Midwest",39.38,-1.57%,5,Buy,"88% Buy",+5.45,+3.60%,37.41,38.37,37.43,40.21,49.02,-14.53,-6.84,216493,Weakening,Strong,25.24%,1.12,39.28,41.15,5%
AFG,"American Financial Group","Insurance - Proprty & Casualty",142.42,-0.09%,4,Hold,"64% Buy",+5.44,+4.83%,137.36,142.52,134.71,144.56,46.62,-13.3,-7.28,508868,Weakening,Strong,21.10%,0.66,141.8,147.31,11%
RGR,"Sturm Ruger & Company","Leisure & Recreational Prdcts",37.97,0.00%,2,Hold,"16% Sell",+5.37,+9.52%,39.23,38.16,39.06,37.86,49.38,-8.61,4.81,191523,Weakest,Minimum,32.88%,0.77,36.88,38.83,56%
CPK,"Chesapeake Utilities Corp","Utility - Gas Distribution",132.3,-0.93%,5,Hold,"64% Buy",+5.34,+7.06%,128.4,131.59,129.05,134.41,45.42,-11.07,-5.44,154997,Weakening,Average,19.32%,0.71,131.62,137.2,12%
XFOR,"X4 Pharmaceuticals Inc","Medical - Biomedical",4.07,+0.74%,3,Buy,"40% Buy",+5.02,+8.39%,4.09,4.08,3.98,4.19,47.8,-9.74,-9.73,593469,Weakest,Weak,19.34%,0.24,3.91,4.47,28%
GPC,"Genuine Parts Company","Retail - Wholesale Auto Parts",134.84,-0.61%,7,Buy,"72% Buy",+4.93,-3.22%,115.38,127.63,116.56,134.87,55.31,-21.35,-1.82,1582182,Weakening,Good,62.98%,0.58,130.87,138.88,50%
TMCI,"Treace Medical Concepts Inc","Medical Instruments",4.6,-2.13%,3,Buy,"88% Buy",+4.86,-37.33%,3.58,4.43,2.95,4.61,52.28,-55.46,76.28,753661,Weakening,Good,52.63%,0.41,4.31,4.9,49%
SR,"Spire Inc","Utility - Gas Distribution",82.78,+1.15%,8,Buy,"40% Sell",+4.78,+8.07%,83.57,81.29,85.72,82.38,53.03,-10.06,-11.38,451307,Weakest,Weak,52.49%,0.69,80.64,84.13,61%
CNMD,"C O N M E D Corp","Medical - Dental Suppliers",49.12,-1.46%,1,Buy,"72% Buy",+4.67,-9.64%,40.19,44.12,40,50.08,53.99,-27.77,9.51,545198,Weakening,Strong,26.20%,0.46,48.5,51.66,20%
NKTR,"Nektar Therapeutics","Medical - Drugs",71.75,+0.52%,5,Hold,"48% Buy",+4.66,+140.29%,72.41,71.07,70.06,74.1,46.74,122.16,58.22,982839,Weakest,Weak,24.54%,0.39,71.24,76.95,9%
KVUE,"Kenvue Inc","Consumer Prdts - Misc Staple",18.75,-0.69%,2,Sell,"40% Buy",+4.59,-9.46%,18.34,19.17,18.21,19.11,42.65,-27.59,-2.78,29071268,Weakest,Weak,29.04%,1.05,18.67,19.55,9%
SFBC,"Sound Financial","Banks - West",47.25,+0.77%,3,Buy,"100% Buy",+4.54,-0.04%,44.18,45.77,43.85,46.95,56.19,-18.17,-3.18,8877,Strongest,Maximum,63.82%,0.11,46.03,47.86,67%
HESM,"Hess Midstream Partners LP","E&P MLP",40.23,+0.05%,1,Hold,"96% Buy",+4.50,-2.35%,38.98,39.52,38.71,39.86,54.52,-20.48,5.13,1548535,Strengthening,Average,63.29%,1.27,38.91,40.81,70%
GNE,"Genie Energy Ltd Cl B","Utility - Electric Power",15.18,+2.29%,9,Buy,"96% Buy",+4.26,-0.78%,14.19,14.47,14.18,14.8,60.36,-18.91,-1.32,78868,"Top 1%",Average,53.50%,0.88,14.19,15.42,81%
GRCE,"Grace Therapeutics Inc","Medical - Biomedical",2.1,-1.41%,5,Sell,"100% Sell",+4.10,-30.69%,2.46,2.26,2.98,2.14,41.59,-48.82,-50.79,354783,Strengthening,Strong,42.03%,0.36,2.07,2.21,21%
SCI,"Service Corp International","Funeral Services & Related",81.43,-0.26%,1,Hold,"64% Buy",+4.05,+2.75%,79.49,80.98,80.04,83.63,43.68,-15.38,-7.04,1178988,Weakening,Soft,10.00%,0.63,81.43,85.82,0%
OLP,"One Liberty Properties","REIT - Equity Trust Other",23.86,-0.29%,1,Sell,"24% Buy",+4.03,-0.13%,23.96,24.53,23.51,24.14,42.83,-18.26,6.11,83009,Weakening,Weak,29.97%,0.75,23.54,24.73,27%
CREX,"Creative Realities Inc","Internet - Software",2.86,+4.76%,3,Sell,"88% Sell",+3.99,+19.17%,3.56,3.33,3.51,2.95,42.9,1.04,-1.9,46820,Strengthening,Strong,13.11%,0.44,2.65,3.25,35%
TROW,"T Rowe Price Group","Finance - Investment Mgmt",108.97,-2.07%,3,Sell,"40% Buy",+3.86,+1.26%,108.54,114.23,103.33,112.09,36.85,-16.87,-5.04,2081022,Weakest,Average,27.04%,0.69,109.2,114.97,-4%
DGICA,"Donegal Group Cl A","Insurance - Proprty & Casualty",19.17,+0.26%,1,Buy,"88% Buy",+3.70,+7.15%,18.07,18.9,17.94,18.93,55.93,-10.98,-15.53,124540,Strengthening,Average,75.96%,0.53,18.27,19.58,69%
LIN,"Linde Plc","Chemical - Specialty",486.76,-0.58%,4,Sell,"8% Sell",+3.56,+1.77%,504.87,503.57,498.41,485.81,45.83,-16.36,2.68,2470649,Weakening,Minimum,70.94%,0.77,475.47,496.16,55%
AVTX,"Avalo Therapeutics Inc","Medical - Drugs",18.95,-2.02%,8,Hold,"64% Buy",+3.53,+103.98%,17.27,19.03,16.67,19.56,47.09,85.85,-7.13,1016867,Weakening,Soft,35.57%,0.53,18.44,20.69,23%
OKUR,"Onkure Therapeutics Inc","Medical - Biomedical",3.56,-1.93%,2,Sell,"40% Sell",+3.50,+29.45%,4.2,4.13,3.89,3.95,31.33,11.32,11.28,233130,Strengthening,Minimum,11.13%,0.81,3.61,4.3,-7%
STRA,"Strategic Education",Schools,83.32,+0.58%,6,Buy,"88% Buy",+3.37,+2.42%,79.98,81.15,80.27,82.98,52.02,-15.71,-7.59,264214,Average,Good,59.37%,1.22,79.58,86.39,55%
CTAS,"Cintas Corp","Textile - Apparel",200.59,-0.59%,1,Buy,"72% Buy",+3.17,-4.49%,184.36,195.46,186.06,202.73,48.42,-22.62,-4.82,2149058,Weakening,Good,51.65%,0.71,198.14,207.32,27%
OGS,"One Gas Inc","Utility - Gas Distribution",80.36,+1.38%,8,Hold,"48% Sell",+3.03,+5.05%,81.18,79.29,82.57,80.16,52.26,-13.08,-7.45,528331,Weakest,Weak,38.77%,0.65,78.56,81.75,56%
INMD,"Inmode Ltd","Medical Products",15.03,+0.47%,1,Sell,"72% Buy",+3.01,+0.60%,14.47,15.02,14.35,15.07,50.47,-17.53,-9.17,815656,Strengthening,Good,29.81%,1.28,14.81,15.32,43%
TOWN,"Towne Bank","Banks - Southeast",36.48,-1.51%,3,Sell,"56% Buy",+2.89,-0.57%,35.91,37.01,35.48,37.54,37.96,-18.7,-2.16,527042,Weakest,Good,16.63%,0.92,36.81,38.27,-22%
BSBR,"Banco Santander Brasil S.A. ADR","Banks - Foreign",5.72,-0.52%,4,Buy,"24% Sell",+2.65,+7.92%,5.58,5.48,5.83,5.74,53.71,-10.21,-17.86,1534079,Weakest,Weak,66.36%,1.95,5.59,5.88,43%
AEE,"Ameren Corp","Utility - Electric Power",106.09,+0.08%,2,Sell,"24% Sell",+2.57,+6.32%,110.24,110.61,109.91,107.93,38.79,-11.81,-5.24,1719947,Weakening,Weak,16.12%,0.77,105.36,110.5,14%
CBT,"Cabot Corp","Chemical - Diversified",80.65,-2.49%,1,Sell,"8% Buy",+2.47,-1.12%,84.38,87.35,80.69,85.16,34.58,-19.25,10.2,475995,Weakening,Weak,10.76%,0.73,81.62,88.7,-14%
FE,"Firstenergy Corp","Utility - Electric Power",46.16,+0.65%,2,Sell,"72% Sell",+2.45,+5.82%,47.4,47.82,48.16,46.83,39.54,-12.31,-8.38,4688319,Average,Weak,17.75%,1.26,45.71,47.96,20%
FSBW,"FS Bancorp Inc","Banks - West",42.43,+0.31%,3,Hold,"48% Buy",+2.38,-0.66%,42.05,43.18,41.45,42.96,45.45,-18.79,-8.42,14987,Weakest,Average,35.66%,0.79,42.05,43.88,21%
TRS,"Trimas Corp","Metal Production & Fabrication",38.91,+0.34%,4,Sell,"8% Buy",+2.35,+0.62%,40.1,40.56,38.83,39.45,43.12,-17.51,-1.72,509995,Weakening,Weak,39.06%,0.97,38.14,40.76,29%
TACO,"Berto Acquisition Corp",Unclassified,10.49,0.00%,3,Buy,"96% Buy",+2.34,+1.55%,10.42,10.47,10.35,10.47,56.78,-16.58,-8.03,81037,Strengthening,Strong,58.33%,0.67,10.43,10.5,86%
O,"Realty Income Corp","REIT - Equity Trust Retail",61.36,+0.13%,2,Sell,"24% Sell",+2.05,+4.42%,62.81,63.27,63.07,62.38,38.22,-13.71,-2.63,6052010,Weakening,Weak,13.86%,1.01,61.31,63.45,2%
OGE,"Oge Energy Corp","Utility - Electric Power",45.99,+0.79%,1,Sell,"24% Sell",+2.00,+2.98%,47.71,47.82,47.49,46.51,41.59,-15.15,-3.78,1515094,Weakest,Weak,17.53%,0.89,45.36,47.67,27%
MAX,"Mediaalpha Inc Cl A","Technology Services",12.3,-2.54%,3,Sell,"40% Buy",+1.97,+16.37%,11.12,13.04,10.5,12.91,42.33,-1.76,-16.5,716145,Weakest,Average,23.79%,0.4,12.17,13.64,9%
SYY,"Sysco Corp","Food - Misc & Diversified",82.11,+1.27%,1,Sell,"40% Buy",+1.93,+2.04%,79.16,83.06,80.72,83.19,45.82,-16.09,-0.05,3839781,Weakening,Soft,18.38%,0.68,81.16,85.22,23%
GVA,"Granite Construction Incorporated","Building - Heavy Construction",117.93,-2.18%,4,Sell,"72% Sell",+1.87,+9.45%,132.29,129.64,130.2,124.08,38.47,-8.68,-9.24,727826,Strongest,Average,13.52%,0.56,119.11,129.04,-12%
PERI,"Perion Network Ltd","Internet - Content",9.42,-3.38%,4,Sell,"8% Buy",+1.71,+2.06%,9.53,9.51,9.37,9.68,44.49,-16.07,-13.15,379995,Weakest,Minimum,48.17%,1.88,9.46,9.9,-9%
MMI,"Marcus & Millichap","Real Estate Developers",31.27,-1.23%,5,Buy,"88% Buy",+1.63,-4.05%,29.99,31.24,28.7,31.77,46.94,-22.18,3.1,250057,Average,Strong,34.76%,0.86,30.59,32.94,29%
SSP,"E.W. Scripps Company","Broadcast - Radio & TV",3.26,-1.51%,3,Buy,"56% Sell",+1.60,+9.03%,3.5,3.09,3.57,3.27,52.19,-9.1,-29.78,806464,Weakening,Soft,47.88%,1.3,2.99,3.54,49%
INVA,"Innoviva Inc","Large Cap Pharma",21.08,+1.49%,2,Sell,"72% Sell",+1.46,+3.18%,22.18,21.59,22.26,20.96,48.65,-14.95,-6.03,783237,Weakening,Soft,32.59%,1.05,20.47,21.46,62%
AVO,"Mission Produce Inc","Agriculture Operations",12.82,+0.79%,5,Hold,"8% Buy",+1.43,+2.48%,12.65,12.83,13.02,12.93,48.98,-15.65,-0.96,942776,Weakening,Minimum,33.59%,0.47,12.37,13.48,41%
WPC,"W.P. Carey & Company Llc","REIT - Equity Trust Other",70.16,+0.29%,1,Sell,"40% Sell",+1.25,+4.56%,73.06,72.45,72.39,71.18,38.58,-13.57,-2.47,1357192,Average,Weak,17.01%,0.96,69.79,72.56,13%
IOT,"Samsara Inc Cl A","Internet - Software",39.06,-4.38%,7,Buy,"88% Buy",+1.19,+8.08%,34.08,37.15,32.57,39.86,50.16,-10.05,-1.3,6645514,Average,Good,52.04%,0.99,38,41.72,28%
GATX,"GATX Corp","Transportation - Equip & Lease",173.54,-0.79%,4,Sell,"56% Sell",+1.17,+3.11%,180.75,178.71,180.59,177.94,37.24,-15.02,-9.16,206734,Strengthening,Weak,19.76%,0.89,174.43,181.45,-13%
RCKT,"Rocket Pharmaceuticals Inc","Medical - Biomedical",3.73,+0.27%,6,Buy,"48% Buy",+1.15,+13.72%,3.41,3.53,3.61,3.56,56.42,-4.41,-5.21,2531152,Average,Weak,69.45%,0.52,3.28,3.85,80%
AGNC,"Agnc Investment Corp","REIT - Mortgage Trusts",10.6,-1.21%,5,Sell,"24% Sell",+1.11,+8.61%,10.72,10.88,10.74,10.86,40.65,-9.52,-12.6,18446037,Weakening,Minimum,19.51%,0.92,10.61,11.11,-2%
SONO,"Sonos Inc","Audio & Video Products",15.14,-2.95%,4,Buy,"40% Buy",+1.07,+8.76%,14.95,15.02,14.81,15.64,47.06,-9.37,-25.26,1707000,Weakest,Weak,20.16%,0.69,14.81,16.47,20%
ZBH,"Zimmer Biomet Holdings","Medical Products",99.4,-0.64%,5,Buy,"88% Buy",+0.99,-6.31%,90.66,94.38,91.27,99.27,54.37,-24.44,-0.94,2234104,Average,Strong,64.02%,0.63,96.4,102.15,52%
ELS,"Equity Lifestyle Properties","REIT - Equity Trust Resident",63.16,-0.46%,1,Sell,"8% Sell",+0.94,+4.76%,63.95,64.81,64.53,64.7,39.16,-13.37,-7.27,1621543,Weakening,Minimum,8.44%,1.05,63.19,66.22,-1%
BSBK,"Bogota Financial Corp","Banks - Northeast",9.1,-0.66%,2,Buy,"88% Buy",+0.80,-1.83%,8.84,9.08,8.71,9.14,48.69,-19.96,-3.79,9101,Weakening,Good,42.37%,0.63,8.87,9.4,43%
TXNM,"Txnm Energy Inc","Other Alt Energy",57.85,+0.42%,3,Buy,"40% Sell",+0.77,+2.14%,58.11,57.42,58.36,57.46,58.23,-15.99,-13.23,1226412,Weakest,Soft,85.74%,2.59,57.12,57.79,109%
CING,"Cingulate Inc","Medical - Biomedical",5.11,-1.16%,9,Buy,"8% Buy",+0.72,+28.07%,4.98,5.03,5.58,5.28,47.53,9.94,6.26,384202,Weakest,Minimum,39.92%,0.33,4.84,5.72,31%
WLKP,"Westlake Chemical Partners LP","Chemical - Specialty",21.73,+0.42%,3,Sell,"24% Sell",+0.65,-1.63%,22.39,21.9,22.23,21.63,50.05,-19.76,2.89,41142,Weakest,Minimum,51.22%,0.36,21.32,21.94,66%
BOSC,"Bos Better Online","Computer - Networks",4.66,-0.43%,3,Buy,"24% Buy",+0.64,-2.92%,4.47,4.45,4.59,4.57,58.31,-21.05,-9.29,59253,Weakest,Minimum,35.43%,1.1,4.41,4.72,80%
ATHE,"Alterity Therapeutics Ltd ADR","Medical - Biomedical",4.55,+1.34%,3,Sell,"24% Buy",+0.52,-7.89%,4.59,4.82,4.2,4.6,47.93,-26.02,36.25,25149,Weakening,Soft,28.78%,0.75,4.33,4.87,41%
KHC,"Kraft Heinz Company","Food - Misc & Diversified",25.87,+0.78%,3,Hold,"88% Buy",+0.50,-7.51%,24.16,25.28,23.93,25.28,54.79,-25.64,-4.8,14860091,Strongest,Good,81.69%,0.99,24.46,26.1,86%
BKTI,"Bk Technologies Inc","Wireless Equipment",72.72,+0.48%,2,Sell,"88% Sell",+0.45,+2.74%,83.54,79.4,82.8,76.26,37.62,-15.39,-13.99,46289,Strengthening,Good,10.00%,0.93,72.33,80.18,5%
CARS,"Cars.com Inc","Internet Commerce",11.59,-0.94%,2,Hold,"64% Buy",+0.28,-11.19%,10.98,11.69,10.46,12.07,44.62,-29.32,-16.48,961948,Weakening,Soft,19.89%,0.75,11.51,12.62,7%
GDOT,"Green Dot Corp","Financial Transaction Services",13.11,-1.35%,6,Hold,"64% Buy",+0.26,-5.82%,12.95,13.35,12.49,13.38,39.77,-23.95,-9.14,598689,Weakest,Average,46.12%,0.52,13.16,13.6,-12%
DLNG,"Dynagas Lng Partners LP","Transportation - Services",3.79,-1.81%,6,Buy,"24% Sell",+0.24,+4.99%,3.75,3.66,3.84,3.8,51.67,-13.14,-10.95,74670,Weakening,Weak,57.33%,1.19,3.68,3.92,47%
RLI,"Rli Corp","Insurance - Proprty & Casualty",63.35,-0.19%,6,Hold,"64% Buy",+0.12,-6.47%,57.36,61.91,58.23,64.14,49.94,-24.6,-12.46,831714,Average,Good,28.32%,0.68,62.27,66.02,29%
TR,"Tootsie Roll Industries","Food - Confectionery",40.31,-1.35%,9,Buy,"24% Buy",+0.03,+0.25%,39.91,39.48,40.41,40.6,49.68,-17.88,-1.43,160848,Weakest,Weak,55.42%,0.65,39.26,41.95,39%
SBSI,"Southside Bancshares","Banks - Southwest",31.42,-0.44%,2,Sell,"32% Sell",-0.10,+0.58%,33.23,33.43,32.72,32.27,32.76,-17.55,-8.09,121109,Strengthening,Weak,12.70%,0.98,31.36,33.18,3%
FTW,"Eqv Ventures Acquisition Corp Cl A","Oil - US Integrated",10.79,-0.83%,4,Sell,"24% Sell",-0.11,+3.75%,11.58,11.69,11.47,11.32,29.99,-14.38,-8.62,90879,Average,Minimum,10.60%,1.59,10.94,11.71,-19%
IBTA,"Ibotta Inc Cl A","Technology Services",37.27,+0.16%,4,Buy,"88% Buy",-0.14,+38.34%,33.46,33.26,30.49,37.17,55.6,20.21,52.49,291611,Strongest,Good,45.03%,0.72,35.12,39.22,53%
PRDO,"Perdoceo Education Corp",Schools,32.99,-0.75%,4,Sell,"24% Sell",-0.21,+0.76%,33.51,32.87,33.68,32.68,51.23,-17.37,1,671091,Weakening,Minimum,66.02%,0.92,31.11,34.25,60%
NAAS,"Nass Technology Inc ADR","Electrical Power",3.16,-2.77%,3,Sell,"56% Buy",-0.40,+1.61%,2.96,3.25,2.78,3.31,43.95,-16.52,-17.99,16242,Weakening,Weak,19.22%,0.7,3.13,3.49,8%
AWK,"American Water Works","Utility - Water Supply",137.4,-0.60%,5,Buy,"88% Buy",-0.45,-4.26%,130.8,134.41,131.66,136.55,53.68,-22.39,-6.19,2015160,Average,Good,68.93%,0.74,133.52,139.57,64%
MSCI,"MSCI Inc","Finance - Investment Mgmt",563.09,-1.32%,2,Sell,"56% Sell",-0.47,-0.82%,584.42,578.44,574.32,565.93,45.27,-18.95,-13.33,647167,Strengthening,Weak,61.18%,0.5,555.61,576.25,36%
CWST,"Casella Waste Sys","Waste Removal Svcs",92.65,+0.43%,5,Buy,"40% Buy",-0.49,-6.00%,88.71,92.88,89.87,91.77,51.66,-24.13,-16.88,795242,Weakening,Weak,66.15%,0.63,88.56,94.97,64%
BILL,"Bill Holdings Inc","Internet - Software",47.62,-3.27%,5,Buy,"72% Buy",-0.50,+2.59%,40.69,44.4,41.13,48.62,51.18,-15.54,-24.17,2544296,Weakening,Average,44.58%,0.65,46.54,50.71,26%
IBN,"Icici Bank Ltd ADR","Banks - Foreign",30.19,-0.56%,2,Buy,"88% Buy",-0.67,-4.88%,28.27,29.68,28.39,29.93,55.09,-23.01,-10.17,6512894,Strengthening,Average,63.81%,0.61,29.27,30.59,70%
UHT,"Universal Health Realty Income Trust","REIT - Equity Trust Other",41.11,+0.32%,1,Sell,"40% Sell",-0.67,+1.28%,41.75,42.64,41.87,41.43,43.56,-16.85,-6.63,103412,Weakening,Minimum,38.65%,0.54,40.19,42.66,37%
CIFR,"Cipher Digital Inc","Technology Services",14.61,-5.74%,1,Sell,"56% Sell",-0.68,+91.23%,20.7,20.03,18.83,16.66,39.86,73.1,-12.5,29703428,Strengthening,Average,8.77%,0.65,14.4,18.92,5%
GRBK,"Green Brick Partners","Building - Residential & Comm",70.93,-1.79%,7,Sell,"40% Buy",-0.68,+1.56%,70.7,73.24,70.5,71.73,45.84,-16.57,1.72,239680,Weakest,Soft,52.47%,2.37,69.25,74.22,34%
BCML,"Bay Commercial Bk CA","Banks - West",29.85,+0.07%,7,Sell,"24% Sell",-0.91,-1.35%,31.07,31.76,30.61,30.47,38.73,-19.48,-9.95,44488,Average,Minimum,19.02%,0.53,29.54,31.39,17%
MHO,"M/I Homes","Building - Residential & Comm",146.03,-1.87%,6,Sell,"40% Buy",-1.07,-0.84%,141.78,151.29,138.98,150.98,43.08,-18.97,2.65,234111,Weakest,Average,14.50%,1.13,146.39,155.57,-4%
ECHO,"Echostar Corp","Satellite Communication",86.04,-0.46%,4,Sell,"88% Sell",-1.17,+39.25%,108.17,91.67,110.01,88.3,41.7,21.12,-32.33,6434119,Strengthening,Average,20.39%,0.32,83.7,92.9,25%
WM,"Waste Management","Waste Removal Svcs",219.77,+0.39%,3,Sell,"56% Sell",-1.37,-2.92%,224.77,228.44,227.45,223.86,39.5,-21.05,-11.45,2134094,Weakening,Weak,17.80%,1.06,217.86,229.85,16%
ATR,Aptargroup,"Containers - Paper Products",130.92,-0.53%,2,Hold,"48% Buy",-1.62,-6.00%,125.56,130.93,127.76,133.57,43.73,-24.13,-4.13,506334,Weakest,Weak,32.25%,0.93,130.43,136.71,8%
FOR,"Forestar Group Inc","Real Estate Developers",27.52,-2.65%,6,Sell,"8% Buy",-2.30,-0.54%,28.38,29.45,27.88,28.97,36.68,-18.67,0.25,145406,Weakening,Weak,15.01%,0.69,27.98,29.95,-23%
CLMB,"Climb Global Solutions Inc","Technology Services",27.99,-1.89%,8,Buy,"80% Buy",-2.43,-9.39%,23.84,26.29,23.93,27.99,53.74,-27.52,-2.56,228676,Average,Good,61.77%,1.15,26.96,29.03,50%
ATO,"Atmos Energy Corp","Utility - Gas Distribution",167.7,+0.95%,1,Sell,"88% Sell",-2.47,+0.95%,175.87,173.12,177.64,169.13,42.05,-17.18,-11.44,1234950,Average,Average,20.90%,0.73,165.63,172.63,30%
IRS,"Irsa Inversiones Y Representaciones S.A. ADR","Real Estate Developers",15.03,+0.47%,1,Sell,"72% Sell",-2.70,+2.24%,15.09,15.16,15.29,14.8,51.57,-15.89,-20.61,167169,Weakening,Weak,63.74%,0.57,14.41,15.2,78%
MRSH,"Marsh & Mclennan Companies","Business Services",187.58,-1.17%,2,Buy,"72% Buy",-2.71,-8.86%,175.04,183.54,175.99,190.36,48.5,-26.99,-10.37,2791282,Weakening,Good,50.92%,0.86,185.23,195.48,23%
QCOM,"Qualcomm Inc","Electronics - Semiconductors",166.61,-2.27%,5,Hold,"32% Sell",-2.72,+3.66%,182.3,171.29,167.13,162.95,51,-14.47,-14.08,14440064,Weakest,Minimum,78.92%,0.65,156.75,169.14,80%
ELLO,"Ellomay Capital Ltd","Utility - Electric Power",19.7,-6.19%,4,Buy,"56% Sell",-2.72,+6.03%,21.8,19.6,23.4,20.14,47.82,-12.1,-30.41,6847,Average,Average,60.94%,1.36,19.18,21.11,27%
EVER,"Everquote Inc Cl A","Internet - Software",24.83,-2.40%,3,Buy,"72% Buy",-2.73,+6.80%,21.56,24.94,19.87,25.05,48.53,-11.33,-19.52,757520,Weakening,Average,48.47%,0.44,23.32,26.78,44%
SBGI,"Sinclair Inc","Media Conglomerates",13.86,-1.70%,2,Buy,"72% Sell",-2.76,-4.22%,14.37,14.16,14.31,14.26,45.34,-22.35,-20.89,465099,Average,Soft,38.85%,0.64,13.61,14.91,20%
RILY,"Brc Group Holdings Inc","Finance - Misc Services",6.75,-2.46%,5,Sell,"72% Sell",-2.89,+22.62%,8,7.27,7.76,7.18,39.23,4.49,33.06,1131128,Strongest,Weak,11.49%,0.78,6.78,7.58,-4%
COST,"Costco Wholesale","Retail - Discount",939.96,-0.42%,3,Hold,"64% Sell",-2.92,-0.36%,972.44,945.4,978.94,950.66,46.1,-18.49,-2.48,2275792,Strengthening,Soft,32.75%,0.69,931.57,969.74,22%
MC,Moelis,"Finance - Investment Brokers",66.76,-1.92%,4,Sell,"40% Buy",-3.03,-7.42%,66.81,67.15,64.83,67.57,47.55,-25.55,-14.36,1019359,Weakest,Minimum,51.44%,0.85,64.8,70.34,35%
ALV,"Autoliv Inc","Auto - Truck Original Parts",119.21,-1.65%,2,Hold,"48% Buy",-3.27,-3.92%,120.55,120.73,118.36,122.07,42.72,-22.05,-11.05,711421,Weakest,Weak,22.18%,0.76,119.29,124.86,-1%
FCPT,"Four Corners Property Trust IN","REIT - Equity Trust Other",24.84,-0.16%,1,Sell,"8% Sell",-3.28,-4.06%,25.14,25.32,25.05,25.09,42.75,-22.19,-3.76,811987,Weakening,Minimum,40.10%,2.04,24.58,25.61,26%
DXR,"Daxor Corp","Medical - Outpatient & Hm Care",10.9,+8.14%,3,Hold,"16% Buy",-3.49,-0.91%,10.21,10.28,10.86,10.3,59.06,-19.04,-37.58,6451,Weakening,Minimum,67.77%,8.39,9.72,10.87,103%
TGS,"Transportadora DE Gas Sa Ord B ADR","Oil - Production & Pipeline",29.23,+1.14%,1,Sell,"88% Sell",-3.60,+7.62%,30.09,29.49,30.52,28.44,52.95,-10.51,-17.46,269185,Average,Soft,61.44%,0.91,27.37,29.51,87%
PMN,"Promis Neurosciences Inc","Medical - Biomedical",13.35,+2.14%,2,Hold,"16% Buy",-3.82,-1.09%,12.21,13.68,13.72,14.39,44.23,-19.22,84.12,93017,Weakest,Weak,10.84%,0.42,13.12,15.67,9%
VLTO,"Veralto Corporation","Waste Removal Svcs",97.05,-1.54%,7,Buy,"72% Buy",-3.83,-8.61%,90.5,94.5,91.06,98.05,50.58,-26.74,-14.22,1981916,Average,Average,42.80%,1,96.02,100.09,25%
INDO,"Indonesia Energy Corp Ltd","Oil - International Integrated",3.02,+6.34%,9,Buy,"24% Sell",-3.93,-0.98%,2.96,2.86,3.39,2.89,59.14,-19.11,-8.41,1287170,Weakest,Weak,36.67%,2.44,2.72,3.06,88%
LMNR,"Limoneira Company","Agriculture Operations",14.21,+3.27%,9,Buy,"88% Buy",-3.96,-9.84%,13.18,13.54,13.4,13.84,61.18,-27.97,1.07,83811,Strongest,Average,58.13%,0.96,13.52,14.16,108%
RARE,"Ultragenyx Pharmaceu","Medical - Biomedical",25.81,+2.38%,4,Sell,"24% Sell",-3.99,-13.85%,26.37,28.32,24.99,26.03,45.66,-31.98,0.74,2244940,Weakest,Minimum,19.83%,0.77,24.93,27.13,40%
UNCY,"Unicycive Therapeutics Inc","Medical - Drugs",5.05,-2.88%,6,Sell,"88% Sell",-4.05,+20.53%,6.5,5.54,6.55,5.34,41.09,2.4,-23.96,838239,Strongest,Strong,17.97%,0.42,4.92,5.76,15%
CI,"The Cigna Group","Medical - HMO",283.06,+2.53%,3,Sell,"8% Sell",-4.14,-5.92%,283.56,283.31,281.08,277.9,52.78,-24.05,-8.64,1686819,Weakest,Minimum,51.62%,0.76,271.75,284.05,92%
BCO,"Brink's Company","Financial Transaction Services",110.02,+1.00%,1,Sell,"40% Sell",-4.41,-1.80%,107.93,110.57,110.92,111.84,46.02,-19.93,-17.23,432910,Weakest,Minimum,25.05%,0.87,107.93,115.76,27%
AQN,"Algonquin Power & Util","Utility - Electric Power",5.66,0.00%,4,Sell,"100% Sell",-4.51,-2.41%,5.93,5.8,6.12,5.75,41.4,-20.54,-19.45,4437657,Strengthening,Strong,15.10%,1.04,5.61,5.88,17%
DDL,"Dingdong [Cayman] Ltd ADR","Internet Commerce",2.3,+1.77%,1,Hold,"64% Sell",-4.52,+11.65%,2.39,2.25,2.51,2.31,49.17,-6.48,-19.11,1126141,Weakest,Soft,27.22%,0.55,2.19,2.43,46%
DMRA,"Damora Therapeutics Inc","Medical - Biomedical",28.14,-0.14%,6,Sell,"56% Buy",-4.53,+784.91%,26.7,29.27,26.54,30.35,40.95,766.78,10.81,353359,Weakest,Weak,19.28%,0.47,28.29,32.41,-4%
GNLX,"Genelux Corp","Medical - Biomedical",2.6,-0.57%,2,Sell,"88% Sell",-4.55,-21.92%,2.84,2.83,2.77,2.68,42.57,-40.05,-51.85,221495,Strongest,Soft,19.65%,0.74,2.54,2.83,21%
MAGN,"Magnera Corporation","Engineering & R&D Services",12.31,-1.99%,2,Sell,"8% Buy",-4.64,-0.73%,11.9,12.8,11.88,12.47,45.7,-18.86,-30.17,582852,Weakest,Minimum,50.36%,0.74,11.74,13.2,39%
RAVE,"Rave Restaurant Group","Retail - Restaurants",3.09,-1.59%,2,Sell,"40% Buy",-4.69,-7.21%,3,3.19,2.96,3.1,46.15,-25.34,-17.84,50729,Weakest,Soft,70.59%,1.01,3.02,3.18,44%
RGCO,"Rgc Resources Inc","Oil - Refining and Marketing",21.57,+0.75%,2,Sell,"56% Sell",-5.17,-3.01%,22.91,22.85,22.55,21.73,43.23,-21.14,-10.21,12486,Average,Soft,29.46%,0.79,21.23,22.22,34%
IBM,"Intl Business Machines","Computer - Integrated Systems",231.4,-1.06%,5,Sell,"100% Sell",-5.18,-4.97%,246.94,243.05,250.5,234.58,46.62,-23.1,-33.36,7181293,Strongest,Good,44.99%,0.34,229.17,239.99,21%
SRL,"Scully Royalty Ltd","Conglomerates - Div Operations",5.75,-1.54%,3,Buy,"56% Sell",-5.29,+8.93%,6.9,5.77,7.2,5.84,47.95,-9.2,-44.23,21647,Average,Average,25.83%,1.58,5.69,5.99,20%
STE,"Steris Corp","Medical Instruments",229.65,-1.29%,4,Buy,"24% Buy",-5.36,-6.29%,219.11,224.11,224.86,234.89,47.39,-24.42,-20.9,754281,Weakest,Minimum,24.23%,0.77,229.34,240.45,3%
MXC,"Mexco Energy Corp","Oil - US Exploration & Product",9.4146,-7.25%,3,Buy,"24% Sell",-5.68,+16.23%,8.98,8.88,9.66,9.56,50.18,-1.9,-16.48,18845,Weakest,Weak,72.01%,0.48,9.02,10.1,37%
SWKS,"Skyworks Solutions","Semi Radio Frequency",67.41,+0.60%,6,Buy,"72% Buy",-5.73,-10.05%,67.1,64.83,63.8,67.81,52.88,-28.18,-5.17,4311854,Strengthening,Weak,50.09%,0.93,65.19,70.42,42%
GBTG,"Global Business Travel Group Inc","Internet - Software",9.46,0.00%,10,Buy,"100% Buy",-5.86,+13.43%,8.84,9.43,7.77,9.45,57.25,-4.7,12.18,2369398,Weakening,Strong,33.33%,0.75,9.43,9.48,60%
KPRX,"Kiora Pharmaceuticals Inc.","Medical - Drugs",2.51,0.00%,8,Buy,"56% Buy",-5.92,-9.71%,2.55,2.57,2.41,2.6,43.68,-27.84,15.93,179863,Weakening,Weak,24.69%,0.76,2.49,2.71,8%
HCA,"Hca Holdings Inc","Medical Services",413.58,-0.21%,7,Buy,"24% Sell",-5.99,+2.38%,410.33,401.79,443.92,414.9,51.86,-15.75,-22.89,1326227,Weakening,Soft,41.87%,0.86,399.27,430.52,46%
VOR,"Vor Biopharma Inc","Medical - Biomedical",22.64,+0.71%,6,Buy,"88% Buy",-6.14,-42.54%,17.71,20.6,16.57,23.16,53.15,-60.67,61.61,1273559,Average,Average,29.69%,0.51,22.18,24.15,24%
NATH,"Nathan's Famous IN","Retail - Restaurants",97.7,-0.16%,1,Sell,"72% Sell",-6.18,-6.69%,100.06,98.93,100.3,97.71,46.37,-24.82,-7.07,36145,Strengthening,Weak,61.17%,0.76,96.6,98.83,49%
VEL,"Velocity Financial Inc","Finance - Mortgage & Rel Svs",17.93,-0.11%,4,Buy,"40% Sell",-6.26,-6.03%,18.03,17.86,18.26,18.11,48.99,-24.16,-25.11,102301,Weakening,Soft,23.98%,1.04,17.68,18.53,29%
USLM,"U S Lime & Mineral","Building - CMT & CNT & AG",115.05,-2.61%,6,Buy,"8% Sell",-6.37,-8.63%,113.34,111.51,115.28,118.7,46.55,-26.76,-15.4,144919,Weakest,Minimum,31.09%,0.67,115.73,121.67,-11%
IVA,"Inventiva S.A. ADR","Medical - Biomedical",4.77,+1.92%,6,Buy,"8% Sell",-6.37,-22.94%,4.65,4.42,5.13,4.71,55.29,-41.07,-8.9,593680,Weakest,Weak,50.63%,0.8,4.57,4.85,71%
AB,"Alliancebernstein Holding LP","Finance - Investment Mgmt",36.67,-0.14%,3,Sell,"88% Sell",-6.51,-7.35%,37.4,36.76,37.96,36.63,49.17,-25.48,-16.18,322947,Strengthening,Strong,68.20%,1.17,35.96,37.31,53%
QTWO,"Q2 Holdings Inc","Internet - Software",63.91,-1.74%,6,Buy,"72% Buy",-6.53,-18.82%,52.66,57.72,52.2,64.1,57.32,-36.95,-22.91,855305,Weakening,Average,56.38%,0.49,62.21,65.99,45%
SBAC,"SBA Communications","REIT - Equity Trust Other",188.81,-0.45%,5,Hold,"32% Sell",-6.84,-7.83%,196.04,182.95,193.88,184.33,56.23,-25.96,-13.87,996042,Weakest,Soft,86.06%,0.75,177.88,190.78,85%
DMAC,"Diamedica Therapeutics Inc","Medical - Biomedical",6.45,+1.57%,6,Sell,"56% Sell",-6.90,+12.96%,6.47,6.88,6.85,6.65,43.89,-5.17,-30.45,251322,Weakening,Weak,17.61%,0.74,6.36,6.94,16%
XLO,"Xilio Therapeutics Inc","Medical - Biomedical",8.88,-0.78%,3,Sell,"40% Buy",-6.91,-9.40%,8.66,9.09,8.41,9.16,41.44,-27.53,-12.4,37938,Weakest,Weak,23.70%,0.98,8.83,9.49,7%
PG,"Procter & Gamble","Consumer Prdts - Misc Staple",146.21,+0.75%,3,Sell,"56% Sell",-6.96,-6.90%,146.12,146.93,148.43,144.9,52.56,-25.03,-9.46,9970810,Weakening,Weak,54.89%,0.93,142.41,147.39,76%
WCN,"Waste Connections Inc","Waste Removal Svcs",163.89,-0.86%,3,Sell,"8% Buy",-7.03,-11.32%,162.25,167.8,163.42,166.45,41.94,-29.45,-18.02,1470551,Weakest,Minimum,13.17%,0.84,163.51,169.38,6%
SLGN,"Silgan Holdings","Containers - Metal & Glass",41.41,+0.19%,6,Sell,"40% Sell",-7.10,-11.74%,41.5,43.7,42.31,41.8,44.23,-29.87,-8.9,992221,Average,Weak,41.67%,0.92,40.53,43.07,35%
CRAI,"Cra International",Consulting,172.48,-1.16%,1,Buy,"72% Buy",-7.21,-10.98%,158.03,166.64,161.21,171.84,51.67,-29.11,-25.54,150342,Weakening,Weak,66.06%,1.24,164.99,178.7,55%
RIOT,"Riot Platforms Inc","Finance - Misc Services",17.79,-6.34%,3,Sell,"40% Sell",-7.26,+29.29%,22.2,21.52,19.75,19.96,39.34,11.16,28.93,18438652,Strengthening,Weak,15.98%,0.77,18.04,21.87,-6%
WOR,"Worthington Enterprises Inc","Building Products - Wood",56.74,-1.22%,3,Buy,"88% Buy",-7.38,-13.77%,56.1,56.25,55.27,57.47,47.92,-31.9,-1.45,212816,Weakening,Soft,38.62%,0.99,56.17,58.78,22%
SMG,"Scotts Miracle-Gro Company","Agriculture Operations",59.1,-1.17%,1,Sell,"40% Sell",-7.52,-3.46%,63.22,65.34,63.93,61.34,37.29,-21.59,-10.19,916865,Strengthening,Weak,23.47%,0.78,58.27,64.41,13%
NXPI,"Nxp Semiconductors","Semi Analog & Mixed",222.4,-1.00%,5,Sell,"56% Sell",-7.74,-5.30%,268.9,254.5,250.65,228.76,36.76,-23.43,-9.02,3462181,Average,Weak,24.82%,0.8,218.47,239.04,19%
TRC,"Tejon Ranch Company","Real Estate Operations",16.08,0.00%,1,Sell,"88% Sell",-7.77,-7.64%,18.4,17.38,18.22,16.35,34.91,-25.77,-9.51,108957,Strengthening,Strong,27.59%,1.04,15.95,16.74,16%
OPCH,"Option Care Health Inc","Medical - Outpatient & Hm Care",23.64,+0.81%,3,Buy,"24% Sell",-7.78,-17.57%,22.77,22.65,25.6,23.76,53.71,-35.7,-37.28,2380668,Weakest,Weak,48.17%,0.66,23.19,24.33,39%
SPH,"Suburban Propane Partners LP","Oil Refining & Marketing MLP",17.58,-0.17%,1,Hold,"96% Sell",-7.90,-6.09%,18.56,17.87,19.13,17.65,44.61,-24.22,-16.66,165035,Strengthening,Strong,41.84%,1.27,17.45,17.85,33%
CHSCP,"CHS Inc","Agriculture Operations",26.65,-0.15%,2,Sell,"100% Sell",-8.05,-6.36%,27.2,26.7,27.5,26.66,46.94,-24.49,-15.27,16379,Strengthening,Strong,42.12%,0.5,26.57,26.74,47%
ZKH,"Zkh Group Limited ADR","Internet - Services",2.93,+0.34%,5,Buy,"8% Sell",-8.06,+2.81%,2.85,2.79,3.01,2.91,53.33,-15.32,-31.86,172079,Weakest,Weak,78.73%,0.86,2.82,3,62%
TW,"Tradeweb Markets Inc","Finance - Investment Brokers",106.71,-0.92%,12,Buy,"8% Sell",-8.44,-13.50%,105.13,101.98,109.63,105.71,54.81,-31.63,-12.25,1498798,Weakest,Minimum,70.73%,0.76,101.73,109.69,63%
STFS,"Star Fashion Culture Holdings Limited Cl A","Advertising Marketing Services",4.53,+1.34%,3,Sell,"24% Sell",-8.46,-23.63%,7.58,7.89,6.42,4.1,44.72,-41.76,1.43,291651,Weakest,Weak,16.56%,0.16,3.54,4.67,88%
KEEL,"Keel Infrastructure Corp","Technology Services",3.07,-2.54%,2,Sell,"40% Sell",-8.47,+129.10%,4.27,4.18,3.57,3.43,39.72,110.97,19.16,41983965,Average,Weak,19.44%,0.59,2.94,3.92,13%
APT,"Alpha Pro Tech","Protection - Safety",5.26,-4.54%,5,Buy,"72% Buy",-8.54,+10.04%,5.25,5.22,5.15,5.32,49.19,-8.09,6.99,55062,Weakening,Soft,42.64%,0.41,5.06,5.58,39%
POCI,"Precision Optics Corp Inc","Medical Instruments",4.24,-1.40%,4,Sell,"88% Sell",-8.70,-9.79%,4.73,4.54,4.67,4.32,43,-27.92,-10.17,34847,Strongest,Average,25.18%,0.45,4.11,4.54,30%
PPIH,"Perma-Pipe International Holdings Inc","Steel - Pipe & Tube",27,-1.57%,10,Buy,"40% Sell",-8.89,-9.37%,28.63,25.99,29.32,26.65,53.94,-27.5,-22.55,99427,Weakening,Average,48.46%,0.66,25.72,27.58,69%
AMC,"AMC Entertainment Holdings","Leisure & Recreation Services",2.58,-2.27%,1,Buy,"100% Buy",-8.97,-8.19%,2.04,2.33,1.75,2.56,52.84,-26.32,53.9,34396219,Weakening,Strong,61.59%,0.41,2.37,2.74,57%
EGAN,"Egain Corp","Internet - Software",7.33,-1.74%,8,Buy,"8% Sell",-9.04,+16.53%,7.14,6.88,7.79,7.32,54.41,-1.6,-40.25,242801,Weakest,Minimum,65.54%,0.68,7.11,7.54,51%
UG,"United Guardian Inc","Medical Products",7.13,-1.52%,3,Sell,"40% Buy",-9.23,-15.22%,7.12,7.28,6.96,7.18,46.33,-33.35,4.27,8556,Weakest,Weak,24.45%,1.71,7.05,7.31,31%
GFL,"Gfl Environmental Inc","Waste Removal Svcs",41.5,-1.87%,2,Buy,"72% Buy",-9.29,-17.07%,38.59,40.08,40.03,41.4,53.06,-35.2,-14.86,2179662,Average,Weak,65.77%,0.73,40.38,42.42,55%
CRNT,"Ceragon Networks Ltd","Wireless Non-US",2.05,-0.97%,4,Sell,"88% Sell",-9.35,+0.99%,2.46,2.24,2.39,2.13,39.37,-17.14,-13.86,564166,Strongest,Average,14.55%,0.8,2.02,2.25,15%
BUDA,"Buda Juice Inc","Beverages - Soft",8.25,-2.94%,5,Sell,N/A,-9.39,N/A,9.01,8.85,9.14,8.54,45.25,N/A,N/A,N/A,N/A,N/A,25.87%,0.11,7.74,9.34,32%
DFIN,"Donnelly Financial Solutions Inc","Internet Software Services",48.16,-0.29%,2,Buy,"72% Buy",-9.46,-15.17%,45.18,47.03,46.09,48.17,51.7,-33.3,-8.33,277544,Weakening,Weak,48.09%,0.88,46.8,49.54,50%
CEG,"Constellation Energy","Other Alt Energy",280.31,+2.02%,6,Buy,"8% Sell",-9.51,-8.98%,274.71,265.08,281.37,274.77,57.08,-27.11,-32.13,3262929,Weakening,Weak,56.16%,0.82,263.47,286.07,75%
AGMB,"Agomab Therapeutics NV Adrs","Medical - Biomedical",13.54,+2.81%,6,Hold,N/A,-9.82,N/A,12.13,13.25,0,13.81,50.82,N/A,N/A,N/A,N/A,N/A,25.33%,2.2,12.67,14.94,38%
BNTC,"Benitec Biopharma Ltd ADR","Medical - Biomedical",12.31,+1.15%,8,Hold,"64% Buy",-9.84,-7.02%,12.27,12.71,11.95,12.91,45.61,-25.15,-20.09,153824,Weakening,Soft,26.65%,0.52,12.01,13.81,17%
SRI,"Stoneridge Inc","Electronics - Misc Components",7.1,+2.60%,3,Sell,"24% Buy",-9.98,-14.46%,7.11,7.17,7.04,7.13,48.81,-32.59,11.15,203431,Weakest,Weak,45.88%,0.65,6.81,7.46,45%
DBVT,"Dbv Technologies ADR","Medical - Biomedical",13.42,-2.89%,8,Sell,"100% Sell",-10.02,+39.07%,16.85,14.73,18.34,14.18,41.21,20.94,-41.47,339713,Strengthening,Good,14.52%,0.83,13.34,15.01,5%
LONA,"Leonabio Inc","Medical - Biomedical",7.59,-4.17%,6,Sell,"40% Sell",-10.03,+95.32%,8.64,8.06,8.1,7.8,45.01,77.19,-11.22,363030,Average,Minimum,24.52%,3.63,7.49,8.11,17%
VRTS,"Virtus Investment Partners","Finance - Investment Mgmt",160,-3.32%,2,Hold,"64% Buy",-10.27,-20.57%,151.74,161.25,147.27,166.49,41.01,-38.7,-13.41,106145,Weakening,Average,26.18%,0.89,161.75,171.22,-18%
GBDC,"Golub Capital Bdc","Finance - SBIC & Commercial",12.89,-2.05%,4,Hold,"16% Sell",-10.30,-13.61%,13.05,12.96,12.87,13.12,43.56,-31.74,-16.49,1826179,Weakest,Minimum,21.09%,1.24,12.88,13.37,3%
CHNR,"China Natural Res","Mining - Misc",3.9,-3.64%,6,Buy,"8% Sell",-10.35,+3.77%,4.02,3.92,3.94,4.08,45.68,-14.36,-2.93,263854,Weakest,Minimum,31.82%,0.24,3.87,4.29,8%
IBP,"Installed Building Products","Building & Construction - Misc",234.14,-3.58%,4,Hold,"48% Sell",-10.85,-10.57%,237.26,233.06,257.63,243.33,45.85,-28.7,-21.21,375299,Weakening,Weak,39.61%,0.9,235.4,251.27,-8%
RHLD,"Resolute Holdings Management","Finance - Misc Services",130.78,-3.50%,3,Hold,"48% Sell",-11.12,+97.88%,130.06,133.52,143.92,131.57,48.88,79.75,-48.13,165861,Average,Weak,55.20%,1.06,120.62,142.51,46%
PIPR,"Piper Jaffray Companies","Finance - Misc Services",74.49,-0.76%,3,Sell,"100% Sell",-11.15,-10.73%,78.54,75.21,78.57,75.15,46.66,-28.86,-23.77,617397,Strongest,Good,41.37%,1.11,73.06,77.25,34%
TAC,"Transalta Corp","Utility - Electric Power",11.77,-2.24%,3,Sell,"80% Sell",-11.15,-4.31%,13.1,13.1,13.09,12.4,36.19,-22.44,-18.36,1583598,Strongest,Good,20.06%,3.62,11.91,12.89,-15%
HNNA,"Hennessy Advisors","Finance - Investment Mgmt",10.11,+0.40%,6,Hold,"64% Buy",-11.28,-13.42%,9.99,10,9.96,9.98,58.26,-31.55,-6.12,11156,Strengthening,Weak,88.51%,0.56,9.83,10.13,96%
EPAC,"Actuant Corp","Machinery - Tools & Related",36.63,-1.85%,6,Buy,"8% Buy",-11.32,-13.49%,35.46,36.07,36.61,37.17,48.55,-31.62,-15.69,443345,Weakest,Minimum,52.08%,0.77,36.5,37.83,10%
TIPT,"Tiptree Financial Cl A","Insurance - Brokers",18.32,-1.08%,8,Buy,"100% Buy",-11.35,-21.88%,17.65,18.01,17.4,18.17,53.61,-40.01,-11.21,242730,Strengthening,Average,74.53%,0.85,17.69,18.65,66%
AMRN,"Amarin Corp ADR","Medical - Biomedical",13.85,-0.25%,5,Sell,"100% Sell",-11.37,-7.95%,14.58,14.54,14.68,14.11,42.67,-26.08,-12.27,80175,Strongest,Average,9.75%,0.52,13.78,14.45,10%
SOHU,"Sohu.com Inc ADR","Internet - Services",13.88,-1.21%,5,Buy,"40% Sell",-11.40,-13.65%,13.96,13.42,14.68,14.21,47.67,-31.78,-22.73,48199,Weakening,Soft,16.79%,1.26,13.72,14.7,17%
FPH,"Five Point Holdings Llc Cl A","Real Estate Developers",5.05,-0.59%,4,Hold,"48% Sell",-11.42,-11.09%,5.09,5.18,5.13,5.14,41.71,-29.22,-21.14,174025,Average,Weak,14.97%,1,5.04,5.25,5%
NPB,"Northpointe Bancshares Inc","Finance - Savings & Loan",16.59,-2.35%,1,Sell,"40% Sell",-11.45,-6.90%,17.77,17.8,17.7,17.14,35.43,-25.03,-12.61,236211,Strengthening,Average,33.70%,1.83,16.72,17.56,-16%
KNSL,"Kinsale Capital Group Inc","Insurance - Proprty & Casualty",372.51,-0.37%,10,Buy,"56% Buy",-11.53,-18.57%,337.45,356.28,347.89,377.87,50.92,-36.7,-16.24,271782,Weakening,Average,28.37%,0.67,364.18,391.56,30%
KMB,"Kimberly-Clark Corp","Consumer Prdts - Misc Staple",107.08,-0.81%,2,Sell,"40% Buy",-11.58,-17.08%,104.01,109.66,103.52,109.41,43.25,-35.21,-5.34,4948278,Weakest,Weak,20.47%,0.94,106.72,112.09,7%
ATAT,"Atour Lifestyle Holdings ADR","Leisure & Recreation Services",34.49,-1.40%,6,Buy,"40% Sell",-11.59,-11.38%,34.83,33.52,35.61,34.9,49.62,-29.51,-23.94,1133708,Weakening,Weak,48.34%,0.77,33.29,36.52,37%
PHUN,"Phunware Inc","Internet - Software",2.06,-0.96%,3,Hold,"48% Buy",-11.74,-20.16%,2.07,2.09,1.97,2.1,44.89,-38.29,-0.13,144137,Weakest,Weak,39.94%,0.69,2.01,2.19,28%
LYEL,"Lyell Immunopharma Inc","Medical - Drugs",14.52,+1.43%,6,Buy,"56% Sell",-11.82,+31.09%,16.1,13.94,18.3,14.62,50.76,12.96,-64.29,122447,Weakest,Soft,28.41%,0.35,13.26,15.98,46%
CC,"Chemours Company","Chemical - Diversified",15.1,-2.96%,2,Sell,"88% Sell",-11.86,-1.95%,20.25,17.2,19.79,15.45,40.54,-20.08,16.59,2887582,Strongest,Good,52.39%,0.93,14.61,16.29,29%
UHS,"Universal Health Services","Medical - Hospitals",170.75,+0.36%,5,Buy,"24% Sell",-12.00,-5.96%,162.03,161.88,175.33,172.62,52.37,-24.09,-33.16,843026,Weakest,Weak,32.85%,0.62,167.49,177.74,32%
FCN,"Fti Consulting",Consulting,151.36,+0.52%,1,Sell,"100% Sell",-12.32,-10.25%,159.22,154.97,162.6,152.41,44.55,-28.38,-22.88,410736,Strengthening,Strong,33.43%,0.54,149.36,155.46,33%
CYH,"Community Health Systems","Medical - Hospitals",2.93,+0.34%,7,Sell,"72% Sell",-12.34,+6.16%,3,3.11,3.07,2.95,46.58,-11.97,-17.57,1670994,Weakening,Soft,44.07%,0.64,2.87,3.03,37%
MSDL,"MS Direct Lending Fund","Finance - SBIC & Commercial",15.25,-0.65%,6,Sell,"24% Sell",-12.49,-15.84%,15.28,15.3,15.17,15.34,48.41,-33.97,-18.94,700229,Weakest,Minimum,22.88%,0.74,15.12,15.55,30%
PPHC,"Public Policy Holding Company Inc","Conglomerates - Div Operations",10.95,+1.01%,1,Buy,N/A,-12.51,N/A,10.83,9.6,0,10.77,54.34,N/A,N/A,N/A,N/A,N/A,55.86%,0.57,9.98,11.56,61%
LSPD,"Lightspeed Commerce Inc","Internet - Software",10.15,-3.70%,3,Buy,"48% Buy",-12.59,-17.95%,9.82,10.34,9.63,10.49,44.86,-36.08,-27.46,902021,Weakest,Weak,33.11%,0.83,10.11,10.87,5%
NOMD,"Nomad Foods Ltd","Food - Misc & Diversified",11.67,+0.26%,2,Buy,"72% Buy",-12.72,-24.90%,10.75,11.63,10.87,11.76,48.67,-43.03,-18.19,1658886,Weakening,Soft,49.08%,0.78,11.29,12.24,40%
LBTYA,"Liberty Global Ltd Ord A","Diversified Comm Services",10.54,-1.95%,2,Sell,"100% Sell",-12.78,-10.22%,11.32,10.66,11.57,10.56,47.74,-28.35,-16.87,2289901,Strongest,Strong,63.00%,0.67,10.21,10.92,47%
MPV,"Barings Participation Investors","Finance - Investment Mgmt",16.96,-0.29%,7,Buy,"24% Sell",-12.79,-14.94%,16.73,16.24,17.34,16.34,62.47,-33.07,-4.75,18619,Weakest,Soft,78.47%,0.84,15.68,16.99,98%
CLSK,"Cleanspark Inc","Finance - Misc Services",11.06,-4.82%,2,Sell,"56% Sell",-13.10,+16.79%,13.89,13.31,12.56,12.1,40.97,-1.34,-2.19,24516145,Strengthening,Weak,19.24%,0.56,10.94,13.26,5%
IVR,"Invesco Mortgage Capital Inc","REIT - Mortgage Trusts",7.19,-1.64%,5,Sell,"100% Sell",-13.43,-8.06%,7.86,7.65,8.03,7.44,30.31,-26.19,-25.99,2361967,Strongest,Strong,6.07%,1.2,7.27,7.61,-22%
SPIR,"Spire Global Inc","Aerospace - Defense",12.02,-9.42%,8,Sell,"56% Sell",-13.66,+32.96%,16.52,14.02,14.78,13.74,37.12,14.83,48.79,1100955,Strengthening,Weak,9.74%,1.21,12.54,14.95,-22%
ATHM,"Autohome Inc ADR","Internet - Services",22.1,+0.73%,2,Hold,"64% Buy",-13.76,-23.48%,19.7,21.4,19.62,22.48,50.07,-41.61,-12.2,692797,Weakening,Average,61.49%,0.52,21.58,23.38,29%
ULH,"Universal Logis Holdings","Transportation - Services",18.41,-1.45%,8,Buy,"40% Buy",-14.03,-29.03%,17.19,16.65,17.37,19.16,50.89,-47.16,9.72,59306,Weakest,Weak,31.73%,0.6,18.22,20.1,10%
BBOT,"Bridgebio Oncology Therapeutics Inc","Medical - Biomedical",8.82,+0.23%,8,Hold,"16% Sell",-14.10,-1.34%,8.52,8.64,9.02,9.12,47.81,-19.47,-41.03,324161,Weakest,Weak,20.99%,0.43,8.67,9.57,17%
GLAS,"Glass House Brands Inc","Medical Products",8.49,-4.93%,3,Sell,"24% Sell",-14.40,+2.91%,10.5,10.52,9.73,9.71,35.2,-15.22,-15.55,290636,Average,Weak,16.84%,1.63,8.82,10.61,-18%
WKEY,"Wisekey International Holding Ltd ADR","Protection - Safety",6.15,-4.95%,3,Sell,"100% Sell",-14.40,+13.89%,7.35,6.67,7.21,6.54,42.19,-4.24,-33.14,144719,Strongest,Average,16.36%,0.74,6.19,6.9,-5%
LBTYK,"Liberty Global Ltd Ord C","Broadcast - Radio & TV",10.35,-1.33%,2,Sell,"88% Sell",-14.88,-13.39%,10.99,10.36,11.26,10.3,49.82,-31.52,-17.73,1211656,Strengthening,Strong,70.48%,0.73,9.98,10.63,57%
LGIH,"LGI Homes Inc","Building - Residential & Comm",53.74,-3.93%,2,Sell,"40% Buy",-14.97,-13.20%,53.02,58.86,51.03,57.99,40.2,-31.33,13.61,401711,Weakest,Average,13.17%,1.07,54.64,61.35,-13%
LNN,"Lindsay Corp","Machinery - Farm",114.82,-0.08%,5,Sell,"40% Sell",-14.97,-16.33%,113.31,115.69,117.39,114.8,50.43,-34.46,-14.07,148179,Weakest,Weak,41.40%,0.71,112.79,116.81,50%
EQ,"Equillium Inc","Medical - Biomedical",2.2,-2.86%,4,Sell,"8% Sell",-15.03,+26.72%,2.45,2.52,2.24,2.26,44.43,8.59,30.78,641401,Weakening,Minimum,55.65%,0.23,2.03,2.49,38%
CE,"Celanese Corp","Chemical - Specialty",44.13,-2.97%,7,Sell,"88% Sell",-15.05,-7.35%,52.13,45.83,53.35,44.86,44.03,-25.48,-7.1,2113327,Strongest,Average,38.38%,0.76,42.87,46.85,32%
AUNA,"Auna Sa Cl A","Medical Services",5.15,-0.39%,7,Buy,"72% Buy",-15.22,-18.12%,5.06,5.18,5.12,5.26,46.53,-36.25,-6.81,308245,Average,Weak,54.49%,0.33,5.09,5.43,17%
ABG,"Asbury Automotive Group Inc","Retail - Wsale Auto & Trucks",209.36,-0.96%,1,Sell,"24% Sell",-15.34,-16.77%,205.3,214.33,207.11,211.7,45.32,-34.9,-21.44,233742,Weakening,Minimum,52.61%,0.63,204.91,218.48,33%
GLAD,"Gladstone Cap Corp","Finance - SBIC & Commercial",19.93,-1.09%,8,Buy,"88% Buy",-15.51,-24.56%,19.27,19.48,18.98,19.71,56.12,-42.69,-15.01,193016,Strengthening,Weak,71.63%,1.16,19.26,20.16,74%
JBS,"Jbs N.V. Cl A","Food - Misc & Diversified",13.41,-0.22%,2,Buy,"56% Sell",-15.60,-17.27%,13.73,12.93,14.54,13.6,49.25,-35.4,-18.48,5667248,Average,Average,37.73%,0.68,13.05,14.16,33%
TARA,"Artara Therapeutics Inc","Medical - Drugs",3.9,+1.04%,4,Sell,"100% Sell",-15.78,+25.00%,4.41,4.02,4.91,3.95,46.39,6.87,-38.31,830970,Average,Average,36.25%,0.43,3.79,4.12,34%
VC,"Visteon Corp","Auto - Truck Original Parts",100.76,-1.04%,2,Sell,"40% Sell",-15.87,-18.72%,108.11,104.84,103.27,104.49,39.6,-36.85,-5.53,538299,Average,Weak,17.90%,0.95,100.14,108.83,7%
RYAN,"Ryan Specialty Holdings","Insurance - Brokers",42.32,+0.33%,3,Hold,"48% Buy",-16.15,-25.14%,37.71,41.84,38.12,42.97,48.41,-43.27,-29.51,2079838,Weakening,Weak,47.45%,0.74,41.01,44.92,33%
KR,"Kroger Company","Retail - Supermarket",57.94,+0.70%,2,Hold,"64% Sell",-16.42,-14.59%,61.55,57.66,64.37,57.13,51.7,-32.72,-18.75,6821878,Weakest,Strong,64.66%,1.04,55.37,58.88,73%
LMRI,"Lumexa Imaging Holdings Inc","Medical Products",11.64,-0.26%,5,Hold,N/A,-16.44,N/A,10.17,11.43,10.94,11.79,50.99,N/A,-48.56,N/A,N/A,N/A,14.65%,0.38,11.28,12.31,35%
RGP,"Resources Connection Inc",Staffing,4.14,-1.19%,3,Sell,"64% Sell",-16.52,-18.98%,4.3,4.33,4.15,4.25,42.88,-37.11,-29.34,420145,Strengthening,Weak,21.70%,0.57,4.09,4.41,16%
NXST,"Nexstar Media Group Inc","Media Conglomerates",177.84,-2.36%,4,Sell,"88% Sell",-16.60,-13.05%,186.54,182.88,198.93,186.2,40.88,-31.18,-23.9,371332,Strengthening,Good,22.22%,0.71,178.58,193.81,-5%
BRO,"Brown & Brown","Insurance - Brokers",72.05,-0.17%,2,Buy,"72% Buy",-16.60,-25.68%,64.77,69.37,66.19,71.71,53.44,-43.81,-21.08,2956686,Average,Average,62.71%,0.59,69.13,74.29,57%
GXO,"Gxo Logistics Inc","Transportation - Air Freight",46.17,-3.27%,2,Sell,"100% Sell",-16.61,-12.31%,50.76,49.83,52.9,47.24,40.35,-30.44,-23.77,1313332,Strongest,Strong,54.99%,0.94,45.51,48.96,19%
ALG,"Alamo Group","Machinery - Farm",164.1,-0.29%,2,Hold,"32% Sell",-16.89,-22.40%,162.21,164.32,170.42,164.78,50.28,-40.53,-13.73,152124,Weakening,Weak,52.34%,1.01,159.69,169.87,43%
CRVS,"Corvus Pharma Com","Medical - Biomedical",14.27,+1.64%,8,Buy,"40% Buy",-16.94,+148.61%,14.06,14.32,15.02,14.49,49.31,130.48,73.84,1945981,Weakening,Minimum,23.56%,0.46,13.56,15.42,38%
DSGX,"Descartes Sys Group","Computer - Software",80.43,-0.26%,7,Buy,"72% Buy",-17.24,-19.53%,73.23,74.45,71.95,78.31,60.01,-37.66,-19.73,587640,Average,Weak,83.83%,1.4,74.79,81.82,80%
STEP,"Stepstone Group Inc Cl A","Finance - Misc Services",49.68,-4.94%,7,Buy,"8% Buy",-17.26,-19.95%,48.15,45.51,49.25,49.47,53.68,-38.08,-34.06,1163252,Weakest,Weak,63.59%,0.81,46.54,52.39,54%
RDY,"Dr. Reddy's Laboratories Ltd ADR","Medical - Generic Drugs",12.17,+0.33%,5,Sell,"100% Sell",-17.35,-14.30%,13.07,12.77,13.38,12.21,45.15,-32.43,-24.8,2166335,Average,Strong,31.25%,0.68,12,12.42,40%
LFWD,"Lifeward Ltd","Medical Services",7.2,-5.88%,5,Sell,"24% Buy",-17.46,-5.48%,7.26,7.51,7.01,7.46,44.27,-23.61,-7.42,22189,Weakest,Minimum,37.41%,0.51,7.1,7.83,14%
CXDO,"Crexendo Inc","Internet - Services",5.91,-3.75%,2,Sell,"88% Sell",-17.47,-6.49%,7.55,7.03,7.16,6.41,33.31,-24.62,-20.14,347129,Strongest,Average,9.00%,0.76,6.05,6.78,-19%
AKA,"A.K.A. Brands Holding Corp","Retail - Apparel & Shoes",10.5,+0.38%,2,Sell,"24% Sell",-17.48,-7.08%,10.43,10.78,10.46,10.75,45.16,-25.21,-13.35,5484,Weakest,Minimum,27.04%,0.69,10.29,11.21,23%
KREF,"KKR Real Estate Finance Trust Inc","REIT - Mortgage Trusts",7.45,-2.23%,5,Buy,"72% Buy",-17.55,-22.64%,6.98,7.35,6.96,7.55,49.36,-40.77,-20.85,1174183,Average,Soft,44.27%,0.62,7.28,7.82,32%
ERIE,"Erie Indemnity Company","Insurance - Brokers",256.09,+0.21%,7,Buy,"56% Buy",-18.04,-27.74%,235.43,244.72,244.27,257.55,52.81,-45.87,-22.14,229684,Average,Weak,42.32%,0.77,247.29,267.81,43%
JYNT,"The Joint Corp","Medical - HMO",8.36,-0.95%,5,Sell,"100% Sell",-18.28,-22.16%,8.72,8.63,8.77,8.43,45.69,-40.29,-15.61,85910,Strongest,Soft,37.50%,0.62,8.19,8.67,36%
CATX,"Perspective Therapeutics Inc","Medical - Drugs",3.1,-1.90%,9,Buy,"72% Sell",-18.49,-7.74%,3.45,3.13,3.9,3.16,47.8,-25.87,1.25,2141545,Strengthening,Soft,19.42%,0.46,2.92,3.41,37%
LXEO,"Lexeo Therapeutics Inc","Medical - Drugs",4.7,-1.26%,9,Buy,"72% Sell",-18.68,-1.88%,5.07,4.74,5.56,4.87,46.51,-20.01,-64.15,998230,Average,Soft,23.67%,0.45,4.47,5.27,28%
CULP,"Culp Inc","Textile - Home Furnishings",3.3,-1.79%,1,Sell,"8% Buy",-18.76,-23.52%,3.29,3.41,3.25,3.4,41.85,-41.65,-18.78,31106,Weakest,Minimum,47.31%,0.31,3.26,3.55,14%
GEG,"Great Elm Group Inc","Conglomerates - Div Operations",2.19,-0.45%,1,Buy,"8% Sell",-18.76,-9.13%,2.18,2.2,2.13,2.17,52.59,-27.26,-25.6,25429,Weakest,Minimum,49.26%,0.6,2.12,2.21,75%
FBIO,"Fortress Biotech Inc","Medical - Biomedical",2.68,-2.01%,2,Sell,"40% Sell",-18.78,+3.88%,2.8,3.05,2.91,2.8,40.18,-14.25,-38.26,662168,Average,Weak,29.01%,0.94,2.62,2.98,17%
NCDL,"Nuveen Churchill Direct Lending Corp","Finance - SBIC & Commercial",12.54,+0.24%,3,Sell,"72% Sell",-19.10,-21.53%,12.98,12.51,13.1,12.43,52.97,-39.66,-17.48,236764,Weakest,Average,44.20%,1.28,12.15,12.72,68%
PLUG,"Plug Power Inc","Electronics Products - Misc",2.09,-3.24%,4,Sell,"88% Sell",-19.15,+33.12%,2.77,2.27,2.57,2.2,43.05,14.99,-5.39,80357984,Strongest,Average,12.84%,0.83,2.06,2.35,12%
MAT,"Mattel Inc","Toys & Game & Hobby",14.59,-2.41%,2,Buy,"24% Sell",-19.23,-20.27%,14.56,14.39,15.31,14.79,47.41,-38.4,-37.94,4584833,Weakening,Soft,45.50%,0.68,14.29,15.29,30%
GIB,"CGI Group","Computer - Services",73.72,-2.03%,4,Buy,"8% Buy",-19.42,-24.14%,69.18,70.12,71.14,74.21,52.67,-42.27,-31.61,452940,Weakest,Minimum,65.05%,0.81,72.52,75.89,36%
OMSE,"Oms Energy Technologies Inc","Oil Field Machinery & Equip",4.73,-1.87%,4,Buy,"24% Buy",-19.60,-26.38%,4.44,4.31,4.46,4.48,64.14,-44.51,-3.98,19832,Average,Weak,79.88%,2.41,4.22,4.74,99%
DHI,"D.R. Horton","Building - Residential & Comm",141.37,-2.21%,4,Sell,"56% Sell",-19.68,-16.59%,149.53,150.52,149.46,147.98,41.26,-34.72,-13.33,2697445,Strengthening,Soft,11.19%,0.88,142.71,153.25,-13%
VFS,"Vinfast Auto Ltd","Auto - Domestic",3.11,-1.11%,3,Buy,"48% Sell",-19.89,-9.06%,3.45,3.11,3.41,3.15,48.58,-27.19,-18.37,522251,Average,Soft,23.93%,0.51,3.02,3.28,36%
TBCH,"Turtle Beach Corp","Computers - Peripheral Equpt",12.05,-5.93%,4,Hold,Hold,-20.00,-23.83%,12.32,12.65,12.15,12.72,43.79,-41.96,-25.59,294780,Falling,,38.23%,0.81,11.85,13.58,12%
ALT,"Altimmune Inc","Medical - Drugs",3.09,-0.64%,7,Buy,"8% Buy",-20.31,-19.32%,2.97,2.99,3.33,3.05,52.55,-37.45,-25.88,4309188,Weakest,Weak,64.23%,0.52,2.87,3.24,60%
JLHL,"Julong Holding Limited Cl A","Building & Construction - Misc",5.62,-6.33%,2,Sell,"88% Sell",-20.38,+41.08%,14.02,8.32,11.16,7.27,39.27,22.95,27.97,922839,Strongest,Weak,6.22%,0.03,5.27,9.26,9%
WTF,"Waton Financial Limited","Finance - Misc Services",2.66,0.00%,2,Sell,"88% Sell",-20.46,-45.38%,3.16,2.84,3.37,2.87,42.88,-63.51,-30.87,66698,Average,Average,24.38%,0.59,2.64,3.1,5%
DXC,"Dxc Technology Company","IT Services",11.16,-1.24%,1,Buy,"8% Buy",-20.60,-22.77%,10.24,10.17,11.11,10.87,57.17,-40.9,-35.3,3540245,Weakest,Minimum,84.64%,0.44,10.37,11.37,79%
TRTX,"Tpg Re Finance Trust Inc","Real Estate Operations",7.68,-0.65%,2,Sell,"100% Sell",-20.62,-17.86%,8.31,8.22,8.33,7.87,31.58,-35.99,-22.28,726232,Strongest,Strong,9.90%,0.86,7.66,8.08,5%
AFRM,"Affirm Holdings Inc Cl A","Internet - Software",69.94,-6.06%,4,Sell,"24% Buy",-20.77,-20.94%,71.56,77.2,64.58,76.05,39.1,-39.07,-17.51,5315178,Weakest,Weak,17.24%,1.84,71.89,80.21,-24%
ANGH,"Anghami Inc","Broadcast - Radio & TV",3.33,-0.30%,6,Sell,"40% Sell",-20.84,+6.05%,3.73,3.54,3.45,3.47,44.42,-12.08,-23.15,263836,Average,Weak,13.37%,0.06,3.18,3.76,26%
DGXX,"Digi Power X Inc","Technology Services",3.42,-5.00%,5,Sell,"56% Sell",-20.85,+55.45%,5.01,4.22,4.16,3.85,38.04,37.32,22.64,5633517,Strengthening,Weak,19.50%,0.4,3.45,4.25,-4%
PAX,"Patria Investments Ltd Cl A","Finance - Investment Mgmt",11.25,-0.79%,4,Buy,"56% Sell",-20.95,-16.91%,11.57,11.16,12,11.4,47.71,-35.04,-40.68,899536,Weakening,Average,37.03%,1.21,11.06,11.75,28%
XBIT,"Xbiotech Inc","Medical - Biomedical",2.22,-3.48%,7,Sell,"96% Sell",-21.16,-29.75%,2.37,2.3,2.36,2.3,40.89,-47.88,-18.59,40445,Strengthening,Average,18.85%,5.81,2.21,2.39,5%
KBR,"KBR Inc","Engineering & R&D Services",36.96,-1.44%,6,Buy,"8% Sell",-21.42,-26.75%,35.56,36.43,36.98,37.8,47.06,-44.88,-19.54,1559570,Weakest,Minimum,34.08%,0.6,36.81,38.79,7%
CITR,"Citrotech Inc","Protection - Safety",5.75,-4.01%,6,Buy,"56% Sell",-21.94,-4.01%,6.33,5.65,6.9,6.05,46.11,-22.14,-40.32,42784,Average,Average,25.23%,0.55,5.47,6.64,24%
PSBD,"Palmer Square Capital Bdc Inc","Finance - SBIC & Commercial",10.32,-1.24%,4,Buy,"56% Sell",-22.04,-27.32%,10.48,10.2,10.6,10.33,52.77,-45.45,-26.82,112257,Weakening,Weak,65.56%,0.35,10.1,10.57,47%
LMND,"Lemonade Inc","Insurance - Multi Line",51.34,-1.70%,4,Sell,"88% Sell",-22.12,-2.95%,58.6,58.96,60.16,52.37,41.44,-21.08,-39.35,1985544,Strengthening,Average,43.11%,0.52,49.93,54.81,29%
CCI,"Crown Castle","REIT - Equity Trust Other",75.84,-0.39%,1,Sell,"88% Sell",-22.28,-23.50%,82.92,76.76,83.81,75.13,48.87,-41.63,-26.14,3480147,Strengthening,Strong,71.48%,0.65,73.31,76.96,69%
WU,"Western Union Company","Financial Transaction Services",7.06,-1.40%,4,Sell,"100% Sell",-22.67,-18.57%,8.03,7.59,8.48,7.22,40.4,-36.7,-35.65,8899865,Strengthening,Strong,36.05%,1.08,6.98,7.46,17%
UPBD,"Upbound Group Inc","Finance - Leasing Companies",18.42,+0.66%,3,Sell,"24% Sell",-22.89,-27.51%,19.38,20.15,19.39,19.24,39.46,-45.64,-6.58,865026,Weakening,Weak,31.55%,0.78,18.34,20.13,4%
MLYS,"Mineralys Therapeutics Inc","Medical - Biomedical",25.57,-0.39%,5,Sell,"100% Sell",-22.94,+65.18%,27.2,26.84,27.37,26.3,43.48,47.05,-41.02,1320288,Strengthening,Soft,23.40%,0.77,24.95,27.66,23%
LOAN,"Manhattan Bridge","Finance - Consumer Loans",4.08,+2.00%,2,Sell,"100% Sell",-22.98,-23.12%,4.28,4.23,4.33,4.09,46.85,-41.25,-23.74,31410,Average,Average,38.39%,0.45,4.01,4.18,43%
SNN,"Smith & Nephew Snats ADR","Medical Products",28.97,+0.73%,1,Sell,"100% Sell",-23.28,-22.64%,30.61,30.18,31.77,29.56,41.46,-40.77,-23.18,1108766,Average,Strong,11.24%,1.65,28.66,30.47,17%
EARN,"Ellington Credit Company","REIT - Mortgage Trusts",4.31,-1.37%,9,Sell,"100% Sell",-23.40,-24.52%,4.55,4.41,4.65,4.4,40.9,-42.65,-29.7,417708,Strengthening,Good,33.15%,0.87,4.29,4.5,8%
WAY,"Waystar Holding Corp","Internet - Software",25.76,-1.60%,7,Buy,"56% Buy",-23.59,-32.00%,22.03,23.09,22.9,24.76,60.06,-50.13,-32.82,2561187,Average,Weak,75.96%,0.73,23.26,26.26,83%
COTY,"Coty Inc","Cosmetics & Toiletries",2.84,-0.35%,3,Hold,"64% Buy",-23.64,-33.64%,2.37,2.56,2.4,2.79,55.5,-51.77,-19.27,9038037,Average,Soft,58.05%,0.47,2.63,2.95,65%
LOPE,"Grand Canyon Educati",Schools,150.09,+1.32%,4,Buy,"40% Sell",-23.68,-25.54%,152.96,146.85,157.16,147.43,54.21,-43.67,-21.23,318613,Weakest,Soft,84.54%,0.64,141.8,153.06,74%
LAZ,"Lazard Inc","Finance - Misc Services",42.32,-2.11%,6,Hold,"80% Sell",-23.74,-25.96%,44.78,42.84,45.57,43.71,44.82,-44.09,-24.33,1511783,Strengthening,Average,22.88%,0.49,42.13,45.28,6%
PWP,"Perella Weinberg Partners","Finance - Misc Services",16.4,-1.38%,5,Buy,"56% Sell",-23.82,-25.89%,17.42,16.31,18.04,16.9,48.01,-44.02,-16.68,1054226,Strengthening,Average,37.34%,0.96,15.87,17.92,26%
NVR,"NVR Inc","Building - Residential & Comm",6275.8198,-0.62%,5,Sell,"88% Sell",-23.84,-22.69%,6351.45,6435.98,6612.89,6346.83,45.9,-40.82,-25.42,27470,Average,Average,36.14%,1.46,6239.2,6454.46,17%
DAIO,"Data I O Corp","Electronics - Misc Components",2.83,-2.08%,4,Sell,"40% Sell",-23.85,-8.71%,3.2,3.23,3.04,2.97,38.63,-26.84,-22.21,46987,Average,Weak,11.25%,0.48,2.78,3.16,13%
MSB,"Mesabi Trust","Mining - Iron",24.69,+0.94%,9,Buy,"56% Sell",-23.86,-20.07%,25.57,23.78,27.8,23.42,61.67,-38.2,-47.38,48746,Weakest,Average,85.20%,0.94,22.45,24.38,116%
SNAP,"Snap Inc","Internet - Software",5.35,-3.60%,4,Buy,"8% Sell",-23.91,-25.07%,5.3,4.93,5.22,5.36,52.11,-43.2,-45.19,45852098,Weakest,Minimum,42.61%,0.78,5.01,5.71,49%
LVS,"Las Vegas Sands",Gaming,43.84,+0.07%,1,Sell,"100% Sell",-23.93,-23.93%,49.21,46.26,51.23,45.72,37.91,-42.06,-44.13,4956442,Strengthening,Strong,16.22%,0.97,43.87,47.58,-1%
KAZR,"Skyline Builders Group Holding Limited Cl A","Engineering & R&D Services",2.11,+1.44%,1,Sell,"100% Sell",-24.26,+100.95%,2.86,2.35,2.93,2.13,47.53,82.82,-39.71,203214,Strengthening,Average,51.28%,0.36,1.88,2.37,47%
RPC,"Ridgepost Capital Inc","Finance - Misc Services",8.43,-1.98%,3,Hold,"32% Buy",-24.41,-31.69%,8.25,8.41,8.28,8.73,44.35,-49.82,-25.55,591820,Weakest,Minimum,29.95%,0.99,8.43,9.02,0%
CPB,"The Campbell's Company","Food - Misc & Diversified",23.71,+0.13%,8,Buy,"24% Buy",-24.45,-25.74%,21.8,22.69,22.81,23.24,57.37,-43.87,-26.41,7851850,Average,Minimum,65.50%,1.06,22.26,24.22,74%
CG,"The Carlyle Group","Finance - Investment Mgmt",46.54,-3.82%,3,Hold,"48% Sell",-24.61,-27.91%,46.89,46.21,48.36,48.78,43.41,-46.04,-32.75,3263541,Weakening,Weak,24.60%,0.79,46.89,50.67,-9%
DEI,"Douglas Emmett","REIT - Equity Trust Other",11.41,-1.30%,4,Sell,"24% Buy",-24.61,-29.61%,11.68,11.95,11.1,11.73,39.98,-47.74,-7.66,2320590,Weakest,Minimum,24.05%,0.93,11.35,12.1,7%
TMUS,"T-Mobile US","Wireless National",182.16,+0.95%,8,Sell,"72% Sell",-24.77,-27.71%,185.29,181.22,193.31,180.28,52,-45.84,-21.76,5565987,Weakest,Average,46.98%,0.81,175.26,185.3,69%
BRID,"Bridgford Foods Corp","Food - Misc & Diversified",6.18,+1.48%,1,Sell,"100% Sell",-24.86,-17.49%,6.94,6.39,7.18,6.23,45.51,-35.62,-32.25,3634,Average,Maximum,15.66%,0.48,6.05,6.42,36%
ONEW,"Onewater Marine Inc Cl A","Leisure & Recreational Prdcts",11.95,-0.33%,4,Hold,"32% Buy",-24.95,-29.00%,11.4,12.01,11.25,11.96,49.31,-47.13,-1.04,147990,Weakest,Weak,54.53%,0.6,11.26,12.65,50%
CALM,"Cal-Maine Foods IN","Agriculture Products",79.02,+0.13%,1,Sell,"24% Sell",-24.96,-31.67%,80.44,84.13,81.36,82.16,38.35,-49.8,-12.17,980382,Weakest,Weak,12.65%,0.56,78.23,86.09,10%
INKT,"Mink Therapeutics Inc","Medical - Biomedical",10.95,-1.26%,8,Buy,"48% Sell",-25.02,-23.10%,11.44,11.2,11.23,11.39,45.95,-41.23,-13.27,107979,Average,Weak,23.67%,0.2,10.65,12.13,20%
SAM,"Boston Beer Company","Beverages - Alcohol",174.95,-1.61%,3,Hold,"80% Sell",-25.02,-20.87%,190.72,181.5,204.5,183.89,40.44,-39.,-21.82,225195,Strengthening,Good,22.84%,0.74,175.99,191.78,-7%
MOB,"Mobilicom Limited ADR","Protection - Safety",5.32,-3.97%,8,Buy,"56% Sell",-25.03,-5.67%,5.68,5.34,5.71,5.8,43.81,-23.8,-24.27,256464,Average,Weak,6.80%,0.87,5.38,6.22,-7%
MMLP,"Martin Midstrm LP","Transportation - Ship",2.33,-0.43%,3,Sell,"88% Sell",-25.06,-32.07%,2.46,2.34,2.56,2.35,49.25,-50.2,-22.21,21636,Average,Average,32.22%,0.64,2.17,2.52,45%
MFIC,"Midcap Financial Investment Corp","Finance - Misc Services",9.66,-1.53%,5,Sell,"100% Sell",-25.13,-26.93%,10.41,9.76,10.58,9.71,47.11,-45.06,-27.04,782388,Strengthening,Strong,32.03%,0.9,9.54,9.88,35%
AI,"C3.Ai Inc Cl A","IT Services",10.34,-4.44%,8,Buy,"8% Buy",-25.34,-38.85%,9.55,9.46,9.56,10.17,55.5,-56.98,-34.77,6022296,Weakest,Minimum,77.62%,0.95,9.56,10.78,64%
LEDS,"Semileds Corp","Electronics - Semiconductors",2,+4.71%,2,Hold,"64% Buy",-25.39,+7.22%,1.94,2.02,1.78,2.09,47.85,-10.91,21.85,309946,Average,Soft,21.21%,0.01,1.81,2.37,34%
VIRC,"Virco MFG Corp",Furniture,6.06,+1.00%,2,Sell,"72% Sell",-25.48,-29.62%,6.07,6.1,6.13,6,52.29,-47.75,-16.64,50907,Weakening,Weak,40.77%,0.32,5.83,6.16,69%
LKQ,"LKQ Corp","Auto - Truck Replacement Parts",24.71,-1.55%,9,Sell,"100% Sell",-25.83,-24.25%,26.57,25.35,28.19,25.19,44.54,-42.38,-29.66,3266760,Strengthening,Strong,41.04%,0.88,24.17,26.21,26%
CAR,"Avis Budget Group","Transportation - Services",140.7,-4.60%,6,Sell,"88% Sell",-26.16,-11.08%,188.33,151.44,166.99,141.28,44.92,-29.21,-1.83,1288858,Average,Weak,46.32%,0.56,134.78,147.79,46%
FSV,"Firstsrvce Sub VT Sh","Real Estate Operations",139.47,+0.09%,3,Hold,"48% Sell",-26.20,-30.68%,140.36,142.32,143.23,142.49,43.81,-48.81,-21.81,216331,Weakening,Weak,26.16%,1.09,138.76,146.22,10%
OTEX,"Open Text Corp","Computer - Software",23.84,-4.37%,3,Buy,"24% Buy",-26.36,-27.91%,23.32,23.76,23.48,24.63,44.91,-46.04,-38.31,1918098,Weakest,Minimum,53.27%,1.4,23.6,25.65,12%
CCM,"Concord Medical Services ADR","Medical - Nursing Homes",4.52,-0.88%,4,Buy,"56% Buy",-26.43,-13.49%,4.63,4.64,4.38,4.81,45.06,-31.62,5.62,33490,Weakest,Weak,17.14%,1.68,4.31,5.31,21%
COYA,"Coya Therapeutics Inc","Medical - Biomedical",4.51,-1.10%,10,Hold,"48% Sell",-26.51,-31.25%,4.72,4.85,4.67,4.76,42.68,-49.38,-33.72,187984,Average,Weak,6.66%,0.54,4.45,5.07,10%
RXRX,"Recursion Pharmaceuticals Inc Cl A","Medical - Biomedical",3.33,-2.06%,6,Buy,"32% Sell",-26.68,-29.15%,3.32,3.31,3.39,3.32,50.61,-47.28,-30.06,18975311,Weakening,Weak,61.51%,0.52,3.05,3.58,53%
BSY,"Bentley Systems Inc Cl B","Internet - Software",35.62,-3.07%,6,Buy,"40% Buy",-26.80,-35.99%,33.21,33.74,34.04,36.21,49.79,-54.12,-18.15,2753335,Weakest,Weak,54.25%,0.56,34.46,37.97,33%
PFLT,"Pennantpark Fltng Rt","Finance - Investment Mgmt",7.39,-1.34%,8,Buy,"48% Sell",-26.82,-28.04%,7.85,7.27,8.06,7.39,51.4,-46.17,-31.76,1100506,Weakening,Good,47.79%,0.79,7.19,7.6,49%
SMSI,"Smith Micro Software","Computer - Software",2.84,-1.05%,6,Buy,"40% Sell",-26.94,-23.26%,3.3,2.74,3.25,2.92,47.26,-41.39,-6.33,78684,Weakening,Soft,20.83%,0.34,2.8,3.04,16%
FINW,"Finwise Bancorp","Banks - Southwest",13.98,+0.54%,3,Sell,"96% Sell",-27.12,-27.68%,14.38,14.05,15.14,13.98,50.04,-45.81,-33.55,22625,Average,Average,61.22%,0.7,13.65,14.3,51%
TLK,"P.T. Telekomunikasi Indonesia Tbk ADR","Diversified Comm Services",14.74,+1.10%,2,Buy,"56% Sell",-27.15,-23.98%,15.61,14.5,16.98,14.79,49.85,-42.11,-41.46,752885,Weakest,Good,16.78%,0.5,14.42,15.16,43%
LEU,"Centrus Energy Corp","Mining - Non Ferrous",168.31,-1.80%,4,Hold,"64% Sell",-27.52,-16.57%,181.93,174.27,192.25,183.85,44.18,-34.7,-42.15,921258,Strengthening,Weak,7.11%,0.86,168.8,198.89,-2%
VST,"Vistra Energy Corp","Utility - Electric Power",138.08,+0.52%,2,Sell,"100% Sell",-28.02,-26.98%,152.6,150.76,155.09,141.15,41.43,-45.11,-25.89,4774805,Strengthening,Good,19.22%,1,133.95,148.36,29%
BGS,"B&G Foods Holdings","Food - Misc & Diversified",3.49,+0.58%,3,Sell,"96% Sell",-28.12,-22.62%,4.17,3.68,4.47,3.49,46.63,-40.75,-30.32,2021752,Average,Strong,44.44%,1.02,3.34,3.65,49%
TRI,"Thomson Reuters Corp","Business Services",106.35,-0.90%,3,Buy,"72% Buy",-28.26,-40.12%,91.96,96.61,92.83,103.93,56.14,-58.25,-30.84,2073960,Average,Soft,73.53%,0.85,98.59,109.26,73%
KNF,"Knife River Holding CO","Building & Construction - Misc",61.8,-1.44%,1,Sell,"88% Sell",-28.51,-23.70%,78.71,75.06,79.71,65.95,31.78,-41.83,-23.63,602854,Strongest,Strong,9.39%,1.23,62.66,69.24,-13%
YALA,"Yalla Group Ltd ADR","Internet - Software",5.44,-0.91%,4,Buy,"56% Sell",-28.75,-30.52%,5.85,5.43,6.15,5.48,47.29,-48.65,-33.09,307036,Average,Good,52.73%,1.62,5.31,5.65,38%
EVAX,"Evaxion A/S ADR","Medical Information Systems",2.98,-0.67%,9,Hold,"80% Sell",-28.94,+8.36%,3.56,3.11,3.55,3.15,41.77,-9.77,-49.01,100449,Average,Soft,20.58%,0.26,2.89,3.41,18%
LFCR,"Lifecore Biomedical Inc","Medical - Biomedical",4.39,-1.57%,3,Sell,"100% Sell",-28.96,-42.31%,4.91,4.72,5.33,4.61,41.07,-60.44,-57.81,215488,Strongest,Average,23.50%,0.48,4.29,4.93,16%
AENT,"Alliance Entertainment Holding Corp","Media Conglomerates",5.03,+2.56%,2,Sell,"100% Sell",-28.97,-5.45%,6.13,5.71,6.24,5.53,34.8,-23.58,-49.28,44424,Strongest,Strong,25.31%,1.73,5.11,5.95,-10%
OFRM,"Once Upon A Farm Pbc","Food - Misc & Diversified",17.37,+0.29%,5,Sell,N/A,-29.05,N/A,16.86,17.79,0,17.35,51.27,N/A,N/A,N/A,N/A,N/A,54.60%,0.47,16.59,18.12,51%
AZO,Autozone,"Retail - Wholesale Auto Parts",2965.8301,-0.85%,5,Sell,"100% Sell",-29.21,-29.36%,3187.81,3042.48,3324.95,3023.07,44.64,-47.49,-24.03,232831,Average,Strong,27.08%,1.12,2924.54,3121.59,21%
LAW,"CS Disco Inc","Internet - Software",4.23,-3.42%,5,Buy,"24% Buy",-29.55,-22.67%,3.99,4.06,4.03,4.29,50.54,-40.8,-56.97,326308,Weakest,Minimum,54.87%,0.85,4.05,4.54,37%
BLRX,"Biolinerx Ltd ADR","Medical - Drugs",2.76,-1.43%,4,Sell,"72% Sell",-29.56,-27.18%,2.92,2.9,2.85,2.77,48.41,-45.31,-11.84,29448,Average,Weak,30.35%,3.28,2.59,2.95,48%
MDXG,"Mimedx Group Inc","Medical - Biomedical",4.52,-0.44%,3,Buy,"40% Buy",-29.71,-36.34%,3.9,4.21,4.15,4.34,60.69,-54.47,-44.71,1213859,Weakening,Minimum,62.50%,0.58,4.11,4.57,90%
BRAI,"Braiin Limited","IT Services",5.83,+6.39%,3,Hold,N/A,-29.83,N/A,6.8,5.7,0,5.54,54.54,N/A,N/A,N/A,N/A,N/A,60.98%,0.2,5.26,5.81,103%
PMT,"Pennymac Mortgage Investment Trust","REIT - Mortgage Trusts",9.24,-0.86%,3,Sell,"100% Sell",-29.85,-24.94%,10.4,9.84,10.93,9.4,40.09,-43.07,-37.85,1227069,Strengthening,Maximum,20.31%,0.91,9.18,9.63,14%
ADVB,"Advanced Biomed Inc","Medical - Biomedical",10.44,+10.48%,5,Buy,"100% Buy",-29.91,+23.87%,6.43,7.87,5.88,8.49,60.07,5.74,67.41,748510,"Top 1%",Average,86.35%,0.17,6.66,10.32,103%
ATLX,"Atlas Lithium Corp","Mining - Misc",3.13,-2.19%,13,Buy,"80% Sell",-30.02,-41.71%,3.87,3.18,4.17,3.18,47.63,-59.84,-37.48,546549,Average,Strong,36.57%,0.49,2.94,3.42,40%
ACI,"Albertsons Companies Inc Cl A","Consumer Prdts - Misc Staple",12.46,+0.89%,8,Sell,"88% Sell",-30.03,-35.97%,14.54,12.99,15.52,12.25,49.24,-54.1,-38.91,7771559,Weakening,Strong,66.67%,0.76,11.85,12.65,77%
JFB,"Jfb Construction Holdings Cl A","Building & Construction - Misc",4.84,+1.89%,6,Hold,"48% Sell",-30.28,+56.13%,4.98,4.39,6.63,4.44,58.81,38,-45.27,306973,Weakest,Soft,71.01%,1.52,3.95,4.93,91%
CSBR,"Champions Oncolog","Medical - Drugs",5,+0.10%,1,Sell,"100% Sell",-30.36,-26.47%,5.79,5.57,5.9,5.05,42.28,-44.6,-39.12,9757,Strengthening,Maximum,26.64%,0.23,4.84,5.25,39%
UPB,"Upstream Bio Inc","Medical - Biomedical",6.55,-1.06%,6,Hold,"80% Sell",-30.36,-61.76%,7.68,6.94,9.43,6.96,44.06,-79.89,-87.35,808217,Average,Average,14.85%,0.83,6.44,7.48,11%
ADNT,"Adient Plc","Auto - Truck Original Parts",18.25,-3.80%,3,Sell,"100% Sell",-30.39,-26.41%,20.71,19.71,21.26,19.3,39.65,-44.54,-16.28,1045351,"Top 1%",Strong,20.85%,0.84,18.06,20.54,8%
BZUN,"Baozun Inc ADR","IT Services",2.74,-3.52%,3,Hold,"48% Buy",-30.40,-19.17%,2.76,2.8,2.67,2.86,44.5,-37.3,-8.47,277644,Weakest,Weak,24.93%,0.81,2.7,3.03,12%
SGI,"Somnigroup International Inc","Retail - Home Furniture",63.65,-1.70%,3,Sell,"100% Sell",-30.41,-24.18%,71.22,69.77,75.29,64.84,42.26,-42.31,-40.19,2559236,Strongest,Strong,49.13%,1.53,61.95,67.73,29%
SUNS,"Sunrise Realty Trust","Real Estate Operations",7.47,-0.27%,1,Sell,"100% Sell",-30.41,-32.46%,7.98,7.93,8.27,7.64,37.83,-50.59,-32.26,98932,Strongest,Good,19.47%,0.74,7.38,7.89,18%
MRDN,"Meridian Holdings Inc",Gaming,13.52,-2.87%,2,Sell,"56% Buy",-30.43,-8.40%,12.08,13.65,10.68,13.98,47.06,-26.53,29.21,44974,Weakest,Average,35.08%,0.72,13.45,14.51,6%
JVA,"Coffee Holding Company","Beverages - Soft",3.43,+0.29%,2,Hold,"64% Sell",-30.46,-17.94%,3.9,3.45,3.78,3.49,42.05,-36.07,-23.08,71807,Weakening,Average,18.10%,0.27,3.42,3.56,10%
LPL,"Lg Display Company Ltd ADR","Computers - Peripheral Equpt",3.27,-3.54%,8,Sell,"100% Sell",-30.60,-25.85%,4.08,3.43,4.11,3.35,44.67,-43.98,-33.81,1803786,Strongest,Strong,24.07%,0.86,3.2,3.51,22%
PPSI,"Pioneer Power Solutions","Machinery - Electrical",2.86,-2.39%,3,Sell,"100% Sell",-30.87,-24.54%,3.63,3.23,3.64,2.94,42.07,-42.67,-51.01,148415,Strongest,Strong,32.61%,0.45,2.79,3.09,23%
CSPI,"C S P Inc","Computer - Integrated Systems",8.05,+1.77%,2,Sell,"88% Sell",-31.11,-33.25%,8.69,8.1,8.86,7.92,52.07,-51.38,-47.08,24099,Weakening,Average,65.51%,0.24,7.27,8.57,60%
BFAM,"Bright Horizons Family Solutions Inc","Business Services",73.07,-1.50%,1,Sell,"56% Sell",-31.30,-38.10%,72.69,73.88,74.95,73.21,47.78,-56.23,-39.42,942469,Average,Weak,73.76%,0.71,70.64,75.77,47%
NAMS,"Newamsterdam Pharma Company N.V.","Medical - Drugs",24.92,-1.66%,4,Sell,"100% Sell",-31.65,+3.62%,31.45,30.02,31.78,27.15,31.41,-14.51,-40.44,1033083,"Top 1%",Strong,9.37%,0.67,25.38,28.92,-13%
FWRG,"First Watch Restaurant Group Inc","Retail - Restaurants",12.07,-4.77%,2,Buy,"40% Sell",-31.67,-35.91%,12.14,12.55,12.58,12.55,43.86,-54.04,-31.41,1378248,Weakening,Weak,38.23%,0.94,11.81,13.29,18%
AD,"Array Digital Infrastructure Inc","Wireless National",36.92,+0.71%,6,Buy,"40% Sell",-32.15,-31.41%,42.05,35.37,44.14,35.6,61.71,-49.54,-42.63,272067,Weakest,Good,78.18%,1.03,34.59,36.6,116%
IPWR,"Ideal Power Inc","Machinery - Electrical",4.74,-3.27%,8,Buy,"56% Buy",-32.29,-9.54%,4.94,4.56,4.44,4.69,51.46,-27.67,41.92,310543,Weakening,Weak,52.18%,0.38,4.03,5.35,54%
RWT,"Redwood Trust","REIT - Mortgage Trusts",4.42,-4.33%,9,Sell,"100% Sell",-32.64,-27.78%,5.13,4.78,5.36,4.68,33.93,-45.91,-31.55,1815578,Strongest,Maximum,13.24%,0.58,4.48,4.89,-14%
LUXE,"Luxexperience B.V. ADR","Textile - Apparel",7.42,-2.88%,3,Sell,"100% Sell",-32.86,-20.04%,7.96,7.89,8.18,7.82,38.05,-38.17,-22.62,240635,Strongest,Good,34.37%,0.79,7.35,8.29,7%
WAVE,"Eco Wave Power Global Ab ADR","Other Alt Energy",5.83,-4.43%,2,Sell,"56% Sell",-33.12,-28.55%,7.9,7.84,7.11,6.82,28.24,-46.68,-11.64,31526,Strengthening,Soft,8.04%,0.32,6.11,7.52,-20%
SOFI,"Sofi Technologies Inc","Finance - Misc Services",17.05,-4.64%,9,Hold,"32% Sell",-33.16,-33.24%,17.39,17.83,17.79,18.25,42.95,-51.37,-46.35,65757141,Weakening,Weak,14.13%,0.6,17.29,19.2,-13%
RDCM,"Radcom Ltd","Computer - Networks",10.01,-1.96%,4,Sell,"88% Sell",-33.35,-24.34%,13.15,11.99,12.68,10.21,33.11,-42.47,-34.95,136929,Strongest,Strong,16.97%,0.9,9.95,10.47,12%
DUKR,"Duke Robotics Corp","Aerospace - Defense",5.82,+1.75%,3,Buy,"40% Sell",-33.45,-22.40%,6.98,5.47,7.32,5.55,57.96,-40.53,-16.5,15293,Weakest,Average,79.02%,0.44,5.31,5.8,105%
SERA,"Sera Prognostics Inc Cl A","Medical Services",2.08,-1.89%,3,Buy,"8% Buy",-33.50,-35.60%,2.01,2.03,2.09,2.05,51.72,-53.73,-40.97,50357,Weakening,Weak,60.71%,0.45,1.9,2.19,62%
STN,"Stantec Inc",Consulting,71.8,-1.64%,7,Hold,"64% Sell",-33.50,-33.93%,76.21,71.19,81.33,73.9,43.81,-52.06,-35.39,373401,Weakening,Average,35.49%,0.63,72.31,75.5,-16%
NOAH,"Noah Holdings Ltd ADR","Finance - Investment Mgmt",8.3,-3.15%,4,Sell,"100% Sell",-33.64,-33.33%,9.68,8.99,10.25,8.64,35.69,-51.46,-28.81,110809,Strongest,Maximum,22.32%,1.09,8.33,8.94,-5%
RSSS,"Research Solutions Inc","Printing - Commercial",2.16,-4.00%,3,Hold,"96% Sell",-34.12,-28.71%,2.31,2.24,2.35,2.22,42.44,-46.84,-38.01,63920,Strengthening,Average,33.53%,0.72,2.12,2.32,20%
SCYX,"Scynexis Inc","Medical - Drugs",5.17,-1.15%,3,Buy,"56% Sell",-34.32,-22.27%,5.48,4.63,5.85,5.19,53.2,-40.4,-9.29,88190,Average,Soft,39.25%,0.5,4.82,5.56,47%
SVC,"Service Properties Trust","REIT - Equity Trust Other",7.67,-1.67%,2,Sell,"88% Sell",-35.27,-43.19%,8.14,8.31,8.73,8.02,39.53,-61.32,-28.11,1336070,Strengthening,Soft,22.15%,1,7.59,8.45,9%
NEUP,"Neuphoria Therapeutics Inc","Medical - Biomedical",3.79,+0.80%,3,Hold,"64% Sell",-35.48,-66.55%,4.36,3.81,4.34,3.86,46.11,-84.68,-13.8,101461,Weakening,Weak,9.52%,0.09,3.73,3.99,23%
GLOB,"Globant S.A.","Internet Software Services",39.68,-2.53%,5,Buy,"8% Sell",-35.52,-41.01%,37.67,34.86,41.79,38.98,56.51,-59.14,-50.78,1624252,Weakest,Minimum,78.07%,0.45,36.41,41.54,64%
PSN,"Parsons Corp","Technology Services",46.37,-4.67%,5,Sell,"100% Sell",-35.68,-42.11%,52.66,51.12,55.46,47.73,42.31,-60.24,-36.45,1381991,Strengthening,Good,59.86%,0.83,45.61,49.85,18%
KLRS,"Kalaris Therapeutics Inc","Medical - Biomedical",3.92,-2.97%,2,Sell,"100% Sell",-35.85,-3.92%,4.67,4.15,5.93,4.06,44.25,-22.05,-65.03,149389,Strongest,Average,32.93%,0.21,3.87,4.25,14%
CUE,"Cue Biopharma Inc","Medical - Biomedical",28.44,+11.44%,6,Sell,"56% Buy",-35.89,+21.51%,26.56,29.2,20.56,27.39,51.41,3.38,198.93,298366,Average,Average,39.19%,1.04,22.46,32.32,61%
USAR,"USA Rare Earth Inc","Mining - Misc",17.26,-3.14%,8,Buy,"56% Sell",-36.00,+15.68%,20.87,17.91,20.26,18.5,45.68,-2.45,33.56,15295352,Strengthening,Soft,20.73%,0.84,16.86,20.15,12%
MIR,"Mirion Technologies Inc","Technology Services",15.51,+2.92%,2,Sell,"88% Sell",-36.07,-24.34%,17.3,16.09,18.55,15.2,51.02,-42.47,-45.25,3594552,Weakening,Strong,39.16%,1.35,14.42,15.99,70%
ATEC,"Alphatec Holdings","Medical Instruments",9.21,-1.71%,2,Buy,"24% Sell",-36.25,-42.08%,9.06,9.23,10.32,9.46,47.11,-60.21,-67.71,2829704,Weakening,Weak,28.26%,0.44,9.11,9.81,14%
HDB,"Hdfc Bank Ltd ADR","Banks - Foreign",22.95,+1.10%,1,Sell,"100% Sell",-36.37,-35.50%,24.64,24.38,26.36,23.28,42.56,-53.63,-48.67,8012490,Average,Good,40.44%,1.44,22.6,23.95,26%
ABAT,"American Battery Technology Co.","Electronics Products - Misc",2.59,-4.07%,6,Buy,"40% Sell",-37.01,+4.86%,2.9,2.5,3.08,2.52,52.82,-13.27,-33.94,5223693,Weakening,Soft,76.89%,1.21,2.28,2.76,65%
LEN.B,"Lennar Corp Cl B","Building - Residential & Comm",81.4,-1.05%,6,Sell,"88% Sell",-37.27,-36.00%,85.9,84.48,89.8,84.74,43.15,-54.13,-25.9,69705,Strengthening,Average,17.65%,0.81,81.77,87.72,-6%
SITE,"Siteone Landscape Supply","Industrial Services",97.47,-1.08%,3,Sell,"100% Sell",-37.37,-31.95%,111.4,102.3,120.92,97.52,47.79,-50.08,-33.23,742260,Average,Strong,65.72%,1.14,92.96,102.08,49%
SAMG,"Silvercrest Ast Cm A","Finance - Investment Mgmt",10.17,+1.29%,2,Sell,"88% Sell",-37.49,-37.95%,11.23,10.22,12.29,10.09,50.6,-56.08,-44.53,44201,Weakening,Strong,53.42%,0.93,9.85,10.33,67%
PASG,"Passage Bio Inc","Medical - Biomedical",4.44,+0.23%,4,Sell,"100% Sell",-38.32,-37.73%,5.37,4.67,6.46,4.5,45.61,-55.86,-73.85,66578,Average,Average,24.38%,0.02,4.28,4.72,36%
BHM,"Bluerock Homes Trust Inc","REIT - Equity Trust Resident",8.5,+1.19%,3,Hold,"96% Sell",-38.33,-34.49%,9.67,8.74,9.9,8.58,46.48,-52.62,-31.82,8054,Average,Average,27.72%,0.21,8.17,8.99,41%
MMYT,"Makemytrip Ltd","Internet Services - Delivery",56.13,-3.66%,1,Hold,"16% Buy",-38.49,-43.16%,51.24,57.08,50.85,59.91,41.66,-61.29,-43.13,1290502,Weakest,Minimum,14.16%,0.5,57.42,62.4,-26%
FISV,"Fiserv Inc","Financial Transaction Services",51.67,-3.08%,3,Buy,"72% Sell",-38.54,-62.61%,54.32,51.87,55.99,52.78,45.87,-80.74,-34.56,8069978,Strengthening,Weak,37.69%,0.77,50.71,54.85,23%
MZTI,"The Marzetti Company","Food - Misc & Diversified",111.83,-0.73%,7,Buy,"72% Sell",-38.76,-38.76%,115.25,112.18,128.3,114.18,47.27,-56.89,-43.47,279337,Average,Average,27.48%,1.64,110.09,118.28,21%
FIRY,"Firy Inc","Conglomerates - Div Operations",9.91,+0.20%,4,Buy,"88% Buy",-38.78,+12.36%,8.28,9.37,6.59,9.92,53.21,-5.77,118.45,578336,Average,Strong,48.17%,0.19,9.29,10.54,49%
XNET,"Xunlei Ltd ADR","Internet - Services",4.82,-2.13%,1,Sell,"100% Sell",-39.08,-33.26%,5.59,5.35,5.7,5.03,38.89,-51.39,-43.43,294705,Strongest,Average,32.99%,1.08,4.84,5.22,-4%
LEN,"Lennar Corp","Building - Residential & Comm",82.75,-1.62%,6,Sell,"88% Sell",-39.50,-37.85%,87.79,86.17,93.07,86.31,42.29,-55.98,-30.98,3665426,Strengthening,Average,12.23%,1.56,83.39,89.22,-11%
LPA,"Logistic Properties of The Americas","Real Estate Operations",3.12,+2.97%,4,Hold,Hold,-39.88,-51.93%,3.27,3.24,3.1,3.15,48.77,-70.06,2.81,147761,Falling,,25.35%,0.19,2.85,3.44,45%
RDDT,"Reddit Cl A","Internet - Software",144.64,-2.14%,4,Sell,"72% Sell",-40.08,-35.74%,166.11,170.33,158.93,156.02,40.06,-53.87,-48.56,5272481,Strongest,Soft,11.22%,0.63,142.14,169.9,9%
CHTR,"Charter Communications","Cable TV",146.19,-4.10%,7,Buy,"56% Sell",-40.36,-44.95%,153.02,141.88,176.4,151.9,48.01,-63.08,-41.45,2589830,Average,Soft,44.27%,0.84,144.72,159.08,10%
LVO,"Liveone Inc","Audio & Video Products",3.65,-5.68%,3,Sell,"88% Sell",-40.66,-33.64%,5.22,4.73,5.16,3.99,36.7,-51.77,-34.15,80158,Strongest,Strong,23.02%,1.71,3.51,4.47,15%
MBLY,"Mobileye Global Inc Cl A","Auto - Truck Original Parts",8.36,-1.99%,7,Sell,"88% Sell",-40.72,-40.33%,8.97,8.76,8.71,8.74,43.04,-58.46,-31.4,6706880,Strengthening,Weak,9.38%,0.43,8.29,9.2,8%
HTT,"High Templar Tech Ltd WT","Technology Services",2.54,-1.93%,4,Buy,"80% Sell",-40.85,-44.30%,2.59,2.56,2.61,2.54,49.07,-62.43,-39.93,221169,Strengthening,Soft,58.67%,0.4,2.44,2.63,53%
NVNO,"Envveno Medical Corp","Medical Instruments",10.98,-4.27%,4,Buy,"24% Buy",-41.41,-60.76%,10.8,10.79,10.73,10.85,51.31,-78.89,-13.69,17933,Weakest,Minimum,39.69%,2.25,9.96,11.74,57%
TTGT,"Techtarget Inc.","Technology Services",3.77,-2.58%,1,Hold,"96% Sell",-41.44,-36.10%,4.32,3.89,4.31,3.89,43.81,-54.23,-41.67,439360,Strongest,Average,63.89%,0.53,3.54,4.24,34%
LUCK,"Lucky Strike Entertainment Corp","Leisure & Recreation Services",6.1,-3.17%,3,Sell,"100% Sell",-41.50,-42.99%,7.59,7.02,7.76,6.63,34.22,-61.12,-39.46,167283,"Top 1%",Strong,51.90%,0.86,6.22,7.04,-14%
FULC,"Fulcrum Therapeutics Inc","Medical - Biomedical",3.87,-0.51%,4,Buy,"40% Sell",-42.07,-40.28%,4.95,3.74,6.2,3.82,53.77,-58.41,-77.26,1703339,Weakest,Average,77.86%,0.91,3.69,3.95,70%
XYF,"X Financial ADR","Finance - Misc Services",5.54,-2.81%,10,Buy,"56% Buy",-42.12,-63.55%,4.94,5.07,4.9,5.39,57.52,-81.68,-12.55,150551,Average,Weak,81.75%,1.42,5.1,5.68,76%
NMAD,"Nomad Power Solutions Inc","IT Services",4.1,-0.97%,1,Sell,"40% Sell",-42.29,-7.87%,5.15,5.12,4.43,4.07,44.14,-26.,-7.15,177350,Average,Weak,59.42%,0.95,3.63,4.51,53%
TU,"Telus Corp","Diversified Comm Services",9.65,-0.31%,5,Sell,"100% Sell",-42.29,-41.48%,11.23,10.18,11.97,9.75,40.76,-59.61,-38.21,6390460,Strengthening,Maximum,32.82%,0.72,9.49,10,31%
YB,"Yuanbao Inc ADR","Insurance - Multi Line",13.63,-1.52%,3,Sell,"100% Sell",-42.36,-41.78%,14.84,14.02,16.31,13.71,48.14,-59.91,-44.2,44103,Average,Strong,67.69%,0.63,13.24,14.17,42%
NAII,"Natural Alternativ","Medical - Drugs",2.07,-1.90%,2,Sell,"100% Sell",-42.71,-44.50%,2.44,2.26,2.61,2.17,42.04,-62.63,-53.66,28409,Strongest,Strong,26.97%,0.03,1.96,2.38,26%
ROL,"Rollins Inc","Building - Maint & Service",36.19,+0.33%,1,Sell,"100% Sell",-42.79,-35.99%,45.84,40,49.95,36.61,37.06,-54.12,-51.18,3687519,Weakening,Maximum,21.01%,0.71,35.58,37.63,30%
CNCK,"Coincheck Group N.V.","Finance - Misc Services",2.08,-1.42%,1,Sell,"56% Sell",-42.91,-58.89%,2.09,2.3,2.13,2.07,46.15,-77.02,-28.94,566789,Average,Weak,48.12%,3.22,1.93,2.21,53%
PW,"Power REIT","REIT - Equity Trust Other",7.42,0.00%,2,Sell,"56% Sell",-43.09,-35.48%,8.26,8.62,8.37,7.81,37.71,-53.61,-26.71,29826,Strengthening,Weak,38.81%,20.68,7.4,8.21,2%
ECC,"Eagle Point Credit Inc","Finance - Investment Mgmt",3.88,-2.51%,4,Buy,"40% Sell",-43.27,-48.61%,3.91,3.79,4,3.85,53.99,-66.74,-44.12,1563557,Weakest,Weak,83.85%,0.93,3.76,3.94,67%
ZTS,"Zoetis Inc Cl A","Medical - Drugs",77.25,+0.19%,1,Sell,"72% Sell",-43.31,-50.61%,84.56,75.67,97.16,75.64,53.03,-68.74,-50.08,5714310,Weakest,Good,80.39%,0.64,72.35,78.93,75%
LFVN,"Lifevantage Corp","Medical - Dental Suppliers",6.23,-1.58%,4,Hold,"48% Buy",-43.62,-52.44%,6.34,6.42,5.82,6.56,40.18,-70.57,-10.34,252901,Weakest,Weak,42.79%,0.47,6.24,6.89,-2%
PRT,"Permrock Royalty Trust Trust Units","Oil - US Integrated",2.19,-0.90%,4,Hold,"96% Sell",-43.67,-45.52%,2.36,2.23,2.7,2.21,46.17,-63.65,-32.99,55745,Strengthening,Good,30.00%,0.49,2.17,2.26,21%
GPI,"Group 1 Automotive","Retail - Wsale Auto & Trucks",269.5,+0.19%,1,Sell,"88% Sell",-43.77,-42.02%,310.81,291.32,317.23,264.52,45.55,-60.15,-42.96,183323,Strengthening,Strong,81.47%,0.66,254.02,275.02,74%
SFHG,"Samfine Creation Holdings Group","Printing - Commercial",2.39,-1.24%,5,Buy,"88% Sell",-43.88,-33.38%,2.44,2.42,2.56,2.41,48.03,-51.51,-46.44,83028,Strengthening,Average,57.63%,0.54,2.26,2.56,44%
FTLF,"Fitlife Brands Inc","Medical Products",9.69,-3.58%,6,Sell,"88% Sell",-44.14,-47.96%,10.21,10.53,11.51,10.12,42.71,-66.09,-51.92,22607,Strengthening,Average,17.67%,0.41,9.43,10.81,19%
HIVE,"Hive Digital Technologies Ltd","Finance - Misc Services",2.64,-5.04%,6,Sell,"56% Sell",-44.52,-10.51%,3.19,3.09,2.85,2.83,43.4,-28.64,-9.15,18722666,Strengthening,Weak,24.90%,0.57,2.51,3.14,21%
SEDG,"Solaredge Tech",Solar,32.49,+0.90%,2,Sell,"56% Sell",-44.63,-3.93%,47.94,42.8,45.33,31.9,42.54,-22.06,1.14,3426680,Average,Average,52.30%,0.84,29.57,34.24,63%
CPNG,"Coupang Cl A","Internet Commerce",15.8,-1.62%,2,Sell,"100% Sell",-44.72,-44.72%,17.37,16.78,17.88,16.25,43.33,-62.85,-44.5,21242076,Strengthening,Average,46.10%,0.96,15.66,16.83,12%
ORCL,"Oracle Corp","Computer - Software",141.32,-5.23%,6,Buy,"56% Sell",-45.31,-37.50%,164.65,140.17,160.21,147.13,46.37,-55.63,-38.97,28992729,Average,Soft,44.28%,0.78,138.97,155.28,14%
BNR,"Burning Rock Biotech Ltd ADR","Technology Services",9.22,-2.43%,4,Hold,"80% Sell",-45.63,+6.10%,12.14,9.47,16.3,9.63,46.25,-12.03,-65.72,29347,Average,Average,36.03%,0.25,8.43,10.82,33%
AMBO,"Ambow Education Holding Ltd ADR",Schools,2.03,+1.00%,2,Sell,"100% Sell",-45.72,-41.50%,2.28,2.16,2.24,2.04,45.17,-59.63,-37.93,94202,Strengthening,Soft,48.62%,0.25,1.87,2.21,47%
EGG,"Enigmatig Limited Cl A","Business Services",2.885,+2.67%,3,Sell,"88% Sell",-45.77,-48.94%,6.27,4.99,6.07,3.14,35.51,-67.07,-56.53,171087,Average,Strong,28.38%,0.02,2.67,3.6,23%
WBX,"Wallbox N.V. Cl A","Electronics Products - Misc",2.94,-2.33%,3,Sell,"40% Sell",-45.90,-27.23%,3.35,3.75,3.19,3.07,40.38,-45.36,14.16,67987,Average,Minimum,26.51%,0.1,2.72,3.42,31%
HCKT,"Hackett Grp Inc",Consulting,10.97,-2.14%,4,Buy,"56% Sell",-45.97,-47.31%,11.17,10.71,12.21,11.07,50.43,-65.44,-55.6,337305,Average,Average,67.98%,0.5,10.48,11.67,41%
VTSI,"Virtra Systems Inc","Electronics - Military",2.99,-3.24%,6,Buy,"80% Sell",-46.41,-50.00%,3.5,3.1,3.76,3.1,43.78,-68.13,-40.29,52778,Strengthening,Strong,15.18%,0.93,2.91,3.29,20%
OFS,"Ofs Capital Corp","Finance - SBIC & Commercial",3.86,+7.82%,7,Buy,"8% Buy",-46.49,-54.53%,3.64,3.57,3.71,3.65,62.3,-72.66,-30.39,81223,Average,Minimum,51.85%,1.92,3.47,3.83,108%
ROC,"Rank One Computing Corp","Internet - Software",4.12,-1.20%,2,Sell,N/A,-46.86,N/A,5.07,4.68,0,4.32,41.98,N/A,N/A,N/A,N/A,N/A,21.89%,0.19,3.85,4.79,29%
WVVI,"Willamette Valley","Beverages - Alcohol",2.32,+4.50%,2,Sell,"88% Sell",-47.04,-50.00%,2.62,2.5,2.63,2.29,47.43,-68.13,-35.41,9278,Strengthening,Soft,57.53%,0.49,2.11,2.47,59%
RENT,"Rent The Runway Inc Cl A","Retail - Apparel & Shoes",3.7,+3.93%,1,Buy,"40% Sell",-47.98,-32.73%,3.84,3.44,4.42,3.63,54.98,-50.86,-64.7,112017,Weakest,Average,36.43%,0.71,3.49,3.78,72%
LIVE,"Live Ventures","Conglomerates - Div Operations",9.21,-1.39%,1,Sell,"100% Sell",-48.33,-53.48%,10.89,10.08,12.46,9.74,41.66,-71.61,-49.25,9000,Strengthening,Strong,17.35%,1.32,8.82,10.66,21%
PLCE,"Children's Place Inc","Retail - Apparel & Shoes",2.51,+0.80%,4,Sell,"96% Sell",-48.36,-50.49%,3.07,2.7,3.32,2.51,47.16,-68.62,-48.41,414588,Weakening,Good,56.26%,1.43,2.25,2.76,50%
NXB,"Nextboat Inc","Technology Services",2.21,+0.91%,4,Buy,N/A,-48.59,N/A,2.33,2.09,2.4,2.07,60.62,N/A,-5.74,N/A,N/A,N/A,80.14%,0.99,1.84,2.29,82%
VRCA,"Verrica Pharmaceuticals Inc","Medical - Drugs",5.24,-4.03%,3,Hold,"80% Sell",-48.66,-6.34%,5.9,5.51,5.88,5.08,50.54,-24.47,-48.42,134928,Strengthening,Average,68.27%,0.65,4.57,5.59,66%
PDCC,"Pearl Diver Credit Company Inc","Finance - Misc Services",8.85,+0.68%,3,Sell,"100% Sell",-48.68,-49.37%,9.87,9.31,10.52,8.88,42.45,-67.5,-47.95,6876,Weakening,Good,26.47%,0.49,8.69,9.06,43%
XPEV,"Xpeng Inc ADR","Auto - Foreign",11.17,-1.67%,1,Sell,"100% Sell",-49.10,-46.86%,14.27,12.48,15.47,11.73,38.75,-64.99,-56.4,7641338,Strengthening,Maximum,23.07%,0.73,11.13,12.34,4%
BUR,"Burford Capital Ltd","Finance - Misc Services",4.21,+1.45%,5,Buy,"72% Sell",-49.13,-69.93%,4.44,4.23,5.61,4.31,46.76,-88.06,-64.28,2600476,Weakening,Average,31.22%,0.92,4.15,4.48,19%
LBGJ,"Li Bang International Corporation Inc","Steel - Specialty",3.15,+3.96%,2,Sell,"100% Sell",-49.49,-99.99%,154.38,102.58,2711.74,3.2,31.83,-118.12,-111.46,188160,Weakening,Average,18.23%,0.18,2.67,3.73,45%
XBP,"Xbp Global Holdings Inc","Internet - Software",2.85,-3.72%,2,Hold,"16% Sell",-49.79,-52.82%,2.69,2.78,3.81,2.9,49.11,-70.95,-69.63,20189,Weakest,Weak,67.25%,1.35,2.68,3.12,39%
NNE,"Nano Nuclear Energy Inc","Other Alt Energy",17.47,-4.48%,8,Hold,"80% Sell",-50.30,-46.31%,21.97,18.55,22.84,18.73,44.82,-64.44,-38.72,2176727,Strengthening,Average,10.44%,0.77,17.23,20.22,8%
PDC,"Perpetuals.com Ltd ADR","Technology Services",3.04,0.00%,2,Sell,"100% Sell",-50.98,+22.33%,5.18,3.8,5.07,3.07,42.92,4.2,-64.53,86731,Average,Strong,17.01%,0.3,2.87,3.28,41%
BBAI,"Bigbear.Ai Holdings Inc","IT Services",2.95,-5.75%,6,Hold,"88% Sell",-51.59,-41.81%,3.63,3.15,3.77,3.15,43.44,-59.94,-56.85,50069621,Strengthening,Average,12.54%,0.7,2.93,3.37,3%
DFH,"Dream Finders Homes Inc Cl A","Building - Residential & Comm",13.71,-2.42%,6,Sell,"88% Sell",-51.66,-50.67%,14.89,15.24,15.58,14.61,42.96,-68.8,-31.3,605131,Strengthening,Average,20.86%,0.9,13.63,15.59,4%
DRIO,"Dario Health Corp","Medical Instruments",7.02,-4.75%,4,Hold,"80% Sell",-51.71,-26.18%,7.34,7.11,8.08,7.32,47.04,-44.31,-49.79,18754,Weakening,Average,37.47%,1.67,6.76,7.87,23%
TRAK,"Repositrak Inc","Internet - Software",7.93,-1.00%,2,Sell,"100% Sell",-51.99,-51.05%,8.98,8.61,8.91,8.25,41.33,-69.18,-47.37,104438,Strongest,Average,51.40%,0.73,7.68,8.83,22%
ASPS,"Altisource Portfolio","REIT - Mortgage Trusts",5.64,+1.81%,2,Sell,"88% Sell",-52.00,-50.79%,6.36,6.14,6.34,5.58,48.42,-68.92,-30.33,24227,Weakening,Weak,39.99%,0.45,5.35,5.8,65%
ASTI,"Ascent Solar Technologies",Solar,2.81,-2.43%,4,Sell,"88% Sell",-52.44,+41.92%,4.59,3.57,4.89,3.18,34.42,23.79,-43.11,1733026,Strongest,Average,10.24%,0.26,2.78,3.58,4%
SMPL,"The Simply Good Foods Company","Food - Confectionery",11.38,-0.61%,4,Sell,"88% Sell",-52.49,-60.25%,11.83,11.54,13.14,11.01,53.78,-78.38,-54.81,2366503,Weakening,Soft,72.73%,1.11,10.42,11.59,82%
SONM,"Dna X Inc","Wireless Equipment",3.53,-3.69%,1,Sell,"88% Sell",-53.00,-66.48%,4.12,3.77,4.3,3.48,50.49,-84.61,0.42,41479,Average,Weak,71.24%,0.14,3.03,3.92,55%
SLDP,"Solid Power Inc Cl A","Auto - Truck Original Parts",2.33,0.00%,6,Sell,"96% Sell",-53.15,-46.19%,2.75,2.34,2.99,2.33,49.85,-64.32,-56.66,5695779,Average,Average,45.24%,0.66,2.19,2.46,52%
CLRB,"Cellectar Biosciences Inc","Medical Products",2.46,-1.99%,3,Sell,"100% Sell",-53.15,-49.49%,2.71,2.58,2.82,2.56,40.86,-67.62,-28.09,370992,Strengthening,Weak,20.00%,0.71,2.46,2.65,-2%
INLX,"Intellinetics Inc","Internet - Content",5.2527,-4.89%,4,Sell,"100% Sell",-53.19,-52.84%,6.66,5.83,7.22,5.5,42.48,-70.97,-45.63,3415,Strengthening,Strong,41.55%,3.37,5.18,5.82,11%
ELTX,"Elicio Therapeutics Inc","Medical - Biomedical",2.56,-5.19%,5,Sell,"100% Sell",-53.47,-75.69%,6.97,3.22,8.08,3.02,30.49,-93.82,-79.32,627165,Strengthening,Strong,8.35%,0.49,2.71,3.33,-25%
NLOP,"Net Lease Office Properties","REIT - Equity Trust Other",11.18,-2.10%,1,Hold,"80% Sell",-53.50,-62.26%,11.84,11.49,12.95,11.54,37.02,-80.39,-68.13,205197,Average,Soft,26.22%,0.9,11.28,11.79,-19%
MLGO,"Microalgo Inc","Technology Services",3.81,-4.51%,7,Sell,"88% Sell",-53.61,-56.16%,4.34,4.12,4.16,4.12,35.8,-74.29,-25.28,229139,Strengthening,Weak,23.68%,1.23,3.9,4.35,-21%
RENX,"Renx Enterprises Corp","Real Estate Developers",2.06,+4.04%,4,Hold,"32% Sell",-53.92,-91.04%,2.01,1.94,2.26,1.96,57.54,-109.17,-57.27,1159854,Weakest,Minimum,78.57%,2.69,1.84,2.08,90%
FLO,"Flowers Foods","Food - Misc & Diversified",6.69,-3.32%,7,Sell,"100% Sell",-54.08,-55.52%,7.84,7.68,8.41,7.2,36.16,-73.65,-49.99,5965258,Strongest,Good,19.42%,1.47,6.78,7.62,-10%
CWH,"Camping World Holdings Inc","Auto - Truck Original Parts",6.49,+0.46%,3,Sell,"88% Sell",-54.14,-62.94%,6.91,6.54,7.65,6.43,50.8,-81.07,-44.78,2621630,Weakening,Soft,52.99%,0.82,6.15,6.71,61%
HUHU,"Huhutech International Group Inc","Machinery - General Industrial",4.23,-0.12%,2,Sell,"100% Sell",-54.74,-31.44%,7.81,5.93,7.6,4.79,34.17,-49.57,-69.6,38940,Strengthening,Strong,9.62%,0.66,3.99,5.6,15%
FAC,"Factorial Energy Inc","Technology Services",4.76,-4.80%,2,Sell,"100% Sell",-54.89,-52.45%,9.23,6.71,9.58,5.26,38.97,-70.58,-65.24,296656,Strongest,Strong,22.79%,0.66,4.24,6.28,26%
OCCI,"Ofs Credit Company","Finance - Investment Mgmt",2.55,-0.78%,7,Buy,"56% Sell",-55.27,-57.29%,2.84,2.52,3,2.56,48.67,-75.42,-58.79,305621,Weakening,Average,53.14%,0.74,2.43,2.69,45%
ROLR,"High Roller Technologies Inc",Gaming,6.11,-0.65%,6,Sell,"8% Buy",-55.66,+135.00%,6.49,6.17,5.79,6.06,50.06,116.87,185.12,1475516,Weakest,Minimum,64.13%,0.32,5.48,6.63,55%
BXBL,"Boxabl Inc","Real Estate Developers",4.01,+3.08%,2,Sell,"100% Sell",-55.83,-59.86%,8.46,6.61,9,4.34,36.87,-77.99,-71.54,156249,Strengthening,Maximum,10.35%,0.61,3.81,4.86,19%
NCTY,"The9 Ltd ADR","Internet - Content",4.82,+8.80%,6,Buy,"40% Sell",-55.92,-47.35%,4.92,4.54,5.2,4.64,52.54,-65.48,-35.81,77411,Weakest,Weak,23.45%,1.46,3.77,5.51,60%
FBYD,"Falcon's Beyond Global Cl A","Conglomerates - Div Operations",7.49,-16.22%,7,Sell,"56% Sell",-55.96,+2.25%,13.19,12.24,11.14,10.03,27.28,-15.88,-61.58,130568,Strengthening,Soft,12.83%,1.22,8.46,11.6,-31%
SRAD,"Sportradar Group Ag Cl A","Internet - Software",12.31,-0.97%,7,Sell,"100% Sell",-56.33,-60.21%,14.18,14.08,15.4,12.97,37.58,-78.34,-59.69,2747076,Strongest,Good,11.27%,0.76,12.27,13.67,3%
BMBL,"Bumble Inc","Internet - Software",2.68,-2.19%,3,Sell,"100% Sell",-57.12,-56.56%,3.19,2.91,3.21,2.76,42.3,-74.69,-36.41,3411085,Strongest,Average,41.06%,0.82,2.58,2.95,28%
UPST,"Upstart Holdings Inc","Finance - Misc Services",27.39,-4.50%,3,Sell,"88% Sell",-57.25,-62.62%,30.76,30.52,30.51,29.84,39.47,-80.75,-48.85,4769502,Strongest,Soft,17.82%,1.25,28.07,31.6,-19%
QTI,"Qt Imaging Holdings Inc","Medical Instruments",2.77,-5.46%,6,Sell,"100% Sell",-58.13,+9.92%,4.41,3.21,4.95,2.93,41.23,-8.21,-66.07,39160,Strengthening,Strong,27.78%,2.6,2.58,3.28,27%
AISP,"Airship AI Holdings Inc","Technology Services",2.05,-3.76%,8,Buy,"88% Sell",-58.13,-54.14%,2.35,2.11,2.42,2.06,47.87,-72.27,-40.55,639595,Strengthening,Soft,56.76%,0.47,1.89,2.23,47%
KULR,"Kulr Technology Group Inc","Electronics - Semiconductors",2.44,-3.17%,5,Sell,"88% Sell",-58.36,-48.09%,3.18,2.95,3.05,2.69,37.92,-66.22,-29.05,1804873,Strongest,Soft,23.92%,0.43,2.41,2.97,6%
CNF,"Cnfinance Holdings Ltd ADR","Finance - Mortgage & Rel Svs",2.2499,+2.27%,5,Sell,"96% Sell",-58.45,-45.12%,2.77,2.44,3.5,2.25,46.89,-63.25,-74.29,9675,Weakening,Strong,29.99%,0.09,2.13,2.37,49%
SSII,"Ss Innovations International Inc","Technology Services",3.34,-2.05%,1,Sell,"100% Sell",-58.70,-52.29%,3.86,3.68,4.09,3.63,36.89,-70.42,-52.68,71994,Strongest,Average,21.34%,0.96,3.33,3.93,2%
CGTL,"Creative Global Technology Ltd","Consumer Prdts - Misc Discr",4.46,+3.48%,2,Hold,"80% Sell",-58.96,-47.94%,8.13,4.63,16.46,4.32,48.92,-66.07,-86.49,304374,Weakest,Average,39.76%,0.22,3.56,5.08,59%
CMCM,"Cheetah Mobile Inc ADR","Internet - Software",3.21,-5.03%,5,Buy,"40% Sell",-59.04,-46.59%,3.98,3.08,4.77,3.11,53.3,-64.72,-57.98,22633,Weakest,Good,67.79%,0.3,2.86,3.36,69%
PLBL,"Polibeli Group Ltd Cl A",Unclassified,5.61,-0.97%,2,Sell,"100% Sell",-59.07,-43.89%,7.03,7.02,7.72,6.06,41.99,-62.02,-60.34,99727,Strongest,Strong,18.66%,2.8,5.26,6.86,21%
Z,"Zillow Group Cl C","Internet - Services",33.45,-4.32%,5,Buy,"72% Sell",-59.15,-60.32%,36.27,33.5,39.78,34.95,44.9,-78.45,-62.45,3903884,Average,Average,38.78%,0.99,32.68,37.22,17%
HIMS,"Hims & Hers Health Inc","Medical Information Systems",28.44,-3.85%,5,Sell,"8% Buy",-60.07,-32.85%,29.41,31.89,26.38,30.3,44.96,-50.98,-23.89,23923838,Weakening,Minimum,22.24%,0.52,27.12,33.48,21%
BSEM,"Biostem Technologies New","Medical - Biomedical",3.5,-4.89%,3,Hold,"80% Sell",-60.50,-50.70%,3.95,3.57,4.47,3.58,48.37,-68.83,-19.62,80822,Average,Weak,70.68%,1.19,2.98,4.19,43%
LUD,"Luda Technology Group Limited","Steel - Specialty",4.28,+0.59%,1,Sell,"100% Sell",-60.50,-29.49%,4.88,4.37,5.08,4.29,48.62,-47.62,-44.81,79393,Average,Average,44.57%,0.19,4.17,4.42,46%
ASPI,"Asp Isotopes Inc","Chemical - Diversified",3.78,-5.97%,3,Sell,"100% Sell",-61.08,-59.27%,5.28,4.55,5.28,4.08,40.41,-77.4,-40.83,4998085,Strongest,Good,15.68%,1,3.72,4.43,8%
RAY,"Raytech Holding Limited","Retail - Consumer Electronics",2.7,0.00%,3,Sell,"100% Sell",-61.84,-80.12%,3.04,2.87,3.41,2.82,44.64,-98.25,25.58,32745,Strengthening,Weak,31.94%,0.81,2.63,3.01,19%
ATOS,"Atossa Therapeutics Inc","Medical - Biomedical",2.42,-3.20%,10,Buy,"56% Sell",-62.31,-78.85%,3.59,2.36,4.09,2.53,44.44,-96.98,-84.14,115826,Weakening,Average,30.98%,0.87,2.28,2.79,27%
RGC,"Regencell Bioscience Holdings Ltd","Medical - Biomedical",5.5,-0.18%,1,Sell,"88% Sell",-62.65,-60.85%,15.58,5.89,19.36,5.43,41.73,-78.98,-85.29,291339,Weakening,Strong,44.35%,0.3,5.03,5.82,59%
NA,"Nano Labs Ltd ADR","Electronics - Semiconductors",2,-7.83%,8,Buy,"40% Sell",-63.20,-61.01%,2.08,1.88,2.4,1.95,51.93,-79.14,-47.99,164098,Weakening,Weak,54.25%,0.48,1.71,2.2,60%
FUBO,"Fubo TV","Broadcast - Radio & TV",10.54,+0.09%,5,Buy,"24% Sell",-63.87,-75.12%,10.22,9.65,11.87,10.11,56.15,-93.25,-76.63,1463749,Weakening,Weak,59.78%,0.52,9.12,11.1,72%
HIND,"Vyome Holdings Inc","Medical - Drugs",2.17,+0.45%,6,Buy,"32% Sell",-64.03,-76.41%,2.17,2.17,2.28,2.21,47.36,-94.54,-48.4,284354,Weakest,Minimum,24.40%,0.49,2.11,2.31,30%
SERV,"Serve Robotics Inc","IT Services",4.69,-3.70%,3,Sell,"100% Sell",-64.44,-57.75%,6.98,5.35,7.84,4.94,42.35,-75.88,-66.3,5139497,Strongest,Maximum,49.81%,0.9,4.39,5.49,27%
SUNE,"Sunation Energy Inc","Other Alt Energy",2.38,+3.03%,4,Sell,"40% Buy",-64.52,+60.27%,2.08,2.45,1.92,2.39,51,42.14,119.59,3732293,Weakening,Weak,23.88%,0.35,2.05,2.73,48%
FOXX,"Foxx Development Holdings Inc","Consumer Prdts - Misc Discr",2.69,+1.70%,7,Buy,"88% Sell",-64.73,-50.09%,3.66,2.81,3.96,2.7,47.55,-68.22,-53.4,803245,Weakening,Strong,39.29%,0.27,2.33,3.07,49%
OPEN,"Opendoor Technologies Inc","Internet - Software",3.04,-5.00%,2,Sell,"100% Sell",-64.87,-31.69%,4.44,4.03,4.6,3.47,33.19,-49.82,-59.34,55405742,Strongest,Strong,8.18%,0.48,3.15,3.79,-17%
SQNS,"Sequans Communications S A ADR","Electronics - Semiconductors",2.76,-4.83%,4,Hold,"96% Sell",-65.30,-69.27%,3.19,2.92,3.18,2.9,41.58,-87.4,-50.01,162104,Strengthening,Weak,24.49%,0.97,2.68,3.13,18%
WING,"Wingstop Inc","Retail - Restaurants",109.6,+0.11%,1,Sell,"100% Sell",-66.61,-66.60%,146.04,135.74,171.01,115.18,38.12,-84.73,-65.52,1098542,Strengthening,Strong,26.22%,1.12,106.59,123.78,18%
TC,"Token Cat Limited ADR","Internet Commerce",2.01,+2.03%,2,Sell,"100% Sell",-67.57,-84.69%,6.19,2.75,7.64,2.06,42.42,-102.82,-82.64,572268,Average,Strong,26.36%,0.05,1.83,2.29,39%
LNZA,"Lanzatech Global Inc","Waste Removal Svcs",6.29,-0.79%,5,Buy,"40% Sell",-67.73,-70.27%,11.13,6.05,11.94,6.27,51.3,-88.4,-65.77,70203,Weakest,Average,53.71%,0.83,6.03,6.51,55%
WKHS,"Workhorse Grp","Auto - Truck Original Parts",3.56,+3.79%,4,Buy,"8% Buy",-67.77,-77.53%,3.06,2.99,3.22,3.21,61.65,-95.66,-41.54,186071,Weakening,Minimum,56.98%,4,2.91,3.51,108%
CCG,"Cheche Group Inc Cl A","Auto - Truck Original Parts",15.09,-2.65%,5,Buy,"56% Sell",-67.84,-51.57%,18.08,14.99,21.39,15.54,47.62,-69.7,-59.54,6304,Weakening,Good,44.24%,3.4,12.89,18.19,42%
STEM,"Stem Inc","IT Services",5.49,-4.02%,4,Sell,"100% Sell",-68.18,-63.71%,7.87,6.24,8.98,5.76,43.17,-81.84,-75.,169605,Average,Strong,10.91%,0.66,5.28,6.24,22%
NCEL,"Newcelx Ltd","Medical - Biomedical",3.29,+0.46%,3,Sell,"8% Buy",-68.71,-84.48%,3.45,3.6,3.17,3.35,45.84,-102.61,61.68,60076,Weakest,Minimum,30.00%,0.08,3.13,3.57,37%
FABC,"Fabric.Ai Inc","Technology Services",2.45,-6.49%,4,Sell,"88% Sell",-69.62,-59.87%,3.31,2.8,3.02,2.75,39.16,-78.,-11.48,850145,Strongest,Soft,12.00%,0.66,2.53,2.98,-16%
AQMS,"Aqua Metals Inc","Waste Removal Svcs",2.84,-5.02%,5,Hold,"56% Sell",-69.72,-25.65%,3.47,2.77,3.83,2.77,52.07,-43.78,-52.31,148904,Weakest,Average,61.47%,0.8,2.58,2.95,71%
FGNX,"Fg Nexus Inc","Finance - Investment Mgmt",7.99,-1.96%,5,Buy,"8% Buy",-69.76,-88.59%,6.61,6.54,6.96,7.42,59.51,-106.72,-53.37,124809,Weakest,Minimum,84.86%,0.87,6.5,8.35,81%
GLMD,"Galmed Pharmaceutica","Medical - Drugs",3.92,-4.73%,2,Sell,"100% Sell",-70.30,-61.37%,4.75,4.43,4.8,4.39,39.71,-79.5,-46.11,232262,Strongest,Soft,22.07%,0.37,3.87,4.91,5%
PAVM,"Pavmed Inc","Medical Instruments",4.99,-4.22%,4,Sell,"100% Sell",-70.32,-65.71%,6.09,5.2,7.37,5,47.59,-83.84,-36.15,326446,Strengthening,Good,59.65%,0.15,4.48,5.53,49%
ANPA,"Rich Sparkle Holdings Limited","Business Services",4,-1.83%,5,Buy,"72% Sell",-70.47,-90.18%,5.41,4.2,12.21,4.22,45.3,-108.31,-93.42,97540,Weakest,Average,28.31%,1.4,3.68,4.75,30%
ALIT,"Alight Inc Cl A","Internet - Software",13.82,-3.42%,2,Sell,"88% Sell",-70.68,-82.19%,15.55,16.18,16.76,14.23,42.58,-100.32,-76.04,1140770,Average,Weak,38.70%,0.46,13.03,15.42,33%
GLOO,"Gloo Holdings Inc","Internet - Software",3.12,-5.74%,4,Sell,N/A,-70.78,N/A,4.74,3.53,5.03,3.37,39.07,N/A,-56.65,N/A,N/A,N/A,31.85%,0.62,3.15,3.59,-8%
EDHL,"Everbright Digital Holding Limited","Advertising Marketing Services",4.22,0.00%,3,Buy,"24% Buy",-71.11,-41.07%,3.65,4.07,3.47,3.99,56.07,-59.2,-41.17,860528,Weakening,Minimum,58.65%,0.06,3.77,4.21,102%
SMR,"Nuscale Power Corp","Electrical Power",9.21,-0.65%,6,Hold,"64% Sell",-71.15,-73.42%,10.36,9.15,11.3,9.39,49.37,-91.55,-46.48,29580174,Weakening,Weak,42.13%,0.57,8.77,10.01,36%
INTJ,"Intelligent Group Limited","Finance - Misc Services",2.85,-8.06%,6,Sell,"100% Sell",-71.25,-75.09%,5.97,3.47,6.45,3.3,36.64,-93.22,-87.73,16701,Strengthening,Strong,7.50%,0.42,2.79,3.82,6%
ARBK,"Argo Blockchain Plc ADR","Finance - Misc Services",2.95,+1.20%,3,Sell,"88% Sell",-71.49,-94.91%,3.33,3.08,3.24,2.91,48.18,-113.04,-24.97,55780,Weakening,Weak,26.34%,0.82,2.8,3.03,66%
SSTK,"Shutterstock Inc","Internet - Content",5.75,+3.79%,3,Sell,"88% Sell",-71.67,-72.53%,11.65,7.48,13.45,5.64,43.58,-90.66,-81.38,557552,Average,Maximum,68.82%,1.02,5.13,6.14,61%
CANF,"Can-Fite Biopharma Ltd ADR","Medical - Drugs",3.29,+3.46%,3,Hold,"32% Sell",-73.17,-73.95%,3.24,3.32,3.48,3.37,48.29,-92.08,-29.23,965056,Weakest,Minimum,27.59%,0.01,3.16,3.58,31%
CUPR,"Cuprina Holdings [Cayman] Limited","Medical - Biomedical",2.9,-0.35%,3,Sell,"56% Sell",-73.25,-60.60%,3.27,3.81,3.22,3.02,43.86,-78.73,-20.88,1061364,Average,Weak,45.20%,0,2.64,3.41,34%
ANTA,"Antalpha Platform Holding Company","Finance - Misc Services",3.9,+5.12%,3,Sell,"88% Sell",-73.43,-70.43%,6.26,4.3,6.96,3.86,48.34,-88.56,-67.61,5758,Weakening,Strong,36.26%,0.41,3.43,4.3,54%
TLRY,"Tilray Brands Inc","Medical Products",4.5,-1.53%,3,Buy,"56% Sell",-73.75,-67.39%,5.11,4.46,5.8,4.62,47.31,-85.52,-61.65,5890420,Weakening,Soft,30.68%,0.85,4.34,4.9,28%
DOMO,"Domo Inc Cl B","Internet - Software",3.68,-2.65%,4,Buy,"8% Sell",-74.53,-74.93%,3.52,3.57,3.72,3.83,47.12,-93.06,-67.83,1642798,Weakest,Minimum,29.00%,0.58,3.65,4.01,8%
CDLX,"Cardlytics Inc","Technology Services",3.72,-7.69%,5,Sell,"100% Sell",-74.79,-63.53%,5.77,4.17,6.84,4.05,37.1,-81.66,-79.13,89330,Strengthening,Strong,18.80%,0.83,3.59,4.51,14%
FRMM,"Forum Markets Inc","Finance - Misc Services",5.28,-6.88%,4,Hold,"32% Buy",-75.40,-81.21%,5.15,5.8,4.5,5.91,41.93,-99.34,-3.72,763051,Weakest,Minimum,31.53%,0.46,5.34,6.47,-5%
ANY,"Sphere 3D Corp","Finance - Misc Services",2.25,-1.75%,4,Buy,"16% Sell",-75.53,-63.52%,2.26,2.23,2.04,2.22,49.94,-81.65,-35.88,1285155,Weakest,Minimum,32.97%,0.31,1.85,2.6,53%
AVX,"Avax One Technology Ltd","Finance - Misc Services",3.46,-1.70%,5,Sell,"88% Sell",-76.03,-88.09%,5.09,3.95,6.14,3.28,49.31,-106.22,-92.39,41942,Weakening,Weak,54.52%,4.57,2.83,3.74,69%
EEIQ,"Epicquest Education Group Intl Ltd",Schools,2.99,+7.55%,8,Buy,"32% Sell",-76.60,-64.45%,2.99,2.57,3.28,2.58,63.47,-82.58,-26.77,787983,Weakest,Weak,78.68%,0.28,2.22,2.95,106%
STI,"Solidion Technology Inc","Electronics Products - Misc",7.66,-1.48%,4,Sell,"40% Sell",-76.76,+135.69%,8.7,7.78,7.6,7.53,50.09,117.56,-3.44,961142,Weakening,Minimum,51.21%,0.12,6.71,8.35,58%
LFS,"Leifras Co. Ltd ADR","Leisure & Recreation Services",2.2,-1.79%,2,Buy,"40% Sell",-76.91,N/A,2.22,2.27,2.31,2.3,45.75,N/A,-32.06,1324785,Weakening,Soft,4.37%,0.07,2.16,2.44,15%
IOTR,"Iothree Limited","Transportation - Ship",2.52,+2.44%,1,Sell,"40% Sell",-77.16,-40.07%,2.81,2.89,2.69,2.66,42.34,-58.2,-8.41,895271,Weakest,Weak,30.59%,0.09,2.34,2.99,27%
UK,"Ucommune Intl Ltd","Real Estate Operations",2.09,+2.96%,4,Hold,"72% Sell",-78.03,-79.51%,2.59,2.09,3.47,2.14,48.01,-97.64,-78.31,129833,Weakest,Average,17.46%,0.08,1.94,2.35,37%
BMGL,"Basel Medical Group Ltd","Medical Services",5.08,-8.63%,2,Sell,"100% Sell",-78.30,-79.25%,6.7,5.97,7.02,5.24,46.01,-97.38,-25.09,24096,Strongest,Weak,61.38%,0.04,4.45,6.03,40%
MLEC,"Moolec Science Sa","Agriculture Operations",6.89,+1.40%,4,Hold,"80% Sell",-78.43,-64.93%,7.64,7.3,8.12,7.1,46.65,-83.06,69.06,504985,Weakening,Weak,7.18%,1.01,6.37,7.84,36%
WNW,"Meiwu Technology Ltd","Technology Services",2.44,-2.79%,5,Hold,"96% Sell",-78.44,-98.58%,3.3,2.97,38.42,2.62,43.68,-116.71,-109.72,849153,Average,Average,11.67%,0.12,2.22,3.02,27%
DXST,"Decent Holding Inc","Waste Removal Svcs",2.59,0.00%,3,Buy,"24% Sell",-78.79,-91.22%,2.4,2.4,4.83,2.62,51.19,-109.35,-104.03,1445982,Weakest,Weak,19.62%,0.04,2.43,2.8,43%
MSAI,"Multisensor AI Holdings Inc","Internet - Software",5.09,-2.31%,4,Hold,"80% Sell",-78.92,-81.22%,5.55,5.27,7.42,5.4,44.41,-99.35,-67.3,117164,Weakening,Soft,11.94%,0.36,5.01,5.79,10%
ATPC,"Agape Atp Corp","Medical Products",2.36,0.00%,3,Sell,"100% Sell",-78.96,-96.40%,2.74,2.64,2.75,2.46,43.05,-114.53,-67.16,2138118,Average,Weak,10.87%,0.01,2.31,2.62,16%
FLYE,"Fly-E Group Inc","Auto - Domestic",2.2,+61.76%,5,Hold,"32% Sell",-79.47,-84.43%,1.92,1.85,2.15,1.72,64.31,-102.56,-78.37,666917,Weakest,Minimum,50.02%,49.67,1.44,1.99,138%
EDSA,"Edesa Biotech Inc","Medical - Biomedical",4.78,+0.95%,5,Sell,"72% Sell",-79.86,+106.03%,7.75,5.96,6.45,5.06,42.25,87.9,225.14,1518779,Average,Weak,23.20%,0.3,4.19,5.92,34%
JEM,"707 Cayman Holdings Limited","Textile - Apparel",4.28,-3.17%,3,Sell,"100% Sell",-79.94,-99.20%,14.57,9.84,18.69,4.51,42.26,-117.33,-101.39,491534,Average,Soft,15.07%,0.03,3.18,5.84,41%
ZSQR,"Z Squared Inc","Internet - Software",2.91,-1.36%,2,Sell,"100% Sell",-80.24,-78.16%,9.23,6.11,10.14,3.87,31.67,-96.29,-91.06,238605,Strongest,Maximum,11.96%,0.83,3.16,4.58,-17%
TVGN,"Tevogen Inc","Medical Services",7.17,+2.72%,1,Buy,"40% Sell",-80.31,-84.24%,7.26,6.19,8.06,6.67,60.51,-102.37,-68.17,23497,Weakest,Weak,97.51%,0.18,6.21,7.14,103%
SPHL,"Springview Holdings Ltd","Building & Construction - Misc",2.43,-1.62%,2,Sell,"100% Sell",-81.73,-29.38%,2.75,2.68,2.92,2.62,38.92,-47.51,5.35,976047,Strongest,Soft,20.48%,0.03,2.36,2.88,13%
HTCR,"Heartcore Enterprises Inc","Internet Software Services",2.52,+4.71%,3,Sell,"100% Sell",-82.48,-88.73%,2.95,2.7,3.59,2.61,47.42,-106.86,-70.14,43778,Average,Soft,31.88%,0.22,2.38,2.84,30%
JDZG,"Jiade Limited",Schools,2.83,-11.84%,2,Sell,"100% Sell",-82.52,-99.37%,31.57,17.05,125.26,3.68,34.88,-117.5,-110.08,96429,Average,Average,23.71%,0.32,2.62,4.75,10%
SOWG,"Sow Good Inc","Consumer Prdts - Misc Discr",3.73,+13.37%,7,Buy,"8% Sell",-82.61,-67.47%,2.79,3.36,4.16,3.21,62.33,-85.6,-39.21,150576,Weakening,Weak,59.19%,8.09,2.8,3.62,114%
HCAI,"Hauchen AI Parking Management Ltd","Technology Services",4.45,-5.32%,3,Sell,"100% Sell",-84.74,-75.82%,7.37,5.93,7.06,4.68,38.29,-93.95,-69.,482559,Strongest,Soft,43.56%,0.06,4.3,5.07,19%
SLMT,"Brera Holdings Plc Cl B",Gaming,4,-2.91%,4,Sell,"100% Sell",-84.80,-93.49%,5.53,4.56,7.16,4.11,44.63,-111.62,-90.09,106494,Average,Weak,33.57%,0.6,3.81,4.4,32%
RGNT,"Regentis Biomaterials Ltd","Medical - Biomedical",2.06,+0.98%,4,Sell,N/A,-84.94,N/A,2.62,2.55,3.13,2.02,47.15,N/A,-80.92,N/A,N/A,N/A,31.25%,0.3,1.82,2.21,61%
ERNA,"Ernexa Therapeutics Inc","Medical - Drugs",4.35,-4.81%,7,Sell,"100% Sell",-85.19,-86.92%,6.22,5.07,7.36,4.49,44.14,-105.05,-96.98,675480,Strengthening,Soft,31.99%,0.05,3.95,5.03,37%
CSAI,"Cloudastructure Inc Cl A","Internet - Software",5.13,+3.64%,4,Sell,"100% Sell",-85.72,-89.11%,11.38,7.64,14.06,5.36,41.59,-107.24,-90.24,26955,Weakening,Average,18.18%,0.22,4.43,6.29,38%
OMH,"Ohmyhome Limited","Technology Services",3.33,+2.78%,3,Sell,"100% Sell",-85.80,-94.67%,28.59,13.3,40.15,4.55,36.86,-112.8,-103.23,220686,Average,Maximum,3.78%,0.19,3.16,5.94,6%
GMM,"Global Mofy AI Limited","Technology Services",2.38,-6.67%,3,Sell,"100% Sell",-86.97,-97.86%,22.65,2.76,35.76,2.73,33.73,-115.99,-107.45,1473623,Average,Strong,20.20%,0.01,2.32,3.13,7%
VRAX,"Virax Biolabs Group Limited","Medical - Biomedical",2.6,-7.80%,4,Sell,"100% Sell",-87.15,-82.83%,3.81,3.21,4.26,2.91,40.82,-100.96,-81.4,1014523,Strengthening,Soft,5.41%,0.04,2.54,3.27,8%
APUS,"Apimeds Pharmaceuticals US Inc","Medical - Biomedical",3.54,-8.76%,3,Sell,"100% Sell",-87.83,-80.66%,10.67,6.08,12.39,4.4,32.79,-98.79,-89.89,33211,Strongest,Maximum,18.30%,0.34,3.64,5.16,-6%
ATGL,"Alpha Technology Group Limited","Technology Services",6.62,-3.78%,2,Sell,"100% Sell",-87.90,-78.44%,12.41,9.4,15.08,7.37,36.15,-96.57,-79.85,18485,Strongest,Maximum,15.78%,0.13,5.98,8.76,23%
FOFO,"Hang Feng Technology Innovation Co. Ltd","Business Services",2.47,+1.44%,1,Sell,"100% Sell",-87.97,N/A,2.9,2.67,3.43,2.51,48.4,N/A,-85.94,105949,Weakening,Average,42.75%,0.17,2.34,2.67,39%
CIIT,"Tianci International Inc","Transportation - Ship",2.88,-3.03%,4,Sell,"100% Sell",-88.55,-93.64%,8.79,4.23,15.65,3.44,32.23,-111.77,-99.11,287515,Average,Average,20.94%,0.09,2.95,3.93,-7%
OPAD,"Offerpad Solutions Inc","Real Estate Operations",4.1,-6.82%,4,Sell,"100% Sell",-89.21,-92.04%,5.75,4.61,6.48,4.41,41.05,-110.17,-77.6,164981,Strengthening,Soft,34.06%,0.36,3.96,4.87,15%
QNTM,"Quantum Biopharma Ltd","Medical - Biomedical",3.04,-4.10%,5,Hold,"80% Sell",-89.68,-81.96%,4.12,3.3,3.97,3.33,43.17,-100.09,-69.84,268569,Average,Weak,6.08%,0.44,2.88,3.77,18%
SDOT,"Sadot Group Inc","Consumer Prdts - Misc Staple",13.3,-6.60%,4,Hold,"64% Sell",-89.77,-92.79%,17.23,19.11,26.1,13.16,47.29,-110.92,-56.52,1480862,Average,Weak,24.86%,0.05,6.73,19.58,51%
HAO,"Haoxi Health Technology Limited Class A Ord Shar","Advertising Marketing Services",3.05,-0.97%,4,Sell,"100% Sell",-90.20,-99.90%,533.82,7.95,1371.66,3.4,19.78,-118.03,-111.37,126841,Weakening,Strong,11.57%,0.05,2.59,4.21,29%
INLF,"Inlif Limited","Medical Products",4.03,+0.75%,2,Sell,"100% Sell",-91.05,-99.89%,366.45,4.9,665.33,4.7,24.11,-118.02,-111.22,991948,Weakening,Good,10.05%,0.01,3.54,5.86,21%
BIRD,"Smartbird Inc","Shoes and Related Apparel",2.35,-4.28%,9,Hold,"80% Sell",-91.49,-63.45%,4.22,2.91,3.85,2.48,41.41,-81.58,-54.16,2457134,Strengthening,Average,23.15%,0.72,2.27,2.69,19%
NCRA,"Nocera Inc","Food - Misc & Diversified",2.31,-18.37%,4,Buy,"40% Sell",-91.55,-94.90%,3.99,2.04,6.15,2.08,53.45,-113.03,-102.41,1328105,Weakest,Weak,38.76%,0.13,1.53,2.63,71%
TDIC,"Dreamland Limited Cl A","Advertising Marketing Services",2.48,-2.17%,3,Sell,"100% Sell",-91.88,-99.48%,16.33,3.37,17.61,2.65,44.43,-117.61,-100.77,550979,Weakening,Weak,3.40%,0.02,2.44,2.85,10%
LNAI,"Lunai Bioworks Inc","Medical Information Systems",2.15,-5.49%,1,Sell,"100% Sell",-92.32,-88.71%,2.62,2.6,3.05,2.29,41.68,-106.84,-81.,1193086,Strongest,Weak,41.42%,0.1,2.08,2.5,17%
HKIT,"Hitek Global Inc Ordinary Share","Technology Services",2.81,-6.64%,4,Sell,"100% Sell",-92.59,-99.95%,26.25,3.79,1527.34,3.04,35.24,-118.08,-111.45,248066,Weakening,Average,29.39%,0.13,2.75,3.33,10%
SXTC,"China Sxt Pharmaceuticals Inc","Medical - Drugs",2.46,-3.91%,2,Sell,"100% Sell",-92.94,-99.99%,117.61,84.57,146.86,3.75,23.4,-118.12,-111.47,327106,Weakening,Soft,5.95%,0.1,2.32,5.17,5%
RAYA,"Erayak Power Solution Group Inc Cl A","Electronics Products - Misc",2.26,-3.00%,3,Sell,"100% Sell",-93.04,-97.79%,3.22,2.54,4.82,2.36,41.17,-115.92,-105.53,295124,Average,Weak,26.40%,0.09,2.19,2.53,21%
PCLA,"Picocela Inc ADR","Diversified Comm Services",6.55,-3.11%,5,Buy,"72% Buy",-93.09,-52.00%,4.88,5.81,4.49,7.09,49.42,-70.13,-39.18,800977,Average,Weak,9.48%,0.06,5.5,8.68,33%
SPRC,"Scisparc Ltd","Medical - Drugs",5.67,-14.48%,1,Hold,"48% Sell",-93.12,-74.39%,6.44,6.05,5.93,6.64,39.2,-92.52,-65.16,490246,Average,Weak,31.24%,0.39,6.14,7.13,-48%
IMCC,"IM Cannabis Corp","Medical Products",2.89,-5.56%,4,Sell,"100% Sell",-93.27,-95.85%,6.17,3.92,12.18,3.5,36.15,-113.98,-104.55,73338,Strengthening,Average,34.28%,0.25,2.84,4.16,4%
FXHO,"Utime Ltd","Wireless Equipment",12.44,+0.97%,2,Sell,"72% Sell",-93.94,-99.72%,12.71,11.67,18.69,10.68,55.39,-117.85,-87.09,152425,Weakest,Weak,58.58%,0.35,8.23,13.13,86%
JUNS,"Jupiter Neurosciences Inc","Medical - Drugs",3.35,-5.37%,3,Sell,"100% Sell",-94.08,-96.96%,16.9,9.91,23.09,5.03,27.67,-115.09,-107.1,335232,Average,Good,4.90%,0.05,3.62,6.44,-10%
MNTS,"Momentus Inc","Aerospace - Defense",4.07,-4.24%,5,Sell,"100% Sell",-94.36,-82.86%,6.91,5.16,6.2,4.43,39.02,-100.99,-27.91,3226611,Strongest,Soft,9.84%,0.34,3.84,5.02,20%
VEEE,"Twin Vee Powercats Co.","Leisure & Recreational Prdcts",9.4,-6.93%,3,Sell,"72% Sell",-94.37,-86.98%,9.73,12.66,14.54,10.49,42.66,-105.11,-96.88,806144,Average,Weak,15.32%,0.01,8.41,12.56,24%
ARTL,"Artelo Biosciences Inc","Medical - Biomedical",6.16,-3.22%,3,Sell,"100% Sell",-94.53,-97.54%,15.64,8.17,25.44,6.46,36.27,-115.67,-92.79,172987,Weakening,Weak,42.16%,1.5,5.9,7.03,23%
PAVS,"Paranovus Entertainment Technology Ltd","Conglomerates - Div Operations",4.8,-7.87%,3,Sell,"100% Sell",-94.62,-99.99%,57.4,5.97,418.82,5.84,33.22,-118.12,-111.25,409260,Weakening,Weak,8.86%,0.02,4.14,7.53,19%
VSA,"Visionsys AI Inc ADR","Technology Services",3.3,-0.30%,3,Hold,"96% Sell",-94.78,-99.65%,4.61,3.51,7.39,3.43,45.85,-117.78,-97.9,507115,Weakening,Weak,23.64%,0.02,3.06,3.81,32%
WOK,"Work Medical Technology Group Ltd","Medical Instruments",2.22,-0.89%,6,Sell,"56% Sell",-94.78,-100.00%,44.9,2.12,73,2.21,41.64,-118.13,-110.46,415335,Weakest,Weak,23.61%,0.08,2.03,2.39,53%
SEGG,"Sports Entertainment Gaming Global Corp",Gaming,2.69,-2.54%,1,Sell,"88% Sell",-95.19,-92.31%,6.63,4.13,6.83,2.59,37.43,-110.44,-58.84,652665,Strengthening,Weak,68.00%,0.17,2.32,2.85,69%
ELPW,"Elong Power Holding Cl A","Electronics Products - Misc",3.27,-9.92%,2,Sell,"100% Sell",-95.54,-99.98%,58.46,15.23,728.86,4.18,32.16,-118.11,-111.43,219440,Weakening,Weak,8.08%,0.15,2.92,5.45,14%
AKAN,"Akanda Corp","Medical Products",3.7,-9.20%,2,Sell,"88% Sell",-96.71,-95.51%,13.28,7.81,10.19,4.67,35.29,-113.64,-75.52,1039966,Strengthening,Weak,5.71%,0.14,3.22,6.12,16%
SMX,"Smx [Security Matters] Plc Cl A","Technology Services",16.75,+4.62%,4,Sell,"72% Sell",-96.73,-99.90%,43.49,16.21,378.24,16.19,48.89,-118.03,-110.4,53258,Weakest,Weak,50.80%,0.36,14.8,17.59,70%
RBNE,"Robin Energy Ltd","Transportation - Ship",2.62,+0.77%,4,Sell,"100% Sell",-96.82,-98.23%,12.5,4.81,23.21,2.63,34.85,-116.36,-105.52,158982,Weakening,Soft,30.26%,0.25,2.24,3.02,49%
BYAH,"Park Ha Biological Technology Co. Ltd","Consumer Prdts - Misc Staple",2.78,-1.42%,2,Sell,"100% Sell",-96.92,-98.61%,7.05,4.29,10.54,3,39.36,-116.74,-107.11,299578,Weakening,Weak,19.77%,0.05,2.49,3.5,29%
FEED,"Envue Medical Inc","Medical Instruments",4.31,+2.59%,8,Sell,"100% Sell",-97.37,-93.42%,9.22,5.15,15.21,4.75,39.97,-111.55,-95.93,363588,Weakening,Weak,17.57%,1.54,4.06,5.43,18%
INHD,"Inno Holdings Inc","Electronic Misc Services",5.17,-4.96%,1,Buy,"56% Sell",-98.03,-99.79%,10.07,5.1,18.15,7.11,45.97,-117.92,-88.8,1855711,Weakening,Weak,2.48%,0.02,4.28,9.93,16%
AEHL,"Antelope Enterprise Hldg Ltd","Conglomerates - Div Operations",5,-22.96%,2,Sell,"100% Sell",-98.11,-98.49%,15.3,9.92,25.03,5.4,41.5,-116.62,-108.54,570117,Weakening,Soft,37.28%,0.53,4.03,6.77,35%
BIYA,"Baiya International Group Inc","Internet - Software",2.2,-2.22%,2,Sell,"100% Sell",-98.49,-98.47%,6.76,3.41,11.28,2.51,38.87,-116.6,-105.8,1859782,Weakening,Weak,11.50%,0.01,2.1,2.93,12%
VMAR,"Vision Marine Technologies Inc","Leisure & Recreational Prdcts",7.9,+1.54%,4,Sell,"88% Sell",-98.95,-99.86%,49.47,10.22,116.78,7.06,44.06,-117.99,-110.49,156799,Weakest,Weak,30.00%,0.1,5.62,8.5,79%
KIDZ,"Kidz AI Inc",Schools,4.05,-10.60%,1,Sell,"100% Sell",-99.55,-99.96%,58.24,7.85,276.28,4.81,31.79,-118.09,-111.18,350568,Weakening,Weak,39.70%,0.06,3.27,6.35,25%
AIIR,"Air Global Plc",Tobacco,7.47,-0.13%,6,N/A,N/A,N/A,N/A,0,6.73,0,7.2,54.11,N/A,N/A,N/A,N/A,N/A,40.26%,0.18,6.12,8.27,63%
AZUL,"Azul S.A. ADR","Transportation - Airline",7.25,-4.61%,1,N/A,N/A,N/A,N/A,0,8.45,0,7.93,14.43,N/A,N/A,N/A,N/A,N/A,18.80%,0.45,7.02,8.84,13%
BXDC,"Blackstone Digital Infrastructure Trust Inc","REIT - Equity Trust Other",20.3,+1.20%,3,N/A,N/A,N/A,N/A,0,20.66,0,20.32,48.52,N/A,N/A,N/A,N/A,N/A,28.43%,1.08,19.56,21.08,49%
GMTL,"Guardian Metal Resources Plc ADR","Mining - Misc",11.33,-10.93%,7,Buy,N/A,N/A,N/A,14.43,12.2,0,12.57,42.2,N/A,N/A,N/A,N/A,N/A,59.33%,0.9,11.19,13.96,5%
JAN,"Janus Living Inc Class A-1","REIT - Equity Trust Resident",30.9,+3.87%,3,Buy,N/A,N/A,N/A,27.97,30,0,30.45,54.26,N/A,N/A,N/A,N/A,N/A,45.75%,1.66,29.22,31.67,69%
LABT,"Lakewood-Amedex Biotherapeutics Inc","Medical - Biomedical",2.76,+10.40%,6,N/A,N/A,N/A,N/A,0,2.52,0,2.32,50.27,N/A,N/A,N/A,N/A,N/A,70.47%,1.62,2.04,2.6,128%
MOBI,"Mobia Medical Inc","Medical Instruments",11.45,+2.60%,6,N/A,N/A,N/A,N/A,0,11.97,0,11.57,49.65,N/A,N/A,N/A,N/A,N/A,33.29%,4.78,10.33,12.81,45%
NHP,"National Healthcare Properties Inc Cl A","REIT - Equity Trust Resident",16.03,-0.19%,5,N/A,N/A,N/A,N/A,0,15.78,0,16.49,46.44,N/A,N/A,N/A,N/A,N/A,19.23%,0.49,15.84,17.14,15%
NINE,"Nine Energy Service Inc","Oil - Field Services",10.43,-1.97%,3,Sell,N/A,N/A,N/A,10.67,11.3,0,10.61,46.13,N/A,N/A,N/A,N/A,N/A,16.99%,0.95,9.88,11.33,38%
OPTH,"Optimi Health Corp","Medical - Drugs",4.99,+1.63%,5,N/A,N/A,N/A,N/A,0,4.74,0,4.89,55.18,N/A,N/A,N/A,N/A,N/A,78.76%,0.28,4.65,5.13,71%
PAYP,"Paypay Corporation ADR","Financial Transaction Services",14.99,-0.93%,2,Buy,N/A,N/A,N/A,16.91,15.19,0,15.12,47.59,N/A,N/A,N/A,N/A,N/A,43.35%,0.4,14.28,15.95,42%
QH,"Quhuo Limited ADR","Technology Services",4.12,-1.20%,5,N/A,N/A,N/A,N/A,0,5.23,0,4.43,41.66,N/A,N/A,N/A,N/A,N/A,18.94%,0.03,3.88,4.98,22%
SPTX,"Seaport Therapeutics Inc","Medical - Drugs",23.61,-0.30%,11,N/A,N/A,N/A,N/A,0,21.98,0,24.13,50.84,N/A,N/A,N/A,N/A,N/A,14.17%,0.9,21.85,26.42,39%
TMCR,"The Metals Royalty Company Inc","Mining - Misc",5.82,-8.49%,4,Hold,N/A,N/A,N/A,9.69,6.22,0,6.25,44.06,N/A,N/A,N/A,N/A,N/A,42.64%,0.61,5.46,7.04,23%
VIDA,"Vida Global Inc Cl A","Technology Services",2.57,-6.20%,5,N/A,N/A,N/A,N/A,0,2.57,0,2.47,51.11,N/A,N/A,N/A,N/A,N/A,78.44%,6.18,2.19,2.75,68%
XNDU,"Xanadu Quantum Technologies Cl B","Computer - Integrated Systems",9.93,-7.71%,2,Sell,N/A,N/A,N/A,14.5,10.89,0,10.64,42.77,N/A,N/A,N/A,N/A,N/A,24.04%,1.38,9.81,11.46,7%
"Downloaded from Barchart.com as of 09-02-2026 12:00am CDT"
