Symbol,Name,Industry,Latest,%Change,"1M #Hi",Trend,Opinion,"Wtd Alpha","52W %Chg","100D MA","50D MA","150D MA","20D MA","14D RSI","1Y vs IDX","YTD vs IDX","200D Avg Vol",Direction,Strength,"14D Stoch %K","50D RelVol","BB Lower","BB Upper",BB%
ERAS,"Erasca Inc","Medical - Biomedical",19.49,+1.78%,7,Buy,"100% Buy",+918.13,"+1,133.54%",15.96,18.02,15.12,18.2,60.91,1114.26,410.98,5376228,Strongest,Good,66.13%,0.88,17.16,19.25,112%
RLAY,"Relay Therapeutics Inc","Medical - Drugs",19.42,-0.21%,9,Buy,"88% Buy",+338.18,+443.98%,16.63,19.15,14.23,19.83,48.84,424.7,116.61,2999290,Average,Strong,45.57%,0.75,18.78,20.87,31%
DNTH,"Dianthus Therapeutics Inc","Medical - Biomedical",111.54,+0.70%,7,Buy,"100% Buy",+281.65,+360.15%,94.92,102.87,84.59,111.11,54.47,340.87,157.72,908208,Strengthening,Strong,50.06%,0.59,105.96,116.25,54%
BUUU,"BuUU Group Limited Class A Ordinary Share","Internet - Software",31.84,+13.11%,6,Buy,"100% Buy",+267.34,+441.50%,20.32,23.7,17.85,27.83,63.19,422.22,383.01,49038,"Top 1%","Top 1%",37.53%,1.69,22.57,33.1,88%
ASX,"Ase Industrial Holding Ltd ADR","Electronics - Semiconductors",38.9,+4.40%,8,Sell,"56% Buy",+249.80,+288.22%,35.89,38.93,31.23,37.56,54.5,268.94,128.67,8414830,Strengthening,Average,47.63%,0.68,34.82,40.29,75%
CHRN,"Chronoscale Holdings Corp","Internet - Software",20.74,-1.96%,8,Hold,"48% Buy",+248.36,+445.66%,18.25,22.08,15.61,21.96,45.66,426.38,127.05,825560,Weakest,Good,35.89%,0.88,18.78,25.14,31%
CIEN,"Ciena Corp","Communications Components",399.85,-1.03%,6,Sell,"40% Sell",+204.67,+331.15%,469.93,417.12,423.95,404.24,48.49,311.87,58.03,2954957,Weakest,Weak,34.63%,0.52,364.95,443.52,44%
DFTX,"Definium Therapeutics Inc","Medical - Drugs",43.82,+0.11%,6,Hold,"80% Buy",+203.82,+344.87%,32.83,43.2,27.81,44.15,50.78,325.59,214.32,2174382,Average,Strong,42.34%,0.45,41.15,47.14,45%
ANAB,"Anaptysbio Inc","Medical - Biomedical",57.29,-1.22%,10,Sell,"24% Buy",+193.27,+321.25%,57.52,58.44,50.85,56.89,49.85,301.97,64.32,747223,Weakest,Weak,55.62%,0.87,53.28,60.5,56%
ARWR,"Arrowhead Pharma","Medical - Biomedical",88.59,-0.59%,6,Buy,"100% Buy",+191.34,+306.56%,78.46,83.52,73.1,87.58,56.18,287.28,20.5,2391645,Average,Good,70.70%,0.39,84.84,90.32,68%
STTK,"Shattuck Labs Inc","Medical - Biomedical",7.65,-3.16%,6,Buy,"100% Buy",+190.52,+665.00%,6.63,6.96,6.06,7.47,54.75,645.72,96.65,797195,Average,Good,77.05%,0.4,6.9,8.04,66%
UMC,"United Microelectronics Corp ADR","Electronics - Semiconductors",19.07,+0.21%,5,Sell,"56% Buy",+175.39,+183.78%,18.79,21.61,15.82,19.02,46.96,164.5,129.68,12627734,Weakest,Average,63.84%,0.59,17.89,20.15,52%
LRCX,"Lam Research Corp","Electronics - Semiconductors",318.58,+1.82%,7,Sell,"56% Buy",+170.84,+207.30%,312.48,332.65,283.89,315.15,50.41,188.02,73.17,10993683,Strengthening,Average,38.76%,0.57,289.93,340.37,57%
ACMR,"Acm Research Inc","Semi-Eqpt Material Services",80.49,+1.74%,4,Sell,"56% Buy",+166.26,+181.63%,77.72,89.56,69.53,80.34,48.13,162.35,91.09,1387639,Average,Average,28.13%,0.42,75.99,84.69,52%
APGE,"Apogee Therapeutics Inc","Medical - Biomedical",134.96,+0.01%,6,Buy,"100% Buy",+158.38,+257.13%,108.36,132.21,96.06,134.59,78.15,237.85,65.86,1498483,Average,Strong,94.46%,0.36,134.07,135.1,86%
QTTB,"Q32 Bio Inc","Medical - Biomedical",16.15,-0.19%,5,Buy,"100% Buy",+154.44,+838.95%,11.29,14.83,9.24,15.81,55.54,819.67,373.51,1528457,Weakening,Strong,65.14%,0.16,14.99,16.63,71%
AMD,"Adv Micro Devices","Computer - Integrated Systems",476.67,-0.89%,4,Sell,"40% Buy",+144.36,+185.21%,453.07,507.01,372.37,482.57,47.43,165.93,109.64,35298781,Weakest,Average,42.09%,0.61,452.81,512.32,40%
MNPR,"Monopar Therapeutics Inc","Medical - Biomedical",113.94,+0.19%,5,Hold,"80% Buy",+144.19,+227.32%,81.84,104.88,73.99,114.7,53.46,208.04,61.55,220594,Strengthening,Strong,41.77%,0.59,106.27,123.14,45%
ZBIO,"Zenas Biopharma Inc","Medical - Biomedical",32.62,-1.27%,3,Buy,"88% Buy",+144.07,+95.21%,24.26,29.21,23.86,31.68,56.98,75.93,-23.1,754174,Average,Average,87.43%,0.71,29.58,33.78,72%
SILC,"Silicom Ltd","Computer - Networks",47.63,+6.01%,5,Buy,"100% Buy",+140.65,+193.11%,40.55,43.04,33.57,44.23,56.81,173.83,211.07,106093,Strongest,Strong,44.42%,2.15,38.96,49.5,82%
MBX,"Mbx Biosciences Inc","Medical - Biomedical",66.39,-0.55%,6,Buy,"88% Buy",+137.77,+363.94%,46.88,61.08,42.34,67.11,54.05,344.66,97.55,690896,Weakening,Strong,54.41%,0.37,64.49,69.74,36%
SIMO,"Silicon Motion Techn ADR","Computer - Integrated Systems",255.08,-3.05%,2,Sell,"56% Buy",+135.69,+224.65%,249.89,277.5,207.93,251.81,49.4,205.37,162.23,801583,Average,Average,58.84%,0.66,226.99,276.63,57%
GH,"Guardant Health Inc","Medical - Biomedical",168.52,-1.40%,4,Buy,"100% Buy",+131.51,+165.39%,130.21,156.12,119.2,163.76,57.64,146.11,52.05,2260093,Strongest,Strong,73.55%,0.57,155.53,171.99,79%
BTSG,"Brightspring Health Services Inc","Medical Services",60.9,-0.73%,3,Sell,"56% Buy",+131.46,+154.49%,60.02,65.96,53.61,60.33,46.95,135.21,49.68,2807646,Weakening,Average,49.56%,0.86,57.37,63.29,60%
TRVI,"Trevi Therapeutics Inc","Medical - Biomedical",17.96,+0.22%,5,Buy,"72% Buy",+130.09,+124.50%,16.07,18.03,14.47,18.24,48.98,105.22,30.51,1772451,Weakening,Strong,34.14%,0.52,17.53,18.94,30%
DOCN,"Digitalocean Holdings Inc","Internet - Software",121.68,+5.82%,5,Sell,"8% Sell",+124.82,+276.02%,132.52,130.92,110.84,122.93,48.53,256.74,139.93,3374304,Weakest,Weak,27.31%,0.61,108.72,137.13,46%
LCUT,"Lifetime Brands Inc","Consumer Prdts - Misc Discr",9.21,+0.88%,4,Buy,"96% Buy",+123.90,+130.83%,8.23,8.74,6.78,9.21,51.72,111.55,120.22,162915,Average,Strong,39.39%,0.74,8.33,10.1,50%
IRDM,"Iridium Comm Inc","Satellite Communication",47.64,+0.93%,8,Sell,"56% Buy",+122.27,+90.41%,45.52,48.2,38.34,48.73,46.62,71.13,161.17,2292148,Weakening,Average,13.14%,0.25,46.75,50.72,22%
BE,"Bloom Energy Corp Cl A","Other Alt Energy",217.83,-0.17%,9,Sell,"8% Sell",+121.16,+328.38%,246.39,238.09,214.53,218.46,49.23,309.1,137.76,12681075,Weakest,Minimum,47.34%,0.75,195.23,241.69,49%
IRD,"Opus Genetics Inc","Medical - Biomedical",3.85,+1.32%,9,Buy,"24% Buy",+120.77,+220.83%,4.27,3.75,4.14,3.81,51.74,201.55,78.6,850838,Weakest,Minimum,43.52%,0.54,3.48,4.15,56%
GHRS,"Gh Research Plc","Medical - Biomedical",28.65,-1.24%,7,Hold,"80% Buy",+114.12,+110.20%,24.08,27.63,21.11,29.16,50.66,90.92,112.65,303832,Average,Strong,40.06%,0.24,27.63,30.69,33%
FTRE,"Fortrea Holdings Inc","Medical - Biomedical",18.86,+1.78%,2,Buy,"100% Buy",+113.89,+108.86%,15.61,18.05,14.23,18.39,54.9,89.58,-3.61,1469042,Strongest,Strong,62.42%,0.89,17.29,19.48,72%
LXRX,"Lexicon Pharmaceutcl","Medical - Biomedical",2.32,+0.43%,3,Hold,"80% Buy",+113.21,+105.31%,2.11,2.31,1.91,2.36,49.64,86.03,88.8,2752910,Average,Strong,54.11%,0.45,2.22,2.5,36%
MGRT,"Mega Fortune Company Limited","Internet - Software",98.7,+0.66%,3,Buy,"88% Buy",+112.17,"+2,680.28%",95.64,88.19,66.27,96.39,56.36,2661,1201.31,81347,Strengthening,Average,38.58%,0.99,91.92,100.87,76%
INNV,"Innovage Holding Corp","Medical Services",11.03,-0.09%,2,Hold,"64% Buy",+110.08,+178.54%,9.46,11.06,8.98,10.9,51.83,159.26,99.58,285053,Average,Strong,47.97%,0.59,10.36,11.43,63%
CNC,"Centene Corp","Medical - HMO",65.33,-0.21%,3,Hold,"96% Buy",+109.12,+126.53%,58.96,65.12,52.41,65.2,51.01,107.25,45.82,6075074,Average,Strong,42.17%,0.77,62.73,67.67,53%
ENGS,"Energys Group Limited","Broadcast - Radio & TV",2.59,-11.60%,4,Hold,"64% Buy",+107.95,-38.77%,2.04,2.68,1.68,2.81,42.28,-58.05,191.16,511229,Weakening,Soft,47.75%,1.34,2.58,3.04,3%
ROMA,"Roma Green Finance Limited","Finance - Misc Services",9.16,+1.46%,3,Hold,"96% Buy",+102.31,+263.56%,7.71,8.84,6.35,9.11,52.51,244.28,429.18,222934,Strengthening,Strong,53.20%,0.07,8.44,9.78,54%
RZLT,"Rezolute Inc","Medical - Biomedical",4.98,-1.19%,3,Buy,"72% Buy",+100.94,-30.83%,4.19,4.86,3.84,4.79,56.11,-50.11,98.08,3550687,Weakening,Weak,47.70%,0.45,4.46,5.11,80%
ELVN,"Enliven Therapeutics Inc","Medical - Drugs",60.5,-0.60%,7,Buy,"100% Buy",+100.50,+192.55%,47.97,54.26,41.88,59.43,63.21,173.27,279.92,1142135,Strengthening,Maximum,77.24%,0.42,56.52,62.34,68%
OOMA,"Ooma Inc","Communications Components",23.04,+12.23%,3,Buy,"100% Buy",+100.48,+74.28%,18.72,20.3,16.78,21.15,62.45,55,83.48,284250,Strongest,Maximum,38.34%,3.17,19.69,22.61,115%
QXL,"Quantum X Labs Inc","Technology Services",4.7,-0.21%,2,Sell,"56% Buy",+94.81,+53.59%,4.25,5.02,3.44,4.6,50.13,34.31,194.25,80176,Weakest,Average,73.86%,0.09,4.2,5,62%
GLW,"Corning Inc","Communications Components",152.8,+0.01%,10,Sell,"24% Sell",+93.45,+127.21%,174.86,171.65,160.11,155.92,46.78,107.93,61.57,11566902,Weakest,Minimum,26.29%,0.58,139.46,172.38,41%
CHEF,"The Chefs Warehouse","Food - Misc & Diversified",111.26,-0.67%,5,Buy,"100% Buy",+91.23,+77.71%,88.88,102.33,80.64,110.45,58.84,58.43,65.57,494262,Average,Maximum,64.07%,0.67,106.72,114.19,61%
MSGS,"Madison Square Garden Sports Corp","Leisure & Recreation Services",393.65,-1.20%,5,Buy,"88% Buy",+90.88,+100.58%,372.32,393.19,350.41,399.42,46.5,81.3,39.25,228034,Weakest,Strong,27.41%,0.98,382.98,415.87,32%
GEO,"Geo Group Inc","Government Services",32.6,-0.52%,8,Buy,"100% Buy",+87.72,+56.66%,26.16,30.6,22.65,31.41,61.32,37.38,89.29,2066214,Strengthening,Maximum,82.47%,0.79,29.9,32.91,90%
PHOE,"Phoenix Asia Holdings Limited","Building - Heavy Construction",21.5,+4.37%,3,Hold,"96% Buy",+86.35,+157.79%,19.12,21.2,18.55,21.44,49.97,138.51,21.44,51923,Strongest,Average,44.12%,5.64,18.19,24.7,51%
JAZZ,"Jazz Pharma Plc","Medical - Biomedical",251.1,+0.73%,4,Buy,"88% Buy",+86.30,+101.80%,232.77,246.57,214.33,252.84,50.19,82.52,34.77,1021504,Weakening,Strong,50.14%,5.22,243.25,262.42,41%
TRDA,"Entrada Therapeutics Inc","Medical - Biomedical",7.27,+3.86%,5,Buy,"48% Sell",+84.66,+27.99%,8.42,7.07,9.55,7.27,51.2,8.71,-42.22,308570,Weakest,Average,51.77%,0.66,6.7,7.84,50%
DYN,"Dyne Therapeutics Inc","Medical - Drugs",26.09,-1.02%,4,Buy,"100% Buy",+83.86,+91.28%,21.21,24.18,19.87,26.08,56.21,72,20.44,2201910,Average,Strong,51.89%,0.43,25.3,26.85,51%
IRWD,"Ironwood Pharmaceuti","Medical - Drugs",4.24,-1.17%,3,Buy,"88% Buy",+83.86,+236.51%,3.99,4.11,3.98,4.26,51.5,217.23,12.88,3151704,Strengthening,Weak,64.09%,0.41,4.06,4.46,44%
ASYS,"Amtech Systems Inc","Semi General",15.83,+4.35%,7,Sell,"8% Sell",+81.87,+165.16%,18.14,17.25,16.48,15.52,49.82,145.88,13.2,347189,Weakest,Minimum,34.55%,1.12,13.79,17.26,59%
MANE,"Veradermics Incorporated","Medical - Biomedical",101.81,-0.96%,2,Sell,N/A,+81.58,N/A,101.73,111.09,0,107.27,43.23,N/A,N/A,N/A,N/A,N/A,36.08%,0.34,98.63,115.9,18%
ARCB,"Arcbest Corp","Transportation - Truck",139.12,+0.02%,1,Sell,"40% Buy",+81.45,+89.28%,137.05,145.01,123.79,139.56,47.29,70,74.58,367667,Weakening,Soft,38.73%,0.34,132.37,146.75,47%
LNTH,"Lantheus Holdings","Medical Products",100.47,-0.35%,1,Sell,"40% Buy",+80.48,+76.76%,97.69,103.67,89.58,100.73,44.83,57.48,38.03,1102982,Weakest,Average,47.48%,1.12,99.87,101.59,35%
SNX,"Synnex Corp","IT Services",260.13,+1.94%,3,Sell,"72% Buy",+80.14,+74.41%,246.73,256.2,218.24,255.55,55.71,55.13,60.21,772597,Average,Average,56.60%,0.49,245.54,265.56,73%
TWIN,"Twin Disc Inc","Machinery - General Industrial",23.36,-0.68%,7,Sell,"72% Buy",+78.81,+84.52%,20.41,23.12,19.16,23.85,49.21,65.24,27.11,73244,Weakening,Strong,39.00%,0.79,22.54,25.17,31%
MGNX,Macrogenics,"Medical Products",4.08,+0.99%,4,Sell,"56% Buy",+78.48,+137.21%,3.96,4.23,3.41,4.02,49.89,117.93,140.48,1132632,Average,Average,59.47%,0.34,3.78,4.27,61%
LITB,"Lightinthebox Holding Ltd ADR","Internet Services - Delivery",3.24,+4.79%,5,Sell,"80% Buy",+77.61,+172.27%,2.89,3.09,2.78,3.1,56.45,152.99,31.7,11182,Strongest,Average,63.80%,1.43,2.88,3.31,84%
VSH,"Vishay Intertechnology","Semi Discretes",31.74,+3.52%,3,Sell,"8% Sell",+77.08,+104.25%,39.92,40.83,32.8,33.34,41.52,84.97,106.11,3996436,Weakest,Minimum,20.37%,0.74,29.4,37.28,30%
UFCS,"United Fire Group","Insurance - Proprty & Casualty",53.88,-0.31%,4,Buy,"100% Buy",+76.77,+72.53%,47.97,52.19,44.41,53.55,55.64,53.25,35.29,130783,Average,Strong,54.99%,0.51,51.96,55.14,60%
PESI,"Perma-Fix Envir","Pollution Controls",19.3,+6.39%,6,Buy,"88% Buy",+76.33,+61.37%,13.32,15.64,13.39,17.63,63.5,42.09,40.36,252552,Strongest,Maximum,45.92%,0.74,16.13,19.13,106%
KFRC,"Kforce Inc",Staffing,57.92,+1.61%,2,Buy,"88% Buy",+75.94,+77.34%,47.74,55.04,41.64,58.08,53.31,58.06,74.38,250234,Strengthening,Strong,29.56%,0.8,56.5,59.65,45%
LTH,"Life Time Group Holdings Inc","Leisure & Recreation Services",44.35,-1.00%,3,Buy,"88% Buy",+75.06,+58.73%,36.67,42.58,33.67,44.55,52.81,39.45,53.91,2729520,Weakening,Strong,54.84%,1,43,46.09,44%
LGND,"Ligand Pharm","Medical - Biomedical",284.52,-1.16%,4,Sell,"40% Buy",+74.91,+78.83%,262.37,296.51,240.95,290.77,45.13,59.55,37.54,264259,Weakening,Good,27.21%,0.52,279.09,302.45,23%
PVLA,"Palvella Therapeutics Inc","Medical - Biomedical",150.33,-2.59%,6,Buy,"88% Buy",+74.19,+166.31%,132.06,144.59,123.77,150.54,52.34,147.03,30.68,272212,Strengthening,Good,61.32%,0.95,139.47,161.61,49%
TSM,"Taiwan Semiconductor ADR","Semi Fab Foundries",427.3,+2.30%,6,Sell,"72% Buy",+73.49,+78.57%,412.84,423.73,391.42,418.51,55.19,59.29,27.67,13204097,Strengthening,Average,50.66%,0.94,403.74,433.28,80%
NAVN,"Navan Inc Cl A","Internet - Software",30.58,+4.26%,9,Buy,"100% Buy",+73.48,N/A,22.11,26.24,18.31,28.76,67.45,N/A,66.1,2908258,Strongest,Maximum,78.42%,1.07,27.02,30.51,102%
OPY,"Oppenheimer Holdings","Finance - Investment Brokers",120,+3.56%,4,Buy,"100% Buy",+73.05,+68.19%,106.96,112.36,100.05,114.71,62.14,48.91,53.06,77523,Strongest,Strong,69.61%,0.85,109.06,120.35,97%
BOTJ,"Bank of The Jame Fnl","Banks - Southeast",26.86,+0.52%,2,Hold,"80% Buy",+72.70,+74.08%,24.75,26.38,23.25,27.21,48.39,54.8,31.62,14094,Weakening,Strong,16.23%,1.32,26.61,27.8,21%
CAT,"Caterpillar Inc","Machinery - Construct & Mining",817,-0.60%,2,Sell,"8% Sell",+72.49,+88.83%,880.52,897.02,824.59,839.13,41.79,69.55,29.68,2817295,Weakest,Minimum,18.11%,0.56,795.23,883.03,25%
ALKS,"Alkermes Plc","Medical - Biomedical",48.9,-0.53%,1,Sell,"40% Buy",+72.37,+67.18%,44.03,50.66,39.83,49.24,46.58,47.9,61.83,2146547,Weakest,Good,40.65%,1.06,48.11,50.36,35%
ELDN,"Eledon Pharmaceuticals Inc","Medical - Biomedical",3.32,-0.90%,4,Sell,"8% Buy",+70.90,+28.68%,3.67,3.71,3.29,3.53,37.89,9.4,106.93,1311933,Weakest,Weak,19.66%,0.72,3.27,3.79,10%
USEA,"United Maritime Corp","Transportation - Ship",2.73,-1.09%,6,Buy,"100% Buy",+68.67,+60.59%,2.48,2.65,2.31,2.71,54.16,41.31,47.65,68581,Average,Strong,56.99%,0.91,2.61,2.81,61%
ANL,"Adlai Nortye Group Ltd ADR","Medical - Biomedical",14.32,-4.91%,10,Buy,"88% Buy",+68.49,+747.34%,12.39,12.1,10.99,13.56,58.64,728.06,895.51,451256,Average,Average,73.65%,0.71,12.4,14.72,83%
ANTX,"An2 Therapeutics Inc","Medical - Biomedical",5.74,+3.80%,6,Buy,"88% Buy",+67.04,+403.51%,4.72,5.23,3.94,5.83,54.21,384.23,390.57,581327,Strengthening,Strong,9.14%,0.67,5.42,6.24,39%
SABS,"Sab Biotherapeutics Inc","Medical - Biomedical",3.93,+1.29%,5,Buy,"40% Buy",+64.09,+85.38%,3.72,3.75,3.81,3.78,58.93,66.1,-7.86,582404,Strengthening,Weak,79.41%,0.46,3.61,3.95,95%
ENS,"Enersys Inc","Machinery - Electrical",190.98,-1.02%,6,Sell,"24% Sell",+63.86,+86.60%,209.37,200.85,196.84,192,46.47,67.32,17.2,475619,Weakening,Minimum,23.90%,0.67,181.54,202.46,45%
FATE,"Fate Therapeutics","Medical - Biomedical",2.54,-1.17%,6,Sell,"40% Buy",+63.47,+126.79%,2.21,2.59,1.89,2.57,49.27,107.51,145.56,2383550,Weakest,Good,50.51%,0.5,2.34,2.8,43%
AGCC,"Agencia Comercial Spirits Ltd Cl A","Beverages - Alcohol",14.53,+0.90%,1,Sell,"40% Sell",+63.41,N/A,16.09,15.02,15.16,14.78,45.46,N/A,35.93,113414,Weakening,Minimum,22.22%,0.25,14.15,15.4,30%
ANNX,"Annexon Inc","Medical - Biomedical",5.25,+5.21%,6,Sell,"72% Sell",+63.11,+148.82%,5.49,5.4,5.51,5.26,49.45,129.54,-8.36,2977865,Weakening,Weak,38.99%,0.79,4.96,5.56,48%
DNLI,"Denali Therapeutics Inc","Medical - Biomedical",24.67,+0.41%,5,Buy,"96% Buy",+62.64,+58.14%,22.2,24.56,21.63,24.55,51.76,38.86,36.48,1699109,Strengthening,Strong,56.68%,0.43,23.34,25.77,55%
CMTV,"Community Bancorp Inc VT","Banks - Northeast",39.99,-0.89%,3,Buy,"72% Buy",+62.05,+75.86%,39.19,40,37.16,40.6,47.66,56.58,47.73,25281,Weakest,Average,34.27%,0.4,39.26,41.93,27%
UNF,"Unifirst Corp","Uniform & Related",285.75,-0.77%,2,Hold,"80% Buy",+61.80,+61.19%,271.74,282.17,261.12,289.23,46.19,41.91,35.19,240342,Weakening,Average,23.19%,1.38,285.39,293.06,5%
AVBP,"Arrivent Biopharma Inc","Medical - Biomedical",31,-0.45%,3,Sell,"40% Buy",+60.85,+61.37%,30.36,31.58,27.94,30.29,52.61,42.09,41.14,493160,Weakest,Average,83.42%,0.55,28.41,32.17,69%
CELC,"Celcuity Inc","Medical - Biomedical",93.24,-1.94%,10,Sell,"72% Sell",+60.73,+86.63%,106.7,94.23,107.81,91.5,51.16,67.35,-19.46,1059835,Weakest,Soft,80.23%,0.35,86.7,96.3,68%
SANM,"Sanmina Corp","Electronic Manufacturing",203.35,+2.37%,7,Sell,"8% Buy",+60.27,+73.88%,215.13,210.68,190.39,199.5,51.18,54.6,22.56,873935,Weakening,Minimum,45.36%,0.71,182.58,216.41,61%
SRZN,"Consonance-Hfw Acq Corp","Medical - Drugs",24.01,+1.27%,5,Buy,"8% Sell",+60.13,+110.61%,25.54,23.13,25.51,23.58,54.66,91.33,-6.7,139098,Weakest,Minimum,32.93%,1.49,21.38,25.78,60%
CHMG,"Chemung Financial Corp","Banks - Southeast",81.48,+0.77%,3,Buy,"88% Buy",+59.67,+51.96%,72.52,78.38,67.31,82.37,52.26,32.68,33.08,27169,Average,Maximum,30.10%,1.18,80.67,84.07,24%
VTVT,"Vtv Theraptcs Cl A","Medical - Biomedical",32.8,-2.29%,7,Sell,"100% Sell",+59.09,+101.97%,33.74,33.3,34.55,32.87,49.66,82.69,-30.92,48669,Strongest,Weak,60.15%,0.71,30.23,35.51,49%
CSX,"CSX Corp","Transportation - Rail",51.54,-0.43%,1,Buy,"100% Buy",+58.88,+58.39%,47.42,49.73,45.03,50.71,59.87,39.11,29.24,12793529,Weakening,Maximum,79.23%,0.61,49.49,51.92,84%
PGC,"Peapack Gladstone FI","Banks - Northeast",45.16,-0.04%,2,Sell,"40% Buy",+58.70,+56.86%,44.07,46.18,40.63,45.84,43.53,37.58,49.21,152377,Weakest,Average,22.83%,0.46,44.67,47.01,21%
GCBC,"Greene County Bncp","Finance - Savings & Loan",34.63,-0.14%,6,Buy,"88% Buy",+58.25,+44.77%,29.16,33.29,27.04,34.65,55.38,25.49,42.84,22594,Weakening,Strong,55.61%,0.47,33.78,35.51,49%
MSLE,"Satellos Bioscience Inc","Medical - Biomedical",9.61,+2.67%,6,Hold,"64% Buy",+57.87,+82.01%,7.94,8.87,8.59,9.86,51.5,62.73,50.5,49110,Strengthening,Soft,9.94%,0.15,9.38,10.34,24%
AXSM,"Axsome Thera","Medical - Biomedical",206.27,-0.42%,1,Sell,"8% Buy",+56.98,+69.27%,221.71,228.61,204.98,212.29,37.19,49.99,0,728532,Weakest,Minimum,26.34%,0.65,203.44,221.15,16%
AVAL,"Grupo Aval Acciones Y Valores S ADR","Finance - Investment Mgmt",5.34,-2.02%,10,Buy,"88% Buy",+56.54,+57.99%,4.91,5.18,4.72,5.35,52.04,38.71,18.91,189387,Weakening,Good,71.89%,0.46,5.09,5.61,49%
SPB,"Spectrum Brands Holdings Inc","Consumer Prdts - Misc Discr",88.5,-0.44%,4,Hold,"80% Buy",+56.09,+56.58%,83.87,87.15,80.5,88.74,51.45,37.3,36.86,362577,Weakest,Good,35.40%,0.82,86.35,91.13,45%
COKE,"Coca-Cola Consolidated Inc","Beverages - Soft",194.6,+0.30%,1,Buy,"88% Buy",+55.79,+65.73%,185.77,185.58,184.99,188.35,58.1,46.45,14,527470,Average,Weak,87.75%,0.94,179.79,196.92,86%
POWL,"Powell Industries Inc","Machinery - Electrical",192.55,+0.42%,3,Sell,"40% Sell",+55.73,+110.54%,252.27,232.04,226.24,204.36,37.95,91.26,68.27,731408,Weakening,Weak,16.12%,0.49,186.61,222.11,17%
ATLO,"Ames Natl Corp","Banks - Midwest",31.43,+0.32%,11,Buy,"88% Buy",+54.71,+57.70%,29.61,30.48,28.78,31.47,54.11,38.42,23.95,48734,Average,Strong,62.30%,0.68,30.74,32.2,47%
PNTG,"The Pennant Group Inc","Medical - Outpatient & Hm Care",37.82,-1.20%,1,Sell,"56% Buy",+54.58,+54.43%,35.63,38.86,34.22,38.95,39.95,35.15,21.41,274561,Weakening,Good,20.19%,1.11,37.71,40.19,5%
RRBI,"Red River Bancshares Inc","Banks - Southwest",101.52,+0.51%,3,Buy,"100% Buy",+54.44,+53.28%,94.82,97.85,92.53,101.44,55.37,34,29.19,63579,Strongest,Strong,49.26%,0.46,99.65,103.22,52%
STOK,"Stoke Therapeutics Inc","Medical - Biomedical",32.59,-1.51%,6,Buy,"40% Buy",+54.07,+68.86%,31.69,31.16,32.2,31.99,54.95,49.58,-10.26,795213,Weakening,Weak,78.10%,1,29.77,34.21,63%
KRNY,"Kearny Financial","Finance - Savings & Loan",10.01,+1.73%,7,Buy,"100% Buy",+54.07,+51.44%,8.79,9.44,8.43,9.68,66.86,32.16,22.15,439104,Strongest,Maximum,87.75%,1.47,9.41,9.96,110%
WAB,"Wabtec Corp","Transportation - Equip & Lease",297.28,-1.08%,2,Buy,"100% Buy",+53.68,+52.20%,272.91,282.35,264.35,296.22,56.33,32.92,26.33,909951,Average,Strong,58.37%,0.65,290.68,301.76,60%
IKT,"Inhibikase Therapeutics Inc","Medical - Drugs",2.47,-0.80%,6,Buy,"100% Buy",+53.41,+37.99%,1.99,2.2,1.92,2.41,60.42,18.71,7.55,1077994,Strengthening,Maximum,76.81%,0.24,2.25,2.57,69%
RDVT,"Red Violet Inc","Internet Software Services",72,+3.60%,7,Buy,"100% Buy",+52.98,+46.13%,55.98,65.81,51.11,69.34,59.27,26.85,13.49,151416,Strongest,Maximum,64.77%,1.64,65.5,73.17,85%
LEE,"Lee Enterprises Inc","Publishing - Newspapers",8.26,-0.12%,5,Sell,"24% Sell",+51.69,+93.90%,8.69,8.31,8.36,8.17,50.6,74.62,59.5,69954,Weakening,Minimum,34.42%,0.22,7.8,8.54,62%
CNK,"Cinemark Holdings Inc","Movie & TV Production & Dist",36.59,-1.37%,4,Buy,"88% Buy",+51.64,+41.11%,31.59,34.1,29.87,37.34,53.04,21.83,44.5,2650004,Average,Maximum,31.04%,0.66,36.28,38.4,15%
BOF,"Branchout Food Inc","Food - Misc & Diversified",4.14,+7.53%,7,Sell,"56% Buy",+51.49,+97.14%,3.94,4.19,3.81,4.08,52.61,77.86,17.25,76110,Strengthening,Soft,18.69%,2.69,3.77,4.4,59%
YPF,"Ypf Sociedad Anonima ADR","Oil - International Integrated",50.48,+0.42%,4,Buy,"100% Buy",+51.01,+66.49%,48.16,49.33,45.15,50.34,50.91,47.21,26.66,1791495,Average,Good,42.87%,0.59,48.19,52.49,53%
FORR,"Forrester Resrch","Computer - Services",12.21,+4.36%,5,Buy,"100% Buy",+50.79,+25.75%,8.27,10.12,7.64,11.68,64.09,6.47,37.43,121113,Strongest,Maximum,77.27%,0.69,11.17,12.2,101%
GNK,"Genco Shipping & Trading Ltd","Transportation - Ship",25.81,-0.08%,7,Hold,"80% Buy",+50.79,+51.56%,24.73,25.27,23.88,25.91,49.85,32.28,27.1,426125,Weakening,Good,58.14%,1.07,24.66,27.15,46%
ACA,"Arcosa Inc","Building & Construction - Misc",145.49,+0.16%,3,Buy,"100% Buy",+50.75,+46.75%,133.27,144.62,126.81,145.15,61.48,27.47,23.9,422417,Strengthening,Strong,69.95%,0.46,144.72,145.58,90%
KNX,"Knight-Swift Transporation","Transportation - Truck",68.9,-0.93%,8,Sell,"8% Buy",+50.46,+55.78%,70.87,72.95,66.49,70.21,43.67,36.5,18.85,3541608,Weakest,Weak,24.56%,0.57,67.25,73.17,28%
CCSI,"Consensus Cloud Solutions","Internet - Software",39.85,+3.80%,8,Buy,"100% Buy",+50.27,+49.42%,33.17,37.02,31,37.9,59.75,30.14,69.69,177715,Strongest,Maximum,86.06%,1.2,35.73,40.07,95%
CAH,"Cardinal Health","Medical - Dental Suppliers",235.13,-1.37%,7,Hold,"96% Buy",+50.25,+57.55%,217.95,232.58,217.76,234.89,52.81,38.27,1.48,2040546,Strengthening,Average,30.93%,0.48,228.54,241.24,52%
TROO,"Troops Inc","Conglomerates - Div Operations",2.2,+11.11%,6,Buy,"56% Sell",+49.46,+94.69%,2.71,2.11,2.86,1.96,55.94,75.41,-44.19,337988,Weakest,Weak,39.59%,1.89,1.71,2.22,97%
INGM,"Ingram Micro Holding Corp","Technology Services",29.29,+0.45%,3,Hold,"64% Buy",+48.81,+47.93%,28.35,28.37,26.25,28.21,57.58,28.65,24.31,1024127,Weakening,Average,94.78%,1.07,26.93,29.49,92%
TRST,"Trustco Bank Corp NY","Banks - Northeast",57.35,+0.39%,1,Buy,"100% Buy",+48.76,+45.85%,52.43,55.65,49.66,56.75,56.49,26.57,25.82,118036,Strengthening,Maximum,77.62%,0.92,55.26,58.23,70%
BZH,"Beazer Homes USA","Building - Residential & Comm",33.22,+0.24%,2,Buy,"100% Buy",+48.35,+30.84%,27.33,31.51,25.9,33.16,59.47,11.56,50.95,555308,Average,Maximum,36.93%,0.96,32.51,33.81,55%
DHX,"Dice Holdings","Internet - Content",4.1,-7.87%,7,Buy,"88% Buy",+48.35,+51.85%,3.61,3.98,3.21,4.11,50.35,32.57,151.58,352194,Weakening,Strong,79.10%,1.19,3.72,4.49,49%
IRON,"Disc Medicine Inc","Medical - Biomedical",82.55,-0.15%,8,Buy,"88% Buy",+47.99,+37.70%,72.53,76.67,70.72,79.58,63.21,18.42,-8.99,576796,Strengthening,Average,88.28%,0.59,75.94,83.22,91%
ZURA,"Zura Bio Ltd","Medical - Biomedical",5.85,-2.34%,8,Buy,"72% Buy",+47.82,+170.83%,5.04,5.37,5.45,5.77,53.73,151.55,-1.3,827771,Weakening,Soft,38.62%,0.82,5.32,6.23,58%
ACNB,"Acnb Corp","Banks - Southwest",64.52,+0.31%,2,Buy,"100% Buy",+47.68,+40.11%,57.43,61.95,54.75,64.46,57.22,20.83,20.5,52990,Average,Maximum,68.97%,0.58,63.41,65.51,53%
PSTL,"Postal Realty Trust Cl A","REIT - Equity Trust Other",23.39,-1.81%,1,Hold,"64% Buy",+47.67,+49.94%,22.92,23.59,21.62,23.02,52.39,30.66,31.98,286722,Weakest,Average,78.08%,1.07,22.38,23.66,79%
MD,"Pediatrix Medical Group Inc","Medical Services",26.8,-0.56%,4,Hold,"96% Buy",+47.54,+56.00%,24.27,25.94,23,26.4,55.49,36.72,12.35,840109,Average,Good,81.75%,0.66,25.43,27.37,71%
HG,"Hamilton Insurance Group Ltd Cl B","Insurance - Multi Line",35.27,+0.54%,1,Hold,"96% Buy",+47.19,+45.38%,32.93,34.66,31.77,35.25,52.51,26.1,13.48,492746,Strengthening,Strong,56.62%,0.61,34.52,35.99,51%
NSP,"Insperity Inc",Staffing,51.81,-0.19%,2,Buy,"88% Buy",+47.07,-5.89%,39.99,47.96,36.15,51.91,53.91,-25.17,20.87,934942,Average,Strong,57.00%,0.33,49.99,53.82,47%
KINS,"Kingstone Cos Inc","Insurance - Proprty & Casualty",20.09,-0.35%,4,Hold,"96% Buy",+46.82,+51.17%,17.72,19.46,16.97,19.84,55.26,31.89,6.43,129290,Strengthening,Strong,72.96%,0.56,18.98,20.71,64%
UNFI,"United Nat Foods","Food - Misc & Diversified",47.26,-1.50%,3,Sell,"8% Sell",+46.51,+71.73%,49.15,48.49,46.07,47.81,45.82,52.45,27.42,741825,Average,Weak,56.36%,0.68,45.9,49.72,36%
EPC,"Edgewell Personal Care","Consumer Prdts - Misc Staple",28.67,+0.07%,3,Hold,"96% Buy",+46.20,+21.95%,24.04,27.48,22.94,28.36,55.18,2.67,55.21,780909,Strengthening,Strong,59.61%,0.47,27.41,29.31,66%
STNG,"Scorpio Tankers Inc","Transportation - Ship",77.44,+3.46%,2,Hold,"48% Buy",+45.70,+55.60%,77.86,77.07,75.45,77.33,49.85,36.32,39.41,1020282,Weakening,Weak,38.31%,0.62,73.92,80.75,52%
XENE,"Xenon Pharmaceuticals Inc","Medical - Biomedical",61.93,-2.92%,1,Sell,"40% Buy",+45.60,+59.33%,59.08,62.89,55.39,62.78,47.67,40.05,25.23,1169916,Weakening,Average,43.23%,0.48,59.79,65.76,36%
WBI,"Waterbridge Infrastructure Llc Cl A","Real Estate Operations",32.69,+3.42%,4,Sell,"56% Buy",+45.52,N/A,30.88,32.78,28.83,32.31,52.12,N/A,50.43,846941,Weakening,Good,52.13%,0.23,30.67,33.96,61%
SNDR,"Schneider National Inc","Transportation - Services",35.24,+0.06%,3,Sell,"40% Buy",+45.34,+41.30%,34.23,36.09,31.91,35.52,47.07,22.02,19.89,976050,Weakening,Average,30.60%,0.48,34.39,36.64,38%
GPRK,"Geopark Hlds Lmtd","Oil - US Exploration & Product",9.85,+1.44%,5,Sell,"40% Buy",+45.33,+52.71%,9.73,9.63,9.4,9.57,55.17,33.43,19.99,714936,Weakening,Weak,74.65%,0.71,9.21,9.93,89%
FVR,"Frontview REIT Inc","REIT - Equity Trust Other",19.7,+0.36%,1,Sell,"40% Buy",+45.19,+46.80%,19.09,20.36,18.11,19.83,44.04,27.52,20.53,162697,Weakest,Average,63.88%,0.44,19.31,20.35,37%
AVBC,"Avidia Bancorp Inc","Banks - Northeast",22.16,+0.64%,1,Buy,"100% Buy",+44.45,+45.22%,20.54,21.17,20,21.86,57.85,25.94,18.89,92019,Strongest,Strong,73.76%,0.86,21.18,22.54,72%
PLBC,"Plumas Bancorp","Banks - West",61.19,+0.21%,4,Hold,"80% Buy",+44.33,+41.61%,56.31,60.22,54.35,61.74,49.83,22.33,23.98,43166,Average,Strong,27.61%,0.9,60.24,63.25,32%
VOYA,"VOYA Financial Inc","Insurance - Life",101.16,-0.37%,9,Buy,"100% Buy",+44.21,+33.44%,89.02,97.44,82.99,99.99,58.2,14.16,22.86,1060179,Strengthening,Maximum,67.11%,0.96,97.47,102.51,73%
FNWB,"First Nw Banc","Banks - West",11.14,+0.63%,2,Sell,"40% Buy",+44.20,+46.39%,10.59,11.23,10.26,11.2,46.07,27.11,5.82,34770,Average,Average,25.55%,1.26,10.87,11.52,41%
CPAC,"Cementos Pacasmayo S.A.A ADR","Building - CMT & CNT & AG",12.36,-0.88%,3,Buy,"100% Buy",+44.15,+95.57%,11.27,11.9,11.02,11.92,63.44,76.29,5.68,59321,Strongest,Average,83.09%,0.5,11.52,12.31,106%
ACOG,"Alpha Cognition Inc","Medical - Biomedical",9.73,+3.45%,5,Buy,"100% Buy",+44.13,+18.14%,7.23,8.29,6.69,9.02,63.58,-1.14,36.83,77161,Strengthening,Maximum,73.80%,1.37,8.1,9.94,89%
CZFS,"Citizens Fincl Svcs","Banks - Northeast",81.15,+0.58%,7,Buy,"88% Buy",+44.13,+30.61%,70.64,75.88,67.8,81.18,56.41,11.33,29.38,13804,Strongest,Maximum,41.39%,0.95,77.87,84.49,50%
BBIO,"Bridgebio Pharma Inc","Medical - Generic Drugs",78.68,-0.87%,4,Sell,"56% Buy",+44.06,+58.66%,74.8,79.68,73.66,81.77,41.97,39.38,-10.08,2756070,Weakest,Soft,11.95%,0.31,78.2,85.35,7%
ADI,"Analog Devices","Semi Analog & Mixed",374.52,+0.73%,10,Sell,"8% Sell",+43.94,+46.58%,391.13,384.96,369.01,377.67,47.01,27.3,25.16,4156897,Weakest,Weak,31.72%,0.87,362.42,392.92,40%
MPWR,"Monolithic Power Sys","Semi Analog & Mixed",1311.08,+0.55%,4,Sell,"24% Sell",+43.58,+51.34%,1446.14,1357.33,1338.25,1353.23,45.66,32.06,31.71,728474,Weakest,Minimum,24.26%,0.48,1263.19,1443.27,27%
KARO,"KaroOOOO Ltd","Internet - Software",67.09,+4.37%,5,Buy,"100% Buy",+43.43,+29.98%,54.16,59.49,52.09,63.77,66.54,10.7,34.51,73932,Strongest,Maximum,85.90%,0.85,61.18,66.37,114%
ALLO,"Allogene Therapeutics Inc","Medical - Biomedical",2.09,+2.45%,8,Buy,"32% Buy",+43.02,+80.17%,2.09,1.99,2.12,2.04,53.3,60.89,39.61,7054046,Average,Minimum,58.06%,0.64,1.85,2.22,64%
OBT,"Orange County Bancor","Banks - Northeast",37.95,+0.34%,6,Hold,"80% Buy",+43.00,+42.45%,36.15,37.72,34.95,38.44,48.52,23.17,19.98,55707,Average,Strong,22.34%,0.44,37.56,39.32,22%
CTW,"Ctw Cl A",Gaming,2.67,-6.64%,6,Buy,"96% Buy",+42.82,+20.27%,2.52,2.52,2.26,2.61,52.74,0.99,41.4,61713,Average,Good,73.29%,1.77,2.31,2.91,60%
IEX,"Idex Corp","Machinery - General Industrial",233.98,-0.39%,2,Buy,"88% Buy",+42.69,+40.88%,219.48,228.6,212.82,235.27,52.77,21.6,18.55,728146,Weakening,Strong,29.09%,0.93,229.48,241.05,39%
WST,"West Pharmaceutical Services","Medical - Dental Suppliers",346.09,-1.09%,9,Sell,"56% Buy",+42.65,+40.70%,325.9,349.36,298.36,349.67,46.74,21.42,12.85,825946,Weakest,Strong,27.87%,0.5,343.11,356.22,23%
BMHL,"Bluemount Holdings Limited Cl B","Finance - Misc Services",5.94,+1.61%,6,Buy,"100% Buy",+42.14,+52.41%,4.71,5.68,4.34,5.75,58.64,33.13,65.56,4906,Strongest,Strong,90.19%,0.15,5.51,5.99,91%
SNDA,"Sonida Senior Living Inc","Medical Services",39,-1.69%,3,Buy,"56% Buy",+41.94,+48.97%,37.79,39.91,36.46,39.8,46.09,29.69,6.66,415982,Weakest,Good,28.17%,0.67,38.14,41.45,26%
SCHL,"Scholastic Corp","Publishing - Books",39.11,-2.10%,6,Sell,"8% Sell",+41.79,+51.18%,42,43.34,39.73,41.18,37.08,31.9,19.05,425485,Average,Minimum,12.75%,0.61,39.02,43.35,2%
WEST,"Westrock Coffee Company","Beverages - Soft",8.06,-0.98%,7,Buy,"72% Buy",+41.78,+40.91%,7.55,8.08,6.53,8.24,47.48,21.63,85.09,528126,Weakest,Average,55.93%,0.64,7.97,8.52,17%
MS,"Morgan Stanley","Finance - Investment Brokers",214.86,+0.36%,5,Sell,"40% Buy",+41.73,+43.83%,206.4,216.71,194.05,215.11,49.85,24.55,8.09,6171893,Weakening,Average,53.93%,0.72,209.51,220.72,48%
SBFG,"Sb Financial Group","Banks - Northeast",27.87,+1.16%,4,Buy,"100% Buy",+41.67,+31.46%,24.07,26.14,23.06,27,59.44,12.18,12.21,19958,Strongest,Maximum,59.79%,0.22,25.99,28,93%
WSBF,"Waterstone Financial","Finance - Savings & Loan",21.07,+0.33%,7,Buy,"100% Buy",+41.58,+44.51%,19.4,20.34,18.92,20.98,57.99,25.23,14.37,60458,Strengthening,Maximum,58.70%,0.51,20.56,21.4,61%
LAUR,"Laureate Education Inc",Schools,39.04,+0.96%,3,Buy,"100% Buy",+40.78,+42.79%,35.45,37.7,34.98,37.8,60.68,23.51,3.01,1343446,Strongest,Strong,89.30%,0.49,36.63,38.97,103%
SVRA,"Savara Inc","Medical - Drugs",5.49,-2.14%,4,Sell,"8% Sell",+40.69,+66.87%,5.48,5.69,5.48,5.53,47.7,47.59,-21.9,1923145,Weakening,Minimum,50.36%,0.85,5.23,5.83,43%
ASH,"Ashland Inc","Chemical - Specialty",73.94,-0.51%,3,Buy,"100% Buy",+40.63,+30.82%,63.25,69.48,61.52,73.53,59.14,11.54,13.09,837930,Average,Maximum,40.52%,0.45,71.15,75.9,59%
SOTK,"Sono-Tek Corp","Electronics - Semiconductors",5.03,-0.59%,8,Sell,"24% Buy",+40.61,+50.15%,5.07,5.32,4.75,5.25,42.44,30.87,8.85,32462,Weakest,Average,15.69%,0.75,5.01,5.49,4%
TSBK,"Timberland Bancorp","Finance - Savings & Loan",46.24,+0.15%,10,Buy,"100% Buy",+40.61,+38.57%,42.81,44.66,41.45,45.8,57.69,19.29,16.22,28962,Strongest,Maximum,34.35%,0.63,44.66,46.94,69%
UBS,"UBS Group Ag ADR","Banks - Foreign",54.36,-0.29%,7,Buy,"100% Buy",+40.37,+35.36%,48.72,52.33,46.25,53.55,61.25,16.08,4.44,2246066,Strengthening,Maximum,87.05%,0.8,52.54,54.55,91%
PFIS,"Peoples Finl Svcs Company","Banks - Northeast",69.51,-0.56%,2,Hold,"80% Buy",+40.25,+29.48%,63.58,68.57,60.29,70.64,47.98,10.2,29.76,47196,Weakening,Strong,32.17%,0.54,69.1,72.19,13%
FRST,"Primis Financial Corp","Finance - Misc Services",15.93,-1.12%,8,Buy,"72% Buy",+40.05,+41.98%,15.24,16.04,14.63,16.31,44.05,22.7,1.58,165206,Weakest,Strong,15.83%,0.51,15.87,16.74,7%
FVCB,"Fvcbankcorp Inc","Banks - Southeast",18.32,+0.99%,4,Hold,"80% Buy",+39.68,+34.31%,16.89,18,16.35,18.63,49.17,15.03,18.76,110271,Weakening,Strong,29.22%,0.48,18.18,19.07,15%
CASS,"Cass Information Sys","Computer - Services",56.83,-0.40%,8,Buy,"88% Buy",+39.49,+32.29%,50.7,54.37,48.7,57.3,54.55,13.01,23.93,82719,Weakening,Maximum,67.84%,1.32,55.98,58.62,32%
PBFS,"Pioneer Bancorp Inc","Banks - Northeast",17.72,0.00%,1,Buy,"100% Buy",+39.48,+38.33%,16.11,17.23,15.44,17.3,60.21,19.05,18.51,14705,Strengthening,Maximum,67.84%,0.53,16.95,17.65,110%
JAKK,"Jakks Pacific Inc","Toys & Game & Hobby",25.6,-0.08%,3,Buy,"88% Buy",+39.44,+41.51%,23.28,24.41,22.08,25.63,54.64,22.23,38.72,95673,Average,Maximum,70.92%,0.85,24.99,26.27,48%
EGBN,"Eagle Bancorp Inc","Banks - Northeast",27.62,-0.04%,4,Buy,"72% Buy",+39.16,+42.22%,27.21,27.81,26.7,28.09,45.75,22.94,16,339465,Weakest,Soft,21.01%,0.65,27.27,28.92,21%
FCEL,"Fuelcell Energy Inc","Other Alt Energy",19.32,+1.31%,4,Sell,"40% Buy",+38.70,+343.12%,18.66,22.02,14.96,20.47,46.23,323.84,151.36,6260520,Weakening,Average,25.80%,0.35,17.95,22.99,27%
LXP,"Lxp Industrial Trust","REIT - Equity Trust Resident",61.06,+0.11%,5,Buy,"100% Buy",+38.70,+34.35%,54.84,58.37,52.69,60.73,68.83,15.07,10.21,622541,Average,Maximum,75.93%,0.62,60.34,61.13,92%
ENTA,"Enanta Pharmaceutica","Medical - Biomedical",13.8,-2.47%,8,Buy,"24% Buy",+38.66,+61.78%,13.47,13.52,13.45,13.45,54.5,42.5,-25.43,227236,Weakest,Minimum,57.72%,1.27,12.63,14.27,71%
PDLB,"Ponce Financial Group Inc","Finance - Misc Services",20.31,+1.20%,6,Hold,"80% Buy",+38.49,+36.40%,19.12,20.12,18.27,20.4,50.84,17.12,11.28,75357,Average,Strong,28.93%,0.78,19.91,20.88,41%
ESP,"Espey Mfg. & Electronics","Electronics - Military",63.31,+0.59%,9,Buy,"88% Buy",+38.29,+34.62%,62.61,61.71,60.52,62.92,53.54,15.34,21.39,31267,Strengthening,Soft,28.84%,0.22,59.76,66.07,56%
WASH,"Washington TR Bncorp","Banks - Northeast",39.84,+0.28%,6,Buy,"100% Buy",+37.87,+30.45%,35.42,37.84,34.88,39.53,58.98,11.17,21.88,159400,Strongest,Maximum,65.87%,0.61,38.58,40.49,66%
BSAC,"Banco Santander Chile ADR","Banks - Foreign",34.89,-1.19%,8,Buy,"88% Buy",+37.77,+47.15%,33.1,33.94,33.41,34.98,51.82,27.87,-0.79,368419,Weakening,Soft,64.84%,0.67,33.87,36.09,46%
KTCC,"Key Tronic Corp","Electronics Products - Misc",3.85,+3.22%,8,Sell,"40% Buy",+37.49,+29.19%,3.57,3.94,3.34,3.9,49.02,9.91,25.05,19809,Weakening,Good,18.85%,10.95,3.62,4.19,41%
PALI,"Palisade Bio Inc","Medical - Biomedical",2.11,-0.94%,7,Buy,"100% Buy",+37.39,+218.01%,1.99,2.01,1.93,2.08,53.03,198.73,-23.15,3911170,Strongest,Weak,56.79%,0.3,1.93,2.22,61%
GS,"Goldman Sachs Group","Finance - Investment Brokers",1040.87,+0.04%,3,Sell,"56% Buy",+37.36,+38.84%,1008.48,1051.61,964.09,1037.52,49.97,19.56,5.48,2198190,Weakening,Average,70.76%,0.83,1011.02,1064.02,56%
RUSHB,"Rush Enterprises  Cl B","Retail - Wsale Auto & Trucks",77.2,+0.68%,3,Hold,"80% Buy",+37.19,+30.41%,72.97,76.76,69.59,78.74,47.55,11.13,24.28,64319,Weakening,Strong,17.35%,0.89,76.55,80.94,15%
FCBC,"First Community Bksh","Banks - Southeast",48.94,-0.16%,4,Buy,"100% Buy",+37.12,+28.72%,44.72,46.64,43,48.81,57.61,9.44,32.15,75132,Average,Strong,63.10%,0.43,47.71,49.9,56%
BCH,"Banco DE Chile ADR","Banks - Foreign",41.6,-0.07%,6,Buy,"88% Buy",+37.07,+46.48%,39.28,40.66,39.88,41.46,52.21,27.2,-3.47,348621,Weakening,Soft,66.29%,0.79,40.06,42.85,55%
COCO,"The Vita Coco Company Inc","Beverages - Soft",61.63,-1.86%,2,Sell,"8% Sell",+36.29,+77.86%,68.02,69.52,63.5,64.28,38.54,58.58,3.32,1110762,Weakening,Minimum,31.91%,0.86,61.38,67.17,4%
EQIX,"Equinix Inc","REIT - Equity Trust Retail",1076.45,-0.29%,4,Buy,"88% Buy",+36.20,+36.16%,1062.06,1053.29,1016.05,1063.36,54.21,16.88,27.56,597026,Average,Average,59.74%,0.84,1019.76,1106.97,65%
SFST,"Southern First Bancs","Banks - Southeast",62.19,+0.36%,5,Hold,"80% Buy",+36.15,+37.13%,59.64,61.88,58.3,63.34,46.73,17.85,7.77,100917,Weakening,Average,11.48%,0.72,61.7,64.97,15%
PEBK,"Peoples Bancorp NC","Banks - Southeast",43.34,-0.71%,7,Buy,"88% Buy",+35.66,+38.87%,42.29,43.26,40.9,43.87,46.97,19.59,6.78,27840,Weakest,Average,40.40%,0.45,42.51,45.23,31%
ARQT,"Arcutis Biotherapeutics Inc","Medical - Biomedical",24.87,-1.07%,2,Sell,"8% Buy",+35.64,+58.91%,24.69,26.7,24.73,25.84,41.22,39.63,-27.3,1692964,Weakest,Minimum,16.10%,1.3,24.49,27.19,14%
RNR,"Renaissancere Holdings Ltd","Insurance - Proprty & Casualty",330.41,-0.40%,2,Buy,"100% Buy",+35.18,+35.23%,309.38,319.72,304.65,322.52,59.97,15.95,4.58,357561,Strengthening,Strong,84.52%,0.57,313.75,331.3,95%
DCOM,"Dime Commercial Bancshares Inc","Banks - Southeast",40.4,0.00%,3,Buy,"88% Buy",+34.99,+32.03%,38.59,40.29,36.92,40.71,49.53,12.75,21.32,298494,Weakening,Strong,42.18%,0.58,39.79,41.63,33%
JOYY,"Joyy Inc ADR","Internet - Services",74.83,+0.03%,2,Buy,"100% Buy",+34.69,+39.76%,66.57,71.46,64.91,74.09,58.6,20.48,2.61,342404,Average,Strong,47.81%,1.31,72.58,75.6,74%
VRNS,"Varonis Systems Inc",Security,44.78,+8.16%,1,Hold,"80% Buy",+34.51,-23.44%,35.48,42.63,31.95,42.52,57.53,-42.72,23.58,2429273,Strongest,Good,40.45%,0.8,39.48,45.56,87%
SLAB,"Silicon Labs Inc","Semi Analog & Mixed",218.95,+0.05%,5,Buy,"100% Buy",+34.28,+56.77%,217.24,218.22,209.93,218.51,56.37,37.49,54.58,478459,Strengthening,Average,57.50%,0.55,217.6,219.42,74%
TECH,"Bio-Techne Corp","Medical - Biomedical",72.47,+0.12%,5,Buy,"100% Buy",+33.95,+28.90%,61.33,70.25,60.14,72.24,68.68,9.62,10.29,3107522,Strengthening,Strong,66.57%,0.32,71.93,72.55,87%
FXNC,"First Natl Corp Strasburg VA","Banks - Northeast",31.07,+0.58%,5,Buy,"88% Buy",+33.87,+32.44%,29.32,30.49,28.5,31.57,50.38,13.16,10.16,56674,Weakening,Strong,27.46%,0.55,30.61,32.52,24%
WSBK,"Winchester Bancorp Inc","Banks - Northeast",13.02,+0.27%,4,Hold,"72% Buy",+33.86,+38.27%,12.93,13.03,12.77,13,52.57,18.99,11.7,8966,Average,Soft,35.31%,0.85,12.97,13.04,82%
AAPL,"Apple Inc","Computer - Micro",314.58,+0.36%,2,Sell,"72% Buy",+33.84,+36.48%,299.32,311.52,286.4,309.32,52.55,17.2,2.77,49000961,Average,Average,61.25%,0.58,301.8,316.84,85%
TSHA,"Taysha Gene Therapies Inc","Medical - Generic Drugs",5.96,-1.00%,10,Buy,"56% Buy",+33.77,+100.67%,6.03,6.16,5.53,6.19,47,81.39,-4.58,2974688,Weakest,Soft,33.27%,0.66,5.71,6.66,26%
HSIC,"Henry Schein Inc","Medical - Dental Suppliers",90.28,-0.11%,4,Buy,"100% Buy",+33.75,+30.88%,80.97,86.36,79.61,89,63,11.6,6.51,1335877,Strongest,Maximum,64.70%,0.61,86.58,91.43,76%
CNI,"Canadian National Railway","Transportation - Rail",126.48,-0.83%,3,Hold,"80% Buy",+33.57,+30.06%,119.33,124.78,114.35,127.03,49.2,10.78,15.01,1529684,Weakening,Strong,43.30%,0.57,125.11,128.94,36%
FRAF,"Franklin Finl Svcs Corp","Banks - Northeast",62.07,-0.02%,4,Sell,"56% Buy",+33.53,+33.34%,60.01,62.7,56.72,62.86,45.78,14.06,10.71,40875,Weakest,Good,31.96%,0.84,61.19,64.52,26%
FBLA,"Fb Bancorp Inc","Banks - Southeast",15.74,-0.51%,3,Buy,"100% Buy",+33.15,+31.50%,14.72,15.37,14.25,15.68,55.52,12.22,9.55,115479,Average,Maximum,73.97%,2.51,15.42,15.94,61%
MRAM,"Everspin Technologies Inc","Technology Services",17.46,-0.85%,6,Hold,"16% Buy",+32.87,+173.24%,20.48,17.99,17.15,16.98,50.67,153.96,75.21,1598317,Weakest,Minimum,44.65%,0.49,14.59,19.37,60%
MYFW,"First Western Financial Inc","Banks - Midwest",30.86,+0.39%,4,Sell,"40% Buy",+32.85,+33.13%,30.03,31.88,28.36,31.43,43.05,13.85,2.17,39530,Weakest,Average,26.89%,0.43,30.49,32.37,20%
RAMP,"Liveramp Holdings Inc","Technology Services",37.75,+0.32%,4,Hold,"88% Buy",+32.85,+38.08%,35.09,37.72,32.1,37.75,52.84,18.8,15.59,1005363,Average,Strong,55.75%,0.76,37.51,37.98,51%
CDP,"Copt Defense Properties","REIT - Equity Trust Other",37.28,-0.11%,2,Hold,"96% Buy",+32.39,+29.04%,34.51,36.84,33.52,37.18,53.25,9.76,21.16,1031707,Average,Strong,71.00%,0.49,36.4,37.96,56%
DIN,"Dineequity Inc","Retail - Restaurants",33.34,-5.31%,5,Sell,"56% Buy",+32.35,+46.16%,32.22,35.22,31.81,35.3,40.53,26.88,-9.21,399225,Weakest,Weak,42.63%,0.76,33.75,36.85,-13%
TNET,"Trinet Group Inc",Outsourcing,69.53,-1.24%,3,Buy,"100% Buy",+32.34,-2.24%,51.73,61.03,48.9,68.69,58.23,-21.52,4.65,437344,Average,Strong,70.14%,0.84,65.84,71.54,65%
FNLC,"First Bancorp Inc","Banks - Northeast",34.53,+0.20%,4,Hold,"72% Buy",+32.33,+26.72%,31.81,34.53,30.56,35.15,47.11,7.44,17.66,23962,Average,Strong,24.82%,0.83,34.28,36.02,14%
CLST,"Catalyst Bancorp Inc","Banks - Southeast",17.39,0.00%,3,Buy,"100% Buy",+32.16,+35.86%,16.45,16.83,16.34,17.15,57.51,16.58,-2.53,5204,Average,Good,21.57%,2.64,16.6,17.69,72%
IRM,"Iron Mountain Inc","Business Information",122.69,+1.04%,5,Hold,"32% Buy",+32.09,+33.55%,123.36,124.24,116.37,123.82,47.75,14.27,34.97,1862573,Weakening,Soft,31.34%,0.68,118.38,129.26,40%
SLP,"Simulations Plus Inc","Computer - Software",18.42,+0.05%,8,Buy,"100% Buy",+31.91,+28.27%,16.67,18.3,15.53,18.35,65.55,8.99,-11.9,371781,Strengthening,Good,94.67%,0.36,18.26,18.44,90%
USCB,"Uscb Financial Hldgs Inc","Banks - Southeast",22.29,+0.09%,2,Buy,"88% Buy",+31.76,+28.55%,20.06,21.25,19.7,22.39,56.01,9.27,8.07,52093,Average,Maximum,23.04%,0.36,22.07,22.72,34%
LXFR,"Luxfer Holdings Plc","Machinery - General Industrial",17.15,-0.12%,2,Hold,"64% Buy",+31.73,+26.94%,16.31,17.32,15.41,17.11,51.77,7.66,13.82,195053,Weakest,Good,58.97%,1.73,17.03,17.19,77%
PAG,"Penske Automotive Group","Retail - Wsale Auto & Trucks",217.85,+0.28%,2,Buy,"100% Buy",+31.57,+15.68%,184.73,203.25,175.28,217.51,59.1,-3.6,24.69,309493,Strengthening,Maximum,56.87%,0.65,215.23,219.8,57%
CURB,"Curbline Properties Corp","REIT - Equity Trust Retail",29.87,-0.83%,1,Sell,"40% Buy",+31.31,+31.35%,29.37,30.46,28.3,29.94,46.45,12.07,15.75,970865,Weakest,Average,53.58%,0.6,29.35,30.52,44%
CMT,"Core Molding Technologies Inc","Rubber & Plastics",25,-0.95%,6,Buy,"72% Buy",+31.20,+30.48%,24.67,24.43,23.11,25.29,49.02,11.2,11.75,27733,Weakening,Average,25.56%,0.45,23.73,26.86,41%
BPRN,"Princeton Bancorp Inc","Banks - Northeast",42.22,-0.17%,1,Buy,"88% Buy",+29.83,+24.29%,37.83,40.13,36.83,42.47,56.08,5.01,8.77,14665,Average,Maximum,45.85%,0.69,41.44,43.49,38%
ESEA,"Euroseas Ltd","Transportation - Ship",76.44,+2.70%,4,Buy,"100% Buy",+29.81,+22.95%,70.83,72.62,67.91,75.53,54.58,3.67,27.06,57786,Average,Strong,59.74%,0.48,71.97,79.08,63%
CZNC,"Citizens Nrthn Corp","Banks - Northeast",25.49,+0.51%,5,Buy,"88% Buy",+29.79,+25.94%,23.11,24.23,22.93,25.63,55.69,6.66,13.44,56574,Average,Maximum,54.26%,0.84,25.05,26.21,38%
BSRR,"Sierra Bancorp","Banks - West",39.83,+0.86%,2,Sell,"40% Buy",+29.70,+28.77%,39.1,40.72,37.75,40.3,43.7,9.49,8.94,59917,Weakening,Average,15.02%,0.63,39.25,41.36,28%
MCY,"Mercury General Corp","Insurance - Proprty & Casualty",102.64,-2.31%,2,Sell,"40% Buy",+29.05,+32.23%,102.3,106.7,97.95,106.06,40.61,12.95,-3.82,257676,Weakest,Soft,26.70%,0.98,102.72,109.39,-1%
TTRX,"Turn Therapeutics Inc","Medical - Biomedical",10.11,+4.98%,8,Buy,"100% Buy",+28.98,N/A,6.57,8.72,5.6,9.69,58.42,N/A,143.66,57518,"Top 1%",Maximum,44.81%,0.57,8.73,10.65,72%
FUSB,"First US Bancshares Inc","Banks - Southeast",16.35,-0.85%,2,Sell,"40% Buy",+28.69,+51.25%,16.23,16.53,15.84,16.5,46.52,31.97,4.1,9748,Weakest,Soft,53.62%,0.26,16.21,16.8,24%
ARTV,"Artiva Biotherapeutics Inc","Medical - Biomedical",11.94,+1.44%,7,Buy,"100% Buy",+28.34,+265.14%,9.76,10.36,8.23,11.39,61.7,245.86,165.38,602836,"Top 1%",Strong,75.09%,0.5,10.54,12.25,82%
NWFL,"Norwood Financial Corp","Banks - Northeast",34.03,+1.31%,3,Buy,"88% Buy",+28.25,+28.51%,31.56,32.69,30.96,34.03,55.92,9.23,8.38,31573,Strengthening,Strong,47.27%,0.85,33.48,34.59,50%
PCB,"Pcb Bancorp","Banks - Southwest",27.52,-0.24%,3,Sell,"40% Buy",+28.04,+24.60%,26.38,28.25,25.08,27.95,43.5,5.32,14.2,29393,Weakest,Average,17.52%,0.4,27.28,28.61,18%
LARK,"Landmark Bancorp Inc","Finance - Savings & Loan",31.66,-0.92%,2,Buy,"88% Buy",+27.81,+24.46%,29.47,31.25,28.5,31.97,48.79,5.18,7.95,9199,Weakening,Strong,56.59%,0.94,31.36,32.58,25%
HELE,"Helen of Troy Ltd","Cosmetics & Toiletries",28.92,-0.75%,5,Hold,"80% Buy",+27.77,+15.40%,25.85,28.19,22.79,28.95,51.63,-3.88,23.15,670245,Average,Good,52.38%,0.59,27.52,30.39,49%
ISTR,"Investar Holding","Banks - Southeast",30.26,+0.67%,3,Hold,"80% Buy",+27.70,+30.04%,29.17,29.92,28.84,30.35,51.41,10.76,0.31,131646,Weakening,Average,38.98%,0.46,29.67,31.03,43%
BCAL,"California Bancorp","Banks - Southwest",21.34,-0.09%,4,Hold,"80% Buy",+27.67,+25.97%,19.97,21.06,19.38,21.43,51.41,6.69,1.36,209720,Weakening,Strong,47.18%,0.48,21.08,21.79,37%
LSBK,"Lake Shore Bancorp","Finance - Savings & Loan",17.17,-0.17%,2,Buy,"96% Buy",+27.49,+30.27%,16.46,17.11,16.09,17.17,52.2,10.99,4.18,10481,Average,Strong,69.33%,0.26,17.05,17.3,49%
AGL,"Agilon Health Inc","Medical Services",94.18,-1.63%,3,Sell,"56% Buy",+27.43,+189.78%,82.54,104.54,59.71,94.05,46.99,170.5,434.06,355946,Weakest,Average,52.52%,0.51,84.69,103.41,51%
BVFL,"Bv Financial Inc MD","Banks - Northeast",21.36,+3.24%,3,Hold,"96% Buy",+27.37,+27.52%,20.52,21.2,20.06,21.31,51.64,8.24,4.81,17750,Strengthening,Good,35.85%,1.29,20.72,21.9,54%
ADM,"Archer Daniels Midland","Agriculture Operations",79.1,-1.24%,1,Sell,"40% Buy",+27.25,+26.14%,78.17,80.04,75.15,79.66,46.11,6.86,24.65,3648000,Weakest,Average,45.41%,0.73,76.74,82.58,40%
AVTX,"Avalo Therapeutics Inc","Medical - Drugs",20.05,-2.43%,6,Buy,"100% Buy",+27.18,+107.77%,17.13,18.82,16.6,19.41,55.2,88.49,-2.53,1009148,Strongest,Average,70.73%,0.33,17.96,20.86,72%
CQP,"Cheniere Energy Partners LP","Other Alt Energy",68.36,-0.26%,9,Buy,"100% Buy",+26.97,+25.57%,63.83,64.41,63.06,67.34,56.18,6.29,14.88,116842,Strongest,Strong,77.85%,0.58,64.62,70.07,69%
ADUR,"Aduro Clean Technologies Inc","Technology Services",15.09,-2.20%,11,Buy,"88% Buy",+26.74,+29.64%,14.23,14.94,13.29,15.53,48.63,10.36,32.72,441778,Average,Average,23.39%,1.04,14.38,16.67,31%
ASND,"Ascendis Pharma ADR","Medical - Biomedical",249.36,-0.36%,3,Sell,"40% Buy",+26.41,+29.20%,243.06,254.53,237.87,250.52,46.84,9.92,4,680797,Weakest,Average,48.77%,0.28,241.42,259.61,44%
CENT,"Central Garden","Consumer Prdts - Misc Discr",43.7,-1.09%,3,Buy,"72% Buy",+26.38,+20.82%,41.18,43.8,39.71,44.17,48.15,1.54,22.99,84367,Weakest,Strong,39.35%,1.08,42.81,45.54,33%
HNVR,"Hanover Bancorp Inc","Banks - Northeast",27.05,+0.41%,10,Buy,"88% Buy",+26.36,+20.97%,24.17,25.34,23.44,27.1,58.42,1.69,4.11,31698,Strengthening,Maximum,29.71%,0.74,26.44,27.75,46%
ECBK,"ECB Bancorp Inc","Banks - Northeast",20.73,+1.42%,5,Buy,"100% Buy",+26.29,+20.95%,19.31,20.28,18.64,20.62,54.63,1.67,6.27,11259,Average,Maximum,68.40%,0.63,20.22,21.03,63%
TEX,"Terex Corp","Machinery - Construct & Mining",64.54,-1.25%,1,Sell,"40% Buy",+26.26,+22.72%,64.1,66.83,63.57,65.85,45.77,3.44,7.97,1455339,Weakest,Soft,24.86%,0.56,63.02,68.67,27%
BHB,"Bar Harbor Bankshares","Banks - Northeast",39.24,-0.18%,3,Hold,"80% Buy",+26.14,+21.37%,36.81,38.76,35.59,39.95,47.71,2.09,13.44,107032,Weakening,Strong,26.70%,0.64,38.93,40.97,15%
MBWM,"Mercantile Bank Corp","Banks - Midwest",59.74,-0.23%,3,Hold,"80% Buy",+26.05,+19.92%,55.49,58.68,54.26,60.68,49.34,0.64,11.27,112091,Weakening,Strong,33.68%,0.52,59.21,62.16,18%
TBPH,"Theravance Bio Ord","Medical - Drugs",17.04,+0.06%,12,Buy,"32% Buy",+25.99,+23.48%,16.73,16.94,16.84,16.95,61.92,4.2,-21.87,570041,Weakest,Minimum,76.34%,0.68,16.84,17.05,93%
NVST,"Envista Holdings Corp","Medical Products",27.44,-1.29%,4,Hold,"80% Buy",+25.91,+29.19%,26.04,27.04,26.21,27.78,50.18,9.91,13.45,2764598,Weakening,Average,38.36%,0.52,26.81,28.75,33%
AVBH,"Avidbank Holdings Inc","Banks - West",31.86,+0.35%,3,Sell,"56% Buy",+25.84,+28.00%,31.32,32.42,30.45,32.44,40.51,8.72,7.01,89439,Weakening,Average,13.77%,0.52,31.7,33.18,11%
COSO,"Coastalsouth Bancshares Inc","Banks - Southeast",27.34,-0.04%,6,Hold,"80% Buy",+25.81,+25.76%,26.41,27.13,25.78,27.56,49.4,6.48,4.65,92070,Weakest,Strong,41.92%,0.65,26.99,28.12,31%
KFY,"Korn/Ferry International",Staffing,84.65,+0.79%,4,Buy,"100% Buy",+25.67,+12.73%,72.82,78.2,69.75,83.8,61.46,-6.55,15.28,500586,Strengthening,Maximum,61.21%,0.48,82.2,85.4,77%
IDT,"IDT Corp","Diversified Comm Services",68.85,-0.36%,4,Buy,"100% Buy",+25.59,+8.53%,57.86,63.07,54.92,66.8,66.72,-10.75,21.51,171609,Strengthening,Maximum,88.63%,0.69,64.23,69.37,90%
NKTR,"Nektar Therapeutics","Medical - Drugs",74.55,+1.06%,7,Buy,"88% Buy",+25.52,+154.61%,72.54,70.5,69.37,74.01,55.05,135.33,63.38,986880,Strengthening,Soft,58.56%,0.38,70.81,77.21,58%
ALLT,"Allot Communications","Internet - Software",7.93,+3.66%,4,Sell,"8% Buy",+25.21,+2.45%,7.66,7.9,7.84,7.75,53.59,-16.83,-32.27,425982,Average,Minimum,36.99%,0.46,7.37,8.12,74%
PINE,"Alpine Income Property Trust Inc","REIT - Equity Trust Other",19.64,-0.25%,2,Sell,"16% Buy",+25.12,+29.13%,19.78,20.19,19.5,19.79,43.99,9.85,4.52,171465,Weakening,Weak,45.19%,0.51,19.34,20.23,33%
ADAG,"Adagene Inc ADR","Medical - Biomedical",3.9,+1.30%,5,Buy,"88% Buy",+25.11,+78.08%,3.78,3.87,3.62,3.91,51.15,58.8,93.41,223275,Strengthening,Average,38.55%,1,3.56,4.27,49%
CTO,"Cto Realty Growth Inc","REIT - Equity Trust Other",21.44,-1.24%,2,Sell,"56% Buy",+25.01,+25.09%,20.95,21.71,20.22,21.84,41.66,5.81,3.52,312481,Weakest,Good,45.57%,0.77,21.49,22.19,-7%
MVBF,"Mvb Financial Corp","Banks - Northeast",30.2,+0.83%,2,Hold,"80% Buy",+24.96,+26.20%,27.94,29.53,27.54,30.41,52.04,6.92,3.98,49089,Average,Strong,32.81%,0.76,29.76,31.06,34%
AFRI,"Forafric Global Plc","Agriculture Operations",10.91,+1.68%,4,Buy,"100% Buy",+24.50,+24.40%,10.23,10.5,10.08,10.72,55.02,5.12,-14.03,16108,Strongest,Average,37.61%,0.35,10.32,11.12,74%
SBUX,"Starbucks Corp","Retail - Restaurants",107.26,-1.13%,4,Buy,"100% Buy",+24.23,+22.36%,102.92,104.86,100.47,106.27,53.88,3.08,14.43,8287638,Strengthening,Strong,55.73%,0.89,103.24,109.29,66%
CACC,"Credit Acceptance","Finance - Consumer Loans",600.48,+1.15%,6,Sell,"72% Buy",+24.19,+17.68%,564.69,600.25,533.82,585.25,55.45,-1.6,22.47,163436,Average,Good,76.68%,0.73,563.56,606.95,85%
IOT,"Samsara Inc Cl A","Internet - Software",41.87,+5.10%,6,Buy,"100% Buy",+23.98,+17.45%,33.74,36.62,32.39,39.46,61.51,-1.83,5.17,6620500,"Top 1%",Strong,57.11%,0.96,37.16,41.76,102%
MCRI,"Monarch Casino",Gaming,123.62,-0.48%,4,Sell,"40% Buy",+23.90,+17.19%,120.11,125.08,112.04,123.74,49.26,-2.09,16.23,130514,Weakest,Average,50.91%,1.35,121.16,126.33,48%
WULF,"Terawulf Inc","Finance - Misc Services",16.49,+3.26%,5,Sell,"56% Sell",+23.87,+80.61%,21.34,19.92,19.31,16.85,45.22,61.33,30.58,32414404,Weakening,Soft,39.42%,0.79,14.83,18.88,41%
BBCP,"Concrete Pumping Holdings Inc","Waste Removal Svcs",9.43,-1.46%,1,Sell,"40% Buy",+23.77,+32.26%,9.25,10.33,8.38,9.5,44.06,12.98,27.6,179370,Weakest,Average,61.49%,1.31,9.02,9.98,43%
LCNB,"Lcnb Corp","Banks - Northeast",19.34,+0.83%,1,Hold,"80% Buy",+23.76,+20.72%,17.76,18.98,17.43,19.75,47.93,1.44,5.06,30036,Average,Strong,23.82%,0.74,19.18,20.31,14%
SON,"Sonoco Products","Containers - Paper Products",56.71,-1.46%,1,Hold,"80% Buy",+23.52,+21.23%,53.51,56.25,53.29,57.73,47.44,1.95,17.01,1116519,Weakening,Good,28.61%,0.68,56.18,59.28,17%
ZD,"Ziff Davis Inc","Internet - Software",55.82,+0.38%,5,Buy,"100% Buy",+23.26,+47.71%,48.76,52.67,44.92,54.65,58.24,28.43,45.87,756997,Strongest,Maximum,64.78%,0.49,52.09,57.21,73%
FCCO,"First Community Corp","Banks - Southeast",33.4,+0.27%,2,Hold,"80% Buy",+23.22,+22.39%,31.88,33.32,31,34.08,45.99,3.11,-0.29,67835,Weakening,Strong,34.75%,0.99,33.31,34.85,6%
VMI,"Valmont Industries","Steel - Pipe & Tube",480.53,+0.74%,4,Sell,"8% Sell",+23.19,+28.37%,506.95,517.7,483.49,488.98,42.34,9.09,6.5,190512,Weakest,Minimum,15.86%,0.72,472.37,505.59,25%
RSVR,"Reservoir Media Inc","Media Conglomerates",9.75,-1.27%,1,Sell,"8% Buy",+22.98,+24.20%,10.14,10.16,9.63,9.95,41.61,4.92,15.86,75044,Weakening,Weak,42.13%,0.56,9.61,10.3,21%
ENIC,"Enersis Chile S.A. ADR","Utility - Electric Power",4.44,-0.67%,4,Buy,"72% Buy",+22.96,+27.95%,4.42,4.45,4.33,4.49,48.02,8.67,-2.49,589417,Weakest,Soft,52.81%,0.59,4.38,4.6,28%
IART,"Integra Lifesciences","Medical Instruments",16.85,-0.18%,1,Sell,"40% Buy",+22.89,+13.32%,15.73,17.92,13.96,17.29,43.68,-5.96,22.73,868862,Weakest,Average,19.96%,0.51,16.26,18.33,29%
MCBS,"Metrocity Bankshares Inc","Banks - Southeast",35.15,-0.27%,5,Sell,"56% Buy",+22.88,+16.68%,34.01,35.66,32.2,35.7,44.11,-2.6,19.48,81167,Weakest,Good,18.58%,0.83,34.98,36.41,11%
NREF,"Nexpoint Real Estate Finance Inc","REIT - Mortgage Trusts",17.38,+1.11%,6,Buy,"100% Buy",+22.71,+15.33%,15.72,16.53,15.23,17.2,55.18,-3.95,10.5,57268,Strengthening,Maximum,45.34%,0.89,16.53,17.88,63%
CCEP,"Coca-Cola Europacific Partners Plc","Beverages - Soft",107.32,-1.53%,1,Buy,"88% Buy",+22.54,+21.22%,100.24,105.67,99.5,107.73,50.36,1.94,5.38,1797182,Weakening,Strong,69.17%,0.55,105.25,110.2,42%
EPD,"Enterprise Products Partners LP","Oil Gas Prod Pipeline MLP",39.05,-0.23%,2,Buy,"88% Buy",+22.10,+23.50%,37.88,37.83,37.38,38.24,59.02,4.22,8.86,3945919,Strengthening,Average,76.33%,0.68,37.42,39.07,99%
BH.A,"Biglari Holdings Inc Cl A","Retail - Restaurants",1921.09,-1.71%,5,Hold,"48% Buy",+22.01,+21.24%,1767.62,1945.72,1805.12,1949.87,47.84,1.96,-2.54,18549,Weakest,Soft,51.29%,1.09,1897.75,2001.99,22%
NGS,"Natural Gas Services Group","Oil Field Machinery & Equip",35.4,+1.90%,7,Sell,"72% Sell",+21.96,+36.00%,39.5,38.59,38.75,36.34,41.65,16.72,-7.74,119932,Average,Average,15.66%,0.55,34.21,38.47,28%
EML,"Eastern Company","Protection - Safety",26.35,+1.25%,7,Buy,"88% Buy",+21.93,+9.56%,23.39,25.15,22,25.09,62.36,-9.72,20.88,20331,Strongest,Strong,61.72%,0.25,23.86,26.31,101%
AKO.B,"Embotell Andna Sa Cl B ADR","Beverages - Soft",29.9,-0.33%,8,Buy,"72% Buy",+21.78,+24.84%,29.38,30.14,29.21,30.76,44.65,5.56,-5.77,13653,Weakening,Soft,20.44%,1.29,29.69,31.83,10%
BBT,"Beacon Financial Corporation","Banks - Northeast",31.54,-0.54%,10,Buy,"88% Buy",+21.75,+18.97%,30.36,30.9,30.17,31.83,51.55,-0.31,6.67,830340,Strengthening,Average,28.22%,0.54,31.15,32.51,29%
WRLD,"World Acceptance Corp","Finance - Consumer Loans",190.05,-0.56%,2,Hold,"64% Buy",+21.72,+10.28%,174.26,193.1,160.17,188.9,50.68,-9.,22.43,125128,Weakening,Good,68.59%,0.52,181.96,195.84,58%
KNOP,"Knot Offshore Partners LP","Transportation - Ship",10.6,-0.56%,3,Buy,"32% Buy",+21.26,+40.58%,10.6,10.47,10.52,10.61,51.08,21.3,-10.52,99007,Weakest,Minimum,53.06%,1.19,10.44,10.78,47%
CCBG,"Capital City Bank Gr","Banks - Southeast",51.18,+0.20%,2,Hold,"80% Buy",+21.20,+17.01%,48.37,50.64,46.51,51.85,48.44,-2.27,7.29,86698,Average,Strong,20.74%,0.41,50.79,52.9,18%
LAD,"Lithia Motors","Retail - Wsale Auto & Trucks",371.04,+0.24%,2,Hold,"80% Buy",+20.94,+9.14%,313.24,342.4,303.68,373.39,54.89,-10.14,-1.29,304512,Average,Strong,53.16%,0.43,361.55,385.23,40%
CNS,"Cohn & Steers Inc","Finance - Investment Mgmt",82.63,-0.84%,5,Hold,"80% Buy",+20.85,+9.63%,75.39,80.49,71.72,83.33,51.79,-9.65,18.68,338921,Weakening,Strong,49.07%,0.97,80.75,85.91,36%
AMBQ,"Ambiq Micro Inc","Electronics - Semiconductors",60.09,+1.88%,3,Sell,"8% Buy",+20.80,+50.87%,64.51,72.34,52.61,62.91,43,31.59,97.9,429128,Weakest,Weak,28.52%,0.96,56.29,69.54,29%
HWBK,"Hawthorn Bancshares","Banks - Northeast",39.1,+0.05%,6,Buy,"88% Buy",+20.70,+18.48%,37.2,39.05,36.08,39.59,48.38,-0.8,-0.84,10118,Average,Strong,28.26%,1.38,38.75,40.42,21%
VLGEA,"Village Super Mkt","Retail - Supermarket",43.51,-0.32%,4,Buy,"88% Buy",+20.64,+20.03%,43.1,42.96,41.91,43.25,52.27,0.75,9.99,51604,Weakening,Average,68.92%,2.11,41.76,44.73,59%
MRBK,"Meridian Bank","Banks - Northeast",19.35,-0.21%,2,Sell,"40% Buy",+20.59,+22.94%,19.32,19.84,19.33,19.75,40.61,3.66,-2.87,104489,Weakest,Weak,19.61%,0.68,19.3,20.2,6%
PROV,"Provident Financial","Finance - Savings & Loan",18.32,-0.11%,10,Buy,"100% Buy",+20.45,+19.19%,17.29,17.53,16.9,18.02,73.1,-0.09,2.21,8105,Strengthening,Maximum,78.61%,1.15,17.71,18.34,97%
BH,"Biglari Holdings Inc","Retail - Restaurants",379.12,-1.03%,4,Hold,"48% Buy",+20.33,+19.63%,343.41,386.85,348.32,387.71,46.37,0.35,1.11,104561,Weakening,Average,30.87%,0.74,376.73,398.69,11%
OSW,"Onespaworld Holdings Ltd","Leisure & Recreation Services",26.17,-1.13%,1,Buy,"56% Buy",+20.30,+14.15%,25.49,26.74,24.16,26.39,47.31,-5.13,13.24,894393,Weakest,Good,45.24%,0.71,25.74,27.03,33%
XYZ,"Block Inc","Internet - Software",84.85,+2.11%,5,Buy,"100% Buy",+20.14,+6.88%,74.71,79.35,69.47,81.37,61.03,-12.4,17.42,6777347,Strongest,Maximum,82.56%,1.12,77.35,85.38,93%
ALXO,"Alx Oncology Holdings Inc","Medical - Biomedical",2.05,+3.54%,4,Buy,"100% Buy",+20.11,+70.83%,1.88,1.99,1.95,2,53.56,51.55,68.48,882753,Strongest,Soft,44.79%,0.46,1.89,2.12,71%
NWL,"Newell Rubbermaid Inc","Consumer Prdts - Misc Staple",5.88,-1.34%,3,Hold,"80% Buy",+20.10,-1.18%,4.83,5.62,4.62,6.04,51.47,-20.46,45.12,8072353,Average,Strong,27.45%,0.54,5.7,6.37,26%
REX,"Rex American Resources Corp","Chemical - Specialty",40.98,-3.67%,6,Sell,"24% Sell",+20.05,+34.71%,45.62,44.47,42.94,43.45,36.9,15.43,13.85,195587,Strengthening,Weak,13.03%,0.8,41.39,45.51,-10%
CB,"Chubb Ltd","Insurance - Proprty & Casualty",338.31,-1.59%,2,Sell,"40% Buy",+20.01,+23.90%,335.65,346.49,332.3,345.64,42.09,4.62,-4.55,1733922,Weakest,Soft,19.25%,0.65,337.43,353.85,5%
IMMR,"Immersion Corp","Computers - Peripheral Equpt",7.79,+1.30%,1,Buy,"100% Buy",+19.97,+11.44%,6.69,7.1,6.53,7.58,61.74,-7.84,1.62,529855,Strongest,Maximum,73.52%,0.53,7.36,7.8,97%
NUAI,"New Era Energy & Digital Inc","Other Alt Energy",5.13,+3.85%,10,Sell,"64% Buy",+19.79,+926.00%,4.9,5.13,4.98,5.16,50.61,906.72,62.15,6525946,Strengthening,Weak,35.56%,0.54,4.69,5.63,47%
NMIH,"Nmi Holdings Inc","Insurance - Proprty & Casualty",44.8,-0.75%,3,Buy,"88% Buy",+19.59,+12.87%,40.41,42.72,39.8,44.99,55.53,-6.41,-3.11,488666,Average,Maximum,52.01%,0.85,43.95,46.02,41%
CENTA,"Central Garden & Pet","Consumer Prdts - Misc Discr",37.72,-1.20%,2,Hold,"64% Buy",+19.50,+15.49%,36.35,38.27,35.1,38.42,45.38,-3.79,16.28,317445,Weakest,Good,34.54%,0.75,37.2,39.64,21%
NWE,"Northwestern Energy Group Inc","Utility - Electric Power",71.01,-0.66%,1,Sell,"24% Buy",+19.49,+22.18%,71.09,71.15,70.04,70.5,50.95,2.9,-2.92,520458,Weakest,Minimum,59.99%,0.86,68.65,72.36,64%
NECB,"Northeast Community Bancorp","Banks - Northeast",26.37,+0.15%,1,Hold,"48% Buy",+19.37,+15.51%,25.63,26.73,25.03,26.69,45.83,-3.77,3.69,44348,Weakest,Good,31.83%,0.77,26.12,27.25,22%
VTOL,"Bristow Group Inc","Transportation - Airline",45.86,+1.80%,2,Buy,"56% Buy",+19.02,+20.49%,44.76,44.37,44.93,45.91,52.38,1.21,12.29,213663,Weakening,Weak,42.01%,0.97,44.47,47.35,48%
GNW,"Genworth Financial Inc","Insurance - Life",9.93,+0.20%,6,Buy,"100% Buy",+18.96,+14.53%,9.29,9.72,9,9.89,54.28,-4.75,-2.97,3301627,Strongest,Strong,49.33%,0.68,9.63,10.14,59%
UTMD,"Utah Medical Prod","Medical Products",71.8,+1.28%,2,Buy,"100% Buy",+18.87,+17.48%,68.19,70.02,66.79,71.43,54.23,-1.8,15.37,17559,Strengthening,Strong,46.92%,1.04,70,72.86,63%
OVLY,"Oak Valley Bancp CA","Banks - West",34.04,+0.74%,4,Buy,"88% Buy",+18.59,+19.46%,33.71,33.67,33.31,33.87,52.12,0.18,0.3,29344,Weakening,Soft,46.76%,0.49,33.07,34.67,60%
WABC,"Westamerica Bancorp","Banks - West",58.23,+0.15%,2,Sell,"40% Buy",+18.46,+15.60%,57.15,59.3,55.16,59.14,42.08,-3.68,8.8,173525,Weakening,Average,52.18%,0.58,57.51,60.77,22%
GAIN,"Gladstone Investment","Finance - SBIC & Commercial",16.4,+0.06%,6,Buy,"88% Buy",+18.42,+16.98%,15.99,16.09,15.32,16.44,51.56,-2.3,4.45,252908,Average,Good,42.00%,0.6,16.08,16.8,44%
STRW,"Strawberry Fields REIT Inc","REIT - Equity Trust Other",13.9,+1.16%,1,Hold,"96% Buy",+18.37,+16.51%,13.38,13.83,13.15,13.89,50.9,-2.77,-6.83,30947,Average,Good,61.97%,0.7,13.4,14.38,51%
CODA,"Coda Octopus Group","Electronics - Semiconductors",10.43,+2.15%,7,Buy,"40% Sell",+18.30,+35.98%,10.95,9.98,11.52,10.28,55.67,16.7,-0.79,160178,Weakest,Weak,33.40%,0.59,9.91,10.65,71%
NATL,"NCR Atleos Corporation","Internet - Software",46.01,-0.93%,3,Hold,"80% Buy",+17.90,+14.17%,45.22,45.87,44.18,46.58,44.4,-5.11,7.79,752009,Weakest,Average,24.93%,0.98,45.93,47.23,6%
WHG,"Westwood Holdings Group Inc","Finance - Investment Mgmt",19.83,-0.05%,3,Buy,"100% Buy",+17.81,+10.41%,17.93,19.36,17.53,19.42,57.59,-8.87,2.28,15991,Strongest,Strong,74.10%,0.63,18.88,19.95,89%
BKH,"Black Hills Corp","Utility - Electric Power",73.42,-0.49%,1,Sell,"8% Buy",+17.80,+21.72%,73.73,73.68,73.17,72.96,50.73,2.44,-7.18,991247,Weakest,Minimum,56.13%,0.75,71.05,74.86,62%
TEO,"Telecom Argentina Stet France Telecom ADR","Wireline Non-US",13.03,-2.47%,5,Sell,"56% Buy",+17.79,+53.84%,12.97,13.41,12.57,13.52,41.85,34.56,-0.71,330079,Weakest,Weak,26.33%,0.59,12.87,14.17,12%
LILA,"Liberty Latin America Cl A","Wireless National",8.33,-3.81%,6,Buy,"24% Buy",+17.73,+3.61%,7.85,7.73,7.88,8.47,51.44,-15.67,-0.22,464525,Weakest,Weak,67.88%,0.31,8.17,8.77,27%
MAX,"Mediaalpha Inc Cl A","Technology Services",12.57,-0.79%,3,Sell,"48% Buy",+17.62,+21.22%,11.03,12.89,10.47,12.89,45.14,1.94,-15.87,716644,Weakest,Average,31.66%,0.41,12.14,13.65,29%
PM,"Philip Morris International",Tobacco,190.48,-1.87%,1,Buy,"100% Buy",+17.55,+16.01%,180.06,186.82,178.5,189.06,51.78,-3.27,5.81,5194648,Weakening,Strong,75.84%,0.78,184.04,194.08,64%
AIRG,"Airgain Inc","Communications Components",5.26,-1.68%,3,Sell,"40% Sell",+17.55,+25.84%,6.3,5.84,5.77,5.45,38.36,6.56,16.62,76493,Average,Weak,24.05%,0.6,5.09,5.82,23%
BNED,"Barnes & Noble Education Inc C","Consumer Prdts - Misc Discr",12.23,-2.24%,1,Hold,"64% Buy",+17.43,+40.25%,11.26,12.27,10.4,12.39,49.03,20.97,20.14,324191,Weakest,Strong,54.59%,1.04,11.72,13.06,38%
WNC,"Wabash National Corp","Auto - Truck Original Parts",13.22,+5.68%,2,Hold,"80% Buy",+17.20,+15.26%,10.47,12.74,10.25,12.44,60.39,-4.02,39.89,794573,Strengthening,Strong,73.65%,0.55,11.78,13.11,108%
CHCO,"City Holding Company","Banks - Southeast",143.18,-1.04%,4,Hold,"80% Buy",+17.10,+10.23%,132.04,139.13,128.61,145.35,50.18,-9.05,7.18,112366,Weakening,Strong,31.28%,0.68,142.9,147.8,6%
DLTR,"Dollar Tree Inc","Retail - Discount",127,-3.92%,7,Buy,"72% Buy",+17.00,+12.53%,113.34,125.35,114.93,130.19,47.13,-6.75,-9.7,3281911,Weakening,Average,58.86%,1.87,125.61,134.77,15%
MPLX,"Mplx LP","Oil - Production & Pipeline",59.51,+0.32%,4,Buy,"100% Buy",+17.00,+18.92%,56.77,57.88,56.95,59.12,56.35,-0.36,-1.44,1694684,Strongest,Good,55.21%,0.71,57.89,60.35,66%
MTG,"Mgic Investment Corp","Insurance - Multi Line",31.08,-0.67%,3,Buy,"100% Buy",+16.91,+11.00%,27.97,29.36,27.47,30.78,62.32,-8.28,-6.57,1925878,Average,Maximum,77.48%,1.09,30.07,31.49,71%
LTRX,"Lantronix Inc","Computer - Networks",6.03,+6.54%,11,Buy,"8% Sell",+16.91,+62.53%,6.15,5.75,6.1,5.97,52.29,43.25,-10.04,905862,Weakest,Minimum,21.23%,2.94,5.41,6.54,55%
ARDT,"Ardent Health Inc","Medical Services",10.99,-2.14%,3,Buy,"88% Buy",+16.87,-13.53%,10.01,10.48,9.67,11.01,52.72,-32.81,11.52,501608,Average,Average,55.13%,0.75,10.45,11.57,48%
MGYR,"Magyar Bancorp Inc","Banks - Northeast",19.47,-1.07%,4,Buy,"100% Buy",+16.60,+14.06%,17.93,18.4,17.83,19.31,60.02,-5.22,-0.27,4132,Strengthening,Maximum,72.23%,1.34,18.9,19.71,70%
CPSS,"Consumer Portfol","Finance - Misc Services",9.38,-0.90%,4,Sell,"56% Buy",+16.48,+14.89%,9.34,9.39,8.95,9.35,50.62,-4.39,-12.46,21320,Weakening,Soft,49.19%,0.75,9.05,9.66,54%
RGS,"Regis Corp","Retail - Misc & Diversified",27,+0.75%,6,Sell,"8% Buy",+16.40,+19.73%,27.44,27.65,25.97,27.36,46.12,0.45,-15.64,8875,Weakest,Minimum,11.26%,1.21,26.14,28.58,35%
SNDX,"Syndax Pharma","Medical - Biomedical",20.16,+0.35%,4,Sell,"72% Sell",+16.28,+23.99%,20.77,20.86,21.23,19.82,49.76,4.71,-16.99,1651918,Weakest,Weak,60.18%,0.38,18.91,20.73,69%
BC,"Brunswick Corp","Leisure & Recreational Prdcts",77.6,-2.60%,3,Sell,"8% Buy",+16.18,+19.02%,80.39,80.91,79.91,81.01,38.96,-0.26,-8.41,811669,Weakening,Minimum,19.87%,1.16,78.22,83.79,-11%
CNX,"CNX Resources Corp","Oil - US Exploration & Product",36.11,+0.14%,10,Buy,"8% Sell",+16.06,+24.22%,35.37,34.38,36.86,35.76,57.86,4.94,-14.73,1999985,Weakest,Minimum,56.39%,0.71,34.8,36.73,68%
NODK,"Ni Holdings Inc","Insurance - Proprty & Casualty",15.25,-0.26%,1,Sell,"40% Buy",+15.99,+14.66%,14.67,15.62,14.18,15.33,46.02,-4.62,1.72,18264,Weakest,Average,20.83%,0.44,15.04,15.63,36%
LILAK,"Liberty Latin America Cl C","Wireless National",8.27,-3.50%,4,Buy,"24% Buy",+15.95,+0.61%,7.89,7.66,7.94,8.38,52.12,-18.67,-2.08,1075259,Weakest,Weak,70.34%,0.51,8.12,8.64,29%
JMSB,"John Marshall Bk Fal","Banks - Southeast",22.59,-0.44%,3,Hold,"80% Buy",+15.92,+12.33%,21.84,22.54,21.25,23.17,44.09,-6.95,0.07,33416,Weakening,Strong,22.64%,1.12,22.54,23.8,4%
MCB,"Metropolitan Bank Holding Corp","Banks - Northeast",91.68,+0.39%,5,Sell,"24% Buy",+15.80,+16.17%,92.42,94.84,90.58,92.63,44.17,-3.11,7.12,143308,Weakest,Weak,17.27%,0.81,90.27,94.99,30%
BLCO,"Bausch & Lomb Corp","Medical Services",17.13,-0.70%,7,Buy,"88% Buy",+15.72,+17.73%,16.21,16.51,16.45,16.98,56.1,-1.55,-12.65,419103,Average,Average,62.42%,1.38,16.46,17.5,64%
ETR,"Entergy Corp","Utility - Electric Power",106.49,-0.69%,1,Sell,"24% Sell",+15.65,+18.92%,111.74,111.06,108.93,107.11,43.11,-0.36,2.27,2935166,Weakest,Minimum,39.14%,0.61,105.06,109.16,35%
VABK,"Virginia Natl Bnk","Banks - Northeast",46.32,-0.13%,4,Buy,"88% Buy",+15.55,+12.15%,44.04,45.76,42.61,46.84,49.48,-7.13,3.3,7960,Weakening,Strong,22.96%,0.35,45.85,47.84,24%
OSK,"Oshkosh Truck Corp","Auto - Domestic",156.71,-0.49%,1,Hold,"80% Buy",+15.46,+9.25%,144.27,148.95,148.71,153.41,57.66,-10.03,11.8,734737,Strengthening,Soft,75.71%,0.47,145.97,160.84,72%
F,"Ford Motor Company","Auto - Domestic",13.95,+0.36%,2,Hold,"56% Buy",+15.45,+17.13%,13.8,14.1,13.5,14.1,47.15,-2.15,-6.61,57554172,Weakening,Weak,22.40%,0.75,13.61,14.59,35%
BSVN,"Bank7 Corp","Banks - Southeast",52.34,+1.06%,7,Buy,"100% Buy",+15.39,+5.02%,46.95,50.18,45.3,51.41,61.3,-14.26,14.78,17711,Strongest,Maximum,41.88%,0.58,49.87,52.96,80%
EGP,"Eastgroup Properties","REIT - Equity Trust Other",200,-0.39%,2,Sell,"8% Buy",+15.26,+18.50%,203.92,207.39,198.52,202.94,37.78,-0.78,-0.67,378042,Weakening,Weak,22.47%,0.75,198.38,207.51,18%
HCI,"HCI Group","Insurance - Proprty & Casualty",186.88,-0.11%,3,Buy,"88% Buy",+15.23,+14.10%,167.43,179.67,164.97,183.24,58.95,-5.18,-15.45,166037,Strengthening,Strong,52.08%,0.57,176.61,189.88,77%
LYV,"Live Nation Entertainment","Movie & TV Production & Dist",180.64,-1.10%,6,Buy,"72% Buy",+15.10,+9.10%,171.94,180.75,165.84,183.01,47.64,-10.18,13.82,2710747,Weakest,Strong,41.12%,0.87,177.12,188.91,30%
DLR,"Digital Realty Trust","REIT - Equity Trust Other",192.1,-0.69%,4,Buy,"72% Buy",+15.08,+13.18%,189.9,187.49,184.98,193.43,51.1,-6.1,11.23,2319826,Weakest,Average,48.42%,0.38,187.44,199.42,39%
XIFR,"Xplr Infrastructure LP","Other Alt Energy",11.79,+0.86%,1,Sell,"56% Buy",+14.97,+15.14%,11.49,11.88,11.1,11.56,52.68,-4.14,4.96,1130110,Average,Average,84.29%,0.8,11.16,11.95,79%
TFX,"Teleflex Inc","Medical Instruments",137.71,-0.74%,4,Buy,"100% Buy",+14.93,+6.34%,131.19,133.39,124.29,136.71,53.73,-12.94,-0.1,762060,Average,Strong,73.12%,0.71,131.87,141.55,60%
BKU,"BankUnited Inc","Banks - Major Regional",46.57,+0.28%,6,Sell,"8% Sell",+14.89,+18.77%,47.22,47.63,47.07,46.99,45.72,-0.51,-8.45,876779,Weakest,Minimum,19.91%,0.36,45.66,48.31,34%
MDU,"Mdu Res Group Inc","Utility - Gas Distribution",20.18,-0.54%,1,Sell,"88% Sell",+14.88,+22.67%,21.29,20.74,21.06,20.3,44.43,3.39,-9.56,1847387,Average,Soft,43.20%,0.87,19.8,20.81,38%
ERIC,"Ericsson ADR","Wireless Equipment",10.08,+0.20%,5,Sell,"88% Sell",+14.77,+27.43%,11.31,10.39,11.29,10.14,46.44,8.15,-8.48,10506806,Strengthening,Good,49.59%,1.64,9.9,10.37,38%
PBHC,"Pathfinder Bcp MD","Finance - Savings & Loan",16.32,-1.09%,6,Buy,"88% Buy",+14.72,+9.38%,14.96,16.2,14.58,16.34,51.27,-9.9,2.72,6710,Weakening,Strong,39.04%,0.73,16,16.69,47%
EG,"Everest Re Group","Insurance - Multi Line",377.66,-0.56%,1,Hold,"96% Buy",+14.57,+10.00%,355.71,368.79,346.91,370.7,55.99,-9.28,-1.65,374339,Strengthening,Strong,88.40%,0.7,361.52,379.88,88%
OKUR,"Onkure Therapeutics Inc","Medical - Biomedical",3.83,+0.79%,2,Sell,"24% Sell",+14.55,+36.79%,4.22,4.17,3.88,4,40.5,17.51,19.13,230493,Weakening,Minimum,17.59%,0.36,3.75,4.25,16%
HSTM,"Healthstream Inc","Internet - Services",28.83,+0.24%,3,Buy,"100% Buy",+14.26,+1.66%,25.55,28.02,24.03,28.64,53.84,-17.62,12.03,257143,Strengthening,Strong,52.37%,0.59,27.75,29.54,61%
UI,"Ubiquiti Networks","Wireless Equipment",592.85,-0.66%,11,Buy,"24% Sell",+14.01,+13.07%,669.86,554.16,686.9,572.7,59.1,-6.21,-5.8,116538,Weakest,Weak,74.65%,1.41,546.84,598.56,89%
NNBR,"NN Inc","Metal Production & Fabrication",3.57,+1.13%,5,Buy,"88% Buy",+13.65,+40.00%,2.96,3.46,2.48,3.71,48.71,20.72,165.97,1608831,Strengthening,Strong,4.00%,0.23,3.37,4.06,29%
LW,"Lamb Weston Holdings Inc","Food - Misc & Diversified",54.8,-0.83%,3,Buy,"88% Buy",+13.48,-3.28%,46.32,49.53,45.86,53.32,63.63,-22.56,17.88,2318284,Average,Good,90.57%,0.86,51.23,55.41,85%
MGM,"MGM Resorts International",Gaming,42.97,-1.13%,1,Sell,"24% Buy",+13.42,+8.05%,43.19,45.62,40.76,43.94,37.01,-11.23,4.82,4270113,Weakest,Soft,29.26%,0.76,42.63,45.25,13%
LPCN,"Lipocine Inc","Medical - Drugs",2.23,+3.72%,3,Hold,"80% Sell",+13.37,-25.91%,2.26,2.24,4.28,2.11,58.82,-45.19,-85.17,190353,Weakening,Average,59.10%,0.86,2.01,2.2,117%
MCFT,"Mastercraft Boat Holdings Inc","Leisure & Recreational Prdcts",24.18,-0.25%,4,Hold,"64% Buy",+13.29,+5.59%,23.88,24.54,23.15,24.73,43.53,-13.69,14.93,150230,Weakest,Average,25.06%,1.26,23.8,25.65,20%
BBY,"Best Buy Company","Retail - Consumer Electronics",83.56,-4.44%,2,Buy,"88% Buy",+13.20,+10.75%,73.85,82.89,70.82,85.11,47.28,-8.53,11.91,4280059,Weakening,Strong,60.49%,2.43,80.83,89.39,32%
ACCO,"Acco Brands Corp","Consumer Prdts - Misc Discr",4.29,+2.39%,3,Buy,"96% Buy",+13.14,+8.06%,3.9,4.15,3.83,4.29,54.45,-11.22,2.07,884138,Strongest,Strong,42.47%,0.9,4.16,4.43,49%
IBEX,"Ibex Ltd","Business Services",37.25,+1.69%,4,Buy,"88% Buy",+13.07,+26.66%,32.03,34.16,31.54,36.26,60.68,7.38,-15.38,114003,Strengthening,Good,82.38%,0.8,34.82,37.7,84%
HROW,"Harrow Inc","Medical - Drugs",38.54,-2.01%,7,Sell,"40% Sell",+12.97,-0.64%,38.9,41.38,39.93,39.92,43.39,-19.92,-34.29,703385,Average,Minimum,38.37%,0.68,38.02,41.82,14%
RMBS,"Rambus Inc","Electronics - Semiconductors",91.11,+1.20%,5,Sell,"88% Sell",+12.80,+21.40%,118.6,104.64,111.94,95.02,42.38,2.12,-13.79,2423490,Weakening,Average,23.29%,0.47,86.04,104,28%
RIOT,"Riot Platforms Inc","Finance - Misc Services",20.88,+1.31%,4,Sell,"8% Buy",+12.77,+54.10%,22.11,22.08,19.72,20.32,50.6,34.82,51.86,18542510,Weakest,Weak,52.91%,0.79,18.66,21.99,67%
CDRO,"Codere Online Luxembourg S.A.",Gaming,9,-0.94%,2,Sell,"8% Buy",+12.76,+8.56%,9.24,9.31,8.85,9.05,43.84,-10.72,-0.86,26028,Weakening,Weak,49.03%,0.37,8.84,9.26,38%
UTL,"Unitil Corp","Utility - Electric Power",53.47,-0.61%,1,Sell,"56% Buy",+12.74,+12.43%,52.67,53.61,52.38,53.79,46.63,-6.85,-2.56,126035,Weakest,Average,46.46%,0.47,53.05,54.53,28%
VKTX,"Viking Thera","Medical - Biomedical",33.86,-1.51%,3,Sell,"40% Buy",+12.60,+27.20%,33.55,35.46,33.05,33.68,48.13,7.92,-16.69,2586564,Weakening,Weak,45.91%,0.94,31.99,35.37,55%
RMBI,"Richmond Mutual Bancorp Inc","Banks - Northeast",15.95,+0.44%,5,Buy,"100% Buy",+12.59,+9.85%,15.1,15.56,14.68,15.91,55.2,-9.43,0.66,34727,Strengthening,Maximum,36.73%,1.28,15.67,16.14,59%
WTM,"White Mountains Insurance Group","Insurance - Proprty & Casualty",2127.57,-0.24%,1,Hold,"16% Sell",+12.58,+15.29%,2142.58,2129.51,2150.54,2124.49,48.83,-3.99,-10.56,19285,Weakening,Minimum,53.34%,1.22,2094.74,2154.23,55%
CBFV,"Cb Financial Svc","Banks - Northeast",37.37,-0.03%,4,Buy,"88% Buy",+12.48,+13.62%,36.27,37.13,35.87,37.4,51.25,-5.66,-5.74,5746,Weakest,Average,36.90%,0.66,36.71,38.08,48%
MOD,"Modine Manufacturing Company","Auto - Truck Original Parts",186.31,-0.53%,1,Sell,"72% Sell",+12.32,+32.68%,244.63,225.44,231.67,196.71,38.68,13.4,26.61,1350853,Strengthening,Average,9.16%,0.8,181.75,211.67,15%
GRCE,"Grace Therapeutics Inc","Medical - Biomedical",2.16,+0.47%,1,Sell,"88% Sell",+12.31,-29.64%,2.5,2.27,3.02,2.14,46.58,-48.92,-50.51,354325,Average,Strong,65.22%,0.36,2.06,2.22,62%
SW,"Smurfit Westrock Plc","Paper & Related Products",48.63,-1.88%,1,Buy,"100% Buy",+12.25,+6.50%,43.6,46.58,43.5,48.42,52.94,-12.78,12.82,5576839,Average,Strong,65.80%,1.18,46.33,50.51,55%
AVNW,"Aviat Networks Inc","Wireless Equipment",21.44,+2.53%,9,Buy,"8% Buy",+12.20,-6.62%,20.15,20.93,21.52,21.17,54.75,-25.9,-12.66,153624,Average,Minimum,36.33%,2.76,20.19,22.14,64%
IGIC,"International General Insurance Hldg Inc","Insurance - Multi Line",26.74,+0.36%,1,Sell,"40% Buy",+11.99,+9.08%,26.32,27.16,25.75,26.92,47.41,-10.2,-6.38,68347,Weakening,Average,50.12%,1.25,25.92,27.91,41%
NVTS,"Navitas Semiconductor Corp","Electronics - Semiconductors",12.51,-1.26%,13,Sell,"56% Sell",+11.95,+106.10%,16.81,14.1,14.2,12.94,45.12,86.82,62.27,23701443,Weakening,Weak,17.78%,0.7,11.16,14.73,38%
PRGS,"Progress Software","Computer - Software",45.22,+3.88%,7,Buy,"88% Buy",+11.85,-3.46%,34.37,39.16,35.09,43.11,64.71,-22.74,-7.68,814150,Strongest,Strong,66.55%,0.51,40.96,45.27,99%
COFS,"Choiceone Financial","Finance - Misc Services",33.23,-0.98%,3,Hold,"64% Buy",+11.65,+6.61%,32.26,33.59,31.06,33.89,44.06,-12.67,-0.37,99633,Weakest,Strong,26.70%,0.74,32.93,34.85,16%
SPCB,"Supercom Ltd","Protection - Safety",10.22,-5.28%,4,Hold,"32% Buy",+11.55,+12.06%,10.53,10.98,9.84,10.88,42.07,-7.22,-0.01,80551,Weakest,Soft,16.14%,3.11,10.29,11.46,-6%
EPR,"Entertainment Properties Trust","REIT - Equity Trust Retail",59.61,-0.65%,2,Sell,"56% Buy",+11.41,+8.48%,58.76,60.61,57.57,60.86,41.41,-10.8,6.52,751235,Weakest,Average,15.15%,0.79,59.46,62.27,5%
BWMX,"Betterware DE Mexico Sapi DE Cv","Consumer Prdts - Misc Discr",15.92,-1.42%,3,Sell,"72% Sell",+11.18,+18.54%,17.37,17.24,17.5,16.41,37.65,-0.74,-0.91,82424,Strongest,Soft,42.58%,0.67,15.58,17.24,20%
BILL,"Bill Holdings Inc","Internet - Software",48.87,+1.58%,6,Buy,"72% Buy",+11.10,+17.39%,40.34,43.39,41.11,48.31,58.16,-1.89,-23.34,2568674,Strongest,Good,30.60%,0.59,45.87,50.75,61%
MTD,"Mettler-Toledo International","Medical Instruments",1407.43,+0.64%,4,Buy,"72% Buy",+10.92,+9.51%,1269.33,1336.45,1283.7,1418.06,56.48,-9.77,-11.99,170057,Strengthening,Average,32.15%,0.76,1386.71,1449.42,33%
SWX,"Southwest Gas Corp","Utility - Gas Distribution",89.42,-1.31%,1,Sell,"40% Buy",+10.79,+14.33%,90.2,90.75,88.87,90.79,44.19,-4.95,-1.19,527064,Weakest,Weak,20.32%,0.58,88.34,93.24,22%
MSEX,"Middlesex Water Company","Utility - Water Supply",57.86,-1.11%,5,Hold,"80% Buy",+10.78,+7.19%,54.45,56.57,53.88,58.19,50.78,-12.09,1.82,146382,Strengthening,Strong,52.86%,0.55,56.89,59.49,37%
EVRG,"Evergy Inc","Utility - Electric Power",81.42,-0.99%,1,Sell,"8% Sell",+10.78,+12.99%,83.46,84.54,82.49,82.8,39.48,-6.29,-0.62,2025446,Weakening,Minimum,30.58%,1.75,80.94,84.65,13%
CTMX,"Cytomx Thera","Medical - Biomedical",3.42,+3.01%,6,Hold,"80% Sell",+10.67,+65.22%,3.65,3.43,4.16,3.36,51.65,45.94,-32.66,4491909,Weakest,Average,45.88%,0.66,3.15,3.57,64%
CCEC,"Capital Clean Energy Carriers Corp","Transportation - Ship",22.78,+0.80%,2,Buy,"100% Buy",+10.64,+5.61%,21.54,22.19,21.47,22.61,54.15,-13.67,-3.79,9802,Strengthening,Strong,61.48%,0.48,22.22,23.01,71%
TCBI,"Texas Capital Bncsh","Banks - Southwest",98.1,-0.45%,4,Sell,"8% Sell",+10.60,+12.62%,100.7,101.08,99.67,99.57,40.5,-6.66,-4.59,472657,Weakening,Minimum,27.98%,0.88,97.19,101.96,19%
GNLX,"Genelux Corp","Medical - Biomedical",2.88,+5.49%,4,Sell,"8% Sell",+10.57,-20.88%,2.84,2.85,2.77,2.73,55.9,-40.16,-46.88,220817,Weakest,Minimum,73.89%,2.25,2.51,2.94,86%
CWT,"California Water Service Group Holding","Utility - Water Supply",50.09,-0.34%,2,Hold,"96% Buy",+10.50,+6.24%,47.19,49.66,46.48,50.02,50.68,-13.04,2.66,471542,Average,Strong,69.45%,0.54,49.22,50.81,55%
VNO,"Vornado Realty Trust","REIT - Equity Trust Other",38.72,-0.59%,3,Hold,"48% Buy",+10.45,+2.87%,35.39,39.11,33.01,39.06,48.72,-16.41,3.41,1779736,Weakest,Good,61.87%,0.53,37.53,40.59,39%
OTTR,"Otter Tail Corp","Utility - Electric Power",91.68,-0.70%,4,Buy,"88% Buy",+10.42,+7.87%,89.64,91.01,88.74,92.11,49.74,-11.41,0.51,256170,Strengthening,Strong,26.12%,0.65,89.59,94.63,42%
JOUT,"Johnson Outdoors","Leisure & Recreational Prdcts",45.76,+0.62%,5,Hold,"16% Sell",+10.42,+11.23%,47.07,46.32,47.09,47.44,42.07,-8.05,-5.14,64302,Weakest,Minimum,10.45%,0.91,45.63,49.25,4%
GVA,"Granite Construction Incorporated","Building - Heavy Construction",124.71,+0.58%,5,Sell,"40% Sell",+10.36,+13.40%,132.43,131.25,130.19,124.38,48.51,-5.88,-4.83,736061,Weakest,Weak,34.63%,0.57,120.33,128.44,54%
USAC,"USA Compression Partners LP","Oil Field Machinery & Equip",26.75,-1.18%,7,Buy,"8% Buy",+10.00,+11.27%,27.06,26.28,27.06,26.36,52.88,-8.01,3.36,238210,Weakest,Minimum,82.09%,1.26,25.54,27.18,74%
ALRM,Alarm.com,"Protection - Safety",57.6,+1.57%,7,Buy,"88% Buy",+9.71,-1.57%,48.69,52.5,47.98,56.37,63.28,-20.85,-0.04,458913,Strongest,Maximum,72.47%,0.75,54.62,58.13,85%
ADUS,"Addus Homecare Corp","Medical - Outpatient & Hm Care",118.01,-2.24%,4,Buy,"72% Buy",+9.44,+2.17%,102.72,111.3,103.17,118.19,54.14,-17.11,-3.05,228430,Weakening,Strong,64.64%,0.86,113.91,122.47,48%
CERT,"Certara Inc","Medical - Biomedical",8.41,+2.31%,3,Hold,"80% Buy",+9.36,-23.34%,6.46,7.29,6.64,8.15,59.84,-42.62,-17.48,3419782,Strongest,Average,39.00%,0.35,7.75,8.55,82%
SBRA,"Sabra REIT","REIT - Equity Trust Other",20.7,-1.48%,1,Hold,"96% Buy",+9.17,+5.56%,20.18,20.33,20.05,20.59,51.57,-13.72,-3.65,2748677,Average,Average,73.37%,0.36,19.91,21.27,58%
DEA,"Easterly Government Properties","REIT - Equity Trust Other",24.58,-0.73%,3,Sell,"40% Buy",+9.16,+6.45%,24.11,24.78,23.7,24.72,47.48,-12.83,3.06,436780,Weakest,Average,69.46%,0.51,23.99,25.45,40%
CL,"Colgate-Palmolive Company","Consumer Prdts - Misc Staple",90.96,-1.19%,1,Sell,"40% Buy",+9.11,+7.71%,89.46,91.91,89.95,91.81,47.45,-11.57,2.17,5810464,Weakest,Weak,47.68%,0.71,89.62,93.99,31%
WNEB,"Western New England Bancorp Inc","Banks - Foreign",13.7,-0.80%,1,Sell,"8% Buy",+9.10,+9.60%,13.82,14.01,13.61,13.77,46.05,-9.68,-4.38,55568,Weakest,Minimum,40.55%,1.05,13.2,14.35,44%
CBT,"Cabot Corp","Chemical - Diversified",84.58,0.00%,1,Sell,"40% Buy",+9.06,+3.21%,84.17,87.83,80.48,85.79,44.7,-16.07,14.67,477391,Weakest,Average,27.65%,0.42,82.21,89.37,33%
CCS,"Century Communities Inc","Building - Residential & Comm",68.39,-1.34%,2,Hold,"64% Buy",+8.87,+4.72%,62.19,68.13,62.69,69.88,47.93,-14.56,2.29,285913,Weakening,Strong,21.24%,0.7,67.67,72.08,16%
APD,"Air Products and Chemicals","Chemical - Diversified",305.47,-0.39%,3,Buy,"100% Buy",+8.81,+3.69%,294.84,297.14,290.07,302.6,55.07,-15.59,10.72,1364868,Strengthening,Good,58.81%,0.8,292.99,312.21,65%
TROW,"T Rowe Price Group","Finance - Investment Mgmt",112.36,-0.17%,1,Sell,"40% Buy",+8.81,+2.73%,107.96,114.07,103.24,112.56,47.28,-16.55,-3.19,2077565,Weakest,Average,54.24%,0.43,109.67,115.46,46%
MHO,"M/I Homes","Building - Residential & Comm",150.96,-0.87%,2,Hold,"64% Buy",+8.32,+3.45%,140.98,151.19,138.64,150.9,50.18,-15.83,5.04,234404,Weakest,Good,57.70%,0.75,146.28,155.52,51%
SYF,"Synchrony Financial","Finance - Misc Services",79.93,+0.19%,9,Buy,"88% Buy",+8.25,+5.50%,74.86,76.53,73.21,79.2,56.17,-13.78,-17.14,3936046,Strengthening,Average,71.91%,0.86,76.57,81.83,64%
ACGL,"Arch Capital Grp Ltd","Insurance - Proprty & Casualty",98.76,-1.95%,1,Hold,"48% Buy",+8.17,+7.69%,96.78,99.4,96.7,99.18,47.15,-11.59,-9.98,2075232,Weakest,Average,66.16%,1.01,97,101.37,40%
ASUR,"Asure Software","Internet Services - Delivery",8.97,+1.82%,4,Buy,"16% Buy",+8.08,+7.04%,8.55,8.24,8.57,8.56,61.68,-12.24,-17.72,105425,Average,Minimum,75.57%,0.89,8.11,9,96%
NEE,"Nextera Energy","Utility - Electric Power",83.47,-0.89%,1,Sell,"88% Sell",+7.96,+12.97%,88.94,87.01,89.68,85.36,32.78,-6.31,-8.97,10370268,Strongest,Average,20.15%,0.79,83.22,87.51,6%
ES,"Eversource Energy","Utility - Electric Power",70.92,-1.05%,1,Sell,"40% Buy",+7.88,+9.44%,70.8,72.76,70.91,71.74,43.24,-9.84,-7.61,2539662,Weakest,Weak,36.62%,0.84,70.51,72.97,17%
DGXX,"Digi Power X Inc","Technology Services",4.03,+3.33%,7,Sell,"24% Sell",+7.84,+79.11%,4.97,4.41,4.15,3.89,49.59,59.83,45.1,5668449,Weakest,Minimum,63.12%,0.57,3.55,4.22,72%
STRA,"Strategic Education",Schools,85.58,+0.32%,3,Buy,"88% Buy",+7.83,+4.88%,79.97,80.67,80.29,82.92,59.28,-14.4,-6.23,262904,Strengthening,Strong,88.23%,0.66,79.54,86.29,90%
AES,"The Aes Corp","Utility - Electric Power",14.75,+0.14%,3,Buy,"72% Buy",+7.75,+10.40%,14.63,14.73,14.75,14.73,51.85,-8.88,-10.08,9913504,Average,Weak,48.48%,0.93,14.67,14.78,74%
CARG,"Cargurus Inc Cl A","Internet Commerce",36.36,+0.44%,4,Buy,"72% Buy",+7.70,+6.13%,33.79,35.08,33.12,36.85,51.07,-13.15,-18.13,1176693,Average,Average,17.91%,0.5,35.4,38.3,33%
CPK,"Chesapeake Utilities Corp","Utility - Gas Distribution",133.3,-0.66%,1,Buy,"72% Buy",+7.70,+7.66%,128.35,130.81,128.92,134.47,48.33,-11.62,-6.09,155270,Weakening,Average,46.43%,0.56,131.81,137.13,28%
OPBK,"Open Bank","Banks - Southwest",15.17,+0.93%,2,Sell,"56% Buy",+7.69,+6.68%,14.69,15.22,14.31,15.53,44.94,-12.6,-5.5,42092,Weakening,Strong,18.22%,0.62,15.07,15.98,11%
BGSF,"Bgsf Inc","Business Services",5.36,-1.47%,4,Hold,"32% Sell",+7.62,-13.96%,5.54,5.57,5.7,5.53,42.9,-33.24,2.83,26289,Average,Weak,26.54%,0.5,5.34,5.73,4%
EPSN,"Epsilon Energy","Oil - US Integrated",5.91,+1.20%,3,Buy,"56% Buy",+7.49,-0.17%,5.78,5.54,5.64,5.67,58.5,-19.45,14.43,185163,Strengthening,Weak,81.61%,0.83,5.36,5.98,89%
AFG,"American Financial Group","Insurance - Proprty & Casualty",142.62,-1.62%,3,Hold,"80% Buy",+7.22,+4.80%,137.02,141.96,134.41,144.34,47.11,-14.48,-8.59,512330,Average,Strong,29.33%,0.67,140.93,147.75,25%
FTW,"Eqv Ventures Acquisition Corp Cl A","Oil - US Integrated",11.36,-0.09%,3,Sell,"8% Sell",+7.12,+9.55%,11.56,11.77,11.47,11.39,44.28,-9.73,-4.65,89893,Weakening,Minimum,32.56%,0.66,11.19,11.59,43%
FTS,"Fortis Inc","Utility - Electric Power",54.85,-0.90%,1,Sell,"24% Sell",+7.09,+9.61%,56.63,56.95,56.4,56,36.23,-9.67,-7.34,813031,Average,Weak,20.01%,0.86,54.77,57.23,3%
PSA,"Public Storage","REIT - Equity Trust Other",311.2,-1.94%,2,Sell,"40% Buy",+7.01,+6.87%,313.53,322.01,305.22,324.12,36.41,-12.41,6.98,1099568,Weakest,Average,9.78%,0.69,316.42,331.81,-34%
PJT,"Pjt Partners Inc Cl A","Finance - Misc Services",178.66,+2.23%,3,Buy,"88% Buy",+6.89,-1.84%,160.53,165.85,156.84,173.02,59.61,-21.12,-6.09,363405,Strongest,Good,71.40%,0.75,167.22,178.82,99%
PLMR,"Palomar Holdings Inc","Insurance - Proprty & Casualty",129.55,-1.72%,1,Sell,"24% Buy",+6.85,+4.61%,124.56,131.7,124.04,131.05,47.55,-14.67,-16.81,261854,Weakest,Soft,55.87%,0.5,124.46,137.64,39%
KEEL,"Keel Infrastructure Corp","Technology Services",3.51,+4.46%,3,Sell,"8% Sell",+6.82,+161.94%,4.24,4.37,3.56,3.57,46.16,142.66,36.42,42399570,Weakest,Minimum,49.26%,1.15,2.96,4.19,45%
SGU,"Star Gas Partners LP","Electronics Products - Misc",12.62,+0.40%,3,Sell,"8% Sell",+6.72,+7.86%,12.73,12.76,12.74,12.64,47.44,-11.42,-6.35,25751,Weakest,Minimum,40.48%,0.39,12.43,12.84,46%
GRBK,"Green Brick Partners","Building - Residential & Comm",72.79,-1.34%,2,Sell,"56% Buy",+6.56,+4.51%,70.55,73.31,70.44,71.65,52.85,-14.77,3.23,234632,Weakening,Average,80.46%,1.46,69.26,74.04,74%
NGG,"National Grid Transco Plc ADR","Other Alt Energy",79.43,-1.37%,2,Sell,"88% Sell",+6.35,+10.73%,83.48,81.53,85.01,80.53,42.32,-8.55,-10.25,1012194,Strongest,Soft,42.04%,0.66,79.23,81.82,8%
ESS,"Essex Property Trust","REIT - Equity Trust Resident",280.76,-2.57%,2,Sell,"40% Buy",+6.28,+4.91%,278.3,289.11,269.32,286.29,41.36,-14.37,-5.65,491839,Weakest,Average,47.72%,1.08,279.75,292.82,8%
CREX,"Creative Realities Inc","Internet - Software",2.94,+3.33%,5,Sell,"72% Sell",+6.26,+17.33%,3.57,3.39,3.52,3,43.81,-1.95,-0.1,48599,Weakening,Good,21.40%,1.14,2.7,3.29,41%
ED,"Consolidated Edison Company","Utility - Electric Power",106.69,-1.26%,1,Sell,"24% Sell",+6.08,+6.62%,109.02,109.83,109.58,107.98,42.31,-12.66,-5.52,2248873,Average,Weak,36.28%,0.64,106.33,109.63,11%
IREN,"Iren Limited","Finance - Misc Services",40.53,+2.40%,6,Sell,"88% Sell",+6.02,+81.30%,47.57,42.07,46.11,41.14,48.36,62.02,-5.63,41567793,Average,Soft,26.37%,1.14,36.71,45.57,43%
RGR,"Sturm Ruger & Company","Leisure & Recreational Prdcts",37.76,-1.33%,2,Hold,"32% Sell",+6.02,+7.98%,39.33,38.27,39.06,37.94,46.98,-11.3,2.71,193305,Average,Minimum,57.42%,1,36.77,39.11,42%
ECL,"Ecolab Inc","Chemical - Specialty",285.91,-1.61%,6,Buy,"88% Buy",+5.90,+1.97%,269.39,277.71,274.25,282.59,56.45,-17.31,-4.03,1473677,Average,Average,77.11%,0.96,274.06,291.12,69%
FOR,"Forestar Group Inc","Real Estate Developers",28.62,-1.24%,3,Sell,"40% Buy",+5.87,+3.28%,28.31,29.5,27.81,29.06,45.61,-16.,3.26,145818,Weakest,Soft,31.48%,0.91,28.32,29.81,20%
TOWN,"Towne Bank","Banks - Southeast",37.37,-0.43%,2,Buy,"88% Buy",+5.80,+1.36%,35.86,36.87,35.46,37.73,49.42,-17.92,-0.95,522023,Weakening,Strong,41.96%,0.72,37.05,38.4,24%
HIFS,"Hingham Inst For Svg","Banks - Northeast",298.17,-0.67%,8,Buy,"88% Buy",+5.78,+1.40%,291.57,296.82,291.9,302.3,48.78,-17.88,-7.94,51479,Strengthening,Average,20.34%,0.75,289.3,315.31,34%
ZDGE,"Zedge Inc Cl B","Internet - Content",2.9,-1.36%,3,Sell,"96% Sell",+5.75,-5.23%,3.06,3,3.07,2.95,44.7,-24.51,-24.53,361084,Strongest,Weak,36.16%,0.59,2.85,3.05,26%
GHC,"Graham Holdings Company",Schools,1142.92,-1.75%,3,Sell,"40% Buy",+5.59,+4.45%,1148.24,1172.78,1128.45,1180.83,40.74,-14.83,-8.91,20477,Weakest,Weak,40.12%,1.74,1143.28,1218.38,0%
CLMB,"Climb Global Solutions Inc","Technology Services",29.05,+4.99%,4,Buy,"88% Buy",+5.45,-6.85%,23.63,25.93,23.96,27.79,63.55,-26.13,0.11,228926,Strongest,Good,56.75%,1.44,26.55,29.03,101%
ECHO,"Echostar Corp","Satellite Communication",86.47,+1.00%,6,Sell,"88% Sell",+5.44,+47.16%,109.26,93.03,110.76,88.4,42.41,27.88,-33.39,6442563,Average,Good,16.99%,0.33,83.28,93.51,31%
XFOR,"X4 Pharmaceuticals Inc","Medical - Biomedical",4.23,+1.44%,5,Buy,"96% Buy",+5.34,0.00%,4.09,4.09,3.97,4.2,54.04,-19.28,-7.19,598003,Strongest,Soft,31.00%,0.69,3.92,4.48,55%
CARS,"Cars.com Inc","Internet Commerce",11.77,-1.67%,3,Buy,"88% Buy",+5.27,-10.63%,10.91,11.58,10.46,12.1,47.03,-29.91,-16.46,970573,Weakening,Average,34.39%,0.58,11.61,12.59,16%
SPIR,"Spire Global Inc","Aerospace - Defense",14,+3.40%,11,Sell,"24% Sell",+5.03,+53.68%,16.67,14.34,14.78,13.68,52.06,34.4,73.73,1100728,Weakest,Minimum,38.92%,0.47,12.19,15.17,61%
OLP,"One Liberty Properties","REIT - Equity Trust Other",24.13,-0.21%,1,Sell,"40% Buy",+4.96,+4.23%,23.91,24.53,23.45,24.2,46.62,-15.05,5.99,83248,Weakest,Soft,70.76%,0.84,23.59,24.81,44%
CBRL,"Cracker Barrel","Retail - Restaurants",55.07,-5.95%,6,Hold,"80% Buy",+4.95,-11.65%,43.15,53.9,38.81,57.46,47.29,-30.93,103.87,1363415,Weakening,Strong,51.53%,0.89,55.07,59.85,0%
TRS,"Trimas Corp","Metal Production & Fabrication",39.58,-1.40%,5,Sell,"8% Buy",+4.91,+2.35%,40.05,40.83,38.74,39.63,48.27,-16.93,-1.29,517696,Weakest,Weak,49.08%,0.67,38.25,41.01,48%
GATX,"GATX Corp","Transportation - Equip & Lease",178.44,-0.03%,2,Sell,"40% Sell",+4.89,+7.47%,181.03,178.8,180.75,178.69,49.02,-11.81,-7.73,206501,Average,Minimum,49.55%,0.6,175.74,181.64,46%
BSBR,"Banco Santander Brasil S.A. ADR","Banks - Foreign",5.73,-1.38%,5,Buy,"16% Sell",+4.80,+11.26%,5.59,5.45,5.85,5.73,55.58,-8.02,-19.16,1490053,Weakest,Weak,68.54%,1.19,5.58,5.88,50%
EQ,"Equillium Inc","Medical - Biomedical",2.45,+3.81%,3,Sell,"40% Buy",+4.71,+28.27%,2.44,2.56,2.22,2.25,53.77,8.99,45.12,644453,Weakening,Weak,62.71%,0.52,2.02,2.48,94%
WTRG,"Essential Utilities Inc","Utility - Water Supply",40.55,-0.52%,3,Buy,"88% Buy",+4.50,+1.81%,38.72,39.31,39,40.17,54.31,-17.47,-7.23,2157125,Average,Good,70.20%,0.96,39.04,41.31,67%
MDLZ,"Mondelez Intl Inc","Food - Misc & Diversified",62.43,-0.92%,2,Buy,"88% Buy",+4.35,+1.08%,60.89,61.39,60.12,62.87,49.16,-18.2,3.04,9681593,Weakest,Average,41.75%,0.74,61.04,64.7,38%
ELS,"Equity Lifestyle Properties","REIT - Equity Trust Resident",63.91,-1.14%,2,Sell,"24% Buy",+4.30,+6.52%,63.96,64.75,64.53,64.97,43.25,-12.76,-7.5,1616549,Weakest,Minimum,42.01%,0.62,63.85,66.09,3%
HIPO,"Hippo Holdings Inc","Insurance - Multi Line",32.61,-1.06%,2,Buy,"72% Buy",+4.28,-3.23%,28.37,30.08,28.13,32.82,55.66,-22.51,-4.53,155515,Average,Strong,57.96%,0.75,31.91,33.73,38%
SYY,"Sysco Corp","Food - Misc & Diversified",82.45,-0.98%,1,Hold,"48% Buy",+4.25,+2.68%,78.94,82.87,80.66,83.58,45.95,-16.6,-1.05,3849586,Weakest,Average,36.41%,0.43,81.7,85.47,20%
AEE,"Ameren Corp","Utility - Electric Power",106.75,-0.93%,1,Sell,"24% Sell",+4.08,+5.79%,110.44,110.79,109.85,108.45,40.74,-13.49,-6.04,1722469,Average,Weak,26.40%,0.66,106.21,110.68,12%
DMAC,"Diamedica Therapeutics Inc","Medical - Biomedical",6.75,+0.75%,5,Sell,"40% Sell",+4.02,+12.88%,6.47,6.85,6.9,6.66,51.42,-6.4,-28.14,253899,Weakest,Minimum,48.44%,0.57,6.4,6.92,68%
PERI,"Perion Network Ltd","Internet - Content",9.61,+0.95%,6,Hold,"48% Buy",+4.02,+3.67%,9.54,9.44,9.36,9.69,50.09,-15.61,-12.63,387808,Weakening,Weak,68.25%,0.88,9.49,9.9,30%
CTAS,"Cintas Corp","Textile - Apparel",204.15,-0.79%,2,Buy,"88% Buy",+3.83,-4.24%,183.48,193.53,185.87,203.02,55.25,-23.52,-4.39,2157136,Average,Good,76.26%,0.58,198.5,207.54,63%
TAVI,"Tavia Acquisition Corp",Unclassified,10.7,0.00%,6,Buy,"88% Buy",+3.78,+3.98%,10.6,10.66,10.52,10.71,51.58,-15.3,-10.35,26794,Weakening,Strong,55.45%,2.04,10.63,10.78,45%
O,"Realty Income Corp","REIT - Equity Trust Retail",61.8,-0.74%,1,Sell,"8% Sell",+3.74,+5.55%,62.85,63.21,63.05,62.66,40.25,-13.73,-3.31,6057375,Average,Minimum,36.45%,0.94,61.62,63.7,8%
DLNG,"Dynagas Lng Partners LP","Transportation - Services",3.8,+0.53%,6,Buy,"8% Sell",+3.67,+6.44%,3.76,3.64,3.84,3.78,53.04,-12.84,-12.14,74076,Weakest,Weak,31.28%,0.25,3.64,3.92,58%
PRDO,"Perdoceo Education Corp",Schools,33.81,+1.05%,3,Sell,"8% Buy",+3.57,+2.92%,33.61,32.81,33.65,32.55,57.92,-16.36,2.33,671333,Weakening,Minimum,73.52%,0.97,31.03,34.08,91%
SR,"Spire Inc","Utility - Gas Distribution",82.54,-1.34%,2,Buy,"40% Sell",+3.39,+7.26%,83.93,80.95,85.75,82,52.01,-12.02,-13.13,449461,Weakening,Soft,68.14%,0.74,79.49,84.51,61%
AIIA,"AI Infrastructure Acquisition Corp Cl A",Unclassified,10.22,0.00%,10,Buy,N/A,+3.25,N/A,10.14,10.19,10.08,10.21,51.96,N/A,-10.12,N/A,N/A,N/A,70.00%,3.45,10.16,10.26,59%
TMCI,"Treace Medical Concepts Inc","Medical Instruments",4.6,-2.54%,6,Buy,"96% Buy",+2.94,-38.01%,3.48,4.39,2.9,4.6,52.81,-57.29,74.82,777881,Average,Good,51.57%,0.34,4.27,4.92,51%
DMRA,"Damora Therapeutics Inc","Medical - Biomedical",30.6,+0.69%,6,Buy,"100% Buy",+2.93,+810.71%,26.62,28.89,26.48,30.46,52.78,791.43,20.05,661111,Strengthening,Soft,32.11%,0.28,28.75,32.17,54%
XEL,"XCEL Energy Inc","Utility - Electric Power",77.16,-0.67%,1,Sell,"72% Sell",+2.88,+5.89%,79.45,79.18,79.48,77.97,43.06,-13.39,-8.47,5158127,Strengthening,Soft,26.49%,0.85,76.17,79.76,28%
MXC,"Mexco Energy Corp","Oil - US Exploration & Product",9.73,-0.51%,4,Buy,"24% Buy",+2.87,+20.12%,8.96,8.78,9.67,9.4,58.18,0.84,-14.76,18812,Weakening,Minimum,67.96%,1.79,8.67,10.13,73%
PAYO,"Payoneer Global Inc","Financial Transaction Services",7.13,+0.14%,3,Buy,"100% Buy",+2.85,+5.01%,6.16,7.11,5.84,7.12,61.71,-14.27,13.93,4831893,Average,Strong,71.43%,0.24,7.08,7.15,69%
EQT,"Eqt Corp","Oil - US Exploration & Product",54.77,-0.04%,9,Buy,"24% Sell",+2.82,+6.66%,54.42,52.22,56.43,53.49,60.9,-12.62,-10.76,8354447,Weakest,Weak,67.55%,1.16,51.52,55.47,82%
TLIH,"Ten-League International Holdings Limited","Business Services",5.8,+1.58%,3,Buy,"100% Buy",+2.81,-4.13%,4.36,5.4,4.01,5.75,61.08,-23.41,43.77,205723,Strengthening,Average,84.89%,0.49,5.68,5.82,86%
TRT,"Trio-Tech International","Electronics - Measuring Inst",10.48,+1.55%,7,Hold,Hold,+2.79,+295.47%,11.21,11,9.34,10.92,46.75,276.19,45.37,564990,Bearish,,16.19%,0.23,9.84,12,29%
NAAS,"Nass Technology Inc ADR","Electrical Power",3.23,+0.65%,4,Hold,"48% Buy",+2.77,+1.28%,2.94,3.25,2.78,3.33,46.61,-18.,-17.35,16048,Weakening,Soft,18.58%,0.82,3.18,3.48,17%
ARR,"Armour Residential R","REIT - Mortgage Trusts",16.41,+1.17%,6,Sell,"100% Sell",+2.70,+8.82%,16.97,16.69,17.12,16.49,46.66,-10.46,-20.18,3423639,Average,Average,21.32%,0.7,16.2,16.78,36%
AVPT,"Avepoint Inc Cl A","Internet - Software",14.3,+8.25%,7,Buy,"88% Buy",+2.66,-9.49%,11.37,12.5,11.13,13.27,67.21,-28.77,-9.99,2056907,Strongest,Strong,66.23%,1.18,12.61,13.93,128%
ISBA,"Isabella Bank Corp","Banks - Northeast",38.54,+0.16%,4,Sell,"88% Sell",+2.49,+13.35%,41.49,39.89,43.69,40.2,40.29,-5.93,-35.86,40267,Strengthening,Average,8.27%,1.1,38.45,41.95,3%
FSBW,"FS Bancorp Inc","Banks - West",42.7,+0.83%,1,Hold,"48% Buy",+2.47,+0.70%,41.99,43.12,41.42,42.99,47.41,-18.58,-9.22,14851,Weakest,Good,38.57%,0.81,42.1,43.88,34%
ATHE,"Alterity Therapeutics Ltd ADR","Medical - Biomedical",4.56,-4.60%,5,Sell,"24% Buy",+2.46,-8.80%,4.57,4.85,4.18,4.59,47.84,-28.08,35.11,25098,Weakest,Soft,40.18%,1.24,4.29,4.89,46%
CRC,"California Resources Corp","Oil - US Exploration & Product",52.94,+0.76%,6,Sell,"40% Sell",+2.28,+6.18%,57.68,52.72,58.43,52.86,50.07,-13.1,5.47,897130,Weakest,Weak,31.28%,0.54,51.43,54.3,53%
RARE,"Ultragenyx Pharmaceu","Medical - Biomedical",26.26,-0.68%,3,Sell,"24% Sell",+2.27,-12.70%,26.31,28.45,24.96,25.99,47.37,-31.98,1.23,2234887,Weakest,Minimum,40.99%,0.46,24.77,27.21,61%
CVR,"Chicago Rivet & Machine Company","Machinery - Elect Utilities",10.1,-2.32%,4,Sell,"88% Sell",+2.21,+0.20%,10.33,10.25,11.49,10.27,48.19,-19.08,-40.33,4164,Weakening,Average,31.75%,0.57,9.9,10.64,27%
MAS,"Masco Corp","Building & Construction - Misc",72.79,-1.10%,1,Sell,"40% Buy",+2.03,-2.35%,72.78,76.51,70.85,74.49,43.35,-21.63,1.76,2619776,Weakest,Average,13.33%,0.71,71.34,77.63,23%
GDOT,"Green Dot Corp","Financial Transaction Services",13.37,+0.07%,6,Buy,"88% Buy",+2.00,-0.22%,12.9,13.32,12.47,13.38,50.56,-19.5,-8.57,611470,Average,Average,79.81%,0.41,13.15,13.61,48%
TACO,"Berto Acquisition Corp",Unclassified,10.47,-0.29%,6,Buy,"88% Buy",+1.96,+1.55%,10.42,10.46,10.35,10.46,51.64,-17.73,-9.69,81477,Average,Strong,75.00%,0.37,10.42,10.49,67%
GLP,"Global Partners LP","Oil Refining & Marketing MLP",50.4,+0.64%,5,Buy,"100% Buy",+1.50,-3.17%,48.08,48.43,47.72,50.06,56.08,-22.45,7.49,69299,Strongest,Average,50.69%,0.3,48.72,51.39,63%
ACEL,"Accel Entertainment Inc",Gaming,11.7,-0.93%,2,Sell,"8% Sell",+1.40,+1.30%,12.19,12.36,11.87,12.11,36.61,-17.98,-10.4,358823,Weakening,Minimum,18.57%,0.72,11.71,12.51,-2%
INMD,"Inmode Ltd","Medical Products",14.84,-0.60%,1,Sell,"56% Buy",+1.38,-2.30%,14.43,14.93,14.35,15.12,42.95,-21.58,-11.92,813227,Weakening,Good,19.35%,0.51,14.84,15.39,0%
SBSI,"Southside Bancshares","Banks - Southwest",31.88,-0.56%,3,Sell,"24% Sell",+1.38,+1.56%,33.26,33.54,32.73,32.43,37.83,-17.72,-8.04,121413,Average,Weak,23.88%,0.79,31.68,33.18,13%
ACVA,"Acv Auctions Inc Cl A","Auction Valuation Services",7.22,-1.37%,2,Buy,"56% Buy",+1.37,-37.27%,6.47,7.37,6.26,7.57,44.63,-56.55,-22.92,3477901,Weakest,Weak,35.81%,0.75,7.03,8.12,17%
OGE,"Oge Energy Corp","Utility - Electric Power",46.03,-1.12%,1,Sell,"24% Sell",+1.30,+1.68%,47.82,47.92,47.44,46.75,40.18,-17.6,-5.14,1511313,Weakening,Weak,27.33%,0.99,45.65,47.85,17%
BANX,"Arrowmark Financial Corp","Finance - Investment Mgmt",20.65,+0.44%,10,Buy,"72% Buy",+1.26,-0.05%,19.87,20.12,19.84,20.57,57.99,-19.33,-18.3,41404,Strongest,Soft,50.82%,0.67,20.29,20.85,64%
ALV,"Autoliv Inc","Auto - Truck Original Parts",122.92,-0.49%,3,Buy,"100% Buy",+1.25,-0.88%,120.17,120.54,118.49,122.52,52.06,-20.16,-9.38,711097,Weakening,Soft,62.53%,0.81,119.84,125.21,57%
ZBH,"Zimmer Biomet Holdings","Medical Products",99.48,-1.87%,4,Buy,"88% Buy",+0.85,-6.85%,90.43,93.62,91,98.59,55.79,-26.13,-2.31,2248200,Average,Strong,77.64%,0.58,94.73,102.45,61%
INVA,"Innoviva Inc","Large Cap Pharma",20.96,-1.32%,2,Sell,"72% Sell",+0.80,+5.65%,22.27,21.69,22.24,20.95,45.89,-13.63,-8.09,790797,Strengthening,Average,54.82%,0.63,20.46,21.45,51%
KVUE,"Kenvue Inc","Consumer Prdts - Misc Staple",19.2,-0.10%,1,Hold,"96% Buy",+0.61,-7.47%,18.29,19.11,18.18,19.16,51.49,-26.75,-1.64,29304514,Weakening,Average,62.61%,0.7,18.73,19.6,54%
BKTI,"Bk Technologies Inc","Wireless Equipment",75.13,-2.20%,3,Sell,"88% Sell",+0.57,+6.61%,83.96,79.98,82.91,77.4,42.07,-12.67,-12.22,46495,Strongest,Average,46.94%,0.76,74.01,80.8,17%
APLD,"Applied Digital Corp","Finance - Misc Services",27.44,+2.12%,6,Sell,"88% Sell",+0.53,+64.31%,35.16,31.54,33.49,29.08,43.88,45.03,-1.03,24034246,Average,Average,23.78%,0.86,26.2,31.97,22%
SBR,"Sabine Royalty Trust","Oil - US Royalty Trusts",73.94,+0.71%,4,Buy,"8% Sell",+0.53,+2.25%,74.44,72.95,73.77,72.7,55.37,-17.03,-5.11,38799,Weakening,Minimum,75.15%,0.89,70.94,74.45,85%
GNRC,"Generac Holdings Inc","Machinery - General Industrial",197.29,-4.52%,4,Sell,"40% Sell",+0.44,+5.51%,238.1,228.44,226.18,210.16,37.75,-13.77,31.73,1042427,Average,Weak,19.61%,2.2,195.06,225.25,7%
JLHL,"Julong Holding Limited Cl A","Building & Construction - Misc",6.57,+4.12%,3,Sell,"72% Sell",+0.34,+60.64%,14.02,9.95,11.12,7.26,43.4,41.36,50.09,922833,Average,Weak,8.11%,0.03,5.26,9.27,33%
TXNM,"Txnm Energy Inc","Other Alt Energy",57.51,-0.05%,1,Hold,"48% Sell",+0.24,+1.52%,58.15,57.38,58.39,57.46,50.56,-17.76,-15.27,1210066,Weakening,Average,55.00%,0.28,57.11,57.81,58%
IBM,"Intl Business Machines","Computer - Integrated Systems",238.79,+3.88%,6,Sell,"88% Sell",+0.23,-2.47%,247.17,244.3,251.71,233.79,52.73,-21.75,-32.32,7181855,Weakening,Average,47.80%,0.56,225.92,241.67,82%
AXP,"American Express Company","Finance - Misc Services",334.16,-0.59%,6,Sell,"8% Buy",+0.14,+3.63%,330.23,342.76,328.21,339.77,44.33,-15.65,-22.61,3132480,Weakest,Minimum,25.22%,0.69,330.94,348.6,18%
ATR,Aptargroup,"Containers - Paper Products",132.86,-1.76%,2,Buy,"72% Buy",+0.06,-4.72%,125.49,130.23,127.64,134.14,50.42,-24.,-4.,508401,Weakening,Average,57.69%,0.64,131.02,137.27,29%
WLKP,"Westlake Chemical Partners LP","Chemical - Specialty",21.73,+0.18%,2,Sell,"24% Sell",+0.01,-2.07%,22.41,21.96,22.21,21.59,49.55,-21.35,1.43,42949,Weakest,Minimum,50.11%,0.94,21.22,21.96,69%
ELLO,"Ellomay Capital Ltd","Utility - Electric Power",20.21,+2.54%,5,Buy,"40% Sell",-0.26,+15.49%,21.96,19.66,23.51,20.03,51.37,-3.79,-29.77,6862,Weakest,Soft,62.04%,0.43,19.07,20.99,59%
BOSC,"Bos Better Online","Computer - Networks",4.68,+2.86%,4,Buy,"24% Buy",-0.37,-4.10%,4.47,4.43,4.59,4.55,61.14,-23.38,-10.31,60620,Strengthening,Minimum,33.28%,1.43,4.41,4.69,98%
MSCI,"MSCI Inc","Finance - Investment Mgmt",569.15,+0.87%,2,Sell,"40% Sell",-0.58,-0.18%,583.88,579.53,574.73,566.61,48.83,-19.46,-13.74,650257,Weakening,Minimum,52.94%,0.72,555.54,577.68,61%
KPRX,"Kiora Pharmaceuticals Inc.","Medical - Drugs",2.66,+2.70%,10,Buy,"100% Buy",-0.63,-6.99%,2.55,2.57,2.4,2.6,55.02,-26.27,22.09,179966,Strongest,Average,49.38%,0.41,2.49,2.71,77%
MC,Moelis,"Finance - Investment Brokers",68.63,+2.11%,4,Sell,"88% Buy",-0.69,-5.35%,66.59,67.1,64.95,67.62,52.95,-24.63,-13.1,1021643,Strengthening,Weak,66.16%,0.82,64.82,70.42,68%
FCPT,"Four Corners Property Trust IN","REIT - Equity Trust Other",25.18,-0.47%,2,Sell,"56% Buy",-0.89,-2.78%,25.13,25.29,25.04,25.15,48.37,-22.06,-3.75,805367,Weakest,Weak,74.94%,0.98,24.61,25.68,53%
BCML,"Bay Commercial Bk CA","Banks - West",29.98,-0.70%,6,Sell,"24% Sell",-1.07,-1.64%,31.11,31.85,30.6,30.55,38.41,-20.92,-10.97,44231,Weakening,Minimum,20.20%,0.72,29.7,31.4,17%
AWK,"American Water Works","Utility - Water Supply",136.69,-0.58%,2,Buy,"88% Buy",-1.13,-5.57%,130.77,133.64,131.51,135.82,52.74,-24.85,-8.2,2008755,Weakening,Average,65.13%,1.02,132.13,139.52,62%
SRL,"Scully Royalty Ltd","Conglomerates - Div Operations",5.84,-0.51%,5,Buy,"40% Sell",-1.25,+10.19%,7,5.82,7.21,5.8,51.73,-9.09,-44.64,21458,Weakest,Average,32.30%,0.21,5.43,6.16,56%
AVO,"Mission Produce Inc","Agriculture Operations",12.52,-3.32%,5,Hold,"32% Sell",-1.34,+0.32%,12.72,12.75,13.03,12.92,42.67,-18.96,-5.01,940061,Weakening,Minimum,34.59%,0.74,12.35,13.49,15%
GLAS,"Glass House Brands Inc","Medical Products",9.78,-5.96%,3,Sell,"8% Buy",-1.43,+18.69%,10.48,10.76,9.73,9.83,46.45,-0.59,-2.43,278515,Weakest,Minimum,62.92%,0.8,9.22,10.44,46%
HCA,"Hca Holdings Inc","Medical Services",419.34,-1.83%,5,Buy,"8% Sell",-1.53,+3.53%,412.89,399.68,445.28,413.1,56.17,-15.75,-23.12,1330782,Weakest,Weak,68.73%,0.64,395.4,430.8,68%
AON,"AON Plc","Insurance - Brokers",349.56,-1.25%,1,Hold,"48% Buy",-1.60,-5.11%,337.15,351.86,334.15,354.8,45.59,-24.39,-13.88,1349127,Weakest,Average,52.20%,0.51,345.56,364.03,22%
MRSH,"Marsh & Mclennan Companies","Business Services",190,-1.69%,2,Buy,"72% Buy",-1.66,-7.93%,174.55,181.87,175.83,190.56,53.53,-27.21,-10.53,2795745,Weakening,Average,70.10%,1.08,185.55,195.56,44%
BFS,"Saul Centers","REIT - Equity Trust Retail",33.45,-0.68%,1,Sell,"24% Sell",-1.78,-1.62%,35.07,35.43,34.53,34.11,37.42,-20.9,-6.85,76270,Average,Minimum,34.47%,0.6,33.37,34.86,5%
VOR,"Vor Biopharma Inc","Medical - Biomedical",23.53,-0.59%,9,Buy,"100% Buy",-1.92,-41.17%,17.51,20.13,16.43,23.01,59.79,-60.46,66.95,1318578,Strengthening,Average,71.21%,0.5,21.51,24.52,67%
PHM,Pultegroup,"Building - Residential & Comm",126.75,-2.52%,2,Buy,"56% Buy",-2.06,-3.27%,124.52,129.23,125.6,129.72,46,-22.55,-4.85,1791844,Weakest,Soft,44.05%,0.69,125.85,133.59,12%
ENSG,"The Ensign Group IN","Medical - Nursing Homes",173.54,-3.93%,3,Hold,"48% Sell",-2.17,+0.78%,175.45,172.77,183.9,180.12,40.95,-18.5,-13.32,511991,Average,Weak,25.37%,0.56,175.18,185.07,-17%
RAVE,"Rave Restaurant Group","Retail - Restaurants",3.11,0.00%,4,Sell,"32% Buy",-2.18,-4.01%,2.98,3.2,2.96,3.12,48.49,-23.29,-18.7,51123,Weakest,Soft,64.93%,0.88,2.99,3.25,47%
COST,"Costco Wholesale","Retail - Discount",934.66,-2.24%,1,Hold,"64% Sell",-2.31,-1.57%,974.9,946.18,979.62,951.88,43.95,-20.85,-4.55,2279806,Strongest,Soft,46.27%,1,933.85,969.91,2%
VLTO,"Veralto Corporation","Waste Removal Svcs",98.37,-0.32%,2,Buy,"88% Buy",-2.37,-8.38%,90.25,93.62,91.13,97.61,56.7,-27.66,-14.35,1977104,Average,Good,54.39%,0.49,94.67,100.56,63%
LGIH,"LGI Homes Inc","Building - Residential & Comm",56.99,-2.11%,1,Hold,"48% Buy",-2.72,-9.38%,52.51,58.8,50.93,58.24,47.15,-28.66,19.72,403058,Weakest,Good,38.68%,0.49,54.78,61.7,32%
CWST,"Casella Waste Sys","Waste Removal Svcs",93,-0.79%,5,Buy,"56% Buy",-2.74,-7.15%,88.52,92.46,90.13,91.5,53.17,-26.43,-17.98,797316,Weakening,Weak,77.73%,0.44,88.35,94.65,74%
ATO,"Atmos Energy Corp","Utility - Gas Distribution",167.22,-1.32%,1,Sell,"88% Sell",-2.77,+0.58%,176.57,173.3,177.65,170.02,38.56,-18.7,-13.18,1235170,Strengthening,Good,28.44%,0.73,166.34,173.71,12%
EXC,"Exelon Corp","Utility - Electric Power",43.96,-1.08%,1,Sell,"56% Sell",-2.79,-0.97%,46.05,46.07,46.51,45.1,37.55,-20.25,-12.09,8215586,Strengthening,Average,19.68%,0.64,43.81,46.4,6%
BBOT,"Bridgebio Oncology Therapeutics Inc","Medical - Biomedical",9.18,-0.86%,8,Buy,"24% Buy",-2.80,-1.29%,8.51,8.58,9.11,9.06,53.83,-20.57,-39.62,321857,Weakening,Minimum,48.64%,0.97,8.35,9.76,59%
RILY,"Brc Group Holdings Inc","Finance - Misc Services",7.11,+0.28%,8,Sell,"56% Sell",-2.81,+26.74%,8.02,7.4,7.81,7.26,46.72,7.46,39.31,1133445,Weakening,Weak,27.08%,0.51,6.88,7.64,30%
RGCO,"Rgc Resources Inc","Oil - Refining and Marketing",21.84,-0.66%,1,Sell,"24% Sell",-2.97,-1.80%,22.95,23,22.54,21.76,45.63,-21.08,-10.4,12405,Average,Weak,63.71%,0.44,21.2,22.31,58%
LINE,"Lineage Inc","REIT - Equity Trust Other",39.55,-2.49%,2,Sell,"8% Buy",-2.99,-5.31%,40.8,42.39,39.56,41.44,38.78,-24.59,0.06,1259938,Weakening,Minimum,19.11%,0.62,39.96,42.93,-14%
QTWO,"Q2 Holdings Inc","Internet - Software",65.68,+1.06%,8,Buy,"72% Buy",-3.03,-15.96%,52.16,56.41,52.26,63.76,66.32,-35.24,-21.92,861445,Strongest,Average,61.89%,0.66,61.45,66.07,92%
BNTC,"Benitec Biopharma Ltd ADR","Medical - Biomedical",12.67,-1.63%,8,Buy,"72% Buy",-3.13,-1.48%,12.23,12.7,11.95,12.88,49,-20.76,-18.88,158977,Average,Soft,46.38%,0.67,11.87,13.89,39%
DUK,"Duke Energy Corp","Utility - Electric Power",120.84,-0.86%,1,Sell,"72% Sell",-3.13,-2.30%,125.57,125.28,126.19,123.12,40.13,-21.58,-9.84,3889988,Strongest,Average,28.72%,0.76,120.27,125.96,10%
STE,"Steris Corp","Medical Instruments",232.97,-1.60%,5,Buy,"24% Buy",-3.46,-6.43%,218.83,222.23,225.46,234.79,53.04,-25.71,-21.05,758476,Weakest,Minimum,59.50%,0.69,228.93,240.64,35%
TV,"Grupo Televisa S.A. ADR","Media Conglomerates",2.75,-4.51%,3,Buy,"72% Sell",-3.53,+2.23%,2.83,2.78,2.91,2.8,47.17,-17.05,-18.44,1259252,Strengthening,Weak,50.95%,1.46,2.69,2.92,28%
TAC,"Transalta Corp","Utility - Electric Power",12.5,-1.11%,1,Sell,"48% Sell",-3.71,+3.56%,13.15,13.2,13.11,12.48,46.42,-15.72,-14.05,1567750,Weakening,Weak,58.75%,0.6,12.11,12.85,53%
EPRT,"Essential Properties Realty Trust Inc","REIT - Equity Trust Retail",30.36,-1.14%,2,Sell,"100% Sell",-3.93,-2.88%,31.18,31.09,31.47,30.8,40.21,-22.16,-10.58,1933015,Strongest,Average,42.47%,0.6,30.15,31.45,16%
SBGI,"Sinclair Inc","Media Conglomerates",14.02,-2.16%,3,Buy,"72% Sell",-4.26,-3.64%,14.36,14.13,14.33,14.22,47.19,-22.92,-21.31,466827,Average,Soft,52.45%,0.88,13.54,14.91,35%
IBP,"Installed Building Products","Building & Construction - Misc",240.86,-2.09%,4,Buy,"24% Sell",-4.41,-10.48%,238.33,231.44,258.72,241.67,51.44,-29.76,-20.08,372899,Weakest,Weak,60.59%,0.49,228.73,254.6,47%
EGAN,"Egain Corp","Internet - Software",7.48,+4.18%,9,Buy,"8% Sell",-4.56,+18.73%,7.15,6.88,7.85,7.27,60.48,-0.55,-40.25,253273,Weakening,Minimum,46.90%,0.63,6.95,7.59,83%
WM,"Waste Management","Waste Removal Svcs",217.76,-1.57%,1,Sell,"24% Sell",-4.56,-3.57%,225.16,228.15,227.66,224.85,33.81,-22.85,-13.83,2126207,Average,Weak,4.04%,1.1,220.01,229.69,-23%
NPB,"Northpointe Bancshares Inc","Finance - Savings & Loan",17.11,+1.30%,4,Sell,"40% Sell",-4.74,-3.71%,17.81,17.86,17.72,17.22,44.52,-22.99,-10.97,235928,Weakest,Soft,24.96%,0.58,16.86,17.58,35%
SMA,"Smartstop Self Storage REIT Inc","REIT - Equity Trust Other",33.39,-1.68%,1,Hold,"64% Buy",-4.90,-8.50%,32.63,33.66,32.43,34.01,43.01,-27.78,-5.02,782222,Weakening,Average,29.43%,1.3,33.4,34.61,-1%
CRNT,"Ceragon Networks Ltd","Wireless Non-US",2.14,+3.38%,4,Sell,"88% Sell",-4.98,+6.47%,2.46,2.28,2.4,2.16,46.36,-12.81,-11.04,584034,Average,Average,18.10%,0.59,2.03,2.28,43%
VEL,"Velocity Financial Inc","Finance - Mortgage & Rel Svs",18.08,+2.20%,4,Buy,"8% Sell",-5.07,-5.09%,18.05,17.83,18.3,18.06,51.91,-24.37,-25.85,101209,Weakest,Weak,19.63%,1.17,17.53,18.6,52%
LONA,"Leonabio Inc","Medical - Biomedical",7.89,+1.02%,7,Sell,"8% Sell",-5.14,+97.25%,8.71,8.08,8.05,7.74,50.76,77.97,-8.71,362575,Weakest,Minimum,36.48%,0.09,7.29,8.19,67%
XLO,"Xilio Therapeutics Inc","Medical - Biomedical",9.01,-0.44%,6,Buy,"56% Buy",-5.18,-5.99%,8.65,9.08,8.4,9.18,46.08,-25.27,-12.41,38615,Weakening,Weak,29.80%,0.26,8.9,9.46,20%
OPCH,"Option Care Health Inc","Medical - Outpatient & Hm Care",23.98,-0.25%,2,Buy,"8% Sell",-5.19,-16.12%,22.92,22.53,25.85,23.73,59.39,-35.4,-37.67,2403584,Weakest,Weak,52.99%,0.58,23.1,24.36,70%
IRS,"Irsa Inversiones Y Representaciones S.A. ADR","Real Estate Developers",14.92,-0.80%,3,Sell,"72% Sell",-5.53,+4.78%,15.15,15.25,15.34,14.84,49.04,-14.5,-22.73,166941,Strongest,Weak,79.98%,0.74,14.39,15.29,59%
AQN,"Algonquin Power & Util","Utility - Electric Power",5.68,-0.53%,1,Sell,"100% Sell",-5.65,-2.24%,5.95,5.81,6.14,5.77,42.53,-21.52,-20.58,4504733,Strongest,Strong,43.60%,0.79,5.65,5.89,13%
DBVT,"Dbv Technologies ADR","Medical - Biomedical",14.41,-0.76%,9,Hold,"80% Sell",-5.78,+51.84%,17.07,14.86,18.54,14.18,49.18,32.56,-37.77,338816,Strengthening,Average,72.80%,0.42,13.35,15,64%
CI,"The Cigna Group","Medical - HMO",277.67,-1.14%,1,Sell,"56% Sell",-5.83,-7.43%,283.49,283.48,281.02,277.76,47.04,-26.71,-12.05,1706683,Strongest,Weak,57.45%,0.71,271.57,283.94,49%
WOR,"Worthington Enterprises Inc","Building Products - Wood",57.79,-0.31%,3,Buy,"100% Buy",-5.85,-14.25%,56.01,56.44,55.19,57.51,54.46,-33.53,-0.88,211839,Strengthening,Average,54.61%,1.02,55.92,59.09,59%
WKEY,"Wisekey International Holding Ltd ADR","Protection - Safety",6.66,+3.58%,5,Sell,"88% Sell",-5.97,+19.78%,7.36,6.74,7.25,6.56,51.06,0.5,-28.1,155113,Weakening,Soft,28.01%,0.4,6.19,6.94,63%
BF.A,"Brown Forman Inc Cl A","Beverages - Alcohol",27.74,-3.41%,2,Buy,"88% Buy",-6.01,-9.88%,27.61,27.71,27.51,28.67,45.11,-29.16,-7.5,194083,Weakening,Weak,32.80%,1.07,27.77,29.57,-1%
NATH,"Nathan's Famous IN","Retail - Restaurants",97.74,+0.06%,1,Sell,"72% Sell",-6.03,-9.35%,100.15,99.13,100.36,97.75,46.35,-28.63,-8.48,36454,Average,Weak,47.16%,0.96,96.6,98.89,50%
MTN,"Vail Resorts","Leisure & Recreation Services",144.61,-2.76%,2,Buy,"56% Buy",-6.08,-11.20%,137.48,146.29,136.76,148.73,44.81,-30.48,-4.05,830562,Weakest,Average,48.15%,0.77,144.42,153.04,2%
LSPD,"Lightspeed Commerce Inc","Internet - Software",10.79,+2.86%,2,Buy,"88% Buy",-6.09,-11.63%,9.77,10.27,9.65,10.47,57.1,-30.91,-23.62,902755,Strongest,Average,58.02%,0.71,10.08,10.86,91%
PRKS,"United Parks & Resorts Inc","Leisure & Recreation Services",42.49,-1.48%,3,Sell,"40% Buy",-6.14,-18.45%,41.68,45.66,39.21,44.65,37.26,-37.73,4.11,996040,Weakest,Soft,10.46%,0.93,42.9,46.41,-12%
POCI,"Precision Optics Corp Inc","Medical Instruments",4.43,+1.84%,5,Sell,"56% Sell",-6.32,-10.69%,4.72,4.62,4.69,4.31,50.61,-29.97,-7.09,35915,Weakening,Weak,33.82%,0.53,4.09,4.53,77%
TATT,"T A T Tech Ltd","Aerospace - Defense Equipment",37.33,-5.10%,2,Sell,"88% Sell",-6.45,+0.74%,40.53,41.82,44.07,39.21,42.64,-18.54,-29.36,184389,Strongest,Average,33.27%,0.64,35.89,42.52,22%
BF.B,"Brown Forman Cl B","Beverages - Alcohol",27.28,-2.81%,2,Buy,"56% Buy",-6.58,-10.41%,27.08,27.24,27.03,28.15,45.4,-29.69,-8.26,4400604,Weakest,Weak,32.25%,0.71,27.31,29,-1%
CBRE,"CBRE Group","Real Estate Operations",147.22,-2.09%,4,Buy,"40% Buy",-6.68,-9.70%,140.86,143.07,142.85,149.6,49.15,-28.98,-21.38,1969054,Weakest,Weak,48.47%,0.77,144.26,154.95,28%
MARPS,"Marine Petroleum U","Oil - US Royalty Trusts",4.54,-7.72%,5,Hold,"40% Sell",-6.73,-10.21%,4.83,4.74,4.88,4.8,36.46,-29.49,-3.41,33926,Weakening,Weak,72.59%,3.11,4.63,4.97,-28%
MTH,"Meritage Corp","Building - Residential & Comm",70.53,-2.35%,2,Sell,"24% Buy",-6.79,-9.41%,70.69,74.81,70.31,72.64,44.18,-28.69,-5.75,916746,Weakest,Weak,35.51%,0.74,69.91,75.36,11%
MGEE,"Mge Energy Inc","Utility - Electric Power",78.36,-1.30%,1,Sell,"24% Sell",-6.99,-10.44%,78.93,80.55,78.84,80.32,39.07,-29.72,-13.02,208747,Weakening,Minimum,11.89%,0.48,78.36,82.27,0%
ZKH,"Zkh Group Limited ADR","Internet - Services",2.96,+1.72%,3,Buy,"8% Sell",-6.99,+3.50%,2.86,2.76,3.02,2.9,56.24,-15.78,-32.51,170075,Weakest,Weak,82.54%,0.35,2.81,2.99,81%
CHSCP,"CHS Inc","Agriculture Operations",26.66,-0.04%,5,Sell,"96% Sell",-7.06,-7.72%,27.23,26.75,27.52,26.66,47.12,-27.,-16.69,16174,Average,Strong,45.39%,0.42,26.57,26.75,48%
ENR,"Energizer Holdings Inc","Consumer Prdts - Misc Staple",22.11,+0.64%,2,Hold,"96% Buy",-7.07,-21.40%,20.08,21.42,20.02,21.96,54.63,-40.68,-1.78,1241719,Strongest,Average,62.65%,0.7,20.82,23.1,57%
VRTS,"Virtus Investment Partners","Finance - Investment Mgmt",167.23,-0.01%,2,Buy,"88% Buy",-7.08,-17.06%,150.81,159.87,147.34,166.54,54.39,-36.34,-10.44,105766,Average,Good,47.42%,0.83,161.56,171.52,57%
CRAI,"Cra International",Consulting,172.5,+1.06%,2,Buy,"56% Buy",-7.24,-13.92%,157.77,164.73,161.79,172.75,52.43,-33.2,-26.99,149604,Average,Weak,53.95%,0.69,163.76,181.74,49%
IRT,"Independence Realty Trust Inc","REIT - Equity Trust Resident",16.4,-1.26%,7,Sell,"8% Buy",-7.28,-7.45%,16.46,16.7,16.35,16.77,43.65,-26.73,-19.12,2722355,Weakest,Minimum,21.96%,1.11,16.32,17.23,9%
PAHC,"Phibro Anl Htlh A","Medical Products",36.35,+0.72%,3,Buy,"40% Sell",-7.40,+12.89%,38.68,33.99,42.51,35.31,59.42,-6.39,-15.64,296783,Weakest,Average,71.51%,1.76,33.35,37.27,76%
UG,"United Guardian Inc","Medical Products",7.2,+0.14%,1,Sell,"56% Buy",-7.41,-11.00%,7.1,7.27,6.95,7.17,49.1,-30.28,3.94,8474,Weakening,Weak,25.72%,0.4,7.03,7.31,61%
AGMB,"Agomab Therapeutics NV Adrs","Medical - Biomedical",13.84,-3.08%,8,Hold,N/A,-7.42,N/A,12.03,13.11,0,13.87,52.92,N/A,N/A,N/A,N/A,N/A,45.72%,1.45,12.66,15.07,49%
PPL,"PPL Corp","Utility - Electric Power",34.44,-1.66%,1,Sell,"100% Sell",-7.61,-5.95%,36.34,35.73,36.69,35.21,39.48,-25.23,-14.6,8408983,"Top 1%",Strong,20.07%,0.92,34.35,36.06,5%
WCN,"Waste Connections Inc","Waste Removal Svcs",165.68,-0.88%,2,Hold,"32% Buy",-7.66,-9.58%,162.2,167.15,163.52,166.73,46.41,-28.86,-18.46,1469690,Weakest,Weak,33.74%,0.73,164.01,169.45,31%
GBTG,"Global Business Travel Group Inc","Internet - Software",9.46,0.00%,13,Buy,"100% Buy",-7.82,+14.81%,8.72,9.42,7.72,9.45,60.14,-4.47,10.72,2383797,Average,Strong,37.04%,0.58,9.42,9.48,69%
EPAC,"Actuant Corp","Machinery - Tools & Related",37.5,-0.56%,6,Buy,"40% Buy",-7.99,-12.36%,35.42,36.01,36.67,37.04,57.95,-31.64,-14.88,441116,Strengthening,Weak,72.75%,0.88,36.08,38,74%
UHS,"Universal Health Services","Medical - Hospitals",172.58,-3.42%,7,Buy,"8% Sell",-7.99,-5.39%,162.45,160.12,176,172.25,55.42,-24.67,-33.78,843728,Weakest,Minimum,72.44%,0.65,166.39,178.1,53%
KMB,"Kimberly-Clark Corp","Consumer Prdts - Misc Staple",109.98,-0.33%,1,Hold,"96% Buy",-8.01,-15.54%,103.65,109.26,103.38,109.6,51.54,-34.82,-3.93,4985982,Weakening,Average,61.26%,0.84,106.92,112.27,57%
REXR,"Rexford Industrial Realty Inc","REIT - Equity Trust Other",37.12,-0.40%,1,Buy,"48% Buy",-8.11,-11.15%,35.68,36,35.98,36.94,52.62,-30.43,-17.07,2474111,Weakest,Weak,66.94%,0.53,35.83,38.05,58%
AB,"Alliancebernstein Holding LP","Finance - Investment Mgmt",36.59,-0.71%,1,Sell,"100% Sell",-8.12,-8.52%,37.44,36.72,38.04,36.66,47.95,-27.81,-17.85,320620,Strengthening,Strong,57.12%,2.15,35.95,37.37,45%
GDS,"Gds Holdings Ltd ADR","Technology Services",33.51,+2.92%,8,Buy,"40% Sell",-8.33,-0.48%,36.01,32.12,38.45,33.01,53.18,-19.76,-16.92,2044382,Weakest,Average,42.07%,0.76,31.06,34.95,63%
AMRN,"Amarin Corp ADR","Medical - Biomedical",14.07,-2.12%,5,Sell,"88% Sell",-8.40,-9.05%,14.61,14.66,14.72,14.17,46.85,-28.33,-12.12,80616,Strengthening,Soft,34.08%,1.05,13.86,14.47,34%
IVR,"Invesco Mortgage Capital Inc","REIT - Mortgage Trusts",7.42,+0.68%,7,Sell,"100% Sell",-8.44,-4.38%,7.89,7.69,8.07,7.46,41.56,-23.66,-24.71,2343238,Strengthening,Strong,27.96%,0.7,7.34,7.57,34%
RHLD,"Resolute Holdings Management","Finance - Misc Services",133.73,-2.56%,6,Hold,"16% Sell",-8.46,+109.05%,130.7,133.08,145.1,131.13,51.63,89.77,-48.16,164915,Weakest,Weak,69.94%,1.09,119.77,142.5,61%
MBUU,"Malibu Boats Inc","Leisure & Recreational Prdcts",28.8,+8.11%,4,Hold,"48% Buy",-8.52,-27.13%,27.25,27.95,27.78,28.94,51.25,-46.41,-10.85,277390,Average,Weak,24.94%,1.93,27.42,30.45,45%
PG,"Procter & Gamble","Consumer Prdts - Misc Staple",143.14,-1.28%,1,Sell,"88% Sell",-8.60,-8.80%,146.1,147.2,148.52,145.02,42.79,-28.08,-13.06,9965390,Strongest,Soft,44.72%,0.84,142.28,147.75,16%
LCII,"Lci Industries","Auto - Truck Original Parts",102.3,-0.67%,2,Hold,"80% Sell",-8.69,-5.26%,107.47,103.06,117.23,105.22,45.19,-24.54,-28.63,367194,Strengthening,Average,23.79%,0.61,101.21,109.22,14%
TSQ,"Townsquare Media Llc","Broadcast - Radio & TV",5.81,-0.68%,7,Sell,"72% Sell",-9.07,-16.52%,6.4,6.3,6.43,5.9,44.49,-35.8,0.1,114608,Average,Weak,39.49%,0.49,5.39,6.42,41%
CYH,"Community Health Systems","Medical - Hospitals",2.93,+0.34%,8,Sell,"72% Sell",-9.18,+5.02%,3.01,3.12,3.08,2.94,46.42,-14.26,-19.03,1671452,Weakening,Soft,52.94%,0.44,2.84,3.05,43%
KAZR,"Skyline Builders Group Holding Limited Cl A","Engineering & R&D Services",2.2,+10.00%,3,Sell,"88% Sell",-9.23,+168.69%,2.89,2.4,2.95,2.12,50.93,149.41,-38.11,204952,Weakening,Average,26.03%,2.13,1.87,2.37,66%
GBDC,"Golub Capital Bdc","Finance - SBIC & Commercial",13.07,-0.31%,6,Buy,"24% Buy",-9.42,-11.21%,13.04,12.92,12.88,13.13,49.5,-30.49,-16.62,1827059,Weakest,Minimum,35.54%,0.86,12.87,13.38,39%
AFRM,"Affirm Holdings Inc Cl A","Internet - Software",77.49,+1.35%,5,Sell,"72% Buy",-9.48,-0.13%,70.81,77.09,64.49,76.21,52.82,-19.41,-8.83,5158905,Strengthening,Average,63.37%,2.62,72.51,79.9,67%
IVA,"Inventiva S.A. ADR","Medical - Biomedical",4.9,+1.66%,6,Buy,"16% Sell",-9.92,-6.31%,4.67,4.35,5.18,4.67,61.84,-25.59,-7.56,589502,Weakening,Weak,69.80%,0.8,4.4,4.93,94%
OXM,"Oxford Industries","Textile - Apparel",38.2,-1.47%,1,Hold,"48% Sell",-10.15,-15.13%,40.03,37.3,39.22,36.94,54.55,-34.41,-1.24,403769,Weakening,Weak,78.90%,0.71,34.57,39.31,77%
CEG,"Constellation Energy","Other Alt Energy",282.41,+1.03%,8,Buy,"8% Sell",-10.17,-10.61%,274.77,264.77,281.58,273.36,60.4,-29.89,-33.,3260418,Weakening,Weak,72.51%,0.58,260.98,285.74,87%
AERT,"Aeries Technology Inc","Technology Services",6.87,-1.43%,6,Buy,"88% Buy",-10.21,+11.53%,6.08,6.86,5.13,6.83,52.37,-7.75,53.65,42790,Average,Strong,65.64%,0.55,6.36,7.3,54%
FPH,"Five Point Holdings Llc Cl A","Real Estate Developers",5.1,0.00%,2,Buy,"24% Sell",-10.36,-9.25%,5.08,5.18,5.14,5.16,45.23,-28.53,-21.71,175174,Weakening,Weak,12.70%,0.9,5.06,5.27,20%
MAA,"Mid-America Apartment Communities","REIT - Equity Trust Resident",128.79,-2.06%,2,Sell,"24% Sell",-10.36,-10.82%,132.14,134.38,131.54,132.39,39.2,-30.1,-20.23,985467,Average,Weak,17.52%,0.75,129.47,135.32,-12%
AARD,"Aardvark Therapeutics Inc","Medical - Biomedical",6.62,-2.79%,5,Hold,Hold,-10.37,-26.36%,5.42,6.14,6.55,6.89,50.35,-45.64,-62.5,241732,Bearish,,50.21%,0.26,5.93,7.85,36%
TRC,"Tejon Ranch Company","Real Estate Operations",16.14,+1.70%,1,Sell,"88% Sell",-10.38,-7.13%,18.5,17.53,18.22,16.45,35.2,-26.41,-10.59,107615,Strengthening,Strong,13.78%,1.61,15.98,16.93,17%
SBAC,"SBA Communications","REIT - Equity Trust Other",186.96,+0.53%,5,Sell,"40% Sell",-10.42,-10.17%,196.78,182.88,193.83,183.28,54.95,-29.45,-16.28,996677,Weakest,Soft,83.92%,0.66,177.97,188.59,85%
HNNA,"Hennessy Advisors","Finance - Investment Mgmt",9.99,-0.35%,6,Sell,"32% Buy",-10.42,-12.71%,9.98,10,9.97,9.94,52.75,-31.99,-8.83,11172,Average,Minimum,46.45%,1.78,9.8,10.08,71%
LEU,"Centrus Energy Corp","Mining - Non Ferrous",194.78,+3.81%,7,Buy,"8% Buy",-10.62,-1.77%,182.22,174.87,194.72,185.62,56.7,-21.05,-32.7,927346,Average,Minimum,57.55%,0.67,173.91,197.32,89%
MLYS,"Mineralys Therapeutics Inc","Medical - Biomedical",26.01,+0.46%,2,Sell,"100% Sell",-10.65,+71.01%,27.26,26.81,27.51,26.35,46.56,51.73,-41.27,1346576,Average,Weak,35.99%,0.4,25.04,27.66,37%
DFIN,"Donnelly Financial Solutions Inc","Internet Software Services",47.96,+0.67%,2,Buy,"56% Buy",-10.73,-15.56%,45.22,46.48,46.19,48.21,50.91,-34.84,-10.22,275979,Average,Weak,39.64%,0.56,46.62,49.8,42%
ATAT,"Atour Lifestyle Holdings ADR","Leisure & Recreation Services",34.69,-1.64%,3,Buy,"56% Sell",-10.81,-6.95%,34.87,33.4,35.67,34.86,51.17,-26.23,-24.89,1132189,Weakening,Soft,53.50%,1.56,33.25,36.47,45%
PHUN,"Phunware Inc","Internet - Software",2.11,0.00%,6,Hold,"88% Buy",-11.18,-20.08%,2.07,2.08,1.97,2.11,50.94,-39.36,1.11,145256,Average,Weak,63.42%,1.02,2.01,2.21,49%
GAP,"Gap Inc","Retail - Apparel & Shoes",20.79,-1.70%,6,Buy,"40% Sell",-11.32,-6.77%,21.75,20.05,23.24,20.44,54.76,-26.05,-31.73,7910665,Weakest,Average,55.74%,3.12,19.57,21.3,70%
ANGH,"Anghami Inc","Broadcast - Radio & TV",3.54,+4.73%,1,Sell,"8% Buy",-11.36,+4.89%,3.74,3.67,3.44,3.47,51.38,-14.39,-19.04,263603,Weakest,Minimum,23.29%,2.51,3.18,3.77,61%
SOHU,"Sohu.com Inc ADR","Internet - Services",14.14,-0.18%,8,Buy,"24% Sell",-11.39,-9.85%,13.99,13.32,14.74,14.19,52.92,-29.13,-22.56,47798,Weakest,Weak,43.38%,0.95,13.66,14.72,45%
PMN,"Promis Neurosciences Inc","Medical - Biomedical",13.99,-3.25%,1,Buy,"56% Buy",-11.92,+4.91%,12.15,13.5,13.65,14.46,48.12,-14.37,92.04,92644,Weakest,Weak,40.60%,0.18,13.36,15.56,29%
FCN,"Fti Consulting",Consulting,151.99,+0.05%,2,Sell,"100% Sell",-11.97,-10.56%,160.13,154.6,163.22,153.38,44.73,-29.84,-23.97,410763,Strengthening,Strong,33.10%,0.56,148.29,158.47,36%
CE,"Celanese Corp","Chemical - Specialty",44.87,+0.38%,8,Sell,"72% Sell",-11.98,-4.86%,52.68,46.18,53.4,44.82,47.08,-24.14,-6.81,2134915,Weakening,Average,35.39%,0.56,42.83,46.82,51%
UTSI,"Utstarcom Holdings C","Communications Components",2.34,-0.85%,6,Sell,"88% Sell",-12.02,-7.87%,2.53,2.45,2.5,2.43,42.8,-27.15,-20.81,104327,Strengthening,Soft,53.97%,0.01,2.31,2.55,14%
TKC,"Turkcell Iletisim Hizmetleri As ADR","Wireless Non-US",5.4,-0.37%,3,Sell,"100% Sell",-12.03,-12.62%,5.91,5.66,6.1,5.45,41.19,-31.9,-14.22,1481701,Strongest,Strong,43.59%,1.44,5.34,5.55,27%
IP,"International Paper Company","Paper & Related Products",39.88,-3.65%,1,Buy,"72% Buy",-12.06,-17.55%,36.54,39.49,38.04,41.08,47,-36.83,-11.7,6079349,Weakening,Soft,37.81%,0.79,39.79,42.37,3%
SRI,"Stoneridge Inc","Electronics - Misc Components",7.1,-0.84%,1,Sell,"40% Buy",-12.09,-17.44%,7.05,7.19,7.03,7.17,48.22,-36.72,9.69,204151,Weakest,Weak,57.17%,0.43,6.78,7.56,41%
PIPR,"Piper Jaffray Companies","Finance - Misc Services",74.64,+0.27%,2,Sell,"100% Sell",-12.26,-11.52%,78.72,75.59,78.85,75.29,47.22,-30.8,-25.05,614474,Strengthening,Average,34.38%,0.72,73.15,77.43,35%
AMT,"American Tower Corp","REIT - Equity Trust Other",174.16,-0.89%,3,Buy,"40% Sell",-12.27,-14.32%,176.33,171.15,177.83,173.49,51.25,-33.6,-13.74,3131705,Average,Weak,66.53%,0.73,167.88,179.09,56%
LBTYA,"Liberty Global Ltd Ord A","Diversified Comm Services",10.54,-2.23%,6,Sell,"100% Sell",-12.27,-10.60%,11.37,10.69,11.57,10.59,47.92,-29.88,-18.33,2297105,Strongest,Strong,70.37%,1.1,10.18,10.99,44%
DHI,"D.R. Horton","Building - Residential & Comm",145.26,-2.67%,3,Sell,"56% Sell",-12.63,-13.28%,149.43,151.18,149.57,148.32,45.38,-32.56,-12.09,2701331,Strengthening,Weak,36.06%,0.72,143.58,153.06,18%
DSGX,"Descartes Sys Group","Computer - Software",80.66,+4.09%,5,Buy,"72% Buy",-12.67,-19.10%,72.82,73.68,71.97,77.62,62.76,-38.38,-20.93,579052,Strongest,Soft,66.02%,1.41,74.67,80.57,102%
AOS,"Smith A.O. Corp","Machinery - Electrical",61.95,-0.85%,2,Buy,"8% Sell",-12.69,-14.46%,60.85,61.23,64.59,62.43,49.86,-33.74,-20.31,1521792,Weakest,Weak,44.24%,0.62,60.42,64.44,38%
KBH,"KB Home","Building - Residential & Comm",54.72,-2.43%,1,Sell,"24% Sell",-12.73,-13.58%,53.95,56.9,55.32,56.27,45.64,-32.86,-15.94,1168931,Weakening,Minimum,41.45%,0.97,53.66,58.88,20%
MOB,"Mobilicom Limited ADR","Protection - Safety",5.73,+1.24%,9,Buy,"24% Sell",-12.80,-2.55%,5.66,5.35,5.78,5.76,51.75,-21.83,-19.01,257647,Weakest,Minimum,18.88%,0.54,5.14,6.38,48%
NOMD,"Nomad Foods Ltd","Food - Misc & Diversified",11.99,-1.32%,2,Buy,"88% Buy",-12.92,-22.94%,10.69,11.52,10.88,11.8,53.83,-42.22,-17.1,1670927,Average,Average,66.26%,0.93,11.31,12.28,70%
TARA,"Artara Therapeutics Inc","Medical - Drugs",3.99,+2.05%,4,Sell,"88% Sell",-12.94,+23.53%,4.45,4.03,4.97,3.97,50.26,4.25,-38.08,833057,Weakening,Average,52.76%,0.48,3.82,4.11,58%
GFL,"Gfl Environmental Inc","Waste Removal Svcs",41.03,-0.70%,3,Buy,"40% Buy",-13.40,-17.33%,38.66,39.65,40.07,41.33,52.31,-36.61,-17.41,2151528,Weakening,Weak,26.53%,0.53,40.55,42.12,31%
ARL,"American Realty Investors","Real Estate Operations",15,+0.20%,5,Sell,"56% Sell",-13.69,-2.79%,15.54,16.75,15.9,15.18,44.06,-22.07,-19.54,6587,Weakening,Minimum,42.55%,0.2,14.65,15.7,33%
BANF,"Bancfirst Corp","Banks - Southwest",110.4,-1.25%,1,Sell,"8% Sell",-13.74,-17.52%,113.02,113.92,112.36,113.39,37.2,-36.8,-8.81,143288,Average,Minimum,14.26%,0.5,110.6,116.17,-4%
AENT,"Alliance Entertainment Holding Corp","Media Conglomerates",5.48,-2.49%,2,Sell,"100% Sell",-13.81,+3.98%,6.19,5.73,6.29,5.58,43.88,-15.3,-45.12,44234,Strengthening,Average,21.52%,0.33,5.37,5.78,26%
TIPT,"Tiptree Financial Cl A","Insurance - Brokers",18.29,-0.81%,4,Buy,"100% Buy",-13.83,-22.40%,17.6,17.95,17.38,18.07,54.22,-41.68,-12.83,243148,Strengthening,Soft,70.24%,0.68,17.57,18.57,72%
PLUG,"Plug Power Inc","Electronics Products - Misc",2.27,+4.61%,6,Sell,"72% Sell",-14.11,+40.12%,2.79,2.31,2.57,2.2,51.31,20.84,2.29,82359500,Weakening,Soft,37.82%,0.89,2.03,2.36,73%
LNN,"Lindsay Corp","Machinery - Farm",114.26,+0.11%,5,Sell,"56% Sell",-14.41,-18.64%,113.13,115.85,117.59,114.71,48.45,-37.92,-16.,147813,Weakening,Weak,33.42%,1.45,111.67,117.75,43%
NXST,"Nexstar Media Group Inc","Media Conglomerates",179.86,-3.05%,2,Hold,"64% Sell",-14.44,-12.76%,186.62,181.9,199.53,187.99,42.18,-32.04,-24.36,370758,Average,Average,29.67%,0.8,180.37,195.62,-3%
RGP,"Resources Connection Inc",Staffing,4.26,+1.43%,7,Sell,"40% Sell",-14.73,-15.64%,4.28,4.33,4.15,4.29,48.51,-34.92,-28.42,420706,Weakening,Minimum,33.33%,0.49,4.07,4.52,43%
GNTX,"Gentex Corp","Auto - Truck Original Parts",23.06,-3.39%,2,Sell,"24% Sell",-14.75,-18.89%,23.79,24.12,23.47,23.7,40.04,-38.17,-13.84,2305798,Average,Minimum,41.18%,1.2,23.17,24.22,-11%
CCM,"Concord Medical Services ADR","Medical - Nursing Homes",4.9,-1.21%,2,Buy,"100% Buy",-15.07,-11.57%,4.6,4.68,4.39,4.8,52.5,-30.85,14,32519,Strengthening,Average,45.21%,1.86,4.27,5.32,60%
BOOT,"Boot Barn Holdings Inc","Retail - Apparel & Shoes",155.62,-2.57%,5,Buy,"56% Sell",-15.09,-12.10%,161.2,160.86,166.06,161.73,45.09,-31.38,-24.76,665430,Average,Soft,14.00%,0.78,152.92,170.54,15%
LBTYK,"Liberty Global Ltd Ord C","Broadcast - Radio & TV",10.28,-2.10%,6,Sell,"100% Sell",-15.22,-14.40%,11.04,10.38,11.27,10.32,48.27,-33.68,-19.82,1212401,Strongest,Strong,73.90%,1.13,9.96,10.68,45%
MAT,"Mattel Inc","Toys & Game & Hobby",14.92,-2.04%,3,Buy,"8% Sell",-15.25,-19.48%,14.55,14.33,15.42,14.8,53.49,-38.76,-37.74,4585260,Weakest,Weak,70.56%,0.44,14.32,15.28,63%
VC,"Visteon Corp","Auto - Truck Original Parts",100.98,-2.61%,3,Sell,"40% Sell",-15.32,-20.24%,107.93,105.63,103.08,105.03,39.31,-39.52,-6.76,536612,Average,Weak,31.43%,1.35,101.46,108.59,-7%
RYAN,"Ryan Specialty Holdings","Insurance - Brokers",43.5,+0.55%,3,Hold,"64% Buy",-15.39,-24.22%,37.46,41.34,38.24,43.17,55,-43.5,-28.69,2072692,Weakening,Weak,63.78%,0.61,41.12,45.21,58%
CULP,"Culp Inc","Textile - Home Furnishings",3.42,-0.15%,3,Hold,"72% Buy",-15.60,-17.87%,3.27,3.4,3.25,3.42,50.13,-37.15,-16.73,31065,Weakening,Weak,63.25%,0.44,3.28,3.56,51%
AUNA,"Auna Sa Cl A","Medical Services",5.11,-2.29%,10,Buy,"56% Buy",-15.78,-18.76%,5.09,5.18,5.13,5.26,44.39,-38.04,-9.08,308341,Weakest,Weak,58.33%,0.95,5.07,5.44,10%
LMRI,"Lumexa Imaging Holdings Inc","Medical Products",11.73,-1.92%,6,Buy,N/A,-15.95,N/A,10.1,11.29,10.99,11.7,52.32,N/A,-49.53,N/A,N/A,N/A,36.41%,0.42,10.87,12.53,52%
WAVE,"Eco Wave Power Global Ab ADR","Other Alt Energy",6.7,+0.37%,4,Sell,"24% Sell",-15.98,-24.04%,7.9,7.96,7.09,7.02,39.2,-43.32,1.8,31697,Weakest,Minimum,14.35%,0.17,6.41,7.63,24%
PAX,"Patria Investments Ltd Cl A","Finance - Investment Mgmt",11.65,+0.43%,5,Buy,"24% Sell",-16.04,-13.19%,11.6,11.17,12.11,11.38,56.94,-32.47,-39.62,886727,Weakest,Soft,79.81%,0.9,10.94,11.81,81%
INKT,"Mink Therapeutics Inc","Medical - Biomedical",11.68,-0.93%,8,Buy,"32% Buy",-16.10,-26.91%,11.45,11.27,11.26,11.33,53.44,-46.19,-8.19,108153,Weakest,Minimum,56.71%,0.38,10.46,12.19,70%
ALT,"Altimmune Inc","Medical - Drugs",3.24,+2.86%,1,Buy,"8% Sell",-16.17,-11.72%,2.98,2.97,3.39,3.03,60.74,-31.,-23.19,4327307,Weakening,Weak,88.35%,0.48,2.83,3.24,101%
TAP,"Molson Coors Brewing","Beverages - Alcohol",41.66,-1.02%,3,Buy,"24% Sell",-16.21,-18.52%,41.48,40.99,43.32,42.15,48.89,-37.8,-23.69,3187417,Weakening,Weak,36.93%,0.79,40.9,43.41,30%
WTF,"Waton Financial Limited","Finance - Misc Services",2.89,+7.43%,4,Sell,"56% Sell",-16.42,-37.17%,3.18,2.83,3.39,2.88,50.04,-56.45,-25.36,67943,Weakest,Weak,37.47%,0.15,2.69,3.08,52%
ELTK,"Eltek Ltd","Electronics - Misc Components",7.89,+0.25%,4,Sell,"72% Sell",-16.50,-22.76%,8.68,8.79,8.75,8.46,39.34,-42.04,-21.73,12852,Strengthening,Average,6.73%,1.27,7.67,9.25,14%
DAIO,"Data I O Corp","Electronics - Misc Components",2.98,+2.41%,4,Sell,"32% Sell",-16.57,-0.67%,3.18,3.28,3.05,2.98,45.74,-19.95,-18.93,46849,Weakest,Minimum,22.92%,0.85,2.79,3.17,50%
HUN,"Huntsman Corp","Chemical - Diversified",9.65,+0.21%,3,Sell,"88% Sell",-16.68,-12.19%,12.63,11.01,12.54,10.06,36.13,-31.47,-16.44,5569900,Strengthening,Strong,21.52%,0.42,9.51,10.62,13%
HHH,"Howard Hughes Holdings Inc","Real Estate Developers",64.92,-1.13%,3,Sell,"56% Sell",-16.89,-14.23%,66.4,68.4,68.39,66.45,41.57,-33.51,-31.56,436667,Average,Average,20.01%,1.34,64.22,68.68,16%
RDY,"Dr. Reddy's Laboratories Ltd ADR","Medical - Generic Drugs",12.16,-0.49%,6,Sell,"100% Sell",-17.15,-14.61%,13.1,12.85,13.41,12.19,44.32,-33.89,-26.33,2151193,Strongest,Strong,66.00%,0.54,11.92,12.46,45%
BZUN,"Baozun Inc ADR","IT Services",3.02,+7.09%,2,Buy,"100% Buy",-17.45,+6.71%,2.75,2.8,2.67,2.88,61.46,-12.57,0.59,274715,Strongest,Average,47.16%,1.8,2.71,3.04,94%
ALG,"Alamo Group","Machinery - Farm",164.12,-0.41%,2,Hold,"16% Sell",-17.75,-24.56%,162.51,164.01,170.97,164.75,50.58,-43.84,-15.17,152369,Weakest,Weak,33.67%,0.9,158.54,170.96,45%
TRTX,"Tpg Re Finance Trust Inc","Real Estate Operations",7.74,+0.39%,1,Sell,"100% Sell",-18.06,-16.32%,8.31,8.27,8.36,7.92,34.02,-35.6,-23.04,723617,Strongest,Strong,13.49%,0.67,7.73,8.1,2%
DXR,"Daxor Corp","Medical - Outpatient & Hm Care",9.67,-3.54%,1,Sell,"56% Sell",-18.07,-14.73%,10.21,10.25,10.93,10.3,38.45,-34.01,-47.38,6306,Strengthening,Average,20.20%,5.46,9.78,10.83,-10%
HPP,"Hudson Pacific Properties","REIT - Equity Trust Other",13.57,-5.04%,3,Sell,"40% Buy",-18.09,-32.22%,12.67,14.71,10.75,14.19,43.73,-51.5,12.36,1189852,Weakest,Soft,46.32%,0.5,13.21,15.16,19%
UPBD,"Upbound Group Inc","Finance - Leasing Companies",19.29,-0.77%,1,Sell,"8% Buy",-18.11,-26.01%,19.36,20.11,19.41,19.45,46.33,-45.29,-3.09,863607,Weakest,Minimum,67.62%,0.72,18.52,20.38,41%
MLM,"Martin Marietta Materials","Building - CMT & CNT & AG",528.59,-0.67%,2,Sell,"100% Sell",-18.14,-14.28%,577.31,563.86,596.13,539.3,42.13,-33.56,-28.05,521726,Strongest,Strong,23.47%,0.84,519.47,559.14,23%
DEI,"Douglas Emmett","REIT - Equity Trust Other",11.88,-0.67%,2,Sell,"56% Buy",-18.18,-26.17%,11.61,11.95,11.08,11.78,50.05,-45.45,-4.84,2332118,Weakest,Weak,77.27%,0.51,11.43,12.13,65%
CITR,"Citrotech Inc","Protection - Safety",6.06,-0.82%,5,Buy,"40% Sell",-18.35,-31.76%,6.43,5.69,6.93,6,51.88,-51.04,-37.94,42530,Weakening,Soft,44.18%,0.55,5.32,6.67,55%
JYNT,"The Joint Corp","Medical - HMO",8.41,-1.52%,4,Sell,"96% Sell",-18.42,-21.40%,8.74,8.68,8.81,8.41,47.34,-40.68,-16.5,88763,Strongest,Soft,50.04%,0.62,8.13,8.68,51%
NAMS,"Newamsterdam Pharma Company N.V.","Medical - Drugs",26.79,-2.23%,1,Sell,"100% Sell",-18.43,+9.48%,31.72,30.32,31.93,27.48,39.7,-9.8,-36.57,1035977,Strongest,Good,39.41%,0.57,26.56,28.41,13%
STZ,"Constellation Brands","Beverages - Alcohol",131.43,-2.25%,4,Buy,"88% Sell",-18.64,-18.11%,142.11,134.6,146.44,133.61,44.97,-37.39,-17.67,2240347,Strongest,Average,42.67%,0.63,128.74,138.48,28%
GIB,"CGI Group","Computer - Services",74.51,+1.73%,6,Buy,"24% Buy",-18.75,-22.77%,69.09,69.42,71.43,74.05,57.01,-42.05,-32.21,452978,Weakening,Minimum,53.11%,0.74,72.34,75.76,63%
KR,"Kroger Company","Retail - Supermarket",56.93,-2.70%,1,Hold,"96% Sell",-18.76,-16.25%,61.96,57.68,64.49,57.15,46.46,-35.53,-21.82,6798449,Strongest,Strong,70.20%,0.66,55.36,58.95,44%
KBR,"KBR Inc","Engineering & R&D Services",38.19,+0.69%,6,Buy,"24% Buy",-18.95,-26.00%,35.58,36.16,37.1,37.75,56.29,-45.28,-17.94,1553692,Strengthening,Minimum,56.23%,0.74,36.66,38.84,70%
UPB,"Upstream Bio Inc","Medical - Biomedical",6.79,-4.77%,8,Hold,"80% Sell",-18.96,-59.34%,7.78,6.91,9.91,6.94,47.47,-78.62,-87.93,805042,Weakening,Average,46.24%,0.57,6.35,7.53,37%
KVYO,"Klaviyo Inc Series A","Internet - Software",19.61,+10.23%,2,Buy,"24% Buy",-19.02,-38.87%,16.96,17.05,17.88,18.1,59.6,-58.15,-52.55,4915568,Average,Minimum,64.90%,1.45,16.56,19.65,99%
SAM,"Boston Beer Company","Beverages - Alcohol",182.94,-1.41%,2,Buy,"56% Sell",-19.05,-17.58%,192.97,181.29,205.31,184.79,48.73,-36.86,-19.19,225255,Average,Average,69.30%,0.41,178.69,190.88,35%
BRO,"Brown & Brown","Insurance - Brokers",71.39,-1.91%,2,Buy,"56% Buy",-19.17,-25.71%,64.61,68.55,66.29,71.5,52.27,-44.99,-23.37,2969958,Weakest,Weak,62.60%,0.58,68.99,74.01,48%
MPV,"Barings Participation Investors","Finance - Investment Mgmt",16.17,+2.86%,7,Hold,"96% Sell",-19.34,-20.58%,16.75,16.27,17.39,16.25,49.49,-39.86,-11.18,18113,Weakening,Strong,22.41%,1.76,15.76,16.75,42%
NICE,"Nice Ltd ADR","Internet - Software",105.09,+3.95%,3,Buy,"8% Buy",-19.34,-25.11%,97.45,97.14,102.91,100.85,59.02,-44.39,-19.97,772362,Average,Minimum,54.66%,0.79,96.68,105.02,101%
GRFS,"Grifols S.A. ADR","Medical - Drugs",7.82,-1.01%,4,Buy,"24% Sell",-19.43,-20.20%,7.81,7.63,8.1,7.94,48.66,-39.48,-29.3,628579,Weakening,Weak,36.67%,0.83,7.7,8.18,26%
AKA,"A.K.A. Brands Holding Corp","Retail - Apparel & Shoes",10.56,-0.96%,1,Sell,Hold,-20.05,-6.30%,10.42,10.68,10.48,10.86,45.97,-25.58,-14.25,5589,Bearish,,28.55%,0.46,10.3,11.43,23%
NVR,"NVR Inc","Building - Residential & Comm",6365.45,-0.04%,2,Sell,"56% Sell",-20.08,-20.77%,6362.04,6438.62,6638.37,6328.39,50.13,-40.05,-25.66,27376,Weakening,Soft,57.86%,1.16,6180.58,6476.2,63%
NCDL,"Nuveen Churchill Direct Lending Corp","Finance - SBIC & Commercial",12.4,+1.06%,4,Sell,"100% Sell",-20.70,-22.06%,13,12.49,13.12,12.43,48.82,-41.34,-19.99,236574,Weakening,Good,23.78%,1.07,12.1,12.77,45%
STFS,"Star Fashion Culture Holdings Limited Cl A","Advertising Marketing Services",4.34,-5.03%,1,Sell,"24% Sell",-21.05,-26.84%,7.57,8.04,6.43,4.03,42.16,-46.12,-4.76,291062,Weakest,Weak,23.43%,0.49,3.49,4.57,79%
DXC,"Dxc Technology Company","IT Services",11,+4.27%,3,Buy,"8% Sell",-21.26,-23.13%,10.28,10.02,11.18,10.85,56.04,-42.41,-37.85,3521826,Weakest,Weak,44.44%,0.47,10.4,11.3,67%
MDBH,"Mdb Capital Holdings Cl A","Finance - Misc Services",2.9,-4.61%,2,Sell,"100% Sell",-21.33,-15.94%,3.28,3.07,3.25,3.03,42.9,-35.22,-23.57,7590,Strongest,Good,47.11%,1.22,2.86,3.21,11%
RKT,"Rocket Companies Cl A","Finance - Mortgage & Rel Svs",14.24,+2.45%,4,Hold,"64% Sell",-21.54,-21.24%,14.29,14.2,15.17,14.05,51.42,-40.52,-39.39,28262648,Weakest,Average,49.06%,0.77,13.09,15.01,60%
SOFI,"Sofi Technologies Inc","Finance - Misc Services",19.18,+1.80%,9,Buy,"24% Buy",-21.58,-23.16%,17.35,17.82,17.95,18.25,58.44,-42.44,-39.68,66441484,Average,Minimum,81.49%,0.52,17.07,19.43,89%
LAZ,"Lazard Inc","Finance - Misc Services",43.22,+1.00%,6,Hold,"64% Sell",-22.49,-25.10%,44.81,42.88,45.75,43.71,48.61,-44.38,-23.94,1508573,Weakening,Average,25.51%,0.55,42.14,45.28,34%
RPC,"Ridgepost Capital Inc","Finance - Misc Services",8.71,+0.23%,4,Buy,"40% Buy",-22.59,-29.93%,8.21,8.38,8.32,8.78,51.5,-49.21,-24.15,590560,Weakening,Weak,51.79%,0.5,8.45,9.11,39%
VICI,"Vici Properties Inc","REIT - Equity Trust Other",25.77,-0.88%,1,Sell,"100% Sell",-22.59,-23.64%,27.39,26.5,27.82,26.31,40.64,-42.92,-21.3,10142954,Strongest,Strong,17.14%,0.82,25.74,26.87,3%
DSWL,"Deswell Inds Inc","Electronics - Misc Components",3.01,-2.90%,2,Sell,"56% Sell",-22.68,-19.52%,3.37,3.41,3.37,3.18,33.78,-38.8,-25.95,12098,Strengthening,Good,28.47%,2.48,3.02,3.34,-2%
BRID,"Bridgford Foods Corp","Food - Misc & Diversified",6.15,-2.07%,2,Sell,"100% Sell",-22.81,-17.89%,6.98,6.44,7.21,6.26,43.32,-37.17,-34.09,3643,Strongest,Maximum,30.36%,0.71,6.08,6.43,19%
LOAN,"Manhattan Bridge","Finance - Consumer Loans",4.07,+0.99%,4,Sell,"100% Sell",-22.82,-24.35%,4.3,4.25,4.34,4.11,44.22,-43.63,-25.41,31470,Average,Average,18.44%,1.28,4.01,4.21,28%
CCLD,"Carecloud Inc","Medical Information Systems",2.66,+0.76%,6,Buy,"8% Buy",-23.08,-28.30%,2.48,2.36,2.61,2.53,58.02,-47.58,-21.84,418483,Weakening,Minimum,71.68%,2.13,2.33,2.73,83%
SMSI,"Smith Micro Software","Computer - Software",2.96,-0.34%,9,Buy,"24% Sell",-23.13,-19.02%,3.32,2.75,3.25,2.89,56.81,-38.3,-3.35,79168,Weakest,Soft,52.79%,0.14,2.67,3.11,66%
BSY,"Bentley Systems Inc Cl B","Internet - Software",37.61,+1.81%,5,Buy,"56% Buy",-23.18,-31.33%,33.14,33.3,34.08,36.1,62.71,-50.61,-14.39,2762846,Strengthening,Soft,75.56%,0.84,34.43,37.78,95%
LOPE,"Grand Canyon Educati",Schools,150.19,+0.95%,2,Buy,"40% Sell",-23.22,-26.20%,153.58,146.38,157.68,147.31,55.22,-45.48,-22.63,320394,Weakest,Weak,72.74%,0.76,141.58,153.04,75%
KEQU,"Kewaunee Scientifi","Industrial Scientific",37.97,+0.24%,6,Buy,"8% Buy",-23.88,-32.01%,36.93,36.54,37.57,36.76,59.91,-51.29,-11.44,5755,Weakening,Minimum,73.72%,0.3,35.4,38.13,94%
WGO,"Winnebago Industries","Building - Mobile Homes & RV",30.37,-1.43%,3,Hold,"48% Sell",-24.48,-16.73%,30.74,30.82,33.85,31.75,43.14,-36.01,-37.99,640817,Weakening,Soft,18.04%,0.61,30.36,33.13,0%
LFWD,"Lifeward Ltd","Medical Services",7.36,-1.67%,9,Hold,"48% Buy",-24.90,-1.63%,7.23,7.48,7.02,7.43,48.29,-20.91,-6.5,22318,Weakening,Weak,35.00%,0.49,7.05,7.81,41%
LAW,"CS Disco Inc","Internet - Software",4.41,+7.82%,3,Buy,"24% Buy",-24.95,-14.37%,3.97,4,4.08,4.25,56.82,-33.65,-56.11,324863,Average,Minimum,43.52%,0.75,3.95,4.56,76%
SCYX,"Scynexis Inc","Medical - Drugs",5.52,-2.65%,7,Buy,"40% Sell",-25.22,-17.38%,5.55,4.54,5.87,5.17,62.11,-36.66,-3.83,88462,Weakest,Soft,64.20%,0.55,4.76,5.57,94%
FSV,"Firstsrvce Sub VT Sh","Real Estate Operations",141.09,-1.68%,2,Buy,"24% Sell",-25.24,-29.87%,140.49,142.04,143.61,142.77,46.73,-49.15,-22.23,213958,Weakening,Minimum,56.86%,0.98,139.51,146.03,24%
CCI,"Crown Castle","REIT - Equity Trust Other",75.03,-0.68%,2,Sell,"100% Sell",-25.33,-25.08%,83.21,77.22,84.03,75.26,45.62,-44.36,-28.51,3487580,Strongest,Strong,63.90%,0.45,73.07,77.46,45%
MFIC,"Midcap Financial Investment Corp","Finance - Misc Services",9.7,+0.62%,4,Sell,"100% Sell",-25.77,-27.12%,10.46,9.77,10.61,9.71,48.13,-46.4,-28.15,786201,Weakening,Strong,49.88%,1.02,9.54,9.87,48%
XRTX,"Xortx Therapeutics Inc","Medical - Drugs",2.44,+10.01%,8,Buy,"8% Buy",-25.85,-38.38%,2.27,2.1,2.24,2.13,66.91,-57.66,-26.11,402546,Average,Minimum,71.74%,2.6,1.93,2.34,124%
COTY,"Coty Inc","Cosmetics & Toiletries",2.76,+0.73%,4,Hold,"48% Buy",-25.91,-34.29%,2.35,2.5,2.41,2.79,52.53,-53.57,-23.33,9095702,Average,Weak,36.78%,0.64,2.63,2.95,42%
VIRC,"Virco MFG Corp",Furniture,5.98,-1.48%,3,Sell,"88% Sell",-25.98,-30.87%,6.06,6.1,6.14,6.01,47.96,-50.15,-19.36,51444,Average,Weak,46.30%,0.52,5.83,6.19,41%
KLRS,"Kalaris Therapeutics Inc","Medical - Biomedical",4.1,+0.49%,3,Sell,"88% Sell",-26.14,+33.12%,4.74,4.18,6.04,4.05,50.42,13.84,-64.36,150441,Weakening,Average,58.50%,0.34,3.73,4.38,57%
PFSI,"Pennymac Financial Services IN","Finance - Mortgage & Rel Svs",73.59,+0.95%,2,Sell,"100% Sell",-26.32,-32.18%,83.96,80.46,88,76.06,37.69,-51.46,-57.12,613122,Strengthening,Good,10.09%,0.78,73.1,79.01,8%
RWT,"Redwood Trust","REIT - Mortgage Trusts",4.63,+0.43%,4,Sell,"100% Sell",-26.49,-22.83%,5.16,4.81,5.39,4.7,42.91,-42.11,-29.21,1811833,Strongest,Strong,37.90%,0.36,4.52,4.87,31%
LFCR,"Lifecore Biomedical Inc","Medical - Biomedical",4.54,-2.37%,3,Sell,"100% Sell",-26.55,-39.71%,4.91,4.78,5.42,4.6,46.54,-58.99,-57.44,217348,Strengthening,Average,42.12%,0.7,4.25,4.95,41%
BGS,"B&G Foods Holdings","Food - Misc & Diversified",3.47,-1.70%,2,Sell,"100% Sell",-27.35,-23.40%,4.22,3.7,4.49,3.5,45.21,-42.68,-32.24,2029253,Strongest,Strong,47.86%,0.69,3.34,3.66,40%
LUXE,"Luxexperience B.V. ADR","Textile - Apparel",7.8,-0.64%,3,Sell,"88% Sell",-27.39,-7.58%,7.98,7.89,8.2,7.92,47.58,-26.86,-19.53,243147,Strengthening,Average,42.73%,0.71,7.4,8.45,38%
TMUS,"T-Mobile US","Wireless National",177.75,-1.04%,2,Sell,"100% Sell",-27.47,-29.28%,185.81,181.2,193.41,179.43,45.25,-48.56,-25.4,5574994,Strongest,Average,45.61%,0.68,173.37,185.49,36%
ENPH,"Enphase Energy Inc",Solar,39.25,+2.17%,5,Sell,"72% Sell",-27.82,+4.50%,43.73,41.91,43.43,39.46,48.01,-14.78,9.52,6631131,Weakening,Weak,24.09%,0.81,36.4,42.52,47%
ONEW,"Onewater Marine Inc Cl A","Leisure & Recreational Prdcts",11.67,-1.19%,1,Hold,"48% Buy",-27.88,-33.16%,11.34,11.96,11.29,12.05,45.07,-52.44,-5.08,149382,Weakest,Weak,45.01%,0.63,11.19,12.91,28%
RSSS,"Research Solutions Inc","Printing - Commercial",2.21,-1.34%,4,Buy,"88% Sell",-27.89,-28.25%,2.32,2.24,2.37,2.22,47.67,-47.53,-37.77,64164,Average,Average,43.17%,0.47,2.12,2.31,46%
FINW,"Finwise Bancorp","Banks - Southwest",13.9,-0.68%,1,Sell,"100% Sell",-27.96,-28.51%,14.46,14.05,15.22,13.98,48.35,-47.79,-35.43,22428,Weakening,Good,47.19%,0.29,13.62,14.35,39%
PPSI,"Pioneer Power Solutions","Machinery - Electrical",2.94,-0.34%,4,Sell,"100% Sell",-28.00,-14.53%,3.63,3.32,3.68,2.95,44.64,-33.81,-50.78,148501,Average,Good,35.64%,1.24,2.8,3.11,46%
PMT,"Pennymac Mortgage Investment Trust","REIT - Mortgage Trusts",9.33,+1.08%,1,Sell,"100% Sell",-28.11,-23.08%,10.48,9.89,11.02,9.43,42.78,-42.36,-38.6,1222434,Weakening,Maximum,15.86%,0.54,9.22,9.64,27%
CAR,"Avis Budget Group","Transportation - Services",139.49,-3.13%,1,Sell,"88% Sell",-28.18,-11.12%,192.2,154.02,166.52,140.84,41.45,-30.4,-4.24,1292781,Strongest,Weak,51.40%,0.68,134.85,146.83,39%
RDCM,"Radcom Ltd","Computer - Networks",10.41,+1.17%,1,Sell,"72% Sell",-28.35,-20.78%,13.22,12.14,12.73,10.22,39.06,-40.06,-33.35,136813,Average,Strong,50.89%,0.25,9.96,10.47,87%
MSB,"Mesabi Trust","Mining - Iron",23.59,+2.12%,1,Sell,"88% Sell",-28.37,-25.35%,25.79,23.79,28,23.11,52.23,-44.63,-51.7,48771,Weakest,Strong,51.28%,0.68,22.25,23.96,78%
FLWS,1-800-Flowers.com,"Retail - Mail Order",3.74,0.00%,4,Sell,"8% Sell",-28.39,-33.21%,3.97,3.9,3.83,4,37.79,-52.49,-17.77,679434,Weakest,Minimum,20.24%,0.65,3.77,4.23,-6%
YALA,"Yalla Group Ltd ADR","Internet - Software",5.56,-0.54%,5,Buy,"40% Sell",-28.60,-29.35%,5.88,5.41,6.19,5.48,53.88,-48.63,-32.82,310020,Weakest,Good,72.73%,1,5.31,5.66,72%
JFB,"Jfb Construction Holdings Cl A","Building & Construction - Misc",4.76,+18.11%,7,Sell,"72% Sell",-28.83,+33.15%,5.03,4.39,6.8,4.34,57.67,13.87,-47.82,300438,Weakest,Average,32.13%,2.46,3.9,4.78,98%
OMSE,"Oms Energy Technologies Inc","Oil Field Machinery & Equip",4.57,+2.01%,5,Buy,"8% Buy",-29.26,-28.26%,4.44,4.27,4.46,4.41,60.69,-47.54,-9.08,19584,Average,Minimum,69.43%,5.55,4.22,4.6,93%
PATK,"Patrick Inds Inc","Auto - Truck Original Parts",83.09,-0.68%,2,Sell,"100% Sell",-29.60,-27.13%,90.83,86.25,101.87,85.51,43.72,-46.41,-36.31,459197,Strengthening,Strong,22.19%,0.64,82.08,88.93,15%
ILAG,"Intelligent Living Application Group Inc","Building Products - Ltg FX",3.27,+5.14%,3,Sell,"72% Sell",-29.80,-41.69%,3.38,3.42,3.36,3.32,47.39,-60.97,-32.2,38024,Weakening,Weak,40.73%,0.05,3.02,3.63,41%
THO,"Thor Industries","Building - Mobile Homes & RV",76.31,-1.98%,3,Buy,"56% Sell",-30.02,-30.80%,76.98,76.68,83.93,78.68,44.34,-50.08,-38.61,682985,Weakening,Average,28.89%,0.69,75.89,81.47,8%
MDXG,"Mimedx Group Inc","Medical - Biomedical",4.51,+2.04%,5,Buy,"32% Buy",-30.06,-37.10%,3.89,4.16,4.16,4.29,60.99,-56.38,-46.32,1214711,Strengthening,Minimum,68.11%,0.88,4.1,4.48,108%
STN,"Stantec Inc",Consulting,74.71,-0.94%,9,Buy,"40% Sell",-30.36,-31.73%,76.64,70.92,81.88,73.66,58.36,-51.01,-33.76,372017,Weakest,Average,55.72%,0.71,71.47,75.85,74%
FWRG,"First Watch Restaurant Group Inc","Retail - Restaurants",12.38,-3.96%,3,Buy,"24% Sell",-30.38,-34.27%,12.1,12.5,12.66,12.6,47.3,-53.55,-30.84,1384998,Weakening,Weak,65.42%,0.59,11.87,13.32,35%
JVA,"Coffee Holding Company","Beverages - Soft",3.46,0.00%,4,Hold,"48% Sell",-30.43,-15.40%,3.92,3.45,3.79,3.48,45.05,-34.68,-23.76,72248,Weakest,Average,37.14%,0.76,3.4,3.57,36%
AZO,Autozone,"Retail - Wholesale Auto Parts",2932.33,-2.22%,2,Sell,"100% Sell",-30.44,-30.27%,3202.62,3045.57,3340.73,3028.84,40.6,-49.55,-26.48,229206,Strongest,Strong,32.23%,0.67,2938.29,3119.39,-3%
BFAM,"Bright Horizons Family Solutions Inc","Business Services",74.33,-0.17%,2,Sell,"8% Sell",-30.54,-37.78%,72.95,73.29,75.32,73.42,52.46,-57.06,-39.64,941910,Weakest,Weak,77.52%,0.68,70.41,76.43,65%
AXIL,"Axil Brands Inc","Consumer Prdts - Misc Staple",6.34,+1.60%,4,Buy,"56% Sell",-30.69,+2.26%,6.45,6.02,6.48,6,55.87,-17.02,-21.45,203485,Weakest,Soft,47.39%,0.36,5.44,6.56,80%
MBC,"Masterbrand Inc",Furniture,8.66,-2.04%,4,Sell,"56% Sell",-30.74,-33.79%,8.72,9.03,9.23,9.07,44.41,-53.07,-34.5,2394615,Weakening,Soft,17.20%,0.59,8.52,9.62,12%
SUNS,"Sunrise Realty Trust","Real Estate Operations",7.54,-0.13%,1,Sell,"100% Sell",-30.84,-32.68%,8,7.99,8.31,7.69,40.26,-51.96,-32.98,98838,Strongest,Good,31.73%,0.31,7.44,7.94,21%
TRI,"Thomson Reuters Corp","Business Services",104.78,+2.27%,4,Buy,"72% Buy",-30.96,-40.08%,91.35,94.9,93.14,103.38,54.76,-59.36,-33.5,2071363,Strengthening,Weak,51.55%,0.76,97.37,109.38,62%
BLRX,"Biolinerx Ltd ADR","Medical - Drugs",2.76,+2.22%,4,Sell,"64% Sell",-31.44,-25.00%,2.91,2.92,2.85,2.77,47.52,-44.28,-13.3,28015,Average,Weak,33.37%,0.15,2.6,2.94,47%
LSF,"Laird Superfood Inc","Food - Misc & Diversified",3.88,-6.51%,6,Sell,"40% Buy",-31.52,-32.64%,3.77,4.39,3.4,4.22,43.19,-51.92,61.83,82479,Weakest,Weak,20.80%,0.86,3.71,4.73,17%
OFRM,"Once Upon A Farm Pbc","Food - Misc & Diversified",16.98,+0.53%,7,Sell,N/A,-31.73,N/A,16.83,17.9,0,17.2,48.02,N/A,N/A,N/A,N/A,N/A,44.18%,0.81,15.91,18.48,42%
MNDY,"Monday.com Ltd","Internet - Software",99.5,+7.51%,6,Buy,"56% Buy",-32.04,-45.27%,78.47,82.99,79.8,90.49,63.11,-64.55,-45.51,1846813,Strengthening,Weak,86.62%,1.02,83.24,97.74,112%
LEN.B,"Lennar Corp Cl B","Building - Residential & Comm",83.45,-2.52%,4,Sell,"88% Sell",-32.31,-34.60%,85.98,84.66,90.21,84.79,47.03,-53.88,-25.21,69206,Strengthening,Average,44.92%,0.68,81.77,87.81,28%
PSN,"Parsons Corp","Technology Services",49.28,+1.32%,1,Sell,"88% Sell",-33.12,-38.66%,52.94,51.36,55.93,47.55,50.07,-57.94,-33.2,1379126,Weakest,Average,73.66%,0.38,45.07,50.03,85%
SVC,"Service Properties Trust","REIT - Equity Trust Other",7.64,-2.43%,3,Sell,"88% Sell",-33.16,-44.03%,8.1,8.34,8.78,8.05,36.76,-63.31,-29.9,1311793,Strongest,Soft,13.65%,0.67,7.66,8.44,-2%
WRD,"Weride Inc ADR","Auto - Truck Original Parts",6.01,+1.69%,10,Buy,"56% Sell",-33.20,-36.74%,6.66,5.88,6.88,6.03,49.99,-56.02,-43.7,3655932,Weakest,Average,42.35%,0.93,5.66,6.4,48%
NOAH,"Noah Holdings Ltd ADR","Finance - Investment Mgmt",8.48,-2.64%,4,Sell,"100% Sell",-33.56,-31.22%,9.72,9.1,10.31,8.63,39.36,-50.5,-28.48,110620,Strongest,Maximum,45.86%,1.02,8.33,8.93,25%
XNET,"Xunlei Ltd ADR","Internet - Services",5.01,-0.20%,1,Sell,"100% Sell",-33.77,-25.00%,5.62,5.36,5.74,5.1,44.25,-44.28,-42.28,296554,Strengthening,Average,55.10%,0.82,4.83,5.37,34%
LRMR,"Larimar Therapeutics Inc","Medical - Drugs",4.05,-2.88%,10,Buy,"40% Buy",-33.97,+3.85%,3.93,3.87,4.03,4.15,49.43,-15.43,-6.64,2463896,Weakening,Minimum,36.76%,0.34,3.88,4.42,31%
NEUP,"Neuphoria Therapeutics Inc","Medical - Biomedical",3.77,-2.33%,5,Hold,"64% Sell",-34.35,-63.11%,4.39,3.84,4.35,3.88,44.5,-82.39,-15.78,106792,Strengthening,Weak,15.60%,0.22,3.77,3.99,0%
HLI,"Houlihan Lokey","Finance - Misc Services",130.81,+0.78%,1,Sell,"88% Sell",-34.36,-34.68%,141.93,134.23,147.07,127.76,50.15,-53.96,-37.84,653609,Weakening,Good,66.96%,0.55,123.13,132.38,83%
LEN,"Lennar Corp","Building - Residential & Comm",85.11,-2.34%,3,Sell,"96% Sell",-34.66,-36.17%,87.89,86.38,93.59,86.37,47.03,-55.45,-30.15,3676598,Strengthening,Average,41.76%,0.82,83.47,89.28,28%
AMSC,"Amer Superconductor","Electronics - Misc Components",29.84,+1.19%,5,Sell,"88% Sell",-34.71,-42.73%,40.4,34.13,37.48,31.18,41.26,-62.01,-9.26,1047276,Weakening,Average,26.04%,0.69,28.51,33.84,25%
SERA,"Sera Prognostics Inc Cl A","Medical Services",2.03,-2.87%,6,Buy,"16% Sell",-34.80,-28.52%,2.01,2.01,2.11,2.04,48.73,-47.8,-44.13,50800,Weakest,Weak,67.06%,1.48,1.89,2.18,48%
MMYT,"Makemytrip Ltd","Internet Services - Delivery",58.18,-1.66%,4,Buy,"56% Buy",-35.07,-43.61%,50.73,56.38,50.96,60.34,48.45,-62.89,-42.09,1297429,Weakening,Weak,18.55%,0.61,57.78,62.89,8%
CHPT,"Chargepoint Holdings","Auto - Truck Original Parts",5.83,-2.02%,11,Buy,"88% Sell",-35.25,-49.13%,6.3,5.96,6.13,5.94,48.24,-68.41,-25.14,551778,Strengthening,Weak,35.25%,0.47,5.43,6.44,39%
MIR,"Mirion Technologies Inc","Technology Services",14.85,-0.34%,2,Sell,"100% Sell",-35.37,-27.28%,17.43,16.29,18.76,15.29,42.13,-46.56,-49.53,3578809,Weakening,Strong,18.18%,0.78,14.47,16.12,23%
NMAD,"Nomad Power Solutions Inc","IT Services",4.42,+5.74%,3,Sell,Hold,-35.44,+29.24%,5.11,5.31,4.42,4.07,49.65,9.96,-0.47,175221,Bearish,,73.64%,0.45,3.57,4.57,85%
FULC,"Fulcrum Therapeutics Inc","Medical - Biomedical",3.85,-0.26%,5,Buy,"40% Sell",-35.90,-41.93%,5.07,3.72,6.34,3.79,52.67,-61.21,-78.9,1685895,Weakest,Average,74.36%,0.37,3.63,3.95,68%
MRDN,"Meridian Holdings Inc",Gaming,14,+1.30%,2,Sell,"88% Buy",-36.14,-9.56%,11.88,13.64,10.57,13.89,52.5,-28.84,32.75,43730,Strengthening,Good,51.65%,0.94,12.59,15.19,54%
NAII,"Natural Alternativ","Medical - Drugs",2.29,+5.53%,1,Sell,"80% Sell",-36.30,-36.03%,2.46,2.29,2.65,2.2,54.86,-55.31,-48.97,28931,Weakening,Good,49.22%,4.05,1.98,2.41,72%
MBLY,"Mobileye Global Inc Cl A","Auto - Truck Original Parts",8.61,+0.82%,7,Sell,"88% Sell",-36.68,-38.46%,8.94,8.76,8.74,8.7,47.38,-57.74,-30.47,6712240,Average,Weak,19.11%,0.46,8.09,9.32,42%
SITE,"Siteone Landscape Supply","Industrial Services",95.5,-0.59%,2,Sell,"100% Sell",-36.73,-34.16%,112.46,102.9,121.9,97.65,43.13,-53.44,-36.27,737752,Average,Maximum,20.06%,0.45,92.59,102.7,29%
CINT,"CI&T Inc Cl A","Internet - Software",3.45,+2.37%,13,Hold,"72% Sell",-37.11,-36.11%,3.76,3.45,4.18,3.57,46.81,-55.39,-28.17,140706,Weakening,Good,25.12%,1.03,3.32,3.83,26%
HIVE,"Hive Digital Technologies Ltd","Finance - Misc Services",3.06,+6.62%,6,Sell,"8% Buy",-37.11,+4.08%,3.17,3.19,2.86,2.85,52.4,-15.2,5.66,18828961,Weakening,Minimum,57.58%,0.78,2.54,3.15,85%
AD,"Array Digital Infrastructure Inc","Wireless National",35.49,-0.48%,5,Sell,"88% Sell",-37.26,-34.62%,42.42,35.51,44.35,35.38,47.67,-53.9,-46.75,272038,Strengthening,Strong,52.74%,0.72,34.74,36.02,59%
CUE,"Cue Biopharma Inc","Medical - Biomedical",28.16,-2.39%,2,Sell,"56% Buy",-37.65,+13.70%,25.97,29.28,20.24,27.31,50.54,-5.58,194.42,296570,Weakening,Average,44.53%,1.32,22.46,32.17,59%
GLOB,"Globant S.A.","Internet Software Services",40.17,+3.56%,5,Buy,"8% Sell",-37.68,-40.77%,37.84,34.35,42.36,38.53,59.75,-60.05,-51.49,1630510,Weakening,Minimum,68.81%,0.44,35.97,41.08,82%
NKLR,"Terra Innovatum Global N.V.","Electrical Power",6.01,+4.16%,6,Buy,"88% Buy",-38.13,N/A,5.58,5.29,5.25,5.85,55.29,N/A,17.15,579771,Strongest,Average,36.26%,0.59,5.27,6.42,64%
DPRO,"Draganfly Inc","Aerospace - Defense",4.37,+0.46%,6,Hold,"96% Sell",-38.41,-5.21%,5.28,4.65,5.79,4.46,46.21,-24.49,-49.7,1681105,Weakening,Average,27.91%,0.46,4.1,4.82,37%
HTT,"High Templar Tech Ltd WT","Technology Services",2.66,+4.72%,5,Buy,"8% Sell",-38.62,-42.67%,2.59,2.59,2.62,2.52,61.44,-61.95,-38.01,223911,Weakening,Minimum,88.31%,0.65,2.43,2.61,130%
MGPI,"MGP Ingredients Inc","Beverages - Alcohol",16.28,-6.65%,2,Hold,"80% Sell",-38.67,-45.31%,17.94,17.43,19.12,17.67,37.13,-64.59,-45.94,271053,Strengthening,Average,31.65%,0.88,16.79,18.55,-29%
ELTX,"Elicio Therapeutics Inc","Medical - Biomedical",3,+0.67%,5,Sell,"100% Sell",-38.89,-71.10%,7.19,3.31,8.19,3.06,40.37,-90.38,-75.25,622607,Average,Strong,13.49%,0.07,2.86,3.25,36%
ADVB,"Advanced Biomed Inc","Medical - Biomedical",9.57,+3.57%,1,Hold,"96% Buy",-38.98,+17.28%,6.33,7.58,5.81,8.19,56.26,-2.,51.04,744688,Strongest,Average,86.63%,0.17,6.78,9.6,99%
SAMG,"Silvercrest Ast Cm A","Finance - Investment Mgmt",10.12,+1.40%,2,Sell,"100% Sell",-39.84,-39.40%,11.32,10.25,12.4,10.13,49.05,-58.68,-46.32,43852,Weakening,Strong,45.86%,0.78,9.81,10.46,48%
CHTR,"Charter Communications","Cable TV",148.32,-3.62%,9,Buy,"56% Sell",-40.23,-44.89%,155.18,140.51,177.18,151.39,50.62,-64.17,-41.89,2579659,Weakening,Soft,55.37%,0.59,143.31,159.48,31%
BRAI,"Braiin Limited","IT Services",5.22,-4.22%,2,Sell,N/A,-40.35,N/A,6.85,5.87,0,5.54,39.93,N/A,N/A,N/A,N/A,N/A,41.16%,0.06,5.28,5.8,-12%
BHM,"Bluerock Homes Trust Inc","REIT - Equity Trust Resident",8.4,-1.61%,5,Hold,"96% Sell",-40.40,-37.53%,9.76,8.82,9.93,8.58,42.82,-56.81,-34.19,8195,Strongest,Good,31.41%,0.47,8.18,8.99,28%
PASG,"Passage Bio Inc","Medical - Biomedical",4.33,-3.78%,7,Sell,"100% Sell",-40.77,-38.49%,5.53,4.74,6.63,4.51,41.31,-57.77,-76.25,67451,Strengthening,Good,42.13%,0.19,4.29,4.73,9%
CPSH,"Cps Technologies","Electronics - Misc Components",3.92,+1.55%,6,Sell,"88% Sell",-41.07,+15.29%,5.3,4.64,5.01,4.16,41.31,-3.99,13.92,748576,Average,Weak,16.84%,0.26,3.72,4.6,23%
FTLF,"Fitlife Brands Inc","Medical Products",10.1,-0.20%,3,Sell,"88% Sell",-41.14,-46.09%,10.21,10.6,11.63,10.13,47.69,-65.37,-50.86,22618,Weakening,Average,24.63%,0.67,9.46,10.79,48%
SFHG,"Samfine Creation Holdings Group","Printing - Commercial",2.46,-0.40%,5,Buy,"40% Sell",-41.51,-32.81%,2.45,2.42,2.58,2.41,51.87,-52.09,-45.99,82622,Weakest,Weak,61.58%,0.02,2.25,2.58,64%
NVNO,"Envveno Medical Corp","Medical Instruments",11.24,-1.99%,5,Buy,"24% Buy",-41.57,-64.48%,10.78,10.74,10.73,10.81,54.91,-83.76,-12.83,17640,Average,Minimum,47.20%,0.38,9.95,11.68,75%
IMA,"Imagenebio Inc","Medical - Biomedical",5.33,-1.84%,5,Sell,"88% Sell",-41.61,-60.92%,5.71,5.77,5.91,5.65,39.88,-80.2,-35.69,132699,Strongest,Soft,24.11%,1.61,5.36,5.94,-5%
YB,"Yuanbao Inc ADR","Insurance - Multi Line",13.71,+3.08%,4,Sell,"100% Sell",-41.65,-47.91%,15,14.11,16.44,13.75,48.83,-67.19,-45.27,44550,Average,Strong,65.94%,0.68,13.2,14.29,47%
LUCK,"Lucky Strike Entertainment Corp","Leisure & Recreation Services",6.26,-7.12%,2,Sell,"100% Sell",-42.61,-41.33%,7.66,7.1,7.81,6.7,34.28,-60.61,-39.03,171850,"Top 1%",Strong,43.77%,5.19,6.41,6.98,-27%
CPNG,"Coupang Cl A","Internet Commerce",16.23,-1.81%,5,Sell,"100% Sell",-42.65,-42.53%,17.47,16.89,17.95,16.31,47.81,-61.81,-44.14,21126020,Strengthening,Average,74.87%,1.03,15.73,16.88,43%
LPA,"Logistic Properties of The Americas","Real Estate Operations",3.07,0.00%,4,Buy,"16% Sell",-42.68,-52.33%,3.28,3.26,3.1,3.13,45.64,-71.61,-0.49,148005,Weakest,Minimum,32.54%,0.11,2.8,3.46,41%
LVO,"Liveone Inc","Audio & Video Products",3.96,+4.21%,1,Sell,"88% Sell",-42.87,-32.92%,5.25,4.88,5.17,4.08,42.58,-52.2,-29.04,80797,Average,Strong,21.88%,0.9,3.55,4.61,38%
PCT,"Purecycle Technologies Inc","Waste Removal Svcs",6.65,-0.60%,10,Hold,"96% Sell",-43.63,-55.25%,8.19,7.05,7.98,6.95,44.93,-74.53,-35.52,4672686,Strengthening,Average,18.80%,0.54,6.37,7.53,24%
PRT,"Permrock Royalty Trust Trust Units","Oil - US Integrated",2.23,+0.45%,7,Hold,"72% Sell",-43.75,-45.34%,2.39,2.23,2.72,2.21,51.5,-64.62,-33.01,56390,Weakest,Average,40.34%,0.27,2.17,2.26,70%
DUKR,"Duke Robotics Corp","Aerospace - Defense",5.5,-2.14%,2,Hold,"64% Sell",-43.79,-25.42%,7.08,5.54,7.38,5.48,48.79,-44.7,-23.18,14915,Average,Good,56.68%,0.34,5.21,5.76,53%
FIRY,"Firy Inc","Conglomerates - Div Operations",10.19,+3.56%,1,Buy,"100% Buy",-43.89,+16.19%,8.06,9.29,6.47,9.84,56.62,-3.09,123.49,577414,Strongest,Strong,40.51%,0.33,9.09,10.59,73%
FBYD,"Falcon's Beyond Global Cl A","Conglomerates - Div Operations",9.99,-2.73%,5,Sell,"56% Sell",-44.24,+40.31%,13.27,12.68,11.1,10.18,41.69,21.03,-46.38,129354,Average,Weak,55.85%,0.48,9.23,11.13,40%
LFVN,"Lifevantage Corp","Medical - Dental Suppliers",6.45,-2.42%,6,Buy,"88% Buy",-44.45,-51.90%,6.27,6.42,5.81,6.61,46.15,-71.18,-8.23,255249,Weakening,Weak,52.14%,0.69,6.34,6.88,20%
ECC,"Eagle Point Credit Inc","Finance - Investment Mgmt",3.84,0.00%,7,Buy,"48% Sell",-44.54,-46.74%,3.91,3.77,4.04,3.84,52.84,-66.02,-46.27,1571209,Weakest,Weak,53.03%,0.31,3.77,3.9,51%
MLCO,"Melco Resorts & Entertainment ADR",Gaming,5.17,-4.44%,3,Sell,"88% Sell",-44.64,-47.78%,5.53,5.45,5.63,5.5,36.64,-67.06,-44.64,2105065,Strengthening,Average,47.13%,0.87,5.27,5.72,-23%
HCKT,"Hackett Grp Inc",Consulting,11.18,+1.73%,6,Buy,"40% Sell",-44.83,-45.91%,11.23,10.67,12.38,11.06,54.62,-65.19,-55.99,338508,Weakest,Soft,61.07%,0.38,10.45,11.68,60%
NNE,"Nano Nuclear Energy Inc","Other Alt Energy",19.24,+4.00%,11,Hold,"64% Sell",-44.94,-41.50%,22.07,19.06,23.16,18.62,52.41,-60.78,-32.81,2180858,Weakest,Average,38.99%,0.75,16.72,20.53,66%
CNCK,"Coincheck Group N.V.","Finance - Misc Services",2.08,-1.42%,2,Sell,"24% Sell",-44.96,-59.69%,2.07,2.29,2.15,2.07,46.14,-78.97,-30.4,565023,Weakest,Weak,49.40%,0.14,1.84,2.31,51%
EGG,"Enigmatig Limited Cl A","Business Services",2.83,-6.91%,1,Sell,"88% Sell",-45.07,-51.21%,6.38,5.26,6.13,3.26,33.88,-70.49,-59.04,170979,Strongest,Strong,31.94%,0.01,2.75,3.76,8%
SMID,"Smith-Midland Corp","Building - CMT & CNT & AG",24.89,-2.81%,1,Sell,"100% Sell",-45.41,-39.29%,30.15,28.77,31.36,27.58,26.99,-58.57,-44.45,10609,Strongest,Maximum,9.55%,1.27,25.85,29.31,-28%
VTSI,"Virtra Systems Inc","Electronics - Military",3.07,-1.29%,4,Buy,"88% Sell",-45.89,-48.40%,3.52,3.12,3.79,3.11,47.58,-67.68,-39.84,53714,Average,Strong,22.77%,0.45,2.93,3.29,39%
PW,"Power REIT","REIT - Equity Trust Other",7.7,+0.65%,2,Sell,"56% Sell",-46.01,-52.76%,8.28,8.74,8.41,7.87,41.93,-72.04,-24.97,28069,Average,Weak,33.38%,1.52,7.52,8.23,26%
RBBN,"Ribbon Communications Inc","Communication Network Software",2,-1.48%,2,Sell,"100% Sell",-46.14,-49.87%,2.44,2.17,2.39,2.07,41.05,-69.15,-43.5,841168,Strongest,Average,31.58%,0.55,1.97,2.18,15%
XYF,"X Financial ADR","Finance - Misc Services",5.4,+2.66%,9,Buy,"40% Buy",-46.55,-63.95%,4.91,5.02,4.9,5.31,55.71,-83.23,-16.51,152152,Weakening,Weak,53.52%,1.47,5.01,5.62,64%
RMTI,"Rockwell Medical IN","Medical Products",7.75,-2.08%,6,Buy,"8% Sell",-46.67,-47.28%,7.4,6.72,8.24,7.5,58.8,-66.56,-19.96,42819,Weakest,Weak,75.54%,0.17,6.84,8.16,69%
PLRZ,"Polyrizon Ltd","Medical - Biomedical",12.8,+9.78%,1,Hold,"16% Sell",-46.78,+103.17%,13.03,12.36,13.19,10.94,58.37,83.89,37.83,1013232,Weakest,Minimum,78.42%,0.41,9.6,12.27,120%
ZTS,"Zoetis Inc Cl A","Medical - Drugs",75.02,-3.22%,2,Sell,"100% Sell",-46.80,-51.72%,85.81,75.67,98.1,75.57,47.53,-71.,-53.32,5718067,Strengthening,Strong,68.01%,0.61,72.37,78.78,41%
AMBO,"Ambow Education Holding Ltd ADR",Schools,2.09,+0.97%,4,Sell,"88% Sell",-46.83,-42.35%,2.29,2.18,2.26,2.03,49.15,-61.63,-37.22,94342,Weakening,Average,67.33%,0.18,1.87,2.2,67%
RENT,"Rent The Runway Inc Cl A","Retail - Apparel & Shoes",3.61,0.00%,3,Buy,"56% Sell",-46.85,-35.77%,3.89,3.42,4.49,3.64,51.33,-55.05,-67.3,112997,Weakest,Average,37.98%,0.29,3.5,3.79,39%
OIO,"Oio Group","Conglomerates - Div Operations",2.07,+11.89%,4,Sell,"72% Sell",-47.90,-74.14%,2.89,2.05,5.24,1.89,55.14,-93.42,-95.69,51158,Weakest,Average,50.22%,1.35,1.69,2.09,96%
PLCE,"Children's Place Inc","Retail - Apparel & Shoes",2.45,-8.24%,6,Sell,"100% Sell",-48.21,-47.08%,3.1,2.75,3.36,2.52,44.34,-66.36,-51.38,418940,Strengthening,Good,65.57%,0.71,2.25,2.78,37%
WBX,"Wallbox N.V. Cl A","Electronics Products - Misc",2.9,+0.35%,1,Sell,"40% Sell",-48.33,-31.92%,3.35,3.79,3.19,3.13,37.89,-51.2,10.99,68428,Average,Minimum,9.78%,0.25,2.7,3.56,23%
ASTI,"Ascent Solar Technologies",Solar,3.11,+1.63%,8,Sell,"88% Sell",-48.94,+48.10%,4.62,3.76,4.97,3.22,41.86,28.82,-37.27,1732652,Average,Average,16.45%,0.33,2.86,3.59,35%
FAC,"Factorial Energy Inc","Technology Services",5.26,+6.91%,6,Sell,"100% Sell",-48.95,-47.50%,9.39,7.28,9.68,5.39,43.76,-66.78,-61.85,293297,Average,Strong,36.64%,0.81,4.35,6.43,44%
PDCC,"Pearl Diver Credit Company Inc","Finance - Misc Services",8.8,-0.33%,1,Sell,"100% Sell",-49.42,-48.67%,9.92,9.35,10.62,8.89,38.67,-67.95,-49.76,6870,Average,Good,18.10%,0.16,8.64,9.14,33%
OFS,"Ofs Capital Corp","Finance - SBIC & Commercial",3.69,+0.82%,7,Buy,"24% Sell",-49.44,-55.81%,3.64,3.56,3.74,3.62,56.74,-75.09,-35.42,81086,Weakest,Minimum,43.52%,1.04,3.41,3.82,68%
BUR,"Burford Capital Ltd","Finance - Misc Services",4.32,-0.46%,3,Buy,"40% Sell",-49.51,-68.60%,4.44,4.24,5.72,4.31,51.02,-87.88,-64.51,2614928,Weakest,Soft,64.59%,0.71,4.15,4.48,52%
HIMS,"Hims & Hers Health Inc","Medical Information Systems",31.66,+6.13%,6,Sell,"56% Buy",-49.59,-28.06%,29.12,32.17,26.4,30.49,52.12,-47.34,-15.43,24105434,Average,Weak,52.29%,0.64,27.21,33.77,68%
LBGJ,"Li Bang International Corporation Inc","Steel - Specialty",3.13,-2.80%,3,Sell,"100% Sell",-49.62,-99.99%,160.47,117.12,3000.16,3.32,31.73,-119.27,-112.92,186797,Weakening,Average,19.97%,0.13,2.62,4.01,37%
XBP,"Xbp Global Holdings Inc","Internet - Software",2.87,+2.14%,2,Hold,"16% Sell",-49.63,-52.19%,2.71,2.74,3.92,2.9,50.26,-71.47,-70.8,20028,Weakest,Soft,48.01%,0.39,2.68,3.12,43%
QUBT,"Quantum Computing Inc","Internet - Software",8.65,+3.59%,5,Sell,"100% Sell",-50.44,-41.59%,9.3,8.74,8.94,8.72,50.38,-60.87,-28.63,16608689,Average,Weak,36.87%,0.73,8.06,9.38,45%
KRKR,"36Kr Holdings Inc ADR","Business Information",3.05,-0.81%,6,Buy,"56% Sell",-50.73,-36.56%,3.22,2.89,3.48,3.07,50.56,-55.84,-48.97,15836,Weakening,Average,42.40%,0.35,2.85,3.3,44%
CLRB,"Cellectar Biosciences Inc","Medical Products",2.54,0.00%,6,Sell,"100% Sell",-50.92,-47.30%,2.72,2.59,2.85,2.57,47.45,-66.58,-26.84,371329,Average,Weak,36.00%,0.14,2.48,2.66,32%
MLGO,"Microalgo Inc","Technology Services",4.14,+0.73%,5,Hold,"88% Sell",-50.99,-52.90%,4.32,4.17,4.19,4.14,48.67,-72.18,-19.27,230717,Weakening,Weak,43.30%,0.92,3.98,4.3,49%
NXB,"Nextboat Inc","Technology Services",2.14,+3.88%,4,Hold,N/A,-51.40,N/A,2.36,2.08,2.41,2.05,56.61,N/A,-10.55,N/A,N/A,N/A,63.77%,0.96,1.83,2.27,70%
BXBL,"Boxabl Inc","Real Estate Developers",4.28,-2.06%,3,Sell,"100% Sell",-52.13,-57.20%,8.64,7.07,9.12,4.43,38.44,-76.48,-70.31,153021,Strengthening,Maximum,33.00%,0.25,3.96,4.91,34%
FLO,"Flowers Foods","Food - Misc & Diversified",6.98,-2.65%,1,Sell,"100% Sell",-52.27,-53.71%,7.88,7.71,8.5,7.24,40.41,-72.99,-48.79,5918330,Strengthening,Average,35.02%,1.01,6.91,7.58,11%
NLOP,"Net Lease Office Properties","REIT - Equity Trust Other",11.51,-0.17%,2,Buy,"56% Sell",-52.38,-61.76%,11.85,11.5,13.1,11.61,47.41,-81.04,-68.31,204855,Weakening,Weak,47.31%,0.36,11.3,11.93,33%
HUHU,"Huhutech International Group Inc","Machinery - General Industrial",4.32,-7.12%,4,Sell,"100% Sell",-53.54,-31.21%,7.99,6.28,7.66,4.98,34.29,-50.49,-70.17,38691,Strongest,Strong,14.02%,7.57,4.21,5.75,7%
LIVE,"Live Ventures","Conglomerates - Div Operations",9.31,-2.10%,2,Sell,"100% Sell",-53.54,-53.05%,11,10.09,12.68,9.8,42.19,-72.33,-50.03,8965,Strengthening,Strong,24.98%,0.47,8.97,10.63,21%
ASPS,"Altisource Portfolio","REIT - Mortgage Trusts",5.57,-2.02%,3,Sell,"88% Sell",-53.88,-52.35%,6.39,6.22,6.34,5.56,45.8,-71.63,-32.72,24406,Average,Soft,41.25%,0.14,5.3,5.82,53%
UPST,"Upstart Holdings Inc","Finance - Misc Services",30.46,-0.03%,4,Sell,"88% Sell",-54.00,-56.24%,30.72,30.71,30.85,29.94,52.15,-75.52,-43.29,4785211,Weakening,Weak,68.43%,0.67,28.29,31.59,66%
VRCA,"Verrica Pharmaceuticals Inc","Medical - Drugs",5.07,+3.26%,2,Sell,"88% Sell",-54.10,-10.42%,5.91,5.52,5.92,5.06,47.61,-29.7,-51.93,133460,Average,Average,29.16%,9.03,4.63,5.48,52%
DRIO,"Dario Health Corp","Medical Instruments",6.77,-3.70%,2,Hold,"80% Sell",-54.38,-29.55%,7.33,7.1,8.17,7.32,42,-48.83,-53.45,18745,Average,Average,26.43%,0.9,6.79,7.85,-2%
PLBL,"Polibeli Group Ltd Cl A",Unclassified,5.93,-0.42%,2,Sell,"88% Sell",-54.58,-36.24%,7.13,7.16,7.83,6.11,44.89,-55.52,-58.83,89834,Average,Strong,37.11%,1.43,5.33,6.9,38%
CWH,"Camping World Holdings Inc","Auto - Truck Original Parts",6.43,-1.23%,5,Sell,"88% Sell",-54.64,-63.69%,6.92,6.59,7.8,6.42,49.55,-82.97,-46.86,2625840,Average,Soft,50.43%,0.5,6.1,6.75,51%
ROLR,"High Roller Technologies Inc",Gaming,6.22,-2.35%,7,Sell,"24% Buy",-54.74,+144.88%,6.42,6.16,5.82,6.06,52.31,125.6,189,1475265,Weakening,Weak,65.73%,0.31,5.47,6.65,64%
Z,"Zillow Group Cl C","Internet - Services",35.43,+1.37%,7,Buy,"40% Sell",-54.98,-57.92%,36.46,33.31,40.45,35.02,53.05,-77.2,-61.01,3895003,Weakest,Soft,62.20%,1.14,32.76,37.28,59%
OWLS,"Obook Holdings Inc Cl A","Finance - Misc Services",5.51,-0.18%,2,Buy,"72% Sell",-54.99,N/A,5.69,5.53,5.76,5.45,50.99,N/A,-30.45,36639,Average,Soft,70.00%,0.32,5.26,5.65,64%
LUD,"Luda Technology Group Limited","Steel - Specialty",4.29,0.00%,2,Sell,"88% Sell",-55.67,-33.69%,4.95,4.44,5.17,4.28,48.95,-52.97,-46.12,79451,Weakening,Average,21.45%,0.39,4.08,4.47,53%
PDC,"Perpetuals.com Ltd ADR","Technology Services",3.03,-6.19%,2,Sell,"100% Sell",-57.00,+7.45%,5.23,3.98,5.14,3.11,40.5,-11.83,-66.14,88788,Strongest,Strong,39.46%,0.3,2.89,3.33,31%
HURA,"Tuhura Biosciences Inc","Medical - Biomedical",2.13,0.00%,4,Sell,"8% Sell",-57.37,-26.55%,2.31,2.26,2,2.18,47.25,-45.83,168.55,927981,Weakest,Minimum,18.64%,0.23,1.96,2.4,38%
CNF,"Cnfinance Holdings Ltd ADR","Finance - Mortgage & Rel Svs",2.17,-1.81%,2,Sell,"100% Sell",-57.42,-56.55%,2.8,2.49,3.54,2.25,41.63,-75.83,-77.07,9830,Strengthening,Strong,25.16%,0.27,2.09,2.4,26%
RENX,"Renx Enterprises Corp","Real Estate Developers",2.05,+1.49%,6,Hold,"32% Sell",-57.43,-91.01%,2.03,1.93,2.28,1.95,57.85,-110.29,-58.99,1158030,Weakest,Minimum,75.14%,0.75,1.83,2.07,91%
THH,"Tryhard Holdings Limited","Business Services",2.15,-4.02%,5,Sell,"100% Sell",-57.69,N/A,3.06,2.58,3.88,2.48,39.99,N/A,-111.77,155068,Average,Average,4.87%,0.32,2.06,2.9,11%
SKK,"Skk Holdings Limited","Engineering & R&D Services",4.53,-3.00%,3,Hold,"48% Buy",-57.76,-0.42%,4.23,4.78,3.75,4.72,47.21,-19.7,50.78,294848,Weakest,Soft,9.86%,0.13,3.89,5.56,38%
SSII,"Ss Innovations International Inc","Technology Services",3.42,-4.20%,1,Sell,"88% Sell",-57.92,-52.63%,3.89,3.68,4.12,3.71,38.69,-71.91,-52.73,72280,Strengthening,Average,35.12%,0.74,3.41,4.01,1%
KULR,"Kulr Technology Group Inc","Electronics - Semiconductors",2.66,-0.37%,8,Sell,"88% Sell",-58.21,-43.88%,3.17,3.03,3.08,2.72,45.28,-63.16,-23.08,1815462,Average,Weak,43.92%,0.56,2.48,2.97,37%
XTLB,"Xtl Biopharma ADR","Medical - Drugs",2.58,0.00%,2,Sell,"72% Sell",-58.41,-45.11%,2.69,2.79,2.82,2.79,43.08,-64.39,-1.73,673588,Average,Weak,14.84%,0.03,2.47,3.1,17%
NCTY,"The9 Ltd ADR","Internet - Content",4.7,-3.09%,6,Buy,"40% Sell",-59.27,-45.66%,4.95,4.56,5.25,4.64,50.9,-64.94,-39.16,74653,Weakest,Weak,28.51%,1.1,3.79,5.5,53%
SMPL,"The Simply Good Foods Company","Food - Confectionery",10.21,-3.13%,4,Sell,"100% Sell",-59.84,-64.94%,11.89,11.6,13.32,10.96,37.55,-84.22,-62.09,2349288,Strengthening,Average,14.18%,0.98,10.3,11.62,-7%
CNSP,"Cns Pharmaceuticals Inc","Medical - Biomedical",5.52,+1.42%,4,Buy,"72% Buy",-60.62,-12.28%,4.72,5.15,4.3,5.55,51.03,-31.56,-7.85,463331,Average,Weak,54.91%,0.75,4.97,6.12,48%
ASPI,"Asp Isotopes Inc","Chemical - Diversified",4.04,+2.41%,6,Sell,"100% Sell",-61.37,-59.92%,5.29,4.74,5.36,4.11,45.08,-79.2,-37.43,5027202,Average,Average,25.76%,0.57,3.79,4.44,39%
IMSR,"Terrestrial Energy Inc","Other Alt Energy",5.49,+2.43%,7,Sell,"100% Sell",-61.38,-53.08%,6.65,5.83,6.86,5.51,48.77,-72.36,-23.09,2449906,Average,Average,35.60%,0.36,4.95,6.08,48%
CMCM,"Cheetah Mobile Inc ADR","Internet - Software",2.99,-1.32%,5,Buy,"88% Sell",-61.63,-49.75%,4.05,3.1,4.84,3.04,45.87,-69.03,-63.11,22643,Weakening,Strong,22.40%,0.22,2.79,3.3,39%
CGTL,"Creative Global Technology Ltd","Consumer Prdts - Misc Discr",4.48,+1.82%,2,Hold,"80% Sell",-62.23,-52.04%,8.55,4.71,17.26,4.29,48.53,-71.32,-87.84,303469,Weakening,Average,38.53%,0.02,3.51,5.06,63%
FOXX,"Foxx Development Holdings Inc","Consumer Prdts - Misc Discr",2.74,-8.67%,8,Buy,"72% Sell",-62.80,-54.33%,3.72,2.83,3.99,2.69,48.62,-73.61,-53.89,803224,Average,Good,66.54%,0.39,2.31,3.07,57%
RGC,"Regencell Bioscience Holdings Ltd","Medical - Biomedical",5.52,+0.36%,3,Sell,"96% Sell",-64.58,-61.24%,16.26,6.31,19.87,5.52,41.95,-80.52,-86.65,292388,Weakening,Strong,49.80%,0.21,4.88,6.16,50%
TONX,"Ton Strategy Company","Finance - Misc Services",3.42,+14.77%,3,Hold,"64% Buy",-64.89,-77.25%,3.04,3.07,2.84,2.94,60.38,-96.53,58.92,465202,Average,Weak,66.32%,1.61,2.61,3.28,121%
GLMD,"Galmed Pharmaceutica","Medical - Drugs",4.31,-0.56%,3,Sell,"88% Sell",-65.21,-61.28%,4.78,4.47,4.85,4.49,47.18,-80.56,-41.23,232171,Average,Weak,35.83%,0.09,3.99,4.99,32%
MENS,"Jyong Biotech Ltd","Medical - Biomedical",2.3,+2.68%,2,Buy,"24% Sell",-65.80,-95.51%,2.15,2.13,2.15,2.1,61.17,-114.79,-54.71,372547,Weakest,Minimum,94.68%,0.19,1.93,2.28,106%
DAVA,"Endava Plc ADR","IT Services",3.29,+2.17%,6,Buy,"40% Sell",-66.03,-77.17%,3.36,2.92,3.96,3.08,62.09,-96.45,-60.88,527892,Weakest,Weak,85.54%,0.73,2.87,3.29,100%
UONE,"Urban One Inc","Broadcast - Radio & TV",4.8,-1.15%,4,Sell,"100% Sell",-66.69,-70.37%,5.65,5.12,7.08,5.03,39.77,-89.65,-66.34,50907,Strengthening,Good,14.40%,0.3,4.76,5.29,7%
HIND,"Vyome Holdings Inc","Medical - Drugs",2.21,+2.31%,9,Buy,"8% Sell",-67.13,-79.21%,2.17,2.17,2.3,2.21,51.17,-98.49,-48.7,284531,Weakest,Minimum,49.54%,0.17,2.1,2.32,51%
MCRB,"Seres Therapeutics Inc","Medical - Biomedical",4.95,+3.99%,4,Sell,"88% Sell",-67.17,-73.78%,6.64,5.63,7.92,4.76,49.45,-93.06,-79.67,96950,Weakest,Good,68.43%,0.25,4.31,5.21,71%
GLOO,"Gloo Holdings Inc","Internet - Software",3.38,+4.64%,6,Sell,N/A,-67.86,N/A,4.82,3.62,5.09,3.39,47.71,N/A,-53.54,N/A,N/A,N/A,33.33%,0.23,3.18,3.6,48%
STEM,"Stem Inc","IT Services",5.7,+0.71%,7,Sell,"100% Sell",-68.86,-64.92%,7.99,6.39,9.23,5.78,45.39,-84.2,-75.07,172429,Weakening,Strong,19.32%,1.19,5.29,6.26,42%
AQMS,"Aqua Metals Inc","Waste Removal Svcs",2.81,-1.40%,5,Sell,"72% Sell",-68.92,-25.86%,3.5,2.79,3.87,2.71,51.85,-45.14,-54.4,156123,Weakening,Average,59.48%,0.84,2.49,2.94,71%
SUNE,"Sunation Energy Inc","Other Alt Energy",2.2,-2.22%,7,Sell,"40% Buy",-69.13,+46.67%,2.06,2.47,1.9,2.4,43.67,27.39,100.65,3728660,Weakest,Weak,9.64%,0.03,2.06,2.74,21%
FABC,"Fabric.Ai Inc","Technology Services",2.79,-1.76%,7,Hold,"64% Sell",-69.19,-52.71%,3.29,2.86,3.02,2.77,49.37,-71.99,0.94,847724,Average,Weak,43.51%,0.47,2.56,2.99,54%
NCEL,"Newcelx Ltd","Medical - Biomedical",3.42,+1.18%,3,Sell,"32% Buy",-69.34,-84.59%,3.42,3.6,3.16,3.38,49.02,-103.87,67.06,60766,Weakest,Minimum,66.01%,0.9,3.17,3.59,60%
OKLO,"Oklo Inc","Other Alt Energy",42.53,+2.24%,5,Sell,"100% Sell",-69.53,-41.90%,55.33,46.09,58.31,43.22,47.6,-61.18,-53.67,11442444,Average,Average,35.11%,0.99,38.59,47.85,43%
SMR,"Nuscale Power Corp","Electrical Power",9.74,+5.07%,9,Hold,"48% Sell",-69.56,-72.30%,10.37,9.26,11.49,9.35,54.06,-91.58,-44.2,29550131,Weakest,Weak,64.26%,1.17,8.58,10.11,76%
ANPA,"Rich Sparkle Holdings Limited","Business Services",4.15,+3.23%,4,Buy,"88% Sell",-69.63,-91.35%,5.56,4.24,13.38,4.23,48.17,-110.63,-94.21,97558,Weakest,Average,21.32%,0.28,3.71,4.75,43%
PLYX,"Polaryx Therapeutics Inc","Medical - Biomedical",2.11,+0.96%,6,Hold,N/A,-69.64,N/A,3.15,2.28,0,2.19,46.92,N/A,N/A,N/A,N/A,N/A,25.70%,0.61,1.87,2.5,38%
GURE,"Gulf Resources Inc","Chemical - Diversified",3.42,-2.29%,3,Sell,"88% Sell",-69.91,-52.51%,4.05,3.49,4.33,3.21,52.17,-71.79,-20.51,75119,Average,Average,83.56%,0.33,2.84,3.58,79%
YI,"111 Inc ADR","Medical Information Systems",3.46,-7.49%,3,Sell,"100% Sell",-70.03,-50.57%,4.91,3.9,5.6,3.7,41.95,-69.85,22.22,25444,Strongest,Good,37.18%,0.62,3.37,4.03,13%
ANY,"Sphere 3D Corp","Finance - Misc Services",2.56,+6.22%,7,Buy,"32% Buy",-70.36,-56.34%,2.23,2.31,2.05,2.24,59.05,-75.62,-26.92,1281888,Average,Minimum,59.50%,0.28,1.85,2.64,90%
LNZA,"Lanzatech Global Inc","Waste Removal Svcs",6.22,+0.65%,6,Buy,"40% Sell",-70.91,-72.05%,11.74,6.03,12.07,6.21,49.79,-91.33,-67.74,69561,Weakest,Average,61.93%,0.14,5.77,6.65,51%
FJET,"Starfighters Space Inc","Transportation - Airline",3.74,-3.36%,7,Sell,N/A,-71.19,N/A,5.18,4.2,5.82,3.91,42.05,N/A,-80.84,N/A,N/A,N/A,22.33%,0.81,3.62,4.21,21%
WNW,"Meiwu Technology Ltd","Technology Services",3.31,+33.47%,7,Hold,"64% Sell",-71.37,-98.08%,3.33,3.02,41.45,2.62,64.16,-117.36,-110.56,844453,Weakest,Average,28.75%,20.37,2.23,3,140%
ZSQR,"Z Squared Inc","Internet - Software",4.23,-2.98%,3,Sell,"88% Sell",-71.48,-68.24%,9.47,6.86,10.35,4.09,43.04,-87.52,-83.26,233087,Average,Maximum,70.62%,0.33,3.4,4.79,60%
SOC,"Sable Offshore Corp","Oil - US Integrated",4.66,+0.65%,3,Sell,"88% Sell",-71.69,-83.57%,9.28,5.09,10.23,4.64,46.98,-102.85,-61.28,8145872,Average,Average,53.58%,0.93,3.91,5.38,51%
PAVM,"Pavmed Inc","Medical Instruments",5.07,-4.70%,5,Sell,"88% Sell",-71.93,-64.94%,6.23,5.2,7.45,5.02,48.74,-84.22,-36.4,326512,Strengthening,Average,75.09%,0.36,4.46,5.58,54%
CANF,"Can-Fite Biopharma Ltd ADR","Medical - Drugs",3.37,+1.51%,5,Buy,"8% Buy",-72.22,-74.57%,3.23,3.3,3.5,3.35,51.41,-93.85,-28.69,964708,Weakening,Minimum,33.73%,0.01,3.11,3.59,54%
MSGY,"Masonglory Limited","Auto - Foreign",2.02,-1.94%,4,Sell,"100% Sell",-72.55,-97.93%,3.55,3.14,4.82,2.43,36.65,-117.21,-103.55,330589,Strengthening,Soft,4.80%,0.1,1.73,3.13,20%
ICU,"Seastar Medical Hldg Corp","Medical Services",3.1,-0.64%,4,Sell,"56% Sell",-72.58,-63.43%,3.78,3.68,3.4,3.25,39.53,-82.71,16.23,136301,Average,Weak,12.56%,0.6,2.91,3.6,28%
DOMO,"Domo Inc Cl B","Internet - Software",3.91,+3.44%,5,Buy,"8% Buy",-72.98,-77.75%,3.49,3.47,3.77,3.84,57.4,-97.03,-66.56,1636283,Weakening,Minimum,33.03%,0.81,3.66,4.02,70%
ARBK,"Argo Blockchain Plc ADR","Finance - Misc Services",2.98,-0.67%,4,Sell,"88% Sell",-73.48,-94.99%,3.33,3.13,3.26,2.91,49.27,-114.27,-25.55,55717,Average,Weak,43.01%,1.2,2.8,3.02,81%
WKHS,"Workhorse Grp","Auto - Truck Original Parts",3.17,+4.97%,6,Buy,"24% Sell",-73.84,-80.58%,3.04,2.96,3.25,3.19,52.22,-99.86,-50.66,185433,Weakest,Minimum,35.30%,1.02,2.93,3.44,47%
STI,"Solidion Technology Inc","Electronics Products - Misc",7.73,+5.53%,5,Sell,"24% Sell",-73.94,+145.40%,8.66,8.38,7.62,7.36,50.85,126.12,-3.91,962191,Weakest,Minimum,32.46%,0.35,6.26,8.45,67%
SSTK,"Shutterstock Inc","Internet - Content",5.49,-0.90%,2,Sell,"100% Sell",-74.56,-73.31%,11.99,7.97,13.73,5.65,36.04,-92.59,-84.2,539656,Strengthening,Maximum,33.30%,0.7,5.1,6.2,36%
FGNX,"Fg Nexus Inc","Finance - Investment Mgmt",7.87,-1.63%,6,Buy,"8% Buy",-74.97,-87.52%,6.52,6.39,7.1,7.32,59.42,-106.8,-55.7,124968,Weakest,Minimum,78.99%,1.13,6.57,8.08,86%
CUPR,"Cuprina Holdings [Cayman] Limited","Medical - Biomedical",3.13,+6.28%,2,Sell,"40% Sell",-74.98,-59.46%,3.29,3.9,3.23,3.02,48.48,-78.74,-15.15,1061535,Weakest,Weak,47.77%,0.02,2.63,3.41,64%
ATHR,"Aether Holdings Inc","Technology Services",2.9,-3.65%,2,Sell,"64% Sell",-75.30,-58.98%,3.63,3.9,3.76,3.63,31.67,-78.26,-66.17,13827,Strengthening,Average,8.33%,0.59,2.99,4.28,-7%
EDHL,"Everbright Digital Holding Limited","Advertising Marketing Services",4,+2.04%,2,Hold,Hold,-75.76,-42.59%,3.62,4.15,3.47,3.99,50.12,-61.87,-46.29,858877,Bearish,,45.61%,0.02,3.77,4.21,52%
AVX,"Avax One Technology Ltd","Finance - Misc Services",3.49,-1.41%,5,Sell,"88% Sell",-75.78,-88.13%,5.18,4.08,6.44,3.22,50.04,-107.41,-93.68,41268,Average,Weak,59.32%,1.23,2.75,3.69,79%
TLRY,"Tilray Brands Inc","Medical Products",4.57,-1.51%,6,Buy,"56% Sell",-76.22,-66.64%,5.18,4.47,5.88,4.63,49.47,-85.92,-62.33,5897285,Weakening,Soft,59.62%,0.69,4.36,4.9,39%
LFS,"Leifras Co. Ltd ADR","Leisure & Recreation Services",2.28,+0.44%,2,Buy,"8% Sell",-76.30,N/A,2.23,2.27,2.32,2.33,49.61,N/A,-30.63,1532900,Weakest,Soft,6.90%,0.08,2.16,2.5,35%
JDZG,"Jiade Limited",Schools,3.57,-11.85%,1,Sell,"100% Sell",-76.60,-99.26%,41.75,17.58,132.73,3.86,35.94,-118.54,-111.18,94977,Average,Average,69.87%,0.11,2.47,5.25,40%
FRMM,"Forum Markets Inc","Finance - Misc Services",5.66,-1.74%,5,Buy,"56% Buy",-76.70,-81.01%,5.04,5.77,4.49,5.88,47.44,-100.29,2.57,769375,Weakening,Weak,43.19%,0.27,5.23,6.53,33%
BMGL,"Basel Medical Group Ltd","Medical Services",5.45,-8.17%,1,Sell,"88% Sell",-76.83,-76.83%,6.75,6.09,7.1,5.32,49.31,-96.11,-20.25,24056,Average,Weak,65.23%,1.55,4.42,6.22,57%
ASBP,"Aspire Biopharma Holdings Inc","Medical - Biomedical",8.26,-0.84%,8,Buy,"24% Sell",-77.59,-98.71%,8.24,6.86,18.35,7.6,60.34,-117.99,-107.72,279102,Weakest,Minimum,70.50%,0.14,6.67,8.54,85%
STG,"Sunlands Online Education Group ADR","Internet - Services",2.94,+1.38%,1,Sell,"88% Sell",-77.86,-68.18%,3.43,3.52,3.85,3.18,37.8,-87.46,-63.28,145562,Average,Average,32.45%,0.05,2.84,3.53,15%
DXST,"Decent Holding Inc","Waste Removal Svcs",2.63,+0.38%,5,Buy,"8% Sell",-78.00,-91.23%,2.41,2.4,5.66,2.59,52.63,-110.51,-105.37,1445877,Weakest,Weak,22.85%,0.05,2.31,2.87,57%
MSAI,"Multisensor AI Holdings Inc","Internet - Software",5.43,-0.37%,5,Buy,"40% Sell",-78.05,-81.48%,5.62,5.3,7.58,5.38,51.25,-100.76,-65.8,119054,Weakest,Weak,26.59%,0.65,4.9,5.86,55%
MFI,"Mf International Limited","Internet - Software",9.13,+2.59%,5,Buy,"56% Sell",-78.24,-75.32%,9.59,8.53,10.95,8.38,56.7,-94.6,-63.8,31369,Weakest,Weak,25.03%,0.4,7.2,9.57,81%
UK,"Ucommune Intl Ltd","Real Estate Operations",2.06,+1.98%,6,Buy,"72% Sell",-78.33,-80.00%,2.7,2.1,3.57,2.16,45,-99.28,-80.24,129752,Weakening,Average,20.58%,0.06,1.98,2.34,23%
IOTR,"Iothree Limited","Transportation - Ship",2.45,-5.04%,3,Sell,"40% Sell",-79.25,-46.15%,2.83,2.93,2.73,2.73,39.3,-65.43,-12.74,890096,Strengthening,Weak,22.54%,0,2.41,3.05,6%
ATPC,"Agape Atp Corp","Medical Products",2.37,-1.25%,4,Sell,"100% Sell",-79.62,-96.58%,2.75,2.7,2.79,2.47,43.36,-115.86,-68.43,2137909,Average,Weak,12.61%,0.01,2.3,2.65,21%
BCAB,"Bioatla Inc","Medical - Biomedical",3.14,+0.64%,4,Sell,"100% Sell",-79.89,-85.94%,3.89,3.57,5.77,3.28,41.93,-105.22,-101.88,50248,Average,Average,30.53%,0.49,3.02,3.53,23%
DKI,"Darkiris Inc Cl A",Gaming,3.7,-9.09%,3,Sell,"100% Sell",-79.97,-96.81%,5.56,4.43,6.01,3.94,39.04,-116.09,-39.76,277619,Strongest,Weak,18.42%,0.16,3.56,4.32,18%
EDSA,"Edesa Biotech Inc","Medical - Biomedical",4.6,-6.88%,5,Sell,"72% Sell",-80.28,+91.67%,7.78,6.1,6.39,5.14,38.89,72.39,211,1518251,Average,Weak,21.31%,0.91,4.32,5.95,17%
JEM,"707 Cayman Holdings Limited","Textile - Apparel",4.7,-17.11%,2,Sell,"88% Sell",-80.86,-99.17%,15.52,11.44,19.62,4.61,43.87,-118.45,-101.86,490499,Strengthening,Weak,40.83%,0.12,3.21,6.01,53%
HTCR,"Heartcore Enterprises Inc","Internet Software Services",2.65,+5.58%,5,Sell,"88% Sell",-81.75,-88.68%,2.98,2.73,3.66,2.62,50.93,-107.96,-69.53,43795,Weakest,Soft,44.53%,0.13,2.36,2.87,56%
SLMT,"Brera Holdings Plc Cl B",Gaming,4.55,+14.61%,5,Sell,"88% Sell",-82.12,-92.67%,5.65,4.66,7.44,4.11,54.9,-111.95,-88.61,107310,Weakest,Weak,65.27%,2.63,3.8,4.43,119%
CRVO,"Cervomed Inc","Medical - Biomedical",2.64,-0.38%,5,Sell,"100% Sell",-82.36,-71.88%,3.26,3.03,3.69,2.74,43.74,-91.16,-79.52,1822836,Weakening,Average,20.95%,0.04,2.43,3.05,34%
LENZ,"Lenz Therapeutics Inc","Medical - Biomedical",4.81,+0.63%,2,Sell,"100% Sell",-82.87,-87.13%,6.85,5.32,8.85,4.94,43.51,-106.41,-82.88,964012,Weakening,Average,9.90%,0.47,4.42,5.46,38%
NVX,"Novonix Ltd ADR","Electronics Products - Misc",3.61,-11.82%,7,Sell,"100% Sell",-82.95,-75.44%,5.65,4.31,6.66,4.14,35.88,-94.72,-77.2,67257,Strongest,Strong,31.82%,3.9,3.69,4.58,-10%
TVGN,"Tevogen Inc","Medical Services",6.75,+0.75%,3,Buy,"40% Sell",-82.98,-85.32%,7.22,6.35,8.26,6.67,54.39,-104.6,-72.17,23518,Weakest,Weak,84.74%,0.22,6.21,7.14,58%
SPHL,"Springview Holdings Ltd","Building & Construction - Misc",2.47,+0.41%,4,Sell,"100% Sell",-83.46,-34.18%,2.74,2.7,2.99,2.64,39.73,-53.46,5.81,976224,Average,Weak,4.88%,0.03,2.41,2.87,12%
HCAI,"Hauchen AI Parking Management Ltd","Technology Services",4.83,-0.41%,2,Sell,"88% Sell",-84.03,-74.49%,7.53,6.12,7.17,4.67,44.06,-93.77,-66.83,482485,Average,Soft,62.44%,0.11,4.26,5.09,69%
GMM,"Global Mofy AI Limited","Technology Services",2.71,+4.23%,2,Sell,"100% Sell",-85.03,-97.55%,24.71,2.81,36.99,2.78,38.88,-116.83,-108.35,1473224,Weakening,Strong,31.72%,0.02,2.43,3.14,40%
RGNT,"Regentis Biomaterials Ltd","Medical - Biomedical",2.06,-0.48%,4,Sell,N/A,-85.39,N/A,2.65,2.69,3.23,2,46.71,N/A,-82.38,N/A,N/A,N/A,40.80%,0.03,1.76,2.23,63%
CIIT,"Tianci International Inc","Transportation - Ship",3.3,-0.30%,3,Sell,"100% Sell",-85.83,-93.45%,9.18,4.38,16.25,3.54,38.1,-112.73,-98.76,287103,Weakening,Average,41.46%,0.07,3.23,3.84,11%
APUS,"Apimeds Pharmaceuticals US Inc","Medical - Biomedical",3.95,-14.13%,2,Sell,"100% Sell",-85.85,-79.10%,10.96,6.52,12.66,4.58,35.95,-98.38,-88.85,33056,Strongest,Maximum,54.74%,2.02,3.95,5.21,0%
VRAX,"Virax Biolabs Group Limited","Medical - Biomedical",2.94,+6.14%,4,Hold,"80% Sell",-85.90,-80.23%,3.83,3.3,4.34,2.92,46.99,-99.51,-78.93,1013843,Weakest,Weak,10.34%,0.02,2.56,3.28,53%
ATGL,"Alpha Technology Group Limited","Technology Services",7.22,-1.63%,2,Sell,"100% Sell",-86.62,-76.00%,12.71,9.69,15.45,7.54,40.15,-95.28,-78.44,18409,Average,Maximum,8.38%,0.49,6.13,8.96,39%
AKTX,"Akari Therapeutics ADR","Medical - Biomedical",9.01,-0.99%,2,Sell,"40% Sell",-87.03,-72.70%,9.08,9.65,8.9,7.75,54.59,-91.98,-35.,269357,Weakest,Weak,77.69%,0.78,6.7,8.8,110%
SOWG,"Sow Good Inc","Consumer Prdts - Misc Discr",3.05,-0.97%,8,Hold,"48% Sell",-87.40,-70.63%,2.87,3.36,4.31,3.17,46.17,-89.91,-53.85,149512,Weakening,Weak,56.05%,0.07,2.81,3.53,33%
SDOT,"Sadot Group Inc","Consumer Prdts - Misc Staple",16.21,-4.59%,3,Hold,"64% Sell",-87.69,-91.39%,17.78,19.12,27.09,13.07,51.61,-110.67,-45.96,1476777,Weakening,Weak,35.54%,0.12,6.69,19.45,75%
FOFO,"Hang Feng Technology Innovation Co. Ltd","Business Services",2.42,-4.91%,3,Sell,"100% Sell",-88.71,N/A,2.98,2.69,3.5,2.51,45.65,N/A,-87.91,106214,Average,Average,62.99%,0.07,2.32,2.7,26%
XAIR,"Beyond Air Inc","Medical - Biomedical",5.7,+14.69%,3,Sell,"88% Sell",-88.96,-87.50%,8.34,6.67,11.92,5.61,48.9,-106.78,-73.68,135580,Weakest,Soft,29.49%,18.88,4.54,6.67,54%
SXTC,"China Sxt Pharmaceuticals Inc","Medical - Drugs",3.46,-2.81%,4,Sell,"100% Sell",-89.50,-99.98%,122.64,95.36,168.38,4.39,23.86,-119.26,-112.92,324941,Weakening,Average,17.69%,0.09,1.47,7.31,34%
BIRD,"Smartbird Inc","Shoes and Related Apparel",2.77,+16.39%,6,Hold,"64% Sell",-89.92,-57.52%,4.22,3.1,3.89,2.45,55.92,-76.8,-45.38,2451186,Weakening,Average,38.78%,3.49,2.18,2.72,110%
HAO,"Haoxi Health Technology Limited Class A Ord Shar","Advertising Marketing Services",3.17,-11.45%,6,Sell,"100% Sell",-90.25,-99.90%,615.9,9.12,1449.42,3.41,19.89,-119.18,-112.82,126206,Weakening,Strong,25.75%,0.23,2.61,4.21,35%
QNTM,"Quantum Biopharma Ltd","Medical - Biomedical",3.13,+1.95%,5,Buy,"88% Sell",-90.82,-81.31%,4.14,3.35,4.02,3.3,44.77,-100.59,-70.06,267875,Average,Weak,14.41%,0.3,2.79,3.81,33%
IMCC,"IM Cannabis Corp","Medical Products",3.94,+17.89%,8,Sell,"88% Sell",-91.07,-94.19%,6.38,4.08,12.94,3.58,54.15,-113.47,-103.49,72707,Weakest,Average,58.59%,1.59,3.02,4.15,81%
ASTC,"Astrotech Corp","Aerospace - Defense Equipment",7.12,+2.74%,2,Sell,"24% Sell",-91.58,+37.36%,9.88,8.77,7.56,8.02,40.41,18.08,92.84,2005714,Weakest,Minimum,3.03%,0.17,6.16,9.88,26%
HKIT,"Hitek Global Inc Ordinary Share","Technology Services",3.1,+5.08%,2,Sell,"88% Sell",-91.69,-99.94%,29.25,4.11,1674.79,3.04,36.4,-119.22,-112.9,247741,Weakest,Average,36.46%,0.63,2.73,3.34,61%
TDIC,"Dreamland Limited Cl A","Advertising Marketing Services",2.53,-0.39%,4,Sell,"100% Sell",-92.15,-99.47%,16.83,3.62,18.07,2.65,44.76,-118.75,-102.03,550695,Weakening,Weak,3.41%,0.04,2.42,2.88,24%
SPRC,"Scisparc Ltd","Medical - Drugs",6.62,-1.78%,3,Buy,"8% Buy",-92.30,-82.73%,6.35,6.12,5.97,6.75,50.95,-102.01,-58.86,489088,Weakest,Minimum,47.32%,0.05,6.41,7.08,31%
LNAI,"Lunai Bioworks Inc","Medical Information Systems",2.35,-2.08%,2,Sell,"72% Sell",-92.40,-88.61%,2.64,2.7,3.14,2.29,49.48,-107.89,-79.62,1193524,Weakest,Weak,50.55%,0.05,2.01,2.57,60%
INLF,"Inlif Limited","Medical Products",4.08,-3.32%,2,Sell,"100% Sell",-92.42,-99.89%,388.73,7.48,692.28,4.66,23.87,-119.17,-112.68,991390,Average,Good,8.02%,0.01,3.36,5.96,28%
VEEE,"Twin Vee Powercats Co.","Leisure & Recreational Prdcts",10.29,-0.19%,1,Hold,"48% Sell",-93.03,-86.30%,9.72,12.4,15.53,10.71,45.42,-105.58,-96.96,805887,Weakest,Weak,31.48%,0.01,8.6,12.83,40%
PAVS,"Paranovus Entertainment Technology Ltd","Conglomerates - Div Operations",5.42,+2.07%,5,Sell,"100% Sell",-93.31,-99.99%,62.75,6.64,458.48,5.83,34.03,-119.27,-112.68,408741,Weakening,Weak,10.48%,0.02,4.12,7.54,38%
RAYA,"Erayak Power Solution Group Inc Cl A","Electronics Products - Misc",2.28,+0.46%,2,Sell,"100% Sell",-93.46,-97.80%,3.28,2.58,5.09,2.37,41.34,-117.08,-106.95,295064,Weakening,Weak,20.04%,0.1,2.2,2.54,21%
AIIO,"Robo.Ai Inc","Technology Services",2.36,-7.81%,2,Sell,"56% Sell",-93.94,-91.26%,2.61,3.32,2.7,2.87,35.2,-110.54,-74.26,4514359,Average,Weak,4.15%,0.54,2.49,3.24,-18%
VSA,"Visionsys AI Inc ADR","Technology Services",3.38,-2.31%,2,Hold,"88% Sell",-94.40,-99.64%,4.73,3.59,7.82,3.38,47.79,-118.92,-99.03,507363,Weakening,Weak,14.53%,0.01,2.89,3.87,50%
MNTS,"Momentus Inc","Aerospace - Defense",4.27,+0.71%,6,Sell,"100% Sell",-94.64,-83.27%,6.89,5.5,6.28,4.45,40.82,-102.55,-25.26,3216458,Average,Soft,16.53%,0.28,3.87,5.03,35%
WOK,"Work Medical Technology Group Ltd","Medical Instruments",2.35,+4.44%,9,Sell,"72% Sell",-94.64,-100.00%,48.31,2.19,76.63,2.18,42.52,-119.28,-111.86,414481,Weakest,Weak,32.32%,0.15,1.97,2.38,92%
SEGG,"Sports Entertainment Gaming Global Corp",Gaming,2.73,-0.73%,2,Sell,"88% Sell",-94.67,-93.83%,6.66,4.38,6.99,2.64,37.25,-113.11,-59.52,652704,Average,Weak,69.33%,0.29,2.15,3.13,59%
ELPW,"Elong Power Holding Cl A","Electronics Products - Misc",3.84,-6.34%,3,Sell,"100% Sell",-94.83,-99.98%,60.94,17.61,772.69,4.65,33.26,-119.26,-112.88,218283,Weakening,Weak,22.64%,0.1,2.42,6.89,32%
FXHO,"Utime Ltd","Wireless Equipment",10.09,+4.56%,2,Sell,"100% Sell",-95.06,-99.77%,13.14,11.33,19.01,10.52,46.71,-119.05,-93.16,150795,Weakening,Weak,18.77%,0.49,8.28,12.77,40%
RPGL,"Republic Power Group Limited Cl A","Internet - Software",2.01,-13.36%,4,Hold,"64% Sell",-95.13,N/A,12.35,1.97,70.27,2.02,45.63,N/A,-112.49,340212,Weakest,Soft,50.34%,0.37,1.6,2.44,49%
BTOG,"Bit Origin Ltd","Finance - Misc Services",3.55,+3.80%,4,Sell,"100% Sell",-95.39,-97.19%,7.63,5.14,9.7,3.9,38.31,-116.47,-106.06,141130,Weakening,Soft,20.53%,1.09,3.32,4.49,20%
NTCL,"Netclass Technology Inc Cl A","Internet - Software",2.42,-0.41%,2,Sell,"100% Sell",-95.41,-97.32%,19.18,4.06,18.62,2.62,36.97,-116.6,-98.93,65428,Weakening,Average,13.73%,0.17,2.22,3.02,25%
CETX,"Cemtrex Inc","Conglomerates - Div Operations",2.71,-1.28%,7,Sell,"100% Sell",-96.08,-98.52%,5.98,2.91,7.67,2.82,41.65,-117.8,-102.48,480861,Weakening,Weak,20.07%,0.07,2.51,3.13,32%
AKAN,"Akanda Corp","Medical Products",4.23,-0.24%,3,Sell,"88% Sell",-96.41,-95.20%,13.26,8.62,10.26,4.88,37.42,-114.48,-71.83,1038016,Average,Weak,17.29%,0.22,3.55,6.22,25%
RBNE,"Robin Energy Ltd","Transportation - Ship",2.72,+2.64%,1,Sell,"88% Sell",-96.93,-98.17%,13.37,5.3,24.41,2.62,35.77,-117.45,-106.75,158772,Weakest,Soft,44.65%,0.24,2.23,3.01,63%
BYAH,"Park Ha Biological Technology Co. Ltd","Consumer Prdts - Misc Staple",2.81,-0.35%,3,Sell,"100% Sell",-97.29,-98.75%,7.22,4.74,11.61,3,39.23,-118.03,-108.52,299066,Weakening,Weak,11.52%,0.08,2.5,3.5,31%
SMX,"Smx [Security Matters] Plc Cl A","Technology Services",16.7,-2.45%,5,Sell,"56% Sell",-97.34,-99.94%,52.44,16.1,410.37,16.19,48.13,-119.22,-111.86,53091,Weakest,Weak,58.77%,0.45,14.79,17.6,68%
AEHL,"Antelope Enterprise Hldg Ltd","Conglomerates - Div Operations",5.09,-10.70%,1,Sell,"100% Sell",-98.50,-98.35%,15.71,10.58,27.08,5.75,34.94,-117.63,-109.94,305133,Strengthening,Soft,30.28%,0.14,4.13,7.36,30%
BIYA,"Baiya International Group Inc","Internet - Software",2.36,+2.61%,1,Sell,"100% Sell",-98.56,-98.39%,7.07,3.54,12.06,2.65,40.57,-117.67,-106.84,1859316,Weakening,Weak,8.25%,0.01,2.1,3.19,24%
VMAR,"Vision Marine Technologies Inc","Leisure & Recreational Prdcts",7.51,-19.25%,3,Sell,"88% Sell",-99.10,-99.87%,55.25,11.58,125.61,6.79,41.81,-119.15,-112.,155490,Weakest,Weak,51.06%,0.37,5.27,8.32,74%
NEXR,"Nexera Technologies Ltd","Technology Services",2.1,+4.48%,2,Sell,"100% Sell",-99.33,-99.74%,10.9,4.6,25.5,2.69,34.75,-119.02,-111.28,390076,Weakening,Weak,13.94%,0.32,2.05,3.34,4%
KIDZ,"Kidz AI Inc",Schools,4.84,+4.09%,1,Sell,"100% Sell",-99.54,-99.95%,71.61,8.91,305.96,5.32,34.89,-119.23,-112.58,349846,Weakening,Weak,34.32%,0.08,2.66,7.99,41%
VCIG,"Vci Global Limited Ordinary Share","Business Services",2.66,-5.00%,1,Sell,"100% Sell",-99.82,-99.99%,29.91,20.71,83.51,3.9,24.76,-119.27,-112.38,215371,Weakening,Weak,12.43%,0.61,2.53,5.27,5%
MOBI,"Mobia Medical Inc","Medical Instruments",10.6,-9.01%,7,N/A,N/A,N/A,N/A,0,12.15,0,11.59,41.62,N/A,N/A,N/A,N/A,N/A,16.11%,0.61,10.35,12.83,10%
NHP,"National Healthcare Properties Inc Cl A","REIT - Equity Trust Resident",16.49,-0.66%,3,N/A,N/A,N/A,N/A,0,15.66,0,16.39,54.73,N/A,N/A,N/A,N/A,N/A,50.95%,0.29,15.37,17.41,55%
NINE,"Nine Energy Service Inc","Oil - Field Services",10.55,+0.96%,5,Sell,N/A,N/A,N/A,10.61,11.36,0,10.73,47.2,N/A,N/A,N/A,N/A,N/A,24.90%,0.61,9.78,11.69,40%
OPTH,"Optimi Health Corp","Medical - Drugs",4.89,-0.20%,7,N/A,N/A,N/A,N/A,0,4.72,0,4.87,51.46,N/A,N/A,N/A,N/A,N/A,60.42%,0.27,4.63,5.11,54%
QH,"Quhuo Limited ADR","Technology Services",4.22,+0.48%,3,N/A,N/A,N/A,N/A,0,5.62,0,4.46,42.28,N/A,N/A,N/A,N/A,N/A,16.55%,0.1,3.94,4.98,27%
RMIX,"Suncrete Inc Cl A","Building - CMT & CNT & AG",17.86,+0.96%,5,N/A,N/A,N/A,N/A,0,19.31,0,18.11,46.93,N/A,N/A,N/A,N/A,N/A,22.47%,0.42,16.81,19.41,40%
TMCR,"The Metals Royalty Company Inc","Mining - Misc",6.28,+3.29%,5,N/A,N/A,N/A,N/A,0,6.36,0,6.19,49.1,N/A,N/A,N/A,N/A,N/A,47.24%,0.31,5.3,7.07,55%
TRAX,"First Tracks Biotherapeutics Inc","Medical - Biomedical",44.74,+1.24%,5,N/A,N/A,N/A,N/A,0,35.21,0,44.9,58.23,N/A,N/A,N/A,N/A,N/A,43.08%,0.46,42,47.8,47%
VIDA,"Vida Global Inc Cl A","Technology Services",2.7,+2.27%,1,N/A,N/A,N/A,N/A,0,2.66,0,2.43,57.21,N/A,N/A,N/A,N/A,N/A,73.68%,0.4,2.22,2.65,112%
XNDU,"Xanadu Quantum Technologies Cl B","Computer - Integrated Systems",10.38,+1.17%,6,Sell,N/A,N/A,N/A,14.41,11.06,0,10.76,46.14,N/A,N/A,N/A,N/A,N/A,22.60%,0.52,9.87,11.65,29%
AZUL,"Azul S.A. ADR","Transportation - Airline",7.52,+0.40%,4,N/A,N/A,N/A,N/A,0,8.53,0,8.14,12.51,N/A,N/A,N/A,N/A,N/A,21.51%,1.54,7.16,9.12,18%
BOT,"Robostrategy Inc","Finance - Investment Mgmt",26.84,-4.31%,5,N/A,N/A,N/A,N/A,0,30.09,0,28.73,43.96,N/A,N/A,N/A,N/A,N/A,18.22%,0.47,24.9,32.55,25%
BXDC,"Blackstone Digital Infrastructure Trust Inc","REIT - Equity Trust Other",20.46,-2.71%,1,N/A,N/A,N/A,N/A,0,20.75,0,20.39,49.41,N/A,N/A,N/A,N/A,N/A,68.18%,0.69,19.62,21.16,55%
CNXU,"Conexeu Sciences Inc","Medical - Biomedical",7.04,+0.93%,8,N/A,N/A,N/A,N/A,0,9.38,0,8.3,39.65,N/A,N/A,N/A,N/A,N/A,9.37%,1.39,6.51,10.09,15%
HMH,"Hmh Holding Inc","Oil Field Machinery & Equip",19.26,+2.67%,4,Hold,N/A,N/A,N/A,20.25,19.69,0,20.15,44.55,N/A,N/A,N/A,N/A,N/A,14.77%,0.92,18.85,21.44,16%
JATT,"Jatt II Acquisition Corp",Unclassified,12.01,0.00%,4,N/A,N/A,N/A,N/A,0,11.55,0,12.43,47.06,N/A,N/A,N/A,N/A,N/A,5.79%,0.93,10.65,14.2,38%
KLRA,"Kailera Therapeutics Inc","Medical - Biomedical",18.53,+0.49%,5,N/A,N/A,N/A,N/A,0,19.1,0,18.05,52.13,N/A,N/A,N/A,N/A,N/A,59.55%,0.54,16.72,19.38,68%
LABT,"Lakewood-Amedex Biotherapeutics Inc","Medical - Biomedical",2.49,+1.63%,3,N/A,N/A,N/A,N/A,0,2.64,0,2.27,42.77,N/A,N/A,N/A,N/A,N/A,71.27%,0.12,2.05,2.48,102%
"Downloaded from Barchart.com as of 08-28-2026 06:44am CDT"
