Symbol,Name,Industry,Latest,%Change,"1M #Hi",Trend,Opinion,"Wtd Alpha","52W %Chg","100D MA","50D MA","150D MA","20D MA","14D RSI","1Y vs IDX","YTD vs IDX","200D Avg Vol",Direction,Strength,"14D Stoch %K","50D RelVol","BB Lower","BB Upper",BB%
ORKA,"Oruka Therapeutics Inc","Medical - Drugs",85.49,-4.93%,1,Sell,"40% Buy",+296.57,+459.86%,83.98,96.65,72.57,92.75,36.57,443.8,169.51,1073376,Weakest,Average,39.91%,1.45,87.61,97.9,-21%
LITE,"Lumentum Holdings","Communications Components",929.04,-0.85%,5,Buy,"88% Buy",+263.92,+508.21%,867.18,854.36,832.32,912.42,53.18,492.15,139.51,5369084,Weakening,Average,55.87%,0.78,825.31,999.53,60%
SYRE,"Spyre Therapeutics Inc","Medical - Biomedical",87.09,-1.22%,1,Sell,"24% Buy",+260.52,+412.29%,89.3,97.28,76.93,89.86,38.18,396.23,153.3,1081358,Weakening,Soft,46.12%,1.6,85.99,93.73,14%
WDC,"Western Digital Corp","Computer - Storage Devices",450.31,-4.94%,5,Sell,"8% Buy",+196.04,+310.53%,513.75,474.14,448.19,450.3,47.94,294.47,148.86,8496200,Weakening,Minimum,63.08%,0.97,412.54,488.06,50%
FET,"Forum Energy Technologies Inc","Oil Field Machinery & Equip",83.64,+1.16%,8,Buy,"100% Buy",+192.14,+200.76%,63.39,74.16,61.94,81.49,63.28,184.7,113.82,194143,Strongest,Strong,74.98%,1.02,79.39,83.59,101%
CORT,"Corcept Therapeutics","Medical - Drugs",118.51,+4.93%,1,Buy,"100% Buy",+182.84,+41.35%,91.84,110.26,74.33,113.6,57.65,25.29,228.01,1611946,Strengthening,Strong,74.62%,0.71,109.15,118.06,105%
DRTS,"Alpha Tau Medical Ltd Cl A","Medical Instruments",14.77,+1.72%,6,Buy,"100% Buy",+182.12,+263.79%,12.17,13.91,10.58,14.72,52.79,247.73,185.84,571367,Average,Maximum,50.75%,0.78,13.88,15.56,53%
RLAY,"Relay Therapeutics Inc","Medical - Drugs",17.73,-1.66%,1,Sell,"40% Buy",+180.88,+292.26%,17.36,19.24,15.53,18.77,39.66,276.2,97.03,3153508,Weakest,Average,44.24%,1.32,17.92,19.62,-11%
GLBS,"Globus Maritime Limi","Transportation - Ship",3.48,-2.52%,5,Buy,"88% Buy",+178.94,+197.44%,2.93,3.44,2.62,3.69,44.55,181.38,86.32,126056,Weakening,Strong,40.00%,0.42,3.42,3.95,12%
LQDA,"Liquidia Corp","Medical - Biomedical",70.95,+5.13%,1,Sell,"40% Buy",+162.11,+223.38%,70.52,75.77,59.17,67.97,51.97,207.32,93.17,1655996,Weakening,Soft,75.19%,0.73,65.22,70.71,104%
TOP,"Zhong Yang Financial Group Limited","Finance - Investment Brokers",14.99,-0.07%,2,Buy,"88% Buy",+157.69,+123.73%,9.76,13.23,7.96,15.26,55.4,107.67,185.77,83999,Weakening,Maximum,42.63%,0.8,14.21,16.31,37%
IRDM,"Iridium Comm Inc","Satellite Communication",48.89,+1.22%,7,Hold,"80% Buy",+156.61,+180.65%,47.25,47.7,41.68,47.36,57.69,164.59,168.76,2217281,Average,Average,86.89%,0.51,45.98,48.73,106%
PLSE,"Pulse Biosciences CS","Medical Instruments",51.83,-0.29%,4,Buy,"88% Buy",+156.10,+193.32%,34.84,44.42,30.18,52.09,54.8,177.26,264.95,370588,Average,Maximum,39.88%,1.25,47.84,56.34,47%
AP,"Ampco-Pittsburgh Corp","Metal Production & Fabrication",8.67,+2.97%,3,Sell,"8% Sell",+155.39,+301.39%,9.36,8.6,9.11,8.47,52.14,285.33,50.12,204853,Weakest,Minimum,72.07%,1.41,7.81,9.13,65%
OPHC,"Optimumbank Hlds","Banks - Southeast",9.27,+3.81%,2,Hold,"96% Buy",+140.08,+122.71%,7.09,8.53,6.5,9.06,56.95,106.65,105.58,59896,Strengthening,Strong,70.24%,0.34,8.77,9.35,86%
SIF,"Sifco Industries","Aerospace - Defense Equipment",21.33,-0.61%,6,Sell,"8% Buy",+139.82,+192.59%,21.73,22.77,19.27,21.44,47.75,176.53,269.72,92537,Weakening,Weak,56.77%,0.37,20.15,22.74,46%
PBF,"PBF Energy Inc","Oil - Refining and Marketing",71.9,+2.03%,9,Hold,"80% Buy",+136.99,+123.36%,56.9,70.01,52.11,74.17,49.1,107.3,152.58,3342715,Average,Strong,18.98%,0.93,68.74,79.59,29%
ANAB,"Anaptysbio Inc","Medical - Biomedical",51.7,+1.83%,1,Sell,"24% Sell",+118.66,+250.27%,57.98,55.47,53.54,55.1,36.83,234.21,47.42,688287,Average,Minimum,26.29%,0.79,51.73,58.46,-1%
PKOH,"Park Ohio Holdings Corp","Metal Products - Fasteners",47.52,+1.52%,5,Buy,"100% Buy",+116.25,+130.01%,39.02,44.36,34.62,45.93,59.32,113.95,114.39,60167,Strongest,Strong,89.80%,0.75,44.05,47.82,92%
DWSN,"Dawson Geophscl","Oil - Field Services",3.08,+3.70%,3,Sell,"72% Sell",+115.79,+52.48%,4.18,3.8,3.87,3.3,40.29,36.42,84.9,142150,Average,Weak,12.32%,0.3,2.95,3.64,18%
ECPG,"Encore Capital Group","Finance - Consumer Loans",97.58,+3.29%,1,Sell,"72% Buy",+114.86,+125.93%,90.58,96.91,84.61,98.11,49.1,109.87,67,310173,Weakest,Good,34.25%,0.77,94.21,102.01,43%
EWTX,"Edgewise Therapeutics Inc","Medical - Biomedical",41.16,+0.27%,2,Hold,"64% Buy",+112.68,+148.10%,39.84,42.74,36.91,43.49,41.49,132.04,53.33,1297908,Weakest,Good,26.26%,1.08,40.47,46.51,11%
BDSX,"Biodesix Inc","Medical Services",29.4,+0.38%,3,Buy,"100% Buy",+111.80,+250.42%,21.03,24.87,18.79,27.51,61.45,234.36,319.81,504434,Strengthening,Maximum,73.57%,1.25,25.11,29.91,89%
PARR,"Par Pacific Holdings Inc","Oil - Refining and Marketing",76.77,-0.26%,11,Hold,"64% Buy",+111.04,+105.71%,69.16,79.15,65.08,81.43,43.15,89.65,105.93,1182802,Weakest,Strong,12.19%,1,75.98,86.89,7%
URGN,"Urogen Pharma Ltd","Medical - Biomedical",41.23,-0.96%,1,Sell,"40% Buy",+110.99,+129.18%,37.77,43.92,31.98,43.31,39.86,113.12,63.51,805391,Weakest,Average,24.86%,1.27,41.06,45.56,4%
PBYI,"Puma Biotechnology","Medical - Biomedical",9.82,+5.82%,5,Buy,"100% Buy",+106.76,+108.05%,8.15,8.85,7.71,9.38,60.44,91.99,52.5,344786,Strongest,"Top 1%",69.91%,1.48,8.9,9.85,97%
TBBB,"BBB Foods Inc Cl A","Consumer Prdts - Misc Staple",53.02,+2.49%,5,Buy,"100% Buy",+105.95,+106.38%,42.93,46.51,40.47,50.64,66.06,90.32,46.25,655560,Strongest,Maximum,72.80%,2.35,48.26,53.01,100%
PSNL,"Personalis Inc","Medical - Generic Drugs",16.57,+1.35%,3,Buy,"100% Buy",+105.24,+173.43%,12.67,15.09,10.8,16.53,57.41,157.37,95.63,2572924,Strengthening,Strong,35.66%,0.47,15.88,17.18,53%
MAAS,"Maase Inc ADR","Finance - Misc Services",14.03,-6.84%,4,Sell,"24% Buy",+100.48,+290.81%,14.92,16.97,12.2,16.04,38.36,274.75,147.27,160398,Weakening,Weak,25.43%,5.5,14.38,17.7,-11%
CLDT,"Chatham Lodging Trust REIT","REIT - Equity Trust Other",13.4,+2.45%,1,Hold,"80% Buy",+99.98,+90.88%,12.42,13.18,10.98,13.07,57.3,74.82,84.23,328008,Average,Good,77.19%,1.08,12.63,13.5,89%
SEPN,"Septerna Inc","Medical - Biomedical",38.13,-0.83%,1,Hold,"56% Buy",+99.74,+125.49%,34.86,38.42,31.82,38.42,47.06,109.43,24.22,351885,Weakest,Average,58.60%,0.8,36.43,40.41,43%
MBX,"Mbx Biosciences Inc","Medical - Biomedical",55.39,-4.32%,1,Sell,"40% Buy",+99.15,+175.57%,52.41,63.6,45.32,61.35,34.51,159.51,63.08,669846,Weakest,Average,21.50%,1.25,56.88,65.82,-17%
HNGE,"Hinge Health Inc Cl A","Medical Information Systems",91.98,-0.33%,5,Buy,"88% Buy",+98.53,+69.61%,76.83,87.01,65.27,92.1,52.75,53.55,85.48,1539071,Weakening,Strong,62.81%,1.25,87.81,96.39,49%
GSAT,Globalstar,"Satellite Communication",82.46,-0.05%,4,Buy,"100% Buy",+96.78,+130.85%,81.61,81.82,77.19,82.12,53.28,114.79,22.55,1066907,Weakening,Average,66.26%,0.82,81.23,83.01,69%
KNSA,"Kiniksa Pharmaceuticals International Plc","Medical - Biomedical",75.34,-0.97%,2,Sell,"56% Buy",+95.40,+108.76%,65.86,75.48,59.41,77.79,45.34,92.7,70.1,664561,Weakest,Strong,29.61%,0.74,74.83,80.76,9%
SPHR,"Sphere Entertainment CO","Media Conglomerates",138.44,+1.88%,1,Sell,"8% Buy",+94.65,+134.13%,147.04,148.64,138.32,142.04,40.66,118.07,33.06,751586,Weakening,Minimum,24.17%,0.84,134.81,149.27,25%
RLYB,"Rallybio Corporaton","Medical - Biomedical",16.61,-1.48%,4,Hold,"64% Buy",+94.16,+251.49%,16.01,16.64,13.56,16.87,45.75,235.43,190.08,128119,Weakest,Average,43.39%,0.36,16.5,17.25,15%
SGHT,"Sight Sciences Inc","Medical Instruments",8.68,+2.12%,7,Buy,"100% Buy",+93.43,+145.20%,6.17,7.3,5.49,8.29,67.64,129.14,-3.08,269256,Strongest,Strong,85.28%,1.82,7.87,8.71,96%
CHEF,"The Chefs Warehouse","Food - Misc & Diversified",110.36,+1.35%,4,Sell,"72% Buy",+92.94,+85.67%,97.34,108.16,86.43,111.15,51.29,69.61,64.52,521793,Average,Strong,34.17%,0.5,106.38,115.91,42%
PLPC,"Preformed Line Prd","Electronics Products - Misc",429.82,+0.59%,3,Buy,"100% Buy",+92.52,+116.44%,382.12,400.1,350.27,408.67,57.38,100.38,95.39,115888,Strongest,Strong,95.52%,0.84,383.63,433.71,92%
QMCO,"Quantum Corp","Computer - Storage Devices",29.49,+13.55%,11,Buy,"100% Buy",+92.18,+190.26%,15.13,19.23,12.04,24.43,73.68,174.2,344.67,979299,"Top 1%","Top 1%",71.41%,3.04,21.32,27.54,131%
ANL,"Adlai Nortye Group Ltd ADR","Medical - Biomedical",15.83,+0.51%,9,Buy,"100% Buy",+88.32,+831.18%,12.62,13.9,11.86,15.06,57.57,815.12,1002.25,466794,Strengthening,Good,71.30%,0.79,13.52,16.61,75%
MSBI,"Midland Sts BNC","Banks - Northeast",33.13,+2.28%,7,Sell,"72% Buy",+87.89,+87.18%,30.94,33.02,28.24,33.22,50.36,71.12,43.96,165197,Weakening,Strong,28.93%,1.22,32.46,33.97,44%
CVU,"CPI Aerostructures","Aerospace - Defense Equipment",5.16,+1.18%,2,Hold,"96% Buy",+86.63,+103.15%,4.93,5.12,4.61,5.14,50.59,87.09,17.76,105408,Strengthening,Average,45.53%,0.71,4.94,5.34,56%
CBLL,"Ceribell Inc","Medical Products",23.82,+0.85%,5,Buy,"88% Buy",+86.55,+95.09%,20.29,21.87,19.92,24.24,51.8,79.03,-3.92,365888,Average,Good,33.12%,0.54,23.26,25.22,29%
ANIK,"Anika Therapeutics","Medical - Biomedical",20.23,-0.71%,2,Hold,"80% Buy",+86.02,+123.04%,17.34,19.74,16.33,20.9,45.28,106.98,97.97,117394,Weakening,Strong,26.45%,0.88,20.37,21.44,-13%
OOMA,"Ooma Inc","Communications Components",21.92,-0.59%,2,Buy,"88% Buy",+85.18,+72.60%,20.09,21.64,18.16,22.65,47.63,56.54,74.33,323225,Weakening,Strong,15.36%,0.81,21.87,23.43,3%
LNTH,"Lantheus Holdings","Medical Products",99.72,-0.25%,2,Sell,"8% Buy",+83.13,+87.34%,101.09,101.49,93.74,100.53,39.39,71.28,37.3,1093121,Weakening,Weak,3.66%,0.65,99.83,101.23,-8%
KYMR,"Kymera Therapeutics Inc","Medical - Biomedical",115.81,+0.29%,1,Buy,"88% Buy",+82.88,+120.59%,103.22,114.7,96.95,117.24,48.49,104.53,36.3,813766,Weakening,Strong,57.67%,1.23,113.2,121.27,32%
AUGO,"Aura Minerals Inc","Mining - Misc",83.07,-2.66%,2,Buy,"56% Buy",+82.60,+140.16%,71.65,75.05,76.07,86.15,48.85,124.1,52.23,972905,Weakest,Soft,47.13%,1.32,80.62,91.67,22%
PTGX,"Protagonist Therapeutics Inc","Medical - Biomedical",137.34,-0.98%,1,Sell,"56% Buy",+82.35,+108.25%,127.79,144.4,117.99,144.99,37.18,92.19,44.71,730063,Weakest,Good,22.65%,1.74,139.05,150.94,-14%
FLXS,"Flexsteel Inds",Furniture,88.37,+3.68%,6,Buy,"100% Buy",+81.95,+84.49%,70.35,78.56,63.05,82.08,70.43,68.43,111.24,52881,Strongest,"Top 1%",93.17%,0.87,77.78,86.38,123%
NEXA,"Nexa Resources S.A.","Mining - Misc",12.64,-1.10%,2,Sell,"24% Sell",+81.93,+150.79%,13.78,13.53,13.25,13.23,43.65,134.73,30.28,902578,Average,Minimum,33.86%,0.65,12.11,14.34,24%
FIX,"Comfort Systems USA","Building Prdcts - Air Heating",1643.39,+1.08%,3,Sell,"24% Sell",+81.11,+107.64%,1772.04,1665.14,1683.61,1601.44,51.25,91.58,63.55,474733,Weakest,Minimum,60.10%,0.51,1519.73,1683.16,76%
IMAX,"Imax Corp","Movie & TV Production & Dist",55.16,+3.49%,2,Buy,"100% Buy",+79.63,+70.93%,44.4,49.97,42.32,52.33,63.57,54.87,36.7,1169383,Strongest,Maximum,75.74%,0.85,50.1,54.55,114%
TIGO,"Millicom International Cellular S.A.","Wireless Non-US",91,-0.98%,4,Sell,"24% Buy",+78.35,+92.71%,91.04,94.8,86.17,94.54,40.87,76.65,51.6,1387222,Weakening,Weak,21.24%,0.67,91.51,97.57,-8%
VSH,"Vishay Intertechnology","Semi Discretes",31.8,-2.45%,5,Sell,"24% Sell",+77.40,+108.80%,41.09,33.4,34.32,31.55,46.71,92.74,106.92,4161062,Average,Minimum,61.67%,0.63,29.68,33.42,57%
GEO,"Geo Group Inc","Government Services",31.96,+4.38%,2,Sell,"88% Buy",+76.96,+48.65%,28.62,31.18,24.62,31.35,54.77,32.59,85.72,2119184,Strengthening,Strong,49.26%,1.5,29.89,32.81,71%
HZO,"Marinemax Inc","Retail - Misc & Diversified",52.41,-0.02%,5,Buy,"100% Buy",+76.53,+101.58%,40.24,46.33,36.14,52.27,76.61,85.52,103.76,467291,Average,Maximum,68.57%,0.86,52.01,52.54,76%
PYPD,"Polypid Ltd","Medical - Drugs",5.36,+1.71%,5,Buy,"100% Buy",+76.27,+55.36%,4.83,4.87,4.68,5.23,56.89,39.3,10.96,120364,Strongest,Strong,63.72%,0.32,5.02,5.45,79%
MSGS,"Madison Square Garden Sports Corp","Leisure & Recreation Services",402.5,+1.95%,2,Sell,"72% Buy",+75.35,+85.27%,383.69,396.31,363.54,392.79,57.6,69.21,43.08,241514,Average,Average,64.09%,1.26,382.79,402.78,99%
WTTR,"Select Water Solutions Inc","Waste Removal Svcs",19.53,+1.24%,6,Hold,"64% Buy",+74.64,+81.51%,19.34,20.03,17.84,20.13,44.77,65.45,73.11,1598643,Weakening,Average,25.60%,1.26,19.17,21.09,19%
MOG.A,"Moog Inc Cl A","Aerospace - Defense Equipment",382.75,+2.07%,2,Sell,"40% Buy",+74.51,+89.77%,380.23,391.07,357.66,368.32,54.41,73.71,44.61,284243,Weakening,Soft,80.06%,0.99,354.26,382.37,101%
NHC,"National Healthcare Corp","Medical - Nursing Homes",221.6,-1.45%,4,Hold,"48% Buy",+73.82,+77.55%,210.02,223.88,194.96,222.75,47.38,61.49,49.11,109743,Weakest,Good,52.53%,0.77,216.6,228.9,41%
NSIT,"Insight Enterpr","Retail - Mail Order",159.73,+0.94%,10,Hold,"96% Buy",+73.50,+39.92%,124.87,145.37,108.54,157.9,57.47,23.86,83.52,446704,Strongest,Maximum,39.91%,0.98,151.04,164.77,63%
SND,"Smart Sand Inc","Chemical - Diversified",5.08,+0.20%,10,Buy,"72% Buy",+72.97,+138.50%,4.91,4.88,4.87,5.22,49.1,122.44,14.46,374740,Average,Weak,18.60%,0.77,5,5.44,18%
GEF.B,"Greif Bros Corp Cl B","Electronics - Semiconductors",107.47,-3.20%,2,Buy,"88% Buy",+71.28,+73.25%,95.58,106.65,92.29,107.79,49.22,57.19,31.35,52953,Weakening,Strong,66.09%,1.28,103.76,111.82,46%
GCT,"Gigacloud Technology Inc Cl A","Technology Services",53.91,+2.69%,4,Buy,"100% Buy",+71.18,+81.03%,41.95,48.3,42.51,51.85,61.86,64.97,24.71,663550,Strongest,Strong,74.35%,1.09,48.77,54.92,84%
MSGE,"Madison Square Garden Entmt Corp","Media Conglomerates",79.22,+0.93%,4,Buy,"88% Buy",+70.05,+75.42%,75.52,78.75,70.44,78.37,50.97,59.36,34.46,395524,Weakening,Strong,52.99%,1.2,75.38,81.36,64%
IRWD,"Ironwood Pharmaceuti","Medical - Drugs",4.19,-1.87%,5,Buy,"88% Buy",+69.99,+205.84%,4.02,4.15,3.91,4.23,48.79,189.78,11.79,2993260,Weakening,Weak,59.29%,0.87,3.96,4.49,43%
UFCS,"United Fire Group","Insurance - Proprty & Casualty",53.43,-0.30%,6,Hold,"80% Buy",+69.60,+72.69%,50.78,53.39,46.64,54.48,45.39,56.63,34.45,134934,Weakest,Strong,40.60%,0.78,52.88,56.08,17%
EVC,"Entravision Communications Corp","Broadcast - Radio & TV",7.8,-1.02%,5,Sell,"8% Sell",+68.54,+225.00%,9.49,9.31,7.4,8.15,36.32,208.94,153.67,1401073,Weakening,Minimum,21.81%,0.57,7.62,8.68,17%
FDMT,"4D Molecular Therapeutics Inc","Medical - Drugs",14.71,-1.93%,1,Buy,"100% Buy",+67.77,+74.29%,11.65,13.01,10.88,14.5,53.99,58.23,83.59,875053,Average,Strong,68.59%,1.95,13.17,15.83,58%
WEYS,"Weyco Gp Inc","Shoes and Related Apparel",47.42,+2.93%,3,Buy,"100% Buy",+67.58,+58.70%,39.82,43.51,37.55,44.93,64.55,42.64,42.48,18128,Strongest,Maximum,88.67%,1.34,43.16,46.7,120%
MAKO,"Mako Mining Corp","Mining - Gold",10.04,-0.30%,1,Buy,"88% Buy",+67.31,+98.42%,8.57,9.27,8.1,10.17,50.88,82.36,60.56,139294,Average,Strong,54.81%,0.66,9.61,10.73,38%
ICCC,"Immucell Corp","Medical Products",9.97,-0.20%,2,Sell,"24% Buy",+67.01,+64.52%,10.09,10.39,9.04,9.9,48.22,48.46,49.57,25377,Weakest,Soft,74.76%,0.09,9.63,10.17,63%
JAZZ,"Jazz Pharma Plc","Medical - Biomedical",236.28,+0.60%,1,Sell,"24% Buy",+66.99,+82.33%,241.04,248.89,224.02,243.28,39.95,66.27,26.45,939121,Weakest,Weak,27.00%,0.63,235.14,251.43,7%
ACU,"Acme United Corp","Consumer Prdts - Misc Discr",63.31,+0.88%,4,Buy,"100% Buy",+66.68,+52.04%,51.62,58.91,49.14,62.22,61.31,35.98,44.52,21875,Strongest,Maximum,82.73%,0.66,60.35,64.1,79%
PEB,"Pebblebrook Hotel Trust","REIT - Equity Trust Other",18.6,+2.09%,5,Hold,"80% Buy",+66.63,+63.01%,17.61,18.45,16.08,18.07,57.61,46.95,51.77,2337357,Average,Average,71.62%,0.82,17.57,18.56,104%
RDVT,"Red Violet Inc","Internet Software Services",79.06,+3.75%,7,Buy,"100% Buy",+66.38,+54.50%,62.98,70.62,55.15,75.13,62.52,38.44,26.28,167015,Strongest,Maximum,52.16%,0.62,71.36,78.89,102%
TTMI,"TTM Technologies","Electronics - Misc Components",126.98,+0.92%,4,Sell,"24% Sell",+66.37,+134.50%,149.96,124.55,136.75,120.67,53.92,118.44,71.49,2479064,Weakest,Weak,70.91%,0.71,109.83,131.51,79%
CBL,"Cbl & Associates Properties Inc","REIT - Equity Trust Retail",52.31,-1.41%,2,Sell,"24% Buy",+66.07,+74.48%,52.38,55.76,48.29,54.24,36.61,58.42,28.84,222061,Weakening,Soft,28.26%,1.37,52.58,55.89,-8%
CLBK,"Columbia Financial Inc","Finance - Misc Services",11.26,+0.72%,1,Sell,"56% Buy",+65.98,+60.13%,10.27,11.32,9.57,11.53,44.01,44.07,46.87,2259251,Weakening,Strong,9.88%,0.39,11.25,11.81,2%
AMN,"Amn Healthcare Services Inc","Business Services",34.56,+1.92%,5,Buy,"100% Buy",+65.57,+88.44%,32.01,34.07,27.89,34.1,53.33,72.38,106.75,1038960,Average,Strong,63.29%,1.38,33.01,35.18,71%
TGTX,"Tg Therapeutics","Medical - Biomedical",57.52,+2.71%,3,Buy,"100% Buy",+65.34,+62.44%,50.1,53.56,44.1,55.72,58.67,46.38,80.42,2116919,Average,Strong,73.36%,0.54,53.05,58.38,84%
BOTJ,"Bank of The Jame Fnl","Banks - Southeast",26.69,+0.72%,6,Sell,"56% Buy",+64.74,+73.59%,25.61,27.18,24.18,27.23,41.76,57.53,31.11,17305,Weakest,Good,28.03%,1.01,26.35,28.11,19%
ARCB,"Arcbest Corp","Transportation - Truck",127.35,-2.85%,3,Sell,"8% Sell",+64.62,+83.55%,140.24,140.44,128.07,134.04,37.33,67.49,59.11,359647,Average,Minimum,27.13%,0.66,126.51,141.58,6%
RELL,"Richardson Electrncs","Electronics - Parts Distrib",17.13,-0.75%,4,Sell,"24% Buy",+64.34,+71.30%,17.52,18.09,15.82,17.03,48.39,55.24,44.9,182180,Weakest,Weak,70.76%,0.24,16.01,18.05,55%
DXPE,"Dxp Enterprise","Machinery - General Industrial",193.65,+1.34%,4,Buy,"100% Buy",+63.52,+65.90%,170.35,181.98,162.65,185.82,60.3,49.84,63.84,151061,Strongest,Strong,91.39%,1.68,177.77,193.87,99%
XMAX,"Xmax Inc",Furniture,8.75,+0.46%,1,Hold,"64% Buy",+63.14,+69.57%,8.62,8.78,8.04,8.74,49.4,53.51,33.29,978671,Weakening,Soft,64.78%,0.72,8.45,9.04,51%
AMAL,"Amalgamated Financial Corp","Finance - SBIC & Commercial",47.21,+1.40%,3,Sell,"40% Buy",+62.75,+71.05%,46.01,48.69,43.91,47.83,44.83,54.99,34.85,171628,Weakest,Average,30.71%,1.32,46.36,49.29,29%
SBFG,"Sb Financial Group","Banks - Northeast",30.73,+2.03%,8,Buy,"100% Buy",+62.53,+51.08%,25.45,27.76,24,29.12,72.16,35.02,25.45,20264,"Top 1%","Top 1%",95.80%,0.51,27.41,30.83,97%
CMTV,"Community Bancorp Inc VT","Banks - Northeast",40.47,+3.24%,5,Sell,"56% Buy",+61.22,+79.87%,39.8,40.54,38.39,40.68,49.29,63.81,50.06,29800,Average,Soft,29.91%,1.11,39.43,41.92,42%
DCTH,"Delcath Systems Inc","Medical Instruments",16.08,+0.75%,1,Buy,"88% Buy",+61.12,+45.78%,13.5,15.23,12.26,16.23,51.31,29.72,46.67,477797,Average,Strong,49.89%,0.53,15.8,16.67,32%
OSCR,"Oscar Health Inc Cl A","Insurance - Multi Line",28.87,-5.44%,6,Hold,"64% Buy",+60.50,+56.56%,28.38,30.68,23.64,31.47,37.73,40.5,88.36,7068923,Weakest,Average,20.56%,1.06,28.93,34,-1%
BIIB,"Biogen Inc","Medical - Biomedical",226.36,-0.51%,5,Buy,"100% Buy",+60.31,+64.42%,205.31,212.58,198.45,218.95,61.56,48.36,16.08,1307389,Strongest,Strong,90.58%,1.11,210.07,227.82,92%
GCBC,"Greene County Bncp","Finance - Savings & Loan",34.7,+0.35%,5,Buy,"88% Buy",+59.70,+47.41%,31.36,34.51,28.53,35.1,47.69,31.35,43.56,25500,Weakening,Strong,31.24%,1.27,34.15,36.05,29%
TRGP,"Targa Resources","Oil Refining & Marketing MLP",283.15,+0.05%,3,Buy,"88% Buy",+59.70,+64.44%,274.01,281.98,262.98,289.2,46.4,48.38,40.93,1332936,Weakening,Average,10.30%,0.81,281.05,297.35,13%
KOP,"Koppers Holdings Inc","Chemical - Diversified",45.96,-0.65%,5,Sell,"40% Buy",+59.59,+59.47%,45.45,47.66,42.87,46.29,46.59,43.41,57.18,184995,Weakest,Average,41.05%,0.58,45.21,47.38,35%
PAYS,"Paysign Inc","Financial Transaction Services",12.96,+2.29%,1,Hold,"96% Buy",+59.37,+129.79%,9.51,11.76,7.96,12.74,55.35,113.73,139.11,669564,Strongest,Strong,63.59%,0.83,11.96,13.53,64%
ASRV,"Ameriserv Financial","Banks - Northeast",4.67,-0.64%,3,Sell,"56% Buy",+58.91,+60.48%,4.25,4.7,4.09,4.81,47,44.42,33.85,15928,Weakening,Good,23.12%,0.55,4.54,5.08,25%
MBIN,"Merchants Bancorp","Banks - Northeast",52.23,+1.67%,2,Sell,"40% Buy",+58.62,+63.12%,50.18,52.69,48.33,52.55,47.11,47.06,40.81,224310,Weakest,Average,24.34%,0.7,51.49,53.6,35%
NRC,"Nrc Health","Business Information",20.35,-5.66%,2,Hold,"48% Buy",+57.58,+39.86%,20.48,21.11,19.09,21.27,43.37,23.8,-4.12,111984,Weakest,Average,51.33%,0.95,20.03,22.5,13%
AVBP,"Arrivent Biopharma Inc","Medical - Biomedical",30.1,-0.66%,2,Sell,"8% Buy",+57.51,+68.53%,30.46,30.11,28.85,29.68,52.5,52.47,37.06,513906,Weakening,Weak,70.54%,1.18,27.68,31.67,61%
DIOD,"Diodes Inc","Electronics - Semiconductors",94.74,-0.81%,4,Buy,"40% Buy",+57.48,+72.29%,98.53,91.91,91.49,91.32,53.34,56.23,79.47,547260,Weakest,Weak,89.39%,0.86,86.7,95.93,87%
GHRS,"Gh Research Plc","Medical - Biomedical",24.45,-5.82%,3,Sell,"24% Buy",+57.04,+75.77%,25.84,28.3,22.62,27.57,30.58,59.71,79.98,290792,Weakening,Soft,25.95%,1.48,25.71,29.42,-34%
LB,"Landbridge Company Llc Cl A","Oil - US Integrated",82.49,+0.46%,2,Hold,"80% Buy",+56.86,+51.47%,76.27,81.95,74.23,86.18,45.39,35.41,55.84,393898,Weakening,Strong,28.20%,0.69,82.59,89.76,-1%
STLD,"Steel Dynamics Inc","Steel - Producers",235.2,+0.39%,5,Sell,"8% Sell",+56.71,+72.47%,244.86,243.84,227.1,237.84,46.41,56.41,26.26,1225944,Weakest,Minimum,25.55%,0.49,228.6,247.09,36%
IESC,"Ies Holdings Inc","Electronic Misc Services",320.5,+0.24%,4,Sell,"8% Buy",+56.65,+68.18%,338.13,333.5,309.76,319.92,47.53,52.12,52.23,414140,Weakening,Weak,40.01%,0.45,297.08,342.75,51%
PGC,"Peapack Gladstone FI","Banks - Northeast",44.82,+0.99%,6,Sell,"24% Buy",+56.56,+57.71%,45.14,45.78,42.21,45.35,43.54,41.65,48.39,146645,Weakest,Soft,17.43%,0.95,44.27,46.43,26%
CGON,"Cg Oncology Inc","Medical - Biomedical",68.76,-6.27%,2,Sell,"40% Buy",+56.03,+87.46%,69.78,74.19,68.2,74.32,38.24,71.4,53.07,1075259,Weakest,Weak,36.44%,1.74,69.74,78.91,-11%
HBIO,"Harvard Bioscience","Industrial Scientific",8.02,-0.37%,7,Buy,"96% Buy",+55.78,+79.14%,6.59,7.1,6.25,8.02,61.35,63.08,7.38,37563,Strengthening,Strong,30.27%,0.86,7.86,8.17,51%
UVE,"Universal Insurance Holdings Inc","Insurance - Proprty & Casualty",42.49,+0.05%,3,Sell,"56% Buy",+55.67,+68.54%,41.1,42.93,39.02,43.77,41.66,52.48,13.17,197883,Weakest,Good,10.50%,0.67,42.49,45.05,0%
LFUS,"Littelfuse Inc","Electronics - Misc Components",421.16,-0.30%,5,Sell,"8% Buy",+54.97,+62.00%,437.01,422.67,410.86,412.6,52.34,45.94,53.98,286463,Weakest,Minimum,69.79%,0.35,392.8,432.39,72%
BWAY,"Brainsway Ltd ADR","Medical Products",13.21,-1.78%,4,Sell,"40% Sell",+54.93,+77.20%,15,14.84,14.61,13.92,34.4,61.14,26.37,152779,Strengthening,Weak,24.14%,0.54,13.1,14.74,7%
AMTB,"Mercantil Bank Holding Cl A","Banks - Southeast",29.3,+2.13%,8,Hold,"96% Buy",+53.58,+45.34%,26.24,28.79,24.93,29.23,52.76,29.28,37.64,303366,Strengthening,Strong,32.02%,0.97,28.46,30,55%
CAT,"Caterpillar Inc","Machinery - Construct & Mining",805.25,-0.83%,1,Sell,"24% Sell",+53.36,+71.41%,879.89,830.35,836.71,803.07,46.8,55.35,28.02,2816722,Average,Weak,62.03%,0.8,777.27,828.88,54%
PVLA,"Palvella Therapeutics Inc","Medical - Biomedical",146.07,-2.33%,7,Sell,"56% Buy",+53.28,+148.12%,136.8,149.48,132.78,151.98,44.13,132.06,27.01,267146,Weakest,Average,41.04%,0.9,146.59,157.38,-5%
AMG,"Affiliated Managers Group","Finance - Investment Mgmt",370.71,+1.24%,4,Hold,"80% Buy",+53.19,+56.26%,345.93,362.69,326.47,360,57.89,40.2,16.05,357655,Average,Good,79.48%,1.28,343.8,376.19,83%
WEST,"Westrock Coffee Company","Beverages - Soft",7.97,-1.36%,1,Sell,"8% Buy",+52.87,+61.01%,8.01,7.99,6.9,7.84,51.31,44.95,83.28,501905,Weakening,Weak,77.08%,1,7.56,8.12,73%
ESP,"Espey Mfg. & Electronics","Electronics - Military",63.25,+0.65%,8,Buy,"88% Buy",+52.50,+54.65%,62.08,61.9,61.45,63.23,50.43,38.59,21.66,33159,Average,Weak,56.33%,2.18,61.58,64.89,51%
ANGO,"Angiodynamics Inc","Medical Instruments",15.28,-1.48%,3,Hold,"80% Buy",+52.49,+42.54%,13.63,15.21,12.7,15.52,47.12,26.48,6.46,462751,Weakening,Strong,53.98%,1.13,15.03,16,26%
LLY,"Eli Lilly and Company","Large Cap Pharma",1181.89,+2.68%,1,Sell,"72% Buy",+52.34,+59.32%,1139.36,1177.13,1075.46,1150.44,55.3,43.26,-2.56,3005924,Average,Average,69.11%,0.95,1112.99,1187.89,92%
GRC,"Gorman-Rupp Company","Machinery - General Industrial",74.65,-0.80%,1,Sell,"8% Buy",+52.28,+65.12%,78.94,78.07,74.47,74.2,46.85,49.06,43.8,159941,Weakest,Minimum,76.67%,0.84,71.06,77.34,57%
CURV,"Torrid Holdings Inc","Retail - Apparel & Shoes",2.44,+2.52%,6,Hold,"80% Buy",+52.17,+30.48%,2.02,2.35,1.88,2.3,57.95,14.42,136.85,562962,Strengthening,Average,39.77%,0.27,2.11,2.49,88%
RLJ,"Rlj Lodging Trust","REIT - Equity Trust Other",11.12,+1.92%,1,Sell,"56% Buy",+51.91,+48.86%,10.93,11.44,9.9,10.98,51.23,32.8,36.72,2049150,Weakening,Average,68.43%,0.81,10.63,11.33,70%
CBNA,"Chain Bridge Bancorp Inc Cl A","Banks - Northeast",47.41,-2.17%,7,Buy,"100% Buy",+51.82,+50.17%,42.14,45.93,39.95,46.7,54.31,34.11,24.32,10742,Strengthening,Strong,79.51%,0.87,44.78,48.63,68%
ATLO,"Ames Natl Corp","Banks - Midwest",31.81,+2.32%,6,Hold,"80% Buy",+51.46,+53.97%,30.26,31.36,29.43,31.98,50.13,37.91,26.01,50348,Average,Good,34.02%,0.37,31.09,32.86,41%
RBKB,"Rhinebeck Bancorp Inc","Banks - Northeast",12.85,+0.31%,2,Buy,"100% Buy",+51.46,+54.82%,12.2,12.61,11.86,12.83,52.04,38.76,37.13,62145,Average,Good,47.46%,0.69,12.52,13.15,53%
ZETA,"Zeta Global Holdings Corp Cl A","Technology Services",29.57,-0.74%,8,Buy,"88% Buy",+51.31,+43.75%,23.58,27.26,21.43,30.69,50.12,27.69,32.77,8324785,Average,Maximum,16.15%,0.73,29.35,32.04,8%
DRH,"Diamondrock Hospitality Company","REIT - Equity Trust Other",12.42,+1.47%,1,Sell,"56% Buy",+51.22,+53.33%,11.99,12.54,11.27,12.26,52.9,37.27,26.08,2427406,Weakening,Average,68.60%,0.86,11.89,12.64,71%
SNEX,"Stonex Group Inc","Finance - Misc Services",69.52,+2.57%,4,Sell,"8% Buy",+50.12,+64.64%,74.81,69.8,69.15,68.39,52.19,48.58,51.89,1055008,Weakest,Minimum,62.43%,1.12,66.13,70.66,75%
CVLG,"Covenant Logistics Group Inc","Transportation - Truck",33.16,-2.90%,5,Sell,"24% Sell",+50.07,+53.16%,39.01,37.21,35.56,34.72,36.03,37.1,37.91,184219,Average,Minimum,26.66%,0.67,33.07,36.36,3%
SPB,"Spectrum Brands Holdings Inc","Consumer Prdts - Misc Discr",84.77,-1.98%,5,Sell,"24% Buy",+49.95,+60.52%,84.82,87.99,82.5,86.8,42.76,44.46,30.94,354643,Weakening,Weak,41.71%,0.86,84.18,89.41,11%
BZH,"Beazer Homes USA","Building - Residential & Comm",33.36,+0.03%,11,Buy,"100% Buy",+49.76,+36.00%,29.52,33.15,26.95,33.27,61.94,19.94,52.04,574405,Weakening,Strong,71.54%,0.86,33.15,33.4,84%
ATLC,"Atlanticus Holdings Corp","Finance - Misc Services",91.39,+0.46%,2,Sell,"8% Buy",+49.48,+36.91%,93.56,97.32,82.52,92.81,43.78,20.85,23.96,107488,Weakest,Weak,28.10%,0.71,89.34,96.28,29%
BWFG,"Bankwell Financial","Banks - Northeast",66,+0.82%,7,Sell,"72% Buy",+49.44,+43.51%,60.3,65.93,56.6,66.61,48.05,27.45,31.5,55389,Average,Strong,26.71%,1.07,64.9,68.31,32%
PKBK,"Parke Bancorp Inc","Banks - Northeast",33.78,+1.29%,10,Hold,"64% Buy",+49.41,+54.07%,32.83,34.02,31.43,34.09,46.29,38.01,22.36,73869,Weakest,Good,20.27%,0.55,33.27,34.91,31%
OBK,"Origin Bancorp Inc","Banks - Southeast",53.3,+0.93%,7,Sell,"56% Buy",+49.39,+51.12%,51.2,53.63,48.47,53.69,47.27,35.06,29.18,180096,Weakest,Good,22.32%,0.74,52.59,54.79,32%
INCY,"Incyte Corp","Medical - Biomedical",124.44,-0.16%,1,Buy,"88% Buy",+49.13,+47.86%,113.49,123.1,107.57,125.07,50.18,31.8,13.45,1749744,Weakening,Strong,55.68%,0.88,120.96,129.17,42%
CERS,"Cerus Corp","Medical Products",2.61,+0.38%,2,Sell,"8% Buy",+48.89,+69.48%,2.72,2.69,2.48,2.59,49.26,53.42,14.16,2109220,Weakest,Weak,73.61%,0.8,2.45,2.72,59%
PWR,"Quanta Services","Engineering & R&D Services",643.5,+1.35%,4,Sell,"8% Sell",+48.50,+59.73%,676.76,641.06,645.36,625.26,52.74,43.67,39.93,1119563,Weakest,Minimum,73.85%,0.89,598.49,652.02,84%
MOV,"Movado Group Inc","Retail - Jewelry",33.42,+0.54%,2,Sell,"24% Buy",+48.47,+73.34%,35.01,35.58,31.81,33.37,43.48,57.28,49.54,187061,Weakest,Weak,51.77%,1.02,32.27,34.47,52%
ASYS,"Amtech Systems Inc","Semi General",15.4,-0.19%,3,Sell,"56% Sell",+48.46,+70.35%,17.86,15.33,16.5,14.76,53.77,54.29,10.17,366842,Weakening,Weak,87.60%,0.55,13.51,16,76%
ATKR,"Atkore Inc","Wire & Cable Products",94.54,+0.03%,8,Buy,"100% Buy",+47.91,+54.88%,83.04,89.05,76.91,94.09,71.55,38.82,36.93,546180,Average,Maximum,87.05%,0.63,93.35,94.84,80%
CSCO,"Cisco Systems Inc","Computer - Networks",106.97,+0.51%,2,Sell,"8% Sell",+47.76,+58.90%,113.88,112.51,103.16,109.33,42.21,42.84,26.33,22645553,Weakest,Weak,27.30%,1.64,106.07,112.59,14%
ICLR,"Icon Plc","Medical Services",173.9,+6.10%,4,Buy,"88% Buy",+47.61,+3.83%,155.06,167.28,139.03,166.54,56.79,-12.23,-17.11,1240548,Strengthening,Average,55.79%,1.97,157.44,175.64,90%
FATE,"Fate Therapeutics","Medical - Biomedical",2.33,-4.12%,2,Sell,"24% Buy",+47.33,+130.69%,2.42,2.52,2.05,2.44,41.99,114.63,124.59,2390604,Weakest,Soft,42.57%,0.67,2.28,2.59,15%
BELFA,"BEL Fuse Cl A","Electronics Products - Misc",203.15,-0.49%,3,Sell,"56% Sell",+47.14,+70.40%,232.9,216.57,224.56,201.49,46.85,54.34,21.29,104066,Weakening,Soft,69.15%,0.42,189.79,213.2,57%
KNX,"Knight-Swift Transporation","Transportation - Truck",65.5,-2.49%,3,Sell,"24% Sell",+47.04,+67.22%,71.71,70.07,67.69,67.97,39.19,51.16,12.75,3625097,Average,Minimum,22.42%,0.65,64.81,71.13,11%
RRBI,"Red River Bancshares Inc","Banks - Southwest",100.1,-0.45%,7,Hold,"64% Buy",+47.04,+50.80%,96.34,101.09,94.55,101.92,42.28,34.74,27.6,66876,Weakest,Average,14.30%,1.3,99.65,104.2,10%
ROST,"Ross Stores Inc","Retail - Discount",235.4,+0.61%,2,Sell,"40% Buy",+46.83,+57.53%,230.89,237.86,225.82,229.53,54.65,41.47,18.14,2660527,Weakening,Weak,84.81%,0.61,223.98,235.07,103%
JNJ,"Johnson & Johnson","Large Cap Pharma",270.68,+0.56%,2,Hold,"96% Buy",+46.63,+53.19%,251.07,264.54,246.88,269.37,55.83,37.13,18.25,8016199,Strongest,Strong,48.92%,0.91,262.57,276.17,60%
BDL,"Flanigan's Enterprises","Retail - Restaurants",44.42,+1.83%,2,Sell,"72% Buy",+46.44,+51.86%,40.67,44.22,37.85,44.92,49.13,35.8,37.53,12641,Average,Strong,37.05%,0.81,41.8,48.05,42%
SCL,"Stepan Company","Chemical - Diversified",63.82,-1.62%,7,Buy,"100% Buy",+46.19,+34.19%,57.9,62.41,55.29,62.44,56.82,18.13,22.22,160197,Strengthening,Strong,88.97%,0.87,60.47,64.42,85%
TD,"Toronto Dominion Bank","Banks - Foreign",119.26,-0.13%,8,Buy,"72% Buy",+46.00,+52.64%,117.77,120.78,111.33,121.12,44.7,36.58,14.06,2343208,Weakest,Average,33.05%,0.63,118.56,123.68,14%
PCVX,"Vaxcyte Inc","Medical - Biomedical",56.9,+0.72%,1,Sell,"56% Buy",+45.51,+73.37%,55.47,58.48,56.55,59.6,41.07,57.31,10.78,1373092,Weakest,Weak,27.05%,1.66,56.9,62.3,0%
ATNI,"Atn International","Wireless National",29.14,+0.21%,2,Hold,"80% Buy",+45.38,+83.85%,27.47,28.52,27.39,29.97,45.71,67.79,15.27,74368,Weakening,Soft,34.29%,0.73,28.72,31.22,17%
PSTL,"Postal Realty Trust Cl A","REIT - Equity Trust Other",23.45,+0.21%,6,Buy,"56% Buy",+45.01,+47.95%,23.47,23.44,22.27,23.65,48.35,31.89,32.75,311500,Weakest,Soft,39.45%,0.83,23.11,24.19,31%
SAIC,"Science Applications International","IT Services",132.43,-0.40%,5,Buy,"100% Buy",+44.98,+32.42%,115.36,125,108.43,129.82,58.91,16.36,19.02,574036,Strengthening,Maximum,65.61%,0.91,124.21,135.43,73%
WKC,"World Kinect Corp","Oil - Refining and Marketing",35.97,-0.19%,6,Sell,"56% Buy",+44.84,+36.77%,33.64,36.56,30.44,35.53,52.74,20.71,40.98,998140,Weakening,Good,69.99%,0.67,34.93,36.14,86%
DDI,"Doubledown Interactive ADR",Gaming,13,0.00%,4,Buy,"100% Buy",+44.64,+39.04%,11.95,12.34,10.96,12.82,61.44,22.98,38.1,108195,Average,Strong,78.03%,0.76,12.54,13.09,83%
HBT,"Hbt Financial Inc","Banks - Northeast",35.75,+1.82%,6,Sell,"72% Buy",+44.60,+38.73%,32.66,35.6,30.9,36.01,49.19,22.67,25.76,99382,Average,Strong,14.36%,0.82,35.11,36.92,35%
SCSC,"Scansource Inc","Technology Services",58.07,-0.71%,4,Buy,"100% Buy",+44.21,+30.38%,51.78,55.92,47.03,57.42,55.49,14.32,36.13,236334,Strengthening,Strong,76.71%,0.78,55.81,59.03,70%
PANL,"Pangaea Logistics So","Transportation - Ship",8.15,-0.85%,4,Buy,"88% Buy",+43.41,+47.91%,7.67,7.85,7.69,8.28,49.72,31.85,5.92,544456,Average,Weak,29.78%,0.91,7.97,8.6,28%
TMP,Tompkinstrustco,"Banks - Northeast",98.14,+1.50%,4,Hold,"64% Buy",+43.25,+42.67%,93.41,98.21,88.85,98.01,50.46,26.61,22.79,79965,Average,Strong,33.45%,0.64,96.1,99.92,53%
GPRE,"Green Plains Inc","Chemical - Specialty",15.01,-0.66%,5,Sell,"24% Sell",+43.18,+55.71%,15.83,15.77,15.79,15,47.17,39.65,40.62,1486389,Weakening,Minimum,43.30%,0.78,14.22,15.78,51%
FISI,"Financial Institut","Banks - Northeast",40.01,+0.90%,3,Sell,"40% Buy",+43.13,+47.06%,38.89,40.91,36.75,40.69,42.92,31,15.84,149714,Weakest,Average,18.42%,0.84,39.75,41.63,14%
ACNB,"Acnb Corp","Banks - Southwest",63.44,+0.91%,5,Sell,"56% Buy",+42.74,+42.47%,60.05,64.05,56.43,64.61,44.79,26.41,18.67,58120,Weakest,Good,16.82%,0.77,63.11,66.11,11%
PHOE,"Phoenix Asia Holdings Limited","Building - Heavy Construction",18.83,-4.95%,3,Sell,"24% Buy",+42.23,+119.98%,19.88,21.56,18.48,20.21,43.16,103.92,5.15,51463,Weakest,Weak,13.46%,0.2,18.45,21.96,11%
PFIS,"Peoples Finl Svcs Company","Banks - Northeast",69.3,+1.15%,5,Sell,"56% Buy",+42.21,+37.01%,66.08,70.38,62.35,70.45,43.55,20.95,29.73,50473,Weakest,Good,13.65%,1.15,68.2,72.7,24%
CAC,"Camden Natl Corp","Banks - Northeast",56.9,+0.98%,4,Hold,"64% Buy",+42.15,+44.82%,54.1,57.1,52.05,57.26,47.73,28.76,18.63,99136,Weakening,Strong,41.57%,0.57,56.04,58.49,35%
CVEO,"Civeo Corp","Hotels & Motels",33,-0.60%,2,Buy,"56% Buy",+42.15,+46.15%,33.4,33.49,31.83,33.7,43.8,30.09,31.75,91009,Weakest,Soft,36.72%,0.56,32.9,34.51,6%
INTG,"Intergroup Corp","Real Estate Developers",36.78,+1.24%,9,Buy,"40% Buy",+42.11,+103.75%,36.98,34.6,36.53,36.62,52.71,87.69,17.01,52304,Weakest,Weak,49.07%,0.49,34.25,39,53%
FLEX,"Flextronics Intl Ltd","Electronics Products - Misc",112.4,+0.09%,4,Sell,"8% Buy",+41.59,+95.21%,128.66,115.33,109.6,110.43,49.59,79.15,73.49,5018358,Weakest,Minimum,66.52%,0.81,104.65,116.21,67%
MD,"Pediatrix Medical Group Inc","Medical Services",25.66,-0.77%,4,Sell,"56% Buy",+41.51,+55.23%,25.02,26.37,23.68,26.46,42.28,39.17,7.42,806190,Weakest,Soft,32.63%,0.96,25.49,27.43,9%
FMAO,"Farmers & Merch Banc","Banks - Northeast",35.03,+1.30%,12,Buy,"96% Buy",+41.49,+35.78%,31.29,34.06,29.57,35.03,53.09,19.72,29.17,61181,Strengthening,Strong,53.64%,0.61,33.77,36.29,50%
FF,"Futurefuel Corp",Biofuels,5.14,-0.96%,5,Sell,"56% Buy",+41.38,+31.46%,4.83,5.25,4.61,5.36,42.4,15.4,48.59,387759,Weakest,Good,17.69%,0.73,5.13,5.6,3%
PLBC,"Plumas Bancorp","Banks - West",61.52,+0.89%,5,Hold,"64% Buy",+41.20,+42.61%,58.35,61.83,55.68,62.12,46.83,26.55,25.12,46964,Weakening,Strong,29.62%,1.28,60.8,63.44,27%
OBT,"Orange County Bancor","Banks - Northeast",37.38,0.00%,4,Sell,"40% Buy",+41.14,+46.30%,36.72,38.15,35.59,38.04,42.07,30.24,18.39,59188,Weakest,Average,56.37%,1.26,37.18,38.89,12%
TXMD,"Therapeuticsmd Inc","Medical - Drugs",2.13,-1.84%,2,Buy,"64% Buy",+41.02,+97.22%,2.08,2.11,2.11,2.17,48.08,81.16,18.13,47588,Weakening,Weak,46.92%,0.28,2.09,2.26,25%
MBBC,"Marathon Bancorp Inc","Banks - Northeast",15.28,+0.82%,2,Hold,"96% Buy",+40.79,+45.80%,14.8,15.07,14.33,15.18,54.57,29.74,13.12,7832,Strengthening,Average,78.35%,2.19,14.94,15.42,71%
WTBA,"West Bancorp","Finance - Savings & Loan",29.03,+1.79%,7,Buy,"100% Buy",+40.75,+41.89%,26.67,28.55,25.82,29,51.84,25.83,18.28,51455,Average,Strong,35.62%,0.72,28.09,29.91,52%
LION,"Lionsgate Studios Corp","Media Conglomerates",10.98,-1.52%,1,Sell,"56% Sell",+40.55,+60.76%,12.98,12.08,12.05,11.23,41.35,44.7,7.72,3068937,Strengthening,Weak,45.60%,0.92,10.82,11.63,20%
NSP,"Insperity Inc",Staffing,47.9,-1.94%,4,Sell,"40% Buy",+40.41,-5.84%,43.86,51.17,37.96,50.77,38.28,-21.9,11.17,894591,Weakest,Average,28.97%,1.11,48.07,53.47,-3%
CFBK,"Central Fed Corp","Banks - Northeast",34.11,+0.59%,7,Sell,"56% Buy",+40.28,+40.37%,32.22,34.88,31.2,34.9,39.07,24.31,24.17,55625,Weakest,Good,7.05%,0.65,33.88,35.92,11%
CFFI,"C&F Financial Corp","Banks - Southeast",93.01,+1.77%,7,Buy,"88% Buy",+40.26,+34.89%,82.16,87.99,79.55,93.35,54.19,18.83,15.59,16232,Average,Maximum,27.91%,2.36,90.23,96.47,45%
PK,"Park Hotels & Resorts Inc","REIT - Equity Trust Other",15.21,+0.93%,2,Hold,"80% Buy",+39.71,+31.57%,14.15,15.17,13.08,15.25,50.38,15.51,32.87,4257446,Weakening,Strong,49.82%,1.04,14.81,15.7,45%
HRTG,"Heritage Insurance Holdings","Insurance - Proprty & Casualty",33.18,+0.33%,5,Hold,"80% Buy",+39.60,+34.82%,28.3,32.32,27.93,34.24,46.21,18.76,0.86,350845,Average,Strong,12.72%,0.75,33,35.48,7%
FRST,"Primis Financial Corp","Finance - Misc Services",15.59,+0.65%,3,Sell,"40% Buy",+39.58,+45.84%,15.58,16.08,14.89,15.95,40.01,29.78,-0.46,172656,Weakest,Soft,17.76%,0.91,15.52,16.37,8%
SMBK,"Smartfinancial Inc","Banks - Northeast",50.3,+0.76%,5,Sell,"48% Buy",+39.57,+37.32%,47.48,51.25,45.04,51.24,42.91,21.26,23.44,93965,Weakest,Good,15.85%,0.86,49.82,52.67,17%
GEF,"Greif Bros Corp","Containers - Paper Products",82.82,-1.77%,1,Sell,"40% Buy",+39.40,+39.43%,76.05,84.13,73.46,83.56,46.13,23.37,9.79,250044,Weakest,Good,64.98%,1.11,81.33,85.78,33%
NKSH,"Natl Bankshares Inc","Banks - Southeast",42.22,+1.76%,8,Buy,"100% Buy",+39.31,+40.13%,38.34,40.88,37.87,42.02,53.34,24.07,13.38,33361,Strengthening,Strong,48.00%,1.12,40.43,43.6,56%
BOF,"Branchout Food Inc","Food - Misc & Diversified",3.89,+6.87%,1,Sell,"8% Buy",+39.07,+77.63%,3.9,3.97,3.9,3.84,51.42,61.57,9.79,68281,Weakest,Minimum,37.21%,3.21,3.6,4.08,60%
AVBC,"Avidia Bancorp Inc","Banks - Northeast",21.69,+0.28%,5,Hold,"64% Buy",+38.80,+42.14%,20.81,21.75,20.43,21.99,46.58,26.08,16.49,103201,Weakening,Good,16.86%,1.09,21.5,22.47,19%
CBC,"Central Bancompany Inc Cl A","Banks - Northeast",32,+2.01%,3,Sell,"40% Buy",+38.59,N/A,30.56,32.33,28.59,32.09,49.48,N/A,20.13,684448,Weakening,Good,31.52%,1.21,31.26,32.91,45%
ON,"On Semiconductor","Semi Analog & Mixed",73.15,-1.28%,6,Sell,"72% Sell",+38.42,+43.60%,94.03,77.95,86.2,72.26,48.04,27.54,22.55,10351641,Strengthening,Soft,75.23%,1.07,67.8,76.72,60%
QUIK,"Quicklogic Corp","Electronics - Semiconductors",10.99,-2.14%,1,Sell,"72% Sell",+38.28,+83.78%,15.68,11.99,13.9,10.71,46.37,67.72,70.32,327427,Average,Weak,88.61%,0.64,10.1,11.33,73%
PSMT,"Pricesmart Inc","Retail - Discount",173.18,+0.31%,3,Sell,"24% Buy",+37.80,+47.50%,177.01,177.83,168.88,170.9,50.66,31.44,28.64,245930,Weakest,Weak,52.87%,0.8,166.7,175.09,77%
RBB,"Rbb Bancorp","Banks - West",26.45,+0.65%,6,Hold,"48% Buy",+37.75,+36.90%,25.83,26.67,24.58,26.52,47.14,20.84,15.61,111555,Weakest,Average,35.37%,0.76,25.95,27.08,44%
MLR,"Miller Industries","Auto - Truck Original Parts",53.84,-0.65%,5,Hold,"64% Buy",+37.51,+38.09%,51.29,54,49.37,55.02,44.48,22.03,31.53,83685,Weakest,Strong,41.04%,0.87,53.03,57.01,20%
TECH,"Bio-Techne Corp","Medical - Biomedical",72.57,+0.07%,5,Buy,"100% Buy",+37.49,+41.68%,64.4,72.19,61.19,72.35,64.7,25.62,10.86,3214787,Average,Strong,76.50%,0.96,72.09,72.62,91%
SRCE,"1st Source Corp","Banks - Midwest",85.41,+1.22%,6,Sell,"40% Buy",+37.45,+36.42%,81.74,86.77,77.92,86.14,45.4,20.36,24.14,127568,Weakest,Good,21.32%,0.77,84.58,87.7,27%
SNOW,"Snowflake Cl A","Internet - Software",334,-0.24%,4,Buy,"100% Buy",+37.44,+50.07%,266.9,315.71,230.58,331.77,53.92,34.01,39.72,6452370,Average,Strong,36.14%,0.56,313.23,350.32,56%
OCC,"Optical Cable Corp","Fiber Optics",14.28,+0.85%,3,Sell,"8% Buy",+37.32,+74.79%,15.18,14.61,13.02,13.83,50.24,58.73,208.36,359139,Weakest,Weak,60.87%,0.43,12.5,15.17,67%
PKE,"Park Electrochemical Corp","Aerospace - Defense Equipment",29.66,+0.37%,1,Sell,"40% Sell",+37.18,+56.02%,33.87,33.54,32.43,31.1,34.92,39.96,26.45,275889,Average,Weak,15.06%,0.56,29.3,32.91,10%
FA,"First Advantage Corp","Internet - Software",19.92,-0.40%,5,Hold,"48% Buy",+37.16,+32.18%,18.84,21.02,16.4,20.82,42.31,16.12,24.56,1416380,Weakest,Average,15.05%,0.8,19.63,22.02,12%
BPRN,"Princeton Bancorp Inc","Banks - Northeast",43.19,+1.48%,5,Hold,"96% Buy",+37.13,+31.08%,39.27,42.11,37.69,43.11,53.26,15.02,11.96,16562,Strengthening,Maximum,46.92%,1.43,42.06,44.15,54%
MSM,"Msc Industrial Direct Company","Industrial Services",120.73,-2.72%,7,Hold,"64% Buy",+36.58,+35.77%,117.79,121.97,109.69,120.25,49.53,19.71,31.02,703068,Weakest,Average,69.60%,1.32,116.78,123.72,57%
LXP,"Lxp Industrial Trust","REIT - Equity Trust Resident",60.93,+0.08%,1,Buy,"100% Buy",+36.25,+31.88%,56.84,60.69,54.11,60.82,63.57,15.82,10.35,624146,Strengthening,Strong,68.05%,0.88,60.66,60.98,84%
FCFS,"Firstcash Holdings Inc","Financial Transaction Services",216.4,-0.03%,1,Buy,"56% Buy",+36.03,+44.03%,218.61,214.91,211.58,220.82,47.08,27.97,23.24,368775,Weakest,Weak,34.04%,0.54,212.15,229.49,25%
JBL,"Jabil Circuit","Electronic Manufacturing",310.69,+0.63%,4,Sell,"24% Sell",+35.77,+37.91%,337.43,317.41,319.43,304.91,50.02,21.85,23.72,1219363,Weakest,Weak,61.64%,0.92,292.35,317.46,73%
CECO,"Ceco Environmental Corp","Pollution Controls",72.86,-2.83%,4,Sell,"24% Sell",+35.68,+46.04%,79.43,73.24,73.6,72.76,49.57,29.98,9.2,702979,Weakening,Minimum,48.01%,0.75,66.45,79.07,51%
PEBK,"Peoples Bancorp NC","Banks - Southeast",43.51,+1.99%,4,Hold,"64% Buy",+35.68,+39.46%,42.88,43.63,41.67,43.76,48.25,23.4,7.65,29111,Weakest,Average,31.74%,0.45,42.76,44.76,37%
PDLB,"Ponce Financial Group Inc","Finance - Misc Services",20.27,+0.45%,5,Buy,"72% Buy",+35.62,+36.13%,19.65,20.34,18.73,20.36,48.42,20.07,11.44,76613,Weakest,Good,35.84%,0.93,20.05,20.68,35%
SHBI,"Shore Bancshares Inc","Banks - Northeast",22.92,+0.79%,4,Sell,"40% Buy",+35.31,+34.98%,22.38,23.5,21.17,23.18,43.11,18.92,17.1,219656,Weakest,Average,18.10%,0.96,22.7,23.66,23%
EGBN,"Eagle Bancorp Inc","Banks - Northeast",28.32,+0.93%,4,Sell,"72% Buy",+35.11,+32.83%,27.42,27.91,26.84,27.84,55.74,16.77,19.67,318324,Strengthening,Soft,63.04%,1.73,27.06,28.62,81%
CASS,"Cass Information Sys","Computer - Services",54.38,+0.65%,2,Sell,"40% Buy",+35.09,+33.42%,52.26,55.91,49.99,55.45,40.28,17.36,18.43,80966,Weakest,Average,19.80%,0.85,54.07,56.82,11%
CCO,"Clear Channel Outdoor Holdings","Advertising Marketing Services",2.35,0.00%,3,Sell,"32% Sell",+35.07,+54.61%,2.39,2.39,2.39,2.37,38.47,38.55,-6.21,6786631,Weakening,Weak,39.05%,0.65,2.35,2.4,5%
CFFN,"Capitol Fed Finl Inc","Finance - Savings & Loan",8.66,-0.35%,10,Hold,"64% Buy",+35.07,+35.10%,8.39,8.75,8.04,8.77,43.64,19.04,14.63,909260,Weakest,Strong,36.28%,1.1,8.56,8.98,23%
CLH,"Clean Harbors","Waste Removal Svcs",316.07,+0.93%,7,Buy,"88% Buy",+34.98,+35.65%,303.53,314.24,300.46,316.28,51.01,19.59,22.26,485471,Strengthening,Average,26.15%,0.96,309.53,323.03,48%
CZFS,"Citizens Fincl Svcs","Banks - Northeast",79.33,+1.34%,5,Sell,"56% Buy",+34.91,+30.91%,73.5,79.84,69.99,81.48,44.38,14.85,26.59,16379,Weakening,Strong,13.43%,0.46,78.71,84.26,11%
APH,"Amphenol Corp","Electronics - Connectors",83.08,+1.08%,7,Sell,"88% Buy",+34.79,+34.95%,77.13,80.23,74.49,80.54,56.13,18.89,10.41,17441730,Strongest,Average,77.05%,0.93,76.59,84.49,82%
CCNE,"Cnb Financial Corp","Banks - Northeast",33.91,+1.44%,4,Sell,"40% Buy",+34.66,+34.40%,33.15,34.43,31.84,34.14,46.62,18.34,17.04,156697,Weakest,Average,16.79%,1.05,33.38,34.9,35%
IFS,"Intercorp Financial Services Inc","Finance - Misc Services",55.45,+0.29%,4,Sell,"56% Buy",+34.66,+36.68%,54.24,56.4,52.08,55.07,50.79,20.62,18.36,265698,Weakest,Average,70.78%,0.98,53.96,56.17,67%
PRSU,"Pursuit Attractions and Hospitality Inc","Leisure & Recreation Services",48.44,+0.75%,3,Sell,"24% Buy",+34.62,+31.70%,48.46,49.32,45.05,48.47,48.32,15.64,31.28,248459,Weakest,Soft,27.32%,0.91,47.1,49.83,49%
BOW,"Bowhead Specialty Holdings Inc","Insurance - Proprty & Casualty",33.87,+0.09%,5,Buy,"100% Buy",+34.42,+22.14%,30.48,32.93,28.18,33.69,65.64,6.08,6.14,243968,Average,Strong,78.24%,0.35,33.51,33.87,99%
FVCB,"Fvcbankcorp Inc","Banks - Southeast",17.79,+0.62%,2,Sell,"40% Buy",+34.13,+33.76%,17.4,18.36,16.69,18.25,39.59,17.7,15.35,114339,Weakest,Average,26.36%,0.7,17.76,18.74,3%
PACS,"Pacs Group Inc","Medical Services",41.46,+1.00%,3,Sell,"40% Buy",+34.12,+218.19%,41.41,44.42,39.2,42.88,39.48,202.13,-4.54,918713,Weakest,Weak,9.88%,0.66,40.58,45.18,19%
WASH,"Washington TR Bncorp","Banks - Northeast",38.72,+1.26%,3,Hold,"64% Buy",+33.81,+32.47%,36.54,39.2,35.5,39.42,44.79,16.41,18.49,163700,Weakening,Strong,18.59%,0.54,38.38,40.46,16%
ITRN,"Ituran Location","Protection - Safety",51.88,-0.97%,6,Sell,"56% Sell",+33.72,+48.02%,57.01,53.07,55.23,51.75,47.21,31.96,8.08,128449,Strengthening,Weak,66.19%,0.91,50.61,52.89,56%
AAOI,"Applied Optoelect","Electronics - Semiconductors",101.03,-0.03%,2,Sell,"72% Sell",+33.52,+278.53%,137.25,111.68,129.52,103.83,44.31,262.47,177.28,9888438,Strengthening,Soft,39.43%,0.58,94.06,113.59,36%
RS,"Reliance Inc","Mining - Misc",385.77,+0.30%,6,Sell,"24% Buy",+33.52,+35.67%,391.45,400.11,366.86,391.78,43.82,19.61,21,347293,Weakest,Weak,15.45%,0.94,380.53,403.03,23%
AGM,"Federal Agricultural Mortgage Corp","Finance - Mortgage & Rel Svs",218.79,+0.75%,7,Sell,"40% Buy",+33.42,+22.58%,203.58,222.55,188.33,222.47,43.85,6.52,12.08,115844,Weakening,Good,16.53%,1.34,216.6,228.34,19%
RCKY,"Rocky Brands Inc","Shoes and Related Apparel",44.67,-0.33%,2,Sell,"56% Buy",+33.35,+52.20%,41.69,45.14,41.59,44.11,51.57,36.14,39.76,54492,Weakening,Average,81.40%,0.69,42.49,45.72,67%
RBCAA,"Republic Bancorp Inc","Banks - Southeast",94.13,+0.86%,4,Sell,"40% Buy",+33.11,+27.84%,89.62,95.7,83.54,95.09,45.69,11.78,23.9,80463,Weakening,Good,24.22%,0.65,92.47,97.7,32%
DCOM,"Dime Commercial Bancshares Inc","Banks - Southeast",40.21,+0.65%,6,Hold,"64% Buy",+33.09,+32.44%,39.43,40.54,37.65,40.55,46.06,16.38,21.09,301280,Weakest,Average,25.57%,0.76,39.78,41.32,28%
ACOG,"Alpha Cognition Inc","Medical - Biomedical",8.57,-2.39%,2,Sell,"56% Buy",+33.03,+7.12%,7.71,8.86,7.16,9.03,43.35,-8.94,19.31,80653,Weakest,Good,32.18%,1.05,8.38,9.69,14%
SIBN,"Si-Bone Inc","Medical Instruments",18.52,-0.43%,2,Sell,"72% Buy",+32.97,+30.24%,16.86,18.45,15.81,18.63,49.21,14.18,-18.63,597833,Weakening,Good,49.03%,1.17,17.98,19.29,41%
VVX,"V2X Inc","Technology Services",76.19,+1.67%,3,Sell,"24% Buy",+32.92,+36.39%,78.39,79.15,75.12,75.26,49.5,20.33,27.13,573685,Weakest,Weak,45.02%,0.51,71.41,79.12,62%
PARK,"Park Dental Partners Inc","Medical Services",19.61,-2.82%,1,Hold,"48% Buy",+32.77,N/A,19.64,20.39,19.02,20.64,41.48,N/A,20.32,36590,Weakest,Good,19.15%,0.44,19.7,21.58,-5%
CLST,"Catalyst Bancorp Inc","Banks - Southeast",17.9,-0.78%,9,Buy,"100% Buy",+32.77,+35.61%,16.75,17.38,16.62,17.88,54.75,19.55,1.11,4625,Strengthening,Strong,48.92%,2.19,17.39,18.37,52%
KO,"Coca-Cola Company","Beverages - Soft",88.1,+0.01%,2,Buy,"88% Buy",+32.57,+32.58%,84.14,87.42,81.82,88.33,49.97,16.52,13.48,16845426,Average,Strong,35.39%,0.82,87.17,89.5,40%
BGC,"Bgc Partners Cl A","Finance - Investment Brokers",12.17,+0.58%,7,Buy,"100% Buy",+32.47,+27.97%,11.38,11.61,11,12.13,55.64,11.91,23.74,2908160,Average,Strong,57.10%,2.08,11.88,12.38,58%
MYFW,"First Western Financial Inc","Banks - Midwest",30.58,+0.99%,5,Sell,"24% Buy",+32.11,+34.24%,30.78,31.38,29.02,30.81,45.31,18.18,1.52,41944,Weakest,Soft,18.78%,0.75,30.23,31.38,30%
USCB,"Uscb Financial Hldgs Inc","Banks - Southeast",22.67,+1.02%,1,Hold,"80% Buy",+32.08,+31.42%,20.73,22.33,20.14,22.87,49.51,15.36,10.53,58120,Average,Strong,28.46%,0.62,22.15,23.58,36%
TAYD,"Taylor Devices Inc","Machinery - General Industrial",63.57,+1.10%,8,Buy,"40% Buy",+32.05,+33.58%,55.7,57.23,60.03,60.6,67.37,17.52,-3.8,40877,Strengthening,Weak,87.92%,1.53,58.23,62.98,112%
KIDS,"Orthopediatrics Corp","Medical Instruments",22.64,+1.39%,1,Hold,"96% Buy",+32.05,+19.85%,20.42,22.41,19.19,22.55,50.04,3.79,14.94,174505,Strengthening,Strong,60.78%,0.48,21.38,23.73,54%
IOSP,"Innospec Inc","Chemical - Diversified",96.87,+0.28%,5,Buy,"100% Buy",+31.93,+23.24%,86.31,91.31,82.15,93.82,67.54,7.18,14.02,210436,Strongest,Maximum,85.98%,1.16,90.97,96.67,103%
LGN,"Legence Corp. Cl A","Engineering & R&D Services",52.45,-0.89%,2,Sell,"88% Sell",+31.78,+54.81%,72.39,60.41,68.66,54.02,40.57,38.75,9.32,1408968,Strongest,Average,33.67%,0.5,50.65,57.39,27%
GCO,"Genesco Inc","Retail - Apparel & Shoes",34.45,+0.85%,4,Sell,"24% Buy",+31.64,+7.89%,35.54,35.55,33.58,33.97,50.06,-8.17,26.54,225258,Weakest,Weak,47.27%,0.73,32.24,35.69,64%
TSBK,"Timberland Bancorp","Finance - Savings & Loan",45.1,+0.62%,5,Hold,"64% Buy",+31.58,+31.10%,43.74,45.5,42.39,46.02,42.9,15.04,13.44,31001,Weakest,Strong,17.14%,1.04,44.84,47.21,11%
ZBRA,"Zebra Technologies","Machinery - Thermal Processing",365.1,-1.60%,4,Buy,"100% Buy",+31.51,+18.35%,292.04,337.61,267.92,352.83,59.44,2.29,37.82,800730,Strengthening,Strong,84.15%,0.77,336.7,368.96,88%
BOLD,"Boundless Bio Inc","Medical - Biomedical",2.6,-3.70%,2,Sell,"56% Buy",+31.21,+127.07%,2.27,2.75,1.93,2.82,32.73,111.01,104.13,519164,Weakest,Strong,25.25%,3.08,2.69,2.96,-35%
JAN,"Janus Living Inc Class A-1","REIT - Equity Trust Resident",30.2,+2.17%,2,Sell,N/A,+30.81,N/A,28.83,30.55,0,30.59,47.59,N/A,N/A,N/A,N/A,N/A,17.03%,1.19,29.55,31.62,31%
BCH,"Banco DE Chile ADR","Banks - Foreign",41.5,-0.72%,2,Buy,"72% Buy",+30.72,+35.53%,39.88,41.42,39.54,41.74,49.21,19.47,-3.33,348983,Weakest,Weak,57.74%,1.68,40.72,42.76,38%
RNR,"Renaissancere Holdings Ltd","Insurance - Proprty & Casualty",330.42,+0.49%,3,Hold,"96% Buy",+30.42,+31.95%,313.08,325.03,309.23,328.52,55.57,15.89,4.98,349733,Strengthening,Strong,48.00%,0.92,321.97,335.07,65%
MGNI,"Magnite Inc","Internet - Software",24.07,+0.04%,5,Buy,"88% Buy",+30.22,+5.52%,19.46,22.67,17.2,24.1,52.12,-10.54,35.77,2527234,Weakening,Strong,35.73%,0.91,22.69,25.52,49%
BHB,"Bar Harbor Bankshares","Banks - Northeast",39.73,+0.81%,8,Hold,"64% Buy",+30.14,+28.24%,37.86,39.74,36.29,40,47.66,12.18,15.41,107223,Weakening,Strong,28.94%,1.02,38.93,41.07,37%
PCB,"Pcb Bancorp","Banks - Southwest",27.54,+1.40%,1,Sell,"40% Buy",+30.11,+31.33%,27.06,28.07,25.7,27.71,46.02,15.27,14.67,30053,Weakest,Average,21.93%,0.87,27.16,28.25,35%
BSRR,"Sierra Bancorp","Banks - West",39.65,+0.63%,9,Sell,"24% Buy",+29.96,+33.37%,39.88,40.59,38.25,40.28,41.91,17.31,8.79,60596,Weakest,Weak,20.62%,0.61,39.23,41.34,20%
FNLC,"First Bancorp Inc","Banks - Northeast",34.2,+0.65%,7,Sell,"40% Buy",+29.94,+29.11%,32.9,34.92,31.37,34.79,42.9,13.05,16.81,26045,Weakest,Average,25.58%,1.52,33.92,35.66,16%
FRAF,"Franklin Finl Svcs Corp","Banks - Northeast",62.26,+1.70%,7,Hold,"48% Buy",+29.90,+28.61%,61.22,62.93,58.44,62.9,46.53,12.55,11.48,41019,Weakest,Average,30.92%,1.51,61.22,64.59,31%
AGIO,"Agios Pharmaceuticals","Medical - Biomedical",32.9,-3.77%,5,Hold,"32% Buy",+29.87,-11.84%,33.13,34.06,31.99,33.65,45.3,-27.9,8.33,1101323,Weakest,Weak,62.63%,1.53,32.46,34.83,18%
FNRN,"First Northern Community Bancorp","Banks - West",17.08,0.00%,4,Sell,"8% Sell",+29.86,+34.49%,17.63,17.57,16.77,17.15,43.88,18.43,15.3,82955,Weakening,Weak,37.36%,0.57,16.72,17.58,42%
BVN,"Compania Mina Buenaventura S.A. ADR","Mining - Silver",32.85,-1.71%,3,Hold,"32% Sell",+29.79,+43.70%,33.01,33.3,33.93,34.13,44.89,27.64,5.5,1435460,Weakening,Minimum,40.56%,1.08,32.44,35.82,12%
QCRH,"Qcr Holdings Inc","Banks - Midwest",100.42,+1.26%,4,Sell,"40% Buy",+29.74,+28.83%,97.59,101.69,94.16,101.02,46.49,12.77,8.01,110462,Weakening,Average,34.70%,0.58,98.47,103.58,38%
THC,"Tenet Healthcare Corp","Medical - Hospitals",249.54,-2.69%,2,Sell,"56% Buy",+29.65,+26.91%,219.47,254.45,215.4,262.64,39.8,10.85,13.03,1151542,Weakening,Good,19.18%,0.58,253.98,271.29,-26%
UNFI,"United Nat Foods","Food - Misc & Diversified",46.15,+5.51%,1,Sell,"8% Sell",+29.59,+58.26%,48.64,47.16,46.87,45.15,50.93,42.2,24.53,706753,Weakest,Minimum,50.87%,0.99,42.99,47.31,73%
AII,"American Integrity Insurance Group Inc","Insurance - Proprty & Casualty",25.33,+1.44%,2,Hold,"80% Buy",+29.59,+18.31%,20.62,23.42,20.16,26.01,50.86,2.25,9.06,144678,Average,Strong,30.85%,0.68,25.19,26.83,9%
PEBO,"Peoples Bancorp Inc","Banks - Southeast",39.07,+1.67%,7,Sell,"40% Buy",+29.46,+28.90%,38.04,40.2,36.39,39.48,43.46,12.84,17.56,272228,Weakening,Average,15.44%,1,38.66,40.3,25%
SMBC,"Southern MO Bancorp","Finance - Savings & Loan",72.21,+1.23%,2,Sell,"8% Buy",+29.39,+31.58%,73.3,75.24,70.37,72.96,40.17,15.52,9.6,84420,Weakest,Weak,13.54%,1.12,71.34,74.57,27%
ECBK,"ECB Bancorp Inc","Banks - Northeast",20.7,+3.24%,4,Hold,"80% Buy",+29.38,+29.38%,19.81,20.61,19.01,20.84,49.4,13.32,6.49,11260,Weakening,Strong,52.86%,0.61,20.21,21.47,39%
STBA,"S&T Bancorp Inc","Banks - Northeast",49.6,+1.02%,5,Sell,"40% Buy",+29.34,+28.60%,48.54,50.63,46.5,49.84,46.19,12.54,13.51,250462,Weakening,Average,19.41%,0.96,48.99,50.69,36%
GENB,"Generate Biomedicines Inc","Medical - Biomedical",15.99,-3.21%,1,Buy,N/A,+29.26,N/A,14.93,15.37,0,16.16,48.75,N/A,N/A,N/A,N/A,N/A,55.33%,1.34,14.85,17.47,44%
CZNC,"Citizens Nrthn Corp","Banks - Northeast",25.48,+1.03%,5,Sell,"72% Buy",+29.24,+27.85%,23.58,25.34,23.29,25.75,47.07,11.79,13.79,57180,Average,Strong,24.65%,0.61,25.22,26.28,25%
ADEA,"Adeia Inc","Technology Services",25.01,-0.16%,2,Sell,"40% Sell",+29.23,+48.52%,28.22,26.57,27.14,25.56,43.52,32.46,32.45,1366588,Average,Weak,30.68%,0.72,23.98,27.14,33%
GSBC,"Great Southern Bncp","Finance - Savings & Loan",78.83,+1.05%,8,Sell,"40% Buy",+29.20,+26.80%,76.54,79.59,72.45,79.19,47.4,10.74,15.51,86214,Weakening,Average,19.45%,0.91,77.64,80.73,38%
NDLS,"Noodles & Company","Retail - Restaurants",12.91,-1.30%,1,Sell,"8% Buy",+28.98,+163.86%,13.89,14.85,11.88,13.84,37.43,147.8,116.04,62615,Weakening,Weak,15.82%,0.73,12.75,14.94,7%
NNBR,"NN Inc","Metal Production & Fabrication",3.6,-6.74%,3,Hold,"80% Buy",+28.70,+62.90%,3.23,3.55,2.72,3.48,52.53,46.84,168.71,1747582,Average,Strong,53.22%,1.16,3.16,3.81,68%
SABR,"Sabre Corp","Internet Software Services",2.25,+2.74%,3,Buy,"100% Buy",+28.66,+24.31%,1.94,2.06,1.81,2.19,54.24,8.25,52.9,6848167,Average,Strong,43.88%,0.73,2.01,2.36,68%
SAFT,"Safety Ins Group Inc","Insurance - Proprty & Casualty",103.51,0.00%,5,Buy,"100% Buy",+28.38,+43.70%,86.22,99.83,82.4,103.44,71.57,27.64,20.32,129806,Average,Strong,58.03%,0.66,103.05,103.84,58%
MPTI,"M-Tron Industries Inc","Engineering & R&D Services",74.65,+1.55%,2,Sell,"24% Sell",+28.23,+43.70%,83.6,80.06,77.62,75.59,42.91,27.64,27.73,107875,Weakest,Minimum,24.71%,0.35,71.77,79.4,38%
FUSB,"First US Bancshares Inc","Banks - Southeast",16.45,-0.06%,5,Sell,"40% Buy",+28.06,+34.51%,16.38,16.51,16.03,16.49,48.69,18.45,5.21,9409,Weakest,Weak,66.01%,0.76,16.19,16.8,43%
NWFL,"Norwood Financial Corp","Banks - Northeast",33.66,+0.96%,4,Sell,"56% Buy",+28.04,+28.23%,32.29,33.82,31.45,34.42,43.41,12.17,7.46,32017,Weakening,Strong,22.57%,1.77,33.52,35.33,8%
CIVB,"Civista Bncshrs","Banks - Midwest",27.06,+1.77%,2,Sell,"24% Buy",+27.66,+31.49%,27.19,27.97,25.94,27.27,43.68,15.43,9.24,115131,Weakest,Soft,22.38%,1.22,26.74,27.81,30%
BCAL,"California Bancorp","Banks - Southwest",21.59,+0.33%,6,Buy,"88% Buy",+27.60,+25.82%,20.56,21.46,19.75,21.63,50.49,9.76,3.1,221729,Strengthening,Strong,25.27%,1.2,21.11,22.14,47%
LXFR,"Luxfer Holdings Plc","Machinery - General Industrial",17.25,-0.12%,5,Buy,"100% Buy",+27.56,+24.01%,17.06,17.11,15.64,17.23,54.12,7.95,14.95,226316,Weakening,Average,47.62%,0.67,17.14,17.32,62%
FDBC,"Fidelity D & D Bancorp Inc","Banks - Northeast",54.71,+1.37%,9,Buy,"100% Buy",+27.43,+24.65%,51.06,53.84,48.88,54.53,51.26,8.59,13.14,9606,Strengthening,Strong,52.69%,0.65,52.61,56.45,55%
HTO,"H2O America","Waste Removal Svcs",62.18,-0.03%,3,Sell,"40% Buy",+27.12,+28.34%,60.8,63.24,59.77,63.23,42.87,12.28,14.38,478285,Weakest,Average,22.75%,0.84,61.7,64.76,16%
SLP,"Simulations Plus Inc","Computer - Software",18.46,+0.22%,8,Buy,"100% Buy",+27.05,+24.39%,17.49,18.36,15.92,18.42,65,8.33,-11.28,348574,Strengthening,Average,50.00%,1.61,18.39,18.45,115%
NBN,"Northeast Bncp","Finance - Savings & Loan",129.77,+0.59%,9,Hold,"48% Buy",+26.98,+20.57%,128.51,130.9,124.14,130.7,46.91,4.51,12.32,121588,Weakest,Average,35.57%,0.99,126.1,135.3,40%
EQIX,"Equinix Inc","REIT - Equity Trust Retail",1034.76,-0.28%,2,Sell,"8% Sell",+26.97,+31.02%,1054.63,1044.88,1038.64,1034.76,48.44,14.96,22.52,588729,Average,Minimum,71.27%,0.71,999.16,1070.35,50%
SNDA,"Sonida Senior Living Inc","Medical Services",37.55,-0.58%,2,Sell,"24% Buy",+26.88,+32.69%,38.46,39.58,37.15,38.52,39.4,16.63,2.61,456882,Weakening,Weak,18.78%,0.87,36.8,40.23,22%
NIC,"Nicolet Bankshares Inc","Banks - Northeast",167.58,+1.70%,1,Sell,"40% Buy",+26.81,+28.47%,160.32,171.24,157.08,169.24,44.91,12.41,25.61,207298,Weakening,Good,19.19%,1.05,164.64,173.83,32%
HVT,"Haverty Furniture Companies","Retail - Home Furniture",27.74,+0.87%,8,Buy,"100% Buy",+26.81,+22.69%,25.3,27.26,24.32,27.59,52.45,6.63,6.21,109060,Strengthening,Strong,46.79%,0.98,26.87,28.31,60%
ST,"Sensata Technologies Holding N.V.","Industrial Controls",41.06,-1.08%,4,Sell,"24% Sell",+26.66,+34.89%,45.89,43.98,42.94,41.94,40.44,18.83,10.8,1849379,Average,Weak,22.82%,0.67,40.59,43.29,17%
HOPE,"Hope Bancorp Inc","Banks - West",13.72,+0.73%,5,Sell,"40% Buy",+26.64,+25.64%,13.39,13.96,12.82,13.9,43.22,9.58,12.64,984386,Weakest,Good,17.77%,0.9,13.63,14.17,17%
BUSE,"First Busey Corp","Banks - Midwest",30,+1.21%,4,Sell,"40% Buy",+26.21,+24.38%,29.16,30.43,28,30.24,45.61,8.32,13.56,686315,Weakening,Good,18.21%,1.21,29.67,30.81,29%
JAKK,"Jakks Pacific Inc","Toys & Game & Hobby",24.54,+0.49%,2,Sell,"56% Buy",+26.20,+34.61%,23.71,25.05,22.87,24.48,49.13,18.55,32.84,90223,Weakening,Average,69.32%,0.32,23.57,25.39,53%
NECB,"Northeast Community Bancorp","Banks - Northeast",26.63,+0.95%,10,Hold,"64% Buy",+26.09,+27.66%,26.03,26.76,25.38,26.81,46.73,11.6,5.24,43336,Weakening,Average,27.14%,0.7,26.15,27.48,36%
MUSA,"Murphy USA Inc","Retail - Convenience Stores",519.28,+2.58%,1,Sell,"8% Sell",+26.06,+32.03%,560.06,556.53,531.56,518.06,45.44,15.97,16.15,321834,Weakest,Minimum,44.90%,1.08,501.38,534.73,54%
MET,"Metlife Inc","Insurance - Multi Line",97.25,+0.05%,5,Buy,"100% Buy",+26.00,+20.60%,90.48,96.2,84.77,96.77,53.54,4.54,10.65,3631920,Strengthening,Strong,44.73%,1,94.62,98.91,61%
CATY,"Cathay Genl Bncp","Banks - West",61.13,+1.09%,5,Sell,"40% Buy",+26.00,+25.89%,60.84,62.62,57.64,61.77,43,9.83,13.79,470319,Weakest,Average,13.76%,1.04,60.51,63.03,25%
HURC,"Hurco Cos Inc","Machinery - Tools & Related",21.63,+2.03%,5,Sell,"56% Buy",+25.97,+23.67%,20.87,22.02,19.25,22.17,45.21,7.61,27.46,28280,Weakest,Average,16.73%,1.05,20.94,23.41,28%
CBZ,"Cbiz Inc",Consulting,54.68,+0.04%,4,Buy,"100% Buy",+25.57,+5.17%,42.75,52.5,37.96,54.63,69.3,-10.89,-4.16,1094972,Strengthening,Strong,47.39%,0.26,54.4,54.86,62%
ECG,"Everus Construction Group Inc","Building & Construction - Misc",116.7,+1.50%,1,Sell,"56% Sell",+25.56,+46.22%,138.06,124.7,132.98,115.41,46.79,30.16,23.86,612062,Weakening,Soft,54.13%,0.83,109.62,121.2,61%
CZWI,"Citizens Community","Finance - Savings & Loan",21.21,-0.09%,6,Buy,"24% Buy",+25.36,+29.65%,21.6,21.64,20.87,21.54,44.55,13.59,6.48,56404,Weakest,Weak,12.61%,0.62,20.67,22.41,31%
SRBK,"Sr Bancorp Inc","Banks - Northeast",19.26,+0.10%,3,Sell,"40% Buy",+25.22,+27.38%,19.23,19.65,18.61,19.55,41.84,11.32,9.82,38047,Weakest,Average,29.92%,0.62,19.28,19.82,-4%
AUPH,"Aurinia Pharm Ord","Medical - Drugs",16.59,+1.19%,3,Buy,"88% Buy",+25.11,+28.84%,15.97,15.91,15.66,16.38,54.49,12.78,-8.5,1184083,Average,Weak,53.82%,0.8,15.78,16.98,68%
KOF,"Coca Cola Femsa S.A.B. DE C.V. ADR","Beverages - Soft",108.96,-1.46%,2,Hold,"64% Buy",+24.93,+29.95%,107.93,109.7,105.91,111.28,43.42,13.89,2.51,164001,Weakening,Weak,34.83%,0.64,108.96,113.6,0%
CHCI,"Comstock Hlds Cos","Building - Residential & Comm",19.4,-1.52%,8,Buy,"88% Buy",+24.77,+19.75%,16.82,17.8,16.36,20.25,49.52,3.69,54.41,27699,Average,Strong,27.96%,1.28,19.14,21.36,12%
TPC,"Tutor Perini Corp","Building - Heavy Construction",83.32,-1.23%,2,Sell,"40% Buy",+24.77,+28.62%,82.98,87.9,81.71,86.89,40.81,12.56,11.78,608045,Weakest,Weak,14.86%,0.38,82.77,91,7%
GABC,"German Amer Bncp Inc","Banks - Midwest",49.1,+0.99%,1,Sell,"40% Buy",+24.41,+22.26%,47.31,49.76,45.58,49.42,45.87,6.2,12.78,150223,Weakest,Good,28.34%,0.79,48.66,50.19,29%
FXNC,"First Natl Corp Strasburg VA","Banks - Northeast",29.63,+0.78%,4,Sell,"24% Buy",+24.31,+26.30%,29.77,30.9,28.94,30.77,36.99,10.24,4.85,57272,Weakest,Weak,15.59%,0.64,29.71,31.83,-4%
DV,"Doubleverify Holdings Inc","Internet - Software",13.37,-0.22%,6,Buy,"88% Buy",+24.18,+9.50%,11.59,12.71,11.13,13.4,60.57,-6.56,4.33,3106698,Weakening,Strong,21.21%,0.3,13.29,13.52,36%
BUD,"Anheuser-Busch Inbev S.A. ADR","Beverages - Alcohol",77.42,+0.47%,6,Sell,"24% Sell",+23.99,+30.14%,80.66,80.37,78.28,78.85,41.84,14.08,8.35,2110608,Average,Minimum,20.17%,0.99,76.87,80.82,14%
CWBC,"Community West Bank","Finance - Misc Services",26.36,+3.70%,4,Hold,"96% Buy",+23.97,+23.47%,25.54,25.99,24.82,26.07,55.58,7.41,4.62,238451,Strengthening,Good,32.54%,1.12,25.53,26.61,77%
VOXR,"Vox Royalty Corp","Mining - Misc",5.4,-3.05%,2,Hold,"16% Buy",+23.94,+35.34%,5.26,5.18,5.35,5.65,45.95,19.28,1.38,551008,Weakest,Weak,40.71%,0.91,5.38,5.91,4%
AFRI,"Forafric Global Plc","Agriculture Operations",11.1,+0.54%,2,Buy,"100% Buy",+23.84,+27.15%,10.46,10.82,10.22,11.08,52.78,11.09,-11.91,17784,Strongest,Average,20.70%,0.51,10.82,11.35,53%
HST,"Host Marriott Financial Trust","REIT - Equity Trust Other",22.21,+0.27%,1,Sell,"8% Buy",+23.53,+27.86%,23.23,23.12,22.09,22.09,46.04,11.8,12.73,8816573,Weakest,Minimum,60.74%,0.84,21.7,22.48,66%
IDT,"IDT Corp","Diversified Comm Services",67.75,-0.18%,7,Hold,"80% Buy",+23.42,+9.66%,61.3,67.18,57.54,69.05,46.48,-6.4,19.76,181982,Weakest,Strong,37.52%,1.93,67.2,70.9,15%
MCBS,"Metrocity Bankshares Inc","Banks - Southeast",34.8,+1.02%,2,Sell,"40% Buy",+23.41,+20.04%,34.67,35.55,33.01,35.15,44.21,3.98,18.58,83391,Weakest,Average,23.87%,1.17,34.48,35.82,24%
KNTK,"Kinetik Holdings Inc","Oil - Field Services",52.54,-0.72%,4,Hold,"80% Buy",+23.26,+13.35%,50.33,52.52,49.1,54.04,43.45,-2.71,33.2,1175819,Weakening,Good,10.71%,0.85,52.51,55.57,1%
FCAP,"First Capital Inc","Finance - Savings & Loan",61.15,-1.12%,5,Sell,"24% Buy",+23.20,+34.72%,61.73,62.82,58.23,62.48,43.89,18.66,-9.25,11132,Weakest,Weak,41.44%,0.81,60.51,64.45,16%
BVFL,"Bv Financial Inc MD","Banks - Northeast",20.81,+0.05%,5,Sell,"56% Buy",+23.13,+25.44%,20.77,21.22,20.3,21.26,45.49,9.38,2.18,17892,Weakest,Soft,44.74%,1.02,20.64,21.87,14%
FCF,"First Commonwealth Financial Corp","Banks - Northeast",20.94,+1.55%,7,Sell,"40% Buy",+23.10,+20.34%,20.27,21.19,19.47,21.03,47.21,4.28,11.66,818709,Weakening,Good,30.33%,1.04,20.52,21.54,41%
UBSI,"United Bkshs Inc","Banks - Southeast",46.53,+0.67%,3,Sell,"40% Buy",+23.10,+23.98%,46.07,47.79,44.71,47.16,41.56,7.92,8.63,943439,Weakest,Average,11.01%,1.04,46.25,48.07,15%
NWBI,"Northwest Bancshares","Finance - Savings & Loan",15.18,+0.93%,6,Sell,"40% Buy",+22.96,+21.63%,14.95,15.5,14.26,15.38,42.8,5.57,13.96,1130515,Weakest,Average,13.50%,0.89,15.08,15.69,17%
FNV,"Franco Nev Corp","Mining - Gold",259.89,-0.39%,2,Buy,"72% Buy",+22.86,+23.97%,231.8,243.34,238.64,263.75,51.8,7.91,12.84,826340,Weakening,Average,44.50%,0.73,256.12,271.38,25%
U,"Unity Software Inc","Internet - Software",41.42,-6.08%,1,Hold,"80% Buy",+22.85,-6.82%,34.09,39.88,29.92,42.47,47.23,-22.88,-18.77,12445550,Weakening,Good,64.95%,3,40.56,44.37,23%
JOE,"St. Joe Company","Real Estate Developers",64.88,-1.47%,1,Sell,"40% Sell",+22.73,+32.35%,64.56,65.28,65.64,65.22,47.3,16.29,-3.26,240469,Weakening,Weak,65.48%,1.27,62.91,67.52,43%
MPB,"Mid Penn Bancorp Inc","Banks - Northeast",36.2,+0.84%,4,Sell,"40% Buy",+22.60,+20.27%,35.22,37.12,34.36,36.76,41.43,4.21,4.16,141945,Weakest,Average,17.46%,0.37,35.99,37.52,13%
INTT,"Intest Corp","Electronics - Measuring Inst",11.66,+1.48%,2,Sell,"72% Sell",+22.43,+36.37%,14.64,12.38,14.58,11.08,50.96,20.31,43.55,187538,Weakening,Average,77.78%,0.67,10.35,11.8,90%
NBBK,"Nb Bancorp Inc","Banks - Northeast",22.5,+0.49%,7,Buy,"72% Buy",+22.40,+24.52%,21.43,22.52,21.35,22.69,47.44,8.46,0.98,301625,Weakening,Average,31.01%,0.62,22.16,23.22,32%
PI,"Impinj Inc","Electronics - Semiconductors",176.57,-0.36%,8,Buy,"100% Buy",+22.27,-4.37%,152.02,163.73,137.82,174.7,54.36,-20.43,-11.07,544918,Strengthening,Good,68.01%,0.79,165.11,184.29,60%
R,"Ryder System","Transportation - Equip & Lease",236.25,-0.74%,2,Sell,"24% Sell",+22.25,+27.99%,254.72,253.72,241.5,242.13,33.3,11.93,10.9,368017,Weakening,Minimum,16.56%,0.64,234.35,249.91,12%
NBTB,"NBT Bancorp Inc","Banks - Northeast",51.13,+1.29%,4,Sell,"40% Buy",+22.14,+19.52%,49.65,52.16,47.54,51.41,46.01,3.46,10.61,292047,Weakening,Average,18.68%,0.95,50.45,52.38,35%
ELE,"Elemental Royalty Corp","Mining - Misc",20.15,-1.37%,1,Hold,"64% Buy",+22.04,+27.86%,18.09,19.43,18.74,21.16,45.78,11.8,6.2,340213,Weakening,Soft,39.51%,1.63,20.07,22.26,4%
KMT,"Kennametal Inc","Machinery - Tools & Related",30.07,+0.43%,5,Sell,"88% Sell",+21.99,+44.15%,33.26,31.51,34.91,29.7,48.7,28.09,-6.7,1348863,Weakening,Average,46.83%,1.24,28.8,30.6,71%
OFG,"OFG Bancorp","Banks - Northeast",51.74,+0.35%,5,Sell,"40% Buy",+21.96,+16.66%,49.66,52.41,46.99,52.39,43.77,0.6,13.72,319679,Weakest,Good,17.36%,0.85,51.54,53.23,12%
ORRF,"Orrstown Finl Svcs","Banks - Northeast",41.85,+1.97%,6,Sell,"40% Buy",+21.94,+20.74%,40.36,42.35,39.03,42.07,47.88,4.68,5.61,175367,Weakest,Good,34.02%,0.99,41.16,42.98,38%
LEGH,"Legacy Housing Corp","Real Estate Operations",29.08,+0.48%,1,Buy,"100% Buy",+21.84,+6.33%,26.01,27.81,24.25,28.01,62.85,-9.73,36.44,101493,Strengthening,Maximum,80.61%,0.56,26.87,29.14,97%
ORIC,"Oric Pharmaceuticals Inc","Medical - Biomedical",13.18,-1.13%,2,Hold,"96% Buy",+21.79,+26.00%,10.88,12.69,11.01,12.84,54.01,9.94,48.58,1683581,Average,Strong,76.19%,1.37,11.98,13.69,70%
SEZL,"Sezzle Inc","Financial Transaction Services",109.78,+2.70%,4,Sell,"8% Sell",+21.77,+27.25%,134,134.51,112.98,117.68,37.97,11.19,60.41,739859,Weakest,Minimum,11.88%,1.16,108.11,127.25,9%
HIMX,"Himax Technologies ADR","Electronics - Semiconductors",14.12,-1.12%,4,Buy,"56% Buy",+21.74,+60.64%,15.65,13.72,13.49,13.87,51.36,44.58,59.87,2585582,Weakest,Weak,73.68%,0.65,12.96,14.78,64%
WABC,"Westamerica Bancorp","Banks - West",59.85,+1.05%,7,Buy,"88% Buy",+21.68,+21.03%,58.12,59.51,56.15,59.16,54.66,4.97,12.59,184798,Strengthening,Strong,47.95%,0.95,57.62,60.69,73%
MFIN,"Medallion Fin Corp","Finance - SBIC & Commercial",11.83,+2.51%,5,Hold,"80% Buy",+21.36,+11.50%,10.46,11.2,10.06,11.97,52.45,-4.56,2.43,65550,Average,Maximum,49.77%,1.17,11.66,12.27,28%
ALTO,"Alto Ingredients Inc","Consumer Prdts - Misc Discr",3.74,+0.27%,1,Sell,"72% Sell",+21.36,+243.12%,4.8,4.34,4.65,3.98,34.62,227.06,17.32,1867834,Strengthening,Soft,7.05%,0.6,3.76,4.2,-5%
HWBK,"Hawthorn Bancshares","Banks - Northeast",38.31,+0.52%,3,Sell,"40% Buy",+21.04,+22.16%,38.13,39.13,36.67,39.06,42.31,6.1,-2.71,11100,Weakest,Average,61.12%,0.46,37.91,40.2,17%
AZZ,"Azz Inc","Machinery - Electrical",137.98,+0.13%,1,Sell,"8% Sell",+20.93,+23.78%,144.43,143.2,140.09,136.3,49.11,7.72,16.2,227607,Weakest,Minimum,65.35%,1.17,131.48,141.13,67%
FSEA,"First Seacoast Bancorp Inc","Banks - Northeast",17.18,0.00%,4,Buy,"100% Buy",+20.80,+47.72%,16.77,17.07,15.39,17.17,61.06,31.66,17.61,14900,Average,Good,66.67%,0.82,17.13,17.21,58%
FLNG,"Flex Lng Ltd","Transportation - Ship",31.07,+0.36%,4,Buy,"72% Buy",+20.70,+22.52%,31,31.21,30.64,31.64,45.35,6.46,11.99,465112,Weakening,Soft,17.41%,0.81,30.7,32.58,20%
AVBH,"Avidbank Holdings Inc","Banks - West",31.2,+0.26%,1,Sell,"8% Buy",+20.63,+23.27%,31.64,32.06,30.72,31.53,41.66,7.21,4.93,93835,Weakening,Weak,23.30%,0.88,31.07,31.99,14%
HTLD,"Heartland Express","Transportation - Truck",11.37,-2.65%,1,Sell,"72% Sell",+20.46,+33.45%,13.67,12.73,12.76,12.1,33.88,17.39,13.37,609149,Strongest,Soft,19.50%,1.1,11.48,12.72,-9%
KELYB,"Kelly Services Inc Cl B",Staffing,22.55,+1.05%,4,Hold,"80% Buy",+20.46,+56.02%,19.45,22.19,17.74,22.95,49.38,39.96,146.45,20708,Strengthening,Strong,19.94%,0.25,21.64,24.26,35%
LILA,"Liberty Latin America Cl A","Wireless National",8.6,+0.94%,7,Hold,"72% Buy",+20.44,+6.57%,7.92,8.37,7.99,8.65,50.81,-9.49,3.83,469504,Average,Average,49.88%,0.78,8.36,8.94,41%
ROK,"Rockwell Automation Inc","Electronics Products - Misc",432.93,+0.01%,3,Sell,"8% Buy",+20.40,+26.41%,449.62,440.68,427.91,424.63,52.85,10.35,-1.27,846346,Weakest,Minimum,82.82%,0.52,411.01,438.25,80%
CNOB,"Connectone Bancorp","Banks - Northeast",30.89,+1.28%,2,Sell,"8% Buy",+20.37,+22.77%,31.78,32.34,30.27,31.57,38.1,6.71,5.27,367741,Weakening,Weak,16.59%,0.94,30.73,32.42,10%
MNSB,"Mainstreet Bank","Banks - Northeast",24.86,+0.24%,5,Buy,"88% Buy",+20.35,+17.82%,24.12,24.54,23.63,25.12,48.78,1.76,9.56,45661,Average,Good,45.44%,0.54,24.56,25.68,27%
HCSG,"Healthcare Svcs Gp","Business Services",20.97,-1.32%,2,Sell,"24% Sell",+20.20,+26.48%,22.35,22.44,21.6,21.8,33.87,10.42,-2.86,743049,Strengthening,Minimum,22.12%,1.27,20.97,22.63,0%
SMTI,"Sanara Medtech Inc","Medical Products",35.1,-0.14%,8,Buy,"100% Buy",+19.93,+7.77%,27.6,32.87,24.71,34.95,69.83,-8.29,37.78,120745,Average,Maximum,77.31%,0.35,34.57,35.34,69%
OPLN,"Openlane Inc","Auto - Truck Original Parts",34.5,+0.91%,3,Sell,"8% Sell",+19.90,+21.95%,37.17,36.47,34.47,34.93,44.21,5.89,3.31,1021557,Weakening,Minimum,28.64%,0.88,34.09,35.76,24%
HBCP,"Home Bancorp Inc","Banks - Southeast",67.72,+0.82%,3,Sell,"24% Buy",+19.81,+22.77%,68.02,69.98,65.79,68.9,39.77,6.71,4.62,81622,Weakest,Soft,16.86%,0.66,67.32,70.48,13%
NXPL,"Nextplat Corp","Internet Commerce",9.05,-0.55%,6,Buy,"88% Buy",+19.80,+13.13%,7.21,7.85,6.54,9.2,54.57,-2.93,56.94,63071,Weakening,Maximum,37.79%,0.06,8.72,9.67,35%
BWB,"Bridgewater Bancshares Inc","Banks - Northeast",20.68,+0.98%,2,Sell,"40% Buy",+19.76,+20.79%,20.47,21.31,19.69,21.14,40.75,4.73,5.43,118063,Weakest,Average,15.75%,0.57,20.49,21.8,15%
BFC,"Bank First National Corp [Wisconsin]","Banks - Northeast",150.32,+1.30%,6,Hold,"48% Buy",+19.71,+20.92%,148.44,152.64,145.13,152.57,44.59,4.86,10.86,86686,Weakest,Average,15.00%,0.54,148.59,156.56,22%
SGC,"Superior Uniform Group","Textile - Apparel",12.57,+0.32%,3,Sell,"24% Buy",+19.65,+13.35%,12.68,12.72,11.96,12.4,50.67,-2.71,17.32,46326,Weakest,Weak,77.49%,0.62,12.05,12.76,73%
CPF,"Central Pacific Financial Company","Banks - West",36.84,+1.43%,4,Sell,"24% Buy",+19.50,+20.91%,37.06,38.23,35.58,37.44,41.73,4.85,5.69,162495,Weakest,Soft,11.14%,1.08,36.53,38.36,17%
VMD,"Viemed Healthcare Inc","Medical Products",8.82,+0.23%,2,Sell,"72% Sell",+19.47,+30.09%,10.11,9.78,9.84,8.87,40.67,14.03,6.17,283512,Strengthening,Soft,49.53%,0.69,8.68,9.07,36%
M,"Macy's Inc","Retail - Regional Dept Stores",22.31,+0.31%,2,Sell,"24% Buy",+19.40,+28.37%,22.72,23.31,21.44,22.12,48.49,12.31,-11.36,6421660,Weakest,Minimum,74.16%,0.87,21.08,23.17,59%
TRLV,"Trulieve Cannabis Corp","Medical Products",12.27,-2.15%,7,Buy,"100% Buy",+19.38,+60.60%,9.73,10.25,8.72,11.75,61.51,44.54,28.66,906149,Strengthening,Maximum,79.52%,1.15,10.9,12.6,81%
UNM,"Unumprovident Corp","Insurance - Accident & Health",91.11,-3.55%,9,Hold,"80% Buy",+19.28,+18.59%,88.72,91.04,84.18,94.02,44.12,2.53,5.02,1550521,Weakening,Strong,27.10%,1.19,91.18,96.85,-1%
AIRG,"Airgain Inc","Communications Components",5.25,+0.19%,3,Sell,"72% Sell",+19.19,+25.90%,6.08,5.47,5.83,5.26,45.78,9.84,16.77,74913,Strengthening,Weak,32.08%,0.25,5.05,5.48,47%
LILAK,"Liberty Latin America Cl C","Wireless National",8.55,+1.30%,7,Hold,"64% Buy",+19.17,+3.76%,7.91,8.3,8.03,8.6,50.82,-12.3,2.07,1134920,Weakening,Average,48.66%,0.91,8.31,8.9,41%
NEU,"Newmarket Corp","Chemical - Specialty",893.3,+0.40%,1,Hold,"96% Buy",+19.09,+9.15%,818.72,877.52,757.51,891.29,52.02,-6.91,17.44,128490,Strongest,Strong,69.69%,0.92,863.2,919.37,54%
HGTY,"Hagerty Inc","Insurance - Proprty & Casualty",13.58,-0.88%,6,Buy,"100% Buy",+18.98,+11.22%,11.93,12.91,11.52,13.56,54.35,-4.84,-11.5,198530,Strengthening,Strong,74.07%,0.84,13.04,14.07,52%
SVRA,"Savara Inc","Medical - Drugs",5.07,+1.40%,1,Sell,"88% Sell",+18.73,+44.44%,5.45,5.45,5.45,5.33,40.68,28.38,-28.46,1784322,Strongest,Soft,25.26%,1.55,5.07,5.59,1%
TDAY,"USA Today CO Inc","Media Conglomerates",6.45,+0.94%,3,Sell,"56% Sell",+18.68,+48.96%,7.55,7.2,7.28,6.38,44.95,32.9,12.7,1803346,Weakening,Average,52.12%,0.61,6.16,6.6,65%
OVID,"Ovid Therapeutics Inc","Medical - Biomedical",2.49,-2.92%,2,Sell,"32% Buy",+18.65,+78.21%,2.59,2.63,2.49,2.71,38.38,62.15,40.53,2296342,Weakest,Weak,36.75%,0.94,2.54,2.89,-13%
PM,"Philip Morris International",Tobacco,191.5,+0.35%,2,Hold,"80% Buy",+18.56,+17.48%,185.37,190.07,179.51,189.23,53.78,1.42,6.85,5115342,Strengthening,Good,68.00%,0.66,183.16,195.3,69%
HYNE,"Hoyne Bancorp Inc","Banks - Northeast",16.43,-0.06%,4,Buy,"72% Buy",+18.44,N/A,16.33,16.48,15.89,16.52,46.36,N/A,0.85,35548,Weakest,Good,16.86%,0.81,16.37,16.67,19%
RDNW,"Ridenow Group Inc","Auto - Domestic",6.08,+0.50%,1,Hold,"64% Sell",+18.34,+32.75%,6.66,6.09,6.63,5.75,56.61,16.69,-2.4,73804,Weakest,Soft,83.89%,1.24,5.38,6.13,94%
FBNC,"First Bancorp [Nc]","Banks - Southeast",62.8,+0.93%,2,Sell,"40% Buy",+18.33,+17.87%,62.35,64.13,60.57,63.64,44.46,1.81,11.11,235988,Weakest,Average,29.50%,0.68,61.93,65.35,25%
NATL,"NCR Atleos Corporation","Internet - Software",45.92,+0.33%,3,Sell,"40% Buy",+18.20,+16.82%,45.47,46.54,45.02,46.01,47.59,0.76,7.95,770898,Weakest,Weak,44.81%,0.6,45.47,46.56,42%
SYNA,"Synaptics Inc","Electronics - Semiconductors",96.82,-1.30%,9,Sell,"56% Sell",+18.17,+36.60%,115.66,102.59,103.18,95.71,48.33,20.54,18.26,827924,Average,Weak,72.71%,0.7,90.4,101.02,60%
SHO,"Sunstone Hotel Investors","REIT - Equity Trust Other",11.14,+1.00%,2,Sell,"24% Buy",+18.10,+15.56%,11.17,11.26,10.57,11.05,52.56,-0.5,12.07,2164667,Weakest,Soft,61.72%,0.73,10.85,11.24,74%
DKL,"Delek Logistics Partners LP","Oil Gas Prod Pipeline MLP",54.48,-0.89%,10,Sell,"40% Buy",+18.05,+17.49%,53.96,56.17,53.24,55.84,43.98,1.43,9.56,99795,Weakest,Soft,13.33%,0.52,54.04,57.64,12%
SKWD,"Skyward Specialty Insurance Group Inc","Insurance - Proprty & Casualty",54.88,+0.07%,2,Sell,"40% Buy",+17.86,+14.62%,54.58,58.69,51.49,56.84,37.95,-1.44,-5.16,473677,Weakest,Average,10.65%,0.89,54.89,58.78,0%
RYAM,"Rayonier Advanced Materials Inc","Paper & Related Products",8.75,-4.27%,6,Buy,"24% Buy",+17.77,+27.92%,8.51,8.59,9.02,8.53,54.03,11.86,36.02,974138,Weakest,Minimum,73.03%,0.95,8.04,9.01,73%
CRD.B,"Crawford Company Cl B","Building & Construction - Misc",12.06,+2.12%,3,Buy,"100% Buy",+17.37,+19.76%,10.83,11.53,10.55,11.95,51.79,3.7,-0.04,15804,Strongest,Strong,44.74%,0.9,11.2,12.69,58%
CBNK,"Capital Bancorp Inc","Banks - Northeast",35.98,+1.01%,4,Sell,"40% Buy",+17.29,+10.20%,34.8,36.66,33.3,36.24,45.42,-5.86,15.18,60002,Weakest,Good,22.20%,1.06,35.62,36.86,29%
DSGR,"Distribution Solutions Group Inc","Industrial Services",34.95,0.00%,8,Buy,"100% Buy",+17.25,+17.44%,31.06,34.74,29.54,34.8,73.04,1.38,15.06,144120,Average,Strong,95.89%,0.65,34.63,34.97,94%
HBNC,"Horizon Bancorp","Banks - Northeast",19.22,+1.05%,5,Sell,"24% Buy",+17.21,+18.64%,19.49,19.98,18.66,19.53,39.3,2.58,0.79,468915,Weakest,Weak,9.84%,1.04,19.07,20,16%
PROV,"Provident Financial","Finance - Savings & Loan",18.37,+0.05%,4,Hold,"80% Buy",+17.12,+15.90%,17.57,18.06,17.2,18.52,49.45,-0.16,2.92,9370,Average,Maximum,25.47%,1.53,18.23,18.82,24%
VOC,"Voc Energy Trust","Oil - US Exploration & Product",3.38,+0.30%,7,Buy,"88% Buy",+17.07,+16.96%,3.13,3.28,3.22,3.36,54.09,0.9,12.65,104080,Strengthening,Average,62.04%,0.52,3.27,3.45,59%
GL,"Globe Life Inc","Insurance - Accident & Health",167.32,-0.85%,3,Sell,"24% Buy",+16.92,+16.76%,170.36,176.49,161.74,172.13,35.38,0.7,7.09,543508,Weakening,Weak,10.47%,1.41,167.76,176.51,-5%
HNVR,"Hanover Bancorp Inc","Banks - Northeast",26.06,-0.34%,4,Sell,"56% Buy",+16.91,+12.67%,24.98,26.63,23.91,26.87,41.2,-3.39,0.23,33729,Weakening,Good,22.40%,1.44,26.11,27.63,-3%
CPSS,"Consumer Portfol","Finance - Misc Services",9.37,+0.32%,5,Hold,"48% Buy",+16.84,+16.25%,9.49,9.35,9.05,9.36,49.52,0.19,-12.11,22204,Weakest,Weak,83.38%,0.43,8.98,9.75,51%
LCNB,"Lcnb Corp","Banks - Northeast",18.41,-0.65%,2,Sell,"40% Buy",+16.77,+16.81%,18.22,19.53,17.65,19.09,37.91,0.75,-0.22,31126,Weakest,Average,16.26%,0.63,18.51,19.66,-9%
RMR,"The Rmr Grp A","Real Estate Operations",18.78,-0.21%,2,Sell,"8% Sell",+16.71,+17.01%,19.85,19.54,18.71,19.17,40.17,0.95,13.5,163421,Average,Minimum,28.63%,0.51,18.64,19.69,13%
CZR,"Caesars Entertainment Inc","Leisure & Recreation Services",29.62,+0.03%,5,Sell,"40% Buy",+16.66,+12.45%,29.36,29.76,28.36,29.66,44.16,-3.61,14.1,5631721,Weakest,Soft,37.74%,1.55,29.61,29.72,12%
PRU,"Prudential Financial Inc","Insurance - Multi Line",118.75,+0.99%,3,Sell,"40% Buy",+16.50,+14.93%,113.26,120.52,107.83,118.97,48.5,-1.13,-7.34,2015660,Weakening,Average,32.53%,0.96,115.88,122.05,46%
DLX,"Deluxe Corp","Business Office Products",24.29,+1.72%,2,Sell,"72% Sell",+16.44,+24.56%,24.43,24.62,25.7,23.67,54.59,8.5,-3.76,444880,Weakening,Weak,72.18%,0.83,22.93,24.42,91%
CCBG,"Capital City Bank Gr","Banks - Southeast",49.31,+1.15%,2,Sell,"40% Buy",+16.26,+14.65%,49.15,51.22,47.49,50.48,38.01,-1.41,3.29,89379,Weakest,Average,14.45%,0.85,49.07,51.89,8%
FMX,"Fomento Economico Mexicano S.A.B. DE C.V. ADR","Beverages - Soft",117.71,-1.68%,1,Sell,"24% Sell",+16.12,+20.33%,123.37,122.21,119.47,119.91,42.66,4.27,3.92,460237,Average,Minimum,60.76%,0.89,117.11,122.71,11%
IMKTA,"Ingles Markets Inc","Retail - Supermarket",84.11,+1.25%,1,Sell,"56% Sell",+16.12,+22.31%,87.29,85.68,87.68,82.52,51.91,6.25,10.16,131633,Weakening,Weak,73.21%,0.68,80.78,84.25,96%
FUNC,"First United Corp","Banks - Northeast",43.3,+1.26%,7,Sell,"40% Buy",+16.07,+15.25%,42.45,44.19,40.59,43.67,46.69,-0.81,3.11,19978,Weakest,Average,45.15%,0.75,42.36,44.97,36%
MRBK,"Meridian Bank","Banks - Northeast",19.14,0.00%,2,Sell,"8% Buy",+16.06,+19.40%,19.24,19.72,19.3,19.43,41.56,3.34,-3.67,105960,Weakening,Minimum,19.03%,0.7,18.96,19.91,19%
KVHI,"K V H Inds Inc","Communications Components",7.39,+3.21%,4,Sell,"72% Sell",+15.88,+27.19%,8.74,7.98,8.56,7.22,48.75,11.13,-6.51,167370,Weakening,Average,64.05%,0.48,6.84,7.6,73%
HWC,"Hancock Whitney Corp","Banks - Southeast",73.18,+1.09%,4,Sell,"24% Buy",+15.67,+16.45%,73.25,76.14,70.66,74.61,39.98,0.39,2.38,858755,Weakest,Soft,11.28%,1.14,72.8,76.42,11%
JMSB,"John Marshall Bk Fal","Banks - Southeast",22.95,+0.70%,4,Hold,"64% Buy",+15.64,+12.17%,22.23,23.02,21.59,23.08,48.03,-3.89,2.27,39646,Weakening,Strong,33.33%,1.02,22.58,23.57,37%
CB,"Chubb Ltd","Insurance - Proprty & Casualty",334.84,-0.11%,3,Sell,"24% Buy",+15.62,+20.33%,337.72,345.11,334.82,339.34,39.89,4.27,-5.26,1740755,Weakest,Weak,14.21%,0.66,333.36,345.32,12%
BLX,"Bladex Inc","Finance - Misc Services",54.66,-1.07%,8,Sell,"24% Sell",+15.54,+16.79%,56.67,56.22,55.02,54.89,46.85,0.73,10.02,166003,Average,Minimum,62.35%,0.94,53.44,56.34,42%
MKTW,"Marketwise Inc","Technology Services",19.15,+2.13%,4,Hold,"64% Buy",+15.54,+15.99%,18.39,19.07,17.66,18.13,57.09,-0.07,14.96,19422,Average,Average,72.85%,1.33,17.37,18.9,117%
VTVT,"Vtv Theraptcs Cl A","Medical - Biomedical",30.73,+0.49%,2,Sell,"100% Sell",+15.45,+38.58%,33,32.28,34.17,31.93,41.38,22.52,-35.7,51327,Strongest,Weak,23.82%,0.25,29.96,33.89,20%
FSTR,"Foster L B Company","Steel - Producers",37.52,+0.67%,4,Sell,"8% Buy",+15.16,+39.69%,40.32,39.14,36.74,37.46,45.69,23.63,26.68,67565,Weakest,Weak,39.55%,0.54,36.84,38.07,55%
MDGL,"Madrigal Pharmaceuticals Inc","Medical - Drugs",513.21,+0.04%,4,Sell,"40% Buy",+15.15,+20.23%,520.22,527.58,507.63,533.03,42.35,4.17,-24.41,330552,Weakest,Minimum,19.17%,0.74,512.95,553.11,1%
HPK,"Highpeak Energy Inc","Oil - US Exploration & Product",7.65,-3.04%,9,Hold,"64% Buy",+15.03,+4.22%,7.46,7.75,7.03,8.16,44.13,-11.84,48.85,795174,Weakest,Average,14.54%,2.34,7.65,8.66,0%
OVLY,"Oak Valley Bancp CA","Banks - West",33.97,+1.07%,4,Hold,"80% Buy",+14.99,+18.03%,33.75,33.93,33.5,34.31,47.16,1.97,0.47,30562,Weakening,Weak,25.71%,0.73,33.59,35.04,26%
MCRI,"Monarch Casino",Gaming,118.05,+0.41%,2,Sell,"8% Sell",+14.94,+14.29%,122.76,122.01,115.42,120.58,41.01,-1.77,10.81,141112,Weakest,Minimum,14.35%,0.8,116.61,124.54,18%
ITIC,"Investors Title Company","Insurance - Proprty & Casualty",287.24,-1.24%,3,Hold,"64% Buy",+14.72,+10.59%,272.21,291.83,257.34,295.93,43.17,-5.47,2.52,35410,Weakest,Strong,37.26%,0.95,286.28,305.59,5%
WHG,"Westwood Holdings Group Inc","Finance - Investment Mgmt",19.02,+2.04%,3,Sell,"56% Buy",+14.42,+12.01%,18.4,19.22,17.67,18.92,51.29,-4.05,-2.02,17114,Weakening,Average,58.52%,0.82,18.18,19.66,57%
CACI,"Caci International","Computer - Services",616.82,+0.02%,5,Buy,"72% Buy",+14.36,+24.05%,542.77,590.51,551.8,625.29,49.51,7.99,3.23,286461,Average,Average,25.97%,0.83,608.84,641.75,24%
SBH,"Sally Beauty Holdings","Retail - Misc & Diversified",17,+1.49%,7,Buy,"88% Buy",+14.35,+9.61%,14.7,16.03,14.64,16.26,61.41,-6.45,6.67,1519481,Strongest,Strong,92.19%,0.81,15.5,17.03,98%
FR,"First Industrial Realty Trust","REIT - Equity Trust Other",61.36,+0.47%,2,Sell,"24% Sell",+14.04,+20.01%,63.08,63.56,62.33,61.67,42.52,3.95,-5.4,1032762,Average,Weak,44.20%,1.59,60.77,62.56,33%
NL,"Nli Holdings Inc","Electronics - Misc Components",7.04,+1.44%,5,Buy,"100% Buy",+13.80,+15.60%,6.34,6.44,6.2,6.86,59.44,-0.46,16.16,52012,Strongest,Strong,75.30%,0.4,6.54,7.18,78%
EIG,"Employers Holdings Inc","Insurance - Accident & Health",47.57,-0.46%,4,Sell,"24% Buy",+13.69,+12.99%,47.66,49.34,45.47,49.14,34.93,-3.07,-2.35,248060,Weakening,Soft,5.23%,1.23,47.77,50.51,-7%
FCCO,"First Community Corp","Banks - Southeast",32.65,+1.24%,3,Sell,"40% Buy",+13.38,+12.47%,32.49,33.77,31.47,33.64,39.21,-3.59,-2.42,72846,Weakest,Average,23.14%,9.22,32.5,34.77,6%
ZDGE,"Zedge Inc Cl B","Internet - Content",3.02,-0.33%,8,Buy,"40% Sell",+13.33,-2.27%,3.04,2.98,3.05,3.01,50.73,-18.33,-20.47,366627,Average,Weak,61.61%,0.65,2.89,3.14,53%
VMI,"Valmont Industries","Steel - Pipe & Tube",465.35,-1.20%,2,Sell,"56% Sell",+13.13,+26.34%,510.83,485.05,485.47,474.08,39.73,10.28,3.13,191682,Strengthening,Weak,18.66%,0.78,462.69,485.47,12%
CAAP,"Corporacion America Airports Sa","Transportation - Airline",23.55,-0.76%,2,Sell,"100% Sell",+13.08,+23.11%,25.06,24.56,25.36,24.02,43.36,7.05,-21.96,227367,Strongest,Average,28.87%,1.06,23.2,24.84,21%
COFS,"Choiceone Financial","Finance - Misc Services",32.87,+1.33%,5,Sell,"24% Buy",+13.08,+11.69%,32.88,33.75,31.58,33.48,42.01,-4.37,-1.19,90734,Weakest,Average,15.42%,0.59,32.51,34.44,19%
STIM,"Neuronetics Inc","Medical Instruments",2.82,-2.08%,6,Buy,"88% Buy",+12.89,+1.08%,2.03,2.62,1.83,2.89,49.96,-14.98,91.81,2085279,Weakening,Strong,38.71%,0.25,2.71,3.06,31%
TDC,"Teradata Corp","Computer - Storage Devices",29.46,+0.86%,6,Buy,"32% Sell",+12.89,+31.40%,30.87,28.72,29.63,28.72,55.39,15.34,-15.76,2269594,Weakest,Weak,73.47%,0.41,27.44,30,79%
NTNX,"Nutanix Inc","IT Services",68.59,-1.56%,2,Buy,"100% Buy",+12.83,-8.25%,56.72,64.07,50.98,68.24,56.62,-24.31,20.15,3935916,Average,Strong,67.30%,0.96,65.55,70.92,57%
MCB,"Metropolitan Bank Holding Corp","Banks - Northeast",88.62,+1.01%,4,Sell,"40% Sell",+12.80,+15.33%,92.65,92.12,90.21,90.36,39.95,-0.73,3.52,146631,Weakening,Minimum,15.06%,0.76,87.6,93.12,19%
ONB,"Old National Bncp","Banks - Midwest",25.09,+1.41%,3,Sell,"24% Buy",+12.70,+13.79%,25.42,26.12,24.58,25.5,40.44,-2.27,-0.08,3496364,Weakest,Weak,15.29%,0.97,24.82,26.19,20%
WNEB,"Western New England Bancorp Inc","Banks - Foreign",13.87,+1.17%,5,Hold,"56% Buy",+12.51,+13.78%,13.8,13.87,13.62,13.76,51.7,-2.28,-2.64,56955,Weakening,Weak,58.06%,0.85,13.52,14.01,72%
ACCO,"Acco Brands Corp","Consumer Prdts - Misc Discr",4.3,+1.18%,4,Sell,"88% Buy",+12.47,+5.91%,4.1,4.25,3.86,4.28,52.57,-10.15,2.74,872221,Strengthening,Strong,53.20%,0.71,4.16,4.4,59%
SYBT,"Stock Yards Bancorp","Banks - Southeast",78.06,+1.09%,2,Sell,"40% Buy",+12.46,+9.73%,77.47,81.56,74.08,79.16,42.3,-6.33,7.64,168221,Weakest,Average,15.48%,0.71,77.24,81.08,21%
PTRN,"Pattern Group Inc Series A","Internet Commerce",17.94,-7.33%,2,Sell,"8% Sell",+12.42,+33.28%,21.35,21.83,18.28,20.01,32.03,17.22,42.92,1426924,Weakening,Minimum,36.51%,1.39,18.46,21.57,-17%
TRNO,"Terreno Realty Corp","REIT - Equity Trust Other",66.43,+0.62%,1,Sell,"24% Buy",+12.38,+16.03%,67.46,68.69,66.32,65.92,48,-0.03,0.61,752250,Weakest,Weak,75.87%,1.35,64.82,67.02,73%
GRND,"Grindr Inc","Internet - Software",15.87,+2.78%,5,Sell,"72% Buy",+12.38,-0.50%,14.7,15.85,13.92,15.51,53.48,-16.56,4.67,1520925,Weakening,Average,66.12%,1.03,15.03,15.99,88%
TLSI,"Trisalus Life Sciences Inc","Medical Products",4.61,-7.80%,4,Sell,"24% Buy",+12.36,-4.75%,4.36,4.89,4.38,4.89,40.91,-20.81,-46.49,301776,Weakest,Minimum,33.46%,2.86,4.59,5.2,4%
DNOW,"Dnow Inc","Machinery - General Industrial",15.91,+1.27%,5,Buy,"100% Buy",+12.18,+2.65%,14.31,15.38,13.57,15.84,54.05,-13.41,7.54,2876021,Strongest,Strong,34.66%,0.83,15.38,16.31,57%
TAL,"Tal Education Group ADR",Schools,12.22,+2.00%,5,Buy,"88% Buy",+12.11,+10.19%,10.82,11.61,10.93,11.87,58.79,-5.87,-0.53,4010002,Strongest,Strong,57.26%,0.57,11.4,12.34,87%
CR,"Crane Company","Machinery - General Industrial",204.56,+0.11%,4,Sell,"40% Buy",+12.09,+14.29%,203.88,210.72,197.25,201.44,50.99,-1.77,-1.63,468973,Weakening,Weak,52.16%,0.59,194.38,208.5,72%
CUBI,"Customers Bancorp","Banks - Southeast",76.83,+0.14%,5,Sell,"24% Buy",+11.97,+16.71%,77.7,79.3,75.56,78.37,41.3,0.65,-7.47,352591,Weakest,Minimum,16.43%,0.8,76.29,80.45,13%
HOFT,"Hooker Furnishings Corp",Furniture,13.11,-1.72%,1,Sell,"48% Sell",+11.88,+22.52%,14.04,13.85,13.73,13.11,45.1,6.46,3.58,50431,Strengthening,Weak,57.47%,0.56,12.46,13.76,50%
EME,"Emcor Group","Building - Heavy Construction",751.96,+0.02%,2,Sell,"56% Sell",+11.86,+20.01%,806.52,770.37,796.69,749.66,47.64,3.95,10.37,391359,Average,Weak,50.32%,0.79,721.82,777.5,54%
CHE,"Chemed Inc","Medical - Outpatient & Hm Care",495.65,-0.49%,2,Sell,"40% Buy",+11.76,+8.46%,484.24,523.01,456.19,512.22,33.14,-7.6,3.3,202572,Weakest,Average,7.82%,0.91,493.69,530.75,5%
HTH,"Hilltop Holdings Inc","Banks - Southeast",38.35,+0.47%,4,Sell,"32% Buy",+11.66,+12.89%,38.35,38.85,37.82,38.58,45.48,-3.17,0.45,330433,Weakest,Weak,26.78%,1.13,37.91,39.25,33%
LUNR,"Intuitive Machines Inc","Aerospace - Defense",15.7,+3.02%,1,Hold,"48% Sell",+11.37,+57.16%,21.2,15.17,21.18,14.94,51.8,41.1,-15.81,12085592,Weakening,Average,80.82%,0.91,13.49,16.39,76%
MPLX,"Mplx LP","Oil - Production & Pipeline",57.98,-1.41%,7,Sell,"56% Buy",+11.32,+13.42%,57.44,58.79,57.36,59.14,42.3,-2.64,-3.9,1672631,Weakest,Weak,42.57%,0.84,57.98,60.31,0%
FSBW,"FS Bancorp Inc","Banks - West",44.26,+1.83%,9,Buy,"100% Buy",+11.09,+7.94%,42.49,43.36,41.64,43.51,56.54,-8.12,-5.05,16153,Strongest,Strong,50.23%,0.84,42.25,44.76,80%
HSTM,"Healthstream Inc","Internet - Services",28.87,+0.38%,5,Hold,"80% Buy",+11.04,-0.45%,27.13,28.73,25.1,29.19,48.37,-16.51,12.6,258125,Weakening,Strong,36.20%,0.74,28.49,29.89,27%
GRCE,"Grace Therapeutics Inc","Medical - Biomedical",2.16,+1.89%,3,Buy,"72% Sell",+11.01,-30.32%,2.26,2.18,2.82,2.15,49.74,-46.38,-50.11,363678,Weakening,Average,21.95%,0.57,2.05,2.26,54%
SGP,"Spyglass Pharma Inc","Medical - Biomedical",27.65,-1.81%,5,Buy,N/A,+10.82,N/A,23.03,25.43,23.75,28.04,51.94,N/A,N/A,N/A,N/A,N/A,41.26%,0.76,26.17,29.92,40%
CRD.A,"Crawford Company Cl A","Business Services",12.43,+0.40%,2,Hold,"64% Buy",+10.77,+12.18%,11.59,12.44,11.16,12.77,46.38,-3.88,-2.05,63374,Weakening,Strong,31.20%,0.83,12.1,13.44,25%
AERT,"Aeries Technology Inc","Technology Services",7.24,+3.13%,5,Buy,"100% Buy",+10.76,+4.02%,6.54,6.83,5.52,7,58.23,-12.04,63.02,42231,Strongest,Strong,57.15%,1.45,6.65,7.35,84%
NPCE,"Neuropace Inc","Medical Instruments",13.97,-1.69%,4,Sell,"88% Sell",+10.71,+36.69%,15.43,14.51,15.2,14.44,43.95,20.63,-22.06,194174,Strongest,Average,33.38%,1.05,13.75,15.12,16%
RNW,"Renew Energy Global Plc Cl A","Other Alt Energy",6.85,+0.15%,5,Buy,"100% Buy",+10.51,-11.15%,6.3,6.59,5.9,6.84,64.42,-27.21,8.7,1472975,Strengthening,Good,47.34%,0.4,6.8,6.87,71%
JCTC,"Jewett-Cameron Trading Company Ltd","Building Prds Retail - Wsale",2.93,+1.03%,6,Buy,"96% Buy",+10.25,-14.58%,2.52,2.86,2.27,2.93,52.01,-30.64,17.68,24541,Average,Good,52.08%,0.7,2.88,2.99,46%
ALCO,"Alico Inc","Agriculture Operations",38.86,-1.42%,2,Hold,"64% Sell",+10.12,+16.14%,40.25,39.58,40.53,39.66,42.9,0.08,-5.72,24691,Strongest,Weak,46.48%,0.82,38.76,40.56,6%
FIBK,"First Interstate Ban","Banks - Midwest",36.51,+1.36%,5,Sell,"8% Buy",+10.07,+10.44%,37.14,37.71,36.17,36.99,43.06,-5.62,-7.02,1159660,Weakest,Minimum,25.31%,0.89,36.15,37.84,21%
AES,"The Aes Corp","Utility - Electric Power",14.85,+0.27%,7,Buy,"100% Buy",+10.01,+11.15%,14.69,14.78,14.65,14.8,61.27,-4.91,-8.98,9961272,Strongest,Weak,51.28%,0.84,14.73,14.87,88%
EG,"Everest Re Group","Insurance - Multi Line",371.96,-0.11%,6,Hold,"64% Buy",+9.89,+7.65%,361.77,375,352.45,375.54,47.7,-8.41,-2.93,376095,Weakening,Good,39.95%,0.77,366.21,384.88,31%
IOT,"Samsara Inc Cl A","Internet - Software",39.32,+0.61%,3,Buy,"88% Buy",+9.84,+6.44%,35.7,38.74,33.91,39.69,50.04,-9.62,-1.62,6859185,Strengthening,Good,22.42%,0.81,36.75,42.63,44%
PAYO,"Payoneer Global Inc","Financial Transaction Services",7.13,-0.14%,8,Hold,"88% Buy",+9.84,+10.20%,6.57,7.12,5.99,7.13,52.82,-5.86,14.33,4844985,Weakening,Strong,48.15%,0.57,7.09,7.17,52%
POCI,"Precision Optics Corp Inc","Medical Instruments",4.78,+0.42%,2,Buy,"24% Buy",+9.45,+9.27%,4.75,4.35,4.6,4.41,65.7,-6.79,1.56,35932,Weakening,Minimum,92.27%,1.5,4.11,4.71,112%
CGNX,"Cognex Corp","Electronic Test Equipment",57.7,-0.84%,5,Sell,"24% Sell",+9.43,+26.76%,63.58,62.31,59.88,60.79,40.24,10.7,47.83,2132154,Strengthening,Minimum,11.91%,0.69,57.64,63.95,1%
EFOR,"Everforth Inc","Technology Services",32.43,-2.17%,3,Buy,"40% Buy",+9.37,-34.03%,24.39,29.47,28.48,32.08,54.48,-50.09,-45.22,957956,Weakening,Weak,61.78%,0.65,29.98,34.19,58%
CBFV,"Cb Financial Svc","Banks - Northeast",37.11,0.00%,5,Sell,"56% Buy",+9.33,+9.44%,36.59,37.17,36.01,37.31,47.93,-6.62,-6.09,5627,Weakening,Weak,58.02%,0.37,36.79,37.82,31%
BSM,"Black Stone Minerals LP","E&P MLP",14.69,+0.89%,4,Hold,"56% Buy",+9.11,+10.37%,14.26,14.69,14.41,14.84,47.84,-5.69,-2.01,398862,Weakening,Soft,23.19%,1.04,14.57,15.1,23%
CLF,"Cleveland-Cliffs Inc","Steel - Producers",12.5,-2.87%,6,Buy,"100% Buy",+9.07,+6.56%,11.54,11.69,10.84,12.14,55.04,-9.5,-18.41,18039965,Strengthening,Soft,69.86%,0.68,11.35,12.93,73%
HLF,"Herbalife Ltd","Retail - Drug Stores",12.21,+1.83%,3,Sell,"72% Sell",+8.98,+35.97%,12.43,12.17,13.69,12.06,51.44,19.91,-17.82,1641492,Weakening,Soft,38.15%,0.8,11.33,12.78,61%
MTUS,"Metallus Inc","Steel - Specialty",18.94,+1.18%,4,Sell,"8% Buy",+8.92,+12.81%,19.58,20.04,18.74,19.25,44.89,-3.25,-2.17,382377,Weakest,Minimum,19.19%,0.73,18.53,19.98,28%
TMCI,"Treace Medical Concepts Inc","Medical Instruments",4.54,+0.67%,1,Hold,"80% Buy",+8.92,-33.04%,4,4.5,3.21,4.59,49.7,-49.1,72.77,704695,Average,Average,39.02%,0.45,4.36,4.82,38%
GLRE,"Greenlight Cap. Re.","Insurance - Proprty & Casualty",14.93,-0.53%,3,Sell,"88% Sell",+8.61,+16.19%,16.14,15.72,16.33,15.14,37.93,0.13,-10.14,173667,Strongest,Soft,32.66%,1.18,14.82,15.46,17%
FRBA,"First Bank","Banks - Southwest",17.59,+0.46%,4,Sell,"40% Buy",+8.56,+6.22%,17.19,18.18,16.81,17.86,39.77,-9.84,-5.67,82346,Weakest,Average,26.79%,0.76,17.5,18.22,13%
NODK,"Ni Holdings Inc","Insurance - Proprty & Casualty",14.73,-0.20%,2,Sell,"24% Buy",+8.52,+6.35%,15.06,15.34,14.39,15.09,35.53,-9.71,-1.79,20451,Weakest,Weak,13.57%,1.48,14.75,15.42,-3%
DDS,Dillard's,"Retail - Regional Dept Stores",651.79,+0.95%,5,Buy,"88% Buy",+8.38,+6.73%,588.08,615.06,589.63,639.64,57.66,-9.33,-5.04,136520,Strongest,Good,70.95%,0.62,617.36,661.93,77%
KMI,"Kinder Morgan Inc","Oil - Production & Pipeline",31.25,-0.38%,4,Sell,"56% Sell",+8.21,+12.33%,31.96,31.7,32.27,31.44,47.31,-3.73,1.14,12093282,Strengthening,Weak,46.15%,0.67,30.57,32.31,39%
OPBK,"Open Bank","Banks - Southwest",15.11,+1.55%,6,Sell,"40% Buy",+8.19,+5.30%,14.88,15.38,14.47,15.25,44.96,-10.76,-5.53,43298,Weakest,Average,32.09%,0.59,14.92,15.58,28%
MCHP,"Microchip Technology","Semi Analog & Mixed",74.69,-1.11%,4,Sell,"72% Sell",+8.15,+13.42%,84.74,76.19,80.62,73.15,50.43,-2.64,4.68,9971044,Strengthening,Soft,84.57%,0.91,69.83,76.46,73%
OHI,"Omega Healthcare Investors","REIT - Equity Trust Other",46.33,+0.35%,5,Sell,"24% Sell",+7.61,+11.88%,47.4,47.85,47.07,46.73,43.28,-4.18,-8.05,2064983,Average,Minimum,25.22%,0.93,45.83,47.62,28%
CMRE,"Costamare Inc","Transportation - Ship",14.66,-0.14%,1,Hold,"80% Sell",+7.59,+15.52%,15.49,15.13,15.97,15.18,41.26,-0.54,-19.7,439845,Strengthening,Soft,16.52%,0.98,14.68,15.68,-2%
GTES,"Gates Industrial Corp Plc","Machinery - General Industrial",26.26,-0.38%,3,Sell,"24% Buy",+7.58,+7.89%,26.42,26.62,25.81,25.71,51.98,-8.17,9.77,2161251,Weakest,Weak,78.03%,0.77,24.82,26.61,81%
CMT,"Core Molding Technologies Inc","Rubber & Plastics",23.1,+0.70%,1,Sell,"8% Sell",+7.36,+5.62%,24.21,24.52,23.65,23.93,39.07,-10.44,2.67,29072,Weakening,Minimum,26.77%,0.9,22.73,25.12,15%
CRCT,"Cricut Inc Cl A","Technology Services",5.92,+0.51%,4,Buy,"100% Buy",+7.14,-12.30%,4.85,5.41,4.64,5.69,62.32,-28.36,7.06,590588,Strongest,Strong,86.65%,0.92,5.39,5.99,88%
IRS,"Irsa Inversiones Y Representaciones S.A. ADR","Real Estate Developers",14.8,-2.05%,8,Hold,"64% Sell",+7.11,+11.78%,15.12,15.11,15.2,15.26,42.83,-4.28,-23.06,166752,Strengthening,Weak,28.51%,0.93,14.64,15.88,13%
UMAC,"Unusual Machines Inc","Wireless Equipment",23.93,+5.46%,2,Buy,"88% Buy",+7.06,+78.58%,22.22,23.76,19.86,23.74,50.01,62.52,75.29,4537787,Average,Average,45.58%,0.59,21.7,25.79,55%
CE,"Celanese Corp","Chemical - Specialty",47.56,-1.92%,9,Buy,"40% Sell",+7.02,+12.22%,49.01,45.37,52.61,45.79,55.74,-3.84,-0.05,2120229,Weakest,Soft,71.11%,0.96,43.31,48.27,86%
SGU,"Star Gas Partners LP","Electronics Products - Misc",12.65,-1.09%,5,Buy,"16% Buy",+6.91,+9.24%,12.77,12.74,12.73,12.77,45.59,-6.82,-5.7,25138,Weakest,Minimum,43.50%,1,12.61,12.94,12%
UBCP,"United Bncp Inc","Banks - Midwest",15.18,-1.11%,3,Hold,"32% Sell",+6.63,+10.00%,15.68,15.6,15.61,15.66,42.64,-6.06,-6.76,8557,Average,Minimum,32.71%,1.24,15.23,16.1,-5%
AVO,"Mission Produce Inc","Agriculture Operations",12.96,+2.05%,3,Hold,"16% Buy",+6.63,+4.18%,12.47,12.86,12.9,12.78,53.06,-11.88,-0.82,993919,Weakening,Minimum,28.74%,1.59,12.28,13.27,68%
HURN,"Huron Consulting",Consulting,157.66,-1.41%,1,Buy,"88% Buy",+6.61,+10.14%,127.36,148.21,128.47,155.93,55.96,-5.92,-21.36,274543,Average,Good,83.03%,0.8,148.34,163.53,61%
APYX,"Apyx Medical Corp","Medical Products",2.83,-4.07%,1,Sell,"88% Sell",+6.60,+38.05%,3.76,3.39,3.72,3,34.39,21.99,-31.68,132807,Strongest,Strong,37.50%,0.65,2.86,3.14,-10%
RNST,"Renasant Corp","Banks - Southeast",40.05,+0.88%,2,Sell,"8% Sell",+6.43,+8.10%,41.72,42.09,40.46,40.63,38.49,-7.96,1.17,688149,Weakest,Minimum,9.63%,1.03,39.69,41.57,19%
ARX,"Accelerant Holdings Cl A","Insurance - Brokers",19.74,+0.10%,10,Buy,"88% Buy",+6.31,+27.93%,15.54,17.03,14.52,19.78,69.84,11.87,8.19,2075208,Average,Strong,61.54%,0.29,19.65,19.9,35%
STRW,"Strawberry Fields REIT Inc","REIT - Equity Trust Other",13.27,-2.43%,4,Sell,"24% Buy",+6.29,+5.23%,13.57,13.89,13.25,13.71,36.39,-10.83,-11.24,32014,Weakening,Minimum,18.85%,1.01,13.38,14.04,-16%
ALGM,"Allegro Microsystems Inc","Electronics - Semiconductors",35.13,+0.06%,3,Sell,"88% Sell",+6.16,+13.07%,45.64,39.83,42.46,35.26,42.55,-2.99,20.63,2495432,Strengthening,Average,51.55%,1.1,32.86,37.66,47%
NKTX,"Nkarta Inc","Medical - Biomedical",2.85,+3.26%,7,Buy,"64% Buy",+6.10,+38.35%,2.75,2.57,2.67,2.85,53.2,22.29,41.51,723393,Weakening,Soft,34.66%,1.56,2.62,3.08,50%
XRN,"Chiron Real Estate Inc","REIT - Equity Trust Other",35.78,+0.59%,1,Sell,"8% Buy",+5.94,+6.58%,36.26,36.56,35.8,36.42,44.14,-9.48,-6.49,117444,Weakening,Minimum,28.49%,0.79,35.47,37.38,16%
OTTR,"Otter Tail Corp","Utility - Electric Power",88.26,-1.00%,2,Sell,"8% Sell",+5.87,+6.98%,89.67,90.89,88.96,89.14,44.42,-9.08,-3.32,259641,Weakening,Minimum,50.25%,0.97,86.9,91.38,30%
ARDT,"Ardent Health Inc","Medical Services",10.48,-1.50%,2,Sell,"40% Buy",+5.86,-22.02%,10.23,10.85,9.92,10.82,43.42,-38.08,6.15,462107,Weakest,Weak,35.74%,1.05,10.46,11.17,2%
MO,"Altria Group",Tobacco,68.88,-0.10%,4,Hold,"24% Sell",+5.80,+5.76%,70.28,69.05,69.15,69.04,50.01,-10.3,6.92,9267681,Weakest,Minimum,39.08%,0.82,67.59,70.5,44%
CCEL,"Cryo-Cell Intl Inc","Medical Services",4.03,+1.00%,2,Hold,"80% Buy",+5.45,-18.09%,3.71,3.9,3.6,4.18,48.69,-34.15,4.61,15483,Strengthening,Average,50.22%,0.24,3.78,4.58,31%
INN,"Summit Hotel Properties","REIT - Equity Trust Other",5.72,+0.88%,1,Sell,"8% Buy",+5.29,+0.88%,6.14,6.21,5.6,5.73,43.44,-15.18,4.91,1190027,Weakest,Minimum,52.54%,1.34,5.52,5.95,47%
TRS,"Trimas Corp","Metal Production & Fabrication",39.47,+0.69%,2,Sell,"24% Buy",+5.14,+2.12%,40.29,39.38,39.15,38.79,54.66,-13.94,-1.2,465183,Weakest,Minimum,67.95%,1.1,37.78,39.8,84%
EHC,"Encompass Health Corp","Medical - Outpatient & Hm Care",122.01,-0.16%,9,Buy,"100% Buy",+4.93,-3.03%,111.8,119.21,108.95,121.74,53.65,-19.09,2.41,1047635,Strengthening,Strong,54.73%,0.96,119.75,123.74,57%
ALGT,"Allegiant Travel Com","Transportation - Airline",76.84,-0.54%,1,Sell,"88% Sell",+4.92,+25.49%,89.91,86.7,88.33,77.62,41.58,9.43,-22.43,537421,Strongest,Average,41.86%,1,73.46,81.77,41%
FRME,"First Merchants Corp","Banks - Midwest",40.49,+1.14%,3,Sell,"24% Sell",+4.81,+2.42%,41.78,42.32,40.92,41.2,39.8,-13.64,-4.52,398027,Average,Minimum,13.75%,1.06,40.13,42.28,17%
AGL,"Agilon Health Inc","Medical Services",75.83,-10.32%,2,Sell,"8% Buy",+4.78,+163.76%,94.61,95.41,68.92,88.98,28.77,147.7,327.88,328820,Weakening,Weak,14.40%,1.24,81.07,96.89,-33%
RGS,"Regis Corp","Retail - Misc & Diversified",28.52,+3.52%,6,Buy,"88% Buy",+4.64,+3.63%,27.69,27.76,26.58,27.75,56.59,-12.43,-9.77,8783,Strongest,Average,48.03%,0.54,26.51,28.99,81%
JOUT,"Johnson Outdoors","Leisure & Recreational Prdcts",43.76,-0.61%,2,Sell,"88% Sell",+4.50,+8.61%,45.75,46.25,46.72,44.81,39.73,-7.45,-9.45,64612,Strongest,Soft,16.31%,1.35,43.4,46.22,13%
MSFT,"Microsoft Corp","Computer - Software",497.93,-0.53%,4,Buy,"88% Buy",+4.45,-2.40%,437.81,473.51,423.91,499.49,54.36,-18.46,-9.58,33953563,Average,Strong,45.80%,0.58,487.32,511.65,44%
KPRX,"Kiora Pharmaceuticals Inc.","Medical - Drugs",2.67,+1.91%,2,Buy,"100% Buy",+4.44,+1.52%,2.59,2.59,2.45,2.61,53.76,-14.54,22.99,176234,Average,Average,51.75%,1.02,2.47,2.75,71%
NTLA,"Intellia Thera CS","Medical - Biomedical",12.16,-1.38%,1,Buy,"40% Sell",+4.34,-31.53%,13.11,11.94,13.28,12.34,48.41,-47.59,22.72,4953392,Strengthening,Weak,64.25%,1.28,11.4,13.28,41%
TCMD,"Tactile Systems Technology Inc","Medical Instruments",22.89,+2.05%,1,Sell,"88% Sell",+4.33,+64.20%,25.72,24.99,25.94,22.46,46.51,48.14,-33.61,319132,Average,Average,70.97%,0.56,21.67,23.24,78%
INVA,"Innoviva Inc","Large Cap Pharma",20.66,+2.08%,5,Sell,"88% Sell",+4.25,+9.08%,21.76,21.09,22.18,20.98,44.37,-6.98,-9.19,807323,Strongest,Average,28.12%,1.73,20.42,21.55,22%
AUBN,"Auburn Natl Bncp","Banks - Southeast",27.19,+3.45%,6,Buy,"100% Buy",+4.15,+0.81%,25.73,26.48,25.22,26.56,56.71,-15.25,-11.66,2717,Strongest,Good,43.46%,1.16,25.9,27.21,98%
BOC,"Boston Omaha Corp Cl A","Real Estate Operations",13.43,+0.37%,2,Sell,"24% Buy",+4.07,+2.75%,13.51,13.95,13.1,13.65,41.01,-13.31,-3.97,164277,Weakest,Soft,19.28%,1.17,13.37,13.93,10%
WPP,"Wpp Plc ADR","Advertising Marketing Services",25.27,+0.60%,1,Buy,"88% Buy",+4.03,+5.34%,21.01,24.04,19.66,25.36,51.44,-10.72,-0.03,532119,Average,Strong,49.54%,0.86,24.38,26.34,45%
DLR,"Digital Realty Trust","REIT - Equity Trust Other",181,-0.25%,3,Sell,"8% Sell",+4.02,+5.23%,187.73,188.12,186.85,184.96,42.8,-10.83,4.45,2345216,Weakening,Minimum,43.50%,0.55,177.93,191.99,22%
TOWN,"Towne Bank","Banks - Southeast",36.4,+0.91%,2,Sell,"40% Buy",+3.90,+1.85%,36.14,37.32,35.56,37.02,41.25,-14.21,-3.46,543515,Weakest,Average,9.23%,0.8,36.19,37.85,13%
COLM,"Columbia Sprtswr","Textile - Apparel",56.97,+0.33%,1,Sell,"88% Sell",+3.79,+6.07%,61.08,58.83,60.15,57.13,46.32,-9.99,-9.13,636815,Strengthening,Average,63.05%,0.82,55.97,58.29,43%
TACT,"Transact Tech Inc","Computers - Peripheral Equpt",4.91,-2.00%,3,Sell,"40% Buy",+3.50,-8.22%,4.87,5.16,4.37,5.13,41.36,-24.28,10.21,46799,Weakest,Average,24.73%,0.6,4.92,5.34,-3%
HIW,"Highwoods Properties","REIT - Equity Trust Other",30.01,+1.08%,1,Sell,"40% Buy",+3.48,-4.18%,29.95,31.66,27.46,30.68,41.41,-20.24,3.69,1467507,Weakest,Average,25.75%,1.04,29.88,31.48,8%
LSE,"Leishen Energy Holding Co. Ltd","Oil Field Machinery & Equip",5.29,-3.82%,3,Hold,"64% Buy",+3.45,-0.01%,4.73,5,4.79,5.3,51.84,-16.07,8.51,12278,Average,Good,73.35%,1.59,4.77,5.82,50%
GDRX,"Goodrx Holdings Inc Cl A","Medical Services",3.36,+1.20%,3,Hold,"64% Buy",+3.22,-15.79%,3.08,3.39,2.79,3.44,46.53,-31.85,11.45,1994083,Weakest,Average,31.11%,0.62,3.3,3.58,22%
CLW,"Clearwater Paper Corp","Paper & Related Products",20.27,-5.19%,3,Hold,"64% Buy",+3.18,-3.71%,17.93,20.51,16.73,20.82,45.13,-19.77,3.95,204300,Weakening,Good,65.01%,0.91,19.81,21.82,23%
STAG,"Stag Industrial Inc","REIT - Equity Trust Other",37.29,+1.25%,8,Sell,"88% Sell",+3.02,+7.65%,38.15,37.99,38.16,37.3,48.9,-8.41,-11.1,1449450,Strengthening,Soft,37.71%,0.96,36.77,37.82,49%
NMAX,"Newsmax Inc Cl B","Broadcast - Radio & TV",10.98,+0.73%,4,Buy,"100% Buy",+3.01,-14.88%,8.78,9.72,8,10.78,56.25,-30.94,29.5,1318997,Strengthening,Strong,45.73%,0.56,10.15,11.42,65%
IIPR,"Innovative Industrial Properties","REIT - Equity Trust Other",55.59,+0.56%,2,Sell,"24% Sell",+2.90,+2.28%,58.65,58.1,56.58,56.36,42.69,-13.78,4.84,362749,Average,Minimum,28.78%,1.13,55.28,57.45,14%
ADUS,"Addus Homecare Corp","Medical - Outpatient & Hm Care",114.05,-0.77%,2,Sell,"40% Buy",+2.64,-2.38%,106.91,116.91,104.25,116.9,41.49,-18.44,-6.34,230132,Weakest,Average,11.89%,0.72,113.37,120.43,10%
COPR,"Idaho Copper Corp","Mining - Misc",3.08,-1.60%,5,Buy,"56% Sell",+2.50,-51.88%,4.68,2.91,5.89,3.33,44.22,-67.93,-24.79,26813,Weakening,Good,6.66%,0.73,3.03,3.64,9%
AVY,"Avery Dennison Corp","Containers - Paper Products",169.01,-2.11%,1,Sell,"24% Sell",+2.41,+4.19%,166.09,172.33,168.73,172.05,43.54,-11.87,-19.62,748602,Weakening,Minimum,48.69%,0.65,166.46,177.64,23%
WYHG,"Wing Yip Food Holdings Group ADR","Food - Meat Products",4.1,0.00%,4,Buy,"40% Buy",+2.39,-24.63%,4.24,4.59,3.48,4.45,45.3,-40.69,73.82,662092,Weakest,Weak,9.53%,0.01,3.55,5.34,31%
BWEN,"Broadwind Energy Inc","Machinery - General Industrial",4.17,-3.47%,2,Sell,"8% Buy",+2.37,+101.45%,4.24,4.47,3.59,4.18,46.09,85.39,34.81,498475,Weakening,Soft,80.95%,0.29,3.83,4.52,49%
BBDO,"Banco Bradesco S.A. ADR","Banks - Foreign",3.08,-0.96%,7,Hold,"64% Sell",+2.35,+5.98%,3.12,3.15,3.23,3.13,45.39,-10.08,-5.22,74557,Strengthening,Weak,43.69%,0.67,2.99,3.27,31%
TREX,"Trex Company","Building Products - Wood",43.22,-0.92%,1,Sell,"8% Buy",+2.35,-14.82%,44.32,45.47,42.57,44.2,42.5,-30.88,10.66,1921506,Weakening,Minimum,33.90%,0.76,42.02,46.39,27%
BRK.B,"Berkshire Hathaway Cl B","Insurance - Proprty & Casualty",505.18,-0.39%,11,Hold,"64% Buy",+2.28,+1.63%,496.32,506.04,491.7,507.64,47.68,-14.43,-12.04,4774931,Strengthening,Good,19.88%,0.61,498.35,516.92,37%
WLKP,"Westlake Chemical Partners LP","Chemical - Specialty",21.51,+0.75%,5,Sell,"88% Sell",+2.26,+3.91%,22.22,21.66,22.24,21.57,48.38,-12.15,0.67,37605,Average,Soft,26.39%,0.75,21.1,22.03,44%
NJR,"Newjersey Resources Corp","Utility - Gas Distribution",51.06,-1.28%,2,Sell,"72% Sell",+2.16,+7.79%,55.78,55.3,55.53,53.26,26.37,-8.27,-1.83,609341,Strongest,Average,10.40%,1.44,51.95,54.56,-34%
SFBS,"Servisfirst Bancs","Finance - Savings & Loan",41.25,+0.19%,1,Sell,"24% Buy",+2.07,-0.42%,41.94,43.45,40.82,42.13,39.4,-16.48,2.38,615044,Weakest,Weak,31.14%,1.07,40.75,43.51,18%
ADV,"Advantage Solutions Inc","Consumer Prdts - Misc Discr",33.95,+1.22%,4,Sell,"8% Buy",+2.07,-21.95%,36.57,34.19,32.02,32.77,53.66,-38.01,41.78,83502,Weakest,Minimum,69.25%,0.55,30.99,34.55,83%
PXLW,"Pixelworks Inc","Technology Services",7.16,-2.59%,3,Buy,"100% Buy",+2.00,-25.65%,6.44,6.58,6.2,6.97,55.87,-41.71,0.04,64927,Strongest,Average,81.53%,0.71,6.67,7.28,81%
BOSC,"Bos Better Online","Computer - Networks",4.74,+0.21%,7,Buy,"56% Buy",+1.97,+1.50%,4.48,4.56,4.58,4.7,57.91,-14.56,-8.59,50106,Average,Weak,47.20%,0.47,4.6,4.79,72%
BCML,"Bay Commercial Bk CA","Banks - West",30.21,+1.92%,7,Sell,"40% Sell",+1.83,+1.51%,31.25,30.81,30.62,30.13,48.94,-14.55,-9.78,47215,Weakest,Weak,26.59%,1.13,29.6,30.67,57%
SNFCA,"Security National Financial Corp","Insurance - Life",8.67,+0.58%,2,Sell,"56% Sell",+1.58,+3.10%,9.14,9.09,9.07,8.76,43.16,-12.96,-11.5,35297,Average,Soft,28.47%,0.81,8.58,8.94,25%
GDYN,"Grid Dynamics Holdings Inc","IT Services",7.71,+0.13%,5,Hold,"64% Buy",+1.50,-5.40%,6.87,7.39,6.6,7.91,48.77,-21.46,-27.16,1700934,Average,Soft,21.76%,0.44,7.57,8.25,20%
LGCY,"Legacy Education Inc",Schools,10.64,+3.20%,4,Sell,"88% Sell",+1.43,-16.02%,11.22,11.01,11.82,10.5,51.65,-32.08,-8.12,52340,Average,Soft,44.10%,4.54,9.9,11.11,61%
CING,"Cingulate Inc","Medical - Biomedical",5.06,+1.61%,1,Hold,"32% Sell",+1.35,+32.11%,4.94,5.07,5.45,5.16,46.36,16.05,4.05,380871,Weakening,Weak,37.49%,0.61,4.96,5.36,24%
POWI,"Power Integratn","Semi Power",50.78,-0.53%,3,Sell,"56% Sell",+1.34,+24.43%,67.15,57.51,62.67,50.41,43.89,8.37,30.34,1003670,Average,Average,68.12%,0.9,47.22,53.6,56%
SHAZ,"Sharonai Holdings Inc","IT Services",56.4,-2.30%,3,Hold,N/A,+1.24,+2.55%,63.79,58.65,52.19,56.02,48.05,-13.51,2855.88,N/A,N/A,N/A,67.83%,0.46,49.75,62.28,53%
AFL,"Aflac Inc","Insurance - Accident & Health",114.01,-1.06%,2,Sell,"24% Sell",+1.18,+4.30%,118.66,120.15,116.25,116.04,37.51,-11.76,-9.15,2352077,Average,Minimum,18.55%,0.74,113.75,118.32,6%
CTAS,"Cintas Corp","Textile - Apparel",197.68,+2.97%,1,Sell,"40% Buy",+1.17,-1.18%,188.07,202.4,186.54,199.55,47.27,-17.24,-7.43,2143978,Weakening,Average,31.37%,1.59,194.32,204.78,32%
WLFC,"Willis Lease Fin C","Transportation - Equip & Lease",52.87,-2.78%,3,Sell,"88% Sell",+1.13,+12.06%,63.4,59.43,63.04,54.97,36,-4.,4.39,253960,Strongest,Average,17.88%,0.93,52.74,57.19,3%
VATE,"Innovate Corp","Conglomerates - Div Operations",7.52,-2.08%,3,Hold,"64% Sell",+1.04,+56.34%,11.3,7.84,9.91,7.48,46.51,40.28,53.83,156726,Strengthening,Weak,73.23%,0.09,6.7,8.26,52%
BTI,"British American Tobacco ADR",Tobacco,56.02,+0.30%,2,Sell,"72% Sell",+1.01,+6.95%,59.63,57.77,59.39,55.78,47.44,-9.11,-13.6,4439207,Average,Good,49.17%,0.82,54.57,56.99,60%
EXTR,"Extreme Networks","Computer - Networks",21.64,-1.77%,3,Sell,"24% Sell",+1.01,+0.89%,26.62,24.83,23.07,22.04,39.42,-15.17,17.43,1895772,Average,Minimum,46.60%,0.75,21.11,22.98,28%
KT,"Korea Telecom Corp ADR","Wireless Non-US",19.53,+0.41%,9,Buy,"8% Sell",+0.53,+0.21%,18.81,18.98,19.93,19.65,53.88,-15.85,-9.59,1620188,Weakest,Weak,38.97%,1.15,19.32,19.98,32%
WHF,"Whitehorse Finance","Finance - SBIC & Commercial",7.06,-0.56%,8,Buy,"40% Buy",+0.49,-2.75%,6.86,6.9,6.99,7.13,49.05,-18.81,-10.96,106891,Weakest,Weak,33.93%,0.49,6.86,7.4,37%
CV,"Capsovision Inc","Medical Information Systems",6.17,+1.98%,4,Hold,"96% Sell",+0.46,+36.50%,6.62,6.41,6.46,6.2,47.87,20.44,-54.82,271080,Strengthening,Soft,28.54%,1.34,5.69,6.71,47%
WMK,"Weis Markets","Retail - Supermarket",72.31,-0.22%,10,Sell,"8% Sell",+0.41,+1.50%,74.56,73.23,72.51,71.69,50.2,-14.56,0.29,156749,Weakening,Minimum,51.88%,1.29,69.7,73.68,66%
QGEN,"Qiagen N.V.","Medical - Biomedical",44.56,+1.94%,4,Buy,"72% Buy",+0.23,-6.07%,39.75,42.7,40.38,43.31,57.37,-22.13,-18.41,2347431,Strengthening,Soft,68.88%,0.68,41.7,44.93,89%
RDNT,"Radnet Inc","Medical - Outpatient & Hm Care",71.31,-2.60%,3,Hold,"48% Buy",+0.09,-5.60%,64.59,71.41,63.37,74.56,43.66,-21.66,-12.6,840435,Weakening,Average,28.24%,1.02,70.98,78.14,5%
DFIN,"Donnelly Financial Solutions Inc","Internet Software Services",49.22,+1.25%,4,Hold,"64% Buy",-0.23,-2.22%,44.84,48.59,46.28,48.57,55.22,-18.28,-7.12,277411,Strongest,Soft,49.27%,0.53,47.09,50.05,72%
ULTA,"Ulta Beauty Inc","Retail - Misc & Diversified",548.78,+0.91%,5,Buy,"24% Buy",-0.24,+2.46%,505.14,527.11,528.05,544.97,53.95,-13.6,-21.83,690515,Weakening,Minimum,50.93%,0.5,524.87,565.07,59%
GHC,"Graham Holdings Company",Schools,1145.03,-0.20%,1,Sell,"24% Buy",-0.29,-0.95%,1149.84,1164.24,1128.92,1137.57,48.78,-17.01,-8.31,22296,Weakest,Weak,63.71%,1.05,1104.78,1170.35,61%
NAAS,"Nass Technology Inc ADR","Electrical Power",3.37,-1.46%,3,Hold,"80% Buy",-0.35,-14.90%,3.11,3.24,2.83,3.18,57.84,-30.96,-12.84,14547,Average,Average,77.13%,0.95,2.96,3.39,96%
WEAV,"Weave Communications Inc","Internet - Software",7.34,-0.27%,6,Buy,"100% Buy",-0.49,+0.96%,6.37,6.84,5.91,7.32,61.83,-15.1,-15.83,1957372,Average,Strong,79.37%,0.53,7.28,7.35,82%
ASTL,"Algoma Steel Group Inc","Steel - Producers",4.19,-3.90%,7,Buy,"56% Sell",-0.64,+0.72%,4.45,4.24,4.43,4.31,46.89,-15.34,-10.34,1232310,Average,Weak,31.88%,0.76,4.06,4.57,26%
DDD,"3D Systems Corp","Printing - Commercial",3.43,-2.28%,7,Buy,"100% Buy",-0.76,+17.47%,3.13,3.23,2.79,3.37,52.46,1.41,81.25,3680626,Average,Strong,67.48%,0.58,3.1,3.64,61%
UG,"United Guardian Inc","Medical Products",7.25,+1.83%,1,Sell,"40% Buy",-0.77,-4.35%,7.17,7.26,6.98,7.16,53.86,-20.41,5.15,7819,Weakening,Weak,40.13%,0.34,7.05,7.27,90%
PCYO,"Pure Cycle Corp","Utility - Water Supply",10.87,-1.18%,1,Hold,"16% Buy",-1.31,-1.00%,10.9,11.05,10.84,11.13,40.51,-17.06,-13.63,62753,Weakest,Weak,32.63%,2.12,10.88,11.37,-2%
MDLZ,"Mondelez Intl Inc","Food - Misc & Diversified",60.86,-0.94%,1,Sell,"24% Buy",-1.39,-5.48%,61.57,62.12,60.39,61.79,43.02,-21.54,0.52,9592664,Weakest,Weak,27.62%,0.69,60.47,63.12,15%
NVTS,"Navitas Semiconductor Corp","Electronics - Semiconductors",11.84,0.00%,1,Sell,"72% Sell",-1.39,+72.59%,16.42,12.04,14.53,11.5,49.23,56.53,53.29,22784553,Strengthening,Weak,75.28%,0.6,10.44,12.57,66%
BCC,"Boise Cascade L.L.C.","Building Products - Wood",76.1,-2.13%,1,Sell,"24% Sell",-1.46,-2.10%,75.41,79.22,76.16,76.68,45.2,-18.16,-9.14,412111,Weakening,Minimum,58.95%,0.8,73.94,79.41,39%
CPHC,"Canterbury Park Hl",Gaming,15.78,0.00%,4,Buy,"56% Buy",-1.68,-4.45%,15.77,15.7,15.71,15.8,51.1,-20.51,-10.07,1806,Weakening,Weak,64.11%,1.02,15.57,16.04,45%
RACE,"Ferrari N.V.","Auto - Truck Original Parts",411.82,-0.30%,2,Buy,"88% Buy",-1.76,-14.31%,378.67,404.85,368.22,412.13,51.14,-30.37,-1.1,612397,Weakening,Strong,62.75%,0.88,402.49,421.77,48%
ELWT,"Elauwit Connection Inc","Wireless National",6.89,-3.23%,3,Sell,"8% Sell",-1.94,N/A,7.34,7.58,7.13,7.16,42.47,N/A,23.46,42637,Average,Weak,11.32%,0.73,6.89,7.43,1%
AFG,"American Financial Group","Insurance - Proprty & Casualty",138.42,-0.87%,3,Sell,"24% Buy",-1.96,-4.17%,139.11,143,136.03,142.06,34.76,-20.23,-11.27,508752,Weakening,Soft,8.93%,0.9,139.14,144.98,-12%
SAIA,"Saia Inc","Transportation - Truck",333.22,-3.09%,3,Sell,"88% Sell",-2.16,+11.04%,407.4,368.11,399.6,346.61,37.14,-5.02,-10.49,473836,Strongest,Strong,39.43%,0.67,331.67,361.54,5%
PUSA,"Aureus Greenway Holdings Inc","Leisure & Recreation Services",3.76,+1.62%,2,Buy,"40% Sell",-2.23,+87.06%,3.91,3.49,3.98,3.69,54.55,71,6.83,875705,Weakest,Weak,61.63%,0.69,3.42,3.96,62%
AFCG,"Advanced Flower Capital Inc","Finance - SBIC & Commercial",3.48,-0.57%,4,Buy,"72% Buy",-2.26,-15.94%,3.21,3.17,3.03,3.51,54.76,-32.,9.57,228135,Weakening,Average,40.95%,0.69,3.39,3.63,38%
IBOC,"Intl Bancshares","Banks - Southwest",69.39,+0.41%,5,Sell,"56% Sell",-2.36,+0.06%,73.42,72.92,72.01,70.64,35.51,-16.,-8.1,350293,Strengthening,Average,7.14%,1.17,69.11,72.16,9%
ENSG,"The Ensign Group IN","Medical - Nursing Homes",173.28,-1.24%,2,Sell,"56% Sell",-2.40,+1.74%,171.52,176.36,181.73,173.53,46.08,-14.32,-13.07,511550,Average,Weak,66.12%,0.52,170.04,177.02,46%
DDL,"Dingdong [Cayman] Ltd ADR","Internet Commerce",2.25,-1.32%,1,Sell,"88% Sell",-2.44,+7.66%,2.32,2.31,2.44,2.24,49.07,-8.4,-22.18,1095010,Strongest,Average,79.71%,1.13,2.14,2.34,57%
HNNA,"Hennessy Advisors","Finance - Investment Mgmt",10.19,-1.74%,8,Buy,"80% Buy",-2.45,-1.16%,10.05,10.06,9.98,10.26,49.12,-17.22,-6.39,11124,Average,Soft,38.19%,2.02,10.01,10.5,36%
LIEN,"Chicago Atlantic Bdc Inc","Finance - SBIC & Commercial",10.31,-0.39%,6,Buy,"72% Buy",-2.60,-6.99%,9.84,9.85,9.78,10.24,61.99,-23.05,-12.73,67125,Average,Average,56.61%,2.32,10.11,10.37,77%
NXPI,"Nxp Semiconductors","Semi Analog & Mixed",230.16,-2.24%,7,Hold,"64% Sell",-2.62,+1.10%,267.79,236.69,250.06,227.46,49.16,-14.96,-6.5,3503577,Strengthening,Weak,79.58%,0.77,217.92,237,64%
CHRW,"C.H. Robinson Ww","Transportation - Services",146.2,-2.32%,6,Sell,"100% Sell",-2.72,+9.68%,169.67,158.12,171.79,150.89,38.47,-6.38,-21.6,1911212,Strongest,Good,30.20%,0.81,144.36,157.43,14%
AWX,"Avalon Holdings Corp","Pollution Controls",2.55,-1.92%,1,Sell,"24% Sell",-2.80,-0.78%,2.58,2.63,2.58,2.62,42.06,-16.84,-17.74,19163,Weakening,Minimum,27.10%,0.04,2.55,2.7,1%
ACHC,"Acadia Healthcr Company","Medical - Hospitals",27.8,-2.49%,2,Sell,"24% Buy",-2.86,+13.05%,28.18,29.98,26.96,28.31,45.07,-3.01,83.37,2976052,Weakening,Weak,57.97%,1.07,27.04,29.57,30%
BCBP,"Bcb Bancorp Inc","Banks - Northeast",8.75,+0.69%,6,Sell,"72% Sell",-3.00,-0.57%,9.78,9.11,9.49,8.61,49.6,-16.63,-4.11,152820,Weakening,Average,71.97%,1.4,8.38,8.85,79%
PAMT,"Pamt Corp","Transportation - Truck",11.74,-0.17%,6,Sell,"24% Sell",-3.29,-3.45%,13.27,13.53,11.95,12.38,41.48,-19.51,-15.35,21149,Weakest,Minimum,22.84%,0.53,11.34,13.42,19%
FHB,"First Hawaiian Inc","Banks - West",25.12,+1.37%,1,Sell,"56% Sell",-3.63,-0.12%,27.44,26.88,26.77,25.63,35.78,-16.18,-13.25,1767510,Average,Average,10.89%,0.94,25.01,26.25,9%
CPK,"Chesapeake Utilities Corp","Utility - Gas Distribution",128.26,-1.06%,1,Sell,"8% Sell",-3.64,-2.48%,128.94,133.18,129.05,131.08,38.34,-18.54,-9.73,158262,Average,Weak,38.36%,1.01,127.96,134.19,5%
NNI,"Nelnet Inc","Finance - Consumer Loans",125.03,0.00%,2,Sell,"100% Sell",-3.70,-1.61%,130.02,129.35,130.98,126.37,38.69,-17.67,-18.5,135708,Strongest,Good,34.11%,0.89,124.51,128.24,14%
BF.A,"Brown Forman Inc Cl A","Beverages - Alcohol",26.4,-0.83%,1,Sell,"56% Sell",-3.75,-2.73%,27.3,27.75,27.25,26.97,41.47,-18.79,-12.2,196439,Average,Weak,28.89%,0.63,25.99,27.95,21%
BANX,"Arrowmark Financial Corp","Finance - Investment Mgmt",20.55,-2.21%,5,Hold,"48% Buy",-3.91,-6.12%,20.13,20.58,19.89,20.92,42.93,-22.18,-18.36,43942,Weakening,Weak,52.98%,1.24,20.57,21.26,-3%
TRC,"Tejon Ranch Company","Real Estate Operations",16.26,0.00%,3,Sell,"72% Sell",-4.04,+1.56%,17.85,16.63,18.19,16.19,47.92,-14.5,-9.43,114149,Average,Good,51.75%,0.58,15.84,16.54,60%
PG,"Procter & Gamble","Consumer Prdts - Misc Staple",145.68,-1.16%,4,Hold,"96% Sell",-4.05,-4.42%,146.22,146.08,147.33,145.84,48.81,-20.48,-10.89,9814660,Strongest,Weak,76.24%,0.87,142.7,148.98,47%
MGRC,"Mcgrath Rentcorp","Finance - Leasing Companies",111.96,-1.13%,1,Sell,"24% Sell",-4.09,-6.67%,114.97,115.77,113.59,111.4,45.32,-22.73,-5.84,174137,Average,Weak,78.82%,0.93,109.07,113.72,62%
SIFY,"Sify Techs Ltd ADR","Internet - Services",13.41,-2.33%,4,Sell,"72% Sell",-4.26,+11.75%,15.19,14.55,14.89,14.06,38.79,-4.31,-2.53,61628,Strongest,Average,35.54%,0.51,13.21,14.91,12%
VIVO,"Vivopower Plc","IT Services",4.07,+5.31%,1,Sell,"24% Buy",-4.41,-19.50%,4.42,4.01,3.78,3.94,52.64,-35.56,66.93,1004746,Weakest,Weak,52.07%,0.77,3.66,4.22,72%
SSBI,"Summit State Bank","Banks - West",12.07,-2.18%,4,Sell,"72% Sell",-4.47,+0.33%,13.28,12.96,13.32,12.59,41.53,-15.73,-8.76,6014,Strongest,Average,25.40%,0.47,12.02,13.17,5%
ISBA,"Isabella Bank Corp","Banks - Northeast",37.4,+0.38%,1,Sell,"100% Sell",-4.56,+5.66%,40.24,39.49,42.18,38.82,37.3,-10.4,-37.74,44890,Strongest,Average,16.02%,0.57,37.29,40.35,4%
FFIN,"First Finl Bkshs Inc","Banks - Southwest",32.17,+0.78%,1,Sell,"24% Sell",-4.64,-6.02%,33.58,34.06,32.67,32.97,35.93,-22.08,-4.84,823306,Average,Weak,9.36%,1.15,32.09,33.85,5%
VERA,"Vera Therapeutics Inc Cl A","Medical - Biomedical",33.34,+0.88%,3,Hold,"80% Sell",-4.83,+27.54%,35.35,33.74,36.98,34.3,47.61,11.48,-46.7,1602286,Strengthening,Soft,50.87%,0.75,32.27,36.33,26%
ENTX,"Entera Bio Ltd","Medical - Biomedical",2.8,-0.36%,1,Sell,"56% Buy",-4.89,+55.56%,2.12,2.86,1.83,2.92,44.97,39.5,31.79,960277,Weakening,Good,39.01%,0.11,2.75,3.09,13%
AIG,"American International Group","Insurance - Multi Line",74.82,-1.01%,1,Sell,"72% Sell",-4.92,-3.95%,76.77,77.14,76.82,75.73,42.25,-20.01,-25.08,4333459,Strengthening,Soft,37.83%,0.87,74.33,77.13,18%
CLPR,"Clipper Realty Inc","REIT - Equity Trust Other",3.41,-1.16%,3,Buy,"72% Buy",-5.00,-13.23%,3.09,3.14,3.13,3.34,56.87,-29.29,-23.27,81384,Average,Average,73.33%,1.2,3.19,3.49,74%
RIVN,"Rivian Automotive Cl A","Auto - Domestic",15.29,+1.80%,2,Sell,"72% Sell",-5.12,-3.17%,15.9,16.01,15.84,15.69,44.94,-19.23,-34.97,31094678,Average,Weak,16.99%,1.18,14.79,16.59,28%
ULCC,"Frontier Group Holdings Inc","Transportation - Airline",5.85,+0.17%,3,Sell,"24% Buy",-5.26,+13.81%,6.16,6.22,5.39,5.77,47.54,-2.25,11.66,4311264,Weakest,Weak,55.89%,0.75,5.41,6.13,61%
GDOT,"Green Dot Corp","Financial Transaction Services",12.79,-1.77%,3,Sell,"24% Buy",-5.35,-12.93%,13.12,13.29,12.62,13.21,33.77,-28.99,-12.7,518050,Weakening,Weak,19.84%,1.36,12.93,13.48,-26%
MHH,"Mastech Holdings Inc","IT Services",7.215,-1.16%,2,Sell,"16% Buy",-5.43,-6.54%,7.36,7.56,6.99,7.36,44.69,-22.6,-9.17,18015,Weakest,Weak,44.33%,0.12,7.16,7.57,14%
GBTG,"Global Business Travel Group Inc","Internet - Software",9.47,+0.11%,8,Buy,"96% Buy",-5.48,+14.93%,9.42,9.45,8.15,9.47,56.32,-1.13,11.25,2459867,Average,Good,14.44%,2.77,9.45,9.49,53%
BBAR,"Bbva Banco Frances S.A.","Banks - Foreign",13.49,-1.32%,5,Sell,"88% Sell",-5.62,+32.78%,17.14,16.27,16.43,14.66,28.4,16.72,-37.89,677383,Strongest,Good,9.42%,1.24,13.67,15.64,-9%
BF.B,"Brown Forman Cl B","Beverages - Alcohol",26,-1.10%,1,Sell,"56% Sell",-5.78,-5.93%,26.76,27.26,26.75,26.5,42.98,-21.99,-12.77,4195243,Average,Weak,33.72%,0.76,25.53,27.47,24%
UNB,"Union Bankshares Inc","Banks - Northeast",23.5,+0.43%,2,Sell,"100% Sell",-6.15,-8.06%,23.99,23.96,24.01,23.71,43.61,-24.12,-13.51,12422,Strengthening,Soft,19.75%,0.34,23.36,24.06,19%
NEPH,"Nephros Inc","Medical Products",4.14,-3.50%,5,Buy,"72% Buy",-6.29,-0.24%,3.76,4.09,3.6,4.3,47.07,-16.3,-27.7,33134,Weakening,Average,23.27%,0.07,4.03,4.58,20%
TLF,"Tandy Leather Fctry","Retail - Apparel & Shoes",2.58,-1.15%,7,Hold,"56% Buy",-6.35,-14.00%,2.44,2.53,2.42,2.62,48.22,-30.06,-18.38,35435,Weakest,Weak,32.12%,0.15,2.57,2.67,9%
GFL,"Gfl Environmental Inc","Waste Removal Svcs",41.79,-0.26%,7,Buy,"72% Buy",-6.43,-10.05%,39.03,41.34,39.97,42.36,48.99,-26.11,-15.24,2320763,Average,Soft,29.41%,1.34,40.92,43.8,30%
MH,"McGraw Hill Inc",Schools,13.69,-0.44%,4,Buy,"56% Buy",-6.52,-1.08%,11.61,12.14,12.26,13.07,61.1,-17.14,-29.57,615328,Strengthening,Weak,87.68%,1.28,12.21,13.93,86%
BXSL,"Blackstone Secured Lending Fund","Finance - SBIC & Commercial",24.59,-0.08%,4,Buy,"56% Buy",-6.60,-9.16%,24.01,24.28,24.01,24.71,49.51,-25.22,-19.15,2083804,Weakening,Weak,33.33%,0.99,24.25,25.16,37%
CNNE,"Cannae Holdings Inc","Finance - Investment Mgmt",15.53,-1.65%,5,Buy,"100% Buy",-6.66,-15.28%,14.66,15.18,13.83,15.5,52.69,-31.34,-13.81,572266,Strengthening,Average,60.29%,1.28,15.03,15.97,53%
OMAB,"Grupo Aeroportuario ADR","Transportation - Services",101.06,-0.24%,2,Sell,"88% Sell",-6.67,-2.61%,104.51,103.23,107.77,99.33,51.15,-18.67,-19.63,85014,Strengthening,Average,74.59%,1.92,96.04,102.61,76%
CVGI,"Commercial Vehicle G","Auto - Truck Original Parts",3.01,-0.66%,6,Sell,"72% Sell",-6.77,+80.24%,4.27,3.55,3.92,3.08,40.44,64.18,96.49,642177,Average,Soft,28.33%,0.53,2.92,3.24,29%
MATV,"Mativ Holdings Inc","Chemical - Specialty",12.17,-0.98%,2,Buy,"72% Buy",-7.08,+6.10%,9.65,11.13,9.54,12.21,54.56,-9.96,-12.38,456229,Weakening,Good,61.01%,0.78,11.71,12.71,46%
FSS,"Federal Signal Corp","Auto - Domestic",112.78,-0.42%,2,Sell,"40% Sell",-7.26,-7.04%,117.95,119.66,116.18,115.5,39.93,-23.1,-8.68,470180,Strengthening,Weak,36.32%,0.97,111.02,119.98,20%
INKT,"Mink Therapeutics Inc","Medical - Biomedical",12.3,-0.40%,5,Buy,"56% Buy",-7.29,-14.23%,11.41,11.33,11.28,11.73,58.43,-30.29,-2.23,107685,Average,Weak,74.13%,0.88,10.92,12.54,85%
ADSE,"Ads-Tec Energy Plc","Electronic Misc Services",10.95,-0.27%,4,Sell,"40% Sell",-7.33,+7.04%,11.65,11.68,11.56,11.37,38.2,-9.02,-26.18,14038,Strengthening,Soft,16.29%,0.54,10.9,11.85,6%
OPCH,"Option Care Health Inc","Medical - Outpatient & Hm Care",22.94,-1.71%,5,Sell,"40% Sell",-7.33,-16.58%,22.22,23.39,24.48,23.84,40.9,-32.64,-40.54,2419732,Weakening,Weak,17.70%,0.64,23.04,24.65,-6%
PPHC,"Public Policy Holding Company Inc","Conglomerates - Div Operations",11.44,-2.39%,4,Hold,N/A,-7.41,N/A,10.47,10.79,11.37,11.55,50.4,N/A,N/A,N/A,N/A,N/A,42.96%,1.71,10.42,12.69,45%
CAL,"Caleres Inc","Shoes and Related Apparel",12.49,+1.05%,2,Sell,"24% Sell",-7.81,-10.40%,12.81,12.8,12.43,12.23,50.19,-26.46,-9.91,652940,Weakest,Minimum,47.24%,0.73,11.66,12.79,73%
JG,"Aurora Mobile Ltd ADR","Internet - Software",6.88,+8.35%,2,Buy,"56% Buy",-7.86,-23.13%,5.53,5.62,6.11,6.36,61.45,-39.19,-2.46,5747,Strengthening,Soft,80.70%,2.08,5.92,6.8,109%
WYFI,"Whitefiber Inc","Technology Services",20.26,+6.35%,1,Sell,"56% Sell",-7.87,-22.82%,26.34,22.4,22.65,18.73,49.95,-38.88,15.69,1679227,Weakening,Weak,71.14%,0.78,16.57,20.9,85%
BKTI,"Bk Technologies Inc","Wireless Equipment",74.87,+0.50%,1,Sell,"88% Sell",-7.91,-5.00%,80.24,76.07,82.08,72.97,52.29,-21.06,-12.16,46188,Weakening,Average,70.73%,1.5,70.66,75.27,91%
TRN,"Trinity Industries","Transportation - Equip & Lease",27.84,-0.75%,1,Sell,"88% Sell",-7.96,+0.07%,32.65,30.79,32.56,28.27,35.21,-15.99,-7.24,734612,Strengthening,Strong,31.05%,1.25,27.39,29.16,25%
LINC,"Lincoln Educational",Schools,23.88,-0.87%,3,Sell,"88% Sell",-8.05,+7.52%,40.11,31.4,39.68,24.91,28.71,-8.54,-13.66,574289,Strengthening,Strong,15.35%,0.68,23.85,25.98,2%
NRXP,"Nrx Pharmaceuticals Inc","Medical - Drugs",3.03,-4.11%,1,Sell,"24% Sell",-8.26,+1.34%,3.63,3.49,3.16,3.39,33.68,-14.72,-0.73,1035827,Average,Minimum,15.02%,0.75,3.14,3.65,-21%
AKA,"A.K.A. Brands Holding Corp","Retail - Apparel & Shoes",10.93,+0.37%,4,Sell,"56% Buy",-8.27,+11.25%,10.47,10.86,10.39,10.76,52.93,-4.81,-10.39,4650,Strengthening,Weak,58.25%,0.84,10.31,11.2,70%
KMTS,"Kestra Medical Technologies Ltd","Medical Products",25.76,+0.98%,1,Sell,"72% Buy",-8.37,+4.67%,23.58,25.14,22.85,24.95,53.59,-11.39,-15.41,344818,Average,Average,90.09%,0.89,23.22,26.68,73%
TKO,"Tko Group Holdings Cl A","Movie & TV Production & Dist",185.06,-2.13%,3,Buy,"72% Sell",-8.53,-5.48%,192.26,188.6,194.22,188.72,43.36,-21.54,-23.99,1246401,Strengthening,Average,42.67%,1.45,181.84,195.6,23%
LKFN,"Lakeland Finl Corp","Banks - Midwest",58.85,+0.84%,5,Sell,"40% Sell",-8.57,-8.62%,60.77,61.05,60.04,59.78,39.44,-24.68,-9.4,186085,Average,Weak,9.10%,1.05,58.44,61.13,15%
AXR,"Amrep Corp","Real Estate Developers",22.63,-1.22%,3,Hold,"80% Sell",-8.77,-13.66%,24.44,23.19,25.25,22.89,45.23,-29.72,7.83,9514,Strengthening,Average,50.66%,1.27,22.49,23.29,17%
ALLE,"Allegion Plc","Protection - Safety",152.48,-1.04%,1,Sell,"24% Buy",-9.06,-13.04%,144.9,156.67,145.64,154.25,44.39,-29.1,-16.77,1080484,Weakest,Weak,36.02%,0.73,149.86,158.64,30%
AFRM,"Affirm Holdings Inc Cl A","Internet - Software",71.57,+5.11%,2,Sell,"8% Buy",-9.12,-12.22%,73.09,73.96,66.06,72.05,48.03,-28.28,-16.38,5255312,Weakest,Weak,46.92%,1.37,66.83,77.28,45%
SSP,"E.W. Scripps Company","Broadcast - Radio & TV",2.87,-4.97%,4,Sell,"88% Sell",-9.15,-0.35%,3.24,3.15,3.53,3.16,35.52,-16.41,-40.61,688169,Strengthening,Average,14.59%,0.92,2.94,3.38,-15%
STRR,"Star Equity Holdings Inc","Conglomerates - Div Operations",10.17,-1.50%,5,Sell,"56% Sell",-9.70,-12.40%,10.65,10.56,10.36,10.25,47.27,-28.46,-22.14,6944,Weakening,Weak,62.44%,0.89,9.82,10.69,40%
BCO,"Brink's Company","Financial Transaction Services",105.85,+0.85%,2,Sell,"40% Sell",-10.29,-9.02%,107.67,112.65,108.65,108.06,42.77,-25.08,-21.86,447871,Average,Weak,20.07%,0.59,104.39,111.73,20%
BWMN,"Bowman Consulting Group Ltd","Business Services",42.56,0.00%,5,Buy,"100% Buy",-10.34,-0.02%,34.03,37.06,32.82,42.52,80.58,-16.08,16.35,198693,Average,Maximum,25.33%,0.48,42.39,42.65,66%
SRI,"Stoneridge Inc","Electronics - Misc Components",6.81,-2.71%,4,Sell,"40% Sell",-10.36,-15.19%,7.2,7.17,6.93,7.14,40.93,-31.25,5.08,204073,Strengthening,Minimum,31.72%,1.52,6.86,7.41,-10%
RGCO,"Rgc Resources Inc","Oil - Refining and Marketing",20.78,+0.63%,2,Sell,"88% Sell",-10.41,-8.54%,22.73,21.94,22.52,21.44,37.32,-24.6,-14.98,12859,Strongest,Good,8.66%,0.67,20.82,22.06,-3%
TUSK,"Mammoth Energy Services Inc","Oil - Field Services",2.94,+0.68%,4,Hold,"32% Buy",-10.46,+19.51%,3.05,3.02,2.85,3.1,42.17,3.45,46.38,287539,Weakest,Weak,32.65%,0.55,2.94,3.26,0%
ZKH,"Zkh Group Limited ADR","Internet - Services",2.86,+1.78%,2,Sell,"48% Sell",-10.48,-0.35%,2.83,2.91,2.95,2.91,47.3,-16.41,-34.82,174432,Weakening,Weak,41.45%,0.52,2.81,3,24%
WWW,"Wolverine World Wide","Shoes and Related Apparel",19.3,+0.99%,2,Buy,"64% Buy",-10.91,-31.92%,18.2,19.58,17.82,19.58,48.1,-47.98,-6.2,1146150,Weakening,Soft,28.06%,0.93,18.71,20.45,34%
NUCL,"Eagle Nuclear Energy Corp","Other Alt Energy",6.11,-1.77%,1,Sell,N/A,-10.97,N/A,8.11,6.62,0,6.5,37.92,N/A,N/A,N/A,N/A,N/A,39.63%,0.5,5.86,7.13,20%
CREX,"Creative Realities Inc","Internet - Software",2.52,-0.79%,3,Sell,"88% Sell",-11.49,+2.02%,3.37,2.95,3.46,2.71,37.58,-14.04,-15.99,45501,Strongest,Maximum,12.13%,0.96,2.47,2.95,10%
TATT,"T A T Tech Ltd","Aerospace - Defense Equipment",37.39,-2.04%,4,Sell,"100% Sell",-11.59,-7.45%,40.28,39.18,42.46,37.97,44.01,-23.51,-28.82,181654,Strongest,Average,29.64%,0.83,35.96,39.99,36%
CRNT,"Ceragon Networks Ltd","Wireless Non-US",2.13,-2.74%,4,Hold,"56% Sell",-12.10,-13.77%,2.39,2.13,2.37,2.08,52.15,-29.83,-11.11,545308,Weakening,Average,78.18%,0.58,1.99,2.17,79%
TBCH,"Turtle Beach Corp","Computers - Peripheral Equpt",12.77,0.00%,2,Sell,"64% Buy",-12.17,-17.88%,12.53,12.63,12.21,12.53,53.02,-33.94,-21.52,299774,Average,Weak,81.45%,0.74,11.96,13.1,71%
IIIN,"Insteel Industries","Steel - Specialty",29.13,-1.35%,7,Sell,"56% Sell",-12.31,-24.57%,29.63,31.11,30.55,30.23,36.9,-40.63,-20.56,223068,Strengthening,Weak,20.00%,0.69,29.22,31.25,-4%
LMAT,"Lemaitre Vascular","Medical Products",80.82,+0.30%,5,Sell,"88% Sell",-12.46,-7.95%,92.24,86.46,97.82,80.21,46.06,-24.01,-12.89,270168,Average,Strong,59.26%,0.93,78.69,81.73,70%
NXT,"Nextpower Inc",Solar,79.97,-2.25%,2,Sell,"88% Sell",-12.60,+9.91%,108.08,91.59,110.25,82.72,40.08,-6.15,-20.74,2359843,Strongest,Strong,42.51%,0.74,77.97,87.48,21%
PRDO,"Perdoceo Education Corp",Schools,31.68,+0.76%,4,Sell,"72% Sell",-12.62,-11.68%,33.19,32.42,33.81,32.82,39.79,-27.74,-4.53,650242,Strengthening,Average,16.78%,0.88,31.5,34.14,7%
UTSI,"Utstarcom Holdings C","Communications Components",2.25,-3.85%,5,Hold,"80% Sell",-12.70,-9.27%,2.5,2.38,2.48,2.29,46.49,-25.33,-23.96,105976,Strengthening,Average,65.81%,0.25,2.13,2.45,37%
XLO,"Xilio Therapeutics Inc","Medical - Biomedical",9,+0.67%,3,Sell,"56% Buy",-12.73,-16.07%,8.77,9.02,8.52,8.98,49.04,-32.13,-12.12,35717,Weakening,Weak,26.55%,0.92,8.85,9.11,59%
WAL,"Western Alliance Bancorp","Banks - West",76.26,+0.87%,5,Sell,"72% Sell",-12.75,-14.33%,80.21,80.42,78.85,78.71,37.79,-30.39,-21.83,1150219,Strengthening,Soft,16.52%,0.86,76.09,81.32,3%
JLHL,"Julong Holding Limited Cl A","Building & Construction - Misc",5.79,+2.84%,2,Sell,"88% Sell",-12.97,+42.96%,13.49,6.7,11.27,5.89,43.61,26.9,31.13,979962,Average,Soft,27.63%,0.06,5.22,6.56,42%
MLP,"Maui Land & Pineapple Company","Real Estate Operations",16.06,-0.93%,5,Sell,"88% Sell",-13.10,-16.27%,16.68,16.42,16.45,16.09,47.85,-32.33,-17.73,18440,Strengthening,Soft,56.78%,0.75,15.71,16.47,46%
TSLA,"Tesla Inc","Auto - Domestic",377.94,-0.57%,5,Buy,"40% Sell",-13.24,-14.65%,379.31,348.63,380.78,364.82,59.14,-30.71,-28.5,54188555,Weakening,Weak,80.53%,0.68,346.71,382.93,86%
HUN,"Huntsman Corp","Chemical - Diversified",8.79,-3.41%,6,Sell,"100% Sell",-13.53,-7.18%,11.8,10.26,12.13,9.35,33.12,-23.24,-24.64,5284039,Strongest,Strong,18.00%,0.71,8.79,9.91,0%
SMA,"Smartstop Self Storage REIT Inc","REIT - Equity Trust Other",31.25,-1.36%,2,Sell,"24% Sell",-13.56,-14.27%,32.69,33.48,32.44,32.4,31.46,-30.33,-11.54,782135,Average,Weak,19.69%,0.76,31.45,33.36,-10%
FN,Fabrinet,"Electronics - Misc Components",398.36,-0.62%,3,Sell,"100% Sell",-13.57,+8.65%,532.85,455.99,552.41,401.86,42.96,-7.41,-25.04,821086,Strongest,Strong,49.82%,0.67,374.25,429.46,44%
SHEN,"Shenandoah Telecom","Diversified Comm Services",11.99,-0.83%,4,Sell,"88% Sell",-13.63,-9.24%,13.73,12.26,14.16,12.08,46.66,-25.3,-8.82,429669,Strongest,Good,59.75%,1.11,11.39,12.76,44%
AMT,"American Tower Corp","REIT - Equity Trust Other",167.26,-2.06%,2,Sell,"88% Sell",-13.76,-13.31%,175.67,173.07,177.19,174.96,36.39,-29.37,-17.27,3097243,Strengthening,Average,17.52%,1.23,170.02,179.89,-28%
TMDX,"Transmedics Group Inc","Medical Instruments",83.9,-3.56%,1,Hold,"32% Sell",-13.97,-28.55%,77.9,84.18,91.05,86.56,45.05,-44.61,-43.57,992735,Weakening,Weak,62.00%,0.75,81.93,91.2,21%
MED,"Medifast Inc","Food - Misc & Diversified",11.92,-0.25%,4,Buy,"72% Buy",-14.20,-13.81%,11.63,11.49,11.23,12.13,49.58,-29.87,-0.93,225361,Weakening,Soft,21.63%,0.51,11.68,12.59,27%
PSBD,"Palmer Square Capital Bdc Inc","Finance - SBIC & Commercial",10.3,-0.68%,4,Buy,"56% Sell",-14.23,-22.73%,10.41,10.15,10.47,10.31,50.36,-38.79,-28.04,116665,Weakening,Weak,41.33%,2.21,10.15,10.47,48%
JYNT,"The Joint Corp","Medical - HMO",8.29,-0.60%,5,Hold,"96% Sell",-14.30,-16.26%,8.63,8.42,8.66,8.32,47.2,-32.32,-17.47,82443,Strongest,Average,59.18%,0.63,7.97,8.67,46%
ELVA,"Electrovaya Inc","Electronics Products - Misc",6.39,-0.93%,5,Sell,"88% Sell",-14.67,-14.11%,8.87,7.57,8.69,6.6,41.26,-30.17,-31.65,673821,Strongest,Good,38.48%,0.44,6.14,7.06,27%
ITRG,"Integra Resources Corp","Mining - Misc",2.71,-2.87%,3,Buy,"8% Sell",-14.95,-4.58%,2.54,2.58,2.76,2.79,48.44,-20.64,-44.96,2768659,Weakest,Minimum,60.44%,0.6,2.65,2.93,20%
VTEX,"Vtex Cl A","Internet - Software",3.6,-0.28%,5,Sell,"40% Sell",-14.95,-20.35%,3.8,3.85,3.82,3.61,42.97,-36.41,-16.8,1148552,Weakening,Weak,49.28%,0.6,3.52,3.69,47%
CAE,"Cae Inc","Aerospace - Defense Equipment",24.62,+0.86%,2,Sell,"88% Sell",-15.13,-14.60%,25.36,25.17,26.04,24.18,50.52,-30.66,-31.61,783029,Weakening,Good,82.77%,1.36,23.44,24.92,80%
BANF,"Bancfirst Corp","Banks - Southwest",107.35,+0.35%,3,Sell,"40% Sell",-15.37,-18.06%,112.31,112.57,111.82,109.94,36.83,-34.12,-11.29,144444,Strengthening,Soft,8.71%,0.96,106.79,113.1,9%
ORN,"Orion Group Holdings Inc","Building - Heavy Construction",8.52,-5.33%,3,Sell,"88% Sell",-16.78,-1.39%,12.37,10.03,12.2,9.14,32.19,-17.45,-26.83,412524,Strongest,Strong,19.11%,1.72,8.69,9.58,-19%
AMRN,"Amarin Corp ADR","Medical - Biomedical",13.43,-2.11%,2,Sell,"100% Sell",-16.80,-13.02%,14.48,13.98,14.55,13.85,39.83,-29.08,-16.3,78231,Strongest,Good,36.79%,0.75,13.39,14.31,5%
ACIU,"AC Immune S.A.","Medical - Biomedical",2.66,-6.01%,3,Buy,"24% Sell",-17.16,-2.56%,2.56,2.55,2.69,2.72,48.98,-18.62,-27.83,393128,Weakening,Minimum,40.67%,1.34,2.56,2.89,31%
PAC,"Grupo Aeroportuario Del Pacifico ADR","Transportation - Services",211.41,+1.93%,2,Sell,"72% Sell",-17.42,-14.11%,226.81,211.36,233.92,205.99,55.14,-30.17,-32.35,118519,Weakest,Strong,75.09%,1.07,198.76,213.21,88%
IMDX,"Insight Molecular Diagnostics Inc","Medical Information Systems",3.95,+1.02%,1,Sell,"100% Sell",-17.53,+20.61%,4.96,4.37,4.73,4.03,45.27,4.55,-59.87,214884,Strongest,Average,60.88%,1.38,3.72,4.34,37%
GEG,"Great Elm Group Inc","Conglomerates - Div Operations",2.15,-0.92%,6,Hold,"32% Sell",-18.11,-19.17%,2.2,2.17,2.14,2.18,44.6,-35.23,-28.23,25180,Weakest,Minimum,16.67%,0.83,2.13,2.23,21%
ATHM,"Autohome Inc ADR","Internet - Services",21.3,-0.23%,4,Sell,"24% Buy",-18.12,-27.38%,20.19,22.06,19.64,21.67,44.44,-43.44,-16.85,695398,Weakest,Weak,38.15%,0.42,20.77,22.57,29%
ALTG,"Alta Equipment Group Inc","Machinery - General Industrial",5.82,-3.16%,2,Sell,"72% Sell",-18.15,-21.14%,6.54,6.41,6.5,5.95,42.93,-37.2,13.98,233572,Strengthening,Soft,57.74%,1.02,5.64,6.27,29%
CYH,"Community Health Systems","Medical - Hospitals",2.88,-4.32%,5,Hold,"96% Sell",-18.29,-10.00%,3,2.94,3.04,2.92,45.28,-26.06,-20.23,1597046,Strongest,Average,67.44%,0.7,2.84,3.01,25%
PMN,"Promis Neurosciences Inc","Medical - Biomedical",11.57,-10.59%,1,Sell,"24% Sell",-18.40,+11.63%,12.49,13.86,13.59,13.29,36.81,-4.43,56.98,92932,Strengthening,Weak,27.23%,0.56,12.03,14.54,-18%
AUNA,"Auna Sa Cl A","Medical Services",5.09,-1.17%,2,Hold,"16% Buy",-18.43,-23.23%,5.03,5.2,5.16,5.18,44.42,-39.29,-9.08,304822,Weakest,Minimum,35.32%,0.4,5.04,5.32,17%
NSSC,"Napco Sec Tech Inc","Protection - Safety",35.68,-0.78%,1,Sell,"100% Sell",-18.84,-17.83%,37.15,37.02,39.23,36.01,43.21,-33.89,-26.98,476519,Strengthening,Average,28.73%,0.97,34.95,37.07,35%
TDOC,"Teladoc Health Inc","Medical Services",6.14,+0.16%,6,Sell,"56% Sell",-19.03,-26.90%,7.33,7.03,6.69,6.31,40.15,-42.96,-24.83,5079559,Average,Weak,28.31%,0.68,6.03,6.59,19%
GDDY,"Godaddy Inc","Internet Services - Delivery",100.81,+4.60%,6,Buy,"88% Buy",-19.16,-29.64%,90.84,96.27,88.87,99.13,53.28,-45.7,-31.29,2241952,Strongest,Average,42.81%,4.2,92.7,105.56,63%
PSEC,"Prospect Capital Corp","Finance - Investment Mgmt",2.18,+0.46%,1,Hold,"96% Sell",-19.30,-16.48%,2.27,2.23,2.41,2.21,44.95,-32.54,-28.37,4780327,Strengthening,Average,25.15%,1.03,2.15,2.27,25%
MKTX,"Marketaxess Holdings","Finance - Investment Brokers",163.77,+0.04%,11,Buy,"72% Buy",-19.37,-8.53%,139.92,153.56,151.14,163.18,81.32,-24.59,-22.18,748622,Strengthening,Soft,76.77%,0.62,162.48,163.88,92%
REFI,"Chicago Atlantic Real Estate Finance Inc","Finance - Misc Services",10.61,-0.75%,9,Buy,"56% Sell",-19.67,-20.41%,10.86,10.51,11.23,10.83,44.85,-36.47,-26.,165787,Average,Average,12.53%,0.6,10.57,11.09,8%
BUDA,"Buda Juice Inc","Beverages - Soft",7.5,-0.66%,2,Sell,N/A,-19.83,N/A,8.66,8.33,8.96,7.9,41.32,N/A,N/A,N/A,N/A,N/A,16.97%,0.3,7.28,8.52,18%
BEEP,"Mobile Infrastructure Corp","Real Estate Operations",2.86,+0.70%,3,Buy,"72% Buy",-19.86,-22.91%,2.19,2.51,2.26,2.9,56.78,-38.97,-0.38,54613,Strengthening,Good,64.49%,0.28,2.75,3.05,36%
UTZ,"Utz Brands Inc","Food - Misc & Diversified",14.24,+0.07%,4,Buy,"100% Buy",-20.19,+14.56%,10.6,13.76,9.73,14.23,71.46,-1.5,24.65,2349449,Strengthening,Strong,32.48%,0.18,14.18,14.28,62%
RERE,"Aihuishou International Ltd ADR","Technology Services",3.93,-1.26%,6,Sell,"100% Sell",-20.24,-16.03%,4.2,4.14,4.49,4.02,41.93,-32.09,-38.39,1151771,Strengthening,Average,24.05%,0.49,3.84,4.21,25%
SLVM,"Sylvamo Corp","Paper & Related Products",35.96,-1.86%,2,Sell,"88% Sell",-20.52,-15.90%,38.23,37.15,39.74,35.8,47.57,-31.96,-37.86,333082,Average,Good,73.61%,1.49,34.53,37.07,56%
NVR,"NVR Inc","Building - Residential & Comm",6235.4902,-0.10%,2,Sell,"88% Sell",-20.58,-22.41%,6285.75,6311.69,6446.83,6252.34,48.39,-38.47,-27.04,29376,Strengthening,Average,56.78%,1.06,6080.63,6424.05,45%
GNTX,"Gentex Corp","Auto - Truck Original Parts",22.04,-0.63%,2,Sell,"80% Sell",-20.76,-22.09%,23.77,23.28,23.27,22.53,36.53,-38.15,-17.83,2318923,Strongest,Average,15.44%,0.8,21.9,23.16,11%
GILT,"Gilat Satellite Ntwk","Satellite Communication",10.02,+0.40%,3,Sell,"88% Sell",-21.07,-14.58%,12.77,10.61,14.19,9.95,45.86,-30.64,-35.11,773086,Weakening,Strong,57.58%,0.57,9.55,10.34,59%
FIZZ,"Natl Beverage Corp","Beverages - Soft",29.87,-2.54%,2,Sell,"100% Sell",-21.29,-18.63%,33.14,31.64,33.68,31.54,35.88,-34.69,-18.87,350595,Strongest,Good,41.71%,1.39,30.15,32.92,-10%
AIRI,"Air Industries Group Inc","Aerospace - Defense",2.57,-2.28%,3,Buy,"72% Sell",-21.31,-16.01%,2.8,2.61,2.95,2.63,45.85,-32.07,-28.83,84601,Average,Strong,49.98%,0.07,2.54,2.73,17%
XZO,"Exzeo Group Inc","Insurance - Proprty & Casualty",15.65,+2.22%,1,Hold,Hold,-21.36,N/A,15.45,16.18,15.5,16.36,43.07,N/A,-48.,213465,Bearish,,29.92%,1.2,15.55,17.18,6%
INSM,"Insmed Inc","Medical - Biomedical",121.55,+2.71%,3,Hold,"16% Sell",-21.40,-13.79%,113.31,119.03,124.64,123.34,49.01,-29.85,-42.7,3022049,Weakest,Minimum,21.77%,0.91,116.77,129.9,36%
NAVI,"Navient Corp","Finance - Consumer Loans",9.3,+1.53%,5,Hold,"32% Buy",-21.47,-28.41%,8.71,9.14,8.65,9.5,48.28,-44.47,-41.,1116851,Weakening,Weak,23.08%,1.49,9.06,9.93,27%
SPCB,"Supercom Ltd","Protection - Safety",9.47,-1.25%,1,Sell,"40% Sell",-21.62,-26.70%,10.73,10.47,9.97,9.93,34.71,-42.76,-7.9,76898,Strengthening,Minimum,17.83%,0.48,9.45,10.4,2%
OSIS,"O S I Systems Inc","Electronics - Misc Components",201.3,-0.84%,3,Sell,"100% Sell",-21.68,-11.56%,216.71,213.77,239.37,203.33,42.43,-27.62,-33.62,270289,Average,Strong,48.55%,0.54,196.21,210.45,36%
WRBY,"Warby Parker Inc Cl A","Consumer Prdts - Misc Staple",26.27,+12.51%,2,Sell,"24% Buy",-21.71,-6.84%,25.96,25.46,25.08,24.25,57.25,-22.9,8.02,3355896,Weakest,Minimum,41.54%,3.02,22.43,26.08,105%
GXO,"Gxo Logistics Inc","Transportation - Air Freight",44.17,-2.34%,3,Sell,"100% Sell",-22.00,-13.32%,49.03,48.4,51.39,46.41,36.55,-29.38,-28.63,1341068,"Top 1%",Strong,13.50%,1.26,44.42,48.4,-6%
SGRY,"Surgery Partners CS","Medical Services",14.2,-2.47%,4,Hold,"16% Sell",-22.05,-35.10%,14.75,14.75,14.31,14.08,49.33,-51.16,-20.63,1760868,Weakest,Minimum,64.33%,0.87,13.03,15.12,56%
WSO,"Watsco Inc","Machinery - General Industrial",320.21,-1.59%,7,Hold,"80% Sell",-22.05,-18.03%,358.92,324.72,372.38,313.17,52.24,-34.09,-17.51,446555,Strengthening,Strong,81.97%,0.76,301.31,325.02,80%
ASTS,"Ast Spacemobile Inc","Wireless Equipment",61.06,+1.80%,3,Sell,"88% Sell",-22.18,+12.04%,74.3,62.66,78.34,60.77,48.11,-4.02,-28.47,16612744,Strengthening,Good,43.37%,0.72,56.27,65.27,53%
ALK,"Alaska Air Group","Transportation - Airline",40.03,+0.83%,2,Sell,"88% Sell",-22.36,-24.33%,44.56,44.06,43.66,40.92,41.71,-40.39,-32.96,3519005,Strongest,Average,35.62%,1.41,39.21,42.63,24%
RMTI,"Rockwell Medical IN","Medical Products",8.57,0.00%,4,Buy,"40% Buy",-22.61,-31.98%,7.24,7.53,7.91,8.12,63.36,-48.04,-9.72,42384,Weakening,Weak,85.49%,0.56,7.5,8.74,86%
MDXG,"Mimedx Group Inc","Medical - Biomedical",4.71,-1.26%,8,Buy,"72% Buy",-23.08,-33.57%,4.09,4.42,4.1,4.65,56.25,-49.63,-42.97,1250863,Average,Weak,71.98%,0.81,4.4,4.89,63%
JL,"J-Long Group Limited","Textile - Apparel",4.85,+3.63%,3,Sell,"72% Sell",-23.21,-28.47%,5.68,5.12,5.69,4.74,51.11,-44.53,-33.24,36807,Weakening,Average,64.17%,0.24,4.41,5.07,67%
ASTE,"Astec Inds Inc","Machinery - Construct & Mining",40.59,-1.91%,4,Sell,"100% Sell",-23.26,-14.71%,49.75,45.78,52.38,41.99,36.65,-30.77,-18.84,221988,Strongest,Strong,34.19%,0.93,39.93,44.05,16%
AMBA,"Ambarella Inc","Electronics - Semiconductors",69.86,+3.31%,4,Sell,"8% Sell",-23.31,-17.50%,73.28,71.77,68.06,66.9,52.12,-33.56,-13.92,1290886,Weakest,Minimum,76.68%,1.03,61.79,72.01,79%
DAIO,"Data I O Corp","Electronics - Misc Components",2.88,+0.70%,3,Sell,"72% Sell",-23.48,-13.51%,3.24,2.96,3.02,2.83,49.58,-29.57,-21.69,46505,Average,Weak,49.03%,0.26,2.71,2.96,68%
RDW,"Redwire Corp","Aerospace - Defense",11.6,+2.93%,3,Buy,"8% Buy",-23.86,+24.06%,12.5,10.85,11.46,10.91,54.03,8,40.09,25686225,Weakest,Minimum,79.19%,0.97,10.01,11.82,88%
AMTM,"Amentum Holdings Inc","Engineering & R&D Services",19.4,-1.57%,2,Sell,"100% Sell",-24.03,-14.12%,21.76,21.13,23.75,19.88,40.61,-30.18,-45.64,2041011,Strongest,Strong,33.05%,0.48,19.27,20.48,11%
OFLX,"Omega Flex Inc","Steel - Pipe & Tube",25.17,-1.14%,1,Sell,"100% Sell",-24.10,-24.51%,29.03,28.03,30.13,26.09,36.17,-40.57,-27.04,42983,"Top 1%",Strong,28.20%,0.71,25.05,27.12,6%
OPXS,"Optex Systems Hlds","Aerospace - Defense Equipment",10.45,+0.48%,1,Sell,"88% Sell",-24.18,-20.59%,11.56,11.02,11.81,10.32,46.45,-36.65,-38.84,44952,Average,Average,59.33%,0.19,9.94,10.69,68%
OEC,"Orion S.A.","Chemical - Specialty",6.02,+0.17%,4,Sell,"56% Sell",-24.59,-24.47%,6.69,6.39,6.49,5.97,48.86,-40.53,1.48,599899,Weakening,Weak,59.45%,1.07,5.61,6.33,57%
GNLX,"Genelux Corp","Medical - Biomedical",2.43,-3.38%,2,Sell,"100% Sell",-24.60,-44.39%,2.82,2.69,2.76,2.54,41.84,-60.45,-56.81,226450,Strongest,Soft,49.60%,0.52,2.33,2.75,24%
AI,"C3.Ai Inc Cl A","IT Services",10.76,-0.92%,6,Buy,"72% Buy",-24.63,-40.68%,9.83,9.97,9.51,10.64,54.78,-56.74,-32.72,5930438,Average,Weak,58.05%,0.56,10.2,11.08,63%
CHNR,"China Natural Res","Mining - Misc",3.82,+0.26%,1,Sell,"88% Sell",-24.79,-16.23%,3.98,3.91,3.95,3.88,46.68,-32.29,-6.28,263265,Average,Weak,29.97%,0.28,3.66,4.1,36%
WAVE,"Eco Wave Power Global Ab ADR","Other Alt Energy",6.09,+5.91%,1,Sell,"56% Sell",-24.85,-29.92%,7.76,6.83,7.21,5.98,47.39,-45.98,-8.25,32418,Average,Average,56.36%,1.07,5.34,6.61,59%
ASIX,"Advansix Inc","Chemical - Specialty",15.75,-4.72%,5,Sell,"88% Sell",-24.92,-19.68%,19.75,17.94,20.46,16.69,36.9,-35.74,-21.5,383005,Strongest,Strong,23.38%,0.97,15.86,17.52,-7%
CRNC,"Cerence Inc","IT Services",7.93,-1.73%,6,Sell,"88% Sell",-24.98,-31.99%,9.54,8.45,8.9,8.25,43.81,-48.05,-38.36,877727,Strengthening,Average,37.59%,0.71,7.78,8.71,16%
LOPE,"Grand Canyon Educati",Schools,151.19,+0.37%,6,Hold,"16% Sell",-25.11,-28.40%,150.17,148.02,155.54,151.14,52.35,-44.46,-21.63,317412,Weakening,Weak,31.96%,0.94,147.76,154.52,51%
BBSI,"Barrett Business S",Outsourcing,31.6,-3.10%,4,Sell,"40% Sell",-25.45,-29.78%,34.29,35.2,32.62,33.36,35.87,-45.84,-25.27,231510,Average,Weak,36.04%,2.58,31.91,34.81,-11%
EPM,"Evolution Petroleum Corp","Oil - US Exploration & Product",3.63,+0.83%,8,Buy,"80% Sell",-25.74,-28.54%,3.93,3.68,4.13,3.68,48.03,-44.6,-10.,448146,Weakening,Average,25.97%,0.88,3.54,3.82,32%
ACIC,"American Coastal Insurance Corp","Insurance - Proprty & Casualty",9.07,-0.44%,2,Sell,"100% Sell",-26.00,-19.73%,10.28,9.78,10.68,9.31,34.02,-35.79,-40.73,248759,Strongest,Maximum,15.21%,1.77,9.02,9.59,8%
YALA,"Yalla Group Ltd ADR","Internet - Software",5.51,+0.92%,2,Buy,"40% Sell",-26.02,-27.31%,5.64,5.45,5.98,5.48,51.99,-43.37,-33.15,306106,Weakening,Average,61.90%,0.57,5.4,5.57,66%
ARLO,"Arlo Technologies Inc","Internet - Software",13.02,-4.69%,5,Sell,"56% Sell",-26.31,-23.64%,13.44,13.7,13.63,13.31,44.41,-39.7,-19.47,1334126,Average,Weak,36.55%,1.39,12.59,14.04,30%
CRTO,"Criteo S.A. ADR","Internet Software Services",16.56,+0.06%,6,Sell,"72% Sell",-26.43,-26.20%,18.49,18.64,18.46,17.29,36.94,-42.26,-32.19,440639,Strengthening,Soft,18.71%,0.57,16.34,18.23,11%
BXC,"Bluelinx Holdings Inc","Building Products - Wood",73.82,-7.51%,2,Hold,"64% Buy",-26.46,+0.24%,64.28,74.79,61.63,78.05,43.98,-15.82,7.63,129275,Weakening,Good,59.78%,1.66,72.79,83.31,10%
CSBR,"Champions Oncolog","Medical - Drugs",4.95,-1.39%,6,Hold,"96% Sell",-26.46,-23.26%,5.65,5.27,5.74,5.07,44.26,-39.32,-40.9,10245,Strongest,Strong,47.30%,0.34,4.79,5.35,29%
TOYO,"Toyo Co. Ltd",Solar,4.35,+0.23%,2,Sell,"100% Sell",-26.68,-25.64%,8.12,4.83,8.61,4.36,41.64,-41.7,-38.31,433839,Strengthening,Strong,44.19%,0.37,4.17,4.56,47%
SERA,"Sera Prognostics Inc Cl A","Medical Services",2.11,+2.43%,1,Buy,"24% Buy",-26.75,-31.72%,2,2.06,2.02,2.05,55.26,-47.78,-41.01,50051,Weakest,Minimum,58.28%,0.18,1.96,2.14,83%
RYN,"Rayonier Inc REIT","Building Products - Wood",19.06,-4.03%,2,Sell,"72% Sell",-26.90,-27.22%,20.98,21.02,20.99,20.24,28.67,-43.28,-24.5,2829864,Strongest,Good,16.12%,1.62,19.54,20.94,-35%
HWKN,"Hawkins Inc","Chemical - Specialty",126.62,+2.12%,7,Sell,"88% Sell",-27.34,-24.87%,141.52,128.74,144.71,123.81,53.08,-40.93,-23.41,167688,Weakening,Strong,53.71%,0.64,117.86,129.76,74%
INFQ,"Infleqtion Inc","Computer - Integrated Systems",14.3,+3.40%,4,Buy,"40% Buy",-27.44,+5.93%,12.83,12.05,12.52,13.27,59.73,-10.13,-20.87,8936276,Strengthening,Weak,69.98%,1.14,12.11,14.43,94%
CLBT,"Cellebrite Di Ltd","Internet - Software",11.37,-1.13%,4,Sell,"100% Sell",-27.48,-38.41%,13.42,12.93,13.47,11.62,42.23,-54.47,-49.48,2191895,Strengthening,Strong,49.57%,0.39,11.07,12.17,27%
SNAP,"Snap Inc","Internet - Software",5.43,+2.65%,4,Hold,Hold,-27.59,-33.94%,5.27,5.25,5.22,5.55,48.83,-50.,-45.25,45204699,Bearish,,29.17%,0.74,5.22,5.88,32%
KROS,"Keros Therapeutics Inc","Medical - Biomedical",11.55,-0.69%,3,Buy,"8% Buy",-27.85,-26.67%,10.9,10.83,11.26,11.24,56.31,-42.73,-55.81,341044,Weakest,Minimum,69.38%,1.46,10.8,11.69,85%
IPGP,"Ipg Photonics Corp","Lasers - Systems & Components",77.42,+0.31%,7,Sell,"88% Sell",-28.04,-2.30%,96.81,83.01,105.12,77.22,46.13,-18.36,-4.41,498109,Average,Good,43.45%,0.92,74.25,80.19,53%
KRMD,"Koru Medical Systems Inc","Medical Information Systems",3.27,0.00%,6,Sell,"88% Sell",-28.49,-17.22%,3.81,3.51,4,3.22,46.24,-33.28,-56.26,185117,Average,Average,64.74%,1.45,3.11,3.33,71%
MMLP,"Martin Midstrm LP","Transportation - Ship",2.23,+0.67%,2,Sell,"100% Sell",-28.93,-28.53%,2.4,2.33,2.5,2.24,47.64,-44.59,-27.1,21824,Average,Strong,38.55%,3.14,2.11,2.38,45%
CHKP,"Check Point Software",Security,136.29,-3.45%,5,Buy,"24% Buy",-29.38,-32.97%,130.16,132.51,135.53,135.76,52.31,-49.03,-39.09,1300329,Weakening,Minimum,72.05%,0.57,130.39,141.12,55%
EVAX,"Evaxion A/S ADR","Medical Information Systems",3.26,-0.61%,1,Buy,"40% Sell",-30.49,-1.21%,3.39,3.09,3.54,3.14,55.68,-17.27,-44.2,97577,Weakest,Weak,78.89%,0.15,2.94,3.34,80%
AIRJ,"Airjoule Technologies Corp","Technology Services",4.05,-2.17%,1,Sell,"8% Sell",-30.63,-20.28%,4.55,4.74,4.08,4.35,36.11,-36.34,-9.75,982792,Weakening,Weak,31.02%,0.51,3.96,4.74,11%
AAP,"Advance Auto Parts Inc","Retail - Wholesale Auto Parts",41.43,+0.80%,3,Sell,"88% Sell",-31.08,-32.14%,53.18,49.47,53.4,42.81,38.38,-48.2,-7.12,1905583,Average,Strong,18.69%,0.85,40.71,44.92,17%
AZ,"A2Z Cust2Mate Solutions Corp","Internet - Software",5.68,-1.22%,1,Sell,"100% Sell",-31.08,-32.38%,6.19,6.16,6.34,5.93,41.88,-48.44,-25.29,440069,Strongest,Average,53.03%,0.46,5.37,6.5,28%
AZO,Autozone,"Retail - Wholesale Auto Parts",2861.75,+0.65%,1,Sell,"100% Sell",-31.30,-31.49%,3081.13,2981.84,3236.81,2906.78,44.1,-47.55,-28.16,256522,Average,Strong,41.05%,1.8,2796.61,3016.94,30%
RDCM,"Radcom Ltd","Computer - Networks",10.3,0.00%,4,Hold,"80% Sell",-31.33,-31.20%,12.54,10.81,12.46,10.18,47.47,-47.26,-33.79,139100,Strengthening,Strong,41.69%,0.18,9.77,10.58,65%
NABL,"N-Able Inc","Technology Services",4.02,-3.13%,4,Sell,"40% Sell",-32.02,-50.74%,3.95,4.06,4.25,3.97,51.58,-66.8,-58.8,1893384,Weakening,Weak,82.40%,0.75,3.74,4.21,60%
FSI,"Flexible Solutions International Inc","Chemical - Specialty",5.8,-0.34%,4,Buy,"48% Sell",-32.18,-41.47%,5.89,5.46,5.82,5.8,54.89,-57.53,-26.29,23569,Average,Weak,64.82%,0.16,5.64,5.97,49%
ACHR,"Archer Aviation Inc","Aerospace - Defense",5.71,0.00%,1,Hold,"32% Sell",-32.28,-41.19%,5.62,5.57,5.76,5.59,52.23,-57.25,-36.61,36098887,Weakest,Weak,71.58%,0.86,5.23,5.96,66%
LFWD,"Lifeward Ltd","Medical Services",6.97,-0.57%,3,Sell,"40% Sell",-32.29,-28.58%,7.25,7.29,7.05,7.15,43.39,-44.64,-11.81,16154,Weakening,Weak,32.29%,1.29,6.73,7.57,28%
OFRM,"Once Upon A Farm Pbc","Food - Misc & Diversified",16.5,+1.98%,2,Sell,N/A,-32.60,N/A,17.09,16.82,17.38,16.8,46.55,N/A,N/A,N/A,N/A,N/A,40.47%,0.59,15.76,17.83,36%
RWAY,"Runway Growth Finance Corp","Finance - SBIC & Commercial",6.73,-0.15%,5,Buy,"24% Buy",-32.80,-34.34%,6.17,6.32,6.47,6.64,59.13,-50.4,-37.18,540153,Weakening,Minimum,77.04%,0.67,6.5,6.77,85%
SUNS,"Sunrise Realty Trust","Real Estate Operations",7.23,-1.63%,4,Sell,"100% Sell",-32.92,-33.36%,7.94,7.67,8.07,7.42,40.23,-49.42,-35.87,97694,Strongest,Strong,39.36%,1.13,7.22,7.63,3%
BRAI,"Braiin Limited","IT Services",5.53,-1.60%,2,Hold,N/A,-32.97,N/A,6.55,5.59,6.81,5.56,47.87,N/A,N/A,N/A,N/A,N/A,53.81%,0.16,5.3,5.82,44%
SGA,"Saga Communications","Broadcast - Radio & TV",8.61,-0.92%,3,Sell,"100% Sell",-32.98,-30.68%,9.26,9.1,10.05,8.94,41.13,-46.74,-37.34,13691,Strongest,Strong,21.94%,0.8,8.58,9.3,4%
ASLE,"Aersale Corp","Aerospace - Defense Equipment",5.49,+0.18%,3,Sell,"100% Sell",-33.39,-34.88%,6.1,5.81,6.31,5.51,44.15,-50.94,-35.32,348143,Average,Strong,38.89%,0.81,5.3,5.73,44%
CAMP,"Camp4 Therapeutics Corp","Medical - Biomedical",3.84,+3.23%,2,Sell,"88% Sell",-33.62,+37.63%,4.16,4.07,4.33,4.13,42.84,21.57,-49.9,211099,Strongest,Weak,23.53%,0.51,3.68,4.57,18%
RDDT,"Reddit Cl A","Internet - Software",152.72,+0.49%,3,Sell,"88% Sell",-33.67,-35.20%,165.98,160.22,158.91,153.96,46.96,-51.26,-46.1,5339025,Strengthening,Soft,41.45%,0.51,145.03,162.9,43%
CEPL,"Capstone Energy Plus Inc","Other Alt Energy",4.96,-9.49%,3,Sell,"88% Sell",-33.77,+93.00%,8.89,7.09,7.93,5.84,36.15,76.94,-14.13,316182,Strongest,Average,24.54%,1.22,5.06,6.62,-6%
PRIM,"Primoris Services Corp","Building - Heavy Construction",72.25,-2.52%,4,Sell,"100% Sell",-33.79,-44.47%,94.15,79.61,113.67,74.77,38.33,-60.53,-54.34,1420202,Strongest,Strong,33.06%,0.63,71.33,78.21,13%
LFVN,"Lifevantage Corp","Medical - Dental Suppliers",6.29,+1.45%,1,Sell,"8% Buy",-34.05,-38.81%,6.56,6.41,5.94,6.27,48.31,-54.87,-10.43,245493,Weakest,Minimum,32.03%,0.43,6.06,6.47,56%
NN,"Nextnav Inc","Technology Services",14.45,+0.42%,2,Sell,"88% Sell",-34.16,-10.75%,17.36,15.27,17.37,15.16,43.38,-26.81,-25.7,2132820,Strengthening,Good,49.96%,0.54,14.24,16.07,11%
SPCE,"Virgin Galactic Holdings Inc","Aerospace - Defense",3.2,+2.56%,6,Buy,"40% Buy",-34.29,-14.44%,3.15,2.94,2.97,3.04,55.79,-30.5,-12.85,13850692,Weakening,Minimum,68.61%,0.79,2.79,3.28,83%
LAW,"CS Disco Inc","Internet - Software",4.25,-0.23%,5,Hold,"32% Buy",-34.46,-34.51%,4,4.18,4,4.23,52.08,-50.57,-57.77,316113,Average,Minimum,57.34%,0.72,4.03,4.44,54%
TCPC,"TCP Capital Corp","Finance - SBIC & Commercial",4,-0.99%,2,Hold,"8% Buy",-34.57,-35.79%,3.75,3.82,3.82,4.05,50.95,-51.85,-39.41,974314,Weakest,Minimum,75.32%,0.93,3.92,4.17,31%
ATS,"Ats Corp Cda","Machinery - General Industrial",18.89,-1.67%,2,Sell,"100% Sell",-35.11,-30.37%,25.83,21.8,27.53,19.21,36.63,-46.43,-43.95,185786,Strengthening,Maximum,45.12%,0.56,18.72,19.71,17%
VOYG,"Voyager Technologies Inc Cl A","Aerospace - Defense Equipment",31.1,-0.96%,4,Sell,"24% Sell",-35.15,+2.00%,35.17,33.74,32.65,34.22,39.79,-14.06,6.43,1927851,Weakening,Minimum,39.99%,4.25,30.75,37.68,5%
ONT,"Onterris Inc","Business Information",16.82,-1.18%,10,Sell,"88% Sell",-35.90,-39.78%,17.94,18.03,19.7,17.49,44.55,-55.84,-44.8,527365,Strengthening,Average,27.35%,1.51,16.23,18.75,23%
WOLF,"Wolfspeed Inc","Machinery - General Industrial",26.3,-3.10%,6,Sell,"72% Sell",-36.00,N/A,38.79,27.11,32.86,26.29,47.89,N/A,38.52,3970702,Strengthening,Weak,61.44%,0.48,23.26,29.31,50%
SPOK,"Spok Holdings Inc","Wireless National",10.35,-0.48%,6,Sell,"88% Sell",-36.08,-40.96%,10.7,10.74,11.01,10.56,41.16,-57.02,-34.07,171409,Strengthening,Average,27.45%,1.12,10.29,10.84,11%
EVLV,"Evolv Technologies Hldgs Inc","IT Services",4.9,+0.41%,2,Sell,"100% Sell",-36.61,-40.61%,5.76,5.38,5.8,5.04,37.61,-56.67,-44.1,2670984,Average,Strong,29.11%,0.8,4.8,5.28,20%
HLI,"Houlihan Lokey","Finance - Misc Services",127.49,-1.89%,7,Hold,"80% Sell",-36.70,-37.99%,137.58,132.51,142.29,133.33,40.22,-54.05,-39.35,702708,Average,Average,18.98%,1.47,127.88,138.77,-4%
UUU,"Universal Safety Products Inc","Building & Construction - Misc",5.07,+0.40%,1,Buy,"40% Sell",-36.79,-28.89%,5.08,4.53,5.27,5.16,51.6,-44.95,-14.28,65763,Weakest,Weak,27.83%,0.19,4.73,5.58,40%
USNA,"Usana Health Sciences Inc","Medical - Drugs",14.26,+1.57%,8,Sell,"100% Sell",-36.97,-50.67%,17.95,16.48,18.18,14.57,42.95,-66.73,-39.9,144126,Strengthening,Good,20.17%,0.77,13.75,15.39,31%
MRDN,"Meridian Holdings Inc",Gaming,13.23,-1.38%,4,Hold,"64% Buy",-37.22,+5.04%,13.12,13.64,11.32,13.75,42.76,-11.02,25.19,48474,Weakest,Average,30.00%,0.66,13.12,14.37,9%
NYC,"American Strategic Investment CO","Real Estate Operations",6.5,+4.00%,2,Sell,"88% Sell",-37.44,-34.67%,7.99,7.31,8.12,6.19,49.76,-50.73,-34.12,21562,Average,Strong,73.20%,0.1,5.82,6.57,91%
ADTN,"Adtran Holdings Inc","Communications Components",6.93,-2.46%,2,Sell,"88% Sell",-37.56,-26.46%,11.61,8.24,12.09,7.3,35.78,-42.52,-32.74,1949923,Strengthening,Strong,27.49%,0.62,6.79,7.81,14%
BOLT,"Bolt Biotherapeutics Inc","Medical - Biomedical",3.59,-1.64%,5,Sell,"100% Sell",-37.74,-37.78%,4.15,3.8,4.31,3.79,45.56,-53.84,-46.89,30614,Strengthening,Strong,43.65%,0.53,3.41,4.17,23%
UTI,"Universal Technical Institute Inc",Schools,20.67,+1.22%,2,Sell,"88% Sell",-37.85,-32.47%,34.44,27.7,35.01,20.98,34.41,-48.53,-33.44,1087340,Average,Strong,31.43%,0.71,19.97,22,35%
CAPR,"Capricor Therap","Medical Products",8.57,-1.15%,4,Hold,"96% Sell",-37.92,+38.45%,18.4,9.28,22.62,9.12,45.73,22.39,-82.84,2949144,Strengthening,Strong,32.91%,0.31,8.01,10.23,25%
DTST,"Data Storage Corp","Internet - Services",2.85,+1.79%,7,Sell,"100% Sell",-38.07,-32.78%,3.37,3.08,3.57,2.95,43.3,-48.84,-56.88,36171,Strengthening,Maximum,26.66%,0.54,2.78,3.13,21%
AMRC,"Ameresco Inc","Other Alt Energy",21.67,-4.66%,7,Sell,"100% Sell",-38.32,-31.45%,26.35,23.42,26.68,22.93,41.67,-47.51,-38.56,586817,Strengthening,Good,47.14%,0.68,21.45,24.42,7%
XNET,"Xunlei Ltd ADR","Internet - Services",5.01,-1.18%,5,Sell,"88% Sell",-38.41,-37.61%,5.37,5.15,5.59,4.93,50.55,-53.67,-41.88,281044,Strengthening,Average,81.62%,0.91,4.77,5.08,77%
WRD,"Weride Inc ADR","Auto - Truck Original Parts",5.79,-1.03%,2,Hold,"80% Sell",-38.44,-49.17%,6.26,5.88,6.61,5.78,49.19,-65.23,-45.83,3336815,Average,Average,63.82%,1.12,5.45,6.11,51%
BLRX,"Biolinerx Ltd ADR","Medical - Drugs",2.52,-1.56%,1,Sell,"88% Sell",-38.45,-33.33%,2.94,2.71,2.8,2.58,44.83,-49.39,-21.57,28397,Strengthening,Average,23.10%,0.68,2.36,2.81,36%
LSF,"Laird Superfood Inc","Food - Misc & Diversified",3.52,-1.95%,2,Sell,Hold,-38.55,-43.59%,3.96,4.06,3.52,3.85,38.96,-59.65,46.02,73345,Falling,,8.66%,0.46,3.47,4.23,7%
BLDP,"Ballard Power Sys","Utility - Electric Power",2.13,-2.74%,7,Sell,"88% Sell",-38.69,-28.76%,3.44,2.48,3.15,2.23,36.66,-44.82,-28.68,5185120,Strongest,Average,28.01%,0.52,2.08,2.39,17%
ZJK,"Zjk Industrial Co. Ltd","Machinery - General Industrial",2.16,+3.35%,1,Buy,"8% Sell",-38.85,-40.98%,2.22,2,2.16,2.2,51.66,-57.04,-4.54,39299,Weakest,Minimum,49.07%,0.16,2.06,2.34,37%
AIOT,"Powerfleet Inc","Internet - Software",2.83,-2.41%,3,Sell,"100% Sell",-38.89,-46.90%,3.58,3.36,3.46,2.97,38.03,-62.96,-59.34,1604763,Strongest,Average,33.75%,0.66,2.85,3.1,-6%
CSPI,"C S P Inc","Computer - Integrated Systems",7.57,+2.02%,6,Sell,"100% Sell",-39.21,-39.73%,8.43,7.9,8.58,7.82,44.14,-55.79,-51.98,23923,Average,Good,17.68%,1.13,7.42,8.23,18%
PSFE,"Paysafe Ltd","Financial Transaction Services",6.38,-1.09%,3,Sell,"100% Sell",-39.36,-51.81%,7.41,7.13,7.44,6.46,44.94,-67.87,-33.68,398822,Strongest,Average,53.81%,1.55,6.07,6.86,40%
SOGP,"Sound Group Inc ADR","Technology Services",11.52,-1.62%,2,Hold,"80% Sell",-39.41,-41.37%,12.16,11.82,13.11,11.86,44.79,-57.43,-13.4,44364,Strengthening,Soft,44.67%,0.12,11.22,12.5,24%
OLN,"Olin Corp","Chemical - Diversified",16.26,-3.04%,6,Sell,"100% Sell",-39.59,-30.69%,21.55,18.86,23.22,17.1,33.73,-46.75,-34.48,2895674,Strongest,Maximum,15.86%,0.76,16.37,17.84,-8%
NEUP,"Neuphoria Therapeutics Inc","Medical - Biomedical",3.65,-0.82%,2,Sell,"100% Sell",-39.83,-68.12%,4.17,3.77,4.31,3.74,37.8,-84.18,-18.47,95342,Strongest,Weak,18.60%,0.03,3.67,3.81,-13%
AMPG,"Amplitech Group","Communications Components",3.44,+1.78%,2,Sell,"40% Sell",-39.93,-16.91%,5.01,4.39,4.11,3.41,40.96,-32.97,2.51,2126577,Weakest,Weak,40.14%,0.12,3.21,3.61,58%
JWEL,"Jowell Global Ltd","Internet Commerce",2.39,+2.14%,2,Hold,Hold,-40.27,+21.94%,2.32,2.29,2.32,2.27,53.04,5.88,-8.63,453719,Bearish,,66.17%,0.04,2.06,2.48,79%
LZ,"Legalzoom.com Inc","Industrial Services",5.65,-2.42%,5,Sell,"72% Sell",-40.27,-46.55%,6.4,6.47,6.35,6.06,38.82,-62.61,-55.64,2932576,Strengthening,Soft,14.44%,1.16,5.65,6.47,0%
HDSN,"Hudson Tech Inc","Industrial Services",5.23,+1.75%,2,Sell,"88% Sell",-40.49,-47.23%,5.62,5.64,5.83,5.27,44.12,-63.29,-36.19,435415,Average,Average,27.55%,1.48,5.06,5.48,41%
TTGT,"Techtarget Inc.","Technology Services",3.75,-0.53%,5,Sell,"100% Sell",-40.74,-38.63%,4.14,3.91,4.17,3.86,41.98,-54.69,-43.1,430254,Strengthening,Average,22.54%,0.81,3.71,4.02,14%
IMA,"Imagenebio Inc","Medical - Biomedical",4.66,-3.72%,2,Sell,"100% Sell",-41.06,-41.75%,5.58,5.39,5.64,4.98,31.24,-57.81,-45.,129477,"Top 1%",Average,19.11%,0.26,4.66,5.29,0%
XBP,"Xbp Global Holdings Inc","Internet - Software",3.37,+3.22%,6,Buy,"24% Buy",-41.18,-54.40%,2.72,2.98,3.32,3.03,61.04,-70.46,-63.05,20650,Strengthening,Minimum,49.91%,0.38,2.62,3.45,90%
GFUZ,"General Fusion Group Ltd","Machinery - General Industrial",8.34,-3.92%,7,Hold,"64% Sell",-41.85,N/A,9.24,8.11,9.59,7.98,53.17,N/A,-30.37,315298,Average,Strong,67.32%,0.68,7.2,8.76,73%
DUKR,"Duke Robotics Corp","Aerospace - Defense",5.31,-0.38%,5,Sell,"88% Sell",-42.17,-42.56%,6.17,5.44,7.06,5.46,44.24,-58.62,-25.88,16326,Strengthening,Good,28.63%,0.74,5.13,5.79,28%
PLTK,"Playtika Holding Corp",Gaming,2.17,-1.36%,1,Sell,"100% Sell",-42.54,-39.22%,3.21,2.85,3.18,2.27,35.86,-55.28,-57.6,1544397,Strongest,Maximum,37.11%,1.02,2.15,2.39,9%
SIDU,"Sidus Space Inc Cl A","Aerospace - Defense",2.07,+2.99%,3,Sell,"80% Sell",-42.63,+99.04%,2.81,2.12,2.85,2.07,47.42,82.98,-46.62,22362803,Average,Average,54.84%,0.57,1.89,2.26,49%
EYE,"National Vision Holdings Inc","Consumer Prdts - Misc Staple",16.41,+0.31%,2,Sell,"88% Sell",-42.77,-42.18%,18.7,19.03,21.13,16.87,38.52,-58.24,-48.98,1840088,Strengthening,Good,32.99%,0.78,15.97,17.77,24%
CPSH,"Cps Technologies","Electronics - Misc Components",3.87,0.00%,6,Sell,"88% Sell",-43.02,-4.68%,5.1,4.09,4.86,3.9,44.53,-20.74,12.7,758503,Strengthening,Average,45.48%,0.78,3.69,4.11,42%
AMBO,"Ambow Education Holding Ltd ADR",Schools,2.154,+0.65%,7,Hold,"64% Sell",-43.10,-44.05%,2.25,2.1,2.19,2.08,55,-60.11,-34.5,93208,Weakest,Weak,70.35%,0.71,1.98,2.17,90%
LAES,"Sealsq Corp","Electronics - Semiconductors",2.32,+0.87%,2,Sell,"100% Sell",-43.34,-38.13%,2.8,2.48,2.9,2.37,44.42,-54.19,-51.16,11491991,Strengthening,Good,42.28%,0.53,2.19,2.55,36%
GIBO,"Gibo Holdings Limited Cl A","Media Conglomerates",33,+2.48%,2,Buy,"8% Buy",-44.01,-48.84%,31.64,30.08,32.94,32.45,54.88,-64.9,-47.99,13115,Weakening,Minimum,56.45%,0.1,30.4,34.51,63%
VTSI,"Virtra Systems Inc","Electronics - Military",2.9,+0.69%,2,Sell,"100% Sell",-44.25,-47.18%,3.24,3.04,3.59,2.97,42.61,-63.24,-43.49,49831,Weakening,Strong,9.78%,0.56,2.83,3.11,26%
ARBB,"Arb Iot Group Limited","Internet - Software",4.2,0.00%,2,Hold,"80% Sell",-44.58,-64.56%,4.63,4.33,4.59,4.38,45.7,-80.32,-39.91,36088,Average,Average,75.11%,0.16,4.12,4.63,15%
FLY,"Firefly Aerospace Inc","Aerospace - Defense",23.09,+5.43%,1,Sell,"56% Sell",-44.58,-43.07%,28.67,22.29,28.75,21.59,53.42,-59.13,-9.32,4938086,Weakest,Soft,82.73%,0.87,19.86,23.31,94%
LPA,"Logistic Properties of The Americas","Real Estate Operations",2.82,-6.62%,2,Sell,"48% Sell",-44.70,-53.77%,3.19,3.09,3.15,3.09,38.8,-69.83,-9.24,148420,Strengthening,Weak,32.67%,2.15,2.86,3.31,-9%
AMPX,"Amprius Technologies Inc","Technology Services",9.69,-0.41%,3,Sell,"88% Sell",-44.75,-12.62%,13.23,10.21,14.5,9.68,46.24,-28.68,10.27,7577643,Strengthening,Good,56.64%,0.88,8.97,10.39,51%
WFF,"Wf Holding Limited","Containers - Paper Products",2.07,0.00%,2,Sell,"24% Sell",-44.83,-52.93%,2.15,2.1,2.02,2.01,50.71,-68.99,-22.54,898726,Weakest,Minimum,43.01%,0.07,1.77,2.24,64%
ROC,"Rank One Computing Corp","Internet - Software",4.14,-1.08%,7,Sell,N/A,-44.99,N/A,4.75,4.41,0,4.25,43.66,N/A,N/A,N/A,N/A,N/A,30.88%,1.04,4.04,4.45,22%
AARD,"Aardvark Therapeutics Inc","Medical - Biomedical",5.55,-0.18%,1,Sell,"32% Sell",-44.99,-54.40%,5.52,6.2,5.6,5.55,47.36,-70.46,-70.25,237543,Weakening,Weak,67.75%,0.7,4.74,6.36,50%
SCOR,"Comscore Inc","Business Services",4.81,-2.63%,5,Sell,"100% Sell",-45.36,-25.60%,6.64,6.04,6.83,5.03,36.4,-41.66,-38.54,26962,Strongest,Maximum,34.41%,0.27,4.76,5.3,9%
GBFH,"Gbank Finl Hldgs","Banks - Southwest",18.89,+1.12%,1,Sell,"100% Sell",-45.98,-52.78%,26.06,22.47,26.87,19.66,32.42,-68.83,-56.8,72051,Strengthening,Maximum,14.79%,0.9,18.67,20.66,11%
PTLE,"Ptl Ltd","Transportation - Services",7.08,-1.67%,4,Sell,"56% Sell",-46.07,-53.69%,7.28,8.42,7.32,7.26,44.9,-69.75,-24.13,90348,Average,Weak,15.28%,0.15,6.6,7.91,37%
BSEM,"Biostem Technologies New","Medical - Biomedical",3.88,+2.11%,4,Buy,"24% Sell",-46.35,-23.77%,3.84,3.74,4.24,3.98,48.88,-39.83,-10.7,90272,Weakest,Minimum,18.72%,1.22,3.32,4.63,42%
TRAK,"Repositrak Inc","Internet - Software",8.27,+1.10%,3,Hold,"80% Sell",-46.95,-52.80%,8.95,8.29,8.68,8.09,52.22,-68.86,-45.68,105508,Weakest,Weak,62.52%,0.91,7.72,8.47,74%
PDCC,"Pearl Diver Credit Company Inc","Finance - Misc Services",8.67,-0.11%,7,Sell,"100% Sell",-47.03,-48.45%,9.62,9.03,10.06,8.89,38.63,-64.51,-50.3,6891,Strengthening,Good,44.75%,0.32,8.62,9.17,9%
BW,"Babcock & Wilcox Enterprises","Electrical Power",6.17,-7.08%,1,Sell,"88% Sell",-47.10,+99.03%,12.28,8.49,12.92,7.19,34.58,82.97,-15.22,4028944,Strongest,Strong,19.48%,1.57,6.4,7.98,-14%
VHC,"Virnetx Holding Corp","Internet - Software",12.23,-3.32%,2,Sell,"88% Sell",-47.15,-29.31%,12.97,12.84,13.72,11.84,49.44,-45.37,-39.26,35032,Strengthening,Average,64.62%,1.02,10.85,12.84,70%
SLDP,"Solid Power Inc Cl A","Auto - Truck Original Parts",2.35,0.00%,6,Buy,"56% Sell",-47.29,-40.20%,2.6,2.33,2.82,2.44,45.54,-56.26,-57.25,5209299,Weakening,Soft,22.84%,0.94,2.29,2.59,20%
OPRX,"Optimizerx Corp","Computer - Software",7.89,+3.82%,4,Hold,"48% Buy",-47.66,-57.14%,6.43,7.32,6.53,7.66,57.13,-73.2,-48.18,375178,Strengthening,Weak,66.42%,0.93,7.13,8.19,72%
EBON,"Ebang International Holdings Cl A","Machinery - Tools & Related",2.01,0.00%,4,Hold,"64% Sell",-47.68,-57.95%,2.13,2.08,2.19,2.15,43.2,-74.01,-46.85,8757,Average,Weak,21.73%,0.81,1.95,2.35,15%
FULC,"Fulcrum Therapeutics Inc","Medical - Biomedical",3.79,-0.66%,3,Hold,"64% Sell",-47.79,-54.12%,4.32,3.78,5.48,3.82,46.73,-70.18,-79.07,1735587,Weakening,Average,45.88%,1.25,3.75,3.89,25%
PDYN,"Palladyne AI Corp","Technology Services",5.39,-0.92%,3,Sell,"100% Sell",-47.79,-41.41%,6.09,5.69,6.3,5.67,39.12,-57.47,13.99,2356964,Strongest,Average,19.54%,1.16,5.36,5.97,5%
PLBL,"Polibeli Group Ltd Cl A",Unclassified,5.71,-4.67%,3,Hold,"80% Sell",-48.33,-32.81%,6.77,6.16,7.24,5.65,47.72,-48.87,-60.44,109488,Strongest,Strong,53.74%,0.9,5.2,6.1,57%
PW,"Power REIT","REIT - Equity Trust Other",6.74,-1.75%,2,Sell,"100% Sell",-48.56,-28.60%,8.09,7.83,8.17,7.13,37.33,-44.66,-35.54,10956,Strongest,Average,24.09%,0.1,6.55,7.71,16%
SRAD,"Sportradar Group Ag Cl A","Internet - Software",13.09,-0.61%,3,Hold,"80% Sell",-48.62,-55.69%,13.85,13.34,14.92,12.86,50.63,-71.75,-57.47,2800396,Average,Soft,65.08%,0.91,12.13,13.59,66%
SEDG,"Solaredge Tech",Solar,31.91,-4.32%,7,Sell,"88% Sell",-49.14,-14.84%,46.74,36.71,45.36,34.38,41.02,-30.9,-1.93,3401391,Strongest,Average,49.62%,1.06,31.38,37.38,9%
AEYE,"Audioeye Inc","Internet - Software",7.2,+0.84%,6,Buy,"8% Buy",-49.17,-46.59%,6.92,6.83,6.79,7.4,49.49,-62.65,-40.47,156385,Weakening,Minimum,20.35%,0.25,6.78,8.02,34%
REZI,"Resideo Technologies Inc","Protection - Safety",18.3,-2.03%,3,Sell,"100% Sell",-49.20,-54.84%,28.33,24.45,31.17,19.09,32.19,-70.9,-60.43,1613994,Strongest,Maximum,24.43%,0.63,18.12,20.06,9%
DRIO,"Dario Health Corp","Medical Instruments",6.77,+0.45%,1,Sell,"100% Sell",-49.35,-29.41%,7.27,7.17,7.67,6.95,45.47,-45.47,-53.05,18236,Strengthening,Average,29.18%,0.33,6.54,7.37,28%
WBX,"Wallbox N.V. Cl A","Electronics Products - Misc",2.93,+3.53%,6,Sell,"56% Sell",-49.77,-39.59%,3.37,3.27,3.21,3.08,43.47,-55.65,12.67,67229,Average,Weak,8.42%,1.11,2.74,3.42,28%
LI,"Li Auto Inc ADR","Auto - Foreign",11.78,+0.68%,3,Sell,"100% Sell",-50.76,-53.68%,13.54,12.39,15.02,11.97,44.77,-69.74,-42.96,3722647,Weakening,Good,21.49%,0.86,11.48,12.46,31%
NXB,"Nextboat Inc","Technology Services",2.08,-0.95%,5,Buy,"72% Sell",-51.20,N/A,2.21,2.09,2.35,2.2,45.37,N/A,-13.02,61728,Average,Good,28.33%,0.12,2.05,2.36,9%
ASTI,"Ascent Solar Technologies",Solar,2.87,-1.37%,3,Hold,"96% Sell",-51.30,+35.38%,4.28,3.06,4.53,2.91,44.46,19.32,-42.71,1752486,Strongest,Good,51.82%,0.64,2.69,3.13,41%
STFS,"Star Fashion Culture Holdings Limited Cl A","Advertising Marketing Services",3.42,+0.44%,3,Sell,"88% Sell",-51.37,-48.42%,7.54,4.29,6.36,3.89,40.92,-64.48,-27.17,294707,Average,Weak,36.27%,0.05,2.98,4.8,25%
ALMU,"Aeluma Inc","Electronics - Semiconductors",13.36,+1.37%,2,Sell,"72% Sell",-51.80,-30.23%,18.85,14.84,17.79,13.1,46.85,-46.29,-34.73,888120,Average,Average,83.90%,0.88,12.06,14.14,63%
DOCS,"Doximity Inc Cl A","Medical Information Systems",26.04,-1.99%,6,Buy,"32% Buy",-52.36,-64.94%,22.94,24.35,23.35,26.04,52.88,-81.,-53.73,3951179,Weakest,Minimum,68.61%,0.51,24.48,27.6,50%
HURA,"Tuhura Biosciences Inc","Medical - Biomedical",2.1,+2.44%,2,Sell,"24% Sell",-52.45,-18.29%,2.24,2.14,2.16,2.09,49.22,-34.35,164.98,929265,Weakening,Minimum,47.22%,0.86,1.99,2.18,58%
EGG,"Enigmatig Limited Cl A","Business Services",2.67,-1.48%,2,Sell,"88% Sell",-52.66,-56.16%,5.61,3.58,5.75,2.76,38.72,-72.22,-61.68,170731,Strongest,Strong,35.56%,0.03,2.6,2.92,21%
CNTN,"Canton Strategic Holdings Inc","Finance - Misc Services",2.31,+3.12%,4,Buy,"40% Sell",-52.68,-21.96%,2.53,2.11,2.95,2.22,54.7,-38.02,-36.3,806705,Weakening,Average,68.09%,0.64,1.99,2.46,69%
ASPS,"Altisource Portfolio","REIT - Mortgage Trusts",5.37,-2.19%,2,Sell,"100% Sell",-53.25,-53.06%,6.19,5.66,6.37,5.63,37.82,-69.12,-35.27,23813,Strongest,Soft,36.07%,0.96,5.42,5.85,-12%
RUN,"Sunrun Inc",Solar,7.78,-6.83%,2,Sell,"100% Sell",-53.96,-51.53%,11.55,9.51,12.16,8.64,34.32,-67.59,-70.26,9026771,Strongest,Strong,21.82%,1.4,7.99,9.28,-17%
CVRX,"Cvrx Inc","Medical Instruments",2.53,-6.99%,1,Sell,"100% Sell",-54.02,-66.09%,4.64,3.63,5.76,2.94,31.44,-82.15,-76.91,474743,Strongest,Maximum,15.81%,0.73,2.69,3.19,-30%
WXM,"Wf International Limited","Machinery - Electrical",3.96,-1.00%,1,Buy,"72% Sell",-54.04,-89.44%,4.29,4.11,4.46,4.13,46.51,-105.5,-34.89,269143,Strengthening,Weak,32.60%,0.01,3.69,4.56,31%
BXBL,"Boxabl Inc","Real Estate Developers",4.03,+1.26%,4,Sell,"100% Sell",-54.25,-59.63%,7.5,4.73,8.37,4.12,41.05,-75.69,-72.4,168919,Strengthening,Strong,31.75%,0.16,3.8,4.45,35%
FTCI,"Ftc Solar Inc",Solar,2.68,+5.51%,4,Buy,"56% Sell",-54.95,-63.64%,3.72,2.63,4.15,2.38,57.54,-79.7,-87.98,177834,Weakest,Average,79.37%,2.57,2.06,2.69,98%
KRKR,"36Kr Holdings Inc ADR","Business Information",3.08,-0.81%,3,Buy,"56% Sell",-55.22,-61.99%,3.12,3.02,3.32,3.11,48.9,-78.05,-47.94,15901,Weakening,Weak,64.79%,0.42,3.02,3.21,31%
NA,"Nano Labs Ltd ADR","Electronics - Semiconductors",2.32,+0.22%,6,Buy,"8% Buy",-55.42,-57.99%,2.06,2.03,2.31,2.26,56.57,-74.05,-39.05,154223,Weakest,Minimum,47.58%,0.04,2.05,2.48,62%
ATTT,"Atlas Trinity Tech Limited","Retail - Consumer Electronics",2.75,-1.79%,3,Hold,"96% Sell",-56.02,-66.88%,3,2.82,3.25,2.78,47.67,-82.94,27.05,74712,Strongest,Weak,16.44%,0.08,2.48,3.07,46%
PN,"Pn Smart Energy Limited","Other Alt Energy",2.8,-0.88%,3,Sell,"72% Sell",-56.07,-79.09%,4.43,4.71,5.57,2.56,46.75,-95.15,-93.25,766794,Weakening,Weak,82.16%,0.06,2.12,3.01,77%
ROLR,"High Roller Technologies Inc",Gaming,6.07,+1.00%,8,Sell,Hold,-56.30,+85.63%,6.19,6.2,5.88,6.18,47.22,69.57,182.12,1475078,Bearish,,23.47%,0.36,5.92,6.43,29%
KULR,"Kulr Technology Group Inc","Electronics - Semiconductors",2.5,+3.73%,1,Sell,"72% Sell",-56.34,-45.65%,3.17,2.6,2.97,2.44,49.56,-61.71,-28.08,1702219,Weakening,Soft,58.33%,0.86,2.25,2.64,65%
GEOS,"Geospace Technologie","Electronics - Measuring Inst",5.02,-2.33%,1,Sell,"100% Sell",-56.89,-75.41%,6.79,5.86,8.03,5.17,39.55,-91.47,-82.85,188867,Strengthening,Good,42.48%,0.87,4.96,5.38,15%
EQPT,"Equipmentshare.com Inc","Industrial Services",16.32,-9.73%,3,Sell,N/A,-57.08,N/A,19.74,18.68,21.08,18.02,37.5,N/A,N/A,N/A,N/A,N/A,24.36%,2.92,16.58,19.46,-9%
RGTI,"Rigetti Computing Inc","Internet - Software",16.5,+3.09%,2,Sell,"72% Sell",-57.18,-47.85%,18.03,16,17.46,15.59,53.87,-63.91,-38.05,30634953,Weakening,Weak,64.44%,1.01,14.47,16.72,90%
AEVA,"Aeva Technologies Inc","Auto - Truck Original Parts",15.62,+2.63%,1,Sell,"56% Sell",-57.24,-3.46%,19.94,17.56,18.13,15.29,46.17,-19.52,5.08,2146571,Weakening,Weak,55.97%,1.05,14.21,16.37,65%
GITS,"Global Interactive Technologies Inc","Computer - Software",2.01,0.00%,11,Hold,"24% Buy",-57.59,-13.55%,1.95,2.07,2.07,2.13,47.09,-29.61,171.56,1043598,Weakest,Minimum,22.28%,0.19,1.87,2.4,27%
LIF,"Life360 Inc","Protection - Safety",41.26,+1.25%,3,Sell,"72% Sell",-57.77,-58.52%,47.73,48.39,46.43,42.21,41.83,-74.58,-48.21,988108,Weakening,Soft,27.25%,0.61,39.45,44.97,33%
SSII,"Ss Innovations International Inc","Technology Services",2.95,-5.14%,2,Sell,"100% Sell",-57.95,-49.49%,3.66,3.56,4.01,3.3,27.62,-65.55,-60.6,72088,Strongest,Good,13.73%,1.61,3.07,3.54,-26%
QBTS,"D-Wave Quantum Inc","Internet - Software",17.48,+3.99%,1,Sell,"88% Sell",-58.17,-36.94%,20.86,18.2,19.76,17.03,48.88,-53.,-45.69,27821240,Average,Average,50.37%,1.09,16.07,17.99,73%
APP,"Applovin Corp Cl A","Technology Services",312.47,-0.88%,4,Sell,"100% Sell",-58.61,-51.32%,426.47,345.89,430.73,318.57,43.22,-67.38,-66.17,5442577,Strongest,Strong,48.96%,0.67,302.41,334.74,31%
BESS,"Bimergen Energy Corp","Utility - Electric Power",2.6,-7.14%,2,Sell,"100% Sell",-58.86,-59.75%,3.45,3.06,3.24,2.88,37.26,-75.81,-87.78,219421,Strongest,Average,18.18%,1.03,2.62,3.15,-3%
FATN,"Fatpipe Inc","Internet - Software",5.45,+3.81%,3,Sell,"24% Buy",-58.90,-20.67%,5.53,5.76,4.35,5.74,42.97,-36.73,157.26,821532,Weakest,Weak,27.68%,0.51,5.26,6.22,19%
LRMR,"Larimar Therapeutics Inc","Medical - Drugs",3.32,-14.10%,1,Sell,"56% Sell",-58.93,-34.90%,3.78,3.97,4.1,3.86,31.88,-50.96,-25.4,2435613,Strengthening,Soft,20.79%,3.05,3.56,4.15,-41%
FGNX,"Fg Nexus Inc","Finance - Investment Mgmt",7.7,-6.15%,4,Hold,"16% Buy",-59.48,-75.16%,6.84,7.4,6.71,7.94,50.02,-91.22,-56.54,117166,Weakest,Minimum,74.33%,2.39,7.06,8.82,36%
SPAI,"Safe Pro Group Inc","Technology Services",4.44,-1.99%,1,Buy,"24% Sell",-59.67,-32.52%,4.57,4.56,4.52,4.65,45.42,-48.58,-5.81,320105,Weakening,Minimum,25.43%,0.33,4.15,5.15,29%
MLCI,"Mount Logan Capital Inc","Finance - Investment Mgmt",3.37,+1.20%,4,Buy,"24% Sell",-59.80,-57.07%,3.26,3.17,3.67,3.23,61.22,-73.13,-71.69,60103,Weakening,Weak,84.78%,0.6,3.12,3.34,116%
LUD,"Luda Technology Group Limited","Steel - Specialty",4,-4.19%,5,Sell,"96% Sell",-59.93,-72.83%,4.74,4.24,4.81,4.24,36.37,-88.89,-50.23,72847,Strengthening,Average,16.75%,0.19,4.09,4.39,-30%
SKK,"Skk Holdings Limited","Engineering & R&D Services",4.25,+2.41%,5,Sell,"8% Sell",-59.93,+2.43%,4.67,4.61,3.91,4.35,46.62,-13.63,41.06,295848,Weakest,Weak,34.23%,0.32,3.96,4.74,37%
EFOI,"Energy Focus Inc","Building Products - Ltg FX",2.73,+3.21%,4,Sell,"56% Sell",-60.11,-11.49%,3.16,2.87,2.93,2.77,46.59,-27.55,5.86,910697,Weakening,Weak,22.08%,1.3,2.59,2.94,40%
UAMY,"United States Antimony Corp","Mining - Non Ferrous",4.57,-0.65%,3,Sell,"100% Sell",-60.14,-31.48%,6.76,5.3,7.69,4.89,40.84,-47.54,-21.5,10546552,Strongest,Strong,18.36%,0.6,4.35,5.43,20%
NUS,"NU Skin Enterprises","Cosmetics & Toiletries",4.62,+0.22%,5,Sell,"100% Sell",-60.52,-61.08%,5.29,4.93,6.05,4.74,43.95,-77.14,-64.52,580438,Average,Strong,37.04%,0.77,4.51,4.96,24%
LAC,"Lithium Americas Corp","Mining - Misc",2.83,-2.41%,3,Sell,"100% Sell",-60.63,-52.91%,3.79,3.02,4.04,2.97,41.81,-68.97,-47.63,11131236,Strongest,Strong,31.67%,0.89,2.75,3.18,19%
EXOZ,"Exozymes Inc","Medical - Biomedical",6.34,-0.71%,1,Buy,"56% Sell",-60.93,-56.61%,7.29,5.97,7.81,6.48,49.3,-72.67,-54.42,6214,Weakest,Average,24.13%,0.91,5.84,7.13,39%
RGC,"Regencell Bioscience Holdings Ltd","Medical - Biomedical",6.17,+3.18%,7,Buy,"40% Sell",-61.00,-57.68%,11.87,5.7,16.93,5.94,53.24,-73.74,-83.16,289461,Weakest,Average,30.20%,0.48,5.11,6.76,64%
GSIW,"Garden Stage Limited","Finance - Misc Services",14.63,+2.31%,3,Sell,"100% Sell",-61.11,-55.15%,23.96,18.32,23.22,15.28,40.65,-71.21,-55.92,25218,Strongest,Average,39.95%,1.11,13.21,17.35,34%
HIMS,"Hims & Hers Health Inc","Medical Information Systems",29.28,+3.13%,1,Sell,"24% Buy",-61.60,-45.01%,29.65,29.72,27.12,28.59,50.78,-61.07,-22.36,23049537,Weakest,Minimum,51.90%,1.31,26.52,30.65,67%
QTI,"Qt Imaging Holdings Inc","Medical Instruments",2.53,-1.94%,1,Sell,"100% Sell",-62.17,+0.40%,3.76,2.82,4.64,2.7,37.25,-15.66,-71.06,39508,Strongest,Strong,10.00%,0.36,2.37,3.03,24%
SIGA,"Siga Technologies Inc","Medical - Drugs",3.25,+2.52%,6,Hold,"56% Sell",-62.23,-63.52%,3.69,3.14,4.21,3.14,55.05,-79.58,-59.35,591193,Weakest,Good,76.07%,1.5,2.96,3.32,81%
LBGJ,"Li Bang International Corporation Inc","Steel - Specialty",2.13,-0.93%,2,Sell,"100% Sell",-62.65,-99.99%,120.66,22.51,934.44,2.34,31.94,-116.05,-112.52,232457,Weakening,Soft,22.96%,0.06,1.47,3.21,38%
SQNS,"Sequans Communications S A ADR","Electronics - Semiconductors",2.85,-4.04%,4,Buy,"56% Sell",-63.26,-69.68%,3.18,2.82,3.1,2.89,46.74,-85.74,-49.07,147186,Average,Weak,61.41%,1.03,2.73,3.05,37%
UONEK,"Urban One Inc","Broadcast - Radio & TV",3.7,-5.61%,3,Sell,"100% Sell",-63.37,-48.61%,4.74,4.58,5.34,4.14,34.23,-64.67,-69.47,20604,Strongest,Strong,8.00%,0.51,3.76,4.52,-8%
VRM,"Vroom Inc","Auto - Domestic",9.73,+4.12%,4,Buy,"24% Sell",-63.71,-64.34%,9.51,9.08,11.15,9.85,50.67,-80.4,-63.57,19913,Weakest,Weak,21.46%,0.18,8.76,10.93,45%
ASBP,"Aspire Biopharma Holdings Inc","Electronics Products - Misc",8.7,+4.44%,6,Buy,"8% Sell",-64.06,-98.22%,6.86,7.88,13.53,8.74,53.5,-114.28,-107.04,276846,Weakest,Minimum,35.88%,1.13,8.09,9.39,47%
AIRO,"Airo Group Holdings Inc","Aerospace - Defense",7.21,+0.70%,2,Hold,"80% Sell",-65.56,-62.70%,7.52,7.58,8.05,7.27,46.17,-78.76,-24.4,568493,Average,Weak,47.44%,0.66,6.71,7.82,45%
ADXN,"Addex Therapeutics Ltd ADR","Medical - Drugs",3.46,+0.29%,2,Sell,"100% Sell",-65.78,-62.55%,5.72,4.8,6.26,3.56,37.17,-78.61,-67.72,47923,Average,Maximum,45.68%,0.04,3.21,3.91,36%
UPC,"Universe Pharmaceuticals Inc","Medical - Drugs",4.68,-0.22%,2,Sell,"56% Buy",-65.91,+12.50%,4.28,4.82,3.8,4.54,49.38,-3.56,10.29,716598,Weakening,Soft,67.17%,0.03,3.93,5.15,61%
PLYX,"Polaryx Therapeutics Inc","Medical - Biomedical",2.14,0.00%,4,Hold,N/A,-66.22,N/A,2.47,2.13,3.37,2.06,52.57,N/A,N/A,N/A,N/A,N/A,79.78%,0.34,1.94,2.17,86%
GURE,"Gulf Resources Inc","Chemical - Diversified",3.24,-10.00%,4,Hold,"80% Sell",-66.52,-51.29%,3.65,3.38,4.18,3.5,46.01,-67.35,-24.97,88675,Strengthening,Average,58.63%,0.41,3.13,3.86,15%
CGTL,"Creative Global Technology Ltd","Consumer Prdts - Misc Discr",3.8,+0.53%,3,Sell,"100% Sell",-66.62,-58.48%,5.89,4.25,10.87,4.06,41.58,-74.54,-91.25,292726,Weakening,Average,11.47%,0.16,3.5,4.63,27%
TCX,"Tucows Inc Cl A","Internet - Content",10.2,-2.76%,6,Sell,"100% Sell",-66.65,-46.43%,12.27,10.8,13.8,10.48,44.17,-62.49,-67.04,46849,Strengthening,Strong,47.88%,0.58,9.95,11,24%
CCOI,"Cogent Comm Hlds","Wireless National",7.64,-6.03%,3,Sell,"100% Sell",-66.92,-81.21%,13.09,10.57,15.67,9.26,32.23,-97.27,-77.1,1413276,Strongest,Good,14.30%,1.37,8.08,10.44,-19%
JDZG,"Jiade Limited",Schools,4.2,+1.45%,2,Sell,"88% Sell",-68.05,-99.08%,15.18,13.05,91.32,3.63,41.59,-115.14,-110.47,154369,Weakest,Average,37.44%,1.95,2.79,4.47,84%
CJMB,"Callan Jmb Inc","Transportation - Services",2.19,+3.30%,5,Hold,"64% Buy",-68.07,-54.94%,1.43,2.03,1.44,2.2,51.77,-71.,84.76,1899516,Strengthening,Soft,29.17%,0.03,2.04,2.36,47%
INTS,"Intensity Therapeutics Inc","Medical - Biomedical",3.89,-5.12%,1,Sell,"100% Sell",-68.32,-37.76%,4.33,4.25,4.94,4.03,41.91,-53.82,-74.61,45702,Strongest,Average,45.45%,0.4,3.79,4.28,21%
BGDE,"Big Digital Energy Inc","IT Services",6.24,+1.46%,1,Hold,"32% Buy",-68.36,-23.44%,6.77,6.23,5.74,6.38,48.15,-39.5,35.68,679979,Weakest,Minimum,39.02%,1.28,5.59,7.17,41%
ATXG,"Addentax Group Corp","Conglomerates - Div Operations",3.65,+6.10%,3,Hold,"80% Sell",-68.51,-76.14%,4.14,3.72,4.5,3.61,49.54,-92.2,-50.5,60557,Weakest,Soft,45.54%,0.38,3.31,3.9,57%
MENS,"Jyong Biotech Ltd","Medical - Biomedical",2.15,+0.47%,5,Hold,"24% Sell",-68.63,-96.19%,2.1,2.2,2.15,2.18,49.61,-112.25,-58.11,354074,Weakest,Minimum,54.39%,1.18,1.94,2.42,44%
BYRN,"Byrna Technologies Inc","Technology Services",3.62,0.00%,4,Sell,"88% Sell",-69.60,-82.25%,4.74,3.85,6.18,3.6,45.64,-98.31,-90.98,575244,Weakening,Average,41.76%,0.33,3.38,3.81,55%
LNZA,"Lanzatech Global Inc","Waste Removal Svcs",5.97,+1.36%,1,Sell,"88% Sell",-70.08,-70.76%,7.64,6.01,11.48,6.08,47.56,-86.82,-69.15,74767,Average,Average,36.46%,0.38,5.7,6.46,35%
MFI,"Mf International Limited","Internet - Software",9.6,+2.13%,2,Buy,"8% Sell",-70.08,-73.57%,9.12,8.79,10.09,9.37,58.91,-89.63,-60.87,21384,Weakening,Minimum,54.21%,0.14,9.08,9.66,89%
CLGN,"Collplant Biotechnologies Ltd ADR","Medical - Biomedical",4.12,+1.98%,3,Buy,"8% Buy",-70.11,-83.75%,3.59,3.37,4.1,3.7,58.73,-99.81,-83.11,117553,Average,Minimum,57.33%,0.27,2.94,4.45,78%
SVRE,"Saverone 2014 Ltd ADR","Technology Services",2.18,-0.46%,3,Sell,"100% Sell",-71.22,-88.35%,3.47,3.02,3.43,2.48,40.24,-104.41,-72.76,262532,Strengthening,Weak,21.83%,0.47,2,2.95,18%
TGEN,"Tecogen Inc","Building Prdcts - Air Heating",3.02,-4.13%,4,Sell,"88% Sell",-72.86,-64.68%,4.37,3.35,4.02,3.09,42.18,-80.74,-51.41,420612,Strengthening,Average,56.24%,0.48,2.88,3.3,33%
CURX,"Curanex Pharmaceuticals Inc","Medical - Drugs",4.45,-0.56%,4,Buy,"56% Sell",-73.47,-74.33%,5.15,4.35,6.35,4.52,49.05,-90.39,-45.24,74515,Weakening,Weak,24.15%,0.18,4.06,4.97,43%
ZJYL,"Jin Medical International Ltd","Medical Products",2,-2.44%,1,Sell,"72% Sell",-73.55,-81.82%,2.32,2.34,2.33,2.1,40.3,-97.88,-67.09,332254,Strengthening,Weak,43.26%,0.4,1.86,2.35,29%
NCEL,"Newcelx Ltd","Medical - Biomedical",2.89,+1.05%,1,Sell,"40% Sell",-74.43,-86.50%,3.43,3.4,3.22,3.23,35.23,-102.56,39.57,57512,Average,Weak,18.05%,0.42,2.91,3.56,-2%
TVGN,"Tevogen Inc","Medical Services",7.85,+0.51%,8,Buy,"8% Buy",-74.53,-79.71%,7.35,6.51,7.42,7.36,64.24,-95.77,-65.12,23578,Weakening,Minimum,92.33%,0.28,6.66,8.05,85%
UK,"Ucommune Intl Ltd","Real Estate Operations",2.1,+6.35%,4,Sell,"72% Sell",-75.36,-79.86%,2.35,2.08,3.1,2.03,51.93,-95.92,-79.29,130496,Weakest,Average,55.11%,0.25,1.89,2.17,74%
EH,"Ehang Holdings Ltd ADR","Aerospace - Defense Equipment",4.54,-0.87%,1,Sell,"100% Sell",-75.88,-75.68%,6.55,5.06,8.03,4.58,39.96,-91.74,-78.09,796630,Strengthening,Strong,51.54%,0.81,4.38,4.77,40%
BETR,"Better Home & Finance Holding CO","Finance - Mortgage & Rel Svs",10.84,-10.86%,3,Sell,"100% Sell",-76.09,-83.82%,21.94,16,26.44,12.93,34.76,-99.88,-79.27,501039,Strongest,Strong,19.26%,2.03,11.17,14.68,-10%
LFS,"Leifras Co. Ltd ADR","Leisure & Recreation Services",2.13,-1.62%,1,Sell,"100% Sell",-76.39,N/A,2.24,2.23,2.27,2.18,43.32,N/A,-35.83,1065981,Strengthening,Average,15.74%,0.06,2.09,2.27,18%
STI,"Solidion Technology Inc","Electronics Products - Misc",6.62,-1.78%,5,Sell,"72% Sell",-76.65,+40.85%,8.94,7.08,7.68,7.16,41.28,24.79,-19.17,992861,Strongest,Weak,14.72%,0.98,6.34,7.99,17%
MB,"Masterbeef Group","Retail - Restaurants",4.01,-1.72%,2,Sell,"100% Sell",-77.34,-58.01%,5.53,4.55,5.53,4.19,41.86,-74.07,-56.3,188486,Strengthening,Good,21.55%,0.01,3.88,4.5,21%
ATPC,"Agape Atp Corp","Medical Products",2.24,0.00%,6,Sell,"100% Sell",-78.61,-96.50%,2.72,2.46,2.68,2.32,41.28,-112.56,-70.47,2139824,Strengthening,Weak,11.27%,0.01,2.21,2.43,12%
EMAT,"Evolution Metals & Technologies Corp","Machinery - Construct & Mining",3.21,-3.75%,3,Hold,N/A,-78.70,N/A,5.43,3.62,6.38,3.41,45.21,N/A,N/A,N/A,N/A,N/A,27.58%,0.92,2.81,4.02,33%
MSAI,"Multisensor AI Holdings Inc","Internet - Software",4.86,+0.91%,1,Sell,"100% Sell",-79.02,-83.68%,5.36,5.12,6.65,4.91,46.57,-99.74,-70.31,113065,Average,Soft,44.04%,0.65,4.48,5.34,45%
CRVO,"Cervomed Inc","Medical - Biomedical",2.52,+0.40%,1,Sell,"100% Sell",-79.78,-68.93%,3,2.66,3.36,2.53,46.46,-84.99,-80.64,1829902,Weakening,Average,46.88%,0.33,2.4,2.66,45%
INSG,"Inseego Corp","Internet - Software",4,-2.32%,3,Sell,"100% Sell",-80.72,-71.81%,8.61,5.26,10.08,4.21,34.37,-87.87,-73.59,260385,Strengthening,Strong,26.72%,0.49,3.95,4.47,10%
DXST,"Decent Holding Inc","Waste Removal Svcs",2.3,-8.37%,1,Sell,"56% Sell",-81.98,-93.52%,2.42,2.53,2.85,2.56,36.17,-109.58,-105.92,1445830,Weakening,Weak,26.99%,0.07,2.42,2.7,-43%
JEM,"707 Cayman Holdings Limited","Textile - Apparel",3.68,-1.87%,1,Sell,"100% Sell",-83.12,-96.41%,12.37,4.5,15.55,4.08,40.12,-112.47,-103.87,494745,Average,Weak,29.23%,0.05,3.5,4.67,16%
RGNT,"Regentis Biomaterials Ltd","Medical - Biomedical",2.04,-2.86%,3,Hold,N/A,-83.77,N/A,2.45,1.99,2.73,1.98,50.87,N/A,-82.27,N/A,N/A,N/A,46.22%,0.33,1.74,2.21,63%
TNMG,"Tnl Mediagene","Advertising Marketing Services",5.01,+10.35%,2,Buy,"24% Sell",-84.16,-88.77%,4.33,3.48,8.13,3.67,64.69,-104.83,-89.6,803837,Weakening,Weak,50.88%,0.54,2.53,4.81,109%
SCLX,"Scilex Holding Co.","Medical - Biomedical",4.94,-3.14%,2,Sell,"100% Sell",-84.22,-82.72%,6.91,6.13,7.14,5.24,37.39,-98.78,-72.05,80146,Strongest,Average,32.18%,0.52,4.86,5.61,10%
SKYQ,"Sky Quarry Inc","Oil - US Integrated",2.91,+14.57%,5,Sell,"72% Sell",-84.30,-17.80%,3.02,3.31,3.67,2.81,50.19,-33.86,50.21,6507498,Weakening,Weak,12.58%,6.2,2.38,3.23,62%
NIPG,"Nip Group Inc ADR",Gaming,13.8,+3.53%,2,Buy,"8% Sell",-86.06,-73.79%,12.06,12.1,15.67,13.91,52.36,-89.85,-66.39,14148,Weakening,Weak,25.81%,0.17,12.27,15.55,47%
YXT,"Yxt.com Group ADR","Internet - Software",2.4,+0.84%,1,Sell,"100% Sell",-86.35,-76.00%,3.99,3.6,4.44,2.47,44.98,-92.06,-82.54,483402,Average,Strong,40.89%,0.01,2.13,2.81,39%
SNAL,"Snail Inc Cl A",Gaming,2.56,-3.76%,2,Sell,"72% Sell",-86.42,-49.80%,3.67,3.52,3.51,2.66,36.43,-65.86,-54.95,1460884,Strengthening,Average,58.31%,0.24,2.4,2.92,31%
CIIT,"Tianci International Inc","Transportation - Ship",2.79,+6.50%,2,Sell,"88% Sell",-86.53,-93.97%,6.79,3.22,11.44,2.74,44.79,-110.03,-100.57,291013,Weakest,Soft,36.89%,0.19,2.26,3.22,54%
VRAX,"Virax Biolabs Group Limited","Medical - Biomedical",2.44,-4.31%,1,Sell,"100% Sell",-87.69,-84.69%,3.65,2.9,3.9,2.62,41.7,-100.75,-84.32,956401,Strengthening,Average,45.38%,0.03,2.32,2.91,20%
GNLN,"Greenlane Holdings Inc Cl A","Food - Misc & Diversified",2.99,+10.33%,4,Buy,"24% Sell",-87.96,-89.04%,2.83,2.44,3.45,2.72,59.36,-105.1,-88.73,83876,Weakening,Minimum,55.31%,0.62,2.4,3.04,92%
AKTX,"Akari Therapeutics ADR","Medical - Biomedical",10.06,+4.14%,8,Buy,"40% Buy",-88.06,-77.34%,10.08,9.11,8.98,10.31,52.21,-93.4,-25.52,275350,Average,Minimum,38.49%,0.72,8.99,11.64,40%
SDOT,"Sadot Group Inc","Consumer Prdts - Misc Staple",11.23,+1.26%,2,Sell,"100% Sell",-88.34,-90.67%,14.54,14.07,21.35,12.68,43.43,-106.73,-66.14,1489189,Strengthening,Weak,11.93%,0.02,10.18,15.17,21%
SHPH,"Shuttle Pharmaceuticals Holdings Inc","Medical - Drugs",4,+11.42%,5,Buy,"56% Sell",-88.40,-90.95%,4.26,3.59,5.85,3.52,57.96,-107.01,-90.32,793297,Weakest,Weak,67.52%,0.19,3.14,3.91,112%
AMIX,"Autonomix Medical Inc","Medical Instruments",4.07,+2.26%,1,Sell,"100% Sell",-88.46,-81.72%,6.5,5.6,7.14,4.48,41.06,-97.78,-77.3,1482620,Average,Average,17.75%,0.01,3.66,5.3,25%
LGCL,"Lucas Gc Limited","Technology Services",3.05,-3.48%,2,Sell,"100% Sell",-88.75,-99.66%,144.53,78.56,168.62,3.66,26.22,-115.72,-111.42,102722,Average,Average,21.64%,0.2,1.86,5.45,33%
DCOY,"Decoy Therapeutics Inc","Medical - Biomedical",3.11,-19.22%,3,Hold,"80% Sell",-89.25,-93.66%,4.98,3.6,5.62,2.89,49.07,-109.72,-72.59,812823,Average,Weak,21.61%,0.51,2.35,3.44,70%
OMH,"Ohmyhome Limited","Technology Services",2.43,-2.80%,2,Sell,"100% Sell",-89.69,-96.26%,20.66,6.37,33.38,2.7,36.85,-112.32,-106.52,226796,Weakening,Strong,34.82%,0.07,1.76,3.64,36%
BIRD,"Smartbird Inc","Shoes and Related Apparel",2.38,+0.42%,2,Sell,"100% Sell",-89.72,-60.79%,3.38,2.46,3.75,2.44,45.4,-76.85,-54.49,2471881,Weakening,Average,39.39%,0.77,2.24,2.64,35%
DBGI,"Digital Brands Group Inc","Retail - Apparel & Shoes",5.13,-10.16%,2,Sell,"88% Sell",-89.93,-98.14%,23.07,11.13,47.97,5,40,-114.2,-111.53,285292,Weakest,Average,46.39%,0.99,2.83,7.18,53%
ASTC,"Astrotech Corp","Aerospace - Defense Equipment",7.18,-3.23%,1,Sell,"24% Sell",-89.97,+39.69%,10.55,7.42,8.04,6.94,49.8,23.63,94.97,2007416,Weakest,Minimum,70.93%,0.16,6.02,7.85,63%
HAO,"Haoxi Health Technology Limited Class A Ord Shar","Advertising Marketing Services",2.97,-6.01%,2,Sell,"100% Sell",-90.17,-99.91%,104.09,3.31,1020.61,3.01,25.92,-115.97,-112.43,138770,Weakening,Average,37.58%,0.31,2.61,3.41,45%
SXTC,"China Sxt Pharmaceuticals Inc","Medical - Drugs",2.55,+1.59%,1,Sell,"88% Sell",-90.74,-99.99%,91.39,23.15,113.23,2.45,26.1,-116.05,-112.53,405152,Weakening,Weak,59.84%,0.03,1.81,3.09,58%
MI,"Nft Limited Class A Ordinary Share","Internet Commerce",2.31,-4.15%,2,Sell,"100% Sell",-91.19,-99.18%,9.88,5.49,53.47,2.32,30.97,-115.24,-111.82,29187,Weakening,Average,63.49%,0.43,1.95,2.69,49%
XCH,"Xchg Limited Ads","Electronics Products - Misc",3.16,0.00%,1,Sell,"100% Sell",-91.91,-87.94%,10.49,6.19,14.86,3.35,28.29,-104.,-98.56,17273,Average,Maximum,31.86%,0.14,2.72,3.98,35%
IPDN,"Professional Diversity Network Inc",Outsourcing,4.17,-23.06%,4,Sell,"88% Sell",-92.30,-96.80%,13.21,7.25,20.71,3.71,43.82,-112.86,-100.35,313073,Weakening,Average,34.41%,0.57,2.75,4.66,74%
VBIO,"Valion Bio Inc","Medical - Biomedical",3.48,+27.47%,2,Sell,"88% Sell",-92.60,-95.42%,11.39,4.98,15.63,2.62,50.69,-111.48,-102.94,208252,Weakest,Average,58.01%,14.09,1.71,3.54,97%
DSY,"Big Tree Cloud Holdings Limited","Consumer Prdts - Misc Staple",3.6,-1.64%,1,Sell,"24% Sell",-92.70,-85.37%,3.33,3.74,3.15,3.72,45.28,-101.43,-46.48,1063312,Weakest,Minimum,32.01%,0.01,3.39,4.06,32%
HKIT,"Hitek Global Inc Ordinary Share","Technology Services",2.79,+0.18%,3,Sell,"88% Sell",-92.82,-99.96%,15.14,2.96,737.37,2.69,41.12,-116.02,-112.51,251120,Weakest,Average,55.28%,0.78,2.28,3.09,62%
PCLA,"Picocela Inc ADR","Diversified Comm Services",7.2,-0.69%,4,Hold,"80% Buy",-92.88,-50.31%,5.71,6.61,4.69,7.29,50.35,-66.37,-33.07,867037,Average,Weak,12.91%,0.14,5.32,9.27,48%
INLF,"Inlif Limited","Medical Products",2.95,+1.37%,1,Sell,"100% Sell",-92.97,-99.89%,255.2,3.89,491.77,3.35,24.9,-115.95,-112.35,1043073,Weakening,Good,19.09%,2.75,2.39,4.31,29%
MNTS,"Momentus Inc","Aerospace - Defense",4.28,+1.30%,5,Hold,"64% Sell",-93.30,-81.53%,6.69,4.41,6,4.18,48.5,-97.59,-24.55,3269251,Weakening,Weak,62.30%,0.63,3.93,4.43,71%
SEGG,"Sports Entertainment Gaming Global Corp",Gaming,2.88,+0.35%,3,Buy,"88% Sell",-93.75,-91.77%,6.22,3.2,6.1,2.97,44.73,-107.83,-56.18,653928,Strengthening,Weak,33.77%,0.43,2.39,3.55,42%
CPOP,"Pop Culture Group Company Cl A","Advertising Marketing Services",5.47,+5.80%,2,Buy,"56% Sell",-93.84,-97.40%,21.12,5.12,30.15,4.36,53.69,-113.46,-103.86,176913,Weakest,Average,56.35%,0.13,3.08,5.65,93%
GAUZ,"Gauzy Ltd","Electronics Products - Misc",6.45,-3.30%,2,Hold,"96% Sell",-94.45,-94.55%,9.52,7.34,10.69,7.32,42.47,-110.61,-87.54,85793,Average,Weak,25.42%,0.02,6.02,8.63,16%
FXHO,"Utime Ltd","Wireless Equipment",9.75,-11.04%,7,Sell,"56% Sell",-94.87,-99.82%,11.01,11.57,16.38,11.81,40.98,-115.88,-93.42,155425,Weakening,Weak,14.59%,0.12,9.79,13.83,-1%
PAVS,"Paranovus Entertainment Technology Ltd","Conglomerates - Div Operations",4.33,+3.34%,3,Sell,"100% Sell",-95.09,-100.00%,34.39,5.04,248.33,4.52,35.82,-116.06,-112.33,410307,Weakening,Weak,22.87%,0.02,3.73,5.32,38%
NTCL,"Netclass Technology Inc Cl A","Internet - Software",2.09,+1.95%,2,Sell,"88% Sell",-95.11,-97.39%,15.45,2.59,16.51,2.06,40.53,-113.45,-100.44,67517,Weakest,Soft,65.46%,0.25,1.75,2.36,56%
GNPX,"Genprex Inc","Medical - Biomedical",3.52,-6.13%,2,Sell,"88% Sell",-95.52,-98.46%,9.77,4.74,18.43,3.5,37.83,-114.52,-103.4,93851,Weakest,Weak,50.53%,0.9,3.27,3.73,54%
ARTL,"Artelo Biosciences Inc","Medical - Biomedical",5.17,-29.27%,5,Hold,"96% Sell",-95.72,-96.64%,10.2,6.68,21.85,5.45,46.56,-112.7,-96.84,305139,Average,Weak,22.10%,1.78,3.47,7.43,43%
TRNR,"Interactive Strength Inc","Leisure & Recreation Services",2.44,-7.92%,6,Sell,"100% Sell",-95.98,-99.01%,4.07,3.11,5.98,2.9,34.94,-115.07,-108.47,122731,Strengthening,Weak,21.60%,1.49,2.59,3.21,-24%
RBNE,"Robin Energy Ltd","Transportation - Ship",2.33,-1.69%,9,Sell,"100% Sell",-96.17,-97.59%,8.54,2.86,16.84,2.58,36.58,-113.65,-107.24,161372,Weakening,Soft,10.15%,0.23,2.26,2.89,11%
ELPW,"Elong Power Holding Cl A","Electronics Products - Misc",2.68,+0.37%,1,Sell,"100% Sell",-96.37,-99.99%,39.15,5.2,111.09,2.94,32.72,-116.05,-112.5,223495,Weakening,Weak,19.24%,0.08,2.13,3.75,34%
BYAH,"Park Ha Biological Technology Co. Ltd","Consumer Prdts - Misc Staple",2.87,+8.71%,3,Sell,"88% Sell",-96.57,-98.51%,6.06,2.9,7.36,2.57,52.54,-114.57,-108.03,312313,Weakest,Weak,33.33%,0.07,2.21,2.94,91%
NXTT,"Next Technology Holding Inc","Internet - Software",5.68,-0.44%,1,Sell,"88% Sell",-97.10,-99.76%,80.95,22.26,128.59,5.61,27.68,-115.82,-111.6,54515,Weakening,Weak,53.52%,0.08,4.52,6.71,53%
AKAN,"Akanda Corp","Medical Products",3.13,+0.64%,1,Sell,"88% Sell",-97.16,-96.77%,11.59,4.87,10.02,3.31,38.85,-112.83,-82.12,1269626,Weakening,Weak,28.70%,0.14,2.44,4.17,40%
CYCU,"Cycurion Inc","Protection - Safety",2.86,-4.98%,1,Sell,"100% Sell",-97.27,-95.79%,5.11,4.23,6.87,3.38,37.44,-111.85,-99.59,815463,Strengthening,Weak,13.83%,0.1,2.86,3.89,0%
IPST,"Ip Strategy Holdings Inc","Finance - Misc Services",3.05,+6.64%,1,Hold,"96% Sell",-98.05,-99.01%,3.99,3.88,5.59,3.53,44.25,-115.07,-102.76,831105,Weakening,Weak,23.63%,0.03,2.3,4.75,31%
INHD,"Inno Holdings Inc","Electronic Misc Services",3.13,-0.63%,2,Sell,"100% Sell",-98.24,-99.59%,7.24,5.83,12.92,4.16,40.57,-115.65,-98.81,1863201,Average,Weak,14.74%,0,2.41,5.91,21%
BIYA,"Baiya International Group Inc","Internet - Software",2.07,-0.24%,1,Sell,"100% Sell",-98.43,-98.60%,5.12,2.71,8.19,2.18,37.31,-114.66,-107.2,1861956,Weakening,Weak,14.60%,0,2.01,2.36,15%
LGHL,"Lion Group Holding Ltd ADR","Finance - Misc Services",7.36,+2.94%,2,Sell,"100% Sell",-98.49,-99.77%,64.98,14.86,105.27,8.28,33.73,-115.83,-110.95,89805,Weakening,Weak,45.16%,0.08,5.79,10.77,31%
VMAR,"Vision Marine Technologies Inc","Leisure & Recreational Prdcts",8.06,+8.04%,2,Sell,"56% Sell",-98.71,-99.86%,27.09,7.52,85.33,7.82,49.57,-115.92,-111.53,161177,Weakest,Weak,44.93%,0.13,6.76,8.87,62%
DFNS,"T3 Defense Inc","Aerospace - Defense",7.87,0.00%,1,Sell,"100% Sell",-99.30,-98.84%,27.87,20.13,61.62,9.44,37.68,-114.9,-110.98,1174608,Weakening,Soft,15.67%,0.05,6.47,12.41,24%
PFSA,"Profusa Inc","Medical Information Systems",3.03,+47.80%,1,Sell,"88% Sell",-99.33,-99.87%,16.21,4.68,38.06,2.52,47.41,-115.93,-112.15,811902,Weakest,Weak,43.83%,25.28,1.38,3.67,72%
LRHC,"LA Rosa Holdings Corp","Conglomerates - Div Operations",2.63,-1.50%,1,Sell,"100% Sell",-99.37,-99.94%,5.71,3.99,16.43,2.68,40.33,-116.,-111.85,108383,Weakening,Weak,34.19%,0.13,2.35,3.01,42%
KIDZ,"Kidz AI Inc",Schools,2.61,-7.28%,3,Sell,"100% Sell",-99.69,-99.97%,24.59,5.19,151.61,3.51,27.86,-116.03,-112.34,412457,Weakening,Weak,14.21%,0.14,2.25,4.77,14%
WHLR,"Wheeler Real Estate","REIT - Equity Trust Retail",3.74,-31.25%,2,Sell,"100% Sell",-99.72,-100.00%,298.2,18.53,1028.08,4.34,26.33,-116.06,-112.51,609336,Weakening,Weak,29.98%,1.44,0.11,8.57,43%
HUBC,"Hub Cyber Security Ltd","Protection - Safety",2.33,-27.41%,4,Sell,"100% Sell",-99.76,-100.00%,47.72,18.25,4061.08,11.23,22.39,-116.06,-112.54,73583,Average,Weak,1.41%,5.69,-1.22,23.68,14%
AIAI,"Aiai Holdings Corporation Cl A","Technology Services",3.33,+1.83%,1,N/A,N/A,N/A,N/A,0,4.69,0,3.6,39.39,N/A,N/A,N/A,N/A,N/A,26.80%,0.47,3,4.21,28%
AIIR,"Air Global Plc",Tobacco,7.47,-0.27%,4,N/A,N/A,N/A,N/A,0,6.93,0,7.37,52.57,N/A,N/A,N/A,N/A,N/A,61.73%,0.61,6.83,7.91,59%
AMAN,"Amanat Acquisition Corp",Unclassified,10.64,-0.37%,3,N/A,N/A,N/A,N/A,0,10.47,0,10.69,51.53,N/A,N/A,N/A,N/A,N/A,63.33%,0.1,10.62,10.77,14%
ARXS,"Arxis Inc Cl A","Electronics - Misc Components",51.3,+0.27%,3,Hold,N/A,N/A,N/A,46.04,51.51,0,51.62,48.46,N/A,N/A,N/A,N/A,N/A,46.78%,1.79,48.92,54.32,44%
AVEX,"Aevex Corp Cl A","Aerospace - Defense",16.68,+1.46%,1,Sell,N/A,N/A,N/A,20.32,17.41,0,16.6,47.52,N/A,N/A,N/A,N/A,N/A,42.36%,0.67,15.17,18.03,53%
AYA,"Aya Gold & Silver Inc","Mining - Misc",27.94,-0.89%,5,N/A,N/A,N/A,N/A,0,25.48,0,28.34,51.7,N/A,N/A,N/A,N/A,N/A,64.74%,0.92,26.21,30.48,41%
AZUL,"Azul S.A. ADR","Transportation - Airline",6.17,-1.28%,1,N/A,N/A,N/A,N/A,0,7.75,0,6.93,19.61,N/A,N/A,N/A,N/A,N/A,15.43%,10.99,6.06,7.8,6%
BOT,"Robostrategy Inc","Finance - Investment Mgmt",30.01,+5.72%,5,N/A,N/A,N/A,N/A,0,28,0,27.33,57.84,N/A,N/A,N/A,N/A,N/A,65.24%,0.87,24.87,29.79,104%
BXDC,"Blackstone Digital Infrastructure Trust Inc","REIT - Equity Trust Other",19.57,+1.29%,2,N/A,N/A,N/A,N/A,0,20.16,0,19.84,44.91,N/A,N/A,N/A,N/A,N/A,22.73%,1.56,19.02,20.67,33%
CLBR,"Colombier Acquisition Corp III Cl A",Unclassified,10.205,-0.10%,7,Sell,N/A,N/A,N/A,10.21,10.26,0,10.23,44.27,N/A,N/A,N/A,N/A,N/A,45.00%,0.02,10.19,10.26,23%
DPC,"Dpc Holdings Plc","Aerospace - Defense",41.34,-1.41%,3,N/A,N/A,N/A,N/A,0,45.66,0,41.65,45.33,N/A,N/A,N/A,N/A,N/A,34.57%,1.24,38.35,44.94,45%
ELOX,"Eloxx Pharmaceuticals Inc","Medical - Biomedical",16,+3.66%,1,N/A,N/A,N/A,N/A,0,16.22,0,16.26,47.19,N/A,N/A,N/A,N/A,N/A,42.59%,0.57,14.24,18.28,44%
EROC,"Erock Inc Cl A","Other Alt Energy",12.06,-3.67%,4,N/A,N/A,N/A,N/A,0,12.26,0,12.31,46.98,N/A,N/A,N/A,N/A,N/A,48.49%,0.63,10.82,13.81,42%
FCBM,"First Carolina Financial Services Inc","Banks - Southeast",12.71,-0.16%,8,N/A,N/A,N/A,N/A,0,12.7,0,12.77,48.07,N/A,N/A,N/A,N/A,N/A,40.93%,0.81,12.51,13.04,38%
FRBT,"Forbright Inc Cl A","Banks - West",17.92,+0.28%,6,N/A,N/A,N/A,N/A,0,18.94,0,18.44,42.21,N/A,N/A,N/A,N/A,N/A,25.00%,0.46,17.64,19.25,18%
HLXC,"Helix Acquisition Corp. III Cl A",Unclassified,10.94,+1.58%,2,Buy,N/A,N/A,N/A,10.42,10.61,0,10.81,60.56,N/A,N/A,N/A,N/A,N/A,60.00%,16.72,10.58,11.04,79%
HMH,"Hmh Holding Inc","Oil Field Machinery & Equip",18.62,+0.38%,5,Hold,N/A,N/A,N/A,20.22,19.83,0,19.41,41.7,N/A,N/A,N/A,N/A,N/A,13.56%,0.85,18.15,20.67,19%
JATT,"Jatt II Acquisition Corp",Unclassified,11.42,+0.71%,2,N/A,N/A,N/A,N/A,0,12.07,0,12.03,38.01,N/A,N/A,N/A,N/A,N/A,15.79%,1.09,11.48,12.59,-6%
MFP,"Midera Food Processing Inc","Food - Misc & Diversified",42.98,-4.06%,2,N/A,N/A,N/A,N/A,0,45.49,0,44.2,46.1,N/A,N/A,N/A,N/A,N/A,66.15%,0.58,40.53,47.87,33%
NHP,"National Healthcare Properties Inc Cl A","REIT - Equity Trust Resident",16.22,+0.25%,3,Hold,N/A,N/A,N/A,15.29,16.17,0,16.15,51.09,N/A,N/A,N/A,N/A,N/A,56.39%,1.62,15.8,16.49,61%
OPI,"Office Properties Income Trust","REIT - Equity Trust Other",16.78,-4.60%,1,N/A,N/A,N/A,N/A,0,17.99,0,17.2,43.73,N/A,N/A,N/A,N/A,N/A,79.28%,0.22,16.08,18.31,31%
OPTH,"Optimi Health Corp","Medical - Drugs",4.9,-1.21%,4,N/A,N/A,N/A,N/A,0,4.83,0,4.82,51.96,N/A,N/A,N/A,N/A,N/A,76.11%,0.6,4.44,5.2,61%
QNT,"Quantinuum Inc Cl A","Internet - Software",49.39,-1.44%,4,N/A,N/A,N/A,N/A,0,54.1,0,50.15,43.52,N/A,N/A,N/A,N/A,N/A,36.58%,1.41,46.57,53.73,39%
SPCX,"SpaceX Corp","Wireless National",148.03,-0.22%,10,N/A,N/A,N/A,N/A,0,135.57,0,148.01,52.22,N/A,N/A,N/A,N/A,N/A,53.17%,0.75,139.07,156.94,50%
"Downloaded from Barchart.com as of 09-24-2026 09:15pm CDT"
