Symbol,Name,Industry,Latest,%Change,"1M #Hi",Trend,Opinion,"Wtd Alpha","52W %Chg","100D MA","50D MA","150D MA","20D MA","14D RSI","1Y vs IDX","YTD vs IDX","200D Avg Vol",Direction,Strength,"14D Stoch %K","50D RelVol","BB Lower","BB Upper",BB%
MU,"Micron Technology","Computer - Integrated Systems",1016.59,+6.10%,5,Buy,"100% Buy",+436.68,+718.44%,863.45,938.28,710.23,943.3,60.15,699.73,243.44,41192035,Strongest,Strong,64.23%,0.89,868.53,1018.08,99%
BUUU,"BuUU Group Limited Class A Ordinary Share","Internet - Software",34.6,+9.25%,4,Buy,"100% Buy",+299.01,+422.66%,21.26,24.94,18.75,29.7,64.6,403.95,426.19,47237,"Top 1%","Top 1%",55.03%,1.7,26.34,33.06,123%
ATEX,"Anterix Inc.","Communications Infrastructure",86.27,-0.95%,2,Sell,"40% Buy",+278.49,+287.38%,78.09,96.22,64.04,90.57,41.68,268.67,282.44,364207,Weakest,Average,26.47%,0.42,85.31,95.83,9%
LITE,"Lumentum Holdings","Communications Components",881.26,+4.00%,5,Buy,"72% Buy",+272.10,+521.00%,860.09,816.39,799.35,883.89,51.78,502.29,126.34,5397924,Average,Soft,40.44%,0.77,796.82,970.96,48%
WDC,"Western Digital Corp","Computer - Storage Devices",467.46,+5.86%,1,Sell,"24% Buy",+258.28,+416.59%,506.73,506.98,433.52,464.23,48.28,397.88,158.6,8522752,Weakening,Weak,29.17%,0.74,414.42,514.04,53%
DRTS,"Alpha Tau Medical Ltd Cl A","Medical Instruments",15.03,+2.80%,9,Buy,"100% Buy",+229.66,+330.66%,11.28,13.3,9.93,14.43,62.6,311.95,190.89,541662,"Top 1%",Maximum,68.19%,1.07,13.68,15.17,91%
GLBS,"Globus Maritime Limi","Transportation - Ship",3.69,-1.86%,8,Buy,"100% Buy",+222.16,+261.76%,2.73,3.24,2.45,3.68,56.72,243.05,98.11,141622,Strengthening,Maximum,69.40%,0.84,3.46,3.89,53%
ASX,"Ase Industrial Holding Ltd ADR","Electronics - Semiconductors",37.51,+0.21%,5,Sell,"40% Buy",+215.83,+263.82%,36.64,38.52,31.93,37.67,49.77,245.11,120.23,8384277,Weakest,Average,44.23%,0.78,35.24,40.09,47%
LBRX,"Lb Pharmaceuticals Inc","Medical - Biomedical",49.34,+3.83%,5,Buy,"100% Buy",+211.75,N/A,35.18,40.51,31.56,47.44,62.87,N/A,108.9,285701,Strongest,Maximum,70.72%,0.59,44.68,50.21,84%
RVMD,"Revolution Medicines Inc","Medical - Biomedical",210.02,-0.40%,8,Hold,"88% Buy",+201.31,+439.20%,173.72,196.79,149.1,210.02,55.74,420.49,150.93,2861522,Weakening,Maximum,43.83%,0.42,201.03,219,50%
ANAB,"Anaptysbio Inc","Medical - Biomedical",56.8,-1.15%,7,Sell,"8% Sell",+171.98,+303.98%,58.21,58.18,51.84,57.4,49.26,285.27,62.99,710254,Weakest,Weak,36.11%,1.72,54.94,59.85,38%
BE,"Bloom Energy Corp Cl A","Other Alt Energy",252.87,+7.35%,4,Buy,"56% Buy",+155.13,+360.52%,249.71,226.48,217.37,218.54,63.09,341.81,178.27,12564473,Average,Soft,78.07%,1.05,191.01,246.07,112%
AMD,"Adv Micro Devices","Computer - Integrated Systems",477.57,+4.69%,3,Sell,"56% Buy",+155.03,+195.18%,466.56,499.27,380.91,475.2,49.67,176.47,110.25,33939371,Average,Average,33.92%,0.79,445.94,504.46,54%
PARR,"Par Pacific Holdings Inc","Oil - Refining and Marketing",81.32,-0.81%,2,Buy,"100% Buy",+152.08,+138.06%,66.68,74.25,61.55,78.09,57.35,119.35,118.67,1183531,Strongest,Maximum,78.31%,0.58,71.75,84.43,75%
ARWR,"Arrowhead Pharma","Medical - Biomedical",86.34,-0.17%,2,Sell,"72% Buy",+144.29,+208.36%,79.67,84.01,73.79,86.96,51.53,189.65,17.3,2381919,Weakening,Average,56.20%,0.37,83.05,90.87,42%
ABSI,"Absci Corp","Medical - Biomedical",8.82,+0.23%,6,Buy,"56% Buy",+143.82,+267.50%,7.51,9.25,5.93,9.18,48.52,248.79,139.97,4269753,Weakest,Good,26.75%,0.59,8.5,9.86,24%
AP,"Ampco-Pittsburgh Corp","Metal Production & Fabrication",8.68,+2.24%,5,Buy,"8% Buy",+140.35,+210.00%,9.58,8.52,9.03,8.9,48.58,191.29,50.1,211298,Weakest,Minimum,34.14%,0.38,8.17,9.63,35%
EWTX,"Edgewise Therapeutics Inc","Medical - Biomedical",43.07,+2.67%,2,Buy,"88% Buy",+140.16,+194.60%,38.28,42.24,35.67,43.66,51.13,175.89,60.81,1261279,Average,Strong,28.46%,0.69,41.42,45.89,37%
DSGN,"Design Therapeutics Inc","Medical - Biomedical",15.14,+0.73%,9,Buy,"100% Buy",+140.10,+147.79%,13.25,14.07,12.39,15.12,56.08,129.08,48.66,562312,Strengthening,Strong,51.79%,0.38,14.31,15.94,51%
GH,"Guardant Health Inc","Medical - Biomedical",161.41,+0.23%,4,Buy,"88% Buy",+133.33,+163.05%,134.71,159.52,121.15,163.79,50.21,144.34,45.28,2255104,Average,Strong,38.75%,0.92,156.36,171.22,34%
SIMO,"Silicon Motion Techn ADR","Computer - Integrated Systems",256.21,+8.70%,4,Sell,"24% Buy",+129.55,+215.65%,257.05,268.15,213.07,247.84,51.22,196.94,163.64,809185,Weakening,Weak,36.80%,0.74,224.05,271.63,68%
SMTC,"Semtech Corp","Semi Analog & Mixed",147.88,+9.22%,4,Buy,"72% Buy",+128.06,+146.89%,135.07,132.84,118.24,134.27,58.68,128.18,87.94,2586054,Strengthening,Average,63.08%,0.9,118.18,150.36,92%
BTSG,"Brightspring Health Services Inc","Medical Services",60.73,-1.14%,1,Sell,"24% Buy",+125.54,+152.10%,60.88,65.1,54.42,59.83,48.21,133.39,49.41,2803046,Weakest,Weak,65.18%,0.49,57.44,62.23,69%
WHWK,"Whitehawk Therapeutics Inc","Medical - Biomedical",4.6,-0.65%,7,Buy,"88% Buy",+124.97,+154.14%,4.28,4.3,3.98,4.72,51.16,135.43,77.33,294276,Weakening,Good,32.17%,0.37,4.43,5,30%
HUT,"Hut 8 Corp","Finance - Misc Services",93.54,+6.19%,1,Sell,"8% Buy",+122.61,+265.27%,99.14,95.81,83.81,84.46,54.37,246.56,90.87,5135863,Weakest,Weak,63.20%,1.2,75.8,93.12,102%
MNPR,"Monopar Therapeutics Inc","Medical - Biomedical",117.56,-0.84%,2,Hold,"96% Buy",+122.26,+202.68%,85.38,109.57,75.87,114.54,56.54,183.97,67.28,218962,Average,Strong,65.61%,0.35,107.2,121.88,71%
ZBIO,"Zenas Biopharma Inc","Medical - Biomedical",32.88,-0.12%,5,Buy,"88% Buy",+115.24,+93.64%,24.93,30.59,24.36,31.88,56.45,74.93,-22.2,757133,Average,Average,80.07%,0.53,29.61,34.15,72%
CNC,"Centene Corp","Medical - HMO",67.04,-1.44%,2,Buy,"100% Buy",+115.20,+134.00%,60.69,65.53,53.31,65.68,55.67,115.29,50.17,5914879,Average,Strong,79.91%,0.65,63.41,67.96,80%
KNSA,"Kiniksa Pharmaceuticals International Plc","Medical - Biomedical",77.91,-3.18%,5,Buy,"88% Buy",+113.39,+119.40%,61.93,71.87,56.61,78.82,53.62,100.69,76.12,649163,Weakening,Maximum,58.86%,0.56,76.57,81.07,30%
NBR,"Nabors Industries","Oil & Gas - Drilling",90.84,-2.29%,7,Buy,"56% Buy",+112.89,+140.44%,90.67,85.71,86.43,91.66,51.78,121.73,54.54,334480,Weakening,Soft,63.11%,0.85,86.7,96.63,42%
BVS,"Bioventus Inc Cl A","Medical - Drugs",14.07,-2.02%,1,Buy,"100% Buy",+112.46,+98.17%,11.24,12.88,10.41,14.06,55.53,79.46,76.36,503161,Strengthening,Maximum,55.86%,0.67,13.53,14.6,51%
OII,"Oceaneering International","Oil - Field Services",51.4,-0.73%,5,Buy,"88% Buy",+111.80,+108.27%,42.57,47.34,40.01,51.58,55.38,89.56,101.15,1087959,Average,Maximum,57.37%,0.36,49.4,53.75,46%
RCUS,"Arcus Biosciences Inc","Medical - Biomedical",29.66,-1.56%,5,Buy,"88% Buy",+106.38,+156.57%,26.96,29.19,25.14,29.75,51.53,137.86,11.71,1356843,Weakening,Average,50.52%,0.62,28.31,31.18,47%
NRXS,"Neuraxis Inc","Medical Information Systems",5.96,-1.81%,3,Sell,"40% Sell",+103.19,+142.08%,7.01,6.6,6.71,6.16,40.36,123.37,18.53,205031,Average,Weak,36.63%,0.57,5.71,6.62,27%
LXRX,"Lexicon Pharmaceutcl","Medical - Biomedical",2.24,-0.88%,1,Sell,"40% Buy",+102.87,+109.35%,2.14,2.32,1.94,2.31,45.67,90.64,82.03,2747247,Weakest,Average,25.14%,0.29,2.17,2.45,24%
INNV,"Innovage Holding Corp","Medical Services",10.75,-0.19%,5,Hold,"48% Buy",+102.59,+194.52%,9.61,11.22,9.18,10.8,46.6,175.81,94.38,280130,Weakest,Good,21.32%,0.55,10.38,11.22,44%
IRWD,"Ironwood Pharmaceuti","Medical - Drugs",4.26,-0.70%,2,Buy,"96% Buy",+101.33,+287.27%,4.02,4.18,3.95,4.26,51.36,268.56,13.66,2989961,Weakening,Weak,64.79%,0.37,4.06,4.46,50%
CXW,"Corecivic Inc","REIT - Equity Trust Other",34.71,+3.12%,4,Buy,"100% Buy",+100.23,+74.69%,27.28,31.89,24.46,33.3,62.06,55.98,68.88,1192761,Strongest,Maximum,72.63%,0.73,31.81,34.78,98%
ANIK,"Anika Therapeutics","Medical - Biomedical",20.81,-0.90%,4,Buy,"88% Buy",+99.69,+128.93%,16.58,18.38,15.42,21.29,54.56,110.22,103.8,124515,Weakening,Maximum,41.34%,0.93,20.6,21.97,15%
LCUT,"Lifetime Brands Inc","Consumer Prdts - Misc Discr",8.87,+0.68%,4,Buy,"88% Buy",+99.06,+106.76%,8.34,8.83,7,9.35,46.32,88.05,111.81,168167,Weakening,Good,18.85%,0.7,8.8,9.91,6%
PBT,"Permian Basin Royalty Trust","Oil - US Royalty Trusts",34.18,-0.64%,3,Buy,"100% Buy",+96.31,+90.63%,28.2,30.38,25.57,33.72,62.03,71.92,88.55,119865,Strengthening,Maximum,60.60%,0.62,32.46,34.98,68%
CHEF,"The Chefs Warehouse","Food - Misc & Diversified",114.36,+0.13%,7,Buy,"100% Buy",+95.21,+75.26%,91.91,104.72,82.67,111.48,59.89,56.55,70.73,507397,Average,Maximum,70.23%,0.7,106.85,116.11,81%
ADPT,"Adaptive Biotechnologies Corp","Medical - Biomedical",24.28,-1.18%,6,Hold,"80% Buy",+94.83,+86.48%,19.32,23.46,17.85,25.19,48.44,67.77,36.76,2364732,Weakening,Strong,21.69%,0.56,23.91,26.48,14%
QXL,"Quantum X Labs Inc","Technology Services",4.47,-3.14%,3,Sell,"40% Buy",+94.81,+59.06%,4.42,4.85,3.55,4.63,44.99,40.35,179.73,80811,Weakest,Average,56.21%,0.55,4.24,5.02,30%
ELVN,"Enliven Therapeutics Inc","Medical - Drugs",59.32,-0.55%,1,Hold,"96% Buy",+94.61,+196.45%,48.83,55.67,43.19,59.29,56.18,177.74,272.44,1151121,Average,Strong,52.85%,1.03,57.21,61.37,51%
MSBI,"Midland Sts BNC","Banks - Northeast",33.73,+0.60%,1,Buy,"100% Buy",+92.95,+80.66%,29.8,32.33,27.38,33.06,61.49,61.95,46.58,169440,Strengthening,Maximum,84.04%,0.48,32.28,33.84,93%
MITK,"Mitek Systems Inc","Computer - Optical",18.57,-1.49%,2,Buy,"100% Buy",+91.65,+92.24%,16.98,18.4,15.8,18.5,52.41,73.53,63.27,890626,Strengthening,Strong,50.72%,0.45,17.61,19.39,54%
RLYB,"Rallybio Corporaton","Medical - Biomedical",16.92,+0.30%,4,Buy,"100% Buy",+90.15,+261.03%,14.94,16.37,12.51,16.8,58.22,242.32,195.61,128682,Average,Strong,53.03%,0.14,16.49,17.12,69%
HNGE,"Hinge Health Inc Cl A","Medical Information Systems",92.37,+1.77%,6,Buy,"100% Buy",+86.86,+64.92%,70.51,85.38,60.36,89.48,58.95,46.21,86.11,1570202,Strongest,Maximum,65.52%,0.61,85.38,93.57,85%
PHOE,"Phoenix Asia Holdings Limited","Building - Heavy Construction",21.02,+4.67%,4,Sell,"40% Buy",+84.15,+175.47%,19.48,21.66,18.79,21.31,49.18,156.76,18.62,51522,Strengthening,Soft,20.55%,0.03,18.72,23.9,44%
ASRV,"Ameriserv Financial","Banks - Northeast",5.06,-0.20%,6,Buy,"100% Buy",+83.97,+65.90%,4.14,4.46,4,4.97,58.32,47.19,45.87,15910,Strongest,Maximum,55.22%,0.77,4.74,5.21,68%
UFCS,"United Fire Group","Insurance - Proprty & Casualty",55.98,-0.21%,2,Buy,"100% Buy",+83.31,+76.09%,48.91,52.84,45.2,53.95,65.82,57.38,41.25,131507,Strengthening,Maximum,84.32%,1.08,52.29,55.62,111%
TRDA,"Entrada Therapeutics Inc","Medical - Biomedical",7.13,-0.56%,4,Buy,"56% Sell",+82.74,+36.59%,8.01,7.06,9.39,7.3,49.25,17.88,-43.39,306517,Weakening,Average,42.72%,0.89,6.81,7.8,33%
NWPX,"Nwpx Infrastructure Inc","Steel - Specialty",107.68,-2.42%,1,Sell,"8% Buy",+81.26,+106.23%,118.39,124.85,104.34,112.02,34.02,87.52,59.56,136154,Weakening,Minimum,21.68%,0.64,107.04,117,6%
MGNX,Macrogenics,"Medical Products",4.4,+3.53%,7,Buy,"88% Buy",+80.87,+126.80%,4,4.2,3.5,4.11,59.08,108.09,160.54,1108335,Strengthening,Good,83.82%,0.53,3.89,4.34,114%
PVLA,"Palvella Therapeutics Inc","Medical - Biomedical",157.24,+1.14%,2,Buy,"100% Buy",+80.79,+190.43%,133.66,148.38,126.61,151.51,58.67,171.72,37.47,272366,Strongest,Strong,86.17%,0.69,143.11,159.91,84%
LNTH,"Lantheus Holdings","Medical Products",100.97,-0.01%,2,Sell,"56% Buy",+80.72,+87.61%,98.9,103.11,90.93,100.72,47.87,68.9,38.97,1095055,Weakest,Average,65.07%,0.59,100.16,101.29,72%
ARCB,"Arcbest Corp","Transportation - Truck",141.12,+2.75%,2,Sell,"40% Buy",+80.64,+89.60%,138.76,143.9,125.75,138.5,51.62,70.89,77.46,366458,Weakening,Soft,43.60%,0.55,131.32,145.68,68%
GEO,"Geo Group Inc","Government Services",31.77,+2.88%,5,Hold,"96% Buy",+80.51,+50.28%,26.97,30.82,23.24,31.51,54.14,31.57,84.33,2085184,Strengthening,Strong,33.38%,0.74,29.99,33.02,59%
SNX,"Synnex Corp","IT Services",262.64,+0.04%,1,Hold,"96% Buy",+80.14,+76.03%,250.03,252.87,222.17,254.97,57.78,57.32,62.08,770422,Strengthening,Average,72.80%,0.59,245.21,264.73,89%
ALAB,"Astera Labs Inc","Internet - Software",310.4,+9.75%,1,Sell,"40% Buy",+79.49,+65.15%,304.43,330.45,246.26,298.44,52.22,46.44,73.83,5357659,Weakening,Soft,37.39%,1.48,266.51,330.38,69%
JAZZ,"Jazz Pharma Plc","Medical - Biomedical",246.81,-0.30%,2,Hold,"64% Buy",+78.84,+92.79%,235.8,248.88,217.54,249.74,47.36,74.08,32.43,989893,Weakening,Good,22.61%,0.36,241.28,258.2,33%
BOTJ,"Bank of The Jame Fnl","Banks - Southeast",27.6,+0.40%,1,Buy,"100% Buy",+78.44,+79.10%,25.05,26.71,23.59,27.21,61.45,60.39,35.8,15012,Strongest,Maximum,59.58%,0.67,26.52,27.9,79%
AMRX,"Amneal Pharmaceuticals Inc","Medical - Drugs",17.44,-2.41%,1,Hold,"64% Buy",+77.64,+82.62%,15.72,17.76,14.92,17.82,45.09,63.91,25.66,2071805,Weakest,Strong,41.18%,0.74,17.18,18.46,21%
WTI,"W&T Offshore","Oil - US Exploration & Product",3.82,-1.80%,6,Buy,"88% Buy",+76.91,+109.89%,3.71,3.55,3.41,3.76,54.52,91.18,121.61,5008479,Average,Average,51.88%,0.61,3.52,4,62%
ARW,"Arrow Electronics","Electronics - Parts Distrib",215.97,+2.42%,1,Sell,"72% Buy",+76.53,+70.46%,207.96,209.42,188.02,208.46,56.26,51.75,83.27,601612,Average,Average,62.39%,0.8,199.04,217.88,90%
VSH,"Vishay Intertechnology","Semi Discretes",31.8,+4.43%,1,Sell,"24% Sell",+75.98,+107.57%,40.46,37.22,33.26,32.03,45.05,88.86,106.71,4086020,Weakest,Minimum,28.35%,0.71,28.83,35.23,46%
ANL,"Adlai Nortye Group Ltd ADR","Medical - Biomedical",15.01,+1.76%,7,Buy,"100% Buy",+74.96,+752.84%,12.51,12.55,11.36,13.86,61.39,734.13,944.29,455232,Strongest,Good,64.40%,1.57,12.63,15.1,96%
IMOS,"Chipmos Tech ADR","Semi-Eqpt Material Services",57.61,+2.18%,5,Sell,"40% Buy",+74.69,+237.89%,56.88,58.76,50.48,55.93,53.21,219.18,81.68,73165,Average,Soft,76.37%,0.7,52.23,59.63,73%
GOLD,"Gold.com Inc","Finance - Misc Services",46.13,+11.21%,7,Buy,"40% Buy",+74.59,+93.26%,42.74,42.47,45.28,44.66,56.29,74.55,22.73,603576,Average,Weak,52.85%,2.9,41.79,47.54,76%
UVE,"Universal Insurance Holdings Inc","Insurance - Proprty & Casualty",44.14,-1.41%,3,Buy,"100% Buy",+74.40,+73.37%,40.25,42.39,37.95,43.18,57.07,54.66,17.84,197766,Strengthening,Strong,79.08%,0.77,41.82,44.54,85%
QUAD,"Quad Graphics Inc","Advertising Marketing Services",10.7,+3.28%,2,Buy,"100% Buy",+73.33,+60.90%,8.46,9.38,7.88,10.11,69.68,42.19,57.9,236622,Strongest,Maximum,81.59%,1.79,9.66,10.56,116%
FTRE,"Fortrea Holdings Inc","Medical - Biomedical",17.7,-4.94%,1,Buy,"72% Buy",+72.92,+68.41%,16.14,18.29,14.29,18.3,45.26,49.7,-10.14,1464467,Weakest,Average,47.72%,0.55,17.3,19.3,20%
CHMG,"Chemung Financial Corp","Banks - Southeast",84.84,+0.32%,6,Buy,"100% Buy",+71.31,+57.43%,73.97,79.6,68.26,82.55,63.02,38.72,39.29,28479,Strongest,Maximum,88.07%,0.89,79.99,85.1,95%
JRSH,"Jerash Holdings Inc","Textile - Apparel",5.53,+0.91%,7,Buy,"100% Buy",+71.08,+61.22%,4.26,4.97,3.88,5.47,58.76,42.51,68.56,304149,Strongest,Maximum,41.51%,0.21,5.22,5.71,63%
LGND,"Ligand Pharm","Medical - Biomedical",285.6,-1.43%,2,Sell,"40% Buy",+71.01,+70.26%,266.79,297.52,244.55,287.51,47.18,51.55,38.31,262802,Weakest,Average,54.94%,0.42,279.03,296,39%
CARE,"Carter Bankshares Inc","Banks - Northeast",31.98,+0.66%,1,Sell,"56% Buy",+69.94,+63.25%,29.99,32.76,27.23,31.65,49.89,44.54,49.92,265667,Weakening,Good,62.16%,0.41,30.59,32.71,65%
HUM,"Humana Inc","Medical - HMO",401.54,-1.23%,7,Buy,"88% Buy",+69.61,+28.70%,341.83,388.35,288.28,387.9,59.4,9.99,44.02,1667590,Average,Strong,78.34%,0.61,371.54,404.26,92%
KOP,"Koppers Holdings Inc","Chemical - Diversified",47.78,+1.96%,2,Sell,"56% Buy",+69.61,+66.95%,44.55,47.79,41.72,46.42,54.29,48.24,63.69,182258,Weakening,Good,78.31%,0.96,44.05,48.8,79%
BRKR,"Bruker Corp","Industrial Scientific",58.5,-1.53%,7,Sell,"56% Buy",+68.86,+96.37%,53.11,58.74,48.02,57.95,51.21,77.66,11.43,2319535,Weakening,Good,53.71%,0.62,55.66,60.24,62%
RIG,"Transocean Inc","Oil & Gas - Drilling",5.85,-2.82%,10,Buy,"16% Buy",+68.57,+88.71%,5.85,5.42,5.98,5.83,54,70,28.9,38901805,Weakest,Minimum,65.62%,0.97,5.57,6.1,53%
TSM,"Taiwan Semiconductor ADR","Semi Fab Foundries",428.91,+2.85%,3,Hold,"80% Buy",+67.07,+82.35%,415.95,420.41,394.69,419.94,56.77,63.64,28.39,13125062,Average,Average,56.33%,0.97,407.13,432.74,85%
GCBC,"Greene County Bncp","Finance - Savings & Loan",35.65,+1.65%,2,Buy,"100% Buy",+67.07,+52.29%,29.85,33.95,27.54,34.78,63.54,33.58,47.62,22913,Strongest,Maximum,74.85%,0.36,34,35.57,105%
PESI,"Perma-Fix Envir","Pollution Controls",18.7,+1.74%,4,Buy,"100% Buy",+66.91,+55.32%,13.69,16.48,13.51,17.85,58.69,36.61,35.78,248510,Strongest,Maximum,68.89%,0.42,16.4,19.31,79%
PCVX,"Vaxcyte Inc","Medical - Biomedical",61.16,-0.02%,8,Buy,"100% Buy",+66.82,+90.23%,55.6,58.19,56.24,60.59,56.41,71.52,19.8,1379644,Strengthening,Average,56.73%,0.8,57.95,63.24,61%
ASYS,"Amtech Systems Inc","Semi General",14.95,+4.04%,2,Sell,"56% Sell",+65.96,+133.23%,18.16,16.49,16.38,15.18,46.6,114.52,6.37,353542,Weakening,Weak,24.14%,0.69,13.57,16.79,43%
TYRA,"Tyra Biosciences Inc","Medical - Biomedical",28.65,+15.25%,1,Hold,"64% Sell",+65.85,+136.00%,30.73,29.05,31.95,25.84,58.12,117.29,-3.77,828279,Weakening,Weak,46.77%,2.77,24.1,27.59,130%
PROF,"Profound Medical Corp","Medical - Drugs",6.89,+1.32%,1,Sell,"8% Sell",+65.73,+55.88%,6.93,7.07,6.75,6.86,47.97,37.17,-25.2,148011,Weakest,Minimum,35.97%,0.28,6.5,7.22,54%
NEOG,"Neogen Corp","Medical Products",11.83,+1.63%,4,Buy,"100% Buy",+65.09,+106.10%,9.91,10.72,9.95,11.7,58.27,87.39,56.49,2820616,Strengthening,Good,42.67%,0.64,11.35,12.06,68%
ESCA,"Escalade Inc","Leisure & Recreational Prdcts",20.87,+2.83%,3,Buy,"100% Buy",+64.89,+63.43%,19.24,19.92,18.17,20.49,56.59,44.72,41.96,34365,Strongest,Strong,49.72%,0.65,19.7,21.28,74%
PGC,"Peapack Gladstone FI","Banks - Northeast",46.38,+0.96%,3,Hold,"80% Buy",+64.11,+59.66%,44.49,46.18,41.25,45.59,57.18,40.95,53.79,148312,Average,Good,60.67%,0.44,44.3,46.87,81%
RZLT,"Rezolute Inc","Medical - Biomedical",4.58,+0.88%,2,Sell,"40% Buy",+63.85,-37.94%,4.25,4.81,3.88,4.73,44.77,-56.65,81.32,3524996,Average,Weak,10.79%,0.46,4.36,5.09,30%
IKT,"Inhibikase Therapeutics Inc","Medical - Drugs",2.5,-0.79%,5,Buy,"100% Buy",+63.52,+46.20%,2.03,2.27,1.95,2.43,58.77,27.49,9.2,1087329,Strengthening,Maximum,75.45%,0.31,2.32,2.55,79%
BWFG,"Bankwell Financial","Banks - Northeast",67.39,+1.87%,5,Buy,"100% Buy",+63.28,+57.97%,58.33,63.78,55.08,66.67,61.64,39.26,34.33,51806,Strongest,Maximum,63.13%,1.13,64.86,68.48,70%
CMTV,"Community Bancorp Inc VT","Banks - Northeast",39.96,-3.20%,3,Hold,"64% Buy",+62.78,+76.97%,39.55,40.09,37.64,40.71,46.99,58.26,47.8,26372,Weakest,Soft,49.14%,1.69,39.39,42.04,22%
CBNA,"Chain Bridge Bancorp Inc Cl A","Banks - Northeast",47.57,+1.54%,4,Buy,"100% Buy",+62.01,+55.25%,40.71,44.63,39,46.66,61.48,36.54,24.58,9554,Strongest,Maximum,79.43%,0.67,44.69,48.63,73%
SMHI,"Seacor Marine Holdings Inc","Transportation - Ship",9.76,+0.21%,7,Buy,"100% Buy",+61.37,+50.62%,8.09,8.81,7.87,9.71,60.34,31.91,49.38,117608,Strengthening,Maximum,65.71%,0.58,9.43,9.99,58%
AGCC,"Agencia Comercial Spirits Ltd Cl A","Beverages - Alcohol",14.43,-1.10%,4,Sell,"40% Sell",+61.17,N/A,16.06,14.94,15.35,14.64,44.52,N/A,35.1,109452,Strengthening,Minimum,31.49%,0.19,14.16,15.11,28%
KNX,"Knight-Swift Transporation","Transportation - Truck",71.99,+3.78%,4,Sell,"40% Buy",+60.89,+63.21%,71.3,72.21,67,69.8,54.88,44.5,24.95,3552849,Weakening,Soft,54.88%,1.07,66.09,73.51,80%
LAR,"Lithium Argentina Ag","Mining - Misc",6.79,-0.44%,4,Sell,"56% Sell",+60.62,+103.90%,8.21,6.75,7.81,6.68,51.52,85.19,8.93,2822979,Average,Soft,66.91%,0.98,6.15,7.22,60%
ATLO,"Ames Natl Corp","Banks - Midwest",32.44,+1.22%,9,Buy,"100% Buy",+59.71,+61.39%,29.77,30.68,29.04,31.67,64.82,42.68,28.54,49332,Strongest,Strong,81.81%,0.35,31.03,32.31,110%
PEB,"Pebblebrook Hotel Trust","REIT - Equity Trust Other",18.03,+1.69%,1,Sell,"40% Buy",+59.34,+52.41%,17.08,18.6,15.58,18.18,45.95,33.7,46.53,2313799,Weakest,Average,41.76%,0.56,17.67,18.68,36%
AMG,"Affiliated Managers Group","Finance - Investment Mgmt",370.22,+1.10%,1,Hold,"96% Buy",+59.30,+58.86%,337.86,362.23,322.85,364.17,54.78,40.15,15.67,355549,Strongest,Strong,52.06%,0.87,351.92,376.43,75%
RRBI,"Red River Bancshares Inc","Banks - Southwest",103.36,-0.13%,4,Buy,"100% Buy",+58.92,+57.73%,95.3,99.3,93.48,101.66,61.21,39.02,31.95,64709,Strengthening,Strong,77.67%,0.65,99.42,103.91,88%
WEYS,"Weyco Gp Inc","Shoes and Related Apparel",45.37,+2.67%,3,Buy,"100% Buy",+58.11,+44.21%,38.4,41.84,36.42,45.34,58.98,25.5,35.57,17159,Strongest,Maximum,47.10%,0.75,43.94,46.75,51%
ALRS,"Alerus Financial Corp","Finance - Misc Services",33.79,+1.26%,1,Buy,"100% Buy",+57.62,+48.20%,30.19,32.6,28.29,33.23,61.18,29.49,37.29,163066,Strengthening,Maximum,74.89%,0.52,32.44,34.03,85%
ANTX,"An2 Therapeutics Inc","Medical - Biomedical",5.89,-1.01%,3,Buy,"100% Buy",+56.77,+367.46%,4.88,5.3,4.13,5.81,56.77,348.75,403.92,583144,Weakening,Strong,65.68%,0.27,5.42,6.2,60%
AVAL,"Grupo Aval Acciones Y Valores S ADR","Finance - Investment Mgmt",5.34,+0.19%,6,Buy,"88% Buy",+56.42,+61.82%,4.95,5.16,4.73,5.37,52.8,43.11,19.1,187255,Strengthening,Good,40.80%,0.58,5.18,5.57,42%
CELC,"Celcuity Inc","Medical - Biomedical",95.7,-0.76%,7,Sell,"72% Sell",+56.38,+75.69%,105.13,94.42,107.02,92.11,54.69,56.98,-16.8,1050965,Average,Soft,86.51%,0.41,86.83,97.39,84%
NRC,"Nrc Health","Business Information",21.53,+1.32%,5,Sell,"88% Buy",+56.26,+43.92%,19.96,21.25,18.52,21.46,53.04,25.21,1.95,108924,Strongest,Good,32.79%,1.28,20.26,22.66,53%
HSLV,"Highlander Silver Corp",Unclassified,5.76,-2.70%,11,Buy,"56% Buy",+56.02,+98.50%,5.2,4.91,5.49,5.42,60.25,79.79,35.67,301681,Strengthening,Weak,81.26%,0.98,5,5.85,90%
PHVS,"Pharvaris N.V.","Medical - Biomedical",35.25,-1.15%,6,Buy,"88% Buy",+55.72,+60.37%,32.6,34.79,30.76,35.74,49.86,41.66,14.28,356676,Weakening,Strong,37.32%,0.86,33.83,37.64,37%
SPB,"Spectrum Brands Holdings Inc","Consumer Prdts - Misc Discr",88.5,+0.10%,2,Sell,"88% Buy",+55.45,+58.60%,84.41,87.63,81.45,88.22,51.62,39.89,37.05,356915,Weakening,Good,61.12%,0.63,85.92,90.53,56%
LITB,"Lightinthebox Holding Ltd ADR","Internet Services - Delivery",3.22,+2.55%,3,Sell,"72% Buy",+54.20,+84.00%,2.94,3.1,2.79,3.07,55.66,65.29,31,11015,Strengthening,Average,58.33%,0.28,2.88,3.25,92%
FISI,"Financial Institut","Banks - Northeast",41.7,+1.26%,1,Buy,"100% Buy",+53.99,+50.22%,38.08,40.46,36.21,41.15,58.43,31.51,21.03,146618,Strengthening,Maximum,68.92%,0.78,40.16,42.13,78%
AVBP,"Arrivent Biopharma Inc","Medical - Biomedical",30.95,-0.26%,1,Sell,"40% Buy",+53.94,+58.56%,30.62,31.33,28.24,30.26,52.9,39.85,41.08,493611,Weakest,Average,74.83%,0.37,28.49,32.04,69%
IVZ,"Invesco Limited","Finance - Investment Mgmt",33.07,+1.10%,9,Buy,"100% Buy",+53.90,+50.59%,28.72,30.43,27.45,32.33,60.47,31.88,13.14,5324119,Strongest,Maximum,52.94%,0.63,31.21,33.46,83%
LEE,"Lee Enterprises Inc","Publishing - Newspapers",8.13,+1.75%,2,Sell,"40% Sell",+53.74,+108.46%,8.66,8.21,8.47,8.18,49.2,89.75,56.98,65484,Weakest,Minimum,38.01%,0.12,7.84,8.53,42%
PNTG,"The Pennant Group Inc","Medical - Outpatient & Hm Care",38,-1.40%,4,Sell,"40% Buy",+53.55,+57.81%,36.03,39.26,34.58,38.45,45.99,39.1,22.24,273011,Weakest,Average,43.47%,0.59,36.96,39.94,35%
CVLG,"Covenant Logistics Group Inc","Transportation - Truck",35.05,+2.16%,1,Sell,"16% Buy",+53.27,+45.56%,38.69,39.94,35.05,34.62,43.96,26.85,46.28,175662,Weakest,Minimum,37.62%,0.76,33.28,35.96,66%
ANGO,"Angiodynamics Inc","Medical Instruments",15.2,-1.75%,7,Hold,"80% Buy",+53.15,+41.66%,13.04,14.61,12.3,15.76,46.98,22.95,5.63,464949,Weakening,Strong,28.68%,1.13,15.37,16.15,-23%
TROO,"Troops Inc","Conglomerates - Div Operations",2.24,+3.70%,6,Buy,"48% Sell",+52.74,+121.78%,2.71,2.06,2.8,2.06,55.39,103.07,-42.75,348269,Weakest,Weak,64.21%,1.12,1.77,2.36,80%
ZURA,"Zura Bio Ltd","Medical - Biomedical",6.23,+5.95%,4,Buy,"88% Buy",+52.48,+200.97%,5.05,5.57,5.43,5.81,61.25,182.26,6.14,851995,Strongest,Average,32.14%,1.02,5.35,6.27,96%
ACNB,"Acnb Corp","Banks - Southwest",65.95,+0.52%,4,Buy,"100% Buy",+52.40,+44.95%,58.27,62.85,55.39,64.52,63.07,26.24,23.65,54900,Strongest,Maximum,65.57%,0.93,63.24,65.8,106%
AMN,"Amn Healthcare Services Inc","Business Services",33.8,+1.17%,3,Buy,"88% Buy",+52.33,+67.08%,30.24,33.79,26.58,34.28,49.21,48.37,101.72,1056686,Average,Strong,36.09%,0.76,32.54,36.01,36%
BVN,"Compania Mina Buenaventura S.A. ADR","Mining - Silver",33.9,-2.50%,8,Buy,"8% Buy",+52.21,+71.04%,32.89,32.2,34.24,34.58,50.05,52.33,9.06,1437505,Weakest,Minimum,34.49%,0.4,32.83,36.32,31%
CLOV,"Clover Health Investments Corp","Medical Information Systems",4.26,0.00%,2,Sell,"40% Buy",+52.11,+58.18%,4.03,4.51,3.35,4.29,47.51,39.47,68.31,5890764,Weakest,Average,50.32%,0.43,3.99,4.59,44%
AMTB,"Mercantil Bank Holding Cl A","Banks - Southeast",29.68,+0.99%,1,Buy,"100% Buy",+51.97,+37.09%,25.46,27.81,24.35,28.91,64.58,18.38,39.38,296270,Strongest,Maximum,86.55%,0.83,28.24,29.58,107%
BOLD,"Boundless Bio Inc","Medical - Biomedical",2.87,0.00%,5,Buy,"100% Buy",+51.64,+153.98%,2.1,2.66,1.78,2.86,59.24,135.27,126.42,526971,Average,Maximum,31.22%,0.09,2.74,2.98,53%
ACA,"Arcosa Inc","Building & Construction - Misc",145.45,-0.02%,2,Buy,"100% Buy",+51.32,+48.04%,135.31,145.1,128.07,145.23,59.78,29.33,24.05,432083,Weakening,Strong,75.11%,1.07,144.79,145.68,74%
ATKR,"Atkore Inc","Wire & Cable Products",93.76,+0.12%,7,Buy,"100% Buy",+50.68,+61.07%,80.22,83.35,74.57,93.65,70.94,42.36,35.49,540133,Average,Maximum,51.58%,0.48,93.4,93.9,72%
NGNE,"Neurogene Inc","Medical - Biomedical",38.6,+2.63%,9,Hold,"96% Buy",+50.45,+96.84%,32.44,36.41,28.29,37.58,55.52,78.13,74.63,189956,Strongest,Strong,45.59%,0.82,34.75,40.4,68%
EPC,"Edgewell Personal Care","Consumer Prdts - Misc Staple",28.87,+1.30%,1,Hold,"96% Buy",+49.72,+22.43%,24.44,27.97,23.32,28.48,55.54,3.72,56.58,764917,Strengthening,Strong,56.43%,0.77,27.77,29.19,77%
TRST,"Trustco Bank Corp NY","Banks - Northeast",57.92,+0.56%,2,Buy,"100% Buy",+49.65,+42.24%,53.08,56.14,50.23,56.88,58.94,23.53,27.39,119078,Strongest,Maximum,81.29%,0.82,55.52,58.24,88%
MD,"Pediatrix Medical Group Inc","Medical Services",27.03,+0.56%,3,Hold,"96% Buy",+49.46,+58.91%,24.56,26.28,23.23,26.55,57.42,40.2,13.62,830415,Strongest,Good,83.26%,0.67,25.98,27.13,92%
HRTG,"Heritage Insurance Holdings","Insurance - Proprty & Casualty",33.95,-2.83%,2,Buy,"100% Buy",+49.44,+38.74%,27.51,30.42,27.17,33.78,58.2,20.03,3.28,360404,Strengthening,Strong,61.95%,1.43,32.5,35.06,57%
NSP,"Insperity Inc",Staffing,51.96,+0.27%,5,Hold,"96% Buy",+49.41,-6.58%,41.52,49.79,36.49,51.93,52.82,-25.29,21.44,923735,Strengthening,Strong,47.98%,0.57,50.03,53.83,51%
SUN,"Sunoco LP","Oil Refining & Marketing MLP",75.6,+2.18%,5,Buy,"100% Buy",+49.41,+47.66%,70.05,73.46,67.72,75.29,52.61,28.95,31.5,471422,Strengthening,Strong,39.53%,0.82,72.81,77.78,56%
NUAI,"New Era Energy & Digital Inc","Other Alt Energy",5.41,+2.66%,6,Sell,"88% Buy",+49.25,"+1,235.80%",4.94,5,4.89,5.13,55.32,1217.09,71.89,6441230,Strengthening,Weak,57.12%,0.62,4.61,5.66,76%
VTVT,"Vtv Theraptcs Cl A","Medical - Biomedical",33.35,-0.36%,4,Sell,"72% Sell",+49.20,+79.88%,33.44,33.01,34.49,32.64,53.34,61.17,-29.35,49735,Strengthening,Weak,73.73%,0.15,30.46,34.82,66%
SNEX,"Stonex Group Inc","Finance - Misc Services",69.46,-0.12%,1,Sell,"8% Buy",+48.50,+49.47%,75.01,72.8,67.93,67.77,49.29,30.76,51.54,1056343,Weakest,Minimum,63.54%,0.49,64.99,70.55,80%
ATLC,"Atlanticus Holdings Corp","Finance - Misc Services",93.13,-3.70%,1,Sell,"40% Buy",+48.14,+35.44%,91.21,99.04,79.16,95.12,45.31,16.73,26.35,105288,Weakest,Average,48.89%,1.47,88.65,101.58,35%
SRZN,"Consonance-Hfw Acq Corp","Medical - Drugs",22.76,+0.98%,2,Hold,"64% Sell",+48.10,+82.81%,25.2,22.92,25.55,23.54,47.82,64.1,-12.04,139832,Weakening,Weak,33.24%,0.64,21.85,25.24,27%
CVEO,"Civeo Corp","Hotels & Motels",34.14,+1.13%,7,Hold,"96% Buy",+47.72,+45.52%,33.02,33.17,31.3,33.52,56.16,26.81,36.53,88267,Strongest,Average,51.05%,0.33,32.36,34.68,77%
FBIZ,"First Business Finan","Banks - Midwest",72.83,+1.10%,2,Buy,"100% Buy",+47.60,+39.20%,62.86,68.04,60.47,70.57,66.43,20.49,21.38,41792,Strongest,Maximum,90.83%,0.41,68.34,72.8,101%
DAN,"Dana Inc","Auto - Truck Original Parts",32.04,+1.65%,7,Buy,"40% Buy",+47.38,+55.01%,31.39,28.41,32.02,30.52,63.81,36.3,22.1,1549319,Strengthening,Weak,77.93%,0.95,29.16,31.88,106%
OBK,"Origin Bancorp Inc","Banks - Southeast",54.48,+0.24%,1,Buy,"100% Buy",+47.37,+39.37%,50.21,52.99,47.66,53.5,60.28,20.66,32.11,178465,Strengthening,Maximum,74.63%,0.79,52.21,54.78,88%
LOCO,"El Pollo Loco","Retail - Restaurants",15.37,+2.47%,3,Sell,"48% Buy",+47.16,+47.93%,15.11,15.99,14.14,15.37,47.44,29.22,34.19,283185,Weakening,Average,22.56%,0.67,14.8,15.94,50%
PLBC,"Plumas Bancorp","Banks - West",63.24,+0.91%,7,Buy,"100% Buy",+47.05,+40.94%,56.97,60.9,54.84,61.96,62.3,22.23,28.76,44554,Strongest,Maximum,80.47%,1.22,60.33,63.59,89%
BEN,"Franklin Resources","Finance - Investment Mgmt",34.73,+3.52%,1,Buy,"100% Buy",+46.77,+34.93%,32.22,33.72,30.02,34.06,57.04,16.22,32.62,4735230,Strengthening,Strong,36.53%,1.18,32.88,35.25,78%
CAC,"Camden Natl Corp","Banks - Northeast",58.17,+1.09%,1,Buy,"100% Buy",+46.69,+41.81%,53.1,56.26,51.39,57.35,59.71,23.1,21.34,97140,Strongest,Maximum,68.60%,0.8,55.58,59.12,73%
WSBF,"Waterstone Financial","Finance - Savings & Loan",21.51,+0.77%,5,Buy,"100% Buy",+46.54,+44.88%,19.55,20.54,19.06,21.08,65.17,26.17,17.25,61609,Strongest,Maximum,81.83%,1.01,20.66,21.5,101%
SMBK,"Smartfinancial Inc","Banks - Northeast",51.87,+0.06%,1,Buy,"100% Buy",+46.50,+39.02%,46.26,50.09,44.22,51.35,58.23,20.31,27.48,90474,Strongest,Maximum,56.16%,0.53,49.83,52.86,67%
OBT,"Orange County Bancor","Banks - Northeast",38.72,+0.83%,5,Buy,"100% Buy",+46.11,+43.67%,36.36,37.89,35.27,38.3,57.2,24.96,22.87,56534,Strengthening,Strong,53.71%,0.55,37.32,39.28,71%
ATAI,"Ataibeckley Inc","Medical - Biomedical",7.39,+0.68%,10,Buy,"100% Buy",+46.08,+62.06%,5.48,6.73,4.89,7.32,67.25,43.35,67.93,7182013,Strengthening,Maximum,57.86%,0.73,7.19,7.46,75%
COKE,"Coca-Cola Consolidated Inc","Beverages - Soft",189.33,-4.09%,6,Buy,"88% Buy",+45.99,+58.69%,185.44,187.29,186.78,191.03,48.41,39.98,10.75,520521,Weakening,Weak,61.23%,0.85,182.26,199.81,40%
HG,"Hamilton Insurance Group Ltd Cl B","Insurance - Multi Line",35.6,-1.41%,4,Buy,"100% Buy",+45.95,+44.77%,33.2,35.08,32.09,35.21,54.37,26.06,14.85,486068,Strengthening,Strong,76.85%,0.53,34.51,35.92,77%
AVBC,"Avidia Bancorp Inc","Banks - Northeast",22.09,+0.18%,7,Buy,"100% Buy",+45.61,+43.07%,20.64,21.41,20.18,21.98,54.86,24.36,18.66,96577,Strengthening,Strong,56.52%,1.36,21.47,22.49,61%
ETSY,"Etsy Inc","Internet Commerce",76.51,-6.73%,1,Hold,"48% Buy",+45.54,+46.54%,73.46,81.29,66.42,81.21,39.63,27.83,25.26,3222969,Weakest,Good,28.47%,1.06,76.86,85.56,-4%
FNWB,"First Nw Banc","Banks - West",11,-0.81%,3,Sell,"40% Buy",+45.51,+52.78%,10.67,11.34,10.28,11.18,41.84,34.07,4.52,34782,Weakest,Average,13.34%,0.72,10.89,11.48,19%
CZFS,"Citizens Fincl Svcs","Banks - Northeast",82.92,-0.80%,7,Buy,"100% Buy",+45.43,+34.15%,71.51,77.42,68.55,81.62,59.84,15.44,32.67,14193,Strengthening,Maximum,75.40%,0.34,79.41,83.84,79%
GM,"General Motors Company","Auto - Domestic",87.76,+0.83%,1,Buy,"100% Buy",+45.42,+50.92%,81.25,83.32,80.05,86.39,57.53,32.21,-4.83,7811515,Strongest,Average,63.45%,0.85,83.8,88.97,77%
MS,"Morgan Stanley","Finance - Investment Brokers",217.72,+0.26%,3,Sell,"72% Buy",+45.30,+44.64%,208.61,215.59,195.35,215.05,54.74,25.93,9.89,6114034,Average,Good,66.42%,0.62,209.67,220.43,75%
FMAO,"Farmers & Merch Banc","Banks - Northeast",35.27,+0.23%,5,Buy,"100% Buy",+45.25,+33.30%,30.2,32.75,28.93,34.43,63.74,14.59,29.93,59209,Strongest,Maximum,80.37%,0.35,33.21,35.65,84%
INTG,"Intergroup Corp","Real Estate Developers",36.17,+0.03%,7,Sell,"8% Buy",+45.18,+100.94%,37,36.32,35.8,34.43,57.64,82.23,14.65,49275,Weakening,Minimum,76.91%,0.75,31.88,36.98,84%
LIVN,"Livanova Plc OR Sh","Medical Instruments",81.92,+0.89%,4,Hold,"80% Buy",+45.12,+40.88%,75.94,80.68,72.24,80.14,55.88,22.17,20.39,729200,Strengthening,Strong,74.01%,0.5,77.09,83.19,79%
PFIS,"Peoples Finl Svcs Company","Banks - Northeast",71.83,+1.30%,2,Buy,"100% Buy",+45.12,+34.09%,64.34,69.35,61.06,70.33,61.14,15.38,34.71,48090,Strengthening,Maximum,77.86%,0.72,68.51,72.16,91%
OUT,"Outfront Media Inc","REIT - Equity Trust Other",28.96,-0.38%,2,Sell,"8% Sell",+44.89,+55.53%,31.46,31.5,30,29.91,33.64,36.82,7.42,1568291,Average,Minimum,16.24%,0.6,29.09,30.73,-8%
FVCB,"Fvcbankcorp Inc","Banks - Southeast",18.72,+1.55%,1,Buy,"100% Buy",+44.71,+38.36%,17.06,18.17,16.48,18.5,58.22,19.65,21.83,111137,Strengthening,Maximum,60.83%,0.36,18.06,18.95,74%
BAP,"Credicorp Ltd","Banks - Foreign",382.53,-0.43%,1,Sell,"56% Buy",+44.52,+47.14%,361.61,385.08,355.06,376.51,52.65,28.43,20.54,416747,Weakening,Average,65.39%,0.52,364.56,388.46,75%
CBC,"Central Bancompany Inc Cl A","Banks - Northeast",32.64,-0.12%,2,Sell,N/A,+44.40,N/A,29.77,32.08,27.94,32.48,53.78,N/A,22.57,N/A,N/A,N/A,76.20%,0.87,31.46,33.49,58%
SNDR,"Schneider National Inc","Transportation - Services",35.04,+2.91%,1,Sell,"40% Buy",+44.27,+41.40%,34.6,35.94,32.11,35.06,49.28,22.69,19.33,971358,Weakening,Soft,34.67%,0.63,33.52,36.6,49%
BZH,"Beazer Homes USA","Building - Residential & Comm",33.26,+0.18%,1,Buy,"100% Buy",+43.75,+28.07%,28.04,32.26,26.29,33.17,60.09,9.36,51.33,554740,Average,Strong,55.56%,0.55,33.07,33.26,99%
ODC,"Oil-Dri Corp of America","Chemical - Diversified",87.9,-1.39%,1,Sell,"24% Buy",+43.34,+36.58%,88.17,95.88,80.47,90.34,38.19,17.87,66.86,89052,Weakening,Soft,21.71%,1.01,87.07,93.61,13%
NTCT,"Netscout Systems","Computer - Networks",37.22,-0.75%,1,Sell,"8% Buy",+43.25,+48.58%,39.26,40.29,36.27,38.55,37.33,29.87,24.8,590045,Weakening,Weak,16.03%,1.29,37.1,40,4%
KINS,"Kingstone Cos Inc","Insurance - Proprty & Casualty",19.96,-1.29%,2,Hold,"80% Buy",+43.11,+38.23%,17.99,19.84,17.16,19.77,52.68,19.52,5.85,127533,Strengthening,Strong,60.58%,0.37,19.19,20.36,66%
INGM,"Ingram Micro Holding Corp","Technology Services",28.84,+1.02%,2,Hold,"48% Buy",+42.89,+46.40%,28.41,28.39,26.54,28.14,54.04,27.69,22.4,1050781,Average,Average,55.33%,0.59,26.88,29.39,78%
PALI,"Palisade Bio Inc","Medical - Biomedical",2.09,+2.20%,5,Hold,"96% Buy",+42.65,+230.33%,2,2.03,1.94,2.07,53.15,211.62,-23.81,3833802,Strongest,Weak,43.62%,0.61,1.93,2.2,58%
SABS,"Sab Biotherapeutics Inc","Medical - Biomedical",3.72,0.00%,3,Buy,"24% Sell",+42.63,+64.60%,3.71,3.73,3.79,3.76,48.62,45.89,-13.28,583393,Weakening,Minimum,33.33%,0.21,3.63,3.89,34%
XPRO,"Expro Group Holdings N.V.","Oil - Production & Pipeline",17.96,+0.34%,10,Buy,"88% Buy",+42.34,+43.34%,16.31,16.59,16.51,18.16,53.82,24.63,21.78,1106719,Strengthening,Good,50.80%,0.53,17.37,18.95,37%
WKC,"World Kinect Corp","Oil - Refining and Marketing",35.4,+0.88%,1,Sell,"40% Buy",+42.33,+32.19%,32.26,36.23,29.7,35.96,44.37,13.48,38.34,955652,Weakening,Good,18.53%,0.43,34.72,37.2,27%
WBI,"Waterbridge Infrastructure Llc Cl A","Real Estate Operations",32.21,-0.09%,2,Sell,"56% Buy",+42.12,N/A,31.25,33.01,29.23,31.95,49.38,N/A,48.22,842365,Weakest,Average,67.71%,0.32,31.17,32.74,66%
PARK,"Park Dental Partners Inc","Medical Services",20.43,-0.29%,4,Buy,N/A,+41.97,N/A,19.31,20.39,18.77,21.29,47.78,N/A,25.66,N/A,N/A,N/A,27.13%,0.37,19.64,22.95,24%
XPEL,"Xpel Technologies","Auto - Truck Original Parts",51.45,+1.08%,1,Buy,"88% Buy",+41.38,+43.39%,46.42,47.48,46.02,49.94,60.25,24.68,-9.66,251607,Strongest,Average,70.23%,0.51,47.82,52.06,86%
ANNX,"Annexon Inc","Medical - Biomedical",4.87,+0.62%,3,Sell,"88% Sell",+41.35,+126.51%,5.43,5.38,5.45,5.13,41.84,107.8,-15.74,2958902,Strengthening,Weak,13.45%,0.35,4.76,5.51,15%
PDLB,"Ponce Financial Group Inc","Finance - Misc Services",20.72,+1.07%,4,Buy,"100% Buy",+41.30,+38.13%,19.29,20.23,18.42,20.41,57.6,19.42,13.98,75140,Strongest,Maximum,57.23%,0.57,19.91,20.9,82%
USCB,"Uscb Financial Hldgs Inc","Banks - Southeast",23.48,+1.38%,4,Buy,"100% Buy",+40.81,+34.63%,20.24,21.63,19.85,22.51,71.84,15.92,14.72,52668,"Top 1%",Maximum,63.80%,0.74,21.89,23.13,128%
WERN,"Werner Enterprise","Transportation - Truck",40.04,+4.00%,4,Sell,"40% Buy",+40.58,+38.93%,39.51,40.56,36.97,38.27,55.92,20.22,20.67,1103922,Average,Soft,66.58%,0.52,36.63,39.9,104%
WASH,"Washington TR Bncorp","Banks - Northeast",40.26,+1.28%,4,Buy,"100% Buy",+40.46,+32.26%,35.65,38.32,35.2,39.57,60.2,13.55,23.49,161074,Strongest,Maximum,66.85%,0.95,38.56,40.58,84%
TLYS,"Tilly's Inc","Retail - Apparel & Shoes",4.4,0.00%,3,Buy,"56% Buy",+39.78,+109.52%,4.26,4,3.72,3.95,61.72,90.81,108.36,685794,Average,Soft,30.73%,5.39,3.55,4.36,105%
ASH,"Ashland Inc","Chemical - Specialty",72.93,-0.37%,3,Hold,"80% Buy",+39.55,+34.46%,64.34,70.51,61.99,73.85,50.88,15.75,11.56,824677,Average,Strong,44.80%,0.49,72.18,75.51,23%
RBKB,"Rhinebeck Bancorp Inc","Banks - Northeast",12.82,+0.23%,8,Buy,"100% Buy",+39.18,+31.97%,11.99,12.42,11.6,12.68,59.97,13.26,36.57,50051,Strengthening,Strong,53.38%,0.51,12.47,12.89,83%
FNRN,"First Northern Community Bancorp","Banks - West",17.35,+0.06%,1,Sell,"24% Buy",+39.15,+44.58%,17.44,17.75,16.47,17.28,49.1,25.87,17.12,76900,Weakest,Soft,47.10%,0.51,16.71,17.84,56%
AGIO,"Agios Pharmaceuticals","Medical - Biomedical",33.1,-0.09%,9,Sell,"40% Buy",+38.94,-8.39%,32.45,35.65,31.47,33.64,45.17,-27.1,8.85,1259676,Weakest,Weak,25.70%,0.43,32.35,34.92,29%
DCOM,"Dime Commercial Bancshares Inc","Banks - Southeast",41.25,+0.78%,2,Buy,"100% Buy",+38.81,+33.11%,38.86,40.42,37.21,40.53,58.5,14.4,24.34,296594,Strengthening,Strong,73.78%,0.75,39.69,41.36,94%
KYTX,"Kyverna Therapeutics Inc","Medical - Biomedical",8.25,-1.20%,7,Buy,"40% Sell",+38.74,+127.27%,8.51,8.19,8.45,8.39,49.39,108.56,-24.98,1094929,Weakening,Minimum,52.27%,0.49,7.81,8.97,38%
TRV,"The Travelers Companies","Insurance - Proprty & Casualty",369.35,-1.33%,2,Hold,"96% Buy",+38.67,+32.18%,332.8,363.14,321.62,368.74,51.95,13.47,14.59,1644255,Strengthening,Strong,65.06%,0.64,361.16,376.32,54%
PEBK,"Peoples Bancorp NC","Banks - Southeast",44.14,+1.92%,5,Buy,"100% Buy",+38.51,+38.37%,42.42,43.32,41.2,44,53.84,19.66,9.18,28014,Strengthening,Good,35.19%,0.52,42.8,45.19,56%
FRAF,"Franklin Finl Svcs Corp","Banks - Northeast",64.26,+1.68%,4,Hold,"80% Buy",+38.47,+36.67%,60.4,62.8,57.26,62.71,61.43,17.96,15.26,41071,Average,Strong,68.43%,0.85,60.81,64.62,91%
RLMD,"Relmada Therapeutics Inc","Medical - Drugs",4.43,+1.37%,2,Sell,"88% Sell",+38.30,+223.36%,6.13,5.3,5.91,4.59,36.81,204.65,-21.03,1423458,Strengthening,Average,23.26%,0.4,4.27,4.9,25%
ITRN,"Ituran Location","Protection - Safety",51.74,+1.17%,2,Sell,"40% Sell",+38.29,+52.63%,57.55,54.52,54.77,51.79,44.15,33.92,7.55,129412,Weakening,Weak,41.46%,0.53,49.73,53.84,49%
AIZ,"Assurant Inc","Insurance - Multi Line",285.74,-0.68%,2,Buy,"100% Buy",+38.23,+31.98%,263.51,280.67,250.03,283.56,53.92,13.27,5.89,381715,Strengthening,Strong,77.10%,0.93,277.79,289.33,69%
FCBC,"First Community Bksh","Banks - Southeast",49.09,+0.31%,4,Hold,"96% Buy",+38.22,+28.91%,45.06,47.21,43.57,48.92,57.76,10.2,32.79,76523,Strengthening,Strong,55.00%,0.67,48.04,49.8,60%
BPRN,"Princeton Bancorp Inc","Banks - Northeast",43.53,+0.30%,8,Buy,"100% Buy",+38.18,+31.95%,38.25,40.77,37.08,42.68,67.83,13.24,12.73,15085,Strongest,Maximum,71.81%,1.05,41.69,43.67,93%
FVR,"Frontview REIT Inc","REIT - Equity Trust Other",19.08,-0.31%,1,Sell,"24% Buy",+37.98,+44.11%,19.26,20.31,18.23,19.58,36.74,25.4,16.52,161311,Weakest,Weak,11.35%,0.37,19.01,20.16,6%
MSM,"Msc Industrial Direct Company","Industrial Services",121.41,+2.99%,1,Sell,"56% Buy",+37.95,+31.03%,114.93,122.06,107.32,120.31,51.98,12.32,31.61,695026,Weakening,Good,30.76%,0.6,115.93,124.7,63%
IBRX,"Immunitybio Inc","Medical - Biomedical",8.08,-1.34%,9,Buy,"100% Buy",+37.90,+238.08%,7.72,7.88,7.78,7.9,54.2,219.37,295.33,20365490,Strengthening,Soft,47.87%,0.44,7.4,8.4,68%
TSBK,"Timberland Bancorp","Finance - Savings & Loan",46.45,+0.78%,8,Buy,"100% Buy",+37.80,+34.52%,43.05,44.97,41.79,46.01,57.53,15.81,17,29730,Strengthening,Maximum,30.54%,0.71,45.11,46.92,74%
MYFW,"First Western Financial Inc","Banks - Midwest",31.36,-0.22%,1,Sell,"56% Buy",+37.66,+36.88%,30.31,31.92,28.6,31.19,50.9,18.17,4.22,40074,Weakening,Average,50.22%,0.72,30.39,32,60%
CCNE,"Cnb Financial Corp","Banks - Northeast",34.91,+1.63%,1,Hold,"80% Buy",+37.63,+32.69%,32.68,34.3,31.41,34.25,58.76,13.98,20.65,154467,Weakening,Strong,57.86%,1.01,33.32,35.19,85%
IRON,"Disc Medicine Inc","Medical - Biomedical",79.23,-0.18%,6,Hold,"64% Buy",+37.58,+31.63%,73.23,77.73,70.75,80.14,50.59,12.92,-12.98,578648,Average,Weak,52.58%,0.41,77.6,82.67,32%
SEZL,"Sezzle Inc","Financial Transaction Services",120.58,-1.94%,1,Sell,"8% Buy",+37.35,+42.04%,129.36,150.1,108.51,122.05,42.08,23.33,77.21,754927,Weakest,Weak,44.55%,0.44,113.77,130.33,41%
GS,"Goldman Sachs Group","Finance - Investment Brokers",1038.61,+0.07%,1,Sell,"56% Buy",+37.31,+38.68%,1016.09,1043.7,967.76,1033.14,50.96,19.97,5.41,2180322,Weakening,Average,45.10%,0.73,1003.72,1062.56,59%
ENTA,"Enanta Pharmaceutica","Medical - Biomedical",14.08,+0.43%,5,Buy,"72% Buy",+37.18,+58.38%,13.46,13.58,13.49,13.62,57.31,39.67,-23.47,225488,Strengthening,Weak,58.66%,1.07,12.88,14.36,81%
LXP,"Lxp Industrial Trust","REIT - Equity Trust Resident",60.78,+0.10%,10,Buy,"88% Buy",+36.54,+33.58%,55.53,59.22,53.15,60.79,60.7,14.87,9.84,614677,Average,Strong,31.33%,0.79,60.49,61.1,48%
JILL,"J. Jill Inc","Retail - Apparel & Shoes",19.98,+3.10%,5,Buy,"100% Buy",+36.50,+13.65%,15.54,17.99,15.48,19.53,62.18,-5.06,32.88,80751,Strongest,Maximum,47.07%,1.19,18.4,20.66,70%
DSP,"Viant Technology Inc","Technology Services",13.66,+1.60%,3,Buy,"100% Buy",+36.40,+35.79%,11.91,12.49,11.46,12.87,60.93,17.08,0.71,242887,Strongest,Strong,82.71%,0.51,11.92,13.81,92%
LODE,"Comstock Inc","Waste Removal Svcs",3.11,-3.42%,5,Sell,"56% Sell",+36.16,+23.41%,3.62,3.57,3.43,3.41,37.36,4.7,-30.04,1471563,Strengthening,Weak,17.58%,0.69,3.15,3.66,-8%
BSRR,"Sierra Bancorp","Banks - West",41.08,+0.90%,3,Hold,"80% Buy",+36.00,+33.93%,39.36,40.74,37.99,40.17,59.25,15.22,12.94,59765,Average,Good,65.12%,0.49,39.02,41.32,89%
FBLA,"Fb Bancorp Inc","Banks - Southeast",15.99,+1.07%,6,Buy,"100% Buy",+35.96,+33.25%,14.82,15.49,14.36,15.72,62.67,14.54,11.69,115979,Strongest,Maximum,72.68%,1.14,15.48,15.96,107%
FXNC,"First Natl Corp Strasburg VA","Banks - Northeast",31.6,+2.00%,4,Buy,"100% Buy",+35.76,+35.16%,29.46,30.64,28.7,31.25,57.27,16.45,12.45,56928,Strengthening,Strong,41.67%,0.85,30.18,32.32,66%
CASS,"Cass Information Sys","Computer - Services",55.81,-0.39%,5,Hold,"80% Buy",+35.63,+27.59%,51.29,55.1,49.17,56.97,47.31,8.88,21.67,82200,Average,Strong,54.76%,0.77,55.3,58.64,15%
HURC,"Hurco Cos Inc","Machinery - Tools & Related",22.99,+0.83%,10,Hold,"96% Buy",+35.51,+37.83%,20.14,22.11,18.83,22.36,57.05,19.12,36.05,28806,Strengthening,Strong,53.97%,2.11,21.18,23.53,77%
BSAC,"Banco Santander Chile ADR","Banks - Foreign",35.67,-0.53%,5,Buy,"100% Buy",+35.30,+42.57%,33.13,34.3,33.36,35.07,57.1,23.86,1.91,366504,Strengthening,Average,72.27%,0.51,33.89,36.26,75%
VMET,"Versamet Royalties Corp","Mining - Misc",10.15,-1.17%,6,Buy,"40% Sell",+35.28,+70.59%,11.05,10.05,10.81,10.28,49.37,51.88,2.46,163545,Average,Weak,32.88%,0.5,9.76,10.8,37%
FNLC,"First Bancorp Inc","Banks - Northeast",35.14,+0.31%,2,Sell,"88% Buy",+35.11,+27.60%,32.13,34.78,30.87,34.91,54.81,8.89,20.15,24256,Strengthening,Strong,51.78%,0.42,33.95,35.87,62%
WAT,"Waters Corp","Medical Instruments",409.38,-1.01%,8,Buy,"88% Buy",+34.84,+36.60%,367.89,391.71,351.12,411.99,53.59,17.89,-4.97,921602,Average,Strong,52.00%,0.43,403.14,420.84,35%
AROW,"Arrow Financial Corp","Banks - Northeast",39.57,+0.30%,1,Sell,"56% Buy",+34.64,+32.96%,38.5,39.84,37.04,38.61,56.4,14.25,13.27,87647,Weakening,Average,82.68%,0.75,37.48,39.73,93%
SLAB,"Silicon Labs Inc","Semi Analog & Mixed",220.58,-0.06%,5,Buy,"100% Buy",+34.41,+63.49%,217.78,218.33,212.98,218.93,66.65,44.78,56.02,482522,Average,Average,83.02%,0.98,217.42,220.45,104%
SOBO,"South Bow Corp","Oil - Production & Pipeline",37.05,-0.86%,9,Buy,"88% Buy",+34.26,+34.53%,36.2,36.88,34.87,37.2,48.74,15.82,22.12,890713,Weakening,Good,33.47%,1.65,36.03,38.38,44%
CLST,"Catalyst Bancorp Inc","Banks - Southeast",17.81,+1.71%,3,Buy,"100% Buy",+34.15,+35.44%,16.5,16.99,16.42,17.36,62.34,16.73,0.33,4993,Strongest,Strong,13.73%,1.7,16.8,17.91,91%
GWW,"W.W. Grainger","Industrial Services",1324.49,+0.89%,7,Sell,"56% Buy",+34.13,+28.84%,1290.48,1339.44,1233.44,1311.34,51.66,10.13,18.51,281479,Average,Average,43.60%,0.65,1288.85,1333.83,79%
SLP,"Simulations Plus Inc","Computer - Software",18.43,+0.05%,14,Buy,"100% Buy",+33.93,+30.52%,17,18.33,15.51,18.38,64.14,11.81,-11.65,369746,Average,Good,73.33%,0.22,18.31,18.46,83%
CZNC,"Citizens Nrthn Corp","Banks - Northeast",26.11,+1.08%,5,Buy,"100% Buy",+33.89,+27.86%,23.24,24.67,23.08,25.73,64.43,9.15,16.7,57059,Strongest,Maximum,73.87%,0.46,25.2,26.26,86%
TECH,"Bio-Techne Corp","Medical - Biomedical",72.43,-0.03%,5,Buy,"100% Buy",+33.88,+36.87%,62.31,71.85,60.38,72.32,64.92,18.16,10.41,3107292,Strengthening,Strong,57.44%,0.44,72.1,72.53,76%
MBWM,"Mercantile Bank Corp","Banks - Midwest",62.14,+0.66%,2,Buy,"100% Buy",+33.73,+26.46%,55.94,59.4,54.64,60.55,63.04,7.75,16.44,114005,Strongest,Maximum,85.44%,0.65,58.91,62.18,99%
ALL,"Allstate Corp","Insurance - Proprty & Casualty",259.57,-1.35%,2,Hold,"80% Buy",+33.69,+24.60%,236.94,256.71,227.32,259.63,51.08,5.89,11.95,1651974,Average,Strong,57.08%,0.76,252.95,266.3,50%
WES,"Western Midstream Partners LP","Oil Refining & Marketing MLP",49.54,+0.71%,9,Buy,"100% Buy",+33.67,+28.78%,45.15,46.88,43.93,48.56,62.4,10.07,12.67,1237048,"Top 1%",Maximum,65.71%,0.95,47.41,49.71,93%
NVCR,"Novocure Ltd Ord Sh","Medical - Biomedical",17.94,+1.70%,6,Buy,"100% Buy",+33.51,+49.75%,16.35,16.8,14.81,17.56,55.69,31.04,26,1695344,Strongest,Strong,64.62%,0.48,16.85,18.27,77%
ISTR,"Investar Holding","Banks - Southeast",31.1,+1.27%,4,Buy,"100% Buy",+33.38,+33.02%,29.29,30.02,28.93,30.4,61.74,14.31,3.64,133286,Strongest,Good,72.29%,0.32,29.61,31.18,95%
OIS,"Oil States International","Oil Field Machinery & Equip",8.76,-1.13%,7,Buy,"40% Sell",+33.36,+52.35%,8.83,8.44,9.69,8.75,53.14,33.64,16.64,859737,Weakening,Weak,68.10%,0.68,8.32,9.19,51%
FIVN,"Five9 Inc","Internet - Software",33.27,-2.43%,6,Buy,"100% Buy",+33.24,+26.50%,24.57,28.56,21.83,33.12,57.06,7.79,53.19,2629789,Average,Maximum,66.27%,0.72,31.2,35.04,54%
ALTO,"Alto Ingredients Inc","Consumer Prdts - Misc Discr",4.04,+0.25%,1,Sell,"40% Sell",+32.98,+251.30%,4.96,4.77,4.53,4.13,40.99,232.59,27.53,1894181,Average,Weak,39.09%,0.31,3.93,4.33,27%
TNET,"Trinet Group Inc",Outsourcing,69.06,-0.52%,4,Hold,"96% Buy",+32.95,-3.53%,53.67,63.81,49.23,68.89,54.9,-22.24,4.04,438568,Strengthening,Strong,51.71%,0.86,66.26,71.53,53%
FUSB,"First US Bancshares Inc","Banks - Southeast",16.48,-0.42%,4,Sell,"56% Buy",+32.91,+35.75%,16.29,16.54,15.93,16.47,50.16,17.04,5.22,9817,Weakest,Soft,61.75%,1.38,16.27,16.67,53%
ACOG,"Alpha Cognition Inc","Medical - Biomedical",9.52,+3.37%,7,Buy,"100% Buy",+32.84,+14.01%,7.41,8.6,6.84,9.2,58.11,-4.7,33.71,78043,Strongest,Maximum,57.54%,0.37,8.46,9.95,71%
PCB,"Pcb Bancorp","Banks - Southwest",28.14,+0.29%,2,Sell,"56% Buy",+32.84,+28.03%,26.6,28.32,25.3,27.84,54.35,9.32,17.23,29374,Average,Good,52.15%,0.45,27.06,28.61,70%
HSIC,"Henry Schein Inc","Medical - Dental Suppliers",89.81,-1.16%,4,Buy,"100% Buy",+32.54,+32.50%,81.83,87.43,80.15,89.58,55.33,13.79,6.08,1320676,Strengthening,Maximum,68.57%,0.72,88.07,91.09,58%
NWFL,"Norwood Financial Corp","Banks - Northeast",34.71,+0.14%,6,Buy,"100% Buy",+32.27,+28.79%,31.75,33.1,31.18,34.14,62.43,10.08,10.99,31576,Strongest,Maximum,67.29%,0.36,33.44,34.85,90%
GOOGL,"Alphabet Cl A","Internet - Services",338.46,-1.17%,1,Hold,"16% Sell",+32.26,+45.70%,358.92,348.57,341.91,343.61,44.82,26.99,-4.62,32543982,Weakening,Minimum,34.79%,0.8,334.32,352.9,22%
GSBC,"Great Southern Bncp","Finance - Savings & Loan",80.24,+0.45%,2,Sell,"88% Buy",+32.17,+24.83%,75.02,79.28,71.1,79.51,56.93,6.12,17.59,83993,Strengthening,Strong,63.47%,0.84,77.46,81.56,68%
JAKK,"Jakks Pacific Inc","Toys & Game & Hobby",24.58,+2.20%,1,Sell,"56% Buy",+32.16,+38.48%,23.46,24.7,22.32,25.27,44.35,19.77,32.87,92822,Weakest,Strong,16.22%,0.34,24.32,26.22,14%
ICLR,"Icon Plc","Medical Services",164.85,+0.78%,8,Sell,"40% Buy",+32.04,-6.53%,147.9,168,135.82,167.53,48.11,-25.24,-22.28,1242865,Average,Weak,18.43%,1.09,159.82,175.25,33%
WSBK,"Winchester Bancorp Inc","Banks - Northeast",12.99,-0.23%,4,Sell,"40% Buy",+31.91,+37.16%,12.93,13.03,12.85,13,48.91,18.45,11.56,9373,Weakest,Weak,33.74%,4.64,12.96,13.03,42%
MVBF,"Mvb Financial Corp","Banks - Northeast",31.23,+1.04%,2,Buy,"100% Buy",+31.85,+28.89%,28.2,29.85,27.65,30.44,63.63,10.18,8.16,50070,Strongest,Strong,85.89%,1.12,29.73,31.15,105%
MCY,"Mercury General Corp","Insurance - Proprty & Casualty",104.53,-1.43%,1,Sell,"40% Buy",+31.83,+32.52%,102.93,106.6,98.63,104.65,48.94,13.81,-1.62,259320,Weakest,Soft,50.63%,0.79,101.49,107.82,48%
TFSL,"Tfs Financial Corp","Finance - Savings & Loan",17.57,+0.40%,1,Sell,"56% Buy",+31.81,+29.00%,16.74,17.81,15.91,17.54,48.12,10.29,18.57,809605,Weakening,Good,34.64%,0.68,17.17,17.91,54%
BHB,"Bar Harbor Bankshares","Banks - Northeast",40.39,+0.50%,1,Buy,"100% Buy",+31.42,+24.51%,37.11,39.09,35.84,39.78,59.79,5.8,17.33,107384,Strongest,Maximum,65.66%,0.44,38.71,40.85,78%
ELV,"Elevance Health Inc","Medical Services",407.5,-1.76%,9,Buy,"100% Buy",+31.41,+32.28%,388.48,396.29,362.62,399.54,56.62,13.57,3.5,1638810,Strengthening,Good,79.47%,0.89,388.29,410.79,85%
SAIC,"Science Applications International","IT Services",126.75,+0.20%,9,Buy,"88% Buy",+31.28,+19.33%,110.7,120.09,105.09,126.79,55.89,0.62,13.17,594151,Average,Maximum,20.59%,0.72,124.57,129.02,49%
PAG,"Penske Automotive Group","Retail - Wsale Auto & Trucks",219.77,+0.07%,3,Buy,"100% Buy",+31.19,+17.79%,188.54,208.1,177.65,217.79,62.28,-0.92,26.09,310237,Strengthening,Maximum,66.93%,0.44,215.42,220.15,92%
RAMP,"Liveramp Holdings Inc","Technology Services",37.75,-0.03%,3,Hold,"72% Buy",+30.97,+35.94%,35.76,37.75,32.6,37.72,52.12,17.23,15.78,1017378,Weakest,Good,76.41%,0.66,37.52,37.93,57%
ESP,"Espey Mfg. & Electronics","Electronics - Military",63.35,+1.26%,6,Buy,"88% Buy",+30.93,+28.71%,62.81,61.54,60.87,63.32,54.11,10,21.67,31523,Strengthening,Soft,26.17%,0.42,61.22,65.43,51%
MSGM,"Motorsport Games Inc Cl A",Gaming,4.58,+13.93%,5,Hold,"48% Buy",+30.92,+55.78%,4.29,4.27,4.16,4.1,60.81,37.07,31.73,79143,Average,Weak,68.29%,5.77,3.62,4.57,101%
LSBK,"Lake Shore Bancorp","Finance - Savings & Loan",17.38,-0.23%,6,Buy,"100% Buy",+30.90,+31.17%,16.56,17.16,16.16,17.22,61.55,12.46,5.8,10024,Strengthening,Strong,82.31%,0.8,17.06,17.37,102%
AFRI,"Forafric Global Plc","Agriculture Operations",11.03,-0.90%,5,Buy,"100% Buy",+30.90,+31.47%,10.3,10.62,10.12,10.83,54.9,12.76,-12.75,16668,Average,Average,44.87%,0.38,10.39,11.27,73%
IMTX,"Immatics NV","Medical - Biomedical",9.56,+1.06%,5,Sell,"56% Sell",+30.78,+67.13%,10.02,9.41,10,9.35,53.94,48.42,-21.7,484544,Weakest,Weak,74.27%,1.01,8.72,9.98,67%
GOOG,"Alphabet Cl C","Internet - Services",335.31,-1.11%,1,Hold,"16% Sell",+30.70,+44.12%,356.58,346.53,340.16,340.82,43.97,25.41,-5.9,21471844,Weakening,Minimum,36.01%,0.65,330.96,350.67,22%
HTO,"H2O America","Waste Removal Svcs",64.32,-0.37%,10,Buy,"100% Buy",+30.70,+28.79%,60.27,62.89,58.92,63.46,57.11,10.08,18.54,479129,Strongest,Strong,68.70%,0.83,61.94,64.98,78%
BCAL,"California Bancorp","Banks - Southwest",21.9,+1.06%,3,Buy,"100% Buy",+30.53,+28.15%,20.15,21.22,19.51,21.45,62.13,9.44,4.55,211071,Strongest,Strong,80.44%,0.86,21.01,21.9,100%
MET,"Metlife Inc","Insurance - Multi Line",97.62,-1.62%,2,Buy,"100% Buy",+30.17,+19.41%,88.02,94.34,83.11,96.31,56.32,0.7,10.91,3643056,Strongest,Maximum,76.83%,0.76,93.73,98.89,75%
LXFR,"Luxfer Holdings Plc","Machinery - General Industrial",17.21,+0.12%,9,Buy,"88% Buy",+30.15,+27.48%,16.56,17.15,15.49,17.14,55.24,8.77,14.45,200935,Average,Average,82.94%,0.4,17.05,17.23,89%
MOH,"Molina Healthcare Inc","Medical - HMO",200.8,-1.04%,7,Sell,"40% Buy",+30.13,+17.54%,197.93,210.8,180.34,201.51,47.93,-1.17,2.96,1429578,Weakest,Weak,38.92%,0.24,194.03,208.98,45%
HWBK,"Hawthorn Bancshares","Banks - Northeast",40.09,+1.29%,3,Buy,"100% Buy",+30.10,+26.19%,37.5,39.08,36.32,39.45,61.46,7.48,2.19,10368,Strengthening,Strong,70.66%,0.93,38.59,40.31,87%
ACTG,"Acacia Res-Acacia","Business Services",4.54,+0.67%,1,Sell,"24% Sell",+30.00,+35.93%,4.67,4.56,4.61,4.56,49.02,17.22,8.64,256108,Weakening,Minimum,48.65%,0.53,4.4,4.73,43%
RLGT,"Radiant Logistics","Transportation - Air Freight",8.44,+0.36%,7,Sell,"8% Buy",+29.98,+30.45%,8.67,8.83,8.21,8.53,45.88,11.74,20.58,151135,Weakest,Weak,25.96%,1.02,8.2,8.86,36%
ESEA,"Euroseas Ltd","Transportation - Ship",76.35,-0.76%,3,Buy,"100% Buy",+29.79,+23.60%,71.35,73.62,68.74,75.43,53.39,4.89,27.09,57786,Average,Strong,62.24%,0.65,72.36,78.5,65%
LARK,"Landmark Bancorp Inc","Finance - Savings & Loan",32.25,+0.75%,6,Buy,"100% Buy",+29.72,+24.82%,29.78,31.5,28.69,32.02,58.41,6.11,10.39,9153,Strongest,Strong,78.96%,0.61,31.57,32.48,75%
CQP,"Cheniere Energy Partners LP","Other Alt Energy",68.73,+0.47%,10,Buy,"100% Buy",+29.58,+27.14%,64.19,65.65,63.58,68.55,53.65,8.43,15.77,114578,Strengthening,Strong,56.91%,1.28,66.4,70.7,54%
BVFL,"Bv Financial Inc MD","Banks - Northeast",21.58,-0.87%,2,Hold,"96% Buy",+29.23,+28.84%,20.61,21.28,20.17,21.37,54.08,10.13,6.21,17594,Average,Good,74.70%,0.75,20.86,21.87,71%
CIFR,"Cipher Digital Inc","Technology Services",17.74,+2.13%,1,Sell,"40% Sell",+29.23,+139.73%,20.68,19.45,18.81,16.47,51.01,121.02,7.44,29331133,Weakest,Weak,59.96%,0.8,14.38,18.56,80%
DLTR,"Dollar Tree Inc","Retail - Discount",131.42,+0.29%,4,Hold,"80% Buy",+29.05,+31.09%,114.98,127.31,115.27,130.4,54.17,12.38,-5.91,3255321,Weakening,Good,70.39%,0.44,125.6,135.21,61%
DBX,"Dropbox Inc","Internet - Services",34.83,-2.44%,5,Buy,"100% Buy",+28.78,+18.35%,29.11,32.12,27.58,34.64,55.29,-0.36,12.54,3908259,Strongest,Maximum,55.81%,0.71,33.2,36.09,56%
MIRM,"Mirum Pharmaceuticals Inc","Medical - Biomedical",100.9,+0.27%,1,Sell,"8% Buy",+28.75,+36.02%,104.48,109.06,101.6,99,48.44,17.31,14.99,832570,Weakest,Minimum,56.45%,0.5,95.94,102.05,81%
WLY,"John Wiley Sons Cl A","Publishing - Books",48.19,-4.88%,1,Hold,"64% Buy",+28.71,+25.99%,46.86,51.42,42.6,51.73,36.43,7.28,44.58,541747,Weakest,Good,26.49%,1.93,48.82,54.64,-11%
VG,"Venture Global Inc Cl A","Oil - US Exploration & Product",14.42,-0.41%,9,Buy,"100% Buy",+28.62,+12.04%,12.92,13.34,12.71,14.19,54.11,-6.67,98.69,17463930,Average,Average,60.80%,0.54,13.34,15.04,64%
PLUS,"Eplus Inc","Business Software Services",92.1,+1.35%,1,Buy,"88% Buy",+28.30,+28.40%,85.92,88.02,83.87,87.84,62.87,9.69,-7.73,207583,Strongest,Average,73.37%,0.8,84.56,91.11,115%
RES,"RPC Inc","Oil - Field Services",6.5,+0.46%,10,Buy,"24% Buy",+28.26,+35.42%,6.52,5.97,6.47,6.36,59.74,16.71,6.74,1979319,Weakest,Minimum,78.74%,0.84,6.09,6.63,75%
TKNO,"Alpha Teknova Inc","Medical - Biomedical",6.92,-4.42%,7,Buy,"88% Buy",+28.02,+63.21%,5.09,6.13,4.24,7.19,52.67,44.5,69.36,192065,Average,Maximum,53.73%,0.72,6.79,7.59,17%
BCRX,"Biocryst Pharma Inc","Medical - Drugs",9.96,-1.29%,4,Buy,"100% Buy",+28.02,+20.44%,9.33,9.75,9.01,9.91,53.55,1.73,14.94,4589217,Average,Strong,79.65%,0.4,9.42,10.39,56%
UNH,"Unitedhealth Group","Medical - HMO",397.14,-0.95%,2,Sell,"56% Buy",+27.89,+27.95%,396.19,411.74,358.84,396.91,46.79,9.24,7.56,7469247,Weakest,Average,68.76%,1.12,385.4,408.42,51%
KFY,"Korn/Ferry International",Staffing,85.35,-0.28%,7,Buy,"100% Buy",+27.80,+15.78%,74.15,79.95,70.45,84.42,58.76,-2.93,16.53,506388,Strongest,Maximum,42.81%,1.36,82.66,86.19,76%
AA,"Alcoa Corp","Metal Products - Distribution",49.97,-2.12%,5,Buy,"40% Sell",+27.79,+59.70%,57.79,48.74,59.57,50.85,49.14,40.99,-18.72,6061679,Average,Average,42.33%,0.52,48.74,52.96,29%
EBMT,"Eagle Bancorp [Mt]","Banks - Midwest",22.89,+0.31%,2,Sell,"24% Buy",+27.71,+29.76%,22.91,23.32,22.51,22.97,48.32,11.05,2.28,54235,Weakest,Weak,50.93%,0.49,22.09,23.84,46%
OFG,"OFG Bancorp","Banks - Northeast",53.22,+0.76%,3,Buy,"100% Buy",+27.70,+17.38%,48.66,51.69,46.06,52.56,59.52,-1.33,17.12,315642,Strongest,Maximum,55.85%,0.47,51.33,53.8,77%
FCCO,"First Community Corp","Banks - Southeast",34.56,+1.53%,6,Buy,"100% Buy",+27.67,+24.61%,32.06,33.52,31.19,33.89,58.8,5.9,3.81,68592,Strongest,Maximum,59.87%,0.64,32.94,34.84,85%
OVBC,"Ohio Valley Banc Corp","Banks - Midwest",46.86,+0.86%,9,Buy,"72% Buy",+27.41,+26.99%,45.28,43.88,44.51,45.29,64.14,8.28,4.46,23660,Strengthening,Soft,82.16%,0.3,43.7,46.88,99%
VAL,"Valaris Ltd","Oil & Gas - Drilling",86.74,-3.34%,8,Buy,"8% Buy",+27.41,+72.58%,87.04,80.7,88.28,86.79,53.45,53.87,59.35,1172116,Weakest,Minimum,65.00%,1.34,82.99,90.58,49%
CTW,"Ctw Cl A",Gaming,2.4,+1.69%,5,Sell,"32% Buy",+27.40,+24.35%,2.53,2.53,2.3,2.63,41.12,5.64,25.98,37095,Weakest,Weak,14.60%,0.92,2.36,2.9,7%
ECBK,"ECB Bancorp Inc","Banks - Northeast",20.75,-3.69%,7,Buy,"100% Buy",+27.32,+22.23%,19.47,20.42,18.78,20.71,51.64,3.52,6.6,11366,Strengthening,Strong,64.41%,0.76,20.12,21.3,54%
WULF,"Terawulf Inc","Finance - Misc Services",16.51,+1.73%,1,Sell,"56% Sell",+27.14,+86.13%,21.14,18.43,19.35,16.08,48.73,67.42,30.94,31767947,Weakening,Soft,46.06%,0.6,14.5,17.66,64%
MCBS,"Metrocity Bankshares Inc","Banks - Southeast",35.79,+0.62%,5,Sell,"72% Buy",+27.00,+19.54%,34.26,35.74,32.51,35.54,54.38,0.83,22.1,81948,Average,Strong,54.20%,0.7,34.62,36.46,64%
CURB,"Curbline Properties Corp","REIT - Equity Trust Retail",29.47,+0.20%,3,Sell,"24% Buy",+26.81,+29.20%,29.51,30.34,28.53,29.81,41.48,10.49,14.22,990545,Weakest,Soft,27.17%,0.7,29.28,30.35,18%
LAD,"Lithia Motors","Retail - Wsale Auto & Trucks",386.81,+2.07%,4,Buy,"100% Buy",+26.73,+13.74%,319.44,351.66,305.64,372.94,64.07,-4.97,3.64,300740,Strongest,Strong,81.98%,0.77,360.57,385.31,106%
HNVR,"Hanover Bancorp Inc","Banks - Northeast",27.35,+1.98%,6,Buy,"100% Buy",+26.60,+21.07%,24.45,25.78,23.57,27.13,59.46,2.36,5.6,32265,Strongest,Maximum,49.49%,0.3,26.59,27.67,70%
SOTK,"Sono-Tek Corp","Electronics - Semiconductors",5.02,+0.80%,2,Sell,"24% Buy",+26.35,+37.16%,5.13,5.29,4.78,5.16,45.54,18.45,8.8,32382,Weakest,Soft,14.86%,0.18,4.84,5.49,28%
CTKB,"Cytek Biosciences Inc","Medical - Biomedical",4.7,0.00%,6,Buy,"72% Buy",+26.29,+18.09%,4.38,4.55,4.4,4.69,54.16,-0.62,-19.68,1043416,Strengthening,Weak,64.06%,0.55,4.5,4.87,54%
COSO,"Coastalsouth Bancshares Inc","Banks - Southeast",27.89,+0.69%,4,Buy,"100% Buy",+26.27,+26.43%,26.53,27.21,25.93,27.56,59.2,7.72,7.21,94608,Strengthening,Strong,56.54%,0.89,27.01,28.1,81%
PBA,"Pembina Pipeline Cor","Oil - Production & Pipeline",48.41,-0.39%,7,Sell,"40% Buy",+26.27,+28.10%,47.71,48.79,46.51,48.66,47.65,9.39,14.44,1279892,Weakest,Average,34.53%,1.58,47.89,49.44,34%
CWBC,"Community West Bank","Finance - Misc Services",26.61,+0.80%,8,Hold,"80% Buy",+26.08,+25.70%,25.27,26.23,24.71,25.95,60.75,6.99,5.52,234113,Strengthening,Strong,77.32%,0.36,25.28,26.62,99%
LCNB,"Lcnb Corp","Banks - Northeast",19.53,+2.25%,1,Hold,"80% Buy",+25.77,+22.06%,17.9,19.22,17.52,19.54,51.88,3.35,6.41,30225,Strengthening,Strong,32.37%,0.46,18.9,20.18,49%
TBPH,"Theravance Bio Ord","Medical - Drugs",17.08,0.00%,13,Buy,"40% Buy",+25.68,+21.57%,16.76,16.96,16.74,17,64.69,2.86,-21.46,560953,Average,Minimum,71.56%,0.23,16.88,17.11,87%
RYAM,"Rayonier Advanced Materials Inc","Paper & Related Products",8.5,-0.70%,2,Buy,"8% Sell",+25.59,+50.18%,8.65,8.3,8.98,8.51,49.59,31.47,31.56,948451,Weakening,Minimum,58.67%,0.58,8.23,8.8,48%
NECB,"Northeast Community Bancorp","Banks - Northeast",27.17,+0.99%,1,Buy,"88% Buy",+25.50,+20.57%,25.73,26.78,25.16,26.61,60.01,1.86,7.4,44027,Strengthening,Strong,79.37%,0.42,26.02,27.19,97%
CPF,"Central Pacific Financial Company","Banks - West",38.19,+1.01%,1,Sell,"56% Buy",+25.46,+21.39%,36.65,38.46,35.3,37.93,52.01,2.68,9.81,157801,Weakening,Good,53.87%,0.52,36.8,39.07,61%
NTLA,"Intellia Thera CS","Medical - Biomedical",12.74,+0.47%,6,Buy,"16% Sell",+25.43,+9.64%,13.4,12.92,13.3,12.55,52.15,-9.07,28.96,4962049,Weakest,Minimum,56.37%,0.72,11.51,13.58,59%
NPCE,"Neuropace Inc","Medical Instruments",14.9,+1.02%,6,Sell,"72% Sell",+25.36,+55.05%,15.73,15.11,15.28,14.54,52.79,36.34,-16.25,203848,Average,Weak,69.51%,0.47,13.86,15.22,76%
ACNT,"Ascent Industries Co.","Machinery - General Industrial",15.26,-0.59%,1,Hold,"64% Buy",+25.34,+25.29%,14.62,15.2,14.69,15.19,51.03,6.58,-18.49,81168,Weakening,Weak,54.83%,0.24,14.65,15.73,57%
NBBK,"Nb Bancorp Inc","Banks - Northeast",23.16,+0.83%,2,Buy,"100% Buy",+25.00,+21.07%,21.18,22.08,21.29,22.54,62.17,2.36,4.1,302830,Strongest,Strong,90.24%,0.76,21.81,23.26,93%
BNED,"Barnes & Noble Education Inc C","Consumer Prdts - Misc Discr",12.72,+4.26%,2,Sell,"72% Buy",+24.81,+51.25%,11.4,12.38,10.53,12.22,57.65,32.54,25.66,325524,Average,Strong,56.18%,0.64,11.65,12.79,94%
MRBK,"Meridian Bank","Banks - Northeast",19.81,+1.69%,4,Sell,"56% Buy",+24.69,+25.86%,19.27,19.82,19.36,19.64,54.08,7.15,-0.07,104813,Average,Weak,32.66%,0.53,19.05,20.23,64%
SVRA,"Savara Inc","Medical - Drugs",5.37,0.00%,3,Sell,"40% Sell",+24.59,+50.00%,5.45,5.65,5.47,5.48,45.59,31.29,-23.7,1905811,Average,Weak,39.31%,0.36,5.21,5.74,30%
NRGV,"Energy Vault Holdings","Other Alt Energy",3.84,+1.32%,4,Buy,"24% Sell",+24.53,+85.51%,4.11,3.52,3.89,3.68,55.28,66.8,-29.45,4366002,Weakest,Weak,64.31%,0.56,3.32,4.04,72%
CART,"Maplebear Inc [Instacart]","Internet Commerce",51.07,-1.26%,6,Buy,"100% Buy",+24.48,+14.87%,44.85,47.85,42.31,50.33,58.16,-3.84,0.79,4447324,Strengthening,Maximum,76.57%,0.63,48.36,52.31,69%
NREF,"Nexpoint Real Estate Finance Inc","REIT - Mortgage Trusts",17.79,+0.74%,3,Buy,"100% Buy",+24.23,+14.92%,15.95,16.83,15.34,17.23,60.88,-3.79,13.6,56614,Strongest,Maximum,65.43%,0.88,16.65,17.82,97%
NVST,"Envista Holdings Corp","Medical Products",27.28,-1.12%,4,Hold,"80% Buy",+24.11,+31.28%,26.08,27.22,26.35,27.6,49.29,12.57,12.91,2770792,Weakening,Average,36.26%,0.62,26.58,28.62,34%
HBNB,"Hotel101 Global Holdings Corp. Cl A","Hotels & Motels",5.22,-3.87%,3,Hold,"80% Sell",+24.08,+69.48%,5.91,5.44,6.69,5.49,42.78,50.77,-42.87,15172,Strengthening,Average,40.58%,0.37,5.17,5.8,8%
XERS,"Xeris Pharmaceuticals Inc","Medical - Drugs",8.53,-0.70%,6,Buy,"88% Buy",+24.00,+8.11%,7.39,8.4,6.98,8.55,52.53,-10.6,-4.09,1873377,Strengthening,Strong,40.21%,0.56,8.18,8.92,47%
CCBG,"Capital City Bank Gr","Banks - Southeast",51.84,+0.74%,2,Sell,"88% Buy",+23.80,+17.74%,48.66,51.05,46.86,51.48,55.49,-0.97,9.03,87423,Strengthening,Strong,53.16%,0.61,50.27,52.68,65%
PINE,"Alpine Income Property Trust Inc","REIT - Equity Trust Other",19.65,+0.87%,2,Sell,"24% Buy",+23.79,+29.28%,19.81,20.19,19.58,19.62,46.81,10.57,4.77,170406,Weakest,Weak,34.50%,0.67,19.37,19.87,56%
TTRX,"Turn Therapeutics Inc","Medical - Biomedical",9.8,-2.68%,3,Buy,"88% Buy",+23.64,N/A,6.95,9.17,5.8,9.82,53.33,N/A,135.98,57083,Average,Strong,56.45%,0.8,9.31,10.34,48%
BH.A,"Biglari Holdings Inc Cl A","Retail - Restaurants",1928.21,-0.77%,2,Sell,"24% Buy",+23.62,+24.79%,1777.18,1966.36,1800.07,1945.2,48.13,6.08,-1.94,18895,Weakest,Weak,57.22%,0.88,1894.62,1995.78,33%
AM,"Antero Midstream Corp","Oil - US Integrated",22.6,+0.62%,8,Hold,"96% Buy",+23.29,+24.93%,21.93,22.32,21.94,22.33,55.58,6.22,14.29,2582197,Strengthening,Soft,68.87%,0.96,21.88,22.77,81%
PTRN,"Pattern Group Inc Series A","Internet Commerce",20.2,-1.89%,1,Sell,"24% Buy",+23.25,N/A,20.56,23.8,17.59,21.11,40.2,N/A,62.29,1348976,Weakest,Soft,25.98%,0.46,19.56,22.65,21%
F,"Ford Motor Company","Auto - Domestic",14.62,+1.46%,4,Buy,"88% Buy",+23.24,+25.17%,13.92,14.11,13.52,14.08,58.55,6.46,-1.32,56819680,Strongest,Average,77.18%,0.82,13.6,14.55,107%
BOW,"Bowhead Specialty Holdings Inc","Insurance - Proprty & Casualty",33.65,+0.03%,4,Buy,"100% Buy",+23.07,+4.99%,29.23,32.23,27.41,33.57,61.62,-13.72,5.15,234460,Average,Maximum,45.51%,0.79,33.4,33.73,76%
AWR,"American States Water Company","Utility - Water Supply",88.53,-1.25%,12,Hold,"80% Buy",+23.02,+19.30%,82.07,86.84,79.51,88.92,51.6,0.59,9.39,292624,Average,Strong,33.24%,0.56,86.95,90.89,40%
ZD,"Ziff Davis Inc","Internet - Software",55.7,-1.08%,2,Buy,"100% Buy",+22.96,+49.09%,49.47,53.79,45.59,55.39,55.11,30.38,45.71,749361,Strengthening,Maximum,61.90%,0.58,53.96,56.82,61%
MDGL,"Madrigal Pharmaceuticals Inc","Medical - Drugs",541.08,-0.28%,7,Sell,"72% Buy",+22.83,+25.48%,519.25,529.59,503.1,528.84,54.99,6.77,-19.84,336231,Strengthening,Weak,82.43%,0.49,502.78,554.9,73%
CCK,"Crown Cork & Seal Company","Containers - Metal & Glass",115.16,-0.37%,2,Sell,"56% Buy",+22.52,+24.81%,108.05,116.46,107.96,118.05,42.93,6.1,-0.91,1211224,Weakest,Good,17.78%,0.54,114.69,121.4,7%
RIOT,"Riot Platforms Inc","Finance - Misc Services",21.8,+3.12%,1,Hold,"32% Buy",+22.47,+65.65%,22.29,21.07,19.82,19.87,55.55,46.94,59.31,18287391,Weakening,Weak,65.17%,0.78,17.85,21.9,98%
WABC,"Westamerica Bancorp","Banks - West",59.39,+0.52%,2,Sell,"72% Buy",+22.27,+18.50%,57.44,59.33,55.5,58.73,55.92,-0.21,11.42,173900,Average,Good,75.53%,0.53,57.46,60.01,76%
AGL,"Agilon Health Inc","Medical Services",88.5,+2.34%,1,Sell,"40% Buy",+22.27,+192.56%,86.66,101.99,62.36,92.03,42.98,173.85,401.26,345086,Weakening,Soft,27.85%,0.38,84.02,100.04,28%
BALL,"Ball Corporation","Containers - Metal & Glass",62.67,-0.41%,3,Hold,"48% Buy",+22.25,+24.30%,60.51,62.91,61.34,62.87,47.76,5.59,5.56,2432162,Weakest,Weak,51.06%,0.99,61.19,64.55,44%
BH,"Biglari Holdings Inc","Retail - Restaurants",383.75,-0.46%,2,Hold,"32% Buy",+22.21,+23.43%,346.65,391.52,347.82,385.79,49,4.72,2.69,107023,Weakest,Average,57.73%,0.57,376.24,395.35,39%
TEO,"Telecom Argentina Stet France Telecom ADR","Wireline Non-US",13.03,+0.46%,4,Sell,"24% Buy",+22.18,+55.68%,13.06,13.38,12.57,13.31,43.95,36.97,-0.52,331732,Weakest,Weak,32.69%,3.25,12.74,13.88,26%
STHO,"Star Holdings","Real Estate Operations",9.93,+2.06%,6,Buy,"100% Buy",+22.10,+15.73%,9.06,9.42,8.75,9.68,61.43,-2.98,7.91,30487,Strongest,Maximum,84.85%,1,9.35,10.01,88%
SBUX,"Starbucks Corp","Retail - Restaurants",104.47,-1.28%,5,Buy,"72% Buy",+22.05,+20.07%,103.48,105.44,100.91,106.61,44.9,1.36,11.31,8118404,Weakest,Average,43.18%,0.66,103.91,109.32,10%
RSVR,"Reservoir Media Inc","Media Conglomerates",9.74,-0.31%,2,Sell,"8% Sell",+21.99,+24.08%,10.13,10.1,9.72,9.81,43.45,5.37,15.92,74062,Weakening,Minimum,47.65%,0.58,9.61,10.01,33%
BSET,"Bassett Furniture",Furniture,19.16,+2.87%,2,Sell,"56% Buy",+21.97,+13.78%,17.19,19.6,16.37,19.03,51.47,-4.93,1.57,36355,Strengthening,Good,41.85%,0.27,18.35,19.7,60%
LILA,"Liberty Latin America Cl A","Wireless National",8.52,-2.85%,3,Buy,"72% Buy",+21.96,+6.50%,7.88,8.07,7.92,8.53,53.09,-12.21,2.54,465000,Weakening,Average,85.74%,0.56,8.24,8.82,48%
CMT,"Core Molding Technologies Inc","Rubber & Plastics",24.12,+0.33%,4,Hold,"32% Buy",+21.90,+24.01%,24.7,24.54,23.33,25.27,41.14,5.3,7.55,27833,Weakest,Weak,19.86%,0.88,23.94,26.61,7%
HPK,"Highpeak Energy Inc","Oil - US Exploration & Product",8.05,-2.90%,5,Buy,"100% Buy",+21.78,+5.64%,7.2,7.43,6.74,7.97,54.32,-13.07,57.08,794833,Strengthening,Good,60.34%,0.38,7.38,8.57,56%
AURA,"Aura Biosciences Inc","Medical - Biomedical",7.56,+2.58%,7,Hold,"80% Buy",+21.73,+17.76%,7.28,7.33,6.89,7.68,51.11,-0.95,25.97,437565,Strengthening,Average,34.90%,0.67,7.23,8.13,37%
TCBX,"Third Coast Bancshares Inc","Banks - Southeast",46.05,+2.65%,8,Buy,"100% Buy",+21.73,+14.01%,40.87,43.07,40.53,45.18,61.77,-4.7,8.4,91502,Strongest,Maximum,63.72%,1.8,43.98,46.38,86%
JOYY,"Joyy Inc ADR","Internet - Services",75,+0.55%,3,Buy,"100% Buy",+21.60,+20.89%,67.41,72.45,65.18,74.14,58.57,2.18,3.06,345717,Strongest,Strong,25.21%,0.57,72.64,75.64,79%
SABR,"Sabre Corp","Internet Software Services",2.13,+3.40%,4,Buy,"96% Buy",+21.58,+23.84%,1.89,2,1.71,2.13,53,5.13,43.87,6735379,Strongest,Good,33.88%,1.13,1.98,2.28,50%
AMP,"Ameriprise Financial Services","Finance - Investment Mgmt",560.56,-0.80%,5,Buy,"100% Buy",+21.41,+9.51%,498.27,535.43,487.5,559.1,56.15,-9.2,1.57,636706,Strongest,Maximum,59.35%,0.67,545.8,572.4,55%
CRD.A,"Crawford Company Cl A","Business Services",13.27,-1.26%,3,Buy,"100% Buy",+21.35,+20.64%,11.35,12.1,11.01,13.16,59.01,1.93,5.21,62368,Strengthening,Maximum,65.18%,0.39,12.83,13.49,67%
CVSA,"Covista Inc",Schools,128.09,+0.35%,3,Buy,"72% Buy",+21.33,-4.96%,124.64,128.13,118.2,132.06,46.51,-23.67,11.04,400625,Weakest,Average,22.96%,0.68,125.02,139.11,22%
WRLD,"World Acceptance Corp","Finance - Consumer Loans",190.54,-0.59%,1,Sell,"56% Buy",+21.26,+8.41%,176.71,193.32,162.63,188.61,51.86,-10.3,22.97,125186,Weakening,Average,67.74%,0.81,181.84,195.38,64%
PLOW,"Douglas Dynamics","Auto - Truck Replacement Parts",42.3,+2.42%,2,Sell,"24% Sell",+21.06,+26.23%,45.1,44.27,44.32,41.81,48.79,7.52,16.81,231777,Weakest,Weak,61.81%,0.55,40.79,42.82,74%
HELE,"Helen of Troy Ltd","Cosmetics & Toiletries",28.4,+0.78%,5,Buy,"72% Buy",+21.05,+10.63%,26.56,28.43,23.25,28.92,48.52,-8.08,20.9,661536,Weakest,Average,34.80%,0.52,27.54,30.3,31%
APYX,"Apyx Medical Corp","Medical Products",3.05,-0.33%,2,Sell,"88% Sell",+20.99,+48.78%,3.86,3.76,3.81,3.08,36.15,30.07,-25.61,135657,Strengthening,Average,51.25%,0.55,2.89,3.27,42%
EIG,"Employers Holdings Inc","Insurance - Accident & Health",49.65,-0.48%,2,Sell,"56% Buy",+20.93,+14.53%,46.77,49.8,45.01,48.8,55.02,-4.18,2.26,252667,Weakening,Good,76.89%,0.83,47.71,49.89,89%
HGTY,"Hagerty Inc","Insurance - Proprty & Casualty",13.55,+0.67%,1,Buy,"88% Buy",+20.88,+17.83%,11.53,12.5,11.4,13.13,63.72,-0.88,-11.93,146671,Strongest,Strong,57.99%,0.75,12.62,13.65,91%
FSTR,"Foster L B Company","Steel - Producers",38.02,+1.79%,1,Sell,"24% Buy",+20.86,+39.88%,39.41,40.58,36.21,37.91,45.07,21.17,28.33,66277,Weakest,Weak,40.12%,0.33,36.63,39.19,54%
XYZ,"Block Inc","Internet - Software",82.76,-0.73%,2,Hold,"96% Buy",+20.86,+9.25%,75.85,80.34,70.19,81.46,53.4,-9.46,14.4,6692515,Strengthening,Strong,59.27%,0.5,77.59,85.33,67%
MNSB,"Mainstreet Bank","Banks - Northeast",25.44,+0.91%,9,Buy,"100% Buy",+20.78,+14.06%,23.95,24.37,23.4,24.96,59.64,-4.65,12.2,46106,Strongest,Strong,69.25%,0.31,24.32,25.6,88%
SIBN,"Si-Bone Inc","Medical Instruments",18.5,-0.75%,9,Buy,"72% Buy",+20.73,+13.15%,16.2,18.12,15.56,19.14,46.86,-5.56,-18.94,597763,Weakening,Strong,19.93%,0.66,18.37,19.91,9%
DTI,"Drilling Tools International Corp","Oil - Field Services",2.66,+1.53%,10,Buy,"24% Sell",+20.67,+36.41%,2.62,2.34,2.99,2.53,63.32,17.7,-4.18,283240,Weakening,Weak,77.99%,0.4,2.36,2.7,89%
CB,"Chubb Ltd","Insurance - Proprty & Casualty",341.59,-1.91%,2,Sell,"40% Buy",+20.65,+22.05%,336.35,347.93,333.77,342.77,47.47,3.34,-3.31,1741445,Weakest,Soft,52.20%,1.3,336.69,348.84,40%
LILAK,"Liberty Latin America Cl C","Wireless National",8.45,-2.65%,2,Buy,"80% Buy",+20.06,+3.43%,7.9,7.99,7.97,8.45,53.66,-15.28,0.52,1094380,Weakening,Soft,82.86%,0.66,8.21,8.69,50%
NWL,"Newell Rubbermaid Inc","Consumer Prdts - Misc Staple",6.11,+0.66%,2,Buy,"100% Buy",+20.05,-3.17%,4.97,5.72,4.69,6.05,55.17,-21.88,51.5,7957497,Strengthening,Strong,53.82%,0.52,5.8,6.3,62%
VABK,"Virginia Natl Bnk","Banks - Northeast",46.94,-0.06%,1,Buy,"100% Buy",+19.98,+15.87%,44.44,46,42.86,46.71,55.48,-2.84,5.04,7751,Strengthening,Maximum,55.08%,0.93,46.06,47.36,68%
CZR,"Caesars Entertainment Inc","Leisure & Recreation Services",29.68,0.00%,4,Sell,"40% Buy",+19.80,+15.26%,29.11,29.86,27.55,29.69,47.6,-3.45,14.14,5754455,Weakest,Average,47.27%,0.55,29.5,29.89,46%
CCEP,"Coca-Cola Europacific Partners Plc","Beverages - Soft",105.76,-3.11%,3,Buy,"72% Buy",+19.71,+20.98%,100.92,106.87,100.19,107.65,44.87,2.27,3.85,1792583,Weakening,Strong,41.56%,1.23,105.15,110.15,12%
JMSB,"John Marshall Bk Fal","Banks - Southeast",23.36,+0.13%,2,Buy,"100% Buy",+19.70,+16.68%,21.98,22.71,21.36,23.02,57.63,-2.03,4.11,34062,Strongest,Maximum,58.09%,0.83,22.56,23.48,87%
SBH,"Sally Beauty Holdings","Retail - Misc & Diversified",16.7,+1.40%,2,Buy,"88% Buy",+19.55,+18.19%,14.48,15.59,14.63,16.51,59.06,-0.52,4.36,1536927,Strongest,Strong,54.95%,0.64,16.17,16.85,78%
OVLY,"Oak Valley Bancp CA","Banks - West",34.88,+1.07%,5,Buy,"100% Buy",+19.45,+19.66%,33.7,33.74,33.4,34.07,60.87,0.95,3.28,29740,Strongest,Average,56.61%,1.01,33.26,34.88,100%
CPSS,"Consumer Portfol","Finance - Misc Services",9.4,+6.70%,5,Sell,"24% Buy",+19.27,+27.03%,9.41,9.35,8.98,9.3,51.97,8.32,-12.,21463,Weakening,Weak,57.75%,1.16,8.96,9.64,65%
GLNG,"Golar Lng Ltd","Oil - International Integrated",52.12,+0.25%,5,Buy,"88% Buy",+19.24,+18.86%,51.72,50.6,50.4,51.74,54.76,0.15,27.32,1512482,Average,Average,64.88%,0.55,50.36,53.13,64%
WFCF,"Where Food Comes From Inc","Consumer Services - Misc",13.81,-1.57%,6,Buy,"100% Buy",+19.24,+10.66%,12.51,12.72,12.3,12.98,59.06,-8.05,7.44,9031,Strengthening,Average,33.40%,0.45,11.79,14.18,85%
QRVO,"Qorvo Inc","Semi Radio Frequency",102.84,+2.45%,5,Buy,"88% Buy",+19.03,+11.54%,93.36,92.21,89.01,97.05,69.08,-7.17,8.94,1226304,Strongest,Strong,87.92%,0.65,92.83,101.27,119%
GIC,"Global Industrial Co.","Industrial Services",39.81,+1.63%,2,Buy,"100% Buy",+18.97,+4.16%,34.04,36.65,33.34,39.23,64.66,-14.55,23.49,106683,Strongest,Maximum,53.99%,0.92,38.5,39.96,90%
HNI,"Hon Industries Inc","Business Office Products",49.66,+2.96%,4,Buy,"88% Buy",+18.92,+7.42%,39.33,44.99,40.17,48.87,61.5,-11.29,5.38,728465,Strongest,Strong,67.81%,0.6,47.35,50.38,76%
IOSP,"Innospec Inc","Chemical - Diversified",93.95,+0.89%,8,Buy,"100% Buy",+18.92,+9.42%,84.01,88.21,81.48,93.91,58.73,-9.29,10,215655,Strongest,Maximum,37.09%,0.6,92.28,95.55,51%
AEBI,"Aebi Schmidt Holding Ag","Auto - Domestic",12.95,+3.02%,3,Sell,"24% Buy",+18.90,+14.10%,12.29,12.62,12.52,12.54,54.41,-4.61,-10.38,289514,Weakest,Minimum,68.29%,0.5,11.75,13.33,76%
MGYR,"Magyar Bancorp Inc","Banks - Northeast",19.8,+1.44%,1,Buy,"100% Buy",+18.60,+13.14%,18.05,18.62,17.91,19.43,62.03,-5.57,1.83,4129,"Top 1%",Maximum,68.96%,0.81,19.04,19.81,98%
APEI,"American Public Education",Schools,45.36,-0.04%,1,Sell,"72% Sell",+18.42,+43.00%,52.23,49.93,51.48,45.55,39.83,24.29,7.25,297587,Strengthening,Soft,52.83%,0.36,44.14,46.96,43%
LAMR,"Lamar Advertis A","REIT - Equity Trust Other",150.76,-0.52%,2,Sell,"24% Buy",+18.22,+17.77%,151.43,156.46,144.9,152.22,42.06,-0.94,6.35,575758,Weakest,Soft,45.31%,0.51,148.78,155.65,29%
ENIC,"Enersis Chile S.A. ADR","Utility - Electric Power",4.45,+1.60%,2,Hold,"88% Buy",+18.21,+23.27%,4.43,4.44,4.32,4.45,51.14,4.56,-2.05,608162,Strengthening,Average,40.05%,0.71,4.3,4.6,51%
MCB,"Metropolitan Bank Holding Corp","Banks - Northeast",93.19,+1.22%,4,Sell,"40% Buy",+18.19,+16.47%,92.57,94.35,90.63,92.11,53.5,-2.24,9.29,143080,Weakening,Soft,62.27%,0.82,89.51,94.72,71%
NMIH,"Nmi Holdings Inc","Insurance - Proprty & Casualty",44.83,-1.23%,7,Buy,"88% Buy",+18.16,+11.80%,40.76,43.48,40.06,45.05,53.97,-6.91,-2.85,493922,Strengthening,Maximum,37.67%,1.23,44.08,46.02,39%
NWE,"Northwestern Energy Group Inc","Utility - Electric Power",70.78,-0.17%,3,Sell,"24% Buy",+18.12,+22.65%,71.07,71.11,70.17,70.62,50.87,3.94,-3.08,515286,Weakest,Minimum,56.93%,1,69.28,71.95,56%
CRD.B,"Crawford Company Cl B","Building & Construction - Misc",12.09,-0.90%,4,Buy,"88% Buy",+18.01,+15.03%,10.58,11.14,10.43,12.12,56.22,-3.68,0.03,12262,Strengthening,Maximum,44.01%,0.74,11.7,12.53,47%
GAIN,"Gladstone Investment","Finance - SBIC & Commercial",16.4,+0.12%,2,Buy,"96% Buy",+17.95,+15.98%,16.09,16.29,15.42,16.4,50.99,-2.73,4.64,253384,Strengthening,Good,43.91%,0.72,16.22,16.57,51%
BHRB,"Burke Herbert Financial Services Corp","Finance - Misc Services",72.35,-0.18%,2,Sell,"88% Buy",+17.88,+13.28%,68.14,71.93,67.03,72.16,52.81,-5.43,3.36,121544,Average,Strong,66.06%,0.52,70.42,73.9,55%
IMMR,"Immersion Corp","Computers - Peripheral Equpt",7.71,+1.98%,3,Buy,"100% Buy",+17.82,+9.36%,6.8,7.22,6.56,7.58,57.51,-9.35,0.63,527426,Strongest,Maximum,50.56%,0.37,7.37,7.79,80%
TRIN,"Trinity Capital Inc","Finance - SBIC & Commercial",18.22,-0.71%,9,Buy,"88% Buy",+17.82,+12.54%,17.3,17.93,16.57,18.38,50.13,-6.17,11.62,1145333,Average,Strong,44.43%,0.89,17.94,18.81,32%
VLGEA,"Village Super Mkt","Retail - Supermarket",43.37,-0.60%,3,Buy,"88% Buy",+17.80,+16.06%,43.1,43.19,42.25,43.17,50.63,-2.65,9.78,51962,Average,Soft,48.77%,0.64,41.77,44.57,57%
MPLX,"Mplx LP","Oil - Production & Pipeline",59.67,+0.56%,1,Buy,"100% Buy",+17.78,+17.44%,56.98,58.2,57.1,59.08,57.49,-1.27,-0.95,1671185,Strongest,Strong,71.68%,0.74,58.22,59.93,85%
PDM,"Piedmont Realty Trust Inc","REIT - Equity Trust Other",9.68,-0.10%,6,Buy,"96% Buy",+17.54,+12.56%,9.01,9.6,8.46,9.6,52.48,-6.15,3.32,989734,Average,Strong,58.82%,0.86,9.27,9.93,62%
ACCO,"Acco Brands Corp","Consumer Prdts - Misc Discr",4.42,+1.84%,1,Buy,"100% Buy",+17.44,+9.68%,3.98,4.2,3.84,4.28,62.54,-9.03,5.75,880620,Strongest,Strong,78.10%,0.96,4.17,4.4,109%
VKTX,"Viking Thera","Medical - Biomedical",34.87,+2.62%,6,Sell,"40% Buy",+17.34,+31.44%,33.49,35.43,33.16,33.81,54.29,12.73,-13.63,2506639,Average,Weak,53.00%,0.68,32.22,35.4,83%
BKH,"Black Hills Corp","Utility - Electric Power",73.21,-0.12%,3,Sell,"8% Buy",+17.30,+22.92%,73.66,73.6,73.17,73.06,50.78,4.21,-7.29,962937,Weakest,Minimum,59.87%,0.9,71.71,74.42,55%
LGL,"LGL Group","Electronics - Misc Components",7.5,+0.67%,9,Buy,"100% Buy",+17.15,+13.00%,7.09,7.14,7.1,7.47,55.45,-5.71,17.68,12493,Strongest,Good,33.84%,1.23,7.25,7.69,57%
NATL,"NCR Atleos Corporation","Internet - Software",46.09,+1.03%,1,Sell,"56% Buy",+17.07,+15.89%,45.33,46.17,44.54,46.35,47.88,-2.82,8.19,753083,Weakening,Soft,18.29%,0.6,45.57,47.12,33%
MXC,"Mexco Energy Corp","Oil - US Exploration & Product",11.02,+3.77%,3,Buy,"56% Buy",+16.98,+28.50%,9.01,9.05,9.66,9.73,67.96,9.79,-1.55,23876,Strongest,Weak,87.89%,10.79,8.81,10.65,120%
ETR,"Entergy Corp","Utility - Electric Power",107.27,-0.47%,3,Sell,"8% Sell",+16.96,+21.65%,111.22,110.31,109.38,106.9,47.69,2.94,3.31,2938100,Weakest,Minimum,49.40%,1.1,104.97,108.82,60%
IART,"Integra Lifesciences","Medical Instruments",16.72,+1.70%,2,Sell,"40% Buy",+16.94,+6.84%,16.14,17.81,14.18,17.09,44.24,-11.87,21.87,861481,Weakest,Average,16.74%,0.8,16.06,18.12,32%
NRXP,"Nrx Pharmaceuticals Inc","Medical - Drugs",3.49,+1.75%,3,Sell,"24% Buy",+16.89,+32.70%,3.57,3.68,3.03,3.45,49.33,13.99,16.03,1015998,Weakening,Weak,56.52%,0.52,3.26,3.64,60%
DLX,"Deluxe Corp","Business Office Products",24.29,-0.45%,2,Sell,"72% Sell",+16.85,+25.14%,25.29,24.8,26,23.82,50.68,6.43,-3.97,436127,Average,Weak,84.83%,1.91,22.98,24.65,78%
COFS,"Choiceone Financial","Finance - Misc Services",34.3,+0.76%,2,Hold,"80% Buy",+16.78,+11.18%,32.48,33.73,31.25,33.71,58.94,-7.53,3.44,95615,Average,Strong,75.70%,0.3,32.73,34.69,80%
DBRG,"Digitalbridge Group Inc","Finance - Investment Mgmt",15.93,-0.06%,8,Buy,"96% Buy",+16.74,+41.22%,15.76,15.86,15.65,15.93,53.3,22.51,-8.9,4344572,Weakening,Soft,66.67%,0.68,15.89,15.98,46%
SD,"Sandridge Energy Inc","Oil - US Integrated",14.33,+0.14%,5,Buy,"40% Sell",+16.61,+21.34%,14.37,13.83,15.13,14.2,55.37,2.63,-13.44,350409,Weakening,Weak,73.79%,0.66,13.84,14.56,68%
LEGH,"Legacy Housing Corp","Real Estate Operations",28.41,+1.86%,3,Hold,"80% Buy",+16.38,+0.74%,25.16,27.33,23.68,28.52,55.46,-17.97,32.79,105033,Strengthening,Strong,21.13%,0.38,27.65,29.39,44%
SIGI,"Selective Ins Group","Insurance - Proprty & Casualty",92.19,-1.08%,2,Sell,"40% Buy",+16.34,+13.76%,90.94,94.85,87.63,92.42,46.5,-4.95,-2.57,531410,Weakest,Average,68.17%,0.4,89.88,94.96,45%
NODK,"Ni Holdings Inc","Insurance - Proprty & Casualty",15.26,-0.46%,3,Sell,"56% Buy",+16.19,+13.97%,14.8,15.55,14.25,15.25,48.25,-4.74,1.99,18520,Weakest,Average,35.47%,1.25,15.02,15.49,52%
SNDX,"Syndax Pharma","Medical - Biomedical",20.56,-0.58%,8,Sell,"56% Sell",+15.98,+26.99%,20.51,20.95,21.21,20,53.47,8.28,-14.89,1606014,Weakening,Weak,83.97%,0.83,19.07,20.92,80%
HSTM,"Healthstream Inc","Internet - Services",29.2,-1.82%,5,Buy,"100% Buy",+15.94,+3.55%,26.11,28.46,24.34,28.93,53.96,-15.16,13.82,258033,Average,Strong,70.20%,1.01,28,29.87,64%
CBZ,"Cbiz Inc",Consulting,54.85,-0.11%,2,Buy,"100% Buy",+15.72,-8.54%,39.67,47.71,36.12,54.65,74.67,-27.25,-4.03,1076761,Strengthening,Strong,45.33%,0.64,54.32,54.98,80%
OSK,"Oshkosh Truck Corp","Auto - Domestic",157.08,+0.46%,1,Hold,"80% Buy",+15.66,+12.91%,144.34,150.33,148.91,154.06,56.43,-5.8,12.28,730127,Strengthening,Soft,69.29%,0.43,148.36,159.76,76%
CODA,"Coda Octopus Group","Electronics - Semiconductors",10.17,+1.50%,3,Buy,"48% Sell",+15.65,+27.13%,10.81,10.05,11.5,10.17,50.46,8.42,-3.4,161231,Weakest,Weak,28.30%,0.33,9.84,10.51,49%
UTMD,"Utah Medical Prod","Medical Products",71.1,+0.55%,2,Buy,"88% Buy",+15.48,+13.31%,68.54,70.65,67.18,71.51,50.09,-5.4,14.31,18258,Average,Strong,38.08%,1.44,70.33,72.69,33%
PLD,"Prologis Inc","REIT - Equity Trust Other",137.34,-0.73%,5,Sell,"24% Sell",+15.27,+21.96%,142.59,142.07,140.29,140.47,38.74,3.25,-5.17,3736631,Average,Weak,14.30%,0.53,136.98,143.95,5%
TRP,"TC Energy Corp","Other Alt Energy",62.61,-0.43%,1,Sell,"24% Sell",+15.25,+21.79%,66.15,65.74,65.03,62.84,43.07,3.08,1.07,2379588,Average,Weak,43.65%,1.23,61.5,64.18,41%
GLRE,"Greenlight Cap. Re.","Insurance - Proprty & Casualty",15.42,-0.39%,3,Sell,"64% Sell",+15.04,+20.47%,16.59,16.11,16.24,15.42,44.97,1.76,-6.99,170850,Weakening,Weak,27.95%,0.61,15.12,15.71,51%
AIRG,"Airgain Inc","Communications Components",5.25,0.00%,1,Sell,"72% Sell",+14.75,+23.53%,6.25,5.68,5.8,5.29,43.86,4.82,16.56,75066,Average,Soft,35.86%,0.68,5.03,5.55,42%
MTG,"Mgic Investment Corp","Insurance - Multi Line",31.01,-1.46%,6,Buy,"100% Buy",+14.74,+9.04%,28.19,29.89,27.65,30.93,56.25,-9.67,-6.62,1933941,Strengthening,Maximum,57.20%,0.88,30.33,31.52,57%
CDRO,"Codere Online Luxembourg S.A.",Gaming,9.11,+3.17%,2,Sell,"8% Buy",+14.73,+12.19%,9.26,9.2,8.89,8.99,52.98,-6.52,0.7,25160,Weakest,Weak,44.74%,1.06,8.71,9.26,72%
EGP,"Eastgroup Properties","REIT - Equity Trust Other",198.62,+0.08%,1,Sell,"8% Sell",+14.61,+18.07%,204.29,206.99,199.3,201.26,37.55,-0.64,-1.25,379837,Weakest,Minimum,20.41%,0.96,197.51,205.02,15%
FR,"First Industrial Realty Trust","REIT - Equity Trust Other",61.85,+0.23%,2,Sell,"8% Sell",+14.50,+18.87%,63.21,64.17,62.14,62.64,38.66,0.16,-4.75,1023917,Weakest,Minimum,18.92%,0.99,61.49,63.78,16%
UTL,"Unitil Corp","Utility - Electric Power",53.71,0.00%,4,Sell,"40% Buy",+14.49,+17.25%,52.63,53.82,52.53,53.75,49.89,-1.46,-1.87,126558,Weakening,Average,45.87%,0.64,52.95,54.54,48%
AER,"Aercap Holdings N.V.","Transportation - Equip & Lease",145.4,-0.74%,1,Sell,"40% Buy",+14.43,+18.60%,145.32,149.25,144.41,147.97,43.25,-0.11,-11.61,1260411,Weakest,Weak,28.09%,0.81,143.84,152.09,19%
CBFV,"Cb Financial Svc","Banks - Northeast",37.6,+0.05%,2,Buy,"100% Buy",+14.42,+13.42%,36.35,37.21,35.95,37.48,54.08,-5.29,-4.89,5749,Strengthening,Average,47.87%,0.36,37.04,37.93,63%
FRT,"Federal Realty Investment Trust","REIT - Equity Trust Retail",117.09,-0.06%,1,Sell,"8% Buy",+14.28,+15.94%,119.15,120.9,114.87,117.36,41.74,-2.77,3.41,827316,Weakest,Weak,44.28%,0.57,116.11,118.61,39%
IPAR,"Interparfums Inc","Consumer Prdts - Misc Discr",116.69,+2.35%,1,Sell,"56% Buy",+14.26,+1.94%,106.4,119.02,102.8,116.36,48.96,-16.77,24.81,275100,Weakening,Good,62.73%,0.61,112.52,120.19,54%
HCI,"HCI Group","Insurance - Proprty & Casualty",187.64,-1.20%,2,Buy,"100% Buy",+13.95,+7.60%,169.48,181.84,166.17,185.43,57.35,-11.11,-14.86,165021,Average,Strong,67.41%,0.86,181.41,189.45,78%
KMI,"Kinder Morgan Inc","Oil - Production & Pipeline",31.4,-0.63%,9,Hold,"32% Sell",+13.87,+17.56%,32.04,31.96,32.26,31.79,45.97,-1.15,1.47,12064267,Average,Minimum,44.97%,0.76,30.72,32.85,32%
MSA,"Msa Safety Inc","Protection - Safety",188.69,+0.52%,3,Buy,"72% Buy",+13.79,+9.51%,174.17,181.44,177.03,189.55,54.88,-9.2,5.08,264026,Strengthening,Good,43.84%,0.86,186.09,193.01,38%
ALXO,"Alx Oncology Holdings Inc","Medical - Biomedical",2.01,-0.99%,3,Hold,"64% Buy",+13.73,+86.11%,1.9,2.03,1.97,2,50.49,67.4,65.13,890069,Weakening,Weak,60.42%,0.24,1.91,2.1,53%
EPR,"Entertainment Properties Trust","REIT - Equity Trust Retail",59.99,-0.81%,4,Sell,"40% Buy",+13.70,+12.64%,59.11,60.76,57.83,60.29,47.12,-6.07,7.47,755914,Weakest,Average,47.26%,1.77,58.84,61.74,40%
SHIM,"Shimmick Corp","Engineering & R&D Services",3.77,+2.45%,2,Sell,"40% Sell",+13.64,+30.45%,4.2,3.89,4.01,3.81,48.8,11.74,16.36,123865,Weakening,Minimum,40.99%,0.97,3.38,4.24,45%
ERIC,"Ericsson ADR","Wireless Equipment",10.1,-0.30%,3,Sell,"88% Sell",+13.59,+27.20%,11.2,10.24,11.26,10.13,48.05,8.49,-8.09,10318207,Average,Average,38.78%,0.36,9.93,10.33,43%
HMN,"Horace Mann Educators Corp","Insurance - Multi Line",50.94,-1.91%,2,Sell,"40% Buy",+13.57,+8.48%,49.23,51.95,47.2,51.37,46.75,-10.23,-2.44,248180,Weakest,Good,50.42%,1.08,50.07,52.67,33%
STRW,"Strawberry Fields REIT Inc","REIT - Equity Trust Other",13.62,-0.58%,2,Sell,"40% Buy",+13.55,+12.19%,13.41,13.86,13.17,13.71,45.92,-6.52,-8.78,31350,Weakening,Soft,57.29%,0.55,13.46,13.96,32%
IGIC,"International General Insurance Hldg Inc","Insurance - Multi Line",27.04,+1.01%,1,Sell,"56% Buy",+13.50,+11.78%,26.37,27.3,25.82,26.65,52.5,-6.93,-4.98,67830,Average,Average,47.40%,0.62,26.11,27.18,87%
RDWR,"Radware Ltd","Internet - Software",28.28,-0.88%,4,Sell,"16% Buy",+13.47,+13.85%,28.38,28.94,27.35,28.38,49.39,-4.86,4.64,251551,Weakest,Weak,45.89%,0.64,26.93,29.83,47%
RMBI,"Richmond Mutual Bancorp Inc","Banks - Northeast",16.01,+0.95%,6,Hold,"96% Buy",+13.40,+7.45%,15.21,15.66,14.75,15.93,56.34,-11.26,1.28,35939,Strengthening,Strong,45.40%,1.24,15.72,16.13,70%
UPS,"United Parcel Service","Transportation - Air Freight",102.29,-1.17%,1,Sell,"40% Sell",+13.24,+21.08%,106.08,107.72,106.14,103.74,41.17,2.37,-9.62,5778126,Strengthening,Weak,27.68%,0.65,101.14,106.33,22%
ESNT,"Essent Group Ltd","Insurance - Proprty & Casualty",69.18,-0.65%,3,Buy,"100% Buy",+13.22,+8.43%,63.6,66.84,62.51,68.78,56.69,-10.28,-6.34,709909,Strongest,Maximum,70.16%,1.38,67.41,70.16,64%
ALX,"Alexander's Inc","REIT - Equity Trust Other",262.42,-0.30%,2,Sell,"40% Buy",+13.16,+14.05%,261.16,272.12,253.9,269.32,40.94,-4.66,7.66,55173,Weakest,Average,20.92%,0.73,262.77,275.87,-3%
ARTNA,"Artesian Res Corp A","Utility - Water Supply",36.19,-0.30%,11,Buy,"100% Buy",+13.14,+9.97%,33.46,34.7,33.24,35.52,64.49,-8.74,1.74,43243,Strongest,Maximum,82.87%,0.61,34.71,36.33,91%
INFU,"Infusystems Holdings","Medical Products",12.24,+0.49%,1,Buy,"100% Buy",+13.11,+15.15%,10.11,10.76,9.72,12.17,63.39,-3.56,23.7,156732,Strongest,Strong,54.99%,0.42,11.92,12.43,63%
PM,"Philip Morris International",Tobacco,182.53,-1.96%,4,Sell,"56% Buy",+13.10,+13.27%,181.66,187.93,178.9,188.62,40.51,-5.44,1.05,5164429,Weakest,Average,15.64%,0.65,182.66,194.58,-1%
HTH,"Hilltop Holdings Inc","Banks - Southeast",39.24,+0.87%,1,Sell,"72% Buy",+12.92,+9.79%,38.21,38.85,37.86,38.81,55.84,-8.92,2.87,328062,Average,Average,58.30%,0.89,37.84,39.78,72%
TFX,"Teleflex Inc","Medical Instruments",138.36,-1.14%,2,Buy,"100% Buy",+12.91,+7.18%,132.39,135.18,125.71,137.42,52.13,-11.53,0.62,760891,Average,Strong,66.87%,0.86,131.74,143.11,58%
ALLT,"Allot Communications","Internet - Software",7.64,+0.92%,2,Sell,"72% Sell",+12.83,-9.05%,7.71,7.94,7.73,7.68,48.31,-27.76,-35.03,419655,Weakening,Weak,30.08%,0.52,7.36,8.01,43%
ARDT,"Ardent Health Inc","Medical Services",10.91,+1.39%,3,Buy,"88% Buy",+12.74,-15.16%,10.1,10.69,9.78,10.95,51.11,-33.87,10.81,470897,Average,Average,42.50%,0.95,10.57,11.33,44%
EW,"Edwards Lifesciences Corp","Medical Instruments",89.9,+0.13%,3,Buy,"88% Buy",+12.69,+11.04%,86.84,89.64,85.03,91.04,49.31,-7.67,-7.3,4418348,Weakening,Strong,32.88%,0.63,88.83,93.26,24%
PRGS,"Progress Software","Computer - Software",44.05,-1.26%,7,Hold,"80% Buy",+12.45,-0.29%,35.37,41,35.22,43.98,54.34,-19.,-10.21,818992,Average,Good,43.05%,0.54,42.23,45.73,52%
ACIW,"Aci Worldwide Inc","Computer - Software",52.95,+0.08%,1,Sell,"56% Buy",+12.36,+6.67%,49.06,54.58,46.29,52.67,48.42,-12.04,-2.,858414,Average,Good,55.40%,0.56,51.16,54.18,59%
FAF,"First American Corp","Insurance - Proprty & Casualty",72.75,-4.91%,2,Hold,"80% Buy",+12.36,+9.78%,70.06,72.65,68.15,73.26,47.63,-8.93,5.66,893987,Average,Strong,62.31%,1.58,70.96,75.57,39%
PRTA,"Prothena Corp","Medical - Biomedical",9.82,+2.29%,10,Buy,"8% Buy",+12.33,+19.61%,9.43,9.07,9.39,9.27,63.38,0.9,-9.92,535496,Weakening,Minimum,89.17%,0.79,8.71,9.83,99%
BNL,"Broadstone Net Lease Inc Cl A","REIT - Equity Trust Resident",20.81,-0.29%,4,Sell,"24% Buy",+12.23,+12.61%,20.88,21.47,20.3,21.05,42.37,-6.1,7.05,2155158,Weakening,Soft,35.24%,0.66,20.53,21.56,27%
EBAY,"Ebay Inc","Internet Commerce",103.41,-2.31%,3,Sell,"8% Buy",+12.13,+11.16%,108.84,109.33,102.52,104.4,44.42,-7.55,5.98,4813810,Weakening,Minimum,56.46%,0.81,100.81,107.99,36%
WTM,"White Mountains Insurance Group","Insurance - Proprty & Casualty",2103.49,-0.41%,4,Sell,"56% Sell",+12.08,+16.83%,2132.13,2140.78,2152.77,2121.35,44.3,-1.88,-11.52,19413,Weakening,Weak,30.49%,1.26,2092.58,2150.13,19%
OPBK,"Open Bank","Banks - Southwest",15.46,+0.72%,1,Sell,"88% Buy",+11.94,+8.04%,14.76,15.29,14.37,15.37,54.65,-10.67,-3.26,42150,Strengthening,Strong,55.18%,0.64,14.89,15.85,60%
ACDC,"Profrac Holding Corp. Cl A","Oil - Field Services",5.15,+0.59%,6,Buy,"24% Sell",+11.87,+35.17%,5.88,4.84,5.85,5.01,54.51,16.46,19.64,1407421,Weakest,Weak,70.16%,0.46,4.52,5.51,64%
MIAX,"Miami International Holdings Inc","Technology Services",42.39,-0.75%,2,Sell,"88% Sell",+11.86,+19.41%,44.25,42.77,43.03,42.76,47.72,0.7,-17.23,1433875,Average,Weak,52.79%,0.52,40.65,44.87,41%
CLAR,"Clarus Corp","Leisure & Recreational Prdcts",3.75,-1.57%,3,Buy,"88% Buy",+11.83,+3.31%,3.18,3.47,3.14,3.73,56.1,-15.4,-0.81,207173,Strengthening,Strong,71.43%,0.4,3.59,3.87,57%
WNEB,"Western New England Bancorp Inc","Banks - Foreign",13.89,+1.31%,3,Sell,"56% Buy",+11.72,+10.50%,13.82,14,13.63,13.82,52.04,-8.21,-2.69,56245,Average,Weak,61.43%,1.35,13.56,14.08,63%
NWN,"Northwest Natural Gas Company","Utility - Gas Distribution",49.19,-0.40%,5,Sell,"56% Sell",+11.68,+18.39%,50.41,50.18,50.83,49.99,43.65,-0.32,-7.51,273508,Strengthening,Weak,19.21%,0.75,48.76,51.22,17%
SGC,"Superior Uniform Group","Textile - Apparel",12.73,+1.76%,2,Sell,"56% Buy",+11.64,+1.68%,12.54,12.87,11.77,12.62,51.16,-17.03,18.76,47014,Weakening,Average,59.00%,0.73,11.94,13.3,58%
KRP,"Kimbell Royalty Partners","Oil - US Royalty Trusts",14.88,-0.27%,6,Buy,"40% Buy",+11.63,+8.38%,14.93,14.89,14.74,15.08,46.34,-10.33,13.78,784745,Weakest,Soft,18.74%,1.04,14.76,15.41,19%
AES,"The Aes Corp","Utility - Electric Power",14.79,+0.07%,8,Buy,"80% Buy",+11.53,+15.46%,14.65,14.74,14.75,14.75,56.79,-3.25,-9.61,9894986,Average,Weak,65.56%,0.56,14.69,14.8,90%
TMCI,"Treace Medical Concepts Inc","Medical Instruments",4.81,-1.43%,2,Buy,"100% Buy",+11.52,-32.91%,3.66,4.46,2.99,4.63,56.68,-51.62,83.58,739328,Strengthening,Good,71.93%,0.42,4.33,4.93,80%
LAKE,"Lakeland Inds Inc","Protection - Safety",11.95,-1.48%,2,Buy,"100% Buy",+11.51,-20.33%,10.9,11.53,10.24,11.8,54.89,-39.04,22.43,152577,Strongest,Average,75.27%,0.25,11.26,12.34,64%
BBDO,"Banco Bradesco S.A. ADR","Banks - Foreign",3.17,+0.63%,1,Sell,"64% Sell",+11.47,+17.41%,3.17,3.12,3.26,3.08,54.82,-1.3,-2.3,73490,Weakest,Weak,70.71%,0.72,2.93,3.22,81%
WHG,"Westwood Holdings Group Inc","Finance - Investment Mgmt",18.85,-1.05%,5,Sell,"40% Buy",+11.36,+8.15%,18.1,19.47,17.59,19.38,40.71,-10.56,-3.22,16548,Weakest,Average,12.84%,1.4,18.81,19.96,4%
AUDC,"Audiocodes Ltd","Communications Components",10.15,+1.60%,3,Buy,"100% Buy",+11.30,+4.64%,9.49,9.83,9,9.97,56.84,-14.07,3.52,120345,Strongest,Strong,66.89%,0.9,9.53,10.41,70%
GTY,"Getty Realty Corp","REIT - Equity Trust Other",32.53,-0.37%,2,Sell,"8% Sell",+11.25,+13.62%,33.51,33.86,33.16,32.9,39.33,-5.09,6.1,488243,Weakening,Minimum,28.92%,0.5,32.18,33.63,24%
VTOL,"Bristow Group Inc","Transportation - Airline",43.32,-0.87%,5,Sell,"8% Sell",+11.22,+16.01%,44.47,44.66,44.94,45.55,40.71,-2.7,5.55,214794,Weakening,Minimum,38.30%,0.83,43.66,47.44,-9%
FSUN,"Firstsun Capital Bancorp","Banks - Midwest",40.92,+0.69%,6,Buy,"100% Buy",+11.20,+5.90%,37.48,38.56,37.47,40.34,62.34,-12.81,-4.02,218354,Strongest,Strong,68.95%,0.8,39.43,41.24,82%
HIPO,"Hippo Holdings Inc","Insurance - Multi Line",33.87,-0.94%,7,Buy,"88% Buy",+11.16,+2.89%,28.8,31,28.24,33.12,61.53,-15.82,-0.15,151004,Average,Strong,77.88%,0.61,32.2,34.04,91%
AERT,"Aeries Technology Inc","Technology Services",7.18,-0.83%,6,Buy,"100% Buy",+11.05,+57.87%,6.25,6.87,5.24,7,58.84,39.16,61.35,42648,Average,Strong,52.68%,0.37,6.67,7.33,78%
MSEX,"Middlesex Water Company","Utility - Water Supply",58.26,-0.38%,8,Hold,"80% Buy",+10.83,+9.41%,54.72,57.21,54.12,58.42,52.69,-9.3,2.8,146618,Average,Strong,46.69%,0.78,57.59,59.25,41%
CTRE,"Caretrust REIT Inc","REIT - Equity Trust Other",39.01,-1.51%,2,Sell,"8% Sell",+10.77,+14.47%,40.01,40.7,39.68,39.43,41.57,-4.24,-4.87,2443994,Average,Minimum,56.15%,0.46,38.52,40.34,27%
MTX,"Minerals Technologies Inc","Chemical - Specialty",71.76,+1.28%,2,Sell,"24% Sell",+10.65,+13.42%,74.78,73.4,73.31,71.94,46.19,-5.29,4.99,211592,Weakest,Minimum,34.89%,0.62,69.96,73.93,45%
PTCT,"Ptc Therapeutics","Medical - Biomedical",69.3,-2.94%,5,Sell,"40% Sell",+10.65,+19.46%,73.91,75.82,72.14,71.79,40.76,0.75,-21.52,1458964,Average,Weak,46.76%,0.48,68.85,74.74,8%
AGMB,"Agomab Therapeutics NV Adrs","Medical - Biomedical",15.78,+6.41%,5,Buy,N/A,+10.64,N/A,12.26,13.37,0,13.9,65.54,N/A,N/A,N/A,N/A,N/A,81.77%,2.06,12.47,15.34,115%
BGSF,"Bgsf Inc","Business Services",5.44,+3.62%,5,Sell,"48% Sell",+10.36,-11.54%,5.5,5.55,5.69,5.44,50.36,-30.25,4.74,24451,Weakening,Weak,32.88%,0.31,5.19,5.69,51%
UBCP,"United Bncp Inc","Banks - Midwest",15.88,+0.73%,3,Hold,"48% Buy",+10.08,+8.32%,15.72,15.69,15.48,15.68,53.06,-10.39,-2.09,8184,Average,Weak,50.18%,0.44,15.17,16.2,69%
ZDGE,"Zedge Inc Cl B","Internet - Content",2.98,-0.67%,2,Hold,"72% Sell",+9.95,0.00%,3.06,3,3.06,2.94,51.31,-18.71,-21.9,365750,Strengthening,Weak,69.84%,0.23,2.85,3.04,70%
CWT,"California Water Service Group Holding","Utility - Water Supply",50.03,-0.99%,3,Hold,"48% Buy",+9.93,+7.15%,47.44,50.15,46.72,50.09,49.78,-11.56,2.71,484798,Weakening,Strong,60.81%,1.05,49.39,50.78,46%
CINF,"Cincinnati Financial","Insurance - Proprty & Casualty",171.1,-2.07%,1,Sell,"24% Buy",+9.75,+9.97%,171.4,177.32,168.59,171.5,45.36,-8.74,-7.99,713367,Weakest,Weak,71.21%,0.54,168.02,174.98,44%
NKTR,"Nektar Therapeutics","Medical - Drugs",74.19,-2.85%,3,Buy,"88% Buy",+9.61,+106.20%,72.25,71.66,70.82,74.11,52.99,87.49,62.72,980795,Strengthening,Soft,65.29%,0.72,71.25,76.96,51%
TDC,"Teradata Corp","Computer - Storage Devices",28.05,-2.57%,4,Sell,"40% Sell",+9.49,+36.63%,30.6,30.12,29.77,27.89,46.53,17.92,-20.6,2272733,Average,Weak,60.61%,0.51,26.61,29.17,56%
RDNT,"Radnet Inc","Medical - Outpatient & Hm Care",73.71,-1.22%,3,Buy,"72% Buy",+9.40,+1.95%,62.44,68.84,62.93,75.84,52.5,-16.76,-9.44,837910,Average,Good,27.28%,0.64,73.68,77.99,1%
NTST,"Netstreit Corp","REIT - Equity Trust Other",20.09,-1.66%,2,Sell,"8% Sell",+9.31,+12.49%,20.72,21.12,20.42,20.45,38.39,-6.22,1.14,1582747,Average,Minimum,22.40%,0.55,20,20.91,10%
GDYN,"Grid Dynamics Holdings Inc","IT Services",8.06,-1.77%,6,Buy,"72% Buy",+9.30,+2.48%,6.6,6.86,6.52,7.86,62.86,-16.23,-23.55,1683562,Strengthening,Average,72.68%,0.52,7.55,8.17,82%
KRG,"Kite Realty Group Trust","REIT - Equity Trust Retail",25.96,-0.50%,1,Sell,"8% Sell",+9.25,+12.72%,27.38,27.68,26.64,26.24,35.52,-5.99,-4.45,2096030,Weakening,Minimum,51.20%,0.57,25.85,26.63,14%
NTWK,"Netsol Tech Inc","Computer - Software",4.08,-0.49%,1,Sell,"8% Buy",+9.16,+1.49%,4.2,4.29,3.94,4.09,45.05,-17.22,21.9,32768,Weakest,Weak,31.50%,0.25,3.97,4.21,46%
ADSE,"Ads-Tec Energy Plc","Electronic Misc Services",11.56,-0.34%,4,Sell,"24% Sell",+8.98,+12.23%,11.73,11.9,11.51,11.64,46.56,-6.48,-21.58,14932,Weakening,Minimum,56.26%,0.34,11.18,12.09,41%
ARVN,"Arvinas Inc","Medical - Biomedical",9.39,+0.86%,8,Buy,"8% Sell",+8.89,+23.39%,8.88,8.67,9.96,9.24,56.58,4.68,-33.58,950288,Weakest,Weak,63.20%,0.58,8.81,9.68,67%
ALRM,Alarm.com,"Protection - Safety",56.48,-0.44%,4,Hold,"80% Buy",+8.82,-1.07%,49.47,54.01,48.29,56.56,54.05,-19.78,-2.05,459565,Average,Strong,54.97%,0.58,54.95,58.17,48%
AMX,"America Movil S.A.B. DE C.V. ADR","Wireless Non-US",23,-0.78%,1,Sell,"72% Sell",+8.76,+17.95%,25.54,24.77,25.11,23.41,33.61,-0.76,-1.48,2083831,Average,Average,15.64%,1.03,22.82,24.01,15%
IVT,"Inventrust Pptys Corp","REIT - Equity Trust Other",32.63,+0.25%,1,Sell,"8% Sell",+8.72,+9.39%,33.69,34.45,32.76,32.91,37.98,-9.32,2.92,648466,Weakest,Minimum,29.14%,0.77,32.15,33.67,32%
ES,"Eversource Energy","Utility - Electric Power",71.05,-0.59%,2,Sell,"40% Buy",+8.71,+12.03%,70.87,72.77,70.95,71.31,46.39,-6.68,-7.22,2525593,Weakening,Weak,40.66%,0.78,69.96,72.66,40%
ADAG,"Adagene Inc ADR","Medical - Biomedical",3.58,-2.98%,2,Hold,"16% Buy",+8.63,+67.29%,3.76,3.84,3.66,3.83,42.37,48.58,76.67,222663,Weakening,Weak,30.29%,0.1,3.48,4.17,15%
CVR,"Chicago Rivet & Machine Company","Machinery - Elect Utilities",10.25,+0.44%,4,Sell,"80% Sell",+8.62,+7.67%,10.33,10.25,11.34,10.25,50.31,-11.04,-39.06,4360,Average,Average,34.62%,7.03,9.9,10.6,50%
DSGR,"Distribution Solutions Group Inc","Industrial Services",34.66,-0.20%,1,Buy,"88% Buy",+8.45,+8.65%,30.06,32.77,29.15,34.79,65.55,-10.06,13.79,135192,Average,Strong,32.46%,0.94,34.64,34.95,7%
GPC,"Genuine Parts Company","Retail - Wholesale Auto Parts",138.08,+1.11%,5,Buy,"88% Buy",+8.45,-2.24%,116.24,129.29,116.52,135.53,61.01,-20.95,-0.45,1578046,Strengthening,Strong,78.33%,0.47,131.6,139.46,82%
KEEL,"Keel Infrastructure Corp","Technology Services",3.47,+3.58%,1,Sell,"24% Sell",+8.37,+177.60%,4.3,4.01,3.58,3.35,48.32,158.89,34.91,41185703,Weakest,Minimum,36.84%,0.87,3.01,3.68,69%
MMSI,"Merit Medical Sys","Medical - Dental Suppliers",89.6,+1.16%,6,Buy,"72% Buy",+8.29,-2.77%,73.54,81.86,73.68,90.35,58.63,-21.48,-11.09,787657,Average,Strong,32.38%,0.66,88.83,91.86,25%
GRND,"Grindr Inc","Internet - Software",15.25,-2.62%,1,Hold,"48% Buy",+8.12,+0.93%,14.42,15.84,13.48,15.72,42.07,-17.78,-0.12,1541366,Weakest,Average,30.66%,0.69,15.19,16.24,6%
HOG,"Harley-Davidson Inc","Auto - Domestic",28.3,+2.28%,7,Buy,"100% Buy",+8.12,-6.26%,25.39,26.39,23.46,27.51,59.06,-24.97,25.37,2987789,"Top 1%",Strong,58.47%,0.52,26.24,28.78,81%
HIW,"Highwoods Properties","REIT - Equity Trust Other",31.19,+0.58%,2,Sell,"48% Buy",+7.99,-0.32%,29.09,31.86,26.94,31.19,47.87,-19.03,8.05,1470523,Average,Average,47.86%,0.69,30.37,32.01,50%
MKDW,"Mkdwell Tech Inc","Electronics Products - Misc",11,+4.17%,4,Sell,"56% Buy",+7.88,+74.60%,9.53,11.26,7.38,11.27,48.17,55.89,117.14,99342,Weakening,Strong,42.75%,0.47,10.51,12.03,32%
NDAQ,"Nasdaq Inc","Securities Exchanges",96.88,-1.85%,11,Buy,"88% Buy",+7.80,+2.74%,90.68,92.77,88.87,97.48,52.11,-15.97,-13.01,3832021,Strengthening,Strong,39.20%,0.62,94.78,100.18,39%
VOR,"Vor Biopharma Inc","Medical - Biomedical",25.05,+3.34%,7,Buy,"100% Buy",+7.70,-35.10%,17.97,21.19,16.79,23.38,64.08,-53.81,78.76,1271629,Strongest,Good,89.76%,0.36,21.98,24.78,109%
APD,"Air Products and Chemicals","Chemical - Diversified",301.27,-0.97%,6,Hold,"80% Buy",+7.70,+3.90%,295.41,300.18,291.88,305.44,47.69,-14.81,9.21,1360549,Average,Good,44.34%,0.59,299.84,311.04,13%
BWMX,"Betterware DE Mexico Sapi DE Cv","Consumer Prdts - Misc Discr",15.74,+1.88%,1,Sell,"72% Sell",+7.57,+15.74%,17.22,17.02,17.39,16.03,39.55,-2.97,-1.98,83395,Average,Soft,29.76%,0.49,15.48,16.57,24%
SKT,"Tanger Inc","REIT - Equity Trust Retail",37.33,+0.48%,1,Sell,"8% Buy",+7.57,+8.71%,38.36,39.57,37.25,38.16,34.68,-10.,-0.88,929793,Weakening,Weak,10.23%,0.5,37.24,39.08,5%
TCBS,"Texas Community Bancshares Inc","Banks - Southeast",17.5,0.00%,2,Hold,"64% Buy",+7.54,+8.49%,17.27,17.57,17.14,17.41,51.47,-10.22,-15.37,2787,Weakening,Average,62.55%,0.97,17.21,17.62,71%
SGU,"Star Gas Partners LP","Electronics Products - Misc",12.74,-0.86%,3,Hold,"16% Buy",+7.41,+7.69%,12.75,12.79,12.75,12.65,51.78,-11.02,-5.15,25885,Weakest,Minimum,81.33%,0.6,12.45,12.86,71%
GNE,"Genie Energy Ltd Cl B","Utility - Electric Power",15.51,+1.31%,9,Buy,"100% Buy",+7.37,+3.06%,14.23,14.53,14.21,14.94,66.04,-15.65,-0.2,77978,"Top 1%",Strong,77.25%,0.66,14.31,15.56,96%
RGR,"Sturm Ruger & Company","Leisure & Recreational Prdcts",38.49,+3.41%,4,Hold,Hold,+7.35,+10.19%,39.12,38.07,39.08,37.87,53.72,-8.52,5.14,188869,Bearish,,38.17%,1.15,36.9,38.84,82%
CCEC,"Capital Clean Energy Carriers Corp","Transportation - Ship",22.65,0.00%,2,Buy,"100% Buy",+7.34,+7.35%,21.77,22.43,21.5,22.63,51.07,-11.36,-4.22,9630,Average,Good,52.49%,0.16,22.29,22.96,54%
TOWN,"Towne Bank","Banks - Southeast",37.6,+0.49%,1,Sell,"88% Buy",+7.29,+2.80%,35.96,37.1,35.52,37.48,53.42,-15.91,-0.09,529351,Strengthening,Strong,59.67%,0.53,36.84,38.11,59%
ACGL,"Arch Capital Grp Ltd","Insurance - Proprty & Casualty",98.1,-1.73%,4,Hold,"48% Buy",+7.28,+6.38%,96.86,100.06,96.87,98.87,45.69,-12.33,-10.48,2131185,Weakest,Average,24.37%,1.07,96.88,100.86,31%
FSBW,"FS Bancorp Inc","Banks - West",43.88,+1.08%,4,Buy,"88% Buy",+7.25,+3.42%,42.13,43.23,41.5,42.99,58.36,-15.29,-6.17,15069,Strengthening,Strong,82.20%,0.66,42,43.98,95%
ARTV,"Artiva Biotherapeutics Inc","Medical - Biomedical",11.19,+0.58%,3,Hold,"80% Buy",+7.14,+259.81%,10.02,10.57,8.5,11.44,50.99,241.1,148.09,602997,Weakening,Good,45.18%,0.45,10.88,12,28%
ED,"Consolidated Edison Company","Utility - Electric Power",107.29,-1.34%,3,Sell,"8% Sell",+6.96,+9.70%,108.68,109.74,109.67,107.75,45.85,-9.01,-4.73,2250892,Weakening,Minimum,49.14%,1,106.14,109.37,36%
SWKS,"Skyworks Solutions","Semi Radio Frequency",74.02,+3.52%,6,Buy,"88% Buy",+6.96,-0.83%,67.57,64.88,64.13,68.44,67.73,-19.54,3.98,4346912,Strongest,Average,86.84%,0.85,64.35,72.54,118%
PAYO,"Payoneer Global Inc","Financial Transaction Services",7.17,-0.14%,4,Buy,"96% Buy",+6.91,+7.01%,6.31,7.12,5.88,7.12,64.98,-11.7,14.83,4802938,Average,Strong,82.38%,0.36,7.07,7.17,105%
BVC,"Bitventures Limited","Technology Services",15.52,+2.17%,11,Buy,"100% Buy",+6.88,+134.80%,11.22,11.92,10.3,14.08,61.74,116.09,23.39,55270,"Top 1%",Maximum,60.16%,1.42,12.14,16.01,87%
CRC,"California Resources Corp","Oil - US Exploration & Product",54.22,+2.27%,3,Sell,"40% Sell",+6.70,+5.18%,56.91,52.61,58.53,53.22,56.42,-13.53,8.52,885916,Weakest,Weak,65.70%,1.29,51.94,54.5,89%
DEA,"Easterly Government Properties","REIT - Equity Trust Other",24.31,0.00%,2,Sell,"40% Buy",+6.41,+7.28%,24.22,24.86,23.75,24.56,43.15,-11.43,1.97,429587,Weakest,Average,21.27%,0.5,24.01,25.11,27%
VALU,"Value Line Inc","Finance - Investment Mgmt",38.61,+1.34%,4,Hold,"64% Buy",+6.34,+3.29%,36.08,37.97,36.17,37.49,54.73,-15.42,-12.28,2562,Strengthening,Average,54.12%,0.66,35.39,39.58,77%
AUBN,"Auburn Natl Bncp","Banks - Southeast",26.54,-0.04%,3,Hold,"80% Buy",+6.20,-1.23%,25.42,26.51,25.11,26.38,52.98,-19.94,-14.27,2675,Average,Average,51.25%,0.81,25.98,26.78,70%
DV,"Doubleverify Holdings Inc","Internet - Software",13.36,+0.07%,4,Buy,"100% Buy",+6.19,-12.39%,11.25,12.18,10.8,13.31,68.51,-31.1,4.03,2969377,Strengthening,Strong,60.92%,0.32,13.23,13.4,77%
SFBC,"Sound Financial","Banks - West",47.75,+0.32%,1,Buy,"100% Buy",+6.07,+0.78%,44.25,46,43.92,47.06,60.01,-17.93,-3.31,8863,"Top 1%",Maximum,76.54%,0.1,46.08,48.04,85%
AFG,"American Financial Group","Insurance - Proprty & Casualty",142.72,-1.12%,3,Hold,"64% Buy",+5.74,+2.18%,137.72,142.89,134.99,144.09,47.86,-16.53,-8.33,504380,Average,Strong,25.91%,0.43,141.63,146.55,22%
CPK,"Chesapeake Utilities Corp","Utility - Gas Distribution",132.66,+0.32%,5,Sell,"56% Buy",+5.74,+6.59%,128.46,132.18,129.14,134.14,47.81,-12.12,-6.42,155788,Strengthening,Average,19.72%,0.59,130.78,137.5,28%
WLFC,"Willis Lease Fin C","Transportation - Equip & Lease",56.22,+1.28%,1,Sell,"40% Sell",+5.71,+13.81%,64.71,64.44,63.95,55.38,43.76,-4.9,11.59,251840,Weakening,Soft,51.60%,0.43,52.81,57.94,66%
AVTX,"Avalo Therapeutics Inc","Medical - Drugs",19.23,+1.21%,7,Hold,"80% Buy",+5.68,+89.27%,17.43,19.1,16.75,19.65,49.43,70.56,-6.86,1019776,Strengthening,Average,23.65%,0.58,18.77,20.53,26%
BOC,"Boston Omaha Corp Cl A","Real Estate Operations",13.76,-0.29%,1,Sell,"40% Buy",+5.45,+3.38%,13.33,14.11,13.01,13.91,45.77,-15.33,-1.51,164834,Weakest,Average,56.49%,0.83,13.37,14.45,36%
SCI,"Service Corp International","Funeral Services & Related",82.21,-0.69%,2,Hold,"64% Buy",+5.44,+4.58%,79.49,81.49,80.08,83.17,48.04,-14.13,-7.31,1177283,Average,Average,23.53%,0.85,81.05,85.28,27%
NL,"Nli Holdings Inc","Electronics - Misc Components",6.79,-2.02%,8,Buy,"88% Buy",+5.40,+2.26%,6.21,6.2,6.13,6.57,61.18,-16.45,11.38,51176,Strengthening,Average,78.88%,0.68,6.25,6.89,85%
HR,"Healthcare Realty Trust Inc.","REIT - Equity Trust Other",19.12,-0.78%,2,Sell,"8% Sell",+5.36,+9.32%,19.96,20.22,19.22,19.25,37.5,-9.39,0.05,3647952,Weakening,Minimum,55.71%,0.54,18.96,19.54,28%
IOT,"Samsara Inc Cl A","Internet - Software",40.2,+3.74%,6,Hold,"96% Buy",+5.36,+12.17%,34.45,37.63,32.76,39.76,53.99,-6.54,0.65,6814757,Strongest,Strong,26.18%,4.3,37.62,41.89,60%
CNMD,"C O N M E D Corp","Medical - Dental Suppliers",49.32,-0.20%,4,Buy,"88% Buy",+5.27,-9.82%,40.52,45.01,40.22,50.08,54.73,-28.53,8.73,542118,Average,Strong,19.08%,0.5,48.51,51.64,26%
CUZ,"Cousins Properties Inc","REIT - Equity Trust Other",29.11,-0.48%,1,Sell,"40% Buy",+5.26,-0.34%,28.52,30.38,26.75,29.41,43.12,-19.05,0.17,1825402,Weakest,Average,36.28%,0.63,28.62,30.19,31%
HIG,"The Hartford Insurance Group","Insurance - Proprty & Casualty",138.37,-1.16%,2,Sell,"40% Buy",+5.21,+2.72%,136.08,139.11,136.76,138.17,49.27,-15.99,-12.34,1594063,Weakening,Weak,57.56%,1.05,135.77,140.57,54%
GOOD,"Gladstone Comml","REIT - Equity Trust Other",13.11,+0.69%,4,Buy,"100% Buy",+5.11,-1.06%,12.68,12.81,12.43,12.99,56.52,-19.77,10.12,476450,Strongest,Average,57.00%,0.53,12.76,13.22,76%
SAH,"Sonic Automotive","Retail - Wsale Auto & Trucks",81,+1.99%,1,Sell,"24% Buy",+5.10,-2.53%,82.82,87.41,76.21,78.88,48.09,-21.24,18.19,264836,Weakest,Weak,62.80%,0.88,75.88,81.88,85%
CLSK,"Cleanspark Inc","Finance - Misc Services",12.69,+0.87%,1,Sell,"8% Sell",+5.02,+39.76%,13.94,13.06,12.55,12,51.4,21.05,12.65,24235592,Weakest,Minimum,55.64%,0.75,10.97,13.03,84%
TROW,"T Rowe Price Group","Finance - Investment Mgmt",109.78,-0.99%,1,Sell,"40% Buy",+4.94,-1.56%,109.02,114.48,103.43,111.46,41.62,-20.27,-5.52,2071268,Weakening,Average,26.94%,0.53,108.88,114.04,18%
GATX,"GATX Corp","Transportation - Equip & Lease",178.11,+0.45%,2,Sell,"48% Sell",+4.89,+5.70%,180.22,178.56,180.5,177.7,50.64,-13.01,-7.73,206758,Weakest,Minimum,46.69%,0.57,174.17,181.23,56%
RDN,"Radian Group Inc","Insurance - Multi Line",36.66,-0.41%,1,Sell,"40% Buy",+4.84,+3.68%,36.6,37.61,35.59,36.59,47.36,-15.03,-10.89,1215198,Weakening,Average,47.08%,0.72,35.91,37.27,55%
ECHO,"Echostar Corp","Satellite Communication",89.8,+0.01%,6,Sell,"88% Sell",+4.83,+33.59%,106.99,90.98,109.42,88.37,51.95,14.88,-30.14,6433239,Weakening,Average,48.77%,0.5,83.73,93.01,65%
MDT,"Medtronic Inc","Medical Products",94.17,+1.15%,10,Buy,"72% Buy",+4.61,+1.42%,83.13,86.74,86.38,91.73,64.5,-17.29,-14.72,8620868,Strongest,Average,58.68%,1.16,89.14,94.32,97%
SR,"Spire Inc","Utility - Gas Distribution",82.68,-0.78%,8,Buy,"40% Sell",+4.61,+10.18%,83.27,81.52,85.69,82.64,51.97,-8.53,-12.77,447477,Weakening,Weak,63.72%,0.82,81.24,84.05,51%
KVUE,"Kenvue Inc","Consumer Prdts - Misc Staple",18.74,-1.11%,2,Sell,"40% Buy",+4.51,-8.76%,18.39,19.18,18.24,19.05,43.65,-27.47,-4.11,28794590,Weakest,Weak,27.80%,1.33,18.67,19.43,9%
CL,"Colgate-Palmolive Company","Consumer Prdts - Misc Staple",88.77,-1.47%,2,Sell,"8% Buy",+4.48,+6.10%,89.78,91.83,90.09,91.1,40.16,-12.61,-0.41,5742846,Weakening,Minimum,16.85%,0.92,88.71,93.49,1%
MMI,"Marcus & Millichap","Real Estate Developers",31.89,-0.69%,5,Hold,"96% Buy",+4.47,-2.60%,30.14,31.36,28.8,31.8,52.31,-21.31,4.11,249028,Strengthening,Strong,28.57%,0.53,30.61,32.99,54%
KIM,"Kimco Realty Corp","REIT - Equity Trust Retail",23.6,-0.17%,1,Sell,"8% Sell",+4.46,+3.55%,24.5,24.91,23.91,24.07,34.8,-15.16,3.68,5069516,Average,Minimum,26.54%,1.38,23.63,24.51,-4%
TRS,"Trimas Corp","Metal Production & Fabrication",39.48,+1.62%,3,Sell,"24% Buy",+4.44,+0.56%,40.11,40.29,38.93,39.24,49.43,-18.15,-1.38,502056,Weakest,Weak,46.45%,0.53,38.31,40.17,63%
OLP,"One Liberty Properties","REIT - Equity Trust Other",23.92,+0.76%,5,Sell,"24% Buy",+4.40,+1.53%,23.99,24.5,23.57,24.1,44.82,-17.18,5.14,82682,Weakest,Weak,11.43%,0.5,23.48,24.72,35%
APC,"Arko Petroleum Corp. Cl A","Oil - Refining and Marketing",18.99,+2.65%,1,Sell,N/A,+4.36,N/A,19.36,19.38,0,18.67,50.86,N/A,N/A,N/A,N/A,N/A,51.16%,0.89,17.97,19.37,73%
FE,"Firstenergy Corp","Utility - Electric Power",46.77,-0.57%,1,Sell,"56% Sell",+4.32,+7.59%,47.26,47.75,48.15,46.7,47.57,-11.12,-8.28,4699989,Weakening,Weak,46.94%,0.95,45.73,47.68,53%
EQT,"Eqt Corp","Oil - US Exploration & Product",55.17,-0.79%,7,Buy,"8% Sell",+4.22,+6.51%,54.19,52.67,56.39,54.33,59.27,-12.2,-9.82,8256580,Weakest,Weak,75.43%,0.75,52.83,55.83,78%
GRCE,"Grace Therapeutics Inc","Medical - Biomedical",2.1,-1.87%,3,Sell,"100% Sell",+4.10,-31.37%,2.41,2.25,2.95,2.14,42.33,-50.08,-52.06,355555,Strengthening,Good,43.26%,0.9,2.07,2.21,22%
BILL,"Bill Holdings Inc","Internet - Software",49.16,-3.34%,3,Buy,"88% Buy",+4.06,+5.29%,41.09,45.39,41.23,48.9,54.67,-13.42,-22.61,2533691,Strengthening,Good,69.10%,0.51,46.78,51.01,56%
IRMD,"Iradimed Corp","Medical Instruments",83.45,-3.63%,1,Sell,"88% Sell",+4.02,+15.68%,91.11,92.06,93.79,87.19,29.31,-3.03,-26.97,104342,Strongest,Average,21.95%,1.86,84.68,89.7,-24%
IBTA,"Ibotta Inc Cl A","Technology Services",38.39,+2.81%,2,Buy,"100% Buy",+4.01,+45.14%,33.6,33.64,30.83,37.35,58.6,26.43,56.15,280992,Strongest,Strong,56.94%,1.17,35.58,39.12,79%
XFOR,"X4 Pharmaceuticals Inc","Medical - Biomedical",4.04,0.00%,2,Buy,"48% Buy",+3.95,+10.99%,4.09,4.08,3.99,4.15,46.55,-7.72,-11.75,592465,Weakest,Weak,22.22%,0.2,3.94,4.35,24%
UI,"Ubiquiti Networks","Wireless Equipment",579.66,-2.74%,7,Buy,"56% Sell",+3.88,+2.57%,650.23,557.44,688.46,581.82,50.99,-16.14,-8.,116387,Weakening,Soft,67.97%,1.26,557.11,606.53,46%
IMDX,"Insight Molecular Diagnostics Inc","Medical Information Systems",4.13,+0.24%,1,Sell,"100% Sell",+3.86,+67.21%,4.93,4.68,4.93,4.24,43.72,48.5,-57.68,199357,Strengthening,Average,45.38%,0.96,3.77,4.71,38%
CVNA,"Carvana Company Cl A","Internet Commerce",74.59,+1.58%,7,Buy,"24% Buy",+3.74,+0.75%,70.32,68.77,69.1,72.64,56.46,-17.96,-24.38,15433103,Average,Minimum,77.24%,0.37,67.86,77.43,70%
RVSB,"Riverview Bancorp","Finance - Savings & Loan",5.32,+1.33%,2,Hold,"48% Sell",+3.57,+6.40%,5.41,5.28,5.4,5.2,57.52,-12.31,-6.77,65377,Weakening,Average,78.90%,0.18,5.06,5.33,95%
ALV,"Autoliv Inc","Auto - Truck Original Parts",125.2,+0.12%,1,Buy,"100% Buy",+3.53,-0.18%,120.95,121.03,118.35,122.32,57.43,-18.89,-7.27,713709,Strongest,Average,72.38%,0.87,119.06,125.57,94%
BCML,"Bay Commercial Bk CA","Banks - West",30.8,+1.25%,7,Sell,"24% Buy",+3.48,+2.43%,31.13,31.66,30.65,30.45,51.69,-16.28,-7.99,44715,Weakening,Weak,42.46%,0.53,29.53,31.37,69%
ABM,"ABM Industries Inc","Business Services",47.05,-0.38%,2,Sell,"72% Buy",+3.43,-2.18%,44.05,46.96,43.33,47.31,49.21,-20.89,-1.52,575495,Average,Good,36.34%,0.84,46.09,48.53,39%
HESM,"Hess Midstream Partners LP","E&P MLP",39.91,+0.15%,3,Hold,"96% Buy",+3.35,-3.32%,39.03,39.65,38.79,39.85,51.11,-22.03,2.93,1549213,Average,Average,62.39%,1.27,38.91,40.8,53%
SSP,"E.W. Scripps Company","Broadcast - Radio & TV",3.3,-0.90%,3,Buy,"48% Sell",+3.33,+9.63%,3.47,3.13,3.57,3.3,53.68,-9.08,-30.04,746019,Weakest,Soft,50.65%,0.7,3.16,3.45,49%
IIPR,"Innovative Industrial Properties","REIT - Equity Trust Other",57.2,+0.70%,1,Sell,"24% Buy",+3.31,+0.97%,58.36,59.88,55.81,56.75,47,-17.74,8.03,359378,Weakest,Weak,69.56%,0.98,55.41,58.09,67%
CLMB,"Climb Global Solutions Inc","Technology Services",29.17,+3.51%,9,Buy,"88% Buy",+3.29,-11.21%,24.02,26.66,23.9,28.11,60.47,-29.92,0.76,227070,Strongest,Good,60.88%,0.54,27.04,29.19,99%
AIIA,"AI Infrastructure Acquisition Corp Cl A",Unclassified,10.22,0.00%,8,Buy,N/A,+3.20,N/A,10.14,10.2,10.09,10.22,51.32,N/A,-9.93,N/A,N/A,N/A,70.00%,10.56,10.18,10.26,49%
CERT,"Certara Inc","Medical - Biomedical",7.94,-2.34%,6,Hold,"64% Buy",+3.14,-24.95%,6.61,7.61,6.58,8.19,48.74,-43.66,-22.63,3373196,Weakening,Average,24.21%,0.34,7.8,8.57,18%
INVA,"Innoviva Inc","Large Cap Pharma",21.33,-0.09%,2,Sell,"72% Sell",+3.12,+1.96%,22.1,21.46,22.29,21.06,52.58,-16.75,-6.05,778289,Average,Soft,65.28%,0.75,20.61,21.51,80%
SONO,"Sonos Inc","Audio & Video Products",15.36,-4.95%,3,Buy,"40% Buy",+3.11,+6.89%,15.03,15.13,14.84,15.66,48.58,-11.82,-25.28,1710586,Weakening,Weak,49.75%,0.74,14.79,16.53,33%
CTAS,"Cintas Corp","Textile - Apparel",200.47,-0.29%,3,Hold,"64% Buy",+3.09,-3.08%,185.09,197.28,186.25,202.38,48.76,-21.79,-6.16,2131729,Average,Good,28.31%,0.61,197.28,207.48,31%
NNN,"NNN REIT Inc","REIT - Equity Trust Other",44.63,-1.22%,2,Sell,"8% Sell",+2.93,+5.31%,45.85,46.97,45.15,45.69,34.21,-13.4,-0.13,1564823,Average,Minimum,14.28%,0.92,44.78,46.61,-8%
ATHE,"Alterity Therapeutics Ltd ADR","Medical - Biomedical",4.54,+0.44%,5,Sell,"16% Buy",+2.89,-10.45%,4.61,4.8,4.23,4.61,47.81,-29.16,34.65,25132,Weakest,Soft,30.95%,0.28,4.36,4.86,36%
AWK,"American Water Works","Utility - Water Supply",140.7,-0.13%,9,Buy,"88% Buy",+2.87,-0.61%,130.96,135.11,131.9,137.39,60.69,-19.32,-4.93,2015168,Strongest,Strong,77.39%,0.92,133.75,141.03,96%
RILY,"Brc Group Holdings Inc","Finance - Misc Services",7.03,-0.99%,3,Sell,"88% Sell",+2.79,+38.39%,7.99,7.23,7.72,7.15,46.94,19.68,37.79,1129532,Average,Weak,45.11%,0.53,6.75,7.54,35%
PPG,"PPG Industries","Chemical - Specialty",112.53,+1.61%,3,Sell,"8% Sell",+2.68,+2.64%,113.62,115.79,113.68,113.34,46.96,-16.07,-2.92,2004813,Weakest,Minimum,34.17%,0.69,110.29,116.38,37%
GDOT,"Green Dot Corp","Financial Transaction Services",13.33,+0.23%,4,Hold,"64% Buy",+2.61,-2.70%,13,13.34,12.51,13.38,50.01,-21.41,-8.69,591596,Average,Average,51.05%,0.9,13.18,13.58,37%
TACO,"Berto Acquisition Corp",Unclassified,10.49,-0.05%,5,Buy,"96% Buy",+2.34,+1.89%,10.43,10.48,10.36,10.47,55.72,-16.82,-9.3,80478,Strengthening,Strong,54.76%,0.65,10.44,10.5,80%
ORN,"Orion Group Holdings Inc","Building - Heavy Construction",9.28,+1.42%,1,Sell,"88% Sell",+2.19,+21.47%,12.79,11.53,12.6,9.46,39.07,2.76,-19.39,397947,Average,Strong,21.25%,0.77,8.88,10.04,34%
OGS,"One Gas Inc","Utility - Gas Distribution",79.86,-0.84%,6,Hold,"64% Sell",+2.14,+6.18%,80.91,79.4,82.6,80.22,49.68,-12.53,-9.37,526812,Average,Soft,48.21%,0.83,78.68,81.76,38%
ECVT,"Pq Group Holdings Inc","Chemical - Specialty",10.21,0.00%,1,Sell,"80% Sell",+2.08,+13.32%,12.5,11.35,12.32,10.21,38.91,-5.39,-7.82,1707954,Average,Good,48.72%,0.53,9.93,10.49,50%
CARS,"Cars.com Inc","Internet Commerce",11.73,-0.51%,2,Hold,"64% Buy",+1.98,-13.94%,11.04,11.79,10.46,12.05,47.15,-32.65,-16.6,956417,Weakening,Average,36.12%,1.14,11.5,12.59,21%
ORI,"Old Republic International Corp","Insurance - Multi Line",41.43,-1.95%,2,Sell,"8% Buy",+1.98,+0.83%,40.76,42.2,40.81,42.17,42.48,-17.88,-21.97,1598801,Weakest,Minimum,36.03%,1.08,41.4,42.95,2%
MSCI,"MSCI Inc","Finance - Investment Mgmt",573.01,-0.29%,1,Sell,"40% Sell",+1.97,+2.84%,585.16,578.54,573.49,566.23,51.65,-15.87,-12.88,644885,Weakest,Minimum,71.94%,0.7,554.91,577.55,80%
BSBK,"Bogota Financial Corp","Banks - Northeast",9.18,+1.38%,5,Buy,"100% Buy",+1.96,-2.91%,8.86,9.07,8.72,9.16,52.63,-21.62,-4.17,9132,Strongest,Strong,32.26%,0.56,8.94,9.38,53%
LYFT,"Lyft Inc Cl A","Internet - Services",16.72,-3.24%,8,Buy,"72% Buy",+1.89,-0.42%,15.12,16.2,14.7,17.26,48.37,-19.13,-26.43,14225509,Weakening,Soft,40.18%,0.8,16.62,17.9,7%
INMD,"Inmode Ltd","Medical Products",14.91,+0.47%,3,Sell,"40% Buy",+1.88,+3.47%,14.5,15.06,14.33,15.02,46.61,-15.24,-11.25,813140,Weakest,Average,30.41%,0.82,14.78,15.26,27%
O,"Realty Income Corp","REIT - Equity Trust Retail",61.25,-0.79%,2,Sell,"24% Sell",+1.80,+5.10%,62.75,63.25,63.09,62.23,38.66,-13.61,-4.09,6034552,Average,Weak,23.47%,0.96,61,63.46,10%
AXS,"Axis Capital Holdings","Insurance - Proprty & Casualty",101.14,-0.26%,1,Sell,"24% Sell",+1.78,+1.86%,103.1,106.52,102.85,99.89,47.24,-16.85,-18.31,638078,Weakest,Minimum,67.28%,0.9,97.97,101.8,83%
WPC,"W.P. Carey & Company Llc","REIT - Equity Trust Other",70.38,+0.16%,2,Sell,"72% Sell",+1.69,+5.20%,73.02,72.31,72.42,70.95,41.35,-13.51,-3.4,1362904,Strengthening,Weak,30.02%,1.28,69.64,72.25,28%
XRN,"Chiron Real Estate Inc","REIT - Equity Trust Other",36.96,+1.20%,6,Buy,"88% Buy",+1.64,-2.09%,36.16,36.8,35.8,36.72,52.56,-20.8,-3.21,120514,Strengthening,Average,44.16%,1.12,35.58,37.85,61%
WLKP,"Westlake Chemical Partners LP","Chemical - Specialty",21.88,-0.23%,4,Hold,Hold,+1.61,+0.14%,22.37,21.86,22.23,21.71,53.22,-18.57,2.41,40296,Bearish,,68.59%,0.38,21.39,22.03,76%
MC,Moelis,"Finance - Investment Brokers",69.02,-0.17%,3,Sell,"88% Buy",+1.56,-3.78%,66.93,67.31,64.76,67.68,54.06,-22.49,-12.34,1013341,Strongest,Weak,68.27%,0.47,64.92,70.45,74%
ICFI,"Icf International","Government Services",88,-2.22%,2,Buy,"72% Buy",+1.31,-6.70%,76.03,83.08,75.43,89.14,52.79,-25.41,-9.58,255406,Weakening,Good,43.98%,0.93,87.01,91.26,23%
REG,"Regency Centers Corp","REIT - Equity Trust Retail",75.26,-0.87%,2,Sell,"24% Sell",+1.15,+2.31%,78.64,78.74,78,76.07,37.9,-16.4,-3.72,1363963,Average,Weak,40.05%,0.68,75.01,77.13,12%
MHO,"M/I Homes","Building - Residential & Comm",148.26,+0.53%,4,Sell,"40% Buy",+1.06,-3.63%,142.48,150.81,139.25,150.64,47.11,-22.34,3.12,234163,Weakening,Average,17.25%,0.53,145.71,155.57,26%
ULS,"Ul Solutions Inc Cl A","Business Services",73.83,-1.07%,1,Sell,"88% Sell",+0.95,+16.47%,89.72,83.47,86.69,75.46,33.57,-2.24,-19.13,1053471,Strengthening,Good,26.99%,0.41,72.81,78.11,19%
TUSK,"Mammoth Energy Services Inc","Oil - Field Services",3.12,+0.32%,4,Buy,"72% Buy",+0.90,+32.77%,3,2.99,2.78,3.18,51.46,14.06,55.9,294685,Weakening,Average,40.82%,0.33,2.99,3.36,35%
LIN,"Linde Plc","Chemical - Specialty",477.57,-0.96%,2,Sell,"40% Sell",+0.85,+1.10%,504.23,501.51,498.97,484.62,38.5,-17.61,-0.75,2458975,Strengthening,Weak,38.60%,1.08,474.35,494.88,16%
CWST,"Casella Waste Sys","Waste Removal Svcs",93.53,-2.53%,6,Buy,"72% Buy",+0.83,-2.14%,88.98,93.14,89.7,92.42,52.78,-20.85,-17.25,792756,Strengthening,Weak,71.45%,0.59,89.07,95.76,67%
NTIC,"Northern Technologies Intl Corp","Chemical - Diversified",7.99,-0.49%,2,Sell,"88% Sell",+0.81,+3.90%,8.11,8.2,8.27,8.05,45.44,-14.81,-10.71,14552,Strengthening,Weak,45.74%,0.24,7.94,8.16,22%
STRA,"Strategic Education",Schools,81.59,-0.38%,5,Buy,"72% Buy",+0.38,-1.70%,80.04,81.45,80.21,82.72,46.86,-20.41,-11.02,265906,Weakening,Average,24.52%,0.76,79.37,86.07,33%
PERI,"Perion Network Ltd","Internet - Content",9.31,+0.87%,3,Sell,"8% Buy",+0.04,+1.97%,9.52,9.54,9.38,9.62,42.56,-16.74,-15.57,383150,Weakest,Minimum,19.92%,1.22,9.28,9.96,4%
BOSC,"Bos Better Online","Computer - Networks",4.64,+0.22%,8,Buy,"24% Buy",+0.04,-0.85%,4.47,4.47,4.58,4.59,56.36,-19.56,-11.,58257,Weakening,Minimum,29.89%,0.4,4.45,4.73,67%
AVO,"Mission Produce Inc","Agriculture Operations",12.68,+0.88%,5,Hold,Hold,-0.11,+1.85%,12.59,12.88,13,12.93,46.63,-16.86,-3.44,944897,Bearish,,26.21%,0.52,12.49,13.37,21%
GRBK,"Green Brick Partners","Building - Residential & Comm",71.09,+0.44%,5,Sell,"40% Buy",-0.37,-1.31%,70.8,72.81,70.52,71.5,46.73,-20.02,0.7,242153,Weakening,Weak,30.19%,0.99,69.13,73.86,41%
KSS,"Kohl's Corp","Retail - Regional Dept Stores",19.44,+0.52%,1,Buy,"88% Buy",-0.50,+18.39%,16.59,18.29,16.15,18.53,57.94,-0.32,-17.5,4803758,Strengthening,Average,91.58%,0.77,17.06,19.99,81%
WMK,"Weis Markets","Retail - Supermarket",71.98,+0.73%,1,Sell,"8% Sell",-0.50,-0.35%,74.27,75.09,72.59,70.93,48.1,-19.06,-0.44,147460,Weakest,Minimum,72.46%,0.78,69.73,72.13,94%
MAS,"Masco Corp","Building & Construction - Misc",72.7,+1.79%,2,Sell,"24% Buy",-0.57,-1.73%,73.32,76.09,71.04,73.34,46.51,-20.44,1.81,2612973,Weakest,Soft,25.77%,0.84,70.54,76.15,39%
ZBH,"Zimmer Biomet Holdings","Medical Products",98.07,-0.86%,4,Buy,"72% Buy",-0.89,-6.39%,90.77,94.93,91.52,99.5,50,-25.1,-3.69,2221437,Weakening,Strong,24.69%,0.61,97.1,101.9,20%
DMAC,"Diamedica Therapeutics Inc","Medical - Biomedical",6.75,+2.90%,4,Sell,"24% Sell",-0.92,+25.70%,6.48,6.91,6.82,6.64,52.57,6.99,-27.95,241566,Weakest,Minimum,65.24%,0.97,6.35,6.93,69%
QCOM,"Qualcomm Inc","Electronics - Semiconductors",168.74,+0.10%,4,Hold,Hold,-1.01,+5.65%,183.45,169.31,167.47,164.02,53.08,-13.06,-14.1,14416945,Bearish,,84.89%,0.68,157.34,170.7,85%
UNCY,"Unicycive Therapeutics Inc","Medical - Drugs",5.16,-2.64%,4,Sell,"88% Sell",-1.11,+19.44%,6.46,5.37,6.52,5.35,44.68,0.73,-23.32,838778,Strengthening,Strong,21.81%,0.32,4.97,5.74,25%
CEG,"Constellation Energy","Other Alt Energy",298.96,+4.88%,8,Buy,"24% Buy",-1.21,-3.27%,274.71,266.42,281.49,278.66,66.71,-21.98,-28.12,3265438,Strengthening,Minimum,86.15%,0.99,264.84,292.49,123%
OCSL,"Oaktree Specialty Lending Corp","Finance - Misc Services",13.06,-0.53%,8,Buy,"88% Buy",-1.38,-5.57%,12.28,12.43,12.06,13.02,57.14,-24.28,-10.24,765162,Average,Average,58.39%,0.49,12.74,13.3,57%
HY,"Hyster-Yale Inc","Machinery - Construct & Mining",35.75,+4.78%,1,Hold,"16% Buy",-1.40,-3.69%,35.31,33.93,35.21,34.2,57.04,-22.4,7.58,106553,Weakest,Minimum,66.26%,1.07,32.73,35.67,103%
IRS,"Irsa Inversiones Y Representaciones S.A. ADR","Real Estate Developers",15.16,+0.53%,7,Sell,"40% Sell",-1.55,+7.75%,15.07,15.12,15.23,14.85,53.32,-10.96,-21.09,165930,Weakest,Weak,78.55%,1.26,14.37,15.33,82%
UHT,"Universal Health Realty Income Trust","REIT - Equity Trust Other",40.83,-0.80%,3,Sell,"40% Sell",-1.61,-0.29%,41.7,42.64,41.92,41.23,41.53,-19.,-8.62,103592,Strengthening,Minimum,38.71%,1.38,40.31,42.16,28%
INDO,"Indonesia Energy Corp Ltd","Oil - International Integrated",3.07,-1.29%,10,Buy,"24% Sell",-1.78,+5.86%,2.95,2.88,3.36,2.93,59.93,-12.85,-7.97,1290635,Weakest,Weak,67.06%,1.31,2.76,3.11,89%
CRNC,"Cerence Inc","IT Services",8.53,+0.47%,1,Sell,"56% Sell",-1.85,-14.70%,9.62,9.1,8.95,8.38,49.12,-33.41,-32.96,999653,Weakening,Weak,70.64%,0.58,7.73,9.03,61%
WM,"Waste Management","Waste Removal Svcs",218.99,-1.23%,3,Sell,"56% Sell",-1.85,-2.65%,224.49,228.33,227.33,222.79,40.19,-21.36,-13.08,2130141,Strengthening,Weak,29.29%,1.18,217.01,228.58,17%
MAGN,"Magnera Corporation","Engineering & R&D Services",12.54,+1.13%,1,Sell,"40% Buy",-2.17,+5.03%,11.96,12.81,11.87,12.4,49.51,-13.68,-29.92,578500,Weakest,Weak,60.23%,0.78,11.9,12.9,64%
DFIN,"Donnelly Financial Solutions Inc","Internet Software Services",50.92,+3.77%,2,Buy,"88% Buy",-2.27,-9.67%,45.2,47.58,46.04,48.29,64.16,-28.38,-3.69,278306,Strongest,Average,62.45%,1.32,46.57,50.01,127%
EVER,"Everquote Inc Cl A","Internet - Software",24.91,-1.58%,3,Buy,"64% Buy",-2.29,+4.71%,21.86,25.18,19.92,25.18,48.75,-14.,-20.49,757452,Weakening,Average,46.42%,0.55,23.71,26.65,41%
PPIH,"Perma-Pipe International Holdings Inc","Steel - Pipe & Tube",28.38,+2.90%,9,Buy,"40% Sell",-2.47,-9.70%,28.43,26.02,29.3,26.9,63.3,-28.41,-19.27,98857,Weakest,Weak,75.53%,0.66,25.79,28.01,117%
NC,"Nacco Industries",Coal,41.93,+2.64%,1,Sell,"88% Sell",-2.57,+5.40%,47.66,45.23,49.48,41.83,43.01,-13.31,-27.25,12616,Average,Strong,25.95%,1.57,40.37,43.29,53%
ATO,"Atmos Energy Corp","Utility - Gas Distribution",167.56,-0.92%,2,Sell,"100% Sell",-2.58,+1.68%,175.25,172.86,177.68,168.63,42.73,-17.03,-12.79,1226427,Strengthening,Good,41.15%,0.66,165.73,171.53,32%
VEL,"Velocity Financial Inc","Finance - Mortgage & Rel Svs",18.43,+0.16%,3,Buy,"8% Buy",-2.63,-2.44%,18,17.89,18.22,18.14,58.68,-21.15,-23.97,102310,Weakening,Minimum,51.49%,0.63,17.75,18.52,88%
NFG,"National Fuel Gas Company","Oil - US Integrated",83.32,-0.25%,6,Buy,"8% Buy",-2.70,-4.03%,81.21,81.34,84.44,82.77,55.56,-22.74,-8.68,723961,Weakest,Minimum,56.80%,0.7,81.26,84.27,68%
FCPT,"Four Corners Property Trust IN","REIT - Equity Trust Other",24.93,+0.08%,4,Sell,"8% Sell",-2.79,-4.15%,25.14,25.31,25.07,25.05,45.44,-22.86,-4.64,812130,Weakest,Minimum,24.31%,0.73,24.51,25.58,39%
NNI,"Nelnet Inc","Finance - Consumer Loans",127.31,+0.03%,2,Sell,"72% Sell",-2.82,-0.93%,131.84,131.17,131.45,126.8,45.18,-19.64,-17.,133329,Average,Average,61.55%,1.05,124.89,128.71,63%
ATMU,"Atmus Filtration Technologies Inc","Auto - Truck Original Parts",48.34,+1.02%,2,Sell,"100% Sell",-2.92,+6.06%,51.98,50.78,54.93,48.99,45.1,-12.65,-19.63,905286,Strengthening,Average,30.29%,1.01,46.51,51.47,37%
RGCO,"Rgc Resources Inc","Oil - Refining and Marketing",21.93,+0.92%,1,Sell,"40% Sell",-2.97,-3.60%,22.86,22.67,22.56,21.72,49.05,-22.31,-9.79,12570,Weakest,Weak,48.62%,0.59,21.23,22.21,72%
CVGI,"Commercial Vehicle G","Auto - Truck Original Parts",3.24,+4.52%,1,Sell,"40% Sell",-2.99,+94.01%,4.41,3.99,3.8,3.18,41.53,75.3,112.25,631277,Weakening,Weak,39.65%,0.37,2.99,3.36,67%
SRE,Sempra,"Other Alt Energy",84.04,-0.63%,6,Sell,"100% Sell",-3.06,+2.34%,90.41,88.77,91.61,84.94,44.17,-16.37,-17.56,3780294,Strengthening,Strong,53.14%,0.72,82.2,87.68,34%
IBM,"Intl Business Machines","Computer - Integrated Systems",234.89,+0.08%,3,Sell,"88% Sell",-3.19,-4.97%,246.87,241.35,249.11,234.31,50.04,-23.68,-33.45,7180996,Weakening,Average,45.55%,0.41,228.97,239.66,55%
SBGI,"Sinclair Inc","Media Conglomerates",13.81,-0.86%,2,Hold,"80% Sell",-3.25,-1.36%,14.34,14.17,14.3,14.19,45.17,-20.07,-22.49,463229,Average,Soft,16.91%,0.7,13.52,14.85,22%
SRI,"Stoneridge Inc","Electronics - Misc Components",7.48,+4.62%,1,Sell,"56% Buy",-3.28,-10.31%,7.15,7.19,7.05,7.12,57.47,-29.02,16.44,202800,Average,Weak,78.58%,0.76,6.83,7.41,113%
GRNT,"Granite Ridge Resources Inc","Oil - US Exploration & Product",5.08,0.00%,7,Buy,"8% Buy",-3.33,-6.27%,5.02,4.82,5.12,5.1,54.65,-24.98,-4.66,881626,Weakest,Minimum,40.97%,1.17,4.97,5.24,41%
AIG,"American International Group","Insurance - Multi Line",76.21,-0.85%,2,Sell,"56% Sell",-3.73,-6.75%,76.91,77.88,76.97,76.45,45.39,-25.46,-23.67,4269777,Weakening,Weak,48.91%,0.88,75.34,77.56,39%
KPRX,"Kiora Pharmaceuticals Inc.","Medical - Drugs",2.55,0.00%,9,Buy,"56% Buy",-3.80,-6.59%,2.56,2.57,2.41,2.6,47.23,-25.3,16.69,178715,Weakening,Soft,28.37%,0.25,2.49,2.7,28%
MRSH,"Marsh & Mclennan Companies","Business Services",185.74,-1.44%,5,Hold,"64% Buy",-4.04,-9.88%,175.51,184.94,176.04,189.64,45.27,-28.59,-12.63,2781083,Weakening,Average,24.42%,0.59,184.33,194.95,13%
GEL,"Genesis Energy LP","Oil Refining & Marketing MLP",15.85,-2.04%,12,Buy,"24% Sell",-4.08,-5.03%,15.59,15.27,16.29,16.06,49.88,-23.74,-11.15,277307,Weakest,Weak,39.69%,1.69,15.5,16.61,31%
AB,"Alliancebernstein Holding LP","Finance - Investment Mgmt",37.35,+0.89%,2,Hold,"56% Sell",-4.10,-5.30%,37.35,36.85,37.85,36.61,60.3,-24.01,-15.69,325040,Weakest,Average,78.20%,1.13,35.94,37.28,105%
CI,"The Cigna Group","Medical - HMO",282.52,-1.31%,6,Sell,"8% Sell",-4.40,-7.07%,283.89,283.45,281.31,279.07,51.62,-25.78,-10.1,1675431,Weakening,Minimum,77.00%,0.71,272.83,285.31,78%
FDUS,"Fidus Investment Cor","Finance - SBIC & Commercial",19.63,+0.26%,2,Hold,"48% Buy",-4.40,-8.23%,19.23,19.8,18.87,19.7,47.3,-26.94,-11.04,312844,Average,Soft,47.02%,0.61,19.49,19.91,34%
TGS,"Transportadora DE Gas Sa Ord B ADR","Oil - Production & Pipeline",29.05,+0.66%,1,Sell,"88% Sell",-4.41,+9.42%,29.99,29.45,30.45,28.45,50.76,-9.29,-19.31,266977,Average,Average,66.54%,0.61,27.35,29.54,78%
USLM,"U S Lime & Mineral","Building - CMT & CNT & AG",116.69,+0.74%,4,Buy,"8% Buy",-4.50,-3.55%,112.69,112.07,115.16,118.39,50.97,-22.26,-15.3,145841,Weakening,Minimum,21.05%,0.35,115.03,121.75,25%
DLNG,"Dynagas Lng Partners LP","Transportation - Services",3.66,-1.08%,4,Buy,"56% Sell",-4.55,-1.61%,3.74,3.67,3.84,3.79,44.28,-20.32,-15.67,74889,Strengthening,Soft,26.16%,0.98,3.67,3.9,-6%
BTI,"British American Tobacco ADR",Tobacco,55.35,-1.11%,2,Sell,"88% Sell",-4.61,-0.14%,59.82,59.1,59.82,56.33,39.25,-18.85,-14.99,4308522,Strongest,Good,17.43%,0.94,55.16,57.51,8%
NXPI,"Nxp Semiconductors","Semi Analog & Mixed",227.84,+1.26%,4,Sell,"56% Sell",-4.61,+1.08%,269.49,250.27,250.53,227.69,43.9,-17.63,-7.79,3466416,Weakening,Soft,54.61%,0.75,218.9,236.48,51%
OPCH,"Option Care Health Inc","Medical - Outpatient & Hm Care",24.21,-1.02%,4,Buy,"8% Buy",-4.69,-15.88%,22.63,22.8,25.4,23.83,59.02,-34.59,-36.76,2370658,Weakening,Weak,83.15%,0.5,23.17,24.49,79%
VLTO,"Veralto Corporation","Waste Removal Svcs",96.31,-1.60%,5,Hold,"64% Buy",-4.85,-9.65%,90.69,95.15,91.03,97.94,47.27,-28.36,-16.23,1981121,Weakening,Average,24.45%,0.76,95.78,100.11,12%
NATH,"Nathan's Famous IN","Retail - Restaurants",98.67,+0.53%,2,Sell,"72% Sell",-4.89,-6.54%,99.96,98.76,100.24,97.68,55.31,-25.25,-7.3,35987,Weakening,Weak,68.92%,0.4,96.66,98.71,98%
SAFE,"Safehold Inc","REIT - Equity Trust Resident",15.12,+0.40%,1,Sell,"8% Sell",-4.92,-5.08%,15.57,15.91,15.34,15.27,42.03,-23.79,-2.3,365651,Weakening,Minimum,41.20%,0.85,14.91,15.63,29%
TRC,"Tejon Ranch Company","Real Estate Operations",16.43,+1.61%,2,Sell,"72% Sell",-4.98,-3.01%,18.3,17.24,18.22,16.3,46.44,-21.72,-8.56,109370,Weakening,Good,37.64%,0.79,15.93,16.67,68%
XLO,"Xilio Therapeutics Inc","Medical - Biomedical",9,-0.22%,3,Sell,"40% Buy",-5.16,-10.47%,8.68,9.09,8.42,9.12,47.63,-29.18,-12.33,37104,Weakening,Weak,31.32%,0.25,8.77,9.48,33%
EVTC,"Evertec Inc","Financial Transaction Services",30.35,-0.72%,1,Buy,"88% Buy",-5.19,-12.28%,28.06,29.92,28.01,30.04,52.83,-30.99,-8.42,508223,Strengthening,Average,57.42%,0.66,28.69,31.4,61%
ARCC,"Ares Capital Corp","Finance - SBIC & Commercial",20.04,+0.15%,6,Buy,"80% Buy",-5.35,-10.42%,19.04,19.29,18.91,19.92,59.66,-29.13,-13.69,5806468,Strengthening,Average,68.38%,0.58,19.66,20.18,73%
POCI,"Precision Optics Corp Inc","Medical Instruments",4.35,-0.46%,4,Sell,"72% Sell",-5.37,-5.24%,4.74,4.49,4.66,4.34,48.11,-23.95,-8.81,35025,Average,Soft,25.43%,1.12,4.14,4.55,51%
AVPT,"Avepoint Inc Cl A","Internet - Software",13.43,-1.03%,3,Buy,"88% Buy",-5.40,-16.69%,11.62,12.89,11.18,13.42,52.51,-35.4,-16.06,2042491,Average,Good,41.74%,0.47,12.74,14.09,51%
AMC,"AMC Entertainment Holdings","Leisure & Recreation Services",2.65,+4.33%,5,Buy,"100% Buy",-5.54,-2.57%,2.07,2.37,1.78,2.56,55.1,-21.28,57.12,34558703,Strongest,Strong,62.05%,1.55,2.37,2.74,75%
GBTG,"Global Business Travel Group Inc","Internet - Software",9.48,-0.11%,9,Buy,"100% Buy",-5.58,+16.46%,8.96,9.43,7.82,9.46,60.86,-2.25,11.17,2429629,Average,Strong,54.17%,0.41,9.43,9.49,83%
RHLD,"Resolute Holdings Management","Finance - Misc Services",136.59,-1.39%,2,Hold,"16% Sell",-5.58,+99.23%,129.41,134.23,142.51,132.2,53.48,80.52,-46.58,166830,Weakest,Minimum,60.61%,0.87,120.97,143.43,70%
BCO,"Brink's Company","Financial Transaction Services",108.87,+2.37%,1,Sell,"40% Sell",-5.80,-4.24%,107.96,111.26,110.54,110.94,45.5,-22.95,-19.48,433947,Weakest,Minimum,16.35%,0.59,106.43,115.45,27%
BNTC,"Benitec Biopharma Ltd ADR","Medical - Biomedical",12.68,+1.93%,6,Hold,"72% Buy",-6.07,-9.43%,12.28,12.68,11.96,12.84,50.14,-28.14,-18.61,151550,Average,Soft,42.09%,0.3,11.99,13.69,41%
IVA,"Inventiva S.A. ADR","Medical - Biomedical",4.78,-1.24%,6,Buy,"8% Sell",-6.10,-14.64%,4.64,4.5,5.1,4.73,54.55,-33.35,-9.95,601281,Weakest,Weak,60.90%,1.32,4.56,4.89,67%
APT,"Alpha Pro Tech","Protection - Safety",5.36,+1.32%,5,Buy,"88% Buy",-6.12,+10.52%,5.28,5.22,5.16,5.35,53.26,-8.19,7.97,54860,Strongest,Soft,28.15%,0.44,5.18,5.51,54%
NAAS,"Nass Technology Inc ADR","Electrical Power",3.03,-3.57%,4,Sell,"56% Buy",-6.15,-2.32%,2.99,3.25,2.78,3.27,39.91,-21.03,-23.16,16385,Weakest,Weak,11.13%,0.76,3.03,3.5,-1%
WCN,"Waste Connections Inc","Waste Removal Svcs",164.87,-1.16%,5,Sell,"8% Buy",-6.25,-9.05%,162.37,167.87,163.36,166.31,45.87,-27.76,-18.73,1467401,Weakest,Weak,31.96%,0.56,163.27,169.34,26%
CRNT,"Ceragon Networks Ltd","Wireless Non-US",2.1,+2.69%,2,Sell,"88% Sell",-6.27,+4.48%,2.45,2.21,2.39,2.11,45.92,-14.23,-12.75,555252,Average,Average,30.48%,0.51,2.01,2.22,44%
NPB,"Northpointe Bancshares Inc","Finance - Savings & Loan",17.28,+0.41%,5,Sell,"32% Sell",-6.30,-6.29%,17.72,17.72,17.69,17.13,50.89,-25.,-9.77,236231,Weakest,Weak,53.70%,0.83,16.7,17.57,67%
SBAC,"SBA Communications","REIT - Equity Trust Other",189.44,-1.09%,9,Buy,"24% Sell",-6.41,-2.94%,195.1,183.18,193.96,185.45,55.51,-21.65,-14.81,993798,Weakest,Weak,69.61%,0.68,178.71,192.19,80%
SRL,"Scully Royalty Ltd","Conglomerates - Div Operations",5.7,+1.06%,3,Buy,"72% Sell",-6.44,+3.64%,6.78,5.71,7.19,5.84,46.57,-15.07,-46.08,21281,Average,Average,24.58%,0.19,5.68,6,7%
SMG,"Scotts Miracle-Gro Company","Agriculture Operations",59.47,+0.30%,1,Sell,"40% Sell",-6.71,-5.11%,63.16,64.88,63.84,60.72,40,-23.82,-10.83,915433,Weakening,Soft,24.53%,0.46,58.57,62.87,21%
PG,"Procter & Gamble","Consumer Prdts - Misc Staple",146.44,-0.33%,2,Sell,"56% Sell",-6.76,-8.01%,146.2,146.72,148.38,144.97,52.45,-26.72,-10.57,9933358,Average,Weak,78.15%,0.62,142.28,147.66,77%
DDL,"Dingdong [Cayman] Ltd ADR","Internet Commerce",2.26,0.00%,5,Hold,"80% Sell",-6.80,+10.78%,2.38,2.27,2.5,2.31,46.47,-7.93,-21.99,1119527,Strengthening,Soft,21.67%,0.29,2.2,2.42,28%
RAVE,"Rave Restaurant Group","Retail - Restaurants",3.04,-0.33%,1,Sell,"40% Buy",-6.84,-8.98%,3.02,3.18,2.96,3.09,40.82,-27.69,-20.63,50322,Weakest,Weak,35.28%,0.6,3.02,3.16,17%
MLP,"Maui Land & Pineapple Company","Real Estate Operations",16.03,-2.49%,2,Sell,"24% Sell",-6.91,-7.87%,16.63,16.72,16.53,15.92,46.45,-26.58,-18.12,20358,Average,Weak,69.60%,0.46,15.39,16.45,60%
PIPR,"Piper Jaffray Companies","Finance - Misc Services",77.04,-0.91%,3,Hold,"48% Sell",-6.91,-7.04%,78.28,75.07,78.36,75.38,56.02,-25.75,-22.04,620174,Weakest,Soft,72.90%,0.7,72.96,77.81,84%
SVCO,"Silvaco Group Inc","Electronics - Semiconductors",6.54,+2.51%,1,Sell,"56% Sell",-7.04,+22.70%,9.62,8.44,8.07,6.92,39.64,3.99,48.73,415096,Weakening,Weak,13.90%,0.43,6.18,7.66,24%
ZKH,"Zkh Group Limited ADR","Internet - Services",2.95,-1.67%,5,Buy,"8% Sell",-7.19,+3.15%,2.85,2.82,3,2.93,53.96,-15.56,-32.59,170692,Weakest,Weak,85.08%,0.71,2.85,3,66%
WKEY,"Wisekey International Holding Ltd ADR","Protection - Safety",6.51,-1.06%,2,Sell,"100% Sell",-7.34,+26.16%,7.34,6.61,7.18,6.53,49.46,7.45,-29.82,133999,Average,Average,46.91%,0.81,6.16,6.89,47%
BRT,"BRT Realty Trust","REIT - Equity Trust Resident",14.35,-2.18%,7,Hold,"32% Sell",-7.36,-9.18%,14.65,14.76,14.53,14.48,45.35,-27.89,-15.13,48422,Average,Weak,32.52%,0.49,14.01,14.94,36%
HNRG,"Hallador Energy Company","Other Alt Energy",16.6,+3.04%,8,Hold,"48% Sell",-7.37,+0.91%,16.71,15.93,17.08,16.08,55.68,-17.8,-25.57,762334,Weakest,Soft,77.33%,0.63,15.34,16.83,85%
KRC,"Kilroy Realty Corp","REIT - Equity Trust Other",37.14,+0.49%,1,Sell,"56% Buy",-7.60,-10.29%,36.39,38.01,34.35,36.62,50.59,-29.,-13.37,1723186,Average,Weak,67.75%,0.99,35.9,37.34,86%
CHSCP,"CHS Inc","Agriculture Operations",26.7,-0.22%,4,Hold,"64% Sell",-7.81,-7.23%,27.17,26.69,27.48,26.66,50.7,-25.94,-16.36,16222,Weakening,Strong,65.45%,0.44,26.57,26.74,75%
SLGN,"Silgan Holdings","Containers - Metal & Glass",41.18,-0.79%,4,Sell,"40% Sell",-7.82,-8.18%,41.5,43.53,42.28,41.71,43.08,-26.89,-10.74,1001971,Average,Weak,27.68%,0.61,40.46,42.96,29%
UTSI,"Utstarcom Holdings C","Communications Components",2.32,-3.33%,3,Sell,"88% Sell",-7.98,-11.11%,2.52,2.42,2.49,2.38,45.09,-29.82,-21.41,104273,Average,Average,59.54%,0.11,2.27,2.5,24%
MAIN,"Main Street Capital Corp","Finance - SBIC & Commercial",57.68,-0.67%,4,Buy,"56% Buy",-8.02,-13.38%,54.12,55.66,55.01,58.42,51.85,-32.09,-17.24,658783,Weakening,Soft,27.16%,0.7,57.59,59.25,5%
LSPD,"Lightspeed Commerce Inc","Internet - Software",10.51,-0.57%,4,Buy,"80% Buy",-8.22,-11.23%,9.87,10.4,9.62,10.51,51.45,-29.94,-25.75,901892,Strengthening,Soft,46.15%,0.54,10.16,10.87,49%
SPH,"Suburban Propane Partners LP","Oil Refining & Marketing MLP",17.52,0.00%,1,Sell,"100% Sell",-8.34,-4.94%,18.5,17.89,19.07,17.61,43.19,-23.65,-18.25,165473,Strengthening,Strong,29.94%,0.66,17.44,17.79,23%
CRAI,"Cra International",Consulting,170.91,-0.98%,2,Buy,"56% Buy",-8.38,-13.10%,158.31,168.3,160.95,171.45,49.22,-31.81,-27.59,151636,Weakening,Weak,43.94%,0.69,165.39,177.51,46%
IBP,"Installed Building Products","Building & Construction - Misc",238.57,+0.37%,2,Hold,"32% Sell",-8.47,-11.61%,235.73,234.07,256.55,242.54,49.62,-30.32,-20.78,375172,Weakest,Weak,35.02%,0.62,233.47,251.62,28%
LCII,"Lci Industries","Auto - Truck Original Parts",102.6,+1.54%,1,Sell,"100% Sell",-8.49,-2.92%,106.05,104.17,115.4,104.02,47.75,-21.63,-28.19,365141,Average,Average,28.50%,0.62,99.63,108.41,34%
QGEN,"Qiagen N.V.","Medical - Biomedical",43.47,-0.89%,6,Buy,"72% Buy",-8.70,-12.21%,39.1,41.9,41.03,43.4,53.53,-30.92,-20.92,2313465,Average,Weak,58.96%,0.64,41.94,44.85,53%
FPH,"Five Point Holdings Llc Cl A","Real Estate Developers",5.16,+1.18%,3,Hold,Hold,-8.73,-8.35%,5.09,5.18,5.12,5.13,52.16,-27.06,-20.44,172301,Bearish,,39.68%,0.54,5.03,5.24,62%
EPAC,"Actuant Corp","Machinery - Tools & Related",37.34,+1.08%,5,Buy,"40% Buy",-8.91,-11.87%,35.47,36.11,36.55,37.1,55.37,-30.58,-15.1,442130,Average,Weak,36.95%,0.54,36.43,37.76,68%
TW,"Tradeweb Markets Inc","Finance - Investment Brokers",106.2,+0.82%,10,Buy,"8% Sell",-9.05,-13.93%,104.62,102.54,109.66,106.05,53.01,-32.64,-14.,1499974,Weakest,Minimum,31.18%,1,102.71,109.38,52%
UG,"United Guardian Inc","Medical Products",7.14,+0.92%,3,Sell,"32% Buy",-9.14,-16.26%,7.13,7.27,6.96,7.16,47.36,-34.97,3.08,8481,Weakest,Weak,13.92%,1.1,7.03,7.29,41%
AMT,"American Tower Corp","REIT - Equity Trust Other",175.85,-1.07%,8,Buy,"40% Sell",-9.23,-9.86%,176.21,171.12,177.68,174.54,52.81,-28.57,-12.59,3106190,Weakest,Weak,46.77%,0.68,169.26,179.82,62%
GBDC,"Golub Capital Bdc","Finance - SBIC & Commercial",13,+0.23%,3,Hold,"8% Sell",-9.24,-12.10%,13.05,13,12.86,13.12,47.88,-30.81,-16.95,1825922,Weakening,Minimum,27.45%,0.83,12.89,13.35,24%
NRDS,"Nerdwallet Inc Cl A","Finance - Misc Services",9.88,-0.30%,6,Buy,"8% Buy",-9.27,-3.98%,9.34,9.53,9.7,9.89,53.49,-22.69,-39.83,853730,Weakest,Weak,51.14%,0.92,9.59,10.18,49%
DBVT,"Dbv Technologies ADR","Medical - Biomedical",13.47,-1.68%,6,Sell,"100% Sell",-9.56,+46.10%,16.61,14.59,18.15,14.14,42.26,27.39,-42.48,340019,Strengthening,Good,24.67%,0.15,13.27,15.02,12%
FRPH,"Frp Holdings Inc","Real Estate Operations",22.59,+0.67%,2,Sell,"40% Sell",-9.65,-11.41%,22.84,23.1,22.87,22.21,52.37,-30.12,-13.63,72784,Weakest,Weak,47.47%,1.21,21.63,22.8,82%
BWIN,"The Baldwin Insurance Group Inc","Insurance - Life",30.88,-1.09%,7,Buy,"100% Buy",-9.87,-1.28%,24.96,28.65,23.4,30.76,56.45,-19.99,15.76,1481311,Strengthening,Strong,46.06%,0.5,29.42,32.09,55%
DGXX,"Digi Power X Inc","Technology Services",3.75,+0.81%,3,Sell,"72% Sell",-9.89,+69.68%,5.04,4.07,4.18,3.82,46.59,50.97,34.31,5568102,Weakening,Weak,31.54%,0.33,3.38,4.27,42%
ELTK,"Eltek Ltd","Electronics - Misc Components",8.24,+5.51%,1,Sell,"88% Sell",-9.94,-17.02%,8.67,8.62,8.69,8.2,49.35,-35.73,-17.49,12886,Average,Average,25.13%,0.44,7.51,8.88,53%
ULH,"Universal Logis Holdings","Transportation - Services",19.01,+2.92%,6,Buy,"40% Buy",-10.06,-24.38%,17.11,16.86,17.43,19.1,54.92,-43.09,12.4,58927,Average,Weak,21.58%,1.14,18.22,19.98,45%
NVO,"Novo Nordisk A/S ADR","Large Cap Pharma",46.6,-1.92%,5,Sell,"40% Buy",-10.09,-16.99%,45.77,47.89,44.13,46.49,49.14,-35.7,-21.16,17534369,Weakest,Weak,56.93%,0.54,44.68,48.3,53%
CHNR,"China Natural Res","Mining - Misc",3.91,-2.98%,4,Buy,Hold,-10.11,-2.47%,4.02,3.92,3.94,4.07,46.39,-21.18,-3.99,263867,Bearish,,22.22%,0.1,3.88,4.27,8%
QTWO,"Q2 Holdings Inc","Internet - Software",62.13,-3.04%,4,Hold,"64% Buy",-10.16,-19.59%,53.14,58.88,52.22,64.12,48.59,-38.3,-26.65,852948,Weakening,Average,34.34%,0.61,62.16,66.08,-1%
TIPT,"Tiptree Financial Cl A","Insurance - Brokers",18.49,-0.54%,10,Buy,"100% Buy",-10.20,-20.78%,17.69,18.06,17.42,18.25,56.15,-39.49,-11.55,241377,Strongest,Average,80.24%,0.43,17.75,18.74,75%
ADT,"ADT Inc","Protection - Safety",7.46,-0.67%,1,Buy,"72% Buy",-10.21,-15.42%,7.05,7.19,7.07,7.41,53.99,-34.13,-20.31,9333054,Weakening,Weak,71.07%,0.77,7.23,7.6,63%
CC,"Chemours Company","Chemical - Diversified",15.3,-1.16%,3,Sell,"88% Sell",-10.23,+1.39%,20.03,16.88,19.79,15.5,43.22,-17.32,17.02,2868451,Strengthening,Average,38.70%,0.46,14.78,16.22,36%
ZUMZ,"Zumiez Inc","Retail - Apparel & Shoes",18.03,+1.86%,4,Sell,"100% Sell",-10.33,-2.28%,20.52,18.6,21.61,18.3,45.7,-20.99,-43.54,210965,Average,Good,41.76%,0.75,17.29,19.3,37%
LONA,"Leonabio Inc","Medical - Biomedical",7.56,-1.82%,5,Sell,"40% Sell",-10.53,+95.35%,8.58,8,8.15,7.79,44.6,76.64,-12.88,362880,Average,Weak,9.63%,0.33,7.46,8.12,16%
PHUN,"Phunware Inc","Internet - Software",2.08,-0.24%,1,Hold,"40% Buy",-10.55,-15.79%,2.08,2.1,1.98,2.09,47.88,-34.5,-0.32,141916,Weakening,Weak,41.69%,1.14,2.04,2.13,45%
JLHL,"Julong Holding Limited Cl A","Building & Construction - Misc",6.09,-1.46%,1,Sell,"88% Sell",-10.72,+43.97%,14.03,7.75,11.2,6.86,42.65,25.26,38.37,979836,Strengthening,Soft,18.48%,0.03,5.35,8.36,25%
ABG,"Asbury Automotive Group Inc","Retail - Wsale Auto & Trucks",217.26,+0.86%,1,Sell,"40% Buy",-10.90,-16.12%,205.59,215.07,206.65,211.49,54.41,-34.83,-19.32,235090,Average,Weak,80.73%,0.81,205.32,217.67,97%
AGO,"Assured Guaranty Ltd","Insurance - Multi Line",75.69,-0.17%,2,Sell,"72% Sell",-10.95,-8.85%,79.16,79.98,80.9,75.35,43.12,-27.56,-28.53,350680,Weakening,Strong,56.85%,1.15,73.95,76.75,62%
DXR,"Daxor Corp","Medical - Outpatient & Hm Care",10.27,-2.66%,4,Hold,"48% Sell",-11.03,-9.36%,10.23,10.33,10.79,10.28,48.98,-28.07,-43.12,6830,Average,Weak,64.11%,1.49,9.73,10.83,49%
LMRI,"Lumexa Imaging Holdings Inc","Medical Products",12.18,+2.35%,4,Buy,N/A,-11.09,N/A,10.24,11.55,10.92,11.87,58.96,N/A,-46.91,N/A,N/A,N/A,49.46%,0.5,11.43,12.31,85%
GXO,"Gxo Logistics Inc","Transportation - Air Freight",48.32,+2.42%,1,Sell,"88% Sell",-11.16,-5.96%,50.48,49.68,52.7,47.19,51.42,-24.67,-20.96,1311356,Weakening,Average,59.59%,0.79,45.42,48.95,82%
KBDC,"Kayne Anderson Bdc Inc","Finance - SBIC & Commercial",13.45,-0.07%,3,Sell,"100% Sell",-11.26,-11.34%,14.06,13.6,14.01,13.5,46.48,-30.05,-18.83,340469,Strongest,Strong,46.91%,1.15,13.18,13.83,42%
REXR,"Rexford Industrial Realty Inc","REIT - Equity Trust Other",36.79,-0.59%,3,Buy,"24% Buy",-11.26,-12.57%,35.84,36.44,35.86,36.89,48.89,-31.28,-17.73,2502430,Weakest,Minimum,43.95%,0.71,35.91,37.87,45%
KNSL,"Kinsale Capital Group Inc","Insurance - Proprty & Casualty",373.17,-2.56%,9,Buy,"72% Buy",-11.31,-18.82%,338.22,360.47,347.57,378.46,50.47,-37.53,-17.34,272254,Average,Average,31.05%,0.47,364.95,391.98,30%
BXSL,"Blackstone Secured Lending Fund","Finance - SBIC & Commercial",24.72,+0.20%,8,Buy,"24% Buy",-11.39,-16.20%,23.96,23.99,24.02,24.67,55.57,-34.91,-18.86,2096038,Average,Weak,48.11%,0.62,24.21,25.12,56%
VATE,"Innovate Corp","Conglomerates - Div Operations",7.44,-0.27%,3,Sell,"72% Sell",-11.80,+34.30%,11.83,9.42,9.72,7.59,43.31,15.59,51.85,149346,Average,Weak,35.55%,0.11,7.14,8.03,33%
LBTYA,"Liberty Global Ltd Ord A","Diversified Comm Services",10.62,-0.38%,3,Sell,"88% Sell",-11.86,-10.83%,11.27,10.63,11.56,10.57,49.72,-29.54,-17.42,2296925,Strengthening,Good,61.35%,0.92,10.21,10.92,58%
BBOT,"Bridgebio Oncology Therapeutics Inc","Medical - Biomedical",8.98,+0.90%,6,Hold,Hold,-11.94,-10.91%,8.52,8.73,8.95,9.1,51.06,-29.62,-41.02,323625,Falling,,37.47%,0.38,8.67,9.54,36%
FCN,"Fti Consulting",Consulting,151.7,-1.08%,1,Sell,"100% Sell",-12.04,-9.95%,158.42,155.5,162.11,152.39,46.34,-28.66,-23.95,412716,Average,Strong,32.77%,0.71,149.23,155.54,39%
ATAT,"Atour Lifestyle Holdings ADR","Leisure & Recreation Services",34.36,-0.75%,5,Buy,"40% Sell",-12.05,-11.67%,34.76,33.68,35.58,34.82,48.71,-30.38,-25.54,1127610,Average,Weak,31.84%,0.31,33.22,36.43,36%
DORM,"Dorman Products Inc","Auto - Truck Replacement Parts",131.3,+1.26%,1,Hold,"48% Buy",-12.14,-19.21%,127.44,135.1,123,131.38,48.74,-37.92,-6.17,248585,Weakening,Soft,43.74%,0.59,126.71,136.05,49%
AUNA,"Auna Sa Cl A","Medical Services",5.28,-2.04%,7,Buy,"96% Buy",-12.25,-16.98%,5.05,5.19,5.13,5.27,52.49,-35.69,-5.43,308255,Strengthening,Weak,66.99%,0.48,5.1,5.44,53%
ARES,"Ares Management LP","Finance - Investment Mgmt",140.15,-0.97%,2,Buy,"56% Buy",-12.39,-22.16%,127.19,131.04,123.15,141.73,53.04,-40.87,-26.04,3179608,Average,Weak,34.22%,0.47,136.82,146.63,34%
AKA,"A.K.A. Brands Holding Corp","Retail - Apparel & Shoes",10.96,-1.79%,1,Sell,"40% Buy",-12.45,+0.83%,10.46,10.89,10.44,10.74,53.67,-17.88,-10.32,5173,Average,Weak,56.26%,0.6,10.31,11.17,75%
MSDL,"MS Direct Lending Fund","Finance - SBIC & Commercial",15.25,+0.33%,4,Sell,"24% Sell",-12.49,-15.18%,15.29,15.3,15.15,15.32,48.63,-33.89,-20.21,694193,Weakest,Minimum,29.16%,0.42,15.14,15.51,30%
CXT,"Crane Nxt CO","Technology Services",50.06,+0.14%,2,Sell,"24% Buy",-12.53,-18.89%,46.67,51.11,46.7,50.14,48.83,-37.6,-6.4,747195,Weakening,Weak,61.76%,0.45,48.07,52.21,48%
LGCY,"Legacy Education Inc",Schools,10.52,-2.14%,1,Sell,"88% Sell",-12.54,-15.84%,11.47,11.38,11.86,10.69,40.29,-34.55,-9.51,54011,Strongest,Average,40.20%,0.1,10.23,11.15,32%
SOHU,"Sohu.com Inc ADR","Internet - Services",13.75,-0.72%,4,Hold,"48% Sell",-12.56,-11.69%,13.93,13.52,14.62,14.19,45.94,-30.4,-24.83,48611,Weakening,Soft,24.14%,1.44,13.65,14.73,9%
GNLX,"Genelux Corp","Medical - Biomedical",2.44,-3.17%,2,Sell,"88% Sell",-12.76,-29.89%,2.84,2.81,2.76,2.67,36.01,-48.6,-56.79,222764,Strongest,Soft,8.83%,1.08,2.48,2.85,-11%
UHS,"Universal Health Services","Medical - Hospitals",169.65,+0.26%,6,Buy,"8% Sell",-12.79,-8.63%,161.63,163.29,174.67,172.19,50.67,-27.34,-34.94,842241,Weakest,Weak,15.47%,0.52,166.46,177.91,28%
NOMD,"Nomad Foods Ltd","Food - Misc & Diversified",11.64,+1.22%,3,Buy,"56% Buy",-13.03,-22.09%,10.8,11.69,10.85,11.72,48.58,-40.8,-19.7,1647306,Average,Soft,18.73%,0.67,11.24,12.2,42%
LYEL,"Lyell Immunopharma Inc","Medical - Drugs",14.37,+0.35%,4,Buy,"56% Sell",-13.12,+22.61%,15.84,14.05,18.11,14.69,49.27,3.9,-66.06,123024,Weakening,Soft,30.34%,0.29,13.43,15.94,37%
AMRN,"Amarin Corp ADR","Medical - Biomedical",13.63,-0.58%,3,Sell,"100% Sell",-13.28,-9.31%,14.56,14.38,14.65,14.01,38.66,-28.02,-15.08,79543,Strongest,Average,4.78%,1.11,13.62,14.4,1%
WLDN,"Willdan Group Inc","Business Services",85.78,-1.48%,4,Buy,"8% Sell",-13.45,-16.83%,82.7,78.94,86.27,85.64,55.8,-35.54,-30.,314987,Weakest,Minimum,67.77%,0.57,82.43,88.85,52%
CE,"Celanese Corp","Chemical - Specialty",44.67,-1.17%,6,Sell,"88% Sell",-13.60,-3.79%,51.53,45.66,53.35,45.14,47.03,-22.5,-7.1,2109026,Strengthening,Average,40.86%,0.68,43.3,46.97,37%
ACFN,"Acorn Energy Inc","Electronics Products - Misc",19.03,+1.44%,3,Hold,"80% Buy",-13.67,-32.08%,18.11,18.9,18.27,19.35,48.12,-50.79,13.28,30085,Average,Weak,37.39%,2.68,17.69,21.02,40%
ALKT,"Alkami Technology Inc","Internet - Software",19.69,-1.99%,6,Buy,"72% Buy",-13.73,-21.30%,17.67,18.84,17.37,20.13,50.94,-40.01,-27.4,1670796,Average,Average,44.93%,0.47,19.48,20.79,16%
LBTYK,"Liberty Global Ltd Ord C","Broadcast - Radio & TV",10.43,+0.29%,4,Sell,"72% Sell",-13.96,-14.09%,10.95,10.34,11.25,10.31,52.13,-32.8,-18.28,1216000,Weakest,Strong,67.72%,0.69,9.99,10.64,68%
TSQ,"Townsquare Media Llc","Broadcast - Radio & TV",5.62,-1.58%,3,Sell,"72% Sell",-13.98,-21.51%,6.38,6.22,6.4,5.75,39.55,-40.22,-3.41,112752,Strongest,Average,16.86%,0.6,5.54,5.95,19%
CYH,"Community Health Systems","Medical - Hospitals",2.89,-0.69%,5,Sell,"72% Sell",-14.00,+1.76%,3,3.1,3.07,2.94,43.78,-16.95,-20.12,1666146,Strengthening,Soft,23.81%,0.59,2.86,3.03,20%
KMB,"Kimberly-Clark Corp","Consumer Prdts - Misc Staple",104.96,-2.77%,2,Sell,"40% Buy",-14.03,-18.74%,104.32,109.73,103.68,108.98,39.45,-37.45,-8.72,4902817,Weakest,Weak,22.55%,1.11,105.99,111.97,-17%
LXEO,"Lexeo Therapeutics Inc","Medical - Drugs",4.89,+1.03%,7,Buy,"56% Sell",-14.07,-1.61%,5.03,4.74,5.51,4.91,51.96,-20.32,-63.51,991181,Weakest,Weak,32.43%,0.33,4.59,5.23,47%
CULP,"Culp Inc","Textile - Home Furnishings",3.43,+1.78%,2,Sell,"48% Buy",-14.25,-20.47%,3.3,3.43,3.24,3.38,52.02,-39.18,-16.4,31272,Average,Weak,43.34%,0.92,3.25,3.51,68%
STEP,"Stepstone Group Inc Cl A","Finance - Misc Services",50.92,+0.02%,5,Buy,"8% Buy",-14.39,-17.40%,48.19,46.06,48.83,49.76,56.96,-36.11,-33.4,1164385,Weakening,Minimum,65.07%,0.45,47.07,52.44,72%
KREF,"KKR Real Estate Finance Trust Inc","REIT - Mortgage Trusts",7.65,+1.19%,4,Buy,"88% Buy",-14.46,-21.54%,7.02,7.38,6.94,7.57,55.58,-40.25,-19.68,1164343,Strongest,Average,67.35%,0.33,7.36,7.77,70%
GLAD,"Gladstone Cap Corp","Finance - SBIC & Commercial",20.1,-0.05%,6,Buy,"88% Buy",-14.51,-23.31%,19.33,19.56,18.97,19.81,59.07,-42.02,-15.46,191893,Strengthening,Soft,75.00%,0.76,19.39,20.22,85%
ANGH,"Anghami Inc","Broadcast - Radio & TV",3.52,-4.86%,5,Hold,"32% Buy",-14.56,+7.32%,3.72,3.44,3.47,3.49,51,-11.39,-19.38,264955,Weakest,Minimum,61.74%,3.44,3.2,3.79,54%
TARA,"Artara Therapeutics Inc","Medical - Drugs",3.94,-0.76%,2,Sell,"88% Sell",-14.59,+24.29%,4.37,4.01,4.85,3.93,48.76,5.58,-38.83,828818,Weakening,Average,58.75%,0.4,3.81,4.06,53%
EQ,"Equillium Inc","Medical - Biomedical",2.21,-0.45%,4,Sell,"8% Sell",-14.75,+26.29%,2.46,2.48,2.26,2.27,44.85,7.58,29.83,632678,Weakening,Minimum,27.22%,0.33,2.06,2.48,35%
PLUG,"Plug Power Inc","Electronics Products - Misc",2.17,+2.84%,5,Sell,"88% Sell",-14.78,+50.69%,2.75,2.24,2.56,2.2,47.98,31.98,-2.6,79604570,Average,Average,22.17%,0.81,2.06,2.35,38%
LADR,"Ladder Capital Corp","REIT - Mortgage Trusts",9.83,+0.10%,6,Hold,"80% Sell",-15.02,-16.41%,10.02,9.84,10.08,9.88,49.19,-35.12,-23.31,886130,Weakest,Average,26.52%,0.65,9.66,10.11,38%
CXDO,"Crexendo Inc","Internet - Services",6.01,+1.52%,1,Sell,"88% Sell",-15.49,-7.40%,7.55,6.96,7.14,6.32,36.98,-26.11,-19.86,349402,Average,Average,13.49%,0.86,5.87,6.77,16%
PPHC,"Public Policy Holding Company Inc","Conglomerates - Div Operations",10.65,-5.25%,3,Buy,N/A,-15.83,N/A,10.74,9.8,11.42,10.78,50.1,N/A,N/A,N/A,N/A,N/A,67.81%,1.11,9.94,11.62,42%
CRVS,"Corvus Pharma Com","Medical - Biomedical",14.39,-1.77%,6,Buy,"40% Buy",-15.98,+151.13%,14.04,14.41,14.89,14.56,50.59,132.42,74.13,1940971,Average,Minimum,34.99%,0.64,13.75,15.38,39%
TBCH,"Turtle Beach Corp","Computers - Peripheral Equpt",12.48,-0.32%,2,Hold,"16% Buy",-16.00,-18.75%,12.37,12.67,12.16,12.59,48.41,-37.46,-23.8,296417,Weakest,Minimum,41.96%,1.27,12.07,13.1,40%
RPT,"Rithm Property Trust Inc","REIT - Equity Trust Resident",12.94,+0.94%,6,Hold,"48% Sell",-16.34,-17.05%,13.7,12.87,13.9,12.93,52.2,-35.76,-34.7,51519,Weakest,Good,49.91%,0.14,12.41,13.45,51%
AFRM,"Affirm Holdings Inc Cl A","Internet - Software",72.35,-2.62%,2,Sell,"40% Buy",-16.81,-19.31%,72.21,77.09,64.8,75.57,44.5,-38.02,-15.54,5286144,Weakest,Soft,20.46%,0.89,71.2,79.95,13%
LAZ,"Lazard Inc","Finance - Misc Services",45,+1.51%,6,Buy,"24% Sell",-16.97,-20.80%,44.65,43.02,45.39,43.76,56.48,-39.51,-20.08,1513835,Weakest,Weak,52.11%,0.52,42.05,45.47,86%
FBIO,"Fortress Biotech Inc","Medical - Biomedical",2.72,+0.37%,2,Sell,"56% Sell",-17.08,-4.23%,2.81,3.02,2.9,2.8,42.7,-22.94,-38.43,657083,Weakening,Weak,24.28%,0.28,2.61,2.98,29%
BBWI,"Bath & Body Works Inc","Retail - Misc & Diversified",19.51,+2.85%,1,Sell,"40% Sell",-17.14,-38.78%,19.55,20.07,19.98,19.02,51.4,-57.49,-15.59,6373736,Weakest,Weak,46.79%,1.11,17.9,20.14,72%
GEG,"Great Elm Group Inc","Conglomerates - Div Operations",2.22,+0.91%,1,Buy,"16% Buy",-17.23,-26.00%,2.19,2.18,2.13,2.17,56.94,-44.71,-25.69,25757,Weakening,Minimum,62.96%,0.48,2.12,2.21,106%
RYAN,"Ryan Specialty Holdings","Insurance - Brokers",41.91,-1.02%,2,Hold,"48% Buy",-17.29,-23.76%,37.91,42.26,38.01,42.68,46.05,-42.47,-31.58,2089288,Weakest,Weak,29.35%,0.55,41.08,44.28,26%
CATX,"Perspective Therapeutics Inc","Medical - Drugs",3.13,+0.32%,7,Buy,"72% Sell",-17.39,-11.58%,3.42,3.14,3.89,3.18,49.25,-30.29,1.07,2104184,Weakest,Soft,17.13%,0.91,2.99,3.38,36%
GTN,"Gray Media Inc","Broadcast - Radio & TV",4.95,-0.60%,3,Buy,"40% Buy",-17.40,-18.99%,4.49,4.41,4.61,4.93,56.43,-37.7,-10.48,1308396,Weakening,Weak,49.08%,0.45,4.71,5.14,56%
STFS,"Star Fashion Culture Holdings Limited Cl A","Advertising Marketing Services",4.2,-1.41%,4,Sell,"56% Sell",-17.46,-16.07%,7.59,7.45,6.41,4.21,41.44,-34.78,-8.06,291587,Weakening,Weak,17.82%,0.01,3.82,4.6,48%
RXRX,"Recursion Pharmaceuticals Inc Cl A","Medical - Biomedical",3.63,+5.52%,8,Buy,"16% Buy",-17.52,-19.69%,3.32,3.33,3.37,3.36,59.67,-38.4,-24.,18850217,Average,Minimum,76.36%,1.48,3.08,3.64,99%
WTF,"Waton Financial Limited","Finance - Misc Services",2.73,-2.15%,3,Sell,"100% Sell",-17.55,-36.95%,3.14,2.85,3.36,2.83,45.86,-55.66,-30.02,65388,Strengthening,Average,42.03%,0.18,2.62,3.05,26%
ADV,"Advantage Solutions Inc","Consumer Prdts - Misc Discr",31.45,-1.47%,1,Sell,"8% Sell",-17.55,-27.70%,36.57,36.36,30.73,32.65,42.29,-46.41,30.2,81546,Weakening,Minimum,28.48%,0.46,29.99,35.3,27%
TRTX,"Tpg Re Finance Trust Inc","Real Estate Operations",7.89,+0.51%,2,Sell,"88% Sell",-17.60,-17.03%,8.3,8.18,8.3,7.85,46.98,-35.74,-21.11,727813,Average,Good,45.82%,0.61,7.66,8.05,59%
BRO,"Brown & Brown","Insurance - Brokers",71.42,-1.57%,7,Buy,"72% Buy",-17.62,-25.21%,64.94,70.03,66.18,71.83,50.58,-43.92,-23.14,2941461,Weakening,Soft,52.34%,0.59,69.26,74.4,42%
LMND,"Lemonade Inc","Insurance - Multi Line",53.41,-3.03%,6,Sell,"72% Sell",-17.71,+5.35%,58.46,58.77,59.44,52.61,48,-13.36,-37.71,1960309,Weakest,Soft,65.07%,0.51,49.89,55.33,65%
INKT,"Mink Therapeutics Inc","Medical - Biomedical",11.64,+3.65%,6,Buy,"40% Buy",-18.36,-15.35%,11.42,11.17,11.22,11.42,53.58,-34.06,-8.36,107758,Average,Weak,40.85%,0.54,10.73,12.1,66%
ONEW,"Onewater Marine Inc Cl A","Leisure & Recreational Prdcts",12.7,+7.35%,4,Buy,"88% Buy",-18.43,-22.13%,11.46,12.06,11.23,11.95,60.33,-40.84,4.63,145482,Strongest,Average,71.26%,1.43,11.22,12.68,101%
JL,"J-Long Group Limited","Textile - Apparel",4.85,+0.83%,4,Sell,"72% Sell",-18.71,-15.87%,5.89,5.41,5.62,4.78,43.82,-34.58,-33.45,37320,Average,Average,68.79%,2.87,4.32,5.25,57%
JYNT,"The Joint Corp","Medical - HMO",8.32,+0.48%,4,Sell,"100% Sell",-18.83,-21.95%,8.71,8.57,8.75,8.43,45.29,-40.66,-17.34,85338,Strengthening,Soft,24.29%,0.5,8.18,8.67,28%
PUSA,"Aureus Greenway Holdings Inc","Leisure & Recreation Services",3.7,-1.86%,7,Buy,"40% Sell",-18.87,+15.63%,3.93,3.54,4.01,3.66,52.33,-3.08,4.71,848323,Weakening,Weak,60.40%,1.1,3.31,4.01,56%
PBH,"Prestige Brand Holdings","Medical Products",52.26,-0.57%,2,Buy,"8% Sell",-18.88,-21.71%,50.75,50.74,54.98,51.85,53.02,-40.42,-28.04,537141,Weakening,Weak,66.23%,0.63,50.1,53.61,62%
JBS,"Jbs N.V. Cl A","Food - Misc & Diversified",13.03,-0.84%,3,Hold,"64% Sell",-18.93,-17.84%,13.58,13,14.49,13.51,42.85,-36.55,-22.39,5608725,Average,Average,18.00%,0.79,12.96,14.06,7%
RDY,"Dr. Reddy's Laboratories Ltd ADR","Medical - Generic Drugs",11.97,-0.50%,4,Sell,"100% Sell",-19.24,-15.41%,13.03,12.61,13.35,12.2,38.48,-34.12,-27.49,2211310,Strongest,Strong,27.86%,0.83,11.95,12.44,3%
NCDL,"Nuveen Churchill Direct Lending Corp","Finance - SBIC & Commercial",12.52,-0.40%,2,Sell,"88% Sell",-19.28,-21.80%,12.94,12.53,13.09,12.43,51.86,-40.51,-18.9,235668,Strengthening,Average,60.22%,0.97,12.18,12.67,69%
DSGX,"Descartes Sys Group","Computer - Software",78.94,-2.24%,6,Buy,"72% Buy",-19.38,-25.68%,73.63,75.18,72.01,78.52,53.34,-44.39,-22.7,589385,Average,Soft,60.56%,1.07,74.98,82.05,56%
RGP,"Resources Connection Inc",Staffing,4.03,-4.83%,1,Sell,"48% Sell",-19.49,-20.41%,4.32,4.34,4.14,4.25,41.66,-39.12,-32.69,416406,Average,Weak,41.17%,0.49,4.06,4.43,-6%
ERIE,"Erie Indemnity Company","Insurance - Brokers",252.8,-2.16%,7,Buy,"40% Buy",-19.51,-24.86%,235.48,246.49,243.81,258.16,49.41,-43.57,-24.56,230686,Weakest,Weak,34.49%,0.57,248.57,267.75,22%
GIB,"CGI Group","Computer - Services",73.65,-1.59%,4,Buy,"8% Buy",-19.52,-22.71%,69.22,70.79,70.9,74.2,51.66,-41.42,-32.96,453867,Weakest,Minimum,41.75%,1.15,72.53,75.87,34%
UPBD,"Upbound Group Inc","Finance - Leasing Companies",18.98,+1.66%,1,Sell,"40% Sell",-19.59,-24.95%,19.38,20.12,19.39,19.09,46.3,-43.66,-4.66,864482,Weakening,Weak,48.25%,0.8,18.32,19.85,43%
MAT,"Mattel Inc","Toys & Game & Hobby",14.53,+1.61%,1,Hold,"48% Sell",-19.69,-22.09%,14.56,14.43,15.19,14.78,47.22,-40.8,-39.51,4587580,Weakest,Soft,19.62%,0.84,14.25,15.3,26%
OTIS,"Otis Worldwide Corp","Machinery - General Industrial",71.21,-0.38%,2,Sell,"100% Sell",-19.98,-17.68%,73.15,72.35,77.2,71.81,46.23,-36.39,-31.23,3558582,Strengthening,Good,37.60%,0.85,69.95,73.67,34%
COTY,"Coty Inc","Cosmetics & Toiletries",2.93,0.00%,2,Buy,"88% Buy",-20.29,-33.11%,2.39,2.62,2.39,2.81,59.29,-51.82,-17.62,9038479,Strongest,Average,70.69%,0.47,2.63,2.99,83%
COYA,"Coya Therapeutics Inc","Medical - Biomedical",4.76,+4.62%,8,Sell,"8% Sell",-20.83,-25.39%,4.72,4.81,4.66,4.75,52,-44.1,-30.68,185764,Weakest,Minimum,23.00%,0.41,4.42,5.08,51%
WU,"Western Union Company","Financial Transaction Services",7.18,-0.97%,2,Sell,"100% Sell",-20.83,-17.66%,7.97,7.6,8.44,7.23,45.05,-36.37,-35.63,8893059,Strengthening,Strong,50.84%,0.62,7,7.47,39%
ADNT,"Adient Plc","Auto - Truck Original Parts",20.01,+2.25%,1,Sell,"72% Sell",-20.93,-18.16%,20.68,19.67,21.23,19.31,53.81,-36.87,-8.37,1032436,Weakening,Average,61.37%,0.64,18.16,20.45,81%
VFS,"Vinfast Auto Ltd","Auto - Domestic",3.08,0.00%,1,Buy,"56% Sell",-20.96,-7.51%,3.42,3.11,3.4,3.12,46.4,-26.22,-20.53,519433,Average,Average,16.69%,0.51,3.06,3.18,19%
LFWD,"Lifeward Ltd","Medical Services",6.98,-1.69%,6,Sell,"8% Sell",-21.01,+4.52%,7.28,7.52,7.01,7.41,39.74,-14.19,-11.87,21397,Weakening,Minimum,13.16%,0.7,6.98,7.85,0%
PWP,"Perella Weinberg Partners","Finance - Misc Services",16.8,-0.77%,7,Buy,"56% Sell",-21.21,-24.20%,17.3,16.34,17.93,16.81,51.62,-42.91,-15.64,1053386,Weakening,Average,50.82%,0.71,15.83,17.79,50%
MPT,"Medical Properties Trust Inc","REIT - Equity Trust Other",4.01,-0.74%,3,Sell,"100% Sell",-21.44,-9.89%,4.72,4.43,4.86,4.08,38.03,-28.6,-32.55,6453705,Strongest,Maximum,45.68%,1.05,3.96,4.2,22%
SNAP,"Snap Inc","Internet - Software",5.47,-4.04%,4,Buy,"8% Buy",-21.53,-22.85%,5.32,5,5.19,5.4,53.24,-41.56,-44.97,45433715,Weakest,Minimum,55.88%,0.53,5.02,5.79,59%
JBTM,"Jbt Marel Corporation","Technology Services",117.72,+0.07%,1,Sell,"88% Sell",-21.55,-16.93%,129.27,129.6,134.55,117.82,41.87,-35.64,-34.62,543534,Average,Strong,50.94%,0.75,113.8,121.83,49%
MDBH,"Mdb Capital Holdings Cl A","Finance - Misc Services",2.93,-0.68%,2,Sell,"88% Sell",-21.55,-15.87%,3.28,3.07,3.22,3,45.45,-34.58,-22.46,7100,Strengthening,Good,31.92%,2.33,2.82,3.18,31%
PSBD,"Palmer Square Capital Bdc Inc","Finance - SBIC & Commercial",10.35,-0.10%,3,Buy,"40% Sell",-21.72,-25.22%,10.48,10.18,10.57,10.34,53.9,-43.93,-27.84,112507,Weakest,Weak,61.00%,0.41,10.19,10.49,53%
KBR,"KBR Inc","Engineering & R&D Services",36.82,-1.26%,4,Buy,"8% Sell",-21.84,-24.77%,35.58,36.68,36.85,37.76,46.2,-43.48,-21.16,1559683,Weakest,Minimum,26.41%,0.66,36.8,38.71,1%
LMAT,"Lemaitre Vascular","Medical Products",80.67,+0.22%,1,Sell,"88% Sell",-21.90,-16.90%,96.47,91.74,98.51,81.27,38.93,-35.61,-13.28,265427,Strengthening,Strong,44.24%,0.45,78.83,83.72,38%
NGVC,"Natural Grocers By Vitamin Cottage Inc","Food Items - Wholesale",27.93,+2.53%,1,Sell,"8% Sell",-21.91,-28.84%,29.62,30.24,28.41,27.57,45.82,-47.55,-1.25,179726,Weakest,Minimum,27.09%,0.73,26.68,28.47,70%
BV,"Brightview Holdings Inc","Agriculture Products",11.36,+0.26%,7,Sell,"40% Sell",-21.94,-21.28%,12.69,12.8,12.68,11.29,43.16,-39.99,-23.09,747940,Weakest,Average,41.58%,0.57,10.89,11.7,58%
PAX,"Patria Investments Ltd Cl A","Finance - Investment Mgmt",11.14,-1.50%,5,Buy,"72% Sell",-22.03,-19.57%,11.54,11.19,11.93,11.39,45.05,-38.28,-42.64,907221,Average,Average,40.40%,0.64,11.04,11.74,15%
EARN,"Ellington Credit Company","REIT - Mortgage Trusts",4.36,-0.46%,10,Sell,"96% Sell",-22.16,-23.24%,4.55,4.4,4.63,4.4,46.14,-41.95,-30.02,418996,Strengthening,Good,40.00%,0.81,4.32,4.49,25%
OZ,"Belpointe Prep Llc Cl A Units","Real Estate Developers",48.18,-0.04%,1,Buy,"8% Sell",-22.21,-25.01%,47.63,46.44,49.09,47.83,57.24,-43.72,-38.66,13144,Weakening,Weak,61.60%,0.33,46.92,48.74,69%
CCI,"Crown Castle","REIT - Equity Trust Other",75.83,-1.85%,2,Sell,"88% Sell",-22.29,-20.56%,82.61,76.41,83.61,75.34,48.87,-39.27,-27.42,3477243,Average,Strong,61.41%,0.66,73.39,77.29,63%
LKQ,"LKQ Corp","Auto - Truck Replacement Parts",25.54,+1.15%,7,Sell,"56% Sell",-22.33,-20.93%,26.41,25.28,28.04,25.29,53.14,-39.64,-28.18,3257276,Weakest,Average,39.37%,0.73,24.45,26.14,65%
CLB,"Core Laboratories Inc","Oil - Field Services",12.54,+0.08%,8,Buy,"40% Sell",-22.62,+0.48%,12.85,11.66,14.31,12.38,58.86,-18.23,-34.52,549901,Weakest,Average,71.23%,0.39,12.02,12.74,72%
CCM,"Concord Medical Services ADR","Medical - Nursing Homes",4.68,+5.05%,3,Buy,"72% Buy",-22.75,-10.60%,4.65,4.64,4.39,4.78,49.25,-29.31,8.49,33844,Strengthening,Weak,16.89%,0.13,4.28,5.29,40%
FSV,"Firstsrvce Sub VT Sh","Real Estate Operations",144.11,+0.84%,2,Sell,"8% Sell",-22.78,-28.70%,140.18,142.74,142.93,142.18,54.32,-47.41,-20.09,216888,Weakening,Minimum,48.99%,0.68,138.11,146.25,74%
LOAN,"Manhattan Bridge","Finance - Consumer Loans",4.08,-0.49%,1,Sell,"100% Sell",-22.98,-24.16%,4.27,4.2,4.32,4.09,47.39,-42.87,-25.01,30482,Strengthening,Average,51.11%,0.57,4,4.17,47%
DPZ,"Domino's Pizza Inc","Retail - Restaurants",341.08,-1.71%,1,Buy,"8% Sell",-23.23,-26.27%,328.64,333.69,347.5,344.16,49.33,-44.98,-30.92,868567,Weakest,Weak,64.31%,0.7,330.69,357.63,39%
NVR,"NVR Inc","Building - Residential & Comm",6298.8501,-1.18%,3,Sell,"72% Sell",-23.45,-25.08%,6337.69,6416.59,6586.99,6343.78,47.2,-43.79,-26.38,27683,Strengthening,Soft,37.48%,0.92,6236.86,6450.71,29%
DAIO,"Data I O Corp","Electronics - Misc Components",2.84,0.00%,4,Sell,"56% Sell",-23.47,-10.41%,3.21,3.18,3.04,2.95,39.7,-29.12,-23.16,47038,Weakening,Weak,9.94%,0.37,2.73,3.16,25%
RPC,"Ridgepost Capital Inc","Finance - Misc Services",8.5,-0.70%,1,Hold,"16% Buy",-23.53,-30.33%,8.29,8.46,8.23,8.66,47.27,-49.04,-26.1,591862,Weakening,Minimum,26.55%,1.01,8.34,8.98,25%
ATLX,"Atlas Lithium Corp","Mining - Misc",3.33,+1.22%,11,Buy,"40% Sell",-23.81,-34.71%,3.83,3.16,4.13,3.22,56.13,-53.42,-34.03,539001,Weakest,Good,62.82%,0.43,3.02,3.42,78%
WLTH,"Wealthfront Corp","Mining - Gold",9.58,+2.68%,1,Sell,N/A,-23.83,N/A,9.94,9.3,9.52,9.27,56.35,N/A,-42.26,N/A,N/A,N/A,67.78%,1.16,8.87,9.67,89%
DSWL,"Deswell Inds Inc","Electronics - Misc Components",3.1,+0.65%,2,Sell,"100% Sell",-23.84,-26.54%,3.36,3.34,3.36,3.11,45.92,-45.25,-23.15,11915,Strengthening,Good,61.79%,0.26,2.95,3.28,46%
MPAA,"Motorcar Parts Amer","Auto - Truck Replacement Parts",12.08,+2.46%,1,Sell,"8% Sell",-24.04,-18.76%,12.66,13.23,12.06,11.87,46.59,-37.47,-14.86,121596,Weakest,Minimum,41.10%,0.34,11.2,12.54,66%
AI,"C3.Ai Inc Cl A","IT Services",10.46,-4.04%,7,Buy,"24% Buy",-24.13,-32.34%,9.62,9.54,9.53,10.26,55.03,-51.05,-35.15,6058629,Weakening,Minimum,74.00%,1.33,9.59,10.94,65%
KAZR,"Skyline Builders Group Holding Limited Cl A","Engineering & R&D Services",2.11,+0.48%,4,Sell,"96% Sell",-24.26,+62.31%,2.82,2.3,2.91,2.11,47.71,43.6,-40.98,200790,Average,Average,63.16%,0.69,1.88,2.35,49%
EVAX,"Evaxion A/S ADR","Medical Information Systems",3.12,+1.30%,7,Hold,"64% Sell",-24.30,+15.77%,3.53,3.1,3.54,3.16,49.77,-2.94,-47.34,99549,Weakest,Soft,32.10%,0.16,2.91,3.4,42%
SLRC,"Slr Investment Corp","Finance - SBIC & Commercial",12.57,-0.48%,3,Sell,"100% Sell",-24.34,-24.69%,13.3,12.79,13.76,12.7,45.01,-43.4,-31.44,361612,Strongest,Strong,45.81%,0.44,12.39,13.01,29%
DEI,"Douglas Emmett","REIT - Equity Trust Other",11.42,+1.24%,5,Sell,"8% Buy",-24.51,-31.08%,11.73,11.93,11.12,11.68,41.87,-49.79,-8.84,2311025,Weakest,Minimum,11.90%,0.49,11.22,12.14,22%
TMUS,"T-Mobile US","Wireless National",181.52,-3.46%,10,Buy,"56% Sell",-25.14,-28.00%,185.08,181.42,193.2,181.59,49.57,-46.71,-23.35,5545929,Weakening,Soft,72.93%,0.94,176.18,187,49%
KWY,"Kingsway Corporation","Insurance - Proprty & Casualty",10.32,+2.38%,6,Buy,"24% Sell",-25.18,-27.58%,10.27,9.81,10.71,10.09,56.96,-46.29,-36.02,73911,Weakest,Weak,41.44%,0.37,9.6,10.58,73%
DPU,"Top Kingwin Ltd Cl A","Finance - Misc Services",2.07,-2.36%,6,Hold,"40% Sell",-25.27,-34.29%,2.07,2.08,2.16,2.2,46.54,-53.,-15.57,76603,Weakest,Minimum,30.30%,0.03,1.97,2.42,22%
GLIBA,"Gci Liberty Inc Series A Gci","Wireless National",26.62,-0.19%,8,Buy,"8% Sell",-25.31,-27.90%,25.74,24.31,29.74,26.39,60.84,-46.61,-40.55,64935,Weakest,Weak,51.84%,0.57,25.36,27.42,61%
PHAT,"Phathom Pharmaceuticals Inc","Medical - Biomedical",9.5,+4.97%,6,Sell,"88% Sell",-25.48,-20.83%,10.7,10.05,11.02,9.07,51.88,-39.54,-55.49,1181054,Weakest,Average,64.68%,0.9,8.41,9.73,82%
MFIC,"Midcap Financial Investment Corp","Finance - Misc Services",9.62,+0.21%,5,Sell,"100% Sell",-25.55,-26.45%,10.34,9.75,10.55,9.71,45.79,-45.16,-28.66,778948,Strengthening,Strong,17.27%,0.86,9.56,9.85,20%
GLIBK,"Gci Liberty Inc Series C Gci","Wireline National",26.27,+0.38%,6,Buy,"8% Sell",-25.55,-27.47%,25.43,23.89,29.52,25.95,62.05,-46.18,-42.15,610231,Weakest,Weak,63.99%,0.36,25.08,26.82,68%
PMT,"Pennymac Mortgage Investment Trust","REIT - Mortgage Trusts",9.64,+0.10%,3,Sell,"88% Sell",-25.62,-23.31%,10.33,9.8,10.87,9.42,54.59,-42.02,-35.94,1233306,Weakening,Strong,70.41%,0.55,9.18,9.66,95%
BZUN,"Baozun Inc ADR","IT Services",2.87,+2.87%,3,Hold,"96% Buy",-25.64,-25.65%,2.76,2.81,2.67,2.85,51.89,-44.36,-4.86,277060,Strengthening,Soft,18.08%,0.71,2.7,3,58%
OTEX,"Open Text Corp","Computer - Software",23.95,-3.62%,2,Hold,"16% Buy",-25.88,-28.44%,23.39,23.93,23.44,24.43,46.97,-47.15,-39.24,1921735,Weakening,Minimum,28.97%,1.09,23.55,25.32,23%
CSBR,"Champions Oncolog","Medical - Drugs",5.22,-1.14%,3,Sell,"88% Sell",-26.14,-24.51%,5.77,5.51,5.85,5.04,50.49,-43.22,-37.21,9736,Average,Strong,60.93%,1.2,4.84,5.25,94%
WSO,"Watsco Inc","Machinery - General Industrial",315.13,-0.08%,1,Sell,"88% Sell",-26.14,-21.88%,374.64,346.35,380.98,313.34,44.56,-40.59,-19.23,442660,Average,Strong,61.81%,0.58,303.83,322.84,59%
TLK,"P.T. Telekomunikasi Indonesia Tbk ADR","Diversified Comm Services",14.85,+0.27%,3,Buy,"40% Sell",-26.40,-22.82%,15.49,14.53,16.86,14.77,52.62,-41.53,-42.2,752657,Weakest,Average,39.95%,1.12,14.44,15.1,62%
WAY,"Waystar Holding Corp","Internet - Software",25.07,-3.87%,5,Buy,"40% Buy",-26.45,-32.66%,22.14,23.5,22.87,25.06,53.5,-51.37,-36.2,2558401,Weakening,Weak,63.01%,0.32,23.78,26.33,51%
PTON,"Peloton Interactive Inc","Leisure & Recreational Prdcts",5.4,+0.37%,1,Sell,"24% Sell",-26.57,-33.50%,5.67,5.83,5.21,5.41,45.67,-52.21,-25.09,11466973,Weakest,Weak,52.76%,0.7,5.16,5.66,48%
SMSI,"Smith Micro Software","Computer - Software",2.85,-0.70%,4,Buy,"40% Sell",-26.58,-21.91%,3.29,2.75,3.25,2.92,48.11,-40.62,-7.23,78392,Weakest,Soft,23.50%,0.44,2.81,3.03,19%
SOFI,"Sofi Technologies Inc","Finance - Misc Services",18.22,-1.57%,7,Hold,"16% Buy",-26.66,-28.21%,17.43,17.88,17.68,18.24,51.18,-46.92,-43.15,64922723,Weakening,Minimum,49.32%,0.44,17.26,19.22,49%
PFLT,"Pennantpark Fltng Rt","Finance - Investment Mgmt",7.39,-0.54%,6,Buy,"56% Sell",-26.82,-28.11%,7.81,7.28,8.02,7.41,51.03,-46.82,-33.03,1094224,Weakening,Strong,58.91%,0.48,7.27,7.55,43%
BRID,"Bridgford Foods Corp","Food - Misc & Diversified",6.05,+1.51%,3,Sell,"100% Sell",-27.04,-23.67%,6.89,6.35,7.14,6.2,42.6,-42.38,-35.19,3634,Average,Maximum,36.88%,0.87,5.94,6.45,22%
FINW,"Finwise Bancorp","Banks - Southwest",13.98,-0.11%,2,Sell,"88% Sell",-27.09,-28.10%,14.3,14.02,15.06,13.95,49.96,-46.81,-34.8,22775,Weakening,Average,63.53%,0.35,13.68,14.22,57%
MSB,"Mesabi Trust","Mining - Iron",23.9,+1.70%,7,Buy,"56% Sell",-27.20,-23.98%,25.33,23.76,27.61,23.55,52.29,-42.69,-50.7,48615,Weakening,Average,54.90%,0.42,22.49,24.62,66%
GT,"Goodyear Tire Rubber","Rubber Tires",6.25,+2.29%,2,Sell,"72% Sell",-27.37,-25.77%,6.47,6.6,6.92,6.1,48.75,-44.48,-41.4,8143704,Weakening,Average,51.85%,0.51,5.84,6.36,79%
CAR,"Avis Budget Group","Transportation - Services",138.73,+0.16%,5,Sell,"88% Sell",-27.58,-11.37%,181.65,149.12,167.45,141.08,43.48,-30.08,-4.64,1275942,Average,Weak,21.94%,0.49,134.44,147.72,32%
CLFD,"Clearfield Inc","Wireless Equipment",28.65,+1.17%,1,Sell,"88% Sell",-27.99,-13.31%,34.68,31.07,33.01,28.72,45.41,-32.02,-14.47,195554,Average,Soft,46.55%,0.51,27.19,30.26,48%
YALA,"Yalla Group Ltd ADR","Internet - Software",5.48,0.00%,3,Buy,"56% Sell",-28.02,-27.89%,5.81,5.45,6.12,5.49,49.6,-46.6,-33.79,306150,Weakest,Good,53.94%,0.73,5.34,5.65,45%
PHAR,"Pharming Group N.V. ADR","Medical - Biomedical",11.23,-2.01%,6,Sell,"100% Sell",-28.24,-24.48%,13.21,12.33,14.21,11.69,43.12,-43.19,-49.2,19682,Average,Strong,20.16%,0.36,11.05,12.32,14%
OFRM,"Once Upon A Farm Pbc","Food - Misc & Diversified",17.46,-0.23%,3,Sell,N/A,-28.55,N/A,16.92,17.63,0,17.36,51.63,N/A,N/A,N/A,N/A,N/A,63.90%,0.25,16.62,18.1,57%
AZO,Autozone,"Retail - Wholesale Auto Parts",2983.29,+0.51%,4,Sell,"100% Sell",-28.63,-29.52%,3172.13,3036.33,3309.59,3004.21,47.43,-48.23,-24.79,235948,Average,Strong,22.77%,1.59,2915.89,3092.53,38%
MDXG,"Mimedx Group Inc","Medical - Biomedical",4.57,+3.16%,5,Buy,"40% Buy",-28.64,-35.54%,3.92,4.26,4.14,4.38,60.46,-54.25,-45.25,1213574,Strengthening,Weak,58.95%,0.48,4.14,4.62,90%
LFCR,"Lifecore Biomedical Inc","Medical - Biomedical",4.4,+1.15%,3,Sell,"100% Sell",-28.74,-44.58%,4.9,4.65,5.25,4.57,44.52,-63.29,-58.96,216301,Strengthening,Average,36.56%,1.66,4.29,4.85,19%
TRI,"Thomson Reuters Corp","Business Services",105.68,-5.44%,1,Buy,"72% Buy",-28.88,-40.88%,92.6,98.22,92.72,105.06,53.07,-59.59,-32.62,2074275,Average,Weak,67.98%,0.64,99.81,110.32,56%
LUXE,"Luxexperience B.V. ADR","Textile - Apparel",7.72,+1.58%,1,Sell,"100% Sell",-29.04,-20.66%,7.93,7.89,8.18,7.73,47.95,-39.37,-20.29,238559,Average,Average,27.38%,0.71,7.43,8.04,48%
IRTC,"Irhythm Holdings Inc","Medical Information Systems",123.07,-0.29%,2,Sell,"8% Buy",-29.10,-32.44%,117.84,120.03,122,122.47,52.38,-51.15,-43.39,580841,Weakening,Minimum,53.65%,0.74,115.24,129.69,54%
ARI,"Apollo Commercial Real Estate","REIT - Mortgage Trusts",6.88,0.00%,5,Sell,"88% Sell",-29.14,-36.82%,9.34,7.75,9.76,6.85,39.82,-55.53,-41.68,2244563,Average,Strong,46.67%,0.22,6.72,6.99,59%
LAW,"CS Disco Inc","Internet - Software",4.24,-2.97%,4,Buy,"24% Buy",-29.31,-22.91%,4.01,4.11,3.99,4.3,50.31,-41.62,-58.11,324558,Weakest,Minimum,61.12%,0.63,4.09,4.52,35%
JVA,"Coffee Holding Company","Beverages - Soft",3.47,0.00%,7,Hold,"48% Sell",-29.33,-15.57%,3.87,3.46,3.78,3.48,48.7,-34.28,-23.32,71683,Weakest,Soft,40.89%,0.49,3.41,3.56,41%
ACI,"Albertsons Companies Inc Cl A","Consumer Prdts - Misc Staple",12.55,-0.32%,6,Sell,"88% Sell",-29.33,-34.29%,14.41,12.9,15.44,12.33,50.78,-53.,-39.66,7787238,Weakening,Strong,77.09%,0.56,11.97,12.7,80%
VERU,"Veru Inc","Medical Products",2.64,-0.38%,3,Buy,"88% Buy",-29.41,-20.00%,2.57,2.59,2.51,2.69,50.48,-38.71,10.61,702752,Average,Weak,52.94%,0.55,2.55,2.83,32%
SYM,"Symbotic Inc","Technology Services",42.94,+3.22%,1,Sell,"72% Sell",-29.46,-5.04%,46.44,41.98,48.85,41,55.29,-23.75,-40.58,2098325,Weakest,Average,65.81%,0.85,38.7,43.3,92%
LPL,"Lg Display Company Ltd ADR","Computers - Peripheral Equpt",3.3,+1.54%,6,Sell,"100% Sell",-29.71,-26.34%,4.04,3.38,4.1,3.36,46.87,-45.05,-34.37,1821149,Average,Strong,26.19%,0.45,3.2,3.51,32%
KROS,"Keros Therapeutics Inc","Medical - Biomedical",11.32,+1.89%,5,Buy,"8% Sell",-29.82,-27.20%,10.92,10.81,11.78,10.96,55.9,-45.91,-57.15,411176,Weakening,Weak,70.77%,0.28,10.27,11.64,77%
PPSI,"Pioneer Power Solutions","Machinery - Electrical",2.89,-3.99%,3,Sell,"100% Sell",-29.87,-21.25%,3.64,3.17,3.61,2.92,44.69,-39.96,-51.65,147005,Strengthening,Strong,46.41%,0.77,2.8,3.04,37%
TE,"T1 Energy Inc",Solar,4.6,+1.32%,2,Sell,"88% Sell",-30.15,+148.65%,6.59,5.69,6.57,4.69,44.95,129.94,-43.89,26153416,Average,Average,35.56%,0.45,4.03,5.35,43%
ALHC,"Alignment Healthcare Inc","Medical Services",13.54,-0.04%,2,Sell,"88% Sell",-30.17,-16.93%,17.98,17.22,18.44,13.46,38.88,-35.64,-44.19,4279480,Average,Strong,46.40%,1,12.9,14.03,57%
MRDN,"Meridian Holdings Inc",Gaming,13.55,+0.67%,4,Sell,"56% Buy",-30.21,+15.00%,12.28,13.69,10.79,13.9,47.66,-3.71,28.25,45616,Weakest,Average,28.55%,0.68,13.34,14.47,19%
PATK,"Patrick Inds Inc","Auto - Truck Original Parts",82.84,+1.53%,2,Sell,"100% Sell",-30.22,-27.37%,88.84,85.53,100.01,84.39,45.67,-46.08,-36.35,463901,Average,Good,25.08%,0.51,80.67,88.11,29%
SUNS,"Sunrise Realty Trust","Real Estate Operations",7.48,+0.13%,3,Sell,"100% Sell",-30.28,-32.31%,7.98,7.87,8.24,7.59,38.83,-51.02,-33.43,98516,Average,Good,11.86%,0.46,7.35,7.83,27%
CSPI,"C S P Inc","Computer - Integrated Systems",8.09,+0.12%,4,Sell,"72% Sell",-30.63,-30.02%,8.67,8.04,8.79,7.9,52.87,-48.73,-48.03,23900,Weakest,Average,76.50%,0.12,7.27,8.52,66%
IPWR,"Ideal Power Inc","Machinery - Electrical",4.82,+3.21%,6,Buy,"56% Buy",-30.72,-5.38%,5,4.53,4.44,4.76,52.57,-24.09,43.24,310811,Average,Weak,44.60%,1,4.18,5.34,55%
RSSS,"Research Solutions Inc","Printing - Commercial",2.23,+1.36%,6,Hold,"80% Sell",-31.13,-32.36%,2.3,2.24,2.34,2.22,51.1,-51.07,-36.9,63192,Weakest,Soft,33.65%,1.65,2.13,2.32,54%
STN,"Stantec Inc",Consulting,73.52,+0.66%,5,Hold,"64% Sell",-31.26,-32.73%,75.76,71.46,80.79,73.88,52.15,-51.44,-34.84,371479,Weakest,Average,28.69%,0.61,72.22,75.54,39%
KRMD,"Koru Medical Systems Inc","Medical Information Systems",3.25,+0.93%,1,Sell,"100% Sell",-31.57,-20.73%,3.93,3.81,4.14,3.29,35.96,-39.44,-56.81,179486,Strongest,Good,39.04%,0.56,3.15,3.43,36%
SCYX,"Scynexis Inc","Medical - Drugs",5.3,-0.84%,6,Buy,"40% Sell",-31.99,-23.75%,5.39,4.71,5.83,5.2,55.74,-42.46,-7.99,87760,Weakest,Weak,30.60%,0.36,4.83,5.58,63%
KD,"Kyndryl Holdings","Technology Services",13.15,-1.42%,3,Hold,"16% Buy",-32.01,-58.61%,12.59,12.73,12.92,13.03,51.83,-77.32,-63.24,4169096,Weakest,Minimum,62.02%,0.83,12.17,13.88,57%
NOAH,"Noah Holdings Ltd ADR","Finance - Investment Mgmt",8.43,+1.32%,4,Sell,"100% Sell",-32.18,-31.91%,9.63,8.89,10.18,8.6,41.76,-50.62,-28.79,110713,Average,Maximum,16.96%,0.56,8.28,8.93,23%
CIA,"Citizens Inc","Insurance - Life",3.95,-0.50%,1,Sell,"88% Sell",-32.33,-24.47%,5.06,4.71,5.15,3.87,41.78,-43.18,-30.97,113724,Average,Strong,66.92%,0.69,3.72,4.01,79%
CPS,"Cooper Std Holdings Inc","Auto - Truck Original Parts",27.18,+2.10%,2,Sell,"88% Sell",-32.65,-30.40%,28.74,27.9,30.2,27.14,48.9,-49.11,-29.96,188822,Average,Average,38.91%,0.58,25.43,28.86,51%
BLRX,"Biolinerx Ltd ADR","Medical - Drugs",2.67,-0.74%,3,Sell,"72% Sell",-32.67,-24.79%,2.93,2.86,2.84,2.76,45.15,-43.5,-16.36,29386,Strengthening,Weak,27.27%,1.37,2.57,2.95,26%
BRAI,"Braiin Limited","IT Services",5.63,+0.54%,2,Hold,N/A,-33.09,N/A,6.77,5.66,0,5.54,49.83,N/A,N/A,N/A,N/A,N/A,68.56%,0.54,5.25,5.82,66%
RDCM,"Radcom Ltd","Computer - Networks",10.03,0.00%,3,Sell,"88% Sell",-33.17,-24.87%,13.09,11.84,12.63,10.2,34.37,-43.58,-36.07,137417,Average,Strong,23.96%,0.6,9.93,10.48,19%
PSN,"Parsons Corp","Technology Services",47.58,+2.65%,3,Sell,"88% Sell",-33.30,-35.62%,52.37,51.01,54.97,47.53,47.22,-54.33,-35.76,1383653,Weakest,Average,26.82%,0.89,45.12,49.95,51%
YELP,"Yelp Inc","Internet - Content",21.66,-2.21%,2,Sell,"72% Sell",-33.46,-31.67%,24.85,24.88,24.53,23.26,34.94,-50.38,-41.48,1228931,Strengthening,Average,14.29%,1.44,21.61,24.9,2%
ATEC,"Alphatec Holdings","Medical Instruments",9.45,+1.29%,1,Buy,Hold,-33.92,-42.90%,9,9.27,10.21,9.45,51.97,-61.61,-67.84,2821939,Steady,,27.85%,0.7,9.11,9.8,49%
USAR,"USA Rare Earth Inc","Mining - Misc",17.61,-0.45%,6,Buy,"56% Sell",-34.18,+24.81%,20.9,17.67,20.15,18.47,47.48,6.1,35.23,15357355,Strengthening,Soft,21.48%,1.87,16.93,20,22%
PASG,"Passage Bio Inc","Medical - Biomedical",4.65,-2.11%,3,Hold,"64% Sell",-34.25,-33.57%,5.2,4.63,6.33,4.53,52.02,-52.28,-73.34,66204,Weakening,Average,55.22%,0.11,4.29,4.77,75%
RDDT,"Reddit Cl A","Internet - Software",154.46,-0.98%,3,Sell,"72% Sell",-34.31,-33.45%,166.36,170.01,158.3,156.05,47.14,-52.16,-45.56,5277540,Average,Weak,39.14%,0.46,142.56,169.55,44%
LEGN,"Legend Biotech Corp ADR","Medical - Biomedical",21.52,-1.06%,7,Sell,"72% Sell",-34.39,-38.50%,25.54,22.69,23.09,21.12,50.22,-57.21,-13.76,2430071,Average,Weak,56.99%,0.36,19.76,22.48,65%
SITE,"Siteone Landscape Supply","Industrial Services",100.58,+2.14%,3,Sell,"88% Sell",-34.62,-31.76%,110.27,101.61,120.03,97.17,54.85,-50.47,-32.,738383,Weakening,Strong,78.52%,0.85,93.96,100.38,103%
BHM,"Bluerock Homes Trust Inc","REIT - Equity Trust Resident",8.85,+0.57%,4,Sell,"72% Sell",-34.79,-31.55%,9.6,8.69,9.89,8.63,54.55,-50.26,-29.81,7962,Weakening,Average,61.26%,0.45,8.26,9,79%
BFAM,"Bright Horizons Family Solutions Inc","Business Services",70.25,-1.18%,1,Sell,"72% Sell",-35.01,-39.61%,72.35,74.14,74.53,72.73,39.16,-58.32,-43.47,942451,Strengthening,Soft,25.74%,0.85,70,75.45,5%
TTGT,"Techtarget Inc.","Technology Services",4.05,+6.86%,2,Buy,"56% Sell",-35.34,-28.32%,4.32,3.91,4.28,3.84,56.44,-47.03,-37.75,437556,Weakest,Weak,66.21%,1.23,3.68,3.99,118%
HDB,"Hdfc Bank Ltd ADR","Banks - Foreign",23.18,-0.43%,2,Sell,"100% Sell",-35.49,-34.37%,24.54,24.25,26.17,23.2,46.04,-53.08,-49.31,8121264,Average,Good,63.90%,0.92,22.65,23.74,48%
NEUP,"Neuphoria Therapeutics Inc","Medical - Biomedical",3.77,+0.27%,3,Hold,"56% Sell",-35.95,-68.37%,4.33,3.77,4.34,3.84,45.31,-87.08,-15.59,98941,Weakening,Weak,7.94%,0.1,3.7,3.98,25%
WBX,"Wallbox N.V. Cl A","Electronics Products - Misc",3.32,+7.44%,1,Sell,"8% Buy",-36.09,-13.54%,3.35,3.7,3.19,3.03,54.23,-32.25,29.13,67840,Weakest,Minimum,47.92%,0.6,2.77,3.29,106%
DUKR,"Duke Robotics Corp","Aerospace - Defense",5.65,+0.89%,2,Buy,"40% Sell",-36.11,-17.82%,6.87,5.44,7.27,5.58,52.14,-36.53,-20.54,15413,Weakest,Average,64.94%,0.6,5.36,5.8,66%
SERA,"Sera Prognostics Inc Cl A","Medical Services",2.02,+2.02%,3,Hold,"32% Sell",-36.15,-40.76%,2,2.04,2.07,2.04,48.05,-59.47,-44.28,50237,Weakest,Weak,29.81%,0.33,1.9,2.19,42%
KLRS,"Kalaris Therapeutics Inc","Medical - Biomedical",3.9,-1.02%,1,Sell,"100% Sell",-36.31,-16.31%,4.6,4.12,5.82,4.02,43.87,-35.02,-66.54,148614,Average,Average,17.23%,0.08,3.83,4.22,18%
FISV,"Fiserv Inc","Financial Transaction Services",53,+0.51%,1,Buy,"40% Sell",-36.33,-61.08%,54.16,52.16,55.76,52.63,51.86,-79.79,-33.85,8054853,Weakest,Minimum,49.57%,0.96,50.74,54.53,60%
GLOB,"Globant S.A.","Internet Software Services",39.13,-3.02%,4,Buy,"24% Sell",-36.76,-37.24%,37.5,35.5,41.22,39.24,52.98,-55.95,-52.89,1601964,Weakest,Weak,63.69%,0.52,36.9,41.59,48%
JBI,"Janus International Group Inc","Building & Construction - Misc",5.09,+1.60%,2,Sell,"80% Sell",-36.81,-50.05%,5.23,5.22,5.51,5.03,50.05,-68.76,-34.92,1656116,Average,Soft,58.19%,0.98,4.76,5.31,60%
SCM,"Stellus Capital Investment Cor","Finance - SBIC & Commercial",8.78,+0.92%,4,Buy,"24% Sell",-36.89,-40.43%,8.7,8.23,9.16,8.7,59.8,-59.14,-43.51,210410,Weakest,Weak,63.11%,1.9,8.51,8.89,71%
FIRY,"Firy Inc","Conglomerates - Div Operations",10.13,+2.63%,3,Buy,"100% Buy",-36.90,+36.89%,8.51,9.45,6.71,9.9,55.86,18.18,122.28,578576,Strengthening,Strong,54.47%,0.13,9.31,10.48,70%
CHTR,"Charter Communications","Cable TV",151.99,+0.40%,7,Buy,"8% Sell",-37.01,-41.43%,151.03,143.27,175.61,151.85,52.21,-60.14,-39.94,2600103,Weakest,Weak,61.27%,0.64,144.44,159.27,51%
DNA,"Ginkgo Bioworks Holdings","Medical - Biomedical",6.95,0.00%,1,Sell,"72% Sell",-37.29,-40.50%,8.32,8.11,8.08,7.12,44.29,-59.21,-29.12,1146872,Average,Average,39.63%,0.58,6.49,7.74,37%
FIS,"Fidelity National Information Services","Financial Transaction Services",41.89,-0.92%,1,Hold,"80% Sell",-37.38,-39.03%,42.49,41.91,44.64,41.55,51.04,-57.74,-49.72,5508762,Weakening,Average,62.39%,1.11,39.64,43.46,59%
SAMG,"Silvercrest Ast Cm A","Finance - Investment Mgmt",10.17,+2.21%,2,Sell,"88% Sell",-37.49,-36.79%,11.13,10.2,12.2,10.07,51.18,-55.5,-45.8,44386,Weakening,Strong,45.84%,0.63,9.83,10.32,70%
NVNO,"Envveno Medical Corp","Medical Instruments",11.44,+3.06%,5,Buy,"56% Buy",-38.05,-58.57%,10.8,10.82,10.75,10.95,55.21,-77.28,-10.87,17887,Strengthening,Weak,48.72%,0.11,10.08,11.82,78%
MYSE,"Myseum.Ai Inc","IT Services",2.82,0.00%,12,Buy,"100% Buy",-38.07,+47.64%,2.35,2.56,2.14,2.69,59.91,28.93,52.16,1635604,Strengthening,Strong,68.01%,0.9,2.47,2.92,77%
XNET,"Xunlei Ltd ADR","Internet - Services",4.88,-0.41%,1,Sell,"100% Sell",-38.10,-33.33%,5.55,5.35,5.66,4.99,42.48,-52.04,-43.92,289435,Average,Average,26.61%,1.03,4.77,5.21,25%
ERII,"Energy Recovery Inc","Pollution Controls",7.63,-0.26%,1,Sell,"100% Sell",-38.39,-46.68%,8.83,8.35,9.94,7.84,39.08,-65.39,-56.19,823304,Average,Strong,12.32%,0.71,7.49,8.19,20%
OEC,"Orion S.A.","Chemical - Specialty",6.09,+2.01%,2,Sell,"72% Sell",-38.40,-40.99%,6.88,6.43,6.58,6.22,45.2,-59.7,2.59,628317,Strengthening,Weak,33.75%,0.53,5.74,6.71,36%
WOOF,"Petco Health and Wellness Company Cl A","Retail - Misc & Diversified",2.7,+7.14%,3,Sell,"80% Sell",-38.44,-21.05%,2.75,2.71,2.73,2.74,48.83,-39.76,-16.66,2304602,Weakening,Weak,16.80%,3.31,2.54,2.95,40%
HTT,"High Templar Tech Ltd WT","Technology Services",2.61,+0.38%,2,Buy,"16% Sell",-38.56,-41.87%,2.59,2.55,2.6,2.55,55.51,-60.58,-39.23,218468,Weakest,Minimum,58.67%,0.13,2.45,2.64,83%
LEN,"Lennar Corp","Building - Residential & Comm",83.58,-1.03%,4,Sell,"88% Sell",-38.64,-39.47%,87.63,85.72,92.53,85.84,44.82,-58.18,-31.45,3604562,Average,Average,16.41%,0.98,82.74,88.95,14%
MBLY,"Mobileye Global Inc Cl A","Auto - Truck Original Parts",8.56,+2.88%,6,Sell,"88% Sell",-38.74,-42.36%,9,8.79,8.7,8.73,48.09,-61.07,-30.76,6687888,Weakening,Weak,19.89%,0.44,8.26,9.21,32%
CUE,"Cue Biopharma Inc","Medical - Biomedical",27.44,-0.83%,6,Sell,"40% Buy",-38.99,+16.52%,26.96,29.27,20.9,27.46,49.34,-2.19,186.75,298908,Weakest,Average,49.45%,0.29,22.54,32.37,50%
ARQ,"Arq Inc","Chemical - Specialty",2.3,+1.55%,4,Hold,"48% Sell",-39.15,-68.06%,2.35,2.18,2.52,2.22,56.87,-86.77,-42.41,492590,Weakest,Weak,66.76%,0.56,2.06,2.38,76%
PTLE,"Ptl Ltd","Transportation - Services",7.39,-5.80%,2,Sell,"24% Sell",-39.85,-41.16%,7.2,8.7,7.49,7.85,43.94,-59.87,-20.4,88668,Weakest,Minimum,36.26%,6.5,6.36,9.33,35%
ADVB,"Advanced Biomed Inc","Medical - Biomedical",9.34,-0.69%,4,Buy,"100% Buy",-39.91,+8.57%,6.53,8.14,5.95,8.83,52.99,-10.14,47.21,750163,Strengthening,Average,63.94%,0.03,7.29,10.36,67%
PRCT,"Procept Biorobotics Corp","Medical Instruments",22.76,+6.50%,5,Buy,"40% Sell",-40.07,-40.64%,22.88,20.38,23.99,21.49,59.87,-59.35,-40.4,1532895,Weakest,Weak,77.58%,0.85,20.3,22.67,104%
OLMA,"Olema Pharmaceuticals Inc","Medical - Biomedical",10.75,+0.19%,2,Sell,"88% Sell",-41.03,+69.29%,12.23,11.4,14.61,10.74,47.18,50.58,-69.75,2155301,Average,Average,53.69%,0.44,10.03,11.46,51%
YB,"Yuanbao Inc ADR","Insurance - Multi Line",13.72,+0.73%,2,Sell,"88% Sell",-41.83,-39.32%,14.7,13.96,16.19,13.69,49.46,-58.03,-45.03,44234,Weakest,Good,69.97%,0.53,13.24,14.15,53%
PW,"Power REIT","REIT - Equity Trust Other",7.53,+2.31%,1,Sell,"72% Sell",-41.91,-12.67%,8.22,8.49,8.32,7.75,42.62,-31.38,-26.72,29642,Average,Weak,53.45%,0.27,7.23,8.26,29%
TU,"Telus Corp","Diversified Comm Services",9.67,-0.72%,4,Sell,"100% Sell",-42.13,-41.11%,11.16,10.08,11.89,9.73,43.13,-59.82,-39.33,6372347,Average,Maximum,25.21%,0.74,9.47,9.99,39%
XYF,"X Financial ADR","Finance - Misc Services",5.53,-0.72%,10,Buy,"72% Buy",-42.27,-64.02%,4.98,5.11,4.9,5.44,56.66,-82.73,-14.,149137,Average,Weak,63.54%,1.63,5.2,5.68,68%
NAII,"Natural Alternativ","Medical - Drugs",2.08,-1.89%,2,Sell,"100% Sell",-42.32,-45.41%,2.42,2.24,2.57,2.13,43.11,-64.12,-54.65,27693,Strongest,Strong,24.04%,0.19,1.99,2.28,31%
AVD,"American Vanguard Corp","Chemical - Specialty",2.33,+1.30%,2,Sell,"88% Sell",-42.36,-57.17%,2.62,2.48,3.04,2.23,50.44,-75.88,-51.76,299325,Weakening,Average,70.65%,0.42,2.09,2.37,85%
ECC,"Eagle Point Credit Inc","Finance - Investment Mgmt",3.92,+1.29%,5,Buy,"24% Sell",-42.45,-49.09%,3.91,3.81,3.97,3.85,57.53,-67.8,-44.69,1542801,Weakest,Weak,64.10%,0.71,3.75,3.95,87%
FULC,"Fulcrum Therapeutics Inc","Medical - Biomedical",3.85,+0.26%,3,Buy,"40% Sell",-42.49,-44.04%,4.83,3.74,6.06,3.82,52.01,-62.75,-78.71,1713057,Weakest,Average,57.18%,0.58,3.7,3.95,61%
FTLF,"Fitlife Brands Inc","Medical Products",9.82,+0.20%,4,Sell,"88% Sell",-43.10,-46.72%,10.23,10.41,11.4,10.08,45.48,-65.43,-52.39,22536,Average,Average,19.58%,0.88,9.38,10.79,31%
PAR,"Par Technology Corp","Financial Transaction Services",19.77,+4.60%,7,Buy,"40% Buy",-43.11,-58.92%,16.14,17.77,16.53,18.93,62.44,-77.63,-58.26,1294804,Strengthening,Weak,50.89%,0.85,17.76,20.1,86%
LFVN,"Lifevantage Corp","Medical - Dental Suppliers",6.25,+2.38%,2,Sell,"40% Buy",-43.36,-53.57%,6.4,6.41,5.83,6.49,42.98,-72.28,-11.29,250216,Weakening,Minimum,29.01%,0.1,6.07,6.9,21%
ROL,"Rollins Inc","Building - Maint & Service",35.86,+0.42%,1,Sell,"100% Sell",-43.52,-36.93%,45.27,39.51,49.41,36.36,36.01,-55.64,-53.,3718031,Weakening,Maximum,15.15%,0.98,35.47,37.26,22%
XBP,"Xbp Global Holdings Inc","Internet - Software",3.1,-3.13%,2,Buy,"8% Buy",-43.62,-50.51%,2.7,2.83,3.71,2.9,56.47,-69.22,-67.23,19855,Weakening,Weak,80.72%,0.7,2.65,3.14,92%
NMAD,"Nomad Power Solutions Inc","IT Services",4.03,+10.26%,8,Sell,"56% Sell",-43.68,-9.84%,5.17,4.93,4.44,4.07,45.48,-28.55,-10.21,181676,Weakening,Weak,21.53%,0.86,3.62,4.52,46%
GIBO,"Gibo Holdings Limited Cl A","Media Conglomerates",33.7,+7.50%,3,Buy,"24% Sell",-43.73,-47.14%,31.68,30.17,33.81,30.46,60.23,-65.85,-46.83,11159,Weakening,Minimum,35.10%,9.21,27.34,33.58,102%
PRT,"Permrock Royalty Trust Trust Units","Oil - US Integrated",2.18,+1.40%,3,Sell,"100% Sell",-44.03,-44.85%,2.34,2.22,2.68,2.21,45.98,-63.56,-34.61,55499,Average,Good,17.96%,0.27,2.16,2.25,23%
HCKT,"Hackett Grp Inc",Consulting,11.21,+1.17%,2,Buy,"24% Sell",-44.31,-46.00%,11.12,10.75,12.06,11.03,54.51,-64.71,-55.64,334102,Weakening,Weak,59.71%,0.67,10.5,11.55,68%
FKWL,"Franklin Wireless Co.","Computer - Networks",2.45,-1.94%,12,Buy,"48% Sell",-44.65,-40.43%,2.79,2.41,3.14,2.45,50.9,-59.14,-56.59,18035,Weakest,Good,66.27%,0.4,2.36,2.54,53%
ZTS,"Zoetis Inc Cl A","Medical - Drugs",75.81,-0.63%,2,Sell,"72% Sell",-44.78,-50.52%,83.25,75.58,96.22,75.83,48.79,-69.23,-52.5,5715654,Average,Average,61.63%,0.68,72.97,78.7,50%
ASTI,"Ascent Solar Technologies",Solar,3.13,+3.64%,3,Sell,"88% Sell",-44.82,+63.02%,4.56,3.44,4.85,3.13,47.24,44.31,-36.59,1739800,Average,Average,47.09%,1.87,2.77,3.5,50%
ROC,"Rank One Computing Corp","Internet - Software",4.23,+1.93%,1,Sell,N/A,-44.87,N/A,5,4.65,0,4.23,46.26,N/A,N/A,N/A,N/A,N/A,16.42%,0.3,4,4.46,50%
PNNT,"Pennantpark Investme","Finance - SBIC & Commercial",3.74,0.00%,7,Buy,"48% Sell",-45.88,-48.34%,3.83,3.53,4.19,3.74,55.6,-67.05,-50.,745201,Weakest,Average,49.67%,1,3.64,3.83,52%
RENT,"Rent The Runway Inc Cl A","Retail - Apparel & Shoes",3.81,-2.69%,9,Buy,"24% Sell",-45.96,-36.37%,3.79,3.48,4.35,3.67,57.1,-55.08,-64.65,111964,Weakest,Soft,82.55%,0.45,3.47,3.87,84%
BUR,"Burford Capital Ltd","Finance - Misc Services",4.35,+1.16%,4,Buy,"40% Sell",-46.75,-67.32%,4.43,4.24,5.5,4.31,52.92,-86.03,-63.98,2586860,Weakest,Soft,53.47%,0.68,4.15,4.47,63%
CPNG,"Coupang Cl A","Internet Commerce",15.29,-1.42%,1,Sell,"100% Sell",-47.24,-46.78%,17.23,16.67,17.78,16.16,38.78,-65.49,-47.93,21320887,Strengthening,Average,15.15%,0.68,15.38,16.93,-6%
IIIV,"I3 Verticals Inc Cl A","Internet - Software",16.6,+0.36%,2,Sell,"88% Sell",-47.28,-44.92%,19.91,19.21,20.69,16.53,40.05,-63.63,-46.85,393570,Average,Strong,69.09%,0.71,15.91,17.15,56%
PDCC,"Pearl Diver Credit Company Inc","Finance - Misc Services",9.025,+2.91%,4,Sell,"88% Sell",-47.28,-48.72%,9.83,9.26,10.45,8.89,52.05,-67.43,-47.96,6891,Weakest,Average,46.00%,0.42,8.7,9.08,87%
VRCA,"Verrica Pharmaceuticals Inc","Medical - Drugs",5.3,-1.12%,2,Hold,"80% Sell",-47.82,+2.71%,5.9,5.47,5.84,5.09,51.42,-16.,-48.97,133981,Strengthening,Average,59.20%,0.18,4.58,5.59,71%
SLDP,"Solid Power Inc Cl A","Auto - Truck Original Parts",2.52,+1.41%,7,Buy,"40% Sell",-48.00,-36.01%,2.74,2.33,2.94,2.37,61.1,-54.72,-53.57,5559104,Weakest,Soft,87.24%,0.56,2.24,2.49,109%
QDEL,"Quidelortho Corp","Medical Products",13.97,+0.29%,1,Sell,"72% Sell",-48.86,-49.73%,14.26,15.97,16.31,14.4,43.34,-68.44,-63.84,1612047,Weakest,Soft,32.46%,0.59,13.34,15.45,30%
FAC,"Factorial Energy Inc","Technology Services",5.21,-0.95%,1,Sell,"88% Sell",-48.91,-48.03%,9.07,6.3,9.47,5.13,45.93,-66.74,-62.14,299767,Average,Strong,65.52%,0.6,4.32,5.93,55%
WFF,"Wf Holding Limited","Containers - Paper Products",2.04,-0.97%,4,Sell,"24% Sell",-49.47,-57.05%,2.07,2.22,2.02,1.97,49.38,-75.76,-24.05,884257,Weakest,Minimum,15.29%,0.05,1.54,2.4,58%
CWH,"Camping World Holdings Inc","Auto - Truck Original Parts",6.96,+3.57%,2,Buy,"32% Sell",-49.53,-60.54%,6.9,6.5,7.52,6.5,60.2,-79.25,-41.22,2614094,Weakest,Weak,81.45%,0.57,6.11,6.88,110%
DRIO,"Dario Health Corp","Medical Instruments",7.24,+3.72%,3,Hold,"64% Sell",-49.64,-29.16%,7.33,7.18,8,7.26,50.53,-47.87,-49.13,18933,Weakest,Soft,44.93%,0.81,6.75,7.76,48%
EGG,"Enigmatig Limited Cl A","Business Services",2.735,-3.01%,1,Sell,"88% Sell",-49.66,-54.49%,6.15,4.72,6,3.03,34.21,-73.2,-60.65,170846,Strengthening,Strong,22.49%,0.02,2.61,3.45,15%
AUC,"Atif Holdings Ltd",Consulting,6.22,-1.58%,4,Sell,"72% Sell",-49.80,+4.54%,7.33,7.06,7.03,6.72,40.53,-14.17,-3.05,15316,Strengthening,Average,12.01%,0.71,6.04,7.4,13%
WVVI,"Willamette Valley","Beverages - Alcohol",2.23,0.00%,1,Sell,"100% Sell",-49.85,-49.50%,2.61,2.49,2.62,2.25,41.55,-68.21,-39.64,9319,Strengthening,Average,52.74%,0.42,2.14,2.37,40%
MLGO,"Microalgo Inc","Technology Services",4.02,0.00%,7,Sell,"88% Sell",-49.98,-49.81%,4.35,4.1,4.15,4.12,46.36,-68.52,-21.8,225034,Average,Weak,42.60%,1.04,3.9,4.34,27%
BRCC,"Brc Inc Cl A","Consumer Prdts - Misc Staple",8.75,+1.86%,1,Sell,"72% Sell",-50.11,-42.05%,11.66,10.15,10.38,8.49,45.47,-60.76,-33.92,104885,Weakening,Average,29.55%,0.54,7.94,9.05,73%
BXBL,"Boxabl Inc","Real Estate Developers",4.35,-2.03%,5,Sell,"88% Sell",-50.64,-56.43%,8.29,6.25,8.89,4.32,43.05,-75.14,-69.42,158600,Average,Maximum,52.38%,0.22,3.8,4.84,53%
DOCS,"Doximity Inc Cl A","Medical Information Systems",26.35,-2.77%,3,Buy,"24% Buy",-50.96,-61.54%,22.74,23.3,23.61,25.73,58.09,-80.25,-53.24,3919033,Weakening,Minimum,78.75%,0.4,24.2,27.26,70%
CCOI,"Cogent Comm Hlds","Wireless National",10.05,+0.70%,2,Sell,"88% Sell",-51.03,-72.59%,15,11.56,17.1,10.04,45.59,-91.3,-66.14,1355917,Weakening,Average,54.30%,0.83,8.95,11.13,50%
DFH,"Dream Finders Homes Inc Cl A","Building - Residential & Comm",13.8,0.00%,4,Sell,"88% Sell",-51.20,-51.92%,14.88,15.09,15.49,14.46,44.46,-70.63,-32.05,611513,Average,Average,14.92%,0.71,13.31,15.61,21%
KRKR,"36Kr Holdings Inc ADR","Business Information",3.09,+2.13%,4,Buy,"56% Sell",-51.48,-36.30%,3.17,2.92,3.42,3.12,51.53,-55.01,-47.85,15746,Weakening,Soft,37.29%,0.16,3,3.25,37%
UIS,"Unisys Corp","IT Services",2.62,+1.16%,1,Sell,"56% Sell",-51.56,-31.41%,3.24,3.18,2.91,2.72,38.97,-50.12,-17.82,823326,Weakening,Weak,16.77%,1.28,2.52,2.91,25%
SJT,"San Juan Basin Royalty Trust","Oil - US Royalty Trusts",2.96,+2.07%,8,Buy,"40% Sell",-51.62,-48.79%,3.36,2.74,3.96,2.8,59.5,-67.5,-60.08,201615,Weakest,Average,60.42%,0.53,2.62,2.97,96%
ASPS,"Altisource Portfolio","REIT - Mortgage Trusts",5.65,-0.35%,3,Sell,"88% Sell",-51.88,-48.78%,6.32,6.05,6.34,5.57,48.86,-67.49,-31.46,24093,Average,Weak,52.81%,0.37,5.37,5.76,72%
TRAK,"Repositrak Inc","Internet - Software",7.92,+0.13%,1,Sell,"100% Sell",-52.08,-52.89%,9,8.55,8.85,8.14,41.36,-71.6,-48.72,104074,Average,Average,46.02%,0.65,7.65,8.63,28%
SMPL,"The Simply Good Foods Company","Food - Confectionery",11.45,-0.35%,3,Hold,"80% Sell",-52.09,-59.87%,11.84,11.48,12.99,11.04,54.4,-78.58,-55.73,2367791,Weakening,Soft,75.54%,0.55,10.4,11.69,81%
BMBL,"Bumble Inc","Internet - Software",2.9,+1.05%,1,Sell,"88% Sell",-52.21,-55.11%,3.17,2.91,3.19,2.76,54.66,-73.82,-31.52,3399676,Weakening,Weak,74.78%,0.6,2.6,2.91,96%
SPRY,"Ars Pharmaceuticals Inc","Medical - Drugs",5.62,-0.88%,8,Sell,"100% Sell",-52.40,-47.43%,7.58,6.47,7.99,5.87,42.68,-66.14,-64.51,1752106,Strongest,Strong,38.80%,0.42,5.33,6.42,27%
HTCO,"High-Trend International Group","Technology Services",2.57,-4.10%,1,Sell,"100% Sell",-53.03,-66.45%,4.99,3.17,6.33,2.82,38.87,-85.16,-82.3,415919,Average,Average,43.70%,0.22,2.39,3.24,21%
SRAD,"Sportradar Group Ag Cl A","Internet - Software",12.9,-1.60%,7,Sell,"100% Sell",-53.37,-58.25%,14.08,13.98,15.29,13,46.06,-76.96,-58.48,2750459,Average,Average,50.57%,0.61,12.32,13.68,43%
BARK,"Bark Inc","Consumer Services - Misc",10.74,+4.07%,2,Buy,"8% Buy",-53.43,-39.78%,9.64,9.88,11.1,10.48,56.47,-58.49,-23.62,71700,Weakening,Minimum,53.13%,0.66,9.92,11.04,74%
OCCI,"Ofs Credit Company","Finance - Investment Mgmt",2.59,-1.33%,8,Buy,"40% Sell",-54.28,-56.54%,2.83,2.52,2.96,2.58,51.61,-75.25,-59.24,301023,Weakest,Weak,40.48%,1.03,2.45,2.7,56%
NLOP,"Net Lease Office Properties","REIT - Equity Trust Other",11,-1.17%,1,Sell,"100% Sell",-54.55,-62.60%,11.81,11.48,12.78,11.44,32.29,-81.31,-70.1,205836,Strengthening,Average,7.88%,0.66,11.08,11.8,-12%
HUHU,"Huhutech International Group Inc","Machinery - General Industrial",4.23,-2.08%,3,Sell,"100% Sell",-54.74,-30.31%,7.63,5.62,7.54,4.61,35.34,-49.02,-70.87,39174,Strengthening,Strong,16.61%,0.73,3.95,5.27,21%
ZG,"Zillow Grp Inc Cl A","Finance - Mortgage & Rel Svs",35.32,-2.00%,3,Buy,"56% Sell",-54.92,-56.35%,36.39,34.1,39.33,35.73,49.86,-75.06,-60.98,1114948,Weakening,Soft,36.37%,0.48,33.38,38.08,41%
ASPI,"Asp Isotopes Inc","Chemical - Diversified",4.2,+7.69%,2,Sell,"88% Sell",-55.03,-47.24%,5.26,4.38,5.22,4.05,51.75,-65.95,-34.25,4938749,Weakening,Average,48.64%,1.03,3.72,4.38,73%
PDC,"Perpetuals.com Ltd ADR","Technology Services",2.84,+4.80%,2,Sell,"100% Sell",-55.33,+27.35%,5.13,3.64,5.02,3.05,40.22,8.64,-68.89,86568,Strongest,Strong,22.96%,0.3,2.77,3.32,12%
EFOI,"Energy Focus Inc","Building Products - Ltg FX",2.85,+0.71%,4,Sell,"24% Sell",-55.63,+13.35%,3.34,2.94,2.86,2.89,47.17,-5.36,10.41,910533,Weakest,Minimum,46.28%,0.46,2.68,3.11,39%
KULR,"Kulr Technology Group Inc","Electronics - Semiconductors",2.55,0.00%,4,Sell,"88% Sell",-55.70,-42.57%,3.19,2.88,3.02,2.64,43.46,-61.28,-26.6,1790398,Average,Soft,42.41%,0.41,2.37,2.92,33%
UPST,"Upstart Holdings Inc","Finance - Misc Services",28.05,-1.65%,1,Sell,"88% Sell",-55.79,-57.42%,30.76,30.28,30.25,29.53,43.32,-76.13,-48.61,4720717,Strengthening,Weak,23.72%,0.69,27.54,31.51,13%
CLVT,"Clarivate Analytics Plc","IT Services",2.07,-3.72%,8,Hold,"80% Sell",-55.93,-51.29%,2.29,2.11,2.3,2.01,51.12,-70.,-50.77,6285509,Weakening,Average,65.37%,0.4,1.83,2.19,66%
PODD,"Insulet Corp","Medical Products",147.48,-2.06%,10,Sell,"88% Sell",-57.16,-57.43%,157.61,154.32,182.17,146.01,47.89,-76.14,-60.86,1259328,Weakening,Average,60.77%,0.65,140.3,151.73,63%
Z,"Zillow Group Cl C","Internet - Services",34.59,-2.12%,3,Buy,"56% Sell",-57.17,-58.67%,36.11,33.78,39.18,35.02,49.51,-77.38,-62.05,3890398,Weakest,Soft,38.49%,1.04,32.99,37.06,39%
BSEM,"Biostem Technologies New","Medical - Biomedical",3.71,+2.77%,3,Hold,"64% Sell",-57.21,-44.75%,3.91,3.57,4.4,3.55,52.4,-63.46,-15.37,80880,Weakening,Weak,59.05%,1.1,3.04,4.06,65%
SSII,"Ss Innovations International Inc","Technology Services",3.41,+0.59%,3,Sell,"100% Sell",-57.48,-51.29%,3.82,3.67,4.07,3.58,41.1,-70.,-52.71,71714,Average,Average,22.94%,0.35,3.27,3.88,23%
NCTY,"The9 Ltd ADR","Internet - Content",4.69,-2.29%,4,Buy,"40% Sell",-57.52,-48.23%,4.91,4.53,5.16,4.62,50.65,-66.94,-39.12,80158,Weakening,Weak,18.23%,1.01,3.78,5.47,54%
NUS,"NU Skin Enterprises","Cosmetics & Toiletries",4.84,+2.98%,2,Sell,"88% Sell",-57.74,-60.65%,5.65,5.04,6.48,4.79,48.42,-79.36,-62.44,572227,Weakening,Strong,61.63%,0.61,4.56,5.02,61%
AISP,"Airship AI Holdings Inc","Technology Services",2.05,-2.38%,7,Buy,"72% Sell",-58.13,-52.76%,2.35,2.07,2.4,2.08,47.71,-71.47,-41.82,625281,Average,Soft,50.54%,0.53,1.93,2.23,40%
AIV,"Apartment Investment and Management","REIT - Equity Trust Resident",2.56,+0.79%,3,Sell,"100% Sell",-58.17,-67.14%,3.27,2.69,3.76,2.58,41.13,-85.85,-69.65,1970263,Weakening,Strong,37.96%,0.72,2.5,2.66,36%
SONM,"Dna X Inc","Wireless Equipment",3.24,+0.68%,2,Sell,"100% Sell",-58.23,-69.59%,4.12,3.67,4.25,3.38,43.44,-88.3,-9.89,41036,Strengthening,Weak,38.96%,0.84,3.11,3.64,24%
VRM,"Vroom Inc","Auto - Domestic",10.83,+6.39%,6,Buy,"24% Sell",-58.57,-59.95%,10.27,8.48,11.82,9.78,64.68,-78.66,-58.27,17281,Weakening,Weak,37.40%,18.96,8.76,10.79,102%
ATOS,"Atossa Therapeutics Inc","Medical - Biomedical",2.52,-0.40%,8,Buy,"56% Sell",-60.10,-78.22%,3.51,2.4,3.96,2.55,49.69,-96.93,-84.28,115797,Weakest,Soft,32.71%,0.31,2.33,2.78,43%
CGTL,"Creative Global Technology Ltd","Consumer Prdts - Misc Discr",4.34,-0.91%,2,Hold,"96% Sell",-60.47,-44.25%,7.72,4.52,15.59,4.38,46.1,-62.96,-88.44,299641,Average,Average,27.19%,0.03,3.67,5.09,47%
QTI,"Qt Imaging Holdings Inc","Medical Instruments",2.64,-4.00%,6,Sell,"100% Sell",-60.98,+7.32%,4.29,3.14,4.89,2.93,37.42,-11.39,-69.47,39086,Strengthening,Strong,9.26%,0.67,2.57,3.29,10%
PLBL,"Polibeli Group Ltd Cl A",Unclassified,5.4,+0.56%,4,Sell,"100% Sell",-61.14,-48.52%,6.95,6.86,7.62,5.99,39.99,-67.23,-63.48,101729,Strongest,Strong,12.24%,0.37,5.09,6.9,17%
FLUT,"Flutter Entertainment Plc",Gaming,100.11,-2.18%,7,Sell,"88% Sell",-61.53,-65.76%,102.64,102.58,107.56,99.14,49.69,-84.47,-66.2,3161475,Average,Soft,72.80%,0.86,93.48,104.8,59%
SERV,"Serve Robotics Inc","IT Services",4.95,+2.38%,2,Sell,"88% Sell",-61.69,-50.25%,6.87,5.28,7.71,4.85,48.36,-68.96,-65.11,5066375,Weakening,Strong,52.62%,0.52,4.62,5.08,71%
BRBR,"Bellring Brands Inc Cl A","Food - Misc & Diversified",10.39,-0.10%,1,Sell,"88% Sell",-61.74,-75.66%,11.65,11.89,13.6,10.67,42.48,-94.37,-73.88,4442714,Average,Soft,38.07%,0.49,9.96,11.38,30%
CSGP,"Costar Group Inc","IT Services",30.91,-2.43%,5,Buy,"56% Sell",-62.42,-65.31%,32.12,30.29,36.4,31.94,47.36,-84.02,-66.78,6740064,Weakening,Soft,17.06%,0.54,30.38,33.49,17%
RAY,"Raytech Holding Limited","Retail - Consumer Electronics",2.65,+1.15%,1,Sell,"100% Sell",-62.83,-74.47%,3.01,2.85,3.37,2.78,43.18,-93.18,21.77,31694,Strengthening,Weak,21.56%,0.93,2.58,2.98,18%
HIND,"Vyome Holdings Inc","Medical - Drugs",2.22,-0.45%,4,Buy,Hold,-62.87,-71.47%,2.17,2.18,2.28,2.22,52.65,-90.18,-48.22,284103,Falling,,35.98%,0.22,2.13,2.31,50%
KG,"Kestrel Group Ltd","Insurance - Multi Line",7.58,0.00%,3,Sell,"100% Sell",-63.02,-70.83%,9.94,8.75,10.68,7.8,42.07,-89.54,-38.73,18752,Strengthening,Average,46.97%,1.92,7,8.6,36%
DAVA,"Endava Plc ADR","IT Services",3.06,-1.92%,6,Buy,"56% Sell",-63.80,-69.31%,3.29,2.97,3.82,3.12,48.66,-88.02,-64.33,459505,Weakening,Weak,27.83%,0.55,2.93,3.32,34%
BGIN,"Bgin Blockchain Limited Cl A","Technology Services",2.02,+3.87%,3,Buy,"40% Sell",-63.92,N/A,2.52,1.91,2.63,1.99,51.18,N/A,-32.47,29968,Weakest,Good,29.31%,0.11,1.72,2.26,55%
SUNE,"Sunation Energy Inc","Other Alt Energy",2.36,+4.89%,2,Sell,"48% Buy",-64.92,+60.54%,2.1,2.43,1.95,2.36,50.46,41.83,116.38,3735561,Weakest,Weak,46.09%,0.06,2.05,2.66,51%
CCG,"Cheche Group Inc Cl A","Auto - Truck Original Parts",16.02,+2.76%,6,Buy,"40% Sell",-65.07,-59.85%,17.77,15.12,21.14,15.81,53.36,-78.56,-57.6,6799,Weakest,Average,32.60%,2.23,13.58,18.05,55%
CD,"Chaince Digital Holdings Inc","Financial Transaction Services",4.07,+11.81%,2,Buy,"40% Sell",-65.14,-26.00%,4.82,3.41,4.82,3.44,60.58,-44.71,-30.86,203247,Weakest,Weak,60.59%,1.16,2.77,4.1,97%
ANGI,"Angi Inc","Internet - Content",4.9,+0.82%,4,Sell,"88% Sell",-65.83,-72.63%,5.73,5.45,6.6,4.74,48.21,-91.34,-74.85,1091661,Weakening,Average,61.91%,1.55,4.36,5.12,71%
TANH,"Tantech Holdings Ltd","Chemical - Diversified",21.87,+13.97%,4,Hold,"48% Sell",-66.43,-79.07%,20.37,20.04,26.19,18.61,56.66,-97.78,-69.01,18317,Weakest,Weak,58.79%,1.16,14.38,22.83,89%
FOXX,"Foxx Development Holdings Inc","Consumer Prdts - Misc Discr",2.6,-4.06%,7,Buy,"88% Sell",-66.45,-55.17%,3.58,2.79,3.93,2.71,44.89,-73.88,-56.72,803180,Strengthening,Strong,33.31%,0.24,2.35,3.07,34%
LBGJ,"Li Bang International Corporation Inc","Steel - Specialty",2.29,-0.43%,2,Sell,"100% Sell",-66.62,-99.99%,148.05,89.18,2384.98,3.03,31.45,-118.7,-112.73,190288,Weakening,Average,14.55%,0.08,2.49,3.58,-18%
WING,"Wingstop Inc","Retail - Restaurants",109.21,-0.97%,2,Sell,"100% Sell",-66.78,-64.64%,143.72,132.96,167.83,113.95,39.12,-83.35,-66.96,1104896,Strengthening,Strong,27.42%,0.59,105.91,121.99,20%
AQMS,"Aqua Metals Inc","Waste Removal Svcs",3,+3.81%,5,Buy,"40% Sell",-67.39,-21.87%,3.44,2.76,3.78,2.79,58.63,-40.58,-50.25,145956,Weakest,Soft,78.04%,0.77,2.59,2.99,102%
ALIT,"Alight Inc Cl A","Internet - Software",14.92,+0.20%,3,Sell,"72% Sell",-67.42,-80.47%,15.63,16.39,16.44,14.17,49.52,-99.18,-74.49,1139030,Weakest,Weak,62.73%,0.53,13.14,15.19,87%
GURE,"Gulf Resources Inc","Chemical - Diversified",3.66,+16.56%,8,Hold,"64% Sell",-67.45,-48.45%,3.86,3.44,4.3,3.36,54.56,-67.16,-13.83,74310,Weakest,Soft,55.86%,0.33,2.9,3.82,82%
STEM,"Stem Inc","IT Services",5.57,+1.09%,2,Sell,"100% Sell",-67.54,-60.86%,7.74,6.13,8.76,5.71,45.18,-79.57,-75.74,167436,Weakening,Good,17.34%,0.63,5.21,6.22,36%
UONE,"Urban One Inc","Broadcast - Radio & TV",4.73,-2.97%,2,Sell,"100% Sell",-67.59,-71.16%,5.61,5.02,6.76,4.93,40.44,-89.87,-66.83,50943,Strengthening,Average,28.05%,1.64,4.67,5.2,12%
NCEL,"Newcelx Ltd","Medical - Biomedical",3.35,0.00%,1,Sell,"24% Buy",-67.93,-83.17%,3.48,3.59,3.19,3.34,48,-101.88,63.57,59539,Weakest,Minimum,46.17%,0.07,3.14,3.54,53%
PAVM,"Pavmed Inc","Medical Instruments",5.28,+3.73%,7,Sell,"72% Sell",-67.94,-60.38%,5.97,5.24,7.31,5.05,52.52,-79.09,-33.04,326238,Weakest,Average,55.67%,2.32,4.51,5.59,71%
FABC,"Fabric.Ai Inc","Technology Services",2.51,-1.95%,6,Sell,"88% Sell",-68.55,-46.60%,3.32,2.77,3.01,2.73,41.96,-65.31,-10.3,849013,Strengthening,Soft,17.50%,0.57,2.45,3,11%
INTJ,"Intelligent Group Limited","Finance - Misc Services",3.02,-2.58%,7,Sell,"100% Sell",-68.79,-74.32%,5.79,3.39,6.32,3.31,41.95,-93.03,-87.59,16611,Average,Strong,23.01%,0.18,2.87,3.75,17%
LNZA,"Lanzatech Global Inc","Waste Removal Svcs",6.12,-1.77%,4,Buy,"56% Sell",-68.93,-67.55%,10.33,6.08,11.83,6.27,47.09,-86.26,-68.27,70685,Weakening,Average,48.64%,0.37,6.01,6.53,21%
SMR,"Nuscale Power Corp","Electrical Power",9.7,-0.51%,5,Hold,"48% Sell",-69.02,-73.08%,10.36,9.11,11.11,9.41,53.86,-91.79,-44.3,29562330,Weakest,Weak,66.09%,0.61,8.78,10.04,73%
CUPR,"Cuprina Holdings [Cayman] Limited","Medical - Biomedical",3.16,+7.48%,1,Sell,"40% Sell",-69.88,-49.23%,3.27,3.68,3.21,2.95,51.18,-67.94,-14.02,1061870,Weakest,Weak,52.07%,0.04,2.74,3.16,99%
ANPA,"Rich Sparkle Holdings Limited","Business Services",3.97,+4.46%,3,Hold,"96% Sell",-70.78,-90.07%,5.27,4.17,10.81,4.1,45.93,-108.78,-94.83,124377,Weakening,Average,45.60%,43.83,3.81,4.38,28%
GLMD,"Galmed Pharmaceutica","Medical - Drugs",3.88,-1.02%,5,Sell,"100% Sell",-70.79,-62.11%,4.69,4.4,4.76,4.27,40.23,-80.82,-48.13,171490,Strengthening,Average,16.59%,0.06,3.78,4.77,10%
GLOO,"Gloo Holdings Inc","Internet - Software",3.1,+1.14%,3,Sell,N/A,-71.12,N/A,4.66,3.45,4.98,3.31,39.35,N/A,-58.36,N/A,N/A,N/A,7.60%,0.39,3.03,3.59,11%
SSTK,"Shutterstock Inc","Internet - Content",5.74,-0.52%,1,Sell,"88% Sell",-71.74,-72.12%,11.3,6.98,13.17,5.6,43.48,-90.83,-82.7,566563,Average,Strong,63.33%,0.72,5.21,5.98,69%
CLGN,"Collplant Biotechnologies Ltd ADR","Medical - Biomedical",3.55,+4.04%,5,Buy,"56% Sell",-71.97,-86.39%,3.58,3.31,4.56,3.26,55.2,-105.1,-87.39,110139,Weakest,Weak,11.89%,0.57,2.74,3.78,78%
ARBK,"Argo Blockchain Plc ADR","Finance - Misc Services",2.91,-1.52%,7,Sell,"100% Sell",-72.02,-94.53%,3.33,3.06,3.22,2.93,45.27,-113.24,-27.41,55754,Strengthening,Weak,24.83%,0.21,2.83,3.03,41%
DOMO,"Domo Inc Cl B","Internet - Software",3.88,+2.37%,4,Buy,"24% Buy",-72.57,-73.53%,3.56,3.64,3.68,3.82,55.82,-92.24,-66.72,1655342,Average,Minimum,37.34%,1.32,3.64,4.01,65%
WKHS,"Workhorse Grp","Auto - Truck Original Parts",3.09,-1.59%,2,Buy,"24% Sell",-73.37,-79.23%,3.08,3.01,3.19,3.18,48.17,-97.94,-52.04,185836,Weakening,Minimum,19.33%,0.88,2.91,3.45,33%
EDHL,"Everbright Digital Holding Limited","Advertising Marketing Services",3.96,-1.12%,4,Buy,"8% Sell",-73.52,-33.49%,3.7,4.03,3.47,3.98,47.86,-52.2,-46.77,863931,Weakening,Minimum,24.76%,0.01,3.77,4.2,44%
TLRY,"Tilray Brands Inc","Medical Products",4.5,-0.66%,7,Buy,"56% Sell",-73.75,-60.87%,5.05,4.46,5.74,4.63,47.29,-79.58,-62.92,5857826,Weakest,Soft,24.19%,0.67,4.37,4.89,26%
PN,"Pn Smart Energy Limited","Other Alt Energy",2.37,0.00%,2,Hold,"80% Sell",-74.61,-88.50%,4.44,5.03,6.19,2.71,41.14,-107.21,-96.42,757081,Average,Weak,8.30%,0.04,2.33,3.09,5%
ANTA,"Antalpha Platform Holding Company","Finance - Misc Services",3.76,+5.62%,2,Sell,"100% Sell",-74.72,-71.36%,6.15,4.14,6.85,3.85,46.7,-90.07,-70.46,5577,Average,Strong,35.62%,1.13,3.53,4.18,36%
CURX,"Curanex Pharmaceuticals Inc","Medical - Drugs",5.05,+6.54%,4,Buy,"40% Sell",-75.18,-96.44%,5.71,4.42,6.47,4.58,59.51,-115.15,-36.37,73483,Weakest,Minimum,35.47%,1.3,3.85,5.3,83%
VENU,"Venu Holding Corp","Hotels & Motels",2,+4.17%,1,Sell,"88% Sell",-75.33,-83.31%,2.92,2.2,3.41,1.93,48.21,-102.02,-89.,382475,Weakening,Average,48.90%,0.52,1.79,2.08,73%
STI,"Solidion Technology Inc","Electronics Products - Misc",7.69,+2.52%,4,Sell,"24% Sell",-76.63,+12.10%,8.72,7.48,7.59,7.65,50.66,-6.61,-4.29,960925,Weakest,Minimum,56.61%,0.2,7.13,8.17,54%
LFS,"Leifras Co. Ltd ADR","Leisure & Recreation Services",2.18,-2.24%,3,Buy,"40% Sell",-77.21,N/A,2.23,2.26,2.3,2.27,45.51,N/A,-34.05,1319644,Weakening,Soft,20.64%,0.04,2.13,2.42,18%
IOTR,"Iothree Limited","Transportation - Ship",2.51,+1.21%,1,Sell,"40% Sell",-77.28,-41.60%,2.8,2.87,2.65,2.61,42.72,-60.31,-10.09,894657,Weakening,Weak,50.81%,0.01,2.33,2.89,32%
MLEC,"Moolec Science Sa","Agriculture Operations",6.93,-2.94%,3,Hold,"80% Sell",-78.28,-60.84%,7.62,7.25,8.13,7.09,47.54,-79.55,68.71,505064,Weakening,Weak,11.65%,0.37,6.35,7.83,39%
ATPC,"Agape Atp Corp","Medical Products",2.39,0.00%,2,Sell,"100% Sell",-78.59,-96.38%,2.73,2.6,2.72,2.44,45.63,-115.09,-67.87,2138245,Average,Weak,16.38%,0,2.29,2.59,34%
DXST,"Decent Holding Inc","Waste Removal Svcs",2.59,0.00%,4,Buy,"8% Sell",-78.79,-92.06%,2.39,2.43,3.94,2.61,51.23,-110.77,-105.3,1446068,Weakening,Weak,16.75%,0.01,2.43,2.79,45%
UK,"Ucommune Intl Ltd","Real Estate Operations",2.02,-0.23%,3,Hold,"80% Sell",-79.10,-81.85%,2.5,2.09,3.37,2.13,44.83,-100.56,-80.77,129995,Weakening,Average,21.79%,0.28,1.9,2.36,25%
TVGN,"Tevogen Inc","Medical Services",7.34,+2.37%,5,Buy,"24% Sell",-79.67,-83.30%,7.3,6.05,7.9,6.77,63.17,-102.01,-68.41,23408,Weakest,Minimum,100.00%,0.14,6.18,7.36,99%
WNW,"Meiwu Technology Ltd","Technology Services",2.34,-2.09%,4,Sell,"100% Sell",-79.73,-98.73%,3.27,2.89,35.09,2.58,42.04,-117.44,-111.07,850104,Average,Average,1.89%,0.07,2.14,3.01,23%
JDZG,"Jiade Limited",Schools,3.09,+2.66%,1,Sell,"100% Sell",-80.07,-99.39%,19.75,16.51,117.95,3.61,35.74,-118.1,-111.22,97210,Weakening,Average,18.21%,0.21,2.47,4.75,27%
SPHL,"Springview Holdings Ltd","Building & Construction - Misc",2.51,+1.21%,2,Sell,"100% Sell",-80.88,-25.30%,2.74,2.67,2.88,2.58,45.54,-44.01,7.92,975949,Average,Soft,33.44%,0.02,2.33,2.83,36%
JEM,"707 Cayman Holdings Limited","Textile - Apparel",4.1,-4.65%,2,Sell,"100% Sell",-81.14,-95.93%,14,8.21,17.98,4.43,41.55,-114.64,-103.09,492046,Strengthening,Weak,11.73%,0.02,3.12,5.75,37%
ERNA,"Ernexa Therapeutics Inc","Medical - Drugs",4.31,-4.86%,5,Sell,"100% Sell",-85.39,-85.87%,6.2,4.94,6.84,4.52,43.78,-104.58,-98.38,675877,Average,Soft,28.98%,0.08,4.03,5.02,28%
SLMT,"Brera Holdings Plc Cl B",Gaming,3.85,-2.78%,5,Sell,"100% Sell",-85.60,-93.58%,5.4,4.49,6.95,4.07,42.91,-112.29,-92.16,106078,Average,Weak,24.07%,0.35,3.73,4.41,18%
HCAI,"Hauchen AI Parking Management Ltd","Technology Services",4.26,-6.58%,2,Sell,"100% Sell",-85.66,-76.09%,7.3,5.73,6.94,4.67,36.1,-94.8,-72.09,482611,Strongest,Average,32.01%,0.24,4.26,5.09,0%
EUDA,"Euda Health Holdings Ltd","Medical Information Systems",13.49,-6.32%,4,Hold,"64% Sell",-85.88,-55.03%,13.95,14.65,14.71,14.4,44.44,-73.74,-83.55,47314,Average,Weak,25.19%,2.38,12.76,16.05,22%
CSAI,"Cloudastructure Inc Cl A","Internet - Software",4.91,-0.81%,4,Sell,"100% Sell",-86.56,-87.21%,10.98,7.42,13.66,5.22,39.77,-105.92,-92.42,26559,Weakening,Average,14.03%,0.18,4.78,5.66,15%
SOWG,"Sow Good Inc","Consumer Prdts - Misc Discr",3.04,-7.88%,6,Buy,"40% Sell",-86.82,-73.29%,2.73,3.4,4.04,3.22,45.58,-92.,-53.85,150350,Weakening,Weak,19.29%,0.35,2.87,3.57,24%
VRAX,"Virax Biolabs Group Limited","Medical - Biomedical",2.63,+2.54%,2,Sell,"100% Sell",-86.98,-82.69%,3.78,3.16,4.17,2.86,42.12,-101.4,-82.39,1014928,Weakening,Soft,2.83%,0.01,2.43,3.29,23%
CIIT,"Tianci International Inc","Transportation - Ship",3.04,+5.92%,2,Sell,"100% Sell",-87.64,-93.23%,8.45,3.94,14.82,3.33,37.44,-111.94,-99.69,287829,Weakening,Soft,19.82%,0.27,2.77,3.88,24%
OMH,"Ohmyhome Limited","Technology Services",2.86,-6.84%,3,Sell,"100% Sell",-88.63,-94.70%,27.1,11.53,38.91,4.23,35.64,-113.41,-105.67,221702,Average,Maximum,1.95%,0.08,2.66,5.81,6%
HAO,"Haoxi Health Technology Limited Class A Ord Shar","Advertising Marketing Services",3.39,+0.59%,4,Sell,"100% Sell",-88.69,-99.88%,449.95,6.81,1298.55,3.43,21.81,-118.59,-112.63,128180,Weakening,Good,20.13%,0.16,2.65,4.21,48%
ATGL,"Alpha Technology Group Limited","Technology Services",6.2,+3.33%,2,Sell,"100% Sell",-89.01,-81.21%,12.11,9.01,14.72,7.14,34.56,-99.92,-83.13,18500,Strongest,Maximum,10.07%,0.19,5.62,8.66,19%
GMM,"Global Mofy AI Limited","Technology Services",2.1,-2.33%,2,Sell,"100% Sell",-89.16,-98.08%,20.47,2.72,34.62,2.6,29.68,-116.79,-109.19,1474115,Average,Strong,13.40%,0,2.11,3.1,-1%
OPAD,"Offerpad Solutions Inc","Real Estate Operations",4.1,-4.87%,2,Sell,"100% Sell",-89.21,-91.60%,5.65,4.59,6.35,4.35,42.15,-110.31,-78.87,163990,Strengthening,Soft,37.60%,1.01,3.94,4.77,20%
FOFO,"Hang Feng Technology Innovation Co. Ltd","Business Services",2.18,0.00%,1,Sell,"100% Sell",-89.89,N/A,2.82,2.6,3.37,2.48,38.86,N/A,-90.21,105933,Strengthening,Average,20.76%,0.27,2.23,2.72,-10%
BIRD,"Smartbird Inc","Shoes and Related Apparel",2.52,+2.44%,7,Hold,"64% Sell",-90.61,-61.26%,4.22,2.77,3.83,2.49,48.27,-79.97,-51.29,2461371,Weakest,Average,25.74%,0.72,2.29,2.69,58%
LNAI,"Lunai Bioworks Inc","Medical Information Systems",2.39,+1.70%,1,Sell,"88% Sell",-91.08,-86.00%,2.6,2.52,2.97,2.28,51.69,-104.71,-78.87,1192387,Weakening,Weak,70.28%,0.06,2.09,2.47,80%
INLF,"Inlif Limited","Medical Products",3.78,+2.72%,1,Sell,"100% Sell",-91.81,-99.87%,343.07,4.62,618.82,4.46,24.11,-118.58,-112.5,993470,Weakening,Good,11.70%,0.01,3.46,5.45,16%
HKIT,"Hitek Global Inc Ordinary Share","Technology Services",2.84,+0.98%,2,Sell,"100% Sell",-92.49,-99.95%,23.84,3.57,1381.9,3,35.66,-118.66,-112.72,248184,Weakening,Average,14.01%,0.03,2.74,3.26,19%
RAYA,"Erayak Power Solution Group Inc Cl A","Electronics Products - Misc",2.29,+4.09%,3,Sell,"100% Sell",-92.91,-97.82%,3.05,2.52,4.58,2.33,44.84,-116.53,-106.72,295186,Weakening,Weak,27.79%,0.11,2.16,2.5,38%
SXTC,"China Sxt Pharmaceuticals Inc","Medical - Drugs",2.23,+1.36%,1,Sell,"100% Sell",-93.20,-99.99%,112.3,72.91,134.91,3.41,23.32,-118.7,-112.74,328139,Weakening,Soft,4.49%,0.04,1.86,4.97,12%
TDIC,"Dreamland Limited Cl A","Advertising Marketing Services",2.19,-3.52%,3,Sell,"100% Sell",-93.22,-99.53%,15.92,3.12,17.18,2.59,41.97,-118.24,-103.31,551447,Average,Weak,6.68%,0.07,2.26,2.92,-11%
PCLA,"Picocela Inc ADR","Diversified Comm Services",6.32,-3.36%,4,Buy,"72% Buy",-93.43,-53.14%,5,5.99,4.5,7.03,47.61,-71.85,-42.99,801374,Weakening,Weak,4.03%,0.07,5.61,8.46,25%
VEEE,"Twin Vee Powercats Co.","Leisure & Recreational Prdcts",9.9,+6.34%,3,Sell,"56% Sell",-93.94,-86.21%,9.75,12.92,13.67,10.53,45.34,-104.92,-97.37,804212,Weakest,Weak,21.28%,0.01,8.59,12.47,34%
MNTS,"Momentus Inc","Aerospace - Defense",4.18,+0.72%,5,Sell,"100% Sell",-94.15,-80.81%,6.91,4.95,6.13,4.38,41.81,-99.52,-26.92,3233847,Average,Soft,21.05%,0.4,3.81,4.95,33%
FXHO,"Utime Ltd","Wireless Equipment",11.78,-3.84%,3,Sell,"88% Sell",-94.36,-99.77%,12.29,12.02,18.31,11.04,52.26,-118.48,-89.65,151352,Average,Weak,72.54%,0.36,8.65,13.42,66%
ARTL,"Artelo Biosciences Inc","Medical - Biomedical",6.04,-2.89%,3,Sell,"100% Sell",-94.67,-94.86%,14.29,7.9,24.63,6.4,37.22,-113.57,-94.41,173449,Average,Weak,58.84%,0.48,5.84,6.96,18%
PAVS,"Paranovus Entertainment Technology Ltd","Conglomerates - Div Operations",4.7,-5.23%,2,Sell,"88% Sell",-94.78,-100.00%,52.28,5.53,384.28,5.67,33.34,-118.71,-112.52,409490,Weakest,Weak,7.63%,0.02,3.96,7.38,22%
VSA,"Visionsys AI Inc ADR","Technology Services",3.28,+0.61%,2,Hold,"96% Sell",-94.82,-99.69%,4.51,3.46,6.95,3.42,45.59,-118.4,-99.25,506690,Weakening,Weak,16.29%,0.01,3.12,3.72,26%
SEGG,"Sports Entertainment Gaming Global Corp",Gaming,2.73,+4.20%,1,Sell,"88% Sell",-95.09,-93.66%,6.59,3.92,6.6,2.59,41.58,-112.37,-59.33,652593,Weakening,Weak,45.71%,0.17,2.31,2.87,75%
WOK,"Work Medical Technology Group Ltd","Medical Instruments",2.1,+1.45%,4,Sell,"80% Sell",-95.18,-100.00%,41.34,2.1,69.59,2.21,40.84,-118.71,-111.79,416260,Weakest,Weak,12.33%,0.05,2.03,2.39,20%
ELPW,"Elong Power Holding Cl A","Electronics Products - Misc",3.09,-2.37%,1,Sell,"100% Sell",-95.90,-99.98%,55.98,12.74,374.17,3.88,32.19,-118.69,-112.7,220725,Weakening,Weak,10.32%,0.08,3.03,4.74,3%
SMX,"Smx [Security Matters] Plc Cl A","Technology Services",19.48,+14.12%,4,Hold,"64% Sell",-95.99,-99.84%,36.05,16.37,349.87,16.34,60.65,-118.55,-111.49,53814,Weakest,Weak,66.31%,2.55,14.35,18.34,129%
NTCL,"Netclass Technology Inc Cl A","Internet - Software",2.01,+11.67%,3,Sell,"100% Sell",-96.37,-97.79%,17.78,3.33,17.86,2.4,35.93,-116.5,-101.11,66859,Weakening,Average,14.23%,2.72,1.78,3.02,19%
RBNE,"Robin Energy Ltd","Transportation - Ship",2.66,+3.50%,4,Sell,"100% Sell",-96.75,-98.13%,11.78,4.36,21.83,2.67,36.97,-116.84,-106.7,159009,Weakening,Soft,24.45%,0.05,2.33,3,49%
BYAH,"Park Ha Biological Technology Co. Ltd","Consumer Prdts - Misc Staple",2.52,-4.55%,2,Sell,"100% Sell",-97.32,-98.59%,6.88,3.83,9.77,2.94,35.39,-117.3,-108.79,299769,Average,Weak,11.01%,0.03,2.4,3.47,11%
AEHL,"Antelope Enterprise Hldg Ltd","Conglomerates - Div Operations",8.17,+9.66%,2,Hold,"80% Sell",-98.11,-97.57%,15.05,9.34,23.49,5.7,55.21,-116.28,-107.94,689269,Weakening,Soft,73.37%,0.81,3.76,7.64,114%
NXTT,"Next Technology Holding Inc","Internet - Software",5.26,-11.30%,2,Sell,"100% Sell",-98.11,-99.82%,102.49,50.08,157.49,6.38,18.44,-118.53,-111.88,50612,Weakening,Weak,4.09%,0.43,4.87,7.89,13%
YMT,"Yimutian Inc ADR","Agriculture Products",2.12,+12.17%,1,Sell,"100% Sell",-98.40,-99.57%,16.18,5.57,62.68,3.14,26.39,-118.28,-112.19,92677,Weakening,Average,4.53%,0.98,1.85,4.43,10%
BIYA,"Baiya International Group Inc","Internet - Software",2.26,-1.74%,1,Sell,"100% Sell",-98.43,-98.23%,6.46,3.31,10.52,2.43,40.47,-116.94,-106.91,1860676,Weakening,Weak,29.57%,0,2.07,2.78,27%
VMAR,"Vision Marine Technologies Inc","Leisure & Recreational Prdcts",8.69,+1.46%,2,Sell,"88% Sell",-98.81,-99.84%,43.7,9.42,109.76,7.32,48.86,-118.55,-111.66,157658,Weakest,Weak,40.65%,0.08,5.56,9.08,89%
KIDZ,"Kidz AI Inc",Schools,3.77,-5.75%,1,Sell,"100% Sell",-99.59,-99.95%,48.27,7.24,249.72,4.44,31.79,-118.66,-112.47,354414,Weakening,Weak,25.43%,0.02,3.41,5.48,18%
MOBI,"Mobia Medical Inc","Medical Instruments",11.63,0.00%,4,N/A,N/A,N/A,N/A,0,11.89,0,11.49,50.81,N/A,N/A,N/A,N/A,N/A,60.06%,0.74,10.36,12.62,56%
NHP,"National Healthcare Properties Inc Cl A","REIT - Equity Trust Resident",16.2,+1.31%,3,N/A,N/A,N/A,N/A,0,15.88,0,16.42,50.29,N/A,N/A,N/A,N/A,N/A,22.71%,0.49,15.79,17.04,33%
NINE,"Nine Energy Service Inc","Oil - Field Services",10.25,-0.39%,2,Sell,N/A,N/A,N/A,10.72,11.21,0,10.57,44.69,N/A,N/A,N/A,N/A,N/A,10.17%,0.41,9.9,11.25,26%
OPTH,"Optimi Health Corp","Medical - Drugs",4.78,+1.60%,4,N/A,N/A,N/A,N/A,0,4.78,0,4.84,47.17,N/A,N/A,N/A,N/A,N/A,24.80%,0.09,4.65,5.03,33%
PBLS,"Parabilis Medicines Inc","Medical - Biomedical",40.42,-0.81%,9,N/A,N/A,N/A,N/A,0,34.14,0,38.71,64.45,N/A,N/A,N/A,N/A,N/A,82.90%,0.92,35.58,41.84,77%
QH,"Quhuo Limited ADR","Technology Services",4.03,+2.26%,3,N/A,N/A,N/A,N/A,0,5.08,0,4.36,41.11,N/A,N/A,N/A,N/A,N/A,7.61%,0.04,3.74,4.97,23%
SPTX,"Seaport Therapeutics Inc","Medical - Drugs",24.86,+2.35%,9,N/A,N/A,N/A,N/A,0,22.31,0,24.38,55.81,N/A,N/A,N/A,N/A,N/A,31.24%,0.81,22.31,26.45,62%
TMCR,"The Metals Royalty Company Inc","Mining - Misc",5.75,+1.41%,3,Hold,N/A,N/A,N/A,9.41,6.12,0,6.23,43.77,N/A,N/A,N/A,N/A,N/A,34.44%,0.26,5.41,7.05,20%
VGNT,"Versigent Plc","Utility - Electric Power",50.22,+4.00%,7,Buy,N/A,N/A,N/A,42.75,43.78,0,47.07,64.38,N/A,N/A,N/A,N/A,N/A,71.96%,0.44,44.33,49.81,108%
VIDA,"Vida Global Inc Cl A","Technology Services",2,-19.68%,4,N/A,N/A,N/A,N/A,0,2.5,0,2.46,33.44,N/A,N/A,N/A,N/A,N/A,33.67%,3.24,2.11,2.81,-16%
XNDU,"Xanadu Quantum Technologies Cl B","Computer - Integrated Systems",9.72,-2.99%,2,Sell,N/A,N/A,N/A,14.44,10.76,0,10.48,41.17,N/A,N/A,N/A,N/A,N/A,21.58%,0.79,9.61,11.34,6%
WSE,"Wise Group Plc Cl A","Technology Services",12.78,-3.18%,10,N/A,N/A,N/A,N/A,0,12.6,0,12.9,49.71,N/A,N/A,N/A,N/A,N/A,44.90%,1.06,12.4,13.4,38%
AIIR,"Air Global Plc",Tobacco,7.3,+2.53%,8,N/A,N/A,N/A,N/A,0,6.77,0,7.36,51.86,N/A,N/A,N/A,N/A,N/A,30.18%,0.28,6.68,8.03,46%
AZUL,"Azul S.A. ADR","Transportation - Airline",7.49,+3.17%,1,N/A,N/A,N/A,N/A,0,8.35,0,7.75,20,N/A,N/A,N/A,N/A,N/A,27.40%,0.06,6.97,8.52,34%
BXDC,"Blackstone Digital Infrastructure Trust Inc","REIT - Equity Trust Other",20.33,-1.07%,5,N/A,N/A,N/A,N/A,0,20.59,0,20.39,48.89,N/A,N/A,N/A,N/A,N/A,44.79%,1.04,19.7,21.07,46%
CLBR,"Colombier Acquisition Corp III Cl A",Unclassified,10.25,+0.20%,2,N/A,N/A,N/A,N/A,0,10.28,0,10.26,48.28,N/A,N/A,N/A,N/A,N/A,15.15%,3.85,10.22,10.3,41%
EROK,"Eaglerock Land Cl A","Real Estate Operations",25.85,+0.15%,6,N/A,N/A,N/A,N/A,0,23.06,0,25.37,60.32,N/A,N/A,N/A,N/A,N/A,48.60%,0.65,24.18,26.56,70%
FRBT,"Forbright Inc Cl A","Banks - West",19.14,+0.26%,3,N/A,N/A,N/A,N/A,0,19.15,0,18.88,54.74,N/A,N/A,N/A,N/A,N/A,63.80%,0.43,18,19.75,65%
JAN,"Janus Living Inc Class A-1","REIT - Equity Trust Resident",30.79,-1.60%,2,Buy,N/A,N/A,N/A,28.16,30.16,0,30.55,52.54,N/A,N/A,N/A,N/A,N/A,56.19%,0.55,29.32,31.79,60%
"Downloaded from Barchart.com as of 09-05-2026 02:48am CDT"
